Ball Number,over,ball,Ball,bowler,batsman,Runs,is_wicket,bowler_score,match_id,city,stadium,is_extra,legal_delivery,legal_deliveries_count,overs_completed,overs_bowled,total_runs,current_run_rate,total_overs,target,runs_needed,overs_remaining,required_run_rate,wickets_fallen,wickets_in_hand
0.1,0,1,1,Sandeep Sharma,Agarwal,0,False,1.0,10,Pune,Maharashtra Cricket Association Stadium,False,True,1,0,0.16666666666666666,0,0.0,20,166,166,19.833333333333332,8.369747899159664,0,10
0.2,0,2,2,Sandeep Sharma,Agarwal,0,False,1.0,10,Pune,Maharashtra Cricket Association Stadium,False,True,2,0,0.3333333333333333,0,0.0,20,166,166,19.666666666666668,8.440677966101694,0,10
0.3,0,3,3,Sandeep Sharma,Agarwal,4,False,-2.0,10,Pune,Maharashtra Cricket Association Stadium,False,True,3,0,0.5,4,8.0,20,166,162,19.5,8.307692307692308,0,10
0.4,0,4,4,Sandeep Sharma,Agarwal,2,False,-1.0,10,Pune,Maharashtra Cricket Association Stadium,False,True,4,0,0.6666666666666666,6,9.0,20,166,160,19.333333333333332,8.275862068965518,0,10
0.5,0,5,5,Sandeep Sharma,Agarwal,0,False,1.0,10,Pune,Maharashtra Cricket Association Stadium,False,True,5,0,0.8333333333333334,6,7.199999999999999,20,166,160,19.166666666666668,8.347826086956522,0,10
0.6,0,6,6,Sandeep Sharma,Agarwal,1,False,-0.5,10,Pune,Maharashtra Cricket Association Stadium,False,True,6,0,1.0,7,7.0,20,166,159,19.0,8.368421052631579,0,10
1.1,1,1,7,Anureet Singh,Agarwal,0,False,1.0,10,Pune,Maharashtra Cricket Association Stadium,False,True,7,1,1.1666666666666667,7,6.0,20,166,159,18.833333333333332,8.442477876106196,0,10
1.2,1,2,8,Anureet Singh,Agarwal,0,False,1.0,10,Pune,Maharashtra Cricket Association Stadium,False,True,8,1,1.3333333333333333,7,5.25,20,166,159,18.666666666666668,8.517857142857142,0,10
1.3,1,3,9,Anureet Singh,Agarwal,4,False,-2.0,10,Pune,Maharashtra Cricket Association Stadium,False,True,9,1,1.5,11,7.333333333333333,20,166,155,18.5,8.378378378378379,0,10
1.4,1,4,10,Anureet Singh,Agarwal,4,False,-2.0,10,Pune,Maharashtra Cricket Association Stadium,False,True,10,1,1.6666666666666665,15,9.0,20,166,151,18.333333333333332,8.236363636363636,0,10
1.5,1,5,11,Anureet Singh,Agarwal,0,False,1.0,10,Pune,Maharashtra Cricket Association Stadium,False,True,11,1,1.8333333333333335,15,8.181818181818182,20,166,151,18.166666666666668,8.311926605504587,0,10
1.6,1,6,12,Anureet Singh,Agarwal,0,False,1.0,10,Pune,Maharashtra Cricket Association Stadium,False,True,12,1,2.0,15,7.5,20,166,151,18.0,8.38888888888889,0,10
2.1,2,1,13,Sandeep Sharma,Shreyas Iyer,1,False,-1.0,10,Pune,Maharashtra Cricket Association Stadium,True,False,12,1,2.0,16,8.0,20,166,150,18.0,8.333333333333334,0,10
2.1,2,1,14,Sandeep Sharma,Shreyas Iyer,1,False,-1.0,10,Pune,Maharashtra Cricket Association Stadium,True,False,12,1,2.0,17,8.5,20,166,149,18.0,8.277777777777779,0,10
2.1,2,1,15,Sandeep Sharma,Shreyas Iyer,0,False,1.0,10,Pune,Maharashtra Cricket Association Stadium,False,True,13,2,2.1666666666666665,17,7.846153846153847,20,166,149,17.833333333333332,8.355140186915888,0,10
2.2,2,2,16,Sandeep Sharma,Shreyas Iyer,4,False,-2.0,10,Pune,Maharashtra Cricket Association Stadium,False,True,14,2,2.3333333333333335,21,9.0,20,166,145,17.666666666666668,8.20754716981132,0,10
2.3,2,3,17,Sandeep Sharma,Shreyas Iyer,0,False,1.0,10,Pune,Maharashtra Cricket Association Stadium,False,True,15,2,2.5,21,8.4,20,166,145,17.5,8.285714285714286,0,10
2.4,2,4,18,Sandeep Sharma,Shreyas Iyer,2,False,-1.0,10,Pune,Maharashtra Cricket Association Stadium,False,True,16,2,2.6666666666666665,23,8.625,20,166,143,17.333333333333332,8.25,0,10
2.5,2,5,19,Sandeep Sharma,Shreyas Iyer,0,True,5.0,10,Pune,Maharashtra Cricket Association Stadium,False,True,17,2,2.8333333333333335,23,8.117647058823529,20,166,143,17.166666666666668,8.33009708737864,1,9
2.6,2,6,20,Sandeep Sharma,Agarwal,1,False,-1.0,10,Pune,Maharashtra Cricket Association Stadium,True,False,17,2,2.8333333333333335,24,8.470588235294118,20,166,142,17.166666666666668,8.271844660194175,1,9
2.6,2,6,21,Sandeep Sharma,Agarwal,0,False,1.0,10,Pune,Maharashtra Cricket Association Stadium,False,True,18,2,3.0,24,8.0,20,166,142,17.0,8.352941176470589,1,9
3.1,3,1,22,Anureet Singh,Jean-Paul Duminy,0,False,1.0,10,Pune,Maharashtra Cricket Association Stadium,False,True,19,3,3.1666666666666665,24,7.578947368421053,20,166,142,16.833333333333332,8.435643564356436,1,9
3.2,3,2,23,Anureet Singh,Jean-Paul Duminy,0,False,1.0,10,Pune,Maharashtra Cricket Association Stadium,False,True,20,3,3.3333333333333335,24,7.199999999999999,20,166,142,16.666666666666668,8.52,1,9
3.3,3,3,24,Anureet Singh,Jean-Paul Duminy,4,False,-2.0,10,Pune,Maharashtra Cricket Association Stadium,False,True,21,3,3.5,28,8.0,20,166,138,16.5,8.363636363636363,1,9
3.4,3,4,25,Anureet Singh,Jean-Paul Duminy,0,False,1.0,10,Pune,Maharashtra Cricket Association Stadium,False,True,22,3,3.6666666666666665,28,7.636363636363637,20,166,138,16.333333333333332,8.448979591836736,1,9
3.5,3,5,26,Anureet Singh,Jean-Paul Duminy,1,False,-0.5,10,Pune,Maharashtra Cricket Association Stadium,False,True,23,3,3.8333333333333335,29,7.565217391304348,20,166,137,16.166666666666668,8.474226804123711,1,9
3.6,3,6,27,Anureet Singh,Agarwal,2,False,-1.0,10,Pune,Maharashtra Cricket Association Stadium,False,True,24,3,4.0,31,7.75,20,166,135,16.0,8.4375,1,9
4.1,4,1,28,Sandeep Sharma,Jean-Paul Duminy,0,False,1.0,10,Pune,Maharashtra Cricket Association Stadium,False,True,25,4,4.166666666666667,31,7.4399999999999995,20,166,135,15.833333333333332,8.526315789473685,1,9
4.2,4,2,29,Sandeep Sharma,Jean-Paul Duminy,1,False,-0.5,10,Pune,Maharashtra Cricket Association Stadium,False,True,26,4,4.333333333333333,32,7.384615384615385,20,166,134,15.666666666666668,8.553191489361701,1,9
4.3,4,3,30,Sandeep Sharma,Agarwal,1,False,-0.5,10,Pune,Maharashtra Cricket Association Stadium,False,True,27,4,4.5,33,7.333333333333333,20,166,133,15.5,8.580645161290322,1,9
4.4,4,4,31,Sandeep Sharma,Jean-Paul Duminy,4,False,-2.0,10,Pune,Maharashtra Cricket Association Stadium,False,True,28,4,4.666666666666667,37,7.928571428571428,20,166,129,15.333333333333332,8.413043478260871,1,9
4.5,4,5,32,Sandeep Sharma,Jean-Paul Duminy,2,False,-1.0,10,Pune,Maharashtra Cricket Association Stadium,False,True,29,4,4.833333333333333,39,8.068965517241379,20,166,127,15.166666666666668,8.373626373626372,1,9
4.6,4,6,33,Sandeep Sharma,Jean-Paul Duminy,1,False,-0.5,10,Pune,Maharashtra Cricket Association Stadium,False,True,30,4,5.0,40,8.0,20,166,126,15.0,8.4,1,9
5.1,5,1,34,Mitchell Johnson,Jean-Paul Duminy,4,False,-2.0,10,Pune,Maharashtra Cricket Association Stadium,False,True,31,5,5.166666666666667,44,8.516129032258064,20,166,122,14.833333333333332,8.224719101123597,1,9
5.2,5,2,35,Mitchell Johnson,Jean-Paul Duminy,1,False,-0.5,10,Pune,Maharashtra Cricket Association Stadium,False,True,32,5,5.333333333333333,45,8.4375,20,166,121,14.666666666666668,8.25,1,9
5.3,5,3,36,Mitchell Johnson,Agarwal,0,False,1.0,10,Pune,Maharashtra Cricket Association Stadium,False,True,33,5,5.5,45,8.181818181818182,20,166,121,14.5,8.344827586206897,1,9
5.4,5,4,37,Mitchell Johnson,Agarwal,1,False,-0.5,10,Pune,Maharashtra Cricket Association Stadium,False,True,34,5,5.666666666666667,46,8.117647058823529,20,166,120,14.333333333333332,8.372093023255815,1,9
5.5,5,5,38,Mitchell Johnson,Jean-Paul Duminy,0,False,1.0,10,Pune,Maharashtra Cricket Association Stadium,False,True,35,5,5.833333333333333,46,7.885714285714286,20,166,120,14.166666666666668,8.470588235294118,1,9
5.6,5,6,39,Mitchell Johnson,Jean-Paul Duminy,1,False,-0.5,10,Pune,Maharashtra Cricket Association Stadium,False,True,36,5,6.0,47,7.833333333333333,20,166,119,14.0,8.5,1,9
6.1,6,1,40,R Dhawan,Jean-Paul Duminy,0,False,1.0,10,Pune,Maharashtra Cricket Association Stadium,False,True,37,6,6.166666666666667,47,7.621621621621621,20,166,119,13.833333333333332,8.602409638554217,1,9
6.2,6,2,41,R Dhawan,Jean-Paul Duminy,0,False,1.0,10,Pune,Maharashtra Cricket Association Stadium,False,True,38,6,6.333333333333333,47,7.421052631578948,20,166,119,13.666666666666668,8.707317073170731,1,9
6.3,6,3,42,R Dhawan,Jean-Paul Duminy,1,False,-0.5,10,Pune,Maharashtra Cricket Association Stadium,False,True,39,6,6.5,48,7.384615384615385,20,166,118,13.5,8.74074074074074,1,9
6.4,6,4,43,R Dhawan,Agarwal,1,False,-0.5,10,Pune,Maharashtra Cricket Association Stadium,False,True,40,6,6.666666666666667,49,7.35,20,166,117,13.333333333333332,8.775,1,9
6.5,6,5,44,R Dhawan,Jean-Paul Duminy,1,False,-0.5,10,Pune,Maharashtra Cricket Association Stadium,False,True,41,6,6.833333333333333,50,7.317073170731708,20,166,116,13.166666666666668,8.81012658227848,1,9
6.6,6,6,45,R Dhawan,Agarwal,2,False,-1.0,10,Pune,Maharashtra Cricket Association Stadium,False,True,42,6,7.0,52,7.428571428571429,20,166,114,13.0,8.76923076923077,1,9
7.1,7,1,46,Axar Patel,Jean-Paul Duminy,1,False,-0.25,10,Pune,Maharashtra Cricket Association Stadium,False,True,43,7,7.166666666666667,53,7.395348837209302,20,166,113,12.833333333333332,8.805194805194805,1,9
7.2,7,2,47,Axar Patel,Agarwal,0,True,5.0,10,Pune,Maharashtra Cricket Association Stadium,False,True,44,7,7.333333333333333,53,7.2272727272727275,20,166,113,12.666666666666668,8.921052631578947,2,8
7.3,7,3,48,Axar Patel,Agarwal,1,False,-0.5,10,Pune,Maharashtra Cricket Association Stadium,False,True,45,7,7.5,54,7.2,20,166,112,12.5,8.96,2,8
7.4,7,4,49,Axar Patel,Yuvraj Singh,0,False,1.0,10,Pune,Maharashtra Cricket Association Stadium,False,True,46,7,7.666666666666667,54,7.0434782608695645,20,166,112,12.333333333333332,9.081081081081082,2,8
7.5,7,5,50,Axar Patel,Yuvraj Singh,1,False,-0.5,10,Pune,Maharashtra Cricket Association Stadium,False,True,47,7,7.833333333333333,55,7.021276595744681,20,166,111,12.166666666666668,9.123287671232875,2,8
7.6,7,6,51,Axar Patel,Agarwal,1,False,-0.5,10,Pune,Maharashtra Cricket Association Stadium,False,True,48,7,8.0,56,7.0,20,166,110,12.0,9.166666666666666,2,8
8.1,8,1,52,Mitchell Johnson,Agarwal,1,False,-0.5,10,Pune,Maharashtra Cricket Association Stadium,False,True,49,8,8.166666666666666,57,6.979591836734694,20,166,109,11.833333333333334,9.211267605633802,2,8
8.2,8,2,53,Mitchell Johnson,Yuvraj Singh,4,False,-2.0,10,Pune,Maharashtra Cricket Association Stadium,False,True,50,8,8.333333333333334,61,7.319999999999999,20,166,105,11.666666666666666,9.0,2,8
8.3,8,3,54,Mitchell Johnson,Yuvraj Singh,1,False,-0.25,10,Pune,Maharashtra Cricket Association Stadium,False,True,51,8,8.5,62,7.294117647058823,20,166,104,11.5,9.043478260869565,2,8
8.4,8,4,55,Mitchell Johnson,Agarwal,1,False,-0.5,10,Pune,Maharashtra Cricket Association Stadium,False,True,52,8,8.666666666666666,63,7.26923076923077,20,166,103,11.333333333333334,9.088235294117647,2,8
8.5,8,5,56,Mitchell Johnson,Yuvraj Singh,0,False,1.0,10,Pune,Maharashtra Cricket Association Stadium,False,True,53,8,8.833333333333334,63,7.132075471698113,20,166,103,11.166666666666666,9.223880597014926,2,8
8.6,8,6,57,Mitchell Johnson,Yuvraj Singh,1,False,-0.5,10,Pune,Maharashtra Cricket Association Stadium,False,True,54,8,9.0,64,7.111111111111111,20,166,102,11.0,9.272727272727273,2,8
9.1,9,1,58,Sandeep Sharma,Yuvraj Singh,0,False,1.0,10,Pune,Maharashtra Cricket Association Stadium,False,True,55,9,9.166666666666666,64,6.981818181818182,20,166,102,10.833333333333334,9.415384615384616,2,8
9.2,9,2,59,Sandeep Sharma,Yuvraj Singh,0,False,1.0,10,Pune,Maharashtra Cricket Association Stadium,False,True,56,9,9.333333333333334,64,6.857142857142857,20,166,102,10.666666666666666,9.5625,2,8
9.3,9,3,60,Sandeep Sharma,Yuvraj Singh,0,False,1.0,10,Pune,Maharashtra Cricket Association Stadium,False,True,57,9,9.5,64,6.7368421052631575,20,166,102,10.5,9.714285714285714,2,8
9.4,9,4,61,Sandeep Sharma,Yuvraj Singh,4,False,-2.0,10,Pune,Maharashtra Cricket Association Stadium,False,True,58,9,9.666666666666666,68,7.03448275862069,20,166,98,10.333333333333334,9.483870967741934,2,8
9.5,9,5,62,Sandeep Sharma,Yuvraj Singh,0,False,1.0,10,Pune,Maharashtra Cricket Association Stadium,False,True,59,9,9.833333333333334,68,6.915254237288135,20,166,98,10.166666666666666,9.639344262295083,2,8
9.6,9,6,63,Sandeep Sharma,Yuvraj Singh,1,False,-0.5,10,Pune,Maharashtra Cricket Association Stadium,False,True,60,9,10.0,69,6.9,20,166,97,10.0,9.7,2,8
10.1,10,1,64,Mitchell Johnson,Yuvraj Singh,4,False,-2.0,10,Pune,Maharashtra Cricket Association Stadium,False,True,61,10,10.166666666666666,73,7.180327868852459,20,166,93,9.833333333333334,9.457627118644067,2,8
10.2,10,2,65,Mitchell Johnson,Yuvraj Singh,1,False,-0.5,10,Pune,Maharashtra Cricket Association Stadium,False,True,62,10,10.333333333333334,74,7.161290322580645,20,166,92,9.666666666666666,9.517241379310345,2,8
10.3,10,3,66,Mitchell Johnson,Agarwal,1,False,-0.5,10,Pune,Maharashtra Cricket Association Stadium,False,True,63,10,10.5,75,7.142857142857143,20,166,91,9.5,9.578947368421053,2,8
10.4,10,4,67,Mitchell Johnson,Yuvraj Singh,4,False,-2.0,10,Pune,Maharashtra Cricket Association Stadium,False,True,64,10,10.666666666666666,79,7.40625,20,166,87,9.333333333333334,9.321428571428571,2,8
10.5,10,5,68,Mitchell Johnson,Yuvraj Singh,0,False,1.0,10,Pune,Maharashtra Cricket Association Stadium,False,True,65,10,10.833333333333334,79,7.292307692307692,20,166,87,9.166666666666666,9.490909090909092,2,8
10.6,10,6,69,Mitchell Johnson,Yuvraj Singh,0,False,1.0,10,Pune,Maharashtra Cricket Association Stadium,False,True,66,10,11.0,79,7.181818181818182,20,166,87,9.0,9.666666666666666,2,8
11.1,11,1,70,Glenn Maxwell,Agarwal,1,False,-0.5,10,Pune,Maharashtra Cricket Association Stadium,False,True,67,11,11.166666666666666,80,7.164179104477612,20,166,86,8.833333333333334,9.735849056603772,2,8
11.2,11,2,71,Glenn Maxwell,Yuvraj Singh,1,False,-0.5,10,Pune,Maharashtra Cricket Association Stadium,False,True,68,11,11.333333333333334,81,7.147058823529411,20,166,85,8.666666666666666,9.807692307692308,2,8
11.3,11,3,72,Glenn Maxwell,Agarwal,6,False,-3.0,10,Pune,Maharashtra Cricket Association Stadium,False,True,69,11,11.5,87,7.565217391304348,20,166,79,8.5,9.294117647058824,2,8
11.4,11,4,73,Glenn Maxwell,Agarwal,0,False,1.0,10,Pune,Maharashtra Cricket Association Stadium,False,True,70,11,11.666666666666666,87,7.457142857142857,20,166,79,8.333333333333334,9.479999999999999,2,8
11.5,11,5,74,Glenn Maxwell,Agarwal,1,False,-0.5,10,Pune,Maharashtra Cricket Association Stadium,False,True,71,11,11.833333333333334,88,7.436619718309859,20,166,78,8.166666666666666,9.551020408163266,2,8
11.6,11,6,75,Glenn Maxwell,Yuvraj Singh,1,False,-0.5,10,Pune,Maharashtra Cricket Association Stadium,False,True,72,11,12.0,89,7.416666666666667,20,166,77,8.0,9.625,2,8
12.1,12,1,76,R Dhawan,Yuvraj Singh,4,False,-2.0,10,Pune,Maharashtra Cricket Association Stadium,False,True,73,12,12.166666666666666,93,7.6438356164383565,20,166,73,7.833333333333334,9.319148936170212,2,8
12.2,12,2,77,R Dhawan,Yuvraj Singh,0,False,1.0,10,Pune,Maharashtra Cricket Association Stadium,False,True,74,12,12.333333333333334,93,7.54054054054054,20,166,73,7.666666666666666,9.521739130434783,2,8
12.3,12,3,78,R Dhawan,Yuvraj Singh,0,False,1.0,10,Pune,Maharashtra Cricket Association Stadium,False,True,75,12,12.5,93,7.44,20,166,73,7.5,9.733333333333333,2,8
12.4,12,4,79,R Dhawan,Yuvraj Singh,2,False,-1.0,10,Pune,Maharashtra Cricket Association Stadium,False,True,76,12,12.666666666666666,95,7.5,20,166,71,7.333333333333334,9.681818181818182,2,8
12.5,12,5,80,R Dhawan,Yuvraj Singh,1,False,-0.5,10,Pune,Maharashtra Cricket Association Stadium,False,True,77,12,12.833333333333334,96,7.48051948051948,20,166,70,7.166666666666666,9.767441860465118,2,8
12.6,12,6,81,R Dhawan,Agarwal,1,False,-0.5,10,Pune,Maharashtra Cricket Association Stadium,False,True,78,12,13.0,97,7.461538461538462,20,166,69,7.0,9.857142857142858,2,8
13.1,13,1,82,Axar Patel,Agarwal,1,False,-0.5,10,Pune,Maharashtra Cricket Association Stadium,False,True,79,13,13.166666666666666,98,7.443037974683545,20,166,68,6.833333333333334,9.951219512195122,2,8
13.2,13,2,83,Axar Patel,Yuvraj Singh,1,False,-0.25,10,Pune,Maharashtra Cricket Association Stadium,False,True,80,13,13.333333333333334,99,7.425,20,166,67,6.666666666666666,10.05,2,8
13.3,13,3,84,Axar Patel,Agarwal,0,False,1.0,10,Pune,Maharashtra Cricket Association Stadium,False,True,81,13,13.5,99,7.333333333333333,20,166,67,6.5,10.307692307692308,2,8
13.4,13,4,85,Axar Patel,Agarwal,1,False,-0.5,10,Pune,Maharashtra Cricket Association Stadium,False,True,82,13,13.666666666666666,100,7.317073170731708,20,166,66,6.333333333333334,10.421052631578947,2,8
13.5,13,5,86,Axar Patel,Yuvraj Singh,2,False,-1.0,10,Pune,Maharashtra Cricket Association Stadium,False,True,83,13,13.833333333333334,102,7.373493975903614,20,166,64,6.166666666666666,10.378378378378379,2,8
13.6,13,6,87,Axar Patel,Yuvraj Singh,0,False,1.0,10,Pune,Maharashtra Cricket Association Stadium,False,True,84,13,14.0,102,7.285714285714286,20,166,64,6.0,10.666666666666666,2,8
14.1,14,1,88,Mitchell Johnson,Agarwal,4,False,-2.0,10,Pune,Maharashtra Cricket Association Stadium,False,True,85,14,14.166666666666666,106,7.482352941176471,20,166,60,5.833333333333334,10.285714285714285,2,8
14.2,14,2,89,Mitchell Johnson,Agarwal,1,False,-0.5,10,Pune,Maharashtra Cricket Association Stadium,False,True,86,14,14.333333333333334,107,7.465116279069767,20,166,59,5.666666666666666,10.411764705882353,2,8
14.3,14,3,90,Mitchell Johnson,Yuvraj Singh,1,False,-0.5,10,Pune,Maharashtra Cricket Association Stadium,False,True,87,14,14.5,108,7.448275862068965,20,166,58,5.5,10.545454545454545,2,8
14.4,14,4,91,Mitchell Johnson,Agarwal,4,False,-2.0,10,Pune,Maharashtra Cricket Association Stadium,False,True,88,14,14.666666666666666,112,7.636363636363637,20,166,54,5.333333333333334,10.124999999999998,2,8
14.5,14,5,92,Mitchell Johnson,Agarwal,1,False,-1.0,10,Pune,Maharashtra Cricket Association Stadium,True,False,88,14,14.666666666666666,113,7.704545454545455,20,166,53,5.333333333333334,9.937499999999998,2,8
14.5,14,5,93,Mitchell Johnson,Agarwal,6,False,-3.0,10,Pune,Maharashtra Cricket Association Stadium,False,True,89,14,14.833333333333334,119,8.02247191011236,20,166,47,5.166666666666666,9.096774193548388,2,8
14.6,14,6,94,Mitchell Johnson,Agarwal,1,False,-0.5,10,Pune,Maharashtra Cricket Association Stadium,False,True,90,14,15.0,120,8.0,20,166,46,5.0,9.2,2,8
15.1,15,1,95,Axar Patel,Agarwal,1,False,-0.5,10,Pune,Maharashtra Cricket Association Stadium,False,True,91,15,15.166666666666666,121,7.978021978021978,20,166,45,4.833333333333334,9.310344827586206,2,8
15.2,15,2,96,Axar Patel,Yuvraj Singh,0,False,1.0,10,Pune,Maharashtra Cricket Association Stadium,False,True,92,15,15.333333333333334,121,7.891304347826087,20,166,45,4.666666666666666,9.642857142857144,2,8
15.3,15,3,97,Axar Patel,Yuvraj Singh,6,False,-3.0,10,Pune,Maharashtra Cricket Association Stadium,False,True,93,15,15.5,127,8.193548387096774,20,166,39,4.5,8.666666666666666,2,8
15.4,15,4,98,Axar Patel,Yuvraj Singh,1,False,-0.5,10,Pune,Maharashtra Cricket Association Stadium,False,True,94,15,15.666666666666666,128,8.170212765957448,20,166,38,4.333333333333334,8.769230769230768,2,8
15.5,15,5,99,Axar Patel,Agarwal,1,False,-0.5,10,Pune,Maharashtra Cricket Association Stadium,False,True,95,15,15.833333333333334,129,8.147368421052631,20,166,37,4.166666666666666,8.88,2,8
15.6,15,6,100,Axar Patel,Yuvraj Singh,6,False,-3.0,10,Pune,Maharashtra Cricket Association Stadium,False,True,96,15,16.0,135,8.4375,20,166,31,4.0,7.75,2,8
16.1,16,1,101,Anureet Singh,Agarwal,1,False,-0.5,10,Pune,Maharashtra Cricket Association Stadium,False,True,97,16,16.166666666666668,136,8.412371134020617,20,166,30,3.833333333333332,7.826086956521742,2,8
16.2,16,2,102,Anureet Singh,Yuvraj Singh,6,False,-3.0,10,Pune,Maharashtra Cricket Association Stadium,False,True,98,16,16.333333333333332,142,8.693877551020408,20,166,24,3.666666666666668,6.545454545454543,2,8
16.3,16,3,103,Anureet Singh,Yuvraj Singh,1,False,-0.5,10,Pune,Maharashtra Cricket Association Stadium,False,True,99,16,16.5,143,8.666666666666666,20,166,23,3.5,6.571428571428571,2,8
16.4,16,4,104,Anureet Singh,Agarwal,1,False,-1.0,10,Pune,Maharashtra Cricket Association Stadium,True,False,99,16,16.5,144,8.727272727272727,20,166,22,3.5,6.285714285714286,2,8
16.4,16,4,105,Anureet Singh,Agarwal,4,False,-2.0,10,Pune,Maharashtra Cricket Association Stadium,False,True,100,16,16.666666666666668,148,8.879999999999999,20,166,18,3.333333333333332,5.400000000000002,2,8
16.5,16,5,106,Anureet Singh,Agarwal,0,False,1.0,10,Pune,Maharashtra Cricket Association Stadium,False,True,101,16,16.833333333333332,148,8.792079207920793,20,166,18,3.166666666666668,5.684210526315788,2,8
16.6,16,6,107,Anureet Singh,Agarwal,1,False,-0.5,10,Pune,Maharashtra Cricket Association Stadium,False,True,102,16,17.0,149,8.764705882352942,20,166,17,3.0,5.666666666666667,2,8
17.1,17,1,108,R Dhawan,Agarwal,1,False,-0.5,10,Pune,Maharashtra Cricket Association Stadium,False,True,103,17,17.166666666666668,150,8.737864077669903,20,166,16,2.833333333333332,5.647058823529414,2,8
17.2,17,2,109,R Dhawan,Yuvraj Singh,1,False,-1.0,10,Pune,Maharashtra Cricket Association Stadium,True,False,103,17,17.166666666666668,151,8.796116504854368,20,166,15,2.833333333333332,5.294117647058826,2,8
17.2,17,2,110,R Dhawan,Yuvraj Singh,0,False,1.0,10,Pune,Maharashtra Cricket Association Stadium,False,True,104,17,17.333333333333332,151,8.711538461538462,20,166,15,2.666666666666668,5.624999999999997,2,8
17.3,17,3,111,R Dhawan,Yuvraj Singh,1,False,-1.0,10,Pune,Maharashtra Cricket Association Stadium,True,False,104,17,17.333333333333332,152,8.76923076923077,20,166,14,2.666666666666668,5.249999999999997,2,8
17.3,17,3,112,R Dhawan,Yuvraj Singh,1,False,-0.5,10,Pune,Maharashtra Cricket Association Stadium,False,True,105,17,17.5,153,8.742857142857142,20,166,13,2.5,5.2,2,8
17.4,17,4,113,R Dhawan,Agarwal,1,False,-0.5,10,Pune,Maharashtra Cricket Association Stadium,False,True,106,17,17.666666666666668,154,8.716981132075471,20,166,12,2.333333333333332,5.142857142857146,2,8
17.5,17,5,114,R Dhawan,Yuvraj Singh,1,False,-0.5,10,Pune,Maharashtra Cricket Association Stadium,False,True,107,17,17.833333333333332,155,8.69158878504673,20,166,11,2.166666666666668,5.076923076923074,2,8
17.6,17,6,115,R Dhawan,Agarwal,4,False,-2.0,10,Pune,Maharashtra Cricket Association Stadium,False,True,108,17,18.0,159,8.833333333333334,20,166,7,2.0,3.5,2,8
18.1,18,1,116,Anureet Singh,Yuvraj Singh,0,False,1.0,10,Pune,Maharashtra Cricket Association Stadium,False,True,109,18,18.166666666666668,159,8.75229357798165,20,166,7,1.8333333333333321,3.8181818181818206,2,8
18.2,18,2,117,Anureet Singh,Yuvraj Singh,0,True,5.0,10,Pune,Maharashtra Cricket Association Stadium,False,True,110,18,18.333333333333332,159,8.672727272727274,20,166,7,1.6666666666666679,4.199999999999997,3,7
18.3,18,3,118,Anureet Singh,Agarwal,0,True,5.0,10,Pune,Maharashtra Cricket Association Stadium,False,True,111,18,18.5,159,8.594594594594595,20,166,7,1.5,4.666666666666667,4,6
18.4,18,4,119,Anureet Singh,Kedar Jadhav,0,False,1.0,10,Pune,Maharashtra Cricket Association Stadium,False,True,112,18,18.666666666666668,159,8.517857142857142,20,166,7,1.3333333333333321,5.250000000000004,4,6
18.5,18,5,120,Anureet Singh,Kedar Jadhav,1,False,-0.5,10,Pune,Maharashtra Cricket Association Stadium,False,True,113,18,18.833333333333332,160,8.495575221238939,20,166,6,1.1666666666666679,5.142857142857138,4,6
18.6,18,6,121,Anureet Singh,Angelo Mathews,2,False,-1.0,10,Pune,Maharashtra Cricket Association Stadium,True,False,113,18,18.833333333333332,162,8.601769911504425,20,166,4,1.1666666666666679,3.4285714285714253,4,6
18.6,18,6,122,Anureet Singh,Kedar Jadhav,1,False,-0.5,10,Pune,Maharashtra Cricket Association Stadium,False,True,114,18,19.0,163,8.578947368421053,20,166,3,1.0,3.0,4,6
19.1,19,1,123,Axar Patel,Kedar Jadhav,1,False,-0.5,10,Pune,Maharashtra Cricket Association Stadium,False,True,115,19,19.166666666666668,164,8.556521739130435,20,166,2,0.8333333333333321,2.4000000000000035,4,6
19.2,19,2,124,Axar Patel,Angelo Mathews,1,False,-0.5,10,Pune,Maharashtra Cricket Association Stadium,False,True,116,19,19.333333333333332,165,8.53448275862069,20,166,1,0.6666666666666679,1.4999999999999973,4,6
19.3,19,3,125,Axar Patel,Kedar Jadhav,0,True,5.0,10,Pune,Maharashtra Cricket Association Stadium,False,True,117,19,19.5,165,8.461538461538462,20,166,1,0.5,2.0,5,5
19.4,19,4,126,Axar Patel,Angelo Mathews,0,False,1.0,10,Pune,Maharashtra Cricket Association Stadium,False,True,118,19,19.666666666666668,165,8.389830508474576,20,166,1,0.33333333333333215,3.0000000000000107,5,5
19.5,19,5,127,Axar Patel,Angelo Mathews,4,False,-2.0,10,Pune,Maharashtra Cricket Association Stadium,False,True,119,19,19.833333333333332,169,8.521008403361344,20,166,0,0.16666666666666785,0.0,5,5
