Ball Number,over,ball,Ball,bowler,batsman,Runs,is_wicket,bowler_score,match_id,city,stadium,is_extra,legal_delivery,legal_deliveries_count,overs_completed,overs_bowled,total_runs,current_run_rate,total_overs,target,runs_needed,overs_remaining,required_run_rate,wickets_fallen,wickets_in_hand
0.1,0,1,1,Nathan Coulter-Nile,David Warner,0,False,1.0,13,Visakhapatnam,Dr. Y.S. Rajasekhara Reddy ACA-VDCA Cricket Stadium,False,True,1,0,0.16666666666666666,0,0.0,20,168,168,19.833333333333332,8.470588235294118,0,10
0.2,0,2,2,Nathan Coulter-Nile,David Warner,0,False,1.0,13,Visakhapatnam,Dr. Y.S. Rajasekhara Reddy ACA-VDCA Cricket Stadium,False,True,2,0,0.3333333333333333,0,0.0,20,168,168,19.666666666666668,8.542372881355933,0,10
0.3,0,3,3,Nathan Coulter-Nile,David Warner,0,False,1.0,13,Visakhapatnam,Dr. Y.S. Rajasekhara Reddy ACA-VDCA Cricket Stadium,False,True,3,0,0.5,0,0.0,20,168,168,19.5,8.615384615384615,0,10
0.4,0,4,4,Nathan Coulter-Nile,David Warner,1,False,-0.5,13,Visakhapatnam,Dr. Y.S. Rajasekhara Reddy ACA-VDCA Cricket Stadium,False,True,4,0,0.6666666666666666,1,1.5,20,168,167,19.333333333333332,8.63793103448276,0,10
0.5,0,5,5,Nathan Coulter-Nile,S Dhawan,0,False,1.0,13,Visakhapatnam,Dr. Y.S. Rajasekhara Reddy ACA-VDCA Cricket Stadium,False,True,5,0,0.8333333333333334,1,1.2,20,168,167,19.166666666666668,8.71304347826087,0,10
0.6,0,6,6,Nathan Coulter-Nile,S Dhawan,2,False,-1.0,13,Visakhapatnam,Dr. Y.S. Rajasekhara Reddy ACA-VDCA Cricket Stadium,False,True,6,0,1.0,3,3.0,20,168,165,19.0,8.68421052631579,0,10
1.1,1,1,7,Jean-Paul Duminy,David Warner,2,False,-0.25,13,Visakhapatnam,Dr. Y.S. Rajasekhara Reddy ACA-VDCA Cricket Stadium,False,True,7,1,1.1666666666666667,5,4.285714285714286,20,168,163,18.833333333333332,8.654867256637168,0,10
1.2,1,2,8,Jean-Paul Duminy,David Warner,1,False,-0.5,13,Visakhapatnam,Dr. Y.S. Rajasekhara Reddy ACA-VDCA Cricket Stadium,False,True,8,1,1.3333333333333333,6,4.5,20,168,162,18.666666666666668,8.678571428571429,0,10
1.3,1,3,9,Jean-Paul Duminy,S Dhawan,1,False,-0.5,13,Visakhapatnam,Dr. Y.S. Rajasekhara Reddy ACA-VDCA Cricket Stadium,False,True,9,1,1.5,7,4.666666666666667,20,168,161,18.5,8.702702702702704,0,10
1.4,1,4,10,Jean-Paul Duminy,David Warner,0,False,1.0,13,Visakhapatnam,Dr. Y.S. Rajasekhara Reddy ACA-VDCA Cricket Stadium,False,True,10,1,1.6666666666666665,7,4.2,20,168,161,18.333333333333332,8.781818181818183,0,10
1.5,1,5,11,Jean-Paul Duminy,David Warner,1,False,-1.0,13,Visakhapatnam,Dr. Y.S. Rajasekhara Reddy ACA-VDCA Cricket Stadium,True,False,10,1,1.6666666666666665,8,4.800000000000001,20,168,160,18.333333333333332,8.727272727272728,0,10
1.5,1,5,12,Jean-Paul Duminy,David Warner,1,False,-0.5,13,Visakhapatnam,Dr. Y.S. Rajasekhara Reddy ACA-VDCA Cricket Stadium,False,True,11,1,1.8333333333333335,9,4.909090909090908,20,168,159,18.166666666666668,8.75229357798165,0,10
1.6,1,6,13,Jean-Paul Duminy,S Dhawan,1,False,-0.5,13,Visakhapatnam,Dr. Y.S. Rajasekhara Reddy ACA-VDCA Cricket Stadium,False,True,12,1,2.0,10,5.0,20,168,158,18.0,8.777777777777779,0,10
2.1,2,1,14,Nathan Coulter-Nile,S Dhawan,1,False,-0.5,13,Visakhapatnam,Dr. Y.S. Rajasekhara Reddy ACA-VDCA Cricket Stadium,False,True,13,2,2.1666666666666665,11,5.0769230769230775,20,168,157,17.833333333333332,8.80373831775701,0,10
2.2,2,2,15,Nathan Coulter-Nile,David Warner,2,False,-1.0,13,Visakhapatnam,Dr. Y.S. Rajasekhara Reddy ACA-VDCA Cricket Stadium,False,True,14,2,2.3333333333333335,13,5.571428571428571,20,168,155,17.666666666666668,8.773584905660377,0,10
2.3,2,3,16,Nathan Coulter-Nile,David Warner,1,False,-0.5,13,Visakhapatnam,Dr. Y.S. Rajasekhara Reddy ACA-VDCA Cricket Stadium,False,True,15,2,2.5,14,5.6,20,168,154,17.5,8.8,0,10
2.4,2,4,17,Nathan Coulter-Nile,S Dhawan,0,False,1.0,13,Visakhapatnam,Dr. Y.S. Rajasekhara Reddy ACA-VDCA Cricket Stadium,False,True,16,2,2.6666666666666665,14,5.25,20,168,154,17.333333333333332,8.884615384615385,0,10
2.5,2,5,18,Nathan Coulter-Nile,S Dhawan,1,False,-0.5,13,Visakhapatnam,Dr. Y.S. Rajasekhara Reddy ACA-VDCA Cricket Stadium,False,True,17,2,2.8333333333333335,15,5.294117647058823,20,168,153,17.166666666666668,8.9126213592233,0,10
2.6,2,6,19,Nathan Coulter-Nile,David Warner,2,False,-1.0,13,Visakhapatnam,Dr. Y.S. Rajasekhara Reddy ACA-VDCA Cricket Stadium,False,True,18,2,3.0,17,5.666666666666667,20,168,151,17.0,8.882352941176471,0,10
3.1,3,1,20,Domnic Muthuswami,S Dhawan,0,False,1.0,13,Visakhapatnam,Dr. Y.S. Rajasekhara Reddy ACA-VDCA Cricket Stadium,False,True,19,3,3.1666666666666665,17,5.368421052631579,20,168,151,16.833333333333332,8.970297029702971,0,10
3.2,3,2,21,Domnic Muthuswami,S Dhawan,0,False,1.0,13,Visakhapatnam,Dr. Y.S. Rajasekhara Reddy ACA-VDCA Cricket Stadium,False,True,20,3,3.3333333333333335,17,5.1,20,168,151,16.666666666666668,9.059999999999999,0,10
3.3,3,3,22,Domnic Muthuswami,S Dhawan,0,False,1.0,13,Visakhapatnam,Dr. Y.S. Rajasekhara Reddy ACA-VDCA Cricket Stadium,False,True,21,3,3.5,17,4.857142857142857,20,168,151,16.5,9.151515151515152,0,10
3.4,3,4,23,Domnic Muthuswami,S Dhawan,1,False,-0.25,13,Visakhapatnam,Dr. Y.S. Rajasekhara Reddy ACA-VDCA Cricket Stadium,False,True,22,3,3.6666666666666665,18,4.909090909090909,20,168,150,16.333333333333332,9.183673469387756,0,10
3.5,3,5,24,Domnic Muthuswami,David Warner,2,False,-1.0,13,Visakhapatnam,Dr. Y.S. Rajasekhara Reddy ACA-VDCA Cricket Stadium,False,True,23,3,3.8333333333333335,20,5.217391304347826,20,168,148,16.166666666666668,9.154639175257731,0,10
3.6,3,6,25,Domnic Muthuswami,David Warner,0,False,1.0,13,Visakhapatnam,Dr. Y.S. Rajasekhara Reddy ACA-VDCA Cricket Stadium,False,True,24,3,4.0,20,5.0,20,168,148,16.0,9.25,0,10
4.1,4,1,26,Angelo Mathews,S Dhawan,4,False,-2.0,13,Visakhapatnam,Dr. Y.S. Rajasekhara Reddy ACA-VDCA Cricket Stadium,False,True,25,4,4.166666666666667,24,5.76,20,168,144,15.833333333333332,9.094736842105263,0,10
4.2,4,2,27,Angelo Mathews,S Dhawan,0,False,1.0,13,Visakhapatnam,Dr. Y.S. Rajasekhara Reddy ACA-VDCA Cricket Stadium,False,True,26,4,4.333333333333333,24,5.538461538461539,20,168,144,15.666666666666668,9.191489361702127,0,10
4.3,4,3,28,Angelo Mathews,S Dhawan,4,False,-2.0,13,Visakhapatnam,Dr. Y.S. Rajasekhara Reddy ACA-VDCA Cricket Stadium,False,True,27,4,4.5,28,6.222222222222222,20,168,140,15.5,9.03225806451613,0,10
4.4,4,4,29,Angelo Mathews,S Dhawan,0,False,1.0,13,Visakhapatnam,Dr. Y.S. Rajasekhara Reddy ACA-VDCA Cricket Stadium,False,True,28,4,4.666666666666667,28,6.0,20,168,140,15.333333333333332,9.130434782608697,0,10
4.5,4,5,30,Angelo Mathews,S Dhawan,4,False,-2.0,13,Visakhapatnam,Dr. Y.S. Rajasekhara Reddy ACA-VDCA Cricket Stadium,False,True,29,4,4.833333333333333,32,6.620689655172415,20,168,136,15.166666666666668,8.967032967032967,0,10
4.6,4,6,31,Angelo Mathews,S Dhawan,0,False,1.0,13,Visakhapatnam,Dr. Y.S. Rajasekhara Reddy ACA-VDCA Cricket Stadium,False,True,30,4,5.0,32,6.4,20,168,136,15.0,9.066666666666666,0,10
5.1,5,1,32,Domnic Muthuswami,David Warner,4,False,-2.0,13,Visakhapatnam,Dr. Y.S. Rajasekhara Reddy ACA-VDCA Cricket Stadium,False,True,31,5,5.166666666666667,36,6.967741935483871,20,168,132,14.833333333333332,8.898876404494382,0,10
5.2,5,2,33,Domnic Muthuswami,David Warner,0,False,1.0,13,Visakhapatnam,Dr. Y.S. Rajasekhara Reddy ACA-VDCA Cricket Stadium,False,True,32,5,5.333333333333333,36,6.75,20,168,132,14.666666666666668,9.0,0,10
5.3,5,3,34,Domnic Muthuswami,David Warner,4,False,-2.0,13,Visakhapatnam,Dr. Y.S. Rajasekhara Reddy ACA-VDCA Cricket Stadium,False,True,33,5,5.5,40,7.2727272727272725,20,168,128,14.5,8.827586206896552,0,10
5.4,5,4,35,Domnic Muthuswami,David Warner,4,False,-2.0,13,Visakhapatnam,Dr. Y.S. Rajasekhara Reddy ACA-VDCA Cricket Stadium,False,True,34,5,5.666666666666667,44,7.764705882352941,20,168,124,14.333333333333332,8.651162790697676,0,10
5.5,5,5,36,Domnic Muthuswami,David Warner,2,False,-1.0,13,Visakhapatnam,Dr. Y.S. Rajasekhara Reddy ACA-VDCA Cricket Stadium,False,True,35,5,5.833333333333333,46,7.885714285714286,20,168,122,14.166666666666668,8.611764705882353,0,10
5.6,5,6,37,Domnic Muthuswami,David Warner,4,False,-2.0,13,Visakhapatnam,Dr. Y.S. Rajasekhara Reddy ACA-VDCA Cricket Stadium,False,True,36,5,6.0,50,8.333333333333334,20,168,118,14.0,8.428571428571429,0,10
6.1,6,1,38,Jean-Paul Duminy,S Dhawan,0,True,5.0,13,Visakhapatnam,Dr. Y.S. Rajasekhara Reddy ACA-VDCA Cricket Stadium,False,True,37,6,6.166666666666667,50,8.108108108108107,20,168,118,13.833333333333332,8.530120481927712,1,9
6.2,6,2,39,Jean-Paul Duminy,Ravi Bopara,1,False,-0.5,13,Visakhapatnam,Dr. Y.S. Rajasekhara Reddy ACA-VDCA Cricket Stadium,False,True,38,6,6.333333333333333,51,8.052631578947368,20,168,117,13.666666666666668,8.560975609756097,1,9
6.3,6,3,40,Jean-Paul Duminy,David Warner,0,True,5.0,13,Visakhapatnam,Dr. Y.S. Rajasekhara Reddy ACA-VDCA Cricket Stadium,False,True,39,6,6.5,51,7.846153846153846,20,168,117,13.5,8.666666666666666,2,8
6.4,6,4,41,Jean-Paul Duminy,KL Rahul,0,False,1.0,13,Visakhapatnam,Dr. Y.S. Rajasekhara Reddy ACA-VDCA Cricket Stadium,False,True,40,6,6.666666666666667,51,7.6499999999999995,20,168,117,13.333333333333332,8.775,2,8
6.5,6,5,42,Jean-Paul Duminy,KL Rahul,1,False,-0.5,13,Visakhapatnam,Dr. Y.S. Rajasekhara Reddy ACA-VDCA Cricket Stadium,False,True,41,6,6.833333333333333,52,7.609756097560976,20,168,116,13.166666666666668,8.81012658227848,2,8
6.6,6,6,43,Jean-Paul Duminy,Ravi Bopara,1,False,-0.5,13,Visakhapatnam,Dr. Y.S. Rajasekhara Reddy ACA-VDCA Cricket Stadium,False,True,42,6,7.0,53,7.571428571428571,20,168,115,13.0,8.846153846153847,2,8
7.1,7,1,44,Imran Tahir,Ravi Bopara,0,False,1.0,13,Visakhapatnam,Dr. Y.S. Rajasekhara Reddy ACA-VDCA Cricket Stadium,False,True,43,7,7.166666666666667,53,7.395348837209302,20,168,115,12.833333333333332,8.961038961038962,2,8
7.2,7,2,45,Imran Tahir,Ravi Bopara,1,False,-0.5,13,Visakhapatnam,Dr. Y.S. Rajasekhara Reddy ACA-VDCA Cricket Stadium,False,True,44,7,7.333333333333333,54,7.363636363636364,20,168,114,12.666666666666668,9.0,2,8
7.3,7,3,46,Imran Tahir,KL Rahul,0,False,1.0,13,Visakhapatnam,Dr. Y.S. Rajasekhara Reddy ACA-VDCA Cricket Stadium,False,True,45,7,7.5,54,7.2,20,168,114,12.5,9.12,2,8
7.4,7,4,47,Imran Tahir,KL Rahul,0,False,1.0,13,Visakhapatnam,Dr. Y.S. Rajasekhara Reddy ACA-VDCA Cricket Stadium,False,True,46,7,7.666666666666667,54,7.0434782608695645,20,168,114,12.333333333333332,9.243243243243244,2,8
7.5,7,5,48,Imran Tahir,KL Rahul,1,False,-0.5,13,Visakhapatnam,Dr. Y.S. Rajasekhara Reddy ACA-VDCA Cricket Stadium,False,True,47,7,7.833333333333333,55,7.021276595744681,20,168,113,12.166666666666668,9.287671232876711,2,8
7.6,7,6,49,Imran Tahir,Ravi Bopara,0,False,1.0,13,Visakhapatnam,Dr. Y.S. Rajasekhara Reddy ACA-VDCA Cricket Stadium,False,True,48,7,8.0,55,6.875,20,168,113,12.0,9.416666666666666,2,8
8.1,8,1,50,Amit Mishra,KL Rahul,1,False,-0.5,13,Visakhapatnam,Dr. Y.S. Rajasekhara Reddy ACA-VDCA Cricket Stadium,False,True,49,8,8.166666666666666,56,6.857142857142858,20,168,112,11.833333333333334,9.464788732394366,2,8
8.2,8,2,51,Amit Mishra,Ravi Bopara,0,False,1.0,13,Visakhapatnam,Dr. Y.S. Rajasekhara Reddy ACA-VDCA Cricket Stadium,False,True,50,8,8.333333333333334,56,6.72,20,168,112,11.666666666666666,9.6,2,8
8.3,8,3,52,Amit Mishra,Ravi Bopara,1,False,-0.5,13,Visakhapatnam,Dr. Y.S. Rajasekhara Reddy ACA-VDCA Cricket Stadium,False,True,51,8,8.5,57,6.705882352941177,20,168,111,11.5,9.652173913043478,2,8
8.4,8,4,53,Amit Mishra,KL Rahul,0,False,1.0,13,Visakhapatnam,Dr. Y.S. Rajasekhara Reddy ACA-VDCA Cricket Stadium,False,True,52,8,8.666666666666666,57,6.5769230769230775,20,168,111,11.333333333333334,9.794117647058822,2,8
8.5,8,5,54,Amit Mishra,KL Rahul,1,False,-0.5,13,Visakhapatnam,Dr. Y.S. Rajasekhara Reddy ACA-VDCA Cricket Stadium,False,True,53,8,8.833333333333334,58,6.566037735849056,20,168,110,11.166666666666666,9.850746268656717,2,8
8.6,8,6,55,Amit Mishra,Ravi Bopara,1,False,-0.5,13,Visakhapatnam,Dr. Y.S. Rajasekhara Reddy ACA-VDCA Cricket Stadium,False,True,54,8,9.0,59,6.555555555555555,20,168,109,11.0,9.909090909090908,2,8
9.1,9,1,56,Yuvraj Singh,Ravi Bopara,1,False,-0.5,13,Visakhapatnam,Dr. Y.S. Rajasekhara Reddy ACA-VDCA Cricket Stadium,False,True,55,9,9.166666666666666,60,6.545454545454546,20,168,108,10.833333333333334,9.96923076923077,2,8
9.2,9,2,57,Yuvraj Singh,KL Rahul,0,False,1.0,13,Visakhapatnam,Dr. Y.S. Rajasekhara Reddy ACA-VDCA Cricket Stadium,False,True,56,9,9.333333333333334,60,6.428571428571428,20,168,108,10.666666666666666,10.125,2,8
9.3,9,3,58,Yuvraj Singh,KL Rahul,6,False,-3.0,13,Visakhapatnam,Dr. Y.S. Rajasekhara Reddy ACA-VDCA Cricket Stadium,False,True,57,9,9.5,66,6.947368421052632,20,168,102,10.5,9.714285714285714,2,8
9.4,9,4,59,Yuvraj Singh,KL Rahul,1,False,-0.5,13,Visakhapatnam,Dr. Y.S. Rajasekhara Reddy ACA-VDCA Cricket Stadium,False,True,58,9,9.666666666666666,67,6.931034482758621,20,168,101,10.333333333333334,9.774193548387096,2,8
9.5,9,5,60,Yuvraj Singh,Ravi Bopara,1,False,-0.5,13,Visakhapatnam,Dr. Y.S. Rajasekhara Reddy ACA-VDCA Cricket Stadium,False,True,59,9,9.833333333333334,68,6.915254237288135,20,168,100,10.166666666666666,9.836065573770492,2,8
9.6,9,6,61,Yuvraj Singh,KL Rahul,1,False,-0.5,13,Visakhapatnam,Dr. Y.S. Rajasekhara Reddy ACA-VDCA Cricket Stadium,False,True,60,9,10.0,69,6.9,20,168,99,10.0,9.9,2,8
10.1,10,1,62,Amit Mishra,KL Rahul,1,False,-0.5,13,Visakhapatnam,Dr. Y.S. Rajasekhara Reddy ACA-VDCA Cricket Stadium,False,True,61,10,10.166666666666666,70,6.885245901639345,20,168,98,9.833333333333334,9.966101694915254,2,8
10.2,10,2,63,Amit Mishra,Ravi Bopara,1,False,-0.5,13,Visakhapatnam,Dr. Y.S. Rajasekhara Reddy ACA-VDCA Cricket Stadium,False,True,62,10,10.333333333333334,71,6.870967741935483,20,168,97,9.666666666666666,10.03448275862069,2,8
10.3,10,3,64,Amit Mishra,KL Rahul,6,False,-3.0,13,Visakhapatnam,Dr. Y.S. Rajasekhara Reddy ACA-VDCA Cricket Stadium,False,True,63,10,10.5,77,7.333333333333333,20,168,91,9.5,9.578947368421053,2,8
10.4,10,4,65,Amit Mishra,KL Rahul,1,False,-0.5,13,Visakhapatnam,Dr. Y.S. Rajasekhara Reddy ACA-VDCA Cricket Stadium,False,True,64,10,10.666666666666666,78,7.3125,20,168,90,9.333333333333334,9.642857142857142,2,8
10.5,10,5,66,Amit Mishra,Ravi Bopara,0,False,1.0,13,Visakhapatnam,Dr. Y.S. Rajasekhara Reddy ACA-VDCA Cricket Stadium,False,True,65,10,10.833333333333334,78,7.199999999999999,20,168,90,9.166666666666666,9.818181818181818,2,8
10.6,10,6,67,Amit Mishra,Ravi Bopara,1,False,-0.5,13,Visakhapatnam,Dr. Y.S. Rajasekhara Reddy ACA-VDCA Cricket Stadium,False,True,66,10,11.0,79,7.181818181818182,20,168,89,9.0,9.88888888888889,2,8
11.1,11,1,68,Imran Tahir,Ravi Bopara,1,False,-0.5,13,Visakhapatnam,Dr. Y.S. Rajasekhara Reddy ACA-VDCA Cricket Stadium,False,True,67,11,11.166666666666666,80,7.164179104477612,20,168,88,8.833333333333334,9.962264150943396,2,8
11.2,11,2,69,Imran Tahir,KL Rahul,0,False,1.0,13,Visakhapatnam,Dr. Y.S. Rajasekhara Reddy ACA-VDCA Cricket Stadium,False,True,68,11,11.333333333333334,80,7.0588235294117645,20,168,88,8.666666666666666,10.153846153846155,2,8
11.3,11,3,70,Imran Tahir,KL Rahul,1,False,-0.5,13,Visakhapatnam,Dr. Y.S. Rajasekhara Reddy ACA-VDCA Cricket Stadium,False,True,69,11,11.5,81,7.043478260869565,20,168,87,8.5,10.235294117647058,2,8
11.4,11,4,71,Imran Tahir,Ravi Bopara,1,False,-0.5,13,Visakhapatnam,Dr. Y.S. Rajasekhara Reddy ACA-VDCA Cricket Stadium,False,True,70,11,11.666666666666666,82,7.028571428571429,20,168,86,8.333333333333334,10.319999999999999,2,8
11.5,11,5,72,Imran Tahir,KL Rahul,1,False,-0.5,13,Visakhapatnam,Dr. Y.S. Rajasekhara Reddy ACA-VDCA Cricket Stadium,False,True,71,11,11.833333333333334,83,7.014084507042253,20,168,85,8.166666666666666,10.408163265306124,2,8
11.6,11,6,73,Imran Tahir,Ravi Bopara,3,False,-1.5,13,Visakhapatnam,Dr. Y.S. Rajasekhara Reddy ACA-VDCA Cricket Stadium,False,True,72,11,12.0,86,7.166666666666667,20,168,82,8.0,10.25,2,8
12.1,12,1,74,Angelo Mathews,Ravi Bopara,1,False,-0.5,13,Visakhapatnam,Dr. Y.S. Rajasekhara Reddy ACA-VDCA Cricket Stadium,False,True,73,12,12.166666666666666,87,7.1506849315068495,20,168,81,7.833333333333334,10.340425531914892,2,8
12.2,12,2,75,Angelo Mathews,KL Rahul,0,False,1.0,13,Visakhapatnam,Dr. Y.S. Rajasekhara Reddy ACA-VDCA Cricket Stadium,False,True,74,12,12.333333333333334,87,7.0540540540540535,20,168,81,7.666666666666666,10.56521739130435,2,8
12.3,12,3,76,Angelo Mathews,KL Rahul,2,False,-1.0,13,Visakhapatnam,Dr. Y.S. Rajasekhara Reddy ACA-VDCA Cricket Stadium,False,True,75,12,12.5,89,7.12,20,168,79,7.5,10.533333333333333,2,8
12.4,12,4,77,Angelo Mathews,KL Rahul,0,True,5.0,13,Visakhapatnam,Dr. Y.S. Rajasekhara Reddy ACA-VDCA Cricket Stadium,False,True,76,12,12.666666666666666,89,7.026315789473685,20,168,79,7.333333333333334,10.772727272727272,3,7
12.5,12,5,78,Angelo Mathews,Naman Ojha,1,False,-0.5,13,Visakhapatnam,Dr. Y.S. Rajasekhara Reddy ACA-VDCA Cricket Stadium,False,True,77,12,12.833333333333334,90,7.012987012987013,20,168,78,7.166666666666666,10.88372093023256,3,7
12.6,12,6,79,Angelo Mathews,Ravi Bopara,0,False,1.0,13,Visakhapatnam,Dr. Y.S. Rajasekhara Reddy ACA-VDCA Cricket Stadium,False,True,78,12,13.0,90,6.923076923076923,20,168,78,7.0,11.142857142857142,3,7
13.1,13,1,80,Nathan Coulter-Nile,Naman Ojha,1,False,-0.5,13,Visakhapatnam,Dr. Y.S. Rajasekhara Reddy ACA-VDCA Cricket Stadium,False,True,79,13,13.166666666666666,91,6.9113924050632916,20,168,77,6.833333333333334,11.268292682926829,3,7
13.2,13,2,81,Nathan Coulter-Nile,Ravi Bopara,0,False,1.0,13,Visakhapatnam,Dr. Y.S. Rajasekhara Reddy ACA-VDCA Cricket Stadium,False,True,80,13,13.333333333333334,91,6.824999999999999,20,168,77,6.666666666666666,11.55,3,7
13.3,13,3,82,Nathan Coulter-Nile,Ravi Bopara,4,False,-2.0,13,Visakhapatnam,Dr. Y.S. Rajasekhara Reddy ACA-VDCA Cricket Stadium,False,True,81,13,13.5,95,7.037037037037037,20,168,73,6.5,11.23076923076923,3,7
13.4,13,4,83,Nathan Coulter-Nile,Ravi Bopara,0,False,1.0,13,Visakhapatnam,Dr. Y.S. Rajasekhara Reddy ACA-VDCA Cricket Stadium,False,True,82,13,13.666666666666666,95,6.951219512195122,20,168,73,6.333333333333334,11.526315789473683,3,7
13.5,13,5,84,Nathan Coulter-Nile,Ravi Bopara,6,False,-3.0,13,Visakhapatnam,Dr. Y.S. Rajasekhara Reddy ACA-VDCA Cricket Stadium,False,True,83,13,13.833333333333334,101,7.301204819277108,20,168,67,6.166666666666666,10.864864864864867,3,7
13.6,13,6,85,Nathan Coulter-Nile,Ravi Bopara,0,False,1.0,13,Visakhapatnam,Dr. Y.S. Rajasekhara Reddy ACA-VDCA Cricket Stadium,False,True,84,13,14.0,101,7.214285714285714,20,168,67,6.0,11.166666666666666,3,7
14.1,14,1,86,Angelo Mathews,Naman Ojha,1,False,-0.5,13,Visakhapatnam,Dr. Y.S. Rajasekhara Reddy ACA-VDCA Cricket Stadium,False,True,85,14,14.166666666666666,102,7.2,20,168,66,5.833333333333334,11.314285714285713,3,7
14.2,14,2,87,Angelo Mathews,Ravi Bopara,1,False,-0.5,13,Visakhapatnam,Dr. Y.S. Rajasekhara Reddy ACA-VDCA Cricket Stadium,False,True,86,14,14.333333333333334,103,7.186046511627906,20,168,65,5.666666666666666,11.47058823529412,3,7
14.3,14,3,88,Angelo Mathews,Naman Ojha,2,False,-1.0,13,Visakhapatnam,Dr. Y.S. Rajasekhara Reddy ACA-VDCA Cricket Stadium,False,True,87,14,14.5,105,7.241379310344827,20,168,63,5.5,11.454545454545455,3,7
14.4,14,4,89,Angelo Mathews,Naman Ojha,4,False,-2.0,13,Visakhapatnam,Dr. Y.S. Rajasekhara Reddy ACA-VDCA Cricket Stadium,False,True,88,14,14.666666666666666,109,7.4318181818181825,20,168,59,5.333333333333334,11.062499999999998,3,7
14.5,14,5,90,Angelo Mathews,Naman Ojha,0,False,1.0,13,Visakhapatnam,Dr. Y.S. Rajasekhara Reddy ACA-VDCA Cricket Stadium,False,True,89,14,14.833333333333334,109,7.348314606741573,20,168,59,5.166666666666666,11.419354838709678,3,7
14.6,14,6,91,Angelo Mathews,Naman Ojha,1,False,-0.5,13,Visakhapatnam,Dr. Y.S. Rajasekhara Reddy ACA-VDCA Cricket Stadium,False,True,90,14,15.0,110,7.333333333333333,20,168,58,5.0,11.6,3,7
15.1,15,1,92,Imran Tahir,Naman Ojha,1,False,-0.5,13,Visakhapatnam,Dr. Y.S. Rajasekhara Reddy ACA-VDCA Cricket Stadium,False,True,91,15,15.166666666666666,111,7.318681318681319,20,168,57,4.833333333333334,11.793103448275861,3,7
15.2,15,2,93,Imran Tahir,Ravi Bopara,6,False,-3.0,13,Visakhapatnam,Dr. Y.S. Rajasekhara Reddy ACA-VDCA Cricket Stadium,False,True,92,15,15.333333333333334,117,7.630434782608695,20,168,51,4.666666666666666,10.92857142857143,3,7
15.3,15,3,94,Imran Tahir,Ravi Bopara,1,False,-0.5,13,Visakhapatnam,Dr. Y.S. Rajasekhara Reddy ACA-VDCA Cricket Stadium,False,True,93,15,15.5,118,7.612903225806452,20,168,50,4.5,11.11111111111111,3,7
15.4,15,4,95,Imran Tahir,Naman Ojha,1,False,-0.5,13,Visakhapatnam,Dr. Y.S. Rajasekhara Reddy ACA-VDCA Cricket Stadium,False,True,94,15,15.666666666666666,119,7.595744680851064,20,168,49,4.333333333333334,11.307692307692307,3,7
15.5,15,5,96,Imran Tahir,Ravi Bopara,1,False,-0.5,13,Visakhapatnam,Dr. Y.S. Rajasekhara Reddy ACA-VDCA Cricket Stadium,False,True,95,15,15.833333333333334,120,7.578947368421052,20,168,48,4.166666666666666,11.520000000000001,3,7
15.6,15,6,97,Imran Tahir,Naman Ojha,0,True,5.0,13,Visakhapatnam,Dr. Y.S. Rajasekhara Reddy ACA-VDCA Cricket Stadium,False,True,96,15,16.0,120,7.5,20,168,48,4.0,12.0,4,6
16.1,16,1,98,Jean-Paul Duminy,Ravi Bopara,6,False,-3.0,13,Visakhapatnam,Dr. Y.S. Rajasekhara Reddy ACA-VDCA Cricket Stadium,False,True,97,16,16.166666666666668,126,7.793814432989691,20,168,42,3.833333333333332,10.956521739130439,4,6
16.2,16,2,99,Jean-Paul Duminy,Ravi Bopara,1,False,-0.5,13,Visakhapatnam,Dr. Y.S. Rajasekhara Reddy ACA-VDCA Cricket Stadium,False,True,98,16,16.333333333333332,127,7.775510204081633,20,168,41,3.666666666666668,11.181818181818178,4,6
16.3,16,3,100,Jean-Paul Duminy,Eoin Morgan,1,False,-0.5,13,Visakhapatnam,Dr. Y.S. Rajasekhara Reddy ACA-VDCA Cricket Stadium,False,True,99,16,16.5,128,7.757575757575758,20,168,40,3.5,11.428571428571429,4,6
16.4,16,4,101,Jean-Paul Duminy,Ravi Bopara,0,True,5.0,13,Visakhapatnam,Dr. Y.S. Rajasekhara Reddy ACA-VDCA Cricket Stadium,False,True,100,16,16.666666666666668,128,7.68,20,168,40,3.333333333333332,12.000000000000004,5,5
16.5,16,5,102,Jean-Paul Duminy,Ashish Reddy,1,False,-0.5,13,Visakhapatnam,Dr. Y.S. Rajasekhara Reddy ACA-VDCA Cricket Stadium,False,True,101,16,16.833333333333332,129,7.663366336633664,20,168,39,3.166666666666668,12.315789473684205,5,5
16.6,16,6,103,Jean-Paul Duminy,Eoin Morgan,0,True,5.0,13,Visakhapatnam,Dr. Y.S. Rajasekhara Reddy ACA-VDCA Cricket Stadium,False,True,102,16,17.0,129,7.588235294117647,20,168,39,3.0,13.0,6,4
17.1,17,1,104,Imran Tahir,Ashish Reddy,1,False,-0.5,13,Visakhapatnam,Dr. Y.S. Rajasekhara Reddy ACA-VDCA Cricket Stadium,False,True,103,17,17.166666666666668,130,7.572815533980582,20,168,38,2.833333333333332,13.411764705882359,6,4
17.2,17,2,105,Imran Tahir,Karn Sharma,1,False,-0.5,13,Visakhapatnam,Dr. Y.S. Rajasekhara Reddy ACA-VDCA Cricket Stadium,False,True,104,17,17.333333333333332,131,7.557692307692308,20,168,37,2.666666666666668,13.874999999999995,6,4
17.3,17,3,106,Imran Tahir,Ashish Reddy,1,False,-0.5,13,Visakhapatnam,Dr. Y.S. Rajasekhara Reddy ACA-VDCA Cricket Stadium,False,True,105,17,17.5,132,7.542857142857143,20,168,36,2.5,14.4,6,4
17.4,17,4,107,Imran Tahir,Karn Sharma,6,False,-3.0,13,Visakhapatnam,Dr. Y.S. Rajasekhara Reddy ACA-VDCA Cricket Stadium,False,True,106,17,17.666666666666668,138,7.811320754716981,20,168,30,2.333333333333332,12.857142857142863,6,4
17.5,17,5,108,Imran Tahir,Karn Sharma,6,False,-3.0,13,Visakhapatnam,Dr. Y.S. Rajasekhara Reddy ACA-VDCA Cricket Stadium,False,True,107,17,17.833333333333332,144,8.074766355140188,20,168,24,2.166666666666668,11.076923076923071,6,4
17.6,17,6,109,Imran Tahir,Karn Sharma,1,False,-0.5,13,Visakhapatnam,Dr. Y.S. Rajasekhara Reddy ACA-VDCA Cricket Stadium,False,True,108,17,18.0,145,8.055555555555555,20,168,23,2.0,11.5,6,4
18.1,18,1,110,Angelo Mathews,Karn Sharma,0,False,1.0,13,Visakhapatnam,Dr. Y.S. Rajasekhara Reddy ACA-VDCA Cricket Stadium,False,True,109,18,18.166666666666668,145,7.981651376146789,20,168,23,1.8333333333333321,12.545454545454554,6,4
18.2,18,2,111,Angelo Mathews,Karn Sharma,1,False,-0.5,13,Visakhapatnam,Dr. Y.S. Rajasekhara Reddy ACA-VDCA Cricket Stadium,False,True,110,18,18.333333333333332,146,7.963636363636364,20,168,22,1.6666666666666679,13.19999999999999,6,4
18.3,18,3,112,Angelo Mathews,Ashish Reddy,4,False,-2.0,13,Visakhapatnam,Dr. Y.S. Rajasekhara Reddy ACA-VDCA Cricket Stadium,False,True,111,18,18.5,150,8.108108108108109,20,168,18,1.5,12.0,6,4
18.4,18,4,113,Angelo Mathews,Ashish Reddy,0,False,1.0,13,Visakhapatnam,Dr. Y.S. Rajasekhara Reddy ACA-VDCA Cricket Stadium,False,True,112,18,18.666666666666668,150,8.035714285714285,20,168,18,1.3333333333333321,13.500000000000012,6,4
18.5,18,5,114,Angelo Mathews,Ashish Reddy,6,False,-3.0,13,Visakhapatnam,Dr. Y.S. Rajasekhara Reddy ACA-VDCA Cricket Stadium,False,True,113,18,18.833333333333332,156,8.283185840707965,20,168,12,1.1666666666666679,10.285714285714276,6,4
18.6,18,6,115,Angelo Mathews,Ashish Reddy,2,False,-1.0,13,Visakhapatnam,Dr. Y.S. Rajasekhara Reddy ACA-VDCA Cricket Stadium,False,True,114,18,19.0,158,8.31578947368421,20,168,10,1.0,10.0,6,4
19.1,19,1,116,Nathan Coulter-Nile,Karn Sharma,1,False,-0.5,13,Visakhapatnam,Dr. Y.S. Rajasekhara Reddy ACA-VDCA Cricket Stadium,False,True,115,19,19.166666666666668,159,8.295652173913043,20,168,9,0.8333333333333321,10.800000000000015,6,4
19.2,19,2,117,Nathan Coulter-Nile,Ashish Reddy,0,True,5.0,13,Visakhapatnam,Dr. Y.S. Rajasekhara Reddy ACA-VDCA Cricket Stadium,False,True,116,19,19.333333333333332,159,8.224137931034484,20,168,9,0.6666666666666679,13.499999999999977,7,3
19.3,19,3,118,Nathan Coulter-Nile,Karn Sharma,1,False,-0.5,13,Visakhapatnam,Dr. Y.S. Rajasekhara Reddy ACA-VDCA Cricket Stadium,False,True,117,19,19.5,160,8.205128205128204,20,168,8,0.5,16.0,7,3
19.4,19,4,119,Nathan Coulter-Nile,Praveen Kumar,1,False,-0.5,13,Visakhapatnam,Dr. Y.S. Rajasekhara Reddy ACA-VDCA Cricket Stadium,False,True,118,19,19.666666666666668,161,8.186440677966102,20,168,7,0.33333333333333215,21.000000000000075,7,3
19.5,19,5,120,Nathan Coulter-Nile,Karn Sharma,2,False,-1.0,13,Visakhapatnam,Dr. Y.S. Rajasekhara Reddy ACA-VDCA Cricket Stadium,False,True,119,19,19.833333333333332,163,8.218487394957984,20,168,5,0.16666666666666785,29.999999999999787,7,3
19.6,19,6,121,Nathan Coulter-Nile,Karn Sharma,0,True,5.0,13,Visakhapatnam,Dr. Y.S. Rajasekhara Reddy ACA-VDCA Cricket Stadium,False,True,120,19,20.0,163,8.15,20,168,5,0.0,inf,8,2
