Ball Number,over,ball,Ball,bowler,batsman,Runs,is_wicket,bowler_score,match_id,city,stadium,is_extra,legal_delivery,legal_deliveries_count,overs_completed,overs_bowled,total_runs,current_run_rate,total_overs,target,runs_needed,overs_remaining,required_run_rate,wickets_fallen,wickets_in_hand
0.1,0,1,1,Umesh Yadav,Agarwal,0,False,1.0,17,Delhi,Feroz Shah Kotla,False,True,1,0,0.16666666666666666,0,0.0,20,147,147,19.833333333333332,7.411764705882353,0,10
0.2,0,2,2,Umesh Yadav,Agarwal,0,False,1.0,17,Delhi,Feroz Shah Kotla,False,True,2,0,0.3333333333333333,0,0.0,20,147,147,19.666666666666668,7.47457627118644,0,10
0.3,0,3,3,Umesh Yadav,Agarwal,0,False,1.0,17,Delhi,Feroz Shah Kotla,False,True,3,0,0.5,0,0.0,20,147,147,19.5,7.538461538461538,0,10
0.4,0,4,4,Umesh Yadav,Agarwal,0,False,1.0,17,Delhi,Feroz Shah Kotla,False,True,4,0,0.6666666666666666,0,0.0,20,147,147,19.333333333333332,7.603448275862069,0,10
0.5,0,5,5,Umesh Yadav,Agarwal,1,False,-1.0,17,Delhi,Feroz Shah Kotla,True,False,4,0,0.6666666666666666,1,1.5,20,147,146,19.333333333333332,7.551724137931035,0,10
0.5,0,5,6,Umesh Yadav,Agarwal,0,False,1.0,17,Delhi,Feroz Shah Kotla,False,True,5,0,0.8333333333333334,1,1.2,20,147,146,19.166666666666668,7.617391304347826,0,10
0.5,0,5,7,Umesh Yadav,Agarwal,1,False,-1.0,17,Delhi,Feroz Shah Kotla,True,False,5,0,0.8333333333333334,2,2.4,20,147,145,19.166666666666668,7.565217391304348,0,10
0.6,0,6,8,Umesh Yadav,Agarwal,1,False,-0.5,17,Delhi,Feroz Shah Kotla,False,True,6,0,1.0,3,3.0,20,147,144,19.0,7.578947368421052,0,10
1.1,1,1,9,Morne Morkel,Agarwal,0,False,1.0,17,Delhi,Feroz Shah Kotla,False,True,7,1,1.1666666666666667,3,2.571428571428571,20,147,144,18.833333333333332,7.646017699115045,0,10
1.2,1,2,10,Morne Morkel,Agarwal,0,True,5.0,17,Delhi,Feroz Shah Kotla,False,True,8,1,1.3333333333333333,3,2.25,20,147,144,18.666666666666668,7.7142857142857135,1,9
1.3,1,3,11,Morne Morkel,Shreyas Iyer,1,False,-1.0,17,Delhi,Feroz Shah Kotla,True,False,8,1,1.3333333333333333,4,3.0,20,147,143,18.666666666666668,7.660714285714286,1,9
1.3,1,3,12,Morne Morkel,Shreyas Iyer,0,False,1.0,17,Delhi,Feroz Shah Kotla,False,True,9,1,1.5,4,2.6666666666666665,20,147,143,18.5,7.72972972972973,1,9
1.4,1,4,13,Morne Morkel,Shreyas Iyer,1,False,-0.5,17,Delhi,Feroz Shah Kotla,False,True,10,1,1.6666666666666665,5,3.0000000000000004,20,147,142,18.333333333333332,7.745454545454546,1,9
1.5,1,5,14,Morne Morkel,Jean-Paul Duminy,0,False,1.0,17,Delhi,Feroz Shah Kotla,False,True,11,1,1.8333333333333335,5,2.727272727272727,20,147,142,18.166666666666668,7.816513761467889,1,9
1.6,1,6,15,Morne Morkel,Jean-Paul Duminy,0,False,1.0,17,Delhi,Feroz Shah Kotla,False,True,12,1,2.0,5,2.5,20,147,142,18.0,7.888888888888889,1,9
2.1,2,1,16,Umesh Yadav,Shreyas Iyer,1,False,-0.5,17,Delhi,Feroz Shah Kotla,False,True,13,2,2.1666666666666665,6,2.7692307692307696,20,147,141,17.833333333333332,7.906542056074767,1,9
2.2,2,2,17,Umesh Yadav,Jean-Paul Duminy,1,False,-0.5,17,Delhi,Feroz Shah Kotla,False,True,14,2,2.3333333333333335,7,3.0,20,147,140,17.666666666666668,7.924528301886792,1,9
2.3,2,3,18,Umesh Yadav,Shreyas Iyer,0,False,1.0,17,Delhi,Feroz Shah Kotla,False,True,15,2,2.5,7,2.8,20,147,140,17.5,8.0,1,9
2.4,2,4,19,Umesh Yadav,Shreyas Iyer,1,False,-0.5,17,Delhi,Feroz Shah Kotla,False,True,16,2,2.6666666666666665,8,3.0,20,147,139,17.333333333333332,8.01923076923077,1,9
2.5,2,5,20,Umesh Yadav,Jean-Paul Duminy,4,False,-2.0,17,Delhi,Feroz Shah Kotla,False,True,17,2,2.8333333333333335,12,4.235294117647059,20,147,135,17.166666666666668,7.864077669902912,1,9
2.6,2,6,21,Umesh Yadav,Jean-Paul Duminy,0,False,1.0,17,Delhi,Feroz Shah Kotla,False,True,18,2,3.0,12,4.0,20,147,135,17.0,7.9411764705882355,1,9
3.1,3,1,22,Morne Morkel,Shreyas Iyer,0,False,1.0,17,Delhi,Feroz Shah Kotla,False,True,19,3,3.1666666666666665,12,3.7894736842105265,20,147,135,16.833333333333332,8.01980198019802,1,9
3.2,3,2,23,Morne Morkel,Shreyas Iyer,4,False,-2.0,17,Delhi,Feroz Shah Kotla,False,True,20,3,3.3333333333333335,16,4.8,20,147,131,16.666666666666668,7.859999999999999,1,9
3.3,3,3,24,Morne Morkel,Shreyas Iyer,0,False,1.0,17,Delhi,Feroz Shah Kotla,False,True,21,3,3.5,16,4.571428571428571,20,147,131,16.5,7.9393939393939394,1,9
3.4,3,4,25,Morne Morkel,Shreyas Iyer,0,False,1.0,17,Delhi,Feroz Shah Kotla,False,True,22,3,3.6666666666666665,16,4.363636363636364,20,147,131,16.333333333333332,8.020408163265307,1,9
3.5,3,5,26,Morne Morkel,Shreyas Iyer,4,False,-2.0,17,Delhi,Feroz Shah Kotla,False,True,23,3,3.8333333333333335,20,5.217391304347826,20,147,127,16.166666666666668,7.855670103092783,1,9
3.6,3,6,27,Morne Morkel,Shreyas Iyer,2,False,-1.0,17,Delhi,Feroz Shah Kotla,False,True,24,3,4.0,22,5.5,20,147,125,16.0,7.8125,1,9
4.1,4,1,28,Sunil Narine,Jean-Paul Duminy,0,False,1.0,17,Delhi,Feroz Shah Kotla,False,True,25,4,4.166666666666667,22,5.279999999999999,20,147,125,15.833333333333332,7.894736842105264,1,9
4.2,4,2,29,N/A,N/A,0,False,0.0,17,Delhi,Feroz Shah Kotla,False,True,26,4,4.333333333333333,22,5.0769230769230775,20,147,125,15.666666666666668,7.978723404255319,1,9
4.3,4,3,30,Sunil Narine,Jean-Paul Duminy,0,True,5.0,17,Delhi,Feroz Shah Kotla,False,True,27,4,4.5,22,4.888888888888889,20,147,125,15.5,8.064516129032258,2,8
4.4,4,4,31,Sunil Narine,Manoj Tiwary,4,False,-2.0,17,Delhi,Feroz Shah Kotla,False,True,28,4,4.666666666666667,26,5.571428571428571,20,147,121,15.333333333333332,7.891304347826088,2,8
4.5,4,5,32,Sunil Narine,Manoj Tiwary,0,False,1.0,17,Delhi,Feroz Shah Kotla,False,True,29,4,4.833333333333333,26,5.379310344827586,20,147,121,15.166666666666668,7.978021978021977,2,8
4.6,4,6,33,Sunil Narine,Manoj Tiwary,0,False,1.0,17,Delhi,Feroz Shah Kotla,False,True,30,4,5.0,26,5.2,20,147,121,15.0,8.066666666666666,2,8
5.1,5,1,34,Andre Russell,Shreyas Iyer,1,False,-0.5,17,Delhi,Feroz Shah Kotla,False,True,31,5,5.166666666666667,27,5.225806451612903,20,147,120,14.833333333333332,8.089887640449438,2,8
5.2,5,2,35,Andre Russell,Manoj Tiwary,1,False,-0.5,17,Delhi,Feroz Shah Kotla,False,True,32,5,5.333333333333333,28,5.25,20,147,119,14.666666666666668,8.113636363636363,2,8
5.3,5,3,36,Andre Russell,Shreyas Iyer,4,False,-2.0,17,Delhi,Feroz Shah Kotla,False,True,33,5,5.5,32,5.818181818181818,20,147,115,14.5,7.931034482758621,2,8
5.4,5,4,37,Andre Russell,Shreyas Iyer,1,False,-0.5,17,Delhi,Feroz Shah Kotla,False,True,34,5,5.666666666666667,33,5.823529411764706,20,147,114,14.333333333333332,7.953488372093024,2,8
5.5,5,5,38,Andre Russell,Manoj Tiwary,0,False,1.0,17,Delhi,Feroz Shah Kotla,False,True,35,5,5.833333333333333,33,5.6571428571428575,20,147,114,14.166666666666668,8.047058823529412,2,8
5.6,5,6,39,Andre Russell,Manoj Tiwary,1,False,-0.5,17,Delhi,Feroz Shah Kotla,False,True,36,5,6.0,34,5.666666666666667,20,147,113,14.0,8.071428571428571,2,8
6.1,6,1,40,Piyush Chawla,Manoj Tiwary,1,False,-0.25,17,Delhi,Feroz Shah Kotla,False,True,37,6,6.166666666666667,35,5.675675675675675,20,147,112,13.833333333333332,8.096385542168676,2,8
6.2,6,2,41,Piyush Chawla,Shreyas Iyer,5,False,-1.0,17,Delhi,Feroz Shah Kotla,True,False,37,6,6.166666666666667,40,6.486486486486486,20,147,107,13.833333333333332,7.734939759036145,2,8
6.2,6,2,42,Piyush Chawla,Shreyas Iyer,1,False,-0.5,17,Delhi,Feroz Shah Kotla,False,True,38,6,6.333333333333333,41,6.473684210526316,20,147,106,13.666666666666668,7.756097560975609,2,8
6.3,6,3,43,Piyush Chawla,Manoj Tiwary,0,False,1.0,17,Delhi,Feroz Shah Kotla,False,True,39,6,6.5,41,6.3076923076923075,20,147,106,13.5,7.851851851851852,2,8
6.4,6,4,44,Piyush Chawla,Manoj Tiwary,0,False,1.0,17,Delhi,Feroz Shah Kotla,False,True,40,6,6.666666666666667,41,6.1499999999999995,20,147,106,13.333333333333332,7.950000000000001,2,8
6.5,6,5,45,Piyush Chawla,Manoj Tiwary,1,False,-0.5,17,Delhi,Feroz Shah Kotla,False,True,41,6,6.833333333333333,42,6.146341463414634,20,147,105,13.166666666666668,7.9746835443037964,2,8
6.6,6,6,46,Piyush Chawla,Shreyas Iyer,1,False,-0.5,17,Delhi,Feroz Shah Kotla,False,True,42,6,7.0,43,6.142857142857143,20,147,104,13.0,8.0,2,8
7.1,7,1,47,Andre Russell,Shreyas Iyer,0,False,1.0,17,Delhi,Feroz Shah Kotla,False,True,43,7,7.166666666666667,43,6.0,20,147,104,12.833333333333332,8.103896103896105,2,8
7.2,7,2,48,Andre Russell,Shreyas Iyer,6,False,-3.0,17,Delhi,Feroz Shah Kotla,False,True,44,7,7.333333333333333,49,6.681818181818182,20,147,98,12.666666666666668,7.7368421052631575,2,8
7.3,7,3,49,Andre Russell,Shreyas Iyer,0,False,1.0,17,Delhi,Feroz Shah Kotla,False,True,45,7,7.5,49,6.533333333333333,20,147,98,12.5,7.84,2,8
7.4,7,4,50,Andre Russell,Shreyas Iyer,0,False,1.0,17,Delhi,Feroz Shah Kotla,False,True,46,7,7.666666666666667,49,6.391304347826087,20,147,98,12.333333333333332,7.9459459459459465,2,8
7.5,7,5,51,Andre Russell,Shreyas Iyer,1,False,-0.5,17,Delhi,Feroz Shah Kotla,False,True,47,7,7.833333333333333,50,6.382978723404255,20,147,97,12.166666666666668,7.972602739726026,2,8
7.6,7,6,52,Andre Russell,Manoj Tiwary,4,False,-2.0,17,Delhi,Feroz Shah Kotla,False,True,48,7,8.0,54,6.75,20,147,93,12.0,7.75,2,8
8.1,8,1,53,Piyush Chawla,Shreyas Iyer,2,False,-1.0,17,Delhi,Feroz Shah Kotla,False,True,49,8,8.166666666666666,56,6.857142857142858,20,147,91,11.833333333333334,7.690140845070422,2,8
8.2,8,2,54,Piyush Chawla,Shreyas Iyer,1,False,-0.5,17,Delhi,Feroz Shah Kotla,False,True,50,8,8.333333333333334,57,6.84,20,147,90,11.666666666666666,7.714285714285714,2,8
8.3,8,3,55,Piyush Chawla,Manoj Tiwary,1,False,-0.5,17,Delhi,Feroz Shah Kotla,False,True,51,8,8.5,58,6.823529411764706,20,147,89,11.5,7.739130434782608,2,8
8.4,8,4,56,Piyush Chawla,Shreyas Iyer,0,True,5.0,17,Delhi,Feroz Shah Kotla,False,True,52,8,8.666666666666666,58,6.6923076923076925,20,147,89,11.333333333333334,7.852941176470588,3,7
8.5,8,5,57,Piyush Chawla,Yuvraj Singh,1,False,-0.5,17,Delhi,Feroz Shah Kotla,False,True,53,8,8.833333333333334,59,6.679245283018868,20,147,88,11.166666666666666,7.880597014925374,3,7
8.6,8,6,58,Piyush Chawla,Manoj Tiwary,1,False,-0.5,17,Delhi,Feroz Shah Kotla,False,True,54,8,9.0,60,6.666666666666667,20,147,87,11.0,7.909090909090909,3,7
9.1,9,1,59,Yusuf Pathan,Manoj Tiwary,4,False,-2.0,17,Delhi,Feroz Shah Kotla,False,True,55,9,9.166666666666666,64,6.981818181818182,20,147,83,10.833333333333334,7.661538461538461,3,7
9.2,9,2,60,Yusuf Pathan,Manoj Tiwary,1,False,-0.5,17,Delhi,Feroz Shah Kotla,False,True,56,9,9.333333333333334,65,6.9642857142857135,20,147,82,10.666666666666666,7.6875,3,7
9.3,9,3,61,Yusuf Pathan,Yuvraj Singh,1,False,-0.5,17,Delhi,Feroz Shah Kotla,False,True,57,9,9.5,66,6.947368421052632,20,147,81,10.5,7.714285714285714,3,7
9.4,9,4,62,Yusuf Pathan,Manoj Tiwary,1,False,-0.5,17,Delhi,Feroz Shah Kotla,False,True,58,9,9.666666666666666,67,6.931034482758621,20,147,80,10.333333333333334,7.741935483870967,3,7
9.5,9,5,63,Yusuf Pathan,Yuvraj Singh,1,False,-0.5,17,Delhi,Feroz Shah Kotla,False,True,59,9,9.833333333333334,68,6.915254237288135,20,147,79,10.166666666666666,7.770491803278689,3,7
9.6,9,6,64,Yusuf Pathan,Manoj Tiwary,1,False,-0.5,17,Delhi,Feroz Shah Kotla,False,True,60,9,10.0,69,6.9,20,147,78,10.0,7.8,3,7
10.1,10,1,65,Morne Morkel,Manoj Tiwary,0,False,1.0,17,Delhi,Feroz Shah Kotla,False,True,61,10,10.166666666666666,69,6.786885245901639,20,147,78,9.833333333333334,7.932203389830508,3,7
10.2,10,2,66,Morne Morkel,Manoj Tiwary,4,False,-2.0,17,Delhi,Feroz Shah Kotla,False,True,62,10,10.333333333333334,73,7.064516129032258,20,147,74,9.666666666666666,7.655172413793104,3,7
10.3,10,3,67,Morne Morkel,Manoj Tiwary,0,False,1.0,17,Delhi,Feroz Shah Kotla,False,True,63,10,10.5,73,6.9523809523809526,20,147,74,9.5,7.7894736842105265,3,7
10.4,10,4,68,Morne Morkel,Manoj Tiwary,0,False,1.0,17,Delhi,Feroz Shah Kotla,False,True,64,10,10.666666666666666,73,6.84375,20,147,74,9.333333333333334,7.928571428571428,3,7
10.5,10,5,69,Morne Morkel,Manoj Tiwary,4,False,-2.0,17,Delhi,Feroz Shah Kotla,False,True,65,10,10.833333333333334,77,7.107692307692307,20,147,70,9.166666666666666,7.636363636363637,3,7
10.6,10,6,70,Morne Morkel,Manoj Tiwary,1,False,-0.5,17,Delhi,Feroz Shah Kotla,False,True,66,10,11.0,78,7.090909090909091,20,147,69,9.0,7.666666666666667,3,7
11.1,11,1,71,Sunil Narine,Manoj Tiwary,1,False,-0.5,17,Delhi,Feroz Shah Kotla,False,True,67,11,11.166666666666666,79,7.074626865671642,20,147,68,8.833333333333334,7.698113207547169,3,7
11.2,11,2,72,Sunil Narine,Yuvraj Singh,0,False,1.0,17,Delhi,Feroz Shah Kotla,False,True,68,11,11.333333333333334,79,6.970588235294117,20,147,68,8.666666666666666,7.846153846153847,3,7
11.3,11,3,73,Sunil Narine,Yuvraj Singh,1,False,-0.5,17,Delhi,Feroz Shah Kotla,False,True,69,11,11.5,80,6.956521739130435,20,147,67,8.5,7.882352941176471,3,7
11.4,11,4,74,Sunil Narine,Manoj Tiwary,0,False,1.0,17,Delhi,Feroz Shah Kotla,False,True,70,11,11.666666666666666,80,6.857142857142858,20,147,67,8.333333333333334,8.04,3,7
11.5,11,5,75,Sunil Narine,Manoj Tiwary,1,False,-0.5,17,Delhi,Feroz Shah Kotla,False,True,71,11,11.833333333333334,81,6.845070422535211,20,147,66,8.166666666666666,8.081632653061225,3,7
11.6,11,6,76,Sunil Narine,Yuvraj Singh,0,False,1.0,17,Delhi,Feroz Shah Kotla,False,True,72,11,12.0,81,6.75,20,147,66,8.0,8.25,3,7
12.1,12,1,77,Piyush Chawla,Manoj Tiwary,1,False,-0.5,17,Delhi,Feroz Shah Kotla,False,True,73,12,12.166666666666666,82,6.739726027397261,20,147,65,7.833333333333334,8.297872340425531,3,7
12.2,12,2,78,Piyush Chawla,Yuvraj Singh,0,False,1.0,17,Delhi,Feroz Shah Kotla,False,True,74,12,12.333333333333334,82,6.648648648648648,20,147,65,7.666666666666666,8.478260869565219,3,7
12.3,12,3,79,Piyush Chawla,Yuvraj Singh,0,False,1.0,17,Delhi,Feroz Shah Kotla,False,True,75,12,12.5,82,6.56,20,147,65,7.5,8.666666666666666,3,7
12.4,12,4,80,Piyush Chawla,Yuvraj Singh,4,False,-2.0,17,Delhi,Feroz Shah Kotla,False,True,76,12,12.666666666666666,86,6.7894736842105265,20,147,61,7.333333333333334,8.318181818181818,3,7
12.5,12,5,81,Piyush Chawla,Yuvraj Singh,0,False,1.0,17,Delhi,Feroz Shah Kotla,False,True,77,12,12.833333333333334,86,6.701298701298701,20,147,61,7.166666666666666,8.511627906976745,3,7
12.6,12,6,82,Piyush Chawla,Yuvraj Singh,1,False,-0.5,17,Delhi,Feroz Shah Kotla,False,True,78,12,13.0,87,6.6923076923076925,20,147,60,7.0,8.571428571428571,3,7
13.1,13,1,83,Morne Morkel,Yuvraj Singh,0,False,1.0,17,Delhi,Feroz Shah Kotla,False,True,79,13,13.166666666666666,87,6.607594936708861,20,147,60,6.833333333333334,8.780487804878048,3,7
13.2,13,2,84,Morne Morkel,Yuvraj Singh,6,False,-3.0,17,Delhi,Feroz Shah Kotla,False,True,80,13,13.333333333333334,93,6.975,20,147,54,6.666666666666666,8.100000000000001,3,7
13.3,13,3,85,Morne Morkel,Yuvraj Singh,1,False,-0.5,17,Delhi,Feroz Shah Kotla,False,True,81,13,13.5,94,6.962962962962963,20,147,53,6.5,8.153846153846153,3,7
13.4,13,4,86,Morne Morkel,Manoj Tiwary,1,False,-1.0,17,Delhi,Feroz Shah Kotla,True,False,81,13,13.5,95,7.037037037037037,20,147,52,6.5,8.0,3,7
13.4,13,4,87,Morne Morkel,Manoj Tiwary,0,True,5.0,17,Delhi,Feroz Shah Kotla,False,True,82,13,13.666666666666666,95,6.951219512195122,20,147,52,6.333333333333334,8.210526315789473,4,6
13.5,13,5,88,Morne Morkel,Angelo Mathews,1,False,-0.5,17,Delhi,Feroz Shah Kotla,False,True,83,13,13.833333333333334,96,6.9397590361445785,20,147,51,6.166666666666666,8.270270270270272,4,6
13.6,13,6,89,Morne Morkel,Yuvraj Singh,0,False,1.0,17,Delhi,Feroz Shah Kotla,False,True,84,13,14.0,96,6.857142857142857,20,147,51,6.0,8.5,4,6
14.1,14,1,90,Piyush Chawla,Angelo Mathews,1,False,-0.5,17,Delhi,Feroz Shah Kotla,False,True,85,14,14.166666666666666,97,6.847058823529412,20,147,50,5.833333333333334,8.571428571428571,4,6
14.2,14,2,91,Piyush Chawla,Yuvraj Singh,1,False,-0.5,17,Delhi,Feroz Shah Kotla,False,True,86,14,14.333333333333334,98,6.837209302325581,20,147,49,5.666666666666666,8.647058823529413,4,6
14.3,14,3,92,Piyush Chawla,Angelo Mathews,1,False,-0.5,17,Delhi,Feroz Shah Kotla,False,True,87,14,14.5,99,6.827586206896552,20,147,48,5.5,8.727272727272727,4,6
14.4,14,4,93,Piyush Chawla,Yuvraj Singh,0,False,1.0,17,Delhi,Feroz Shah Kotla,False,True,88,14,14.666666666666666,99,6.75,20,147,48,5.333333333333334,8.999999999999998,4,6
14.5,14,5,94,Piyush Chawla,Yuvraj Singh,4,False,-2.0,17,Delhi,Feroz Shah Kotla,False,True,89,14,14.833333333333334,103,6.943820224719101,20,147,44,5.166666666666666,8.516129032258066,4,6
14.6,14,6,95,Piyush Chawla,Yuvraj Singh,0,True,5.0,17,Delhi,Feroz Shah Kotla,False,True,90,14,15.0,103,6.866666666666666,20,147,44,5.0,8.8,5,5
15.1,15,1,96,Andre Russell,Angelo Mathews,0,False,1.0,17,Delhi,Feroz Shah Kotla,False,True,91,15,15.166666666666666,103,6.791208791208791,20,147,44,4.833333333333334,9.103448275862068,5,5
15.2,15,2,97,Andre Russell,Angelo Mathews,0,False,1.0,17,Delhi,Feroz Shah Kotla,False,True,92,15,15.333333333333334,103,6.717391304347826,20,147,44,4.666666666666666,9.42857142857143,5,5
15.3,15,3,98,Andre Russell,Angelo Mathews,0,False,1.0,17,Delhi,Feroz Shah Kotla,False,True,93,15,15.5,103,6.645161290322581,20,147,44,4.5,9.777777777777779,5,5
15.4,15,4,99,Andre Russell,Angelo Mathews,0,False,1.0,17,Delhi,Feroz Shah Kotla,False,True,94,15,15.666666666666666,103,6.574468085106383,20,147,44,4.333333333333334,10.153846153846153,5,5
15.5,15,5,100,Andre Russell,Angelo Mathews,1,False,-0.5,17,Delhi,Feroz Shah Kotla,False,True,95,15,15.833333333333334,104,6.568421052631579,20,147,43,4.166666666666666,10.320000000000002,5,5
15.6,15,6,101,Andre Russell,Kedar Jadhav,1,False,-0.5,17,Delhi,Feroz Shah Kotla,False,True,96,15,16.0,105,6.5625,20,147,42,4.0,10.5,5,5
16.1,16,1,102,Sunil Narine,Kedar Jadhav,0,False,1.0,17,Delhi,Feroz Shah Kotla,False,True,97,16,16.166666666666668,105,6.494845360824741,20,147,42,3.833333333333332,10.956521739130439,5,5
16.2,16,2,103,Sunil Narine,Kedar Jadhav,0,False,1.0,17,Delhi,Feroz Shah Kotla,False,True,98,16,16.333333333333332,105,6.428571428571429,20,147,42,3.666666666666668,11.454545454545451,5,5
16.3,16,3,104,Sunil Narine,Kedar Jadhav,1,False,-0.25,17,Delhi,Feroz Shah Kotla,False,True,99,16,16.5,106,6.424242424242424,20,147,41,3.5,11.714285714285714,5,5
16.4,16,4,105,Sunil Narine,Angelo Mathews,1,False,-0.5,17,Delhi,Feroz Shah Kotla,False,True,100,16,16.666666666666668,107,6.42,20,147,40,3.333333333333332,12.000000000000004,5,5
16.5,16,5,106,Sunil Narine,Kedar Jadhav,4,False,-2.0,17,Delhi,Feroz Shah Kotla,False,True,101,16,16.833333333333332,111,6.594059405940595,20,147,36,3.166666666666668,11.368421052631575,5,5
16.6,16,6,107,Sunil Narine,Kedar Jadhav,6,False,-3.0,17,Delhi,Feroz Shah Kotla,False,True,102,16,17.0,117,6.882352941176471,20,147,30,3.0,10.0,5,5
17.1,17,1,108,Umesh Yadav,Angelo Mathews,1,False,-0.5,17,Delhi,Feroz Shah Kotla,False,True,103,17,17.166666666666668,118,6.87378640776699,20,147,29,2.833333333333332,10.235294117647063,5,5
17.2,17,2,109,Umesh Yadav,Kedar Jadhav,1,False,-0.5,17,Delhi,Feroz Shah Kotla,False,True,104,17,17.333333333333332,119,6.865384615384616,20,147,28,2.666666666666668,10.499999999999995,5,5
17.3,17,3,110,Umesh Yadav,Angelo Mathews,1,False,-1.0,17,Delhi,Feroz Shah Kotla,True,False,104,17,17.333333333333332,120,6.923076923076923,20,147,27,2.666666666666668,10.124999999999995,5,5
17.3,17,3,111,Umesh Yadav,Angelo Mathews,1,False,-0.5,17,Delhi,Feroz Shah Kotla,False,True,105,17,17.5,121,6.914285714285715,20,147,26,2.5,10.4,5,5
17.4,17,4,112,Umesh Yadav,Kedar Jadhav,1,False,-0.25,17,Delhi,Feroz Shah Kotla,False,True,106,17,17.666666666666668,122,6.90566037735849,20,147,25,2.333333333333332,10.714285714285719,5,5
17.5,17,5,113,Umesh Yadav,Angelo Mathews,1,False,-0.5,17,Delhi,Feroz Shah Kotla,False,True,107,17,17.833333333333332,123,6.897196261682243,20,147,24,2.166666666666668,11.076923076923071,5,5
17.6,17,6,114,Umesh Yadav,Kedar Jadhav,0,True,5.0,17,Delhi,Feroz Shah Kotla,False,True,108,17,18.0,123,6.833333333333333,20,147,24,2.0,12.0,6,4
18.1,18,1,115,Sunil Narine,Angelo Mathews,6,False,-3.0,17,Delhi,Feroz Shah Kotla,False,True,109,18,18.166666666666668,129,7.10091743119266,20,147,18,1.8333333333333321,9.818181818181824,6,4
18.2,18,2,116,Sunil Narine,Angelo Mathews,6,False,-3.0,17,Delhi,Feroz Shah Kotla,False,True,110,18,18.333333333333332,135,7.363636363636364,20,147,12,1.6666666666666679,7.199999999999995,6,4
18.3,18,3,117,Sunil Narine,Angelo Mathews,2,False,-1.0,17,Delhi,Feroz Shah Kotla,False,True,111,18,18.5,137,7.405405405405405,20,147,10,1.5,6.666666666666667,6,4
18.4,18,4,118,Sunil Narine,Angelo Mathews,1,False,-0.5,17,Delhi,Feroz Shah Kotla,False,True,112,18,18.666666666666668,138,7.392857142857142,20,147,9,1.3333333333333321,6.750000000000006,6,4
18.5,18,5,119,Sunil Narine,Nathan Coulter-Nile,1,False,-0.5,17,Delhi,Feroz Shah Kotla,False,True,113,18,18.833333333333332,139,7.380530973451328,20,147,8,1.1666666666666679,6.8571428571428505,6,4
18.6,18,6,120,Sunil Narine,Angelo Mathews,4,False,-2.0,17,Delhi,Feroz Shah Kotla,False,True,114,18,19.0,143,7.526315789473684,20,147,4,1.0,4.0,6,4
19.1,19,1,121,Umesh Yadav,Nathan Coulter-Nile,1,False,-0.5,17,Delhi,Feroz Shah Kotla,False,True,115,19,19.166666666666668,144,7.513043478260869,20,147,3,0.8333333333333321,3.600000000000005,6,4
19.2,19,2,122,Umesh Yadav,Angelo Mathews,0,True,5.0,17,Delhi,Feroz Shah Kotla,False,True,116,19,19.333333333333332,144,7.448275862068966,20,147,3,0.6666666666666679,4.499999999999992,7,3
19.3,19,3,123,Umesh Yadav,Amit Mishra,1,False,-0.5,17,Delhi,Feroz Shah Kotla,False,True,117,19,19.5,145,7.435897435897436,20,147,2,0.5,4.0,7,3
19.4,19,4,124,Umesh Yadav,Angelo Mathews,0,False,1.0,17,Delhi,Feroz Shah Kotla,False,True,118,19,19.666666666666668,145,7.372881355932203,20,147,2,0.33333333333333215,6.000000000000021,7,3
19.5,19,5,125,Umesh Yadav,Angelo Mathews,0,False,1.0,17,Delhi,Feroz Shah Kotla,False,True,119,19,19.833333333333332,145,7.3109243697479,20,147,2,0.16666666666666785,11.999999999999915,7,3
19.6,19,6,126,Umesh Yadav,Angelo Mathews,0,True,5.0,17,Delhi,Feroz Shah Kotla,False,True,120,19,20.0,145,7.25,20,147,2,0.0,inf,8,2
