Ball Number,over,ball,Ball,bowler,batsman,Runs,is_wicket,bowler_score,match_id,city,stadium,is_extra,legal_delivery,legal_deliveries_count,overs_completed,overs_bowled,total_runs,current_run_rate,total_overs,target,runs_needed,overs_remaining,required_run_rate,wickets_fallen,wickets_in_hand
0.1,0,1,1,Mitchell Starc,Dwayne Smith,0,False,1.0,20,Bangalore,M Chinnaswamy Stadium,False,True,1,0,0.16666666666666666,0,0.0,20,182,182,19.833333333333332,9.176470588235295,0,10
0.2,0,2,2,Mitchell Starc,Dwayne Smith,0,False,1.0,20,Bangalore,M Chinnaswamy Stadium,False,True,2,0,0.3333333333333333,0,0.0,20,182,182,19.666666666666668,9.254237288135593,0,10
0.3,0,3,3,Mitchell Starc,Dwayne Smith,1,False,-0.5,20,Bangalore,M Chinnaswamy Stadium,False,True,3,0,0.5,1,2.0,20,182,181,19.5,9.282051282051283,0,10
0.4,0,4,4,Mitchell Starc,Brendon McCullum,4,False,-0.25,20,Bangalore,M Chinnaswamy Stadium,False,True,4,0,0.6666666666666666,5,7.5,20,182,177,19.333333333333332,9.155172413793103,0,10
0.5,0,5,5,Mitchell Starc,Brendon McCullum,0,False,1.0,20,Bangalore,M Chinnaswamy Stadium,False,True,5,0,0.8333333333333334,5,6.0,20,182,177,19.166666666666668,9.234782608695651,0,10
0.6,0,6,6,Mitchell Starc,Brendon McCullum,4,False,-2.0,20,Bangalore,M Chinnaswamy Stadium,False,True,6,0,1.0,9,9.0,20,182,173,19.0,9.105263157894736,0,10
1.1,1,1,7,Yuzvendra Chahal,Dwayne Smith,2,False,-1.0,20,Bangalore,M Chinnaswamy Stadium,False,True,7,1,1.1666666666666667,11,9.428571428571429,20,182,171,18.833333333333332,9.079646017699115,0,10
1.2,1,2,8,Yuzvendra Chahal,Dwayne Smith,1,False,-0.5,20,Bangalore,M Chinnaswamy Stadium,False,True,8,1,1.3333333333333333,12,9.0,20,182,170,18.666666666666668,9.107142857142856,0,10
1.3,1,3,9,Yuzvendra Chahal,Brendon McCullum,0,False,1.0,20,Bangalore,M Chinnaswamy Stadium,False,True,9,1,1.5,12,8.0,20,182,170,18.5,9.18918918918919,0,10
1.4,1,4,10,Yuzvendra Chahal,Brendon McCullum,0,False,1.0,20,Bangalore,M Chinnaswamy Stadium,False,True,10,1,1.6666666666666665,12,7.200000000000001,20,182,170,18.333333333333332,9.272727272727273,0,10
1.5,1,5,11,Yuzvendra Chahal,Brendon McCullum,0,True,5.0,20,Bangalore,M Chinnaswamy Stadium,False,True,11,1,1.8333333333333335,12,6.545454545454545,20,182,170,18.166666666666668,9.357798165137615,1,9
1.6,1,6,12,Yuzvendra Chahal,Suresh Raina,4,False,-2.0,20,Bangalore,M Chinnaswamy Stadium,False,True,12,1,2.0,16,8.0,20,182,166,18.0,9.222222222222221,1,9
2.1,2,1,13,Mitchell Starc,Dwayne Smith,0,False,1.0,20,Bangalore,M Chinnaswamy Stadium,False,True,13,2,2.1666666666666665,16,7.384615384615385,20,182,166,17.833333333333332,9.308411214953273,1,9
2.2,2,2,14,Mitchell Starc,Dwayne Smith,0,False,1.0,20,Bangalore,M Chinnaswamy Stadium,False,True,14,2,2.3333333333333335,16,6.857142857142857,20,182,166,17.666666666666668,9.39622641509434,1,9
2.3,2,3,15,Mitchell Starc,Dwayne Smith,0,False,1.0,20,Bangalore,M Chinnaswamy Stadium,False,True,15,2,2.5,16,6.4,20,182,166,17.5,9.485714285714286,1,9
2.4,2,4,16,Mitchell Starc,Dwayne Smith,0,False,1.0,20,Bangalore,M Chinnaswamy Stadium,False,True,16,2,2.6666666666666665,16,6.0,20,182,166,17.333333333333332,9.576923076923078,1,9
2.5,2,5,17,Mitchell Starc,Dwayne Smith,1,False,-0.5,20,Bangalore,M Chinnaswamy Stadium,False,True,17,2,2.8333333333333335,17,6.0,20,182,165,17.166666666666668,9.611650485436893,1,9
2.6,2,6,18,Mitchell Starc,Suresh Raina,0,False,1.0,20,Bangalore,M Chinnaswamy Stadium,False,True,18,2,3.0,17,5.666666666666667,20,182,165,17.0,9.705882352941176,1,9
3.1,3,1,19,Yuzvendra Chahal,Dwayne Smith,4,False,-2.0,20,Bangalore,M Chinnaswamy Stadium,False,True,19,3,3.1666666666666665,21,6.631578947368421,20,182,161,16.833333333333332,9.564356435643566,1,9
3.2,3,2,20,Yuzvendra Chahal,Dwayne Smith,1,False,-0.5,20,Bangalore,M Chinnaswamy Stadium,False,True,20,3,3.3333333333333335,22,6.6,20,182,160,16.666666666666668,9.6,1,9
3.3,3,3,21,Yuzvendra Chahal,Suresh Raina,1,False,-0.5,20,Bangalore,M Chinnaswamy Stadium,False,True,21,3,3.5,23,6.571428571428571,20,182,159,16.5,9.636363636363637,1,9
3.4,3,4,22,Yuzvendra Chahal,Dwayne Smith,0,False,1.0,20,Bangalore,M Chinnaswamy Stadium,False,True,22,3,3.6666666666666665,23,6.272727272727273,20,182,159,16.333333333333332,9.73469387755102,1,9
3.5,3,5,23,Yuzvendra Chahal,Dwayne Smith,0,False,1.0,20,Bangalore,M Chinnaswamy Stadium,False,True,23,3,3.8333333333333335,23,6.0,20,182,159,16.166666666666668,9.835051546391751,1,9
3.6,3,6,24,Yuzvendra Chahal,Dwayne Smith,6,False,-3.0,20,Bangalore,M Chinnaswamy Stadium,False,True,24,3,4.0,29,7.25,20,182,153,16.0,9.5625,1,9
4.1,4,1,25,Harshal Patel,Suresh Raina,0,False,1.0,20,Bangalore,M Chinnaswamy Stadium,False,True,25,4,4.166666666666667,29,6.959999999999999,20,182,153,15.833333333333332,9.663157894736843,1,9
4.2,4,2,26,Harshal Patel,Suresh Raina,0,False,1.0,20,Bangalore,M Chinnaswamy Stadium,False,True,26,4,4.333333333333333,29,6.6923076923076925,20,182,153,15.666666666666668,9.76595744680851,1,9
4.3,4,3,27,Harshal Patel,Suresh Raina,4,False,-2.0,20,Bangalore,M Chinnaswamy Stadium,False,True,27,4,4.5,33,7.333333333333333,20,182,149,15.5,9.612903225806452,1,9
4.4,4,4,28,Harshal Patel,Suresh Raina,4,False,-2.0,20,Bangalore,M Chinnaswamy Stadium,False,True,28,4,4.666666666666667,37,7.928571428571428,20,182,145,15.333333333333332,9.456521739130435,1,9
4.5,4,5,29,Harshal Patel,Suresh Raina,0,False,1.0,20,Bangalore,M Chinnaswamy Stadium,False,True,29,4,4.833333333333333,37,7.655172413793104,20,182,145,15.166666666666668,9.56043956043956,1,9
4.6,4,6,30,Harshal Patel,Suresh Raina,1,False,-0.25,20,Bangalore,M Chinnaswamy Stadium,False,True,30,4,5.0,38,7.6,20,182,144,15.0,9.6,1,9
5.1,5,1,31,David Wiese,Suresh Raina,0,False,1.0,20,Bangalore,M Chinnaswamy Stadium,False,True,31,5,5.166666666666667,38,7.354838709677419,20,182,144,14.833333333333332,9.707865168539326,1,9
5.2,5,2,32,David Wiese,Suresh Raina,0,False,1.0,20,Bangalore,M Chinnaswamy Stadium,False,True,32,5,5.333333333333333,38,7.125,20,182,144,14.666666666666668,9.818181818181817,1,9
5.3,5,3,33,David Wiese,Suresh Raina,0,False,1.0,20,Bangalore,M Chinnaswamy Stadium,False,True,33,5,5.5,38,6.909090909090909,20,182,144,14.5,9.931034482758621,1,9
5.4,5,4,34,David Wiese,Suresh Raina,6,False,-3.0,20,Bangalore,M Chinnaswamy Stadium,False,True,34,5,5.666666666666667,44,7.764705882352941,20,182,138,14.333333333333332,9.627906976744187,1,9
5.5,5,5,35,David Wiese,Suresh Raina,1,False,-0.25,20,Bangalore,M Chinnaswamy Stadium,False,True,35,5,5.833333333333333,45,7.714285714285714,20,182,137,14.166666666666668,9.670588235294117,1,9
5.6,5,6,36,David Wiese,Dwayne Smith,0,False,1.0,20,Bangalore,M Chinnaswamy Stadium,False,True,36,5,6.0,45,7.5,20,182,137,14.0,9.785714285714286,1,9
6.1,6,1,37,Harshal Patel,Suresh Raina,0,False,1.0,20,Bangalore,M Chinnaswamy Stadium,False,True,37,6,6.166666666666667,45,7.297297297297297,20,182,137,13.833333333333332,9.903614457831326,1,9
6.2,6,2,38,Harshal Patel,Suresh Raina,1,False,-0.5,20,Bangalore,M Chinnaswamy Stadium,False,True,38,6,6.333333333333333,46,7.2631578947368425,20,182,136,13.666666666666668,9.951219512195122,1,9
6.3,6,3,39,Harshal Patel,Dwayne Smith,0,False,1.0,20,Bangalore,M Chinnaswamy Stadium,False,True,39,6,6.5,46,7.076923076923077,20,182,136,13.5,10.074074074074074,1,9
6.4,6,4,40,Harshal Patel,Dwayne Smith,0,False,1.0,20,Bangalore,M Chinnaswamy Stadium,False,True,40,6,6.666666666666667,46,6.8999999999999995,20,182,136,13.333333333333332,10.200000000000001,1,9
6.5,6,5,41,Harshal Patel,Dwayne Smith,1,False,-0.5,20,Bangalore,M Chinnaswamy Stadium,False,True,41,6,6.833333333333333,47,6.878048780487805,20,182,135,13.166666666666668,10.253164556962025,1,9
6.6,6,6,42,Harshal Patel,Suresh Raina,0,False,1.0,20,Bangalore,M Chinnaswamy Stadium,False,True,42,6,7.0,47,6.714285714285714,20,182,135,13.0,10.384615384615385,1,9
7.1,7,1,43,David Wiese,Dwayne Smith,0,False,1.0,20,Bangalore,M Chinnaswamy Stadium,False,True,43,7,7.166666666666667,47,6.558139534883721,20,182,135,12.833333333333332,10.51948051948052,1,9
7.2,7,2,44,David Wiese,Dwayne Smith,6,False,-3.0,20,Bangalore,M Chinnaswamy Stadium,False,True,44,7,7.333333333333333,53,7.2272727272727275,20,182,129,12.666666666666668,10.18421052631579,1,9
7.3,7,3,45,David Wiese,Dwayne Smith,6,False,-3.0,20,Bangalore,M Chinnaswamy Stadium,False,True,45,7,7.5,59,7.866666666666666,20,182,123,12.5,9.84,1,9
7.4,7,4,46,David Wiese,Dwayne Smith,4,False,-2.0,20,Bangalore,M Chinnaswamy Stadium,False,True,46,7,7.666666666666667,63,8.217391304347826,20,182,119,12.333333333333332,9.64864864864865,1,9
7.5,7,5,47,David Wiese,Dwayne Smith,0,False,1.0,20,Bangalore,M Chinnaswamy Stadium,False,True,47,7,7.833333333333333,63,8.042553191489363,20,182,119,12.166666666666668,9.780821917808218,1,9
7.6,7,6,48,David Wiese,Dwayne Smith,1,False,-0.5,20,Bangalore,M Chinnaswamy Stadium,False,True,48,7,8.0,64,8.0,20,182,118,12.0,9.833333333333334,1,9
8.1,8,1,49,Harshal Patel,Dwayne Smith,4,False,-2.0,20,Bangalore,M Chinnaswamy Stadium,False,True,49,8,8.166666666666666,68,8.326530612244898,20,182,114,11.833333333333334,9.633802816901408,1,9
8.2,8,2,50,Harshal Patel,Dwayne Smith,1,False,-0.5,20,Bangalore,M Chinnaswamy Stadium,False,True,50,8,8.333333333333334,69,8.28,20,182,113,11.666666666666666,9.685714285714287,1,9
8.3,8,3,51,Harshal Patel,Suresh Raina,1,False,-0.5,20,Bangalore,M Chinnaswamy Stadium,False,True,51,8,8.5,70,8.235294117647058,20,182,112,11.5,9.73913043478261,1,9
8.4,8,4,52,Harshal Patel,Dwayne Smith,0,False,1.0,20,Bangalore,M Chinnaswamy Stadium,False,True,52,8,8.666666666666666,70,8.076923076923077,20,182,112,11.333333333333334,9.88235294117647,1,9
8.5,8,5,53,Harshal Patel,Dwayne Smith,0,True,5.0,20,Bangalore,M Chinnaswamy Stadium,False,True,53,8,8.833333333333334,70,7.924528301886792,20,182,112,11.166666666666666,10.029850746268657,2,8
8.6,8,6,54,Harshal Patel,MS Dhoni,4,False,-2.0,20,Bangalore,M Chinnaswamy Stadium,False,True,54,8,9.0,74,8.222222222222221,20,182,108,11.0,9.818181818181818,2,8
9.1,9,1,55,Iqbal Abdulla,Suresh Raina,6,False,-3.0,20,Bangalore,M Chinnaswamy Stadium,False,True,55,9,9.166666666666666,80,8.727272727272728,20,182,102,10.833333333333334,9.415384615384616,2,8
9.2,9,2,56,Iqbal Abdulla,Suresh Raina,1,False,-0.5,20,Bangalore,M Chinnaswamy Stadium,False,True,56,9,9.333333333333334,81,8.678571428571429,20,182,101,10.666666666666666,9.46875,2,8
9.3,9,3,57,Iqbal Abdulla,MS Dhoni,0,False,1.0,20,Bangalore,M Chinnaswamy Stadium,False,True,57,9,9.5,81,8.526315789473685,20,182,101,10.5,9.619047619047619,2,8
9.4,9,4,58,Iqbal Abdulla,MS Dhoni,0,False,1.0,20,Bangalore,M Chinnaswamy Stadium,False,True,58,9,9.666666666666666,81,8.379310344827587,20,182,101,10.333333333333334,9.774193548387096,2,8
9.5,9,5,59,Iqbal Abdulla,MS Dhoni,0,False,1.0,20,Bangalore,M Chinnaswamy Stadium,False,True,59,9,9.833333333333334,81,8.23728813559322,20,182,101,10.166666666666666,9.934426229508198,2,8
9.6,9,6,60,Iqbal Abdulla,MS Dhoni,0,False,1.0,20,Bangalore,M Chinnaswamy Stadium,False,True,60,9,10.0,81,8.1,20,182,101,10.0,10.1,2,8
10.1,10,1,61,David Wiese,Suresh Raina,1,False,-0.5,20,Bangalore,M Chinnaswamy Stadium,False,True,61,10,10.166666666666666,82,8.065573770491804,20,182,100,9.833333333333334,10.169491525423728,2,8
10.2,10,2,62,David Wiese,MS Dhoni,1,False,-0.5,20,Bangalore,M Chinnaswamy Stadium,False,True,62,10,10.333333333333334,83,8.032258064516128,20,182,99,9.666666666666666,10.241379310344827,2,8
10.3,10,3,63,David Wiese,Suresh Raina,1,False,-0.5,20,Bangalore,M Chinnaswamy Stadium,False,True,63,10,10.5,84,8.0,20,182,98,9.5,10.31578947368421,2,8
10.4,10,4,64,David Wiese,MS Dhoni,4,False,-2.0,20,Bangalore,M Chinnaswamy Stadium,False,True,64,10,10.666666666666666,88,8.25,20,182,94,9.333333333333334,10.071428571428571,2,8
10.5,10,5,65,David Wiese,MS Dhoni,1,False,-0.5,20,Bangalore,M Chinnaswamy Stadium,False,True,65,10,10.833333333333334,89,8.215384615384615,20,182,93,9.166666666666666,10.145454545454546,2,8
10.6,10,6,66,David Wiese,Suresh Raina,1,False,-0.5,20,Bangalore,M Chinnaswamy Stadium,False,True,66,10,11.0,90,8.181818181818182,20,182,92,9.0,10.222222222222221,2,8
11.1,11,1,67,Iqbal Abdulla,Suresh Raina,4,False,-2.0,20,Bangalore,M Chinnaswamy Stadium,False,True,67,11,11.166666666666666,94,8.417910447761194,20,182,88,8.833333333333334,9.962264150943396,2,8
11.2,11,2,68,Iqbal Abdulla,Suresh Raina,0,False,1.0,20,Bangalore,M Chinnaswamy Stadium,False,True,68,11,11.333333333333334,94,8.294117647058822,20,182,88,8.666666666666666,10.153846153846155,2,8
11.3,11,3,69,Iqbal Abdulla,Suresh Raina,1,False,-0.5,20,Bangalore,M Chinnaswamy Stadium,False,True,69,11,11.5,95,8.26086956521739,20,182,87,8.5,10.235294117647058,2,8
11.4,11,4,70,Iqbal Abdulla,MS Dhoni,1,False,-1.0,20,Bangalore,M Chinnaswamy Stadium,True,False,69,11,11.5,96,8.347826086956522,20,182,86,8.5,10.117647058823529,2,8
11.4,11,4,71,Iqbal Abdulla,MS Dhoni,1,False,-0.5,20,Bangalore,M Chinnaswamy Stadium,False,True,70,11,11.666666666666666,97,8.314285714285715,20,182,85,8.333333333333334,10.2,2,8
11.5,11,5,72,Iqbal Abdulla,Suresh Raina,6,False,-3.0,20,Bangalore,M Chinnaswamy Stadium,False,True,71,11,11.833333333333334,103,8.704225352112676,20,182,79,8.166666666666666,9.673469387755103,2,8
11.6,11,6,73,Iqbal Abdulla,Suresh Raina,2,False,-1.0,20,Bangalore,M Chinnaswamy Stadium,False,True,72,11,12.0,105,8.75,20,182,77,8.0,9.625,2,8
12.1,12,1,74,Yuzvendra Chahal,MS Dhoni,1,False,-0.5,20,Bangalore,M Chinnaswamy Stadium,False,True,73,12,12.166666666666666,106,8.712328767123289,20,182,76,7.833333333333334,9.702127659574467,2,8
12.2,12,2,75,Yuzvendra Chahal,Suresh Raina,6,False,-3.0,20,Bangalore,M Chinnaswamy Stadium,False,True,74,12,12.333333333333334,112,9.08108108108108,20,182,70,7.666666666666666,9.130434782608697,2,8
12.3,12,3,76,Yuzvendra Chahal,Suresh Raina,6,False,-3.0,20,Bangalore,M Chinnaswamy Stadium,False,True,75,12,12.5,118,9.44,20,182,64,7.5,8.533333333333333,2,8
12.4,12,4,77,Yuzvendra Chahal,Suresh Raina,6,False,-3.0,20,Bangalore,M Chinnaswamy Stadium,False,True,76,12,12.666666666666666,124,9.789473684210527,20,182,58,7.333333333333334,7.909090909090908,2,8
12.5,12,5,78,Yuzvendra Chahal,Suresh Raina,0,True,5.0,20,Bangalore,M Chinnaswamy Stadium,False,True,77,12,12.833333333333334,124,9.662337662337661,20,182,58,7.166666666666666,8.093023255813954,3,7
12.6,12,6,79,Yuzvendra Chahal,MS Dhoni,0,False,1.0,20,Bangalore,M Chinnaswamy Stadium,False,True,78,12,13.0,124,9.538461538461538,20,182,58,7.0,8.285714285714286,3,7
13.1,13,1,80,Harshal Patel,Ravindra Jadeja,2,False,-1.0,20,Bangalore,M Chinnaswamy Stadium,False,True,79,13,13.166666666666666,126,9.569620253164558,20,182,56,6.833333333333334,8.195121951219512,3,7
13.2,13,2,81,Harshal Patel,Ravindra Jadeja,0,False,1.0,20,Bangalore,M Chinnaswamy Stadium,False,True,80,13,13.333333333333334,126,9.45,20,182,56,6.666666666666666,8.4,3,7
13.3,13,3,82,Harshal Patel,Ravindra Jadeja,4,False,-2.0,20,Bangalore,M Chinnaswamy Stadium,False,True,81,13,13.5,130,9.62962962962963,20,182,52,6.5,8.0,3,7
13.4,13,4,83,Harshal Patel,Ravindra Jadeja,1,False,-0.5,20,Bangalore,M Chinnaswamy Stadium,False,True,82,13,13.666666666666666,131,9.585365853658537,20,182,51,6.333333333333334,8.052631578947368,3,7
13.5,13,5,84,Harshal Patel,MS Dhoni,1,False,-0.5,20,Bangalore,M Chinnaswamy Stadium,False,True,83,13,13.833333333333334,132,9.542168674698795,20,182,50,6.166666666666666,8.108108108108109,3,7
13.6,13,6,85,Harshal Patel,Ravindra Jadeja,0,False,1.0,20,Bangalore,M Chinnaswamy Stadium,False,True,84,13,14.0,132,9.428571428571429,20,182,50,6.0,8.333333333333334,3,7
14.1,14,1,86,Yuzvendra Chahal,MS Dhoni,0,True,5.0,20,Bangalore,M Chinnaswamy Stadium,False,True,85,14,14.166666666666666,132,9.31764705882353,20,182,50,5.833333333333334,8.571428571428571,4,6
14.2,14,2,87,Yuzvendra Chahal,Ravindra Jadeja,0,False,1.0,20,Bangalore,M Chinnaswamy Stadium,False,True,86,14,14.333333333333334,132,9.209302325581396,20,182,50,5.666666666666666,8.823529411764707,4,6
14.3,14,3,88,Yuzvendra Chahal,Ravindra Jadeja,1,False,-0.5,20,Bangalore,M Chinnaswamy Stadium,False,True,87,14,14.5,133,9.172413793103448,20,182,49,5.5,8.909090909090908,4,6
14.4,14,4,89,Yuzvendra Chahal,du Plessis,0,False,1.0,20,Bangalore,M Chinnaswamy Stadium,False,True,88,14,14.666666666666666,133,9.068181818181818,20,182,49,5.333333333333334,9.187499999999998,4,6
14.5,14,5,90,Yuzvendra Chahal,du Plessis,0,False,1.0,20,Bangalore,M Chinnaswamy Stadium,False,True,89,14,14.833333333333334,133,8.96629213483146,20,182,49,5.166666666666666,9.483870967741936,4,6
14.6,14,6,91,Yuzvendra Chahal,du Plessis,1,False,-0.5,20,Bangalore,M Chinnaswamy Stadium,False,True,90,14,15.0,134,8.933333333333334,20,182,48,5.0,9.6,4,6
15.1,15,1,92,Iqbal Abdulla,du Plessis,1,False,-0.5,20,Bangalore,M Chinnaswamy Stadium,False,True,91,15,15.166666666666666,135,8.901098901098901,20,182,47,4.833333333333334,9.724137931034482,4,6
15.2,15,2,93,Iqbal Abdulla,Ravindra Jadeja,0,True,5.0,20,Bangalore,M Chinnaswamy Stadium,False,True,92,15,15.333333333333334,135,8.804347826086957,20,182,47,4.666666666666666,10.071428571428573,5,5
15.3,15,3,94,Iqbal Abdulla,du Plessis,0,False,1.0,20,Bangalore,M Chinnaswamy Stadium,False,True,93,15,15.5,135,8.709677419354838,20,182,47,4.5,10.444444444444445,5,5
15.4,15,4,95,Iqbal Abdulla,du Plessis,0,False,1.0,20,Bangalore,M Chinnaswamy Stadium,False,True,94,15,15.666666666666666,135,8.617021276595745,20,182,47,4.333333333333334,10.846153846153845,5,5
15.5,15,5,96,Iqbal Abdulla,du Plessis,4,False,-2.0,20,Bangalore,M Chinnaswamy Stadium,False,True,95,15,15.833333333333334,139,8.778947368421052,20,182,43,4.166666666666666,10.320000000000002,5,5
15.6,15,6,97,Iqbal Abdulla,du Plessis,1,False,-0.5,20,Bangalore,M Chinnaswamy Stadium,False,True,96,15,16.0,140,8.75,20,182,42,4.0,10.5,5,5
16.1,16,1,98,Mitchell Starc,du Plessis,4,False,-2.0,20,Bangalore,M Chinnaswamy Stadium,False,True,97,16,16.166666666666668,144,8.90721649484536,20,182,38,3.833333333333332,9.913043478260873,5,5
16.2,16,2,99,Mitchell Starc,du Plessis,1,False,-0.5,20,Bangalore,M Chinnaswamy Stadium,False,True,98,16,16.333333333333332,145,8.877551020408164,20,182,37,3.666666666666668,10.090909090909088,5,5
16.3,16,3,100,Mitchell Starc,Dwayne Bravo,1,False,-0.5,20,Bangalore,M Chinnaswamy Stadium,False,True,99,16,16.5,146,8.848484848484848,20,182,36,3.5,10.285714285714286,5,5
16.4,16,4,101,Mitchell Starc,du Plessis,4,False,-2.0,20,Bangalore,M Chinnaswamy Stadium,False,True,100,16,16.666666666666668,150,9.0,20,182,32,3.333333333333332,9.600000000000003,5,5
16.5,16,5,102,Mitchell Starc,du Plessis,1,False,-0.5,20,Bangalore,M Chinnaswamy Stadium,False,True,101,16,16.833333333333332,151,8.970297029702971,20,182,31,3.166666666666668,9.789473684210522,5,5
16.6,16,6,103,Mitchell Starc,Dwayne Bravo,4,False,-2.0,20,Bangalore,M Chinnaswamy Stadium,False,True,102,16,17.0,155,9.117647058823529,20,182,27,3.0,9.0,5,5
17.1,17,1,104,Iqbal Abdulla,du Plessis,1,False,-0.5,20,Bangalore,M Chinnaswamy Stadium,False,True,103,17,17.166666666666668,156,9.087378640776699,20,182,26,2.833333333333332,9.176470588235299,5,5
17.2,17,2,105,Iqbal Abdulla,Dwayne Bravo,0,False,1.0,20,Bangalore,M Chinnaswamy Stadium,False,True,104,17,17.333333333333332,156,9.0,20,182,26,2.666666666666668,9.749999999999996,5,5
17.3,17,3,106,Iqbal Abdulla,Dwayne Bravo,0,True,5.0,20,Bangalore,M Chinnaswamy Stadium,False,True,105,17,17.5,156,8.914285714285715,20,182,26,2.5,10.4,6,4
17.4,17,4,107,Iqbal Abdulla,du Plessis,1,False,-1.0,20,Bangalore,M Chinnaswamy Stadium,True,False,105,17,17.5,157,8.971428571428572,20,182,25,2.5,10.0,6,4
17.4,17,4,108,Iqbal Abdulla,du Plessis,1,False,-0.5,20,Bangalore,M Chinnaswamy Stadium,False,True,106,17,17.666666666666668,158,8.943396226415095,20,182,24,2.333333333333332,10.285714285714292,6,4
17.5,17,5,109,Iqbal Abdulla,Ravichandran Ashwin,1,False,-0.5,20,Bangalore,M Chinnaswamy Stadium,False,True,107,17,17.833333333333332,159,8.915887850467291,20,182,23,2.166666666666668,10.61538461538461,6,4
17.6,17,6,110,Iqbal Abdulla,du Plessis,4,False,-2.0,20,Bangalore,M Chinnaswamy Stadium,False,True,108,17,18.0,163,9.055555555555555,20,182,19,2.0,9.5,6,4
18.1,18,1,111,David Wiese,Ravichandran Ashwin,4,False,-2.0,20,Bangalore,M Chinnaswamy Stadium,False,True,109,18,18.166666666666668,167,9.192660550458715,20,182,15,1.8333333333333321,8.181818181818187,6,4
18.2,18,2,112,David Wiese,Ravichandran Ashwin,1,False,-1.0,20,Bangalore,M Chinnaswamy Stadium,True,False,109,18,18.166666666666668,168,9.247706422018348,20,182,14,1.8333333333333321,7.636363636363641,6,4
18.2,18,2,113,David Wiese,Ravichandran Ashwin,0,True,5.0,20,Bangalore,M Chinnaswamy Stadium,False,True,110,18,18.333333333333332,168,9.163636363636364,20,182,14,1.6666666666666679,8.399999999999993,7,3
18.3,18,3,114,David Wiese,Mohit Sharma,1,False,-0.5,20,Bangalore,M Chinnaswamy Stadium,False,True,111,18,18.5,169,9.135135135135135,20,182,13,1.5,8.666666666666666,7,3
18.4,18,4,115,David Wiese,du Plessis,1,False,-0.5,20,Bangalore,M Chinnaswamy Stadium,False,True,112,18,18.666666666666668,170,9.107142857142856,20,182,12,1.3333333333333321,9.000000000000009,7,3
18.5,18,5,116,David Wiese,Mohit Sharma,1,False,-0.5,20,Bangalore,M Chinnaswamy Stadium,False,True,113,18,18.833333333333332,171,9.079646017699115,20,182,11,1.1666666666666679,9.428571428571418,7,3
18.6,18,6,117,David Wiese,du Plessis,6,False,-3.0,20,Bangalore,M Chinnaswamy Stadium,False,True,114,18,19.0,177,9.31578947368421,20,182,5,1.0,5.0,7,3
19.1,19,1,118,Mitchell Starc,Mohit Sharma,0,False,1.0,20,Bangalore,M Chinnaswamy Stadium,False,True,115,19,19.166666666666668,177,9.234782608695651,20,182,5,0.8333333333333321,6.000000000000009,7,3
19.2,19,2,119,Mitchell Starc,Mohit Sharma,0,False,1.0,20,Bangalore,M Chinnaswamy Stadium,False,True,116,19,19.333333333333332,177,9.155172413793103,20,182,5,0.6666666666666679,7.499999999999987,7,3
19.3,19,3,120,Mitchell Starc,Mohit Sharma,0,False,1.0,20,Bangalore,M Chinnaswamy Stadium,False,True,117,19,19.5,177,9.076923076923077,20,182,5,0.5,10.0,7,3
19.4,19,4,121,Mitchell Starc,Mohit Sharma,0,True,5.0,20,Bangalore,M Chinnaswamy Stadium,False,True,118,19,19.666666666666668,177,9.0,20,182,5,0.33333333333333215,15.000000000000053,8,2
19.5,19,5,122,Mitchell Starc,Ashish Nehra,1,False,-0.25,20,Bangalore,M Chinnaswamy Stadium,False,True,119,19,19.833333333333332,178,8.974789915966387,20,182,4,0.16666666666666785,23.99999999999983,8,2
19.6,19,6,123,Mitchell Starc,du Plessis,3,False,-1.5,20,Bangalore,M Chinnaswamy Stadium,False,True,120,19,20.0,181,9.05,20,182,1,0.0,inf,8,2
