Ball Number,over,ball,Ball,bowler,batsman,Runs,is_wicket,bowler_score,match_id,city,stadium,is_extra,legal_delivery,legal_deliveries_count,overs_completed,overs_bowled,total_runs,current_run_rate,total_overs,target,runs_needed,overs_remaining,required_run_rate,wickets_fallen,wickets_in_hand
0.1,0,1,1,Ishwar Pandey,Manvinder  Bisla,0,False,1.0,20,Bangalore,M Chinnaswamy Stadium,False,True,1,0,0.16666666666666666,0,0.0,20,182,182,19.833333333333332,9.176470588235295,0,10
0.2,0,2,2,Ishwar Pandey,Manvinder  Bisla,4,False,-2.0,20,Bangalore,M Chinnaswamy Stadium,False,True,2,0,0.3333333333333333,4,12.0,20,182,178,19.666666666666668,9.050847457627118,0,10
0.3,0,3,3,Ishwar Pandey,Manvinder  Bisla,0,False,1.0,20,Bangalore,M Chinnaswamy Stadium,False,True,3,0,0.5,4,8.0,20,182,178,19.5,9.128205128205128,0,10
0.4,0,4,4,Ishwar Pandey,Manvinder  Bisla,0,False,1.0,20,Bangalore,M Chinnaswamy Stadium,False,True,4,0,0.6666666666666666,4,6.0,20,182,178,19.333333333333332,9.206896551724139,0,10
0.5,0,5,5,Ishwar Pandey,Manvinder  Bisla,4,False,-2.0,20,Bangalore,M Chinnaswamy Stadium,False,True,5,0,0.8333333333333334,8,9.6,20,182,174,19.166666666666668,9.078260869565216,0,10
0.6,0,6,6,Ishwar Pandey,Manvinder  Bisla,0,False,1.0,20,Bangalore,M Chinnaswamy Stadium,False,True,6,0,1.0,8,8.0,20,182,174,19.0,9.157894736842104,0,10
1.1,1,1,7,Ashish Nehra,Rilee Rossouw,1,False,-0.5,20,Bangalore,M Chinnaswamy Stadium,False,True,7,1,1.1666666666666667,9,7.7142857142857135,20,182,173,18.833333333333332,9.185840707964603,0,10
1.2,1,2,8,Ashish Nehra,Manvinder  Bisla,0,False,1.0,20,Bangalore,M Chinnaswamy Stadium,False,True,8,1,1.3333333333333333,9,6.75,20,182,173,18.666666666666668,9.267857142857142,0,10
1.3,1,3,9,Ashish Nehra,Manvinder  Bisla,1,False,-0.5,20,Bangalore,M Chinnaswamy Stadium,False,True,9,1,1.5,10,6.666666666666667,20,182,172,18.5,9.297297297297296,0,10
1.4,1,4,10,Ashish Nehra,Rilee Rossouw,1,False,-0.25,20,Bangalore,M Chinnaswamy Stadium,False,True,10,1,1.6666666666666665,11,6.6000000000000005,20,182,171,18.333333333333332,9.327272727272728,0,10
1.5,1,5,11,Ashish Nehra,Manvinder  Bisla,1,False,-0.5,20,Bangalore,M Chinnaswamy Stadium,False,True,11,1,1.8333333333333335,12,6.545454545454545,20,182,170,18.166666666666668,9.357798165137615,0,10
1.6,1,6,12,Ashish Nehra,Rilee Rossouw,0,False,1.0,20,Bangalore,M Chinnaswamy Stadium,False,True,12,1,2.0,12,6.0,20,182,170,18.0,9.444444444444445,0,10
2.1,2,1,13,Mohit Sharma,Manvinder  Bisla,4,False,-2.0,20,Bangalore,M Chinnaswamy Stadium,False,True,13,2,2.1666666666666665,16,7.384615384615385,20,182,166,17.833333333333332,9.308411214953273,0,10
2.2,2,2,14,Mohit Sharma,Manvinder  Bisla,3,False,-1.5,20,Bangalore,M Chinnaswamy Stadium,False,True,14,2,2.3333333333333335,19,8.142857142857142,20,182,163,17.666666666666668,9.226415094339622,0,10
2.3,2,3,15,Mohit Sharma,Rilee Rossouw,2,False,-1.0,20,Bangalore,M Chinnaswamy Stadium,False,True,15,2,2.5,21,8.4,20,182,161,17.5,9.2,0,10
2.4,2,4,16,Mohit Sharma,Rilee Rossouw,6,False,-3.0,20,Bangalore,M Chinnaswamy Stadium,False,True,16,2,2.6666666666666665,27,10.125,20,182,155,17.333333333333332,8.942307692307693,0,10
2.5,2,5,17,Mohit Sharma,Rilee Rossouw,0,False,1.0,20,Bangalore,M Chinnaswamy Stadium,False,True,17,2,2.8333333333333335,27,9.529411764705882,20,182,155,17.166666666666668,9.029126213592232,0,10
2.6,2,6,18,Mohit Sharma,Rilee Rossouw,4,False,-2.0,20,Bangalore,M Chinnaswamy Stadium,False,True,18,2,3.0,31,10.333333333333334,20,182,151,17.0,8.882352941176471,0,10
3.1,3,1,19,Ashish Nehra,Manvinder  Bisla,0,False,1.0,20,Bangalore,M Chinnaswamy Stadium,False,True,19,3,3.1666666666666665,31,9.789473684210527,20,182,151,16.833333333333332,8.970297029702971,0,10
3.2,3,2,20,Ashish Nehra,Manvinder  Bisla,0,False,1.0,20,Bangalore,M Chinnaswamy Stadium,False,True,20,3,3.3333333333333335,31,9.299999999999999,20,182,151,16.666666666666668,9.059999999999999,0,10
3.3,3,3,21,Ashish Nehra,Manvinder  Bisla,0,True,5.0,20,Bangalore,M Chinnaswamy Stadium,False,True,21,3,3.5,31,8.857142857142858,20,182,151,16.5,9.151515151515152,1,9
3.4,3,4,22,Ashish Nehra,Rilee Rossouw,1,False,-0.5,20,Bangalore,M Chinnaswamy Stadium,False,True,22,3,3.6666666666666665,32,8.727272727272728,20,182,150,16.333333333333332,9.183673469387756,1,9
3.5,3,5,23,Ashish Nehra,Virat Kohli,1,False,-0.5,20,Bangalore,M Chinnaswamy Stadium,False,True,23,3,3.8333333333333335,33,8.608695652173912,20,182,149,16.166666666666668,9.216494845360824,1,9
3.6,3,6,24,Ashish Nehra,Rilee Rossouw,0,True,5.0,20,Bangalore,M Chinnaswamy Stadium,False,True,24,3,4.0,33,8.25,20,182,149,16.0,9.3125,2,8
4.1,4,1,25,Mohit Sharma,Virat Kohli,0,False,1.0,20,Bangalore,M Chinnaswamy Stadium,False,True,25,4,4.166666666666667,33,7.919999999999999,20,182,149,15.833333333333332,9.410526315789474,2,8
4.2,4,2,26,Mohit Sharma,Virat Kohli,0,False,1.0,20,Bangalore,M Chinnaswamy Stadium,False,True,26,4,4.333333333333333,33,7.615384615384616,20,182,149,15.666666666666668,9.51063829787234,2,8
4.3,4,3,27,Mohit Sharma,Virat Kohli,0,False,1.0,20,Bangalore,M Chinnaswamy Stadium,False,True,27,4,4.5,33,7.333333333333333,20,182,149,15.5,9.612903225806452,2,8
4.4,4,4,28,Mohit Sharma,Virat Kohli,1,False,-0.5,20,Bangalore,M Chinnaswamy Stadium,False,True,28,4,4.666666666666667,34,7.285714285714286,20,182,148,15.333333333333332,9.652173913043478,2,8
4.5,4,5,29,Mohit Sharma,Dinesh Karthik,0,False,1.0,20,Bangalore,M Chinnaswamy Stadium,False,True,29,4,4.833333333333333,34,7.03448275862069,20,182,148,15.166666666666668,9.758241758241757,2,8
4.6,4,6,30,Mohit Sharma,Dinesh Karthik,0,False,1.0,20,Bangalore,M Chinnaswamy Stadium,False,True,30,4,5.0,34,6.8,20,182,148,15.0,9.866666666666667,2,8
5.1,5,1,31,Ashish Nehra,Virat Kohli,2,False,-1.0,20,Bangalore,M Chinnaswamy Stadium,False,True,31,5,5.166666666666667,36,6.967741935483871,20,182,146,14.833333333333332,9.842696629213483,2,8
5.2,5,2,32,Ashish Nehra,Virat Kohli,0,False,1.0,20,Bangalore,M Chinnaswamy Stadium,False,True,32,5,5.333333333333333,36,6.75,20,182,146,14.666666666666668,9.954545454545453,2,8
5.3,5,3,33,Ashish Nehra,Virat Kohli,0,False,1.0,20,Bangalore,M Chinnaswamy Stadium,False,True,33,5,5.5,36,6.545454545454546,20,182,146,14.5,10.068965517241379,2,8
5.4,5,4,34,Ashish Nehra,Virat Kohli,0,False,1.0,20,Bangalore,M Chinnaswamy Stadium,False,True,34,5,5.666666666666667,36,6.352941176470588,20,182,146,14.333333333333332,10.186046511627907,2,8
5.5,5,5,35,Ashish Nehra,Virat Kohli,1,False,-0.5,20,Bangalore,M Chinnaswamy Stadium,False,True,35,5,5.833333333333333,37,6.342857142857143,20,182,145,14.166666666666668,10.235294117647058,2,8
5.6,5,6,36,Ashish Nehra,Dinesh Karthik,1,False,-0.5,20,Bangalore,M Chinnaswamy Stadium,False,True,36,5,6.0,38,6.333333333333333,20,182,144,14.0,10.285714285714286,2,8
6.1,6,1,37,Mohit Sharma,Dinesh Karthik,0,False,1.0,20,Bangalore,M Chinnaswamy Stadium,False,True,37,6,6.166666666666667,38,6.162162162162162,20,182,144,13.833333333333332,10.409638554216869,2,8
6.2,6,2,38,Mohit Sharma,Dinesh Karthik,2,False,-1.0,20,Bangalore,M Chinnaswamy Stadium,False,True,38,6,6.333333333333333,40,6.315789473684211,20,182,142,13.666666666666668,10.390243902439023,2,8
6.3,6,3,39,Mohit Sharma,Dinesh Karthik,1,False,-0.5,20,Bangalore,M Chinnaswamy Stadium,False,True,39,6,6.5,41,6.3076923076923075,20,182,141,13.5,10.444444444444445,2,8
6.4,6,4,40,Mohit Sharma,Virat Kohli,1,False,-0.5,20,Bangalore,M Chinnaswamy Stadium,False,True,40,6,6.666666666666667,42,6.3,20,182,140,13.333333333333332,10.500000000000002,2,8
6.5,6,5,41,Mohit Sharma,Dinesh Karthik,1,False,-0.5,20,Bangalore,M Chinnaswamy Stadium,False,True,41,6,6.833333333333333,43,6.2926829268292686,20,182,139,13.166666666666668,10.556962025316455,2,8
6.6,6,6,42,Mohit Sharma,Virat Kohli,1,False,-0.5,20,Bangalore,M Chinnaswamy Stadium,False,True,42,6,7.0,44,6.285714285714286,20,182,138,13.0,10.615384615384615,2,8
7.1,7,1,43,Ravichandran Ashwin,Virat Kohli,1,False,-0.5,20,Bangalore,M Chinnaswamy Stadium,False,True,43,7,7.166666666666667,45,6.27906976744186,20,182,137,12.833333333333332,10.675324675324676,2,8
7.2,7,2,44,Ravichandran Ashwin,Dinesh Karthik,4,False,-2.0,20,Bangalore,M Chinnaswamy Stadium,False,True,44,7,7.333333333333333,49,6.681818181818182,20,182,133,12.666666666666668,10.499999999999998,2,8
7.3,7,3,45,Ravichandran Ashwin,Dinesh Karthik,1,False,-0.5,20,Bangalore,M Chinnaswamy Stadium,False,True,45,7,7.5,50,6.666666666666667,20,182,132,12.5,10.56,2,8
7.4,7,4,46,Ravichandran Ashwin,Virat Kohli,6,False,-3.0,20,Bangalore,M Chinnaswamy Stadium,False,True,46,7,7.666666666666667,56,7.304347826086956,20,182,126,12.333333333333332,10.216216216216218,2,8
7.5,7,5,47,Ravichandran Ashwin,Virat Kohli,4,False,-2.0,20,Bangalore,M Chinnaswamy Stadium,False,True,47,7,7.833333333333333,60,7.659574468085107,20,182,122,12.166666666666668,10.027397260273972,2,8
7.5,7,5,48,Ravichandran Ashwin,Virat Kohli,1,False,-1.0,20,Bangalore,M Chinnaswamy Stadium,True,False,47,7,7.833333333333333,61,7.787234042553192,20,182,121,12.166666666666668,9.945205479452055,2,8
7.6,7,6,49,Ravichandran Ashwin,Virat Kohli,0,False,1.0,20,Bangalore,M Chinnaswamy Stadium,False,True,48,7,8.0,61,7.625,20,182,121,12.0,10.083333333333334,2,8
8.1,8,1,50,Ishwar Pandey,Dinesh Karthik,0,False,1.0,20,Bangalore,M Chinnaswamy Stadium,False,True,49,8,8.166666666666666,61,7.469387755102042,20,182,121,11.833333333333334,10.225352112676056,2,8
8.2,8,2,51,Ishwar Pandey,Dinesh Karthik,0,True,5.0,20,Bangalore,M Chinnaswamy Stadium,False,True,50,8,8.333333333333334,61,7.319999999999999,20,182,121,11.666666666666666,10.371428571428572,3,7
8.3,8,3,52,Ishwar Pandey,Virat Kohli,1,False,-0.5,20,Bangalore,M Chinnaswamy Stadium,False,True,51,8,8.5,62,7.294117647058823,20,182,120,11.5,10.434782608695652,3,7
8.4,8,4,53,Ishwar Pandey,de Villiers,0,False,1.0,20,Bangalore,M Chinnaswamy Stadium,False,True,52,8,8.666666666666666,62,7.153846153846154,20,182,120,11.333333333333334,10.588235294117647,3,7
8.5,8,5,54,Ishwar Pandey,de Villiers,0,False,1.0,20,Bangalore,M Chinnaswamy Stadium,False,True,53,8,8.833333333333334,62,7.018867924528301,20,182,120,11.166666666666666,10.746268656716419,3,7
8.6,8,6,55,Ishwar Pandey,de Villiers,0,False,1.0,20,Bangalore,M Chinnaswamy Stadium,False,True,54,8,9.0,62,6.888888888888889,20,182,120,11.0,10.909090909090908,3,7
9.1,9,1,56,Ravindra Jadeja,Virat Kohli,4,False,-2.0,20,Bangalore,M Chinnaswamy Stadium,False,True,55,9,9.166666666666666,66,7.2,20,182,116,10.833333333333334,10.707692307692307,3,7
9.2,9,2,57,Ravindra Jadeja,Virat Kohli,1,False,-0.5,20,Bangalore,M Chinnaswamy Stadium,False,True,56,9,9.333333333333334,67,7.178571428571428,20,182,115,10.666666666666666,10.78125,3,7
9.3,9,3,58,Ravindra Jadeja,de Villiers,0,False,1.0,20,Bangalore,M Chinnaswamy Stadium,False,True,57,9,9.5,67,7.052631578947368,20,182,115,10.5,10.952380952380953,3,7
9.4,9,4,59,Ravindra Jadeja,de Villiers,1,False,-0.5,20,Bangalore,M Chinnaswamy Stadium,False,True,58,9,9.666666666666666,68,7.03448275862069,20,182,114,10.333333333333334,11.032258064516128,3,7
9.5,9,5,60,Ravindra Jadeja,Virat Kohli,1,False,-0.5,20,Bangalore,M Chinnaswamy Stadium,False,True,59,9,9.833333333333334,69,7.016949152542373,20,182,113,10.166666666666666,11.114754098360656,3,7
9.6,9,6,61,Ravindra Jadeja,de Villiers,6,False,-3.0,20,Bangalore,M Chinnaswamy Stadium,False,True,60,9,10.0,75,7.5,20,182,107,10.0,10.7,3,7
10.1,10,1,62,Ishwar Pandey,Virat Kohli,1,False,-0.5,20,Bangalore,M Chinnaswamy Stadium,False,True,61,10,10.166666666666666,76,7.475409836065574,20,182,106,9.833333333333334,10.779661016949152,3,7
10.2,10,2,63,Ishwar Pandey,de Villiers,0,False,1.0,20,Bangalore,M Chinnaswamy Stadium,False,True,62,10,10.333333333333334,76,7.354838709677419,20,182,106,9.666666666666666,10.965517241379311,3,7
10.3,10,3,64,Ishwar Pandey,de Villiers,0,False,1.0,20,Bangalore,M Chinnaswamy Stadium,False,True,63,10,10.5,76,7.238095238095238,20,182,106,9.5,11.157894736842104,3,7
10.4,10,4,65,Ishwar Pandey,de Villiers,1,False,-0.5,20,Bangalore,M Chinnaswamy Stadium,False,True,64,10,10.666666666666666,77,7.21875,20,182,105,9.333333333333334,11.25,3,7
10.5,10,5,66,Ishwar Pandey,Virat Kohli,1,False,-0.5,20,Bangalore,M Chinnaswamy Stadium,False,True,65,10,10.833333333333334,78,7.199999999999999,20,182,104,9.166666666666666,11.345454545454546,3,7
10.6,10,6,67,Ishwar Pandey,de Villiers,6,False,-3.0,20,Bangalore,M Chinnaswamy Stadium,False,True,66,10,11.0,84,7.636363636363637,20,182,98,9.0,10.88888888888889,3,7
11.1,11,1,68,Ravindra Jadeja,Virat Kohli,0,False,1.0,20,Bangalore,M Chinnaswamy Stadium,False,True,67,11,11.166666666666666,84,7.522388059701493,20,182,98,8.833333333333334,11.094339622641508,3,7
11.2,11,2,69,Ravindra Jadeja,Virat Kohli,0,False,1.0,20,Bangalore,M Chinnaswamy Stadium,False,True,68,11,11.333333333333334,84,7.411764705882352,20,182,98,8.666666666666666,11.307692307692308,3,7
11.3,11,3,70,Ravindra Jadeja,Virat Kohli,0,True,5.0,20,Bangalore,M Chinnaswamy Stadium,False,True,69,11,11.5,84,7.304347826086956,20,182,98,8.5,11.529411764705882,4,6
11.4,11,4,71,Ravindra Jadeja,Sarfaraz Khan,0,False,1.0,20,Bangalore,M Chinnaswamy Stadium,False,True,70,11,11.666666666666666,84,7.2,20,182,98,8.333333333333334,11.76,4,6
11.5,11,5,72,Ravindra Jadeja,Sarfaraz Khan,1,False,-0.5,20,Bangalore,M Chinnaswamy Stadium,False,True,71,11,11.833333333333334,85,7.183098591549295,20,182,97,8.166666666666666,11.877551020408164,4,6
11.6,11,6,73,Ravindra Jadeja,Virat Kohli,0,False,1.0,20,Bangalore,M Chinnaswamy Stadium,False,True,72,11,12.0,85,7.083333333333333,20,182,97,8.0,12.125,4,6
12.1,12,1,74,Ishwar Pandey,Sarfaraz Khan,1,False,-0.5,20,Bangalore,M Chinnaswamy Stadium,False,True,73,12,12.166666666666666,86,7.068493150684932,20,182,96,7.833333333333334,12.25531914893617,4,6
12.2,12,2,75,Ishwar Pandey,Virat Kohli,0,False,1.0,20,Bangalore,M Chinnaswamy Stadium,False,True,74,12,12.333333333333334,86,6.972972972972973,20,182,96,7.666666666666666,12.521739130434783,4,6
12.3,12,3,76,Ishwar Pandey,Virat Kohli,1,False,-0.5,20,Bangalore,M Chinnaswamy Stadium,False,True,75,12,12.5,87,6.96,20,182,95,7.5,12.666666666666666,4,6
12.4,12,4,77,Ishwar Pandey,Sarfaraz Khan,1,False,-0.5,20,Bangalore,M Chinnaswamy Stadium,False,True,76,12,12.666666666666666,88,6.947368421052632,20,182,94,7.333333333333334,12.818181818181817,4,6
12.5,12,5,78,Ishwar Pandey,Virat Kohli,0,False,1.0,20,Bangalore,M Chinnaswamy Stadium,False,True,77,12,12.833333333333334,88,6.857142857142857,20,182,94,7.166666666666666,13.116279069767442,4,6
12.6,12,6,79,Ishwar Pandey,Virat Kohli,0,False,1.0,20,Bangalore,M Chinnaswamy Stadium,False,True,78,12,13.0,88,6.769230769230769,20,182,94,7.0,13.428571428571429,4,6
13.1,13,1,80,Ravindra Jadeja,Sarfaraz Khan,6,False,-3.0,20,Bangalore,M Chinnaswamy Stadium,False,True,79,13,13.166666666666666,94,7.139240506329115,20,182,88,6.833333333333334,12.878048780487804,4,6
13.2,13,2,81,Ravindra Jadeja,Sarfaraz Khan,2,False,-1.0,20,Bangalore,M Chinnaswamy Stadium,False,True,80,13,13.333333333333334,96,7.199999999999999,20,182,86,6.666666666666666,12.9,4,6
13.3,13,3,82,Ravindra Jadeja,Sarfaraz Khan,0,True,5.0,20,Bangalore,M Chinnaswamy Stadium,False,True,81,13,13.5,96,7.111111111111111,20,182,86,6.5,13.23076923076923,5,5
13.4,13,4,83,Ravindra Jadeja,David Wiese,1,False,-0.5,20,Bangalore,M Chinnaswamy Stadium,False,True,82,13,13.666666666666666,97,7.097560975609756,20,182,85,6.333333333333334,13.421052631578947,5,5
13.5,13,5,84,Ravindra Jadeja,Virat Kohli,0,False,1.0,20,Bangalore,M Chinnaswamy Stadium,False,True,83,13,13.833333333333334,97,7.012048192771084,20,182,85,6.166666666666666,13.783783783783786,5,5
13.6,13,6,85,Ravindra Jadeja,Virat Kohli,1,False,-0.5,20,Bangalore,M Chinnaswamy Stadium,False,True,84,13,14.0,98,7.0,20,182,84,6.0,14.0,5,5
14.1,14,1,86,Dwayne Bravo,Virat Kohli,2,False,-1.0,20,Bangalore,M Chinnaswamy Stadium,False,True,85,14,14.166666666666666,100,7.058823529411765,20,182,82,5.833333333333334,14.057142857142855,5,5
14.2,14,2,87,Dwayne Bravo,Virat Kohli,0,False,1.0,20,Bangalore,M Chinnaswamy Stadium,False,True,86,14,14.333333333333334,100,6.976744186046512,20,182,82,5.666666666666666,14.47058823529412,5,5
14.3,14,3,88,Dwayne Bravo,Virat Kohli,4,False,-2.0,20,Bangalore,M Chinnaswamy Stadium,False,True,87,14,14.5,104,7.172413793103448,20,182,78,5.5,14.181818181818182,5,5
14.4,14,4,89,Dwayne Bravo,Virat Kohli,1,False,-0.5,20,Bangalore,M Chinnaswamy Stadium,False,True,88,14,14.666666666666666,105,7.159090909090909,20,182,77,5.333333333333334,14.437499999999998,5,5
14.5,14,5,90,Dwayne Bravo,David Wiese,1,False,-0.5,20,Bangalore,M Chinnaswamy Stadium,False,True,89,14,14.833333333333334,106,7.146067415730337,20,182,76,5.166666666666666,14.70967741935484,5,5
14.6,14,6,91,Dwayne Bravo,Virat Kohli,4,False,-2.0,20,Bangalore,M Chinnaswamy Stadium,False,True,90,14,15.0,110,7.333333333333333,20,182,72,5.0,14.4,5,5
15.1,15,1,92,Ravindra Jadeja,David Wiese,1,False,-0.5,20,Bangalore,M Chinnaswamy Stadium,False,True,91,15,15.166666666666666,111,7.318681318681319,20,182,71,4.833333333333334,14.689655172413792,5,5
15.2,15,2,93,Ravindra Jadeja,Virat Kohli,2,False,-1.0,20,Bangalore,M Chinnaswamy Stadium,False,True,92,15,15.333333333333334,113,7.369565217391304,20,182,69,4.666666666666666,14.785714285714288,5,5
15.3,15,3,94,Ravindra Jadeja,Virat Kohli,1,False,-0.5,20,Bangalore,M Chinnaswamy Stadium,False,True,93,15,15.5,114,7.354838709677419,20,182,68,4.5,15.11111111111111,5,5
15.4,15,4,95,Ravindra Jadeja,David Wiese,1,False,-0.5,20,Bangalore,M Chinnaswamy Stadium,False,True,94,15,15.666666666666666,115,7.340425531914894,20,182,67,4.333333333333334,15.46153846153846,5,5
15.5,15,5,96,Ravindra Jadeja,Virat Kohli,6,False,-3.0,20,Bangalore,M Chinnaswamy Stadium,False,True,95,15,15.833333333333334,121,7.6421052631578945,20,182,61,4.166666666666666,14.640000000000002,5,5
15.6,15,6,97,Ravindra Jadeja,Virat Kohli,1,False,-0.5,20,Bangalore,M Chinnaswamy Stadium,False,True,96,15,16.0,122,7.625,20,182,60,4.0,15.0,5,5
16.1,16,1,98,Ashish Nehra,Virat Kohli,0,True,5.0,20,Bangalore,M Chinnaswamy Stadium,False,True,97,16,16.166666666666668,122,7.546391752577319,20,182,60,3.833333333333332,15.652173913043484,6,4
16.2,16,2,99,Ashish Nehra,Harshal Patel,0,True,5.0,20,Bangalore,M Chinnaswamy Stadium,False,True,98,16,16.333333333333332,122,7.469387755102042,20,182,60,3.666666666666668,16.36363636363636,7,3
16.3,16,3,100,Ashish Nehra,David Wiese,0,False,1.0,20,Bangalore,M Chinnaswamy Stadium,False,True,99,16,16.5,122,7.393939393939394,20,182,60,3.5,17.142857142857142,7,3
16.4,16,4,101,Ashish Nehra,David Wiese,0,False,1.0,20,Bangalore,M Chinnaswamy Stadium,False,True,100,16,16.666666666666668,122,7.319999999999999,20,182,60,3.333333333333332,18.000000000000007,7,3
16.5,16,5,102,Ashish Nehra,David Wiese,0,False,1.0,20,Bangalore,M Chinnaswamy Stadium,False,True,101,16,16.833333333333332,122,7.247524752475248,20,182,60,3.166666666666668,18.947368421052623,7,3
16.6,16,6,103,Ashish Nehra,David Wiese,1,False,-0.5,20,Bangalore,M Chinnaswamy Stadium,False,True,102,16,17.0,123,7.235294117647059,20,182,59,3.0,19.666666666666668,7,3
17.1,17,1,104,Dwayne Bravo,David Wiese,0,False,1.0,20,Bangalore,M Chinnaswamy Stadium,False,True,103,17,17.166666666666668,123,7.16504854368932,20,182,59,2.833333333333332,20.823529411764714,7,3
17.2,17,2,105,Dwayne Bravo,David Wiese,0,False,1.0,20,Bangalore,M Chinnaswamy Stadium,False,True,104,17,17.333333333333332,123,7.096153846153847,20,182,59,2.666666666666668,22.12499999999999,7,3
17.3,17,3,106,Dwayne Bravo,David Wiese,4,False,-2.0,20,Bangalore,M Chinnaswamy Stadium,False,True,105,17,17.5,127,7.257142857142857,20,182,55,2.5,22.0,7,3
17.4,17,4,107,Dwayne Bravo,David Wiese,4,False,-0.25,20,Bangalore,M Chinnaswamy Stadium,False,True,106,17,17.666666666666668,131,7.415094339622641,20,182,51,2.333333333333332,21.85714285714287,7,3
17.5,17,5,108,Dwayne Bravo,David Wiese,1,False,-0.5,20,Bangalore,M Chinnaswamy Stadium,False,True,107,17,17.833333333333332,132,7.4018691588785055,20,182,50,2.166666666666668,23.076923076923066,7,3
17.6,17,6,109,Dwayne Bravo,Mitchell Starc,1,False,-0.5,20,Bangalore,M Chinnaswamy Stadium,False,True,108,17,18.0,133,7.388888888888889,20,182,49,2.0,24.5,7,3
18.1,18,1,110,Mohit Sharma,Mitchell Starc,4,False,-2.0,20,Bangalore,M Chinnaswamy Stadium,False,True,109,18,18.166666666666668,137,7.541284403669724,20,182,45,1.8333333333333321,24.54545454545456,7,3
18.2,18,2,111,Mohit Sharma,Mitchell Starc,1,False,-0.5,20,Bangalore,M Chinnaswamy Stadium,False,True,110,18,18.333333333333332,138,7.527272727272727,20,182,44,1.6666666666666679,26.39999999999998,7,3
18.3,18,3,112,Mohit Sharma,David Wiese,0,False,1.0,20,Bangalore,M Chinnaswamy Stadium,False,True,111,18,18.5,138,7.45945945945946,20,182,44,1.5,29.333333333333332,7,3
18.4,18,4,113,Mohit Sharma,David Wiese,1,False,-0.5,20,Bangalore,M Chinnaswamy Stadium,False,True,112,18,18.666666666666668,139,7.446428571428571,20,182,43,1.3333333333333321,32.25000000000003,7,3
18.5,18,5,114,Mohit Sharma,Mitchell Starc,1,False,-0.5,20,Bangalore,M Chinnaswamy Stadium,False,True,113,18,18.833333333333332,140,7.433628318584072,20,182,42,1.1666666666666679,35.999999999999964,7,3
18.6,18,6,115,Mohit Sharma,David Wiese,6,False,-3.0,20,Bangalore,M Chinnaswamy Stadium,False,True,114,18,19.0,146,7.684210526315789,20,182,36,1.0,36.0,7,3
19.1,19,1,116,Dwayne Bravo,Mitchell Starc,1,False,-0.5,20,Bangalore,M Chinnaswamy Stadium,False,True,115,19,19.166666666666668,147,7.669565217391304,20,182,35,0.8333333333333321,42.00000000000006,7,3
19.2,19,2,117,Dwayne Bravo,David Wiese,1,False,-0.5,20,Bangalore,M Chinnaswamy Stadium,False,True,116,19,19.333333333333332,148,7.655172413793104,20,182,34,0.6666666666666679,50.99999999999991,7,3
19.3,19,3,118,Dwayne Bravo,Mitchell Starc,1,False,-0.5,20,Bangalore,M Chinnaswamy Stadium,False,True,117,19,19.5,149,7.641025641025641,20,182,33,0.5,66.0,7,3
19.4,19,4,119,Dwayne Bravo,David Wiese,0,False,1.0,20,Bangalore,M Chinnaswamy Stadium,False,True,118,19,19.666666666666668,149,7.576271186440677,20,182,33,0.33333333333333215,99.00000000000036,7,3
19.5,19,5,120,Dwayne Bravo,David Wiese,4,False,-2.0,20,Bangalore,M Chinnaswamy Stadium,False,True,119,19,19.833333333333332,153,7.714285714285714,20,182,29,0.16666666666666785,173.99999999999878,7,3
19.6,19,6,121,Dwayne Bravo,David Wiese,0,True,5.0,20,Bangalore,M Chinnaswamy Stadium,False,True,120,19,20.0,153,7.65,20,182,29,0.0,inf,8,2
