Ball Number,over,ball,Ball,bowler,batsman,Runs,is_wicket,bowler_score,match_id,city,stadium,is_extra,legal_delivery,legal_deliveries_count,overs_completed,overs_bowled,total_runs,current_run_rate,total_overs,target,runs_needed,overs_remaining,required_run_rate,wickets_fallen,wickets_in_hand
0.1,0,1,1,Mitchell Starc,Ajinkya Rahane,0,False,1.0,22,Motera,Sardar Patel Stadium,False,True,1,0,0.16666666666666666,0,0.0,20,131,131,19.833333333333332,6.605042016806723,0,10
0.2,0,2,2,Mitchell Starc,Ajinkya Rahane,1,False,-1.0,22,Motera,Sardar Patel Stadium,True,False,1,0,0.16666666666666666,1,6.0,20,131,130,19.833333333333332,6.5546218487394965,0,10
0.2,0,2,3,Mitchell Starc,Ajinkya Rahane,1,False,-0.5,22,Motera,Sardar Patel Stadium,False,True,2,0,0.3333333333333333,2,6.0,20,131,129,19.666666666666668,6.5593220338983045,0,10
0.3,0,3,4,Mitchell Starc,Shane Watson,1,False,-1.0,22,Motera,Sardar Patel Stadium,True,False,2,0,0.3333333333333333,3,9.0,20,131,128,19.666666666666668,6.508474576271186,0,10
0.3,0,3,5,Mitchell Starc,Shane Watson,0,False,1.0,22,Motera,Sardar Patel Stadium,False,True,3,0,0.5,3,6.0,20,131,128,19.5,6.564102564102564,0,10
0.4,0,4,6,Mitchell Starc,Shane Watson,4,False,-2.0,22,Motera,Sardar Patel Stadium,False,True,4,0,0.6666666666666666,7,10.5,20,131,124,19.333333333333332,6.413793103448277,0,10
0.5,0,5,7,Mitchell Starc,Shane Watson,1,False,-0.5,22,Motera,Sardar Patel Stadium,False,True,5,0,0.8333333333333334,8,9.6,20,131,123,19.166666666666668,6.4173913043478255,0,10
0.6,0,6,8,Mitchell Starc,Ajinkya Rahane,0,False,1.0,22,Motera,Sardar Patel Stadium,False,True,6,0,1.0,8,8.0,20,131,123,19.0,6.473684210526316,0,10
1.1,1,1,9,Iqbal Abdulla,Shane Watson,0,False,1.0,22,Motera,Sardar Patel Stadium,False,True,7,1,1.1666666666666667,8,6.857142857142857,20,131,123,18.833333333333332,6.5309734513274345,0,10
1.2,1,2,10,Iqbal Abdulla,Shane Watson,0,False,1.0,22,Motera,Sardar Patel Stadium,False,True,8,1,1.3333333333333333,8,6.0,20,131,123,18.666666666666668,6.5892857142857135,0,10
1.3,1,3,11,Iqbal Abdulla,Shane Watson,0,False,1.0,22,Motera,Sardar Patel Stadium,False,True,9,1,1.5,8,5.333333333333333,20,131,123,18.5,6.648648648648648,0,10
1.4,1,4,12,Iqbal Abdulla,Shane Watson,0,False,1.0,22,Motera,Sardar Patel Stadium,False,True,10,1,1.6666666666666665,8,4.800000000000001,20,131,123,18.333333333333332,6.70909090909091,0,10
1.5,1,5,13,Iqbal Abdulla,Shane Watson,0,False,1.0,22,Motera,Sardar Patel Stadium,False,True,11,1,1.8333333333333335,8,4.363636363636363,20,131,123,18.166666666666668,6.770642201834862,0,10
1.6,1,6,14,Iqbal Abdulla,Shane Watson,1,False,-0.5,22,Motera,Sardar Patel Stadium,False,True,12,1,2.0,9,4.5,20,131,122,18.0,6.777777777777778,0,10
2.1,2,1,15,Mitchell Starc,Shane Watson,0,False,1.0,22,Motera,Sardar Patel Stadium,False,True,13,2,2.1666666666666665,9,4.153846153846154,20,131,122,17.833333333333332,6.841121495327103,0,10
2.2,2,2,16,Mitchell Starc,Shane Watson,0,False,1.0,22,Motera,Sardar Patel Stadium,False,True,14,2,2.3333333333333335,9,3.8571428571428568,20,131,122,17.666666666666668,6.90566037735849,0,10
2.3,2,3,17,Mitchell Starc,Shane Watson,4,False,-2.0,22,Motera,Sardar Patel Stadium,False,True,15,2,2.5,13,5.2,20,131,118,17.5,6.742857142857143,0,10
2.4,2,4,18,Mitchell Starc,Shane Watson,0,False,1.0,22,Motera,Sardar Patel Stadium,False,True,16,2,2.6666666666666665,13,4.875,20,131,118,17.333333333333332,6.807692307692308,0,10
2.5,2,5,19,Mitchell Starc,Shane Watson,0,False,1.0,22,Motera,Sardar Patel Stadium,False,True,17,2,2.8333333333333335,13,4.588235294117647,20,131,118,17.166666666666668,6.87378640776699,0,10
2.6,2,6,20,Mitchell Starc,Shane Watson,4,False,-2.0,22,Motera,Sardar Patel Stadium,False,True,18,2,3.0,17,5.666666666666667,20,131,114,17.0,6.705882352941177,0,10
3.1,3,1,21,Iqbal Abdulla,Ajinkya Rahane,6,False,-3.0,22,Motera,Sardar Patel Stadium,False,True,19,3,3.1666666666666665,23,7.2631578947368425,20,131,108,16.833333333333332,6.415841584158416,0,10
3.2,3,2,22,Iqbal Abdulla,Ajinkya Rahane,1,False,-0.5,22,Motera,Sardar Patel Stadium,False,True,20,3,3.3333333333333335,24,7.199999999999999,20,131,107,16.666666666666668,6.42,0,10
3.3,3,3,23,Iqbal Abdulla,Shane Watson,1,False,-0.5,22,Motera,Sardar Patel Stadium,False,True,21,3,3.5,25,7.142857142857143,20,131,106,16.5,6.424242424242424,0,10
3.4,3,4,24,Iqbal Abdulla,Ajinkya Rahane,0,False,1.0,22,Motera,Sardar Patel Stadium,False,True,22,3,3.6666666666666665,25,6.818181818181818,20,131,106,16.333333333333332,6.4897959183673475,0,10
3.5,3,5,25,Iqbal Abdulla,Ajinkya Rahane,4,False,-2.0,22,Motera,Sardar Patel Stadium,False,True,23,3,3.8333333333333335,29,7.565217391304348,20,131,102,16.166666666666668,6.309278350515464,0,10
3.6,3,6,26,Iqbal Abdulla,Ajinkya Rahane,1,False,-0.5,22,Motera,Sardar Patel Stadium,False,True,24,3,4.0,30,7.5,20,131,101,16.0,6.3125,0,10
4.1,4,1,27,Harshal Patel,Ajinkya Rahane,0,False,1.0,22,Motera,Sardar Patel Stadium,False,True,25,4,4.166666666666667,30,7.199999999999999,20,131,101,15.833333333333332,6.378947368421053,0,10
4.2,4,2,28,Harshal Patel,Ajinkya Rahane,1,False,-0.5,22,Motera,Sardar Patel Stadium,False,True,26,4,4.333333333333333,31,7.153846153846154,20,131,100,15.666666666666668,6.382978723404255,0,10
4.3,4,3,29,Harshal Patel,Shane Watson,0,False,1.0,22,Motera,Sardar Patel Stadium,False,True,27,4,4.5,31,6.888888888888889,20,131,100,15.5,6.451612903225806,0,10
4.4,4,4,30,Harshal Patel,Shane Watson,1,False,-0.5,22,Motera,Sardar Patel Stadium,False,True,28,4,4.666666666666667,32,6.857142857142857,20,131,99,15.333333333333332,6.4565217391304355,0,10
4.5,4,5,31,Harshal Patel,Ajinkya Rahane,4,False,-2.0,22,Motera,Sardar Patel Stadium,False,True,29,4,4.833333333333333,36,7.448275862068966,20,131,95,15.166666666666668,6.263736263736264,0,10
4.6,4,6,32,Harshal Patel,Ajinkya Rahane,0,True,5.0,22,Motera,Sardar Patel Stadium,False,True,30,4,5.0,36,7.2,20,131,95,15.0,6.333333333333333,1,9
5.1,5,1,33,Yuzvendra Chahal,Shane Watson,6,False,-3.0,22,Motera,Sardar Patel Stadium,False,True,31,5,5.166666666666667,42,8.129032258064516,20,131,89,14.833333333333332,6.000000000000001,1,9
5.2,5,2,34,Yuzvendra Chahal,Shane Watson,0,False,1.0,22,Motera,Sardar Patel Stadium,False,True,32,5,5.333333333333333,42,7.875,20,131,89,14.666666666666668,6.0681818181818175,1,9
5.3,5,3,35,Yuzvendra Chahal,Shane Watson,4,False,-2.0,22,Motera,Sardar Patel Stadium,False,True,33,5,5.5,46,8.363636363636363,20,131,85,14.5,5.862068965517241,1,9
5.4,5,4,36,Yuzvendra Chahal,Shane Watson,0,True,5.0,22,Motera,Sardar Patel Stadium,False,True,34,5,5.666666666666667,46,8.117647058823529,20,131,85,14.333333333333332,5.930232558139536,2,8
5.5,5,5,37,Yuzvendra Chahal,Karun Nair,1,False,-0.5,22,Motera,Sardar Patel Stadium,False,True,35,5,5.833333333333333,47,8.057142857142857,20,131,84,14.166666666666668,5.929411764705882,2,8
5.6,5,6,38,Yuzvendra Chahal,Steven Smith,1,False,-0.5,22,Motera,Sardar Patel Stadium,False,True,36,5,6.0,48,8.0,20,131,83,14.0,5.928571428571429,2,8
6.1,6,1,39,Harshal Patel,Steven Smith,1,False,-0.5,22,Motera,Sardar Patel Stadium,False,True,37,6,6.166666666666667,49,7.945945945945946,20,131,82,13.833333333333332,5.927710843373495,2,8
6.2,6,2,40,Harshal Patel,Karun Nair,0,False,1.0,22,Motera,Sardar Patel Stadium,False,True,38,6,6.333333333333333,49,7.736842105263158,20,131,82,13.666666666666668,5.999999999999999,2,8
6.3,6,3,41,Harshal Patel,Karun Nair,1,False,-0.5,22,Motera,Sardar Patel Stadium,False,True,39,6,6.5,50,7.6923076923076925,20,131,81,13.5,6.0,2,8
6.4,6,4,42,Harshal Patel,Steven Smith,2,False,-1.0,22,Motera,Sardar Patel Stadium,False,True,40,6,6.666666666666667,52,7.8,20,131,79,13.333333333333332,5.925000000000001,2,8
6.5,6,5,43,Harshal Patel,Steven Smith,1,False,-0.5,22,Motera,Sardar Patel Stadium,False,True,41,6,6.833333333333333,53,7.75609756097561,20,131,78,13.166666666666668,5.924050632911392,2,8
6.6,6,6,44,Harshal Patel,Karun Nair,1,False,-0.5,22,Motera,Sardar Patel Stadium,False,True,42,6,7.0,54,7.714285714285714,20,131,77,13.0,5.923076923076923,2,8
7.1,7,1,45,Iqbal Abdulla,Karun Nair,0,False,1.0,22,Motera,Sardar Patel Stadium,False,True,43,7,7.166666666666667,54,7.534883720930233,20,131,77,12.833333333333332,6.000000000000001,2,8
7.2,7,2,46,Iqbal Abdulla,Karun Nair,1,False,-0.5,22,Motera,Sardar Patel Stadium,False,True,44,7,7.333333333333333,55,7.5,20,131,76,12.666666666666668,5.999999999999999,2,8
7.3,7,3,47,Iqbal Abdulla,Steven Smith,1,False,-0.5,22,Motera,Sardar Patel Stadium,False,True,45,7,7.5,56,7.466666666666667,20,131,75,12.5,6.0,2,8
7.4,7,4,48,Iqbal Abdulla,Karun Nair,6,False,-3.0,22,Motera,Sardar Patel Stadium,False,True,46,7,7.666666666666667,62,8.08695652173913,20,131,69,12.333333333333332,5.594594594594595,2,8
7.5,7,5,49,Iqbal Abdulla,Karun Nair,0,False,1.0,22,Motera,Sardar Patel Stadium,False,True,47,7,7.833333333333333,62,7.914893617021277,20,131,69,12.166666666666668,5.671232876712328,2,8
7.6,7,6,50,Iqbal Abdulla,Karun Nair,1,False,-0.5,22,Motera,Sardar Patel Stadium,False,True,48,7,8.0,63,7.875,20,131,68,12.0,5.666666666666667,2,8
8.1,8,1,51,David Wiese,Karun Nair,1,False,-0.5,22,Motera,Sardar Patel Stadium,False,True,49,8,8.166666666666666,64,7.836734693877552,20,131,67,11.833333333333334,5.661971830985915,2,8
8.2,8,2,52,David Wiese,Steven Smith,1,False,-0.5,22,Motera,Sardar Patel Stadium,False,True,50,8,8.333333333333334,65,7.8,20,131,66,11.666666666666666,5.6571428571428575,2,8
8.3,8,3,53,David Wiese,Karun Nair,1,False,-0.5,22,Motera,Sardar Patel Stadium,False,True,51,8,8.5,66,7.764705882352941,20,131,65,11.5,5.6521739130434785,2,8
8.4,8,4,54,David Wiese,Steven Smith,1,False,-0.5,22,Motera,Sardar Patel Stadium,False,True,52,8,8.666666666666666,67,7.730769230769232,20,131,64,11.333333333333334,5.647058823529411,2,8
8.5,8,5,55,David Wiese,Karun Nair,1,False,-0.5,22,Motera,Sardar Patel Stadium,False,True,53,8,8.833333333333334,68,7.698113207547169,20,131,63,11.166666666666666,5.64179104477612,2,8
8.6,8,6,56,David Wiese,Steven Smith,0,False,1.0,22,Motera,Sardar Patel Stadium,False,True,54,8,9.0,68,7.555555555555555,20,131,63,11.0,5.7272727272727275,2,8
9.1,9,1,57,Yuzvendra Chahal,Karun Nair,1,False,-0.5,22,Motera,Sardar Patel Stadium,False,True,55,9,9.166666666666666,69,7.527272727272727,20,131,62,10.833333333333334,5.723076923076923,2,8
9.2,9,2,58,Virat Kohli,Steven Smith,0,False,1.0,22,Motera,Sardar Patel Stadium,False,True,56,9,9.333333333333334,69,7.392857142857142,20,131,62,10.666666666666666,5.8125,2,8
9.3,9,3,59,Virat Kohli,Steven Smith,1,False,-0.5,22,Motera,Sardar Patel Stadium,False,True,57,9,9.5,70,7.368421052631579,20,131,61,10.5,5.809523809523809,2,8
9.4,9,4,60,Virat Kohli,Karun Nair,1,False,-0.5,22,Motera,Sardar Patel Stadium,False,True,58,9,9.666666666666666,71,7.344827586206897,20,131,60,10.333333333333334,5.806451612903225,2,8
9.5,9,5,61,Virat Kohli,Steven Smith,0,True,5.0,22,Motera,Sardar Patel Stadium,False,True,59,9,9.833333333333334,71,7.220338983050847,20,131,60,10.166666666666666,5.901639344262295,3,7
9.6,9,6,62,Virat Kohli,Steven Smith,1,False,-0.5,22,Motera,Sardar Patel Stadium,False,True,60,9,10.0,72,7.2,20,131,59,10.0,5.9,3,7
10.1,10,1,63,David Wiese,Steven Smith,1,False,-0.5,22,Motera,Sardar Patel Stadium,False,True,61,10,10.166666666666666,73,7.180327868852459,20,131,58,9.833333333333334,5.898305084745762,3,7
10.2,10,2,64,David Wiese,Deepak Hooda,0,False,1.0,22,Motera,Sardar Patel Stadium,False,True,62,10,10.333333333333334,73,7.064516129032258,20,131,58,9.666666666666666,6.0,3,7
10.3,10,3,65,David Wiese,Deepak Hooda,1,False,-0.5,22,Motera,Sardar Patel Stadium,False,True,63,10,10.5,74,7.0476190476190474,20,131,57,9.5,6.0,3,7
10.4,10,4,66,David Wiese,Steven Smith,4,False,-2.0,22,Motera,Sardar Patel Stadium,False,True,64,10,10.666666666666666,78,7.3125,20,131,53,9.333333333333334,5.678571428571428,3,7
10.5,10,5,67,David Wiese,Steven Smith,2,False,-1.0,22,Motera,Sardar Patel Stadium,False,True,65,10,10.833333333333334,80,7.384615384615384,20,131,51,9.166666666666666,5.563636363636364,3,7
10.6,10,6,68,David Wiese,Steven Smith,1,False,-0.5,22,Motera,Sardar Patel Stadium,False,True,66,10,11.0,81,7.363636363636363,20,131,50,9.0,5.555555555555555,3,7
11.1,11,1,69,Iqbal Abdulla,Steven Smith,1,False,-0.5,22,Motera,Sardar Patel Stadium,False,True,67,11,11.166666666666666,82,7.343283582089553,20,131,49,8.833333333333334,5.547169811320754,3,7
11.2,11,2,70,Iqbal Abdulla,Deepak Hooda,1,False,-1.0,22,Motera,Sardar Patel Stadium,True,False,67,11,11.166666666666666,83,7.432835820895523,20,131,48,8.833333333333334,5.433962264150943,3,7
11.2,11,2,71,Iqbal Abdulla,Deepak Hooda,0,True,5.0,22,Motera,Sardar Patel Stadium,False,True,68,11,11.333333333333334,83,7.323529411764706,20,131,48,8.666666666666666,5.538461538461539,4,6
11.3,11,3,72,Iqbal Abdulla,Sanju Samson,1,False,-0.5,22,Motera,Sardar Patel Stadium,False,True,69,11,11.5,84,7.304347826086956,20,131,47,8.5,5.529411764705882,4,6
11.4,11,4,73,Iqbal Abdulla,Steven Smith,1,False,-0.5,22,Motera,Sardar Patel Stadium,False,True,70,11,11.666666666666666,85,7.2857142857142865,20,131,46,8.333333333333334,5.52,4,6
11.5,11,5,74,Iqbal Abdulla,Sanju Samson,0,False,1.0,22,Motera,Sardar Patel Stadium,False,True,71,11,11.833333333333334,85,7.183098591549295,20,131,46,8.166666666666666,5.63265306122449,4,6
11.6,11,6,75,Iqbal Abdulla,Sanju Samson,1,False,-0.5,22,Motera,Sardar Patel Stadium,False,True,72,11,12.0,86,7.166666666666667,20,131,45,8.0,5.625,4,6
12.1,12,1,76,Yuzvendra Chahal,Sanju Samson,0,False,1.0,22,Motera,Sardar Patel Stadium,False,True,73,12,12.166666666666666,86,7.068493150684932,20,131,45,7.833333333333334,5.744680851063829,4,6
12.2,12,2,77,Yuzvendra Chahal,Sanju Samson,0,False,1.0,22,Motera,Sardar Patel Stadium,False,True,74,12,12.333333333333334,86,6.972972972972973,20,131,45,7.666666666666666,5.869565217391305,4,6
12.3,12,3,78,Yuzvendra Chahal,Sanju Samson,2,False,-1.0,22,Motera,Sardar Patel Stadium,False,True,75,12,12.5,88,7.04,20,131,43,7.5,5.733333333333333,4,6
12.4,12,4,79,Yuzvendra Chahal,Sanju Samson,0,True,5.0,22,Motera,Sardar Patel Stadium,False,True,76,12,12.666666666666666,88,6.947368421052632,20,131,43,7.333333333333334,5.863636363636363,5,5
12.5,12,5,80,Yuzvendra Chahal,Stuart Binny,0,False,1.0,22,Motera,Sardar Patel Stadium,False,True,77,12,12.833333333333334,88,6.857142857142857,20,131,43,7.166666666666666,6.000000000000001,5,5
12.6,12,6,81,Yuzvendra Chahal,Stuart Binny,0,False,1.0,22,Motera,Sardar Patel Stadium,False,True,78,12,13.0,88,6.769230769230769,20,131,43,7.0,6.142857142857143,5,5
13.1,13,1,82,David Wiese,Steven Smith,0,False,1.0,22,Motera,Sardar Patel Stadium,False,True,79,13,13.166666666666666,88,6.6835443037974684,20,131,43,6.833333333333334,6.292682926829268,5,5
13.2,13,2,83,David Wiese,Steven Smith,1,False,-0.5,22,Motera,Sardar Patel Stadium,False,True,80,13,13.333333333333334,89,6.675,20,131,42,6.666666666666666,6.300000000000001,5,5
13.3,13,3,84,David Wiese,Stuart Binny,1,False,-0.5,22,Motera,Sardar Patel Stadium,False,True,81,13,13.5,90,6.666666666666667,20,131,41,6.5,6.3076923076923075,5,5
13.4,13,4,85,David Wiese,Steven Smith,1,False,-0.5,22,Motera,Sardar Patel Stadium,False,True,82,13,13.666666666666666,91,6.658536585365854,20,131,40,6.333333333333334,6.31578947368421,5,5
13.5,13,5,86,David Wiese,Stuart Binny,0,False,1.0,22,Motera,Sardar Patel Stadium,False,True,83,13,13.833333333333334,91,6.578313253012048,20,131,40,6.166666666666666,6.486486486486487,5,5
13.6,13,6,87,David Wiese,Stuart Binny,1,False,-0.5,22,Motera,Sardar Patel Stadium,False,True,84,13,14.0,92,6.571428571428571,20,131,39,6.0,6.5,5,5
14.1,14,1,88,Harshal Patel,Stuart Binny,1,False,-0.5,22,Motera,Sardar Patel Stadium,False,True,85,14,14.166666666666666,93,6.564705882352942,20,131,38,5.833333333333334,6.514285714285713,5,5
14.2,14,2,89,Harshal Patel,Steven Smith,1,False,-0.5,22,Motera,Sardar Patel Stadium,False,True,86,14,14.333333333333334,94,6.558139534883721,20,131,37,5.666666666666666,6.529411764705883,5,5
14.3,14,3,90,Harshal Patel,Stuart Binny,0,False,1.0,22,Motera,Sardar Patel Stadium,False,True,87,14,14.5,94,6.482758620689655,20,131,37,5.5,6.7272727272727275,5,5
14.4,14,4,91,Harshal Patel,Stuart Binny,0,False,1.0,22,Motera,Sardar Patel Stadium,False,True,88,14,14.666666666666666,94,6.409090909090909,20,131,37,5.333333333333334,6.937499999999999,5,5
14.5,14,5,92,Harshal Patel,Stuart Binny,4,False,-2.0,22,Motera,Sardar Patel Stadium,False,True,89,14,14.833333333333334,98,6.606741573033708,20,131,33,5.166666666666666,6.387096774193549,5,5
14.6,14,6,93,Harshal Patel,Stuart Binny,1,False,-0.25,22,Motera,Sardar Patel Stadium,False,True,90,14,15.0,99,6.6,20,131,32,5.0,6.4,5,5
15.1,15,1,94,David Wiese,Stuart Binny,2,False,-1.0,22,Motera,Sardar Patel Stadium,False,True,91,15,15.166666666666666,101,6.65934065934066,20,131,30,4.833333333333334,6.206896551724137,5,5
15.2,15,2,95,David Wiese,Stuart Binny,1,False,-0.5,22,Motera,Sardar Patel Stadium,False,True,92,15,15.333333333333334,102,6.652173913043478,20,131,29,4.666666666666666,6.214285714285715,5,5
15.3,15,3,96,David Wiese,Steven Smith,0,False,1.0,22,Motera,Sardar Patel Stadium,False,True,93,15,15.5,102,6.580645161290323,20,131,29,4.5,6.444444444444445,5,5
15.4,15,4,97,David Wiese,Steven Smith,1,False,-0.5,22,Motera,Sardar Patel Stadium,False,True,94,15,15.666666666666666,103,6.574468085106383,20,131,28,4.333333333333334,6.461538461538461,5,5
15.5,15,5,98,David Wiese,Stuart Binny,1,False,-0.5,22,Motera,Sardar Patel Stadium,False,True,95,15,15.833333333333334,104,6.568421052631579,20,131,27,4.166666666666666,6.480000000000001,5,5
15.6,15,6,99,David Wiese,Steven Smith,4,False,-2.0,22,Motera,Sardar Patel Stadium,False,True,96,15,16.0,108,6.75,20,131,23,4.0,5.75,5,5
16.1,16,1,100,Yuzvendra Chahal,Stuart Binny,4,False,-2.0,22,Motera,Sardar Patel Stadium,False,True,97,16,16.166666666666668,112,6.927835051546391,20,131,19,3.833333333333332,4.956521739130436,5,5
16.2,16,2,101,Yuzvendra Chahal,Stuart Binny,1,False,-0.5,22,Motera,Sardar Patel Stadium,False,True,98,16,16.333333333333332,113,6.918367346938776,20,131,18,3.666666666666668,4.909090909090907,5,5
16.3,16,3,102,Yuzvendra Chahal,Steven Smith,1,False,-0.5,22,Motera,Sardar Patel Stadium,False,True,99,16,16.5,114,6.909090909090909,20,131,17,3.5,4.857142857142857,5,5
16.4,16,4,103,Yuzvendra Chahal,Stuart Binny,1,False,-0.5,22,Motera,Sardar Patel Stadium,False,True,100,16,16.666666666666668,115,6.8999999999999995,20,131,16,3.333333333333332,4.800000000000002,5,5
16.5,16,5,104,Yuzvendra Chahal,Steven Smith,1,False,-0.5,22,Motera,Sardar Patel Stadium,False,True,101,16,16.833333333333332,116,6.891089108910892,20,131,15,3.166666666666668,4.736842105263156,5,5
16.6,16,6,105,Yuzvendra Chahal,Stuart Binny,2,False,-1.0,22,Motera,Sardar Patel Stadium,False,True,102,16,17.0,118,6.9411764705882355,20,131,13,3.0,4.333333333333333,5,5
17.1,17,1,106,Mitchell Starc,Steven Smith,0,True,5.0,22,Motera,Sardar Patel Stadium,False,True,103,17,17.166666666666668,118,6.87378640776699,20,131,13,2.833333333333332,4.588235294117649,6,4
17.2,17,2,107,Mitchell Starc,Stuart Binny,0,False,1.0,22,Motera,Sardar Patel Stadium,False,True,104,17,17.333333333333332,118,6.807692307692308,20,131,13,2.666666666666668,4.874999999999998,6,4
17.3,17,3,108,Mitchell Starc,Stuart Binny,1,False,-0.5,22,Motera,Sardar Patel Stadium,False,True,105,17,17.5,119,6.8,20,131,12,2.5,4.8,6,4
17.4,17,4,109,Mitchell Starc,James Faulkner,1,False,-0.5,22,Motera,Sardar Patel Stadium,False,True,106,17,17.666666666666668,120,6.792452830188679,20,131,11,2.333333333333332,4.714285714285717,6,4
17.5,17,5,110,Mitchell Starc,Stuart Binny,0,True,5.0,22,Motera,Sardar Patel Stadium,False,True,107,17,17.833333333333332,120,6.728971962616823,20,131,11,2.166666666666668,5.076923076923074,7,3
17.6,17,6,111,Mitchell Starc,James Faulkner,1,False,-0.5,22,Motera,Sardar Patel Stadium,False,True,108,17,18.0,121,6.722222222222222,20,131,10,2.0,5.0,7,3
18.1,18,1,112,Harshal Patel,James Faulkner,1,False,-0.5,22,Motera,Sardar Patel Stadium,False,True,109,18,18.166666666666668,122,6.715596330275229,20,131,9,1.8333333333333321,4.909090909090912,7,3
18.2,18,2,113,Harshal Patel,Chris Morris,1,False,-0.5,22,Motera,Sardar Patel Stadium,False,True,110,18,18.333333333333332,123,6.70909090909091,20,131,8,1.6666666666666679,4.799999999999996,7,3
18.3,18,3,114,Harshal Patel,James Faulkner,1,False,-0.5,22,Motera,Sardar Patel Stadium,False,True,111,18,18.5,124,6.702702702702703,20,131,7,1.5,4.666666666666667,7,3
18.4,18,4,115,Harshal Patel,Chris Morris,1,False,-0.5,22,Motera,Sardar Patel Stadium,False,True,112,18,18.666666666666668,125,6.696428571428571,20,131,6,1.3333333333333321,4.500000000000004,7,3
18.5,18,5,116,Harshal Patel,James Faulkner,0,True,5.0,22,Motera,Sardar Patel Stadium,False,True,113,18,18.833333333333332,125,6.6371681415929205,20,131,6,1.1666666666666679,5.142857142857138,8,2
18.6,18,6,117,Harshal Patel,Dhawal Kulkarni,1,False,-0.5,22,Motera,Sardar Patel Stadium,False,True,114,18,19.0,126,6.631578947368421,20,131,5,1.0,5.0,8,2
19.1,19,1,118,Mitchell Starc,Dhawal Kulkarni,0,True,5.0,22,Motera,Sardar Patel Stadium,False,True,115,19,19.166666666666668,126,6.57391304347826,20,131,5,0.8333333333333321,6.000000000000009,9,1
19.2,19,2,119,Mitchell Starc,Pravin Tambe,0,False,1.0,22,Motera,Sardar Patel Stadium,False,True,116,19,19.333333333333332,126,6.517241379310345,20,131,5,0.6666666666666679,7.499999999999987,9,1
19.3,19,3,120,Mitchell Starc,Pravin Tambe,1,False,-0.5,22,Motera,Sardar Patel Stadium,False,True,117,19,19.5,127,6.512820512820513,20,131,4,0.5,8.0,9,1
19.4,19,4,121,Mitchell Starc,Chris Morris,1,False,-0.5,22,Motera,Sardar Patel Stadium,False,True,118,19,19.666666666666668,128,6.508474576271186,20,131,3,0.33333333333333215,9.000000000000032,9,1
19.5,19,5,122,Mitchell Starc,Pravin Tambe,0,False,1.0,22,Motera,Sardar Patel Stadium,False,True,119,19,19.833333333333332,128,6.453781512605042,20,131,3,0.16666666666666785,17.999999999999872,9,1
19.6,19,6,123,Mitchell Starc,Pravin Tambe,1,False,-0.5,22,Motera,Sardar Patel Stadium,False,True,120,19,20.0,129,6.45,20,131,2,0.0,inf,9,1
