Ball Number,over,ball,Ball,bowler,batsman,Runs,is_wicket,bowler_score,match_id,city,stadium,is_extra,legal_delivery,legal_deliveries_count,overs_completed,overs_bowled,total_runs,current_run_rate,total_overs,target,runs_needed,overs_remaining,required_run_rate,wickets_fallen,wickets_in_hand
0.1,0,1,1,Trent Boult,Lendl Simmons,0,False,1.0,23,Mumbai,Wankhede Stadium,False,True,1,0,0.16666666666666666,0,0.0,20,158,158,19.833333333333332,7.966386554621849,0,10
0.2,0,2,2,Trent Boult,Lendl Simmons,2,False,-1.0,23,Mumbai,Wankhede Stadium,False,True,2,0,0.3333333333333333,2,6.0,20,158,156,19.666666666666668,7.932203389830508,0,10
0.3,0,3,3,Trent Boult,Lendl Simmons,4,False,-2.0,23,Mumbai,Wankhede Stadium,False,True,3,0,0.5,6,12.0,20,158,152,19.5,7.794871794871795,0,10
0.4,0,4,4,Trent Boult,Lendl Simmons,1,False,-1.0,23,Mumbai,Wankhede Stadium,True,False,3,0,0.5,7,14.0,20,158,151,19.5,7.743589743589744,0,10
0.4,0,4,5,Trent Boult,Lendl Simmons,0,False,1.0,23,Mumbai,Wankhede Stadium,False,True,4,0,0.6666666666666666,7,10.5,20,158,151,19.333333333333332,7.810344827586207,0,10
0.5,0,5,6,Trent Boult,Lendl Simmons,4,False,-2.0,23,Mumbai,Wankhede Stadium,False,True,5,0,0.8333333333333334,11,13.2,20,158,147,19.166666666666668,7.669565217391304,0,10
0.6,0,6,7,Trent Boult,Lendl Simmons,0,False,1.0,23,Mumbai,Wankhede Stadium,False,True,6,0,1.0,11,11.0,20,158,147,19.0,7.7368421052631575,0,10
1.1,1,1,8,Bhuvneshwar Kumar,Parthiv Patel,0,False,1.0,23,Mumbai,Wankhede Stadium,False,True,7,1,1.1666666666666667,11,9.428571428571429,20,158,147,18.833333333333332,7.8053097345132745,0,10
1.2,1,2,9,Bhuvneshwar Kumar,Parthiv Patel,0,False,1.0,23,Mumbai,Wankhede Stadium,False,True,8,1,1.3333333333333333,11,8.25,20,158,147,18.666666666666668,7.874999999999999,0,10
1.3,1,3,10,Bhuvneshwar Kumar,Parthiv Patel,0,False,1.0,23,Mumbai,Wankhede Stadium,False,True,9,1,1.5,11,7.333333333333333,20,158,147,18.5,7.945945945945946,0,10
1.4,1,4,11,Bhuvneshwar Kumar,Parthiv Patel,4,False,-2.0,23,Mumbai,Wankhede Stadium,False,True,10,1,1.6666666666666665,15,9.0,20,158,143,18.333333333333332,7.800000000000001,0,10
1.5,1,5,12,Bhuvneshwar Kumar,Parthiv Patel,1,False,-1.0,23,Mumbai,Wankhede Stadium,True,False,10,1,1.6666666666666665,16,9.600000000000001,20,158,142,18.333333333333332,7.745454545454546,0,10
1.5,1,5,13,Bhuvneshwar Kumar,Parthiv Patel,0,False,1.0,23,Mumbai,Wankhede Stadium,False,True,11,1,1.8333333333333335,16,8.727272727272727,20,158,142,18.166666666666668,7.816513761467889,0,10
1.6,1,6,14,Bhuvneshwar Kumar,Parthiv Patel,1,False,-1.0,23,Mumbai,Wankhede Stadium,True,False,11,1,1.8333333333333335,17,9.272727272727272,20,158,141,18.166666666666668,7.761467889908256,0,10
1.6,1,6,15,Bhuvneshwar Kumar,Parthiv Patel,1,False,-1.0,23,Mumbai,Wankhede Stadium,True,False,11,1,1.8333333333333335,18,9.818181818181817,20,158,140,18.166666666666668,7.706422018348623,0,10
1.6,1,6,16,Bhuvneshwar Kumar,Parthiv Patel,1,False,-0.5,23,Mumbai,Wankhede Stadium,False,True,12,1,2.0,19,9.5,20,158,139,18.0,7.722222222222222,0,10
2.1,2,1,17,Trent Boult,Parthiv Patel,1,False,-0.5,23,Mumbai,Wankhede Stadium,False,True,13,2,2.1666666666666665,20,9.230769230769232,20,158,138,17.833333333333332,7.738317757009346,0,10
2.2,2,2,18,Trent Boult,Lendl Simmons,0,False,1.0,23,Mumbai,Wankhede Stadium,False,True,14,2,2.3333333333333335,20,8.571428571428571,20,158,138,17.666666666666668,7.811320754716981,0,10
2.3,2,3,19,Trent Boult,Lendl Simmons,1,False,-0.5,23,Mumbai,Wankhede Stadium,False,True,15,2,2.5,21,8.4,20,158,137,17.5,7.828571428571428,0,10
2.4,2,4,20,Trent Boult,Parthiv Patel,1,False,-0.5,23,Mumbai,Wankhede Stadium,False,True,16,2,2.6666666666666665,22,8.25,20,158,136,17.333333333333332,7.846153846153847,0,10
2.5,2,5,21,Trent Boult,Lendl Simmons,0,False,1.0,23,Mumbai,Wankhede Stadium,False,True,17,2,2.8333333333333335,22,7.764705882352941,20,158,136,17.166666666666668,7.922330097087378,0,10
2.6,2,6,22,Trent Boult,Lendl Simmons,1,False,-0.5,23,Mumbai,Wankhede Stadium,False,True,18,2,3.0,23,7.666666666666667,20,158,135,17.0,7.9411764705882355,0,10
3.1,3,1,23,Dale Steyn,Lendl Simmons,1,False,-0.5,23,Mumbai,Wankhede Stadium,False,True,19,3,3.1666666666666665,24,7.578947368421053,20,158,134,16.833333333333332,7.960396039603961,0,10
3.2,3,2,24,Dale Steyn,Parthiv Patel,0,False,1.0,23,Mumbai,Wankhede Stadium,False,True,20,3,3.3333333333333335,24,7.199999999999999,20,158,134,16.666666666666668,8.04,0,10
3.3,3,3,25,Dale Steyn,Parthiv Patel,1,False,-0.5,23,Mumbai,Wankhede Stadium,False,True,21,3,3.5,25,7.142857142857143,20,158,133,16.5,8.06060606060606,0,10
3.4,3,4,26,Dale Steyn,Lendl Simmons,4,False,-2.0,23,Mumbai,Wankhede Stadium,False,True,22,3,3.6666666666666665,29,7.909090909090909,20,158,129,16.333333333333332,7.89795918367347,0,10
3.5,3,5,27,Dale Steyn,Lendl Simmons,1,False,-0.5,23,Mumbai,Wankhede Stadium,False,True,23,3,3.8333333333333335,30,7.826086956521739,20,158,128,16.166666666666668,7.917525773195876,0,10
3.6,3,6,28,Dale Steyn,Parthiv Patel,0,False,1.0,23,Mumbai,Wankhede Stadium,False,True,24,3,4.0,30,7.5,20,158,128,16.0,8.0,0,10
4.1,4,1,29,Bhuvneshwar Kumar,Lendl Simmons,0,False,1.0,23,Mumbai,Wankhede Stadium,False,True,25,4,4.166666666666667,30,7.199999999999999,20,158,128,15.833333333333332,8.08421052631579,0,10
4.2,4,2,30,Bhuvneshwar Kumar,Lendl Simmons,0,False,1.0,23,Mumbai,Wankhede Stadium,False,True,26,4,4.333333333333333,30,6.923076923076923,20,158,128,15.666666666666668,8.170212765957446,0,10
4.3,4,3,31,Bhuvneshwar Kumar,Lendl Simmons,1,False,-0.5,23,Mumbai,Wankhede Stadium,False,True,27,4,4.5,31,6.888888888888889,20,158,127,15.5,8.193548387096774,0,10
4.4,4,4,32,Bhuvneshwar Kumar,Parthiv Patel,4,False,-2.0,23,Mumbai,Wankhede Stadium,False,True,28,4,4.666666666666667,35,7.499999999999999,20,158,123,15.333333333333332,8.021739130434783,0,10
4.5,4,5,33,Bhuvneshwar Kumar,Parthiv Patel,0,False,1.0,23,Mumbai,Wankhede Stadium,False,True,29,4,4.833333333333333,35,7.241379310344828,20,158,123,15.166666666666668,8.10989010989011,0,10
4.6,4,6,34,Bhuvneshwar Kumar,Parthiv Patel,1,False,-0.25,23,Mumbai,Wankhede Stadium,False,True,30,4,5.0,36,7.2,20,158,122,15.0,8.133333333333333,0,10
5.1,5,1,35,Dale Steyn,Parthiv Patel,1,False,-0.5,23,Mumbai,Wankhede Stadium,False,True,31,5,5.166666666666667,37,7.161290322580645,20,158,121,14.833333333333332,8.157303370786517,0,10
5.2,5,2,36,Dale Steyn,Lendl Simmons,1,False,-0.5,23,Mumbai,Wankhede Stadium,False,True,32,5,5.333333333333333,38,7.125,20,158,120,14.666666666666668,8.181818181818182,0,10
5.3,5,3,37,Dale Steyn,Parthiv Patel,4,False,-2.0,23,Mumbai,Wankhede Stadium,False,True,33,5,5.5,42,7.636363636363637,20,158,116,14.5,8.0,0,10
5.4,5,4,38,Dale Steyn,Parthiv Patel,0,True,5.0,23,Mumbai,Wankhede Stadium,False,True,34,5,5.666666666666667,42,7.411764705882352,20,158,116,14.333333333333332,8.093023255813954,1,9
5.5,5,5,39,Dale Steyn,Unmukt Chand,4,False,-2.0,23,Mumbai,Wankhede Stadium,False,True,35,5,5.833333333333333,46,7.885714285714286,20,158,112,14.166666666666668,7.905882352941176,1,9
5.6,5,6,40,Dale Steyn,Unmukt Chand,0,False,1.0,23,Mumbai,Wankhede Stadium,False,True,36,5,6.0,46,7.666666666666667,20,158,112,14.0,8.0,1,9
6.1,6,1,41,Praveen Kumar,Lendl Simmons,1,False,-0.5,23,Mumbai,Wankhede Stadium,False,True,37,6,6.166666666666667,47,7.621621621621621,20,158,111,13.833333333333332,8.024096385542169,1,9
6.2,6,2,42,Praveen Kumar,Unmukt Chand,1,False,-0.5,23,Mumbai,Wankhede Stadium,False,True,38,6,6.333333333333333,48,7.578947368421053,20,158,110,13.666666666666668,8.048780487804878,1,9
6.3,6,3,43,Praveen Kumar,Lendl Simmons,0,False,1.0,23,Mumbai,Wankhede Stadium,False,True,39,6,6.5,48,7.384615384615385,20,158,110,13.5,8.148148148148149,1,9
6.4,6,4,44,Praveen Kumar,Lendl Simmons,0,False,1.0,23,Mumbai,Wankhede Stadium,False,True,40,6,6.666666666666667,48,7.199999999999999,20,158,110,13.333333333333332,8.25,1,9
6.5,6,5,45,Praveen Kumar,Lendl Simmons,1,False,-0.5,23,Mumbai,Wankhede Stadium,False,True,41,6,6.833333333333333,49,7.170731707317073,20,158,109,13.166666666666668,8.278481012658228,1,9
6.6,6,6,46,Praveen Kumar,Unmukt Chand,0,True,5.0,23,Mumbai,Wankhede Stadium,False,True,42,6,7.0,49,7.0,20,158,109,13.0,8.384615384615385,2,8
7.1,7,1,47,Karn Sharma,Lendl Simmons,1,False,-0.5,23,Mumbai,Wankhede Stadium,False,True,43,7,7.166666666666667,50,6.976744186046512,20,158,108,12.833333333333332,8.415584415584416,2,8
7.2,7,2,48,Karn Sharma,Rohit Sharma,0,False,1.0,23,Mumbai,Wankhede Stadium,False,True,44,7,7.333333333333333,50,6.818181818181818,20,158,108,12.666666666666668,8.526315789473683,2,8
7.3,7,3,49,Karn Sharma,Rohit Sharma,1,False,-0.5,23,Mumbai,Wankhede Stadium,False,True,45,7,7.5,51,6.8,20,158,107,12.5,8.56,2,8
7.4,7,4,50,Karn Sharma,Lendl Simmons,4,False,-2.0,23,Mumbai,Wankhede Stadium,False,True,46,7,7.666666666666667,55,7.173913043478261,20,158,103,12.333333333333332,8.351351351351353,2,8
7.5,7,5,51,Karn Sharma,Lendl Simmons,0,False,1.0,23,Mumbai,Wankhede Stadium,False,True,47,7,7.833333333333333,55,7.021276595744681,20,158,103,12.166666666666668,8.465753424657533,2,8
7.6,7,6,52,Karn Sharma,Lendl Simmons,1,False,-0.5,23,Mumbai,Wankhede Stadium,False,True,48,7,8.0,56,7.0,20,158,102,12.0,8.5,2,8
8.1,8,1,53,Praveen Kumar,Lendl Simmons,0,False,1.0,23,Mumbai,Wankhede Stadium,False,True,49,8,8.166666666666666,56,6.857142857142858,20,158,102,11.833333333333334,8.619718309859154,2,8
8.2,8,2,54,Praveen Kumar,Lendl Simmons,1,False,-0.5,23,Mumbai,Wankhede Stadium,False,True,50,8,8.333333333333334,57,6.84,20,158,101,11.666666666666666,8.657142857142858,2,8
8.3,8,3,55,Praveen Kumar,Rohit Sharma,4,False,-2.0,23,Mumbai,Wankhede Stadium,False,True,51,8,8.5,61,7.176470588235294,20,158,97,11.5,8.434782608695652,2,8
8.4,8,4,56,Praveen Kumar,Rohit Sharma,1,False,-0.5,23,Mumbai,Wankhede Stadium,False,True,52,8,8.666666666666666,62,7.153846153846154,20,158,96,11.333333333333334,8.470588235294118,2,8
8.5,8,5,57,Praveen Kumar,Lendl Simmons,0,False,1.0,23,Mumbai,Wankhede Stadium,False,True,53,8,8.833333333333334,62,7.018867924528301,20,158,96,11.166666666666666,8.597014925373134,2,8
8.6,8,6,58,Praveen Kumar,Lendl Simmons,0,False,1.0,23,Mumbai,Wankhede Stadium,False,True,54,8,9.0,62,6.888888888888889,20,158,96,11.0,8.727272727272727,2,8
9.1,9,1,59,Karn Sharma,Rohit Sharma,1,False,-0.5,23,Mumbai,Wankhede Stadium,False,True,55,9,9.166666666666666,63,6.872727272727273,20,158,95,10.833333333333334,8.769230769230768,2,8
9.2,9,2,60,Karn Sharma,Lendl Simmons,1,False,-0.5,23,Mumbai,Wankhede Stadium,False,True,56,9,9.333333333333334,64,6.857142857142857,20,158,94,10.666666666666666,8.8125,2,8
9.3,9,3,61,Karn Sharma,Rohit Sharma,1,False,-0.5,23,Mumbai,Wankhede Stadium,False,True,57,9,9.5,65,6.842105263157895,20,158,93,10.5,8.857142857142858,2,8
9.4,9,4,62,Karn Sharma,Lendl Simmons,0,False,1.0,23,Mumbai,Wankhede Stadium,False,True,58,9,9.666666666666666,65,6.724137931034483,20,158,93,10.333333333333334,9.0,2,8
9.5,9,5,63,Karn Sharma,Lendl Simmons,6,False,-3.0,23,Mumbai,Wankhede Stadium,False,True,59,9,9.833333333333334,71,7.220338983050847,20,158,87,10.166666666666666,8.557377049180328,2,8
9.6,9,6,64,Karn Sharma,Lendl Simmons,1,False,-0.5,23,Mumbai,Wankhede Stadium,False,True,60,9,10.0,72,7.2,20,158,86,10.0,8.6,2,8
10.1,10,1,65,Praveen Kumar,Lendl Simmons,1,False,-0.5,23,Mumbai,Wankhede Stadium,False,True,61,10,10.166666666666666,73,7.180327868852459,20,158,85,9.833333333333334,8.64406779661017,2,8
10.2,10,2,66,Praveen Kumar,Rohit Sharma,1,False,-0.5,23,Mumbai,Wankhede Stadium,False,True,62,10,10.333333333333334,74,7.161290322580645,20,158,84,9.666666666666666,8.689655172413794,2,8
10.3,10,3,67,Praveen Kumar,Lendl Simmons,1,False,-0.5,23,Mumbai,Wankhede Stadium,False,True,63,10,10.5,75,7.142857142857143,20,158,83,9.5,8.736842105263158,2,8
10.4,10,4,68,Praveen Kumar,Rohit Sharma,6,False,-3.0,23,Mumbai,Wankhede Stadium,False,True,64,10,10.666666666666666,81,7.59375,20,158,77,9.333333333333334,8.25,2,8
10.5,10,5,69,Praveen Kumar,Rohit Sharma,1,False,-0.5,23,Mumbai,Wankhede Stadium,False,True,65,10,10.833333333333334,82,7.569230769230769,20,158,76,9.166666666666666,8.290909090909091,2,8
10.6,10,6,70,Praveen Kumar,Lendl Simmons,1,False,-0.5,23,Mumbai,Wankhede Stadium,False,True,66,10,11.0,83,7.545454545454546,20,158,75,9.0,8.333333333333334,2,8
11.1,11,1,71,Karn Sharma,Lendl Simmons,1,False,-0.5,23,Mumbai,Wankhede Stadium,False,True,67,11,11.166666666666666,84,7.522388059701493,20,158,74,8.833333333333334,8.377358490566037,2,8
11.2,11,2,72,Karn Sharma,Rohit Sharma,4,False,-2.0,23,Mumbai,Wankhede Stadium,False,True,68,11,11.333333333333334,88,7.764705882352941,20,158,70,8.666666666666666,8.076923076923077,2,8
11.3,11,3,73,Karn Sharma,Rohit Sharma,1,False,-0.5,23,Mumbai,Wankhede Stadium,False,True,69,11,11.5,89,7.739130434782608,20,158,69,8.5,8.117647058823529,2,8
11.4,11,4,74,Karn Sharma,Lendl Simmons,1,False,-0.5,23,Mumbai,Wankhede Stadium,False,True,70,11,11.666666666666666,90,7.714285714285714,20,158,68,8.333333333333334,8.16,2,8
11.5,11,5,75,Karn Sharma,Rohit Sharma,1,False,-0.5,23,Mumbai,Wankhede Stadium,False,True,71,11,11.833333333333334,91,7.690140845070422,20,158,67,8.166666666666666,8.204081632653061,2,8
11.6,11,6,76,Karn Sharma,Lendl Simmons,1,False,-0.5,23,Mumbai,Wankhede Stadium,False,True,72,11,12.0,92,7.666666666666667,20,158,66,8.0,8.25,2,8
12.1,12,1,77,Dale Steyn,Lendl Simmons,4,False,-2.0,23,Mumbai,Wankhede Stadium,False,True,73,12,12.166666666666666,96,7.89041095890411,20,158,62,7.833333333333334,7.914893617021276,2,8
12.2,12,2,78,Dale Steyn,Lendl Simmons,4,False,-2.0,23,Mumbai,Wankhede Stadium,False,True,74,12,12.333333333333334,100,8.108108108108107,20,158,58,7.666666666666666,7.565217391304349,2,8
12.3,12,3,79,Dale Steyn,Lendl Simmons,0,True,5.0,23,Mumbai,Wankhede Stadium,False,True,75,12,12.5,100,8.0,20,158,58,7.5,7.733333333333333,3,7
12.4,12,4,80,Dale Steyn,Kieron Pollard,0,False,1.0,23,Mumbai,Wankhede Stadium,False,True,76,12,12.666666666666666,100,7.894736842105264,20,158,58,7.333333333333334,7.909090909090908,3,7
12.5,12,5,81,Dale Steyn,Kieron Pollard,0,False,1.0,23,Mumbai,Wankhede Stadium,False,True,77,12,12.833333333333334,100,7.792207792207792,20,158,58,7.166666666666666,8.093023255813954,3,7
12.6,12,6,82,Dale Steyn,Kieron Pollard,4,False,-2.0,23,Mumbai,Wankhede Stadium,False,True,78,12,13.0,104,8.0,20,158,54,7.0,7.714285714285714,3,7
13.1,13,1,83,Karn Sharma,Rohit Sharma,1,False,-0.5,23,Mumbai,Wankhede Stadium,False,True,79,13,13.166666666666666,105,7.974683544303798,20,158,53,6.833333333333334,7.756097560975609,3,7
13.2,13,2,84,Karn Sharma,Kieron Pollard,1,False,-0.5,23,Mumbai,Wankhede Stadium,False,True,80,13,13.333333333333334,106,7.949999999999999,20,158,52,6.666666666666666,7.800000000000001,3,7
13.3,13,3,85,Karn Sharma,Rohit Sharma,1,False,-0.5,23,Mumbai,Wankhede Stadium,False,True,81,13,13.5,107,7.925925925925926,20,158,51,6.5,7.846153846153846,3,7
13.4,13,4,86,Karn Sharma,Kieron Pollard,1,False,-0.5,23,Mumbai,Wankhede Stadium,False,True,82,13,13.666666666666666,108,7.902439024390244,20,158,50,6.333333333333334,7.894736842105263,3,7
13.5,13,5,87,Karn Sharma,Rohit Sharma,0,True,5.0,23,Mumbai,Wankhede Stadium,False,True,83,13,13.833333333333334,108,7.80722891566265,20,158,50,6.166666666666666,8.108108108108109,4,6
13.6,13,6,88,Karn Sharma,Kieron Pollard,0,False,1.0,23,Mumbai,Wankhede Stadium,False,True,84,13,14.0,108,7.714285714285714,20,158,50,6.0,8.333333333333334,4,6
14.1,14,1,89,Trent Boult,Ambati Rayudu,1,False,-0.5,23,Mumbai,Wankhede Stadium,False,True,85,14,14.166666666666666,109,7.694117647058824,20,158,49,5.833333333333334,8.399999999999999,4,6
14.2,14,2,90,Trent Boult,Kieron Pollard,0,False,1.0,23,Mumbai,Wankhede Stadium,False,True,86,14,14.333333333333334,109,7.604651162790697,20,158,49,5.666666666666666,8.647058823529413,4,6
14.3,14,3,91,Trent Boult,Kieron Pollard,1,False,-0.5,23,Mumbai,Wankhede Stadium,False,True,87,14,14.5,110,7.586206896551724,20,158,48,5.5,8.727272727272727,4,6
14.4,14,4,92,Trent Boult,Ambati Rayudu,1,False,-0.5,23,Mumbai,Wankhede Stadium,False,True,88,14,14.666666666666666,111,7.568181818181818,20,158,47,5.333333333333334,8.812499999999998,4,6
14.5,14,5,93,Trent Boult,Kieron Pollard,0,False,1.0,23,Mumbai,Wankhede Stadium,False,True,89,14,14.833333333333334,111,7.48314606741573,20,158,47,5.166666666666666,9.096774193548388,4,6
14.6,14,6,94,Trent Boult,Kieron Pollard,1,False,-0.5,23,Mumbai,Wankhede Stadium,False,True,90,14,15.0,112,7.466666666666667,20,158,46,5.0,9.2,4,6
15.1,15,1,95,Dale Steyn,Kieron Pollard,1,False,-0.5,23,Mumbai,Wankhede Stadium,False,True,91,15,15.166666666666666,113,7.450549450549451,20,158,45,4.833333333333334,9.310344827586206,4,6
15.2,15,2,96,Dale Steyn,Ambati Rayudu,1,False,-0.5,23,Mumbai,Wankhede Stadium,False,True,92,15,15.333333333333334,114,7.434782608695652,20,158,44,4.666666666666666,9.42857142857143,4,6
15.3,15,3,97,Dale Steyn,Kieron Pollard,2,False,-1.0,23,Mumbai,Wankhede Stadium,False,True,93,15,15.5,116,7.483870967741935,20,158,42,4.5,9.333333333333334,4,6
15.4,15,4,98,Dale Steyn,Kieron Pollard,1,False,-0.5,23,Mumbai,Wankhede Stadium,False,True,94,15,15.666666666666666,117,7.468085106382979,20,158,41,4.333333333333334,9.46153846153846,4,6
15.5,15,5,99,Dale Steyn,Ambati Rayudu,0,False,1.0,23,Mumbai,Wankhede Stadium,False,True,95,15,15.833333333333334,117,7.389473684210526,20,158,41,4.166666666666666,9.840000000000002,4,6
15.6,15,6,100,Dale Steyn,Ambati Rayudu,4,False,-2.0,23,Mumbai,Wankhede Stadium,False,True,96,15,16.0,121,7.5625,20,158,37,4.0,9.25,4,6
16.1,16,1,101,Bhuvneshwar Kumar,Kieron Pollard,4,False,-2.0,23,Mumbai,Wankhede Stadium,False,True,97,16,16.166666666666668,125,7.731958762886597,20,158,33,3.833333333333332,8.608695652173916,4,6
16.2,16,2,102,Bhuvneshwar Kumar,Kieron Pollard,1,False,-0.5,23,Mumbai,Wankhede Stadium,False,True,98,16,16.333333333333332,126,7.714285714285714,20,158,32,3.666666666666668,8.727272727272725,4,6
16.3,16,3,103,Bhuvneshwar Kumar,Ambati Rayudu,0,False,1.0,23,Mumbai,Wankhede Stadium,False,True,99,16,16.5,126,7.636363636363637,20,158,32,3.5,9.142857142857142,4,6
16.4,16,4,104,Bhuvneshwar Kumar,Ambati Rayudu,0,True,5.0,23,Mumbai,Wankhede Stadium,False,True,100,16,16.666666666666668,126,7.56,20,158,32,3.333333333333332,9.600000000000003,5,5
16.5,16,5,105,Bhuvneshwar Kumar,Harbhajan Singh,0,False,1.0,23,Mumbai,Wankhede Stadium,False,True,101,16,16.833333333333332,126,7.485148514851486,20,158,32,3.166666666666668,10.105263157894733,5,5
16.6,16,6,106,Bhuvneshwar Kumar,Harbhajan Singh,0,False,1.0,23,Mumbai,Wankhede Stadium,False,True,102,16,17.0,126,7.411764705882353,20,158,32,3.0,10.666666666666666,5,5
17.1,17,1,107,Praveen Kumar,Kieron Pollard,1,False,-1.0,23,Mumbai,Wankhede Stadium,True,False,102,16,17.0,127,7.470588235294118,20,158,31,3.0,10.333333333333334,5,5
17.1,17,1,108,Praveen Kumar,Kieron Pollard,1,False,-0.5,23,Mumbai,Wankhede Stadium,False,True,103,17,17.166666666666668,128,7.45631067961165,20,158,30,2.833333333333332,10.588235294117652,5,5
17.2,17,2,109,Praveen Kumar,Harbhajan Singh,0,False,1.0,23,Mumbai,Wankhede Stadium,False,True,104,17,17.333333333333332,128,7.384615384615385,20,158,30,2.666666666666668,11.249999999999995,5,5
17.3,17,3,110,Praveen Kumar,Harbhajan Singh,0,True,5.0,23,Mumbai,Wankhede Stadium,False,True,105,17,17.5,128,7.314285714285714,20,158,30,2.5,12.0,6,4
17.4,17,4,111,Praveen Kumar,Kieron Pollard,4,False,-2.0,23,Mumbai,Wankhede Stadium,False,True,106,17,17.666666666666668,132,7.471698113207546,20,158,26,2.333333333333332,11.142857142857148,6,4
17.5,17,5,112,Praveen Kumar,Kieron Pollard,1,False,-1.0,23,Mumbai,Wankhede Stadium,True,False,106,17,17.666666666666668,133,7.528301886792453,20,158,25,2.333333333333332,10.714285714285719,6,4
17.5,17,5,113,Praveen Kumar,Kieron Pollard,6,False,-3.0,23,Mumbai,Wankhede Stadium,False,True,107,17,17.833333333333332,139,7.794392523364486,20,158,19,2.166666666666668,8.769230769230765,6,4
17.6,17,6,114,Praveen Kumar,Kieron Pollard,1,False,-0.5,23,Mumbai,Wankhede Stadium,False,True,108,17,18.0,140,7.777777777777778,20,158,18,2.0,9.0,6,4
17.6,17,6,115,Praveen Kumar,Kieron Pollard,1,False,-1.0,23,Mumbai,Wankhede Stadium,True,False,108,17,18.0,141,7.833333333333333,20,158,17,2.0,8.5,6,4
18.1,18,1,116,Trent Boult,Kieron Pollard,0,False,1.0,23,Mumbai,Wankhede Stadium,False,True,109,18,18.166666666666668,141,7.761467889908256,20,158,17,1.8333333333333321,9.272727272727279,6,4
18.2,18,2,117,Trent Boult,Kieron Pollard,1,False,-1.0,23,Mumbai,Wankhede Stadium,True,False,109,18,18.166666666666668,142,7.816513761467889,20,158,16,1.8333333333333321,8.727272727272734,6,4
18.2,18,2,118,Trent Boult,Kieron Pollard,1,False,-0.5,23,Mumbai,Wankhede Stadium,False,True,110,18,18.333333333333332,143,7.800000000000001,20,158,15,1.6666666666666679,8.999999999999993,6,4
18.3,18,3,119,Trent Boult,Jagadeesha Suchith,2,False,-1.0,23,Mumbai,Wankhede Stadium,False,True,111,18,18.5,145,7.837837837837838,20,158,13,1.5,8.666666666666666,6,4
18.4,18,4,120,Trent Boult,Jagadeesha Suchith,1,False,-0.5,23,Mumbai,Wankhede Stadium,False,True,112,18,18.666666666666668,146,7.821428571428571,20,158,12,1.3333333333333321,9.000000000000009,6,4
18.5,18,5,121,Trent Boult,Kieron Pollard,2,False,-1.0,23,Mumbai,Wankhede Stadium,False,True,113,18,18.833333333333332,148,7.858407079646018,20,158,10,1.1666666666666679,8.571428571428562,6,4
18.6,18,6,122,Trent Boult,Kieron Pollard,1,False,-0.5,23,Mumbai,Wankhede Stadium,False,True,114,18,19.0,149,7.842105263157895,20,158,9,1.0,9.0,6,4
19.1,19,1,123,Bhuvneshwar Kumar,Kieron Pollard,0,True,5.0,23,Mumbai,Wankhede Stadium,False,True,115,19,19.166666666666668,149,7.77391304347826,20,158,9,0.8333333333333321,10.800000000000015,7,3
19.2,19,2,124,Bhuvneshwar Kumar,Vinay Kumar,0,True,5.0,23,Mumbai,Wankhede Stadium,False,True,116,19,19.333333333333332,149,7.706896551724139,20,158,9,0.6666666666666679,13.499999999999977,8,2
19.3,19,3,125,Bhuvneshwar Kumar,Mitchell McClenaghan,1,False,-0.5,23,Mumbai,Wankhede Stadium,False,True,117,19,19.5,150,7.6923076923076925,20,158,8,0.5,16.0,8,2
19.4,19,4,126,Bhuvneshwar Kumar,Jagadeesha Suchith,1,False,-1.0,23,Mumbai,Wankhede Stadium,True,False,117,19,19.5,151,7.743589743589744,20,158,7,0.5,14.0,8,2
19.4,19,4,127,Bhuvneshwar Kumar,Jagadeesha Suchith,2,False,-1.0,23,Mumbai,Wankhede Stadium,False,True,118,19,19.666666666666668,153,7.779661016949152,20,158,5,0.33333333333333215,15.000000000000053,8,2
19.5,19,5,128,Bhuvneshwar Kumar,Jagadeesha Suchith,2,False,-1.0,23,Mumbai,Wankhede Stadium,False,True,119,19,19.833333333333332,155,7.815126050420169,20,158,3,0.16666666666666785,17.999999999999872,8,2
19.6,19,6,129,Bhuvneshwar Kumar,Jagadeesha Suchith,2,False,-1.0,23,Mumbai,Wankhede Stadium,False,True,120,19,20.0,157,7.85,20,158,1,0.0,inf,8,2
