Ball Number,over,ball,Ball,bowler,batsman,Runs,is_wicket,bowler_score,match_id,city,stadium,is_extra,legal_delivery,legal_deliveries_count,overs_completed,overs_bowled,total_runs,current_run_rate,total_overs,target,runs_needed,overs_remaining,required_run_rate,wickets_fallen,wickets_in_hand
0.1,0,1,1,Trent Boult,Murali Vijay,0,False,1.0,27,Mohali,Punjab Cricket Association Stadium,False,True,1,0,0.16666666666666666,0,0.0,20,151,151,19.833333333333332,7.613445378151261,0,10
0.2,0,2,2,Trent Boult,Murali Vijay,3,False,-1.5,27,Mohali,Punjab Cricket Association Stadium,False,True,2,0,0.3333333333333333,3,9.0,20,151,148,19.666666666666668,7.525423728813559,0,10
0.3,0,3,3,Trent Boult,Manan Vohra,0,False,1.0,27,Mohali,Punjab Cricket Association Stadium,False,True,3,0,0.5,3,6.0,20,151,148,19.5,7.589743589743589,0,10
0.4,0,4,4,Trent Boult,Manan Vohra,1,False,-0.5,27,Mohali,Punjab Cricket Association Stadium,False,True,4,0,0.6666666666666666,4,6.0,20,151,147,19.333333333333332,7.603448275862069,0,10
0.5,0,5,5,Trent Boult,Murali Vijay,0,False,1.0,27,Mohali,Punjab Cricket Association Stadium,False,True,5,0,0.8333333333333334,4,4.8,20,151,147,19.166666666666668,7.669565217391304,0,10
0.6,0,6,6,Trent Boult,Murali Vijay,0,False,1.0,27,Mohali,Punjab Cricket Association Stadium,False,True,6,0,1.0,4,4.0,20,151,147,19.0,7.7368421052631575,0,10
1.1,1,1,7,Bhuvneshwar Kumar,Manan Vohra,4,False,-2.0,27,Mohali,Punjab Cricket Association Stadium,False,True,7,1,1.1666666666666667,8,6.857142857142857,20,151,143,18.833333333333332,7.592920353982302,0,10
1.2,1,2,8,Bhuvneshwar Kumar,Manan Vohra,1,False,-1.0,27,Mohali,Punjab Cricket Association Stadium,True,False,7,1,1.1666666666666667,9,7.7142857142857135,20,151,142,18.833333333333332,7.539823008849558,0,10
1.2,1,2,9,Bhuvneshwar Kumar,Manan Vohra,0,False,1.0,27,Mohali,Punjab Cricket Association Stadium,False,True,8,1,1.3333333333333333,9,6.75,20,151,142,18.666666666666668,7.607142857142857,0,10
1.3,1,3,10,Bhuvneshwar Kumar,Manan Vohra,0,False,1.0,27,Mohali,Punjab Cricket Association Stadium,False,True,9,1,1.5,9,6.0,20,151,142,18.5,7.675675675675675,0,10
1.4,1,4,11,Bhuvneshwar Kumar,Manan Vohra,0,False,1.0,27,Mohali,Punjab Cricket Association Stadium,False,True,10,1,1.6666666666666665,9,5.4,20,151,142,18.333333333333332,7.745454545454546,0,10
1.5,1,5,12,Bhuvneshwar Kumar,Manan Vohra,0,False,1.0,27,Mohali,Punjab Cricket Association Stadium,False,True,11,1,1.8333333333333335,9,4.909090909090908,20,151,142,18.166666666666668,7.816513761467889,0,10
1.6,1,6,13,Bhuvneshwar Kumar,Manan Vohra,0,False,1.0,27,Mohali,Punjab Cricket Association Stadium,False,True,12,1,2.0,9,4.5,20,151,142,18.0,7.888888888888889,0,10
2.1,2,1,14,Trent Boult,Murali Vijay,1,False,-0.5,27,Mohali,Punjab Cricket Association Stadium,False,True,13,2,2.1666666666666665,10,4.615384615384616,20,151,141,17.833333333333332,7.906542056074767,0,10
2.2,2,2,15,Trent Boult,Manan Vohra,0,True,5.0,27,Mohali,Punjab Cricket Association Stadium,False,True,14,2,2.3333333333333335,10,4.285714285714286,20,151,141,17.666666666666668,7.981132075471698,1,9
2.3,2,3,16,Trent Boult,Shaun Marsh,0,False,1.0,27,Mohali,Punjab Cricket Association Stadium,False,True,15,2,2.5,10,4.0,20,151,141,17.5,8.057142857142857,1,9
2.3,2,3,17,Trent Boult,Shaun Marsh,1,False,-1.0,27,Mohali,Punjab Cricket Association Stadium,True,False,15,2,2.5,11,4.4,20,151,140,17.5,8.0,1,9
2.3,2,3,18,Trent Boult,Shaun Marsh,1,False,-1.0,27,Mohali,Punjab Cricket Association Stadium,True,False,15,2,2.5,12,4.8,20,151,139,17.5,7.942857142857143,1,9
2.4,2,4,19,Trent Boult,Shaun Marsh,0,False,1.0,27,Mohali,Punjab Cricket Association Stadium,False,True,16,2,2.6666666666666665,12,4.5,20,151,139,17.333333333333332,8.01923076923077,1,9
2.5,2,5,20,Trent Boult,Shaun Marsh,1,False,-0.5,27,Mohali,Punjab Cricket Association Stadium,False,True,17,2,2.8333333333333335,13,4.588235294117647,20,151,138,17.166666666666668,8.03883495145631,1,9
2.6,2,6,21,Trent Boult,Murali Vijay,0,False,1.0,27,Mohali,Punjab Cricket Association Stadium,False,True,18,2,3.0,13,4.333333333333333,20,151,138,17.0,8.117647058823529,1,9
3.1,3,1,22,Bhuvneshwar Kumar,Shaun Marsh,0,True,5.0,27,Mohali,Punjab Cricket Association Stadium,False,True,19,3,3.1666666666666665,13,4.105263157894737,20,151,138,16.833333333333332,8.198019801980198,2,8
3.2,3,2,23,Bhuvneshwar Kumar,George Bailey,1,False,-0.5,27,Mohali,Punjab Cricket Association Stadium,False,True,20,3,3.3333333333333335,14,4.2,20,151,137,16.666666666666668,8.219999999999999,2,8
3.3,3,3,24,Bhuvneshwar Kumar,Murali Vijay,1,False,-0.5,27,Mohali,Punjab Cricket Association Stadium,False,True,21,3,3.5,15,4.285714285714286,20,151,136,16.5,8.242424242424242,2,8
3.4,3,4,25,Bhuvneshwar Kumar,George Bailey,0,False,1.0,27,Mohali,Punjab Cricket Association Stadium,False,True,22,3,3.6666666666666665,15,4.090909090909091,20,151,136,16.333333333333332,8.326530612244898,2,8
3.5,3,5,26,Bhuvneshwar Kumar,George Bailey,1,False,-0.5,27,Mohali,Punjab Cricket Association Stadium,False,True,23,3,3.8333333333333335,16,4.173913043478261,20,151,135,16.166666666666668,8.350515463917525,2,8
3.6,3,6,27,Bhuvneshwar Kumar,Murali Vijay,1,False,-0.5,27,Mohali,Punjab Cricket Association Stadium,False,True,24,3,4.0,17,4.25,20,151,134,16.0,8.375,2,8
4.1,4,1,28,Trent Boult,Murali Vijay,0,False,1.0,27,Mohali,Punjab Cricket Association Stadium,False,True,25,4,4.166666666666667,17,4.08,20,151,134,15.833333333333332,8.463157894736844,2,8
4.2,4,2,29,Trent Boult,Murali Vijay,0,False,1.0,27,Mohali,Punjab Cricket Association Stadium,False,True,26,4,4.333333333333333,17,3.9230769230769234,20,151,134,15.666666666666668,8.553191489361701,2,8
4.3,4,3,30,Trent Boult,Murali Vijay,2,False,-1.0,27,Mohali,Punjab Cricket Association Stadium,False,True,27,4,4.5,19,4.222222222222222,20,151,132,15.5,8.516129032258064,2,8
4.4,4,4,31,Trent Boult,Murali Vijay,1,False,-0.5,27,Mohali,Punjab Cricket Association Stadium,False,True,28,4,4.666666666666667,20,4.285714285714286,20,151,131,15.333333333333332,8.543478260869566,2,8
4.5,4,5,32,Trent Boult,George Bailey,1,False,-0.5,27,Mohali,Punjab Cricket Association Stadium,False,True,29,4,4.833333333333333,21,4.344827586206897,20,151,130,15.166666666666668,8.571428571428571,2,8
4.6,4,6,33,Trent Boult,Murali Vijay,0,False,1.0,27,Mohali,Punjab Cricket Association Stadium,False,True,30,4,5.0,21,4.2,20,151,130,15.0,8.666666666666666,2,8
5.1,5,1,34,Praveen Kumar,George Bailey,4,False,-2.0,27,Mohali,Punjab Cricket Association Stadium,False,True,31,5,5.166666666666667,25,4.838709677419355,20,151,126,14.833333333333332,8.49438202247191,2,8
5.2,5,2,35,Praveen Kumar,George Bailey,0,False,1.0,27,Mohali,Punjab Cricket Association Stadium,False,True,32,5,5.333333333333333,25,4.6875,20,151,126,14.666666666666668,8.59090909090909,2,8
5.2,5,2,36,Praveen Kumar,George Bailey,1,False,-1.0,27,Mohali,Punjab Cricket Association Stadium,True,False,32,5,5.333333333333333,26,4.875,20,151,125,14.666666666666668,8.522727272727272,2,8
5.3,5,3,37,Praveen Kumar,George Bailey,1,False,-1.0,27,Mohali,Punjab Cricket Association Stadium,True,False,32,5,5.333333333333333,27,5.0625,20,151,124,14.666666666666668,8.454545454545453,2,8
5.3,5,3,38,Praveen Kumar,George Bailey,4,False,-2.0,27,Mohali,Punjab Cricket Association Stadium,False,True,33,5,5.5,31,5.636363636363637,20,151,120,14.5,8.275862068965518,2,8
5.4,5,4,39,Praveen Kumar,George Bailey,0,False,1.0,27,Mohali,Punjab Cricket Association Stadium,False,True,34,5,5.666666666666667,31,5.470588235294118,20,151,120,14.333333333333332,8.372093023255815,2,8
5.5,5,5,40,Praveen Kumar,George Bailey,4,False,-2.0,27,Mohali,Punjab Cricket Association Stadium,False,True,35,5,5.833333333333333,35,6.0,20,151,116,14.166666666666668,8.188235294117646,2,8
5.6,5,6,41,Praveen Kumar,George Bailey,1,False,-0.5,27,Mohali,Punjab Cricket Association Stadium,False,True,36,5,6.0,36,6.0,20,151,115,14.0,8.214285714285714,2,8
6.1,6,1,42,Karn Sharma,George Bailey,1,False,-0.5,27,Mohali,Punjab Cricket Association Stadium,False,True,37,6,6.166666666666667,37,6.0,20,151,114,13.833333333333332,8.240963855421688,2,8
6.2,6,2,43,Karn Sharma,Murali Vijay,1,False,-0.5,27,Mohali,Punjab Cricket Association Stadium,False,True,38,6,6.333333333333333,38,6.0,20,151,113,13.666666666666668,8.268292682926829,2,8
6.3,6,3,44,Karn Sharma,George Bailey,0,False,1.0,27,Mohali,Punjab Cricket Association Stadium,False,True,39,6,6.5,38,5.846153846153846,20,151,113,13.5,8.37037037037037,2,8
6.4,6,4,45,Karn Sharma,George Bailey,1,False,-0.5,27,Mohali,Punjab Cricket Association Stadium,False,True,40,6,6.666666666666667,39,5.85,20,151,112,13.333333333333332,8.4,2,8
6.5,6,5,46,Karn Sharma,Murali Vijay,1,False,-0.5,27,Mohali,Punjab Cricket Association Stadium,False,True,41,6,6.833333333333333,40,5.853658536585366,20,151,111,13.166666666666668,8.430379746835442,2,8
6.6,6,6,47,Karn Sharma,George Bailey,2,False,-1.0,27,Mohali,Punjab Cricket Association Stadium,False,True,42,6,7.0,42,6.0,20,151,109,13.0,8.384615384615385,2,8
7.1,7,1,48,Moises Henriques,Murali Vijay,1,False,-0.5,27,Mohali,Punjab Cricket Association Stadium,False,True,43,7,7.166666666666667,43,6.0,20,151,108,12.833333333333332,8.415584415584416,2,8
7.2,7,2,49,Moises Henriques,George Bailey,2,False,-1.0,27,Mohali,Punjab Cricket Association Stadium,False,True,44,7,7.333333333333333,45,6.136363636363637,20,151,106,12.666666666666668,8.368421052631579,2,8
7.3,7,3,50,Moises Henriques,George Bailey,0,True,5.0,27,Mohali,Punjab Cricket Association Stadium,False,True,45,7,7.5,45,6.0,20,151,106,12.5,8.48,3,7
7.4,7,4,51,Moises Henriques,David Miller,2,False,-1.0,27,Mohali,Punjab Cricket Association Stadium,False,True,46,7,7.666666666666667,47,6.130434782608695,20,151,104,12.333333333333332,8.432432432432433,3,7
7.5,7,5,52,Moises Henriques,David Miller,0,False,1.0,27,Mohali,Punjab Cricket Association Stadium,False,True,47,7,7.833333333333333,47,6.0,20,151,104,12.166666666666668,8.54794520547945,3,7
7.6,7,6,53,Moises Henriques,David Miller,1,False,-0.5,27,Mohali,Punjab Cricket Association Stadium,False,True,48,7,8.0,48,6.0,20,151,103,12.0,8.583333333333334,3,7
8.1,8,1,54,Karn Sharma,David Miller,4,False,-2.0,27,Mohali,Punjab Cricket Association Stadium,False,True,49,8,8.166666666666666,52,6.367346938775511,20,151,99,11.833333333333334,8.366197183098592,3,7
8.2,8,2,55,Karn Sharma,David Miller,0,True,5.0,27,Mohali,Punjab Cricket Association Stadium,False,True,50,8,8.333333333333334,52,6.239999999999999,20,151,99,11.666666666666666,8.485714285714286,4,6
8.3,8,3,56,Karn Sharma,Wriddhiman Saha,1,False,-0.5,27,Mohali,Punjab Cricket Association Stadium,False,True,51,8,8.5,53,6.235294117647059,20,151,98,11.5,8.521739130434783,4,6
8.4,8,4,57,Karn Sharma,David Miller,1,False,-0.5,27,Mohali,Punjab Cricket Association Stadium,False,True,52,8,8.666666666666666,54,6.230769230769231,20,151,97,11.333333333333334,8.558823529411764,4,6
8.5,8,5,58,Karn Sharma,Wriddhiman Saha,0,False,1.0,27,Mohali,Punjab Cricket Association Stadium,False,True,53,8,8.833333333333334,54,6.113207547169811,20,151,97,11.166666666666666,8.686567164179104,4,6
8.6,8,6,59,Karn Sharma,Wriddhiman Saha,1,False,-0.5,27,Mohali,Punjab Cricket Association Stadium,False,True,54,8,9.0,55,6.111111111111111,20,151,96,11.0,8.727272727272727,4,6
9.1,9,1,60,Moises Henriques,Wriddhiman Saha,0,False,1.0,27,Mohali,Punjab Cricket Association Stadium,False,True,55,9,9.166666666666666,55,6.0,20,151,96,10.833333333333334,8.86153846153846,4,6
9.2,9,2,61,Moises Henriques,Wriddhiman Saha,1,False,-0.5,27,Mohali,Punjab Cricket Association Stadium,False,True,56,9,9.333333333333334,56,6.0,20,151,95,10.666666666666666,8.90625,4,6
9.3,9,3,62,Moises Henriques,David Miller,1,False,-0.5,27,Mohali,Punjab Cricket Association Stadium,False,True,57,9,9.5,57,6.0,20,151,94,10.5,8.952380952380953,4,6
9.4,9,4,63,Moises Henriques,Wriddhiman Saha,1,False,-0.25,27,Mohali,Punjab Cricket Association Stadium,False,True,58,9,9.666666666666666,58,6.0,20,151,93,10.333333333333334,9.0,4,6
9.5,9,5,64,Moises Henriques,David Miller,1,False,-0.5,27,Mohali,Punjab Cricket Association Stadium,False,True,59,9,9.833333333333334,59,6.0,20,151,92,10.166666666666666,9.049180327868854,4,6
9.6,9,6,65,Moises Henriques,Wriddhiman Saha,1,False,-0.5,27,Mohali,Punjab Cricket Association Stadium,False,True,60,9,10.0,60,6.0,20,151,91,10.0,9.1,4,6
10.1,10,1,66,Karn Sharma,Wriddhiman Saha,0,False,1.0,27,Mohali,Punjab Cricket Association Stadium,False,True,61,10,10.166666666666666,60,5.901639344262295,20,151,91,9.833333333333334,9.254237288135593,4,6
10.2,10,2,67,Karn Sharma,Wriddhiman Saha,1,False,-0.5,27,Mohali,Punjab Cricket Association Stadium,False,True,62,10,10.333333333333334,61,5.903225806451613,20,151,90,9.666666666666666,9.310344827586208,4,6
10.3,10,3,68,Karn Sharma,David Miller,1,False,-0.5,27,Mohali,Punjab Cricket Association Stadium,False,True,63,10,10.5,62,5.904761904761905,20,151,89,9.5,9.368421052631579,4,6
10.4,10,4,69,Karn Sharma,Wriddhiman Saha,1,False,-0.5,27,Mohali,Punjab Cricket Association Stadium,False,True,64,10,10.666666666666666,63,5.90625,20,151,88,9.333333333333334,9.428571428571429,4,6
10.5,10,5,70,Karn Sharma,David Miller,0,False,1.0,27,Mohali,Punjab Cricket Association Stadium,False,True,65,10,10.833333333333334,63,5.815384615384615,20,151,88,9.166666666666666,9.600000000000001,4,6
10.6,10,6,71,Karn Sharma,David Miller,1,False,-0.5,27,Mohali,Punjab Cricket Association Stadium,False,True,66,10,11.0,64,5.818181818181818,20,151,87,9.0,9.666666666666666,4,6
11.1,11,1,72,Moises Henriques,David Miller,1,False,-0.5,27,Mohali,Punjab Cricket Association Stadium,False,True,67,11,11.166666666666666,65,5.82089552238806,20,151,86,8.833333333333334,9.735849056603772,4,6
11.2,11,2,73,Moises Henriques,Wriddhiman Saha,2,False,-1.0,27,Mohali,Punjab Cricket Association Stadium,False,True,68,11,11.333333333333334,67,5.911764705882352,20,151,84,8.666666666666666,9.692307692307693,4,6
11.3,11,3,74,Moises Henriques,Wriddhiman Saha,1,False,-0.5,27,Mohali,Punjab Cricket Association Stadium,False,True,69,11,11.5,68,5.913043478260869,20,151,83,8.5,9.764705882352942,4,6
11.4,11,4,75,Moises Henriques,David Miller,1,False,-0.5,27,Mohali,Punjab Cricket Association Stadium,False,True,70,11,11.666666666666666,69,5.914285714285715,20,151,82,8.333333333333334,9.84,4,6
11.5,11,5,76,Moises Henriques,Wriddhiman Saha,0,False,1.0,27,Mohali,Punjab Cricket Association Stadium,False,True,71,11,11.833333333333334,69,5.830985915492957,20,151,82,8.166666666666666,10.040816326530614,4,6
11.6,11,6,77,Moises Henriques,Wriddhiman Saha,1,False,-0.5,27,Mohali,Punjab Cricket Association Stadium,False,True,72,11,12.0,70,5.833333333333333,20,151,81,8.0,10.125,4,6
12.1,12,1,78,Karn Sharma,Wriddhiman Saha,1,False,-0.5,27,Mohali,Punjab Cricket Association Stadium,False,True,73,12,12.166666666666666,71,5.835616438356165,20,151,80,7.833333333333334,10.212765957446807,4,6
12.2,12,2,79,Karn Sharma,David Miller,0,True,5.0,27,Mohali,Punjab Cricket Association Stadium,False,True,74,12,12.333333333333334,71,5.756756756756756,20,151,80,7.666666666666666,10.434782608695652,5,5
12.3,12,3,80,Karn Sharma,Wriddhiman Saha,1,False,-0.5,27,Mohali,Punjab Cricket Association Stadium,False,True,75,12,12.5,72,5.76,20,151,79,7.5,10.533333333333333,5,5
12.4,12,4,81,Karn Sharma,Axar Patel,1,False,-0.5,27,Mohali,Punjab Cricket Association Stadium,False,True,76,12,12.666666666666666,73,5.7631578947368425,20,151,78,7.333333333333334,10.636363636363635,5,5
12.5,12,5,82,Karn Sharma,Wriddhiman Saha,0,False,1.0,27,Mohali,Punjab Cricket Association Stadium,False,True,77,12,12.833333333333334,73,5.688311688311688,20,151,78,7.166666666666666,10.88372093023256,5,5
12.6,12,6,83,Karn Sharma,Wriddhiman Saha,1,False,-0.5,27,Mohali,Punjab Cricket Association Stadium,False,True,78,12,13.0,74,5.6923076923076925,20,151,77,7.0,11.0,5,5
13.1,13,1,84,Praveen Kumar,Wriddhiman Saha,1,False,-0.5,27,Mohali,Punjab Cricket Association Stadium,False,True,79,13,13.166666666666666,75,5.69620253164557,20,151,76,6.833333333333334,11.121951219512194,5,5
13.2,13,2,85,Praveen Kumar,Axar Patel,0,False,1.0,27,Mohali,Punjab Cricket Association Stadium,False,True,80,13,13.333333333333334,75,5.625,20,151,76,6.666666666666666,11.4,5,5
13.3,13,3,86,Praveen Kumar,Axar Patel,1,False,-0.5,27,Mohali,Punjab Cricket Association Stadium,False,True,81,13,13.5,76,5.62962962962963,20,151,75,6.5,11.538461538461538,5,5
13.4,13,4,87,Praveen Kumar,Wriddhiman Saha,1,False,-0.5,27,Mohali,Punjab Cricket Association Stadium,False,True,82,13,13.666666666666666,77,5.634146341463415,20,151,74,6.333333333333334,11.684210526315788,5,5
13.5,13,5,88,Praveen Kumar,Axar Patel,0,False,1.0,27,Mohali,Punjab Cricket Association Stadium,False,True,83,13,13.833333333333334,77,5.566265060240964,20,151,74,6.166666666666666,12.000000000000002,5,5
13.6,13,6,89,Praveen Kumar,Axar Patel,1,False,-0.5,27,Mohali,Punjab Cricket Association Stadium,False,True,84,13,14.0,78,5.571428571428571,20,151,73,6.0,12.166666666666666,5,5
14.1,14,1,90,Moises Henriques,Axar Patel,2,False,-1.0,27,Mohali,Punjab Cricket Association Stadium,False,True,85,14,14.166666666666666,80,5.647058823529412,20,151,71,5.833333333333334,12.17142857142857,5,5
14.2,14,2,91,Moises Henriques,Axar Patel,1,False,-0.5,27,Mohali,Punjab Cricket Association Stadium,False,True,86,14,14.333333333333334,81,5.651162790697674,20,151,70,5.666666666666666,12.352941176470589,5,5
14.3,14,3,92,Moises Henriques,Wriddhiman Saha,2,False,-1.0,27,Mohali,Punjab Cricket Association Stadium,False,True,87,14,14.5,83,5.724137931034483,20,151,68,5.5,12.363636363636363,5,5
14.4,14,4,93,Moises Henriques,Wriddhiman Saha,2,False,-1.0,27,Mohali,Punjab Cricket Association Stadium,False,True,88,14,14.666666666666666,85,5.795454545454546,20,151,66,5.333333333333334,12.374999999999998,5,5
14.5,14,5,94,Moises Henriques,Wriddhiman Saha,1,False,-0.5,27,Mohali,Punjab Cricket Association Stadium,False,True,89,14,14.833333333333334,86,5.797752808988764,20,151,65,5.166666666666666,12.580645161290324,5,5
14.6,14,6,95,Moises Henriques,Axar Patel,6,False,-3.0,27,Mohali,Punjab Cricket Association Stadium,False,True,90,14,15.0,92,6.133333333333334,20,151,59,5.0,11.8,5,5
15.1,15,1,96,Bhuvneshwar Kumar,Wriddhiman Saha,2,False,-1.0,27,Mohali,Punjab Cricket Association Stadium,False,True,91,15,15.166666666666666,94,6.197802197802198,20,151,57,4.833333333333334,11.793103448275861,5,5
15.2,15,2,97,Bhuvneshwar Kumar,Wriddhiman Saha,2,False,-1.0,27,Mohali,Punjab Cricket Association Stadium,False,True,92,15,15.333333333333334,96,6.260869565217391,20,151,55,4.666666666666666,11.785714285714286,5,5
15.3,15,3,98,Bhuvneshwar Kumar,Wriddhiman Saha,1,False,-0.5,27,Mohali,Punjab Cricket Association Stadium,False,True,93,15,15.5,97,6.258064516129032,20,151,54,4.5,12.0,5,5
15.4,15,4,99,Bhuvneshwar Kumar,Axar Patel,1,False,-0.5,27,Mohali,Punjab Cricket Association Stadium,False,True,94,15,15.666666666666666,98,6.25531914893617,20,151,53,4.333333333333334,12.23076923076923,5,5
15.5,15,5,100,Bhuvneshwar Kumar,Wriddhiman Saha,0,False,1.0,27,Mohali,Punjab Cricket Association Stadium,False,True,95,15,15.833333333333334,98,6.189473684210526,20,151,53,4.166666666666666,12.720000000000002,5,5
15.6,15,6,101,Bhuvneshwar Kumar,Wriddhiman Saha,6,False,-3.0,27,Mohali,Punjab Cricket Association Stadium,False,True,96,15,16.0,104,6.5,20,151,47,4.0,11.75,5,5
16.1,16,1,102,Praveen Kumar,Axar Patel,2,False,-1.0,27,Mohali,Punjab Cricket Association Stadium,False,True,97,16,16.166666666666668,106,6.556701030927835,20,151,45,3.833333333333332,11.739130434782613,5,5
16.2,16,2,103,Praveen Kumar,Axar Patel,1,False,-0.5,27,Mohali,Punjab Cricket Association Stadium,False,True,98,16,16.333333333333332,107,6.551020408163266,20,151,44,3.666666666666668,11.999999999999996,5,5
16.3,16,3,104,Praveen Kumar,Wriddhiman Saha,4,False,-2.0,27,Mohali,Punjab Cricket Association Stadium,False,True,99,16,16.5,111,6.7272727272727275,20,151,40,3.5,11.428571428571429,5,5
16.4,16,4,105,Praveen Kumar,Wriddhiman Saha,2,False,-1.0,27,Mohali,Punjab Cricket Association Stadium,False,True,100,16,16.666666666666668,113,6.779999999999999,20,151,38,3.333333333333332,11.400000000000004,5,5
16.5,16,5,106,Praveen Kumar,Wriddhiman Saha,1,False,-0.5,27,Mohali,Punjab Cricket Association Stadium,False,True,101,16,16.833333333333332,114,6.772277227722773,20,151,37,3.166666666666668,11.684210526315786,5,5
16.6,16,6,107,Praveen Kumar,Axar Patel,1,False,-0.5,27,Mohali,Punjab Cricket Association Stadium,False,True,102,16,17.0,115,6.764705882352941,20,151,36,3.0,12.0,5,5
17.1,17,1,108,Trent Boult,Axar Patel,0,True,5.0,27,Mohali,Punjab Cricket Association Stadium,False,True,103,17,17.166666666666668,115,6.699029126213592,20,151,36,2.833333333333332,12.705882352941181,6,4
17.2,17,2,109,Trent Boult,R Dhawan,2,False,-1.0,27,Mohali,Punjab Cricket Association Stadium,False,True,104,17,17.333333333333332,117,6.750000000000001,20,151,34,2.666666666666668,12.749999999999995,6,4
17.3,17,3,110,Trent Boult,R Dhawan,0,False,1.0,27,Mohali,Punjab Cricket Association Stadium,False,True,105,17,17.5,117,6.685714285714286,20,151,34,2.5,13.6,6,4
17.4,17,4,111,Trent Boult,R Dhawan,1,False,-0.5,27,Mohali,Punjab Cricket Association Stadium,False,True,106,17,17.666666666666668,118,6.679245283018868,20,151,33,2.333333333333332,14.14285714285715,6,4
17.5,17,5,112,Trent Boult,Wriddhiman Saha,4,False,-2.0,27,Mohali,Punjab Cricket Association Stadium,False,True,107,17,17.833333333333332,122,6.841121495327103,20,151,29,2.166666666666668,13.384615384615378,6,4
17.6,17,6,113,Trent Boult,Wriddhiman Saha,0,True,5.0,27,Mohali,Punjab Cricket Association Stadium,False,True,108,17,18.0,122,6.777777777777778,20,151,29,2.0,14.5,7,3
18.1,18,1,114,Bhuvneshwar Kumar,Mitchell Johnson,1,False,-0.25,27,Mohali,Punjab Cricket Association Stadium,False,True,109,18,18.166666666666668,123,6.770642201834862,20,151,28,1.8333333333333321,15.272727272727282,7,3
18.2,18,2,115,Bhuvneshwar Kumar,R Dhawan,0,False,1.0,27,Mohali,Punjab Cricket Association Stadium,False,True,110,18,18.333333333333332,123,6.70909090909091,20,151,28,1.6666666666666679,16.799999999999986,7,3
18.3,18,3,116,Bhuvneshwar Kumar,R Dhawan,1,False,-0.5,27,Mohali,Punjab Cricket Association Stadium,False,True,111,18,18.5,124,6.702702702702703,20,151,27,1.5,18.0,7,3
18.4,18,4,117,Bhuvneshwar Kumar,Mitchell Johnson,1,False,-0.5,27,Mohali,Punjab Cricket Association Stadium,False,True,112,18,18.666666666666668,125,6.696428571428571,20,151,26,1.3333333333333321,19.500000000000018,7,3
18.5,18,5,118,Bhuvneshwar Kumar,R Dhawan,0,True,5.0,27,Mohali,Punjab Cricket Association Stadium,False,True,113,18,18.833333333333332,125,6.6371681415929205,20,151,26,1.1666666666666679,22.285714285714263,8,2
18.6,18,6,119,Bhuvneshwar Kumar,Anureet Singh,0,False,1.0,27,Mohali,Punjab Cricket Association Stadium,False,True,114,18,19.0,125,6.578947368421052,20,151,26,1.0,26.0,8,2
19.1,19,1,120,Praveen Kumar,Mitchell Johnson,0,False,1.0,27,Mohali,Punjab Cricket Association Stadium,False,True,115,19,19.166666666666668,125,6.521739130434782,20,151,26,0.8333333333333321,31.200000000000045,8,2
19.2,19,2,121,Praveen Kumar,Mitchell Johnson,1,False,-0.5,27,Mohali,Punjab Cricket Association Stadium,False,True,116,19,19.333333333333332,126,6.517241379310345,20,151,25,0.6666666666666679,37.499999999999936,8,2
19.3,19,3,122,Praveen Kumar,Anureet Singh,0,True,5.0,27,Mohali,Punjab Cricket Association Stadium,False,True,117,19,19.5,126,6.461538461538462,20,151,25,0.5,50.0,9,1
19.4,19,4,123,Praveen Kumar,Mitchell Johnson,1,False,-0.5,27,Mohali,Punjab Cricket Association Stadium,False,True,118,19,19.666666666666668,127,6.4576271186440675,20,151,24,0.33333333333333215,72.00000000000026,9,1
19.5,19,5,124,Praveen Kumar,Sandeep Sharma,1,False,-0.5,27,Mohali,Punjab Cricket Association Stadium,False,True,119,19,19.833333333333332,128,6.453781512605042,20,151,23,0.16666666666666785,137.99999999999903,9,1
19.6,19,6,125,Praveen Kumar,Mitchell Johnson,1,False,-0.5,27,Mohali,Punjab Cricket Association Stadium,False,True,120,19,20.0,129,6.45,20,151,22,0.0,inf,9,1
