Ball Number,over,ball,Ball,bowler,batsman,Runs,is_wicket,bowler_score,match_id,city,stadium,is_extra,legal_delivery,legal_deliveries_count,overs_completed,overs_bowled,total_runs,current_run_rate,total_overs,target,runs_needed,overs_remaining,required_run_rate,wickets_fallen,wickets_in_hand
0.1,0,1,1,Pat Cummins,Dwayne Smith,0,False,1.0,28,Chepauk,MA Chidambaram Stadium,False,True,1,0,0.16666666666666666,0,0.0,20,135,135,19.833333333333332,6.806722689075631,0,10
0.2,0,2,2,Pat Cummins,Dwayne Smith,0,False,1.0,28,Chepauk,MA Chidambaram Stadium,False,True,2,0,0.3333333333333333,0,0.0,20,135,135,19.666666666666668,6.864406779661016,0,10
0.3,0,3,3,Pat Cummins,Dwayne Smith,4,False,-2.0,28,Chepauk,MA Chidambaram Stadium,False,True,3,0,0.5,4,8.0,20,135,131,19.5,6.717948717948718,0,10
0.4,0,4,4,Pat Cummins,Dwayne Smith,0,False,1.0,28,Chepauk,MA Chidambaram Stadium,False,True,4,0,0.6666666666666666,4,6.0,20,135,131,19.333333333333332,6.775862068965518,0,10
0.5,0,5,5,Pat Cummins,Dwayne Smith,0,False,1.0,28,Chepauk,MA Chidambaram Stadium,False,True,5,0,0.8333333333333334,4,4.8,20,135,131,19.166666666666668,6.834782608695652,0,10
0.6,0,6,6,Pat Cummins,Dwayne Smith,0,False,1.0,28,Chepauk,MA Chidambaram Stadium,False,True,6,0,1.0,4,4.0,20,135,131,19.0,6.894736842105263,0,10
1.1,1,1,7,Umesh Yadav,Brendon McCullum,4,False,-2.0,28,Chepauk,MA Chidambaram Stadium,False,True,7,1,1.1666666666666667,8,6.857142857142857,20,135,127,18.833333333333332,6.743362831858407,0,10
1.2,1,2,8,Umesh Yadav,Brendon McCullum,0,False,1.0,28,Chepauk,MA Chidambaram Stadium,False,True,8,1,1.3333333333333333,8,6.0,20,135,127,18.666666666666668,6.803571428571428,0,10
1.3,1,3,9,Umesh Yadav,Brendon McCullum,1,False,-0.25,28,Chepauk,MA Chidambaram Stadium,False,True,9,1,1.5,9,6.0,20,135,126,18.5,6.8108108108108105,0,10
1.4,1,4,10,Umesh Yadav,Dwayne Smith,1,False,-0.5,28,Chepauk,MA Chidambaram Stadium,False,True,10,1,1.6666666666666665,10,6.000000000000001,20,135,125,18.333333333333332,6.818181818181818,0,10
1.5,1,5,11,Umesh Yadav,Brendon McCullum,0,False,1.0,28,Chepauk,MA Chidambaram Stadium,False,True,11,1,1.8333333333333335,10,5.454545454545454,20,135,125,18.166666666666668,6.880733944954128,0,10
1.6,1,6,12,Umesh Yadav,Brendon McCullum,1,False,-0.5,28,Chepauk,MA Chidambaram Stadium,False,True,12,1,2.0,11,5.5,20,135,124,18.0,6.888888888888889,0,10
2.1,2,1,13,Pat Cummins,Brendon McCullum,0,False,1.0,28,Chepauk,MA Chidambaram Stadium,False,True,13,2,2.1666666666666665,11,5.0769230769230775,20,135,124,17.833333333333332,6.953271028037384,0,10
2.2,2,2,14,Pat Cummins,Brendon McCullum,0,False,1.0,28,Chepauk,MA Chidambaram Stadium,False,True,14,2,2.3333333333333335,11,4.714285714285714,20,135,124,17.666666666666668,7.018867924528301,0,10
2.3,2,3,15,Pat Cummins,Brendon McCullum,6,False,-3.0,28,Chepauk,MA Chidambaram Stadium,False,True,15,2,2.5,17,6.8,20,135,118,17.5,6.742857142857143,0,10
2.4,2,4,16,Pat Cummins,Brendon McCullum,1,False,-0.25,28,Chepauk,MA Chidambaram Stadium,False,True,16,2,2.6666666666666665,18,6.75,20,135,117,17.333333333333332,6.750000000000001,0,10
2.5,2,5,17,Pat Cummins,Dwayne Smith,1,False,-0.5,28,Chepauk,MA Chidambaram Stadium,False,True,17,2,2.8333333333333335,19,6.705882352941176,20,135,116,17.166666666666668,6.757281553398058,0,10
2.6,2,6,18,Pat Cummins,Brendon McCullum,4,False,-2.0,28,Chepauk,MA Chidambaram Stadium,False,True,18,2,3.0,23,7.666666666666667,20,135,112,17.0,6.588235294117647,0,10
3.1,3,1,19,Umesh Yadav,Dwayne Smith,0,False,1.0,28,Chepauk,MA Chidambaram Stadium,False,True,19,3,3.1666666666666665,23,7.2631578947368425,20,135,112,16.833333333333332,6.653465346534654,0,10
3.1,3,1,20,Umesh Yadav,Dwayne Smith,1,False,-1.0,28,Chepauk,MA Chidambaram Stadium,True,False,19,3,3.1666666666666665,24,7.578947368421053,20,135,111,16.833333333333332,6.594059405940595,0,10
3.2,3,2,21,Umesh Yadav,Dwayne Smith,0,False,1.0,28,Chepauk,MA Chidambaram Stadium,False,True,20,3,3.3333333333333335,24,7.199999999999999,20,135,111,16.666666666666668,6.659999999999999,0,10
3.3,3,3,22,Umesh Yadav,Dwayne Smith,0,False,1.0,28,Chepauk,MA Chidambaram Stadium,False,True,21,3,3.5,24,6.857142857142857,20,135,111,16.5,6.7272727272727275,0,10
3.4,3,4,23,Umesh Yadav,Dwayne Smith,6,False,-3.0,28,Chepauk,MA Chidambaram Stadium,False,True,22,3,3.6666666666666665,30,8.181818181818182,20,135,105,16.333333333333332,6.428571428571429,0,10
3.5,3,5,24,Umesh Yadav,Dwayne Smith,4,False,-2.0,28,Chepauk,MA Chidambaram Stadium,False,True,23,3,3.8333333333333335,34,8.869565217391305,20,135,101,16.166666666666668,6.24742268041237,0,10
3.6,3,6,25,Umesh Yadav,Dwayne Smith,4,False,-2.0,28,Chepauk,MA Chidambaram Stadium,False,True,24,3,4.0,38,9.5,20,135,97,16.0,6.0625,0,10
4.1,4,1,26,Piyush Chawla,Brendon McCullum,0,False,1.0,28,Chepauk,MA Chidambaram Stadium,False,True,25,4,4.166666666666667,38,9.12,20,135,97,15.833333333333332,6.126315789473685,0,10
4.2,4,2,27,Piyush Chawla,Brendon McCullum,4,False,-2.0,28,Chepauk,MA Chidambaram Stadium,False,True,26,4,4.333333333333333,42,9.692307692307693,20,135,93,15.666666666666668,5.936170212765957,0,10
4.3,4,3,28,Piyush Chawla,Brendon McCullum,0,False,1.0,28,Chepauk,MA Chidambaram Stadium,False,True,27,4,4.5,42,9.333333333333334,20,135,93,15.5,6.0,0,10
4.4,4,4,29,Piyush Chawla,Brendon McCullum,0,True,5.0,28,Chepauk,MA Chidambaram Stadium,False,True,28,4,4.666666666666667,42,9.0,20,135,93,15.333333333333332,6.065217391304349,1,9
4.5,4,5,30,Piyush Chawla,Suresh Raina,0,False,1.0,28,Chepauk,MA Chidambaram Stadium,False,True,29,4,4.833333333333333,42,8.689655172413794,20,135,93,15.166666666666668,6.131868131868131,1,9
4.6,4,6,31,Piyush Chawla,Suresh Raina,6,False,-3.0,28,Chepauk,MA Chidambaram Stadium,False,True,30,4,5.0,48,9.6,20,135,87,15.0,5.8,1,9
5.1,5,1,32,Umesh Yadav,Dwayne Smith,1,False,-0.5,28,Chepauk,MA Chidambaram Stadium,False,True,31,5,5.166666666666667,49,9.483870967741934,20,135,86,14.833333333333332,5.797752808988765,1,9
5.2,5,2,33,Umesh Yadav,Suresh Raina,0,False,1.0,28,Chepauk,MA Chidambaram Stadium,False,True,32,5,5.333333333333333,49,9.1875,20,135,86,14.666666666666668,5.863636363636363,1,9
5.3,5,3,34,Umesh Yadav,Suresh Raina,0,False,1.0,28,Chepauk,MA Chidambaram Stadium,False,True,33,5,5.5,49,8.909090909090908,20,135,86,14.5,5.931034482758621,1,9
5.4,5,4,35,Umesh Yadav,Suresh Raina,4,False,-2.0,28,Chepauk,MA Chidambaram Stadium,False,True,34,5,5.666666666666667,53,9.352941176470587,20,135,82,14.333333333333332,5.72093023255814,1,9
5.5,5,5,36,Umesh Yadav,Suresh Raina,0,False,1.0,28,Chepauk,MA Chidambaram Stadium,False,True,35,5,5.833333333333333,53,9.085714285714285,20,135,82,14.166666666666668,5.788235294117647,1,9
5.6,5,6,37,Umesh Yadav,Suresh Raina,0,False,1.0,28,Chepauk,MA Chidambaram Stadium,False,True,36,5,6.0,53,8.833333333333334,20,135,82,14.0,5.857142857142857,1,9
6.1,6,1,38,Brad Hogg,Dwayne Smith,1,False,-0.5,28,Chepauk,MA Chidambaram Stadium,False,True,37,6,6.166666666666667,54,8.756756756756756,20,135,81,13.833333333333332,5.855421686746989,1,9
6.2,6,2,39,Brad Hogg,Suresh Raina,0,False,1.0,28,Chepauk,MA Chidambaram Stadium,False,True,38,6,6.333333333333333,54,8.526315789473685,20,135,81,13.666666666666668,5.926829268292682,1,9
6.3,6,3,40,Brad Hogg,Suresh Raina,0,False,1.0,28,Chepauk,MA Chidambaram Stadium,False,True,39,6,6.5,54,8.307692307692308,20,135,81,13.5,6.0,1,9
6.4,6,4,41,Brad Hogg,Suresh Raina,0,False,1.0,28,Chepauk,MA Chidambaram Stadium,False,True,40,6,6.666666666666667,54,8.1,20,135,81,13.333333333333332,6.075,1,9
6.5,6,5,42,Brad Hogg,Suresh Raina,0,False,1.0,28,Chepauk,MA Chidambaram Stadium,False,True,41,6,6.833333333333333,54,7.902439024390244,20,135,81,13.166666666666668,6.151898734177214,1,9
6.6,6,6,43,Brad Hogg,Suresh Raina,1,False,-0.5,28,Chepauk,MA Chidambaram Stadium,False,True,42,6,7.0,55,7.857142857142857,20,135,80,13.0,6.153846153846154,1,9
7.1,7,1,44,Andre Russell,Suresh Raina,1,False,-0.5,28,Chepauk,MA Chidambaram Stadium,False,True,43,7,7.166666666666667,56,7.813953488372093,20,135,79,12.833333333333332,6.155844155844156,1,9
7.2,7,2,45,Andre Russell,Dwayne Smith,1,False,-0.5,28,Chepauk,MA Chidambaram Stadium,False,True,44,7,7.333333333333333,57,7.772727272727273,20,135,78,12.666666666666668,6.157894736842104,1,9
7.3,7,3,46,Andre Russell,Suresh Raina,0,False,1.0,28,Chepauk,MA Chidambaram Stadium,False,True,45,7,7.5,57,7.6,20,135,78,12.5,6.24,1,9
7.4,7,4,47,Andre Russell,Suresh Raina,0,False,1.0,28,Chepauk,MA Chidambaram Stadium,False,True,46,7,7.666666666666667,57,7.434782608695652,20,135,78,12.333333333333332,6.324324324324325,1,9
7.5,7,5,48,Andre Russell,Suresh Raina,0,False,1.0,28,Chepauk,MA Chidambaram Stadium,False,True,47,7,7.833333333333333,57,7.276595744680852,20,135,78,12.166666666666668,6.410958904109588,1,9
7.6,7,6,49,Andre Russell,Suresh Raina,4,False,-2.0,28,Chepauk,MA Chidambaram Stadium,False,True,48,7,8.0,61,7.625,20,135,74,12.0,6.166666666666667,1,9
8.1,8,1,50,Brad Hogg,Dwayne Smith,1,False,-0.5,28,Chepauk,MA Chidambaram Stadium,False,True,49,8,8.166666666666666,62,7.591836734693878,20,135,73,11.833333333333334,6.169014084507042,1,9
8.2,8,2,51,Brad Hogg,Suresh Raina,1,False,-0.5,28,Chepauk,MA Chidambaram Stadium,False,True,50,8,8.333333333333334,63,7.56,20,135,72,11.666666666666666,6.171428571428572,1,9
8.3,8,3,52,Brad Hogg,Dwayne Smith,1,False,-0.5,28,Chepauk,MA Chidambaram Stadium,False,True,51,8,8.5,64,7.529411764705882,20,135,71,11.5,6.173913043478261,1,9
8.4,8,4,53,Brad Hogg,Suresh Raina,0,True,5.0,28,Chepauk,MA Chidambaram Stadium,False,True,52,8,8.666666666666666,64,7.384615384615385,20,135,71,11.333333333333334,6.264705882352941,2,8
8.5,8,5,54,Brad Hogg,du Plessis,0,False,1.0,28,Chepauk,MA Chidambaram Stadium,False,True,53,8,8.833333333333334,64,7.245283018867924,20,135,71,11.166666666666666,6.358208955223881,2,8
8.6,8,6,55,Brad Hogg,du Plessis,1,False,-0.5,28,Chepauk,MA Chidambaram Stadium,False,True,54,8,9.0,65,7.222222222222222,20,135,70,11.0,6.363636363636363,2,8
9.1,9,1,56,Andre Russell,du Plessis,1,False,-0.5,28,Chepauk,MA Chidambaram Stadium,False,True,55,9,9.166666666666666,66,7.2,20,135,69,10.833333333333334,6.369230769230769,2,8
9.2,9,2,57,Andre Russell,Suresh Raina,0,False,1.0,28,Chepauk,MA Chidambaram Stadium,False,True,56,9,9.333333333333334,66,7.071428571428571,20,135,69,10.666666666666666,6.46875,2,8
9.3,9,3,58,Andre Russell,Suresh Raina,1,False,-1.0,28,Chepauk,MA Chidambaram Stadium,True,False,56,9,9.333333333333334,67,7.178571428571428,20,135,68,10.666666666666666,6.375,2,8
9.3,9,3,59,Andre Russell,Suresh Raina,0,True,5.0,28,Chepauk,MA Chidambaram Stadium,False,True,57,9,9.5,67,7.052631578947368,20,135,68,10.5,6.476190476190476,3,7
9.4,9,4,60,Andre Russell,MS Dhoni,1,False,-0.25,28,Chepauk,MA Chidambaram Stadium,False,True,58,9,9.666666666666666,68,7.03448275862069,20,135,67,10.333333333333334,6.483870967741935,3,7
9.5,9,5,61,Andre Russell,du Plessis,1,False,-1.0,28,Chepauk,MA Chidambaram Stadium,True,False,58,9,9.666666666666666,69,7.137931034482759,20,135,66,10.333333333333334,6.387096774193548,3,7
9.5,9,5,62,Andre Russell,du Plessis,1,False,-0.5,28,Chepauk,MA Chidambaram Stadium,False,True,59,9,9.833333333333334,70,7.11864406779661,20,135,65,10.166666666666666,6.39344262295082,3,7
9.6,9,6,63,Andre Russell,MS Dhoni,3,False,-1.0,28,Chepauk,MA Chidambaram Stadium,True,False,59,9,9.833333333333334,73,7.423728813559322,20,135,62,10.166666666666666,6.0983606557377055,3,7
9.6,9,6,64,Andre Russell,MS Dhoni,0,False,1.0,28,Chepauk,MA Chidambaram Stadium,False,True,60,9,10.0,73,7.3,20,135,62,10.0,6.2,3,7
10.1,10,1,65,Piyush Chawla,du Plessis,2,False,-1.0,28,Chepauk,MA Chidambaram Stadium,False,True,61,10,10.166666666666666,75,7.3770491803278695,20,135,60,9.833333333333334,6.101694915254237,3,7
10.2,10,2,66,Piyush Chawla,du Plessis,1,False,-0.5,28,Chepauk,MA Chidambaram Stadium,False,True,62,10,10.333333333333334,76,7.354838709677419,20,135,59,9.666666666666666,6.103448275862069,3,7
10.3,10,3,67,Piyush Chawla,MS Dhoni,1,False,-0.5,28,Chepauk,MA Chidambaram Stadium,False,True,63,10,10.5,77,7.333333333333333,20,135,58,9.5,6.105263157894737,3,7
10.4,10,4,68,Piyush Chawla,du Plessis,0,False,1.0,28,Chepauk,MA Chidambaram Stadium,False,True,64,10,10.666666666666666,77,7.21875,20,135,58,9.333333333333334,6.2142857142857135,3,7
10.5,10,5,69,Piyush Chawla,du Plessis,1,False,-0.5,28,Chepauk,MA Chidambaram Stadium,False,True,65,10,10.833333333333334,78,7.199999999999999,20,135,57,9.166666666666666,6.218181818181819,3,7
10.6,10,6,70,Piyush Chawla,MS Dhoni,1,False,-0.5,28,Chepauk,MA Chidambaram Stadium,False,True,66,10,11.0,79,7.181818181818182,20,135,56,9.0,6.222222222222222,3,7
11.1,11,1,71,Andre Russell,MS Dhoni,1,False,-0.5,28,Chepauk,MA Chidambaram Stadium,False,True,67,11,11.166666666666666,80,7.164179104477612,20,135,55,8.833333333333334,6.226415094339623,3,7
11.2,11,2,72,Andre Russell,du Plessis,1,False,-0.5,28,Chepauk,MA Chidambaram Stadium,False,True,68,11,11.333333333333334,81,7.147058823529411,20,135,54,8.666666666666666,6.230769230769231,3,7
11.3,11,3,73,Andre Russell,MS Dhoni,0,True,5.0,28,Chepauk,MA Chidambaram Stadium,False,True,69,11,11.5,81,7.043478260869565,20,135,54,8.5,6.352941176470588,4,6
11.4,11,4,74,Andre Russell,Dwayne Bravo,0,False,1.0,28,Chepauk,MA Chidambaram Stadium,False,True,70,11,11.666666666666666,81,6.942857142857143,20,135,54,8.333333333333334,6.4799999999999995,4,6
11.5,11,5,75,Andre Russell,Dwayne Bravo,0,False,1.0,28,Chepauk,MA Chidambaram Stadium,False,True,71,11,11.833333333333334,81,6.845070422535211,20,135,54,8.166666666666666,6.612244897959184,4,6
11.6,11,6,76,Andre Russell,Dwayne Bravo,4,False,-2.0,28,Chepauk,MA Chidambaram Stadium,False,True,72,11,12.0,85,7.083333333333333,20,135,50,8.0,6.25,4,6
12.1,12,1,77,Piyush Chawla,du Plessis,1,False,-0.5,28,Chepauk,MA Chidambaram Stadium,False,True,73,12,12.166666666666666,86,7.068493150684932,20,135,49,7.833333333333334,6.25531914893617,4,6
12.2,12,2,78,Piyush Chawla,Dwayne Bravo,1,False,-0.5,28,Chepauk,MA Chidambaram Stadium,False,True,74,12,12.333333333333334,87,7.0540540540540535,20,135,48,7.666666666666666,6.260869565217392,4,6
12.3,12,3,79,Piyush Chawla,du Plessis,1,False,-0.5,28,Chepauk,MA Chidambaram Stadium,False,True,75,12,12.5,88,7.04,20,135,47,7.5,6.266666666666667,4,6
12.4,12,4,80,Piyush Chawla,Dwayne Bravo,0,False,1.0,28,Chepauk,MA Chidambaram Stadium,False,True,76,12,12.666666666666666,88,6.947368421052632,20,135,47,7.333333333333334,6.409090909090908,4,6
12.5,12,5,81,Piyush Chawla,Dwayne Bravo,0,False,1.0,28,Chepauk,MA Chidambaram Stadium,False,True,77,12,12.833333333333334,88,6.857142857142857,20,135,47,7.166666666666666,6.558139534883721,4,6
12.6,12,6,82,Piyush Chawla,Dwayne Bravo,0,True,5.0,28,Chepauk,MA Chidambaram Stadium,False,True,78,12,13.0,88,6.769230769230769,20,135,47,7.0,6.714285714285714,5,5
13.1,13,1,83,Pat Cummins,Ravindra Jadeja,0,False,1.0,28,Chepauk,MA Chidambaram Stadium,False,True,79,13,13.166666666666666,88,6.6835443037974684,20,135,47,6.833333333333334,6.878048780487804,5,5
13.2,13,2,84,Pat Cummins,Ravindra Jadeja,2,False,-1.0,28,Chepauk,MA Chidambaram Stadium,False,True,80,13,13.333333333333334,90,6.75,20,135,45,6.666666666666666,6.750000000000001,5,5
13.3,13,3,85,Pat Cummins,Ravindra Jadeja,0,False,1.0,28,Chepauk,MA Chidambaram Stadium,False,True,81,13,13.5,90,6.666666666666667,20,135,45,6.5,6.923076923076923,5,5
13.4,13,4,86,Pat Cummins,Ravindra Jadeja,1,False,-0.5,28,Chepauk,MA Chidambaram Stadium,False,True,82,13,13.666666666666666,91,6.658536585365854,20,135,44,6.333333333333334,6.947368421052631,5,5
13.5,13,5,87,Pat Cummins,du Plessis,1,False,-0.5,28,Chepauk,MA Chidambaram Stadium,False,True,83,13,13.833333333333334,92,6.650602409638554,20,135,43,6.166666666666666,6.972972972972974,5,5
13.6,13,6,88,Pat Cummins,Ravindra Jadeja,0,False,1.0,28,Chepauk,MA Chidambaram Stadium,False,True,84,13,14.0,92,6.571428571428571,20,135,43,6.0,7.166666666666667,5,5
14.1,14,1,89,Piyush Chawla,du Plessis,1,False,-0.5,28,Chepauk,MA Chidambaram Stadium,False,True,85,14,14.166666666666666,93,6.564705882352942,20,135,42,5.833333333333334,7.199999999999999,5,5
14.2,14,2,90,Piyush Chawla,Ravindra Jadeja,1,False,-0.5,28,Chepauk,MA Chidambaram Stadium,False,True,86,14,14.333333333333334,94,6.558139534883721,20,135,41,5.666666666666666,7.23529411764706,5,5
14.3,14,3,91,Piyush Chawla,du Plessis,2,False,-1.0,28,Chepauk,MA Chidambaram Stadium,False,True,87,14,14.5,96,6.620689655172414,20,135,39,5.5,7.090909090909091,5,5
14.4,14,4,92,Piyush Chawla,du Plessis,1,False,-0.5,28,Chepauk,MA Chidambaram Stadium,False,True,88,14,14.666666666666666,97,6.613636363636364,20,135,38,5.333333333333334,7.124999999999999,5,5
14.5,14,5,93,Piyush Chawla,Ravindra Jadeja,2,False,-1.0,28,Chepauk,MA Chidambaram Stadium,False,True,89,14,14.833333333333334,99,6.674157303370786,20,135,36,5.166666666666666,6.967741935483872,5,5
14.6,14,6,94,Piyush Chawla,Ravindra Jadeja,0,False,1.0,28,Chepauk,MA Chidambaram Stadium,False,True,90,14,15.0,99,6.6,20,135,36,5.0,7.2,5,5
15.1,15,1,95,Andre Russell,du Plessis,2,False,-1.0,28,Chepauk,MA Chidambaram Stadium,False,True,91,15,15.166666666666666,101,6.65934065934066,20,135,34,4.833333333333334,7.034482758620689,5,5
15.2,15,2,96,Andre Russell,du Plessis,1,False,-0.5,28,Chepauk,MA Chidambaram Stadium,False,True,92,15,15.333333333333334,102,6.652173913043478,20,135,33,4.666666666666666,7.071428571428572,5,5
15.2,15,2,97,Andre Russell,du Plessis,1,False,-1.0,28,Chepauk,MA Chidambaram Stadium,True,False,92,15,15.333333333333334,103,6.717391304347826,20,135,32,4.666666666666666,6.857142857142858,5,5
15.3,15,3,98,Andre Russell,Ravindra Jadeja,0,False,1.0,28,Chepauk,MA Chidambaram Stadium,False,True,93,15,15.5,103,6.645161290322581,20,135,32,4.5,7.111111111111111,5,5
15.4,15,4,99,Andre Russell,Ravindra Jadeja,2,False,-1.0,28,Chepauk,MA Chidambaram Stadium,False,True,94,15,15.666666666666666,105,6.702127659574469,20,135,30,4.333333333333334,6.9230769230769225,5,5
15.5,15,5,100,Andre Russell,Ravindra Jadeja,0,False,1.0,28,Chepauk,MA Chidambaram Stadium,False,True,95,15,15.833333333333334,105,6.631578947368421,20,135,30,4.166666666666666,7.200000000000001,5,5
15.6,15,6,101,Andre Russell,Ravindra Jadeja,1,False,-0.5,28,Chepauk,MA Chidambaram Stadium,False,True,96,15,16.0,106,6.625,20,135,29,4.0,7.25,5,5
16.1,16,1,102,Brad Hogg,Ravindra Jadeja,1,False,-0.5,28,Chepauk,MA Chidambaram Stadium,False,True,97,16,16.166666666666668,107,6.618556701030927,20,135,28,3.833333333333332,7.304347826086959,5,5
16.2,16,2,103,Brad Hogg,du Plessis,4,False,-2.0,28,Chepauk,MA Chidambaram Stadium,False,True,98,16,16.333333333333332,111,6.795918367346939,20,135,24,3.666666666666668,6.545454545454543,5,5
16.3,16,3,104,Brad Hogg,du Plessis,1,False,-0.5,28,Chepauk,MA Chidambaram Stadium,False,True,99,16,16.5,112,6.787878787878788,20,135,23,3.5,6.571428571428571,5,5
16.4,16,4,105,Brad Hogg,Ravindra Jadeja,1,False,-0.5,28,Chepauk,MA Chidambaram Stadium,False,True,100,16,16.666666666666668,113,6.779999999999999,20,135,22,3.333333333333332,6.600000000000002,5,5
16.5,16,5,106,Brad Hogg,du Plessis,1,False,-0.5,28,Chepauk,MA Chidambaram Stadium,False,True,101,16,16.833333333333332,114,6.772277227722773,20,135,21,3.166666666666668,6.631578947368419,5,5
16.6,16,6,107,Brad Hogg,Ravindra Jadeja,1,False,-0.5,28,Chepauk,MA Chidambaram Stadium,False,True,102,16,17.0,115,6.764705882352941,20,135,20,3.0,6.666666666666667,5,5
17.1,17,1,108,Pat Cummins,Ravindra Jadeja,0,False,1.0,28,Chepauk,MA Chidambaram Stadium,False,True,103,17,17.166666666666668,115,6.699029126213592,20,135,20,2.833333333333332,7.058823529411768,5,5
17.2,17,2,109,Pat Cummins,Ravindra Jadeja,1,False,-0.5,28,Chepauk,MA Chidambaram Stadium,False,True,104,17,17.333333333333332,116,6.6923076923076925,20,135,19,2.666666666666668,7.1249999999999964,5,5
17.3,17,3,110,Pat Cummins,du Plessis,1,False,-0.5,28,Chepauk,MA Chidambaram Stadium,False,True,105,17,17.5,117,6.685714285714286,20,135,18,2.5,7.2,5,5
17.4,17,4,111,Pat Cummins,Ravindra Jadeja,1,False,-0.5,28,Chepauk,MA Chidambaram Stadium,False,True,106,17,17.666666666666668,118,6.679245283018868,20,135,17,2.333333333333332,7.285714285714289,5,5
17.5,17,5,112,Pat Cummins,du Plessis,0,False,1.0,28,Chepauk,MA Chidambaram Stadium,False,True,107,17,17.833333333333332,118,6.616822429906542,20,135,17,2.166666666666668,7.846153846153842,5,5
17.5,17,5,113,Pat Cummins,du Plessis,1,False,-1.0,28,Chepauk,MA Chidambaram Stadium,True,False,107,17,17.833333333333332,119,6.672897196261682,20,135,16,2.166666666666668,7.384615384615381,5,5
17.6,17,6,114,Pat Cummins,du Plessis,1,False,-1.0,28,Chepauk,MA Chidambaram Stadium,True,False,107,17,17.833333333333332,120,6.728971962616823,20,135,15,2.166666666666668,6.923076923076919,5,5
17.6,17,6,115,Pat Cummins,du Plessis,1,False,-0.5,28,Chepauk,MA Chidambaram Stadium,False,True,108,17,18.0,121,6.722222222222222,20,135,14,2.0,7.0,5,5
18.1,18,1,116,Brad Hogg,du Plessis,1,False,-0.5,28,Chepauk,MA Chidambaram Stadium,False,True,109,18,18.166666666666668,122,6.715596330275229,20,135,13,1.8333333333333321,7.090909090909095,5,5
18.2,18,2,117,Brad Hogg,Ravindra Jadeja,1,False,-0.5,28,Chepauk,MA Chidambaram Stadium,False,True,110,18,18.333333333333332,123,6.70909090909091,20,135,12,1.6666666666666679,7.199999999999995,5,5
18.3,18,3,118,Brad Hogg,du Plessis,0,False,1.0,28,Chepauk,MA Chidambaram Stadium,False,True,111,18,18.5,123,6.648648648648648,20,135,12,1.5,8.0,5,5
18.4,18,4,119,Brad Hogg,du Plessis,1,False,-0.5,28,Chepauk,MA Chidambaram Stadium,False,True,112,18,18.666666666666668,124,6.642857142857142,20,135,11,1.3333333333333321,8.250000000000007,5,5
18.5,18,5,120,Brad Hogg,Ravindra Jadeja,0,True,5.0,28,Chepauk,MA Chidambaram Stadium,False,True,113,18,18.833333333333332,124,6.5840707964601775,20,135,11,1.1666666666666679,9.428571428571418,6,4
18.6,18,6,121,Brad Hogg,Ravichandran Ashwin,0,False,1.0,28,Chepauk,MA Chidambaram Stadium,False,True,114,18,19.0,124,6.526315789473684,20,135,11,1.0,11.0,6,4
19.1,19,1,122,Umesh Yadav,du Plessis,0,False,1.0,28,Chepauk,MA Chidambaram Stadium,False,True,115,19,19.166666666666668,124,6.469565217391304,20,135,11,0.8333333333333321,13.200000000000019,6,4
19.2,19,2,123,Umesh Yadav,du Plessis,0,False,1.0,28,Chepauk,MA Chidambaram Stadium,False,True,116,19,19.333333333333332,124,6.413793103448277,20,135,11,0.6666666666666679,16.49999999999997,6,4
19.3,19,3,124,Umesh Yadav,du Plessis,1,False,-0.5,28,Chepauk,MA Chidambaram Stadium,False,True,117,19,19.5,125,6.410256410256411,20,135,10,0.5,20.0,6,4
19.4,19,4,125,Umesh Yadav,Ravichandran Ashwin,4,False,-2.0,28,Chepauk,MA Chidambaram Stadium,False,True,118,19,19.666666666666668,129,6.5593220338983045,20,135,6,0.33333333333333215,18.000000000000064,6,4
19.5,19,5,126,Umesh Yadav,Ravichandran Ashwin,4,False,-2.0,28,Chepauk,MA Chidambaram Stadium,False,True,119,19,19.833333333333332,133,6.705882352941177,20,135,2,0.16666666666666785,11.999999999999915,6,4
19.6,19,6,127,Umesh Yadav,Ravichandran Ashwin,1,False,-0.5,28,Chepauk,MA Chidambaram Stadium,False,True,120,19,20.0,134,6.7,20,135,1,0.0,inf,6,4
