Ball Number,over,ball,Ball,bowler,batsman,Runs,is_wicket,bowler_score,match_id,city,stadium,is_extra,legal_delivery,legal_deliveries_count,overs_completed,overs_bowled,total_runs,current_run_rate,total_overs,target,runs_needed,overs_remaining,required_run_rate,wickets_fallen,wickets_in_hand
0.1,0,1,1,Pat Cummins,Dwayne Smith,0,True,5.0,30,Kolkata,Eden Gardens,False,True,1,0,0.16666666666666666,0,0.0,20,166,166,19.833333333333332,8.369747899159664,1,9
0.2,0,2,2,Pat Cummins,Suresh Raina,1,False,-0.25,30,Kolkata,Eden Gardens,False,True,2,0,0.3333333333333333,1,3.0,20,166,165,19.666666666666668,8.389830508474576,1,9
0.3,0,3,3,Pat Cummins,Brendon McCullum,0,False,1.0,30,Kolkata,Eden Gardens,False,True,3,0,0.5,1,2.0,20,166,165,19.5,8.461538461538462,1,9
0.4,0,4,4,Pat Cummins,Brendon McCullum,6,False,-3.0,30,Kolkata,Eden Gardens,False,True,4,0,0.6666666666666666,7,10.5,20,166,159,19.333333333333332,8.224137931034484,1,9
0.5,0,5,5,Pat Cummins,Brendon McCullum,6,False,-3.0,30,Kolkata,Eden Gardens,False,True,5,0,0.8333333333333334,13,15.6,20,166,153,19.166666666666668,7.982608695652173,1,9
0.5,0,5,6,Pat Cummins,Brendon McCullum,5,False,-1.0,30,Kolkata,Eden Gardens,True,False,5,0,0.8333333333333334,18,21.599999999999998,20,166,148,19.166666666666668,7.721739130434782,1,9
0.6,0,6,7,Pat Cummins,Brendon McCullum,1,False,-1.0,30,Kolkata,Eden Gardens,True,False,5,0,0.8333333333333334,19,22.8,20,166,147,19.166666666666668,7.669565217391304,1,9
0.6,0,6,8,Pat Cummins,Brendon McCullum,0,False,1.0,30,Kolkata,Eden Gardens,False,True,6,0,1.0,19,19.0,20,166,147,19.0,7.7368421052631575,1,9
1.1,1,1,9,Umesh Yadav,Suresh Raina,4,False,-2.0,30,Kolkata,Eden Gardens,False,True,7,1,1.1666666666666667,23,19.71428571428571,20,166,143,18.833333333333332,7.592920353982302,1,9
1.2,1,2,10,Umesh Yadav,Suresh Raina,0,False,1.0,30,Kolkata,Eden Gardens,False,True,8,1,1.3333333333333333,23,17.25,20,166,143,18.666666666666668,7.660714285714286,1,9
1.3,1,3,11,Umesh Yadav,Suresh Raina,0,False,1.0,30,Kolkata,Eden Gardens,False,True,9,1,1.5,23,15.333333333333334,20,166,143,18.5,7.72972972972973,1,9
1.4,1,4,12,Umesh Yadav,Suresh Raina,0,False,1.0,30,Kolkata,Eden Gardens,False,True,10,1,1.6666666666666665,23,13.8,20,166,143,18.333333333333332,7.800000000000001,1,9
1.5,1,5,13,Umesh Yadav,Suresh Raina,0,False,1.0,30,Kolkata,Eden Gardens,False,True,11,1,1.8333333333333335,23,12.545454545454545,20,166,143,18.166666666666668,7.871559633027522,1,9
1.6,1,6,14,Umesh Yadav,Suresh Raina,0,False,1.0,30,Kolkata,Eden Gardens,False,True,12,1,2.0,23,11.5,20,166,143,18.0,7.944444444444445,1,9
2.1,2,1,15,Pat Cummins,Brendon McCullum,0,False,1.0,30,Kolkata,Eden Gardens,False,True,13,2,2.1666666666666665,23,10.615384615384617,20,166,143,17.833333333333332,8.018691588785048,1,9
2.2,2,2,16,Pat Cummins,Brendon McCullum,4,False,-2.0,30,Kolkata,Eden Gardens,False,True,14,2,2.3333333333333335,27,11.571428571428571,20,166,139,17.666666666666668,7.867924528301886,1,9
2.3,2,3,17,Pat Cummins,Brendon McCullum,4,False,-2.0,30,Kolkata,Eden Gardens,False,True,15,2,2.5,31,12.4,20,166,135,17.5,7.714285714285714,1,9
2.4,2,4,18,Pat Cummins,Brendon McCullum,0,False,1.0,30,Kolkata,Eden Gardens,False,True,16,2,2.6666666666666665,31,11.625,20,166,135,17.333333333333332,7.788461538461539,1,9
2.5,2,5,19,Pat Cummins,Brendon McCullum,6,False,-3.0,30,Kolkata,Eden Gardens,False,True,17,2,2.8333333333333335,37,13.058823529411764,20,166,129,17.166666666666668,7.514563106796116,1,9
2.6,2,6,20,Pat Cummins,Brendon McCullum,2,False,-1.0,30,Kolkata,Eden Gardens,False,True,18,2,3.0,39,13.0,20,166,127,17.0,7.470588235294118,1,9
3.1,3,1,21,Umesh Yadav,Suresh Raina,4,False,-2.0,30,Kolkata,Eden Gardens,False,True,19,3,3.1666666666666665,43,13.578947368421053,20,166,123,16.833333333333332,7.306930693069307,1,9
3.2,3,2,22,Umesh Yadav,Suresh Raina,0,False,1.0,30,Kolkata,Eden Gardens,False,True,20,3,3.3333333333333335,43,12.899999999999999,20,166,123,16.666666666666668,7.38,1,9
3.3,3,3,23,Umesh Yadav,Suresh Raina,0,True,5.0,30,Kolkata,Eden Gardens,False,True,21,3,3.5,43,12.285714285714286,20,166,123,16.5,7.454545454545454,2,8
3.4,3,4,24,Umesh Yadav,du Plessis,4,False,-2.0,30,Kolkata,Eden Gardens,False,True,22,3,3.6666666666666665,47,12.818181818181818,20,166,119,16.333333333333332,7.2857142857142865,2,8
3.5,3,5,25,Umesh Yadav,du Plessis,1,False,-0.25,30,Kolkata,Eden Gardens,False,True,23,3,3.8333333333333335,48,12.521739130434781,20,166,118,16.166666666666668,7.298969072164948,2,8
3.6,3,6,26,Umesh Yadav,Brendon McCullum,4,False,-2.0,30,Kolkata,Eden Gardens,False,True,24,3,4.0,52,13.0,20,166,114,16.0,7.125,2,8
4.1,4,1,27,Piyush Chawla,du Plessis,4,False,-2.0,30,Kolkata,Eden Gardens,False,True,25,4,4.166666666666667,56,13.44,20,166,110,15.833333333333332,6.947368421052632,2,8
4.2,4,2,28,Piyush Chawla,du Plessis,4,False,-2.0,30,Kolkata,Eden Gardens,False,True,26,4,4.333333333333333,60,13.846153846153847,20,166,106,15.666666666666668,6.76595744680851,2,8
4.3,4,3,29,Piyush Chawla,du Plessis,0,False,1.0,30,Kolkata,Eden Gardens,False,True,27,4,4.5,60,13.333333333333334,20,166,106,15.5,6.838709677419355,2,8
4.4,4,4,30,Piyush Chawla,du Plessis,4,False,-2.0,30,Kolkata,Eden Gardens,False,True,28,4,4.666666666666667,64,13.714285714285714,20,166,102,15.333333333333332,6.6521739130434785,2,8
4.5,4,5,31,Piyush Chawla,du Plessis,0,False,1.0,30,Kolkata,Eden Gardens,False,True,29,4,4.833333333333333,64,13.24137931034483,20,166,102,15.166666666666668,6.7252747252747245,2,8
4.6,4,6,32,N/A,N/A,0,False,0.0,30,Kolkata,Eden Gardens,False,True,30,4,5.0,64,12.8,20,166,102,15.0,6.8,2,8
5.1,5,1,33,Brad Hogg,Brendon McCullum,0,True,5.0,30,Kolkata,Eden Gardens,False,True,31,5,5.166666666666667,64,12.387096774193548,20,166,102,14.833333333333332,6.876404494382023,3,7
5.2,5,2,34,Brad Hogg,Dwayne Bravo,1,False,-0.5,30,Kolkata,Eden Gardens,False,True,32,5,5.333333333333333,65,12.1875,20,166,101,14.666666666666668,6.886363636363636,3,7
5.3,5,3,35,Brad Hogg,du Plessis,0,False,1.0,30,Kolkata,Eden Gardens,False,True,33,5,5.5,65,11.818181818181818,20,166,101,14.5,6.9655172413793105,3,7
5.4,5,4,36,Brad Hogg,du Plessis,4,False,-2.0,30,Kolkata,Eden Gardens,False,True,34,5,5.666666666666667,69,12.176470588235293,20,166,97,14.333333333333332,6.767441860465117,3,7
5.5,5,5,37,Brad Hogg,du Plessis,0,True,5.0,30,Kolkata,Eden Gardens,False,True,35,5,5.833333333333333,69,11.82857142857143,20,166,97,14.166666666666668,6.847058823529411,4,6
5.6,5,6,38,Brad Hogg,MS Dhoni,0,False,1.0,30,Kolkata,Eden Gardens,False,True,36,5,6.0,69,11.5,20,166,97,14.0,6.928571428571429,4,6
6.1,6,1,39,Piyush Chawla,Dwayne Bravo,1,False,-0.25,30,Kolkata,Eden Gardens,False,True,37,6,6.166666666666667,70,11.35135135135135,20,166,96,13.833333333333332,6.939759036144579,4,6
6.2,6,2,40,Piyush Chawla,MS Dhoni,0,False,1.0,30,Kolkata,Eden Gardens,False,True,38,6,6.333333333333333,70,11.052631578947368,20,166,96,13.666666666666668,7.024390243902438,4,6
6.3,6,3,41,Piyush Chawla,MS Dhoni,1,False,-0.5,30,Kolkata,Eden Gardens,False,True,39,6,6.5,71,10.923076923076923,20,166,95,13.5,7.037037037037037,4,6
6.4,6,4,42,Piyush Chawla,Dwayne Bravo,1,False,-0.5,30,Kolkata,Eden Gardens,False,True,40,6,6.666666666666667,72,10.799999999999999,20,166,94,13.333333333333332,7.050000000000001,4,6
6.5,6,5,43,Piyush Chawla,MS Dhoni,0,True,5.0,30,Kolkata,Eden Gardens,False,True,41,6,6.833333333333333,72,10.536585365853659,20,166,94,13.166666666666668,7.139240506329113,5,5
6.6,6,6,44,Piyush Chawla,Ravindra Jadeja,1,False,-0.5,30,Kolkata,Eden Gardens,False,True,42,6,7.0,73,10.428571428571429,20,166,93,13.0,7.153846153846154,5,5
7.1,7,1,45,Brad Hogg,Ravindra Jadeja,1,False,-0.25,30,Kolkata,Eden Gardens,False,True,43,7,7.166666666666667,74,10.325581395348836,20,166,92,12.833333333333332,7.168831168831169,5,5
7.2,7,2,46,Brad Hogg,Dwayne Bravo,1,False,-0.5,30,Kolkata,Eden Gardens,False,True,44,7,7.333333333333333,75,10.227272727272728,20,166,91,12.666666666666668,7.1842105263157885,5,5
7.3,7,3,47,Brad Hogg,Ravindra Jadeja,0,False,1.0,30,Kolkata,Eden Gardens,False,True,45,7,7.5,75,10.0,20,166,91,12.5,7.28,5,5
7.4,7,4,48,Brad Hogg,Ravindra Jadeja,4,False,-2.0,30,Kolkata,Eden Gardens,False,True,46,7,7.666666666666667,79,10.304347826086957,20,166,87,12.333333333333332,7.054054054054054,5,5
7.5,7,5,49,Brad Hogg,Ravindra Jadeja,1,False,-0.5,30,Kolkata,Eden Gardens,False,True,47,7,7.833333333333333,80,10.212765957446809,20,166,86,12.166666666666668,7.0684931506849304,5,5
7.6,7,6,50,Brad Hogg,Dwayne Bravo,0,False,1.0,30,Kolkata,Eden Gardens,False,True,48,7,8.0,80,10.0,20,166,86,12.0,7.166666666666667,5,5
8.1,8,1,51,Piyush Chawla,Ravindra Jadeja,0,False,1.0,30,Kolkata,Eden Gardens,False,True,49,8,8.166666666666666,80,9.795918367346939,20,166,86,11.833333333333334,7.267605633802816,5,5
8.2,8,2,52,Piyush Chawla,Ravindra Jadeja,0,False,1.0,30,Kolkata,Eden Gardens,False,True,50,8,8.333333333333334,80,9.6,20,166,86,11.666666666666666,7.371428571428572,5,5
8.3,8,3,53,Piyush Chawla,Ravindra Jadeja,0,False,1.0,30,Kolkata,Eden Gardens,False,True,51,8,8.5,80,9.411764705882353,20,166,86,11.5,7.478260869565218,5,5
8.4,8,4,54,Piyush Chawla,Ravindra Jadeja,0,False,1.0,30,Kolkata,Eden Gardens,False,True,52,8,8.666666666666666,80,9.230769230769232,20,166,86,11.333333333333334,7.588235294117647,5,5
8.5,8,5,55,Piyush Chawla,Ravindra Jadeja,0,False,1.0,30,Kolkata,Eden Gardens,False,True,53,8,8.833333333333334,80,9.056603773584905,20,166,86,11.166666666666666,7.701492537313433,5,5
8.6,8,6,56,Piyush Chawla,Ravindra Jadeja,1,False,-0.5,30,Kolkata,Eden Gardens,False,True,54,8,9.0,81,9.0,20,166,85,11.0,7.7272727272727275,5,5
9.1,9,1,57,Yusuf Pathan,Ravindra Jadeja,1,False,-0.5,30,Kolkata,Eden Gardens,False,True,55,9,9.166666666666666,82,8.945454545454545,20,166,84,10.833333333333334,7.753846153846154,5,5
9.2,9,2,58,Yusuf Pathan,Dwayne Bravo,0,False,1.0,30,Kolkata,Eden Gardens,False,True,56,9,9.333333333333334,82,8.785714285714285,20,166,84,10.666666666666666,7.875,5,5
9.3,9,3,59,Yusuf Pathan,Dwayne Bravo,4,False,-2.0,30,Kolkata,Eden Gardens,False,True,57,9,9.5,86,9.052631578947368,20,166,80,10.5,7.619047619047619,5,5
9.4,9,4,60,Yusuf Pathan,Dwayne Bravo,1,False,-0.5,30,Kolkata,Eden Gardens,False,True,58,9,9.666666666666666,87,9.0,20,166,79,10.333333333333334,7.64516129032258,5,5
9.5,9,5,61,Yusuf Pathan,Ravindra Jadeja,0,False,1.0,30,Kolkata,Eden Gardens,False,True,59,9,9.833333333333334,87,8.847457627118644,20,166,79,10.166666666666666,7.770491803278689,5,5
9.6,9,6,62,Yusuf Pathan,Ravindra Jadeja,1,False,-0.5,30,Kolkata,Eden Gardens,False,True,60,9,10.0,88,8.8,20,166,78,10.0,7.8,5,5
10.1,10,1,63,Piyush Chawla,Ravindra Jadeja,1,False,-0.5,30,Kolkata,Eden Gardens,False,True,61,10,10.166666666666666,89,8.754098360655739,20,166,77,9.833333333333334,7.830508474576271,5,5
10.2,10,2,64,Piyush Chawla,Dwayne Bravo,4,False,-2.0,30,Kolkata,Eden Gardens,False,True,62,10,10.333333333333334,93,9.0,20,166,73,9.666666666666666,7.551724137931035,5,5
10.3,10,3,65,Piyush Chawla,Dwayne Bravo,0,False,1.0,30,Kolkata,Eden Gardens,False,True,63,10,10.5,93,8.857142857142858,20,166,73,9.5,7.684210526315789,5,5
10.4,10,4,66,Piyush Chawla,Dwayne Bravo,0,False,1.0,30,Kolkata,Eden Gardens,False,True,64,10,10.666666666666666,93,8.71875,20,166,73,9.333333333333334,7.821428571428571,5,5
10.5,10,5,67,Piyush Chawla,Dwayne Bravo,4,False,-0.25,30,Kolkata,Eden Gardens,False,True,65,10,10.833333333333334,97,8.953846153846154,20,166,69,9.166666666666666,7.527272727272727,5,5
10.6,10,6,68,Piyush Chawla,Dwayne Bravo,0,False,1.0,30,Kolkata,Eden Gardens,False,True,66,10,11.0,97,8.818181818181818,20,166,69,9.0,7.666666666666667,5,5
11.1,11,1,69,Yusuf Pathan,Ravindra Jadeja,1,False,-0.5,30,Kolkata,Eden Gardens,False,True,67,11,11.166666666666666,98,8.776119402985076,20,166,68,8.833333333333334,7.698113207547169,5,5
11.2,11,2,70,Yusuf Pathan,Dwayne Bravo,0,False,1.0,30,Kolkata,Eden Gardens,False,True,68,11,11.333333333333334,98,8.647058823529411,20,166,68,8.666666666666666,7.846153846153847,5,5
11.3,11,3,71,Yusuf Pathan,Dwayne Bravo,1,False,-0.5,30,Kolkata,Eden Gardens,False,True,69,11,11.5,99,8.608695652173912,20,166,67,8.5,7.882352941176471,5,5
11.4,11,4,72,Yusuf Pathan,Ravindra Jadeja,1,False,-0.5,30,Kolkata,Eden Gardens,False,True,70,11,11.666666666666666,100,8.571428571428571,20,166,66,8.333333333333334,7.919999999999999,5,5
11.5,11,5,73,Yusuf Pathan,Dwayne Bravo,0,False,1.0,30,Kolkata,Eden Gardens,False,True,71,11,11.833333333333334,100,8.450704225352112,20,166,66,8.166666666666666,8.081632653061225,5,5
11.6,11,6,74,Yusuf Pathan,Dwayne Bravo,1,False,-0.5,30,Kolkata,Eden Gardens,False,True,72,11,12.0,101,8.416666666666666,20,166,65,8.0,8.125,5,5
12.1,12,1,75,Andre Russell,Dwayne Bravo,1,False,-0.5,30,Kolkata,Eden Gardens,False,True,73,12,12.166666666666666,102,8.383561643835616,20,166,64,7.833333333333334,8.170212765957446,5,5
12.2,12,2,76,Andre Russell,Ravindra Jadeja,0,False,1.0,30,Kolkata,Eden Gardens,False,True,74,12,12.333333333333334,102,8.27027027027027,20,166,64,7.666666666666666,8.347826086956522,5,5
12.3,12,3,77,Andre Russell,Ravindra Jadeja,1,False,-0.5,30,Kolkata,Eden Gardens,False,True,75,12,12.5,103,8.24,20,166,63,7.5,8.4,5,5
12.4,12,4,78,Andre Russell,Dwayne Bravo,1,False,-0.5,30,Kolkata,Eden Gardens,False,True,76,12,12.666666666666666,104,8.210526315789474,20,166,62,7.333333333333334,8.454545454545453,5,5
12.5,12,5,79,Andre Russell,Ravindra Jadeja,0,False,1.0,30,Kolkata,Eden Gardens,False,True,77,12,12.833333333333334,104,8.103896103896103,20,166,62,7.166666666666666,8.651162790697676,5,5
12.6,12,6,80,Andre Russell,Ravindra Jadeja,0,False,1.0,30,Kolkata,Eden Gardens,False,True,78,12,13.0,104,8.0,20,166,62,7.0,8.857142857142858,5,5
13.1,13,1,81,Brad Hogg,Dwayne Bravo,0,False,1.0,30,Kolkata,Eden Gardens,False,True,79,13,13.166666666666666,104,7.89873417721519,20,166,62,6.833333333333334,9.073170731707316,5,5
13.2,13,2,82,Brad Hogg,Dwayne Bravo,0,False,1.0,30,Kolkata,Eden Gardens,False,True,80,13,13.333333333333334,104,7.8,20,166,62,6.666666666666666,9.3,5,5
13.3,13,3,83,Brad Hogg,Dwayne Bravo,4,False,-2.0,30,Kolkata,Eden Gardens,False,True,81,13,13.5,108,8.0,20,166,58,6.5,8.923076923076923,5,5
13.4,13,4,84,Brad Hogg,Dwayne Bravo,1,False,-0.5,30,Kolkata,Eden Gardens,False,True,82,13,13.666666666666666,109,7.975609756097561,20,166,57,6.333333333333334,9.0,5,5
13.5,13,5,85,Brad Hogg,Ravindra Jadeja,0,False,1.0,30,Kolkata,Eden Gardens,False,True,83,13,13.833333333333334,109,7.879518072289156,20,166,57,6.166666666666666,9.243243243243244,5,5
13.6,13,6,86,Brad Hogg,Ravindra Jadeja,6,False,-3.0,30,Kolkata,Eden Gardens,False,True,84,13,14.0,115,8.214285714285714,20,166,51,6.0,8.5,5,5
14.1,14,1,87,Andre Russell,Dwayne Bravo,0,False,1.0,30,Kolkata,Eden Gardens,False,True,85,14,14.166666666666666,115,8.117647058823529,20,166,51,5.833333333333334,8.742857142857142,5,5
14.2,14,2,88,Andre Russell,Dwayne Bravo,0,False,1.0,30,Kolkata,Eden Gardens,False,True,86,14,14.333333333333334,115,8.023255813953488,20,166,51,5.666666666666666,9.000000000000002,5,5
14.3,14,3,89,Andre Russell,Dwayne Bravo,0,False,1.0,30,Kolkata,Eden Gardens,False,True,87,14,14.5,115,7.931034482758621,20,166,51,5.5,9.272727272727273,5,5
14.4,14,4,90,Andre Russell,Dwayne Bravo,1,False,-0.5,30,Kolkata,Eden Gardens,False,True,88,14,14.666666666666666,116,7.909090909090909,20,166,50,5.333333333333334,9.374999999999998,5,5
14.5,14,5,91,Andre Russell,Ravindra Jadeja,1,False,-0.5,30,Kolkata,Eden Gardens,False,True,89,14,14.833333333333334,117,7.8876404494382015,20,166,49,5.166666666666666,9.483870967741936,5,5
14.6,14,6,92,Andre Russell,Dwayne Bravo,4,False,-2.0,30,Kolkata,Eden Gardens,False,True,90,14,15.0,121,8.066666666666666,20,166,45,5.0,9.0,5,5
15.1,15,1,93,Pat Cummins,Ravindra Jadeja,1,False,-0.5,30,Kolkata,Eden Gardens,False,True,91,15,15.166666666666666,122,8.043956043956044,20,166,44,4.833333333333334,9.103448275862068,5,5
15.2,15,2,94,Pat Cummins,Dwayne Bravo,2,False,-1.0,30,Kolkata,Eden Gardens,False,True,92,15,15.333333333333334,124,8.08695652173913,20,166,42,4.666666666666666,9.000000000000002,5,5
15.3,15,3,95,Pat Cummins,Dwayne Bravo,1,False,-0.5,30,Kolkata,Eden Gardens,False,True,93,15,15.5,125,8.064516129032258,20,166,41,4.5,9.11111111111111,5,5
15.4,15,4,96,Pat Cummins,Ravindra Jadeja,1,False,-0.5,30,Kolkata,Eden Gardens,False,True,94,15,15.666666666666666,126,8.042553191489363,20,166,40,4.333333333333334,9.23076923076923,5,5
15.5,15,5,97,Pat Cummins,Dwayne Bravo,1,False,-0.5,30,Kolkata,Eden Gardens,False,True,95,15,15.833333333333334,127,8.021052631578947,20,166,39,4.166666666666666,9.360000000000001,5,5
15.6,15,6,98,Pat Cummins,Ravindra Jadeja,1,False,-0.5,30,Kolkata,Eden Gardens,False,True,96,15,16.0,128,8.0,20,166,38,4.0,9.5,5,5
16.1,16,1,99,Andre Russell,Ravindra Jadeja,0,False,1.0,30,Kolkata,Eden Gardens,False,True,97,16,16.166666666666668,128,7.917525773195876,20,166,38,3.833333333333332,9.913043478260873,5,5
16.2,16,2,100,Andre Russell,Ravindra Jadeja,1,False,-0.5,30,Kolkata,Eden Gardens,False,True,98,16,16.333333333333332,129,7.89795918367347,20,166,37,3.666666666666668,10.090909090909088,5,5
16.3,16,3,101,Andre Russell,Dwayne Bravo,0,True,5.0,30,Kolkata,Eden Gardens,False,True,99,16,16.5,129,7.818181818181818,20,166,37,3.5,10.571428571428571,6,4
16.4,16,4,102,Andre Russell,Pawan Negi,4,False,-2.0,30,Kolkata,Eden Gardens,False,True,100,16,16.666666666666668,133,7.9799999999999995,20,166,33,3.333333333333332,9.900000000000004,6,4
16.5,16,5,103,Andre Russell,Pawan Negi,2,False,-1.0,30,Kolkata,Eden Gardens,False,True,101,16,16.833333333333332,135,8.01980198019802,20,166,31,3.166666666666668,9.789473684210522,6,4
16.6,16,6,104,Andre Russell,Pawan Negi,1,False,-0.5,30,Kolkata,Eden Gardens,False,True,102,16,17.0,136,8.0,20,166,30,3.0,10.0,6,4
17.1,17,1,105,Pat Cummins,Pawan Negi,0,False,1.0,30,Kolkata,Eden Gardens,False,True,103,17,17.166666666666668,136,7.922330097087378,20,166,30,2.833333333333332,10.588235294117652,6,4
17.2,17,2,106,Pat Cummins,Pawan Negi,4,False,-2.0,30,Kolkata,Eden Gardens,False,True,104,17,17.333333333333332,140,8.076923076923077,20,166,26,2.666666666666668,9.749999999999996,6,4
17.3,17,3,107,Pat Cummins,Pawan Negi,4,False,-0.25,30,Kolkata,Eden Gardens,False,True,105,17,17.5,144,8.228571428571428,20,166,22,2.5,8.8,6,4
17.4,17,4,108,Pat Cummins,Pawan Negi,4,False,-2.0,30,Kolkata,Eden Gardens,False,True,106,17,17.666666666666668,148,8.377358490566037,20,166,18,2.333333333333332,7.714285714285718,6,4
17.5,17,5,109,Pat Cummins,Pawan Negi,4,False,-2.0,30,Kolkata,Eden Gardens,False,True,107,17,17.833333333333332,152,8.52336448598131,20,166,14,2.166666666666668,6.461538461538458,6,4
17.6,17,6,110,Pat Cummins,Pawan Negi,1,False,-0.5,30,Kolkata,Eden Gardens,False,True,108,17,18.0,153,8.5,20,166,13,2.0,6.5,6,4
18.1,18,1,111,Brad Hogg,Pawan Negi,0,False,1.0,30,Kolkata,Eden Gardens,False,True,109,18,18.166666666666668,153,8.422018348623853,20,166,13,1.8333333333333321,7.090909090909095,6,4
18.2,18,2,112,Brad Hogg,Pawan Negi,1,False,-0.5,30,Kolkata,Eden Gardens,False,True,110,18,18.333333333333332,154,8.4,20,166,12,1.6666666666666679,7.199999999999995,6,4
18.3,18,3,113,Brad Hogg,Ravindra Jadeja,0,True,5.0,30,Kolkata,Eden Gardens,False,True,111,18,18.5,154,8.324324324324325,20,166,12,1.5,8.0,7,3
18.4,18,4,114,Brad Hogg,Pawan Negi,6,False,-3.0,30,Kolkata,Eden Gardens,False,True,112,18,18.666666666666668,160,8.571428571428571,20,166,6,1.3333333333333321,4.500000000000004,7,3
18.5,18,5,115,Brad Hogg,Pawan Negi,0,True,5.0,30,Kolkata,Eden Gardens,False,True,113,18,18.833333333333332,160,8.495575221238939,20,166,6,1.1666666666666679,5.142857142857138,8,2
18.6,18,6,116,Brad Hogg,Ashish Nehra,0,False,1.0,30,Kolkata,Eden Gardens,False,True,114,18,19.0,160,8.421052631578947,20,166,6,1.0,6.0,8,2
19.1,19,1,117,Andre Russell,Mohit Sharma,0,True,5.0,30,Kolkata,Eden Gardens,False,True,115,19,19.166666666666668,160,8.347826086956522,20,166,6,0.8333333333333321,7.20000000000001,9,1
19.2,19,2,118,Andre Russell,Ashish Nehra,1,False,-0.25,30,Kolkata,Eden Gardens,False,True,116,19,19.333333333333332,161,8.327586206896552,20,166,5,0.6666666666666679,7.499999999999987,9,1
19.3,19,3,119,Andre Russell,Ronit More,1,False,-0.5,30,Kolkata,Eden Gardens,False,True,117,19,19.5,162,8.307692307692308,20,166,4,0.5,8.0,9,1
19.4,19,4,120,Andre Russell,Ashish Nehra,1,False,-0.5,30,Kolkata,Eden Gardens,False,True,118,19,19.666666666666668,163,8.288135593220339,20,166,3,0.33333333333333215,9.000000000000032,9,1
19.5,19,5,121,Andre Russell,Ronit More,1,False,-0.5,30,Kolkata,Eden Gardens,False,True,119,19,19.833333333333332,164,8.268907563025211,20,166,2,0.16666666666666785,11.999999999999915,9,1
19.6,19,6,122,Andre Russell,Ashish Nehra,1,False,-0.25,30,Kolkata,Eden Gardens,False,True,120,19,20.0,165,8.25,20,166,1,0.0,inf,9,1
