Ball Number,over,ball,Ball,bowler,batsman,Runs,is_wicket,bowler_score,match_id,city,stadium,is_extra,legal_delivery,legal_deliveries_count,overs_completed,overs_bowled,total_runs,current_run_rate,total_overs,target,runs_needed,overs_remaining,required_run_rate,wickets_fallen,wickets_in_hand
0.1,0,1,1,Mohit Sharma,Robin Uthappa,0,False,1.0,30,Kolkata,Eden Gardens,False,True,1,0,0.16666666666666666,0,0.0,20,166,166,19.833333333333332,8.369747899159664,0,10
0.2,0,2,2,Mohit Sharma,Robin Uthappa,0,False,1.0,30,Kolkata,Eden Gardens,False,True,2,0,0.3333333333333333,0,0.0,20,166,166,19.666666666666668,8.440677966101694,0,10
0.3,0,3,3,Mohit Sharma,Robin Uthappa,4,False,-2.0,30,Kolkata,Eden Gardens,False,True,3,0,0.5,4,8.0,20,166,162,19.5,8.307692307692308,0,10
0.4,0,4,4,Mohit Sharma,Robin Uthappa,1,False,-0.5,30,Kolkata,Eden Gardens,False,True,4,0,0.6666666666666666,5,7.5,20,166,161,19.333333333333332,8.327586206896552,0,10
0.5,0,5,5,Mohit Sharma,Gautam Gambhir,0,False,1.0,30,Kolkata,Eden Gardens,False,True,5,0,0.8333333333333334,5,6.0,20,166,161,19.166666666666668,8.4,0,10
0.6,0,6,6,Mohit Sharma,Gautam Gambhir,1,False,-0.5,30,Kolkata,Eden Gardens,False,True,6,0,1.0,6,6.0,20,166,160,19.0,8.421052631578947,0,10
1.1,1,1,7,Ashish Nehra,Gautam Gambhir,1,False,-1.0,30,Kolkata,Eden Gardens,True,False,6,0,1.0,7,7.0,20,166,159,19.0,8.368421052631579,0,10
1.1,1,1,8,Ashish Nehra,Gautam Gambhir,0,False,1.0,30,Kolkata,Eden Gardens,False,True,7,1,1.1666666666666667,7,6.0,20,166,159,18.833333333333332,8.442477876106196,0,10
1.2,1,2,9,Ashish Nehra,Gautam Gambhir,0,False,1.0,30,Kolkata,Eden Gardens,False,True,8,1,1.3333333333333333,7,5.25,20,166,159,18.666666666666668,8.517857142857142,0,10
1.3,1,3,10,Ashish Nehra,Gautam Gambhir,2,False,-1.0,30,Kolkata,Eden Gardens,False,True,9,1,1.5,9,6.0,20,166,157,18.5,8.486486486486486,0,10
1.4,1,4,11,Ashish Nehra,Gautam Gambhir,1,False,-0.5,30,Kolkata,Eden Gardens,False,True,10,1,1.6666666666666665,10,6.000000000000001,20,166,156,18.333333333333332,8.50909090909091,0,10
1.5,1,5,12,Ashish Nehra,Robin Uthappa,1,False,-1.0,30,Kolkata,Eden Gardens,True,False,10,1,1.6666666666666665,11,6.6000000000000005,20,166,155,18.333333333333332,8.454545454545455,0,10
1.5,1,5,13,Ashish Nehra,Robin Uthappa,1,False,-0.5,30,Kolkata,Eden Gardens,False,True,11,1,1.8333333333333335,12,6.545454545454545,20,166,154,18.166666666666668,8.477064220183486,0,10
1.6,1,6,14,Ashish Nehra,Gautam Gambhir,1,False,-0.5,30,Kolkata,Eden Gardens,False,True,12,1,2.0,13,6.5,20,166,153,18.0,8.5,0,10
2.1,2,1,15,Mohit Sharma,Gautam Gambhir,0,False,1.0,30,Kolkata,Eden Gardens,False,True,13,2,2.1666666666666665,13,6.0,20,166,153,17.833333333333332,8.57943925233645,0,10
2.2,2,2,16,Mohit Sharma,Gautam Gambhir,1,False,-0.5,30,Kolkata,Eden Gardens,False,True,14,2,2.3333333333333335,14,6.0,20,166,152,17.666666666666668,8.60377358490566,0,10
2.3,2,3,17,Mohit Sharma,Robin Uthappa,0,False,1.0,30,Kolkata,Eden Gardens,False,True,15,2,2.5,14,5.6,20,166,152,17.5,8.685714285714285,0,10
2.4,2,4,18,Mohit Sharma,Robin Uthappa,1,False,-0.5,30,Kolkata,Eden Gardens,False,True,16,2,2.6666666666666665,15,5.625,20,166,151,17.333333333333332,8.711538461538462,0,10
2.5,2,5,19,Mohit Sharma,Gautam Gambhir,0,False,1.0,30,Kolkata,Eden Gardens,False,True,17,2,2.8333333333333335,15,5.294117647058823,20,166,151,17.166666666666668,8.796116504854368,0,10
2.6,2,6,20,Mohit Sharma,Gautam Gambhir,6,False,-3.0,30,Kolkata,Eden Gardens,False,True,18,2,3.0,21,7.0,20,166,145,17.0,8.529411764705882,0,10
3.1,3,1,21,Ashish Nehra,Robin Uthappa,0,False,1.0,30,Kolkata,Eden Gardens,False,True,19,3,3.1666666666666665,21,6.631578947368421,20,166,145,16.833333333333332,8.613861386138614,0,10
3.2,3,2,22,Ashish Nehra,Robin Uthappa,4,False,-2.0,30,Kolkata,Eden Gardens,False,True,20,3,3.3333333333333335,25,7.5,20,166,141,16.666666666666668,8.459999999999999,0,10
3.3,3,3,23,Ashish Nehra,Robin Uthappa,1,False,-0.5,30,Kolkata,Eden Gardens,False,True,21,3,3.5,26,7.428571428571429,20,166,140,16.5,8.484848484848484,0,10
3.4,3,4,24,Ashish Nehra,Gautam Gambhir,0,False,1.0,30,Kolkata,Eden Gardens,False,True,22,3,3.6666666666666665,26,7.090909090909091,20,166,140,16.333333333333332,8.571428571428571,0,10
3.5,3,5,25,Ashish Nehra,Gautam Gambhir,6,False,-3.0,30,Kolkata,Eden Gardens,False,True,23,3,3.8333333333333335,32,8.347826086956522,20,166,134,16.166666666666668,8.288659793814432,0,10
3.6,3,6,26,Ashish Nehra,Gautam Gambhir,1,False,-0.5,30,Kolkata,Eden Gardens,False,True,24,3,4.0,33,8.25,20,166,133,16.0,8.3125,0,10
4.1,4,1,27,Mohit Sharma,Gautam Gambhir,0,False,1.0,30,Kolkata,Eden Gardens,False,True,25,4,4.166666666666667,33,7.919999999999999,20,166,133,15.833333333333332,8.4,0,10
4.2,4,2,28,Mohit Sharma,Gautam Gambhir,0,True,5.0,30,Kolkata,Eden Gardens,False,True,26,4,4.333333333333333,33,7.615384615384616,20,166,133,15.666666666666668,8.48936170212766,1,9
4.3,4,3,29,Mohit Sharma,Robin Uthappa,2,False,-1.0,30,Kolkata,Eden Gardens,False,True,27,4,4.5,35,7.777777777777778,20,166,131,15.5,8.451612903225806,1,9
4.4,4,4,30,Mohit Sharma,Robin Uthappa,0,False,1.0,30,Kolkata,Eden Gardens,False,True,28,4,4.666666666666667,35,7.499999999999999,20,166,131,15.333333333333332,8.543478260869566,1,9
4.5,4,5,31,Mohit Sharma,Robin Uthappa,0,False,1.0,30,Kolkata,Eden Gardens,False,True,29,4,4.833333333333333,35,7.241379310344828,20,166,131,15.166666666666668,8.637362637362637,1,9
4.6,4,6,32,Mohit Sharma,Robin Uthappa,1,False,-0.5,30,Kolkata,Eden Gardens,False,True,30,4,5.0,36,7.2,20,166,130,15.0,8.666666666666666,1,9
5.1,5,1,33,Ashish Nehra,Robin Uthappa,0,False,1.0,30,Kolkata,Eden Gardens,False,True,31,5,5.166666666666667,36,6.967741935483871,20,166,130,14.833333333333332,8.764044943820226,1,9
5.2,5,2,34,Ashish Nehra,Robin Uthappa,1,False,-0.5,30,Kolkata,Eden Gardens,False,True,32,5,5.333333333333333,37,6.9375,20,166,129,14.666666666666668,8.795454545454545,1,9
5.3,5,3,35,Ashish Nehra,Manish Pandey,0,False,1.0,30,Kolkata,Eden Gardens,False,True,33,5,5.5,37,6.7272727272727275,20,166,129,14.5,8.89655172413793,1,9
5.4,5,4,36,Ashish Nehra,Manish Pandey,0,False,1.0,30,Kolkata,Eden Gardens,False,True,34,5,5.666666666666667,37,6.529411764705882,20,166,129,14.333333333333332,9.0,1,9
5.5,5,5,37,Ashish Nehra,Manish Pandey,1,False,-1.0,30,Kolkata,Eden Gardens,True,False,34,5,5.666666666666667,38,6.705882352941176,20,166,128,14.333333333333332,8.930232558139535,1,9
5.5,5,5,38,Ashish Nehra,Manish Pandey,0,False,1.0,30,Kolkata,Eden Gardens,False,True,35,5,5.833333333333333,38,6.514285714285714,20,166,128,14.166666666666668,9.035294117647059,1,9
5.6,5,6,39,Ashish Nehra,Manish Pandey,0,False,1.0,30,Kolkata,Eden Gardens,False,True,36,5,6.0,38,6.333333333333333,20,166,128,14.0,9.142857142857142,1,9
6.1,6,1,40,Pawan Negi,Robin Uthappa,1,False,-1.0,30,Kolkata,Eden Gardens,True,False,36,5,6.0,39,6.5,20,166,127,14.0,9.071428571428571,1,9
6.1,6,1,41,Pawan Negi,Robin Uthappa,2,False,-1.0,30,Kolkata,Eden Gardens,False,True,37,6,6.166666666666667,41,6.648648648648648,20,166,125,13.833333333333332,9.036144578313253,1,9
6.2,6,2,42,Pawan Negi,Robin Uthappa,1,False,-0.5,30,Kolkata,Eden Gardens,False,True,38,6,6.333333333333333,42,6.631578947368421,20,166,124,13.666666666666668,9.073170731707316,1,9
6.3,6,3,43,Pawan Negi,Manish Pandey,0,False,1.0,30,Kolkata,Eden Gardens,False,True,39,6,6.5,42,6.461538461538462,20,166,124,13.5,9.185185185185185,1,9
6.4,6,4,44,Pawan Negi,Manish Pandey,1,False,-0.5,30,Kolkata,Eden Gardens,False,True,40,6,6.666666666666667,43,6.449999999999999,20,166,123,13.333333333333332,9.225000000000001,1,9
6.5,6,5,45,Pawan Negi,Robin Uthappa,1,False,-0.25,30,Kolkata,Eden Gardens,False,True,41,6,6.833333333333333,44,6.439024390243903,20,166,122,13.166666666666668,9.265822784810126,1,9
6.6,6,6,46,Pawan Negi,Manish Pandey,0,False,1.0,30,Kolkata,Eden Gardens,False,True,42,6,7.0,44,6.285714285714286,20,166,122,13.0,9.384615384615385,1,9
7.1,7,1,47,Ronit More,Robin Uthappa,4,False,-2.0,30,Kolkata,Eden Gardens,False,True,43,7,7.166666666666667,48,6.697674418604651,20,166,118,12.833333333333332,9.194805194805197,1,9
7.2,7,2,48,Ronit More,Robin Uthappa,1,False,-0.5,30,Kolkata,Eden Gardens,False,True,44,7,7.333333333333333,49,6.681818181818182,20,166,117,12.666666666666668,9.236842105263158,1,9
7.3,7,3,49,Ronit More,Manish Pandey,1,False,-0.5,30,Kolkata,Eden Gardens,False,True,45,7,7.5,50,6.666666666666667,20,166,116,12.5,9.28,1,9
7.4,7,4,50,Ronit More,Robin Uthappa,1,False,-0.5,30,Kolkata,Eden Gardens,False,True,46,7,7.666666666666667,51,6.652173913043478,20,166,115,12.333333333333332,9.324324324324325,1,9
7.5,7,5,51,Ronit More,Manish Pandey,1,False,-0.5,30,Kolkata,Eden Gardens,False,True,47,7,7.833333333333333,52,6.638297872340425,20,166,114,12.166666666666668,9.369863013698629,1,9
7.6,7,6,52,Ronit More,Robin Uthappa,1,False,-0.5,30,Kolkata,Eden Gardens,False,True,48,7,8.0,53,6.625,20,166,113,12.0,9.416666666666666,1,9
8.1,8,1,53,Pawan Negi,Robin Uthappa,1,False,-0.5,30,Kolkata,Eden Gardens,False,True,49,8,8.166666666666666,54,6.612244897959184,20,166,112,11.833333333333334,9.464788732394366,1,9
8.2,8,2,54,Pawan Negi,Manish Pandey,0,True,5.0,30,Kolkata,Eden Gardens,False,True,50,8,8.333333333333334,54,6.4799999999999995,20,166,112,11.666666666666666,9.6,2,8
8.3,8,3,55,Pawan Negi,Suryakumar Yadav,1,False,-0.5,30,Kolkata,Eden Gardens,False,True,51,8,8.5,55,6.470588235294118,20,166,111,11.5,9.652173913043478,2,8
8.4,8,4,56,Pawan Negi,Robin Uthappa,1,False,-0.5,30,Kolkata,Eden Gardens,False,True,52,8,8.666666666666666,56,6.461538461538462,20,166,110,11.333333333333334,9.705882352941176,2,8
8.5,8,5,57,Pawan Negi,Suryakumar Yadav,1,False,-0.5,30,Kolkata,Eden Gardens,False,True,53,8,8.833333333333334,57,6.452830188679245,20,166,109,11.166666666666666,9.761194029850747,2,8
8.6,8,6,58,Pawan Negi,Robin Uthappa,0,False,1.0,30,Kolkata,Eden Gardens,False,True,54,8,9.0,57,6.333333333333333,20,166,109,11.0,9.909090909090908,2,8
9.1,9,1,59,Ronit More,Suryakumar Yadav,0,True,5.0,30,Kolkata,Eden Gardens,False,True,55,9,9.166666666666666,57,6.218181818181819,20,166,109,10.833333333333334,10.061538461538461,3,7
9.2,9,2,60,Ronit More,Robin Uthappa,2,False,-1.0,30,Kolkata,Eden Gardens,False,True,56,9,9.333333333333334,59,6.321428571428571,20,166,107,10.666666666666666,10.03125,3,7
9.3,9,3,61,Ronit More,Robin Uthappa,2,False,-1.0,30,Kolkata,Eden Gardens,False,True,57,9,9.5,61,6.421052631578948,20,166,105,10.5,10.0,3,7
9.4,9,4,62,Ronit More,Robin Uthappa,2,False,-1.0,30,Kolkata,Eden Gardens,False,True,58,9,9.666666666666666,63,6.517241379310345,20,166,103,10.333333333333334,9.96774193548387,3,7
9.5,9,5,63,Ronit More,Robin Uthappa,1,False,-0.5,30,Kolkata,Eden Gardens,False,True,59,9,9.833333333333334,64,6.508474576271186,20,166,102,10.166666666666666,10.032786885245903,3,7
9.6,9,6,64,Ronit More,Andre Russell,1,False,-0.5,30,Kolkata,Eden Gardens,False,True,60,9,10.0,65,6.5,20,166,101,10.0,10.1,3,7
9.6,9,6,65,Ronit More,Andre Russell,1,False,-1.0,30,Kolkata,Eden Gardens,True,False,60,9,10.0,66,6.6,20,166,100,10.0,10.0,3,7
10.1,10,1,66,Pawan Negi,Andre Russell,0,False,1.0,30,Kolkata,Eden Gardens,False,True,61,10,10.166666666666666,66,6.491803278688525,20,166,100,9.833333333333334,10.169491525423728,3,7
10.2,10,2,67,Pawan Negi,Andre Russell,1,False,-0.5,30,Kolkata,Eden Gardens,False,True,62,10,10.333333333333334,67,6.483870967741935,20,166,99,9.666666666666666,10.241379310344827,3,7
10.3,10,3,68,Pawan Negi,Robin Uthappa,1,False,-0.5,30,Kolkata,Eden Gardens,False,True,63,10,10.5,68,6.476190476190476,20,166,98,9.5,10.31578947368421,3,7
10.4,10,4,69,Pawan Negi,Andre Russell,6,False,-3.0,30,Kolkata,Eden Gardens,False,True,64,10,10.666666666666666,74,6.9375,20,166,92,9.333333333333334,9.857142857142856,3,7
10.5,10,5,70,Pawan Negi,Andre Russell,0,False,1.0,30,Kolkata,Eden Gardens,False,True,65,10,10.833333333333334,74,6.8307692307692305,20,166,92,9.166666666666666,10.036363636363637,3,7
10.6,10,6,71,Pawan Negi,Andre Russell,1,False,-0.5,30,Kolkata,Eden Gardens,False,True,66,10,11.0,75,6.818181818181818,20,166,91,9.0,10.11111111111111,3,7
11.1,11,1,72,Ravindra Jadeja,Andre Russell,4,False,-2.0,30,Kolkata,Eden Gardens,False,True,67,11,11.166666666666666,79,7.074626865671642,20,166,87,8.833333333333334,9.849056603773585,3,7
11.2,11,2,73,Ravindra Jadeja,Andre Russell,1,False,-0.5,30,Kolkata,Eden Gardens,False,True,68,11,11.333333333333334,80,7.0588235294117645,20,166,86,8.666666666666666,9.923076923076923,3,7
11.3,11,3,74,Ravindra Jadeja,Robin Uthappa,0,False,1.0,30,Kolkata,Eden Gardens,False,True,69,11,11.5,80,6.956521739130435,20,166,86,8.5,10.117647058823529,3,7
11.4,11,4,75,Ravindra Jadeja,Robin Uthappa,4,False,-2.0,30,Kolkata,Eden Gardens,False,True,70,11,11.666666666666666,84,7.2,20,166,82,8.333333333333334,9.84,3,7
11.5,11,5,76,Ravindra Jadeja,Robin Uthappa,1,False,-0.5,30,Kolkata,Eden Gardens,False,True,71,11,11.833333333333334,85,7.183098591549295,20,166,81,8.166666666666666,9.918367346938776,3,7
11.6,11,6,77,Ravindra Jadeja,Andre Russell,1,False,-0.5,30,Kolkata,Eden Gardens,False,True,72,11,12.0,86,7.166666666666667,20,166,80,8.0,10.0,3,7
12.1,12,1,78,Pawan Negi,Andre Russell,1,False,-0.5,30,Kolkata,Eden Gardens,False,True,73,12,12.166666666666666,87,7.1506849315068495,20,166,79,7.833333333333334,10.085106382978722,3,7
12.2,12,2,79,Pawan Negi,Robin Uthappa,1,False,-0.5,30,Kolkata,Eden Gardens,False,True,74,12,12.333333333333334,88,7.135135135135135,20,166,78,7.666666666666666,10.173913043478262,3,7
12.3,12,3,80,Pawan Negi,Andre Russell,1,False,-0.5,30,Kolkata,Eden Gardens,False,True,75,12,12.5,89,7.12,20,166,77,7.5,10.266666666666667,3,7
12.4,12,4,81,Pawan Negi,Robin Uthappa,1,False,-0.5,30,Kolkata,Eden Gardens,False,True,76,12,12.666666666666666,90,7.105263157894737,20,166,76,7.333333333333334,10.363636363636363,3,7
12.5,12,5,82,Pawan Negi,Andre Russell,0,False,1.0,30,Kolkata,Eden Gardens,False,True,77,12,12.833333333333334,90,7.012987012987013,20,166,76,7.166666666666666,10.604651162790699,3,7
12.6,12,6,83,Pawan Negi,Andre Russell,1,False,-0.5,30,Kolkata,Eden Gardens,False,True,78,12,13.0,91,7.0,20,166,75,7.0,10.714285714285714,3,7
13.1,13,1,84,Dwayne Bravo,Andre Russell,4,False,-2.0,30,Kolkata,Eden Gardens,False,True,79,13,13.166666666666666,95,7.215189873417722,20,166,71,6.833333333333334,10.390243902439023,3,7
13.2,13,2,85,Dwayne Bravo,Andre Russell,4,False,-2.0,30,Kolkata,Eden Gardens,False,True,80,13,13.333333333333334,99,7.425,20,166,67,6.666666666666666,10.05,3,7
13.3,13,3,86,Dwayne Bravo,Andre Russell,1,False,-0.5,30,Kolkata,Eden Gardens,False,True,81,13,13.5,100,7.407407407407407,20,166,66,6.5,10.153846153846153,3,7
13.4,13,4,87,Dwayne Bravo,Robin Uthappa,0,False,1.0,30,Kolkata,Eden Gardens,False,True,82,13,13.666666666666666,100,7.317073170731708,20,166,66,6.333333333333334,10.421052631578947,3,7
13.5,13,5,88,Dwayne Bravo,Robin Uthappa,2,False,-1.0,30,Kolkata,Eden Gardens,False,True,83,13,13.833333333333334,102,7.373493975903614,20,166,64,6.166666666666666,10.378378378378379,3,7
13.6,13,6,89,Dwayne Bravo,Robin Uthappa,1,False,-0.5,30,Kolkata,Eden Gardens,False,True,84,13,14.0,103,7.357142857142857,20,166,63,6.0,10.5,3,7
14.1,14,1,90,Ashish Nehra,Robin Uthappa,6,False,-3.0,30,Kolkata,Eden Gardens,False,True,85,14,14.166666666666666,109,7.694117647058824,20,166,57,5.833333333333334,9.77142857142857,3,7
14.2,14,2,91,Ashish Nehra,Robin Uthappa,4,False,-2.0,30,Kolkata,Eden Gardens,False,True,86,14,14.333333333333334,113,7.883720930232558,20,166,53,5.666666666666666,9.352941176470589,3,7
14.3,14,3,92,Ashish Nehra,Robin Uthappa,4,False,-2.0,30,Kolkata,Eden Gardens,False,True,87,14,14.5,117,8.068965517241379,20,166,49,5.5,8.909090909090908,3,7
14.4,14,4,93,Ashish Nehra,Robin Uthappa,0,False,1.0,30,Kolkata,Eden Gardens,False,True,88,14,14.666666666666666,117,7.9772727272727275,20,166,49,5.333333333333334,9.187499999999998,3,7
14.5,14,5,94,Ashish Nehra,Robin Uthappa,1,False,-0.5,30,Kolkata,Eden Gardens,False,True,89,14,14.833333333333334,118,7.955056179775281,20,166,48,5.166666666666666,9.290322580645162,3,7
14.6,14,6,95,Ashish Nehra,Andre Russell,0,False,1.0,30,Kolkata,Eden Gardens,False,True,90,14,15.0,118,7.866666666666666,20,166,48,5.0,9.6,3,7
15.1,15,1,96,Ravindra Jadeja,Robin Uthappa,1,False,-0.5,30,Kolkata,Eden Gardens,False,True,91,15,15.166666666666666,119,7.846153846153847,20,166,47,4.833333333333334,9.724137931034482,3,7
15.2,15,2,97,Ravindra Jadeja,Andre Russell,4,False,-2.0,30,Kolkata,Eden Gardens,False,True,92,15,15.333333333333334,123,8.021739130434783,20,166,43,4.666666666666666,9.214285714285715,3,7
15.3,15,3,98,Ravindra Jadeja,Andre Russell,6,False,-3.0,30,Kolkata,Eden Gardens,False,True,93,15,15.5,129,8.32258064516129,20,166,37,4.5,8.222222222222221,3,7
15.4,15,4,99,Ravindra Jadeja,Andre Russell,1,False,-0.5,30,Kolkata,Eden Gardens,False,True,94,15,15.666666666666666,130,8.297872340425533,20,166,36,4.333333333333334,8.307692307692307,3,7
15.5,15,5,100,Ravindra Jadeja,Robin Uthappa,1,False,-0.5,30,Kolkata,Eden Gardens,False,True,95,15,15.833333333333334,131,8.273684210526316,20,166,35,4.166666666666666,8.4,3,7
15.6,15,6,101,Ravindra Jadeja,Andre Russell,1,False,-0.5,30,Kolkata,Eden Gardens,False,True,96,15,16.0,132,8.25,20,166,34,4.0,8.5,3,7
16.1,16,1,102,Dwayne Bravo,Andre Russell,1,False,-0.5,30,Kolkata,Eden Gardens,False,True,97,16,16.166666666666668,133,8.22680412371134,20,166,33,3.833333333333332,8.608695652173916,3,7
16.2,16,2,103,Dwayne Bravo,Robin Uthappa,1,False,-0.5,30,Kolkata,Eden Gardens,False,True,98,16,16.333333333333332,134,8.204081632653061,20,166,32,3.666666666666668,8.727272727272725,3,7
16.3,16,3,104,Dwayne Bravo,Andre Russell,0,False,1.0,30,Kolkata,Eden Gardens,False,True,99,16,16.5,134,8.121212121212121,20,166,32,3.5,9.142857142857142,3,7
16.4,16,4,105,Dwayne Bravo,Andre Russell,6,False,-3.0,30,Kolkata,Eden Gardens,False,True,100,16,16.666666666666668,140,8.399999999999999,20,166,26,3.333333333333332,7.8000000000000025,3,7
16.5,16,5,106,Dwayne Bravo,Andre Russell,6,False,-3.0,30,Kolkata,Eden Gardens,False,True,101,16,16.833333333333332,146,8.673267326732674,20,166,20,3.166666666666668,6.315789473684208,3,7
16.6,16,6,107,Dwayne Bravo,Andre Russell,1,False,-0.5,30,Kolkata,Eden Gardens,False,True,102,16,17.0,147,8.647058823529411,20,166,19,3.0,6.333333333333333,3,7
17.1,17,1,108,Ronit More,Andre Russell,1,False,-0.5,30,Kolkata,Eden Gardens,False,True,103,17,17.166666666666668,148,8.62135922330097,20,166,18,2.833333333333332,6.3529411764705905,3,7
17.2,17,2,109,Ronit More,Robin Uthappa,2,False,-1.0,30,Kolkata,Eden Gardens,False,True,104,17,17.333333333333332,150,8.653846153846155,20,166,16,2.666666666666668,5.999999999999997,3,7
17.3,17,3,110,Ronit More,Robin Uthappa,2,False,-1.0,30,Kolkata,Eden Gardens,False,True,105,17,17.5,152,8.685714285714285,20,166,14,2.5,5.6,3,7
17.4,17,4,111,Ronit More,Robin Uthappa,0,False,1.0,30,Kolkata,Eden Gardens,False,True,106,17,17.666666666666668,152,8.60377358490566,20,166,14,2.333333333333332,6.000000000000003,3,7
17.5,17,5,112,Ronit More,Robin Uthappa,2,False,-1.0,30,Kolkata,Eden Gardens,False,True,107,17,17.833333333333332,154,8.63551401869159,20,166,12,2.166666666666668,5.538461538461536,3,7
17.6,17,6,113,Ronit More,Robin Uthappa,1,False,-0.5,30,Kolkata,Eden Gardens,False,True,108,17,18.0,155,8.61111111111111,20,166,11,2.0,5.5,3,7
18.1,18,1,114,Mohit Sharma,Robin Uthappa,0,False,1.0,30,Kolkata,Eden Gardens,False,True,109,18,18.166666666666668,155,8.53211009174312,20,166,11,1.8333333333333321,6.0000000000000036,3,7
18.2,18,2,115,Mohit Sharma,Robin Uthappa,4,False,-2.0,30,Kolkata,Eden Gardens,False,True,110,18,18.333333333333332,159,8.672727272727274,20,166,7,1.6666666666666679,4.199999999999997,3,7
18.3,18,3,116,Mohit Sharma,Robin Uthappa,1,False,-0.5,30,Kolkata,Eden Gardens,False,True,111,18,18.5,160,8.64864864864865,20,166,6,1.5,4.0,3,7
18.4,18,4,117,Mohit Sharma,Andre Russell,0,False,1.0,30,Kolkata,Eden Gardens,False,True,112,18,18.666666666666668,160,8.571428571428571,20,166,6,1.3333333333333321,4.500000000000004,3,7
18.5,18,5,118,Mohit Sharma,Andre Russell,0,False,1.0,30,Kolkata,Eden Gardens,False,True,113,18,18.833333333333332,160,8.495575221238939,20,166,6,1.1666666666666679,5.142857142857138,3,7
18.6,18,6,119,Mohit Sharma,Andre Russell,0,False,1.0,30,Kolkata,Eden Gardens,False,True,114,18,19.0,160,8.421052631578947,20,166,6,1.0,6.0,3,7
19.1,19,1,120,Ronit More,Robin Uthappa,1,False,-0.5,30,Kolkata,Eden Gardens,False,True,115,19,19.166666666666668,161,8.4,20,166,5,0.8333333333333321,6.000000000000009,3,7
19.2,19,2,121,Ronit More,Andre Russell,1,False,-0.5,30,Kolkata,Eden Gardens,False,True,116,19,19.333333333333332,162,8.379310344827587,20,166,4,0.6666666666666679,5.999999999999989,3,7
19.3,19,3,122,Ronit More,Robin Uthappa,2,False,-1.0,30,Kolkata,Eden Gardens,False,True,117,19,19.5,164,8.41025641025641,20,166,2,0.5,4.0,3,7
19.4,19,4,123,Ronit More,Robin Uthappa,1,False,-0.5,30,Kolkata,Eden Gardens,False,True,118,19,19.666666666666668,165,8.389830508474576,20,166,1,0.33333333333333215,3.0000000000000107,3,7
19.5,19,5,124,Ronit More,Andre Russell,4,False,-0.25,30,Kolkata,Eden Gardens,False,True,119,19,19.833333333333332,169,8.521008403361344,20,166,0,0.16666666666666785,0.0,3,7
