Ball Number,over,ball,Ball,bowler,batsman,Runs,is_wicket,bowler_score,match_id,city,stadium,is_extra,legal_delivery,legal_deliveries_count,overs_completed,overs_bowled,total_runs,current_run_rate,total_overs,target,runs_needed,overs_remaining,required_run_rate,wickets_fallen,wickets_in_hand
0.1,0,1,1,Zaheer Khan,Ajinkya Rahane,2,False,-1.0,36,Mumbai,Brabourne Stadium,True,False,0,0,0.0,2,0.0,20,190,188,20.0,9.4,0,10
0.1,0,1,2,Zaheer Khan,Shane Watson,0,False,1.0,36,Mumbai,Brabourne Stadium,False,True,1,0,0.16666666666666666,2,12.0,20,190,188,19.833333333333332,9.478991596638656,0,10
0.2,0,2,3,Zaheer Khan,Shane Watson,0,False,1.0,36,Mumbai,Brabourne Stadium,False,True,2,0,0.3333333333333333,2,6.0,20,190,188,19.666666666666668,9.559322033898304,0,10
0.3,0,3,4,Zaheer Khan,Shane Watson,0,False,1.0,36,Mumbai,Brabourne Stadium,False,True,3,0,0.5,2,4.0,20,190,188,19.5,9.64102564102564,0,10
0.4,0,4,5,Zaheer Khan,Shane Watson,0,False,1.0,36,Mumbai,Brabourne Stadium,False,True,4,0,0.6666666666666666,2,3.0,20,190,188,19.333333333333332,9.724137931034484,0,10
0.5,0,5,6,Zaheer Khan,Shane Watson,1,False,-0.25,36,Mumbai,Brabourne Stadium,False,True,5,0,0.8333333333333334,3,3.5999999999999996,20,190,187,19.166666666666668,9.756521739130434,0,10
0.6,0,6,7,Zaheer Khan,Ajinkya Rahane,2,False,-1.0,36,Mumbai,Brabourne Stadium,False,True,6,0,1.0,5,5.0,20,190,185,19.0,9.736842105263158,0,10
1.1,1,1,8,Gurinder Sandhu,Shane Watson,1,False,-0.5,36,Mumbai,Brabourne Stadium,False,True,7,1,1.1666666666666667,6,5.142857142857142,20,190,184,18.833333333333332,9.76991150442478,0,10
1.2,1,2,9,Gurinder Sandhu,Ajinkya Rahane,0,False,1.0,36,Mumbai,Brabourne Stadium,False,True,8,1,1.3333333333333333,6,4.5,20,190,184,18.666666666666668,9.857142857142856,0,10
1.3,1,3,10,Gurinder Sandhu,Ajinkya Rahane,2,False,-1.0,36,Mumbai,Brabourne Stadium,False,True,9,1,1.5,8,5.333333333333333,20,190,182,18.5,9.837837837837839,0,10
1.4,1,4,11,Gurinder Sandhu,Ajinkya Rahane,0,False,1.0,36,Mumbai,Brabourne Stadium,False,True,10,1,1.6666666666666665,8,4.800000000000001,20,190,182,18.333333333333332,9.927272727272728,0,10
1.5,1,5,12,Gurinder Sandhu,Ajinkya Rahane,4,False,-2.0,36,Mumbai,Brabourne Stadium,False,True,11,1,1.8333333333333335,12,6.545454545454545,20,190,178,18.166666666666668,9.798165137614678,0,10
1.6,1,6,13,Gurinder Sandhu,Ajinkya Rahane,0,False,1.0,36,Mumbai,Brabourne Stadium,False,True,12,1,2.0,12,6.0,20,190,178,18.0,9.88888888888889,0,10
2.1,2,1,14,Zaheer Khan,Shane Watson,0,False,1.0,36,Mumbai,Brabourne Stadium,False,True,13,2,2.1666666666666665,12,5.538461538461539,20,190,178,17.833333333333332,9.981308411214954,0,10
2.2,2,2,15,Zaheer Khan,Shane Watson,1,False,-1.0,36,Mumbai,Brabourne Stadium,True,False,13,2,2.1666666666666665,13,6.0,20,190,177,17.833333333333332,9.925233644859814,0,10
2.2,2,2,16,Zaheer Khan,Shane Watson,0,False,1.0,36,Mumbai,Brabourne Stadium,False,True,14,2,2.3333333333333335,13,5.571428571428571,20,190,177,17.666666666666668,10.018867924528301,0,10
2.3,2,3,17,Zaheer Khan,Shane Watson,0,False,1.0,36,Mumbai,Brabourne Stadium,False,True,15,2,2.5,13,5.2,20,190,177,17.5,10.114285714285714,0,10
2.3,2,3,18,Zaheer Khan,Shane Watson,1,False,-1.0,36,Mumbai,Brabourne Stadium,True,False,15,2,2.5,14,5.6,20,190,176,17.5,10.057142857142857,0,10
2.4,2,4,19,Zaheer Khan,Shane Watson,0,False,1.0,36,Mumbai,Brabourne Stadium,False,True,16,2,2.6666666666666665,14,5.25,20,190,176,17.333333333333332,10.153846153846155,0,10
2.5,2,5,20,Zaheer Khan,Shane Watson,0,False,1.0,36,Mumbai,Brabourne Stadium,False,True,17,2,2.8333333333333335,14,4.941176470588235,20,190,176,17.166666666666668,10.252427184466018,0,10
2.6,2,6,21,Zaheer Khan,Shane Watson,2,False,-1.0,36,Mumbai,Brabourne Stadium,False,True,18,2,3.0,16,5.333333333333333,20,190,174,17.0,10.235294117647058,0,10
3.1,3,1,22,Nathan Coulter-Nile,Ajinkya Rahane,1,False,-0.5,36,Mumbai,Brabourne Stadium,False,True,19,3,3.1666666666666665,17,5.368421052631579,20,190,173,16.833333333333332,10.277227722772277,0,10
3.2,3,2,23,Nathan Coulter-Nile,Shane Watson,1,False,-0.5,36,Mumbai,Brabourne Stadium,False,True,20,3,3.3333333333333335,18,5.3999999999999995,20,190,172,16.666666666666668,10.319999999999999,0,10
3.3,3,3,24,Nathan Coulter-Nile,Ajinkya Rahane,1,False,-0.5,36,Mumbai,Brabourne Stadium,False,True,21,3,3.5,19,5.428571428571429,20,190,171,16.5,10.363636363636363,0,10
3.4,3,4,25,Nathan Coulter-Nile,Shane Watson,0,False,1.0,36,Mumbai,Brabourne Stadium,False,True,22,3,3.6666666666666665,19,5.181818181818182,20,190,171,16.333333333333332,10.469387755102042,0,10
3.5,3,5,26,Nathan Coulter-Nile,Shane Watson,0,False,1.0,36,Mumbai,Brabourne Stadium,False,True,23,3,3.8333333333333335,19,4.956521739130435,20,190,171,16.166666666666668,10.577319587628866,0,10
3.6,3,6,27,Nathan Coulter-Nile,Shane Watson,4,False,-2.0,36,Mumbai,Brabourne Stadium,False,True,24,3,4.0,23,5.75,20,190,167,16.0,10.4375,0,10
4.1,4,1,28,Zaheer Khan,Ajinkya Rahane,4,False,-2.0,36,Mumbai,Brabourne Stadium,False,True,25,4,4.166666666666667,27,6.4799999999999995,20,190,163,15.833333333333332,10.294736842105264,0,10
4.2,4,2,29,Zaheer Khan,Ajinkya Rahane,1,False,-0.5,36,Mumbai,Brabourne Stadium,False,True,26,4,4.333333333333333,28,6.461538461538462,20,190,162,15.666666666666668,10.340425531914892,0,10
4.3,4,3,30,Zaheer Khan,Shane Watson,4,False,-2.0,36,Mumbai,Brabourne Stadium,False,True,27,4,4.5,32,7.111111111111111,20,190,158,15.5,10.193548387096774,0,10
4.4,4,4,31,Zaheer Khan,Shane Watson,0,False,1.0,36,Mumbai,Brabourne Stadium,False,True,28,4,4.666666666666667,32,6.857142857142857,20,190,158,15.333333333333332,10.304347826086957,0,10
4.5,4,5,32,Zaheer Khan,Shane Watson,4,False,-2.0,36,Mumbai,Brabourne Stadium,False,True,29,4,4.833333333333333,36,7.448275862068966,20,190,154,15.166666666666668,10.153846153846153,0,10
4.6,4,6,33,Zaheer Khan,Shane Watson,0,False,1.0,36,Mumbai,Brabourne Stadium,False,True,30,4,5.0,36,7.2,20,190,154,15.0,10.266666666666667,0,10
5.1,5,1,34,Nathan Coulter-Nile,Ajinkya Rahane,4,False,-2.0,36,Mumbai,Brabourne Stadium,False,True,31,5,5.166666666666667,40,7.741935483870967,20,190,150,14.833333333333332,10.112359550561798,0,10
5.2,5,2,35,Nathan Coulter-Nile,Ajinkya Rahane,0,False,1.0,36,Mumbai,Brabourne Stadium,False,True,32,5,5.333333333333333,40,7.5,20,190,150,14.666666666666668,10.227272727272727,0,10
5.3,5,3,36,Nathan Coulter-Nile,Ajinkya Rahane,1,False,-0.5,36,Mumbai,Brabourne Stadium,False,True,33,5,5.5,41,7.454545454545454,20,190,149,14.5,10.275862068965518,0,10
5.4,5,4,37,Nathan Coulter-Nile,Shane Watson,0,False,1.0,36,Mumbai,Brabourne Stadium,False,True,34,5,5.666666666666667,41,7.235294117647059,20,190,149,14.333333333333332,10.395348837209303,0,10
5.5,5,5,38,Nathan Coulter-Nile,Shane Watson,1,False,-0.5,36,Mumbai,Brabourne Stadium,False,True,35,5,5.833333333333333,42,7.2,20,190,148,14.166666666666668,10.44705882352941,0,10
5.6,5,6,39,Nathan Coulter-Nile,Ajinkya Rahane,1,False,-0.5,36,Mumbai,Brabourne Stadium,False,True,36,5,6.0,43,7.166666666666667,20,190,147,14.0,10.5,0,10
6.1,6,1,40,Angelo Mathews,Ajinkya Rahane,0,False,1.0,36,Mumbai,Brabourne Stadium,False,True,37,6,6.166666666666667,43,6.972972972972973,20,190,147,13.833333333333332,10.626506024096386,0,10
6.2,6,2,41,Angelo Mathews,Ajinkya Rahane,4,False,-2.0,36,Mumbai,Brabourne Stadium,False,True,38,6,6.333333333333333,47,7.421052631578948,20,190,143,13.666666666666668,10.463414634146341,0,10
6.3,6,3,42,Angelo Mathews,Ajinkya Rahane,1,False,-0.5,36,Mumbai,Brabourne Stadium,False,True,39,6,6.5,48,7.384615384615385,20,190,142,13.5,10.518518518518519,0,10
6.4,6,4,43,Angelo Mathews,Shane Watson,4,False,-2.0,36,Mumbai,Brabourne Stadium,False,True,40,6,6.666666666666667,52,7.8,20,190,138,13.333333333333332,10.350000000000001,0,10
6.5,6,5,44,Angelo Mathews,Shane Watson,0,True,5.0,36,Mumbai,Brabourne Stadium,False,True,41,6,6.833333333333333,52,7.609756097560976,20,190,138,13.166666666666668,10.481012658227847,1,9
6.6,6,6,45,Angelo Mathews,Karun Nair,1,False,-0.5,36,Mumbai,Brabourne Stadium,False,True,42,6,7.0,53,7.571428571428571,20,190,137,13.0,10.538461538461538,1,9
7.1,7,1,46,Amit Mishra,Karun Nair,4,False,-2.0,36,Mumbai,Brabourne Stadium,False,True,43,7,7.166666666666667,57,7.953488372093023,20,190,133,12.833333333333332,10.363636363636365,1,9
7.2,7,2,47,Amit Mishra,Karun Nair,2,False,-1.0,36,Mumbai,Brabourne Stadium,False,True,44,7,7.333333333333333,59,8.045454545454545,20,190,131,12.666666666666668,10.342105263157894,1,9
7.3,7,3,48,Amit Mishra,Karun Nair,0,False,1.0,36,Mumbai,Brabourne Stadium,False,True,45,7,7.5,59,7.866666666666666,20,190,131,12.5,10.48,1,9
7.4,7,4,49,Amit Mishra,Karun Nair,0,False,1.0,36,Mumbai,Brabourne Stadium,False,True,46,7,7.666666666666667,59,7.695652173913043,20,190,131,12.333333333333332,10.621621621621623,1,9
7.5,7,5,50,Amit Mishra,Karun Nair,1,False,-0.5,36,Mumbai,Brabourne Stadium,False,True,47,7,7.833333333333333,60,7.659574468085107,20,190,130,12.166666666666668,10.684931506849313,1,9
7.6,7,6,51,Amit Mishra,Ajinkya Rahane,1,False,-0.5,36,Mumbai,Brabourne Stadium,False,True,48,7,8.0,61,7.625,20,190,129,12.0,10.75,1,9
8.1,8,1,52,Angelo Mathews,Ajinkya Rahane,0,False,1.0,36,Mumbai,Brabourne Stadium,False,True,49,8,8.166666666666666,61,7.469387755102042,20,190,129,11.833333333333334,10.901408450704224,1,9
8.2,8,2,53,Angelo Mathews,Ajinkya Rahane,0,False,1.0,36,Mumbai,Brabourne Stadium,False,True,50,8,8.333333333333334,61,7.319999999999999,20,190,129,11.666666666666666,11.057142857142857,1,9
8.3,8,3,54,Angelo Mathews,Ajinkya Rahane,1,False,-0.5,36,Mumbai,Brabourne Stadium,False,True,51,8,8.5,62,7.294117647058823,20,190,128,11.5,11.130434782608695,1,9
8.4,8,4,55,Angelo Mathews,Karun Nair,0,False,1.0,36,Mumbai,Brabourne Stadium,False,True,52,8,8.666666666666666,62,7.153846153846154,20,190,128,11.333333333333334,11.294117647058822,1,9
8.5,8,5,56,Angelo Mathews,Karun Nair,1,False,-0.25,36,Mumbai,Brabourne Stadium,False,True,53,8,8.833333333333334,63,7.132075471698113,20,190,127,11.166666666666666,11.37313432835821,1,9
8.6,8,6,57,Angelo Mathews,Ajinkya Rahane,1,False,-0.5,36,Mumbai,Brabourne Stadium,False,True,54,8,9.0,64,7.111111111111111,20,190,126,11.0,11.454545454545455,1,9
9.1,9,1,58,Amit Mishra,Ajinkya Rahane,1,False,-0.5,36,Mumbai,Brabourne Stadium,False,True,55,9,9.166666666666666,65,7.090909090909092,20,190,125,10.833333333333334,11.538461538461538,1,9
9.2,9,2,59,Amit Mishra,Karun Nair,2,False,-1.0,36,Mumbai,Brabourne Stadium,False,True,56,9,9.333333333333334,67,7.178571428571428,20,190,123,10.666666666666666,11.53125,1,9
9.3,9,3,60,Amit Mishra,Karun Nair,0,False,1.0,36,Mumbai,Brabourne Stadium,False,True,57,9,9.5,67,7.052631578947368,20,190,123,10.5,11.714285714285714,1,9
9.4,9,4,61,Amit Mishra,Karun Nair,4,False,-2.0,36,Mumbai,Brabourne Stadium,False,True,58,9,9.666666666666666,71,7.344827586206897,20,190,119,10.333333333333334,11.516129032258064,1,9
9.5,9,5,62,Amit Mishra,Karun Nair,1,False,-0.5,36,Mumbai,Brabourne Stadium,False,True,59,9,9.833333333333334,72,7.322033898305084,20,190,118,10.166666666666666,11.606557377049182,1,9
9.6,9,6,63,Amit Mishra,Ajinkya Rahane,2,False,-1.0,36,Mumbai,Brabourne Stadium,False,True,60,9,10.0,74,7.4,20,190,116,10.0,11.6,1,9
10.1,10,1,64,Angelo Mathews,Karun Nair,1,False,-0.5,36,Mumbai,Brabourne Stadium,False,True,61,10,10.166666666666666,75,7.3770491803278695,20,190,115,9.833333333333334,11.694915254237287,1,9
10.2,10,2,65,Angelo Mathews,Ajinkya Rahane,0,False,1.0,36,Mumbai,Brabourne Stadium,False,True,62,10,10.333333333333334,75,7.258064516129032,20,190,115,9.666666666666666,11.896551724137932,1,9
10.3,10,3,66,Angelo Mathews,Ajinkya Rahane,2,False,-1.0,36,Mumbai,Brabourne Stadium,False,True,63,10,10.5,77,7.333333333333333,20,190,113,9.5,11.894736842105264,1,9
10.4,10,4,67,Angelo Mathews,Ajinkya Rahane,2,False,-1.0,36,Mumbai,Brabourne Stadium,False,True,64,10,10.666666666666666,79,7.40625,20,190,111,9.333333333333334,11.892857142857142,1,9
10.5,10,5,68,Angelo Mathews,Ajinkya Rahane,0,False,1.0,36,Mumbai,Brabourne Stadium,False,True,65,10,10.833333333333334,79,7.292307692307692,20,190,111,9.166666666666666,12.10909090909091,1,9
10.6,10,6,69,Angelo Mathews,Ajinkya Rahane,1,False,-0.5,36,Mumbai,Brabourne Stadium,False,True,66,10,11.0,80,7.2727272727272725,20,190,110,9.0,12.222222222222221,1,9
11.1,11,1,70,Gurinder Sandhu,Ajinkya Rahane,1,False,-0.5,36,Mumbai,Brabourne Stadium,False,True,67,11,11.166666666666666,81,7.253731343283582,20,190,109,8.833333333333334,12.339622641509433,1,9
11.2,11,2,71,Gurinder Sandhu,Karun Nair,0,False,1.0,36,Mumbai,Brabourne Stadium,False,True,68,11,11.333333333333334,81,7.147058823529411,20,190,109,8.666666666666666,12.576923076923078,1,9
11.3,11,3,72,Gurinder Sandhu,Karun Nair,0,False,1.0,36,Mumbai,Brabourne Stadium,False,True,69,11,11.5,81,7.043478260869565,20,190,109,8.5,12.823529411764707,1,9
11.4,11,4,73,Gurinder Sandhu,Karun Nair,2,False,-1.0,36,Mumbai,Brabourne Stadium,False,True,70,11,11.666666666666666,83,7.114285714285715,20,190,107,8.333333333333334,12.84,1,9
11.5,11,5,74,Gurinder Sandhu,Karun Nair,1,False,-0.5,36,Mumbai,Brabourne Stadium,False,True,71,11,11.833333333333334,84,7.098591549295774,20,190,106,8.166666666666666,12.979591836734695,1,9
11.6,11,6,75,Gurinder Sandhu,Ajinkya Rahane,4,False,-2.0,36,Mumbai,Brabourne Stadium,False,True,72,11,12.0,88,7.333333333333333,20,190,102,8.0,12.75,1,9
12.1,12,1,76,Angelo Mathews,Karun Nair,1,False,-0.5,36,Mumbai,Brabourne Stadium,False,True,73,12,12.166666666666666,89,7.315068493150685,20,190,101,7.833333333333334,12.893617021276595,1,9
12.2,12,2,77,Angelo Mathews,Ajinkya Rahane,1,False,-0.5,36,Mumbai,Brabourne Stadium,False,True,74,12,12.333333333333334,90,7.297297297297297,20,190,100,7.666666666666666,13.043478260869566,1,9
12.3,12,3,78,Angelo Mathews,Karun Nair,4,False,-2.0,36,Mumbai,Brabourne Stadium,False,True,75,12,12.5,94,7.52,20,190,96,7.5,12.8,1,9
12.4,12,4,79,Angelo Mathews,Karun Nair,0,False,1.0,36,Mumbai,Brabourne Stadium,False,True,76,12,12.666666666666666,94,7.421052631578948,20,190,96,7.333333333333334,13.09090909090909,1,9
12.5,12,5,80,Angelo Mathews,Karun Nair,2,False,-1.0,36,Mumbai,Brabourne Stadium,False,True,77,12,12.833333333333334,96,7.48051948051948,20,190,94,7.166666666666666,13.116279069767442,1,9
12.6,12,6,81,Angelo Mathews,Karun Nair,1,False,-0.5,36,Mumbai,Brabourne Stadium,False,True,78,12,13.0,97,7.461538461538462,20,190,93,7.0,13.285714285714286,1,9
13.1,13,1,82,Amit Mishra,Karun Nair,1,False,-0.5,36,Mumbai,Brabourne Stadium,False,True,79,13,13.166666666666666,98,7.443037974683545,20,190,92,6.833333333333334,13.463414634146341,1,9
13.2,13,2,83,Amit Mishra,Ajinkya Rahane,0,False,1.0,36,Mumbai,Brabourne Stadium,False,True,80,13,13.333333333333334,98,7.35,20,190,92,6.666666666666666,13.8,1,9
13.3,13,3,84,Amit Mishra,Ajinkya Rahane,1,False,-0.5,36,Mumbai,Brabourne Stadium,False,True,81,13,13.5,99,7.333333333333333,20,190,91,6.5,14.0,1,9
13.4,13,4,85,Amit Mishra,Karun Nair,4,False,-2.0,36,Mumbai,Brabourne Stadium,False,True,82,13,13.666666666666666,103,7.536585365853659,20,190,87,6.333333333333334,13.736842105263156,1,9
13.5,13,5,86,Amit Mishra,Karun Nair,0,False,1.0,36,Mumbai,Brabourne Stadium,False,True,83,13,13.833333333333334,103,7.44578313253012,20,190,87,6.166666666666666,14.108108108108109,1,9
13.6,13,6,87,Amit Mishra,Karun Nair,1,False,-0.5,36,Mumbai,Brabourne Stadium,False,True,84,13,14.0,104,7.428571428571429,20,190,86,6.0,14.333333333333334,1,9
14.1,14,1,88,Nathan Coulter-Nile,Karun Nair,2,False,-1.0,36,Mumbai,Brabourne Stadium,False,True,85,14,14.166666666666666,106,7.482352941176471,20,190,84,5.833333333333334,14.399999999999999,1,9
14.2,14,2,89,Nathan Coulter-Nile,Karun Nair,1,False,-0.5,36,Mumbai,Brabourne Stadium,False,True,86,14,14.333333333333334,107,7.465116279069767,20,190,83,5.666666666666666,14.647058823529413,1,9
14.3,14,3,90,Nathan Coulter-Nile,Ajinkya Rahane,0,False,1.0,36,Mumbai,Brabourne Stadium,False,True,87,14,14.5,107,7.379310344827586,20,190,83,5.5,15.090909090909092,1,9
14.4,14,4,91,Nathan Coulter-Nile,Ajinkya Rahane,6,False,-3.0,36,Mumbai,Brabourne Stadium,False,True,88,14,14.666666666666666,113,7.704545454545455,20,190,77,5.333333333333334,14.437499999999998,1,9
14.5,14,5,92,Nathan Coulter-Nile,Ajinkya Rahane,1,False,-0.5,36,Mumbai,Brabourne Stadium,False,True,89,14,14.833333333333334,114,7.685393258426966,20,190,76,5.166666666666666,14.70967741935484,1,9
14.6,14,6,93,Nathan Coulter-Nile,Karun Nair,0,False,1.0,36,Mumbai,Brabourne Stadium,False,True,90,14,15.0,114,7.6,20,190,76,5.0,15.2,1,9
15.1,15,1,94,Amit Mishra,Ajinkya Rahane,0,False,1.0,36,Mumbai,Brabourne Stadium,False,True,91,15,15.166666666666666,114,7.516483516483516,20,190,76,4.833333333333334,15.72413793103448,1,9
15.2,15,2,95,Amit Mishra,Ajinkya Rahane,6,False,-3.0,36,Mumbai,Brabourne Stadium,False,True,92,15,15.333333333333334,120,7.826086956521739,20,190,70,4.666666666666666,15.000000000000002,1,9
15.3,15,3,96,Amit Mishra,Ajinkya Rahane,4,False,-2.0,36,Mumbai,Brabourne Stadium,False,True,93,15,15.5,124,8.0,20,190,66,4.5,14.666666666666666,1,9
15.3,15,3,97,Amit Mishra,Ajinkya Rahane,1,False,-1.0,36,Mumbai,Brabourne Stadium,True,False,93,15,15.5,125,8.064516129032258,20,190,65,4.5,14.444444444444445,1,9
15.4,15,4,98,Amit Mishra,Ajinkya Rahane,2,False,-1.0,36,Mumbai,Brabourne Stadium,False,True,94,15,15.666666666666666,127,8.106382978723405,20,190,63,4.333333333333334,14.538461538461537,1,9
15.5,15,5,99,Amit Mishra,Ajinkya Rahane,1,False,-0.5,36,Mumbai,Brabourne Stadium,False,True,95,15,15.833333333333334,128,8.08421052631579,20,190,62,4.166666666666666,14.880000000000003,1,9
15.6,15,6,100,Amit Mishra,Karun Nair,2,False,-1.0,36,Mumbai,Brabourne Stadium,False,True,96,15,16.0,130,8.125,20,190,60,4.0,15.0,1,9
16.1,16,1,101,Gurinder Sandhu,Ajinkya Rahane,2,False,-1.0,36,Mumbai,Brabourne Stadium,False,True,97,16,16.166666666666668,132,8.164948453608247,20,190,58,3.833333333333332,15.1304347826087,1,9
16.2,16,2,102,Gurinder Sandhu,Ajinkya Rahane,1,False,-0.5,36,Mumbai,Brabourne Stadium,False,True,98,16,16.333333333333332,133,8.142857142857144,20,190,57,3.666666666666668,15.54545454545454,1,9
16.3,16,3,103,Gurinder Sandhu,Karun Nair,6,False,-3.0,36,Mumbai,Brabourne Stadium,False,True,99,16,16.5,139,8.424242424242424,20,190,51,3.5,14.571428571428571,1,9
16.4,16,4,104,Gurinder Sandhu,Karun Nair,4,False,-2.0,36,Mumbai,Brabourne Stadium,False,True,100,16,16.666666666666668,143,8.58,20,190,47,3.333333333333332,14.100000000000005,1,9
16.5,16,5,105,Gurinder Sandhu,Karun Nair,4,False,-2.0,36,Mumbai,Brabourne Stadium,False,True,101,16,16.833333333333332,147,8.732673267326733,20,190,43,3.166666666666668,13.578947368421048,1,9
16.6,16,6,106,Gurinder Sandhu,Karun Nair,2,False,-1.0,36,Mumbai,Brabourne Stadium,False,True,102,16,17.0,149,8.764705882352942,20,190,41,3.0,13.666666666666666,1,9
17.1,17,1,107,Zaheer Khan,Ajinkya Rahane,0,False,1.0,36,Mumbai,Brabourne Stadium,False,True,103,17,17.166666666666668,149,8.679611650485436,20,190,41,2.833333333333332,14.470588235294123,1,9
17.2,17,2,108,Zaheer Khan,Ajinkya Rahane,4,False,-2.0,36,Mumbai,Brabourne Stadium,False,True,104,17,17.333333333333332,153,8.826923076923077,20,190,37,2.666666666666668,13.874999999999995,1,9
17.3,17,3,109,Zaheer Khan,Ajinkya Rahane,4,False,-2.0,36,Mumbai,Brabourne Stadium,False,True,105,17,17.5,157,8.971428571428572,20,190,33,2.5,13.2,1,9
17.4,17,4,110,Zaheer Khan,Ajinkya Rahane,1,False,-0.5,36,Mumbai,Brabourne Stadium,False,True,106,17,17.666666666666668,158,8.943396226415095,20,190,32,2.333333333333332,13.71428571428572,1,9
17.5,17,5,111,Zaheer Khan,Karun Nair,0,False,1.0,36,Mumbai,Brabourne Stadium,False,True,107,17,17.833333333333332,158,8.859813084112151,20,190,32,2.166666666666668,14.769230769230761,1,9
17.6,17,6,112,Zaheer Khan,Karun Nair,1,False,-0.5,36,Mumbai,Brabourne Stadium,False,True,108,17,18.0,159,8.833333333333334,20,190,31,2.0,15.5,1,9
18.1,18,1,113,Nathan Coulter-Nile,Karun Nair,6,False,-3.0,36,Mumbai,Brabourne Stadium,False,True,109,18,18.166666666666668,165,9.082568807339449,20,190,25,1.8333333333333321,13.636363636363646,1,9
18.2,18,2,114,Nathan Coulter-Nile,Karun Nair,0,True,5.0,36,Mumbai,Brabourne Stadium,False,True,110,18,18.333333333333332,165,9.0,20,190,25,1.6666666666666679,14.99999999999999,2,8
18.3,18,3,115,Nathan Coulter-Nile,Ajinkya Rahane,1,False,-0.5,36,Mumbai,Brabourne Stadium,False,True,111,18,18.5,166,8.972972972972974,20,190,24,1.5,16.0,2,8
18.4,18,4,116,Nathan Coulter-Nile,James Faulkner,1,False,-0.25,36,Mumbai,Brabourne Stadium,False,True,112,18,18.666666666666668,167,8.946428571428571,20,190,23,1.3333333333333321,17.250000000000014,2,8
18.5,18,5,117,Nathan Coulter-Nile,Ajinkya Rahane,6,False,-3.0,36,Mumbai,Brabourne Stadium,False,True,113,18,18.833333333333332,173,9.185840707964603,20,190,17,1.1666666666666679,14.571428571428557,2,8
18.6,18,6,118,Nathan Coulter-Nile,Ajinkya Rahane,1,False,-0.5,36,Mumbai,Brabourne Stadium,False,True,114,18,19.0,174,9.157894736842104,20,190,16,1.0,16.0,2,8
19.1,19,1,119,Gurinder Sandhu,Ajinkya Rahane,2,False,-1.0,36,Mumbai,Brabourne Stadium,False,True,115,19,19.166666666666668,176,9.182608695652174,20,190,14,0.8333333333333321,16.800000000000026,2,8
19.2,19,2,120,Gurinder Sandhu,Ajinkya Rahane,4,False,-2.0,36,Mumbai,Brabourne Stadium,False,True,116,19,19.333333333333332,180,9.310344827586208,20,190,10,0.6666666666666679,14.999999999999973,2,8
19.3,19,3,121,Gurinder Sandhu,Ajinkya Rahane,1,False,-0.5,36,Mumbai,Brabourne Stadium,False,True,117,19,19.5,181,9.282051282051283,20,190,9,0.5,18.0,2,8
19.4,19,4,122,Gurinder Sandhu,James Faulkner,2,False,-1.0,36,Mumbai,Brabourne Stadium,False,True,118,19,19.666666666666668,183,9.305084745762711,20,190,7,0.33333333333333215,21.000000000000075,2,8
19.5,19,5,123,Gurinder Sandhu,James Faulkner,4,False,-2.0,36,Mumbai,Brabourne Stadium,False,True,119,19,19.833333333333332,187,9.428571428571429,20,190,3,0.16666666666666785,17.999999999999872,2,8
19.6,19,6,124,Gurinder Sandhu,James Faulkner,2,False,-1.0,36,Mumbai,Brabourne Stadium,False,True,120,19,20.0,189,9.45,20,190,1,0.0,inf,2,8
