Ball Number,over,ball,Ball,bowler,batsman,Runs,is_wicket,bowler_score,match_id,city,stadium,is_extra,legal_delivery,legal_deliveries_count,overs_completed,overs_bowled,total_runs,current_run_rate,total_overs,target,runs_needed,overs_remaining,required_run_rate,wickets_fallen,wickets_in_hand
0.1,0,1,1,Sandeep Sharma,Ajinkya Rahane,4,False,-0.25,3,Pune,Maharashtra Cricket Association Stadium,False,True,1,0,0.16666666666666666,4,24.0,20,163,159,19.833333333333332,8.016806722689076,0,10
0.2,0,2,2,Sandeep Sharma,Ajinkya Rahane,0,False,1.0,3,Pune,Maharashtra Cricket Association Stadium,False,True,2,0,0.3333333333333333,4,12.0,20,163,159,19.666666666666668,8.084745762711863,0,10
0.3,0,3,3,Sandeep Sharma,Ajinkya Rahane,0,False,1.0,3,Pune,Maharashtra Cricket Association Stadium,False,True,3,0,0.5,4,8.0,20,163,159,19.5,8.153846153846153,0,10
0.4,0,4,4,Sandeep Sharma,Ajinkya Rahane,0,False,1.0,3,Pune,Maharashtra Cricket Association Stadium,False,True,4,0,0.6666666666666666,4,6.0,20,163,159,19.333333333333332,8.224137931034484,0,10
0.5,0,5,5,Sandeep Sharma,Ajinkya Rahane,0,False,1.0,3,Pune,Maharashtra Cricket Association Stadium,False,True,5,0,0.8333333333333334,4,4.8,20,163,159,19.166666666666668,8.295652173913043,0,10
0.6,0,6,6,Sandeep Sharma,Ajinkya Rahane,0,False,1.0,3,Pune,Maharashtra Cricket Association Stadium,False,True,6,0,1.0,4,4.0,20,163,159,19.0,8.368421052631579,0,10
1.1,1,1,7,Anureet Singh,Sanju Samson,1,False,-0.5,3,Pune,Maharashtra Cricket Association Stadium,False,True,7,1,1.1666666666666667,5,4.285714285714286,20,163,158,18.833333333333332,8.389380530973451,0,10
1.2,1,2,8,Anureet Singh,Ajinkya Rahane,0,False,1.0,3,Pune,Maharashtra Cricket Association Stadium,False,True,8,1,1.3333333333333333,5,3.75,20,163,158,18.666666666666668,8.464285714285714,0,10
1.3,1,3,9,Anureet Singh,Ajinkya Rahane,0,True,5.0,3,Pune,Maharashtra Cricket Association Stadium,False,True,9,1,1.5,5,3.3333333333333335,20,163,158,18.5,8.54054054054054,1,9
1.4,1,4,10,Anureet Singh,Sanju Samson,0,False,1.0,3,Pune,Maharashtra Cricket Association Stadium,False,True,10,1,1.6666666666666665,5,3.0000000000000004,20,163,158,18.333333333333332,8.618181818181819,1,9
1.5,1,5,11,Anureet Singh,Sanju Samson,3,False,-1.5,3,Pune,Maharashtra Cricket Association Stadium,False,True,11,1,1.8333333333333335,8,4.363636363636363,20,163,155,18.166666666666668,8.53211009174312,1,9
1.6,1,6,12,Anureet Singh,Steven Smith,0,False,1.0,3,Pune,Maharashtra Cricket Association Stadium,False,True,12,1,2.0,8,4.0,20,163,155,18.0,8.61111111111111,1,9
2.1,2,1,13,Sandeep Sharma,Sanju Samson,0,False,1.0,3,Pune,Maharashtra Cricket Association Stadium,False,True,13,2,2.1666666666666665,8,3.6923076923076925,20,163,155,17.833333333333332,8.69158878504673,1,9
2.2,2,2,14,Sandeep Sharma,Sanju Samson,1,False,-0.5,3,Pune,Maharashtra Cricket Association Stadium,False,True,14,2,2.3333333333333335,9,3.8571428571428568,20,163,154,17.666666666666668,8.716981132075471,1,9
2.3,2,3,15,Sandeep Sharma,Steven Smith,4,False,-2.0,3,Pune,Maharashtra Cricket Association Stadium,False,True,15,2,2.5,13,5.2,20,163,150,17.5,8.571428571428571,1,9
2.4,2,4,16,Sandeep Sharma,Steven Smith,1,False,-0.5,3,Pune,Maharashtra Cricket Association Stadium,False,True,16,2,2.6666666666666665,14,5.25,20,163,149,17.333333333333332,8.596153846153847,1,9
2.5,2,5,17,Sandeep Sharma,Sanju Samson,0,True,5.0,3,Pune,Maharashtra Cricket Association Stadium,False,True,17,2,2.8333333333333335,14,4.941176470588235,20,163,149,17.166666666666668,8.679611650485436,2,8
2.6,2,6,18,Sandeep Sharma,Karun Nair,1,False,-0.25,3,Pune,Maharashtra Cricket Association Stadium,False,True,18,2,3.0,15,5.0,20,163,148,17.0,8.705882352941176,2,8
3.1,3,1,19,Anureet Singh,Karun Nair,0,False,1.0,3,Pune,Maharashtra Cricket Association Stadium,False,True,19,3,3.1666666666666665,15,4.736842105263158,20,163,148,16.833333333333332,8.792079207920793,2,8
3.2,3,2,20,Anureet Singh,Karun Nair,0,False,1.0,3,Pune,Maharashtra Cricket Association Stadium,False,True,20,3,3.3333333333333335,15,4.5,20,163,148,16.666666666666668,8.879999999999999,2,8
3.3,3,3,21,Anureet Singh,Karun Nair,0,False,1.0,3,Pune,Maharashtra Cricket Association Stadium,False,True,21,3,3.5,15,4.285714285714286,20,163,148,16.5,8.969696969696969,2,8
3.4,3,4,22,Anureet Singh,Karun Nair,1,False,-0.5,3,Pune,Maharashtra Cricket Association Stadium,False,True,22,3,3.6666666666666665,16,4.363636363636364,20,163,147,16.333333333333332,9.0,2,8
3.5,3,5,23,Anureet Singh,Steven Smith,1,False,-0.5,3,Pune,Maharashtra Cricket Association Stadium,False,True,23,3,3.8333333333333335,17,4.434782608695652,20,163,146,16.166666666666668,9.030927835051546,2,8
3.6,3,6,24,Anureet Singh,Karun Nair,0,False,1.0,3,Pune,Maharashtra Cricket Association Stadium,False,True,24,3,4.0,17,4.25,20,163,146,16.0,9.125,2,8
4.1,4,1,25,Sandeep Sharma,Steven Smith,1,False,-0.5,3,Pune,Maharashtra Cricket Association Stadium,False,True,25,4,4.166666666666667,18,4.319999999999999,20,163,145,15.833333333333332,9.157894736842106,2,8
4.2,4,2,26,Sandeep Sharma,Karun Nair,0,False,1.0,3,Pune,Maharashtra Cricket Association Stadium,False,True,26,4,4.333333333333333,18,4.153846153846154,20,163,145,15.666666666666668,9.25531914893617,2,8
4.3,4,3,27,Sandeep Sharma,Karun Nair,1,False,-0.5,3,Pune,Maharashtra Cricket Association Stadium,False,True,27,4,4.5,19,4.222222222222222,20,163,144,15.5,9.290322580645162,2,8
4.4,4,4,28,Sandeep Sharma,Steven Smith,0,False,1.0,3,Pune,Maharashtra Cricket Association Stadium,False,True,28,4,4.666666666666667,19,4.071428571428571,20,163,144,15.333333333333332,9.391304347826088,2,8
4.5,4,5,29,Sandeep Sharma,Steven Smith,1,False,-0.5,3,Pune,Maharashtra Cricket Association Stadium,False,True,29,4,4.833333333333333,20,4.137931034482759,20,163,143,15.166666666666668,9.428571428571427,2,8
4.6,4,6,30,Sandeep Sharma,Karun Nair,0,False,1.0,3,Pune,Maharashtra Cricket Association Stadium,False,True,30,4,5.0,20,4.0,20,163,143,15.0,9.533333333333333,2,8
5.1,5,1,31,Axar Patel,Steven Smith,4,False,-2.0,3,Pune,Maharashtra Cricket Association Stadium,False,True,31,5,5.166666666666667,24,4.64516129032258,20,163,139,14.833333333333332,9.370786516853933,2,8
5.2,5,2,32,Axar Patel,Steven Smith,4,False,-2.0,3,Pune,Maharashtra Cricket Association Stadium,False,True,32,5,5.333333333333333,28,5.25,20,163,135,14.666666666666668,9.204545454545453,2,8
5.3,5,3,33,Axar Patel,Steven Smith,0,False,1.0,3,Pune,Maharashtra Cricket Association Stadium,False,True,33,5,5.5,28,5.090909090909091,20,163,135,14.5,9.310344827586206,2,8
5.4,5,4,34,Axar Patel,Steven Smith,1,False,-0.5,3,Pune,Maharashtra Cricket Association Stadium,False,True,34,5,5.666666666666667,29,5.117647058823529,20,163,134,14.333333333333332,9.348837209302326,2,8
5.5,5,5,35,Axar Patel,Karun Nair,6,False,-3.0,3,Pune,Maharashtra Cricket Association Stadium,False,True,35,5,5.833333333333333,35,6.0,20,163,128,14.166666666666668,9.035294117647059,2,8
5.6,5,6,36,Axar Patel,Karun Nair,0,True,5.0,3,Pune,Maharashtra Cricket Association Stadium,False,True,36,5,6.0,35,5.833333333333333,20,163,128,14.0,9.142857142857142,3,7
6.1,6,1,37,Sandeep Sharma,Steven Smith,1,False,-0.5,3,Pune,Maharashtra Cricket Association Stadium,False,True,37,6,6.166666666666667,36,5.837837837837838,20,163,127,13.833333333333332,9.180722891566266,3,7
6.2,6,2,38,Sandeep Sharma,Stuart Binny,0,False,1.0,3,Pune,Maharashtra Cricket Association Stadium,False,True,38,6,6.333333333333333,36,5.684210526315789,20,163,127,13.666666666666668,9.292682926829267,3,7
6.3,6,3,39,Sandeep Sharma,Stuart Binny,1,False,-0.5,3,Pune,Maharashtra Cricket Association Stadium,False,True,39,6,6.5,37,5.6923076923076925,20,163,126,13.5,9.333333333333334,3,7
6.4,6,4,40,Sandeep Sharma,Steven Smith,2,False,-1.0,3,Pune,Maharashtra Cricket Association Stadium,False,True,40,6,6.666666666666667,39,5.85,20,163,124,13.333333333333332,9.3,3,7
6.5,6,5,41,Sandeep Sharma,Steven Smith,1,False,-0.5,3,Pune,Maharashtra Cricket Association Stadium,False,True,41,6,6.833333333333333,40,5.853658536585366,20,163,123,13.166666666666668,9.341772151898734,3,7
6.6,6,6,42,Sandeep Sharma,Stuart Binny,1,False,-1.0,3,Pune,Maharashtra Cricket Association Stadium,True,False,41,6,6.833333333333333,41,6.0,20,163,122,13.166666666666668,9.265822784810126,3,7
6.6,6,6,43,Sandeep Sharma,Stuart Binny,4,False,-2.0,3,Pune,Maharashtra Cricket Association Stadium,False,True,42,6,7.0,45,6.428571428571429,20,163,118,13.0,9.076923076923077,3,7
7.1,7,1,44,Karan,Steven Smith,1,False,-0.5,3,Pune,Maharashtra Cricket Association Stadium,False,True,43,7,7.166666666666667,46,6.4186046511627906,20,163,117,12.833333333333332,9.116883116883118,3,7
7.2,7,2,45,Karan,Stuart Binny,1,False,-0.5,3,Pune,Maharashtra Cricket Association Stadium,False,True,44,7,7.333333333333333,47,6.409090909090909,20,163,116,12.666666666666668,9.157894736842104,3,7
7.3,7,3,46,Karan,Steven Smith,0,False,1.0,3,Pune,Maharashtra Cricket Association Stadium,False,True,45,7,7.5,47,6.266666666666667,20,163,116,12.5,9.28,3,7
7.4,7,4,47,Karan,Steven Smith,4,False,-2.0,3,Pune,Maharashtra Cricket Association Stadium,False,True,46,7,7.666666666666667,51,6.652173913043478,20,163,112,12.333333333333332,9.081081081081082,3,7
7.5,7,5,48,Karan,Steven Smith,1,False,-0.5,3,Pune,Maharashtra Cricket Association Stadium,False,True,47,7,7.833333333333333,52,6.638297872340425,20,163,111,12.166666666666668,9.123287671232875,3,7
7.6,7,6,49,Karan,Stuart Binny,1,False,-0.5,3,Pune,Maharashtra Cricket Association Stadium,False,True,48,7,8.0,53,6.625,20,163,110,12.0,9.166666666666666,3,7
8.1,8,1,50,Mitchell Johnson,Stuart Binny,0,False,1.0,3,Pune,Maharashtra Cricket Association Stadium,False,True,49,8,8.166666666666666,53,6.4897959183673475,20,163,110,11.833333333333334,9.295774647887324,3,7
8.2,8,2,51,Mitchell Johnson,Stuart Binny,2,False,-0.25,3,Pune,Maharashtra Cricket Association Stadium,False,True,50,8,8.333333333333334,55,6.6,20,163,108,11.666666666666666,9.257142857142858,3,7
8.2,8,2,52,Mitchell Johnson,Stuart Binny,5,False,-1.0,3,Pune,Maharashtra Cricket Association Stadium,True,False,50,8,8.333333333333334,60,7.199999999999999,20,163,103,11.666666666666666,8.82857142857143,3,7
8.3,8,3,53,Mitchell Johnson,Stuart Binny,0,False,1.0,3,Pune,Maharashtra Cricket Association Stadium,False,True,51,8,8.5,60,7.0588235294117645,20,163,103,11.5,8.956521739130435,3,7
8.4,8,4,54,Mitchell Johnson,Stuart Binny,0,False,1.0,3,Pune,Maharashtra Cricket Association Stadium,False,True,52,8,8.666666666666666,60,6.923076923076923,20,163,103,11.333333333333334,9.088235294117647,3,7
8.5,8,5,55,Mitchell Johnson,Stuart Binny,1,False,-0.25,3,Pune,Maharashtra Cricket Association Stadium,False,True,53,8,8.833333333333334,61,6.90566037735849,20,163,102,11.166666666666666,9.134328358208956,3,7
8.6,8,6,56,Mitchell Johnson,Steven Smith,0,False,1.0,3,Pune,Maharashtra Cricket Association Stadium,False,True,54,8,9.0,61,6.777777777777778,20,163,102,11.0,9.272727272727273,3,7
9.1,9,1,57,Karan,Stuart Binny,4,False,-2.0,3,Pune,Maharashtra Cricket Association Stadium,False,True,55,9,9.166666666666666,65,7.090909090909092,20,163,98,10.833333333333334,9.046153846153846,3,7
9.2,9,2,58,Karan,Stuart Binny,1,False,-0.5,3,Pune,Maharashtra Cricket Association Stadium,False,True,56,9,9.333333333333334,66,7.071428571428571,20,163,97,10.666666666666666,9.09375,3,7
9.3,9,3,59,Karan,Steven Smith,4,False,-2.0,3,Pune,Maharashtra Cricket Association Stadium,False,True,57,9,9.5,70,7.368421052631579,20,163,93,10.5,8.857142857142858,3,7
9.4,9,4,60,Karan,Steven Smith,1,False,-0.5,3,Pune,Maharashtra Cricket Association Stadium,False,True,58,9,9.666666666666666,71,7.344827586206897,20,163,92,10.333333333333334,8.903225806451612,3,7
9.5,9,5,61,N/A,N/A,0,False,0.0,3,Pune,Maharashtra Cricket Association Stadium,False,True,59,9,9.833333333333334,71,7.220338983050847,20,163,92,10.166666666666666,9.049180327868854,3,7
9.6,9,6,62,Karan,Steven Smith,1,False,-0.5,3,Pune,Maharashtra Cricket Association Stadium,False,True,60,9,10.0,72,7.2,20,163,91,10.0,9.1,3,7
10.1,10,1,63,Mitchell Johnson,Steven Smith,1,False,-1.0,3,Pune,Maharashtra Cricket Association Stadium,True,False,60,9,10.0,73,7.3,20,163,90,10.0,9.0,3,7
10.1,10,1,64,Mitchell Johnson,Steven Smith,0,True,5.0,3,Pune,Maharashtra Cricket Association Stadium,False,True,61,10,10.166666666666666,73,7.180327868852459,20,163,90,9.833333333333334,9.152542372881355,4,6
10.2,10,2,65,Mitchell Johnson,Stuart Binny,0,False,1.0,3,Pune,Maharashtra Cricket Association Stadium,False,True,62,10,10.333333333333334,73,7.064516129032258,20,163,90,9.666666666666666,9.310344827586208,4,6
10.3,10,3,66,Mitchell Johnson,Stuart Binny,0,False,1.0,3,Pune,Maharashtra Cricket Association Stadium,False,True,63,10,10.5,73,6.9523809523809526,20,163,90,9.5,9.473684210526315,4,6
10.3,10,3,67,Mitchell Johnson,Stuart Binny,1,False,-1.0,3,Pune,Maharashtra Cricket Association Stadium,True,False,63,10,10.5,74,7.0476190476190474,20,163,89,9.5,9.368421052631579,4,6
10.4,10,4,68,Mitchell Johnson,Stuart Binny,0,True,5.0,3,Pune,Maharashtra Cricket Association Stadium,False,True,64,10,10.666666666666666,74,6.9375,20,163,89,9.333333333333334,9.535714285714285,5,5
10.5,10,5,69,Mitchell Johnson,James Faulkner,0,False,1.0,3,Pune,Maharashtra Cricket Association Stadium,False,True,65,10,10.833333333333334,74,6.8307692307692305,20,163,89,9.166666666666666,9.709090909090909,5,5
10.6,10,6,70,Mitchell Johnson,James Faulkner,1,False,-0.5,3,Pune,Maharashtra Cricket Association Stadium,False,True,66,10,11.0,75,6.818181818181818,20,163,88,9.0,9.777777777777779,5,5
11.1,11,1,71,Karan,James Faulkner,2,False,-1.0,3,Pune,Maharashtra Cricket Association Stadium,False,True,67,11,11.166666666666666,77,6.895522388059702,20,163,86,8.833333333333334,9.735849056603772,5,5
11.2,11,2,72,Karan,James Faulkner,2,False,-1.0,3,Pune,Maharashtra Cricket Association Stadium,False,True,68,11,11.333333333333334,79,6.970588235294117,20,163,84,8.666666666666666,9.692307692307693,5,5
11.3,11,3,73,Karan,James Faulkner,1,False,-0.5,3,Pune,Maharashtra Cricket Association Stadium,False,True,69,11,11.5,80,6.956521739130435,20,163,83,8.5,9.764705882352942,5,5
11.4,11,4,74,Karan,Deepak Hooda,1,False,-0.5,3,Pune,Maharashtra Cricket Association Stadium,False,True,70,11,11.666666666666666,81,6.942857142857143,20,163,82,8.333333333333334,9.84,5,5
11.5,11,5,75,Karan,James Faulkner,1,False,-0.5,3,Pune,Maharashtra Cricket Association Stadium,False,True,71,11,11.833333333333334,82,6.929577464788732,20,163,81,8.166666666666666,9.918367346938776,5,5
11.6,11,6,76,Karan,Deepak Hooda,0,False,1.0,3,Pune,Maharashtra Cricket Association Stadium,False,True,72,11,12.0,82,6.833333333333333,20,163,81,8.0,10.125,5,5
12.1,12,1,77,Axar Patel,James Faulkner,0,False,1.0,3,Pune,Maharashtra Cricket Association Stadium,False,True,73,12,12.166666666666666,82,6.739726027397261,20,163,81,7.833333333333334,10.340425531914892,5,5
12.2,12,2,78,Axar Patel,James Faulkner,0,False,1.0,3,Pune,Maharashtra Cricket Association Stadium,False,True,74,12,12.333333333333334,82,6.648648648648648,20,163,81,7.666666666666666,10.56521739130435,5,5
12.3,12,3,79,Axar Patel,James Faulkner,1,False,-1.0,3,Pune,Maharashtra Cricket Association Stadium,True,False,74,12,12.333333333333334,83,6.72972972972973,20,163,80,7.666666666666666,10.434782608695652,5,5
12.3,12,3,80,Axar Patel,James Faulkner,2,False,-1.0,3,Pune,Maharashtra Cricket Association Stadium,False,True,75,12,12.5,85,6.8,20,163,78,7.5,10.4,5,5
12.4,12,4,81,Axar Patel,James Faulkner,1,False,-0.5,3,Pune,Maharashtra Cricket Association Stadium,False,True,76,12,12.666666666666666,86,6.7894736842105265,20,163,77,7.333333333333334,10.5,5,5
12.5,12,5,82,Axar Patel,Deepak Hooda,1,False,-0.5,3,Pune,Maharashtra Cricket Association Stadium,False,True,77,12,12.833333333333334,87,6.779220779220779,20,163,76,7.166666666666666,10.604651162790699,5,5
12.6,12,6,83,Axar Patel,James Faulkner,0,False,1.0,3,Pune,Maharashtra Cricket Association Stadium,False,True,78,12,13.0,87,6.6923076923076925,20,163,76,7.0,10.857142857142858,5,5
13.1,13,1,84,Karan,Deepak Hooda,2,False,-1.0,3,Pune,Maharashtra Cricket Association Stadium,False,True,79,13,13.166666666666666,89,6.759493670886076,20,163,74,6.833333333333334,10.829268292682926,5,5
13.2,13,2,85,Karan,Deepak Hooda,6,False,-3.0,3,Pune,Maharashtra Cricket Association Stadium,False,True,80,13,13.333333333333334,95,7.125,20,163,68,6.666666666666666,10.200000000000001,5,5
13.3,13,3,86,Karan,Deepak Hooda,0,False,1.0,3,Pune,Maharashtra Cricket Association Stadium,False,True,81,13,13.5,95,7.037037037037037,20,163,68,6.5,10.461538461538462,5,5
13.4,13,4,87,Karan,Deepak Hooda,0,False,1.0,3,Pune,Maharashtra Cricket Association Stadium,False,True,82,13,13.666666666666666,95,6.951219512195122,20,163,68,6.333333333333334,10.736842105263158,5,5
13.5,13,5,88,Karan,Deepak Hooda,6,False,-3.0,3,Pune,Maharashtra Cricket Association Stadium,False,True,83,13,13.833333333333334,101,7.301204819277108,20,163,62,6.166666666666666,10.054054054054054,5,5
13.6,13,6,89,Karan,Deepak Hooda,2,False,-1.0,3,Pune,Maharashtra Cricket Association Stadium,False,True,84,13,14.0,103,7.357142857142857,20,163,60,6.0,10.0,5,5
14.1,14,1,90,Mitchell Johnson,James Faulkner,1,False,-1.0,3,Pune,Maharashtra Cricket Association Stadium,True,False,84,13,14.0,104,7.428571428571429,20,163,59,6.0,9.833333333333334,5,5
14.1,14,1,91,Mitchell Johnson,James Faulkner,0,False,1.0,3,Pune,Maharashtra Cricket Association Stadium,False,True,85,14,14.166666666666666,104,7.341176470588236,20,163,59,5.833333333333334,10.114285714285714,5,5
14.2,14,2,92,Mitchell Johnson,James Faulkner,0,False,1.0,3,Pune,Maharashtra Cricket Association Stadium,False,True,86,14,14.333333333333334,104,7.255813953488372,20,163,59,5.666666666666666,10.411764705882353,5,5
14.3,14,3,93,Mitchell Johnson,James Faulkner,0,False,1.0,3,Pune,Maharashtra Cricket Association Stadium,False,True,87,14,14.5,104,7.172413793103448,20,163,59,5.5,10.727272727272727,5,5
14.4,14,4,94,Mitchell Johnson,James Faulkner,4,False,-2.0,3,Pune,Maharashtra Cricket Association Stadium,False,True,88,14,14.666666666666666,108,7.363636363636364,20,163,55,5.333333333333334,10.312499999999998,5,5
14.5,14,5,95,Mitchell Johnson,James Faulkner,1,False,-1.0,3,Pune,Maharashtra Cricket Association Stadium,True,False,88,14,14.666666666666666,109,7.4318181818181825,20,163,54,5.333333333333334,10.124999999999998,5,5
14.5,14,5,96,Mitchell Johnson,James Faulkner,0,False,1.0,3,Pune,Maharashtra Cricket Association Stadium,False,True,89,14,14.833333333333334,109,7.348314606741573,20,163,54,5.166666666666666,10.451612903225808,5,5
14.6,14,6,97,Mitchell Johnson,James Faulkner,0,False,1.0,3,Pune,Maharashtra Cricket Association Stadium,False,True,90,14,15.0,109,7.266666666666667,20,163,54,5.0,10.8,5,5
15.1,15,1,98,Axar Patel,Deepak Hooda,1,False,-0.5,3,Pune,Maharashtra Cricket Association Stadium,False,True,91,15,15.166666666666666,110,7.252747252747253,20,163,53,4.833333333333334,10.96551724137931,5,5
15.2,15,2,99,Axar Patel,James Faulkner,0,False,1.0,3,Pune,Maharashtra Cricket Association Stadium,False,True,92,15,15.333333333333334,110,7.173913043478261,20,163,53,4.666666666666666,11.35714285714286,5,5
15.3,15,3,100,Axar Patel,James Faulkner,1,False,-1.0,3,Pune,Maharashtra Cricket Association Stadium,True,False,92,15,15.333333333333334,111,7.239130434782608,20,163,52,4.666666666666666,11.142857142857144,5,5
15.3,15,3,101,Axar Patel,James Faulkner,1,False,-0.5,3,Pune,Maharashtra Cricket Association Stadium,False,True,93,15,15.5,112,7.225806451612903,20,163,51,4.5,11.333333333333334,5,5
15.4,15,4,102,Axar Patel,Deepak Hooda,1,False,-0.5,3,Pune,Maharashtra Cricket Association Stadium,False,True,94,15,15.666666666666666,113,7.212765957446809,20,163,50,4.333333333333334,11.538461538461537,5,5
15.5,15,5,103,Axar Patel,James Faulkner,1,False,-0.5,3,Pune,Maharashtra Cricket Association Stadium,False,True,95,15,15.833333333333334,114,7.199999999999999,20,163,49,4.166666666666666,11.760000000000002,5,5
15.6,15,6,104,Axar Patel,Deepak Hooda,0,False,1.0,3,Pune,Maharashtra Cricket Association Stadium,False,True,96,15,16.0,114,7.125,20,163,49,4.0,12.25,5,5
16.1,16,1,105,Anureet Singh,James Faulkner,1,False,-0.5,3,Pune,Maharashtra Cricket Association Stadium,False,True,97,16,16.166666666666668,115,7.11340206185567,20,163,48,3.833333333333332,12.521739130434787,5,5
16.2,16,2,106,Anureet Singh,Deepak Hooda,6,False,-3.0,3,Pune,Maharashtra Cricket Association Stadium,False,True,98,16,16.333333333333332,121,7.408163265306123,20,163,42,3.666666666666668,11.454545454545451,5,5
16.3,16,3,107,Anureet Singh,Deepak Hooda,4,False,-2.0,3,Pune,Maharashtra Cricket Association Stadium,False,True,99,16,16.5,125,7.575757575757576,20,163,38,3.5,10.857142857142858,5,5
16.4,16,4,108,Anureet Singh,Deepak Hooda,0,True,5.0,3,Pune,Maharashtra Cricket Association Stadium,False,True,100,16,16.666666666666668,125,7.499999999999999,20,163,38,3.333333333333332,11.400000000000004,6,4
16.5,16,5,109,Anureet Singh,Chris Morris,1,False,-0.5,3,Pune,Maharashtra Cricket Association Stadium,False,True,101,16,16.833333333333332,126,7.485148514851486,20,163,37,3.166666666666668,11.684210526315786,6,4
16.6,16,6,110,Anureet Singh,James Faulkner,1,False,-0.5,3,Pune,Maharashtra Cricket Association Stadium,False,True,102,16,17.0,127,7.470588235294118,20,163,36,3.0,12.0,6,4
17.1,17,1,111,Axar Patel,James Faulkner,1,False,-0.5,3,Pune,Maharashtra Cricket Association Stadium,False,True,103,17,17.166666666666668,128,7.45631067961165,20,163,35,2.833333333333332,12.352941176470594,6,4
17.2,17,2,112,Axar Patel,Chris Morris,1,False,-0.5,3,Pune,Maharashtra Cricket Association Stadium,False,True,104,17,17.333333333333332,129,7.4423076923076925,20,163,34,2.666666666666668,12.749999999999995,6,4
17.3,17,3,113,Axar Patel,James Faulkner,1,False,-0.5,3,Pune,Maharashtra Cricket Association Stadium,False,True,105,17,17.5,130,7.428571428571429,20,163,33,2.5,13.2,6,4
17.4,17,4,114,Axar Patel,Chris Morris,1,False,-0.25,3,Pune,Maharashtra Cricket Association Stadium,False,True,106,17,17.666666666666668,131,7.415094339622641,20,163,32,2.333333333333332,13.71428571428572,6,4
17.5,17,5,115,Axar Patel,James Faulkner,0,False,1.0,3,Pune,Maharashtra Cricket Association Stadium,False,True,107,17,17.833333333333332,131,7.345794392523365,20,163,32,2.166666666666668,14.769230769230761,6,4
17.6,17,6,116,Axar Patel,James Faulkner,6,False,-3.0,3,Pune,Maharashtra Cricket Association Stadium,False,True,108,17,18.0,137,7.611111111111111,20,163,26,2.0,13.0,6,4
18.1,18,1,117,Mitchell Johnson,Chris Morris,1,False,-0.5,3,Pune,Maharashtra Cricket Association Stadium,False,True,109,18,18.166666666666668,138,7.5963302752293576,20,163,25,1.8333333333333321,13.636363636363646,6,4
18.2,18,2,118,Mitchell Johnson,James Faulkner,2,False,-1.0,3,Pune,Maharashtra Cricket Association Stadium,False,True,110,18,18.333333333333332,140,7.636363636363637,20,163,23,1.6666666666666679,13.79999999999999,6,4
18.3,18,3,119,Mitchell Johnson,James Faulkner,6,False,-3.0,3,Pune,Maharashtra Cricket Association Stadium,False,True,111,18,18.5,146,7.891891891891892,20,163,17,1.5,11.333333333333334,6,4
18.4,18,4,120,Mitchell Johnson,James Faulkner,4,False,-2.0,3,Pune,Maharashtra Cricket Association Stadium,False,True,112,18,18.666666666666668,150,8.035714285714285,20,163,13,1.3333333333333321,9.750000000000009,6,4
18.5,18,5,121,Mitchell Johnson,James Faulkner,6,False,-3.0,3,Pune,Maharashtra Cricket Association Stadium,False,True,113,18,18.833333333333332,156,8.283185840707965,20,163,7,1.1666666666666679,5.999999999999994,6,4
18.6,18,6,122,Mitchell Johnson,James Faulkner,1,False,-0.5,3,Pune,Maharashtra Cricket Association Stadium,False,True,114,18,19.0,157,8.263157894736842,20,163,6,1.0,6.0,6,4
19.1,19,1,123,Anureet Singh,James Faulkner,1,False,-0.5,3,Pune,Maharashtra Cricket Association Stadium,False,True,115,19,19.166666666666668,158,8.243478260869566,20,163,5,0.8333333333333321,6.000000000000009,6,4
19.2,19,2,124,Anureet Singh,Chris Morris,1,False,-0.5,3,Pune,Maharashtra Cricket Association Stadium,False,True,116,19,19.333333333333332,159,8.224137931034484,20,163,4,0.6666666666666679,5.999999999999989,6,4
19.3,19,3,125,Anureet Singh,James Faulkner,0,True,5.0,3,Pune,Maharashtra Cricket Association Stadium,False,True,117,19,19.5,159,8.153846153846153,20,163,4,0.5,8.0,7,3
19.4,19,4,126,Anureet Singh,Chris Morris,0,False,1.0,3,Pune,Maharashtra Cricket Association Stadium,False,True,118,19,19.666666666666668,159,8.084745762711863,20,163,4,0.33333333333333215,12.000000000000043,7,3
19.5,19,5,127,Anureet Singh,Chris Morris,0,False,1.0,3,Pune,Maharashtra Cricket Association Stadium,False,True,119,19,19.833333333333332,159,8.016806722689076,20,163,4,0.16666666666666785,23.99999999999983,7,3
19.6,19,6,128,Anureet Singh,Chris Morris,2,False,-1.0,3,Pune,Maharashtra Cricket Association Stadium,False,True,120,19,20.0,161,8.05,20,163,2,0.0,inf,7,3
