Ball Number,over,ball,Ball,bowler,batsman,Runs,is_wicket,bowler_score,match_id,city,stadium,is_extra,legal_delivery,legal_deliveries_count,overs_completed,overs_bowled,total_runs,current_run_rate,total_overs,target,runs_needed,overs_remaining,required_run_rate,wickets_fallen,wickets_in_hand
0.1,0,1,1,Bhuvneshwar Kumar,Ajinkya Rahane,0,False,1.0,41,Mumbai,Brabourne Stadium,False,True,1,0,0.16666666666666666,0,0.0,20,202,202,19.833333333333332,10.184873949579833,0,10
0.2,0,2,2,Bhuvneshwar Kumar,Ajinkya Rahane,0,False,1.0,41,Mumbai,Brabourne Stadium,False,True,2,0,0.3333333333333333,0,0.0,20,202,202,19.666666666666668,10.271186440677965,0,10
0.3,0,3,3,Bhuvneshwar Kumar,Ajinkya Rahane,4,False,-2.0,41,Mumbai,Brabourne Stadium,False,True,3,0,0.5,4,8.0,20,202,198,19.5,10.153846153846153,0,10
0.4,0,4,4,Bhuvneshwar Kumar,Ajinkya Rahane,0,False,1.0,41,Mumbai,Brabourne Stadium,False,True,4,0,0.6666666666666666,4,6.0,20,202,198,19.333333333333332,10.241379310344827,0,10
0.5,0,5,5,Bhuvneshwar Kumar,Ajinkya Rahane,4,False,-2.0,41,Mumbai,Brabourne Stadium,False,True,5,0,0.8333333333333334,8,9.6,20,202,194,19.166666666666668,10.121739130434783,0,10
0.6,0,6,6,Bhuvneshwar Kumar,Ajinkya Rahane,0,True,5.0,41,Mumbai,Brabourne Stadium,False,True,6,0,1.0,8,8.0,20,202,194,19.0,10.210526315789474,1,9
1.1,1,1,7,Praveen Kumar,Shane Watson,0,False,1.0,41,Mumbai,Brabourne Stadium,False,True,7,1,1.1666666666666667,8,6.857142857142857,20,202,194,18.833333333333332,10.300884955752213,1,9
1.2,1,2,8,Praveen Kumar,Shane Watson,0,False,1.0,41,Mumbai,Brabourne Stadium,False,True,8,1,1.3333333333333333,8,6.0,20,202,194,18.666666666666668,10.392857142857142,1,9
1.3,1,3,9,Praveen Kumar,Shane Watson,0,False,1.0,41,Mumbai,Brabourne Stadium,False,True,9,1,1.5,8,5.333333333333333,20,202,194,18.5,10.486486486486486,1,9
1.4,1,4,10,Praveen Kumar,Shane Watson,4,False,-2.0,41,Mumbai,Brabourne Stadium,False,True,10,1,1.6666666666666665,12,7.200000000000001,20,202,190,18.333333333333332,10.363636363636365,1,9
1.5,1,5,11,Praveen Kumar,Shane Watson,0,False,1.0,41,Mumbai,Brabourne Stadium,False,True,11,1,1.8333333333333335,12,6.545454545454545,20,202,190,18.166666666666668,10.458715596330274,1,9
1.6,1,6,12,Praveen Kumar,Shane Watson,0,False,1.0,41,Mumbai,Brabourne Stadium,False,True,12,1,2.0,12,6.0,20,202,190,18.0,10.555555555555555,1,9
2.1,2,1,13,Bhuvneshwar Kumar,Steven Smith,0,False,1.0,41,Mumbai,Brabourne Stadium,False,True,13,2,2.1666666666666665,12,5.538461538461539,20,202,190,17.833333333333332,10.654205607476635,1,9
2.2,2,2,14,Bhuvneshwar Kumar,Steven Smith,1,False,-0.5,41,Mumbai,Brabourne Stadium,False,True,14,2,2.3333333333333335,13,5.571428571428571,20,202,189,17.666666666666668,10.69811320754717,1,9
2.3,2,3,15,Bhuvneshwar Kumar,Shane Watson,4,False,-2.0,41,Mumbai,Brabourne Stadium,False,True,15,2,2.5,17,6.8,20,202,185,17.5,10.571428571428571,1,9
2.4,2,4,16,Bhuvneshwar Kumar,Shane Watson,4,False,-2.0,41,Mumbai,Brabourne Stadium,False,True,16,2,2.6666666666666665,21,7.875,20,202,181,17.333333333333332,10.442307692307693,1,9
2.5,2,5,17,Bhuvneshwar Kumar,Shane Watson,0,False,1.0,41,Mumbai,Brabourne Stadium,False,True,17,2,2.8333333333333335,21,7.411764705882352,20,202,181,17.166666666666668,10.54368932038835,1,9
2.6,2,6,18,Bhuvneshwar Kumar,Shane Watson,0,False,1.0,41,Mumbai,Brabourne Stadium,False,True,18,2,3.0,21,7.0,20,202,181,17.0,10.647058823529411,1,9
3.1,3,1,19,Ishant Sharma,Steven Smith,4,False,-2.0,41,Mumbai,Brabourne Stadium,False,True,19,3,3.1666666666666665,25,7.894736842105264,20,202,177,16.833333333333332,10.514851485148515,1,9
3.2,3,2,20,Ishant Sharma,Steven Smith,0,False,1.0,41,Mumbai,Brabourne Stadium,False,True,20,3,3.3333333333333335,25,7.5,20,202,177,16.666666666666668,10.62,1,9
3.3,3,3,21,Ishant Sharma,Steven Smith,4,False,-2.0,41,Mumbai,Brabourne Stadium,False,True,21,3,3.5,29,8.285714285714286,20,202,173,16.5,10.484848484848484,1,9
3.4,3,4,22,Ishant Sharma,Steven Smith,1,False,-0.5,41,Mumbai,Brabourne Stadium,False,True,22,3,3.6666666666666665,30,8.181818181818182,20,202,172,16.333333333333332,10.53061224489796,1,9
3.5,3,5,23,Ishant Sharma,Shane Watson,0,False,1.0,41,Mumbai,Brabourne Stadium,False,True,23,3,3.8333333333333335,30,7.826086956521739,20,202,172,16.166666666666668,10.639175257731958,1,9
3.6,3,6,24,Ishant Sharma,Shane Watson,0,True,5.0,41,Mumbai,Brabourne Stadium,False,True,24,3,4.0,30,7.5,20,202,172,16.0,10.75,2,8
4.1,4,1,25,Praveen Kumar,Steven Smith,0,False,1.0,41,Mumbai,Brabourne Stadium,False,True,25,4,4.166666666666667,30,7.199999999999999,20,202,172,15.833333333333332,10.863157894736842,2,8
4.2,4,2,26,Praveen Kumar,Steven Smith,0,False,1.0,41,Mumbai,Brabourne Stadium,False,True,26,4,4.333333333333333,30,6.923076923076923,20,202,172,15.666666666666668,10.978723404255318,2,8
4.3,4,3,27,Praveen Kumar,Steven Smith,0,False,1.0,41,Mumbai,Brabourne Stadium,False,True,27,4,4.5,30,6.666666666666667,20,202,172,15.5,11.096774193548388,2,8
4.4,4,4,28,Praveen Kumar,Steven Smith,4,False,-2.0,41,Mumbai,Brabourne Stadium,False,True,28,4,4.666666666666667,34,7.285714285714286,20,202,168,15.333333333333332,10.956521739130435,2,8
4.5,4,5,29,Praveen Kumar,Steven Smith,1,False,-0.5,41,Mumbai,Brabourne Stadium,False,True,29,4,4.833333333333333,35,7.241379310344828,20,202,167,15.166666666666668,11.010989010989011,2,8
4.6,4,6,30,Praveen Kumar,Karun Nair,0,False,1.0,41,Mumbai,Brabourne Stadium,False,True,30,4,5.0,35,7.0,20,202,167,15.0,11.133333333333333,2,8
5.1,5,1,31,Ishant Sharma,Steven Smith,0,False,1.0,41,Mumbai,Brabourne Stadium,False,True,31,5,5.166666666666667,35,6.774193548387096,20,202,167,14.833333333333332,11.258426966292136,2,8
5.2,5,2,32,Ishant Sharma,Steven Smith,1,False,-0.5,41,Mumbai,Brabourne Stadium,False,True,32,5,5.333333333333333,36,6.75,20,202,166,14.666666666666668,11.318181818181817,2,8
5.3,5,3,33,Ishant Sharma,Karun Nair,0,False,1.0,41,Mumbai,Brabourne Stadium,False,True,33,5,5.5,36,6.545454545454546,20,202,166,14.5,11.448275862068966,2,8
5.4,5,4,34,Ishant Sharma,Karun Nair,0,False,1.0,41,Mumbai,Brabourne Stadium,False,True,34,5,5.666666666666667,36,6.352941176470588,20,202,166,14.333333333333332,11.58139534883721,2,8
5.5,5,5,35,Ishant Sharma,Karun Nair,0,False,1.0,41,Mumbai,Brabourne Stadium,False,True,35,5,5.833333333333333,36,6.171428571428572,20,202,166,14.166666666666668,11.717647058823529,2,8
5.6,5,6,36,Ishant Sharma,Karun Nair,0,False,1.0,41,Mumbai,Brabourne Stadium,False,True,36,5,6.0,36,6.0,20,202,166,14.0,11.857142857142858,2,8
6.1,6,1,37,Karn Sharma,Steven Smith,1,False,-0.5,41,Mumbai,Brabourne Stadium,False,True,37,6,6.166666666666667,37,6.0,20,202,165,13.833333333333332,11.927710843373495,2,8
6.2,6,2,38,Karn Sharma,Karun Nair,2,False,-1.0,41,Mumbai,Brabourne Stadium,False,True,38,6,6.333333333333333,39,6.157894736842105,20,202,163,13.666666666666668,11.926829268292682,2,8
6.3,6,3,39,Karn Sharma,Karun Nair,1,False,-0.5,41,Mumbai,Brabourne Stadium,False,True,39,6,6.5,40,6.153846153846154,20,202,162,13.5,12.0,2,8
6.4,6,4,40,Karn Sharma,Steven Smith,1,False,-0.5,41,Mumbai,Brabourne Stadium,False,True,40,6,6.666666666666667,41,6.1499999999999995,20,202,161,13.333333333333332,12.075000000000001,2,8
6.5,6,5,41,Karn Sharma,Karun Nair,1,False,-0.25,41,Mumbai,Brabourne Stadium,False,True,41,6,6.833333333333333,42,6.146341463414634,20,202,160,13.166666666666668,12.151898734177214,2,8
6.6,6,6,42,Karn Sharma,Steven Smith,0,False,1.0,41,Mumbai,Brabourne Stadium,False,True,42,6,7.0,42,6.0,20,202,160,13.0,12.307692307692308,2,8
7.1,7,1,43,Moises Henriques,Karun Nair,1,False,-0.5,41,Mumbai,Brabourne Stadium,False,True,43,7,7.166666666666667,43,6.0,20,202,159,12.833333333333332,12.389610389610391,2,8
7.2,7,2,44,Moises Henriques,Steven Smith,1,False,-0.5,41,Mumbai,Brabourne Stadium,False,True,44,7,7.333333333333333,44,6.0,20,202,158,12.666666666666668,12.473684210526315,2,8
7.3,7,3,45,Moises Henriques,Karun Nair,1,False,-1.0,41,Mumbai,Brabourne Stadium,True,False,44,7,7.333333333333333,45,6.136363636363637,20,202,157,12.666666666666668,12.394736842105262,2,8
7.3,7,3,46,Moises Henriques,Karun Nair,0,True,5.0,41,Mumbai,Brabourne Stadium,False,True,45,7,7.5,45,6.0,20,202,157,12.5,12.56,3,7
7.4,7,4,47,Moises Henriques,Steven Smith,1,False,-0.5,41,Mumbai,Brabourne Stadium,False,True,46,7,7.666666666666667,46,6.0,20,202,156,12.333333333333332,12.64864864864865,3,7
7.5,7,5,48,Moises Henriques,Deepak Hooda,0,False,1.0,41,Mumbai,Brabourne Stadium,False,True,47,7,7.833333333333333,46,5.872340425531915,20,202,156,12.166666666666668,12.821917808219176,3,7
7.6,7,6,49,Moises Henriques,Deepak Hooda,1,False,-0.5,41,Mumbai,Brabourne Stadium,False,True,48,7,8.0,47,5.875,20,202,155,12.0,12.916666666666666,3,7
8.1,8,1,50,Ravi Bopara,Deepak Hooda,1,False,-0.5,41,Mumbai,Brabourne Stadium,False,True,49,8,8.166666666666666,48,5.877551020408164,20,202,154,11.833333333333334,13.014084507042252,3,7
8.2,8,2,51,Ravi Bopara,Steven Smith,1,False,-0.5,41,Mumbai,Brabourne Stadium,False,True,50,8,8.333333333333334,49,5.88,20,202,153,11.666666666666666,13.114285714285716,3,7
8.3,8,3,52,Ravi Bopara,Deepak Hooda,2,False,-1.0,41,Mumbai,Brabourne Stadium,False,True,51,8,8.5,51,6.0,20,202,151,11.5,13.130434782608695,3,7
8.4,8,4,53,Ravi Bopara,Deepak Hooda,1,False,-0.5,41,Mumbai,Brabourne Stadium,False,True,52,8,8.666666666666666,52,6.0,20,202,150,11.333333333333334,13.235294117647058,3,7
8.5,8,5,54,Ravi Bopara,Steven Smith,1,False,-0.5,41,Mumbai,Brabourne Stadium,False,True,53,8,8.833333333333334,53,6.0,20,202,149,11.166666666666666,13.343283582089553,3,7
8.6,8,6,55,Ravi Bopara,Deepak Hooda,0,False,1.0,41,Mumbai,Brabourne Stadium,False,True,54,8,9.0,53,5.888888888888889,20,202,149,11.0,13.545454545454545,3,7
9.1,9,1,56,Moises Henriques,Steven Smith,4,False,-2.0,41,Mumbai,Brabourne Stadium,False,True,55,9,9.166666666666666,57,6.218181818181819,20,202,145,10.833333333333334,13.384615384615383,3,7
9.2,9,2,57,Moises Henriques,Steven Smith,4,False,-2.0,41,Mumbai,Brabourne Stadium,False,True,56,9,9.333333333333334,61,6.535714285714286,20,202,141,10.666666666666666,13.21875,3,7
9.3,9,3,58,Moises Henriques,Steven Smith,0,False,1.0,41,Mumbai,Brabourne Stadium,False,True,57,9,9.5,61,6.421052631578948,20,202,141,10.5,13.428571428571429,3,7
9.4,9,4,59,Moises Henriques,Steven Smith,4,False,-2.0,41,Mumbai,Brabourne Stadium,False,True,58,9,9.666666666666666,65,6.724137931034483,20,202,137,10.333333333333334,13.258064516129032,3,7
9.5,9,5,60,Moises Henriques,Steven Smith,2,False,-1.0,41,Mumbai,Brabourne Stadium,False,True,59,9,9.833333333333334,67,6.813559322033898,20,202,135,10.166666666666666,13.278688524590164,3,7
9.6,9,6,61,Moises Henriques,Steven Smith,1,False,-0.5,41,Mumbai,Brabourne Stadium,False,True,60,9,10.0,68,6.8,20,202,134,10.0,13.4,3,7
10.1,10,1,62,Karn Sharma,Steven Smith,2,False,-1.0,41,Mumbai,Brabourne Stadium,False,True,61,10,10.166666666666666,70,6.885245901639345,20,202,132,9.833333333333334,13.423728813559322,3,7
10.2,10,2,63,Karn Sharma,Steven Smith,4,False,-2.0,41,Mumbai,Brabourne Stadium,False,True,62,10,10.333333333333334,74,7.161290322580645,20,202,128,9.666666666666666,13.24137931034483,3,7
10.3,10,3,64,Karn Sharma,Steven Smith,1,False,-0.5,41,Mumbai,Brabourne Stadium,False,True,63,10,10.5,75,7.142857142857143,20,202,127,9.5,13.368421052631579,3,7
10.4,10,4,65,Karn Sharma,Deepak Hooda,0,False,1.0,41,Mumbai,Brabourne Stadium,False,True,64,10,10.666666666666666,75,7.03125,20,202,127,9.333333333333334,13.607142857142856,3,7
10.5,10,5,66,Karn Sharma,Deepak Hooda,2,False,-1.0,41,Mumbai,Brabourne Stadium,False,True,65,10,10.833333333333334,77,7.107692307692307,20,202,125,9.166666666666666,13.636363636363637,3,7
10.6,10,6,67,Karn Sharma,Deepak Hooda,0,True,5.0,41,Mumbai,Brabourne Stadium,False,True,66,10,11.0,77,7.0,20,202,125,9.0,13.88888888888889,4,6
11.1,11,1,68,Ishant Sharma,James Faulkner,1,False,-0.5,41,Mumbai,Brabourne Stadium,False,True,67,11,11.166666666666666,78,6.985074626865672,20,202,124,8.833333333333334,14.037735849056602,4,6
11.2,11,2,69,Ishant Sharma,Steven Smith,1,False,-0.25,41,Mumbai,Brabourne Stadium,False,True,68,11,11.333333333333334,79,6.970588235294117,20,202,123,8.666666666666666,14.192307692307693,4,6
11.3,11,3,70,Ishant Sharma,James Faulkner,6,False,-3.0,41,Mumbai,Brabourne Stadium,False,True,69,11,11.5,85,7.391304347826087,20,202,117,8.5,13.764705882352942,4,6
11.4,11,4,71,Ishant Sharma,James Faulkner,1,False,-0.5,41,Mumbai,Brabourne Stadium,False,True,70,11,11.666666666666666,86,7.371428571428572,20,202,116,8.333333333333334,13.919999999999998,4,6
11.5,11,5,72,Ishant Sharma,Steven Smith,1,False,-0.5,41,Mumbai,Brabourne Stadium,False,True,71,11,11.833333333333334,87,7.352112676056338,20,202,115,8.166666666666666,14.081632653061225,4,6
11.6,11,6,73,Ishant Sharma,James Faulkner,6,False,-3.0,41,Mumbai,Brabourne Stadium,False,True,72,11,12.0,93,7.75,20,202,109,8.0,13.625,4,6
12.1,12,1,74,Karn Sharma,Steven Smith,6,False,-3.0,41,Mumbai,Brabourne Stadium,False,True,73,12,12.166666666666666,99,8.136986301369863,20,202,103,7.833333333333334,13.148936170212766,4,6
12.2,12,2,75,Karn Sharma,Steven Smith,1,False,-0.5,41,Mumbai,Brabourne Stadium,False,True,74,12,12.333333333333334,100,8.108108108108107,20,202,102,7.666666666666666,13.304347826086957,4,6
12.3,12,3,76,Karn Sharma,James Faulkner,0,False,1.0,41,Mumbai,Brabourne Stadium,False,True,75,12,12.5,100,8.0,20,202,102,7.5,13.6,4,6
12.4,12,4,77,Karn Sharma,James Faulkner,1,False,-0.5,41,Mumbai,Brabourne Stadium,False,True,76,12,12.666666666666666,101,7.973684210526316,20,202,101,7.333333333333334,13.772727272727272,4,6
12.5,12,5,78,Karn Sharma,Steven Smith,6,False,-3.0,41,Mumbai,Brabourne Stadium,False,True,77,12,12.833333333333334,107,8.337662337662337,20,202,95,7.166666666666666,13.255813953488373,4,6
12.6,12,6,79,Karn Sharma,Steven Smith,0,False,1.0,41,Mumbai,Brabourne Stadium,False,True,78,12,13.0,107,8.23076923076923,20,202,95,7.0,13.571428571428571,4,6
13.1,13,1,80,Praveen Kumar,James Faulkner,2,False,-1.0,41,Mumbai,Brabourne Stadium,False,True,79,13,13.166666666666666,109,8.278481012658228,20,202,93,6.833333333333334,13.609756097560975,4,6
13.2,13,2,81,Praveen Kumar,James Faulkner,1,False,-0.5,41,Mumbai,Brabourne Stadium,False,True,80,13,13.333333333333334,110,8.25,20,202,92,6.666666666666666,13.8,4,6
13.3,13,3,82,Praveen Kumar,Steven Smith,1,False,-0.5,41,Mumbai,Brabourne Stadium,False,True,81,13,13.5,111,8.222222222222221,20,202,91,6.5,14.0,4,6
13.4,13,4,83,Praveen Kumar,James Faulkner,1,False,-0.25,41,Mumbai,Brabourne Stadium,False,True,82,13,13.666666666666666,112,8.195121951219512,20,202,90,6.333333333333334,14.210526315789473,4,6
13.5,13,5,84,Praveen Kumar,Steven Smith,4,False,-2.0,41,Mumbai,Brabourne Stadium,False,True,83,13,13.833333333333334,116,8.385542168674698,20,202,86,6.166666666666666,13.945945945945947,4,6
13.6,13,6,85,Praveen Kumar,Steven Smith,1,False,-0.5,41,Mumbai,Brabourne Stadium,False,True,84,13,14.0,117,8.357142857142858,20,202,85,6.0,14.166666666666666,4,6
14.1,14,1,86,Ravi Bopara,Steven Smith,4,False,-2.0,41,Mumbai,Brabourne Stadium,False,True,85,14,14.166666666666666,121,8.541176470588235,20,202,81,5.833333333333334,13.885714285714284,4,6
14.2,14,2,87,Ravi Bopara,Steven Smith,0,True,5.0,41,Mumbai,Brabourne Stadium,False,True,86,14,14.333333333333334,121,8.441860465116278,20,202,81,5.666666666666666,14.294117647058824,5,5
14.3,14,3,88,Ravi Bopara,Sanju Samson,1,False,-0.5,41,Mumbai,Brabourne Stadium,False,True,87,14,14.5,122,8.413793103448276,20,202,80,5.5,14.545454545454545,5,5
14.4,14,4,89,Ravi Bopara,James Faulkner,2,False,-1.0,41,Mumbai,Brabourne Stadium,False,True,88,14,14.666666666666666,124,8.454545454545455,20,202,78,5.333333333333334,14.624999999999998,5,5
14.5,14,5,90,Ravi Bopara,James Faulkner,1,False,-0.5,41,Mumbai,Brabourne Stadium,False,True,89,14,14.833333333333334,125,8.42696629213483,20,202,77,5.166666666666666,14.903225806451614,5,5
14.6,14,6,91,Ravi Bopara,Sanju Samson,1,False,-0.25,41,Mumbai,Brabourne Stadium,False,True,90,14,15.0,126,8.4,20,202,76,5.0,15.2,5,5
15.1,15,1,92,Moises Henriques,Sanju Samson,1,False,-0.5,41,Mumbai,Brabourne Stadium,False,True,91,15,15.166666666666666,127,8.373626373626374,20,202,75,4.833333333333334,15.517241379310343,5,5
15.2,15,2,93,Moises Henriques,James Faulkner,4,False,-2.0,41,Mumbai,Brabourne Stadium,False,True,92,15,15.333333333333334,131,8.543478260869565,20,202,71,4.666666666666666,15.214285714285717,5,5
15.3,15,3,94,Moises Henriques,James Faulkner,4,False,-2.0,41,Mumbai,Brabourne Stadium,False,True,93,15,15.5,135,8.709677419354838,20,202,67,4.5,14.88888888888889,5,5
15.4,15,4,95,Moises Henriques,James Faulkner,0,False,1.0,41,Mumbai,Brabourne Stadium,False,True,94,15,15.666666666666666,135,8.617021276595745,20,202,67,4.333333333333334,15.46153846153846,5,5
15.5,15,5,96,Moises Henriques,James Faulkner,0,False,1.0,41,Mumbai,Brabourne Stadium,False,True,95,15,15.833333333333334,135,8.526315789473683,20,202,67,4.166666666666666,16.080000000000002,5,5
15.6,15,6,97,Moises Henriques,James Faulkner,0,False,1.0,41,Mumbai,Brabourne Stadium,False,True,96,15,16.0,135,8.4375,20,202,67,4.0,16.75,5,5
16.1,16,1,98,Ravi Bopara,Sanju Samson,0,False,1.0,41,Mumbai,Brabourne Stadium,False,True,97,16,16.166666666666668,135,8.350515463917525,20,202,67,3.833333333333332,17.478260869565222,5,5
16.2,16,2,99,Ravi Bopara,Sanju Samson,6,False,-3.0,41,Mumbai,Brabourne Stadium,False,True,98,16,16.333333333333332,141,8.63265306122449,20,202,61,3.666666666666668,16.63636363636363,5,5
16.3,16,3,100,Ravi Bopara,Sanju Samson,2,False,-0.25,41,Mumbai,Brabourne Stadium,False,True,99,16,16.5,143,8.666666666666666,20,202,59,3.5,16.857142857142858,5,5
16.4,16,4,101,Ravi Bopara,Sanju Samson,1,False,-0.5,41,Mumbai,Brabourne Stadium,False,True,100,16,16.666666666666668,144,8.639999999999999,20,202,58,3.333333333333332,17.400000000000006,5,5
16.5,16,5,102,Ravi Bopara,James Faulkner,0,False,1.0,41,Mumbai,Brabourne Stadium,False,True,101,16,16.833333333333332,144,8.554455445544555,20,202,58,3.166666666666668,18.315789473684205,5,5
16.6,16,6,103,Ravi Bopara,James Faulkner,1,False,-0.5,41,Mumbai,Brabourne Stadium,False,True,102,16,17.0,145,8.529411764705882,20,202,57,3.0,19.0,5,5
17.1,17,1,104,Bhuvneshwar Kumar,James Faulkner,0,True,5.0,41,Mumbai,Brabourne Stadium,False,True,103,17,17.166666666666668,145,8.446601941747572,20,202,57,2.833333333333332,20.117647058823536,6,4
17.2,17,2,105,Bhuvneshwar Kumar,Sanju Samson,6,False,-3.0,41,Mumbai,Brabourne Stadium,False,True,104,17,17.333333333333332,151,8.711538461538462,20,202,51,2.666666666666668,19.124999999999993,6,4
17.3,17,3,106,Bhuvneshwar Kumar,Sanju Samson,6,False,-3.0,41,Mumbai,Brabourne Stadium,False,True,105,17,17.5,157,8.971428571428572,20,202,45,2.5,18.0,6,4
17.4,17,4,107,Bhuvneshwar Kumar,Sanju Samson,0,True,5.0,41,Mumbai,Brabourne Stadium,False,True,106,17,17.666666666666668,157,8.886792452830187,20,202,45,2.333333333333332,19.285714285714295,7,3
17.5,17,5,108,Bhuvneshwar Kumar,Chris Morris,4,False,-2.0,41,Mumbai,Brabourne Stadium,False,True,107,17,17.833333333333332,161,9.02803738317757,20,202,41,2.166666666666668,18.923076923076913,7,3
17.6,17,6,109,Bhuvneshwar Kumar,Chris Morris,1,False,-0.5,41,Mumbai,Brabourne Stadium,False,True,108,17,18.0,162,9.0,20,202,40,2.0,20.0,7,3
18.1,18,1,110,Praveen Kumar,Chris Morris,6,False,-3.0,41,Mumbai,Brabourne Stadium,False,True,109,18,18.166666666666668,168,9.247706422018348,20,202,34,1.8333333333333321,18.545454545454557,7,3
18.2,18,2,111,Praveen Kumar,Chris Morris,6,False,-3.0,41,Mumbai,Brabourne Stadium,False,True,110,18,18.333333333333332,174,9.490909090909092,20,202,28,1.6666666666666679,16.799999999999986,7,3
18.3,18,3,112,Praveen Kumar,Chris Morris,6,False,-3.0,41,Mumbai,Brabourne Stadium,False,True,111,18,18.5,180,9.72972972972973,20,202,22,1.5,14.666666666666666,7,3
18.4,18,4,113,Praveen Kumar,Chris Morris,2,False,-1.0,41,Mumbai,Brabourne Stadium,False,True,112,18,18.666666666666668,182,9.75,20,202,20,1.3333333333333321,15.000000000000014,7,3
18.5,18,5,114,Praveen Kumar,Chris Morris,1,False,-0.5,41,Mumbai,Brabourne Stadium,False,True,113,18,18.833333333333332,183,9.716814159292037,20,202,19,1.1666666666666679,16.28571428571427,7,3
18.6,18,6,115,Praveen Kumar,Stuart Binny,1,False,-0.5,41,Mumbai,Brabourne Stadium,False,True,114,18,19.0,184,9.68421052631579,20,202,18,1.0,18.0,7,3
19.1,19,1,116,Bhuvneshwar Kumar,Stuart Binny,1,False,-0.5,41,Mumbai,Brabourne Stadium,False,True,115,19,19.166666666666668,185,9.652173913043478,20,202,17,0.8333333333333321,20.40000000000003,7,3
19.2,19,2,117,Bhuvneshwar Kumar,Chris Morris,1,False,-0.5,41,Mumbai,Brabourne Stadium,False,True,116,19,19.333333333333332,186,9.620689655172415,20,202,16,0.6666666666666679,23.999999999999957,7,3
19.3,19,3,118,Bhuvneshwar Kumar,Stuart Binny,1,False,-0.5,41,Mumbai,Brabourne Stadium,False,True,117,19,19.5,187,9.58974358974359,20,202,15,0.5,30.0,7,3
19.4,19,4,119,Bhuvneshwar Kumar,Chris Morris,2,False,-1.0,41,Mumbai,Brabourne Stadium,False,True,118,19,19.666666666666668,189,9.610169491525424,20,202,13,0.33333333333333215,39.00000000000014,7,3
19.5,19,5,120,Bhuvneshwar Kumar,Chris Morris,4,False,-2.0,41,Mumbai,Brabourne Stadium,False,True,119,19,19.833333333333332,193,9.73109243697479,20,202,9,0.16666666666666785,53.999999999999616,7,3
19.6,19,6,121,Bhuvneshwar Kumar,Chris Morris,1,False,-0.5,41,Mumbai,Brabourne Stadium,False,True,120,19,20.0,194,9.7,20,202,8,0.0,inf,7,3
