Ball Number,over,ball,Ball,bowler,batsman,Runs,is_wicket,bowler_score,match_id,city,stadium,is_extra,legal_delivery,legal_deliveries_count,overs_completed,overs_bowled,total_runs,current_run_rate,total_overs,target,runs_needed,overs_remaining,required_run_rate,wickets_fallen,wickets_in_hand
0.1,0,1,1,Zaheer Khan,Robin Uthappa,1,False,-1.0,42,Kolkata,Eden Gardens,True,False,0,0,0.0,1,0.0,20,172,171,20.0,8.55,0,10
0.1,0,1,2,Zaheer Khan,Robin Uthappa,0,False,1.0,42,Kolkata,Eden Gardens,False,True,1,0,0.16666666666666666,1,6.0,20,172,171,19.833333333333332,8.6218487394958,0,10
0.2,0,2,3,Zaheer Khan,Robin Uthappa,1,False,-0.5,42,Kolkata,Eden Gardens,False,True,2,0,0.3333333333333333,2,6.0,20,172,170,19.666666666666668,8.64406779661017,0,10
0.3,0,3,4,Zaheer Khan,Gautam Gambhir,0,False,1.0,42,Kolkata,Eden Gardens,False,True,3,0,0.5,2,4.0,20,172,170,19.5,8.717948717948717,0,10
0.4,0,4,5,Zaheer Khan,Gautam Gambhir,0,False,1.0,42,Kolkata,Eden Gardens,False,True,4,0,0.6666666666666666,2,3.0,20,172,170,19.333333333333332,8.793103448275863,0,10
0.4,0,4,6,Zaheer Khan,Gautam Gambhir,1,False,-1.0,42,Kolkata,Eden Gardens,True,False,4,0,0.6666666666666666,3,4.5,20,172,169,19.333333333333332,8.741379310344827,0,10
0.5,0,5,7,Zaheer Khan,Gautam Gambhir,1,False,-0.5,42,Kolkata,Eden Gardens,False,True,5,0,0.8333333333333334,4,4.8,20,172,168,19.166666666666668,8.765217391304347,0,10
0.6,0,6,8,Zaheer Khan,Robin Uthappa,1,False,-0.5,42,Kolkata,Eden Gardens,False,True,6,0,1.0,5,5.0,20,172,167,19.0,8.789473684210526,0,10
1.1,1,1,9,Albie Morkel,Robin Uthappa,0,False,1.0,42,Kolkata,Eden Gardens,False,True,7,1,1.1666666666666667,5,4.285714285714286,20,172,167,18.833333333333332,8.867256637168142,0,10
1.2,1,2,10,N/A,N/A,0,False,0.0,42,Kolkata,Eden Gardens,False,True,8,1,1.3333333333333333,5,3.75,20,172,167,18.666666666666668,8.946428571428571,0,10
1.3,1,3,11,Albie Morkel,Robin Uthappa,1,False,-0.5,42,Kolkata,Eden Gardens,False,True,9,1,1.5,6,4.0,20,172,166,18.5,8.972972972972974,0,10
1.4,1,4,12,Albie Morkel,Gautam Gambhir,1,False,-0.5,42,Kolkata,Eden Gardens,False,True,10,1,1.6666666666666665,7,4.2,20,172,165,18.333333333333332,9.0,0,10
1.5,1,5,13,Albie Morkel,Robin Uthappa,1,False,-1.0,42,Kolkata,Eden Gardens,True,False,10,1,1.6666666666666665,8,4.800000000000001,20,172,164,18.333333333333332,8.945454545454545,0,10
1.5,1,5,14,Albie Morkel,Robin Uthappa,4,False,-2.0,42,Kolkata,Eden Gardens,False,True,11,1,1.8333333333333335,12,6.545454545454545,20,172,160,18.166666666666668,8.807339449541283,0,10
1.6,1,6,15,Albie Morkel,Robin Uthappa,0,False,1.0,42,Kolkata,Eden Gardens,False,True,12,1,2.0,12,6.0,20,172,160,18.0,8.88888888888889,0,10
2.1,2,1,16,Zaheer Khan,Gautam Gambhir,1,False,-0.5,42,Kolkata,Eden Gardens,False,True,13,2,2.1666666666666665,13,6.0,20,172,159,17.833333333333332,8.915887850467291,0,10
2.2,2,2,17,Zaheer Khan,Robin Uthappa,4,False,-2.0,42,Kolkata,Eden Gardens,False,True,14,2,2.3333333333333335,17,7.285714285714286,20,172,155,17.666666666666668,8.773584905660377,0,10
2.3,2,3,18,Zaheer Khan,Robin Uthappa,0,False,1.0,42,Kolkata,Eden Gardens,False,True,15,2,2.5,17,6.8,20,172,155,17.5,8.857142857142858,0,10
2.4,2,4,19,Zaheer Khan,Robin Uthappa,4,False,-2.0,42,Kolkata,Eden Gardens,False,True,16,2,2.6666666666666665,21,7.875,20,172,151,17.333333333333332,8.711538461538462,0,10
2.5,2,5,20,Zaheer Khan,Robin Uthappa,0,False,1.0,42,Kolkata,Eden Gardens,False,True,17,2,2.8333333333333335,21,7.411764705882352,20,172,151,17.166666666666668,8.796116504854368,0,10
2.6,2,6,21,Zaheer Khan,Robin Uthappa,0,False,1.0,42,Kolkata,Eden Gardens,False,True,18,2,3.0,21,7.0,20,172,151,17.0,8.882352941176471,0,10
3.1,3,1,22,Jean-Paul Duminy,Gautam Gambhir,4,False,-2.0,42,Kolkata,Eden Gardens,False,True,19,3,3.1666666666666665,25,7.894736842105264,20,172,147,16.833333333333332,8.732673267326733,0,10
3.2,3,2,23,Jean-Paul Duminy,Gautam Gambhir,4,False,-2.0,42,Kolkata,Eden Gardens,False,True,20,3,3.3333333333333335,29,8.7,20,172,143,16.666666666666668,8.58,0,10
3.3,3,3,24,Jean-Paul Duminy,Gautam Gambhir,1,False,-0.5,42,Kolkata,Eden Gardens,False,True,21,3,3.5,30,8.571428571428571,20,172,142,16.5,8.606060606060606,0,10
3.4,3,4,25,Jean-Paul Duminy,Robin Uthappa,0,False,1.0,42,Kolkata,Eden Gardens,False,True,22,3,3.6666666666666665,30,8.181818181818182,20,172,142,16.333333333333332,8.693877551020408,0,10
3.5,3,5,26,Jean-Paul Duminy,Robin Uthappa,6,False,-3.0,42,Kolkata,Eden Gardens,False,True,23,3,3.8333333333333335,36,9.391304347826086,20,172,136,16.166666666666668,8.412371134020617,0,10
3.6,3,6,27,Jean-Paul Duminy,Robin Uthappa,1,False,-0.5,42,Kolkata,Eden Gardens,False,True,24,3,4.0,37,9.25,20,172,135,16.0,8.4375,0,10
4.1,4,1,28,Zaheer Khan,Robin Uthappa,1,False,-0.5,42,Kolkata,Eden Gardens,False,True,25,4,4.166666666666667,38,9.12,20,172,134,15.833333333333332,8.463157894736844,0,10
4.2,4,2,29,Zaheer Khan,Gautam Gambhir,0,False,1.0,42,Kolkata,Eden Gardens,False,True,26,4,4.333333333333333,38,8.76923076923077,20,172,134,15.666666666666668,8.553191489361701,0,10
4.3,4,3,30,Zaheer Khan,Gautam Gambhir,0,True,5.0,42,Kolkata,Eden Gardens,False,True,27,4,4.5,38,8.444444444444445,20,172,134,15.5,8.64516129032258,1,9
4.4,4,4,31,Zaheer Khan,Manish Pandey,1,False,-0.5,42,Kolkata,Eden Gardens,False,True,28,4,4.666666666666667,39,8.357142857142856,20,172,133,15.333333333333332,8.673913043478262,1,9
4.5,4,5,32,Zaheer Khan,Robin Uthappa,0,False,1.0,42,Kolkata,Eden Gardens,False,True,29,4,4.833333333333333,39,8.068965517241379,20,172,133,15.166666666666668,8.769230769230768,1,9
4.6,4,6,33,Zaheer Khan,Robin Uthappa,0,False,1.0,42,Kolkata,Eden Gardens,False,True,30,4,5.0,39,7.8,20,172,133,15.0,8.866666666666667,1,9
5.1,5,1,34,Albie Morkel,Manish Pandey,4,False,-2.0,42,Kolkata,Eden Gardens,False,True,31,5,5.166666666666667,43,8.32258064516129,20,172,129,14.833333333333332,8.696629213483147,1,9
5.2,5,2,35,Albie Morkel,Manish Pandey,0,False,1.0,42,Kolkata,Eden Gardens,False,True,32,5,5.333333333333333,43,8.0625,20,172,129,14.666666666666668,8.795454545454545,1,9
5.3,5,3,36,Albie Morkel,Manish Pandey,1,False,-0.5,42,Kolkata,Eden Gardens,False,True,33,5,5.5,44,8.0,20,172,128,14.5,8.827586206896552,1,9
5.4,5,4,37,Albie Morkel,Robin Uthappa,2,False,-1.0,42,Kolkata,Eden Gardens,False,True,34,5,5.666666666666667,46,8.117647058823529,20,172,126,14.333333333333332,8.790697674418606,1,9
5.5,5,5,38,Albie Morkel,Robin Uthappa,0,False,1.0,42,Kolkata,Eden Gardens,False,True,35,5,5.833333333333333,46,7.885714285714286,20,172,126,14.166666666666668,8.894117647058822,1,9
5.6,5,6,39,Albie Morkel,Robin Uthappa,4,False,-2.0,42,Kolkata,Eden Gardens,False,True,36,5,6.0,50,8.333333333333334,20,172,122,14.0,8.714285714285714,1,9
6.1,6,1,40,Amit Mishra,Manish Pandey,0,False,1.0,42,Kolkata,Eden Gardens,False,True,37,6,6.166666666666667,50,8.108108108108107,20,172,122,13.833333333333332,8.819277108433736,1,9
6.2,6,2,41,Amit Mishra,Manish Pandey,0,False,1.0,42,Kolkata,Eden Gardens,False,True,38,6,6.333333333333333,50,7.894736842105264,20,172,122,13.666666666666668,8.926829268292682,1,9
6.3,6,3,42,Amit Mishra,Manish Pandey,1,False,-0.5,42,Kolkata,Eden Gardens,False,True,39,6,6.5,51,7.846153846153846,20,172,121,13.5,8.962962962962964,1,9
6.4,6,4,43,Amit Mishra,Robin Uthappa,0,False,1.0,42,Kolkata,Eden Gardens,False,True,40,6,6.666666666666667,51,7.6499999999999995,20,172,121,13.333333333333332,9.075000000000001,1,9
6.5,6,5,44,Amit Mishra,Robin Uthappa,0,False,1.0,42,Kolkata,Eden Gardens,False,True,41,6,6.833333333333333,51,7.463414634146342,20,172,121,13.166666666666668,9.189873417721518,1,9
6.6,6,6,45,Amit Mishra,Robin Uthappa,0,False,1.0,42,Kolkata,Eden Gardens,False,True,42,6,7.0,51,7.285714285714286,20,172,121,13.0,9.307692307692308,1,9
7.1,7,1,46,Imran Tahir,Manish Pandey,6,False,-3.0,42,Kolkata,Eden Gardens,False,True,43,7,7.166666666666667,57,7.953488372093023,20,172,115,12.833333333333332,8.961038961038962,1,9
7.2,7,2,47,Imran Tahir,Manish Pandey,0,False,1.0,42,Kolkata,Eden Gardens,False,True,44,7,7.333333333333333,57,7.772727272727273,20,172,115,12.666666666666668,9.078947368421051,1,9
7.3,7,3,48,N/A,N/A,0,False,0.0,42,Kolkata,Eden Gardens,False,True,45,7,7.5,57,7.6,20,172,115,12.5,9.2,1,9
7.4,7,4,49,Imran Tahir,Robin Uthappa,2,False,-1.0,42,Kolkata,Eden Gardens,False,True,46,7,7.666666666666667,59,7.695652173913043,20,172,113,12.333333333333332,9.162162162162163,1,9
7.5,7,5,50,Imran Tahir,Robin Uthappa,1,False,-0.5,42,Kolkata,Eden Gardens,False,True,47,7,7.833333333333333,60,7.659574468085107,20,172,112,12.166666666666668,9.205479452054794,1,9
7.6,7,6,51,Imran Tahir,Manish Pandey,1,False,-0.5,42,Kolkata,Eden Gardens,False,True,48,7,8.0,61,7.625,20,172,111,12.0,9.25,1,9
8.1,8,1,52,Amit Mishra,Manish Pandey,0,False,1.0,42,Kolkata,Eden Gardens,False,True,49,8,8.166666666666666,61,7.469387755102042,20,172,111,11.833333333333334,9.380281690140844,1,9
8.2,8,2,53,Amit Mishra,Manish Pandey,1,False,-0.5,42,Kolkata,Eden Gardens,False,True,50,8,8.333333333333334,62,7.4399999999999995,20,172,110,11.666666666666666,9.428571428571429,1,9
8.3,8,3,54,Amit Mishra,Robin Uthappa,0,False,1.0,42,Kolkata,Eden Gardens,False,True,51,8,8.5,62,7.294117647058823,20,172,110,11.5,9.565217391304348,1,9
8.4,8,4,55,Amit Mishra,Robin Uthappa,0,False,1.0,42,Kolkata,Eden Gardens,False,True,52,8,8.666666666666666,62,7.153846153846154,20,172,110,11.333333333333334,9.705882352941176,1,9
8.5,8,5,56,Amit Mishra,Robin Uthappa,0,False,1.0,42,Kolkata,Eden Gardens,False,True,53,8,8.833333333333334,62,7.018867924528301,20,172,110,11.166666666666666,9.850746268656717,1,9
8.6,8,6,57,Amit Mishra,Robin Uthappa,0,True,5.0,42,Kolkata,Eden Gardens,False,True,54,8,9.0,62,6.888888888888889,20,172,110,11.0,10.0,2,8
9.1,9,1,58,Imran Tahir,Manish Pandey,1,False,-0.5,42,Kolkata,Eden Gardens,False,True,55,9,9.166666666666666,63,6.872727272727273,20,172,109,10.833333333333334,10.061538461538461,2,8
9.2,9,2,59,Imran Tahir,Piyush Chawla,0,False,1.0,42,Kolkata,Eden Gardens,False,True,56,9,9.333333333333334,63,6.75,20,172,109,10.666666666666666,10.21875,2,8
9.3,9,3,60,Imran Tahir,Piyush Chawla,2,False,-1.0,42,Kolkata,Eden Gardens,False,True,57,9,9.5,65,6.842105263157895,20,172,107,10.5,10.19047619047619,2,8
9.4,9,4,61,Imran Tahir,Piyush Chawla,1,False,-1.0,42,Kolkata,Eden Gardens,True,False,57,9,9.5,66,6.947368421052632,20,172,106,10.5,10.095238095238095,2,8
9.4,9,4,62,Imran Tahir,Piyush Chawla,2,False,-1.0,42,Kolkata,Eden Gardens,False,True,58,9,9.666666666666666,68,7.03448275862069,20,172,104,10.333333333333334,10.064516129032258,2,8
9.5,9,5,63,Imran Tahir,Piyush Chawla,1,False,-0.5,42,Kolkata,Eden Gardens,False,True,59,9,9.833333333333334,69,7.016949152542373,20,172,103,10.166666666666666,10.131147540983607,2,8
9.6,9,6,64,Imran Tahir,Manish Pandey,2,False,-1.0,42,Kolkata,Eden Gardens,False,True,60,9,10.0,71,7.1,20,172,101,10.0,10.1,2,8
10.1,10,1,65,Angelo Mathews,Piyush Chawla,0,False,1.0,42,Kolkata,Eden Gardens,False,True,61,10,10.166666666666666,71,6.983606557377049,20,172,101,9.833333333333334,10.271186440677965,2,8
10.2,10,2,66,Angelo Mathews,Piyush Chawla,1,False,-0.5,42,Kolkata,Eden Gardens,False,True,62,10,10.333333333333334,72,6.967741935483871,20,172,100,9.666666666666666,10.344827586206897,2,8
10.3,10,3,67,Angelo Mathews,Manish Pandey,0,False,1.0,42,Kolkata,Eden Gardens,False,True,63,10,10.5,72,6.857142857142857,20,172,100,9.5,10.526315789473685,2,8
10.4,10,4,68,Angelo Mathews,Manish Pandey,1,False,-0.5,42,Kolkata,Eden Gardens,False,True,64,10,10.666666666666666,73,6.84375,20,172,99,9.333333333333334,10.607142857142856,2,8
10.5,10,5,69,Angelo Mathews,Piyush Chawla,4,False,-2.0,42,Kolkata,Eden Gardens,False,True,65,10,10.833333333333334,77,7.107692307692307,20,172,95,9.166666666666666,10.363636363636365,2,8
10.6,10,6,70,Angelo Mathews,Piyush Chawla,1,False,-0.5,42,Kolkata,Eden Gardens,False,True,66,10,11.0,78,7.090909090909091,20,172,94,9.0,10.444444444444445,2,8
11.1,11,1,71,Yuvraj Singh,Piyush Chawla,0,False,1.0,42,Kolkata,Eden Gardens,False,True,67,11,11.166666666666666,78,6.985074626865672,20,172,94,8.833333333333334,10.641509433962263,2,8
11.2,11,2,72,Yuvraj Singh,Piyush Chawla,1,False,-0.5,42,Kolkata,Eden Gardens,False,True,68,11,11.333333333333334,79,6.970588235294117,20,172,93,8.666666666666666,10.730769230769232,2,8
11.3,11,3,73,Yuvraj Singh,Manish Pandey,2,False,-1.0,42,Kolkata,Eden Gardens,False,True,69,11,11.5,81,7.043478260869565,20,172,91,8.5,10.705882352941176,2,8
11.4,11,4,74,Yuvraj Singh,Manish Pandey,0,True,5.0,42,Kolkata,Eden Gardens,False,True,70,11,11.666666666666666,81,6.942857142857143,20,172,91,8.333333333333334,10.92,3,7
11.5,11,5,75,Yuvraj Singh,Yusuf Pathan,1,False,-0.5,42,Kolkata,Eden Gardens,False,True,71,11,11.833333333333334,82,6.929577464788732,20,172,90,8.166666666666666,11.020408163265307,3,7
11.6,11,6,76,Yuvraj Singh,Piyush Chawla,0,False,1.0,42,Kolkata,Eden Gardens,False,True,72,11,12.0,82,6.833333333333333,20,172,90,8.0,11.25,3,7
12.1,12,1,77,Angelo Mathews,Yusuf Pathan,0,False,1.0,42,Kolkata,Eden Gardens,False,True,73,12,12.166666666666666,82,6.739726027397261,20,172,90,7.833333333333334,11.489361702127658,3,7
12.2,12,2,78,Angelo Mathews,Yusuf Pathan,0,False,1.0,42,Kolkata,Eden Gardens,False,True,74,12,12.333333333333334,82,6.648648648648648,20,172,90,7.666666666666666,11.73913043478261,3,7
12.3,12,3,79,Angelo Mathews,Yusuf Pathan,0,False,1.0,42,Kolkata,Eden Gardens,False,True,75,12,12.5,82,6.56,20,172,90,7.5,12.0,3,7
12.4,12,4,80,Angelo Mathews,Yusuf Pathan,1,False,-0.25,42,Kolkata,Eden Gardens,False,True,76,12,12.666666666666666,83,6.552631578947369,20,172,89,7.333333333333334,12.136363636363635,3,7
12.5,12,5,81,Angelo Mathews,Piyush Chawla,6,False,-3.0,42,Kolkata,Eden Gardens,False,True,77,12,12.833333333333334,89,6.9350649350649345,20,172,83,7.166666666666666,11.58139534883721,3,7
12.6,12,6,82,Angelo Mathews,Piyush Chawla,1,False,-0.25,42,Kolkata,Eden Gardens,False,True,78,12,13.0,90,6.923076923076923,20,172,82,7.0,11.714285714285714,3,7
13.1,13,1,83,Yuvraj Singh,Piyush Chawla,1,False,-0.5,42,Kolkata,Eden Gardens,False,True,79,13,13.166666666666666,91,6.9113924050632916,20,172,81,6.833333333333334,11.853658536585364,3,7
13.2,13,2,84,Yuvraj Singh,Yusuf Pathan,6,False,-3.0,42,Kolkata,Eden Gardens,False,True,80,13,13.333333333333334,97,7.2749999999999995,20,172,75,6.666666666666666,11.250000000000002,3,7
13.3,13,3,85,Yuvraj Singh,Yusuf Pathan,1,False,-0.25,42,Kolkata,Eden Gardens,False,True,81,13,13.5,98,7.2592592592592595,20,172,74,6.5,11.384615384615385,3,7
13.4,13,4,86,Yuvraj Singh,Piyush Chawla,1,False,-0.5,42,Kolkata,Eden Gardens,False,True,82,13,13.666666666666666,99,7.2439024390243905,20,172,73,6.333333333333334,11.526315789473683,3,7
13.5,13,5,87,Yuvraj Singh,Yusuf Pathan,1,False,-0.5,42,Kolkata,Eden Gardens,False,True,83,13,13.833333333333334,100,7.228915662650602,20,172,72,6.166666666666666,11.675675675675677,3,7
13.6,13,6,88,Yuvraj Singh,Piyush Chawla,1,False,-0.5,42,Kolkata,Eden Gardens,False,True,84,13,14.0,101,7.214285714285714,20,172,71,6.0,11.833333333333334,3,7
14.1,14,1,89,Albie Morkel,Piyush Chawla,0,False,1.0,42,Kolkata,Eden Gardens,False,True,85,14,14.166666666666666,101,7.129411764705883,20,172,71,5.833333333333334,12.17142857142857,3,7
14.2,14,2,90,Albie Morkel,Piyush Chawla,1,False,-0.5,42,Kolkata,Eden Gardens,False,True,86,14,14.333333333333334,102,7.116279069767441,20,172,70,5.666666666666666,12.352941176470589,3,7
14.3,14,3,91,Albie Morkel,Yusuf Pathan,4,False,-2.0,42,Kolkata,Eden Gardens,False,True,87,14,14.5,106,7.310344827586207,20,172,66,5.5,12.0,3,7
14.4,14,4,92,Albie Morkel,Yusuf Pathan,1,False,-0.5,42,Kolkata,Eden Gardens,False,True,88,14,14.666666666666666,107,7.295454545454546,20,172,65,5.333333333333334,12.187499999999998,3,7
14.5,14,5,93,Albie Morkel,Piyush Chawla,0,True,5.0,42,Kolkata,Eden Gardens,False,True,89,14,14.833333333333334,107,7.213483146067415,20,172,65,5.166666666666666,12.580645161290324,4,6
14.6,14,6,94,Albie Morkel,Yusuf Pathan,1,False,-0.5,42,Kolkata,Eden Gardens,False,True,90,14,15.0,108,7.2,20,172,64,5.0,12.8,4,6
15.1,15,1,95,Amit Mishra,Yusuf Pathan,2,False,-1.0,42,Kolkata,Eden Gardens,False,True,91,15,15.166666666666666,110,7.252747252747253,20,172,62,4.833333333333334,12.82758620689655,4,6
15.2,15,2,96,Amit Mishra,Yusuf Pathan,6,False,-3.0,42,Kolkata,Eden Gardens,False,True,92,15,15.333333333333334,116,7.565217391304348,20,172,56,4.666666666666666,12.000000000000002,4,6
15.3,15,3,97,Amit Mishra,Yusuf Pathan,0,False,1.0,42,Kolkata,Eden Gardens,False,True,93,15,15.5,116,7.483870967741935,20,172,56,4.5,12.444444444444445,4,6
15.4,15,4,98,Amit Mishra,Yusuf Pathan,1,False,-0.5,42,Kolkata,Eden Gardens,False,True,94,15,15.666666666666666,117,7.468085106382979,20,172,55,4.333333333333334,12.69230769230769,4,6
15.5,15,5,99,Amit Mishra,Andre Russell,0,False,1.0,42,Kolkata,Eden Gardens,False,True,95,15,15.833333333333334,117,7.389473684210526,20,172,55,4.166666666666666,13.200000000000001,4,6
15.6,15,6,100,Amit Mishra,Andre Russell,1,False,-0.5,42,Kolkata,Eden Gardens,False,True,96,15,16.0,118,7.375,20,172,54,4.0,13.5,4,6
16.1,16,1,101,Imran Tahir,Andre Russell,0,False,1.0,42,Kolkata,Eden Gardens,False,True,97,16,16.166666666666668,118,7.298969072164948,20,172,54,3.833333333333332,14.086956521739134,4,6
16.2,16,2,102,Imran Tahir,Andre Russell,4,False,-2.0,42,Kolkata,Eden Gardens,False,True,98,16,16.333333333333332,122,7.469387755102042,20,172,50,3.666666666666668,13.636363636363631,4,6
16.3,16,3,103,Imran Tahir,Andre Russell,5,False,-1.0,42,Kolkata,Eden Gardens,True,False,98,16,16.333333333333332,127,7.775510204081633,20,172,45,3.666666666666668,12.272727272727268,4,6
16.3,16,3,104,Imran Tahir,Andre Russell,0,True,5.0,42,Kolkata,Eden Gardens,False,True,99,16,16.5,127,7.696969696969697,20,172,45,3.5,12.857142857142858,5,5
16.4,16,4,105,Imran Tahir,Suryakumar Yadav,1,False,-0.5,42,Kolkata,Eden Gardens,False,True,100,16,16.666666666666668,128,7.68,20,172,44,3.333333333333332,13.200000000000005,5,5
16.5,16,5,106,Imran Tahir,Yusuf Pathan,4,False,-2.0,42,Kolkata,Eden Gardens,False,True,101,16,16.833333333333332,132,7.841584158415842,20,172,40,3.166666666666668,12.631578947368416,5,5
16.6,16,6,107,Imran Tahir,Yusuf Pathan,2,False,-1.0,42,Kolkata,Eden Gardens,False,True,102,16,17.0,134,7.882352941176471,20,172,38,3.0,12.666666666666666,5,5
17.1,17,1,108,Amit Mishra,Suryakumar Yadav,0,False,1.0,42,Kolkata,Eden Gardens,False,True,103,17,17.166666666666668,134,7.805825242718446,20,172,38,2.833333333333332,13.411764705882359,5,5
17.2,17,2,109,Amit Mishra,Suryakumar Yadav,2,False,-1.0,42,Kolkata,Eden Gardens,False,True,104,17,17.333333333333332,136,7.846153846153847,20,172,36,2.666666666666668,13.499999999999995,5,5
17.3,17,3,110,Amit Mishra,Suryakumar Yadav,1,False,-0.5,42,Kolkata,Eden Gardens,False,True,105,17,17.5,137,7.828571428571428,20,172,35,2.5,14.0,5,5
17.4,17,4,111,Amit Mishra,Yusuf Pathan,0,False,1.0,42,Kolkata,Eden Gardens,False,True,106,17,17.666666666666668,137,7.754716981132075,20,172,35,2.333333333333332,15.000000000000007,5,5
17.5,17,5,112,Amit Mishra,Yusuf Pathan,4,False,-2.0,42,Kolkata,Eden Gardens,False,True,107,17,17.833333333333332,141,7.906542056074767,20,172,31,2.166666666666668,14.3076923076923,5,5
17.6,17,6,113,Amit Mishra,Yusuf Pathan,1,False,-0.5,42,Kolkata,Eden Gardens,False,True,108,17,18.0,142,7.888888888888889,20,172,30,2.0,15.0,5,5
18.1,18,1,114,Imran Tahir,Yusuf Pathan,6,False,-3.0,42,Kolkata,Eden Gardens,False,True,109,18,18.166666666666668,148,8.146788990825687,20,172,24,1.8333333333333321,13.090909090909099,5,5
18.2,18,2,115,Imran Tahir,Yusuf Pathan,1,False,-0.5,42,Kolkata,Eden Gardens,False,True,110,18,18.333333333333332,149,8.127272727272727,20,172,23,1.6666666666666679,13.79999999999999,5,5
18.3,18,3,116,Imran Tahir,Suryakumar Yadav,1,False,-0.5,42,Kolkata,Eden Gardens,False,True,111,18,18.5,150,8.108108108108109,20,172,22,1.5,14.666666666666666,5,5
18.4,18,4,117,Imran Tahir,Yusuf Pathan,1,False,-0.5,42,Kolkata,Eden Gardens,False,True,112,18,18.666666666666668,151,8.089285714285714,20,172,21,1.3333333333333321,15.750000000000014,5,5
18.5,18,5,118,Imran Tahir,Suryakumar Yadav,1,False,-0.5,42,Kolkata,Eden Gardens,False,True,113,18,18.833333333333332,152,8.070796460176991,20,172,20,1.1666666666666679,17.142857142857125,5,5
18.6,18,6,119,Imran Tahir,Yusuf Pathan,0,True,5.0,42,Kolkata,Eden Gardens,False,True,114,18,19.0,152,8.0,20,172,20,1.0,20.0,6,4
19.1,19,1,120,Zaheer Khan,Suryakumar Yadav,1,False,-0.5,42,Kolkata,Eden Gardens,False,True,115,19,19.166666666666668,153,7.982608695652173,20,172,19,0.8333333333333321,22.800000000000033,6,4
19.2,19,2,121,Zaheer Khan,Johan Botha,4,False,-2.0,42,Kolkata,Eden Gardens,False,True,116,19,19.333333333333332,157,8.120689655172415,20,172,15,0.6666666666666679,22.49999999999996,6,4
19.3,19,3,122,Zaheer Khan,Johan Botha,4,False,-2.0,42,Kolkata,Eden Gardens,False,True,117,19,19.5,161,8.256410256410257,20,172,11,0.5,22.0,6,4
19.4,19,4,123,Zaheer Khan,Johan Botha,4,False,-2.0,42,Kolkata,Eden Gardens,False,True,118,19,19.666666666666668,165,8.389830508474576,20,172,7,0.33333333333333215,21.000000000000075,6,4
19.5,19,5,124,Zaheer Khan,Johan Botha,4,False,-2.0,42,Kolkata,Eden Gardens,False,True,119,19,19.833333333333332,169,8.521008403361344,20,172,3,0.16666666666666785,17.999999999999872,6,4
19.6,19,6,125,Zaheer Khan,Johan Botha,0,True,5.0,42,Kolkata,Eden Gardens,False,True,120,19,20.0,169,8.45,20,172,3,0.0,inf,7,3
