Ball Number,over,ball,Ball,bowler,batsman,Runs,is_wicket,bowler_score,match_id,city,stadium,is_extra,legal_delivery,legal_deliveries_count,overs_completed,overs_bowled,total_runs,current_run_rate,total_overs,target,runs_needed,overs_remaining,required_run_rate,wickets_fallen,wickets_in_hand
0.1,0,1,1,Bhuvneshwar Kumar,de Kock,0,False,1.0,45,Raipur,Shaheed Veer Narayan Singh International Stadium,False,True,1,0,0.16666666666666666,0,0.0,20,164,164,19.833333333333332,8.268907563025211,0,10
0.2,0,2,2,Bhuvneshwar Kumar,de Kock,4,False,-2.0,45,Raipur,Shaheed Veer Narayan Singh International Stadium,False,True,2,0,0.3333333333333333,4,12.0,20,164,160,19.666666666666668,8.135593220338983,0,10
0.3,0,3,3,Bhuvneshwar Kumar,de Kock,1,False,-0.5,45,Raipur,Shaheed Veer Narayan Singh International Stadium,False,True,3,0,0.5,5,10.0,20,164,159,19.5,8.153846153846153,0,10
0.4,0,4,4,Bhuvneshwar Kumar,Shreyas Iyer,0,False,1.0,45,Raipur,Shaheed Veer Narayan Singh International Stadium,False,True,4,0,0.6666666666666666,5,7.5,20,164,159,19.333333333333332,8.224137931034484,0,10
0.5,0,5,5,Bhuvneshwar Kumar,Shreyas Iyer,0,False,1.0,45,Raipur,Shaheed Veer Narayan Singh International Stadium,False,True,5,0,0.8333333333333334,5,6.0,20,164,159,19.166666666666668,8.295652173913043,0,10
0.6,0,6,6,Bhuvneshwar Kumar,Shreyas Iyer,0,False,1.0,45,Raipur,Shaheed Veer Narayan Singh International Stadium,False,True,6,0,1.0,5,5.0,20,164,159,19.0,8.368421052631579,0,10
1.1,1,1,7,Ishant Sharma,de Kock,0,False,1.0,45,Raipur,Shaheed Veer Narayan Singh International Stadium,False,True,7,1,1.1666666666666667,5,4.285714285714286,20,164,159,18.833333333333332,8.442477876106196,0,10
1.2,1,2,8,Ishant Sharma,de Kock,4,False,-2.0,45,Raipur,Shaheed Veer Narayan Singh International Stadium,False,True,8,1,1.3333333333333333,9,6.75,20,164,155,18.666666666666668,8.303571428571429,0,10
1.3,1,3,9,Ishant Sharma,de Kock,0,False,1.0,45,Raipur,Shaheed Veer Narayan Singh International Stadium,False,True,9,1,1.5,9,6.0,20,164,155,18.5,8.378378378378379,0,10
1.4,1,4,10,Ishant Sharma,de Kock,0,False,1.0,45,Raipur,Shaheed Veer Narayan Singh International Stadium,False,True,10,1,1.6666666666666665,9,5.4,20,164,155,18.333333333333332,8.454545454545455,0,10
1.5,1,5,11,Ishant Sharma,de Kock,0,False,1.0,45,Raipur,Shaheed Veer Narayan Singh International Stadium,False,True,11,1,1.8333333333333335,9,4.909090909090908,20,164,155,18.166666666666668,8.53211009174312,0,10
1.6,1,6,12,Ishant Sharma,de Kock,4,False,-2.0,45,Raipur,Shaheed Veer Narayan Singh International Stadium,False,True,12,1,2.0,13,6.5,20,164,151,18.0,8.38888888888889,0,10
2.1,2,1,13,Bhuvneshwar Kumar,Shreyas Iyer,0,False,1.0,45,Raipur,Shaheed Veer Narayan Singh International Stadium,False,True,13,2,2.1666666666666665,13,6.0,20,164,151,17.833333333333332,8.46728971962617,0,10
2.2,2,2,14,Bhuvneshwar Kumar,Shreyas Iyer,0,False,1.0,45,Raipur,Shaheed Veer Narayan Singh International Stadium,False,True,14,2,2.3333333333333335,13,5.571428571428571,20,164,151,17.666666666666668,8.547169811320755,0,10
2.3,2,3,15,Bhuvneshwar Kumar,Shreyas Iyer,0,False,1.0,45,Raipur,Shaheed Veer Narayan Singh International Stadium,False,True,15,2,2.5,13,5.2,20,164,151,17.5,8.628571428571428,0,10
2.4,2,4,16,Bhuvneshwar Kumar,Shreyas Iyer,0,True,5.0,45,Raipur,Shaheed Veer Narayan Singh International Stadium,False,True,16,2,2.6666666666666665,13,4.875,20,164,151,17.333333333333332,8.711538461538462,1,9
2.5,2,5,17,Bhuvneshwar Kumar,Jean-Paul Duminy,1,False,-0.5,45,Raipur,Shaheed Veer Narayan Singh International Stadium,False,True,17,2,2.8333333333333335,14,4.941176470588235,20,164,150,17.166666666666668,8.737864077669903,1,9
2.6,2,6,18,Bhuvneshwar Kumar,de Kock,1,False,-0.5,45,Raipur,Shaheed Veer Narayan Singh International Stadium,False,True,18,2,3.0,15,5.0,20,164,149,17.0,8.764705882352942,1,9
3.1,3,1,19,Parvez Rasool,de Kock,0,False,1.0,45,Raipur,Shaheed Veer Narayan Singh International Stadium,False,True,19,3,3.1666666666666665,15,4.736842105263158,20,164,149,16.833333333333332,8.851485148514852,1,9
3.2,3,2,20,Parvez Rasool,de Kock,2,False,-1.0,45,Raipur,Shaheed Veer Narayan Singh International Stadium,False,True,20,3,3.3333333333333335,17,5.1,20,164,147,16.666666666666668,8.819999999999999,1,9
3.3,3,3,21,Parvez Rasool,de Kock,0,False,1.0,45,Raipur,Shaheed Veer Narayan Singh International Stadium,False,True,21,3,3.5,17,4.857142857142857,20,164,147,16.5,8.909090909090908,1,9
3.4,3,4,22,Parvez Rasool,de Kock,1,False,-0.5,45,Raipur,Shaheed Veer Narayan Singh International Stadium,False,True,22,3,3.6666666666666665,18,4.909090909090909,20,164,146,16.333333333333332,8.938775510204083,1,9
3.5,3,5,23,Parvez Rasool,Jean-Paul Duminy,2,False,-1.0,45,Raipur,Shaheed Veer Narayan Singh International Stadium,False,True,23,3,3.8333333333333335,20,5.217391304347826,20,164,144,16.166666666666668,8.90721649484536,1,9
3.6,3,6,24,Parvez Rasool,Jean-Paul Duminy,1,False,-0.5,45,Raipur,Shaheed Veer Narayan Singh International Stadium,False,True,24,3,4.0,21,5.25,20,164,143,16.0,8.9375,1,9
4.1,4,1,25,Praveen Kumar,Jean-Paul Duminy,1,False,-0.25,45,Raipur,Shaheed Veer Narayan Singh International Stadium,False,True,25,4,4.166666666666667,22,5.279999999999999,20,164,142,15.833333333333332,8.96842105263158,1,9
4.2,4,2,26,Praveen Kumar,de Kock,4,False,-2.0,45,Raipur,Shaheed Veer Narayan Singh International Stadium,False,True,26,4,4.333333333333333,26,6.0,20,164,138,15.666666666666668,8.808510638297872,1,9
4.3,4,3,27,Praveen Kumar,de Kock,4,False,-2.0,45,Raipur,Shaheed Veer Narayan Singh International Stadium,False,True,27,4,4.5,30,6.666666666666667,20,164,134,15.5,8.64516129032258,1,9
4.4,4,4,28,Praveen Kumar,de Kock,0,False,1.0,45,Raipur,Shaheed Veer Narayan Singh International Stadium,False,True,28,4,4.666666666666667,30,6.428571428571428,20,164,134,15.333333333333332,8.73913043478261,1,9
4.5,4,5,29,Praveen Kumar,de Kock,4,False,-2.0,45,Raipur,Shaheed Veer Narayan Singh International Stadium,False,True,29,4,4.833333333333333,34,7.03448275862069,20,164,130,15.166666666666668,8.571428571428571,1,9
4.6,4,6,30,Praveen Kumar,de Kock,0,False,1.0,45,Raipur,Shaheed Veer Narayan Singh International Stadium,False,True,30,4,5.0,34,6.8,20,164,130,15.0,8.666666666666666,1,9
5.1,5,1,31,Ishant Sharma,Jean-Paul Duminy,1,False,-0.5,45,Raipur,Shaheed Veer Narayan Singh International Stadium,False,True,31,5,5.166666666666667,35,6.774193548387096,20,164,129,14.833333333333332,8.696629213483147,1,9
5.2,5,2,32,Ishant Sharma,de Kock,4,False,-2.0,45,Raipur,Shaheed Veer Narayan Singh International Stadium,False,True,32,5,5.333333333333333,39,7.3125,20,164,125,14.666666666666668,8.522727272727272,1,9
5.3,5,3,33,Ishant Sharma,de Kock,0,False,1.0,45,Raipur,Shaheed Veer Narayan Singh International Stadium,False,True,33,5,5.5,39,7.090909090909091,20,164,125,14.5,8.620689655172415,1,9
5.4,5,4,34,Ishant Sharma,de Kock,0,False,1.0,45,Raipur,Shaheed Veer Narayan Singh International Stadium,False,True,34,5,5.666666666666667,39,6.88235294117647,20,164,125,14.333333333333332,8.72093023255814,1,9
5.5,5,5,35,Ishant Sharma,de Kock,4,False,-2.0,45,Raipur,Shaheed Veer Narayan Singh International Stadium,False,True,35,5,5.833333333333333,43,7.371428571428572,20,164,121,14.166666666666668,8.541176470588235,1,9
5.6,5,6,36,Ishant Sharma,de Kock,6,False,-3.0,45,Raipur,Shaheed Veer Narayan Singh International Stadium,False,True,36,5,6.0,49,8.166666666666666,20,164,115,14.0,8.214285714285714,1,9
6.1,6,1,37,Moises Henriques,Jean-Paul Duminy,0,False,1.0,45,Raipur,Shaheed Veer Narayan Singh International Stadium,False,True,37,6,6.166666666666667,49,7.945945945945946,20,164,115,13.833333333333332,8.313253012048193,1,9
6.2,6,2,38,Moises Henriques,Jean-Paul Duminy,1,False,-0.5,45,Raipur,Shaheed Veer Narayan Singh International Stadium,False,True,38,6,6.333333333333333,50,7.894736842105264,20,164,114,13.666666666666668,8.341463414634145,1,9
6.3,6,3,39,Moises Henriques,de Kock,1,False,-0.5,45,Raipur,Shaheed Veer Narayan Singh International Stadium,False,True,39,6,6.5,51,7.846153846153846,20,164,113,13.5,8.37037037037037,1,9
6.4,6,4,40,Moises Henriques,Jean-Paul Duminy,1,False,-0.5,45,Raipur,Shaheed Veer Narayan Singh International Stadium,False,True,40,6,6.666666666666667,52,7.8,20,164,112,13.333333333333332,8.4,1,9
6.5,6,5,41,Moises Henriques,de Kock,0,False,1.0,45,Raipur,Shaheed Veer Narayan Singh International Stadium,False,True,41,6,6.833333333333333,52,7.609756097560976,20,164,112,13.166666666666668,8.50632911392405,1,9
6.6,6,6,42,Moises Henriques,de Kock,4,False,-2.0,45,Raipur,Shaheed Veer Narayan Singh International Stadium,False,True,42,6,7.0,56,8.0,20,164,108,13.0,8.307692307692308,1,9
7.1,7,1,43,Parvez Rasool,Jean-Paul Duminy,1,False,-0.5,45,Raipur,Shaheed Veer Narayan Singh International Stadium,False,True,43,7,7.166666666666667,57,7.953488372093023,20,164,107,12.833333333333332,8.337662337662339,1,9
7.2,7,2,44,Parvez Rasool,de Kock,1,False,-0.5,45,Raipur,Shaheed Veer Narayan Singh International Stadium,False,True,44,7,7.333333333333333,58,7.909090909090909,20,164,106,12.666666666666668,8.368421052631579,1,9
7.3,7,3,45,Parvez Rasool,Jean-Paul Duminy,1,False,-0.5,45,Raipur,Shaheed Veer Narayan Singh International Stadium,False,True,45,7,7.5,59,7.866666666666666,20,164,105,12.5,8.4,1,9
7.4,7,4,46,Parvez Rasool,de Kock,1,False,-0.5,45,Raipur,Shaheed Veer Narayan Singh International Stadium,False,True,46,7,7.666666666666667,60,7.826086956521739,20,164,104,12.333333333333332,8.432432432432433,1,9
7.5,7,5,47,Parvez Rasool,Jean-Paul Duminy,0,False,1.0,45,Raipur,Shaheed Veer Narayan Singh International Stadium,False,True,47,7,7.833333333333333,60,7.659574468085107,20,164,104,12.166666666666668,8.54794520547945,1,9
7.6,7,6,48,Parvez Rasool,Jean-Paul Duminy,0,False,1.0,45,Raipur,Shaheed Veer Narayan Singh International Stadium,False,True,48,7,8.0,60,7.5,20,164,104,12.0,8.666666666666666,1,9
8.1,8,1,49,Karn Sharma,de Kock,0,False,1.0,45,Raipur,Shaheed Veer Narayan Singh International Stadium,False,True,49,8,8.166666666666666,60,7.346938775510204,20,164,104,11.833333333333334,8.788732394366196,1,9
8.2,8,2,50,Karn Sharma,de Kock,0,True,5.0,45,Raipur,Shaheed Veer Narayan Singh International Stadium,False,True,50,8,8.333333333333334,60,7.199999999999999,20,164,104,11.666666666666666,8.914285714285715,2,8
8.3,8,3,51,Karn Sharma,Yuvraj Singh,0,False,1.0,45,Raipur,Shaheed Veer Narayan Singh International Stadium,False,True,51,8,8.5,60,7.0588235294117645,20,164,104,11.5,9.043478260869565,2,8
8.4,8,4,52,Karn Sharma,Yuvraj Singh,1,False,-0.5,45,Raipur,Shaheed Veer Narayan Singh International Stadium,False,True,52,8,8.666666666666666,61,7.038461538461539,20,164,103,11.333333333333334,9.088235294117647,2,8
8.5,8,5,53,Karn Sharma,Jean-Paul Duminy,1,False,-0.5,45,Raipur,Shaheed Veer Narayan Singh International Stadium,False,True,53,8,8.833333333333334,62,7.018867924528301,20,164,102,11.166666666666666,9.134328358208956,2,8
8.6,8,6,54,Karn Sharma,Yuvraj Singh,0,False,1.0,45,Raipur,Shaheed Veer Narayan Singh International Stadium,False,True,54,8,9.0,62,6.888888888888889,20,164,102,11.0,9.272727272727273,2,8
9.1,9,1,55,Parvez Rasool,Jean-Paul Duminy,1,False,-0.5,45,Raipur,Shaheed Veer Narayan Singh International Stadium,False,True,55,9,9.166666666666666,63,6.872727272727273,20,164,101,10.833333333333334,9.323076923076922,2,8
9.2,9,2,56,Parvez Rasool,Yuvraj Singh,1,False,-0.5,45,Raipur,Shaheed Veer Narayan Singh International Stadium,False,True,56,9,9.333333333333334,64,6.857142857142857,20,164,100,10.666666666666666,9.375,2,8
9.3,9,3,57,Parvez Rasool,Jean-Paul Duminy,1,False,-0.5,45,Raipur,Shaheed Veer Narayan Singh International Stadium,False,True,57,9,9.5,65,6.842105263157895,20,164,99,10.5,9.428571428571429,2,8
9.4,9,4,58,Parvez Rasool,Yuvraj Singh,0,False,1.0,45,Raipur,Shaheed Veer Narayan Singh International Stadium,False,True,58,9,9.666666666666666,65,6.724137931034483,20,164,99,10.333333333333334,9.580645161290322,2,8
9.5,9,5,59,Parvez Rasool,Yuvraj Singh,0,False,1.0,45,Raipur,Shaheed Veer Narayan Singh International Stadium,False,True,59,9,9.833333333333334,65,6.610169491525423,20,164,99,10.166666666666666,9.737704918032787,2,8
9.6,9,6,60,Parvez Rasool,Yuvraj Singh,0,True,5.0,45,Raipur,Shaheed Veer Narayan Singh International Stadium,False,True,60,9,10.0,65,6.5,20,164,99,10.0,9.9,3,7
10.1,10,1,61,Karn Sharma,Kedar Jadhav,1,False,-0.5,45,Raipur,Shaheed Veer Narayan Singh International Stadium,False,True,61,10,10.166666666666666,66,6.491803278688525,20,164,98,9.833333333333334,9.966101694915254,3,7
10.2,10,2,62,Karn Sharma,Jean-Paul Duminy,0,True,5.0,45,Raipur,Shaheed Veer Narayan Singh International Stadium,False,True,62,10,10.333333333333334,66,6.387096774193548,20,164,98,9.666666666666666,10.13793103448276,4,6
10.3,10,3,63,Karn Sharma,Saurabh Tiwary,0,False,1.0,45,Raipur,Shaheed Veer Narayan Singh International Stadium,False,True,63,10,10.5,66,6.285714285714286,20,164,98,9.5,10.31578947368421,4,6
10.4,10,4,64,Karn Sharma,Saurabh Tiwary,0,False,1.0,45,Raipur,Shaheed Veer Narayan Singh International Stadium,False,True,64,10,10.666666666666666,66,6.1875,20,164,98,9.333333333333334,10.5,4,6
10.5,10,5,65,Karn Sharma,Saurabh Tiwary,0,False,1.0,45,Raipur,Shaheed Veer Narayan Singh International Stadium,False,True,65,10,10.833333333333334,66,6.092307692307692,20,164,98,9.166666666666666,10.690909090909091,4,6
10.6,10,6,66,Karn Sharma,Saurabh Tiwary,0,False,1.0,45,Raipur,Shaheed Veer Narayan Singh International Stadium,False,True,66,10,11.0,66,6.0,20,164,98,9.0,10.88888888888889,4,6
11.1,11,1,67,Parvez Rasool,Kedar Jadhav,1,False,-0.5,45,Raipur,Shaheed Veer Narayan Singh International Stadium,False,True,67,11,11.166666666666666,67,6.0,20,164,97,8.833333333333334,10.981132075471697,4,6
11.2,11,2,68,Parvez Rasool,Saurabh Tiwary,4,False,-2.0,45,Raipur,Shaheed Veer Narayan Singh International Stadium,False,True,68,11,11.333333333333334,71,6.264705882352941,20,164,93,8.666666666666666,10.730769230769232,4,6
11.3,11,3,69,Parvez Rasool,Saurabh Tiwary,1,False,-0.5,45,Raipur,Shaheed Veer Narayan Singh International Stadium,False,True,69,11,11.5,72,6.260869565217392,20,164,92,8.5,10.823529411764707,4,6
11.4,11,4,70,Parvez Rasool,Kedar Jadhav,1,False,-0.5,45,Raipur,Shaheed Veer Narayan Singh International Stadium,False,True,70,11,11.666666666666666,73,6.257142857142857,20,164,91,8.333333333333334,10.92,4,6
11.5,11,5,71,Parvez Rasool,Saurabh Tiwary,0,False,1.0,45,Raipur,Shaheed Veer Narayan Singh International Stadium,False,True,71,11,11.833333333333334,73,6.169014084507042,20,164,91,8.166666666666666,11.142857142857144,4,6
11.6,11,6,72,Parvez Rasool,Saurabh Tiwary,0,False,1.0,45,Raipur,Shaheed Veer Narayan Singh International Stadium,False,True,72,11,12.0,73,6.083333333333333,20,164,91,8.0,11.375,4,6
12.1,12,1,73,Karn Sharma,Kedar Jadhav,1,False,-0.5,45,Raipur,Shaheed Veer Narayan Singh International Stadium,False,True,73,12,12.166666666666666,74,6.082191780821918,20,164,90,7.833333333333334,11.489361702127658,4,6
12.2,12,2,74,Karn Sharma,Saurabh Tiwary,1,False,-0.5,45,Raipur,Shaheed Veer Narayan Singh International Stadium,False,True,74,12,12.333333333333334,75,6.081081081081081,20,164,89,7.666666666666666,11.608695652173914,4,6
12.3,12,3,75,Karn Sharma,Kedar Jadhav,1,False,-0.5,45,Raipur,Shaheed Veer Narayan Singh International Stadium,False,True,75,12,12.5,76,6.08,20,164,88,7.5,11.733333333333333,4,6
12.4,12,4,76,Karn Sharma,Saurabh Tiwary,0,False,1.0,45,Raipur,Shaheed Veer Narayan Singh International Stadium,False,True,76,12,12.666666666666666,76,6.0,20,164,88,7.333333333333334,11.999999999999998,4,6
12.5,12,5,77,Karn Sharma,Saurabh Tiwary,6,False,-3.0,45,Raipur,Shaheed Veer Narayan Singh International Stadium,False,True,77,12,12.833333333333334,82,6.3896103896103895,20,164,82,7.166666666666666,11.44186046511628,4,6
12.6,12,6,78,Karn Sharma,Saurabh Tiwary,0,False,1.0,45,Raipur,Shaheed Veer Narayan Singh International Stadium,False,True,78,12,13.0,82,6.3076923076923075,20,164,82,7.0,11.714285714285714,4,6
13.1,13,1,79,Ravi Bopara,Kedar Jadhav,4,False,-2.0,45,Raipur,Shaheed Veer Narayan Singh International Stadium,False,True,79,13,13.166666666666666,86,6.531645569620253,20,164,78,6.833333333333334,11.414634146341463,4,6
13.2,13,2,80,Ravi Bopara,Kedar Jadhav,0,False,1.0,45,Raipur,Shaheed Veer Narayan Singh International Stadium,False,True,80,13,13.333333333333334,86,6.449999999999999,20,164,78,6.666666666666666,11.700000000000001,4,6
13.3,13,3,81,Ravi Bopara,Kedar Jadhav,4,False,-2.0,45,Raipur,Shaheed Veer Narayan Singh International Stadium,False,True,81,13,13.5,90,6.666666666666667,20,164,74,6.5,11.384615384615385,4,6
13.4,13,4,82,Ravi Bopara,Kedar Jadhav,4,False,-2.0,45,Raipur,Shaheed Veer Narayan Singh International Stadium,False,True,82,13,13.666666666666666,94,6.878048780487805,20,164,70,6.333333333333334,11.052631578947368,4,6
13.5,13,5,83,Ravi Bopara,Kedar Jadhav,1,False,-0.5,45,Raipur,Shaheed Veer Narayan Singh International Stadium,False,True,83,13,13.833333333333334,95,6.867469879518072,20,164,69,6.166666666666666,11.18918918918919,4,6
13.6,13,6,84,Ravi Bopara,Saurabh Tiwary,2,False,-1.0,45,Raipur,Shaheed Veer Narayan Singh International Stadium,False,True,84,13,14.0,97,6.928571428571429,20,164,67,6.0,11.166666666666666,4,6
14.1,14,1,85,Moises Henriques,Kedar Jadhav,2,False,-1.0,45,Raipur,Shaheed Veer Narayan Singh International Stadium,False,True,85,14,14.166666666666666,99,6.988235294117647,20,164,65,5.833333333333334,11.142857142857142,4,6
14.2,14,2,86,Moises Henriques,Kedar Jadhav,4,False,-2.0,45,Raipur,Shaheed Veer Narayan Singh International Stadium,False,True,86,14,14.333333333333334,103,7.186046511627906,20,164,61,5.666666666666666,10.764705882352942,4,6
14.3,14,3,87,Moises Henriques,Kedar Jadhav,0,False,1.0,45,Raipur,Shaheed Veer Narayan Singh International Stadium,False,True,87,14,14.5,103,7.103448275862069,20,164,61,5.5,11.090909090909092,4,6
14.4,14,4,88,Moises Henriques,Kedar Jadhav,0,False,1.0,45,Raipur,Shaheed Veer Narayan Singh International Stadium,False,True,88,14,14.666666666666666,103,7.022727272727273,20,164,61,5.333333333333334,11.437499999999998,4,6
14.5,14,5,89,Moises Henriques,Kedar Jadhav,1,False,-0.5,45,Raipur,Shaheed Veer Narayan Singh International Stadium,False,True,89,14,14.833333333333334,104,7.011235955056179,20,164,60,5.166666666666666,11.612903225806454,4,6
14.6,14,6,90,Moises Henriques,Saurabh Tiwary,0,False,1.0,45,Raipur,Shaheed Veer Narayan Singh International Stadium,False,True,90,14,15.0,104,6.933333333333334,20,164,60,5.0,12.0,4,6
15.1,15,1,91,Praveen Kumar,Kedar Jadhav,6,False,-3.0,45,Raipur,Shaheed Veer Narayan Singh International Stadium,False,True,91,15,15.166666666666666,110,7.252747252747253,20,164,54,4.833333333333334,11.172413793103447,4,6
15.2,15,2,92,Praveen Kumar,Kedar Jadhav,4,False,-2.0,45,Raipur,Shaheed Veer Narayan Singh International Stadium,False,True,92,15,15.333333333333334,114,7.434782608695652,20,164,50,4.666666666666666,10.714285714285715,4,6
15.3,15,3,93,Praveen Kumar,Kedar Jadhav,6,False,-3.0,45,Raipur,Shaheed Veer Narayan Singh International Stadium,False,True,93,15,15.5,120,7.741935483870968,20,164,44,4.5,9.777777777777779,4,6
15.4,15,4,94,N/A,N/A,0,False,0.0,45,Raipur,Shaheed Veer Narayan Singh International Stadium,False,True,94,15,15.666666666666666,120,7.659574468085107,20,164,44,4.333333333333334,10.153846153846153,4,6
15.5,15,5,95,Praveen Kumar,Saurabh Tiwary,1,False,-1.0,45,Raipur,Shaheed Veer Narayan Singh International Stadium,True,False,94,15,15.666666666666666,121,7.723404255319149,20,164,43,4.333333333333334,9.923076923076922,4,6
15.5,15,5,96,Praveen Kumar,Saurabh Tiwary,2,False,-1.0,45,Raipur,Shaheed Veer Narayan Singh International Stadium,False,True,95,15,15.833333333333334,123,7.768421052631578,20,164,41,4.166666666666666,9.840000000000002,4,6
15.6,15,6,97,Praveen Kumar,Saurabh Tiwary,2,False,-1.0,45,Raipur,Shaheed Veer Narayan Singh International Stadium,False,True,96,15,16.0,125,7.8125,20,164,39,4.0,9.75,4,6
16.1,16,1,98,Bhuvneshwar Kumar,Kedar Jadhav,0,False,1.0,45,Raipur,Shaheed Veer Narayan Singh International Stadium,False,True,97,16,16.166666666666668,125,7.731958762886597,20,164,39,3.833333333333332,10.173913043478263,4,6
16.2,16,2,99,Bhuvneshwar Kumar,Kedar Jadhav,0,False,1.0,45,Raipur,Shaheed Veer Narayan Singh International Stadium,False,True,98,16,16.333333333333332,125,7.653061224489797,20,164,39,3.666666666666668,10.636363636363633,4,6
16.3,16,3,100,Bhuvneshwar Kumar,Kedar Jadhav,4,False,-2.0,45,Raipur,Shaheed Veer Narayan Singh International Stadium,False,True,99,16,16.5,129,7.818181818181818,20,164,35,3.5,10.0,4,6
16.4,16,4,101,Bhuvneshwar Kumar,Kedar Jadhav,0,False,1.0,45,Raipur,Shaheed Veer Narayan Singh International Stadium,False,True,100,16,16.666666666666668,129,7.739999999999999,20,164,35,3.333333333333332,10.500000000000004,4,6
16.5,16,5,102,Bhuvneshwar Kumar,Kedar Jadhav,4,False,-2.0,45,Raipur,Shaheed Veer Narayan Singh International Stadium,False,True,101,16,16.833333333333332,133,7.900990099009902,20,164,31,3.166666666666668,9.789473684210522,4,6
16.6,16,6,103,Bhuvneshwar Kumar,Kedar Jadhav,1,False,-0.5,45,Raipur,Shaheed Veer Narayan Singh International Stadium,False,True,102,16,17.0,134,7.882352941176471,20,164,30,3.0,10.0,4,6
17.1,17,1,104,Ishant Sharma,Kedar Jadhav,4,False,-2.0,45,Raipur,Shaheed Veer Narayan Singh International Stadium,False,True,103,17,17.166666666666668,138,8.03883495145631,20,164,26,2.833333333333332,9.176470588235299,4,6
17.2,17,2,105,Ishant Sharma,Kedar Jadhav,1,False,-0.5,45,Raipur,Shaheed Veer Narayan Singh International Stadium,False,True,104,17,17.333333333333332,139,8.01923076923077,20,164,25,2.666666666666668,9.374999999999996,4,6
17.3,17,3,106,Ishant Sharma,Saurabh Tiwary,0,False,1.0,45,Raipur,Shaheed Veer Narayan Singh International Stadium,False,True,105,17,17.5,139,7.942857142857143,20,164,25,2.5,10.0,4,6
17.4,17,4,107,Ishant Sharma,Saurabh Tiwary,0,False,1.0,45,Raipur,Shaheed Veer Narayan Singh International Stadium,False,True,106,17,17.666666666666668,139,7.867924528301886,20,164,25,2.333333333333332,10.714285714285719,4,6
17.5,17,5,108,Ishant Sharma,Saurabh Tiwary,1,False,-0.5,45,Raipur,Shaheed Veer Narayan Singh International Stadium,False,True,107,17,17.833333333333332,140,7.850467289719627,20,164,24,2.166666666666668,11.076923076923071,4,6
17.6,17,6,109,Ishant Sharma,Kedar Jadhav,1,False,-0.5,45,Raipur,Shaheed Veer Narayan Singh International Stadium,False,True,108,17,18.0,141,7.833333333333333,20,164,23,2.0,11.5,4,6
18.1,18,1,110,Bhuvneshwar Kumar,Kedar Jadhav,1,False,-0.5,45,Raipur,Shaheed Veer Narayan Singh International Stadium,False,True,109,18,18.166666666666668,142,7.816513761467889,20,164,22,1.8333333333333321,12.000000000000007,4,6
18.2,18,2,111,Bhuvneshwar Kumar,Saurabh Tiwary,1,False,-0.25,45,Raipur,Shaheed Veer Narayan Singh International Stadium,False,True,110,18,18.333333333333332,143,7.800000000000001,20,164,21,1.6666666666666679,12.59999999999999,4,6
18.3,18,3,112,Bhuvneshwar Kumar,Kedar Jadhav,1,False,-0.5,45,Raipur,Shaheed Veer Narayan Singh International Stadium,False,True,111,18,18.5,144,7.783783783783784,20,164,20,1.5,13.333333333333334,4,6
18.4,18,4,113,Bhuvneshwar Kumar,Saurabh Tiwary,1,False,-0.5,45,Raipur,Shaheed Veer Narayan Singh International Stadium,False,True,112,18,18.666666666666668,145,7.767857142857142,20,164,19,1.3333333333333321,14.250000000000012,4,6
18.5,18,5,114,Bhuvneshwar Kumar,Kedar Jadhav,1,False,-0.5,45,Raipur,Shaheed Veer Narayan Singh International Stadium,False,True,113,18,18.833333333333332,146,7.7522123893805315,20,164,18,1.1666666666666679,15.428571428571413,4,6
18.6,18,6,115,Bhuvneshwar Kumar,Saurabh Tiwary,1,False,-0.25,45,Raipur,Shaheed Veer Narayan Singh International Stadium,False,True,114,18,19.0,147,7.7368421052631575,20,164,17,1.0,17.0,4,6
19.1,19,1,116,Ishant Sharma,Saurabh Tiwary,4,False,-2.0,45,Raipur,Shaheed Veer Narayan Singh International Stadium,False,True,115,19,19.166666666666668,151,7.878260869565217,20,164,13,0.8333333333333321,15.600000000000023,4,6
19.2,19,2,117,Ishant Sharma,Saurabh Tiwary,1,False,-0.5,45,Raipur,Shaheed Veer Narayan Singh International Stadium,False,True,116,19,19.333333333333332,152,7.862068965517242,20,164,12,0.6666666666666679,17.999999999999968,4,6
19.3,19,3,118,Ishant Sharma,Kedar Jadhav,2,False,-1.0,45,Raipur,Shaheed Veer Narayan Singh International Stadium,False,True,117,19,19.5,154,7.897435897435898,20,164,10,0.5,20.0,4,6
19.4,19,4,119,Ishant Sharma,Kedar Jadhav,1,False,-0.5,45,Raipur,Shaheed Veer Narayan Singh International Stadium,False,True,118,19,19.666666666666668,155,7.881355932203389,20,164,9,0.33333333333333215,27.000000000000096,4,6
19.5,19,5,120,Ishant Sharma,Saurabh Tiwary,1,False,-0.5,45,Raipur,Shaheed Veer Narayan Singh International Stadium,False,True,119,19,19.833333333333332,156,7.865546218487395,20,164,8,0.16666666666666785,47.99999999999966,4,6
19.6,19,6,121,Ishant Sharma,Kedar Jadhav,0,False,1.0,45,Raipur,Shaheed Veer Narayan Singh International Stadium,False,True,120,19,20.0,156,7.8,20,164,8,0.0,inf,4,6
