Ball Number,over,ball,Ball,bowler,batsman,Runs,is_wicket,bowler_score,match_id,city,stadium,is_extra,legal_delivery,legal_deliveries_count,overs_completed,overs_bowled,total_runs,current_run_rate,total_overs,target,runs_needed,overs_remaining,required_run_rate,wickets_fallen,wickets_in_hand
0.1,0,1,1,Sandeep Sharma,David Warner,0,False,1.0,48,Uppal,Rajiv Gandhi International Stadium,False,True,1,0,0.16666666666666666,0,0.0,20,186,186,19.833333333333332,9.378151260504202,0,10
0.2,0,2,2,Sandeep Sharma,David Warner,0,False,1.0,48,Uppal,Rajiv Gandhi International Stadium,False,True,2,0,0.3333333333333333,0,0.0,20,186,186,19.666666666666668,9.457627118644067,0,10
0.3,0,3,3,Sandeep Sharma,David Warner,0,False,1.0,48,Uppal,Rajiv Gandhi International Stadium,False,True,3,0,0.5,0,0.0,20,186,186,19.5,9.538461538461538,0,10
0.4,0,4,4,Sandeep Sharma,David Warner,3,False,-1.5,48,Uppal,Rajiv Gandhi International Stadium,False,True,4,0,0.6666666666666666,3,4.5,20,186,183,19.333333333333332,9.465517241379311,0,10
0.5,0,5,5,Sandeep Sharma,S Dhawan,2,False,-1.0,48,Uppal,Rajiv Gandhi International Stadium,False,True,5,0,0.8333333333333334,5,6.0,20,186,181,19.166666666666668,9.443478260869565,0,10
0.6,0,6,6,Sandeep Sharma,S Dhawan,0,False,1.0,48,Uppal,Rajiv Gandhi International Stadium,False,True,6,0,1.0,5,5.0,20,186,181,19.0,9.526315789473685,0,10
1.1,1,1,7,Anureet Singh,David Warner,0,False,1.0,48,Uppal,Rajiv Gandhi International Stadium,False,True,7,1,1.1666666666666667,5,4.285714285714286,20,186,181,18.833333333333332,9.610619469026549,0,10
1.2,1,2,8,Anureet Singh,David Warner,4,False,-2.0,48,Uppal,Rajiv Gandhi International Stadium,False,True,8,1,1.3333333333333333,9,6.75,20,186,177,18.666666666666668,9.482142857142856,0,10
1.3,1,3,9,Anureet Singh,David Warner,0,False,1.0,48,Uppal,Rajiv Gandhi International Stadium,False,True,9,1,1.5,9,6.0,20,186,177,18.5,9.567567567567568,0,10
1.4,1,4,10,Anureet Singh,David Warner,0,False,1.0,48,Uppal,Rajiv Gandhi International Stadium,False,True,10,1,1.6666666666666665,9,5.4,20,186,177,18.333333333333332,9.654545454545454,0,10
1.5,1,5,11,Anureet Singh,David Warner,6,False,-3.0,48,Uppal,Rajiv Gandhi International Stadium,False,True,11,1,1.8333333333333335,15,8.181818181818182,20,186,171,18.166666666666668,9.412844036697248,0,10
1.6,1,6,12,Anureet Singh,David Warner,4,False,-2.0,48,Uppal,Rajiv Gandhi International Stadium,False,True,12,1,2.0,19,9.5,20,186,167,18.0,9.277777777777779,0,10
2.1,2,1,13,Sandeep Sharma,S Dhawan,0,False,1.0,48,Uppal,Rajiv Gandhi International Stadium,False,True,13,2,2.1666666666666665,19,8.76923076923077,20,186,167,17.833333333333332,9.364485981308412,0,10
2.2,2,2,14,Sandeep Sharma,S Dhawan,0,False,1.0,48,Uppal,Rajiv Gandhi International Stadium,False,True,14,2,2.3333333333333335,19,8.142857142857142,20,186,167,17.666666666666668,9.452830188679245,0,10
2.3,2,3,15,Sandeep Sharma,S Dhawan,4,False,-2.0,48,Uppal,Rajiv Gandhi International Stadium,False,True,15,2,2.5,23,9.2,20,186,163,17.5,9.314285714285715,0,10
2.4,2,4,16,Sandeep Sharma,S Dhawan,4,False,-2.0,48,Uppal,Rajiv Gandhi International Stadium,False,True,16,2,2.6666666666666665,27,10.125,20,186,159,17.333333333333332,9.173076923076923,0,10
2.5,2,5,17,Sandeep Sharma,S Dhawan,0,False,1.0,48,Uppal,Rajiv Gandhi International Stadium,False,True,17,2,2.8333333333333335,27,9.529411764705882,20,186,159,17.166666666666668,9.262135922330096,0,10
2.6,2,6,18,Sandeep Sharma,S Dhawan,1,False,-0.5,48,Uppal,Rajiv Gandhi International Stadium,False,True,18,2,3.0,28,9.333333333333334,20,186,158,17.0,9.294117647058824,0,10
3.1,3,1,19,Beuran Hendricks,S Dhawan,4,False,-2.0,48,Uppal,Rajiv Gandhi International Stadium,False,True,19,3,3.1666666666666665,32,10.105263157894738,20,186,154,16.833333333333332,9.14851485148515,0,10
3.2,3,2,20,Beuran Hendricks,S Dhawan,4,False,-2.0,48,Uppal,Rajiv Gandhi International Stadium,False,True,20,3,3.3333333333333335,36,10.799999999999999,20,186,150,16.666666666666668,9.0,0,10
3.3,3,3,21,Beuran Hendricks,S Dhawan,1,False,-0.5,48,Uppal,Rajiv Gandhi International Stadium,False,True,21,3,3.5,37,10.571428571428571,20,186,149,16.5,9.030303030303031,0,10
3.4,3,4,22,Beuran Hendricks,David Warner,6,False,-3.0,48,Uppal,Rajiv Gandhi International Stadium,False,True,22,3,3.6666666666666665,43,11.727272727272728,20,186,143,16.333333333333332,8.755102040816327,0,10
3.5,3,5,23,Beuran Hendricks,David Warner,1,False,-0.5,48,Uppal,Rajiv Gandhi International Stadium,False,True,23,3,3.8333333333333335,44,11.478260869565217,20,186,142,16.166666666666668,8.783505154639174,0,10
3.6,3,6,24,Beuran Hendricks,S Dhawan,1,False,-1.0,48,Uppal,Rajiv Gandhi International Stadium,True,False,23,3,3.8333333333333335,45,11.739130434782608,20,186,141,16.166666666666668,8.721649484536082,0,10
3.6,3,6,25,Beuran Hendricks,S Dhawan,1,False,-0.5,48,Uppal,Rajiv Gandhi International Stadium,False,True,24,3,4.0,46,11.5,20,186,140,16.0,8.75,0,10
4.1,4,1,26,Gurkeerat Singh Mann,S Dhawan,1,False,-0.5,48,Uppal,Rajiv Gandhi International Stadium,False,True,25,4,4.166666666666667,47,11.28,20,186,139,15.833333333333332,8.778947368421054,0,10
4.2,4,2,27,Gurkeerat Singh Mann,David Warner,4,False,-2.0,48,Uppal,Rajiv Gandhi International Stadium,False,True,26,4,4.333333333333333,51,11.76923076923077,20,186,135,15.666666666666668,8.617021276595745,0,10
4.3,4,3,28,Gurkeerat Singh Mann,David Warner,1,False,-0.5,48,Uppal,Rajiv Gandhi International Stadium,False,True,27,4,4.5,52,11.555555555555555,20,186,134,15.5,8.64516129032258,0,10
4.4,4,4,29,Gurkeerat Singh Mann,S Dhawan,1,False,-0.5,48,Uppal,Rajiv Gandhi International Stadium,False,True,28,4,4.666666666666667,53,11.357142857142856,20,186,133,15.333333333333332,8.673913043478262,0,10
4.5,4,5,30,Gurkeerat Singh Mann,David Warner,0,False,1.0,48,Uppal,Rajiv Gandhi International Stadium,False,True,29,4,4.833333333333333,53,10.965517241379311,20,186,133,15.166666666666668,8.769230769230768,0,10
4.6,4,6,31,Gurkeerat Singh Mann,David Warner,0,False,1.0,48,Uppal,Rajiv Gandhi International Stadium,False,True,30,4,5.0,53,10.6,20,186,133,15.0,8.866666666666667,0,10
5.1,5,1,32,Anureet Singh,S Dhawan,0,False,1.0,48,Uppal,Rajiv Gandhi International Stadium,False,True,31,5,5.166666666666667,53,10.258064516129032,20,186,133,14.833333333333332,8.96629213483146,0,10
5.2,5,2,33,Anureet Singh,S Dhawan,1,False,-0.5,48,Uppal,Rajiv Gandhi International Stadium,False,True,32,5,5.333333333333333,54,10.125,20,186,132,14.666666666666668,9.0,0,10
5.3,5,3,34,Anureet Singh,David Warner,0,False,1.0,48,Uppal,Rajiv Gandhi International Stadium,False,True,33,5,5.5,54,9.818181818181818,20,186,132,14.5,9.10344827586207,0,10
5.4,5,4,35,Anureet Singh,David Warner,0,False,1.0,48,Uppal,Rajiv Gandhi International Stadium,False,True,34,5,5.666666666666667,54,9.529411764705882,20,186,132,14.333333333333332,9.209302325581396,0,10
5.5,5,5,36,Anureet Singh,David Warner,1,False,-0.5,48,Uppal,Rajiv Gandhi International Stadium,False,True,35,5,5.833333333333333,55,9.428571428571429,20,186,131,14.166666666666668,9.24705882352941,0,10
5.6,5,6,37,Anureet Singh,S Dhawan,1,False,-0.25,48,Uppal,Rajiv Gandhi International Stadium,False,True,36,5,6.0,56,9.333333333333334,20,186,130,14.0,9.285714285714286,0,10
6.1,6,1,38,Glenn Maxwell,S Dhawan,0,True,5.0,48,Uppal,Rajiv Gandhi International Stadium,False,True,37,6,6.166666666666667,56,9.08108108108108,20,186,130,13.833333333333332,9.397590361445785,1,9
6.2,6,2,39,Glenn Maxwell,Moises Henriques,0,False,1.0,48,Uppal,Rajiv Gandhi International Stadium,False,True,38,6,6.333333333333333,56,8.842105263157896,20,186,130,13.666666666666668,9.512195121951219,1,9
6.3,6,3,40,Glenn Maxwell,Moises Henriques,0,False,1.0,48,Uppal,Rajiv Gandhi International Stadium,False,True,39,6,6.5,56,8.615384615384615,20,186,130,13.5,9.62962962962963,1,9
6.4,6,4,41,Glenn Maxwell,Moises Henriques,1,False,-0.5,48,Uppal,Rajiv Gandhi International Stadium,False,True,40,6,6.666666666666667,57,8.549999999999999,20,186,129,13.333333333333332,9.675,1,9
6.5,6,5,42,Glenn Maxwell,David Warner,1,False,-1.0,48,Uppal,Rajiv Gandhi International Stadium,True,False,40,6,6.666666666666667,58,8.7,20,186,128,13.333333333333332,9.600000000000001,1,9
6.5,6,5,43,Glenn Maxwell,David Warner,0,False,1.0,48,Uppal,Rajiv Gandhi International Stadium,False,True,41,6,6.833333333333333,58,8.487804878048781,20,186,128,13.166666666666668,9.72151898734177,1,9
6.6,6,6,44,Glenn Maxwell,David Warner,0,False,1.0,48,Uppal,Rajiv Gandhi International Stadium,False,True,42,6,7.0,58,8.285714285714286,20,186,128,13.0,9.846153846153847,1,9
7.1,7,1,45,Gurkeerat Singh Mann,Moises Henriques,4,False,-2.0,48,Uppal,Rajiv Gandhi International Stadium,False,True,43,7,7.166666666666667,62,8.651162790697674,20,186,124,12.833333333333332,9.662337662337663,1,9
7.2,7,2,46,Gurkeerat Singh Mann,Moises Henriques,1,False,-0.5,48,Uppal,Rajiv Gandhi International Stadium,False,True,44,7,7.333333333333333,63,8.590909090909092,20,186,123,12.666666666666668,9.710526315789473,1,9
7.3,7,3,47,Gurkeerat Singh Mann,David Warner,1,False,-0.5,48,Uppal,Rajiv Gandhi International Stadium,False,True,45,7,7.5,64,8.533333333333333,20,186,122,12.5,9.76,1,9
7.4,7,4,48,Gurkeerat Singh Mann,Moises Henriques,0,False,1.0,48,Uppal,Rajiv Gandhi International Stadium,False,True,46,7,7.666666666666667,64,8.347826086956522,20,186,122,12.333333333333332,9.891891891891893,1,9
7.5,7,5,49,Gurkeerat Singh Mann,Moises Henriques,1,False,-0.5,48,Uppal,Rajiv Gandhi International Stadium,False,True,47,7,7.833333333333333,65,8.297872340425533,20,186,121,12.166666666666668,9.945205479452055,1,9
7.6,7,6,50,Gurkeerat Singh Mann,David Warner,4,False,-2.0,48,Uppal,Rajiv Gandhi International Stadium,False,True,48,7,8.0,69,8.625,20,186,117,12.0,9.75,1,9
8.1,8,1,51,Axar Patel,Moises Henriques,1,False,-0.5,48,Uppal,Rajiv Gandhi International Stadium,False,True,49,8,8.166666666666666,70,8.571428571428571,20,186,116,11.833333333333334,9.80281690140845,1,9
8.2,8,2,52,Axar Patel,David Warner,0,False,1.0,48,Uppal,Rajiv Gandhi International Stadium,False,True,50,8,8.333333333333334,70,8.399999999999999,20,186,116,11.666666666666666,9.942857142857143,1,9
8.3,8,3,53,Axar Patel,David Warner,1,False,-0.5,48,Uppal,Rajiv Gandhi International Stadium,False,True,51,8,8.5,71,8.352941176470589,20,186,115,11.5,10.0,1,9
8.4,8,4,54,Axar Patel,Moises Henriques,0,False,1.0,48,Uppal,Rajiv Gandhi International Stadium,False,True,52,8,8.666666666666666,71,8.192307692307693,20,186,115,11.333333333333334,10.147058823529411,1,9
8.5,8,5,55,Axar Patel,Moises Henriques,1,False,-0.5,48,Uppal,Rajiv Gandhi International Stadium,False,True,53,8,8.833333333333334,72,8.150943396226415,20,186,114,11.166666666666666,10.208955223880597,1,9
8.6,8,6,56,Axar Patel,David Warner,1,False,-0.5,48,Uppal,Rajiv Gandhi International Stadium,False,True,54,8,9.0,73,8.11111111111111,20,186,113,11.0,10.272727272727273,1,9
9.1,9,1,57,Beuran Hendricks,David Warner,2,False,-1.0,48,Uppal,Rajiv Gandhi International Stadium,True,False,54,8,9.0,75,8.333333333333334,20,186,111,11.0,10.090909090909092,1,9
9.1,9,1,58,Beuran Hendricks,Moises Henriques,4,False,-2.0,48,Uppal,Rajiv Gandhi International Stadium,False,True,55,9,9.166666666666666,79,8.618181818181819,20,186,107,10.833333333333334,9.876923076923076,1,9
9.2,9,2,59,Beuran Hendricks,Moises Henriques,1,False,-0.5,48,Uppal,Rajiv Gandhi International Stadium,False,True,56,9,9.333333333333334,80,8.571428571428571,20,186,106,10.666666666666666,9.9375,1,9
9.3,9,3,60,Beuran Hendricks,David Warner,1,False,-0.5,48,Uppal,Rajiv Gandhi International Stadium,False,True,57,9,9.5,81,8.526315789473685,20,186,105,10.5,10.0,1,9
9.4,9,4,61,Beuran Hendricks,Moises Henriques,4,False,-2.0,48,Uppal,Rajiv Gandhi International Stadium,False,True,58,9,9.666666666666666,85,8.793103448275863,20,186,101,10.333333333333334,9.774193548387096,1,9
9.5,9,5,62,Beuran Hendricks,Moises Henriques,1,False,-0.5,48,Uppal,Rajiv Gandhi International Stadium,False,True,59,9,9.833333333333334,86,8.745762711864407,20,186,100,10.166666666666666,9.836065573770492,1,9
9.6,9,6,63,Beuran Hendricks,David Warner,0,False,1.0,48,Uppal,Rajiv Gandhi International Stadium,False,True,60,9,10.0,86,8.6,20,186,100,10.0,10.0,1,9
10.1,10,1,64,Sandeep Sharma,Moises Henriques,1,False,-0.5,48,Uppal,Rajiv Gandhi International Stadium,False,True,61,10,10.166666666666666,87,8.557377049180328,20,186,99,9.833333333333334,10.067796610169491,1,9
10.2,10,2,65,Sandeep Sharma,David Warner,1,False,-0.5,48,Uppal,Rajiv Gandhi International Stadium,False,True,62,10,10.333333333333334,88,8.516129032258064,20,186,98,9.666666666666666,10.13793103448276,1,9
10.3,10,3,66,Sandeep Sharma,Moises Henriques,0,False,1.0,48,Uppal,Rajiv Gandhi International Stadium,False,True,63,10,10.5,88,8.380952380952381,20,186,98,9.5,10.31578947368421,1,9
10.4,10,4,67,Sandeep Sharma,Moises Henriques,0,False,1.0,48,Uppal,Rajiv Gandhi International Stadium,False,True,64,10,10.666666666666666,88,8.25,20,186,98,9.333333333333334,10.5,1,9
10.5,10,5,68,Sandeep Sharma,Moises Henriques,1,False,-0.5,48,Uppal,Rajiv Gandhi International Stadium,False,True,65,10,10.833333333333334,89,8.215384615384615,20,186,97,9.166666666666666,10.581818181818182,1,9
10.6,10,6,69,Sandeep Sharma,David Warner,1,False,-0.5,48,Uppal,Rajiv Gandhi International Stadium,False,True,66,10,11.0,90,8.181818181818182,20,186,96,9.0,10.666666666666666,1,9
11.1,11,1,70,Glenn Maxwell,David Warner,1,False,-0.5,48,Uppal,Rajiv Gandhi International Stadium,False,True,67,11,11.166666666666666,91,8.149253731343284,20,186,95,8.833333333333334,10.754716981132075,1,9
11.2,11,2,71,Glenn Maxwell,Moises Henriques,1,False,-0.5,48,Uppal,Rajiv Gandhi International Stadium,False,True,68,11,11.333333333333334,92,8.117647058823529,20,186,94,8.666666666666666,10.846153846153847,1,9
11.3,11,3,72,Glenn Maxwell,David Warner,1,False,-0.5,48,Uppal,Rajiv Gandhi International Stadium,False,True,69,11,11.5,93,8.08695652173913,20,186,93,8.5,10.941176470588236,1,9
11.4,11,4,73,Glenn Maxwell,Moises Henriques,1,False,-0.5,48,Uppal,Rajiv Gandhi International Stadium,False,True,70,11,11.666666666666666,94,8.057142857142857,20,186,92,8.333333333333334,11.04,1,9
11.5,11,5,74,Glenn Maxwell,David Warner,1,False,-0.5,48,Uppal,Rajiv Gandhi International Stadium,False,True,71,11,11.833333333333334,95,8.028169014084506,20,186,91,8.166666666666666,11.142857142857144,1,9
11.6,11,6,75,Glenn Maxwell,Moises Henriques,4,False,-2.0,48,Uppal,Rajiv Gandhi International Stadium,False,True,72,11,12.0,99,8.25,20,186,87,8.0,10.875,1,9
12.1,12,1,76,Axar Patel,David Warner,0,False,1.0,48,Uppal,Rajiv Gandhi International Stadium,False,True,73,12,12.166666666666666,99,8.136986301369863,20,186,87,7.833333333333334,11.106382978723403,1,9
12.2,12,2,77,Axar Patel,David Warner,6,False,-3.0,48,Uppal,Rajiv Gandhi International Stadium,False,True,74,12,12.333333333333334,105,8.513513513513512,20,186,81,7.666666666666666,10.56521739130435,1,9
12.3,12,3,78,Axar Patel,David Warner,1,False,-0.5,48,Uppal,Rajiv Gandhi International Stadium,False,True,75,12,12.5,106,8.48,20,186,80,7.5,10.666666666666666,1,9
12.4,12,4,79,Axar Patel,Moises Henriques,1,False,-0.5,48,Uppal,Rajiv Gandhi International Stadium,False,True,76,12,12.666666666666666,107,8.447368421052632,20,186,79,7.333333333333334,10.772727272727272,1,9
12.5,12,5,80,Axar Patel,David Warner,6,False,-3.0,48,Uppal,Rajiv Gandhi International Stadium,False,True,77,12,12.833333333333334,113,8.805194805194805,20,186,73,7.166666666666666,10.186046511627907,1,9
12.6,12,6,81,Axar Patel,David Warner,1,False,-0.5,48,Uppal,Rajiv Gandhi International Stadium,False,True,78,12,13.0,114,8.76923076923077,20,186,72,7.0,10.285714285714286,1,9
13.1,13,1,82,Gurkeerat Singh Mann,David Warner,6,False,-3.0,48,Uppal,Rajiv Gandhi International Stadium,False,True,79,13,13.166666666666666,120,9.113924050632912,20,186,66,6.833333333333334,9.658536585365853,1,9
13.2,13,2,83,Gurkeerat Singh Mann,David Warner,1,False,-0.5,48,Uppal,Rajiv Gandhi International Stadium,False,True,80,13,13.333333333333334,121,9.075,20,186,65,6.666666666666666,9.75,1,9
13.3,13,3,84,Gurkeerat Singh Mann,Moises Henriques,0,False,1.0,48,Uppal,Rajiv Gandhi International Stadium,False,True,81,13,13.5,121,8.962962962962964,20,186,65,6.5,10.0,1,9
13.4,13,4,85,Gurkeerat Singh Mann,Moises Henriques,0,True,5.0,48,Uppal,Rajiv Gandhi International Stadium,False,True,82,13,13.666666666666666,121,8.853658536585366,20,186,65,6.333333333333334,10.26315789473684,2,8
13.5,13,5,86,Gurkeerat Singh Mann,David Warner,2,False,-1.0,48,Uppal,Rajiv Gandhi International Stadium,False,True,83,13,13.833333333333334,123,8.891566265060241,20,186,63,6.166666666666666,10.216216216216218,2,8
13.6,13,6,87,Gurkeerat Singh Mann,David Warner,0,False,1.0,48,Uppal,Rajiv Gandhi International Stadium,False,True,84,13,14.0,123,8.785714285714286,20,186,63,6.0,10.5,2,8
14.1,14,1,88,Glenn Maxwell,Eoin Morgan,0,False,1.0,48,Uppal,Rajiv Gandhi International Stadium,False,True,85,14,14.166666666666666,123,8.682352941176472,20,186,63,5.833333333333334,10.799999999999999,2,8
14.2,14,2,89,Glenn Maxwell,Eoin Morgan,6,False,-3.0,48,Uppal,Rajiv Gandhi International Stadium,False,True,86,14,14.333333333333334,129,9.0,20,186,57,5.666666666666666,10.058823529411766,2,8
14.3,14,3,90,Glenn Maxwell,Eoin Morgan,6,False,-3.0,48,Uppal,Rajiv Gandhi International Stadium,False,True,87,14,14.5,135,9.310344827586206,20,186,51,5.5,9.272727272727273,2,8
14.4,14,4,91,Glenn Maxwell,Eoin Morgan,4,False,-2.0,48,Uppal,Rajiv Gandhi International Stadium,False,True,88,14,14.666666666666666,139,9.477272727272728,20,186,47,5.333333333333334,8.812499999999998,2,8
14.5,14,5,92,Glenn Maxwell,Eoin Morgan,1,False,-0.5,48,Uppal,Rajiv Gandhi International Stadium,False,True,89,14,14.833333333333334,140,9.438202247191011,20,186,46,5.166666666666666,8.903225806451614,2,8
14.6,14,6,93,Glenn Maxwell,David Warner,0,False,1.0,48,Uppal,Rajiv Gandhi International Stadium,False,True,90,14,15.0,140,9.333333333333334,20,186,46,5.0,9.2,2,8
15.1,15,1,94,Beuran Hendricks,Eoin Morgan,0,False,1.0,48,Uppal,Rajiv Gandhi International Stadium,False,True,91,15,15.166666666666666,140,9.230769230769232,20,186,46,4.833333333333334,9.517241379310343,2,8
15.2,15,2,95,Beuran Hendricks,Eoin Morgan,0,True,5.0,48,Uppal,Rajiv Gandhi International Stadium,False,True,92,15,15.333333333333334,140,9.130434782608695,20,186,46,4.666666666666666,9.857142857142858,3,7
15.3,15,3,96,Beuran Hendricks,David Warner,2,False,-1.0,48,Uppal,Rajiv Gandhi International Stadium,False,True,93,15,15.5,142,9.161290322580646,20,186,44,4.5,9.777777777777779,3,7
15.4,15,4,97,Beuran Hendricks,David Warner,1,False,-1.0,48,Uppal,Rajiv Gandhi International Stadium,True,False,93,15,15.5,143,9.225806451612904,20,186,43,4.5,9.555555555555555,3,7
15.4,15,4,98,Beuran Hendricks,David Warner,2,False,-1.0,48,Uppal,Rajiv Gandhi International Stadium,False,True,94,15,15.666666666666666,145,9.25531914893617,20,186,41,4.333333333333334,9.46153846153846,3,7
15.5,15,5,99,Beuran Hendricks,David Warner,1,False,-0.5,48,Uppal,Rajiv Gandhi International Stadium,False,True,95,15,15.833333333333334,146,9.221052631578948,20,186,40,4.166666666666666,9.600000000000001,3,7
15.6,15,6,100,Beuran Hendricks,Naman Ojha,1,False,-0.5,48,Uppal,Rajiv Gandhi International Stadium,False,True,96,15,16.0,147,9.1875,20,186,39,4.0,9.75,3,7
16.1,16,1,101,Anureet Singh,Naman Ojha,1,False,-0.5,48,Uppal,Rajiv Gandhi International Stadium,False,True,97,16,16.166666666666668,148,9.154639175257731,20,186,38,3.833333333333332,9.913043478260873,3,7
16.2,16,2,102,Anureet Singh,David Warner,0,False,1.0,48,Uppal,Rajiv Gandhi International Stadium,False,True,98,16,16.333333333333332,148,9.061224489795919,20,186,38,3.666666666666668,10.36363636363636,3,7
16.3,16,3,103,Anureet Singh,David Warner,4,False,-2.0,48,Uppal,Rajiv Gandhi International Stadium,False,True,99,16,16.5,152,9.212121212121213,20,186,34,3.5,9.714285714285714,3,7
16.4,16,4,104,Anureet Singh,David Warner,4,False,-2.0,48,Uppal,Rajiv Gandhi International Stadium,False,True,100,16,16.666666666666668,156,9.36,20,186,30,3.333333333333332,9.000000000000004,3,7
16.5,16,5,105,Anureet Singh,David Warner,1,False,-0.5,48,Uppal,Rajiv Gandhi International Stadium,False,True,101,16,16.833333333333332,157,9.326732673267328,20,186,29,3.166666666666668,9.157894736842103,3,7
16.6,16,6,106,Anureet Singh,Naman Ojha,0,False,1.0,48,Uppal,Rajiv Gandhi International Stadium,False,True,102,16,17.0,157,9.235294117647058,20,186,29,3.0,9.666666666666666,3,7
17.1,17,1,107,Beuran Hendricks,David Warner,0,True,5.0,48,Uppal,Rajiv Gandhi International Stadium,False,True,103,17,17.166666666666668,157,9.145631067961164,20,186,29,2.833333333333332,10.235294117647063,4,6
17.2,17,2,108,Beuran Hendricks,KL Rahul,0,True,5.0,48,Uppal,Rajiv Gandhi International Stadium,False,True,104,17,17.333333333333332,157,9.057692307692308,20,186,29,2.666666666666668,10.874999999999995,5,5
17.3,17,3,109,Beuran Hendricks,KL Rahul,1,False,-0.5,48,Uppal,Rajiv Gandhi International Stadium,False,True,105,17,17.5,158,9.028571428571428,20,186,28,2.5,11.2,5,5
17.4,17,4,110,Beuran Hendricks,Karn Sharma,0,False,1.0,48,Uppal,Rajiv Gandhi International Stadium,False,True,106,17,17.666666666666668,158,8.943396226415095,20,186,28,2.333333333333332,12.000000000000005,5,5
17.5,17,5,111,Beuran Hendricks,Karn Sharma,1,False,-0.5,48,Uppal,Rajiv Gandhi International Stadium,False,True,107,17,17.833333333333332,159,8.915887850467291,20,186,27,2.166666666666668,12.461538461538455,5,5
17.6,17,6,112,Beuran Hendricks,KL Rahul,0,False,1.0,48,Uppal,Rajiv Gandhi International Stadium,False,True,108,17,18.0,159,8.833333333333334,20,186,27,2.0,13.5,5,5
18.1,18,1,113,Anureet Singh,Karn Sharma,1,False,-0.5,48,Uppal,Rajiv Gandhi International Stadium,False,True,109,18,18.166666666666668,160,8.807339449541283,20,186,26,1.8333333333333321,14.18181818181819,5,5
18.2,18,2,114,Anureet Singh,KL Rahul,1,False,-0.5,48,Uppal,Rajiv Gandhi International Stadium,False,True,110,18,18.333333333333332,161,8.781818181818183,20,186,25,1.6666666666666679,14.99999999999999,5,5
18.3,18,3,115,Anureet Singh,Karn Sharma,1,False,-0.5,48,Uppal,Rajiv Gandhi International Stadium,False,True,111,18,18.5,162,8.756756756756756,20,186,24,1.5,16.0,5,5
18.4,18,4,116,Anureet Singh,KL Rahul,2,False,-1.0,48,Uppal,Rajiv Gandhi International Stadium,False,True,112,18,18.666666666666668,164,8.785714285714285,20,186,22,1.3333333333333321,16.500000000000014,5,5
18.5,18,5,117,Anureet Singh,KL Rahul,0,False,1.0,48,Uppal,Rajiv Gandhi International Stadium,False,True,113,18,18.833333333333332,164,8.707964601769913,20,186,22,1.1666666666666679,18.857142857142836,5,5
18.6,18,6,118,Anureet Singh,KL Rahul,6,False,-3.0,48,Uppal,Rajiv Gandhi International Stadium,False,True,114,18,19.0,170,8.947368421052632,20,186,16,1.0,16.0,5,5
19.1,19,1,119,Sandeep Sharma,Karn Sharma,6,False,-3.0,48,Uppal,Rajiv Gandhi International Stadium,False,True,115,19,19.166666666666668,176,9.182608695652174,20,186,10,0.8333333333333321,12.000000000000018,5,5
19.2,19,2,120,Sandeep Sharma,Karn Sharma,1,False,-0.5,48,Uppal,Rajiv Gandhi International Stadium,False,True,116,19,19.333333333333332,177,9.155172413793103,20,186,9,0.6666666666666679,13.499999999999977,5,5
19.3,19,3,121,Sandeep Sharma,KL Rahul,1,False,-0.5,48,Uppal,Rajiv Gandhi International Stadium,False,True,117,19,19.5,178,9.128205128205128,20,186,8,0.5,16.0,5,5
19.4,19,4,122,Sandeep Sharma,Karn Sharma,1,False,-0.5,48,Uppal,Rajiv Gandhi International Stadium,False,True,118,19,19.666666666666668,179,9.101694915254237,20,186,7,0.33333333333333215,21.000000000000075,5,5
19.5,19,5,123,Sandeep Sharma,KL Rahul,4,False,-2.0,48,Uppal,Rajiv Gandhi International Stadium,False,True,119,19,19.833333333333332,183,9.226890756302522,20,186,3,0.16666666666666785,17.999999999999872,5,5
19.6,19,6,124,Sandeep Sharma,KL Rahul,2,False,-1.0,48,Uppal,Rajiv Gandhi International Stadium,False,True,120,19,20.0,185,9.25,20,186,1,0.0,inf,5,5
