Ball Number,over,ball,Ball,bowler,batsman,Runs,is_wicket,bowler_score,match_id,city,stadium,is_extra,legal_delivery,legal_deliveries_count,overs_completed,overs_bowled,total_runs,current_run_rate,total_overs,target,runs_needed,overs_remaining,required_run_rate,wickets_fallen,wickets_in_hand
0.1,0,1,1,Umesh Yadav,Lendl Simmons,0,False,1.0,51,Mumbai,Wankhede Stadium,False,True,1,0,0.16666666666666666,0,0.0,20,172,172,19.833333333333332,8.672268907563026,0,10
0.2,0,2,2,Umesh Yadav,Lendl Simmons,0,False,1.0,51,Mumbai,Wankhede Stadium,False,True,2,0,0.3333333333333333,0,0.0,20,172,172,19.666666666666668,8.745762711864407,0,10
0.3,0,3,3,Umesh Yadav,Lendl Simmons,1,False,-0.5,51,Mumbai,Wankhede Stadium,False,True,3,0,0.5,1,2.0,20,172,171,19.5,8.76923076923077,0,10
0.4,0,4,4,Umesh Yadav,Parthiv Patel,0,False,1.0,51,Mumbai,Wankhede Stadium,False,True,4,0,0.6666666666666666,1,1.5,20,172,171,19.333333333333332,8.844827586206897,0,10
0.5,0,5,5,Umesh Yadav,Parthiv Patel,4,False,-2.0,51,Mumbai,Wankhede Stadium,False,True,5,0,0.8333333333333334,5,6.0,20,172,167,19.166666666666668,8.71304347826087,0,10
0.6,0,6,6,Umesh Yadav,Parthiv Patel,1,False,-0.5,51,Mumbai,Wankhede Stadium,False,True,6,0,1.0,6,6.0,20,172,166,19.0,8.736842105263158,0,10
1.1,1,1,7,Morne Morkel,Parthiv Patel,1,False,-0.5,51,Mumbai,Wankhede Stadium,False,True,7,1,1.1666666666666667,7,6.0,20,172,165,18.833333333333332,8.761061946902656,0,10
1.2,1,2,8,Morne Morkel,Lendl Simmons,0,False,1.0,51,Mumbai,Wankhede Stadium,False,True,8,1,1.3333333333333333,7,5.25,20,172,165,18.666666666666668,8.839285714285714,0,10
1.3,1,3,9,Morne Morkel,Lendl Simmons,0,False,1.0,51,Mumbai,Wankhede Stadium,False,True,9,1,1.5,7,4.666666666666667,20,172,165,18.5,8.91891891891892,0,10
1.4,1,4,10,Morne Morkel,Lendl Simmons,1,False,-0.5,51,Mumbai,Wankhede Stadium,False,True,10,1,1.6666666666666665,8,4.800000000000001,20,172,164,18.333333333333332,8.945454545454545,0,10
1.5,1,5,11,Morne Morkel,Parthiv Patel,1,False,-0.5,51,Mumbai,Wankhede Stadium,False,True,11,1,1.8333333333333335,9,4.909090909090908,20,172,163,18.166666666666668,8.972477064220183,0,10
1.6,1,6,12,Morne Morkel,Lendl Simmons,1,False,-0.5,51,Mumbai,Wankhede Stadium,False,True,12,1,2.0,10,5.0,20,172,162,18.0,9.0,0,10
2.1,2,1,13,Shakib Al Hasan,Lendl Simmons,0,False,1.0,51,Mumbai,Wankhede Stadium,False,True,13,2,2.1666666666666665,10,4.615384615384616,20,172,162,17.833333333333332,9.08411214953271,0,10
2.2,2,2,14,Shakib Al Hasan,Lendl Simmons,1,False,-0.5,51,Mumbai,Wankhede Stadium,False,True,14,2,2.3333333333333335,11,4.714285714285714,20,172,161,17.666666666666668,9.11320754716981,0,10
2.3,2,3,15,Shakib Al Hasan,Parthiv Patel,0,False,1.0,51,Mumbai,Wankhede Stadium,False,True,15,2,2.5,11,4.4,20,172,161,17.5,9.2,0,10
2.4,2,4,16,Shakib Al Hasan,Parthiv Patel,0,False,1.0,51,Mumbai,Wankhede Stadium,False,True,16,2,2.6666666666666665,11,4.125,20,172,161,17.333333333333332,9.288461538461538,0,10
2.5,2,5,17,Shakib Al Hasan,Parthiv Patel,1,False,-0.5,51,Mumbai,Wankhede Stadium,False,True,17,2,2.8333333333333335,12,4.235294117647059,20,172,160,17.166666666666668,9.320388349514563,0,10
2.6,2,6,18,Shakib Al Hasan,Lendl Simmons,4,False,-2.0,51,Mumbai,Wankhede Stadium,False,True,18,2,3.0,16,5.333333333333333,20,172,156,17.0,9.176470588235293,0,10
3.1,3,1,19,Morne Morkel,Parthiv Patel,2,False,-1.0,51,Mumbai,Wankhede Stadium,False,True,19,3,3.1666666666666665,18,5.684210526315789,20,172,154,16.833333333333332,9.14851485148515,0,10
3.2,3,2,20,Morne Morkel,Parthiv Patel,4,False,-2.0,51,Mumbai,Wankhede Stadium,False,True,20,3,3.3333333333333335,22,6.6,20,172,150,16.666666666666668,9.0,0,10
3.3,3,3,21,Morne Morkel,Parthiv Patel,2,False,-1.0,51,Mumbai,Wankhede Stadium,False,True,21,3,3.5,24,6.857142857142857,20,172,148,16.5,8.969696969696969,0,10
3.4,3,4,22,Morne Morkel,Parthiv Patel,1,False,-0.5,51,Mumbai,Wankhede Stadium,False,True,22,3,3.6666666666666665,25,6.818181818181818,20,172,147,16.333333333333332,9.0,0,10
3.5,3,5,23,Morne Morkel,Lendl Simmons,0,False,1.0,51,Mumbai,Wankhede Stadium,False,True,23,3,3.8333333333333335,25,6.521739130434782,20,172,147,16.166666666666668,9.092783505154639,0,10
3.6,3,6,24,Morne Morkel,Lendl Simmons,0,False,1.0,51,Mumbai,Wankhede Stadium,False,True,24,3,4.0,25,6.25,20,172,147,16.0,9.1875,0,10
4.1,4,1,25,Shakib Al Hasan,Parthiv Patel,4,False,-2.0,51,Mumbai,Wankhede Stadium,False,True,25,4,4.166666666666667,29,6.959999999999999,20,172,143,15.833333333333332,9.031578947368422,0,10
4.2,4,2,26,Shakib Al Hasan,Parthiv Patel,0,True,5.0,51,Mumbai,Wankhede Stadium,False,True,26,4,4.333333333333333,29,6.6923076923076925,20,172,143,15.666666666666668,9.127659574468085,1,9
4.3,4,3,27,Shakib Al Hasan,Rohit Sharma,0,False,1.0,51,Mumbai,Wankhede Stadium,False,True,27,4,4.5,29,6.444444444444445,20,172,143,15.5,9.225806451612904,1,9
4.4,4,4,28,Shakib Al Hasan,Rohit Sharma,0,False,1.0,51,Mumbai,Wankhede Stadium,False,True,28,4,4.666666666666667,29,6.2142857142857135,20,172,143,15.333333333333332,9.32608695652174,1,9
4.5,4,5,29,Shakib Al Hasan,Rohit Sharma,4,False,-2.0,51,Mumbai,Wankhede Stadium,False,True,29,4,4.833333333333333,33,6.8275862068965525,20,172,139,15.166666666666668,9.164835164835164,1,9
4.6,4,6,30,Shakib Al Hasan,Rohit Sharma,1,False,-0.5,51,Mumbai,Wankhede Stadium,False,True,30,4,5.0,34,6.8,20,172,138,15.0,9.2,1,9
5.1,5,1,31,Morne Morkel,Rohit Sharma,1,False,-0.5,51,Mumbai,Wankhede Stadium,False,True,31,5,5.166666666666667,35,6.774193548387096,20,172,137,14.833333333333332,9.235955056179776,1,9
5.2,5,2,32,Morne Morkel,Lendl Simmons,0,False,1.0,51,Mumbai,Wankhede Stadium,False,True,32,5,5.333333333333333,35,6.5625,20,172,137,14.666666666666668,9.34090909090909,1,9
5.3,5,3,33,Morne Morkel,Lendl Simmons,6,False,-3.0,51,Mumbai,Wankhede Stadium,False,True,33,5,5.5,41,7.454545454545454,20,172,131,14.5,9.03448275862069,1,9
5.3,5,3,34,Morne Morkel,Lendl Simmons,1,False,-1.0,51,Mumbai,Wankhede Stadium,True,False,33,5,5.5,42,7.636363636363637,20,172,130,14.5,8.96551724137931,1,9
5.4,5,4,35,Morne Morkel,Lendl Simmons,0,True,5.0,51,Mumbai,Wankhede Stadium,False,True,34,5,5.666666666666667,42,7.411764705882352,20,172,130,14.333333333333332,9.069767441860465,2,8
5.5,5,5,36,Morne Morkel,Rohit Sharma,1,False,-0.5,51,Mumbai,Wankhede Stadium,False,True,35,5,5.833333333333333,43,7.371428571428572,20,172,129,14.166666666666668,9.105882352941176,2,8
5.5,5,5,37,Morne Morkel,Rohit Sharma,1,False,-1.0,51,Mumbai,Wankhede Stadium,True,False,35,5,5.833333333333333,44,7.542857142857144,20,172,128,14.166666666666668,9.035294117647059,2,8
5.6,5,6,38,Morne Morkel,Ambati Rayudu,2,False,-1.0,51,Mumbai,Wankhede Stadium,False,True,36,5,6.0,46,7.666666666666667,20,172,126,14.0,9.0,2,8
6.1,6,1,39,Shakib Al Hasan,Rohit Sharma,1,False,-0.5,51,Mumbai,Wankhede Stadium,False,True,37,6,6.166666666666667,47,7.621621621621621,20,172,125,13.833333333333332,9.036144578313253,2,8
6.2,6,2,40,Shakib Al Hasan,Ambati Rayudu,0,False,1.0,51,Mumbai,Wankhede Stadium,False,True,38,6,6.333333333333333,47,7.421052631578948,20,172,125,13.666666666666668,9.146341463414632,2,8
6.3,6,3,41,Shakib Al Hasan,Ambati Rayudu,0,True,5.0,51,Mumbai,Wankhede Stadium,False,True,39,6,6.5,47,7.230769230769231,20,172,125,13.5,9.25925925925926,3,7
6.4,6,4,42,Shakib Al Hasan,Rohit Sharma,1,False,-0.5,51,Mumbai,Wankhede Stadium,False,True,40,6,6.666666666666667,48,7.199999999999999,20,172,124,13.333333333333332,9.3,3,7
6.5,6,5,43,Shakib Al Hasan,Kieron Pollard,0,False,1.0,51,Mumbai,Wankhede Stadium,False,True,41,6,6.833333333333333,48,7.024390243902439,20,172,124,13.166666666666668,9.41772151898734,3,7
6.6,6,6,44,Shakib Al Hasan,Kieron Pollard,0,False,1.0,51,Mumbai,Wankhede Stadium,False,True,42,6,7.0,48,6.857142857142857,20,172,124,13.0,9.538461538461538,3,7
7.1,7,1,45,Morne Morkel,Rohit Sharma,0,False,1.0,51,Mumbai,Wankhede Stadium,False,True,43,7,7.166666666666667,48,6.697674418604651,20,172,124,12.833333333333332,9.662337662337663,3,7
7.2,7,2,46,Morne Morkel,Rohit Sharma,1,False,-0.5,51,Mumbai,Wankhede Stadium,False,True,44,7,7.333333333333333,49,6.681818181818182,20,172,123,12.666666666666668,9.710526315789473,3,7
7.3,7,3,47,Morne Morkel,Kieron Pollard,0,False,1.0,51,Mumbai,Wankhede Stadium,False,True,45,7,7.5,49,6.533333333333333,20,172,123,12.5,9.84,3,7
7.4,7,4,48,Morne Morkel,Kieron Pollard,1,False,-1.0,51,Mumbai,Wankhede Stadium,True,False,45,7,7.5,50,6.666666666666667,20,172,122,12.5,9.76,3,7
7.4,7,4,49,Morne Morkel,Kieron Pollard,0,False,1.0,51,Mumbai,Wankhede Stadium,False,True,46,7,7.666666666666667,50,6.521739130434782,20,172,122,12.333333333333332,9.891891891891893,3,7
7.5,7,5,50,Morne Morkel,Kieron Pollard,0,False,1.0,51,Mumbai,Wankhede Stadium,False,True,47,7,7.833333333333333,50,6.382978723404255,20,172,122,12.166666666666668,10.027397260273972,3,7
7.6,7,6,51,Morne Morkel,Kieron Pollard,0,False,1.0,51,Mumbai,Wankhede Stadium,False,True,48,7,8.0,50,6.25,20,172,122,12.0,10.166666666666666,3,7
8.1,8,1,52,Piyush Chawla,Rohit Sharma,0,False,1.0,51,Mumbai,Wankhede Stadium,False,True,49,8,8.166666666666666,50,6.122448979591837,20,172,122,11.833333333333334,10.309859154929576,3,7
8.2,8,2,53,Piyush Chawla,Rohit Sharma,0,False,1.0,51,Mumbai,Wankhede Stadium,False,True,50,8,8.333333333333334,50,6.0,20,172,122,11.666666666666666,10.457142857142857,3,7
8.3,8,3,54,Piyush Chawla,Rohit Sharma,4,False,-2.0,51,Mumbai,Wankhede Stadium,False,True,51,8,8.5,54,6.352941176470588,20,172,118,11.5,10.26086956521739,3,7
8.4,8,4,55,Piyush Chawla,Rohit Sharma,4,False,-2.0,51,Mumbai,Wankhede Stadium,False,True,52,8,8.666666666666666,58,6.6923076923076925,20,172,114,11.333333333333334,10.058823529411764,3,7
8.5,8,5,56,Piyush Chawla,Rohit Sharma,1,False,-0.5,51,Mumbai,Wankhede Stadium,False,True,53,8,8.833333333333334,59,6.679245283018868,20,172,113,11.166666666666666,10.119402985074627,3,7
8.6,8,6,57,Piyush Chawla,Kieron Pollard,0,False,1.0,51,Mumbai,Wankhede Stadium,False,True,54,8,9.0,59,6.555555555555555,20,172,113,11.0,10.272727272727273,3,7
9.1,9,1,58,Sunil Narine,Rohit Sharma,1,False,-0.5,51,Mumbai,Wankhede Stadium,False,True,55,9,9.166666666666666,60,6.545454545454546,20,172,112,10.833333333333334,10.338461538461537,3,7
9.2,9,2,59,Sunil Narine,Kieron Pollard,0,False,1.0,51,Mumbai,Wankhede Stadium,False,True,56,9,9.333333333333334,60,6.428571428571428,20,172,112,10.666666666666666,10.5,3,7
9.3,9,3,60,Sunil Narine,Kieron Pollard,0,False,1.0,51,Mumbai,Wankhede Stadium,False,True,57,9,9.5,60,6.315789473684211,20,172,112,10.5,10.666666666666666,3,7
9.4,9,4,61,Sunil Narine,Kieron Pollard,2,False,-1.0,51,Mumbai,Wankhede Stadium,False,True,58,9,9.666666666666666,62,6.413793103448277,20,172,110,10.333333333333334,10.64516129032258,3,7
9.5,9,5,62,Sunil Narine,Kieron Pollard,1,False,-0.5,51,Mumbai,Wankhede Stadium,False,True,59,9,9.833333333333334,63,6.406779661016949,20,172,109,10.166666666666666,10.721311475409836,3,7
9.6,9,6,63,Sunil Narine,Rohit Sharma,4,False,-2.0,51,Mumbai,Wankhede Stadium,False,True,60,9,10.0,67,6.7,20,172,105,10.0,10.5,3,7
10.1,10,1,64,Andre Russell,Kieron Pollard,1,False,-0.5,51,Mumbai,Wankhede Stadium,False,True,61,10,10.166666666666666,68,6.688524590163935,20,172,104,9.833333333333334,10.576271186440678,3,7
10.2,10,2,65,Andre Russell,Rohit Sharma,1,False,-0.5,51,Mumbai,Wankhede Stadium,False,True,62,10,10.333333333333334,69,6.677419354838709,20,172,103,9.666666666666666,10.655172413793105,3,7
10.3,10,3,66,Andre Russell,Kieron Pollard,0,False,1.0,51,Mumbai,Wankhede Stadium,False,True,63,10,10.5,69,6.571428571428571,20,172,103,9.5,10.842105263157896,3,7
10.4,10,4,67,Andre Russell,Kieron Pollard,0,False,1.0,51,Mumbai,Wankhede Stadium,False,True,64,10,10.666666666666666,69,6.46875,20,172,103,9.333333333333334,11.035714285714285,3,7
10.5,10,5,68,Andre Russell,Kieron Pollard,4,False,-2.0,51,Mumbai,Wankhede Stadium,False,True,65,10,10.833333333333334,73,6.7384615384615385,20,172,99,9.166666666666666,10.8,3,7
10.6,10,6,69,Andre Russell,Kieron Pollard,0,False,1.0,51,Mumbai,Wankhede Stadium,False,True,66,10,11.0,73,6.636363636363637,20,172,99,9.0,11.0,3,7
11.1,11,1,70,Sunil Narine,Rohit Sharma,1,False,-0.5,51,Mumbai,Wankhede Stadium,False,True,67,11,11.166666666666666,74,6.6268656716417915,20,172,98,8.833333333333334,11.094339622641508,3,7
11.2,11,2,71,Sunil Narine,Kieron Pollard,1,False,-0.5,51,Mumbai,Wankhede Stadium,False,True,68,11,11.333333333333334,75,6.617647058823529,20,172,97,8.666666666666666,11.192307692307693,3,7
11.3,11,3,72,Sunil Narine,Rohit Sharma,4,False,-2.0,51,Mumbai,Wankhede Stadium,False,True,69,11,11.5,79,6.869565217391305,20,172,93,8.5,10.941176470588236,3,7
11.4,11,4,73,Sunil Narine,Rohit Sharma,0,True,5.0,51,Mumbai,Wankhede Stadium,False,True,70,11,11.666666666666666,79,6.771428571428571,20,172,93,8.333333333333334,11.159999999999998,4,6
11.5,11,5,74,Sunil Narine,Hardik Pandya,0,False,1.0,51,Mumbai,Wankhede Stadium,False,True,71,11,11.833333333333334,79,6.676056338028169,20,172,93,8.166666666666666,11.387755102040817,4,6
11.6,11,6,75,Sunil Narine,Hardik Pandya,1,False,-0.25,51,Mumbai,Wankhede Stadium,False,True,72,11,12.0,80,6.666666666666667,20,172,92,8.0,11.5,4,6
12.1,12,1,76,Andre Russell,Hardik Pandya,1,False,-0.5,51,Mumbai,Wankhede Stadium,False,True,73,12,12.166666666666666,81,6.657534246575342,20,172,91,7.833333333333334,11.617021276595743,4,6
12.2,12,2,77,Andre Russell,Kieron Pollard,2,False,-1.0,51,Mumbai,Wankhede Stadium,False,True,74,12,12.333333333333334,83,6.72972972972973,20,172,89,7.666666666666666,11.608695652173914,4,6
12.3,12,3,78,Andre Russell,Kieron Pollard,1,False,-0.5,51,Mumbai,Wankhede Stadium,False,True,75,12,12.5,84,6.72,20,172,88,7.5,11.733333333333333,4,6
12.4,12,4,79,Andre Russell,Hardik Pandya,1,False,-0.5,51,Mumbai,Wankhede Stadium,False,True,76,12,12.666666666666666,85,6.710526315789474,20,172,87,7.333333333333334,11.863636363636363,4,6
12.5,12,5,80,Andre Russell,Kieron Pollard,0,False,1.0,51,Mumbai,Wankhede Stadium,False,True,77,12,12.833333333333334,85,6.623376623376623,20,172,87,7.166666666666666,12.13953488372093,4,6
12.6,12,6,81,Andre Russell,Kieron Pollard,1,False,-0.5,51,Mumbai,Wankhede Stadium,False,True,78,12,13.0,86,6.615384615384615,20,172,86,7.0,12.285714285714286,4,6
13.1,13,1,82,Shakib Al Hasan,Kieron Pollard,0,False,1.0,51,Mumbai,Wankhede Stadium,False,True,79,13,13.166666666666666,86,6.531645569620253,20,172,86,6.833333333333334,12.585365853658535,4,6
13.2,13,2,83,Shakib Al Hasan,Kieron Pollard,1,False,-0.5,51,Mumbai,Wankhede Stadium,False,True,80,13,13.333333333333334,87,6.5249999999999995,20,172,85,6.666666666666666,12.750000000000002,4,6
13.3,13,3,84,Shakib Al Hasan,Hardik Pandya,1,False,-0.5,51,Mumbai,Wankhede Stadium,False,True,81,13,13.5,88,6.518518518518518,20,172,84,6.5,12.923076923076923,4,6
13.4,13,4,85,Shakib Al Hasan,Kieron Pollard,1,False,-0.5,51,Mumbai,Wankhede Stadium,False,True,82,13,13.666666666666666,89,6.51219512195122,20,172,83,6.333333333333334,13.105263157894736,4,6
13.5,13,5,86,Shakib Al Hasan,Hardik Pandya,1,False,-1.0,51,Mumbai,Wankhede Stadium,True,False,82,13,13.666666666666666,90,6.585365853658537,20,172,82,6.333333333333334,12.94736842105263,4,6
13.5,13,5,87,Shakib Al Hasan,Hardik Pandya,1,False,-0.5,51,Mumbai,Wankhede Stadium,False,True,83,13,13.833333333333334,91,6.578313253012048,20,172,81,6.166666666666666,13.135135135135137,4,6
13.6,13,6,88,Shakib Al Hasan,Kieron Pollard,0,False,1.0,51,Mumbai,Wankhede Stadium,False,True,84,13,14.0,91,6.5,20,172,81,6.0,13.5,4,6
14.1,14,1,89,Andre Russell,Hardik Pandya,4,False,-2.0,51,Mumbai,Wankhede Stadium,False,True,85,14,14.166666666666666,95,6.705882352941177,20,172,77,5.833333333333334,13.2,4,6
14.2,14,2,90,Andre Russell,Hardik Pandya,0,False,1.0,51,Mumbai,Wankhede Stadium,False,True,86,14,14.333333333333334,95,6.627906976744185,20,172,77,5.666666666666666,13.588235294117649,4,6
14.3,14,3,91,Andre Russell,Hardik Pandya,2,False,-1.0,51,Mumbai,Wankhede Stadium,False,True,87,14,14.5,97,6.689655172413793,20,172,75,5.5,13.636363636363637,4,6
14.4,14,4,92,Andre Russell,Hardik Pandya,1,False,-0.5,51,Mumbai,Wankhede Stadium,False,True,88,14,14.666666666666666,98,6.681818181818182,20,172,74,5.333333333333334,13.874999999999998,4,6
14.5,14,5,93,Andre Russell,Kieron Pollard,0,False,1.0,51,Mumbai,Wankhede Stadium,False,True,89,14,14.833333333333334,98,6.606741573033708,20,172,74,5.166666666666666,14.322580645161292,4,6
14.6,14,6,94,Andre Russell,Kieron Pollard,1,False,-0.5,51,Mumbai,Wankhede Stadium,False,True,90,14,15.0,99,6.6,20,172,73,5.0,14.6,4,6
15.1,15,1,95,Sunil Narine,Kieron Pollard,6,False,-3.0,51,Mumbai,Wankhede Stadium,False,True,91,15,15.166666666666666,105,6.923076923076923,20,172,67,4.833333333333334,13.86206896551724,4,6
15.2,15,2,96,Sunil Narine,Kieron Pollard,1,False,-1.0,51,Mumbai,Wankhede Stadium,True,False,91,15,15.166666666666666,106,6.989010989010989,20,172,66,4.833333333333334,13.655172413793101,4,6
15.2,15,2,97,Sunil Narine,Kieron Pollard,1,False,-0.5,51,Mumbai,Wankhede Stadium,False,True,92,15,15.333333333333334,107,6.978260869565217,20,172,65,4.666666666666666,13.92857142857143,4,6
15.3,15,3,98,Sunil Narine,Hardik Pandya,1,False,-1.0,51,Mumbai,Wankhede Stadium,True,False,92,15,15.333333333333334,108,7.0434782608695645,20,172,64,4.666666666666666,13.714285714285715,4,6
15.3,15,3,99,Sunil Narine,Hardik Pandya,1,False,-0.5,51,Mumbai,Wankhede Stadium,False,True,93,15,15.5,109,7.032258064516129,20,172,63,4.5,14.0,4,6
15.4,15,4,100,Sunil Narine,Kieron Pollard,1,False,-0.5,51,Mumbai,Wankhede Stadium,False,True,94,15,15.666666666666666,110,7.021276595744681,20,172,62,4.333333333333334,14.307692307692307,4,6
15.5,15,5,101,Sunil Narine,Hardik Pandya,1,False,-0.5,51,Mumbai,Wankhede Stadium,False,True,95,15,15.833333333333334,111,7.010526315789473,20,172,61,4.166666666666666,14.640000000000002,4,6
15.6,15,6,102,Sunil Narine,Kieron Pollard,1,False,-0.5,51,Mumbai,Wankhede Stadium,False,True,96,15,16.0,112,7.0,20,172,60,4.0,15.0,4,6
16.1,16,1,103,Umesh Yadav,Kieron Pollard,1,False,-0.5,51,Mumbai,Wankhede Stadium,False,True,97,16,16.166666666666668,113,6.989690721649484,20,172,59,3.833333333333332,15.391304347826091,4,6
16.2,16,2,104,Umesh Yadav,Hardik Pandya,4,False,-2.0,51,Mumbai,Wankhede Stadium,False,True,98,16,16.333333333333332,117,7.163265306122449,20,172,55,3.666666666666668,14.999999999999995,4,6
16.3,16,3,105,Umesh Yadav,Hardik Pandya,4,False,-2.0,51,Mumbai,Wankhede Stadium,False,True,99,16,16.5,121,7.333333333333333,20,172,51,3.5,14.571428571428571,4,6
16.4,16,4,106,Umesh Yadav,Hardik Pandya,4,False,-2.0,51,Mumbai,Wankhede Stadium,False,True,100,16,16.666666666666668,125,7.499999999999999,20,172,47,3.333333333333332,14.100000000000005,4,6
16.5,16,5,107,Umesh Yadav,Hardik Pandya,4,False,-2.0,51,Mumbai,Wankhede Stadium,False,True,101,16,16.833333333333332,129,7.663366336633664,20,172,43,3.166666666666668,13.578947368421048,4,6
16.6,16,6,108,Umesh Yadav,Hardik Pandya,1,False,-0.5,51,Mumbai,Wankhede Stadium,False,True,102,16,17.0,130,7.647058823529412,20,172,42,3.0,14.0,4,6
17.1,17,1,109,Sunil Narine,Hardik Pandya,1,False,-0.5,51,Mumbai,Wankhede Stadium,False,True,103,17,17.166666666666668,131,7.631067961165048,20,172,41,2.833333333333332,14.470588235294123,4,6
17.2,17,2,110,Sunil Narine,Kieron Pollard,1,False,-0.5,51,Mumbai,Wankhede Stadium,False,True,104,17,17.333333333333332,132,7.615384615384616,20,172,40,2.666666666666668,14.999999999999993,4,6
17.3,17,3,111,Sunil Narine,Hardik Pandya,1,False,-0.5,51,Mumbai,Wankhede Stadium,False,True,105,17,17.5,133,7.6,20,172,39,2.5,15.6,4,6
17.4,17,4,112,Sunil Narine,Kieron Pollard,1,False,-0.5,51,Mumbai,Wankhede Stadium,False,True,106,17,17.666666666666668,134,7.584905660377358,20,172,38,2.333333333333332,16.285714285714295,4,6
17.5,17,5,113,Sunil Narine,Hardik Pandya,6,False,-3.0,51,Mumbai,Wankhede Stadium,False,True,107,17,17.833333333333332,140,7.850467289719627,20,172,32,2.166666666666668,14.769230769230761,4,6
17.6,17,6,114,N/A,N/A,0,False,0.0,51,Mumbai,Wankhede Stadium,False,True,108,17,18.0,140,7.777777777777778,20,172,32,2.0,16.0,4,6
17.6,17,6,115,Sunil Narine,Hardik Pandya,1,False,-1.0,51,Mumbai,Wankhede Stadium,True,False,108,17,18.0,141,7.833333333333333,20,172,31,2.0,15.5,4,6
18.1,18,1,116,Andre Russell,Kieron Pollard,1,False,-0.5,51,Mumbai,Wankhede Stadium,False,True,109,18,18.166666666666668,142,7.816513761467889,20,172,30,1.8333333333333321,16.363636363636374,4,6
18.2,18,2,117,Andre Russell,Hardik Pandya,1,False,-1.0,51,Mumbai,Wankhede Stadium,True,False,109,18,18.166666666666668,143,7.871559633027522,20,172,29,1.8333333333333321,15.818181818181829,4,6
18.2,18,2,118,Andre Russell,Hardik Pandya,4,False,-2.0,51,Mumbai,Wankhede Stadium,False,True,110,18,18.333333333333332,147,8.01818181818182,20,172,25,1.6666666666666679,14.99999999999999,4,6
18.3,18,3,119,Andre Russell,Hardik Pandya,4,False,-2.0,51,Mumbai,Wankhede Stadium,False,True,111,18,18.5,151,8.162162162162161,20,172,21,1.5,14.0,4,6
18.4,18,4,120,Andre Russell,Hardik Pandya,6,False,-3.0,51,Mumbai,Wankhede Stadium,False,True,112,18,18.666666666666668,157,8.410714285714285,20,172,15,1.3333333333333321,11.25000000000001,4,6
18.5,18,5,121,Andre Russell,Hardik Pandya,0,False,1.0,51,Mumbai,Wankhede Stadium,False,True,113,18,18.833333333333332,157,8.336283185840708,20,172,15,1.1666666666666679,12.857142857142843,4,6
18.6,18,6,122,Andre Russell,Hardik Pandya,1,False,-0.5,51,Mumbai,Wankhede Stadium,False,True,114,18,19.0,158,8.31578947368421,20,172,14,1.0,14.0,4,6
19.1,19,1,123,Umesh Yadav,Hardik Pandya,4,False,-2.0,51,Mumbai,Wankhede Stadium,False,True,115,19,19.166666666666668,162,8.452173913043477,20,172,10,0.8333333333333321,12.000000000000018,4,6
19.2,19,2,124,Umesh Yadav,Hardik Pandya,3,False,-1.0,51,Mumbai,Wankhede Stadium,True,False,115,19,19.166666666666668,165,8.608695652173912,20,172,7,0.8333333333333321,8.400000000000013,4,6
19.2,19,2,125,Umesh Yadav,Hardik Pandya,1,False,-0.5,51,Mumbai,Wankhede Stadium,False,True,116,19,19.333333333333332,166,8.586206896551724,20,172,6,0.6666666666666679,8.999999999999984,4,6
19.3,19,3,126,Umesh Yadav,Kieron Pollard,2,False,-1.0,51,Mumbai,Wankhede Stadium,False,True,117,19,19.5,168,8.615384615384615,20,172,4,0.5,8.0,4,6
19.4,19,4,127,Umesh Yadav,Kieron Pollard,1,False,-0.5,51,Mumbai,Wankhede Stadium,False,True,118,19,19.666666666666668,169,8.59322033898305,20,172,3,0.33333333333333215,9.000000000000032,4,6
19.5,19,5,128,Umesh Yadav,Hardik Pandya,1,False,-0.5,51,Mumbai,Wankhede Stadium,False,True,119,19,19.833333333333332,170,8.571428571428571,20,172,2,0.16666666666666785,11.999999999999915,4,6
19.6,19,6,129,Umesh Yadav,Kieron Pollard,1,False,-0.5,51,Mumbai,Wankhede Stadium,False,True,120,19,20.0,171,8.55,20,172,1,0.0,inf,4,6
