Ball Number,over,ball,Ball,bowler,batsman,Runs,is_wicket,bowler_score,match_id,city,stadium,is_extra,legal_delivery,legal_deliveries_count,overs_completed,overs_bowled,total_runs,current_run_rate,total_overs,target,runs_needed,overs_remaining,required_run_rate,wickets_fallen,wickets_in_hand
0.1,0,1,1,Sandeep Sharma,Michael Hussey,1,False,-0.5,53,Mohali,Punjab Cricket Association Stadium,False,True,1,0,0.16666666666666666,1,6.0,20,131,130,19.833333333333332,6.5546218487394965,0,10
0.2,0,2,2,Sandeep Sharma,Brendon McCullum,0,False,1.0,53,Mohali,Punjab Cricket Association Stadium,False,True,2,0,0.3333333333333333,1,3.0,20,131,130,19.666666666666668,6.610169491525423,0,10
0.3,0,3,3,Sandeep Sharma,Brendon McCullum,1,False,-0.5,53,Mohali,Punjab Cricket Association Stadium,False,True,3,0,0.5,2,4.0,20,131,129,19.5,6.615384615384615,0,10
0.4,0,4,4,N/A,N/A,0,False,0.0,53,Mohali,Punjab Cricket Association Stadium,False,True,4,0,0.6666666666666666,2,3.0,20,131,129,19.333333333333332,6.672413793103448,0,10
0.5,0,5,5,Sandeep Sharma,Michael Hussey,0,False,1.0,53,Mohali,Punjab Cricket Association Stadium,False,True,5,0,0.8333333333333334,2,2.4,20,131,129,19.166666666666668,6.730434782608695,0,10
0.6,0,6,6,Sandeep Sharma,Michael Hussey,0,True,5.0,53,Mohali,Punjab Cricket Association Stadium,False,True,6,0,1.0,2,2.0,20,131,129,19.0,6.7894736842105265,1,9
1.1,1,1,7,Beuran Hendricks,Brendon McCullum,1,False,-0.5,53,Mohali,Punjab Cricket Association Stadium,False,True,7,1,1.1666666666666667,3,2.571428571428571,20,131,128,18.833333333333332,6.796460176991151,1,9
1.2,1,2,8,Beuran Hendricks,du Plessis,3,False,-1.5,53,Mohali,Punjab Cricket Association Stadium,False,True,8,1,1.3333333333333333,6,4.5,20,131,125,18.666666666666668,6.696428571428571,1,9
1.3,1,3,9,Beuran Hendricks,Brendon McCullum,0,False,1.0,53,Mohali,Punjab Cricket Association Stadium,False,True,9,1,1.5,6,4.0,20,131,125,18.5,6.756756756756757,1,9
1.4,1,4,10,Beuran Hendricks,Brendon McCullum,4,False,-2.0,53,Mohali,Punjab Cricket Association Stadium,False,True,10,1,1.6666666666666665,10,6.000000000000001,20,131,121,18.333333333333332,6.6000000000000005,1,9
1.5,1,5,11,Beuran Hendricks,Brendon McCullum,0,True,5.0,53,Mohali,Punjab Cricket Association Stadium,False,True,11,1,1.8333333333333335,10,5.454545454545454,20,131,121,18.166666666666668,6.660550458715596,2,8
1.6,1,6,12,Beuran Hendricks,Suresh Raina,0,False,1.0,53,Mohali,Punjab Cricket Association Stadium,False,True,12,1,2.0,10,5.0,20,131,121,18.0,6.722222222222222,2,8
2.1,2,1,13,Sandeep Sharma,du Plessis,0,False,1.0,53,Mohali,Punjab Cricket Association Stadium,False,True,13,2,2.1666666666666665,10,4.615384615384616,20,131,121,17.833333333333332,6.785046728971963,2,8
2.2,2,2,14,Sandeep Sharma,du Plessis,1,False,-0.5,53,Mohali,Punjab Cricket Association Stadium,False,True,14,2,2.3333333333333335,11,4.714285714285714,20,131,120,17.666666666666668,6.792452830188679,2,8
2.3,2,3,15,Sandeep Sharma,Suresh Raina,0,False,1.0,53,Mohali,Punjab Cricket Association Stadium,False,True,15,2,2.5,11,4.4,20,131,120,17.5,6.857142857142857,2,8
2.4,2,4,16,Sandeep Sharma,Suresh Raina,2,False,-1.0,53,Mohali,Punjab Cricket Association Stadium,False,True,16,2,2.6666666666666665,13,4.875,20,131,118,17.333333333333332,6.807692307692308,2,8
2.5,2,5,17,Sandeep Sharma,Suresh Raina,4,False,-2.0,53,Mohali,Punjab Cricket Association Stadium,False,True,17,2,2.8333333333333335,17,6.0,20,131,114,17.166666666666668,6.640776699029126,2,8
2.6,2,6,18,Sandeep Sharma,Suresh Raina,0,False,1.0,53,Mohali,Punjab Cricket Association Stadium,False,True,18,2,3.0,17,5.666666666666667,20,131,114,17.0,6.705882352941177,2,8
3.1,3,1,19,Beuran Hendricks,du Plessis,4,False,-2.0,53,Mohali,Punjab Cricket Association Stadium,False,True,19,3,3.1666666666666665,21,6.631578947368421,20,131,110,16.833333333333332,6.534653465346535,2,8
3.2,3,2,20,Beuran Hendricks,du Plessis,0,False,1.0,53,Mohali,Punjab Cricket Association Stadium,False,True,20,3,3.3333333333333335,21,6.3,20,131,110,16.666666666666668,6.6,2,8
3.3,3,3,21,Beuran Hendricks,du Plessis,1,False,-0.5,53,Mohali,Punjab Cricket Association Stadium,False,True,21,3,3.5,22,6.285714285714286,20,131,109,16.5,6.606060606060606,2,8
3.4,3,4,22,Beuran Hendricks,Suresh Raina,1,False,-1.0,53,Mohali,Punjab Cricket Association Stadium,True,False,21,3,3.5,23,6.571428571428571,20,131,108,16.5,6.545454545454546,2,8
3.4,3,4,23,Beuran Hendricks,Suresh Raina,1,False,-0.5,53,Mohali,Punjab Cricket Association Stadium,False,True,22,3,3.6666666666666665,24,6.545454545454546,20,131,107,16.333333333333332,6.551020408163266,2,8
3.5,3,5,24,Beuran Hendricks,du Plessis,3,False,-1.5,53,Mohali,Punjab Cricket Association Stadium,False,True,23,3,3.8333333333333335,27,7.0434782608695645,20,131,104,16.166666666666668,6.432989690721649,2,8
3.6,3,6,25,Beuran Hendricks,Suresh Raina,1,False,-0.5,53,Mohali,Punjab Cricket Association Stadium,False,True,24,3,4.0,28,7.0,20,131,103,16.0,6.4375,2,8
4.1,4,1,26,Gurkeerat Singh Mann,Suresh Raina,0,False,1.0,53,Mohali,Punjab Cricket Association Stadium,False,True,25,4,4.166666666666667,28,6.72,20,131,103,15.833333333333332,6.5052631578947375,2,8
4.2,4,2,27,Gurkeerat Singh Mann,Suresh Raina,4,False,-2.0,53,Mohali,Punjab Cricket Association Stadium,False,True,26,4,4.333333333333333,32,7.384615384615385,20,131,99,15.666666666666668,6.319148936170213,2,8
4.3,4,3,28,Gurkeerat Singh Mann,Suresh Raina,2,False,-1.0,53,Mohali,Punjab Cricket Association Stadium,False,True,27,4,4.5,34,7.555555555555555,20,131,97,15.5,6.258064516129032,2,8
4.4,4,4,29,Gurkeerat Singh Mann,Suresh Raina,1,False,-0.5,53,Mohali,Punjab Cricket Association Stadium,False,True,28,4,4.666666666666667,35,7.499999999999999,20,131,96,15.333333333333332,6.260869565217392,2,8
4.5,4,5,30,Gurkeerat Singh Mann,du Plessis,1,False,-0.5,53,Mohali,Punjab Cricket Association Stadium,False,True,29,4,4.833333333333333,36,7.448275862068966,20,131,95,15.166666666666668,6.263736263736264,2,8
4.6,4,6,31,Gurkeerat Singh Mann,Suresh Raina,4,False,-2.0,53,Mohali,Punjab Cricket Association Stadium,False,True,30,4,5.0,40,8.0,20,131,91,15.0,6.066666666666666,2,8
5.1,5,1,32,R Dhawan,du Plessis,0,False,1.0,53,Mohali,Punjab Cricket Association Stadium,False,True,31,5,5.166666666666667,40,7.741935483870967,20,131,91,14.833333333333332,6.134831460674158,2,8
5.2,5,2,33,R Dhawan,du Plessis,0,False,1.0,53,Mohali,Punjab Cricket Association Stadium,False,True,32,5,5.333333333333333,40,7.5,20,131,91,14.666666666666668,6.204545454545454,2,8
5.3,5,3,34,R Dhawan,du Plessis,4,False,-2.0,53,Mohali,Punjab Cricket Association Stadium,False,True,33,5,5.5,44,8.0,20,131,87,14.5,6.0,2,8
5.4,5,4,35,R Dhawan,du Plessis,0,False,1.0,53,Mohali,Punjab Cricket Association Stadium,False,True,34,5,5.666666666666667,44,7.764705882352941,20,131,87,14.333333333333332,6.069767441860465,2,8
5.5,5,5,36,R Dhawan,du Plessis,1,False,-0.5,53,Mohali,Punjab Cricket Association Stadium,False,True,35,5,5.833333333333333,45,7.714285714285714,20,131,86,14.166666666666668,6.070588235294117,2,8
5.6,5,6,37,R Dhawan,Suresh Raina,1,False,-1.0,53,Mohali,Punjab Cricket Association Stadium,True,False,35,5,5.833333333333333,46,7.885714285714286,20,131,85,14.166666666666668,5.999999999999999,2,8
5.6,5,6,38,R Dhawan,Suresh Raina,1,False,-0.5,53,Mohali,Punjab Cricket Association Stadium,False,True,36,5,6.0,47,7.833333333333333,20,131,84,14.0,6.0,2,8
6.1,6,1,39,Glenn Maxwell,Suresh Raina,2,False,-1.0,53,Mohali,Punjab Cricket Association Stadium,True,False,36,5,6.0,49,8.166666666666666,20,131,82,14.0,5.857142857142857,2,8
6.1,6,1,40,Glenn Maxwell,du Plessis,4,False,-2.0,53,Mohali,Punjab Cricket Association Stadium,False,True,37,6,6.166666666666667,53,8.594594594594595,20,131,78,13.833333333333332,5.638554216867471,2,8
6.2,6,2,41,Glenn Maxwell,du Plessis,1,False,-0.5,53,Mohali,Punjab Cricket Association Stadium,False,True,38,6,6.333333333333333,54,8.526315789473685,20,131,77,13.666666666666668,5.634146341463414,2,8
6.3,6,3,42,Glenn Maxwell,Suresh Raina,0,False,1.0,53,Mohali,Punjab Cricket Association Stadium,False,True,39,6,6.5,54,8.307692307692308,20,131,77,13.5,5.703703703703703,2,8
6.4,6,4,43,N/A,N/A,0,False,0.0,53,Mohali,Punjab Cricket Association Stadium,False,True,40,6,6.666666666666667,54,8.1,20,131,77,13.333333333333332,5.775,2,8
6.5,6,5,44,Glenn Maxwell,Suresh Raina,1,False,-0.5,53,Mohali,Punjab Cricket Association Stadium,False,True,41,6,6.833333333333333,55,8.048780487804878,20,131,76,13.166666666666668,5.772151898734177,2,8
6.6,6,6,45,Glenn Maxwell,du Plessis,0,False,1.0,53,Mohali,Punjab Cricket Association Stadium,False,True,42,6,7.0,55,7.857142857142857,20,131,76,13.0,5.846153846153846,2,8
7.1,7,1,46,Axar Patel,Suresh Raina,1,False,-0.5,53,Mohali,Punjab Cricket Association Stadium,False,True,43,7,7.166666666666667,56,7.813953488372093,20,131,75,12.833333333333332,5.8441558441558445,2,8
7.2,7,2,47,Axar Patel,du Plessis,1,False,-0.5,53,Mohali,Punjab Cricket Association Stadium,False,True,44,7,7.333333333333333,57,7.772727272727273,20,131,74,12.666666666666668,5.842105263157894,2,8
7.3,7,3,48,Axar Patel,Suresh Raina,1,False,-0.5,53,Mohali,Punjab Cricket Association Stadium,False,True,45,7,7.5,58,7.733333333333333,20,131,73,12.5,5.84,2,8
7.4,7,4,49,Axar Patel,du Plessis,1,False,-1.0,53,Mohali,Punjab Cricket Association Stadium,True,False,45,7,7.5,59,7.866666666666666,20,131,72,12.5,5.76,2,8
7.4,7,4,50,Axar Patel,du Plessis,1,False,-0.5,53,Mohali,Punjab Cricket Association Stadium,False,True,46,7,7.666666666666667,60,7.826086956521739,20,131,71,12.333333333333332,5.756756756756757,2,8
7.5,7,5,51,Axar Patel,Suresh Raina,1,False,-0.5,53,Mohali,Punjab Cricket Association Stadium,False,True,47,7,7.833333333333333,61,7.787234042553192,20,131,70,12.166666666666668,5.753424657534246,2,8
7.6,7,6,52,Axar Patel,du Plessis,2,False,-1.0,53,Mohali,Punjab Cricket Association Stadium,False,True,48,7,8.0,63,7.875,20,131,68,12.0,5.666666666666667,2,8
8.1,8,1,53,Anureet Singh,Suresh Raina,1,False,-0.5,53,Mohali,Punjab Cricket Association Stadium,False,True,49,8,8.166666666666666,64,7.836734693877552,20,131,67,11.833333333333334,5.661971830985915,2,8
8.2,8,2,54,Anureet Singh,du Plessis,1,False,-0.5,53,Mohali,Punjab Cricket Association Stadium,False,True,50,8,8.333333333333334,65,7.8,20,131,66,11.666666666666666,5.6571428571428575,2,8
8.3,8,3,55,Anureet Singh,Suresh Raina,0,False,1.0,53,Mohali,Punjab Cricket Association Stadium,False,True,51,8,8.5,65,7.647058823529412,20,131,66,11.5,5.739130434782608,2,8
8.4,8,4,56,Anureet Singh,Suresh Raina,1,False,-0.5,53,Mohali,Punjab Cricket Association Stadium,False,True,52,8,8.666666666666666,66,7.615384615384616,20,131,65,11.333333333333334,5.735294117647059,2,8
8.5,8,5,57,Anureet Singh,du Plessis,0,False,1.0,53,Mohali,Punjab Cricket Association Stadium,False,True,53,8,8.833333333333334,66,7.471698113207546,20,131,65,11.166666666666666,5.82089552238806,2,8
8.6,8,6,58,Anureet Singh,du Plessis,1,False,-0.5,53,Mohali,Punjab Cricket Association Stadium,False,True,54,8,9.0,67,7.444444444444445,20,131,64,11.0,5.818181818181818,2,8
9.1,9,1,59,Axar Patel,du Plessis,4,False,-2.0,53,Mohali,Punjab Cricket Association Stadium,False,True,55,9,9.166666666666666,71,7.745454545454546,20,131,60,10.833333333333334,5.538461538461538,2,8
9.2,9,2,60,Axar Patel,du Plessis,1,False,-0.5,53,Mohali,Punjab Cricket Association Stadium,False,True,56,9,9.333333333333334,72,7.7142857142857135,20,131,59,10.666666666666666,5.53125,2,8
9.3,9,3,61,Axar Patel,Suresh Raina,1,False,-0.5,53,Mohali,Punjab Cricket Association Stadium,False,True,57,9,9.5,73,7.684210526315789,20,131,58,10.5,5.523809523809524,2,8
9.4,9,4,62,Axar Patel,du Plessis,1,False,-0.5,53,Mohali,Punjab Cricket Association Stadium,False,True,58,9,9.666666666666666,74,7.655172413793104,20,131,57,10.333333333333334,5.516129032258064,2,8
9.5,9,5,63,Axar Patel,Suresh Raina,1,False,-0.5,53,Mohali,Punjab Cricket Association Stadium,False,True,59,9,9.833333333333334,75,7.627118644067796,20,131,56,10.166666666666666,5.508196721311475,2,8
9.6,9,6,64,Axar Patel,du Plessis,1,False,-0.5,53,Mohali,Punjab Cricket Association Stadium,False,True,60,9,10.0,76,7.6,20,131,55,10.0,5.5,2,8
10.1,10,1,65,Gurkeerat Singh Mann,du Plessis,1,False,-0.5,53,Mohali,Punjab Cricket Association Stadium,False,True,61,10,10.166666666666666,77,7.5737704918032795,20,131,54,9.833333333333334,5.491525423728813,2,8
10.2,10,2,66,Gurkeerat Singh Mann,Suresh Raina,0,False,1.0,53,Mohali,Punjab Cricket Association Stadium,False,True,62,10,10.333333333333334,77,7.451612903225806,20,131,54,9.666666666666666,5.586206896551724,2,8
10.3,10,3,67,Gurkeerat Singh Mann,Suresh Raina,1,False,-0.5,53,Mohali,Punjab Cricket Association Stadium,False,True,63,10,10.5,78,7.428571428571429,20,131,53,9.5,5.578947368421052,2,8
10.4,10,4,68,Gurkeerat Singh Mann,du Plessis,1,False,-0.5,53,Mohali,Punjab Cricket Association Stadium,False,True,64,10,10.666666666666666,79,7.40625,20,131,52,9.333333333333334,5.571428571428571,2,8
10.5,10,5,69,Gurkeerat Singh Mann,Suresh Raina,2,False,-1.0,53,Mohali,Punjab Cricket Association Stadium,False,True,65,10,10.833333333333334,81,7.476923076923076,20,131,50,9.166666666666666,5.454545454545455,2,8
10.6,10,6,70,Gurkeerat Singh Mann,Suresh Raina,0,False,1.0,53,Mohali,Punjab Cricket Association Stadium,False,True,66,10,11.0,81,7.363636363636363,20,131,50,9.0,5.555555555555555,2,8
11.1,11,1,71,Axar Patel,du Plessis,0,False,1.0,53,Mohali,Punjab Cricket Association Stadium,False,True,67,11,11.166666666666666,81,7.253731343283582,20,131,50,8.833333333333334,5.660377358490566,2,8
11.2,11,2,72,Axar Patel,du Plessis,6,False,-3.0,53,Mohali,Punjab Cricket Association Stadium,False,True,68,11,11.333333333333334,87,7.6764705882352935,20,131,44,8.666666666666666,5.0769230769230775,2,8
11.3,11,3,73,Axar Patel,du Plessis,0,False,1.0,53,Mohali,Punjab Cricket Association Stadium,False,True,69,11,11.5,87,7.565217391304348,20,131,44,8.5,5.176470588235294,2,8
11.4,11,4,74,Axar Patel,du Plessis,0,False,1.0,53,Mohali,Punjab Cricket Association Stadium,False,True,70,11,11.666666666666666,87,7.457142857142857,20,131,44,8.333333333333334,5.279999999999999,2,8
11.5,11,5,75,Axar Patel,du Plessis,4,False,-2.0,53,Mohali,Punjab Cricket Association Stadium,False,True,71,11,11.833333333333334,91,7.690140845070422,20,131,40,8.166666666666666,4.8979591836734695,2,8
11.6,11,6,76,Axar Patel,du Plessis,1,False,-0.5,53,Mohali,Punjab Cricket Association Stadium,False,True,72,11,12.0,92,7.666666666666667,20,131,39,8.0,4.875,2,8
12.1,12,1,77,Gurkeerat Singh Mann,du Plessis,0,False,1.0,53,Mohali,Punjab Cricket Association Stadium,False,True,73,12,12.166666666666666,92,7.561643835616438,20,131,39,7.833333333333334,4.978723404255319,2,8
12.2,12,2,78,Gurkeerat Singh Mann,du Plessis,1,False,-0.5,53,Mohali,Punjab Cricket Association Stadium,False,True,74,12,12.333333333333334,93,7.54054054054054,20,131,38,7.666666666666666,4.9565217391304355,2,8
12.3,12,3,79,Gurkeerat Singh Mann,Suresh Raina,2,False,-1.0,53,Mohali,Punjab Cricket Association Stadium,False,True,75,12,12.5,95,7.6,20,131,36,7.5,4.8,2,8
12.4,12,4,80,Gurkeerat Singh Mann,Suresh Raina,1,False,-0.5,53,Mohali,Punjab Cricket Association Stadium,False,True,76,12,12.666666666666666,96,7.578947368421053,20,131,35,7.333333333333334,4.7727272727272725,2,8
12.5,12,5,81,Gurkeerat Singh Mann,du Plessis,0,False,1.0,53,Mohali,Punjab Cricket Association Stadium,False,True,77,12,12.833333333333334,96,7.48051948051948,20,131,35,7.166666666666666,4.883720930232559,2,8
12.6,12,6,82,Gurkeerat Singh Mann,du Plessis,1,False,-0.5,53,Mohali,Punjab Cricket Association Stadium,False,True,78,12,13.0,97,7.461538461538462,20,131,34,7.0,4.857142857142857,2,8
13.1,13,1,83,R Dhawan,du Plessis,2,False,-1.0,53,Mohali,Punjab Cricket Association Stadium,False,True,79,13,13.166666666666666,99,7.518987341772152,20,131,32,6.833333333333334,4.682926829268292,2,8
13.2,13,2,84,R Dhawan,du Plessis,1,False,-1.0,53,Mohali,Punjab Cricket Association Stadium,True,False,79,13,13.166666666666666,100,7.59493670886076,20,131,31,6.833333333333334,4.536585365853658,2,8
13.2,13,2,85,R Dhawan,du Plessis,2,False,-1.0,53,Mohali,Punjab Cricket Association Stadium,False,True,80,13,13.333333333333334,102,7.6499999999999995,20,131,29,6.666666666666666,4.3500000000000005,2,8
13.3,13,3,86,R Dhawan,du Plessis,0,True,5.0,53,Mohali,Punjab Cricket Association Stadium,False,True,81,13,13.5,102,7.555555555555555,20,131,29,6.5,4.461538461538462,3,7
13.4,13,4,87,R Dhawan,MS Dhoni,0,False,1.0,53,Mohali,Punjab Cricket Association Stadium,False,True,82,13,13.666666666666666,102,7.463414634146342,20,131,29,6.333333333333334,4.578947368421052,3,7
13.5,13,5,88,R Dhawan,MS Dhoni,0,False,1.0,53,Mohali,Punjab Cricket Association Stadium,False,True,83,13,13.833333333333334,102,7.373493975903614,20,131,29,6.166666666666666,4.7027027027027035,3,7
13.6,13,6,89,R Dhawan,MS Dhoni,0,False,1.0,53,Mohali,Punjab Cricket Association Stadium,False,True,84,13,14.0,102,7.285714285714286,20,131,29,6.0,4.833333333333333,3,7
14.1,14,1,90,Anureet Singh,Suresh Raina,1,False,-0.5,53,Mohali,Punjab Cricket Association Stadium,False,True,85,14,14.166666666666666,103,7.270588235294118,20,131,28,5.833333333333334,4.8,3,7
14.2,14,2,91,Anureet Singh,MS Dhoni,1,False,-0.5,53,Mohali,Punjab Cricket Association Stadium,False,True,86,14,14.333333333333334,104,7.255813953488372,20,131,27,5.666666666666666,4.764705882352942,3,7
14.3,14,3,92,Anureet Singh,Suresh Raina,1,False,-0.5,53,Mohali,Punjab Cricket Association Stadium,False,True,87,14,14.5,105,7.241379310344827,20,131,26,5.5,4.7272727272727275,3,7
14.4,14,4,93,Anureet Singh,MS Dhoni,4,False,-2.0,53,Mohali,Punjab Cricket Association Stadium,False,True,88,14,14.666666666666666,109,7.4318181818181825,20,131,22,5.333333333333334,4.124999999999999,3,7
14.5,14,5,94,Anureet Singh,MS Dhoni,2,False,-1.0,53,Mohali,Punjab Cricket Association Stadium,False,True,89,14,14.833333333333334,111,7.48314606741573,20,131,20,5.166666666666666,3.8709677419354844,3,7
14.6,14,6,95,Anureet Singh,MS Dhoni,0,False,1.0,53,Mohali,Punjab Cricket Association Stadium,False,True,90,14,15.0,111,7.4,20,131,20,5.0,4.0,3,7
15.1,15,1,96,Beuran Hendricks,Suresh Raina,1,False,-0.5,53,Mohali,Punjab Cricket Association Stadium,False,True,91,15,15.166666666666666,112,7.384615384615385,20,131,19,4.833333333333334,3.93103448275862,3,7
15.2,15,2,97,Beuran Hendricks,MS Dhoni,0,False,1.0,53,Mohali,Punjab Cricket Association Stadium,False,True,92,15,15.333333333333334,112,7.304347826086956,20,131,19,4.666666666666666,4.071428571428572,3,7
15.3,15,3,98,Beuran Hendricks,MS Dhoni,0,False,1.0,53,Mohali,Punjab Cricket Association Stadium,False,True,93,15,15.5,112,7.225806451612903,20,131,19,4.5,4.222222222222222,3,7
15.4,15,4,99,Beuran Hendricks,MS Dhoni,0,False,1.0,53,Mohali,Punjab Cricket Association Stadium,False,True,94,15,15.666666666666666,112,7.1489361702127665,20,131,19,4.333333333333334,4.384615384615384,3,7
15.5,15,5,100,Beuran Hendricks,MS Dhoni,4,False,-2.0,53,Mohali,Punjab Cricket Association Stadium,False,True,95,15,15.833333333333334,116,7.326315789473684,20,131,15,4.166666666666666,3.6000000000000005,3,7
15.6,15,6,101,Beuran Hendricks,MS Dhoni,1,False,-0.5,53,Mohali,Punjab Cricket Association Stadium,False,True,96,15,16.0,117,7.3125,20,131,14,4.0,3.5,3,7
16.1,16,1,102,Anureet Singh,MS Dhoni,0,False,1.0,53,Mohali,Punjab Cricket Association Stadium,False,True,97,16,16.166666666666668,117,7.237113402061855,20,131,14,3.833333333333332,3.6521739130434794,3,7
16.2,16,2,103,Anureet Singh,MS Dhoni,6,False,-3.0,53,Mohali,Punjab Cricket Association Stadium,False,True,98,16,16.333333333333332,123,7.530612244897959,20,131,8,3.666666666666668,2.181818181818181,3,7
16.3,16,3,104,Anureet Singh,MS Dhoni,6,False,-3.0,53,Mohali,Punjab Cricket Association Stadium,False,True,99,16,16.5,129,7.818181818181818,20,131,2,3.5,0.5714285714285714,3,7
16.4,16,4,105,Anureet Singh,MS Dhoni,1,False,-0.5,53,Mohali,Punjab Cricket Association Stadium,False,True,100,16,16.666666666666668,130,7.8,20,131,1,3.333333333333332,0.3000000000000001,3,7
16.5,16,5,106,Anureet Singh,Suresh Raina,4,False,-2.0,53,Mohali,Punjab Cricket Association Stadium,False,True,101,16,16.833333333333332,134,7.960396039603961,20,131,0,3.166666666666668,0.0,3,7
