Ball Number,over,ball,Ball,bowler,batsman,Runs,is_wicket,bowler_score,match_id,city,stadium,is_extra,legal_delivery,legal_deliveries_count,overs_completed,overs_bowled,total_runs,current_run_rate,total_overs,target,runs_needed,overs_remaining,required_run_rate,wickets_fallen,wickets_in_hand
0.1,0,1,1,Jayant Yadav,Virat Kohli,0,False,1.0,55,Bangalore,M Chinnaswamy Stadium,False,True,1,0,0.16666666666666666,0,0.0,20,188,188,19.833333333333332,9.478991596638656,0,10
0.2,0,2,2,Jayant Yadav,Virat Kohli,1,False,-0.5,55,Bangalore,M Chinnaswamy Stadium,False,True,2,0,0.3333333333333333,1,3.0,20,188,187,19.666666666666668,9.508474576271185,0,10
0.3,0,3,3,Jayant Yadav,Chris Gayle,0,False,1.0,55,Bangalore,M Chinnaswamy Stadium,False,True,3,0,0.5,1,2.0,20,188,187,19.5,9.58974358974359,0,10
0.4,0,4,4,Jayant Yadav,Chris Gayle,0,False,1.0,55,Bangalore,M Chinnaswamy Stadium,False,True,4,0,0.6666666666666666,1,1.5,20,188,187,19.333333333333332,9.672413793103448,0,10
0.5,0,5,5,Jayant Yadav,Chris Gayle,0,False,1.0,55,Bangalore,M Chinnaswamy Stadium,False,True,5,0,0.8333333333333334,1,1.2,20,188,187,19.166666666666668,9.756521739130434,0,10
0.6,0,6,6,Jayant Yadav,Chris Gayle,1,False,-0.5,55,Bangalore,M Chinnaswamy Stadium,False,True,6,0,1.0,2,2.0,20,188,186,19.0,9.789473684210526,0,10
1.1,1,1,7,Zaheer Khan,Chris Gayle,0,False,1.0,55,Bangalore,M Chinnaswamy Stadium,False,True,7,1,1.1666666666666667,2,1.7142857142857142,20,188,186,18.833333333333332,9.876106194690266,0,10
