Ball Number,over,ball,Ball,bowler,batsman,Runs,is_wicket,bowler_score,match_id,city,stadium,is_extra,legal_delivery,legal_deliveries_count,overs_completed,overs_bowled,total_runs,current_run_rate,total_overs,target,runs_needed,overs_remaining,required_run_rate,wickets_fallen,wickets_in_hand
0.1,0,1,1,Ashish Nehra,Chris Gayle,0,False,1.0,59,Ranchi,JSCA International Stadium Complex,False,True,1,0,0.16666666666666666,0,0.0,20,140,140,19.833333333333332,7.058823529411765,0,10
0.2,0,2,2,Ashish Nehra,Chris Gayle,6,False,-3.0,59,Ranchi,JSCA International Stadium Complex,False,True,2,0,0.3333333333333333,6,18.0,20,140,134,19.666666666666668,6.813559322033898,0,10
0.3,0,3,3,Ashish Nehra,Chris Gayle,0,False,1.0,59,Ranchi,JSCA International Stadium Complex,False,True,3,0,0.5,6,12.0,20,140,134,19.5,6.871794871794871,0,10
0.4,0,4,4,Ashish Nehra,Chris Gayle,0,False,1.0,59,Ranchi,JSCA International Stadium Complex,False,True,4,0,0.6666666666666666,6,9.0,20,140,134,19.333333333333332,6.931034482758621,0,10
0.5,0,5,5,Ashish Nehra,Chris Gayle,0,False,1.0,59,Ranchi,JSCA International Stadium Complex,False,True,5,0,0.8333333333333334,6,7.199999999999999,20,140,134,19.166666666666668,6.991304347826087,0,10
0.6,0,6,6,Ashish Nehra,Chris Gayle,0,False,1.0,59,Ranchi,JSCA International Stadium Complex,False,True,6,0,1.0,6,6.0,20,140,134,19.0,7.052631578947368,0,10
1.1,1,1,7,Ravichandran Ashwin,Virat Kohli,1,False,-0.5,59,Ranchi,JSCA International Stadium Complex,False,True,7,1,1.1666666666666667,7,6.0,20,140,133,18.833333333333332,7.061946902654868,0,10
1.2,1,2,8,Ravichandran Ashwin,Chris Gayle,0,False,1.0,59,Ranchi,JSCA International Stadium Complex,False,True,8,1,1.3333333333333333,7,5.25,20,140,133,18.666666666666668,7.124999999999999,0,10
1.3,1,3,9,Ravichandran Ashwin,Chris Gayle,0,False,1.0,59,Ranchi,JSCA International Stadium Complex,False,True,9,1,1.5,7,4.666666666666667,20,140,133,18.5,7.1891891891891895,0,10
1.4,1,4,10,Ravichandran Ashwin,Chris Gayle,0,False,1.0,59,Ranchi,JSCA International Stadium Complex,False,True,10,1,1.6666666666666665,7,4.2,20,140,133,18.333333333333332,7.254545454545455,0,10
1.5,1,5,11,Ravichandran Ashwin,Chris Gayle,4,False,-2.0,59,Ranchi,JSCA International Stadium Complex,False,True,11,1,1.8333333333333335,11,5.999999999999999,20,140,129,18.166666666666668,7.10091743119266,0,10
1.6,1,6,12,Ravichandran Ashwin,Chris Gayle,0,False,1.0,59,Ranchi,JSCA International Stadium Complex,False,True,12,1,2.0,11,5.5,20,140,129,18.0,7.166666666666667,0,10
2.1,2,1,13,Ashish Nehra,Virat Kohli,0,False,1.0,59,Ranchi,JSCA International Stadium Complex,False,True,13,2,2.1666666666666665,11,5.0769230769230775,20,140,129,17.833333333333332,7.233644859813085,0,10
2.2,2,2,14,Ashish Nehra,Virat Kohli,0,False,1.0,59,Ranchi,JSCA International Stadium Complex,False,True,14,2,2.3333333333333335,11,4.714285714285714,20,140,129,17.666666666666668,7.30188679245283,0,10
2.3,2,3,15,Ashish Nehra,Virat Kohli,0,False,1.0,59,Ranchi,JSCA International Stadium Complex,False,True,15,2,2.5,11,4.4,20,140,129,17.5,7.371428571428571,0,10
2.4,2,4,16,Ashish Nehra,Virat Kohli,4,False,-2.0,59,Ranchi,JSCA International Stadium Complex,False,True,16,2,2.6666666666666665,15,5.625,20,140,125,17.333333333333332,7.211538461538462,0,10
2.5,2,5,17,Ashish Nehra,Virat Kohli,6,False,-3.0,59,Ranchi,JSCA International Stadium Complex,False,True,17,2,2.8333333333333335,21,7.411764705882352,20,140,119,17.166666666666668,6.932038834951456,0,10
2.6,2,6,18,Ashish Nehra,Virat Kohli,0,False,1.0,59,Ranchi,JSCA International Stadium Complex,False,True,18,2,3.0,21,7.0,20,140,119,17.0,7.0,0,10
3.1,3,1,19,Ravichandran Ashwin,Chris Gayle,1,False,-0.5,59,Ranchi,JSCA International Stadium Complex,False,True,19,3,3.1666666666666665,22,6.947368421052632,20,140,118,16.833333333333332,7.009900990099011,0,10
3.2,3,2,20,Ravichandran Ashwin,Virat Kohli,1,False,-0.5,59,Ranchi,JSCA International Stadium Complex,False,True,20,3,3.3333333333333335,23,6.8999999999999995,20,140,117,16.666666666666668,7.02,0,10
3.3,3,3,21,Ravichandran Ashwin,Chris Gayle,0,False,1.0,59,Ranchi,JSCA International Stadium Complex,False,True,21,3,3.5,23,6.571428571428571,20,140,117,16.5,7.090909090909091,0,10
3.4,3,4,22,Ravichandran Ashwin,Chris Gayle,0,False,1.0,59,Ranchi,JSCA International Stadium Complex,False,True,22,3,3.6666666666666665,23,6.272727272727273,20,140,117,16.333333333333332,7.163265306122449,0,10
3.5,3,5,23,Ravichandran Ashwin,Chris Gayle,0,False,1.0,59,Ranchi,JSCA International Stadium Complex,False,True,23,3,3.8333333333333335,23,6.0,20,140,117,16.166666666666668,7.237113402061855,0,10
3.6,3,6,24,Ravichandran Ashwin,Chris Gayle,0,False,1.0,59,Ranchi,JSCA International Stadium Complex,False,True,24,3,4.0,23,5.75,20,140,117,16.0,7.3125,0,10
4.1,4,1,25,Ashish Nehra,Virat Kohli,0,True,5.0,59,Ranchi,JSCA International Stadium Complex,False,True,25,4,4.166666666666667,23,5.52,20,140,117,15.833333333333332,7.389473684210527,1,9
4.2,4,2,26,Ashish Nehra,de Villiers,1,False,-0.5,59,Ranchi,JSCA International Stadium Complex,False,True,26,4,4.333333333333333,24,5.538461538461539,20,140,116,15.666666666666668,7.404255319148936,1,9
4.3,4,3,27,Ashish Nehra,Chris Gayle,0,False,1.0,59,Ranchi,JSCA International Stadium Complex,False,True,27,4,4.5,24,5.333333333333333,20,140,116,15.5,7.483870967741935,1,9
4.4,4,4,28,Ashish Nehra,Chris Gayle,1,False,-0.5,59,Ranchi,JSCA International Stadium Complex,False,True,28,4,4.666666666666667,25,5.357142857142857,20,140,115,15.333333333333332,7.500000000000001,1,9
4.5,4,5,29,Ashish Nehra,de Villiers,0,False,1.0,59,Ranchi,JSCA International Stadium Complex,False,True,29,4,4.833333333333333,25,5.172413793103448,20,140,115,15.166666666666668,7.582417582417582,1,9
4.6,4,6,30,Ashish Nehra,de Villiers,0,True,5.0,59,Ranchi,JSCA International Stadium Complex,False,True,30,4,5.0,25,5.0,20,140,115,15.0,7.666666666666667,2,8
5.1,5,1,31,Ravichandran Ashwin,Chris Gayle,0,False,1.0,59,Ranchi,JSCA International Stadium Complex,False,True,31,5,5.166666666666667,25,4.838709677419355,20,140,115,14.833333333333332,7.752808988764046,2,8
5.2,5,2,32,Ravichandran Ashwin,Chris Gayle,1,False,-0.5,59,Ranchi,JSCA International Stadium Complex,False,True,32,5,5.333333333333333,26,4.875,20,140,114,14.666666666666668,7.7727272727272725,2,8
5.3,5,3,33,Ravichandran Ashwin,Mandeep Singh,0,False,1.0,59,Ranchi,JSCA International Stadium Complex,False,True,33,5,5.5,26,4.7272727272727275,20,140,114,14.5,7.862068965517241,2,8
5.4,5,4,34,Ravichandran Ashwin,Mandeep Singh,2,False,-1.0,59,Ranchi,JSCA International Stadium Complex,False,True,34,5,5.666666666666667,28,4.941176470588235,20,140,112,14.333333333333332,7.813953488372094,2,8
5.5,5,5,35,Ravichandran Ashwin,Mandeep Singh,0,False,1.0,59,Ranchi,JSCA International Stadium Complex,False,True,35,5,5.833333333333333,28,4.8,20,140,112,14.166666666666668,7.905882352941176,2,8
5.6,5,6,36,Ravichandran Ashwin,Mandeep Singh,1,False,-0.5,59,Ranchi,JSCA International Stadium Complex,False,True,36,5,6.0,29,4.833333333333333,20,140,111,14.0,7.928571428571429,2,8
6.1,6,1,37,Mohit Sharma,Mandeep Singh,0,False,1.0,59,Ranchi,JSCA International Stadium Complex,False,True,37,6,6.166666666666667,29,4.702702702702703,20,140,111,13.833333333333332,8.024096385542169,2,8
6.2,6,2,38,Mohit Sharma,Mandeep Singh,1,False,-0.5,59,Ranchi,JSCA International Stadium Complex,False,True,38,6,6.333333333333333,30,4.736842105263158,20,140,110,13.666666666666668,8.048780487804878,2,8
6.3,6,3,39,Mohit Sharma,Chris Gayle,0,False,1.0,59,Ranchi,JSCA International Stadium Complex,False,True,39,6,6.5,30,4.615384615384615,20,140,110,13.5,8.148148148148149,2,8
6.4,6,4,40,Mohit Sharma,Chris Gayle,2,False,-1.0,59,Ranchi,JSCA International Stadium Complex,False,True,40,6,6.666666666666667,32,4.8,20,140,108,13.333333333333332,8.100000000000001,2,8
6.5,6,5,41,Mohit Sharma,Chris Gayle,0,False,1.0,59,Ranchi,JSCA International Stadium Complex,False,True,41,6,6.833333333333333,32,4.682926829268293,20,140,108,13.166666666666668,8.20253164556962,2,8
6.6,6,6,42,Mohit Sharma,Chris Gayle,4,False,-2.0,59,Ranchi,JSCA International Stadium Complex,False,True,42,6,7.0,36,5.142857142857143,20,140,104,13.0,8.0,2,8
7.1,7,1,43,Ravichandran Ashwin,Mandeep Singh,0,True,5.0,59,Ranchi,JSCA International Stadium Complex,False,True,43,7,7.166666666666667,36,5.023255813953488,20,140,104,12.833333333333332,8.103896103896105,3,7
7.2,7,2,44,Ravichandran Ashwin,Dinesh Karthik,0,False,1.0,59,Ranchi,JSCA International Stadium Complex,False,True,44,7,7.333333333333333,36,4.909090909090909,20,140,104,12.666666666666668,8.210526315789473,3,7
7.3,7,3,45,Ravichandran Ashwin,Dinesh Karthik,0,False,1.0,59,Ranchi,JSCA International Stadium Complex,False,True,45,7,7.5,36,4.8,20,140,104,12.5,8.32,3,7
7.4,7,4,46,Ravichandran Ashwin,Dinesh Karthik,2,False,-1.0,59,Ranchi,JSCA International Stadium Complex,False,True,46,7,7.666666666666667,38,4.956521739130435,20,140,102,12.333333333333332,8.270270270270272,3,7
7.5,7,5,47,Ravichandran Ashwin,Dinesh Karthik,0,False,1.0,59,Ranchi,JSCA International Stadium Complex,False,True,47,7,7.833333333333333,38,4.851063829787234,20,140,102,12.166666666666668,8.383561643835616,3,7
7.6,7,6,48,N/A,N/A,0,False,0.0,59,Ranchi,JSCA International Stadium Complex,False,True,48,7,8.0,38,4.75,20,140,102,12.0,8.5,3,7
8.1,8,1,49,Mohit Sharma,Chris Gayle,0,False,1.0,59,Ranchi,JSCA International Stadium Complex,False,True,49,8,8.166666666666666,38,4.653061224489797,20,140,102,11.833333333333334,8.619718309859154,3,7
8.2,8,2,50,Mohit Sharma,Chris Gayle,0,False,1.0,59,Ranchi,JSCA International Stadium Complex,False,True,50,8,8.333333333333334,38,4.56,20,140,102,11.666666666666666,8.742857142857144,3,7
8.3,8,3,51,Mohit Sharma,Chris Gayle,1,False,-0.5,59,Ranchi,JSCA International Stadium Complex,False,True,51,8,8.5,39,4.588235294117647,20,140,101,11.5,8.782608695652174,3,7
8.4,8,4,52,Mohit Sharma,Dinesh Karthik,0,False,1.0,59,Ranchi,JSCA International Stadium Complex,False,True,52,8,8.666666666666666,39,4.5,20,140,101,11.333333333333334,8.911764705882353,3,7
8.5,8,5,53,Mohit Sharma,Dinesh Karthik,1,False,-0.5,59,Ranchi,JSCA International Stadium Complex,False,True,53,8,8.833333333333334,40,4.528301886792453,20,140,100,11.166666666666666,8.955223880597016,3,7
8.6,8,6,54,Mohit Sharma,Chris Gayle,1,False,-0.5,59,Ranchi,JSCA International Stadium Complex,False,True,54,8,9.0,41,4.555555555555555,20,140,99,11.0,9.0,3,7
9.1,9,1,55,Suresh Raina,Chris Gayle,0,False,1.0,59,Ranchi,JSCA International Stadium Complex,False,True,55,9,9.166666666666666,41,4.472727272727273,20,140,99,10.833333333333334,9.138461538461538,3,7
9.2,9,2,56,Suresh Raina,Chris Gayle,1,False,-0.5,59,Ranchi,JSCA International Stadium Complex,False,True,56,9,9.333333333333334,42,4.5,20,140,98,10.666666666666666,9.1875,3,7
9.3,9,3,57,Suresh Raina,Dinesh Karthik,1,False,-0.5,59,Ranchi,JSCA International Stadium Complex,False,True,57,9,9.5,43,4.526315789473684,20,140,97,10.5,9.238095238095237,3,7
9.4,9,4,58,Suresh Raina,Chris Gayle,1,False,-1.0,59,Ranchi,JSCA International Stadium Complex,True,False,57,9,9.5,44,4.631578947368421,20,140,96,10.5,9.142857142857142,3,7
9.4,9,4,59,Suresh Raina,Chris Gayle,1,False,-0.5,59,Ranchi,JSCA International Stadium Complex,False,True,58,9,9.666666666666666,45,4.655172413793104,20,140,95,10.333333333333334,9.193548387096774,3,7
9.5,9,5,60,Suresh Raina,Dinesh Karthik,0,False,1.0,59,Ranchi,JSCA International Stadium Complex,False,True,59,9,9.833333333333334,45,4.576271186440677,20,140,95,10.166666666666666,9.344262295081968,3,7
9.6,9,6,61,Suresh Raina,Dinesh Karthik,1,False,-0.5,59,Ranchi,JSCA International Stadium Complex,False,True,60,9,10.0,46,4.6,20,140,94,10.0,9.4,3,7
10.1,10,1,62,Mohit Sharma,Dinesh Karthik,1,False,-0.5,59,Ranchi,JSCA International Stadium Complex,False,True,61,10,10.166666666666666,47,4.622950819672131,20,140,93,9.833333333333334,9.457627118644067,3,7
10.2,10,2,63,Mohit Sharma,Chris Gayle,0,False,1.0,59,Ranchi,JSCA International Stadium Complex,False,True,62,10,10.333333333333334,47,4.548387096774193,20,140,93,9.666666666666666,9.620689655172415,3,7
10.3,10,3,64,Mohit Sharma,Chris Gayle,2,False,-1.0,59,Ranchi,JSCA International Stadium Complex,False,True,63,10,10.5,49,4.666666666666667,20,140,91,9.5,9.578947368421053,3,7
10.4,10,4,65,Mohit Sharma,Chris Gayle,1,False,-0.25,59,Ranchi,JSCA International Stadium Complex,False,True,64,10,10.666666666666666,50,4.6875,20,140,90,9.333333333333334,9.642857142857142,3,7
10.5,10,5,66,Mohit Sharma,Dinesh Karthik,1,False,-0.5,59,Ranchi,JSCA International Stadium Complex,False,True,65,10,10.833333333333334,51,4.707692307692308,20,140,89,9.166666666666666,9.709090909090909,3,7
10.6,10,6,67,Mohit Sharma,Chris Gayle,1,False,-0.5,59,Ranchi,JSCA International Stadium Complex,False,True,66,10,11.0,52,4.7272727272727275,20,140,88,9.0,9.777777777777779,3,7
11.1,11,1,68,Suresh Raina,Chris Gayle,1,False,-0.5,59,Ranchi,JSCA International Stadium Complex,False,True,67,11,11.166666666666666,53,4.746268656716418,20,140,87,8.833333333333334,9.849056603773585,3,7
11.2,11,2,69,Suresh Raina,Dinesh Karthik,4,False,-2.0,59,Ranchi,JSCA International Stadium Complex,False,True,68,11,11.333333333333334,57,5.029411764705882,20,140,83,8.666666666666666,9.576923076923078,3,7
11.3,11,3,70,Suresh Raina,Dinesh Karthik,4,False,-2.0,59,Ranchi,JSCA International Stadium Complex,False,True,69,11,11.5,61,5.304347826086956,20,140,79,8.5,9.294117647058824,3,7
11.4,11,4,71,Suresh Raina,Dinesh Karthik,2,False,-1.0,59,Ranchi,JSCA International Stadium Complex,False,True,70,11,11.666666666666666,63,5.4,20,140,77,8.333333333333334,9.24,3,7
11.5,11,5,72,Suresh Raina,Dinesh Karthik,1,False,-0.5,59,Ranchi,JSCA International Stadium Complex,False,True,71,11,11.833333333333334,64,5.408450704225352,20,140,76,8.166666666666666,9.306122448979593,3,7
11.6,11,6,73,Suresh Raina,Chris Gayle,1,False,-0.5,59,Ranchi,JSCA International Stadium Complex,False,True,72,11,12.0,65,5.416666666666667,20,140,75,8.0,9.375,3,7
12.1,12,1,74,Dwayne Bravo,Chris Gayle,0,False,1.0,59,Ranchi,JSCA International Stadium Complex,False,True,73,12,12.166666666666666,65,5.342465753424658,20,140,75,7.833333333333334,9.574468085106382,3,7
12.2,12,2,75,Dwayne Bravo,Chris Gayle,0,False,1.0,59,Ranchi,JSCA International Stadium Complex,False,True,74,12,12.333333333333334,65,5.27027027027027,20,140,75,7.666666666666666,9.782608695652174,3,7
12.3,12,3,76,Dwayne Bravo,Chris Gayle,1,False,-0.5,59,Ranchi,JSCA International Stadium Complex,False,True,75,12,12.5,66,5.28,20,140,74,7.5,9.866666666666667,3,7
12.4,12,4,77,Dwayne Bravo,Dinesh Karthik,1,False,-1.0,59,Ranchi,JSCA International Stadium Complex,True,False,75,12,12.5,67,5.36,20,140,73,7.5,9.733333333333333,3,7
12.4,12,4,78,Dwayne Bravo,Dinesh Karthik,0,False,1.0,59,Ranchi,JSCA International Stadium Complex,False,True,76,12,12.666666666666666,67,5.2894736842105265,20,140,73,7.333333333333334,9.954545454545453,3,7
12.5,12,5,79,Dwayne Bravo,Dinesh Karthik,0,False,1.0,59,Ranchi,JSCA International Stadium Complex,False,True,77,12,12.833333333333334,67,5.220779220779221,20,140,73,7.166666666666666,10.186046511627907,3,7
12.6,12,6,80,Dwayne Bravo,Dinesh Karthik,0,False,1.0,59,Ranchi,JSCA International Stadium Complex,False,True,78,12,13.0,67,5.153846153846154,20,140,73,7.0,10.428571428571429,3,7
13.1,13,1,81,Suresh Raina,Chris Gayle,6,False,-3.0,59,Ranchi,JSCA International Stadium Complex,False,True,79,13,13.166666666666666,73,5.544303797468355,20,140,67,6.833333333333334,9.804878048780488,3,7
13.2,13,2,82,Suresh Raina,Chris Gayle,6,False,-3.0,59,Ranchi,JSCA International Stadium Complex,False,True,80,13,13.333333333333334,79,5.925,20,140,61,6.666666666666666,9.15,3,7
13.3,13,3,83,Suresh Raina,Chris Gayle,1,False,-1.0,59,Ranchi,JSCA International Stadium Complex,True,False,80,13,13.333333333333334,80,6.0,20,140,60,6.666666666666666,9.0,3,7
13.3,13,3,84,Suresh Raina,Chris Gayle,0,True,5.0,59,Ranchi,JSCA International Stadium Complex,False,True,81,13,13.5,80,5.925925925925926,20,140,60,6.5,9.23076923076923,4,6
13.4,13,4,85,Suresh Raina,Dinesh Karthik,4,False,-2.0,59,Ranchi,JSCA International Stadium Complex,False,True,82,13,13.666666666666666,84,6.146341463414634,20,140,56,6.333333333333334,8.842105263157894,4,6
13.5,13,5,86,Suresh Raina,Dinesh Karthik,1,False,-0.25,59,Ranchi,JSCA International Stadium Complex,False,True,83,13,13.833333333333334,85,6.144578313253012,20,140,55,6.166666666666666,8.91891891891892,4,6
13.6,13,6,87,Suresh Raina,Sarfaraz Khan,1,False,-0.5,59,Ranchi,JSCA International Stadium Complex,False,True,84,13,14.0,86,6.142857142857143,20,140,54,6.0,9.0,4,6
14.1,14,1,88,Pawan Negi,Sarfaraz Khan,2,False,-1.0,59,Ranchi,JSCA International Stadium Complex,False,True,85,14,14.166666666666666,88,6.211764705882353,20,140,52,5.833333333333334,8.914285714285713,4,6
14.2,14,2,89,Pawan Negi,Sarfaraz Khan,0,False,1.0,59,Ranchi,JSCA International Stadium Complex,False,True,86,14,14.333333333333334,88,6.13953488372093,20,140,52,5.666666666666666,9.176470588235295,4,6
14.3,14,3,90,Pawan Negi,Sarfaraz Khan,0,False,1.0,59,Ranchi,JSCA International Stadium Complex,False,True,87,14,14.5,88,6.068965517241379,20,140,52,5.5,9.454545454545455,4,6
14.4,14,4,91,Pawan Negi,Sarfaraz Khan,1,False,-0.5,59,Ranchi,JSCA International Stadium Complex,False,True,88,14,14.666666666666666,89,6.068181818181818,20,140,51,5.333333333333334,9.562499999999998,4,6
14.5,14,5,92,Pawan Negi,Dinesh Karthik,0,False,1.0,59,Ranchi,JSCA International Stadium Complex,False,True,89,14,14.833333333333334,89,6.0,20,140,51,5.166666666666666,9.870967741935486,4,6
14.6,14,6,93,Pawan Negi,Dinesh Karthik,1,False,-0.5,59,Ranchi,JSCA International Stadium Complex,False,True,90,14,15.0,90,6.0,20,140,50,5.0,10.0,4,6
15.1,15,1,94,Ravindra Jadeja,Dinesh Karthik,1,False,-0.5,59,Ranchi,JSCA International Stadium Complex,False,True,91,15,15.166666666666666,91,6.0,20,140,49,4.833333333333334,10.137931034482758,4,6
15.2,15,2,95,Ravindra Jadeja,Sarfaraz Khan,4,False,-2.0,59,Ranchi,JSCA International Stadium Complex,False,True,92,15,15.333333333333334,95,6.195652173913043,20,140,45,4.666666666666666,9.642857142857144,4,6
15.3,15,3,96,Ravindra Jadeja,Sarfaraz Khan,4,False,-2.0,59,Ranchi,JSCA International Stadium Complex,False,True,93,15,15.5,99,6.387096774193548,20,140,41,4.5,9.11111111111111,4,6
15.4,15,4,97,Ravindra Jadeja,Sarfaraz Khan,2,False,-1.0,59,Ranchi,JSCA International Stadium Complex,False,True,94,15,15.666666666666666,101,6.446808510638298,20,140,39,4.333333333333334,8.999999999999998,4,6
15.5,15,5,98,Ravindra Jadeja,Sarfaraz Khan,2,False,-1.0,59,Ranchi,JSCA International Stadium Complex,False,True,95,15,15.833333333333334,103,6.505263157894737,20,140,37,4.166666666666666,8.88,4,6
15.6,15,6,99,Ravindra Jadeja,Sarfaraz Khan,0,False,1.0,59,Ranchi,JSCA International Stadium Complex,False,True,96,15,16.0,103,6.4375,20,140,37,4.0,9.25,4,6
16.1,16,1,100,Ashish Nehra,Dinesh Karthik,4,False,-2.0,59,Ranchi,JSCA International Stadium Complex,False,True,97,16,16.166666666666668,107,6.618556701030927,20,140,33,3.833333333333332,8.608695652173916,4,6
16.2,16,2,101,Ashish Nehra,Dinesh Karthik,0,True,5.0,59,Ranchi,JSCA International Stadium Complex,False,True,98,16,16.333333333333332,107,6.551020408163266,20,140,33,3.666666666666668,8.999999999999996,5,5
16.3,16,3,102,Ashish Nehra,Sarfaraz Khan,1,False,-0.5,59,Ranchi,JSCA International Stadium Complex,False,True,99,16,16.5,108,6.545454545454546,20,140,32,3.5,9.142857142857142,5,5
16.4,16,4,103,Ashish Nehra,David Wiese,1,False,-1.0,59,Ranchi,JSCA International Stadium Complex,True,False,99,16,16.5,109,6.606060606060606,20,140,31,3.5,8.857142857142858,5,5
16.4,16,4,104,Ashish Nehra,David Wiese,1,False,-0.5,59,Ranchi,JSCA International Stadium Complex,False,True,100,16,16.666666666666668,110,6.6,20,140,30,3.333333333333332,9.000000000000004,5,5
16.5,16,5,105,Ashish Nehra,Sarfaraz Khan,1,False,-0.5,59,Ranchi,JSCA International Stadium Complex,False,True,101,16,16.833333333333332,111,6.594059405940595,20,140,29,3.166666666666668,9.157894736842103,5,5
16.6,16,6,106,Ashish Nehra,David Wiese,2,False,-1.0,59,Ranchi,JSCA International Stadium Complex,False,True,102,16,17.0,113,6.647058823529412,20,140,27,3.0,9.0,5,5
17.1,17,1,107,Dwayne Bravo,Sarfaraz Khan,1,False,-0.5,59,Ranchi,JSCA International Stadium Complex,False,True,103,17,17.166666666666668,114,6.640776699029126,20,140,26,2.833333333333332,9.176470588235299,5,5
17.2,17,2,108,Dwayne Bravo,David Wiese,1,False,-0.5,59,Ranchi,JSCA International Stadium Complex,False,True,104,17,17.333333333333332,115,6.634615384615385,20,140,25,2.666666666666668,9.374999999999996,5,5
17.3,17,3,109,Dwayne Bravo,Sarfaraz Khan,1,False,-0.5,59,Ranchi,JSCA International Stadium Complex,False,True,105,17,17.5,116,6.628571428571429,20,140,24,2.5,9.6,5,5
17.4,17,4,110,Dwayne Bravo,David Wiese,6,False,-3.0,59,Ranchi,JSCA International Stadium Complex,False,True,106,17,17.666666666666668,122,6.90566037735849,20,140,18,2.333333333333332,7.714285714285718,5,5
17.5,17,5,111,Dwayne Bravo,David Wiese,0,False,1.0,59,Ranchi,JSCA International Stadium Complex,False,True,107,17,17.833333333333332,122,6.841121495327103,20,140,18,2.166666666666668,8.307692307692303,5,5
17.6,17,6,112,Dwayne Bravo,David Wiese,2,False,-1.0,59,Ranchi,JSCA International Stadium Complex,False,True,108,17,18.0,124,6.888888888888889,20,140,16,2.0,8.0,5,5
18.1,18,1,113,Mohit Sharma,Sarfaraz Khan,1,False,-0.5,59,Ranchi,JSCA International Stadium Complex,False,True,109,18,18.166666666666668,125,6.880733944954128,20,140,15,1.8333333333333321,8.181818181818187,5,5
18.2,18,2,114,Mohit Sharma,David Wiese,0,True,5.0,59,Ranchi,JSCA International Stadium Complex,False,True,110,18,18.333333333333332,125,6.818181818181818,20,140,15,1.6666666666666679,8.999999999999993,6,4
18.3,18,3,115,Mohit Sharma,Sarfaraz Khan,1,False,-0.5,59,Ranchi,JSCA International Stadium Complex,False,True,111,18,18.5,126,6.8108108108108105,20,140,14,1.5,9.333333333333334,6,4
18.4,18,4,116,Mohit Sharma,Harshal Patel,1,False,-0.5,59,Ranchi,JSCA International Stadium Complex,False,True,112,18,18.666666666666668,127,6.803571428571428,20,140,13,1.3333333333333321,9.750000000000009,6,4
18.5,18,5,117,Mohit Sharma,Sarfaraz Khan,4,False,-2.0,59,Ranchi,JSCA International Stadium Complex,False,True,113,18,18.833333333333332,131,6.955752212389381,20,140,9,1.1666666666666679,7.714285714285706,6,4
18.6,18,6,118,Mohit Sharma,Sarfaraz Khan,0,False,1.0,59,Ranchi,JSCA International Stadium Complex,False,True,114,18,19.0,131,6.894736842105263,20,140,9,1.0,9.0,6,4
19.1,19,1,119,Dwayne Bravo,Harshal Patel,1,False,-0.5,59,Ranchi,JSCA International Stadium Complex,False,True,115,19,19.166666666666668,132,6.88695652173913,20,140,8,0.8333333333333321,9.600000000000014,6,4
19.2,19,2,120,Dwayne Bravo,Sarfaraz Khan,4,False,-2.0,59,Ranchi,JSCA International Stadium Complex,False,True,116,19,19.333333333333332,136,7.03448275862069,20,140,4,0.6666666666666679,5.999999999999989,6,4
19.3,19,3,121,Dwayne Bravo,Sarfaraz Khan,1,False,-0.5,59,Ranchi,JSCA International Stadium Complex,False,True,117,19,19.5,137,7.0256410256410255,20,140,3,0.5,6.0,6,4
19.4,19,4,122,Dwayne Bravo,Harshal Patel,0,True,5.0,59,Ranchi,JSCA International Stadium Complex,True,False,117,19,19.5,137,7.0256410256410255,20,140,3,0.5,6.0,7,3
19.4,19,4,123,Dwayne Bravo,Mitchell Starc,1,False,-0.5,59,Ranchi,JSCA International Stadium Complex,False,True,118,19,19.666666666666668,138,7.016949152542373,20,140,2,0.33333333333333215,6.000000000000021,7,3
19.5,19,5,124,Dwayne Bravo,Sarfaraz Khan,0,True,5.0,59,Ranchi,JSCA International Stadium Complex,False,True,119,19,19.833333333333332,138,6.957983193277311,20,140,2,0.16666666666666785,11.999999999999915,8,2
19.6,19,6,125,Dwayne Bravo,Sreenath Aravind,0,False,1.0,59,Ranchi,JSCA International Stadium Complex,False,True,120,19,20.0,138,6.9,20,140,2,0.0,inf,8,2
