Ball Number,over,ball,Ball,bowler,batsman,Runs,is_wicket,bowler_score,match_id,city,stadium,is_extra,legal_delivery,legal_deliveries_count,overs_completed,overs_bowled,total_runs,current_run_rate,total_overs,target,runs_needed,overs_remaining,required_run_rate,wickets_fallen,wickets_in_hand
0.1,0,1,1,Vinay Kumar,Murali Vijay,0,False,1.0,7,Mumbai,Wankhede Stadium,False,True,1,0,0.16666666666666666,0,0.0,20,178,178,19.833333333333332,8.974789915966387,0,10
0.2,0,2,2,Vinay Kumar,Murali Vijay,0,False,1.0,7,Mumbai,Wankhede Stadium,False,True,2,0,0.3333333333333333,0,0.0,20,178,178,19.666666666666668,9.050847457627118,0,10
0.3,0,3,3,Vinay Kumar,Murali Vijay,0,False,1.0,7,Mumbai,Wankhede Stadium,False,True,3,0,0.5,0,0.0,20,178,178,19.5,9.128205128205128,0,10
0.4,0,4,4,Vinay Kumar,Murali Vijay,4,False,-2.0,7,Mumbai,Wankhede Stadium,False,True,4,0,0.6666666666666666,4,6.0,20,178,174,19.333333333333332,9.0,0,10
0.5,0,5,5,Vinay Kumar,Murali Vijay,4,False,-2.0,7,Mumbai,Wankhede Stadium,False,True,5,0,0.8333333333333334,8,9.6,20,178,170,19.166666666666668,8.869565217391305,0,10
0.6,0,6,6,Vinay Kumar,Murali Vijay,2,False,-1.0,7,Mumbai,Wankhede Stadium,False,True,6,0,1.0,10,10.0,20,178,168,19.0,8.842105263157896,0,10
1.1,1,1,7,Pawan Suyal,Virender Sehwag,0,False,1.0,7,Mumbai,Wankhede Stadium,False,True,7,1,1.1666666666666667,10,8.571428571428571,20,178,168,18.833333333333332,8.920353982300886,0,10
1.2,1,2,8,Pawan Suyal,Virender Sehwag,0,False,1.0,7,Mumbai,Wankhede Stadium,False,True,8,1,1.3333333333333333,10,7.5,20,178,168,18.666666666666668,9.0,0,10
1.3,1,3,9,Pawan Suyal,Virender Sehwag,4,False,-2.0,7,Mumbai,Wankhede Stadium,False,True,9,1,1.5,14,9.333333333333334,20,178,164,18.5,8.864864864864865,0,10
1.4,1,4,10,Pawan Suyal,Virender Sehwag,0,False,1.0,7,Mumbai,Wankhede Stadium,False,True,10,1,1.6666666666666665,14,8.4,20,178,164,18.333333333333332,8.945454545454545,0,10
1.5,1,5,11,Pawan Suyal,Virender Sehwag,1,False,-0.5,7,Mumbai,Wankhede Stadium,False,True,11,1,1.8333333333333335,15,8.181818181818182,20,178,163,18.166666666666668,8.972477064220183,0,10
1.6,1,6,12,Pawan Suyal,Murali Vijay,0,False,1.0,7,Mumbai,Wankhede Stadium,False,True,12,1,2.0,15,7.5,20,178,163,18.0,9.055555555555555,0,10
2.1,2,1,13,Vinay Kumar,Virender Sehwag,4,False,-2.0,7,Mumbai,Wankhede Stadium,False,True,13,2,2.1666666666666665,19,8.76923076923077,20,178,159,17.833333333333332,8.915887850467291,0,10
2.2,2,2,14,Vinay Kumar,Virender Sehwag,6,False,-3.0,7,Mumbai,Wankhede Stadium,False,True,14,2,2.3333333333333335,25,10.714285714285714,20,178,153,17.666666666666668,8.660377358490566,0,10
2.3,2,3,15,Vinay Kumar,Virender Sehwag,4,False,-2.0,7,Mumbai,Wankhede Stadium,False,True,15,2,2.5,29,11.6,20,178,149,17.5,8.514285714285714,0,10
2.4,2,4,16,Vinay Kumar,Virender Sehwag,1,False,-0.5,7,Mumbai,Wankhede Stadium,False,True,16,2,2.6666666666666665,30,11.25,20,178,148,17.333333333333332,8.538461538461538,0,10
2.5,2,5,17,Vinay Kumar,Murali Vijay,1,False,-0.5,7,Mumbai,Wankhede Stadium,False,True,17,2,2.8333333333333335,31,10.941176470588236,20,178,147,17.166666666666668,8.563106796116504,0,10
2.6,2,6,18,Vinay Kumar,Virender Sehwag,1,False,-0.5,7,Mumbai,Wankhede Stadium,False,True,18,2,3.0,32,10.666666666666666,20,178,146,17.0,8.588235294117647,0,10
3.1,3,1,19,Pawan Suyal,Virender Sehwag,4,False,-2.0,7,Mumbai,Wankhede Stadium,False,True,19,3,3.1666666666666665,36,11.368421052631579,20,178,142,16.833333333333332,8.435643564356436,0,10
3.2,3,2,20,Pawan Suyal,Virender Sehwag,0,False,1.0,7,Mumbai,Wankhede Stadium,False,True,20,3,3.3333333333333335,36,10.799999999999999,20,178,142,16.666666666666668,8.52,0,10
3.3,3,3,21,Pawan Suyal,Virender Sehwag,1,False,-0.5,7,Mumbai,Wankhede Stadium,False,True,21,3,3.5,37,10.571428571428571,20,178,141,16.5,8.545454545454545,0,10
3.4,3,4,22,Pawan Suyal,Murali Vijay,0,False,1.0,7,Mumbai,Wankhede Stadium,False,True,22,3,3.6666666666666665,37,10.090909090909092,20,178,141,16.333333333333332,8.63265306122449,0,10
3.5,3,5,23,Pawan Suyal,Murali Vijay,0,False,1.0,7,Mumbai,Wankhede Stadium,False,True,23,3,3.8333333333333335,37,9.652173913043478,20,178,141,16.166666666666668,8.721649484536082,0,10
3.6,3,6,24,Pawan Suyal,Murali Vijay,1,False,-0.25,7,Mumbai,Wankhede Stadium,False,True,24,3,4.0,38,9.5,20,178,140,16.0,8.75,0,10
4.1,4,1,25,Vinay Kumar,Murali Vijay,4,False,-2.0,7,Mumbai,Wankhede Stadium,False,True,25,4,4.166666666666667,42,10.08,20,178,136,15.833333333333332,8.589473684210526,0,10
4.2,4,2,26,Vinay Kumar,Murali Vijay,0,False,1.0,7,Mumbai,Wankhede Stadium,False,True,26,4,4.333333333333333,42,9.692307692307693,20,178,136,15.666666666666668,8.680851063829786,0,10
4.3,4,3,27,Vinay Kumar,Murali Vijay,4,False,-2.0,7,Mumbai,Wankhede Stadium,False,True,27,4,4.5,46,10.222222222222221,20,178,132,15.5,8.516129032258064,0,10
4.4,4,4,28,Vinay Kumar,Murali Vijay,0,False,1.0,7,Mumbai,Wankhede Stadium,False,True,28,4,4.666666666666667,46,9.857142857142856,20,178,132,15.333333333333332,8.608695652173914,0,10
4.5,4,5,29,Vinay Kumar,Murali Vijay,0,False,1.0,7,Mumbai,Wankhede Stadium,False,True,29,4,4.833333333333333,46,9.517241379310345,20,178,132,15.166666666666668,8.703296703296703,0,10
4.6,4,6,30,Vinay Kumar,Murali Vijay,0,False,1.0,7,Mumbai,Wankhede Stadium,False,True,30,4,5.0,46,9.2,20,178,132,15.0,8.8,0,10
5.1,5,1,31,Lasith Malinga,Virender Sehwag,0,False,1.0,7,Mumbai,Wankhede Stadium,False,True,31,5,5.166666666666667,46,8.903225806451612,20,178,132,14.833333333333332,8.898876404494382,0,10
5.1,5,1,32,Lasith Malinga,Virender Sehwag,1,False,-1.0,7,Mumbai,Wankhede Stadium,True,False,31,5,5.166666666666667,47,9.096774193548386,20,178,131,14.833333333333332,8.831460674157304,0,10
5.2,5,2,33,Lasith Malinga,Virender Sehwag,4,False,-2.0,7,Mumbai,Wankhede Stadium,False,True,32,5,5.333333333333333,51,9.5625,20,178,127,14.666666666666668,8.659090909090908,0,10
5.3,5,3,34,Lasith Malinga,Virender Sehwag,4,False,-2.0,7,Mumbai,Wankhede Stadium,False,True,33,5,5.5,55,10.0,20,178,123,14.5,8.482758620689655,0,10
5.4,5,4,35,Lasith Malinga,Virender Sehwag,1,False,-0.5,7,Mumbai,Wankhede Stadium,False,True,34,5,5.666666666666667,56,9.88235294117647,20,178,122,14.333333333333332,8.511627906976745,0,10
5.5,5,5,36,Lasith Malinga,Murali Vijay,0,False,1.0,7,Mumbai,Wankhede Stadium,False,True,35,5,5.833333333333333,56,9.6,20,178,122,14.166666666666668,8.611764705882353,0,10
5.6,5,6,37,Lasith Malinga,Murali Vijay,1,False,-0.5,7,Mumbai,Wankhede Stadium,False,True,36,5,6.0,57,9.5,20,178,121,14.0,8.642857142857142,0,10
6.1,6,1,38,Harbhajan Singh,Murali Vijay,1,False,-0.5,7,Mumbai,Wankhede Stadium,False,True,37,6,6.166666666666667,58,9.405405405405405,20,178,120,13.833333333333332,8.674698795180724,0,10
6.2,6,2,39,Harbhajan Singh,Virender Sehwag,1,False,-0.5,7,Mumbai,Wankhede Stadium,False,True,38,6,6.333333333333333,59,9.31578947368421,20,178,119,13.666666666666668,8.707317073170731,0,10
6.3,6,3,40,Harbhajan Singh,Murali Vijay,1,False,-0.5,7,Mumbai,Wankhede Stadium,False,True,39,6,6.5,60,9.23076923076923,20,178,118,13.5,8.74074074074074,0,10
6.4,6,4,41,Harbhajan Singh,Virender Sehwag,0,True,5.0,7,Mumbai,Wankhede Stadium,False,True,40,6,6.666666666666667,60,9.0,20,178,118,13.333333333333332,8.850000000000001,1,9
6.5,6,5,42,Harbhajan Singh,Murali Vijay,1,False,-0.5,7,Mumbai,Wankhede Stadium,False,True,41,6,6.833333333333333,61,8.926829268292684,20,178,117,13.166666666666668,8.886075949367088,1,9
6.6,6,6,43,Harbhajan Singh,Glenn Maxwell,1,False,-0.5,7,Mumbai,Wankhede Stadium,False,True,42,6,7.0,62,8.857142857142858,20,178,116,13.0,8.923076923076923,1,9
7.1,7,1,44,Jagadeesha Suchith,Glenn Maxwell,1,False,-0.5,7,Mumbai,Wankhede Stadium,False,True,43,7,7.166666666666667,63,8.790697674418604,20,178,115,12.833333333333332,8.961038961038962,1,9
7.2,7,2,45,Jagadeesha Suchith,Murali Vijay,1,False,-0.5,7,Mumbai,Wankhede Stadium,False,True,44,7,7.333333333333333,64,8.727272727272728,20,178,114,12.666666666666668,9.0,1,9
7.3,7,3,46,Jagadeesha Suchith,Glenn Maxwell,4,False,-2.0,7,Mumbai,Wankhede Stadium,False,True,45,7,7.5,68,9.066666666666666,20,178,110,12.5,8.8,1,9
7.4,7,4,47,Jagadeesha Suchith,Glenn Maxwell,0,True,5.0,7,Mumbai,Wankhede Stadium,False,True,46,7,7.666666666666667,68,8.869565217391305,20,178,110,12.333333333333332,8.91891891891892,2,8
7.5,7,5,48,Jagadeesha Suchith,Murali Vijay,0,False,1.0,7,Mumbai,Wankhede Stadium,False,True,47,7,7.833333333333333,68,8.680851063829788,20,178,110,12.166666666666668,9.041095890410958,2,8
7.6,7,6,49,Jagadeesha Suchith,Murali Vijay,4,False,-2.0,7,Mumbai,Wankhede Stadium,False,True,48,7,8.0,72,9.0,20,178,106,12.0,8.833333333333334,2,8
8.1,8,1,50,Harbhajan Singh,David Miller,0,False,1.0,7,Mumbai,Wankhede Stadium,False,True,49,8,8.166666666666666,72,8.816326530612246,20,178,106,11.833333333333334,8.957746478873238,2,8
8.2,8,2,51,Harbhajan Singh,David Miller,4,False,-2.0,7,Mumbai,Wankhede Stadium,False,True,50,8,8.333333333333334,76,9.12,20,178,102,11.666666666666666,8.742857142857144,2,8
8.3,8,3,52,Harbhajan Singh,David Miller,0,False,1.0,7,Mumbai,Wankhede Stadium,False,True,51,8,8.5,76,8.941176470588236,20,178,102,11.5,8.869565217391305,2,8
8.4,8,4,53,Harbhajan Singh,David Miller,0,False,1.0,7,Mumbai,Wankhede Stadium,False,True,52,8,8.666666666666666,76,8.76923076923077,20,178,102,11.333333333333334,9.0,2,8
8.5,8,5,54,Harbhajan Singh,David Miller,0,False,1.0,7,Mumbai,Wankhede Stadium,False,True,53,8,8.833333333333334,76,8.60377358490566,20,178,102,11.166666666666666,9.134328358208956,2,8
8.6,8,6,55,Harbhajan Singh,David Miller,1,False,-0.5,7,Mumbai,Wankhede Stadium,False,True,54,8,9.0,77,8.555555555555555,20,178,101,11.0,9.181818181818182,2,8
9.1,9,1,56,Jagadeesha Suchith,David Miller,1,False,-0.5,7,Mumbai,Wankhede Stadium,False,True,55,9,9.166666666666666,78,8.50909090909091,20,178,100,10.833333333333334,9.23076923076923,2,8
9.2,9,2,57,Jagadeesha Suchith,Murali Vijay,2,False,-1.0,7,Mumbai,Wankhede Stadium,False,True,56,9,9.333333333333334,80,8.571428571428571,20,178,98,10.666666666666666,9.1875,2,8
9.3,9,3,58,Jagadeesha Suchith,Murali Vijay,1,False,-0.5,7,Mumbai,Wankhede Stadium,False,True,57,9,9.5,81,8.526315789473685,20,178,97,10.5,9.238095238095237,2,8
9.4,9,4,59,Jagadeesha Suchith,David Miller,1,False,-1.0,7,Mumbai,Wankhede Stadium,True,False,57,9,9.5,82,8.631578947368421,20,178,96,10.5,9.142857142857142,2,8
9.4,9,4,60,Jagadeesha Suchith,David Miller,0,False,1.0,7,Mumbai,Wankhede Stadium,False,True,58,9,9.666666666666666,82,8.482758620689655,20,178,96,10.333333333333334,9.29032258064516,2,8
9.5,9,5,61,Jagadeesha Suchith,David Miller,1,False,-0.5,7,Mumbai,Wankhede Stadium,False,True,59,9,9.833333333333334,83,8.440677966101694,20,178,95,10.166666666666666,9.344262295081968,2,8
9.6,9,6,62,Jagadeesha Suchith,Murali Vijay,4,False,-2.0,7,Mumbai,Wankhede Stadium,False,True,60,9,10.0,87,8.7,20,178,91,10.0,9.1,2,8
10.1,10,1,63,Harbhajan Singh,David Miller,1,False,-0.5,7,Mumbai,Wankhede Stadium,False,True,61,10,10.166666666666666,88,8.655737704918034,20,178,90,9.833333333333334,9.152542372881355,2,8
10.2,10,2,64,Harbhajan Singh,Murali Vijay,0,True,5.0,7,Mumbai,Wankhede Stadium,False,True,62,10,10.333333333333334,88,8.516129032258064,20,178,90,9.666666666666666,9.310344827586208,3,7
10.3,10,3,65,Harbhajan Singh,George Bailey,0,False,1.0,7,Mumbai,Wankhede Stadium,False,True,63,10,10.5,88,8.380952380952381,20,178,90,9.5,9.473684210526315,3,7
10.4,10,4,66,Harbhajan Singh,George Bailey,2,False,-1.0,7,Mumbai,Wankhede Stadium,False,True,64,10,10.666666666666666,90,8.4375,20,178,88,9.333333333333334,9.428571428571429,3,7
10.5,10,5,67,Harbhajan Singh,George Bailey,1,False,-0.5,7,Mumbai,Wankhede Stadium,False,True,65,10,10.833333333333334,91,8.4,20,178,87,9.166666666666666,9.490909090909092,3,7
10.6,10,6,68,Harbhajan Singh,David Miller,0,False,1.0,7,Mumbai,Wankhede Stadium,False,True,66,10,11.0,91,8.272727272727273,20,178,87,9.0,9.666666666666666,3,7
11.1,11,1,69,Lasith Malinga,George Bailey,4,False,-2.0,7,Mumbai,Wankhede Stadium,False,True,67,11,11.166666666666666,95,8.507462686567164,20,178,83,8.833333333333334,9.39622641509434,3,7
11.2,11,2,70,Lasith Malinga,George Bailey,1,False,-0.5,7,Mumbai,Wankhede Stadium,False,True,68,11,11.333333333333334,96,8.470588235294118,20,178,82,8.666666666666666,9.461538461538462,3,7
11.3,11,3,71,Lasith Malinga,David Miller,0,False,1.0,7,Mumbai,Wankhede Stadium,False,True,69,11,11.5,96,8.347826086956522,20,178,82,8.5,9.647058823529411,3,7
11.4,11,4,72,Lasith Malinga,David Miller,1,False,-0.5,7,Mumbai,Wankhede Stadium,False,True,70,11,11.666666666666666,97,8.314285714285715,20,178,81,8.333333333333334,9.719999999999999,3,7
11.5,11,5,73,Lasith Malinga,George Bailey,1,False,-0.5,7,Mumbai,Wankhede Stadium,False,True,71,11,11.833333333333334,98,8.28169014084507,20,178,80,8.166666666666666,9.795918367346939,3,7
11.6,11,6,74,Lasith Malinga,David Miller,1,False,-0.5,7,Mumbai,Wankhede Stadium,False,True,72,11,12.0,99,8.25,20,178,79,8.0,9.875,3,7
12.1,12,1,75,Harbhajan Singh,David Miller,2,False,-1.0,7,Mumbai,Wankhede Stadium,False,True,73,12,12.166666666666666,101,8.301369863013699,20,178,77,7.833333333333334,9.829787234042552,3,7
12.2,12,2,76,Harbhajan Singh,David Miller,1,False,-0.5,7,Mumbai,Wankhede Stadium,False,True,74,12,12.333333333333334,102,8.27027027027027,20,178,76,7.666666666666666,9.913043478260871,3,7
12.3,12,3,77,Harbhajan Singh,George Bailey,0,False,1.0,7,Mumbai,Wankhede Stadium,False,True,75,12,12.5,102,8.16,20,178,76,7.5,10.133333333333333,3,7
12.4,12,4,78,Harbhajan Singh,George Bailey,1,False,-0.5,7,Mumbai,Wankhede Stadium,False,True,76,12,12.666666666666666,103,8.131578947368421,20,178,75,7.333333333333334,10.227272727272727,3,7
12.5,12,5,79,Harbhajan Singh,David Miller,1,False,-0.5,7,Mumbai,Wankhede Stadium,False,True,77,12,12.833333333333334,104,8.103896103896103,20,178,74,7.166666666666666,10.325581395348838,3,7
12.6,12,6,80,Harbhajan Singh,George Bailey,1,False,-0.5,7,Mumbai,Wankhede Stadium,False,True,78,12,13.0,105,8.076923076923077,20,178,73,7.0,10.428571428571429,3,7
13.1,13,1,81,Jagadeesha Suchith,George Bailey,1,False,-0.5,7,Mumbai,Wankhede Stadium,False,True,79,13,13.166666666666666,106,8.050632911392405,20,178,72,6.833333333333334,10.536585365853657,3,7
13.2,13,2,82,Jagadeesha Suchith,David Miller,1,False,-0.5,7,Mumbai,Wankhede Stadium,False,True,80,13,13.333333333333334,107,8.025,20,178,71,6.666666666666666,10.65,3,7
13.3,13,3,83,Jagadeesha Suchith,George Bailey,2,False,-1.0,7,Mumbai,Wankhede Stadium,False,True,81,13,13.5,109,8.074074074074074,20,178,69,6.5,10.615384615384615,3,7
13.4,13,4,84,Jagadeesha Suchith,George Bailey,2,False,-1.0,7,Mumbai,Wankhede Stadium,False,True,82,13,13.666666666666666,111,8.121951219512196,20,178,67,6.333333333333334,10.578947368421051,3,7
13.5,13,5,85,Jagadeesha Suchith,George Bailey,1,False,-0.5,7,Mumbai,Wankhede Stadium,False,True,83,13,13.833333333333334,112,8.096385542168674,20,178,66,6.166666666666666,10.702702702702704,3,7
13.6,13,6,86,Jagadeesha Suchith,David Miller,4,False,-2.0,7,Mumbai,Wankhede Stadium,False,True,84,13,14.0,116,8.285714285714286,20,178,62,6.0,10.333333333333334,3,7
14.1,14,1,87,Kieron Pollard,George Bailey,4,False,-2.0,7,Mumbai,Wankhede Stadium,False,True,85,14,14.166666666666666,120,8.470588235294118,20,178,58,5.833333333333334,9.942857142857141,3,7
14.2,14,2,88,Kieron Pollard,George Bailey,1,False,-0.5,7,Mumbai,Wankhede Stadium,False,True,86,14,14.333333333333334,121,8.441860465116278,20,178,57,5.666666666666666,10.058823529411766,3,7
14.3,14,3,89,Kieron Pollard,David Miller,0,False,1.0,7,Mumbai,Wankhede Stadium,False,True,87,14,14.5,121,8.344827586206897,20,178,57,5.5,10.363636363636363,3,7
14.4,14,4,90,Kieron Pollard,David Miller,1,False,-0.5,7,Mumbai,Wankhede Stadium,False,True,88,14,14.666666666666666,122,8.318181818181818,20,178,56,5.333333333333334,10.499999999999998,3,7
14.5,14,5,91,Kieron Pollard,George Bailey,1,False,-0.5,7,Mumbai,Wankhede Stadium,False,True,89,14,14.833333333333334,123,8.292134831460674,20,178,55,5.166666666666666,10.645161290322582,3,7
14.6,14,6,92,Kieron Pollard,David Miller,4,False,-2.0,7,Mumbai,Wankhede Stadium,False,True,90,14,15.0,127,8.466666666666667,20,178,51,5.0,10.2,3,7
15.1,15,1,93,Lasith Malinga,George Bailey,6,False,-3.0,7,Mumbai,Wankhede Stadium,False,True,91,15,15.166666666666666,133,8.76923076923077,20,178,45,4.833333333333334,9.310344827586206,3,7
15.2,15,2,94,Lasith Malinga,George Bailey,1,False,-0.5,7,Mumbai,Wankhede Stadium,False,True,92,15,15.333333333333334,134,8.739130434782608,20,178,44,4.666666666666666,9.42857142857143,3,7
15.3,15,3,95,Lasith Malinga,David Miller,0,True,5.0,7,Mumbai,Wankhede Stadium,False,True,93,15,15.5,134,8.64516129032258,20,178,44,4.5,9.777777777777779,4,6
15.4,15,4,96,Lasith Malinga,R Dhawan,4,False,-2.0,7,Mumbai,Wankhede Stadium,False,True,94,15,15.666666666666666,138,8.808510638297873,20,178,40,4.333333333333334,9.23076923076923,4,6
15.5,15,5,97,Lasith Malinga,R Dhawan,1,False,-0.5,7,Mumbai,Wankhede Stadium,False,True,95,15,15.833333333333334,139,8.778947368421052,20,178,39,4.166666666666666,9.360000000000001,4,6
15.6,15,6,98,Lasith Malinga,George Bailey,1,False,-0.25,7,Mumbai,Wankhede Stadium,False,True,96,15,16.0,140,8.75,20,178,38,4.0,9.5,4,6
16.1,16,1,99,Jagadeesha Suchith,George Bailey,1,False,-0.5,7,Mumbai,Wankhede Stadium,False,True,97,16,16.166666666666668,141,8.721649484536082,20,178,37,3.833333333333332,9.652173913043482,4,6
16.2,16,2,100,Jagadeesha Suchith,R Dhawan,0,False,1.0,7,Mumbai,Wankhede Stadium,False,True,98,16,16.333333333333332,141,8.63265306122449,20,178,37,3.666666666666668,10.090909090909088,4,6
16.3,16,3,101,Jagadeesha Suchith,R Dhawan,0,False,1.0,7,Mumbai,Wankhede Stadium,False,True,99,16,16.5,141,8.545454545454545,20,178,37,3.5,10.571428571428571,4,6
16.4,16,4,102,Jagadeesha Suchith,R Dhawan,1,False,-0.5,7,Mumbai,Wankhede Stadium,False,True,100,16,16.666666666666668,142,8.52,20,178,36,3.333333333333332,10.800000000000004,4,6
16.5,16,5,103,Jagadeesha Suchith,George Bailey,6,False,-3.0,7,Mumbai,Wankhede Stadium,False,True,101,16,16.833333333333332,148,8.792079207920793,20,178,30,3.166666666666668,9.473684210526311,4,6
16.6,16,6,104,Jagadeesha Suchith,George Bailey,2,False,-1.0,7,Mumbai,Wankhede Stadium,False,True,102,16,17.0,150,8.823529411764707,20,178,28,3.0,9.333333333333334,4,6
17.1,17,1,105,Lasith Malinga,R Dhawan,0,True,5.0,7,Mumbai,Wankhede Stadium,False,True,103,17,17.166666666666668,150,8.737864077669903,20,178,28,2.833333333333332,9.882352941176475,5,5
17.2,17,2,106,Lasith Malinga,George Bailey,1,False,-0.5,7,Mumbai,Wankhede Stadium,False,True,104,17,17.333333333333332,151,8.711538461538462,20,178,27,2.666666666666668,10.124999999999995,5,5
17.3,17,3,107,Lasith Malinga,Mitchell Johnson,0,False,1.0,7,Mumbai,Wankhede Stadium,False,True,105,17,17.5,151,8.628571428571428,20,178,27,2.5,10.8,5,5
17.4,17,4,108,Lasith Malinga,Mitchell Johnson,1,False,-0.5,7,Mumbai,Wankhede Stadium,False,True,106,17,17.666666666666668,152,8.60377358490566,20,178,26,2.333333333333332,11.142857142857148,5,5
17.5,17,5,109,Lasith Malinga,George Bailey,1,False,-0.5,7,Mumbai,Wankhede Stadium,False,True,107,17,17.833333333333332,153,8.57943925233645,20,178,25,2.166666666666668,11.538461538461533,5,5
17.6,17,6,110,Lasith Malinga,Mitchell Johnson,0,False,1.0,7,Mumbai,Wankhede Stadium,False,True,108,17,18.0,153,8.5,20,178,25,2.0,12.5,5,5
18.1,18,1,111,Vinay Kumar,George Bailey,2,False,-1.0,7,Mumbai,Wankhede Stadium,False,True,109,18,18.166666666666668,155,8.53211009174312,20,178,23,1.8333333333333321,12.545454545454554,5,5
18.2,18,2,112,Vinay Kumar,George Bailey,6,False,-3.0,7,Mumbai,Wankhede Stadium,False,True,110,18,18.333333333333332,161,8.781818181818183,20,178,17,1.6666666666666679,10.199999999999992,5,5
18.3,18,3,113,Vinay Kumar,George Bailey,1,False,-0.5,7,Mumbai,Wankhede Stadium,False,True,111,18,18.5,162,8.756756756756756,20,178,16,1.5,10.666666666666666,5,5
18.4,18,4,114,Vinay Kumar,Mitchell Johnson,1,False,-0.5,7,Mumbai,Wankhede Stadium,False,True,112,18,18.666666666666668,163,8.732142857142856,20,178,15,1.3333333333333321,11.25000000000001,5,5
18.5,18,5,115,Vinay Kumar,George Bailey,1,False,-0.5,7,Mumbai,Wankhede Stadium,False,True,113,18,18.833333333333332,164,8.707964601769913,20,178,14,1.1666666666666679,11.999999999999988,5,5
18.6,18,6,116,Vinay Kumar,Mitchell Johnson,0,False,1.0,7,Mumbai,Wankhede Stadium,False,True,114,18,19.0,164,8.631578947368421,20,178,14,1.0,14.0,5,5
19.1,19,1,117,Pawan Suyal,George Bailey,1,False,-0.5,7,Mumbai,Wankhede Stadium,False,True,115,19,19.166666666666668,165,8.608695652173912,20,178,13,0.8333333333333321,15.600000000000023,5,5
19.2,19,2,118,Pawan Suyal,Mitchell Johnson,1,False,-0.25,7,Mumbai,Wankhede Stadium,False,True,116,19,19.333333333333332,166,8.586206896551724,20,178,12,0.6666666666666679,17.999999999999968,5,5
19.3,19,3,119,Pawan Suyal,George Bailey,1,False,-0.5,7,Mumbai,Wankhede Stadium,False,True,117,19,19.5,167,8.564102564102564,20,178,11,0.5,22.0,5,5
19.4,19,4,120,Pawan Suyal,Mitchell Johnson,1,False,-0.5,7,Mumbai,Wankhede Stadium,False,True,118,19,19.666666666666668,168,8.542372881355933,20,178,10,0.33333333333333215,30.000000000000107,5,5
19.5,19,5,121,Pawan Suyal,George Bailey,4,False,-2.0,7,Mumbai,Wankhede Stadium,False,True,119,19,19.833333333333332,172,8.672268907563026,20,178,6,0.16666666666666785,35.999999999999744,5,5
19.6,19,6,122,Pawan Suyal,George Bailey,1,False,-1.0,7,Mumbai,Wankhede Stadium,True,False,119,19,19.833333333333332,173,8.722689075630253,20,178,5,0.16666666666666785,29.999999999999787,5,5
19.6,19,6,123,Pawan Suyal,George Bailey,4,False,-2.0,7,Mumbai,Wankhede Stadium,False,True,120,19,20.0,177,8.85,20,178,1,0.0,inf,5,5
