Ball Number,over,ball,Ball,bowler,batsman,Runs,is_wicket,bowler_score,match_id,city,stadium,is_extra,legal_delivery,legal_deliveries_count,overs_completed,overs_bowled,total_runs,current_run_rate,total_overs,target,runs_needed,overs_remaining,required_run_rate,wickets_fallen,wickets_in_hand
0.1,0,1,1,Tim Southee,Aaron Finch,0,False,1.0,9,Motera,Sardar Patel Stadium,False,True,1,0,0.16666666666666666,0,0.0,20,165,165,19.833333333333332,8.319327731092438,0,10
0.2,0,2,2,Tim Southee,Aaron Finch,1,False,-0.5,9,Motera,Sardar Patel Stadium,False,True,2,0,0.3333333333333333,1,3.0,20,165,164,19.666666666666668,8.338983050847457,0,10
0.3,0,3,3,Tim Southee,Parthiv Patel,1,False,-0.5,9,Motera,Sardar Patel Stadium,False,True,3,0,0.5,2,4.0,20,165,163,19.5,8.35897435897436,0,10
0.4,0,4,4,Tim Southee,Aaron Finch,4,False,-2.0,9,Motera,Sardar Patel Stadium,False,True,4,0,0.6666666666666666,6,9.0,20,165,159,19.333333333333332,8.224137931034484,0,10
0.5,0,5,5,Tim Southee,Aaron Finch,0,False,1.0,9,Motera,Sardar Patel Stadium,False,True,5,0,0.8333333333333334,6,7.199999999999999,20,165,159,19.166666666666668,8.295652173913043,0,10
0.6,0,6,6,Tim Southee,Aaron Finch,0,False,1.0,9,Motera,Sardar Patel Stadium,False,True,6,0,1.0,6,6.0,20,165,159,19.0,8.368421052631579,0,10
1.1,1,1,7,Chris Morris,Parthiv Patel,4,False,-2.0,9,Motera,Sardar Patel Stadium,False,True,7,1,1.1666666666666667,10,8.571428571428571,20,165,155,18.833333333333332,8.230088495575222,0,10
1.2,1,2,8,Chris Morris,Parthiv Patel,0,False,1.0,9,Motera,Sardar Patel Stadium,False,True,8,1,1.3333333333333333,10,7.5,20,165,155,18.666666666666668,8.303571428571429,0,10
1.3,1,3,9,Chris Morris,Parthiv Patel,3,False,-1.5,9,Motera,Sardar Patel Stadium,False,True,9,1,1.5,13,8.666666666666666,20,165,152,18.5,8.216216216216216,0,10
1.4,1,4,10,Chris Morris,Aaron Finch,0,False,1.0,9,Motera,Sardar Patel Stadium,False,True,10,1,1.6666666666666665,13,7.800000000000001,20,165,152,18.333333333333332,8.290909090909091,0,10
1.5,1,5,11,Chris Morris,Aaron Finch,0,False,1.0,9,Motera,Sardar Patel Stadium,False,True,11,1,1.8333333333333335,13,7.09090909090909,20,165,152,18.166666666666668,8.36697247706422,0,10
1.6,1,6,12,Chris Morris,Aaron Finch,4,False,-2.0,9,Motera,Sardar Patel Stadium,False,True,12,1,2.0,17,8.5,20,165,148,18.0,8.222222222222221,0,10
2.1,2,1,13,Dhawal Kulkarni,Parthiv Patel,4,False,-2.0,9,Motera,Sardar Patel Stadium,False,True,13,2,2.1666666666666665,21,9.692307692307693,20,165,144,17.833333333333332,8.074766355140188,0,10
2.2,2,2,14,Dhawal Kulkarni,Parthiv Patel,1,False,-0.5,9,Motera,Sardar Patel Stadium,False,True,14,2,2.3333333333333335,22,9.428571428571429,20,165,143,17.666666666666668,8.09433962264151,0,10
2.3,2,3,15,Dhawal Kulkarni,Aaron Finch,0,False,1.0,9,Motera,Sardar Patel Stadium,False,True,15,2,2.5,22,8.8,20,165,143,17.5,8.17142857142857,0,10
2.4,2,4,16,Dhawal Kulkarni,Aaron Finch,0,False,1.0,9,Motera,Sardar Patel Stadium,False,True,16,2,2.6666666666666665,22,8.25,20,165,143,17.333333333333332,8.25,0,10
2.5,2,5,17,Dhawal Kulkarni,Aaron Finch,0,False,1.0,9,Motera,Sardar Patel Stadium,False,True,17,2,2.8333333333333335,22,7.764705882352941,20,165,143,17.166666666666668,8.33009708737864,0,10
2.6,2,6,18,Dhawal Kulkarni,Aaron Finch,0,False,1.0,9,Motera,Sardar Patel Stadium,False,True,18,2,3.0,22,7.333333333333333,20,165,143,17.0,8.411764705882353,0,10
3.1,3,1,19,Stuart Binny,Parthiv Patel,1,False,-0.5,9,Motera,Sardar Patel Stadium,False,True,19,3,3.1666666666666665,23,7.2631578947368425,20,165,142,16.833333333333332,8.435643564356436,0,10
3.2,3,2,20,Stuart Binny,Aaron Finch,0,False,1.0,9,Motera,Sardar Patel Stadium,False,True,20,3,3.3333333333333335,23,6.8999999999999995,20,165,142,16.666666666666668,8.52,0,10
3.3,3,3,21,Stuart Binny,Aaron Finch,1,False,-0.5,9,Motera,Sardar Patel Stadium,False,True,21,3,3.5,24,6.857142857142857,20,165,141,16.5,8.545454545454545,0,10
3.4,3,4,22,Stuart Binny,Parthiv Patel,0,False,1.0,9,Motera,Sardar Patel Stadium,False,True,22,3,3.6666666666666665,24,6.545454545454546,20,165,141,16.333333333333332,8.63265306122449,0,10
3.5,3,5,23,Stuart Binny,Parthiv Patel,2,False,-1.0,9,Motera,Sardar Patel Stadium,False,True,23,3,3.8333333333333335,26,6.782608695652174,20,165,139,16.166666666666668,8.597938144329897,0,10
3.6,3,6,24,Stuart Binny,Parthiv Patel,0,False,1.0,9,Motera,Sardar Patel Stadium,False,True,24,3,4.0,26,6.5,20,165,139,16.0,8.6875,0,10
4.1,4,1,25,Dhawal Kulkarni,Unmukt Chand,0,False,1.0,9,Motera,Sardar Patel Stadium,False,True,25,4,4.166666666666667,26,6.239999999999999,20,165,139,15.833333333333332,8.778947368421054,0,10
4.2,4,2,26,Dhawal Kulkarni,Unmukt Chand,0,False,1.0,9,Motera,Sardar Patel Stadium,False,True,26,4,4.333333333333333,26,6.0,20,165,139,15.666666666666668,8.872340425531915,0,10
4.3,4,3,27,Dhawal Kulkarni,Unmukt Chand,1,False,-0.5,9,Motera,Sardar Patel Stadium,False,True,27,4,4.5,27,6.0,20,165,138,15.5,8.903225806451612,0,10
4.4,4,4,28,Dhawal Kulkarni,Parthiv Patel,0,True,5.0,9,Motera,Sardar Patel Stadium,False,True,28,4,4.666666666666667,27,5.785714285714286,20,165,138,15.333333333333332,9.0,1,9
4.5,4,5,29,Dhawal Kulkarni,Rohit Sharma,0,False,1.0,9,Motera,Sardar Patel Stadium,False,True,29,4,4.833333333333333,27,5.586206896551724,20,165,138,15.166666666666668,9.098901098901099,1,9
4.6,4,6,30,Dhawal Kulkarni,Rohit Sharma,0,False,1.0,9,Motera,Sardar Patel Stadium,False,True,30,4,5.0,27,5.4,20,165,138,15.0,9.2,1,9
5.1,5,1,31,Tim Southee,Unmukt Chand,0,False,1.0,9,Motera,Sardar Patel Stadium,False,True,31,5,5.166666666666667,27,5.225806451612903,20,165,138,14.833333333333332,9.303370786516854,1,9
5.2,5,2,32,Tim Southee,Unmukt Chand,0,False,1.0,9,Motera,Sardar Patel Stadium,False,True,32,5,5.333333333333333,27,5.0625,20,165,138,14.666666666666668,9.409090909090908,1,9
5.3,5,3,33,Tim Southee,Unmukt Chand,0,False,1.0,9,Motera,Sardar Patel Stadium,False,True,33,5,5.5,27,4.909090909090909,20,165,138,14.5,9.517241379310345,1,9
5.4,5,4,34,Tim Southee,Unmukt Chand,0,False,1.0,9,Motera,Sardar Patel Stadium,False,True,34,5,5.666666666666667,27,4.764705882352941,20,165,138,14.333333333333332,9.627906976744187,1,9
5.5,5,5,35,Tim Southee,Unmukt Chand,4,False,-2.0,9,Motera,Sardar Patel Stadium,False,True,35,5,5.833333333333333,31,5.314285714285715,20,165,134,14.166666666666668,9.458823529411763,1,9
5.6,5,6,36,N/A,N/A,0,False,0.0,9,Motera,Sardar Patel Stadium,False,True,36,5,6.0,31,5.166666666666667,20,165,134,14.0,9.571428571428571,1,9
6.1,6,1,37,Stuart Binny,Rohit Sharma,0,False,1.0,9,Motera,Sardar Patel Stadium,False,True,37,6,6.166666666666667,31,5.027027027027027,20,165,134,13.833333333333332,9.686746987951809,1,9
6.2,6,2,38,Stuart Binny,Rohit Sharma,0,False,1.0,9,Motera,Sardar Patel Stadium,False,True,38,6,6.333333333333333,31,4.894736842105264,20,165,134,13.666666666666668,9.804878048780488,1,9
6.3,6,3,39,Stuart Binny,Rohit Sharma,0,True,5.0,9,Motera,Sardar Patel Stadium,False,True,39,6,6.5,31,4.769230769230769,20,165,134,13.5,9.925925925925926,2,8
6.4,6,4,40,Stuart Binny,Corey Anderson,0,False,1.0,9,Motera,Sardar Patel Stadium,False,True,40,6,6.666666666666667,31,4.6499999999999995,20,165,134,13.333333333333332,10.05,2,8
6.5,6,5,41,Stuart Binny,Corey Anderson,4,False,-2.0,9,Motera,Sardar Patel Stadium,False,True,41,6,6.833333333333333,35,5.121951219512195,20,165,130,13.166666666666668,9.873417721518987,2,8
6.6,6,6,42,Stuart Binny,Corey Anderson,0,False,1.0,9,Motera,Sardar Patel Stadium,False,True,42,6,7.0,35,5.0,20,165,130,13.0,10.0,2,8
7.1,7,1,43,Deepak Hooda,Unmukt Chand,0,False,1.0,9,Motera,Sardar Patel Stadium,False,True,43,7,7.166666666666667,35,4.883720930232558,20,165,130,12.833333333333332,10.129870129870131,2,8
7.2,7,2,44,Deepak Hooda,Unmukt Chand,1,False,-0.5,9,Motera,Sardar Patel Stadium,False,True,44,7,7.333333333333333,36,4.909090909090909,20,165,129,12.666666666666668,10.18421052631579,2,8
7.3,7,3,45,Deepak Hooda,Corey Anderson,0,False,1.0,9,Motera,Sardar Patel Stadium,False,True,45,7,7.5,36,4.8,20,165,129,12.5,10.32,2,8
7.4,7,4,46,Deepak Hooda,Corey Anderson,1,False,-0.5,9,Motera,Sardar Patel Stadium,False,True,46,7,7.666666666666667,37,4.826086956521739,20,165,128,12.333333333333332,10.378378378378379,2,8
7.5,7,5,47,Deepak Hooda,Unmukt Chand,1,False,-0.5,9,Motera,Sardar Patel Stadium,False,True,47,7,7.833333333333333,38,4.851063829787234,20,165,127,12.166666666666668,10.43835616438356,2,8
7.6,7,6,48,Deepak Hooda,Corey Anderson,0,False,1.0,9,Motera,Sardar Patel Stadium,False,True,48,7,8.0,38,4.75,20,165,127,12.0,10.583333333333334,2,8
8.1,8,1,49,James Faulkner,Unmukt Chand,1,False,-0.25,9,Motera,Sardar Patel Stadium,False,True,49,8,8.166666666666666,39,4.775510204081633,20,165,126,11.833333333333334,10.647887323943662,2,8
8.2,8,2,50,James Faulkner,Corey Anderson,0,False,1.0,9,Motera,Sardar Patel Stadium,False,True,50,8,8.333333333333334,39,4.68,20,165,126,11.666666666666666,10.8,2,8
8.3,8,3,51,James Faulkner,Corey Anderson,0,False,1.0,9,Motera,Sardar Patel Stadium,False,True,51,8,8.5,39,4.588235294117647,20,165,126,11.5,10.956521739130435,2,8
8.4,8,4,52,James Faulkner,Corey Anderson,0,False,1.0,9,Motera,Sardar Patel Stadium,False,True,52,8,8.666666666666666,39,4.5,20,165,126,11.333333333333334,11.117647058823529,2,8
8.5,8,5,53,James Faulkner,Corey Anderson,0,False,1.0,9,Motera,Sardar Patel Stadium,False,True,53,8,8.833333333333334,39,4.415094339622641,20,165,126,11.166666666666666,11.28358208955224,2,8
8.6,8,6,54,James Faulkner,Corey Anderson,0,False,1.0,9,Motera,Sardar Patel Stadium,False,True,54,8,9.0,39,4.333333333333333,20,165,126,11.0,11.454545454545455,2,8
9.1,9,1,55,Pravin Tambe,Unmukt Chand,2,False,-1.0,9,Motera,Sardar Patel Stadium,False,True,55,9,9.166666666666666,41,4.472727272727273,20,165,124,10.833333333333334,11.446153846153846,2,8
9.2,9,2,56,Pravin Tambe,Unmukt Chand,1,False,-0.5,9,Motera,Sardar Patel Stadium,False,True,56,9,9.333333333333334,42,4.5,20,165,123,10.666666666666666,11.53125,2,8
9.3,9,3,57,Pravin Tambe,Corey Anderson,1,False,-0.5,9,Motera,Sardar Patel Stadium,False,True,57,9,9.5,43,4.526315789473684,20,165,122,10.5,11.619047619047619,2,8
9.4,9,4,58,Pravin Tambe,Unmukt Chand,2,False,-1.0,9,Motera,Sardar Patel Stadium,False,True,58,9,9.666666666666666,45,4.655172413793104,20,165,120,10.333333333333334,11.61290322580645,2,8
9.5,9,5,59,Pravin Tambe,Unmukt Chand,0,True,5.0,9,Motera,Sardar Patel Stadium,False,True,59,9,9.833333333333334,45,4.576271186440677,20,165,120,10.166666666666666,11.80327868852459,3,7
9.6,9,6,60,Pravin Tambe,Kieron Pollard,0,False,1.0,9,Motera,Sardar Patel Stadium,False,True,60,9,10.0,45,4.5,20,165,120,10.0,12.0,3,7
10.1,10,1,61,Chris Morris,Corey Anderson,0,False,1.0,9,Motera,Sardar Patel Stadium,False,True,61,10,10.166666666666666,45,4.426229508196721,20,165,120,9.833333333333334,12.203389830508474,3,7
10.2,10,2,62,Chris Morris,Corey Anderson,0,False,1.0,9,Motera,Sardar Patel Stadium,False,True,62,10,10.333333333333334,45,4.354838709677419,20,165,120,9.666666666666666,12.413793103448276,3,7
10.3,10,3,63,Chris Morris,Corey Anderson,0,False,1.0,9,Motera,Sardar Patel Stadium,False,True,63,10,10.5,45,4.285714285714286,20,165,120,9.5,12.631578947368421,3,7
10.4,10,4,64,Chris Morris,Corey Anderson,0,False,1.0,9,Motera,Sardar Patel Stadium,False,True,64,10,10.666666666666666,45,4.21875,20,165,120,9.333333333333334,12.857142857142856,3,7
10.5,10,5,65,Chris Morris,Corey Anderson,1,False,-0.5,9,Motera,Sardar Patel Stadium,False,True,65,10,10.833333333333334,46,4.246153846153846,20,165,119,9.166666666666666,12.981818181818182,3,7
10.6,10,6,66,Chris Morris,Kieron Pollard,0,False,1.0,9,Motera,Sardar Patel Stadium,False,True,66,10,11.0,46,4.181818181818182,20,165,119,9.0,13.222222222222221,3,7
11.1,11,1,67,Pravin Tambe,Corey Anderson,1,False,-0.5,9,Motera,Sardar Patel Stadium,False,True,67,11,11.166666666666666,47,4.208955223880597,20,165,118,8.833333333333334,13.358490566037736,3,7
11.2,11,2,68,Pravin Tambe,Kieron Pollard,0,False,1.0,9,Motera,Sardar Patel Stadium,False,True,68,11,11.333333333333334,47,4.147058823529411,20,165,118,8.666666666666666,13.615384615384617,3,7
11.3,11,3,69,Pravin Tambe,Kieron Pollard,0,False,1.0,9,Motera,Sardar Patel Stadium,False,True,69,11,11.5,47,4.086956521739131,20,165,118,8.5,13.882352941176471,3,7
11.4,11,4,70,Pravin Tambe,Kieron Pollard,1,False,-0.5,9,Motera,Sardar Patel Stadium,False,True,70,11,11.666666666666666,48,4.114285714285715,20,165,117,8.333333333333334,14.04,3,7
11.5,11,5,71,Pravin Tambe,Corey Anderson,0,False,1.0,9,Motera,Sardar Patel Stadium,False,True,71,11,11.833333333333334,48,4.056338028169014,20,165,117,8.166666666666666,14.326530612244898,3,7
11.6,11,6,72,Pravin Tambe,Corey Anderson,4,False,-2.0,9,Motera,Sardar Patel Stadium,False,True,72,11,12.0,52,4.333333333333333,20,165,113,8.0,14.125,3,7
12.1,12,1,73,Chris Morris,Kieron Pollard,0,False,1.0,9,Motera,Sardar Patel Stadium,False,True,73,12,12.166666666666666,52,4.273972602739726,20,165,113,7.833333333333334,14.425531914893616,3,7
12.2,12,2,74,Chris Morris,Kieron Pollard,4,False,-2.0,9,Motera,Sardar Patel Stadium,False,True,74,12,12.333333333333334,56,4.54054054054054,20,165,109,7.666666666666666,14.217391304347828,3,7
12.3,12,3,75,Chris Morris,Kieron Pollard,1,False,-0.5,9,Motera,Sardar Patel Stadium,False,True,75,12,12.5,57,4.56,20,165,108,7.5,14.4,3,7
12.4,12,4,76,Chris Morris,Corey Anderson,4,False,-2.0,9,Motera,Sardar Patel Stadium,False,True,76,12,12.666666666666666,61,4.815789473684211,20,165,104,7.333333333333334,14.18181818181818,3,7
12.5,12,5,77,Chris Morris,Corey Anderson,0,False,1.0,9,Motera,Sardar Patel Stadium,False,True,77,12,12.833333333333334,61,4.753246753246753,20,165,104,7.166666666666666,14.511627906976745,3,7
12.6,12,6,78,Chris Morris,Corey Anderson,0,False,1.0,9,Motera,Sardar Patel Stadium,False,True,78,12,13.0,61,4.6923076923076925,20,165,104,7.0,14.857142857142858,3,7
13.1,13,1,79,James Faulkner,Kieron Pollard,6,False,-3.0,9,Motera,Sardar Patel Stadium,False,True,79,13,13.166666666666666,67,5.088607594936709,20,165,98,6.833333333333334,14.341463414634145,3,7
13.2,13,2,80,James Faulkner,Kieron Pollard,0,False,1.0,9,Motera,Sardar Patel Stadium,False,True,80,13,13.333333333333334,67,5.0249999999999995,20,165,98,6.666666666666666,14.700000000000001,3,7
13.3,13,3,81,James Faulkner,Kieron Pollard,0,False,1.0,9,Motera,Sardar Patel Stadium,False,True,81,13,13.5,67,4.962962962962963,20,165,98,6.5,15.076923076923077,3,7
13.4,13,4,82,James Faulkner,Kieron Pollard,1,False,-0.5,9,Motera,Sardar Patel Stadium,False,True,82,13,13.666666666666666,68,4.975609756097561,20,165,97,6.333333333333334,15.315789473684209,3,7
13.5,13,5,83,James Faulkner,Corey Anderson,0,False,1.0,9,Motera,Sardar Patel Stadium,False,True,83,13,13.833333333333334,68,4.9156626506024095,20,165,97,6.166666666666666,15.729729729729732,3,7
13.6,13,6,84,James Faulkner,Corey Anderson,6,False,-3.0,9,Motera,Sardar Patel Stadium,False,True,84,13,14.0,74,5.285714285714286,20,165,91,6.0,15.166666666666666,3,7
14.1,14,1,85,Dhawal Kulkarni,Kieron Pollard,1,False,-0.5,9,Motera,Sardar Patel Stadium,False,True,85,14,14.166666666666666,75,5.294117647058823,20,165,90,5.833333333333334,15.428571428571427,3,7
14.2,14,2,86,Dhawal Kulkarni,Corey Anderson,1,False,-0.5,9,Motera,Sardar Patel Stadium,False,True,86,14,14.333333333333334,76,5.3023255813953485,20,165,89,5.666666666666666,15.705882352941178,3,7
14.3,14,3,87,Dhawal Kulkarni,Kieron Pollard,0,False,1.0,9,Motera,Sardar Patel Stadium,False,True,87,14,14.5,76,5.241379310344827,20,165,89,5.5,16.181818181818183,3,7
14.4,14,4,88,Dhawal Kulkarni,Kieron Pollard,4,False,-2.0,9,Motera,Sardar Patel Stadium,False,True,88,14,14.666666666666666,80,5.454545454545455,20,165,85,5.333333333333334,15.937499999999998,3,7
14.5,14,5,89,Dhawal Kulkarni,Kieron Pollard,1,False,-0.5,9,Motera,Sardar Patel Stadium,False,True,89,14,14.833333333333334,81,5.46067415730337,20,165,84,5.166666666666666,16.258064516129036,3,7
14.6,14,6,90,Dhawal Kulkarni,Corey Anderson,1,False,-1.0,9,Motera,Sardar Patel Stadium,True,False,89,14,14.833333333333334,82,5.52808988764045,20,165,83,5.166666666666666,16.06451612903226,3,7
14.6,14,6,91,Dhawal Kulkarni,Corey Anderson,1,False,-0.5,9,Motera,Sardar Patel Stadium,False,True,90,14,15.0,83,5.533333333333333,20,165,82,5.0,16.4,3,7
15.1,15,1,92,Tim Southee,Corey Anderson,6,False,-3.0,9,Motera,Sardar Patel Stadium,False,True,91,15,15.166666666666666,89,5.868131868131869,20,165,76,4.833333333333334,15.72413793103448,3,7
15.2,15,2,93,Tim Southee,Corey Anderson,4,False,-2.0,9,Motera,Sardar Patel Stadium,False,True,92,15,15.333333333333334,93,6.065217391304348,20,165,72,4.666666666666666,15.42857142857143,3,7
15.3,15,3,94,Tim Southee,Corey Anderson,1,False,-0.5,9,Motera,Sardar Patel Stadium,False,True,93,15,15.5,94,6.064516129032258,20,165,71,4.5,15.777777777777779,3,7
15.4,15,4,95,Tim Southee,Kieron Pollard,4,False,-2.0,9,Motera,Sardar Patel Stadium,False,True,94,15,15.666666666666666,98,6.25531914893617,20,165,67,4.333333333333334,15.46153846153846,3,7
15.5,15,5,96,Tim Southee,Kieron Pollard,1,False,-0.5,9,Motera,Sardar Patel Stadium,False,True,95,15,15.833333333333334,99,6.252631578947368,20,165,66,4.166666666666666,15.840000000000002,3,7
15.6,15,6,97,Tim Southee,Corey Anderson,0,False,1.0,9,Motera,Sardar Patel Stadium,False,True,96,15,16.0,99,6.1875,20,165,66,4.0,16.5,3,7
16.1,16,1,98,James Faulkner,Kieron Pollard,4,False,-2.0,9,Motera,Sardar Patel Stadium,False,True,97,16,16.166666666666668,103,6.371134020618556,20,165,62,3.833333333333332,16.173913043478265,3,7
16.2,16,2,99,James Faulkner,Kieron Pollard,6,False,-3.0,9,Motera,Sardar Patel Stadium,False,True,98,16,16.333333333333332,109,6.673469387755103,20,165,56,3.666666666666668,15.272727272727268,3,7
16.3,16,3,100,James Faulkner,Kieron Pollard,0,False,1.0,9,Motera,Sardar Patel Stadium,False,True,99,16,16.5,109,6.606060606060606,20,165,56,3.5,16.0,3,7
16.4,16,4,101,James Faulkner,Kieron Pollard,4,False,-2.0,9,Motera,Sardar Patel Stadium,False,True,100,16,16.666666666666668,113,6.779999999999999,20,165,52,3.333333333333332,15.600000000000005,3,7
16.5,16,5,102,James Faulkner,Kieron Pollard,1,False,-0.25,9,Motera,Sardar Patel Stadium,False,True,101,16,16.833333333333332,114,6.772277227722773,20,165,51,3.166666666666668,16.10526315789473,3,7
16.6,16,6,103,James Faulkner,Corey Anderson,2,False,-1.0,9,Motera,Sardar Patel Stadium,False,True,102,16,17.0,116,6.823529411764706,20,165,49,3.0,16.333333333333332,3,7
17.1,17,1,104,Pravin Tambe,Kieron Pollard,6,False,-3.0,9,Motera,Sardar Patel Stadium,False,True,103,17,17.166666666666668,122,7.106796116504854,20,165,43,2.833333333333332,15.1764705882353,3,7
17.2,17,2,105,Pravin Tambe,Kieron Pollard,2,False,-1.0,9,Motera,Sardar Patel Stadium,False,True,104,17,17.333333333333332,124,7.153846153846154,20,165,41,2.666666666666668,15.374999999999993,3,7
17.3,17,3,106,Pravin Tambe,Kieron Pollard,1,False,-0.5,9,Motera,Sardar Patel Stadium,False,True,105,17,17.5,125,7.142857142857143,20,165,40,2.5,16.0,3,7
17.4,17,4,107,Pravin Tambe,Corey Anderson,1,False,-0.5,9,Motera,Sardar Patel Stadium,False,True,106,17,17.666666666666668,126,7.132075471698113,20,165,39,2.333333333333332,16.714285714285722,3,7
17.5,17,5,108,Pravin Tambe,Kieron Pollard,2,False,-1.0,9,Motera,Sardar Patel Stadium,False,True,107,17,17.833333333333332,128,7.177570093457945,20,165,37,2.166666666666668,17.076923076923066,3,7
17.6,17,6,109,Pravin Tambe,Kieron Pollard,1,False,-0.5,9,Motera,Sardar Patel Stadium,False,True,108,17,18.0,129,7.166666666666667,20,165,36,2.0,18.0,3,7
18.1,18,1,110,Tim Southee,Kieron Pollard,6,False,-3.0,9,Motera,Sardar Patel Stadium,False,True,109,18,18.166666666666668,135,7.431192660550458,20,165,30,1.8333333333333321,16.363636363636374,3,7
18.2,18,2,111,Tim Southee,Kieron Pollard,4,False,-2.0,9,Motera,Sardar Patel Stadium,False,True,110,18,18.333333333333332,139,7.581818181818182,20,165,26,1.6666666666666679,15.599999999999989,3,7
18.3,18,3,112,Tim Southee,Kieron Pollard,4,False,-2.0,9,Motera,Sardar Patel Stadium,False,True,111,18,18.5,143,7.72972972972973,20,165,22,1.5,14.666666666666666,3,7
18.4,18,4,113,Tim Southee,Kieron Pollard,6,False,-3.0,9,Motera,Sardar Patel Stadium,False,True,112,18,18.666666666666668,149,7.982142857142857,20,165,16,1.3333333333333321,12.00000000000001,3,7
18.5,18,5,114,Tim Southee,Kieron Pollard,0,False,1.0,9,Motera,Sardar Patel Stadium,False,True,113,18,18.833333333333332,149,7.911504424778761,20,165,16,1.1666666666666679,13.714285714285701,3,7
18.6,18,6,115,Tim Southee,Kieron Pollard,0,True,5.0,9,Motera,Sardar Patel Stadium,False,True,114,18,19.0,149,7.842105263157895,20,165,16,1.0,16.0,4,6
19.1,19,1,116,Chris Morris,Corey Anderson,2,False,-1.0,9,Motera,Sardar Patel Stadium,False,True,115,19,19.166666666666668,151,7.878260869565217,20,165,14,0.8333333333333321,16.800000000000026,4,6
19.2,19,2,117,Chris Morris,Corey Anderson,4,False,-2.0,9,Motera,Sardar Patel Stadium,False,True,116,19,19.333333333333332,155,8.017241379310345,20,165,10,0.6666666666666679,14.999999999999973,4,6
19.3,19,3,118,Chris Morris,Corey Anderson,6,False,-3.0,9,Motera,Sardar Patel Stadium,False,True,117,19,19.5,161,8.256410256410257,20,165,4,0.5,8.0,4,6
19.4,19,4,119,Chris Morris,Corey Anderson,0,True,5.0,9,Motera,Sardar Patel Stadium,False,True,118,19,19.666666666666668,161,8.186440677966102,20,165,4,0.33333333333333215,12.000000000000043,5,5
19.5,19,5,120,Chris Morris,Shreyas Gopal,1,False,-0.5,9,Motera,Sardar Patel Stadium,False,True,119,19,19.833333333333332,162,8.168067226890757,20,165,3,0.16666666666666785,17.999999999999872,5,5
19.6,19,6,121,Chris Morris,Jagadeesha Suchith,2,False,-0.25,9,Motera,Sardar Patel Stadium,False,True,120,19,20.0,164,8.2,20,165,1,0.0,inf,5,5
