Ball Number,over,ball,Ball,bowler,bowler_role,batsman,batsman_role,Runs,is_wicket,bowler_score,match_id,city,stadium,Stadium_Type,is_extra,legal_delivery,legal_deliveries_count,overs_completed,overs_bowled,total_runs,current_run_rate,total_overs,target,runs_needed,overs_remaining,required_run_rate,wickets_fallen,wickets_in_hand,Ground_Type
0.1,0,1,1,Kagiso Rabada,Bowlers,Andre Russell,All-Rounders,4,False,-2.0,10,Delhi,Arun Jaitley Stadium,Small,False,True,1,0,0.1666666666666666,4,24.0,20,186,182,19.83333333333333,9.176470588235295,0,10,Small
0.1,0,1,2,Prasidh Krishna,Bowlers,Rishabh Pant,Batters,1,False,-0.5,10,Delhi,Arun Jaitley Stadium,Small,False,True,2,0,0.3333333333333333,5,15.0,20,186,181,19.666666666666668,9.203389830508474,0,10,Small
0.2,0,2,3,Kagiso Rabada,Bowlers,Andre Russell,All-Rounders,0,False,1.0,10,Delhi,Arun Jaitley Stadium,Small,False,True,3,0,0.5,5,10.0,20,186,181,19.5,9.282051282051285,0,10,Small
0.2,0,2,4,Prasidh Krishna,Bowlers,Shreyas Iyer,Batters,4,False,-2.0,10,Delhi,Arun Jaitley Stadium,Small,False,True,4,0,0.6666666666666666,9,13.5,20,186,177,19.33333333333333,9.155172413793103,0,10,Small
0.3,0,3,5,Kagiso Rabada,Bowlers,Andre Russell,All-Rounders,0,True,5.0,10,Delhi,Arun Jaitley Stadium,Small,False,True,5,0,0.8333333333333334,9,10.8,20,186,177,19.166666666666668,9.234782608695651,1,9,Small
0.3,0,3,6,Prasidh Krishna,Bowlers,Shreyas Iyer,Batters,0,True,5.0,10,Delhi,Arun Jaitley Stadium,Small,False,True,6,0,1.0,9,9.0,20,186,177,19.0,9.31578947368421,2,8,Small
0.4,0,4,7,Kagiso Rabada,Bowlers,Robin Uthappa,Batters,1,False,-0.5,10,Delhi,Arun Jaitley Stadium,Small,False,True,7,1,1.1666666666666667,10,8.571428571428571,20,186,176,18.83333333333333,9.345132743362832,2,8,Small
0.4,0,4,8,Prasidh Krishna,Bowlers,Rishabh Pant,Batters,2,False,-1.0,10,Delhi,Arun Jaitley Stadium,Small,False,True,8,1,1.3333333333333333,12,9.0,20,186,174,18.666666666666668,9.321428571428571,2,8,Small
0.5,0,5,9,Kagiso Rabada,Bowlers,Dinesh Karthik,Batters,1,False,-0.5,10,Delhi,Arun Jaitley Stadium,Small,False,True,9,1,1.5,13,8.666666666666666,20,186,173,18.5,9.35135135135135,2,8,Small
0.5,0,5,10,Prasidh Krishna,Bowlers,Rishabh Pant,Batters,2,False,-1.0,10,Delhi,Arun Jaitley Stadium,Small,False,True,10,1,1.6666666666666663,15,9.0,20,186,171,18.33333333333333,9.327272727272728,2,8,Small
0.6,0,6,11,Kagiso Rabada,Bowlers,Robin Uthappa,Batters,1,False,-0.5,10,Delhi,Arun Jaitley Stadium,Small,False,True,11,1,1.8333333333333333,16,8.727272727272727,20,186,170,18.166666666666668,9.357798165137616,2,8,Small
0.6,0,6,12,Prasidh Krishna,Bowlers,Rishabh Pant,Batters,1,False,-0.5,10,Delhi,Arun Jaitley Stadium,Small,False,True,12,1,2.0,17,8.5,20,186,169,18.0,9.38888888888889,2,8,Small
