Ball Number,over,ball,Ball,bowler,bowler_role,batsman,batsman_role,Runs,is_wicket,bowler_score,match_id,city,stadium,Stadium_Type,is_extra,legal_delivery,legal_deliveries_count,overs_completed,overs_bowled,total_runs,current_run_rate,total_overs,target,runs_needed,overs_remaining,required_run_rate,wickets_fallen,wickets_in_hand,Ground_Type
0.1,0,1,1,Kagiso Rabada,Bowlers,KL Rahul,Batters,0,False,1.0,13,Mohali,Punjab Cricket Association Stadium,Medium,False,True,1,0,0.1666666666666666,0,0.0,20,167,167,19.83333333333333,8.420168067226891,0,10,Medium
0.2,0,2,2,Kagiso Rabada,Bowlers,KL Rahul,Batters,0,False,1.0,13,Mohali,Punjab Cricket Association Stadium,Medium,False,True,2,0,0.3333333333333333,0,0.0,20,167,167,19.666666666666668,8.491525423728813,0,10,Medium
0.3,0,3,3,Kagiso Rabada,Bowlers,KL Rahul,Batters,4,False,-2.0,13,Mohali,Punjab Cricket Association Stadium,Medium,False,True,3,0,0.5,4,8.0,20,167,163,19.5,8.35897435897436,0,10,Medium
0.4,0,4,4,Kagiso Rabada,Bowlers,KL Rahul,Batters,0,False,1.0,13,Mohali,Punjab Cricket Association Stadium,Medium,False,True,4,0,0.6666666666666666,4,6.0,20,167,163,19.33333333333333,8.431034482758621,0,10,Medium
0.5,0,5,5,Kagiso Rabada,Bowlers,KL Rahul,Batters,0,False,1.0,13,Mohali,Punjab Cricket Association Stadium,Medium,False,True,5,0,0.8333333333333334,4,4.8,20,167,163,19.166666666666668,8.504347826086956,0,10,Medium
0.6,0,6,6,Kagiso Rabada,Bowlers,KL Rahul,Batters,1,False,-0.5,13,Mohali,Punjab Cricket Association Stadium,Medium,False,True,6,0,1.0,5,5.0,20,167,162,19.0,8.526315789473685,0,10,Medium
1.1,1,1,7,Chris Morris,All-Rounders,KL Rahul,Batters,0,False,1.0,13,Mohali,Punjab Cricket Association Stadium,Medium,False,True,7,1,1.1666666666666667,5,4.285714285714286,20,167,162,18.83333333333333,8.601769911504425,0,10,Medium
1.2,1,2,8,Chris Morris,All-Rounders,KL Rahul,Batters,4,False,-2.0,13,Mohali,Punjab Cricket Association Stadium,Medium,False,True,8,1,1.3333333333333333,9,6.75,20,167,158,18.666666666666668,8.464285714285714,0,10,Medium
1.3,1,3,9,Chris Morris,All-Rounders,KL Rahul,Batters,0,False,1.0,13,Mohali,Punjab Cricket Association Stadium,Medium,False,True,9,1,1.5,9,6.0,20,167,158,18.5,8.54054054054054,0,10,Medium
1.4,1,4,10,Chris Morris,All-Rounders,KL Rahul,Batters,6,False,-3.0,13,Mohali,Punjab Cricket Association Stadium,Medium,False,True,10,1,1.6666666666666663,15,9.0,20,167,152,18.33333333333333,8.290909090909091,0,10,Medium
1.5,1,5,11,Chris Morris,All-Rounders,KL Rahul,Batters,0,True,5.0,13,Mohali,Punjab Cricket Association Stadium,Medium,False,True,11,1,1.8333333333333333,15,8.181818181818182,20,167,152,18.166666666666668,8.36697247706422,1,9,Medium
1.6,1,6,12,Chris Morris,All-Rounders,Mayank Agarawal,Batters,0,False,1.0,13,Mohali,Punjab Cricket Association Stadium,Medium,False,True,12,1,2.0,15,7.5,20,167,152,18.0,8.444444444444445,1,9,Medium
2.1,2,1,13,Avesh Khan,Bowlers,Sam Curran,All-Rounders,0,False,1.0,13,Mohali,Punjab Cricket Association Stadium,Medium,False,True,13,2,2.1666666666666665,15,6.923076923076923,20,167,152,17.833333333333332,8.52336448598131,1,9,Medium
2.2,2,2,14,Avesh Khan,Bowlers,Sam Curran,All-Rounders,4,False,-2.0,13,Mohali,Punjab Cricket Association Stadium,Medium,False,True,14,2,2.333333333333333,19,8.142857142857142,20,167,148,17.666666666666668,8.377358490566037,1,9,Medium
2.3,2,3,15,Avesh Khan,Bowlers,Sam Curran,All-Rounders,4,False,-2.0,13,Mohali,Punjab Cricket Association Stadium,Medium,False,True,15,2,2.5,23,9.2,20,167,144,17.5,8.228571428571428,1,9,Medium
2.4,2,4,16,Avesh Khan,Bowlers,Sam Curran,All-Rounders,0,False,1.0,13,Mohali,Punjab Cricket Association Stadium,Medium,False,True,16,2,2.6666666666666665,23,8.625,20,167,144,17.333333333333332,8.307692307692308,1,9,Medium
2.5,2,5,17,Avesh Khan,Bowlers,Sam Curran,All-Rounders,4,False,-2.0,13,Mohali,Punjab Cricket Association Stadium,Medium,False,True,17,2,2.833333333333333,27,9.529411764705882,20,167,140,17.166666666666668,8.155339805825243,1,9,Medium
2.6,2,6,18,Avesh Khan,Bowlers,Sam Curran,All-Rounders,0,False,1.0,13,Mohali,Punjab Cricket Association Stadium,Medium,False,True,18,2,3.0,27,9.0,20,167,140,17.0,8.235294117647058,1,9,Medium
3.1,3,1,19,Sandeep Lamichhane,Bowlers,Mayank Agarawal,Batters,1,False,-0.5,13,Mohali,Punjab Cricket Association Stadium,Medium,False,True,19,3,3.1666666666666665,28,8.842105263157896,20,167,139,16.833333333333332,8.257425742574258,1,9,Medium
3.2,3,2,20,Sandeep Lamichhane,Bowlers,Sam Curran,All-Rounders,0,False,1.0,13,Mohali,Punjab Cricket Association Stadium,Medium,False,True,20,3,3.333333333333333,28,8.4,20,167,139,16.666666666666668,8.34,1,9,Medium
3.3,3,3,21,Sandeep Lamichhane,Bowlers,Sam Curran,All-Rounders,2,False,-1.0,13,Mohali,Punjab Cricket Association Stadium,Medium,False,True,21,3,3.5,30,8.571428571428571,20,167,137,16.5,8.303030303030303,1,9,Medium
3.4,3,4,22,Sandeep Lamichhane,Bowlers,Sam Curran,All-Rounders,6,False,-3.0,13,Mohali,Punjab Cricket Association Stadium,Medium,False,True,22,3,3.6666666666666665,36,9.818181818181818,20,167,131,16.333333333333332,8.020408163265307,1,9,Medium
3.5,3,5,23,Sandeep Lamichhane,Bowlers,Sam Curran,All-Rounders,0,True,5.0,13,Mohali,Punjab Cricket Association Stadium,Medium,False,True,23,3,3.8333333333333335,36,9.391304347826086,20,167,131,16.166666666666668,8.103092783505154,2,8,Medium
3.6,3,6,24,Sandeep Lamichhane,Bowlers,Sarfaraz Khan,Batters,1,False,-0.5,13,Mohali,Punjab Cricket Association Stadium,Medium,False,True,24,3,4.0,37,9.25,20,167,130,16.0,8.125,2,8,Medium
4.1,4,1,25,Kagiso Rabada,Bowlers,Sarfaraz Khan,Batters,4,False,-2.0,13,Mohali,Punjab Cricket Association Stadium,Medium,False,True,25,4,4.166666666666667,41,9.84,20,167,126,15.833333333333332,7.957894736842106,2,8,Medium
4.2,4,2,26,Kagiso Rabada,Bowlers,Sarfaraz Khan,Batters,0,False,1.0,13,Mohali,Punjab Cricket Association Stadium,Medium,False,True,26,4,4.333333333333333,41,9.461538461538462,20,167,126,15.666666666666668,8.042553191489361,2,8,Medium
4.3,4,3,27,Kagiso Rabada,Bowlers,Sarfaraz Khan,Batters,0,False,1.0,13,Mohali,Punjab Cricket Association Stadium,Medium,False,True,27,4,4.5,41,9.11111111111111,20,167,126,15.5,8.129032258064516,2,8,Medium
4.4,4,4,28,Kagiso Rabada,Bowlers,Sarfaraz Khan,Batters,1,False,-0.5,13,Mohali,Punjab Cricket Association Stadium,Medium,False,True,28,4,4.666666666666667,42,9.0,20,167,125,15.333333333333332,8.152173913043478,2,8,Medium
4.5,4,5,29,Kagiso Rabada,Bowlers,Mayank Agarawal,Batters,0,False,1.0,13,Mohali,Punjab Cricket Association Stadium,Medium,False,True,29,4,4.833333333333333,42,8.689655172413794,20,167,125,15.166666666666668,8.241758241758241,2,8,Medium
4.6,4,6,30,Kagiso Rabada,Bowlers,Mayank Agarawal,Batters,2,False,-1.0,13,Mohali,Punjab Cricket Association Stadium,Medium,False,True,30,4,5.0,44,8.8,20,167,123,15.0,8.2,2,8,Medium
5.1,5,1,31,Chris Morris,All-Rounders,Sarfaraz Khan,Batters,0,False,1.0,13,Mohali,Punjab Cricket Association Stadium,Medium,False,True,31,5,5.166666666666667,44,8.516129032258064,20,167,123,14.833333333333332,8.292134831460675,2,8,Medium
5.2,5,2,32,Chris Morris,All-Rounders,Sarfaraz Khan,Batters,4,False,-2.0,13,Mohali,Punjab Cricket Association Stadium,Medium,False,True,32,5,5.333333333333333,48,9.0,20,167,119,14.666666666666668,8.113636363636363,2,8,Medium
5.3,5,3,33,Chris Morris,All-Rounders,Sarfaraz Khan,Batters,4,False,-2.0,13,Mohali,Punjab Cricket Association Stadium,Medium,False,True,33,5,5.5,52,9.454545454545457,20,167,115,14.5,7.931034482758621,2,8,Medium
5.4,5,4,34,Chris Morris,All-Rounders,Sarfaraz Khan,Batters,0,False,1.0,13,Mohali,Punjab Cricket Association Stadium,Medium,False,True,34,5,5.666666666666667,52,9.176470588235292,20,167,115,14.333333333333332,8.023255813953488,2,8,Medium
5.5,5,5,35,Chris Morris,All-Rounders,Sarfaraz Khan,Batters,1,False,-0.5,13,Mohali,Punjab Cricket Association Stadium,Medium,False,True,35,5,5.833333333333333,53,9.085714285714284,20,167,114,14.166666666666668,8.047058823529412,2,8,Medium
5.6,5,6,36,Chris Morris,All-Rounders,Mayank Agarawal,Batters,1,False,-0.5,13,Mohali,Punjab Cricket Association Stadium,Medium,False,True,36,5,6.0,54,9.0,20,167,113,14.0,8.071428571428571,2,8,Medium
6.1,6,1,37,Sandeep Lamichhane,Bowlers,Mayank Agarawal,Batters,0,False,1.0,13,Mohali,Punjab Cricket Association Stadium,Medium,False,True,37,6,6.166666666666667,54,8.756756756756756,20,167,113,13.833333333333332,8.168674698795181,2,8,Medium
6.2,6,2,38,Sandeep Lamichhane,Bowlers,Mayank Agarawal,Batters,0,False,1.0,13,Mohali,Punjab Cricket Association Stadium,Medium,False,True,38,6,6.333333333333333,54,8.526315789473685,20,167,113,13.666666666666668,8.268292682926829,2,8,Medium
6.3,6,3,39,Sandeep Lamichhane,Bowlers,Mayank Agarawal,Batters,1,False,-0.5,13,Mohali,Punjab Cricket Association Stadium,Medium,False,True,39,6,6.5,55,8.461538461538462,20,167,112,13.5,8.296296296296296,2,8,Medium
6.4,6,4,40,Sandeep Lamichhane,Bowlers,Sarfaraz Khan,Batters,1,False,-0.5,13,Mohali,Punjab Cricket Association Stadium,Medium,False,True,40,6,6.666666666666667,56,8.4,20,167,111,13.333333333333332,8.325000000000001,2,8,Medium
6.5,6,5,41,Sandeep Lamichhane,Bowlers,Mayank Agarawal,Batters,1,False,-0.5,13,Mohali,Punjab Cricket Association Stadium,Medium,False,True,41,6,6.833333333333333,57,8.341463414634147,20,167,110,13.166666666666668,8.354430379746836,2,8,Medium
6.6,6,6,42,Sandeep Lamichhane,Bowlers,Sarfaraz Khan,Batters,1,False,-0.5,13,Mohali,Punjab Cricket Association Stadium,Medium,False,True,42,6,7.0,58,8.285714285714286,20,167,109,13.0,8.384615384615385,2,8,Medium
7.1,7,1,43,Harshal Patel,Bowlers,Sarfaraz Khan,Batters,0,True,5.0,13,Mohali,Punjab Cricket Association Stadium,Medium,False,True,43,7,7.166666666666667,58,8.093023255813954,20,167,109,12.833333333333332,8.493506493506494,3,7,Medium
7.2,7,2,44,Harshal Patel,Bowlers,Sarfaraz Khan,Batters,1,False,-0.5,13,Mohali,Punjab Cricket Association Stadium,Medium,False,True,44,7,7.333333333333333,59,8.045454545454545,20,167,108,12.666666666666668,8.526315789473683,3,7,Medium
7.3,7,3,45,Harshal Patel,Bowlers,David Miller,Batters,0,False,1.0,13,Mohali,Punjab Cricket Association Stadium,Medium,False,True,45,7,7.5,59,7.866666666666666,20,167,108,12.5,8.64,3,7,Medium
7.4,7,4,46,Harshal Patel,Bowlers,David Miller,Batters,5,False,-1.0,13,Mohali,Punjab Cricket Association Stadium,Medium,True,False,45,7,7.5,64,8.533333333333333,20,167,103,12.5,8.24,3,7,Medium
7.4,7,4,47,Harshal Patel,Bowlers,David Miller,Batters,0,False,1.0,13,Mohali,Punjab Cricket Association Stadium,Medium,False,True,46,7,7.666666666666667,64,8.347826086956522,20,167,103,12.333333333333332,8.351351351351353,3,7,Medium
7.5,7,5,48,Harshal Patel,Bowlers,David Miller,Batters,0,False,1.0,13,Mohali,Punjab Cricket Association Stadium,Medium,False,True,47,7,7.833333333333333,64,8.170212765957448,20,167,103,12.166666666666668,8.465753424657533,3,7,Medium
7.6,7,6,49,Harshal Patel,Bowlers,David Miller,Batters,1,False,-0.5,13,Mohali,Punjab Cricket Association Stadium,Medium,False,True,48,7,8.0,65,8.125,20,167,102,12.0,8.5,3,7,Medium
8.1,8,1,50,Avesh Khan,Bowlers,David Miller,Batters,0,False,1.0,13,Mohali,Punjab Cricket Association Stadium,Medium,False,True,49,8,8.166666666666666,65,7.959183673469388,20,167,102,11.833333333333334,8.619718309859154,3,7,Medium
8.2,8,2,51,Avesh Khan,Bowlers,David Miller,Batters,1,False,-0.5,13,Mohali,Punjab Cricket Association Stadium,Medium,False,True,50,8,8.333333333333334,66,7.919999999999999,20,167,101,11.666666666666666,8.657142857142858,3,7,Medium
8.3,8,3,52,Avesh Khan,Bowlers,Sarfaraz Khan,Batters,0,False,1.0,13,Mohali,Punjab Cricket Association Stadium,Medium,False,True,51,8,8.5,66,7.764705882352941,20,167,101,11.5,8.782608695652174,3,7,Medium
8.4,8,4,53,Avesh Khan,Bowlers,Sarfaraz Khan,Batters,4,False,-2.0,13,Mohali,Punjab Cricket Association Stadium,Medium,False,True,52,8,8.666666666666666,70,8.076923076923077,20,167,97,11.333333333333334,8.558823529411764,3,7,Medium
8.5,8,5,54,Avesh Khan,Bowlers,Sarfaraz Khan,Batters,4,False,-2.0,13,Mohali,Punjab Cricket Association Stadium,Medium,False,True,53,8,8.833333333333334,74,8.377358490566037,20,167,93,11.166666666666666,8.328358208955224,3,7,Medium
8.6,8,6,55,Avesh Khan,Bowlers,Sarfaraz Khan,Batters,1,False,-0.5,13,Mohali,Punjab Cricket Association Stadium,Medium,False,True,54,8,9.0,75,8.333333333333334,20,167,92,11.0,8.363636363636363,3,7,Medium
9.1,9,1,56,Harshal Patel,Bowlers,Sarfaraz Khan,Batters,1,False,-0.5,13,Mohali,Punjab Cricket Association Stadium,Medium,False,True,55,9,9.166666666666666,76,8.290909090909091,20,167,91,10.833333333333334,8.4,3,7,Medium
9.2,9,2,57,Harshal Patel,Bowlers,David Miller,Batters,0,False,1.0,13,Mohali,Punjab Cricket Association Stadium,Medium,False,True,56,9,9.333333333333334,76,8.142857142857142,20,167,91,10.666666666666666,8.53125,3,7,Medium
9.3,9,3,58,Harshal Patel,Bowlers,David Miller,Batters,1,False,-0.5,13,Mohali,Punjab Cricket Association Stadium,Medium,False,True,57,9,9.5,77,8.105263157894736,20,167,90,10.5,8.571428571428571,3,7,Medium
9.4,9,4,59,Harshal Patel,Bowlers,Sarfaraz Khan,Batters,1,False,-0.5,13,Mohali,Punjab Cricket Association Stadium,Medium,False,True,58,9,9.666666666666666,78,8.068965517241379,20,167,89,10.333333333333334,8.612903225806452,3,7,Medium
9.5,9,5,60,Harshal Patel,Bowlers,David Miller,Batters,6,False,-3.0,13,Mohali,Punjab Cricket Association Stadium,Medium,False,True,59,9,9.833333333333334,84,8.542372881355933,20,167,83,10.166666666666666,8.163934426229508,3,7,Medium
9.6,9,6,61,Harshal Patel,Bowlers,David Miller,Batters,1,False,-1.0,13,Mohali,Punjab Cricket Association Stadium,Medium,True,False,59,9,9.833333333333334,85,8.64406779661017,20,167,82,10.166666666666666,8.065573770491804,3,7,Medium
9.6,9,6,62,Harshal Patel,Bowlers,David Miller,Batters,1,False,-0.5,13,Mohali,Punjab Cricket Association Stadium,Medium,False,True,60,9,10.0,86,8.6,20,167,81,10.0,8.1,3,7,Medium
10.1,10,1,63,Hanuma Vihari,All-Rounders,David Miller,Batters,1,False,-0.5,13,Mohali,Punjab Cricket Association Stadium,Medium,False,True,61,10,10.166666666666666,87,8.557377049180328,20,167,80,9.833333333333334,8.135593220338983,3,7,Medium
10.2,10,2,64,Hanuma Vihari,All-Rounders,Sarfaraz Khan,Batters,1,False,-0.5,13,Mohali,Punjab Cricket Association Stadium,Medium,False,True,62,10,10.333333333333334,88,8.516129032258064,20,167,79,9.666666666666666,8.172413793103448,3,7,Medium
10.3,10,3,65,Hanuma Vihari,All-Rounders,David Miller,Batters,1,False,-0.5,13,Mohali,Punjab Cricket Association Stadium,Medium,False,True,63,10,10.5,89,8.476190476190476,20,167,78,9.5,8.210526315789474,3,7,Medium
10.4,10,4,66,Hanuma Vihari,All-Rounders,Sarfaraz Khan,Batters,1,False,-0.5,13,Mohali,Punjab Cricket Association Stadium,Medium,False,True,64,10,10.666666666666666,90,8.4375,20,167,77,9.333333333333334,8.25,3,7,Medium
10.5,10,5,67,Hanuma Vihari,All-Rounders,David Miller,Batters,1,False,-0.5,13,Mohali,Punjab Cricket Association Stadium,Medium,False,True,65,10,10.833333333333334,91,8.4,20,167,76,9.166666666666666,8.290909090909091,3,7,Medium
10.6,10,6,68,Hanuma Vihari,All-Rounders,Sarfaraz Khan,Batters,4,False,-2.0,13,Mohali,Punjab Cricket Association Stadium,Medium,False,True,66,10,11.0,95,8.636363636363637,20,167,72,9.0,8.0,3,7,Medium
11.1,11,1,69,Sandeep Lamichhane,Bowlers,David Miller,Batters,1,False,-0.25,13,Mohali,Punjab Cricket Association Stadium,Medium,False,True,67,11,11.166666666666666,96,8.597014925373134,20,167,71,8.833333333333334,8.037735849056602,3,7,Medium
11.2,11,2,70,Sandeep Lamichhane,Bowlers,Sarfaraz Khan,Batters,0,False,1.0,13,Mohali,Punjab Cricket Association Stadium,Medium,False,True,68,11,11.333333333333334,96,8.470588235294118,20,167,71,8.666666666666666,8.192307692307693,3,7,Medium
11.3,11,3,71,Sandeep Lamichhane,Bowlers,Sarfaraz Khan,Batters,1,False,-0.5,13,Mohali,Punjab Cricket Association Stadium,Medium,False,True,69,11,11.5,97,8.434782608695652,20,167,70,8.5,8.235294117647058,3,7,Medium
11.4,11,4,72,Sandeep Lamichhane,Bowlers,David Miller,Batters,1,False,-0.5,13,Mohali,Punjab Cricket Association Stadium,Medium,False,True,70,11,11.666666666666666,98,8.4,20,167,69,8.333333333333334,8.28,3,7,Medium
11.5,11,5,73,Sandeep Lamichhane,Bowlers,Sarfaraz Khan,Batters,1,False,-0.5,13,Mohali,Punjab Cricket Association Stadium,Medium,False,True,71,11,11.833333333333334,99,8.366197183098592,20,167,68,8.166666666666666,8.326530612244898,3,7,Medium
11.6,11,6,74,Sandeep Lamichhane,Bowlers,David Miller,Batters,6,False,-3.0,13,Mohali,Punjab Cricket Association Stadium,Medium,False,True,72,11,12.0,105,8.75,20,167,62,8.0,7.75,3,7,Medium
12.1,12,1,75,Harshal Patel,Bowlers,Sarfaraz Khan,Batters,1,False,-0.5,13,Mohali,Punjab Cricket Association Stadium,Medium,False,True,73,12,12.166666666666666,106,8.712328767123289,20,167,61,7.833333333333334,7.787234042553191,3,7,Medium
12.2,12,2,76,Harshal Patel,Bowlers,David Miller,Batters,2,False,-1.0,13,Mohali,Punjab Cricket Association Stadium,Medium,False,True,74,12,12.333333333333334,108,8.756756756756756,20,167,59,7.666666666666666,7.695652173913044,3,7,Medium
12.3,12,3,77,Harshal Patel,Bowlers,David Miller,Batters,4,False,-2.0,13,Mohali,Punjab Cricket Association Stadium,Medium,False,True,75,12,12.5,112,8.96,20,167,55,7.5,7.333333333333333,3,7,Medium
12.4,12,4,78,Harshal Patel,Bowlers,David Miller,Batters,4,False,-2.0,13,Mohali,Punjab Cricket Association Stadium,Medium,False,True,76,12,12.666666666666666,116,9.157894736842106,20,167,51,7.333333333333334,6.954545454545454,3,7,Medium
12.5,12,5,79,Harshal Patel,Bowlers,David Miller,Batters,0,False,1.0,13,Mohali,Punjab Cricket Association Stadium,Medium,False,True,77,12,12.833333333333334,116,9.03896103896104,20,167,51,7.166666666666666,7.116279069767442,3,7,Medium
12.6,12,6,80,Harshal Patel,Bowlers,David Miller,Batters,1,False,-0.5,13,Mohali,Punjab Cricket Association Stadium,Medium,False,True,78,12,13.0,117,9.0,20,167,50,7.0,7.142857142857143,3,7,Medium
13.1,13,1,81,Sandeep Lamichhane,Bowlers,David Miller,Batters,0,False,1.0,13,Mohali,Punjab Cricket Association Stadium,Medium,False,True,79,13,13.166666666666666,117,8.88607594936709,20,167,50,6.833333333333334,7.317073170731707,3,7,Medium
13.2,13,2,82,Sandeep Lamichhane,Bowlers,David Miller,Batters,1,False,-0.5,13,Mohali,Punjab Cricket Association Stadium,Medium,False,True,80,13,13.333333333333334,118,8.85,20,167,49,6.666666666666666,7.35,3,7,Medium
13.3,13,3,83,Sandeep Lamichhane,Bowlers,Sarfaraz Khan,Batters,1,False,-0.5,13,Mohali,Punjab Cricket Association Stadium,Medium,False,True,81,13,13.5,119,8.814814814814815,20,167,48,6.5,7.384615384615385,3,7,Medium
13.4,13,4,84,Sandeep Lamichhane,Bowlers,David Miller,Batters,1,False,-0.5,13,Mohali,Punjab Cricket Association Stadium,Medium,False,True,82,13,13.666666666666666,120,8.78048780487805,20,167,47,6.333333333333334,7.421052631578947,3,7,Medium
13.5,13,5,85,Sandeep Lamichhane,Bowlers,Sarfaraz Khan,Batters,0,True,5.0,13,Mohali,Punjab Cricket Association Stadium,Medium,False,True,83,13,13.833333333333334,120,8.674698795180722,20,167,47,6.166666666666666,7.621621621621622,4,6,Medium
13.6,13,6,86,Sandeep Lamichhane,Bowlers,Mandeep Singh,All-Rounders,1,False,-0.5,13,Mohali,Punjab Cricket Association Stadium,Medium,False,True,84,13,14.0,121,8.642857142857142,20,167,46,6.0,7.666666666666667,4,6,Medium
14.1,14,1,87,Avesh Khan,Bowlers,Mandeep Singh,All-Rounders,0,False,1.0,13,Mohali,Punjab Cricket Association Stadium,Medium,False,True,85,14,14.166666666666666,121,8.541176470588235,20,167,46,5.833333333333334,7.885714285714285,4,6,Medium
14.2,14,2,88,Avesh Khan,Bowlers,Mandeep Singh,All-Rounders,1,False,-0.5,13,Mohali,Punjab Cricket Association Stadium,Medium,False,True,86,14,14.333333333333334,122,8.511627906976743,20,167,45,5.666666666666666,7.941176470588236,4,6,Medium
14.3,14,3,89,Avesh Khan,Bowlers,David Miller,Batters,0,False,1.0,13,Mohali,Punjab Cricket Association Stadium,Medium,False,True,87,14,14.5,122,8.413793103448276,20,167,45,5.5,8.181818181818182,4,6,Medium
14.4,14,4,90,Avesh Khan,Bowlers,David Miller,Batters,1,False,-0.5,13,Mohali,Punjab Cricket Association Stadium,Medium,False,True,88,14,14.666666666666666,123,8.386363636363637,20,167,44,5.333333333333334,8.249999999999998,4,6,Medium
14.5,14,5,91,Avesh Khan,Bowlers,Mandeep Singh,All-Rounders,1,False,-0.5,13,Mohali,Punjab Cricket Association Stadium,Medium,False,True,89,14,14.833333333333334,124,8.359550561797752,20,167,43,5.166666666666666,8.322580645161292,4,6,Medium
14.6,14,6,92,Avesh Khan,Bowlers,David Miller,Batters,1,False,-1.0,13,Mohali,Punjab Cricket Association Stadium,Medium,True,False,89,14,14.833333333333334,125,8.42696629213483,20,167,42,5.166666666666666,8.129032258064518,4,6,Medium
14.6,14,6,93,Avesh Khan,Bowlers,David Miller,Batters,4,False,-2.0,13,Mohali,Punjab Cricket Association Stadium,Medium,False,True,90,14,15.0,129,8.6,20,167,38,5.0,7.6,4,6,Medium
15.1,15,1,94,Harshal Patel,Bowlers,Mandeep Singh,All-Rounders,0,False,1.0,13,Mohali,Punjab Cricket Association Stadium,Medium,False,True,91,15,15.166666666666666,129,8.505494505494505,20,167,38,4.833333333333334,7.86206896551724,4,6,Medium
15.2,15,2,95,Harshal Patel,Bowlers,Mandeep Singh,All-Rounders,0,False,1.0,13,Mohali,Punjab Cricket Association Stadium,Medium,False,True,92,15,15.333333333333334,129,8.41304347826087,20,167,38,4.666666666666666,8.142857142857144,4,6,Medium
15.3,15,3,96,Harshal Patel,Bowlers,Mandeep Singh,All-Rounders,1,False,-0.5,13,Mohali,Punjab Cricket Association Stadium,Medium,False,True,93,15,15.5,130,8.387096774193548,20,167,37,4.5,8.222222222222221,4,6,Medium
15.4,15,4,97,Harshal Patel,Bowlers,David Miller,Batters,4,False,-2.0,13,Mohali,Punjab Cricket Association Stadium,Medium,False,True,94,15,15.666666666666666,134,8.553191489361703,20,167,33,4.333333333333334,7.615384615384614,4,6,Medium
15.5,15,5,98,Harshal Patel,Bowlers,David Miller,Batters,1,False,-0.5,13,Mohali,Punjab Cricket Association Stadium,Medium,False,True,95,15,15.833333333333334,135,8.526315789473683,20,167,32,4.166666666666666,7.6800000000000015,4,6,Medium
15.6,15,6,99,Harshal Patel,Bowlers,Mandeep Singh,All-Rounders,1,False,-0.5,13,Mohali,Punjab Cricket Association Stadium,Medium,False,True,96,15,16.0,136,8.5,20,167,31,4.0,7.75,4,6,Medium
16.1,16,1,100,Chris Morris,All-Rounders,Mandeep Singh,All-Rounders,1,False,-0.5,13,Mohali,Punjab Cricket Association Stadium,Medium,False,True,97,16,16.166666666666668,137,8.474226804123711,20,167,30,3.833333333333332,7.826086956521742,4,6,Medium
16.2,16,2,101,Chris Morris,All-Rounders,David Miller,Batters,0,True,5.0,13,Mohali,Punjab Cricket Association Stadium,Medium,False,True,98,16,16.333333333333332,137,8.387755102040817,20,167,30,3.666666666666668,8.18181818181818,5,5,Medium
16.3,16,3,102,Chris Morris,All-Rounders,Mandeep Singh,All-Rounders,1,False,-1.0,13,Mohali,Punjab Cricket Association Stadium,Medium,True,False,98,16,16.333333333333332,138,8.448979591836736,20,167,29,3.666666666666668,7.909090909090906,5,5,Medium
16.3,16,3,103,Chris Morris,All-Rounders,Mandeep Singh,All-Rounders,1,False,-0.5,13,Mohali,Punjab Cricket Association Stadium,Medium,False,True,99,16,16.5,139,8.424242424242424,20,167,28,3.5,8.0,5,5,Medium
16.4,16,4,104,Chris Morris,All-Rounders,Hardus Viljoen,Bowlers,1,False,-0.5,13,Mohali,Punjab Cricket Association Stadium,Medium,False,True,100,16,16.666666666666668,140,8.399999999999999,20,167,27,3.333333333333332,8.100000000000003,5,5,Medium
16.5,16,5,105,Chris Morris,All-Rounders,Mandeep Singh,All-Rounders,1,False,-0.5,13,Mohali,Punjab Cricket Association Stadium,Medium,False,True,101,16,16.833333333333332,141,8.376237623762377,20,167,26,3.166666666666668,8.21052631578947,5,5,Medium
16.6,16,6,106,Chris Morris,All-Rounders,Hardus Viljoen,Bowlers,0,False,1.0,13,Mohali,Punjab Cricket Association Stadium,Medium,False,True,102,16,17.0,141,8.294117647058824,20,167,26,3.0,8.666666666666666,5,5,Medium
17.1,17,1,107,Kagiso Rabada,Bowlers,Mandeep Singh,All-Rounders,4,False,-2.0,13,Mohali,Punjab Cricket Association Stadium,Medium,False,True,103,17,17.166666666666668,145,8.446601941747572,20,167,22,2.833333333333332,7.764705882352945,5,5,Medium
17.2,17,2,108,Kagiso Rabada,Bowlers,Mandeep Singh,All-Rounders,1,False,-0.5,13,Mohali,Punjab Cricket Association Stadium,Medium,False,True,104,17,17.333333333333332,146,8.423076923076923,20,167,21,2.666666666666668,7.8749999999999964,5,5,Medium
17.3,17,3,109,Kagiso Rabada,Bowlers,Hardus Viljoen,Bowlers,0,True,5.0,13,Mohali,Punjab Cricket Association Stadium,Medium,False,True,105,17,17.5,146,8.342857142857143,20,167,21,2.5,8.4,6,4,Medium
17.4,17,4,110,Kagiso Rabada,Bowlers,Mandeep Singh,All-Rounders,0,False,1.0,13,Mohali,Punjab Cricket Association Stadium,Medium,False,True,106,17,17.666666666666668,146,8.264150943396226,20,167,21,2.333333333333332,9.000000000000005,6,4,Medium
17.5,17,5,111,Kagiso Rabada,Bowlers,Mandeep Singh,All-Rounders,1,False,-0.5,13,Mohali,Punjab Cricket Association Stadium,Medium,False,True,107,17,17.833333333333332,147,8.242990654205608,20,167,20,2.166666666666668,9.230769230769226,6,4,Medium
17.6,17,6,112,Kagiso Rabada,Bowlers,Ravichandran Ashwin,All-Rounders,1,False,-0.5,13,Mohali,Punjab Cricket Association Stadium,Medium,False,True,108,17,18.0,148,8.222222222222221,20,167,19,2.0,9.5,6,4,Medium
18.1,18,1,113,Chris Morris,All-Rounders,Ravichandran Ashwin,All-Rounders,1,False,-0.5,13,Mohali,Punjab Cricket Association Stadium,Medium,False,True,109,18,18.166666666666668,149,8.20183486238532,20,167,18,1.833333333333332,9.818181818181824,6,4,Medium
18.2,18,2,114,Chris Morris,All-Rounders,Mandeep Singh,All-Rounders,1,False,-0.5,13,Mohali,Punjab Cricket Association Stadium,Medium,False,True,110,18,18.33333333333333,150,8.181818181818182,20,167,17,1.666666666666668,10.199999999999992,6,4,Medium
18.3,18,3,115,Chris Morris,All-Rounders,Ravichandran Ashwin,All-Rounders,1,False,-0.5,13,Mohali,Punjab Cricket Association Stadium,Medium,False,True,111,18,18.5,151,8.162162162162161,20,167,16,1.5,10.666666666666666,6,4,Medium
18.4,18,4,116,Chris Morris,All-Rounders,Mandeep Singh,All-Rounders,1,False,-0.5,13,Mohali,Punjab Cricket Association Stadium,Medium,False,True,112,18,18.666666666666668,152,8.142857142857142,20,167,15,1.333333333333332,11.25000000000001,6,4,Medium
18.5,18,5,117,Chris Morris,All-Rounders,Ravichandran Ashwin,All-Rounders,0,True,5.0,13,Mohali,Punjab Cricket Association Stadium,Medium,False,True,113,18,18.83333333333333,152,8.070796460176991,20,167,15,1.166666666666668,12.857142857142843,7,3,Medium
18.6,18,6,118,Chris Morris,All-Rounders,Murugan Ashwin,Bowlers,1,False,-0.5,13,Mohali,Punjab Cricket Association Stadium,Medium,False,True,114,18,19.0,153,8.052631578947368,20,167,14,1.0,14.0,7,3,Medium
19.1,19,1,119,Kagiso Rabada,Bowlers,Murugan Ashwin,Bowlers,0,True,5.0,13,Mohali,Punjab Cricket Association Stadium,Medium,False,True,115,19,19.166666666666668,153,7.982608695652173,20,167,14,0.8333333333333321,16.800000000000026,8,2,Medium
19.2,19,2,120,Kagiso Rabada,Bowlers,Mandeep Singh,All-Rounders,2,False,-1.0,13,Mohali,Punjab Cricket Association Stadium,Medium,False,True,116,19,19.33333333333333,155,8.017241379310345,20,167,12,0.6666666666666679,17.999999999999968,8,2,Medium
19.3,19,3,121,Kagiso Rabada,Bowlers,Mandeep Singh,All-Rounders,1,False,-0.5,13,Mohali,Punjab Cricket Association Stadium,Medium,False,True,117,19,19.5,156,8.0,20,167,11,0.5,22.0,8,2,Medium
19.4,19,4,122,Kagiso Rabada,Bowlers,Mohammed Shami,Bowlers,0,True,5.0,13,Mohali,Punjab Cricket Association Stadium,Medium,False,True,118,19,19.666666666666668,156,7.932203389830508,20,167,11,0.3333333333333321,33.00000000000012,9,1,Medium
19.5,19,5,123,Kagiso Rabada,Bowlers,Mandeep Singh,All-Rounders,4,False,-2.0,13,Mohali,Punjab Cricket Association Stadium,Medium,False,True,119,19,19.83333333333333,160,8.067226890756302,20,167,7,0.1666666666666678,41.9999999999997,9,1,Medium
19.6,19,6,124,Kagiso Rabada,Bowlers,Mandeep Singh,All-Rounders,6,False,-3.0,13,Mohali,Punjab Cricket Association Stadium,Medium,False,True,120,19,20.0,166,8.3,20,167,1,0.0,inf,9,1,Medium
