Ball Number,over,ball,Ball,bowler,bowler_role,batsman,batsman_role,Runs,is_wicket,bowler_score,match_id,city,stadium,Stadium_Type,is_extra,legal_delivery,legal_deliveries_count,overs_completed,overs_bowled,total_runs,current_run_rate,total_overs,target,runs_needed,overs_remaining,required_run_rate,wickets_fallen,wickets_in_hand,Ground_Type
0.1,0,1,1,Jason Behrendorff,Bowlers,Shane Watson,All-Rounders,0,False,1.0,15,Mumbai,Wankhede Stadium,Medium,False,True,1,0,0.1666666666666666,0,0.0,20,171,171,19.83333333333333,8.6218487394958,0,10,Medium
0.2,0,2,2,Jason Behrendorff,Bowlers,Shane Watson,All-Rounders,0,False,1.0,15,Mumbai,Wankhede Stadium,Medium,False,True,2,0,0.3333333333333333,0,0.0,20,171,171,19.666666666666668,8.694915254237287,0,10,Medium
0.3,0,3,3,Jason Behrendorff,Bowlers,Shane Watson,All-Rounders,1,False,-0.5,15,Mumbai,Wankhede Stadium,Medium,False,True,3,0,0.5,1,2.0,20,171,170,19.5,8.717948717948717,0,10,Medium
0.4,0,4,4,Jason Behrendorff,Bowlers,Ambati Rayudu,Batters,0,True,5.0,15,Mumbai,Wankhede Stadium,Medium,False,True,4,0,0.6666666666666666,1,1.5,20,171,170,19.33333333333333,8.793103448275863,1,9,Medium
0.5,0,5,5,Jason Behrendorff,Bowlers,Suresh Raina,Batters,0,False,1.0,15,Mumbai,Wankhede Stadium,Medium,False,True,5,0,0.8333333333333334,1,1.2,20,171,170,19.166666666666668,8.869565217391305,1,9,Medium
0.6,0,6,6,Jason Behrendorff,Bowlers,Suresh Raina,Batters,0,False,1.0,15,Mumbai,Wankhede Stadium,Medium,False,True,6,0,1.0,1,1.0,20,171,170,19.0,8.947368421052632,1,9,Medium
1.1,1,1,7,Lasith Malinga,Bowlers,Shane Watson,All-Rounders,1,False,-1.0,15,Mumbai,Wankhede Stadium,Medium,True,False,6,0,1.0,2,2.0,20,171,169,19.0,8.894736842105264,1,9,Medium
1.1,1,1,8,Lasith Malinga,Bowlers,Shane Watson,All-Rounders,4,False,-2.0,15,Mumbai,Wankhede Stadium,Medium,False,True,7,1,1.1666666666666667,6,5.142857142857142,20,171,165,18.83333333333333,8.761061946902656,1,9,Medium
1.2,1,2,9,Lasith Malinga,Bowlers,Shane Watson,All-Rounders,0,True,5.0,15,Mumbai,Wankhede Stadium,Medium,False,True,8,1,1.3333333333333333,6,4.5,20,171,165,18.666666666666668,8.839285714285714,2,8,Medium
1.3,1,3,10,Lasith Malinga,Bowlers,Kedar Jadhav,All-Rounders,0,False,1.0,15,Mumbai,Wankhede Stadium,Medium,False,True,9,1,1.5,6,4.0,20,171,165,18.5,8.91891891891892,2,8,Medium
1.4,1,4,11,Lasith Malinga,Bowlers,Kedar Jadhav,All-Rounders,0,False,1.0,15,Mumbai,Wankhede Stadium,Medium,False,True,10,1,1.6666666666666663,6,3.6000000000000005,20,171,165,18.33333333333333,9.0,2,8,Medium
1.5,1,5,12,Lasith Malinga,Bowlers,Kedar Jadhav,All-Rounders,0,False,1.0,15,Mumbai,Wankhede Stadium,Medium,False,True,11,1,1.8333333333333333,6,3.2727272727272725,20,171,165,18.166666666666668,9.082568807339449,2,8,Medium
1.6,1,6,13,Lasith Malinga,Bowlers,Kedar Jadhav,All-Rounders,0,False,1.0,15,Mumbai,Wankhede Stadium,Medium,False,True,12,1,2.0,6,3.0,20,171,165,18.0,9.166666666666666,2,8,Medium
2.1,2,1,14,Jason Behrendorff,Bowlers,Suresh Raina,Batters,0,False,1.0,15,Mumbai,Wankhede Stadium,Medium,False,True,13,2,2.1666666666666665,6,2.7692307692307696,20,171,165,17.833333333333332,9.25233644859813,2,8,Medium
2.2,2,2,15,Jason Behrendorff,Bowlers,Suresh Raina,Batters,1,False,-1.0,15,Mumbai,Wankhede Stadium,Medium,True,False,13,2,2.1666666666666665,7,3.230769230769231,20,171,164,17.833333333333332,9.19626168224299,2,8,Medium
2.2,2,2,16,Jason Behrendorff,Bowlers,Suresh Raina,Batters,6,False,-3.0,15,Mumbai,Wankhede Stadium,Medium,False,True,14,2,2.333333333333333,13,5.571428571428571,20,171,158,17.666666666666668,8.943396226415095,2,8,Medium
2.3,2,3,17,Jason Behrendorff,Bowlers,Suresh Raina,Batters,0,False,1.0,15,Mumbai,Wankhede Stadium,Medium,False,True,15,2,2.5,13,5.2,20,171,158,17.5,9.028571428571428,2,8,Medium
2.4,2,4,18,Jason Behrendorff,Bowlers,Suresh Raina,Batters,1,False,-0.5,15,Mumbai,Wankhede Stadium,Medium,False,True,16,2,2.6666666666666665,14,5.25,20,171,157,17.333333333333332,9.057692307692308,2,8,Medium
2.5,2,5,19,Jason Behrendorff,Bowlers,Kedar Jadhav,All-Rounders,0,False,1.0,15,Mumbai,Wankhede Stadium,Medium,False,True,17,2,2.833333333333333,14,4.941176470588235,20,171,157,17.166666666666668,9.145631067961164,2,8,Medium
2.6,2,6,20,Jason Behrendorff,Bowlers,Kedar Jadhav,All-Rounders,0,False,1.0,15,Mumbai,Wankhede Stadium,Medium,False,True,18,2,3.0,14,4.666666666666667,20,171,157,17.0,9.235294117647058,2,8,Medium
3.1,3,1,21,Lasith Malinga,Bowlers,Suresh Raina,Batters,0,False,1.0,15,Mumbai,Wankhede Stadium,Medium,False,True,19,3,3.1666666666666665,14,4.421052631578948,20,171,157,16.833333333333332,9.326732673267328,2,8,Medium
3.2,3,2,22,Lasith Malinga,Bowlers,Suresh Raina,Batters,0,False,1.0,15,Mumbai,Wankhede Stadium,Medium,False,True,20,3,3.333333333333333,14,4.2,20,171,157,16.666666666666668,9.42,2,8,Medium
3.3,3,3,23,Lasith Malinga,Bowlers,Suresh Raina,Batters,1,False,-0.5,15,Mumbai,Wankhede Stadium,Medium,False,True,21,3,3.5,15,4.285714285714286,20,171,156,16.5,9.454545454545457,2,8,Medium
3.4,3,4,24,Lasith Malinga,Bowlers,Kedar Jadhav,All-Rounders,6,False,-3.0,15,Mumbai,Wankhede Stadium,Medium,False,True,22,3,3.6666666666666665,21,5.727272727272728,20,171,150,16.333333333333332,9.183673469387756,2,8,Medium
3.5,3,5,25,Lasith Malinga,Bowlers,Kedar Jadhav,All-Rounders,0,False,1.0,15,Mumbai,Wankhede Stadium,Medium,False,True,23,3,3.8333333333333335,21,5.478260869565217,20,171,150,16.166666666666668,9.278350515463917,2,8,Medium
3.6,3,6,26,Lasith Malinga,Bowlers,Kedar Jadhav,All-Rounders,4,False,-2.0,15,Mumbai,Wankhede Stadium,Medium,False,True,24,3,4.0,25,6.25,20,171,146,16.0,9.125,2,8,Medium
4.1,4,1,27,Jason Behrendorff,Bowlers,Suresh Raina,Batters,0,False,1.0,15,Mumbai,Wankhede Stadium,Medium,False,True,25,4,4.166666666666667,25,6.0,20,171,146,15.833333333333332,9.221052631578948,2,8,Medium
4.2,4,2,28,Jason Behrendorff,Bowlers,Suresh Raina,Batters,0,False,1.0,15,Mumbai,Wankhede Stadium,Medium,False,True,26,4,4.333333333333333,25,5.76923076923077,20,171,146,15.666666666666668,9.319148936170212,2,8,Medium
4.3,4,3,29,Jason Behrendorff,Bowlers,Suresh Raina,Batters,4,False,-2.0,15,Mumbai,Wankhede Stadium,Medium,False,True,27,4,4.5,29,6.444444444444445,20,171,142,15.5,9.161290322580646,2,8,Medium
4.4,4,4,30,Jason Behrendorff,Bowlers,Suresh Raina,Batters,4,False,-2.0,15,Mumbai,Wankhede Stadium,Medium,False,True,28,4,4.666666666666667,33,7.071428571428571,20,171,138,15.333333333333332,9.0,2,8,Medium
4.5,4,5,31,Jason Behrendorff,Bowlers,Suresh Raina,Batters,0,False,1.0,15,Mumbai,Wankhede Stadium,Medium,False,True,29,4,4.833333333333333,33,6.8275862068965525,20,171,138,15.166666666666668,9.0989010989011,2,8,Medium
4.6,4,6,32,Jason Behrendorff,Bowlers,Suresh Raina,Batters,0,True,5.0,15,Mumbai,Wankhede Stadium,Medium,False,True,30,4,5.0,33,6.6,20,171,138,15.0,9.2,3,7,Medium
5.1,5,1,33,Hardik Pandya,All-Rounders,Kedar Jadhav,All-Rounders,0,False,1.0,15,Mumbai,Wankhede Stadium,Medium,False,True,31,5,5.166666666666667,33,6.387096774193548,20,171,138,14.833333333333332,9.303370786516854,3,7,Medium
5.2,5,2,34,Hardik Pandya,All-Rounders,Kedar Jadhav,All-Rounders,0,False,1.0,15,Mumbai,Wankhede Stadium,Medium,False,True,32,5,5.333333333333333,33,6.1875,20,171,138,14.666666666666668,9.409090909090908,3,7,Medium
5.3,5,3,35,Hardik Pandya,All-Rounders,Kedar Jadhav,All-Rounders,0,False,1.0,15,Mumbai,Wankhede Stadium,Medium,False,True,33,5,5.5,33,6.0,20,171,138,14.5,9.517241379310343,3,7,Medium
5.4,5,4,36,Hardik Pandya,All-Rounders,Kedar Jadhav,All-Rounders,1,False,-0.5,15,Mumbai,Wankhede Stadium,Medium,False,True,34,5,5.666666666666667,34,6.0,20,171,137,14.333333333333332,9.558139534883722,3,7,Medium
5.5,5,5,37,Hardik Pandya,All-Rounders,MS Dhoni,Batters,0,False,1.0,15,Mumbai,Wankhede Stadium,Medium,False,True,35,5,5.833333333333333,34,5.828571428571429,20,171,137,14.166666666666668,9.670588235294115,3,7,Medium
5.6,5,6,38,Hardik Pandya,All-Rounders,MS Dhoni,Batters,0,False,1.0,15,Mumbai,Wankhede Stadium,Medium,False,True,36,5,6.0,34,5.666666666666667,20,171,137,14.0,9.785714285714286,3,7,Medium
6.1,6,1,39,Jasprit Bumrah,Bowlers,Kedar Jadhav,All-Rounders,0,False,1.0,15,Mumbai,Wankhede Stadium,Medium,False,True,37,6,6.166666666666667,34,5.513513513513513,20,171,137,13.833333333333332,9.903614457831326,3,7,Medium
6.2,6,2,40,Jasprit Bumrah,Bowlers,Kedar Jadhav,All-Rounders,4,False,-2.0,15,Mumbai,Wankhede Stadium,Medium,False,True,38,6,6.333333333333333,38,6.0,20,171,133,13.666666666666668,9.73170731707317,3,7,Medium
6.3,6,3,41,Jasprit Bumrah,Bowlers,Kedar Jadhav,All-Rounders,3,False,-1.0,15,Mumbai,Wankhede Stadium,Medium,True,False,38,6,6.333333333333333,41,6.473684210526316,20,171,130,13.666666666666668,9.51219512195122,3,7,Medium
6.3,6,3,42,Jasprit Bumrah,Bowlers,Kedar Jadhav,All-Rounders,4,False,-2.0,15,Mumbai,Wankhede Stadium,Medium,False,True,39,6,6.5,45,6.923076923076923,20,171,126,13.5,9.333333333333334,3,7,Medium
6.4,6,4,43,Jasprit Bumrah,Bowlers,Kedar Jadhav,All-Rounders,4,False,-2.0,15,Mumbai,Wankhede Stadium,Medium,False,True,40,6,6.666666666666667,49,7.35,20,171,122,13.333333333333332,9.15,3,7,Medium
6.5,6,5,44,Jasprit Bumrah,Bowlers,Kedar Jadhav,All-Rounders,0,False,1.0,15,Mumbai,Wankhede Stadium,Medium,False,True,41,6,6.833333333333333,49,7.170731707317073,20,171,122,13.166666666666668,9.265822784810126,3,7,Medium
6.6,6,6,45,Jasprit Bumrah,Bowlers,Kedar Jadhav,All-Rounders,0,False,1.0,15,Mumbai,Wankhede Stadium,Medium,False,True,42,6,7.0,49,7.0,20,171,122,13.0,9.384615384615383,3,7,Medium
7.1,7,1,46,Rahul Chahar,Bowlers,MS Dhoni,Batters,0,False,1.0,15,Mumbai,Wankhede Stadium,Medium,False,True,43,7,7.166666666666667,49,6.837209302325581,20,171,122,12.833333333333332,9.506493506493507,3,7,Medium
7.2,7,2,47,Rahul Chahar,Bowlers,MS Dhoni,Batters,1,False,-0.5,15,Mumbai,Wankhede Stadium,Medium,False,True,44,7,7.333333333333333,50,6.818181818181818,20,171,121,12.666666666666668,9.552631578947368,3,7,Medium
7.3,7,3,48,Rahul Chahar,Bowlers,Kedar Jadhav,All-Rounders,0,False,1.0,15,Mumbai,Wankhede Stadium,Medium,False,True,45,7,7.5,50,6.666666666666667,20,171,121,12.5,9.68,3,7,Medium
7.3,7,3,49,Rahul Chahar,Bowlers,Kedar Jadhav,All-Rounders,1,False,-1.0,15,Mumbai,Wankhede Stadium,Medium,True,False,45,7,7.5,51,6.8,20,171,120,12.5,9.6,3,7,Medium
7.4,7,4,50,Rahul Chahar,Bowlers,Kedar Jadhav,All-Rounders,1,False,-0.5,15,Mumbai,Wankhede Stadium,Medium,False,True,46,7,7.666666666666667,52,6.782608695652174,20,171,119,12.333333333333332,9.64864864864865,3,7,Medium
7.5,7,5,51,Rahul Chahar,Bowlers,MS Dhoni,Batters,1,False,-0.5,15,Mumbai,Wankhede Stadium,Medium,False,True,47,7,7.833333333333333,53,6.765957446808511,20,171,118,12.166666666666668,9.6986301369863,3,7,Medium
7.6,7,6,52,Rahul Chahar,Bowlers,Kedar Jadhav,All-Rounders,4,False,-2.0,15,Mumbai,Wankhede Stadium,Medium,False,True,48,7,8.0,57,7.125,20,171,114,12.0,9.5,3,7,Medium
8.1,8,1,53,Jason Behrendorff,Bowlers,MS Dhoni,Batters,2,False,-1.0,15,Mumbai,Wankhede Stadium,Medium,False,True,49,8,8.166666666666666,59,7.224489795918368,20,171,112,11.833333333333334,9.464788732394366,3,7,Medium
8.2,8,2,54,Jason Behrendorff,Bowlers,MS Dhoni,Batters,1,False,-0.5,15,Mumbai,Wankhede Stadium,Medium,False,True,50,8,8.333333333333334,60,7.199999999999999,20,171,111,11.666666666666666,9.514285714285714,3,7,Medium
8.3,8,3,55,Jason Behrendorff,Bowlers,Kedar Jadhav,All-Rounders,1,False,-0.5,15,Mumbai,Wankhede Stadium,Medium,False,True,51,8,8.5,61,7.176470588235294,20,171,110,11.5,9.565217391304348,3,7,Medium
8.4,8,4,56,Jason Behrendorff,Bowlers,MS Dhoni,Batters,0,False,1.0,15,Mumbai,Wankhede Stadium,Medium,False,True,52,8,8.666666666666666,61,7.038461538461539,20,171,110,11.333333333333334,9.705882352941176,3,7,Medium
8.5,8,5,57,Jason Behrendorff,Bowlers,MS Dhoni,Batters,1,False,-0.25,15,Mumbai,Wankhede Stadium,Medium,False,True,53,8,8.833333333333334,62,7.018867924528301,20,171,109,11.166666666666666,9.761194029850747,3,7,Medium
8.6,8,6,58,Jason Behrendorff,Bowlers,Kedar Jadhav,All-Rounders,1,False,-0.5,15,Mumbai,Wankhede Stadium,Medium,False,True,54,8,9.0,63,7.0,20,171,108,11.0,9.818181818181818,3,7,Medium
9.1,9,1,59,Rahul Chahar,Bowlers,Kedar Jadhav,All-Rounders,0,False,1.0,15,Mumbai,Wankhede Stadium,Medium,False,True,55,9,9.166666666666666,63,6.872727272727273,20,171,108,10.833333333333334,9.96923076923077,3,7,Medium
9.2,9,2,60,Rahul Chahar,Bowlers,Kedar Jadhav,All-Rounders,1,False,-0.5,15,Mumbai,Wankhede Stadium,Medium,False,True,56,9,9.333333333333334,64,6.857142857142857,20,171,107,10.666666666666666,10.03125,3,7,Medium
9.3,9,3,61,Rahul Chahar,Bowlers,MS Dhoni,Batters,1,False,-0.5,15,Mumbai,Wankhede Stadium,Medium,False,True,57,9,9.5,65,6.842105263157895,20,171,106,10.5,10.095238095238097,3,7,Medium
9.4,9,4,62,Rahul Chahar,Bowlers,Kedar Jadhav,All-Rounders,0,False,1.0,15,Mumbai,Wankhede Stadium,Medium,False,True,58,9,9.666666666666666,65,6.724137931034483,20,171,106,10.333333333333334,10.258064516129032,3,7,Medium
9.5,9,5,63,Rahul Chahar,Bowlers,Kedar Jadhav,All-Rounders,1,False,-0.5,15,Mumbai,Wankhede Stadium,Medium,False,True,59,9,9.833333333333334,66,6.711864406779661,20,171,105,10.166666666666666,10.327868852459018,3,7,Medium
9.6,9,6,64,Rahul Chahar,Bowlers,MS Dhoni,Batters,0,False,1.0,15,Mumbai,Wankhede Stadium,Medium,False,True,60,9,10.0,66,6.6,20,171,105,10.0,10.5,3,7,Medium
10.1,10,1,65,Hardik Pandya,All-Rounders,Kedar Jadhav,All-Rounders,2,False,-1.0,15,Mumbai,Wankhede Stadium,Medium,False,True,61,10,10.166666666666666,68,6.688524590163935,20,171,103,9.833333333333334,10.47457627118644,3,7,Medium
10.2,10,2,66,Hardik Pandya,All-Rounders,Kedar Jadhav,All-Rounders,1,False,-0.5,15,Mumbai,Wankhede Stadium,Medium,False,True,62,10,10.333333333333334,69,6.677419354838709,20,171,102,9.666666666666666,10.551724137931036,3,7,Medium
10.3,10,3,67,Hardik Pandya,All-Rounders,MS Dhoni,Batters,0,False,1.0,15,Mumbai,Wankhede Stadium,Medium,False,True,63,10,10.5,69,6.571428571428571,20,171,102,9.5,10.736842105263158,3,7,Medium
10.4,10,4,68,Hardik Pandya,All-Rounders,MS Dhoni,Batters,0,False,1.0,15,Mumbai,Wankhede Stadium,Medium,False,True,64,10,10.666666666666666,69,6.46875,20,171,102,9.333333333333334,10.928571428571429,3,7,Medium
10.5,10,5,69,Hardik Pandya,All-Rounders,MS Dhoni,Batters,1,False,-0.5,15,Mumbai,Wankhede Stadium,Medium,False,True,65,10,10.833333333333334,70,6.461538461538461,20,171,101,9.166666666666666,11.01818181818182,3,7,Medium
10.6,10,6,70,Hardik Pandya,All-Rounders,Kedar Jadhav,All-Rounders,1,False,-0.5,15,Mumbai,Wankhede Stadium,Medium,False,True,66,10,11.0,71,6.454545454545454,20,171,100,9.0,11.11111111111111,3,7,Medium
11.1,11,1,71,Krunal Pandya,All-Rounders,Kedar Jadhav,All-Rounders,0,False,1.0,15,Mumbai,Wankhede Stadium,Medium,False,True,67,11,11.166666666666666,71,6.358208955223881,20,171,100,8.833333333333334,11.320754716981131,3,7,Medium
11.2,11,2,72,Krunal Pandya,All-Rounders,Kedar Jadhav,All-Rounders,0,False,1.0,15,Mumbai,Wankhede Stadium,Medium,False,True,68,11,11.333333333333334,71,6.264705882352941,20,171,100,8.666666666666666,11.53846153846154,3,7,Medium
11.3,11,3,73,,,,,0,False,0.0,15,Mumbai,Wankhede Stadium,Medium,False,True,69,11,11.5,71,6.173913043478261,20,171,100,8.5,11.764705882352942,3,7,Medium
11.4,11,4,74,Krunal Pandya,All-Rounders,MS Dhoni,Batters,1,False,-1.0,15,Mumbai,Wankhede Stadium,Medium,True,False,69,11,11.5,72,6.260869565217392,20,171,99,8.5,11.647058823529411,3,7,Medium
11.4,11,4,75,Krunal Pandya,All-Rounders,MS Dhoni,Batters,2,False,-1.0,15,Mumbai,Wankhede Stadium,Medium,False,True,70,11,11.666666666666666,74,6.342857142857143,20,171,97,8.333333333333334,11.64,3,7,Medium
11.5,11,5,76,Krunal Pandya,All-Rounders,MS Dhoni,Batters,1,False,-0.5,15,Mumbai,Wankhede Stadium,Medium,False,True,71,11,11.833333333333334,75,6.338028169014084,20,171,96,8.166666666666666,11.755102040816327,3,7,Medium
11.6,11,6,77,Krunal Pandya,All-Rounders,Kedar Jadhav,All-Rounders,1,False,-0.5,15,Mumbai,Wankhede Stadium,Medium,False,True,72,11,12.0,76,6.333333333333333,20,171,95,8.0,11.875,3,7,Medium
12.1,12,1,78,Jasprit Bumrah,Bowlers,Kedar Jadhav,All-Rounders,0,False,1.0,15,Mumbai,Wankhede Stadium,Medium,False,True,73,12,12.166666666666666,76,6.2465753424657535,20,171,95,7.833333333333334,12.127659574468083,3,7,Medium
12.2,12,2,79,Jasprit Bumrah,Bowlers,Kedar Jadhav,All-Rounders,1,False,-0.5,15,Mumbai,Wankhede Stadium,Medium,False,True,74,12,12.333333333333334,77,6.243243243243243,20,171,94,7.666666666666666,12.260869565217392,3,7,Medium
12.3,12,3,80,Jasprit Bumrah,Bowlers,MS Dhoni,Batters,0,False,1.0,15,Mumbai,Wankhede Stadium,Medium,False,True,75,12,12.5,77,6.16,20,171,94,7.5,12.533333333333331,3,7,Medium
12.4,12,4,81,Jasprit Bumrah,Bowlers,MS Dhoni,Batters,1,False,-0.5,15,Mumbai,Wankhede Stadium,Medium,False,True,76,12,12.666666666666666,78,6.157894736842105,20,171,93,7.333333333333334,12.681818181818182,3,7,Medium
12.5,12,5,82,Jasprit Bumrah,Bowlers,Kedar Jadhav,All-Rounders,1,False,-0.5,15,Mumbai,Wankhede Stadium,Medium,False,True,77,12,12.833333333333334,79,6.155844155844156,20,171,92,7.166666666666666,12.837209302325585,3,7,Medium
12.6,12,6,83,Jasprit Bumrah,Bowlers,MS Dhoni,Batters,0,False,1.0,15,Mumbai,Wankhede Stadium,Medium,False,True,78,12,13.0,79,6.076923076923077,20,171,92,7.0,13.142857142857142,3,7,Medium
13.1,13,1,84,Krunal Pandya,All-Rounders,Kedar Jadhav,All-Rounders,0,False,1.0,15,Mumbai,Wankhede Stadium,Medium,False,True,79,13,13.166666666666666,79,6.0,20,171,92,6.833333333333334,13.46341463414634,3,7,Medium
13.2,13,2,85,Krunal Pandya,All-Rounders,Kedar Jadhav,All-Rounders,1,False,-1.0,15,Mumbai,Wankhede Stadium,Medium,True,False,79,13,13.166666666666666,80,6.075949367088608,20,171,91,6.833333333333334,13.317073170731708,3,7,Medium
13.2,13,2,86,Krunal Pandya,All-Rounders,Kedar Jadhav,All-Rounders,4,False,-2.0,15,Mumbai,Wankhede Stadium,Medium,False,True,80,13,13.333333333333334,84,6.3,20,171,87,6.666666666666666,13.05,3,7,Medium
13.3,13,3,87,Krunal Pandya,All-Rounders,Kedar Jadhav,All-Rounders,0,False,1.0,15,Mumbai,Wankhede Stadium,Medium,False,True,81,13,13.5,84,6.222222222222222,20,171,87,6.5,13.384615384615383,3,7,Medium
13.4,13,4,88,Krunal Pandya,All-Rounders,Kedar Jadhav,All-Rounders,0,False,1.0,15,Mumbai,Wankhede Stadium,Medium,False,True,82,13,13.666666666666666,84,6.146341463414634,20,171,87,6.333333333333334,13.736842105263156,3,7,Medium
13.5,13,5,89,Krunal Pandya,All-Rounders,Kedar Jadhav,All-Rounders,1,False,-0.5,15,Mumbai,Wankhede Stadium,Medium,False,True,83,13,13.833333333333334,85,6.144578313253012,20,171,86,6.166666666666666,13.945945945945947,3,7,Medium
13.6,13,6,90,Krunal Pandya,All-Rounders,MS Dhoni,Batters,1,False,-0.5,15,Mumbai,Wankhede Stadium,Medium,False,True,84,13,14.0,86,6.142857142857143,20,171,85,6.0,14.166666666666666,3,7,Medium
14.1,14,1,91,Hardik Pandya,All-Rounders,MS Dhoni,Batters,0,True,5.0,15,Mumbai,Wankhede Stadium,Medium,False,True,85,14,14.166666666666666,86,6.070588235294118,20,171,85,5.833333333333334,14.57142857142857,4,6,Medium
14.2,14,2,92,Hardik Pandya,All-Rounders,Ravindra Jadeja,All-Rounders,1,False,-0.5,15,Mumbai,Wankhede Stadium,Medium,False,True,86,14,14.333333333333334,87,6.069767441860465,20,171,84,5.666666666666666,14.823529411764708,4,6,Medium
14.3,14,3,93,Hardik Pandya,All-Rounders,Kedar Jadhav,All-Rounders,1,False,-0.5,15,Mumbai,Wankhede Stadium,Medium,False,True,87,14,14.5,88,6.068965517241379,20,171,83,5.5,15.090909090909092,4,6,Medium
14.4,14,4,94,Hardik Pandya,All-Rounders,Ravindra Jadeja,All-Rounders,0,True,5.0,15,Mumbai,Wankhede Stadium,Medium,False,True,88,14,14.666666666666666,88,6.0,20,171,83,5.333333333333334,15.562499999999998,5,5,Medium
14.5,14,5,95,Hardik Pandya,All-Rounders,Dwayne Bravo,All-Rounders,0,False,1.0,15,Mumbai,Wankhede Stadium,Medium,False,True,89,14,14.833333333333334,88,5.932584269662921,20,171,83,5.166666666666666,16.06451612903226,5,5,Medium
14.6,14,6,96,Hardik Pandya,All-Rounders,Dwayne Bravo,All-Rounders,4,False,-0.25,15,Mumbai,Wankhede Stadium,Medium,False,True,90,14,15.0,92,6.133333333333334,20,171,79,5.0,15.8,5,5,Medium
14.6,14,6,97,Hardik Pandya,All-Rounders,Dwayne Bravo,All-Rounders,1,False,-1.0,15,Mumbai,Wankhede Stadium,Medium,True,False,90,14,15.0,93,6.2,20,171,78,5.0,15.6,5,5,Medium
15.1,15,1,98,Lasith Malinga,Bowlers,Kedar Jadhav,All-Rounders,4,False,-2.0,15,Mumbai,Wankhede Stadium,Medium,False,True,91,15,15.166666666666666,97,6.395604395604396,20,171,74,4.833333333333334,15.310344827586205,5,5,Medium
15.2,15,2,99,Lasith Malinga,Bowlers,Kedar Jadhav,All-Rounders,4,False,-2.0,15,Mumbai,Wankhede Stadium,Medium,False,True,92,15,15.333333333333334,101,6.58695652173913,20,171,70,4.666666666666666,15.000000000000002,5,5,Medium
15.3,15,3,100,Lasith Malinga,Bowlers,Kedar Jadhav,All-Rounders,1,False,-0.5,15,Mumbai,Wankhede Stadium,Medium,False,True,93,15,15.5,102,6.580645161290323,20,171,69,4.5,15.333333333333334,5,5,Medium
15.4,15,4,101,Lasith Malinga,Bowlers,Dwayne Bravo,All-Rounders,1,False,-0.5,15,Mumbai,Wankhede Stadium,Medium,False,True,94,15,15.666666666666666,103,6.574468085106383,20,171,68,4.333333333333334,15.69230769230769,5,5,Medium
15.5,15,5,102,Lasith Malinga,Bowlers,Kedar Jadhav,All-Rounders,1,False,-0.5,15,Mumbai,Wankhede Stadium,Medium,False,True,95,15,15.833333333333334,104,6.568421052631579,20,171,67,4.166666666666666,16.080000000000002,5,5,Medium
15.6,15,6,103,Lasith Malinga,Bowlers,Dwayne Bravo,All-Rounders,0,False,1.0,15,Mumbai,Wankhede Stadium,Medium,False,True,96,15,16.0,104,6.5,20,171,67,4.0,16.75,5,5,Medium
16.1,16,1,104,Jasprit Bumrah,Bowlers,Kedar Jadhav,All-Rounders,0,False,1.0,15,Mumbai,Wankhede Stadium,Medium,False,True,97,16,16.166666666666668,104,6.432989690721649,20,171,67,3.833333333333332,17.478260869565222,5,5,Medium
16.2,16,2,105,Jasprit Bumrah,Bowlers,Kedar Jadhav,All-Rounders,0,False,1.0,15,Mumbai,Wankhede Stadium,Medium,False,True,98,16,16.333333333333332,104,6.367346938775511,20,171,67,3.666666666666668,18.272727272727263,5,5,Medium
16.3,16,3,106,Jasprit Bumrah,Bowlers,Kedar Jadhav,All-Rounders,1,False,-0.5,15,Mumbai,Wankhede Stadium,Medium,False,True,99,16,16.5,105,6.363636363636363,20,171,66,3.5,18.857142857142858,5,5,Medium
16.4,16,4,107,Jasprit Bumrah,Bowlers,Dwayne Bravo,All-Rounders,0,False,1.0,15,Mumbai,Wankhede Stadium,Medium,False,True,100,16,16.666666666666668,105,6.3,20,171,66,3.333333333333332,19.800000000000008,5,5,Medium
16.5,16,5,108,Jasprit Bumrah,Bowlers,Dwayne Bravo,All-Rounders,1,False,-0.5,15,Mumbai,Wankhede Stadium,Medium,False,True,101,16,16.833333333333332,106,6.297029702970297,20,171,65,3.166666666666668,20.52631578947368,5,5,Medium
16.6,16,6,109,Jasprit Bumrah,Bowlers,Kedar Jadhav,All-Rounders,1,False,-0.25,15,Mumbai,Wankhede Stadium,Medium,False,True,102,16,17.0,107,6.294117647058823,20,171,64,3.0,21.33333333333333,5,5,Medium
17.1,17,1,110,Lasith Malinga,Bowlers,Kedar Jadhav,All-Rounders,0,True,5.0,15,Mumbai,Wankhede Stadium,Medium,False,True,103,17,17.166666666666668,107,6.233009708737864,20,171,64,2.833333333333332,22.588235294117656,6,4,Medium
17.2,17,2,111,Lasith Malinga,Bowlers,Rahul Chahar,Bowlers,1,False,-0.5,15,Mumbai,Wankhede Stadium,Medium,False,True,104,17,17.333333333333332,108,6.230769230769231,20,171,63,2.666666666666668,23.62499999999999,6,4,Medium
17.3,17,3,112,Lasith Malinga,Bowlers,Dwayne Bravo,All-Rounders,0,False,1.0,15,Mumbai,Wankhede Stadium,Medium,False,True,105,17,17.5,108,6.171428571428572,20,171,63,2.5,25.2,6,4,Medium
17.4,17,4,113,Lasith Malinga,Bowlers,Dwayne Bravo,All-Rounders,6,False,-3.0,15,Mumbai,Wankhede Stadium,Medium,False,True,106,17,17.666666666666668,114,6.452830188679245,20,171,57,2.333333333333332,24.42857142857144,6,4,Medium
17.5,17,5,114,Lasith Malinga,Bowlers,Dwayne Bravo,All-Rounders,0,True,5.0,15,Mumbai,Wankhede Stadium,Medium,False,True,107,17,17.833333333333332,114,6.392523364485982,20,171,57,2.166666666666668,26.30769230769229,7,3,Medium
17.6,17,6,115,Lasith Malinga,Bowlers,Shardul Thakur,Bowlers,0,False,1.0,15,Mumbai,Wankhede Stadium,Medium,False,True,108,17,18.0,114,6.333333333333333,20,171,57,2.0,28.5,7,3,Medium
18.1,18,1,116,Jasprit Bumrah,Bowlers,Rahul Chahar,Bowlers,1,False,-0.5,15,Mumbai,Wankhede Stadium,Medium,False,True,109,18,18.166666666666668,115,6.330275229357798,20,171,56,1.833333333333332,30.545454545454565,7,3,Medium
18.2,18,2,117,Jasprit Bumrah,Bowlers,Shardul Thakur,Bowlers,1,False,-0.5,15,Mumbai,Wankhede Stadium,Medium,False,True,110,18,18.33333333333333,116,6.327272727272728,20,171,55,1.666666666666668,32.99999999999998,7,3,Medium
18.3,18,3,118,Jasprit Bumrah,Bowlers,Rahul Chahar,Bowlers,4,False,-2.0,15,Mumbai,Wankhede Stadium,Medium,False,True,111,18,18.5,120,6.486486486486487,20,171,51,1.5,34.0,7,3,Medium
18.4,18,4,119,Jasprit Bumrah,Bowlers,Rahul Chahar,Bowlers,0,False,1.0,15,Mumbai,Wankhede Stadium,Medium,False,True,112,18,18.666666666666668,120,6.428571428571428,20,171,51,1.333333333333332,38.25000000000004,7,3,Medium
18.5,18,5,120,Jasprit Bumrah,Bowlers,Rahul Chahar,Bowlers,0,False,1.0,15,Mumbai,Wankhede Stadium,Medium,False,True,113,18,18.83333333333333,120,6.371681415929204,20,171,51,1.166666666666668,43.71428571428567,7,3,Medium
18.6,18,6,121,Jasprit Bumrah,Bowlers,Rahul Chahar,Bowlers,1,False,-0.5,15,Mumbai,Wankhede Stadium,Medium,False,True,114,18,19.0,121,6.368421052631579,20,171,50,1.0,50.0,7,3,Medium
19.1,19,1,122,Hardik Pandya,All-Rounders,Rahul Chahar,Bowlers,0,True,5.0,15,Mumbai,Wankhede Stadium,Medium,False,True,115,19,19.166666666666668,121,6.3130434782608695,20,171,50,0.8333333333333321,60.000000000000085,8,2,Medium
19.2,19,2,123,Hardik Pandya,All-Rounders,Shardul Thakur,Bowlers,6,False,-3.0,15,Mumbai,Wankhede Stadium,Medium,False,True,116,19,19.33333333333333,127,6.56896551724138,20,171,44,0.6666666666666679,65.99999999999989,8,2,Medium
19.3,19,3,124,Hardik Pandya,All-Rounders,Shardul Thakur,Bowlers,4,False,-2.0,15,Mumbai,Wankhede Stadium,Medium,False,True,117,19,19.5,131,6.717948717948718,20,171,40,0.5,80.0,8,2,Medium
19.4,19,4,125,Hardik Pandya,All-Rounders,Shardul Thakur,Bowlers,1,False,-0.5,15,Mumbai,Wankhede Stadium,Medium,False,True,118,19,19.666666666666668,132,6.711864406779661,20,171,39,0.3333333333333321,117.0000000000004,8,2,Medium
19.5,19,5,126,Hardik Pandya,All-Rounders,Mohit Sharma,Bowlers,0,False,1.0,15,Mumbai,Wankhede Stadium,Medium,False,True,119,19,19.83333333333333,132,6.65546218487395,20,171,39,0.1666666666666678,233.99999999999835,8,2,Medium
19.6,19,6,127,Hardik Pandya,All-Rounders,Mohit Sharma,Bowlers,0,False,1.0,15,Mumbai,Wankhede Stadium,Medium,False,True,120,19,20.0,132,6.6,20,171,39,0.0,inf,8,2,Medium
