Ball Number,over,ball,Ball,bowler,bowler_role,batsman,batsman_role,Runs,is_wicket,bowler_score,match_id,city,stadium,Stadium_Type,is_extra,legal_delivery,legal_deliveries_count,overs_completed,overs_bowled,total_runs,current_run_rate,total_overs,target,runs_needed,overs_remaining,required_run_rate,wickets_fallen,wickets_in_hand,Ground_Type
0.1,0,1,1,Morne Morkel,Bowlers,Murali Vijay,Batters,0,False,1.0,13,Mohali,Punjab Cricket Association Stadium,Medium,False,True,1,0,0.1666666666666666,0,0.0,20,139,139,19.83333333333333,7.008403361344539,0,10,Medium
0.2,0,2,2,Morne Morkel,Bowlers,Murali Vijay,Batters,0,False,1.0,13,Mohali,Punjab Cricket Association Stadium,Medium,False,True,2,0,0.3333333333333333,0,0.0,20,139,139,19.666666666666668,7.067796610169491,0,10,Medium
0.3,0,3,3,Morne Morkel,Bowlers,Murali Vijay,Batters,0,False,1.0,13,Mohali,Punjab Cricket Association Stadium,Medium,False,True,3,0,0.5,0,0.0,20,139,139,19.5,7.128205128205129,0,10,Medium
0.4,0,4,4,Morne Morkel,Bowlers,Murali Vijay,Batters,4,False,-2.0,13,Mohali,Punjab Cricket Association Stadium,Medium,False,True,4,0,0.6666666666666666,4,6.0,20,139,135,19.33333333333333,6.982758620689656,0,10,Medium
0.5,0,5,5,Morne Morkel,Bowlers,Murali Vijay,Batters,1,False,-0.5,13,Mohali,Punjab Cricket Association Stadium,Medium,False,True,5,0,0.8333333333333334,5,6.0,20,139,134,19.166666666666668,6.991304347826087,0,10,Medium
0.6,0,6,6,Morne Morkel,Bowlers,Manan Vohra,Batters,0,False,1.0,13,Mohali,Punjab Cricket Association Stadium,Medium,False,True,6,0,1.0,5,5.0,20,139,134,19.0,7.052631578947368,0,10,Medium
1.1,1,1,7,Umesh Yadav,Bowlers,Murali Vijay,Batters,0,False,1.0,13,Mohali,Punjab Cricket Association Stadium,Medium,False,True,7,1,1.1666666666666667,5,4.285714285714286,20,139,134,18.83333333333333,7.115044247787611,0,10,Medium
1.2,1,2,8,Umesh Yadav,Bowlers,Murali Vijay,Batters,2,False,-1.0,13,Mohali,Punjab Cricket Association Stadium,Medium,False,True,8,1,1.3333333333333333,7,5.25,20,139,132,18.666666666666668,7.071428571428571,0,10,Medium
1.3,1,3,9,Umesh Yadav,Bowlers,Murali Vijay,Batters,1,False,-0.5,13,Mohali,Punjab Cricket Association Stadium,Medium,False,True,9,1,1.5,8,5.333333333333333,20,139,131,18.5,7.081081081081081,0,10,Medium
1.4,1,4,10,Umesh Yadav,Bowlers,Manan Vohra,Batters,0,False,1.0,13,Mohali,Punjab Cricket Association Stadium,Medium,False,True,10,1,1.6666666666666663,8,4.800000000000001,20,139,131,18.33333333333333,7.1454545454545455,0,10,Medium
1.5,1,5,11,Umesh Yadav,Bowlers,Manan Vohra,Batters,2,False,-1.0,13,Mohali,Punjab Cricket Association Stadium,Medium,False,True,11,1,1.8333333333333333,10,5.454545454545454,20,139,129,18.166666666666668,7.10091743119266,0,10,Medium
1.6,1,6,12,Umesh Yadav,Bowlers,Manan Vohra,Batters,1,False,-0.5,13,Mohali,Punjab Cricket Association Stadium,Medium,False,True,12,1,2.0,11,5.5,20,139,128,18.0,7.111111111111111,0,10,Medium
2.1,2,1,13,Shakib Al Hasan,All-Rounders,Manan Vohra,Batters,0,False,1.0,13,Mohali,Punjab Cricket Association Stadium,Medium,False,True,13,2,2.1666666666666665,11,5.0769230769230775,20,139,128,17.833333333333332,7.177570093457945,0,10,Medium
2.2,2,2,14,Shakib Al Hasan,All-Rounders,Manan Vohra,Batters,0,False,1.0,13,Mohali,Punjab Cricket Association Stadium,Medium,False,True,14,2,2.333333333333333,11,4.714285714285714,20,139,128,17.666666666666668,7.245283018867924,0,10,Medium
2.3,2,3,15,Shakib Al Hasan,All-Rounders,Manan Vohra,Batters,0,False,1.0,13,Mohali,Punjab Cricket Association Stadium,Medium,False,True,15,2,2.5,11,4.4,20,139,128,17.5,7.314285714285714,0,10,Medium
2.4,2,4,16,Shakib Al Hasan,All-Rounders,Manan Vohra,Batters,1,False,-1.0,13,Mohali,Punjab Cricket Association Stadium,Medium,True,False,15,2,2.5,12,4.8,20,139,127,17.5,7.257142857142857,0,10,Medium
2.4,2,4,17,Shakib Al Hasan,All-Rounders,Manan Vohra,Batters,1,False,-0.5,13,Mohali,Punjab Cricket Association Stadium,Medium,False,True,16,2,2.6666666666666665,13,4.875,20,139,126,17.333333333333332,7.26923076923077,0,10,Medium
2.5,2,5,18,Shakib Al Hasan,All-Rounders,Murali Vijay,Batters,4,False,-2.0,13,Mohali,Punjab Cricket Association Stadium,Medium,False,True,17,2,2.833333333333333,17,6.0,20,139,122,17.166666666666668,7.106796116504854,0,10,Medium
2.6,2,6,19,Shakib Al Hasan,All-Rounders,Murali Vijay,Batters,0,False,1.0,13,Mohali,Punjab Cricket Association Stadium,Medium,False,True,18,2,3.0,17,5.666666666666667,20,139,122,17.0,7.176470588235294,0,10,Medium
3.1,3,1,20,Morne Morkel,Bowlers,Manan Vohra,Batters,2,False,-1.0,13,Mohali,Punjab Cricket Association Stadium,Medium,False,True,19,3,3.1666666666666665,19,6.0,20,139,120,16.833333333333332,7.128712871287129,0,10,Medium
3.2,3,2,21,Morne Morkel,Bowlers,Manan Vohra,Batters,0,False,1.0,13,Mohali,Punjab Cricket Association Stadium,Medium,False,True,20,3,3.333333333333333,19,5.7,20,139,120,16.666666666666668,7.199999999999999,0,10,Medium
3.3,3,3,22,Morne Morkel,Bowlers,Manan Vohra,Batters,2,False,-1.0,13,Mohali,Punjab Cricket Association Stadium,Medium,False,True,21,3,3.5,21,6.0,20,139,118,16.5,7.151515151515151,0,10,Medium
3.4,3,4,23,Morne Morkel,Bowlers,Manan Vohra,Batters,0,True,5.0,13,Mohali,Punjab Cricket Association Stadium,Medium,False,True,22,3,3.6666666666666665,21,5.727272727272728,20,139,118,16.333333333333332,7.224489795918368,1,9,Medium
3.5,3,5,24,Morne Morkel,Bowlers,Murali Vijay,Batters,1,False,-0.5,13,Mohali,Punjab Cricket Association Stadium,Medium,False,True,23,3,3.8333333333333335,22,5.739130434782608,20,139,117,16.166666666666668,7.237113402061855,1,9,Medium
3.6,3,6,25,Morne Morkel,Bowlers,Shaun Marsh,Batters,4,False,-2.0,13,Mohali,Punjab Cricket Association Stadium,Medium,False,True,24,3,4.0,26,6.5,20,139,113,16.0,7.0625,1,9,Medium
4.1,4,1,26,Shakib Al Hasan,All-Rounders,Murali Vijay,Batters,1,False,-0.5,13,Mohali,Punjab Cricket Association Stadium,Medium,False,True,25,4,4.166666666666667,27,6.48,20,139,112,15.833333333333332,7.0736842105263165,1,9,Medium
4.2,4,2,27,Shakib Al Hasan,All-Rounders,Shaun Marsh,Batters,0,False,1.0,13,Mohali,Punjab Cricket Association Stadium,Medium,False,True,26,4,4.333333333333333,27,6.230769230769231,20,139,112,15.666666666666668,7.148936170212766,1,9,Medium
4.3,4,3,28,Shakib Al Hasan,All-Rounders,Shaun Marsh,Batters,1,False,-0.5,13,Mohali,Punjab Cricket Association Stadium,Medium,False,True,27,4,4.5,28,6.222222222222222,20,139,111,15.5,7.161290322580645,1,9,Medium
4.4,4,4,29,Shakib Al Hasan,All-Rounders,Murali Vijay,Batters,4,False,-2.0,13,Mohali,Punjab Cricket Association Stadium,Medium,False,True,28,4,4.666666666666667,32,6.857142857142857,20,139,107,15.333333333333332,6.978260869565218,1,9,Medium
4.5,4,5,30,Shakib Al Hasan,All-Rounders,Murali Vijay,Batters,1,False,-0.5,13,Mohali,Punjab Cricket Association Stadium,Medium,False,True,29,4,4.833333333333333,33,6.8275862068965525,20,139,106,15.166666666666668,6.989010989010988,1,9,Medium
4.6,4,6,31,Shakib Al Hasan,All-Rounders,Shaun Marsh,Batters,2,False,-1.0,13,Mohali,Punjab Cricket Association Stadium,Medium,False,True,30,4,5.0,35,7.0,20,139,104,15.0,6.933333333333334,1,9,Medium
5.1,5,1,32,Morne Morkel,Bowlers,Murali Vijay,Batters,0,False,1.0,13,Mohali,Punjab Cricket Association Stadium,Medium,False,True,31,5,5.166666666666667,35,6.774193548387096,20,139,104,14.833333333333332,7.01123595505618,1,9,Medium
5.2,5,2,33,Morne Morkel,Bowlers,Murali Vijay,Batters,4,False,-2.0,13,Mohali,Punjab Cricket Association Stadium,Medium,False,True,32,5,5.333333333333333,39,7.3125,20,139,100,14.666666666666668,6.8181818181818175,1,9,Medium
5.3,5,3,34,Morne Morkel,Bowlers,Murali Vijay,Batters,1,False,-0.5,13,Mohali,Punjab Cricket Association Stadium,Medium,False,True,33,5,5.5,40,7.272727272727272,20,139,99,14.5,6.827586206896552,1,9,Medium
5.4,5,4,35,Morne Morkel,Bowlers,Shaun Marsh,Batters,0,False,1.0,13,Mohali,Punjab Cricket Association Stadium,Medium,False,True,34,5,5.666666666666667,40,7.0588235294117645,20,139,99,14.333333333333332,6.906976744186047,1,9,Medium
5.5,5,5,36,Morne Morkel,Bowlers,Shaun Marsh,Batters,0,False,1.0,13,Mohali,Punjab Cricket Association Stadium,Medium,False,True,35,5,5.833333333333333,40,6.857142857142858,20,139,99,14.166666666666668,6.988235294117646,1,9,Medium
5.6,5,6,37,Morne Morkel,Bowlers,Shaun Marsh,Batters,1,False,-0.5,13,Mohali,Punjab Cricket Association Stadium,Medium,False,True,36,5,6.0,41,6.833333333333333,20,139,98,14.0,7.0,1,9,Medium
6.1,6,1,38,Sunil Narine,All-Rounders,Shaun Marsh,Batters,0,False,1.0,13,Mohali,Punjab Cricket Association Stadium,Medium,False,True,37,6,6.166666666666667,41,6.648648648648648,20,139,98,13.833333333333332,7.084337349397591,1,9,Medium
6.2,6,2,39,Sunil Narine,All-Rounders,Shaun Marsh,Batters,1,False,-0.5,13,Mohali,Punjab Cricket Association Stadium,Medium,False,True,38,6,6.333333333333333,42,6.631578947368421,20,139,97,13.666666666666668,7.097560975609755,1,9,Medium
6.3,6,3,40,Sunil Narine,All-Rounders,Murali Vijay,Batters,0,False,1.0,13,Mohali,Punjab Cricket Association Stadium,Medium,False,True,39,6,6.5,42,6.461538461538462,20,139,97,13.5,7.185185185185185,1,9,Medium
6.4,6,4,41,Sunil Narine,All-Rounders,Murali Vijay,Batters,1,False,-0.5,13,Mohali,Punjab Cricket Association Stadium,Medium,False,True,40,6,6.666666666666667,43,6.449999999999999,20,139,96,13.333333333333332,7.200000000000001,1,9,Medium
6.5,6,5,42,Sunil Narine,All-Rounders,Shaun Marsh,Batters,0,False,1.0,13,Mohali,Punjab Cricket Association Stadium,Medium,False,True,41,6,6.833333333333333,43,6.2926829268292686,20,139,96,13.166666666666668,7.291139240506329,1,9,Medium
6.6,6,6,43,Sunil Narine,All-Rounders,Shaun Marsh,Batters,1,False,-0.5,13,Mohali,Punjab Cricket Association Stadium,Medium,False,True,42,6,7.0,44,6.285714285714286,20,139,95,13.0,7.3076923076923075,1,9,Medium
7.1,7,1,44,Piyush Chawla,All-Rounders,Shaun Marsh,Batters,1,False,-0.5,13,Mohali,Punjab Cricket Association Stadium,Medium,False,True,43,7,7.166666666666667,45,6.27906976744186,20,139,94,12.833333333333332,7.324675324675326,1,9,Medium
7.2,7,2,45,Piyush Chawla,All-Rounders,Murali Vijay,Batters,1,False,-0.5,13,Mohali,Punjab Cricket Association Stadium,Medium,False,True,44,7,7.333333333333333,46,6.272727272727273,20,139,93,12.666666666666668,7.342105263157894,1,9,Medium
7.3,7,3,46,Piyush Chawla,All-Rounders,Shaun Marsh,Batters,1,False,-0.5,13,Mohali,Punjab Cricket Association Stadium,Medium,False,True,45,7,7.5,47,6.266666666666667,20,139,92,12.5,7.36,1,9,Medium
7.4,7,4,47,Piyush Chawla,All-Rounders,Murali Vijay,Batters,0,False,1.0,13,Mohali,Punjab Cricket Association Stadium,Medium,False,True,46,7,7.666666666666667,47,6.130434782608695,20,139,92,12.333333333333332,7.459459459459459,1,9,Medium
7.5,7,5,48,Piyush Chawla,All-Rounders,Murali Vijay,Batters,0,True,5.0,13,Mohali,Punjab Cricket Association Stadium,Medium,False,True,47,7,7.833333333333333,47,6.0,20,139,92,12.166666666666668,7.561643835616437,2,8,Medium
7.6,7,6,49,Piyush Chawla,All-Rounders,Wriddhiman Saha,Batters,1,False,-0.5,13,Mohali,Punjab Cricket Association Stadium,Medium,False,True,48,7,8.0,48,6.0,20,139,91,12.0,7.583333333333333,2,8,Medium
8.1,8,1,50,Sunil Narine,All-Rounders,Wriddhiman Saha,Batters,0,False,1.0,13,Mohali,Punjab Cricket Association Stadium,Medium,False,True,49,8,8.166666666666666,48,5.877551020408164,20,139,91,11.833333333333334,7.690140845070422,2,8,Medium
8.2,8,2,51,Sunil Narine,All-Rounders,Wriddhiman Saha,Batters,0,False,1.0,13,Mohali,Punjab Cricket Association Stadium,Medium,False,True,50,8,8.333333333333334,48,5.76,20,139,91,11.666666666666666,7.800000000000001,2,8,Medium
8.3,8,3,52,Sunil Narine,All-Rounders,Wriddhiman Saha,Batters,0,False,1.0,13,Mohali,Punjab Cricket Association Stadium,Medium,False,True,51,8,8.5,48,5.647058823529412,20,139,91,11.5,7.913043478260869,2,8,Medium
8.4,8,4,53,Sunil Narine,All-Rounders,Wriddhiman Saha,Batters,0,False,1.0,13,Mohali,Punjab Cricket Association Stadium,Medium,False,True,52,8,8.666666666666666,48,5.538461538461539,20,139,91,11.333333333333334,8.029411764705882,2,8,Medium
8.5,8,5,54,Sunil Narine,All-Rounders,Wriddhiman Saha,Batters,2,False,-1.0,13,Mohali,Punjab Cricket Association Stadium,Medium,False,True,53,8,8.833333333333334,50,5.660377358490566,20,139,89,11.166666666666666,7.970149253731344,2,8,Medium
8.6,8,6,55,Sunil Narine,All-Rounders,Wriddhiman Saha,Batters,1,False,-1.0,13,Mohali,Punjab Cricket Association Stadium,Medium,True,False,53,8,8.833333333333334,51,5.773584905660377,20,139,88,11.166666666666666,7.880597014925374,2,8,Medium
8.6,8,6,56,Sunil Narine,All-Rounders,Wriddhiman Saha,Batters,1,False,-0.5,13,Mohali,Punjab Cricket Association Stadium,Medium,False,True,54,8,9.0,52,5.777777777777778,20,139,87,11.0,7.909090909090909,2,8,Medium
9.1,9,1,57,Piyush Chawla,All-Rounders,Wriddhiman Saha,Batters,0,False,1.0,13,Mohali,Punjab Cricket Association Stadium,Medium,False,True,55,9,9.166666666666666,52,5.672727272727273,20,139,87,10.833333333333334,8.03076923076923,2,8,Medium
9.2,9,2,58,Piyush Chawla,All-Rounders,Wriddhiman Saha,Batters,0,False,1.0,13,Mohali,Punjab Cricket Association Stadium,Medium,False,True,56,9,9.333333333333334,52,5.571428571428571,20,139,87,10.666666666666666,8.15625,2,8,Medium
9.3,9,3,59,Piyush Chawla,All-Rounders,Wriddhiman Saha,Batters,1,False,-0.5,13,Mohali,Punjab Cricket Association Stadium,Medium,False,True,57,9,9.5,53,5.578947368421052,20,139,86,10.5,8.19047619047619,2,8,Medium
9.4,9,4,60,Piyush Chawla,All-Rounders,Shaun Marsh,Batters,1,False,-0.5,13,Mohali,Punjab Cricket Association Stadium,Medium,False,True,58,9,9.666666666666666,54,5.586206896551724,20,139,85,10.333333333333334,8.225806451612902,2,8,Medium
9.5,9,5,61,Piyush Chawla,All-Rounders,Wriddhiman Saha,Batters,0,False,1.0,13,Mohali,Punjab Cricket Association Stadium,Medium,False,True,59,9,9.833333333333334,54,5.491525423728813,20,139,85,10.166666666666666,8.360655737704919,2,8,Medium
9.6,9,6,62,Piyush Chawla,All-Rounders,Wriddhiman Saha,Batters,2,False,-1.0,13,Mohali,Punjab Cricket Association Stadium,Medium,False,True,60,9,10.0,56,5.6,20,139,83,10.0,8.3,2,8,Medium
10.1,10,1,63,Sunil Narine,All-Rounders,Shaun Marsh,Batters,1,False,-0.5,13,Mohali,Punjab Cricket Association Stadium,Medium,False,True,61,10,10.166666666666666,57,5.606557377049181,20,139,82,9.833333333333334,8.338983050847457,2,8,Medium
10.2,10,2,64,Sunil Narine,All-Rounders,Wriddhiman Saha,Batters,1,False,-0.5,13,Mohali,Punjab Cricket Association Stadium,Medium,False,True,62,10,10.333333333333334,58,5.612903225806451,20,139,81,9.666666666666666,8.379310344827587,2,8,Medium
10.3,10,3,65,Sunil Narine,All-Rounders,Shaun Marsh,Batters,1,False,-0.25,13,Mohali,Punjab Cricket Association Stadium,Medium,False,True,63,10,10.5,59,5.619047619047619,20,139,80,9.5,8.421052631578947,2,8,Medium
10.4,10,4,66,Sunil Narine,All-Rounders,Wriddhiman Saha,Batters,0,True,5.0,13,Mohali,Punjab Cricket Association Stadium,Medium,False,True,64,10,10.666666666666666,59,5.53125,20,139,80,9.333333333333334,8.571428571428571,3,7,Medium
10.5,10,5,67,Sunil Narine,All-Rounders,David Miller,Batters,1,False,-0.5,13,Mohali,Punjab Cricket Association Stadium,Medium,False,True,65,10,10.833333333333334,60,5.538461538461538,20,139,79,9.166666666666666,8.618181818181819,3,7,Medium
10.6,10,6,68,Sunil Narine,All-Rounders,Shaun Marsh,Batters,2,False,-1.0,13,Mohali,Punjab Cricket Association Stadium,Medium,False,True,66,10,11.0,62,5.636363636363637,20,139,77,9.0,8.555555555555555,3,7,Medium
11.1,11,1,69,Piyush Chawla,All-Rounders,David Miller,Batters,4,False,-2.0,13,Mohali,Punjab Cricket Association Stadium,Medium,False,True,67,11,11.166666666666666,66,5.91044776119403,20,139,73,8.833333333333334,8.264150943396226,3,7,Medium
11.2,11,2,70,Piyush Chawla,All-Rounders,David Miller,Batters,0,False,1.0,13,Mohali,Punjab Cricket Association Stadium,Medium,False,True,68,11,11.333333333333334,66,5.823529411764706,20,139,73,8.666666666666666,8.423076923076923,3,7,Medium
11.3,11,3,71,Piyush Chawla,All-Rounders,David Miller,Batters,1,False,-1.0,13,Mohali,Punjab Cricket Association Stadium,Medium,True,False,68,11,11.333333333333334,67,5.911764705882352,20,139,72,8.666666666666666,8.307692307692308,3,7,Medium
11.3,11,3,72,Piyush Chawla,All-Rounders,David Miller,Batters,0,False,1.0,13,Mohali,Punjab Cricket Association Stadium,Medium,False,True,69,11,11.5,67,5.826086956521739,20,139,72,8.5,8.470588235294118,3,7,Medium
11.4,11,4,73,Piyush Chawla,All-Rounders,David Miller,Batters,1,False,-0.5,13,Mohali,Punjab Cricket Association Stadium,Medium,False,True,70,11,11.666666666666666,68,5.828571428571429,20,139,71,8.333333333333334,8.52,3,7,Medium
11.5,11,5,74,Piyush Chawla,All-Rounders,Shaun Marsh,Batters,0,False,1.0,13,Mohali,Punjab Cricket Association Stadium,Medium,False,True,71,11,11.833333333333334,68,5.746478873239436,20,139,71,8.166666666666666,8.693877551020408,3,7,Medium
11.6,11,6,75,Piyush Chawla,All-Rounders,Shaun Marsh,Batters,4,False,-2.0,13,Mohali,Punjab Cricket Association Stadium,Medium,False,True,72,11,12.0,72,6.0,20,139,67,8.0,8.375,3,7,Medium
12.1,12,1,76,Yusuf Pathan,All-Rounders,David Miller,Batters,0,True,5.0,13,Mohali,Punjab Cricket Association Stadium,Medium,False,True,73,12,12.166666666666666,72,5.917808219178083,20,139,67,7.833333333333334,8.553191489361701,4,6,Medium
12.2,12,2,77,Yusuf Pathan,All-Rounders,Glenn Maxwell,All-Rounders,1,False,-1.0,13,Mohali,Punjab Cricket Association Stadium,Medium,True,False,73,12,12.166666666666666,73,6.0,20,139,66,7.833333333333334,8.425531914893616,4,6,Medium
12.2,12,2,78,Yusuf Pathan,All-Rounders,Glenn Maxwell,All-Rounders,1,False,-0.5,13,Mohali,Punjab Cricket Association Stadium,Medium,False,True,74,12,12.333333333333334,74,6.0,20,139,65,7.666666666666666,8.478260869565219,4,6,Medium
12.3,12,3,79,Yusuf Pathan,All-Rounders,Shaun Marsh,Batters,1,False,-0.5,13,Mohali,Punjab Cricket Association Stadium,Medium,False,True,75,12,12.5,75,6.0,20,139,64,7.5,8.533333333333333,4,6,Medium
12.4,12,4,80,Yusuf Pathan,All-Rounders,Glenn Maxwell,All-Rounders,0,False,1.0,13,Mohali,Punjab Cricket Association Stadium,Medium,False,True,76,12,12.666666666666666,75,5.921052631578948,20,139,64,7.333333333333334,8.727272727272727,4,6,Medium
12.4,12,4,81,Yusuf Pathan,All-Rounders,Glenn Maxwell,All-Rounders,1,False,-1.0,13,Mohali,Punjab Cricket Association Stadium,Medium,True,False,76,12,12.666666666666666,76,6.0,20,139,63,7.333333333333334,8.59090909090909,4,6,Medium
12.5,12,5,82,Yusuf Pathan,All-Rounders,Glenn Maxwell,All-Rounders,1,False,-0.5,13,Mohali,Punjab Cricket Association Stadium,Medium,False,True,77,12,12.833333333333334,77,6.0,20,139,62,7.166666666666666,8.651162790697676,4,6,Medium
12.6,12,6,83,Yusuf Pathan,All-Rounders,Shaun Marsh,Batters,1,False,-0.5,13,Mohali,Punjab Cricket Association Stadium,Medium,False,True,78,12,13.0,78,6.0,20,139,61,7.0,8.714285714285714,4,6,Medium
13.1,13,1,84,Shakib Al Hasan,All-Rounders,Shaun Marsh,Batters,0,False,1.0,13,Mohali,Punjab Cricket Association Stadium,Medium,False,True,79,13,13.166666666666666,78,5.924050632911393,20,139,61,6.833333333333334,8.926829268292682,4,6,Medium
13.2,13,2,85,Shakib Al Hasan,All-Rounders,Shaun Marsh,Batters,4,False,-2.0,13,Mohali,Punjab Cricket Association Stadium,Medium,False,True,80,13,13.333333333333334,82,6.15,20,139,57,6.666666666666666,8.55,4,6,Medium
13.3,13,3,86,Shakib Al Hasan,All-Rounders,Shaun Marsh,Batters,1,False,-0.25,13,Mohali,Punjab Cricket Association Stadium,Medium,False,True,81,13,13.5,83,6.148148148148148,20,139,56,6.5,8.615384615384615,4,6,Medium
13.4,13,4,87,Shakib Al Hasan,All-Rounders,Glenn Maxwell,All-Rounders,0,False,1.0,13,Mohali,Punjab Cricket Association Stadium,Medium,False,True,82,13,13.666666666666666,83,6.073170731707317,20,139,56,6.333333333333334,8.842105263157894,4,6,Medium
13.5,13,5,88,Shakib Al Hasan,All-Rounders,Glenn Maxwell,All-Rounders,1,False,-0.5,13,Mohali,Punjab Cricket Association Stadium,Medium,False,True,83,13,13.833333333333334,84,6.072289156626506,20,139,55,6.166666666666666,8.91891891891892,4,6,Medium
13.6,13,6,89,Shakib Al Hasan,All-Rounders,Shaun Marsh,Batters,1,False,-0.5,13,Mohali,Punjab Cricket Association Stadium,Medium,False,True,84,13,14.0,85,6.071428571428571,20,139,54,6.0,9.0,4,6,Medium
14.1,14,1,90,Sunil Narine,All-Rounders,Shaun Marsh,Batters,1,False,-0.5,13,Mohali,Punjab Cricket Association Stadium,Medium,False,True,85,14,14.166666666666666,86,6.070588235294118,20,139,53,5.833333333333334,9.085714285714284,4,6,Medium
14.2,14,2,91,Sunil Narine,All-Rounders,Glenn Maxwell,All-Rounders,1,False,-0.5,13,Mohali,Punjab Cricket Association Stadium,Medium,False,True,86,14,14.333333333333334,87,6.069767441860465,20,139,52,5.666666666666666,9.176470588235295,4,6,Medium
14.3,14,3,92,Sunil Narine,All-Rounders,Shaun Marsh,Batters,4,False,-2.0,13,Mohali,Punjab Cricket Association Stadium,Medium,False,True,87,14,14.5,91,6.275862068965517,20,139,48,5.5,8.727272727272727,4,6,Medium
14.4,14,4,93,Sunil Narine,All-Rounders,Shaun Marsh,Batters,3,False,-1.5,13,Mohali,Punjab Cricket Association Stadium,Medium,False,True,88,14,14.666666666666666,94,6.409090909090909,20,139,45,5.333333333333334,8.437499999999998,4,6,Medium
14.5,14,5,94,Sunil Narine,All-Rounders,Glenn Maxwell,All-Rounders,0,True,5.0,13,Mohali,Punjab Cricket Association Stadium,Medium,False,True,89,14,14.833333333333334,94,6.337078651685393,20,139,45,5.166666666666666,8.70967741935484,5,5,Medium
14.6,14,6,95,Sunil Narine,All-Rounders,Axar Patel,All-Rounders,1,False,-0.5,13,Mohali,Punjab Cricket Association Stadium,Medium,False,True,90,14,15.0,95,6.333333333333333,20,139,44,5.0,8.8,5,5,Medium
15.1,15,1,96,Shakib Al Hasan,All-Rounders,Axar Patel,All-Rounders,2,False,-1.0,13,Mohali,Punjab Cricket Association Stadium,Medium,False,True,91,15,15.166666666666666,97,6.395604395604396,20,139,42,4.833333333333334,8.689655172413792,5,5,Medium
15.2,15,2,97,Shakib Al Hasan,All-Rounders,Axar Patel,All-Rounders,1,False,-0.5,13,Mohali,Punjab Cricket Association Stadium,Medium,False,True,92,15,15.333333333333334,98,6.391304347826087,20,139,41,4.666666666666666,8.785714285714286,5,5,Medium
15.3,15,3,98,Shakib Al Hasan,All-Rounders,Shaun Marsh,Batters,1,False,-0.5,13,Mohali,Punjab Cricket Association Stadium,Medium,False,True,93,15,15.5,99,6.387096774193548,20,139,40,4.5,8.88888888888889,5,5,Medium
15.4,15,4,99,Shakib Al Hasan,All-Rounders,Axar Patel,All-Rounders,1,False,-0.5,13,Mohali,Punjab Cricket Association Stadium,Medium,False,True,94,15,15.666666666666666,100,6.382978723404255,20,139,39,4.333333333333334,8.999999999999998,5,5,Medium
15.5,15,5,100,Shakib Al Hasan,All-Rounders,Shaun Marsh,Batters,0,False,1.0,13,Mohali,Punjab Cricket Association Stadium,Medium,False,True,95,15,15.833333333333334,100,6.315789473684211,20,139,39,4.166666666666666,9.36,5,5,Medium
15.6,15,6,101,Shakib Al Hasan,All-Rounders,Shaun Marsh,Batters,2,False,-1.0,13,Mohali,Punjab Cricket Association Stadium,Medium,False,True,96,15,16.0,102,6.375,20,139,37,4.0,9.25,5,5,Medium
16.1,16,1,102,Umesh Yadav,Bowlers,Axar Patel,All-Rounders,1,False,-0.5,13,Mohali,Punjab Cricket Association Stadium,Medium,False,True,97,16,16.166666666666668,103,6.371134020618556,20,139,36,3.833333333333332,9.39130434782609,5,5,Medium
16.2,16,2,103,Umesh Yadav,Bowlers,Shaun Marsh,Batters,1,False,-0.5,13,Mohali,Punjab Cricket Association Stadium,Medium,False,True,98,16,16.333333333333332,104,6.367346938775511,20,139,35,3.666666666666668,9.545454545454543,5,5,Medium
16.3,16,3,104,Umesh Yadav,Bowlers,Axar Patel,All-Rounders,2,False,-1.0,13,Mohali,Punjab Cricket Association Stadium,Medium,False,True,99,16,16.5,106,6.424242424242424,20,139,33,3.5,9.428571428571429,5,5,Medium
16.4,16,4,105,Umesh Yadav,Bowlers,Axar Patel,All-Rounders,1,False,-0.5,13,Mohali,Punjab Cricket Association Stadium,Medium,False,True,100,16,16.666666666666668,107,6.42,20,139,32,3.333333333333332,9.600000000000003,5,5,Medium
16.5,16,5,106,Umesh Yadav,Bowlers,Shaun Marsh,Batters,1,False,-0.5,13,Mohali,Punjab Cricket Association Stadium,Medium,False,True,101,16,16.833333333333332,108,6.415841584158416,20,139,31,3.166666666666668,9.789473684210522,5,5,Medium
16.6,16,6,107,Umesh Yadav,Bowlers,Axar Patel,All-Rounders,0,True,5.0,13,Mohali,Punjab Cricket Association Stadium,Medium,False,True,102,16,17.0,108,6.352941176470588,20,139,31,3.0,10.333333333333334,6,4,Medium
17.1,17,1,108,Morne Morkel,Bowlers,Shaun Marsh,Batters,4,False,-2.0,13,Mohali,Punjab Cricket Association Stadium,Medium,False,True,103,17,17.166666666666668,112,6.524271844660194,20,139,27,2.833333333333332,9.529411764705886,6,4,Medium
17.2,17,2,109,Morne Morkel,Bowlers,Shaun Marsh,Batters,1,False,-0.5,13,Mohali,Punjab Cricket Association Stadium,Medium,False,True,104,17,17.333333333333332,113,6.51923076923077,20,139,26,2.666666666666668,9.749999999999996,6,4,Medium
17.3,17,3,110,Morne Morkel,Bowlers,Mohit Sharma,Bowlers,0,False,1.0,13,Mohali,Punjab Cricket Association Stadium,Medium,False,True,105,17,17.5,113,6.457142857142857,20,139,26,2.5,10.4,6,4,Medium
17.4,17,4,111,Morne Morkel,Bowlers,Mohit Sharma,Bowlers,1,False,-0.5,13,Mohali,Punjab Cricket Association Stadium,Medium,False,True,106,17,17.666666666666668,114,6.452830188679245,20,139,25,2.333333333333332,10.71428571428572,6,4,Medium
17.5,17,5,112,Morne Morkel,Bowlers,Shaun Marsh,Batters,1,False,-0.5,13,Mohali,Punjab Cricket Association Stadium,Medium,False,True,107,17,17.833333333333332,115,6.4485981308411215,20,139,24,2.166666666666668,11.076923076923071,6,4,Medium
17.6,17,6,113,Morne Morkel,Bowlers,Mohit Sharma,Bowlers,0,True,5.0,13,Mohali,Punjab Cricket Association Stadium,Medium,False,True,108,17,18.0,115,6.388888888888889,20,139,24,2.0,12.0,7,3,Medium
18.1,18,1,114,Umesh Yadav,Bowlers,Shaun Marsh,Batters,1,False,-0.5,13,Mohali,Punjab Cricket Association Stadium,Medium,False,True,109,18,18.166666666666668,116,6.385321100917431,20,139,23,1.833333333333332,12.545454545454554,7,3,Medium
18.2,18,2,115,Umesh Yadav,Bowlers,Pardeep Sahu,All-Rounders,1,False,-0.5,13,Mohali,Punjab Cricket Association Stadium,Medium,False,True,110,18,18.33333333333333,117,6.381818181818182,20,139,22,1.666666666666668,13.19999999999999,7,3,Medium
18.3,18,3,116,Umesh Yadav,Bowlers,Shaun Marsh,Batters,0,True,5.0,13,Mohali,Punjab Cricket Association Stadium,Medium,False,True,111,18,18.5,117,6.324324324324325,20,139,22,1.5,14.666666666666666,8,2,Medium
18.4,18,4,117,Umesh Yadav,Bowlers,Kyle Abbott,Bowlers,2,False,-1.0,13,Mohali,Punjab Cricket Association Stadium,Medium,False,True,112,18,18.666666666666668,119,6.375,20,139,20,1.333333333333332,15.000000000000014,8,2,Medium
18.5,18,5,118,Umesh Yadav,Bowlers,Kyle Abbott,Bowlers,0,False,1.0,13,Mohali,Punjab Cricket Association Stadium,Medium,False,True,113,18,18.83333333333333,119,6.318584070796461,20,139,20,1.166666666666668,17.142857142857125,8,2,Medium
18.6,18,6,119,Umesh Yadav,Bowlers,Kyle Abbott,Bowlers,0,False,1.0,13,Mohali,Punjab Cricket Association Stadium,Medium,False,True,114,18,19.0,119,6.2631578947368425,20,139,20,1.0,20.0,8,2,Medium
19.1,19,1,120,Andre Russell,All-Rounders,Shaun Marsh,Batters,1,False,-0.5,13,Mohali,Punjab Cricket Association Stadium,Medium,False,True,115,19,19.166666666666668,120,6.260869565217391,20,139,19,0.8333333333333321,22.80000000000004,8,2,Medium
19.2,19,2,121,Andre Russell,All-Rounders,Kyle Abbott,Bowlers,1,False,-0.5,13,Mohali,Punjab Cricket Association Stadium,Medium,False,True,116,19,19.33333333333333,121,6.258620689655173,20,139,18,0.6666666666666679,26.99999999999996,8,2,Medium
19.3,19,3,122,Andre Russell,All-Rounders,Shaun Marsh,Batters,6,False,-3.0,13,Mohali,Punjab Cricket Association Stadium,Medium,False,True,117,19,19.5,127,6.512820512820513,20,139,12,0.5,24.0,8,2,Medium
19.4,19,4,123,Andre Russell,All-Rounders,Shaun Marsh,Batters,1,False,-0.5,13,Mohali,Punjab Cricket Association Stadium,Medium,False,True,118,19,19.666666666666668,128,6.508474576271186,20,139,11,0.3333333333333321,33.00000000000012,8,2,Medium
19.5,19,5,124,Andre Russell,All-Rounders,Kyle Abbott,Bowlers,6,False,-3.0,13,Mohali,Punjab Cricket Association Stadium,Medium,False,True,119,19,19.83333333333333,134,6.756302521008403,20,139,5,0.1666666666666678,29.999999999999787,8,2,Medium
19.6,19,6,125,Andre Russell,All-Rounders,Kyle Abbott,Bowlers,3,False,-1.5,13,Mohali,Punjab Cricket Association Stadium,Medium,False,True,120,19,20.0,137,6.85,20,139,2,0.0,inf,8,2,Medium
