Ball Number,over,ball,Ball,bowler,bowler_role,batsman,batsman_role,Runs,is_wicket,bowler_score,match_id,city,stadium,Stadium_Type,is_extra,legal_delivery,legal_deliveries_count,overs_completed,overs_bowled,total_runs,current_run_rate,total_overs,target,runs_needed,overs_remaining,required_run_rate,wickets_fallen,wickets_in_hand,Ground_Type
0.1,0,1,1,Yuzvendra Chahal,Bowlers,Dwayne Smith,All-Rounders,1,False,-1.0,19,Rajkot,Saurashtra Cricket Association Stadium,Small,True,False,0,0,0.0,1,0.0,20,181,180,20.0,9.0,0,10,Small
0.1,0,1,2,Yuzvendra Chahal,Bowlers,Dwayne Smith,All-Rounders,1,False,-0.5,19,Rajkot,Saurashtra Cricket Association Stadium,Small,False,True,1,0,0.1666666666666666,2,12.0,20,181,179,19.83333333333333,9.025210084033612,0,10,Small
0.2,0,2,3,Yuzvendra Chahal,Bowlers,Brendon McCullum,Batters,0,False,1.0,19,Rajkot,Saurashtra Cricket Association Stadium,Small,False,True,2,0,0.3333333333333333,2,6.0,20,181,179,19.666666666666668,9.101694915254235,0,10,Small
0.3,0,3,4,Yuzvendra Chahal,Bowlers,Brendon McCullum,Batters,1,False,-0.5,19,Rajkot,Saurashtra Cricket Association Stadium,Small,False,True,3,0,0.5,3,6.0,20,181,178,19.5,9.128205128205128,0,10,Small
0.4,0,4,5,Yuzvendra Chahal,Bowlers,Dwayne Smith,All-Rounders,0,False,1.0,19,Rajkot,Saurashtra Cricket Association Stadium,Small,False,True,4,0,0.6666666666666666,3,4.5,20,181,178,19.33333333333333,9.20689655172414,0,10,Small
0.5,0,5,6,Yuzvendra Chahal,Bowlers,Dwayne Smith,All-Rounders,0,False,1.0,19,Rajkot,Saurashtra Cricket Association Stadium,Small,False,True,5,0,0.8333333333333334,3,3.6,20,181,178,19.166666666666668,9.28695652173913,0,10,Small
0.6,0,6,7,Yuzvendra Chahal,Bowlers,Dwayne Smith,All-Rounders,0,False,1.0,19,Rajkot,Saurashtra Cricket Association Stadium,Small,False,True,6,0,1.0,3,3.0,20,181,178,19.0,9.36842105263158,0,10,Small
1.1,1,1,8,Kane Richardson,Bowlers,Brendon McCullum,Batters,1,False,-0.5,19,Rajkot,Saurashtra Cricket Association Stadium,Small,False,True,7,1,1.1666666666666667,4,3.4285714285714284,20,181,177,18.83333333333333,9.398230088495575,0,10,Small
1.2,1,2,9,Kane Richardson,Bowlers,Dwayne Smith,All-Rounders,6,False,-3.0,19,Rajkot,Saurashtra Cricket Association Stadium,Small,False,True,8,1,1.3333333333333333,10,7.5,20,181,171,18.666666666666668,9.160714285714285,0,10,Small
1.3,1,3,10,Kane Richardson,Bowlers,Dwayne Smith,All-Rounders,1,False,-0.5,19,Rajkot,Saurashtra Cricket Association Stadium,Small,False,True,9,1,1.5,11,7.333333333333333,20,181,170,18.5,9.18918918918919,0,10,Small
1.4,1,4,11,Kane Richardson,Bowlers,Brendon McCullum,Batters,4,False,-2.0,19,Rajkot,Saurashtra Cricket Association Stadium,Small,False,True,10,1,1.6666666666666663,15,9.0,20,181,166,18.33333333333333,9.054545454545456,0,10,Small
1.5,1,5,12,Kane Richardson,Bowlers,Brendon McCullum,Batters,0,False,1.0,19,Rajkot,Saurashtra Cricket Association Stadium,Small,False,True,11,1,1.8333333333333333,15,8.181818181818182,20,181,166,18.166666666666668,9.137614678899082,0,10,Small
1.6,1,6,13,Kane Richardson,Bowlers,Brendon McCullum,Batters,0,False,1.0,19,Rajkot,Saurashtra Cricket Association Stadium,Small,False,True,12,1,2.0,15,7.5,20,181,166,18.0,9.22222222222222,0,10,Small
2.1,2,1,14,Yuzvendra Chahal,Bowlers,Dwayne Smith,All-Rounders,2,False,-1.0,19,Rajkot,Saurashtra Cricket Association Stadium,Small,False,True,13,2,2.1666666666666665,17,7.846153846153847,20,181,164,17.833333333333332,9.19626168224299,0,10,Small
2.2,2,2,15,Yuzvendra Chahal,Bowlers,Dwayne Smith,All-Rounders,4,False,-2.0,19,Rajkot,Saurashtra Cricket Association Stadium,Small,True,False,13,2,2.1666666666666665,21,9.692307692307692,20,181,160,17.833333333333332,8.971962616822431,0,10,Small
2.2,2,2,16,Yuzvendra Chahal,Bowlers,Dwayne Smith,All-Rounders,6,False,-3.0,19,Rajkot,Saurashtra Cricket Association Stadium,Small,False,True,14,2,2.333333333333333,27,11.571428571428571,20,181,154,17.666666666666668,8.716981132075471,0,10,Small
2.3,2,3,17,Yuzvendra Chahal,Bowlers,Dwayne Smith,All-Rounders,1,False,-0.5,19,Rajkot,Saurashtra Cricket Association Stadium,Small,False,True,15,2,2.5,28,11.2,20,181,153,17.5,8.742857142857142,0,10,Small
2.4,2,4,18,Yuzvendra Chahal,Bowlers,Brendon McCullum,Batters,0,False,1.0,19,Rajkot,Saurashtra Cricket Association Stadium,Small,False,True,16,2,2.6666666666666665,28,10.5,20,181,153,17.333333333333332,8.826923076923077,0,10,Small
2.5,2,5,19,Yuzvendra Chahal,Bowlers,Brendon McCullum,Batters,1,False,-0.5,19,Rajkot,Saurashtra Cricket Association Stadium,Small,False,True,17,2,2.833333333333333,29,10.235294117647058,20,181,152,17.166666666666668,8.854368932038835,0,10,Small
2.6,2,6,20,Yuzvendra Chahal,Bowlers,Dwayne Smith,All-Rounders,1,False,-0.5,19,Rajkot,Saurashtra Cricket Association Stadium,Small,False,True,18,2,3.0,30,10.0,20,181,151,17.0,8.882352941176471,0,10,Small
3.1,3,1,21,Iqbal Abdulla,All-Rounders,Dwayne Smith,All-Rounders,0,False,1.0,19,Rajkot,Saurashtra Cricket Association Stadium,Small,False,True,19,3,3.1666666666666665,30,9.473684210526317,20,181,151,16.833333333333332,8.970297029702971,0,10,Small
3.2,3,2,22,Iqbal Abdulla,All-Rounders,Dwayne Smith,All-Rounders,4,False,-2.0,19,Rajkot,Saurashtra Cricket Association Stadium,Small,False,True,20,3,3.333333333333333,34,10.2,20,181,147,16.666666666666668,8.819999999999999,0,10,Small
3.3,3,3,23,Iqbal Abdulla,All-Rounders,Dwayne Smith,All-Rounders,0,False,1.0,19,Rajkot,Saurashtra Cricket Association Stadium,Small,False,True,21,3,3.5,34,9.714285714285714,20,181,147,16.5,8.909090909090908,0,10,Small
3.4,3,4,24,Iqbal Abdulla,All-Rounders,Dwayne Smith,All-Rounders,4,False,-2.0,19,Rajkot,Saurashtra Cricket Association Stadium,Small,False,True,22,3,3.6666666666666665,38,10.363636363636363,20,181,143,16.333333333333332,8.755102040816327,0,10,Small
3.5,3,5,25,Iqbal Abdulla,All-Rounders,Dwayne Smith,All-Rounders,1,False,-0.5,19,Rajkot,Saurashtra Cricket Association Stadium,Small,False,True,23,3,3.8333333333333335,39,10.17391304347826,20,181,142,16.166666666666668,8.783505154639174,0,10,Small
3.6,3,6,26,Iqbal Abdulla,All-Rounders,Brendon McCullum,Batters,1,False,-0.5,19,Rajkot,Saurashtra Cricket Association Stadium,Small,False,True,24,3,4.0,40,10.0,20,181,141,16.0,8.8125,0,10,Small
4.1,4,1,27,Shane Watson,All-Rounders,Brendon McCullum,Batters,0,False,1.0,19,Rajkot,Saurashtra Cricket Association Stadium,Small,False,True,25,4,4.166666666666667,40,9.6,20,181,141,15.833333333333332,8.905263157894737,0,10,Small
4.2,4,2,28,Shane Watson,All-Rounders,Brendon McCullum,Batters,4,False,-2.0,19,Rajkot,Saurashtra Cricket Association Stadium,Small,False,True,26,4,4.333333333333333,44,10.153846153846157,20,181,137,15.666666666666668,8.74468085106383,0,10,Small
4.3,4,3,29,Shane Watson,All-Rounders,Brendon McCullum,Batters,1,False,-0.5,19,Rajkot,Saurashtra Cricket Association Stadium,Small,False,True,27,4,4.5,45,10.0,20,181,136,15.5,8.774193548387096,0,10,Small
4.4,4,4,30,Shane Watson,All-Rounders,Dwayne Smith,All-Rounders,0,False,1.0,19,Rajkot,Saurashtra Cricket Association Stadium,Small,False,True,28,4,4.666666666666667,45,9.642857142857142,20,181,136,15.333333333333332,8.869565217391305,0,10,Small
4.5,4,5,31,Shane Watson,All-Rounders,Dwayne Smith,All-Rounders,0,False,1.0,19,Rajkot,Saurashtra Cricket Association Stadium,Small,False,True,29,4,4.833333333333333,45,9.310344827586208,20,181,136,15.166666666666668,8.967032967032967,0,10,Small
4.6,4,6,32,Shane Watson,All-Rounders,Dwayne Smith,All-Rounders,1,False,-0.5,19,Rajkot,Saurashtra Cricket Association Stadium,Small,False,True,30,4,5.0,46,9.2,20,181,135,15.0,9.0,0,10,Small
5.1,5,1,33,Kane Richardson,Bowlers,Dwayne Smith,All-Rounders,0,False,1.0,19,Rajkot,Saurashtra Cricket Association Stadium,Small,False,True,31,5,5.166666666666667,46,8.903225806451612,20,181,135,14.833333333333332,9.10112359550562,0,10,Small
5.2,5,2,34,Kane Richardson,Bowlers,Dwayne Smith,All-Rounders,0,True,5.0,19,Rajkot,Saurashtra Cricket Association Stadium,Small,False,True,32,5,5.333333333333333,46,8.625,20,181,135,14.666666666666668,9.204545454545451,1,9,Small
5.3,5,3,35,Kane Richardson,Bowlers,Brendon McCullum,Batters,6,False,-3.0,19,Rajkot,Saurashtra Cricket Association Stadium,Small,False,True,33,5,5.5,52,9.454545454545457,20,181,129,14.5,8.89655172413793,1,9,Small
5.3,5,3,36,Kane Richardson,Bowlers,Brendon McCullum,Batters,5,False,-1.0,19,Rajkot,Saurashtra Cricket Association Stadium,Small,True,False,33,5,5.5,57,10.363636363636363,20,181,124,14.5,8.551724137931034,1,9,Small
5.4,5,4,37,Kane Richardson,Bowlers,Brendon McCullum,Batters,4,False,-2.0,19,Rajkot,Saurashtra Cricket Association Stadium,Small,False,True,34,5,5.666666666666667,61,10.76470588235294,20,181,120,14.333333333333332,8.372093023255815,1,9,Small
5.5,5,5,38,Kane Richardson,Bowlers,Brendon McCullum,Batters,6,False,-3.0,19,Rajkot,Saurashtra Cricket Association Stadium,Small,False,True,35,5,5.833333333333333,67,11.485714285714286,20,181,114,14.166666666666668,8.047058823529412,1,9,Small
5.6,5,6,39,Kane Richardson,Bowlers,Brendon McCullum,Batters,4,False,-2.0,19,Rajkot,Saurashtra Cricket Association Stadium,Small,False,True,36,5,6.0,71,11.833333333333334,20,181,110,14.0,7.857142857142857,1,9,Small
6.1,6,1,40,Tabraiz Shamsi,Bowlers,Suresh Raina,Batters,1,False,-0.5,19,Rajkot,Saurashtra Cricket Association Stadium,Small,False,True,37,6,6.166666666666667,72,11.675675675675675,20,181,109,13.833333333333332,7.879518072289157,1,9,Small
6.2,6,2,41,Tabraiz Shamsi,Bowlers,Brendon McCullum,Batters,1,False,-0.25,19,Rajkot,Saurashtra Cricket Association Stadium,Small,False,True,38,6,6.333333333333333,73,11.526315789473683,20,181,108,13.666666666666668,7.902439024390243,1,9,Small
6.3,6,3,42,Tabraiz Shamsi,Bowlers,Suresh Raina,Batters,1,False,-0.5,19,Rajkot,Saurashtra Cricket Association Stadium,Small,False,True,39,6,6.5,74,11.384615384615383,20,181,107,13.5,7.925925925925926,1,9,Small
6.4,6,4,43,Tabraiz Shamsi,Bowlers,Brendon McCullum,Batters,1,False,-0.5,19,Rajkot,Saurashtra Cricket Association Stadium,Small,False,True,40,6,6.666666666666667,75,11.25,20,181,106,13.333333333333332,7.950000000000001,1,9,Small
6.5,6,5,44,Tabraiz Shamsi,Bowlers,Suresh Raina,Batters,1,False,-0.5,19,Rajkot,Saurashtra Cricket Association Stadium,Small,False,True,41,6,6.833333333333333,76,11.121951219512196,20,181,105,13.166666666666668,7.974683544303796,1,9,Small
6.6,6,6,45,Tabraiz Shamsi,Bowlers,Brendon McCullum,Batters,1,False,-0.5,19,Rajkot,Saurashtra Cricket Association Stadium,Small,False,True,42,6,7.0,77,11.0,20,181,104,13.0,8.0,1,9,Small
7.1,7,1,46,Iqbal Abdulla,All-Rounders,Brendon McCullum,Batters,1,False,-0.5,19,Rajkot,Saurashtra Cricket Association Stadium,Small,False,True,43,7,7.166666666666667,78,10.883720930232558,20,181,103,12.833333333333332,8.025974025974026,1,9,Small
7.2,7,2,47,Iqbal Abdulla,All-Rounders,Suresh Raina,Batters,0,False,1.0,19,Rajkot,Saurashtra Cricket Association Stadium,Small,False,True,44,7,7.333333333333333,78,10.636363636363637,20,181,103,12.666666666666668,8.13157894736842,1,9,Small
7.3,7,3,48,Iqbal Abdulla,All-Rounders,Suresh Raina,Batters,1,False,-0.5,19,Rajkot,Saurashtra Cricket Association Stadium,Small,False,True,45,7,7.5,79,10.533333333333331,20,181,102,12.5,8.16,1,9,Small
7.4,7,4,49,Iqbal Abdulla,All-Rounders,Brendon McCullum,Batters,1,False,-0.5,19,Rajkot,Saurashtra Cricket Association Stadium,Small,False,True,46,7,7.666666666666667,80,10.434782608695652,20,181,101,12.333333333333332,8.18918918918919,1,9,Small
7.5,7,5,50,Iqbal Abdulla,All-Rounders,Suresh Raina,Batters,1,False,-0.5,19,Rajkot,Saurashtra Cricket Association Stadium,Small,False,True,47,7,7.833333333333333,81,10.340425531914894,20,181,100,12.166666666666668,8.21917808219178,1,9,Small
7.6,7,6,51,Iqbal Abdulla,All-Rounders,Brendon McCullum,Batters,1,False,-0.5,19,Rajkot,Saurashtra Cricket Association Stadium,Small,False,True,48,7,8.0,82,10.25,20,181,99,12.0,8.25,1,9,Small
8.1,8,1,52,Tabraiz Shamsi,Bowlers,Brendon McCullum,Batters,4,False,-2.0,19,Rajkot,Saurashtra Cricket Association Stadium,Small,False,True,49,8,8.166666666666666,86,10.53061224489796,20,181,95,11.833333333333334,8.028169014084506,1,9,Small
8.2,8,2,53,Tabraiz Shamsi,Bowlers,Brendon McCullum,Batters,0,True,5.0,19,Rajkot,Saurashtra Cricket Association Stadium,Small,False,True,50,8,8.333333333333334,86,10.32,20,181,95,11.666666666666666,8.142857142857144,2,8,Small
8.3,8,3,54,Tabraiz Shamsi,Bowlers,Dinesh Karthik,Batters,0,False,1.0,19,Rajkot,Saurashtra Cricket Association Stadium,Small,False,True,51,8,8.5,86,10.117647058823527,20,181,95,11.5,8.26086956521739,2,8,Small
8.4,8,4,55,Tabraiz Shamsi,Bowlers,Dinesh Karthik,Batters,0,False,1.0,19,Rajkot,Saurashtra Cricket Association Stadium,Small,False,True,52,8,8.666666666666666,86,9.923076923076923,20,181,95,11.333333333333334,8.382352941176471,2,8,Small
8.5,8,5,56,Tabraiz Shamsi,Bowlers,Dinesh Karthik,Batters,0,False,1.0,19,Rajkot,Saurashtra Cricket Association Stadium,Small,False,True,53,8,8.833333333333334,86,9.735849056603772,20,181,95,11.166666666666666,8.507462686567164,2,8,Small
8.6,8,6,57,Tabraiz Shamsi,Bowlers,Dinesh Karthik,Batters,0,False,1.0,19,Rajkot,Saurashtra Cricket Association Stadium,Small,False,True,54,8,9.0,86,9.555555555555555,20,181,95,11.0,8.636363636363637,2,8,Small
9.1,9,1,58,Shane Watson,All-Rounders,Suresh Raina,Batters,1,False,-0.5,19,Rajkot,Saurashtra Cricket Association Stadium,Small,False,True,55,9,9.166666666666666,87,9.490909090909092,20,181,94,10.833333333333334,8.676923076923076,2,8,Small
9.2,9,2,59,Shane Watson,All-Rounders,Dinesh Karthik,Batters,0,False,1.0,19,Rajkot,Saurashtra Cricket Association Stadium,Small,False,True,56,9,9.333333333333334,87,9.321428571428571,20,181,94,10.666666666666666,8.8125,2,8,Small
9.3,9,3,60,Shane Watson,All-Rounders,Dinesh Karthik,Batters,4,False,-2.0,19,Rajkot,Saurashtra Cricket Association Stadium,Small,False,True,57,9,9.5,91,9.578947368421051,20,181,90,10.5,8.571428571428571,2,8,Small
9.4,9,4,61,Shane Watson,All-Rounders,Dinesh Karthik,Batters,2,False,-1.0,19,Rajkot,Saurashtra Cricket Association Stadium,Small,False,True,58,9,9.666666666666666,93,9.620689655172416,20,181,88,10.333333333333334,8.516129032258064,2,8,Small
9.5,9,5,62,Shane Watson,All-Rounders,Dinesh Karthik,Batters,1,False,-0.5,19,Rajkot,Saurashtra Cricket Association Stadium,Small,False,True,59,9,9.833333333333334,94,9.559322033898304,20,181,87,10.166666666666666,8.557377049180328,2,8,Small
9.6,9,6,63,Shane Watson,All-Rounders,Suresh Raina,Batters,0,False,1.0,19,Rajkot,Saurashtra Cricket Association Stadium,Small,False,True,60,9,10.0,94,9.4,20,181,87,10.0,8.7,2,8,Small
10.1,10,1,64,Tabraiz Shamsi,Bowlers,Dinesh Karthik,Batters,0,False,1.0,19,Rajkot,Saurashtra Cricket Association Stadium,Small,False,True,61,10,10.166666666666666,94,9.245901639344265,20,181,87,9.833333333333334,8.847457627118644,2,8,Small
10.2,10,2,65,Tabraiz Shamsi,Bowlers,Dinesh Karthik,Batters,0,False,1.0,19,Rajkot,Saurashtra Cricket Association Stadium,Small,False,True,62,10,10.333333333333334,94,9.096774193548386,20,181,87,9.666666666666666,9.0,2,8,Small
10.3,10,3,66,Tabraiz Shamsi,Bowlers,Dinesh Karthik,Batters,1,False,-0.5,19,Rajkot,Saurashtra Cricket Association Stadium,Small,False,True,63,10,10.5,95,9.047619047619047,20,181,86,9.5,9.052631578947368,2,8,Small
10.4,10,4,67,Tabraiz Shamsi,Bowlers,Suresh Raina,Batters,4,False,-2.0,19,Rajkot,Saurashtra Cricket Association Stadium,Small,False,True,64,10,10.666666666666666,99,9.28125,20,181,82,9.333333333333334,8.785714285714285,2,8,Small
10.5,10,5,68,Tabraiz Shamsi,Bowlers,Suresh Raina,Batters,1,False,-0.25,19,Rajkot,Saurashtra Cricket Association Stadium,Small,False,True,65,10,10.833333333333334,100,9.23076923076923,20,181,81,9.166666666666666,8.836363636363638,2,8,Small
10.6,10,6,69,Tabraiz Shamsi,Bowlers,Dinesh Karthik,Batters,1,False,-0.5,19,Rajkot,Saurashtra Cricket Association Stadium,Small,False,True,66,10,11.0,101,9.181818181818182,20,181,80,9.0,8.88888888888889,2,8,Small
11.1,11,1,70,Kane Richardson,Bowlers,Dinesh Karthik,Batters,1,False,-0.5,19,Rajkot,Saurashtra Cricket Association Stadium,Small,False,True,67,11,11.166666666666666,102,9.134328358208956,20,181,79,8.833333333333334,8.943396226415095,2,8,Small
11.2,11,2,71,Kane Richardson,Bowlers,Suresh Raina,Batters,1,False,-0.5,19,Rajkot,Saurashtra Cricket Association Stadium,Small,False,True,68,11,11.333333333333334,103,9.088235294117649,20,181,78,8.666666666666666,9.0,2,8,Small
11.3,11,3,72,Kane Richardson,Bowlers,Dinesh Karthik,Batters,2,False,-1.0,19,Rajkot,Saurashtra Cricket Association Stadium,Small,False,True,69,11,11.5,105,9.130434782608695,20,181,76,8.5,8.941176470588236,2,8,Small
11.4,11,4,73,Kane Richardson,Bowlers,Dinesh Karthik,Batters,1,False,-0.5,19,Rajkot,Saurashtra Cricket Association Stadium,Small,False,True,70,11,11.666666666666666,106,9.085714285714284,20,181,75,8.333333333333334,9.0,2,8,Small
11.5,11,5,74,Kane Richardson,Bowlers,Suresh Raina,Batters,4,False,-2.0,19,Rajkot,Saurashtra Cricket Association Stadium,Small,False,True,71,11,11.833333333333334,110,9.295774647887324,20,181,71,8.166666666666666,8.693877551020408,2,8,Small
11.6,11,6,75,Kane Richardson,Bowlers,Suresh Raina,Batters,1,False,-1.0,19,Rajkot,Saurashtra Cricket Association Stadium,Small,True,False,71,11,11.833333333333334,111,9.380281690140844,20,181,70,8.166666666666666,8.571428571428571,2,8,Small
11.6,11,6,76,Kane Richardson,Bowlers,Suresh Raina,Batters,1,False,-0.5,19,Rajkot,Saurashtra Cricket Association Stadium,Small,False,True,72,11,12.0,112,9.333333333333334,20,181,69,8.0,8.625,2,8,Small
12.1,12,1,77,Yuzvendra Chahal,Bowlers,Suresh Raina,Batters,1,False,-0.5,19,Rajkot,Saurashtra Cricket Association Stadium,Small,False,True,73,12,12.166666666666666,113,9.287671232876711,20,181,68,7.833333333333334,8.680851063829786,2,8,Small
12.2,12,2,78,Yuzvendra Chahal,Bowlers,Dinesh Karthik,Batters,1,False,-0.5,19,Rajkot,Saurashtra Cricket Association Stadium,Small,False,True,74,12,12.333333333333334,114,9.243243243243242,20,181,67,7.666666666666666,8.73913043478261,2,8,Small
12.3,12,3,79,Yuzvendra Chahal,Bowlers,Suresh Raina,Batters,1,False,-0.5,19,Rajkot,Saurashtra Cricket Association Stadium,Small,False,True,75,12,12.5,115,9.2,20,181,66,7.5,8.8,2,8,Small
12.4,12,4,80,Yuzvendra Chahal,Bowlers,Dinesh Karthik,Batters,2,False,-1.0,19,Rajkot,Saurashtra Cricket Association Stadium,Small,False,True,76,12,12.666666666666666,117,9.236842105263158,20,181,64,7.333333333333334,8.727272727272727,2,8,Small
12.5,12,5,81,Yuzvendra Chahal,Bowlers,Dinesh Karthik,Batters,1,False,-0.5,19,Rajkot,Saurashtra Cricket Association Stadium,Small,False,True,77,12,12.833333333333334,118,9.194805194805197,20,181,63,7.166666666666666,8.790697674418606,2,8,Small
12.6,12,6,82,Yuzvendra Chahal,Bowlers,Suresh Raina,Batters,2,False,-1.0,19,Rajkot,Saurashtra Cricket Association Stadium,Small,False,True,78,12,13.0,120,9.23076923076923,20,181,61,7.0,8.714285714285714,2,8,Small
13.1,13,1,83,Shane Watson,All-Rounders,Dinesh Karthik,Batters,1,False,-0.5,19,Rajkot,Saurashtra Cricket Association Stadium,Small,False,True,79,13,13.166666666666666,121,9.18987341772152,20,181,60,6.833333333333334,8.780487804878048,2,8,Small
13.2,13,2,84,Shane Watson,All-Rounders,Suresh Raina,Batters,1,False,-0.5,19,Rajkot,Saurashtra Cricket Association Stadium,Small,False,True,80,13,13.333333333333334,122,9.15,20,181,59,6.666666666666666,8.850000000000001,2,8,Small
13.3,13,3,85,Shane Watson,All-Rounders,Dinesh Karthik,Batters,1,False,-0.5,19,Rajkot,Saurashtra Cricket Association Stadium,Small,False,True,81,13,13.5,123,9.11111111111111,20,181,58,6.5,8.923076923076923,2,8,Small
13.4,13,4,86,Shane Watson,All-Rounders,Suresh Raina,Batters,4,False,-2.0,19,Rajkot,Saurashtra Cricket Association Stadium,Small,False,True,82,13,13.666666666666666,127,9.292682926829269,20,181,54,6.333333333333334,8.526315789473683,2,8,Small
13.5,13,5,87,Shane Watson,All-Rounders,Suresh Raina,Batters,1,False,-0.5,19,Rajkot,Saurashtra Cricket Association Stadium,Small,False,True,83,13,13.833333333333334,128,9.25301204819277,20,181,53,6.166666666666666,8.594594594594595,2,8,Small
13.6,13,6,88,Shane Watson,All-Rounders,Dinesh Karthik,Batters,1,False,-0.5,19,Rajkot,Saurashtra Cricket Association Stadium,Small,False,True,84,13,14.0,129,9.214285714285714,20,181,52,6.0,8.666666666666666,2,8,Small
14.1,14,1,89,Tabraiz Shamsi,Bowlers,Dinesh Karthik,Batters,1,False,-0.5,19,Rajkot,Saurashtra Cricket Association Stadium,Small,False,True,85,14,14.166666666666666,130,9.176470588235295,20,181,51,5.833333333333334,8.742857142857142,2,8,Small
14.2,14,2,90,Tabraiz Shamsi,Bowlers,Suresh Raina,Batters,0,False,1.0,19,Rajkot,Saurashtra Cricket Association Stadium,Small,False,True,86,14,14.333333333333334,130,9.069767441860463,20,181,51,5.666666666666666,9.000000000000002,2,8,Small
14.3,14,3,91,Tabraiz Shamsi,Bowlers,Suresh Raina,Batters,0,False,1.0,19,Rajkot,Saurashtra Cricket Association Stadium,Small,False,True,87,14,14.5,130,8.96551724137931,20,181,51,5.5,9.272727272727272,2,8,Small
14.4,14,4,92,Tabraiz Shamsi,Bowlers,Suresh Raina,Batters,1,False,-0.5,19,Rajkot,Saurashtra Cricket Association Stadium,Small,False,True,88,14,14.666666666666666,131,8.931818181818182,20,181,50,5.333333333333334,9.374999999999998,2,8,Small
14.5,14,5,93,Tabraiz Shamsi,Bowlers,Dinesh Karthik,Batters,2,False,-1.0,19,Rajkot,Saurashtra Cricket Association Stadium,Small,False,True,89,14,14.833333333333334,133,8.96629213483146,20,181,48,5.166666666666666,9.290322580645162,2,8,Small
14.6,14,6,94,Tabraiz Shamsi,Bowlers,Dinesh Karthik,Batters,2,False,-1.0,19,Rajkot,Saurashtra Cricket Association Stadium,Small,False,True,90,14,15.0,135,9.0,20,181,46,5.0,9.2,2,8,Small
15.1,15,1,95,Yuzvendra Chahal,Bowlers,Suresh Raina,Batters,1,False,-0.5,19,Rajkot,Saurashtra Cricket Association Stadium,Small,False,True,91,15,15.166666666666666,136,8.967032967032967,20,181,45,4.833333333333334,9.310344827586206,2,8,Small
15.2,15,2,96,Yuzvendra Chahal,Bowlers,Dinesh Karthik,Batters,2,False,-1.0,19,Rajkot,Saurashtra Cricket Association Stadium,Small,False,True,92,15,15.333333333333334,138,9.0,20,181,43,4.666666666666666,9.214285714285715,2,8,Small
15.3,15,3,97,Yuzvendra Chahal,Bowlers,Dinesh Karthik,Batters,1,False,-0.5,19,Rajkot,Saurashtra Cricket Association Stadium,Small,False,True,93,15,15.5,139,8.96774193548387,20,181,42,4.5,9.333333333333334,2,8,Small
15.4,15,4,98,Yuzvendra Chahal,Bowlers,Suresh Raina,Batters,0,True,5.0,19,Rajkot,Saurashtra Cricket Association Stadium,Small,False,True,94,15,15.666666666666666,139,8.872340425531915,20,181,42,4.333333333333334,9.692307692307692,3,7,Small
15.5,15,5,99,Yuzvendra Chahal,Bowlers,Dinesh Karthik,Batters,1,False,-0.5,19,Rajkot,Saurashtra Cricket Association Stadium,Small,False,True,95,15,15.833333333333334,140,8.842105263157894,20,181,41,4.166666666666666,9.840000000000002,3,7,Small
15.6,15,6,100,Yuzvendra Chahal,Bowlers,Ravindra Jadeja,All-Rounders,1,False,-0.5,19,Rajkot,Saurashtra Cricket Association Stadium,Small,False,True,96,15,16.0,141,8.8125,20,181,40,4.0,10.0,3,7,Small
16.1,16,1,101,Iqbal Abdulla,All-Rounders,Ravindra Jadeja,All-Rounders,0,False,1.0,19,Rajkot,Saurashtra Cricket Association Stadium,Small,False,True,97,16,16.166666666666668,141,8.721649484536082,20,181,40,3.833333333333332,10.434782608695656,3,7,Small
16.2,16,2,102,Iqbal Abdulla,All-Rounders,Ravindra Jadeja,All-Rounders,6,False,-3.0,19,Rajkot,Saurashtra Cricket Association Stadium,Small,False,True,98,16,16.333333333333332,147,9.0,20,181,34,3.666666666666668,9.27272727272727,3,7,Small
16.3,16,3,103,Iqbal Abdulla,All-Rounders,Ravindra Jadeja,All-Rounders,0,False,1.0,19,Rajkot,Saurashtra Cricket Association Stadium,Small,False,True,99,16,16.5,147,8.909090909090908,20,181,34,3.5,9.714285714285714,3,7,Small
16.4,16,4,104,Iqbal Abdulla,All-Rounders,Ravindra Jadeja,All-Rounders,1,False,-0.5,19,Rajkot,Saurashtra Cricket Association Stadium,Small,False,True,100,16,16.666666666666668,148,8.879999999999999,20,181,33,3.333333333333332,9.900000000000004,3,7,Small
16.5,16,5,105,Iqbal Abdulla,All-Rounders,Dinesh Karthik,Batters,1,False,-1.0,19,Rajkot,Saurashtra Cricket Association Stadium,Small,True,False,100,16,16.666666666666668,149,8.94,20,181,32,3.333333333333332,9.600000000000003,3,7,Small
16.5,16,5,106,Iqbal Abdulla,All-Rounders,Dinesh Karthik,Batters,2,False,-1.0,19,Rajkot,Saurashtra Cricket Association Stadium,Small,False,True,101,16,16.833333333333332,151,8.970297029702971,20,181,30,3.166666666666668,9.473684210526311,3,7,Small
16.6,16,6,107,Iqbal Abdulla,All-Rounders,Dinesh Karthik,Batters,2,False,-1.0,19,Rajkot,Saurashtra Cricket Association Stadium,Small,False,True,102,16,17.0,153,9.0,20,181,28,3.0,9.333333333333334,3,7,Small
17.1,17,1,108,Kane Richardson,Bowlers,Ravindra Jadeja,All-Rounders,1,False,-0.5,19,Rajkot,Saurashtra Cricket Association Stadium,Small,False,True,103,17,17.166666666666668,154,8.970873786407767,20,181,27,2.833333333333332,9.529411764705886,3,7,Small
17.2,17,2,109,Kane Richardson,Bowlers,Dinesh Karthik,Batters,0,False,1.0,19,Rajkot,Saurashtra Cricket Association Stadium,Small,False,True,104,17,17.333333333333332,154,8.884615384615385,20,181,27,2.666666666666668,10.124999999999996,3,7,Small
17.3,17,3,110,Kane Richardson,Bowlers,Dinesh Karthik,Batters,1,False,-0.5,19,Rajkot,Saurashtra Cricket Association Stadium,Small,False,True,105,17,17.5,155,8.857142857142858,20,181,26,2.5,10.4,3,7,Small
17.4,17,4,111,Kane Richardson,Bowlers,Ravindra Jadeja,All-Rounders,1,False,-0.5,19,Rajkot,Saurashtra Cricket Association Stadium,Small,False,True,106,17,17.666666666666668,156,8.830188679245282,20,181,25,2.333333333333332,10.71428571428572,3,7,Small
17.5,17,5,112,Kane Richardson,Bowlers,Dinesh Karthik,Batters,2,False,-1.0,19,Rajkot,Saurashtra Cricket Association Stadium,Small,False,True,107,17,17.833333333333332,158,8.859813084112151,20,181,23,2.166666666666668,10.61538461538461,3,7,Small
17.6,17,6,113,Kane Richardson,Bowlers,Dinesh Karthik,Batters,1,False,-0.25,19,Rajkot,Saurashtra Cricket Association Stadium,Small,False,True,108,17,18.0,159,8.833333333333334,20,181,22,2.0,11.0,3,7,Small
18.1,18,1,114,Iqbal Abdulla,All-Rounders,Dinesh Karthik,Batters,4,False,-2.0,19,Rajkot,Saurashtra Cricket Association Stadium,Small,False,True,109,18,18.166666666666668,163,8.972477064220183,20,181,18,1.833333333333332,9.818181818181824,3,7,Small
18.2,18,2,115,Iqbal Abdulla,All-Rounders,Dinesh Karthik,Batters,1,False,-0.5,19,Rajkot,Saurashtra Cricket Association Stadium,Small,False,True,110,18,18.33333333333333,164,8.945454545454545,20,181,17,1.666666666666668,10.199999999999992,3,7,Small
18.3,18,3,116,Iqbal Abdulla,All-Rounders,Ravindra Jadeja,All-Rounders,1,False,-0.5,19,Rajkot,Saurashtra Cricket Association Stadium,Small,False,True,111,18,18.5,165,8.91891891891892,20,181,16,1.5,10.666666666666666,3,7,Small
18.4,18,4,117,Iqbal Abdulla,All-Rounders,Dinesh Karthik,Batters,2,False,-1.0,19,Rajkot,Saurashtra Cricket Association Stadium,Small,False,True,112,18,18.666666666666668,167,8.946428571428571,20,181,14,1.333333333333332,10.500000000000009,3,7,Small
18.5,18,5,118,Iqbal Abdulla,All-Rounders,Dinesh Karthik,Batters,2,False,-1.0,19,Rajkot,Saurashtra Cricket Association Stadium,Small,False,True,113,18,18.83333333333333,169,8.97345132743363,20,181,12,1.166666666666668,10.285714285714276,3,7,Small
18.6,18,6,119,Iqbal Abdulla,All-Rounders,Dinesh Karthik,Batters,4,False,-2.0,19,Rajkot,Saurashtra Cricket Association Stadium,Small,False,True,114,18,19.0,173,9.105263157894736,20,181,8,1.0,8.0,3,7,Small
19.1,19,1,120,Shane Watson,All-Rounders,Ravindra Jadeja,All-Rounders,2,False,-1.0,19,Rajkot,Saurashtra Cricket Association Stadium,Small,True,False,114,18,19.0,175,9.210526315789474,20,181,6,1.0,6.0,3,7,Small
19.1,19,1,121,Shane Watson,All-Rounders,Dinesh Karthik,Batters,1,False,-0.5,19,Rajkot,Saurashtra Cricket Association Stadium,Small,False,True,115,19,19.166666666666668,176,9.182608695652174,20,181,5,0.8333333333333321,6.000000000000009,3,7,Small
19.2,19,2,122,Shane Watson,All-Rounders,Ravindra Jadeja,All-Rounders,1,False,-1.0,19,Rajkot,Saurashtra Cricket Association Stadium,Small,True,False,115,19,19.166666666666668,177,9.234782608695651,20,181,4,0.8333333333333321,4.800000000000007,3,7,Small
19.2,19,2,123,Shane Watson,All-Rounders,Ravindra Jadeja,All-Rounders,0,True,5.0,19,Rajkot,Saurashtra Cricket Association Stadium,Small,False,True,116,19,19.33333333333333,177,9.155172413793103,20,181,4,0.6666666666666679,5.999999999999989,4,6,Small
19.3,19,3,124,Shane Watson,All-Rounders,Dwayne Bravo,All-Rounders,4,False,-2.0,19,Rajkot,Saurashtra Cricket Association Stadium,Small,False,True,117,19,19.5,181,9.282051282051285,20,181,0,0.5,0.0,4,6,Small
