Ball Number,over,ball,Ball,bowler,bowler_role,batsman,batsman_role,Runs,is_wicket,bowler_score,match_id,city,stadium,Stadium_Type,is_extra,legal_delivery,legal_deliveries_count,overs_completed,overs_bowled,total_runs,current_run_rate,total_overs,target,runs_needed,overs_remaining,required_run_rate,wickets_fallen,wickets_in_hand,Ground_Type
0.1,0,1,1,Zaheer Khan,Bowlers,Dwayne Smith,All-Rounders,4,False,-2.0,23,Delhi,Arun Jaitley Stadium,Small,False,True,1,0,0.1666666666666666,4,24.0,20,173,169,19.83333333333333,8.521008403361344,0,10,Small
0.2,0,2,2,Zaheer Khan,Bowlers,Dwayne Smith,All-Rounders,0,False,1.0,23,Delhi,Arun Jaitley Stadium,Small,False,True,2,0,0.3333333333333333,4,12.0,20,173,169,19.666666666666668,8.59322033898305,0,10,Small
0.3,0,3,3,Zaheer Khan,Bowlers,Dwayne Smith,All-Rounders,4,False,-2.0,23,Delhi,Arun Jaitley Stadium,Small,False,True,3,0,0.5,8,16.0,20,173,165,19.5,8.461538461538462,0,10,Small
0.4,0,4,4,Zaheer Khan,Bowlers,Dwayne Smith,All-Rounders,4,False,-2.0,23,Delhi,Arun Jaitley Stadium,Small,False,True,4,0,0.6666666666666666,12,18.0,20,173,161,19.33333333333333,8.327586206896552,0,10,Small
0.5,0,5,5,Zaheer Khan,Bowlers,Dwayne Smith,All-Rounders,2,False,-1.0,23,Delhi,Arun Jaitley Stadium,Small,False,True,5,0,0.8333333333333334,14,16.8,20,173,159,19.166666666666668,8.295652173913043,0,10,Small
0.6,0,6,6,Zaheer Khan,Bowlers,Dwayne Smith,All-Rounders,4,False,-2.0,23,Delhi,Arun Jaitley Stadium,Small,False,True,6,0,1.0,18,18.0,20,173,155,19.0,8.157894736842104,0,10,Small
1.1,1,1,7,Shahbaz Nadeem,Bowlers,Brendon McCullum,Batters,1,False,-0.5,23,Delhi,Arun Jaitley Stadium,Small,False,True,7,1,1.1666666666666667,19,16.285714285714285,20,173,154,18.83333333333333,8.176991150442479,0,10,Small
1.2,1,2,8,Shahbaz Nadeem,Bowlers,Dwayne Smith,All-Rounders,0,False,1.0,23,Delhi,Arun Jaitley Stadium,Small,False,True,8,1,1.3333333333333333,19,14.25,20,173,154,18.666666666666668,8.25,0,10,Small
1.3,1,3,9,Shahbaz Nadeem,Bowlers,Dwayne Smith,All-Rounders,1,False,-0.5,23,Delhi,Arun Jaitley Stadium,Small,False,True,9,1,1.5,20,13.333333333333334,20,173,153,18.5,8.27027027027027,0,10,Small
1.4,1,4,10,Shahbaz Nadeem,Bowlers,Brendon McCullum,Batters,1,False,-0.5,23,Delhi,Arun Jaitley Stadium,Small,False,True,10,1,1.6666666666666663,21,12.6,20,173,152,18.33333333333333,8.290909090909091,0,10,Small
1.5,1,5,11,Shahbaz Nadeem,Bowlers,Dwayne Smith,All-Rounders,6,False,-3.0,23,Delhi,Arun Jaitley Stadium,Small,False,True,11,1,1.8333333333333333,27,14.727272727272728,20,173,146,18.166666666666668,8.036697247706421,0,10,Small
1.6,1,6,12,Shahbaz Nadeem,Bowlers,Dwayne Smith,All-Rounders,1,False,-0.5,23,Delhi,Arun Jaitley Stadium,Small,False,True,12,1,2.0,28,14.0,20,173,145,18.0,8.055555555555555,0,10,Small
2.1,2,1,13,Zaheer Khan,Bowlers,Dwayne Smith,All-Rounders,0,False,1.0,23,Delhi,Arun Jaitley Stadium,Small,False,True,13,2,2.1666666666666665,28,12.923076923076923,20,173,145,17.833333333333332,8.130841121495328,0,10,Small
2.2,2,2,14,Zaheer Khan,Bowlers,Dwayne Smith,All-Rounders,1,False,-0.5,23,Delhi,Arun Jaitley Stadium,Small,False,True,14,2,2.333333333333333,29,12.428571428571429,20,173,144,17.666666666666668,8.150943396226415,0,10,Small
2.3,2,3,15,Zaheer Khan,Bowlers,Brendon McCullum,Batters,6,False,-3.0,23,Delhi,Arun Jaitley Stadium,Small,False,True,15,2,2.5,35,14.0,20,173,138,17.5,7.885714285714286,0,10,Small
2.4,2,4,16,Zaheer Khan,Bowlers,Brendon McCullum,Batters,0,False,1.0,23,Delhi,Arun Jaitley Stadium,Small,False,True,16,2,2.6666666666666665,35,13.125,20,173,138,17.333333333333332,7.961538461538462,0,10,Small
2.5,2,5,17,Zaheer Khan,Bowlers,Brendon McCullum,Batters,6,False,-3.0,23,Delhi,Arun Jaitley Stadium,Small,False,True,17,2,2.833333333333333,41,14.470588235294118,20,173,132,17.166666666666668,7.689320388349514,0,10,Small
2.6,2,6,18,Zaheer Khan,Bowlers,Brendon McCullum,Batters,1,False,-0.5,23,Delhi,Arun Jaitley Stadium,Small,False,True,18,2,3.0,42,14.0,20,173,131,17.0,7.705882352941177,0,10,Small
3.1,3,1,19,Shahbaz Nadeem,Bowlers,Brendon McCullum,Batters,0,False,1.0,23,Delhi,Arun Jaitley Stadium,Small,False,True,19,3,3.1666666666666665,42,13.263157894736842,20,173,131,16.833333333333332,7.782178217821783,0,10,Small
3.2,3,2,20,Shahbaz Nadeem,Bowlers,Brendon McCullum,Batters,1,False,-0.5,23,Delhi,Arun Jaitley Stadium,Small,False,True,20,3,3.333333333333333,43,12.9,20,173,130,16.666666666666668,7.8,0,10,Small
3.3,3,3,21,Shahbaz Nadeem,Bowlers,Dwayne Smith,All-Rounders,6,False,-3.0,23,Delhi,Arun Jaitley Stadium,Small,False,True,21,3,3.5,49,14.0,20,173,124,16.5,7.515151515151516,0,10,Small
3.4,3,4,22,Shahbaz Nadeem,Bowlers,Dwayne Smith,All-Rounders,0,False,1.0,23,Delhi,Arun Jaitley Stadium,Small,False,True,22,3,3.6666666666666665,49,13.363636363636363,20,173,124,16.333333333333332,7.591836734693878,0,10,Small
3.5,3,5,23,Shahbaz Nadeem,Bowlers,Dwayne Smith,All-Rounders,1,False,-0.5,23,Delhi,Arun Jaitley Stadium,Small,False,True,23,3,3.8333333333333335,50,13.043478260869565,20,173,123,16.166666666666668,7.608247422680412,0,10,Small
3.6,3,6,24,Shahbaz Nadeem,Bowlers,Brendon McCullum,Batters,1,False,-0.5,23,Delhi,Arun Jaitley Stadium,Small,False,True,24,3,4.0,51,12.75,20,173,122,16.0,7.625,0,10,Small
4.1,4,1,25,Chris Morris,All-Rounders,Brendon McCullum,Batters,0,False,1.0,23,Delhi,Arun Jaitley Stadium,Small,False,True,25,4,4.166666666666667,51,12.239999999999998,20,173,122,15.833333333333332,7.705263157894738,0,10,Small
4.2,4,2,26,Chris Morris,All-Rounders,Brendon McCullum,Batters,0,False,1.0,23,Delhi,Arun Jaitley Stadium,Small,False,True,26,4,4.333333333333333,51,11.76923076923077,20,173,122,15.666666666666668,7.787234042553191,0,10,Small
4.3,4,3,27,Chris Morris,All-Rounders,Brendon McCullum,Batters,6,False,-3.0,23,Delhi,Arun Jaitley Stadium,Small,False,True,27,4,4.5,57,12.666666666666666,20,173,116,15.5,7.483870967741935,0,10,Small
4.4,4,4,28,Chris Morris,All-Rounders,Brendon McCullum,Batters,2,False,-1.0,23,Delhi,Arun Jaitley Stadium,Small,False,True,28,4,4.666666666666667,59,12.642857142857142,20,173,114,15.333333333333332,7.434782608695652,0,10,Small
4.5,4,5,29,Chris Morris,All-Rounders,Brendon McCullum,Batters,0,False,1.0,23,Delhi,Arun Jaitley Stadium,Small,False,True,29,4,4.833333333333333,59,12.20689655172414,20,173,114,15.166666666666668,7.5164835164835155,0,10,Small
4.6,4,6,30,Chris Morris,All-Rounders,Brendon McCullum,Batters,4,False,-2.0,23,Delhi,Arun Jaitley Stadium,Small,False,True,30,4,5.0,63,12.6,20,173,110,15.0,7.333333333333333,0,10,Small
5.1,5,1,31,Zaheer Khan,Bowlers,Dwayne Smith,All-Rounders,0,False,1.0,23,Delhi,Arun Jaitley Stadium,Small,False,True,31,5,5.166666666666667,63,12.193548387096774,20,173,110,14.833333333333332,7.415730337078652,0,10,Small
5.2,5,2,32,Zaheer Khan,Bowlers,Dwayne Smith,All-Rounders,4,False,-2.0,23,Delhi,Arun Jaitley Stadium,Small,False,True,32,5,5.333333333333333,67,12.5625,20,173,106,14.666666666666668,7.227272727272727,0,10,Small
5.3,5,3,33,Zaheer Khan,Bowlers,Dwayne Smith,All-Rounders,0,False,1.0,23,Delhi,Arun Jaitley Stadium,Small,False,True,33,5,5.5,67,12.181818181818182,20,173,106,14.5,7.310344827586207,0,10,Small
5.4,5,4,34,Zaheer Khan,Bowlers,Dwayne Smith,All-Rounders,2,False,-1.0,23,Delhi,Arun Jaitley Stadium,Small,False,True,34,5,5.666666666666667,69,12.176470588235292,20,173,104,14.333333333333332,7.255813953488371,0,10,Small
5.5,5,5,35,Zaheer Khan,Bowlers,Dwayne Smith,All-Rounders,1,False,-0.5,23,Delhi,Arun Jaitley Stadium,Small,False,True,35,5,5.833333333333333,70,12.0,20,173,103,14.166666666666668,7.270588235294117,0,10,Small
5.6,5,6,36,Zaheer Khan,Bowlers,Brendon McCullum,Batters,1,False,-0.5,23,Delhi,Arun Jaitley Stadium,Small,False,True,36,5,6.0,71,11.833333333333334,20,173,102,14.0,7.285714285714286,0,10,Small
6.1,6,1,37,Shahbaz Nadeem,Bowlers,Brendon McCullum,Batters,0,False,1.0,23,Delhi,Arun Jaitley Stadium,Small,False,True,37,6,6.166666666666667,71,11.513513513513512,20,173,102,13.833333333333332,7.373493975903615,0,10,Small
6.2,6,2,38,Shahbaz Nadeem,Bowlers,Brendon McCullum,Batters,4,False,-2.0,23,Delhi,Arun Jaitley Stadium,Small,False,True,38,6,6.333333333333333,75,11.842105263157896,20,173,98,13.666666666666668,7.170731707317072,0,10,Small
6.3,6,3,39,Shahbaz Nadeem,Bowlers,Brendon McCullum,Batters,4,False,-2.0,23,Delhi,Arun Jaitley Stadium,Small,False,True,39,6,6.5,79,12.153846153846152,20,173,94,13.5,6.962962962962963,0,10,Small
6.4,6,4,40,Shahbaz Nadeem,Bowlers,Brendon McCullum,Batters,1,False,-0.5,23,Delhi,Arun Jaitley Stadium,Small,False,True,40,6,6.666666666666667,80,12.0,20,173,93,13.333333333333332,6.9750000000000005,0,10,Small
6.5,6,5,41,Shahbaz Nadeem,Bowlers,Dwayne Smith,All-Rounders,1,False,-0.5,23,Delhi,Arun Jaitley Stadium,Small,False,True,41,6,6.833333333333333,81,11.853658536585366,20,173,92,13.166666666666668,6.987341772151898,0,10,Small
6.6,6,6,42,Shahbaz Nadeem,Bowlers,Brendon McCullum,Batters,1,False,-0.5,23,Delhi,Arun Jaitley Stadium,Small,False,True,42,6,7.0,82,11.714285714285714,20,173,91,13.0,7.0,0,10,Small
7.1,7,1,43,Amit Mishra,Bowlers,Brendon McCullum,Batters,0,False,1.0,23,Delhi,Arun Jaitley Stadium,Small,False,True,43,7,7.166666666666667,82,11.441860465116278,20,173,91,12.833333333333332,7.090909090909092,0,10,Small
7.2,7,2,44,Amit Mishra,Bowlers,Brendon McCullum,Batters,4,False,-2.0,23,Delhi,Arun Jaitley Stadium,Small,False,True,44,7,7.333333333333333,86,11.727272727272728,20,173,87,12.666666666666668,6.868421052631578,0,10,Small
7.3,7,3,45,Amit Mishra,Bowlers,Brendon McCullum,Batters,0,False,1.0,23,Delhi,Arun Jaitley Stadium,Small,False,True,45,7,7.5,86,11.466666666666669,20,173,87,12.5,6.96,0,10,Small
7.4,7,4,46,Amit Mishra,Bowlers,Brendon McCullum,Batters,4,False,-2.0,23,Delhi,Arun Jaitley Stadium,Small,False,True,46,7,7.666666666666667,90,11.739130434782608,20,173,83,12.333333333333332,6.729729729729731,0,10,Small
7.5,7,5,47,Amit Mishra,Bowlers,Brendon McCullum,Batters,1,False,-0.5,23,Delhi,Arun Jaitley Stadium,Small,False,True,47,7,7.833333333333333,91,11.617021276595745,20,173,82,12.166666666666668,6.73972602739726,0,10,Small
7.6,7,6,48,Amit Mishra,Bowlers,Dwayne Smith,All-Rounders,0,False,1.0,23,Delhi,Arun Jaitley Stadium,Small,False,True,48,7,8.0,91,11.375,20,173,82,12.0,6.833333333333333,0,10,Small
8.1,8,1,49,Imran Tahir,Bowlers,Brendon McCullum,Batters,1,False,-0.5,23,Delhi,Arun Jaitley Stadium,Small,False,True,49,8,8.166666666666666,92,11.26530612244898,20,173,81,11.833333333333334,6.845070422535211,0,10,Small
8.2,8,2,50,Imran Tahir,Bowlers,Dwayne Smith,All-Rounders,1,False,-0.5,23,Delhi,Arun Jaitley Stadium,Small,False,True,50,8,8.333333333333334,93,11.159999999999998,20,173,80,11.666666666666666,6.857142857142858,0,10,Small
8.3,8,3,51,Imran Tahir,Bowlers,Brendon McCullum,Batters,1,False,-0.5,23,Delhi,Arun Jaitley Stadium,Small,False,True,51,8,8.5,94,11.058823529411764,20,173,79,11.5,6.869565217391305,0,10,Small
8.4,8,4,52,Imran Tahir,Bowlers,Dwayne Smith,All-Rounders,1,False,-0.5,23,Delhi,Arun Jaitley Stadium,Small,False,True,52,8,8.666666666666666,95,10.961538461538462,20,173,78,11.333333333333334,6.88235294117647,0,10,Small
8.5,8,5,53,Imran Tahir,Bowlers,Brendon McCullum,Batters,4,False,-2.0,23,Delhi,Arun Jaitley Stadium,Small,False,True,53,8,8.833333333333334,99,11.20754716981132,20,173,74,11.166666666666666,6.626865671641792,0,10,Small
8.6,8,6,54,Imran Tahir,Bowlers,Brendon McCullum,Batters,1,False,-0.25,23,Delhi,Arun Jaitley Stadium,Small,False,True,54,8,9.0,100,11.11111111111111,20,173,73,11.0,6.636363636363637,0,10,Small
9.1,9,1,55,Amit Mishra,Bowlers,Brendon McCullum,Batters,1,False,-0.5,23,Delhi,Arun Jaitley Stadium,Small,False,True,55,9,9.166666666666666,101,11.01818181818182,20,173,72,10.833333333333334,6.646153846153846,0,10,Small
9.2,9,2,56,Amit Mishra,Bowlers,Dwayne Smith,All-Rounders,1,False,-0.5,23,Delhi,Arun Jaitley Stadium,Small,False,True,56,9,9.333333333333334,102,10.928571428571429,20,173,71,10.666666666666666,6.65625,0,10,Small
9.3,9,3,57,Amit Mishra,Bowlers,Brendon McCullum,Batters,0,False,1.0,23,Delhi,Arun Jaitley Stadium,Small,False,True,57,9,9.5,102,10.736842105263158,20,173,71,10.5,6.761904761904762,0,10,Small
9.4,9,4,58,Amit Mishra,Bowlers,Brendon McCullum,Batters,1,False,-0.5,23,Delhi,Arun Jaitley Stadium,Small,False,True,58,9,9.666666666666666,103,10.655172413793103,20,173,70,10.333333333333334,6.774193548387096,0,10,Small
9.5,9,5,59,Amit Mishra,Bowlers,Dwayne Smith,All-Rounders,6,False,-3.0,23,Delhi,Arun Jaitley Stadium,Small,False,True,59,9,9.833333333333334,109,11.084745762711863,20,173,64,10.166666666666666,6.295081967213116,0,10,Small
9.6,9,6,60,Amit Mishra,Bowlers,Dwayne Smith,All-Rounders,1,False,-0.5,23,Delhi,Arun Jaitley Stadium,Small,False,True,60,9,10.0,110,11.0,20,173,63,10.0,6.3,0,10,Small
10.1,10,1,61,Imran Tahir,Bowlers,Dwayne Smith,All-Rounders,1,False,-0.5,23,Delhi,Arun Jaitley Stadium,Small,False,True,61,10,10.166666666666666,111,10.918032786885249,20,173,62,9.833333333333334,6.305084745762711,0,10,Small
10.2,10,2,62,Imran Tahir,Bowlers,Brendon McCullum,Batters,1,False,-0.5,23,Delhi,Arun Jaitley Stadium,Small,False,True,62,10,10.333333333333334,112,10.838709677419354,20,173,61,9.666666666666666,6.310344827586207,0,10,Small
10.3,10,3,63,Imran Tahir,Bowlers,Dwayne Smith,All-Rounders,0,False,1.0,23,Delhi,Arun Jaitley Stadium,Small,False,True,63,10,10.5,112,10.666666666666666,20,173,61,9.5,6.421052631578948,0,10,Small
10.4,10,4,64,Imran Tahir,Bowlers,Dwayne Smith,All-Rounders,0,True,5.0,23,Delhi,Arun Jaitley Stadium,Small,False,True,64,10,10.666666666666666,112,10.5,20,173,61,9.333333333333334,6.535714285714286,1,9,Small
10.5,10,5,65,Imran Tahir,Bowlers,Suresh Raina,Batters,1,False,-0.5,23,Delhi,Arun Jaitley Stadium,Small,False,True,65,10,10.833333333333334,113,10.430769230769233,20,173,60,9.166666666666666,6.545454545454546,1,9,Small
10.6,10,6,66,Imran Tahir,Bowlers,Brendon McCullum,Batters,2,False,-1.0,23,Delhi,Arun Jaitley Stadium,Small,False,True,66,10,11.0,115,10.454545454545457,20,173,58,9.0,6.444444444444445,1,9,Small
11.1,11,1,67,Chris Morris,All-Rounders,Suresh Raina,Batters,1,False,-0.5,23,Delhi,Arun Jaitley Stadium,Small,False,True,67,11,11.166666666666666,116,10.388059701492535,20,173,57,8.833333333333334,6.452830188679245,1,9,Small
11.2,11,2,68,Chris Morris,All-Rounders,Brendon McCullum,Batters,0,True,5.0,23,Delhi,Arun Jaitley Stadium,Small,False,True,68,11,11.333333333333334,116,10.235294117647058,20,173,57,8.666666666666666,6.5769230769230775,2,8,Small
11.3,11,3,69,Chris Morris,All-Rounders,Dinesh Karthik,Batters,1,False,-0.5,23,Delhi,Arun Jaitley Stadium,Small,False,True,69,11,11.5,117,10.173913043478262,20,173,56,8.5,6.588235294117647,2,8,Small
11.4,11,4,70,Chris Morris,All-Rounders,Suresh Raina,Batters,0,False,1.0,23,Delhi,Arun Jaitley Stadium,Small,False,True,70,11,11.666666666666666,117,10.028571428571428,20,173,56,8.333333333333334,6.72,2,8,Small
11.5,11,5,71,Chris Morris,All-Rounders,Suresh Raina,Batters,0,False,1.0,23,Delhi,Arun Jaitley Stadium,Small,False,True,71,11,11.833333333333334,117,9.887323943661972,20,173,56,8.166666666666666,6.857142857142858,2,8,Small
11.6,11,6,72,Chris Morris,All-Rounders,Suresh Raina,Batters,0,True,5.0,23,Delhi,Arun Jaitley Stadium,Small,False,True,72,11,12.0,117,9.75,20,173,56,8.0,7.0,3,7,Small
12.1,12,1,73,Imran Tahir,Bowlers,Dinesh Karthik,Batters,1,False,-0.5,23,Delhi,Arun Jaitley Stadium,Small,False,True,73,12,12.166666666666666,118,9.6986301369863,20,173,55,7.833333333333334,7.0212765957446805,3,7,Small
12.2,12,2,74,Imran Tahir,Bowlers,Ravindra Jadeja,All-Rounders,0,False,1.0,23,Delhi,Arun Jaitley Stadium,Small,False,True,74,12,12.333333333333334,118,9.567567567567568,20,173,55,7.666666666666666,7.173913043478262,3,7,Small
12.3,12,3,75,Imran Tahir,Bowlers,Ravindra Jadeja,All-Rounders,1,False,-0.5,23,Delhi,Arun Jaitley Stadium,Small,False,True,75,12,12.5,119,9.52,20,173,54,7.5,7.2,3,7,Small
12.4,12,4,76,Imran Tahir,Bowlers,Dinesh Karthik,Batters,0,False,1.0,23,Delhi,Arun Jaitley Stadium,Small,False,True,76,12,12.666666666666666,119,9.394736842105264,20,173,54,7.333333333333334,7.363636363636363,3,7,Small
12.5,12,5,77,Imran Tahir,Bowlers,Dinesh Karthik,Batters,1,False,-0.5,23,Delhi,Arun Jaitley Stadium,Small,False,True,77,12,12.833333333333334,120,9.35064935064935,20,173,53,7.166666666666666,7.395348837209303,3,7,Small
12.6,12,6,78,Imran Tahir,Bowlers,Ravindra Jadeja,All-Rounders,0,False,1.0,23,Delhi,Arun Jaitley Stadium,Small,False,True,78,12,13.0,120,9.23076923076923,20,173,53,7.0,7.571428571428571,3,7,Small
13.1,13,1,79,Amit Mishra,Bowlers,Dinesh Karthik,Batters,1,False,-0.5,23,Delhi,Arun Jaitley Stadium,Small,False,True,79,13,13.166666666666666,121,9.18987341772152,20,173,52,6.833333333333334,7.609756097560975,3,7,Small
13.2,13,2,80,Amit Mishra,Bowlers,Ravindra Jadeja,All-Rounders,1,False,-0.5,23,Delhi,Arun Jaitley Stadium,Small,False,True,80,13,13.333333333333334,122,9.15,20,173,51,6.666666666666666,7.65,3,7,Small
13.3,13,3,81,Amit Mishra,Bowlers,Dinesh Karthik,Batters,4,False,-2.0,23,Delhi,Arun Jaitley Stadium,Small,False,True,81,13,13.5,126,9.333333333333334,20,173,47,6.5,7.230769230769231,3,7,Small
13.4,13,4,82,Amit Mishra,Bowlers,Dinesh Karthik,Batters,0,False,1.0,23,Delhi,Arun Jaitley Stadium,Small,False,True,82,13,13.666666666666666,126,9.219512195121952,20,173,47,6.333333333333334,7.421052631578947,3,7,Small
13.5,13,5,83,Amit Mishra,Bowlers,Dinesh Karthik,Batters,1,False,-0.5,23,Delhi,Arun Jaitley Stadium,Small,False,True,83,13,13.833333333333334,127,9.180722891566266,20,173,46,6.166666666666666,7.459459459459459,3,7,Small
13.6,13,6,84,Amit Mishra,Bowlers,Ravindra Jadeja,All-Rounders,1,False,-0.5,23,Delhi,Arun Jaitley Stadium,Small,False,True,84,13,14.0,128,9.142857142857142,20,173,45,6.0,7.5,3,7,Small
14.1,14,1,85,Jean-Paul Duminy,All-Rounders,Ravindra Jadeja,All-Rounders,1,False,-0.5,23,Delhi,Arun Jaitley Stadium,Small,False,True,85,14,14.166666666666666,129,9.105882352941176,20,173,44,5.833333333333334,7.542857142857142,3,7,Small
14.2,14,2,86,Jean-Paul Duminy,All-Rounders,Dinesh Karthik,Batters,1,False,-0.5,23,Delhi,Arun Jaitley Stadium,Small,False,True,86,14,14.333333333333334,130,9.069767441860463,20,173,43,5.666666666666666,7.588235294117648,3,7,Small
14.3,14,3,87,Jean-Paul Duminy,All-Rounders,Ravindra Jadeja,All-Rounders,0,True,5.0,23,Delhi,Arun Jaitley Stadium,Small,False,True,87,14,14.5,130,8.96551724137931,20,173,43,5.5,7.818181818181818,4,6,Small
14.4,14,4,88,Jean-Paul Duminy,All-Rounders,Ishan Kishan,Batters,0,False,1.0,23,Delhi,Arun Jaitley Stadium,Small,False,True,88,14,14.666666666666666,130,8.863636363636363,20,173,43,5.333333333333334,8.062499999999998,4,6,Small
14.5,14,5,89,Jean-Paul Duminy,All-Rounders,Ishan Kishan,Batters,1,False,-0.5,23,Delhi,Arun Jaitley Stadium,Small,False,True,89,14,14.833333333333334,131,8.831460674157302,20,173,42,5.166666666666666,8.129032258064518,4,6,Small
14.6,14,6,90,Jean-Paul Duminy,All-Rounders,Dinesh Karthik,Batters,1,False,-0.5,23,Delhi,Arun Jaitley Stadium,Small,False,True,90,14,15.0,132,8.8,20,173,41,5.0,8.2,4,6,Small
15.1,15,1,91,Shahbaz Nadeem,Bowlers,Dinesh Karthik,Batters,0,False,1.0,23,Delhi,Arun Jaitley Stadium,Small,False,True,91,15,15.166666666666666,132,8.703296703296704,20,173,41,4.833333333333334,8.482758620689655,4,6,Small
15.2,15,2,92,Shahbaz Nadeem,Bowlers,Dinesh Karthik,Batters,0,False,1.0,23,Delhi,Arun Jaitley Stadium,Small,False,True,92,15,15.333333333333334,132,8.608695652173912,20,173,41,4.666666666666666,8.785714285714286,4,6,Small
15.3,15,3,93,Shahbaz Nadeem,Bowlers,Dinesh Karthik,Batters,1,False,-0.5,23,Delhi,Arun Jaitley Stadium,Small,False,True,93,15,15.5,133,8.580645161290322,20,173,40,4.5,8.88888888888889,4,6,Small
15.4,15,4,94,Shahbaz Nadeem,Bowlers,Ishan Kishan,Batters,0,False,1.0,23,Delhi,Arun Jaitley Stadium,Small,False,True,94,15,15.666666666666666,133,8.48936170212766,20,173,40,4.333333333333334,9.23076923076923,4,6,Small
15.5,15,5,95,Shahbaz Nadeem,Bowlers,Ishan Kishan,Batters,1,False,-0.5,23,Delhi,Arun Jaitley Stadium,Small,False,True,95,15,15.833333333333334,134,8.463157894736842,20,173,39,4.166666666666666,9.36,4,6,Small
15.6,15,6,96,Shahbaz Nadeem,Bowlers,Dinesh Karthik,Batters,0,False,1.0,23,Delhi,Arun Jaitley Stadium,Small,False,True,96,15,16.0,134,8.375,20,173,39,4.0,9.75,4,6,Small
16.1,16,1,97,Imran Tahir,Bowlers,Ishan Kishan,Batters,1,False,-0.25,23,Delhi,Arun Jaitley Stadium,Small,False,True,97,16,16.166666666666668,135,8.350515463917525,20,173,38,3.833333333333332,9.913043478260873,4,6,Small
16.2,16,2,98,Imran Tahir,Bowlers,Dinesh Karthik,Batters,6,False,-3.0,23,Delhi,Arun Jaitley Stadium,Small,False,True,98,16,16.333333333333332,141,8.63265306122449,20,173,32,3.666666666666668,8.727272727272725,4,6,Small
16.3,16,3,99,Imran Tahir,Bowlers,Dinesh Karthik,Batters,1,False,-0.5,23,Delhi,Arun Jaitley Stadium,Small,False,True,99,16,16.5,142,8.606060606060606,20,173,31,3.5,8.857142857142858,4,6,Small
16.4,16,4,100,Imran Tahir,Bowlers,Ishan Kishan,Batters,0,True,5.0,23,Delhi,Arun Jaitley Stadium,Small,False,True,100,16,16.666666666666668,142,8.52,20,173,31,3.333333333333332,9.300000000000002,5,5,Small
16.5,16,5,101,Imran Tahir,Bowlers,Dinesh Karthik,Batters,0,True,5.0,23,Delhi,Arun Jaitley Stadium,Small,False,True,101,16,16.833333333333332,142,8.435643564356436,20,173,31,3.166666666666668,9.789473684210522,6,4,Small
16.6,16,6,102,Imran Tahir,Bowlers,James Faulkner,All-Rounders,1,False,-0.5,23,Delhi,Arun Jaitley Stadium,Small,False,True,102,16,17.0,143,8.411764705882353,20,173,30,3.0,10.0,6,4,Small
17.1,17,1,103,Chris Morris,All-Rounders,James Faulkner,All-Rounders,2,False,-1.0,23,Delhi,Arun Jaitley Stadium,Small,False,True,103,17,17.166666666666668,145,8.446601941747572,20,173,28,2.833333333333332,9.882352941176476,6,4,Small
17.2,17,2,104,Chris Morris,All-Rounders,James Faulkner,All-Rounders,1,False,-0.5,23,Delhi,Arun Jaitley Stadium,Small,False,True,104,17,17.333333333333332,146,8.423076923076923,20,173,27,2.666666666666668,10.124999999999996,6,4,Small
17.3,17,3,105,Chris Morris,All-Rounders,Dwayne Bravo,All-Rounders,1,False,-1.0,23,Delhi,Arun Jaitley Stadium,Small,True,False,104,17,17.333333333333332,147,8.480769230769232,20,173,26,2.666666666666668,9.749999999999996,6,4,Small
17.3,17,3,106,Chris Morris,All-Rounders,Dwayne Bravo,All-Rounders,1,False,-0.5,23,Delhi,Arun Jaitley Stadium,Small,False,True,105,17,17.5,148,8.457142857142857,20,173,25,2.5,10.0,6,4,Small
17.4,17,4,107,Chris Morris,All-Rounders,James Faulkner,All-Rounders,1,False,-0.5,23,Delhi,Arun Jaitley Stadium,Small,False,True,106,17,17.666666666666668,149,8.433962264150942,20,173,24,2.333333333333332,10.285714285714292,6,4,Small
17.5,17,5,108,Chris Morris,All-Rounders,Dwayne Bravo,All-Rounders,1,False,-0.5,23,Delhi,Arun Jaitley Stadium,Small,False,True,107,17,17.833333333333332,150,8.41121495327103,20,173,23,2.166666666666668,10.61538461538461,6,4,Small
17.6,17,6,109,Chris Morris,All-Rounders,James Faulkner,All-Rounders,4,False,-2.0,23,Delhi,Arun Jaitley Stadium,Small,False,True,108,17,18.0,154,8.555555555555555,20,173,19,2.0,9.5,6,4,Small
18.1,18,1,110,Zaheer Khan,Bowlers,Dwayne Bravo,All-Rounders,2,False,-1.0,23,Delhi,Arun Jaitley Stadium,Small,False,True,109,18,18.166666666666668,156,8.587155963302752,20,173,17,1.833333333333332,9.27272727272728,6,4,Small
18.2,18,2,111,Zaheer Khan,Bowlers,Dwayne Bravo,All-Rounders,1,False,-0.5,23,Delhi,Arun Jaitley Stadium,Small,False,True,110,18,18.33333333333333,157,8.563636363636364,20,173,16,1.666666666666668,9.599999999999993,6,4,Small
18.3,18,3,112,Zaheer Khan,Bowlers,James Faulkner,All-Rounders,2,False,-1.0,23,Delhi,Arun Jaitley Stadium,Small,False,True,111,18,18.5,159,8.594594594594595,20,173,14,1.5,9.333333333333334,6,4,Small
18.4,18,4,113,Zaheer Khan,Bowlers,James Faulkner,All-Rounders,0,False,1.0,23,Delhi,Arun Jaitley Stadium,Small,False,True,112,18,18.666666666666668,159,8.517857142857142,20,173,14,1.333333333333332,10.500000000000009,6,4,Small
18.5,18,5,114,Zaheer Khan,Bowlers,James Faulkner,All-Rounders,2,False,-1.0,23,Delhi,Arun Jaitley Stadium,Small,False,True,113,18,18.83333333333333,161,8.548672566371682,20,173,12,1.166666666666668,10.285714285714276,6,4,Small
18.6,18,6,115,Zaheer Khan,Bowlers,James Faulkner,All-Rounders,1,False,-0.5,23,Delhi,Arun Jaitley Stadium,Small,False,True,114,18,19.0,162,8.526315789473685,20,173,11,1.0,11.0,6,4,Small
19.1,19,1,116,Chris Morris,All-Rounders,James Faulkner,All-Rounders,1,False,-0.5,23,Delhi,Arun Jaitley Stadium,Small,False,True,115,19,19.166666666666668,163,8.504347826086956,20,173,10,0.8333333333333321,12.000000000000018,6,4,Small
19.2,19,2,117,Chris Morris,All-Rounders,Dwayne Bravo,All-Rounders,1,False,-0.5,23,Delhi,Arun Jaitley Stadium,Small,False,True,116,19,19.33333333333333,164,8.482758620689655,20,173,9,0.6666666666666679,13.499999999999975,6,4,Small
19.3,19,3,118,Chris Morris,All-Rounders,James Faulkner,All-Rounders,1,False,-0.5,23,Delhi,Arun Jaitley Stadium,Small,False,True,117,19,19.5,165,8.461538461538462,20,173,8,0.5,16.0,6,4,Small
19.4,19,4,119,Chris Morris,All-Rounders,Dwayne Bravo,All-Rounders,1,False,-0.5,23,Delhi,Arun Jaitley Stadium,Small,False,True,118,19,19.666666666666668,166,8.440677966101694,20,173,7,0.3333333333333321,21.000000000000075,6,4,Small
19.5,19,5,120,Chris Morris,All-Rounders,James Faulkner,All-Rounders,4,False,-2.0,23,Delhi,Arun Jaitley Stadium,Small,False,True,119,19,19.83333333333333,170,8.571428571428571,20,173,3,0.1666666666666678,17.999999999999872,6,4,Small
19.6,19,6,121,Chris Morris,All-Rounders,James Faulkner,All-Rounders,2,False,-1.0,23,Delhi,Arun Jaitley Stadium,Small,False,True,120,19,20.0,172,8.6,20,173,1,0.0,inf,6,4,Small
