Ball Number,over,ball,Ball,bowler,bowler_role,batsman,batsman_role,Runs,is_wicket,bowler_score,match_id,city,stadium,Stadium_Type,is_extra,legal_delivery,legal_deliveries_count,overs_completed,overs_bowled,total_runs,current_run_rate,total_overs,target,runs_needed,overs_remaining,required_run_rate,wickets_fallen,wickets_in_hand,Ground_Type
0.1,0,1,1,Albie Morkel,All-Rounders,Steven Smith,Batters,0,False,1.0,25,Pune,Maharashtra Cricket Association Stadium,Medium,False,True,1,0,0.1666666666666666,0,0.0,20,196,196,19.83333333333333,9.882352941176473,0,10,Medium
0.2,0,2,2,Albie Morkel,All-Rounders,Steven Smith,Batters,0,False,1.0,25,Pune,Maharashtra Cricket Association Stadium,Medium,False,True,2,0,0.3333333333333333,0,0.0,20,196,196,19.666666666666668,9.966101694915254,0,10,Medium
0.3,0,3,3,Albie Morkel,All-Rounders,Steven Smith,Batters,2,False,-1.0,25,Pune,Maharashtra Cricket Association Stadium,Medium,False,True,3,0,0.5,2,4.0,20,196,194,19.5,9.948717948717947,0,10,Medium
0.4,0,4,4,Albie Morkel,All-Rounders,Steven Smith,Batters,0,False,1.0,25,Pune,Maharashtra Cricket Association Stadium,Medium,False,True,4,0,0.6666666666666666,2,3.0,20,196,194,19.33333333333333,10.03448275862069,0,10,Medium
0.5,0,5,5,Albie Morkel,All-Rounders,Steven Smith,Batters,0,False,1.0,25,Pune,Maharashtra Cricket Association Stadium,Medium,False,True,5,0,0.8333333333333334,2,2.4,20,196,194,19.166666666666668,10.121739130434785,0,10,Medium
0.6,0,6,6,Albie Morkel,All-Rounders,Steven Smith,Batters,4,False,-2.0,25,Pune,Maharashtra Cricket Association Stadium,Medium,False,True,6,0,1.0,6,6.0,20,196,190,19.0,10.0,0,10,Medium
1.1,1,1,7,Ashok Dinda,Bowlers,Brendon McCullum,Batters,0,False,1.0,25,Pune,Maharashtra Cricket Association Stadium,Medium,False,True,7,1,1.1666666666666667,6,5.142857142857142,20,196,190,18.83333333333333,10.08849557522124,0,10,Medium
1.2,1,2,8,Ashok Dinda,Bowlers,Brendon McCullum,Batters,1,False,-0.5,25,Pune,Maharashtra Cricket Association Stadium,Medium,False,True,8,1,1.3333333333333333,7,5.25,20,196,189,18.666666666666668,10.125,0,10,Medium
1.3,1,3,9,Ashok Dinda,Bowlers,Steven Smith,Batters,1,False,-0.5,25,Pune,Maharashtra Cricket Association Stadium,Medium,False,True,9,1,1.5,8,5.333333333333333,20,196,188,18.5,10.16216216216216,0,10,Medium
1.4,1,4,10,Ashok Dinda,Bowlers,Brendon McCullum,Batters,0,False,1.0,25,Pune,Maharashtra Cricket Association Stadium,Medium,False,True,10,1,1.6666666666666663,8,4.800000000000001,20,196,188,18.33333333333333,10.254545454545456,0,10,Medium
1.5,1,5,11,Ashok Dinda,Bowlers,Brendon McCullum,Batters,1,False,-0.5,25,Pune,Maharashtra Cricket Association Stadium,Medium,False,True,11,1,1.8333333333333333,9,4.909090909090908,20,196,187,18.166666666666668,10.293577981651376,0,10,Medium
1.6,1,6,12,Ashok Dinda,Bowlers,Steven Smith,Batters,0,False,1.0,25,Pune,Maharashtra Cricket Association Stadium,Medium,False,True,12,1,2.0,9,4.5,20,196,187,18.0,10.38888888888889,0,10,Medium
2.1,2,1,13,Albie Morkel,All-Rounders,Brendon McCullum,Batters,2,False,-1.0,25,Pune,Maharashtra Cricket Association Stadium,Medium,False,True,13,2,2.1666666666666665,11,5.0769230769230775,20,196,185,17.833333333333332,10.373831775700936,0,10,Medium
2.2,2,2,14,Albie Morkel,All-Rounders,Brendon McCullum,Batters,4,False,-2.0,25,Pune,Maharashtra Cricket Association Stadium,Medium,False,True,14,2,2.333333333333333,15,6.428571428571428,20,196,181,17.666666666666668,10.245283018867925,0,10,Medium
2.3,2,3,15,Albie Morkel,All-Rounders,Brendon McCullum,Batters,1,False,-1.0,25,Pune,Maharashtra Cricket Association Stadium,Medium,True,False,14,2,2.333333333333333,16,6.857142857142857,20,196,180,17.666666666666668,10.188679245283016,0,10,Medium
2.3,2,3,16,Albie Morkel,All-Rounders,Brendon McCullum,Batters,4,False,-2.0,25,Pune,Maharashtra Cricket Association Stadium,Medium,False,True,15,2,2.5,20,8.0,20,196,176,17.5,10.057142857142855,0,10,Medium
2.4,2,4,17,Albie Morkel,All-Rounders,Brendon McCullum,Batters,6,False,-3.0,25,Pune,Maharashtra Cricket Association Stadium,Medium,False,True,16,2,2.6666666666666665,26,9.75,20,196,170,17.333333333333332,9.807692307692308,0,10,Medium
2.4,2,4,18,Albie Morkel,All-Rounders,Brendon McCullum,Batters,1,False,-1.0,25,Pune,Maharashtra Cricket Association Stadium,Medium,True,False,16,2,2.6666666666666665,27,10.125,20,196,169,17.333333333333332,9.75,0,10,Medium
2.5,2,5,19,Albie Morkel,All-Rounders,Brendon McCullum,Batters,2,False,-1.0,25,Pune,Maharashtra Cricket Association Stadium,Medium,False,True,17,2,2.833333333333333,29,10.235294117647058,20,196,167,17.166666666666668,9.728155339805824,0,10,Medium
2.6,2,6,20,Albie Morkel,All-Rounders,Brendon McCullum,Batters,4,False,-2.0,25,Pune,Maharashtra Cricket Association Stadium,Medium,False,True,18,2,3.0,33,11.0,20,196,163,17.0,9.588235294117649,0,10,Medium
3.1,3,1,21,Ashok Dinda,Bowlers,Steven Smith,Batters,2,False,-1.0,25,Pune,Maharashtra Cricket Association Stadium,Medium,False,True,19,3,3.1666666666666665,35,11.052631578947368,20,196,161,16.833333333333332,9.564356435643566,0,10,Medium
3.2,3,2,22,Ashok Dinda,Bowlers,Steven Smith,Batters,4,False,-2.0,25,Pune,Maharashtra Cricket Association Stadium,Medium,False,True,20,3,3.333333333333333,39,11.7,20,196,157,16.666666666666668,9.42,0,10,Medium
3.3,3,3,23,Ashok Dinda,Bowlers,Steven Smith,Batters,0,False,1.0,25,Pune,Maharashtra Cricket Association Stadium,Medium,False,True,21,3,3.5,39,11.142857142857142,20,196,157,16.5,9.515151515151516,0,10,Medium
3.4,3,4,24,Ashok Dinda,Bowlers,Steven Smith,Batters,1,False,-1.0,25,Pune,Maharashtra Cricket Association Stadium,Medium,True,False,21,3,3.5,40,11.428571428571429,20,196,156,16.5,9.454545454545457,0,10,Medium
3.4,3,4,25,Ashok Dinda,Bowlers,Steven Smith,Batters,2,False,-1.0,25,Pune,Maharashtra Cricket Association Stadium,Medium,False,True,22,3,3.6666666666666665,42,11.454545454545457,20,196,154,16.333333333333332,9.428571428571429,0,10,Medium
3.5,3,5,26,Ashok Dinda,Bowlers,Steven Smith,Batters,2,False,-1.0,25,Pune,Maharashtra Cricket Association Stadium,Medium,False,True,23,3,3.8333333333333335,44,11.478260869565217,20,196,152,16.166666666666668,9.402061855670102,0,10,Medium
3.6,3,6,27,Ashok Dinda,Bowlers,Steven Smith,Batters,4,False,-2.0,25,Pune,Maharashtra Cricket Association Stadium,Medium,False,True,24,3,4.0,48,12.0,20,196,148,16.0,9.25,0,10,Medium
4.1,4,1,28,Thisara Perera,All-Rounders,Brendon McCullum,Batters,4,False,-2.0,25,Pune,Maharashtra Cricket Association Stadium,Medium,False,True,25,4,4.166666666666667,52,12.48,20,196,144,15.833333333333332,9.094736842105265,0,10,Medium
4.2,4,2,29,Thisara Perera,All-Rounders,Brendon McCullum,Batters,4,False,-2.0,25,Pune,Maharashtra Cricket Association Stadium,Medium,False,True,26,4,4.333333333333333,56,12.923076923076923,20,196,140,15.666666666666668,8.936170212765957,0,10,Medium
4.3,4,3,30,Thisara Perera,All-Rounders,Brendon McCullum,Batters,1,False,-0.5,25,Pune,Maharashtra Cricket Association Stadium,Medium,False,True,27,4,4.5,57,12.666666666666666,20,196,139,15.5,8.96774193548387,0,10,Medium
4.4,4,4,31,Thisara Perera,All-Rounders,Steven Smith,Batters,4,False,-2.0,25,Pune,Maharashtra Cricket Association Stadium,Medium,False,True,28,4,4.666666666666667,61,13.071428571428571,20,196,135,15.333333333333332,8.804347826086957,0,10,Medium
4.5,4,5,32,Thisara Perera,All-Rounders,Steven Smith,Batters,1,False,-0.5,25,Pune,Maharashtra Cricket Association Stadium,Medium,False,True,29,4,4.833333333333333,62,12.827586206896552,20,196,134,15.166666666666668,8.835164835164834,0,10,Medium
4.6,4,6,33,Thisara Perera,All-Rounders,Brendon McCullum,Batters,0,False,1.0,25,Pune,Maharashtra Cricket Association Stadium,Medium,False,True,30,4,5.0,62,12.4,20,196,134,15.0,8.933333333333334,0,10,Medium
5.1,5,1,34,Murugan Ashwin,Bowlers,Steven Smith,Batters,4,False,-2.0,25,Pune,Maharashtra Cricket Association Stadium,Medium,False,True,31,5,5.166666666666667,66,12.774193548387096,20,196,130,14.833333333333332,8.764044943820226,0,10,Medium
5.2,5,2,35,Murugan Ashwin,Bowlers,Steven Smith,Batters,4,False,-2.0,25,Pune,Maharashtra Cricket Association Stadium,Medium,False,True,32,5,5.333333333333333,70,13.125,20,196,126,14.666666666666668,8.59090909090909,0,10,Medium
5.3,5,3,36,Murugan Ashwin,Bowlers,Steven Smith,Batters,0,False,1.0,25,Pune,Maharashtra Cricket Association Stadium,Medium,False,True,33,5,5.5,70,12.727272727272728,20,196,126,14.5,8.689655172413794,0,10,Medium
5.4,5,4,37,Murugan Ashwin,Bowlers,Steven Smith,Batters,0,False,1.0,25,Pune,Maharashtra Cricket Association Stadium,Medium,False,True,34,5,5.666666666666667,70,12.352941176470589,20,196,126,14.333333333333332,8.790697674418606,0,10,Medium
5.5,5,5,38,Murugan Ashwin,Bowlers,Steven Smith,Batters,1,False,-1.0,25,Pune,Maharashtra Cricket Association Stadium,Medium,True,False,34,5,5.666666666666667,71,12.529411764705882,20,196,125,14.333333333333332,8.72093023255814,0,10,Medium
5.5,5,5,39,Murugan Ashwin,Bowlers,Steven Smith,Batters,1,False,-0.5,25,Pune,Maharashtra Cricket Association Stadium,Medium,False,True,35,5,5.833333333333333,72,12.342857142857143,20,196,124,14.166666666666668,8.752941176470587,0,10,Medium
5.6,5,6,40,Murugan Ashwin,Bowlers,Brendon McCullum,Batters,0,False,1.0,25,Pune,Maharashtra Cricket Association Stadium,Medium,False,True,36,5,6.0,72,12.0,20,196,124,14.0,8.857142857142858,0,10,Medium
6.1,6,1,41,Rajat Bhatia,All-Rounders,Steven Smith,Batters,6,False,-3.0,25,Pune,Maharashtra Cricket Association Stadium,Medium,False,True,37,6,6.166666666666667,78,12.648648648648647,20,196,118,13.833333333333332,8.530120481927712,0,10,Medium
6.2,6,2,42,Rajat Bhatia,All-Rounders,Steven Smith,Batters,3,False,-1.5,25,Pune,Maharashtra Cricket Association Stadium,Medium,False,True,38,6,6.333333333333333,81,12.789473684210527,20,196,115,13.666666666666668,8.414634146341463,0,10,Medium
6.3,6,3,43,Rajat Bhatia,All-Rounders,Brendon McCullum,Batters,0,False,1.0,25,Pune,Maharashtra Cricket Association Stadium,Medium,False,True,39,6,6.5,81,12.461538461538462,20,196,115,13.5,8.518518518518519,0,10,Medium
6.4,6,4,44,Rajat Bhatia,All-Rounders,Brendon McCullum,Batters,1,False,-0.5,25,Pune,Maharashtra Cricket Association Stadium,Medium,False,True,40,6,6.666666666666667,82,12.3,20,196,114,13.333333333333332,8.55,0,10,Medium
6.5,6,5,45,Rajat Bhatia,All-Rounders,Steven Smith,Batters,1,False,-0.5,25,Pune,Maharashtra Cricket Association Stadium,Medium,False,True,41,6,6.833333333333333,83,12.146341463414634,20,196,113,13.166666666666668,8.582278481012658,0,10,Medium
6.6,6,6,46,Rajat Bhatia,All-Rounders,Brendon McCullum,Batters,1,False,-0.5,25,Pune,Maharashtra Cricket Association Stadium,Medium,False,True,42,6,7.0,84,12.0,20,196,112,13.0,8.615384615384615,0,10,Medium
7.1,7,1,47,Murugan Ashwin,Bowlers,Brendon McCullum,Batters,1,False,-0.5,25,Pune,Maharashtra Cricket Association Stadium,Medium,False,True,43,7,7.166666666666667,85,11.86046511627907,20,196,111,12.833333333333332,8.64935064935065,0,10,Medium
7.2,7,2,48,Murugan Ashwin,Bowlers,Steven Smith,Batters,0,False,1.0,25,Pune,Maharashtra Cricket Association Stadium,Medium,False,True,44,7,7.333333333333333,85,11.590909090909092,20,196,111,12.666666666666668,8.76315789473684,0,10,Medium
7.3,7,3,49,Murugan Ashwin,Bowlers,Steven Smith,Batters,1,False,-0.5,25,Pune,Maharashtra Cricket Association Stadium,Medium,False,True,45,7,7.5,86,11.466666666666669,20,196,110,12.5,8.8,0,10,Medium
7.4,7,4,50,Murugan Ashwin,Bowlers,Brendon McCullum,Batters,6,False,-3.0,25,Pune,Maharashtra Cricket Association Stadium,Medium,False,True,46,7,7.666666666666667,92,12.0,20,196,104,12.333333333333332,8.432432432432433,0,10,Medium
7.5,7,5,51,Murugan Ashwin,Bowlers,Brendon McCullum,Batters,1,False,-0.5,25,Pune,Maharashtra Cricket Association Stadium,Medium,False,True,47,7,7.833333333333333,93,11.872340425531917,20,196,103,12.166666666666668,8.465753424657533,0,10,Medium
7.6,7,6,52,Murugan Ashwin,Bowlers,Steven Smith,Batters,0,False,1.0,25,Pune,Maharashtra Cricket Association Stadium,Medium,False,True,48,7,8.0,93,11.625,20,196,103,12.0,8.583333333333334,0,10,Medium
8.1,8,1,53,Rajat Bhatia,All-Rounders,Brendon McCullum,Batters,0,True,5.0,25,Pune,Maharashtra Cricket Association Stadium,Medium,False,True,49,8,8.166666666666666,93,11.387755102040815,20,196,103,11.833333333333334,8.704225352112676,1,9,Medium
8.2,8,2,54,Rajat Bhatia,All-Rounders,Steven Smith,Batters,4,False,-2.0,25,Pune,Maharashtra Cricket Association Stadium,Medium,False,True,50,8,8.333333333333334,97,11.64,20,196,99,11.666666666666666,8.485714285714286,1,9,Medium
8.3,8,3,55,Rajat Bhatia,All-Rounders,Steven Smith,Batters,1,False,-0.5,25,Pune,Maharashtra Cricket Association Stadium,Medium,False,True,51,8,8.5,98,11.529411764705882,20,196,98,11.5,8.521739130434783,1,9,Medium
8.4,8,4,56,Rajat Bhatia,All-Rounders,Suresh Raina,Batters,0,False,1.0,25,Pune,Maharashtra Cricket Association Stadium,Medium,False,True,52,8,8.666666666666666,98,11.307692307692308,20,196,98,11.333333333333334,8.647058823529411,1,9,Medium
8.5,8,5,57,Rajat Bhatia,All-Rounders,Suresh Raina,Batters,1,False,-0.5,25,Pune,Maharashtra Cricket Association Stadium,Medium,False,True,53,8,8.833333333333334,99,11.20754716981132,20,196,97,11.166666666666666,8.686567164179104,1,9,Medium
8.6,8,6,58,Rajat Bhatia,All-Rounders,Steven Smith,Batters,1,False,-0.5,25,Pune,Maharashtra Cricket Association Stadium,Medium,False,True,54,8,9.0,100,11.11111111111111,20,196,96,11.0,8.727272727272727,1,9,Medium
9.1,9,1,59,Murugan Ashwin,Bowlers,Steven Smith,Batters,1,False,-0.5,25,Pune,Maharashtra Cricket Association Stadium,Medium,False,True,55,9,9.166666666666666,101,11.01818181818182,20,196,95,10.833333333333334,8.769230769230768,1,9,Medium
9.2,9,2,60,Murugan Ashwin,Bowlers,Suresh Raina,Batters,1,False,-0.5,25,Pune,Maharashtra Cricket Association Stadium,Medium,False,True,56,9,9.333333333333334,102,10.928571428571429,20,196,94,10.666666666666666,8.8125,1,9,Medium
9.3,9,3,61,Murugan Ashwin,Bowlers,Steven Smith,Batters,4,False,-2.0,25,Pune,Maharashtra Cricket Association Stadium,Medium,False,True,57,9,9.5,106,11.157894736842104,20,196,90,10.5,8.571428571428571,1,9,Medium
9.4,9,4,62,Murugan Ashwin,Bowlers,Steven Smith,Batters,4,False,-2.0,25,Pune,Maharashtra Cricket Association Stadium,Medium,False,True,58,9,9.666666666666666,110,11.379310344827587,20,196,86,10.333333333333334,8.32258064516129,1,9,Medium
9.5,9,5,63,Murugan Ashwin,Bowlers,Steven Smith,Batters,1,False,-0.5,25,Pune,Maharashtra Cricket Association Stadium,Medium,False,True,59,9,9.833333333333334,111,11.28813559322034,20,196,85,10.166666666666666,8.360655737704919,1,9,Medium
9.6,9,6,64,Murugan Ashwin,Bowlers,Suresh Raina,Batters,1,False,-0.5,25,Pune,Maharashtra Cricket Association Stadium,Medium,False,True,60,9,10.0,112,11.2,20,196,84,10.0,8.4,1,9,Medium
10.1,10,1,65,Thisara Perera,All-Rounders,Suresh Raina,Batters,1,False,-0.5,25,Pune,Maharashtra Cricket Association Stadium,Medium,False,True,61,10,10.166666666666666,113,11.114754098360656,20,196,83,9.833333333333334,8.440677966101694,1,9,Medium
10.2,10,2,66,Thisara Perera,All-Rounders,Steven Smith,Batters,0,False,1.0,25,Pune,Maharashtra Cricket Association Stadium,Medium,False,True,62,10,10.333333333333334,113,10.935483870967742,20,196,83,9.666666666666666,8.586206896551724,1,9,Medium
10.3,10,3,67,Thisara Perera,All-Rounders,Steven Smith,Batters,1,False,-0.5,25,Pune,Maharashtra Cricket Association Stadium,Medium,False,True,63,10,10.5,114,10.857142857142858,20,196,82,9.5,8.631578947368421,1,9,Medium
10.4,10,4,68,Thisara Perera,All-Rounders,Suresh Raina,Batters,1,False,-0.5,25,Pune,Maharashtra Cricket Association Stadium,Medium,False,True,64,10,10.666666666666666,115,10.78125,20,196,81,9.333333333333334,8.678571428571429,1,9,Medium
10.5,10,5,69,Thisara Perera,All-Rounders,Steven Smith,Batters,0,True,5.0,25,Pune,Maharashtra Cricket Association Stadium,Medium,False,True,65,10,10.833333333333334,115,10.615384615384617,20,196,81,9.166666666666666,8.836363636363638,2,8,Medium
10.6,10,6,70,Thisara Perera,All-Rounders,Dinesh Karthik,Batters,1,False,-0.5,25,Pune,Maharashtra Cricket Association Stadium,Medium,False,True,66,10,11.0,116,10.545454545454543,20,196,80,9.0,8.88888888888889,2,8,Medium
11.1,11,1,71,Murugan Ashwin,Bowlers,Dinesh Karthik,Batters,1,False,-0.5,25,Pune,Maharashtra Cricket Association Stadium,Medium,False,True,67,11,11.166666666666666,117,10.477611940298509,20,196,79,8.833333333333334,8.943396226415095,2,8,Medium
11.2,11,2,72,Murugan Ashwin,Bowlers,Suresh Raina,Batters,0,False,1.0,25,Pune,Maharashtra Cricket Association Stadium,Medium,False,True,68,11,11.333333333333334,117,10.323529411764705,20,196,79,8.666666666666666,9.115384615384617,2,8,Medium
11.3,11,3,73,Murugan Ashwin,Bowlers,Suresh Raina,Batters,1,False,-0.5,25,Pune,Maharashtra Cricket Association Stadium,Medium,False,True,69,11,11.5,118,10.26086956521739,20,196,78,8.5,9.176470588235292,2,8,Medium
11.4,11,4,74,Murugan Ashwin,Bowlers,Dinesh Karthik,Batters,1,False,-0.5,25,Pune,Maharashtra Cricket Association Stadium,Medium,False,True,70,11,11.666666666666666,119,10.2,20,196,77,8.333333333333334,9.24,2,8,Medium
11.5,11,5,75,Murugan Ashwin,Bowlers,Suresh Raina,Batters,1,False,-0.5,25,Pune,Maharashtra Cricket Association Stadium,Medium,False,True,71,11,11.833333333333334,120,10.140845070422534,20,196,76,8.166666666666666,9.306122448979592,2,8,Medium
11.6,11,6,76,Murugan Ashwin,Bowlers,Dinesh Karthik,Batters,1,False,-0.5,25,Pune,Maharashtra Cricket Association Stadium,Medium,False,True,72,11,12.0,121,10.083333333333334,20,196,75,8.0,9.375,2,8,Medium
12.1,12,1,77,Rajat Bhatia,All-Rounders,Dinesh Karthik,Batters,1,False,-0.5,25,Pune,Maharashtra Cricket Association Stadium,Medium,False,True,73,12,12.166666666666666,122,10.027397260273974,20,196,74,7.833333333333334,9.446808510638297,2,8,Medium
12.2,12,2,78,Rajat Bhatia,All-Rounders,Suresh Raina,Batters,1,False,-0.5,25,Pune,Maharashtra Cricket Association Stadium,Medium,False,True,74,12,12.333333333333334,123,9.972972972972972,20,196,73,7.666666666666666,9.521739130434783,2,8,Medium
12.3,12,3,79,Rajat Bhatia,All-Rounders,Dinesh Karthik,Batters,1,False,-0.5,25,Pune,Maharashtra Cricket Association Stadium,Medium,False,True,75,12,12.5,124,9.92,20,196,72,7.5,9.6,2,8,Medium
12.4,12,4,80,Rajat Bhatia,All-Rounders,Suresh Raina,Batters,1,False,-0.5,25,Pune,Maharashtra Cricket Association Stadium,Medium,False,True,76,12,12.666666666666666,125,9.86842105263158,20,196,71,7.333333333333334,9.681818181818182,2,8,Medium
12.5,12,5,81,Rajat Bhatia,All-Rounders,Dinesh Karthik,Batters,2,False,-1.0,25,Pune,Maharashtra Cricket Association Stadium,Medium,False,True,77,12,12.833333333333334,127,9.896103896103895,20,196,69,7.166666666666666,9.627906976744187,2,8,Medium
12.6,12,6,82,Rajat Bhatia,All-Rounders,Dinesh Karthik,Batters,1,False,-0.5,25,Pune,Maharashtra Cricket Association Stadium,Medium,False,True,78,12,13.0,128,9.846153846153848,20,196,68,7.0,9.714285714285714,2,8,Medium
13.1,13,1,83,Murugan Ashwin,Bowlers,Dinesh Karthik,Batters,1,False,-0.5,25,Pune,Maharashtra Cricket Association Stadium,Medium,False,True,79,13,13.166666666666666,129,9.79746835443038,20,196,67,6.833333333333334,9.804878048780488,2,8,Medium
13.2,13,2,84,Murugan Ashwin,Bowlers,Suresh Raina,Batters,1,False,-0.5,25,Pune,Maharashtra Cricket Association Stadium,Medium,False,True,80,13,13.333333333333334,130,9.75,20,196,66,6.666666666666666,9.9,2,8,Medium
13.3,13,3,85,Murugan Ashwin,Bowlers,Dinesh Karthik,Batters,1,False,-0.5,25,Pune,Maharashtra Cricket Association Stadium,Medium,False,True,81,13,13.5,131,9.703703703703704,20,196,65,6.5,10.0,2,8,Medium
13.4,13,4,86,Murugan Ashwin,Bowlers,Suresh Raina,Batters,1,False,-0.5,25,Pune,Maharashtra Cricket Association Stadium,Medium,False,True,82,13,13.666666666666666,132,9.658536585365852,20,196,64,6.333333333333334,10.105263157894736,2,8,Medium
13.5,13,5,87,Murugan Ashwin,Bowlers,Dinesh Karthik,Batters,2,False,-1.0,25,Pune,Maharashtra Cricket Association Stadium,Medium,False,True,83,13,13.833333333333334,134,9.686746987951809,20,196,62,6.166666666666666,10.054054054054054,2,8,Medium
13.6,13,6,88,Murugan Ashwin,Bowlers,Dinesh Karthik,Batters,4,False,-2.0,25,Pune,Maharashtra Cricket Association Stadium,Medium,False,True,84,13,14.0,138,9.857142857142858,20,196,58,6.0,9.666666666666666,2,8,Medium
14.1,14,1,89,Murugan Ashwin,Bowlers,Suresh Raina,Batters,1,False,-0.5,25,Pune,Maharashtra Cricket Association Stadium,Medium,False,True,85,14,14.166666666666666,139,9.811764705882354,20,196,57,5.833333333333334,9.77142857142857,2,8,Medium
14.2,14,2,90,Murugan Ashwin,Bowlers,Dinesh Karthik,Batters,0,False,1.0,25,Pune,Maharashtra Cricket Association Stadium,Medium,False,True,86,14,14.333333333333334,139,9.69767441860465,20,196,57,5.666666666666666,10.058823529411766,2,8,Medium
14.3,14,3,91,Murugan Ashwin,Bowlers,Dinesh Karthik,Batters,1,False,-0.5,25,Pune,Maharashtra Cricket Association Stadium,Medium,False,True,87,14,14.5,140,9.655172413793103,20,196,56,5.5,10.181818181818182,2,8,Medium
14.4,14,4,92,Murugan Ashwin,Bowlers,Suresh Raina,Batters,1,False,-0.5,25,Pune,Maharashtra Cricket Association Stadium,Medium,False,True,88,14,14.666666666666666,141,9.613636363636363,20,196,55,5.333333333333334,10.312499999999998,2,8,Medium
14.5,14,5,93,Murugan Ashwin,Bowlers,Dinesh Karthik,Batters,2,False,-1.0,25,Pune,Maharashtra Cricket Association Stadium,Medium,False,True,89,14,14.833333333333334,143,9.640449438202246,20,196,53,5.166666666666666,10.258064516129034,2,8,Medium
14.6,14,6,94,Murugan Ashwin,Bowlers,Dinesh Karthik,Batters,4,False,-2.0,25,Pune,Maharashtra Cricket Association Stadium,Medium,False,True,90,14,15.0,147,9.8,20,196,49,5.0,9.8,2,8,Medium
15.1,15,1,95,Thisara Perera,All-Rounders,Suresh Raina,Batters,2,False,-1.0,25,Pune,Maharashtra Cricket Association Stadium,Medium,False,True,91,15,15.166666666666666,149,9.824175824175825,20,196,47,4.833333333333334,9.724137931034482,2,8,Medium
15.2,15,2,96,Thisara Perera,All-Rounders,Suresh Raina,Batters,1,False,-0.5,25,Pune,Maharashtra Cricket Association Stadium,Medium,False,True,92,15,15.333333333333334,150,9.782608695652174,20,196,46,4.666666666666666,9.857142857142858,2,8,Medium
15.3,15,3,97,Thisara Perera,All-Rounders,Dinesh Karthik,Batters,4,False,-2.0,25,Pune,Maharashtra Cricket Association Stadium,Medium,False,True,93,15,15.5,154,9.935483870967742,20,196,42,4.5,9.333333333333334,2,8,Medium
15.4,15,4,98,Thisara Perera,All-Rounders,Dinesh Karthik,Batters,1,False,-0.5,25,Pune,Maharashtra Cricket Association Stadium,Medium,False,True,94,15,15.666666666666666,155,9.893617021276595,20,196,41,4.333333333333334,9.46153846153846,2,8,Medium
15.5,15,5,99,Thisara Perera,All-Rounders,Suresh Raina,Batters,4,False,-2.0,25,Pune,Maharashtra Cricket Association Stadium,Medium,False,True,95,15,15.833333333333334,159,10.042105263157897,20,196,37,4.166666666666666,8.88,2,8,Medium
15.6,15,6,100,Thisara Perera,All-Rounders,Suresh Raina,Batters,2,False,-1.0,25,Pune,Maharashtra Cricket Association Stadium,Medium,False,True,96,15,16.0,161,10.0625,20,196,35,4.0,8.75,2,8,Medium
16.1,16,1,101,Ashok Dinda,Bowlers,Dinesh Karthik,Batters,1,False,-1.0,25,Pune,Maharashtra Cricket Association Stadium,Medium,True,False,96,15,16.0,162,10.125,20,196,34,4.0,8.5,2,8,Medium
16.1,16,1,102,Ashok Dinda,Bowlers,Dinesh Karthik,Batters,4,False,-2.0,25,Pune,Maharashtra Cricket Association Stadium,Medium,False,True,97,16,16.166666666666668,166,10.2680412371134,20,196,30,3.833333333333332,7.826086956521742,2,8,Medium
16.2,16,2,103,Ashok Dinda,Bowlers,Dinesh Karthik,Batters,0,True,5.0,25,Pune,Maharashtra Cricket Association Stadium,Medium,False,True,98,16,16.333333333333332,166,10.16326530612245,20,196,30,3.666666666666668,8.18181818181818,3,7,Medium
16.3,16,3,104,Ashok Dinda,Bowlers,Suresh Raina,Batters,2,False,-1.0,25,Pune,Maharashtra Cricket Association Stadium,Medium,False,True,99,16,16.5,168,10.181818181818182,20,196,28,3.5,8.0,3,7,Medium
16.4,16,4,105,Ashok Dinda,Bowlers,Suresh Raina,Batters,1,False,-0.5,25,Pune,Maharashtra Cricket Association Stadium,Medium,False,True,100,16,16.666666666666668,169,10.14,20,196,27,3.333333333333332,8.100000000000003,3,7,Medium
16.5,16,5,106,Ashok Dinda,Bowlers,Dwayne Bravo,All-Rounders,1,False,-1.0,25,Pune,Maharashtra Cricket Association Stadium,Medium,True,False,100,16,16.666666666666668,170,10.2,20,196,26,3.333333333333332,7.800000000000002,3,7,Medium
16.5,16,5,107,Ashok Dinda,Bowlers,Dwayne Bravo,All-Rounders,2,False,-1.0,25,Pune,Maharashtra Cricket Association Stadium,Medium,False,True,101,16,16.833333333333332,172,10.217821782178218,20,196,24,3.166666666666668,7.5789473684210495,3,7,Medium
16.6,16,6,108,Ashok Dinda,Bowlers,Dwayne Bravo,All-Rounders,0,False,1.0,25,Pune,Maharashtra Cricket Association Stadium,Medium,False,True,102,16,17.0,172,10.117647058823527,20,196,24,3.0,8.0,3,7,Medium
17.1,17,1,109,Murugan Ashwin,Bowlers,Suresh Raina,Batters,0,False,1.0,25,Pune,Maharashtra Cricket Association Stadium,Medium,False,True,103,17,17.166666666666668,172,10.019417475728154,20,196,24,2.833333333333332,8.470588235294121,3,7,Medium
17.2,17,2,110,Murugan Ashwin,Bowlers,Suresh Raina,Batters,0,False,1.0,25,Pune,Maharashtra Cricket Association Stadium,Medium,False,True,104,17,17.333333333333332,172,9.923076923076923,20,196,24,2.666666666666668,8.999999999999996,3,7,Medium
17.3,17,3,111,Murugan Ashwin,Bowlers,Suresh Raina,Batters,2,False,-1.0,25,Pune,Maharashtra Cricket Association Stadium,Medium,False,True,105,17,17.5,174,9.942857142857145,20,196,22,2.5,8.8,3,7,Medium
17.4,17,4,112,Murugan Ashwin,Bowlers,Suresh Raina,Batters,1,False,-0.5,25,Pune,Maharashtra Cricket Association Stadium,Medium,False,True,106,17,17.666666666666668,175,9.90566037735849,20,196,21,2.333333333333332,9.000000000000005,3,7,Medium
17.5,17,5,113,Murugan Ashwin,Bowlers,Dwayne Bravo,All-Rounders,0,False,1.0,25,Pune,Maharashtra Cricket Association Stadium,Medium,False,True,107,17,17.833333333333332,175,9.813084112149534,20,196,21,2.166666666666668,9.692307692307686,3,7,Medium
17.6,17,6,114,Murugan Ashwin,Bowlers,Dwayne Bravo,All-Rounders,1,False,-0.5,25,Pune,Maharashtra Cricket Association Stadium,Medium,False,True,108,17,18.0,176,9.77777777777778,20,196,20,2.0,10.0,3,7,Medium
18.1,18,1,115,Ashok Dinda,Bowlers,Dwayne Bravo,All-Rounders,4,False,-2.0,25,Pune,Maharashtra Cricket Association Stadium,Medium,False,True,109,18,18.166666666666668,180,9.908256880733944,20,196,16,1.833333333333332,8.727272727272734,3,7,Medium
18.2,18,2,116,Ashok Dinda,Bowlers,Dwayne Bravo,All-Rounders,0,True,5.0,25,Pune,Maharashtra Cricket Association Stadium,Medium,False,True,110,18,18.33333333333333,180,9.818181818181818,20,196,16,1.666666666666668,9.599999999999993,4,6,Medium
18.3,18,3,117,Ashok Dinda,Bowlers,Ravindra Jadeja,All-Rounders,0,True,5.0,25,Pune,Maharashtra Cricket Association Stadium,Medium,False,True,111,18,18.5,180,9.72972972972973,20,196,16,1.5,10.666666666666666,5,5,Medium
18.4,18,4,118,Ashok Dinda,Bowlers,James Faulkner,All-Rounders,1,False,-0.5,25,Pune,Maharashtra Cricket Association Stadium,Medium,False,True,112,18,18.666666666666668,181,9.696428571428571,20,196,15,1.333333333333332,11.25000000000001,5,5,Medium
18.5,18,5,119,Ashok Dinda,Bowlers,Suresh Raina,Batters,4,False,-2.0,25,Pune,Maharashtra Cricket Association Stadium,Medium,False,True,113,18,18.83333333333333,185,9.823008849557525,20,196,11,1.166666666666668,9.428571428571418,5,5,Medium
18.6,18,6,120,Ashok Dinda,Bowlers,Suresh Raina,Batters,2,False,-1.0,25,Pune,Maharashtra Cricket Association Stadium,Medium,False,True,114,18,19.0,187,9.842105263157896,20,196,9,1.0,9.0,5,5,Medium
19.1,19,1,121,Thisara Perera,All-Rounders,James Faulkner,All-Rounders,4,False,-2.0,25,Pune,Maharashtra Cricket Association Stadium,Medium,False,True,115,19,19.166666666666668,191,9.965217391304348,20,196,5,0.8333333333333321,6.000000000000009,5,5,Medium
19.2,19,2,122,Thisara Perera,All-Rounders,James Faulkner,All-Rounders,1,False,-1.0,25,Pune,Maharashtra Cricket Association Stadium,Medium,True,False,115,19,19.166666666666668,192,10.017391304347823,20,196,4,0.8333333333333321,4.800000000000007,5,5,Medium
19.2,19,2,123,Thisara Perera,All-Rounders,James Faulkner,All-Rounders,1,False,-0.5,25,Pune,Maharashtra Cricket Association Stadium,Medium,False,True,116,19,19.33333333333333,193,9.982758620689657,20,196,3,0.6666666666666679,4.499999999999992,5,5,Medium
19.3,19,3,124,Thisara Perera,All-Rounders,Suresh Raina,Batters,0,True,5.0,25,Pune,Maharashtra Cricket Association Stadium,Medium,False,True,117,19,19.5,193,9.897435897435898,20,196,3,0.5,6.0,6,4,Medium
19.4,19,4,125,Thisara Perera,All-Rounders,Ishan Kishan,Batters,0,True,5.0,25,Pune,Maharashtra Cricket Association Stadium,Medium,False,True,118,19,19.666666666666668,193,9.813559322033898,20,196,3,0.3333333333333321,9.000000000000032,7,3,Medium
19.5,19,5,126,Thisara Perera,All-Rounders,James Faulkner,All-Rounders,2,False,-1.0,25,Pune,Maharashtra Cricket Association Stadium,Medium,False,True,119,19,19.83333333333333,195,9.831932773109244,20,196,1,0.1666666666666678,5.999999999999957,7,3,Medium
19.6,19,6,127,Thisara Perera,All-Rounders,James Faulkner,All-Rounders,1,False,-0.5,25,Pune,Maharashtra Cricket Association Stadium,Medium,False,True,120,19,20.0,196,9.8,20,196,0,0.0,inf,7,3,Medium
