Ball Number,over,ball,Ball,bowler,bowler_role,batsman,batsman_role,Runs,is_wicket,bowler_score,match_id,city,stadium,Stadium_Type,is_extra,legal_delivery,legal_deliveries_count,overs_completed,overs_bowled,total_runs,current_run_rate,total_overs,target,runs_needed,overs_remaining,required_run_rate,wickets_fallen,wickets_in_hand,Ground_Type
0.1,0,1,1,Thisara Perera,All-Rounders,Rohit Sharma,Batters,0,False,1.0,29,Pune,Maharashtra Cricket Association Stadium,Medium,False,True,1,0,0.1666666666666666,0,0.0,20,160,160,19.83333333333333,8.067226890756302,0,10,Medium
0.2,0,2,2,Thisara Perera,All-Rounders,Rohit Sharma,Batters,0,False,1.0,29,Pune,Maharashtra Cricket Association Stadium,Medium,False,True,2,0,0.3333333333333333,0,0.0,20,160,160,19.666666666666668,8.135593220338983,0,10,Medium
0.3,0,3,3,Thisara Perera,All-Rounders,Rohit Sharma,Batters,1,False,-0.5,29,Pune,Maharashtra Cricket Association Stadium,Medium,False,True,3,0,0.5,1,2.0,20,160,159,19.5,8.153846153846153,0,10,Medium
0.4,0,4,4,Thisara Perera,All-Rounders,Parthiv Patel,Batters,0,False,1.0,29,Pune,Maharashtra Cricket Association Stadium,Medium,False,True,4,0,0.6666666666666666,1,1.5,20,160,159,19.33333333333333,8.224137931034484,0,10,Medium
0.5,0,5,5,Thisara Perera,All-Rounders,Parthiv Patel,Batters,2,False,-1.0,29,Pune,Maharashtra Cricket Association Stadium,Medium,False,True,5,0,0.8333333333333334,3,3.6,20,160,157,19.166666666666668,8.191304347826087,0,10,Medium
0.6,0,6,6,Thisara Perera,All-Rounders,Parthiv Patel,Batters,1,False,-0.5,29,Pune,Maharashtra Cricket Association Stadium,Medium,False,True,6,0,1.0,4,4.0,20,160,156,19.0,8.210526315789474,0,10,Medium
1.1,1,1,7,Ashok Dinda,Bowlers,Parthiv Patel,Batters,4,False,-2.0,29,Pune,Maharashtra Cricket Association Stadium,Medium,False,True,7,1,1.1666666666666667,8,6.857142857142857,20,160,152,18.83333333333333,8.070796460176991,0,10,Medium
1.2,1,2,8,Ashok Dinda,Bowlers,Parthiv Patel,Batters,0,False,1.0,29,Pune,Maharashtra Cricket Association Stadium,Medium,False,True,8,1,1.3333333333333333,8,6.0,20,160,152,18.666666666666668,8.142857142857142,0,10,Medium
1.3,1,3,9,Ashok Dinda,Bowlers,Parthiv Patel,Batters,0,False,1.0,29,Pune,Maharashtra Cricket Association Stadium,Medium,False,True,9,1,1.5,8,5.333333333333333,20,160,152,18.5,8.216216216216216,0,10,Medium
1.4,1,4,10,Ashok Dinda,Bowlers,Parthiv Patel,Batters,0,False,1.0,29,Pune,Maharashtra Cricket Association Stadium,Medium,False,True,10,1,1.6666666666666663,8,4.800000000000001,20,160,152,18.33333333333333,8.290909090909091,0,10,Medium
1.5,1,5,11,Ashok Dinda,Bowlers,Parthiv Patel,Batters,0,False,1.0,29,Pune,Maharashtra Cricket Association Stadium,Medium,False,True,11,1,1.8333333333333333,8,4.363636363636363,20,160,152,18.166666666666668,8.36697247706422,0,10,Medium
1.6,1,6,12,Ashok Dinda,Bowlers,Parthiv Patel,Batters,0,False,1.0,29,Pune,Maharashtra Cricket Association Stadium,Medium,False,True,12,1,2.0,8,4.0,20,160,152,18.0,8.444444444444445,0,10,Medium
2.1,2,1,13,Thisara Perera,All-Rounders,Rohit Sharma,Batters,0,False,1.0,29,Pune,Maharashtra Cricket Association Stadium,Medium,False,True,13,2,2.1666666666666665,8,3.692307692307693,20,160,152,17.833333333333332,8.52336448598131,0,10,Medium
2.2,2,2,14,Thisara Perera,All-Rounders,Rohit Sharma,Batters,6,False,-3.0,29,Pune,Maharashtra Cricket Association Stadium,Medium,False,True,14,2,2.333333333333333,14,6.0,20,160,146,17.666666666666668,8.264150943396226,0,10,Medium
2.3,2,3,15,Thisara Perera,All-Rounders,Rohit Sharma,Batters,4,False,-2.0,29,Pune,Maharashtra Cricket Association Stadium,Medium,False,True,15,2,2.5,18,7.2,20,160,142,17.5,8.114285714285714,0,10,Medium
2.4,2,4,16,Thisara Perera,All-Rounders,Rohit Sharma,Batters,0,False,1.0,29,Pune,Maharashtra Cricket Association Stadium,Medium,False,True,16,2,2.6666666666666665,18,6.75,20,160,142,17.333333333333332,8.192307692307693,0,10,Medium
2.5,2,5,17,Thisara Perera,All-Rounders,Rohit Sharma,Batters,4,False,-2.0,29,Pune,Maharashtra Cricket Association Stadium,Medium,False,True,17,2,2.833333333333333,22,7.764705882352941,20,160,138,17.166666666666668,8.03883495145631,0,10,Medium
2.6,2,6,18,Thisara Perera,All-Rounders,Rohit Sharma,Batters,2,False,-1.0,29,Pune,Maharashtra Cricket Association Stadium,Medium,False,True,18,2,3.0,24,8.0,20,160,136,17.0,8.0,0,10,Medium
3.1,3,1,19,Ashok Dinda,Bowlers,Parthiv Patel,Batters,2,False,-1.0,29,Pune,Maharashtra Cricket Association Stadium,Medium,False,True,19,3,3.1666666666666665,26,8.210526315789474,20,160,134,16.833333333333332,7.960396039603961,0,10,Medium
3.2,3,2,20,Ashok Dinda,Bowlers,Parthiv Patel,Batters,0,False,1.0,29,Pune,Maharashtra Cricket Association Stadium,Medium,False,True,20,3,3.333333333333333,26,7.8,20,160,134,16.666666666666668,8.04,0,10,Medium
3.3,3,3,21,Ashok Dinda,Bowlers,Parthiv Patel,Batters,1,False,-1.0,29,Pune,Maharashtra Cricket Association Stadium,Medium,True,False,20,3,3.333333333333333,27,8.1,20,160,133,16.666666666666668,7.979999999999999,0,10,Medium
3.3,3,3,22,Ashok Dinda,Bowlers,Parthiv Patel,Batters,4,False,-2.0,29,Pune,Maharashtra Cricket Association Stadium,Medium,False,True,21,3,3.5,31,8.857142857142858,20,160,129,16.5,7.818181818181818,0,10,Medium
3.4,3,4,23,Ashok Dinda,Bowlers,Parthiv Patel,Batters,4,False,-2.0,29,Pune,Maharashtra Cricket Association Stadium,Medium,False,True,22,3,3.6666666666666665,35,9.545454545454543,20,160,125,16.333333333333332,7.653061224489797,0,10,Medium
3.5,3,5,24,Ashok Dinda,Bowlers,Parthiv Patel,Batters,4,False,-2.0,29,Pune,Maharashtra Cricket Association Stadium,Medium,False,True,23,3,3.8333333333333335,39,10.17391304347826,20,160,121,16.166666666666668,7.484536082474226,0,10,Medium
3.6,3,6,25,Ashok Dinda,Bowlers,Parthiv Patel,Batters,0,True,5.0,29,Pune,Maharashtra Cricket Association Stadium,Medium,False,True,24,3,4.0,39,9.75,20,160,121,16.0,7.5625,1,9,Medium
4.1,4,1,26,Scott Boland,Bowlers,Rohit Sharma,Batters,0,False,1.0,29,Pune,Maharashtra Cricket Association Stadium,Medium,False,True,25,4,4.166666666666667,39,9.36,20,160,121,15.833333333333332,7.642105263157895,1,9,Medium
4.2,4,2,27,Scott Boland,Bowlers,Rohit Sharma,Batters,0,False,1.0,29,Pune,Maharashtra Cricket Association Stadium,Medium,False,True,26,4,4.333333333333333,39,9.0,20,160,121,15.666666666666668,7.723404255319148,1,9,Medium
4.3,4,3,28,Scott Boland,Bowlers,Rohit Sharma,Batters,0,False,1.0,29,Pune,Maharashtra Cricket Association Stadium,Medium,False,True,27,4,4.5,39,8.666666666666666,20,160,121,15.5,7.806451612903226,1,9,Medium
4.4,4,4,29,Scott Boland,Bowlers,Rohit Sharma,Batters,0,False,1.0,29,Pune,Maharashtra Cricket Association Stadium,Medium,False,True,28,4,4.666666666666667,39,8.357142857142856,20,160,121,15.333333333333332,7.891304347826088,1,9,Medium
4.5,4,5,30,Scott Boland,Bowlers,Rohit Sharma,Batters,0,False,1.0,29,Pune,Maharashtra Cricket Association Stadium,Medium,False,True,29,4,4.833333333333333,39,8.068965517241379,20,160,121,15.166666666666668,7.978021978021977,1,9,Medium
4.6,4,6,31,Scott Boland,Bowlers,Rohit Sharma,Batters,4,False,-2.0,29,Pune,Maharashtra Cricket Association Stadium,Medium,False,True,30,4,5.0,43,8.6,20,160,117,15.0,7.8,1,9,Medium
5.1,5,1,32,Thisara Perera,All-Rounders,Ambati Rayudu,Batters,0,False,1.0,29,Pune,Maharashtra Cricket Association Stadium,Medium,False,True,31,5,5.166666666666667,43,8.32258064516129,20,160,117,14.833333333333332,7.887640449438203,1,9,Medium
5.2,5,2,33,Thisara Perera,All-Rounders,Ambati Rayudu,Batters,1,False,-0.5,29,Pune,Maharashtra Cricket Association Stadium,Medium,False,True,32,5,5.333333333333333,44,8.25,20,160,116,14.666666666666668,7.909090909090908,1,9,Medium
5.3,5,3,34,Thisara Perera,All-Rounders,Rohit Sharma,Batters,1,False,-0.5,29,Pune,Maharashtra Cricket Association Stadium,Medium,False,True,33,5,5.5,45,8.181818181818182,20,160,115,14.5,7.931034482758621,1,9,Medium
5.4,5,4,35,Thisara Perera,All-Rounders,Ambati Rayudu,Batters,0,False,1.0,29,Pune,Maharashtra Cricket Association Stadium,Medium,False,True,34,5,5.666666666666667,45,7.941176470588235,20,160,115,14.333333333333332,8.023255813953488,1,9,Medium
5.5,5,5,36,Thisara Perera,All-Rounders,Ambati Rayudu,Batters,1,False,-0.5,29,Pune,Maharashtra Cricket Association Stadium,Medium,False,True,35,5,5.833333333333333,46,7.885714285714286,20,160,114,14.166666666666668,8.047058823529412,1,9,Medium
5.6,5,6,37,Thisara Perera,All-Rounders,Rohit Sharma,Batters,1,False,-0.5,29,Pune,Maharashtra Cricket Association Stadium,Medium,False,True,36,5,6.0,47,7.833333333333333,20,160,113,14.0,8.071428571428571,1,9,Medium
6.1,6,1,38,Rajat Bhatia,All-Rounders,Rohit Sharma,Batters,1,False,-0.5,29,Pune,Maharashtra Cricket Association Stadium,Medium,False,True,37,6,6.166666666666667,48,7.783783783783783,20,160,112,13.833333333333332,8.096385542168676,1,9,Medium
6.2,6,2,39,Rajat Bhatia,All-Rounders,Ambati Rayudu,Batters,1,False,-0.5,29,Pune,Maharashtra Cricket Association Stadium,Medium,False,True,38,6,6.333333333333333,49,7.736842105263158,20,160,111,13.666666666666668,8.121951219512194,1,9,Medium
6.3,6,3,40,Rajat Bhatia,All-Rounders,Rohit Sharma,Batters,0,False,1.0,29,Pune,Maharashtra Cricket Association Stadium,Medium,False,True,39,6,6.5,49,7.538461538461538,20,160,111,13.5,8.222222222222221,1,9,Medium
6.4,6,4,41,Rajat Bhatia,All-Rounders,Rohit Sharma,Batters,1,False,-0.5,29,Pune,Maharashtra Cricket Association Stadium,Medium,False,True,40,6,6.666666666666667,50,7.5,20,160,110,13.333333333333332,8.25,1,9,Medium
6.5,6,5,42,Rajat Bhatia,All-Rounders,Ambati Rayudu,Batters,0,False,1.0,29,Pune,Maharashtra Cricket Association Stadium,Medium,False,True,41,6,6.833333333333333,50,7.317073170731708,20,160,110,13.166666666666668,8.354430379746836,1,9,Medium
6.6,6,6,43,Rajat Bhatia,All-Rounders,Ambati Rayudu,Batters,1,False,-0.5,29,Pune,Maharashtra Cricket Association Stadium,Medium,False,True,42,6,7.0,51,7.285714285714286,20,160,109,13.0,8.384615384615385,1,9,Medium
7.1,7,1,44,Murugan Ashwin,Bowlers,Ambati Rayudu,Batters,1,False,-0.5,29,Pune,Maharashtra Cricket Association Stadium,Medium,False,True,43,7,7.166666666666667,52,7.255813953488372,20,160,108,12.833333333333332,8.415584415584416,1,9,Medium
7.2,7,2,45,Murugan Ashwin,Bowlers,Rohit Sharma,Batters,1,False,-0.5,29,Pune,Maharashtra Cricket Association Stadium,Medium,False,True,44,7,7.333333333333333,53,7.227272727272727,20,160,107,12.666666666666668,8.44736842105263,1,9,Medium
7.3,7,3,46,Murugan Ashwin,Bowlers,Ambati Rayudu,Batters,0,False,1.0,29,Pune,Maharashtra Cricket Association Stadium,Medium,False,True,45,7,7.5,53,7.066666666666666,20,160,107,12.5,8.56,1,9,Medium
7.4,7,4,47,Murugan Ashwin,Bowlers,Ambati Rayudu,Batters,1,False,-0.5,29,Pune,Maharashtra Cricket Association Stadium,Medium,False,True,46,7,7.666666666666667,54,7.0434782608695645,20,160,106,12.333333333333332,8.594594594594595,1,9,Medium
7.5,7,5,48,Murugan Ashwin,Bowlers,Rohit Sharma,Batters,1,False,-0.5,29,Pune,Maharashtra Cricket Association Stadium,Medium,False,True,47,7,7.833333333333333,55,7.021276595744681,20,160,105,12.166666666666668,8.63013698630137,1,9,Medium
7.6,7,6,49,Murugan Ashwin,Bowlers,Ambati Rayudu,Batters,6,False,-3.0,29,Pune,Maharashtra Cricket Association Stadium,Medium,False,True,48,7,8.0,61,7.625,20,160,99,12.0,8.25,1,9,Medium
8.1,8,1,50,Rajat Bhatia,All-Rounders,Rohit Sharma,Batters,2,False,-1.0,29,Pune,Maharashtra Cricket Association Stadium,Medium,False,True,49,8,8.166666666666666,63,7.714285714285714,20,160,97,11.833333333333334,8.197183098591548,1,9,Medium
8.2,8,2,51,Rajat Bhatia,All-Rounders,Rohit Sharma,Batters,0,False,1.0,29,Pune,Maharashtra Cricket Association Stadium,Medium,False,True,50,8,8.333333333333334,63,7.56,20,160,97,11.666666666666666,8.314285714285715,1,9,Medium
8.3,8,3,52,Rajat Bhatia,All-Rounders,Rohit Sharma,Batters,6,False,-3.0,29,Pune,Maharashtra Cricket Association Stadium,Medium,False,True,51,8,8.5,69,8.117647058823529,20,160,91,11.5,7.913043478260869,1,9,Medium
8.4,8,4,53,Rajat Bhatia,All-Rounders,Rohit Sharma,Batters,1,False,-0.5,29,Pune,Maharashtra Cricket Association Stadium,Medium,False,True,52,8,8.666666666666666,70,8.076923076923077,20,160,90,11.333333333333334,7.941176470588235,1,9,Medium
8.5,8,5,54,Rajat Bhatia,All-Rounders,Ambati Rayudu,Batters,1,False,-0.5,29,Pune,Maharashtra Cricket Association Stadium,Medium,False,True,53,8,8.833333333333334,71,8.037735849056602,20,160,89,11.166666666666666,7.970149253731344,1,9,Medium
8.6,8,6,55,Rajat Bhatia,All-Rounders,Rohit Sharma,Batters,1,False,-0.5,29,Pune,Maharashtra Cricket Association Stadium,Medium,False,True,54,8,9.0,72,8.0,20,160,88,11.0,8.0,1,9,Medium
9.1,9,1,56,Murugan Ashwin,Bowlers,Rohit Sharma,Batters,0,False,1.0,29,Pune,Maharashtra Cricket Association Stadium,Medium,False,True,55,9,9.166666666666666,72,7.854545454545455,20,160,88,10.833333333333334,8.123076923076923,1,9,Medium
9.2,9,2,57,Murugan Ashwin,Bowlers,Rohit Sharma,Batters,2,False,-1.0,29,Pune,Maharashtra Cricket Association Stadium,Medium,False,True,56,9,9.333333333333334,74,7.928571428571428,20,160,86,10.666666666666666,8.0625,1,9,Medium
9.3,9,3,58,Murugan Ashwin,Bowlers,Rohit Sharma,Batters,0,False,1.0,29,Pune,Maharashtra Cricket Association Stadium,Medium,False,True,57,9,9.5,74,7.7894736842105265,20,160,86,10.5,8.19047619047619,1,9,Medium
9.4,9,4,59,Murugan Ashwin,Bowlers,Rohit Sharma,Batters,1,False,-0.5,29,Pune,Maharashtra Cricket Association Stadium,Medium,False,True,58,9,9.666666666666666,75,7.758620689655173,20,160,85,10.333333333333334,8.225806451612902,1,9,Medium
9.5,9,5,60,Murugan Ashwin,Bowlers,Ambati Rayudu,Batters,0,False,1.0,29,Pune,Maharashtra Cricket Association Stadium,Medium,False,True,59,9,9.833333333333334,75,7.627118644067796,20,160,85,10.166666666666666,8.360655737704919,1,9,Medium
9.6,9,6,61,Murugan Ashwin,Bowlers,Ambati Rayudu,Batters,1,False,-0.5,29,Pune,Maharashtra Cricket Association Stadium,Medium,False,True,60,9,10.0,76,7.6,20,160,84,10.0,8.4,1,9,Medium
10.1,10,1,62,Scott Boland,Bowlers,Ambati Rayudu,Batters,2,False,-1.0,29,Pune,Maharashtra Cricket Association Stadium,Medium,False,True,61,10,10.166666666666666,78,7.672131147540984,20,160,82,9.833333333333334,8.338983050847457,1,9,Medium
10.2,10,2,63,Scott Boland,Bowlers,Ambati Rayudu,Batters,1,False,-0.5,29,Pune,Maharashtra Cricket Association Stadium,Medium,False,True,62,10,10.333333333333334,79,7.64516129032258,20,160,81,9.666666666666666,8.379310344827587,1,9,Medium
10.3,10,3,64,Scott Boland,Bowlers,Rohit Sharma,Batters,1,False,-0.5,29,Pune,Maharashtra Cricket Association Stadium,Medium,False,True,63,10,10.5,80,7.619047619047619,20,160,80,9.5,8.421052631578947,1,9,Medium
10.4,10,4,65,Scott Boland,Bowlers,Ambati Rayudu,Batters,4,False,-2.0,29,Pune,Maharashtra Cricket Association Stadium,Medium,False,True,64,10,10.666666666666666,84,7.875,20,160,76,9.333333333333334,8.142857142857142,1,9,Medium
10.5,10,5,66,Scott Boland,Bowlers,Ambati Rayudu,Batters,1,False,-0.5,29,Pune,Maharashtra Cricket Association Stadium,Medium,False,True,65,10,10.833333333333334,85,7.846153846153846,20,160,75,9.166666666666666,8.181818181818182,1,9,Medium
10.6,10,6,67,Scott Boland,Bowlers,Rohit Sharma,Batters,1,False,-0.5,29,Pune,Maharashtra Cricket Association Stadium,Medium,False,True,66,10,11.0,86,7.818181818181818,20,160,74,9.0,8.222222222222221,1,9,Medium
11.1,11,1,68,Murugan Ashwin,Bowlers,Rohit Sharma,Batters,0,False,1.0,29,Pune,Maharashtra Cricket Association Stadium,Medium,False,True,67,11,11.166666666666666,86,7.701492537313433,20,160,74,8.833333333333334,8.377358490566037,1,9,Medium
11.2,11,2,69,Murugan Ashwin,Bowlers,Rohit Sharma,Batters,4,False,-2.0,29,Pune,Maharashtra Cricket Association Stadium,Medium,False,True,68,11,11.333333333333334,90,7.941176470588235,20,160,70,8.666666666666666,8.076923076923077,1,9,Medium
11.3,11,3,70,Murugan Ashwin,Bowlers,Rohit Sharma,Batters,1,False,-0.5,29,Pune,Maharashtra Cricket Association Stadium,Medium,False,True,69,11,11.5,91,7.913043478260869,20,160,69,8.5,8.117647058823529,1,9,Medium
11.4,11,4,71,Murugan Ashwin,Bowlers,Ambati Rayudu,Batters,0,True,5.0,29,Pune,Maharashtra Cricket Association Stadium,Medium,False,True,70,11,11.666666666666666,91,7.800000000000001,20,160,69,8.333333333333334,8.28,2,8,Medium
11.5,11,5,72,Murugan Ashwin,Bowlers,Rohit Sharma,Batters,1,False,-0.5,29,Pune,Maharashtra Cricket Association Stadium,Medium,False,True,71,11,11.833333333333334,92,7.774647887323943,20,160,68,8.166666666666666,8.326530612244898,2,8,Medium
11.6,11,6,73,Murugan Ashwin,Bowlers,Jos Buttler,Batters,1,False,-0.5,29,Pune,Maharashtra Cricket Association Stadium,Medium,False,True,72,11,12.0,93,7.75,20,160,67,8.0,8.375,2,8,Medium
12.1,12,1,74,Murugan Ashwin,Bowlers,Jos Buttler,Batters,0,False,1.0,29,Pune,Maharashtra Cricket Association Stadium,Medium,False,True,73,12,12.166666666666666,93,7.643835616438356,20,160,67,7.833333333333334,8.553191489361701,2,8,Medium
12.2,12,2,75,Murugan Ashwin,Bowlers,Jos Buttler,Batters,1,False,-0.5,29,Pune,Maharashtra Cricket Association Stadium,Medium,False,True,74,12,12.333333333333334,94,7.621621621621621,20,160,66,7.666666666666666,8.608695652173914,2,8,Medium
12.3,12,3,76,Murugan Ashwin,Bowlers,Rohit Sharma,Batters,2,False,-1.0,29,Pune,Maharashtra Cricket Association Stadium,Medium,False,True,75,12,12.5,96,7.68,20,160,64,7.5,8.533333333333333,2,8,Medium
12.4,12,4,77,Murugan Ashwin,Bowlers,Rohit Sharma,Batters,0,False,1.0,29,Pune,Maharashtra Cricket Association Stadium,Medium,False,True,76,12,12.666666666666666,96,7.578947368421053,20,160,64,7.333333333333334,8.727272727272727,2,8,Medium
12.5,12,5,78,Murugan Ashwin,Bowlers,Rohit Sharma,Batters,0,False,1.0,29,Pune,Maharashtra Cricket Association Stadium,Medium,False,True,77,12,12.833333333333334,96,7.48051948051948,20,160,64,7.166666666666666,8.930232558139535,2,8,Medium
12.6,12,6,79,Murugan Ashwin,Bowlers,Rohit Sharma,Batters,2,False,-1.0,29,Pune,Maharashtra Cricket Association Stadium,Medium,False,True,78,12,13.0,98,7.538461538461538,20,160,62,7.0,8.857142857142858,2,8,Medium
13.1,13,1,80,Rajat Bhatia,All-Rounders,Jos Buttler,Batters,1,False,-0.25,29,Pune,Maharashtra Cricket Association Stadium,Medium,False,True,79,13,13.166666666666666,99,7.518987341772152,20,160,61,6.833333333333334,8.926829268292682,2,8,Medium
13.2,13,2,81,Rajat Bhatia,All-Rounders,Rohit Sharma,Batters,1,False,-0.5,29,Pune,Maharashtra Cricket Association Stadium,Medium,False,True,80,13,13.333333333333334,100,7.5,20,160,60,6.666666666666666,9.0,2,8,Medium
13.3,13,3,82,Rajat Bhatia,All-Rounders,Jos Buttler,Batters,1,False,-0.5,29,Pune,Maharashtra Cricket Association Stadium,Medium,False,True,81,13,13.5,101,7.481481481481482,20,160,59,6.5,9.076923076923077,2,8,Medium
13.4,13,4,83,Rajat Bhatia,All-Rounders,Rohit Sharma,Batters,1,False,-0.5,29,Pune,Maharashtra Cricket Association Stadium,Medium,False,True,82,13,13.666666666666666,102,7.463414634146342,20,160,58,6.333333333333334,9.157894736842104,2,8,Medium
13.5,13,5,84,Rajat Bhatia,All-Rounders,Jos Buttler,Batters,1,False,-0.5,29,Pune,Maharashtra Cricket Association Stadium,Medium,False,True,83,13,13.833333333333334,103,7.44578313253012,20,160,57,6.166666666666666,9.243243243243244,2,8,Medium
13.6,13,6,85,Rajat Bhatia,All-Rounders,Rohit Sharma,Batters,1,False,-0.5,29,Pune,Maharashtra Cricket Association Stadium,Medium,False,True,84,13,14.0,104,7.428571428571429,20,160,56,6.0,9.333333333333334,2,8,Medium
14.1,14,1,86,Thisara Perera,All-Rounders,Rohit Sharma,Batters,1,False,-0.5,29,Pune,Maharashtra Cricket Association Stadium,Medium,False,True,85,14,14.166666666666666,105,7.411764705882353,20,160,55,5.833333333333334,9.428571428571429,2,8,Medium
14.2,14,2,87,Thisara Perera,All-Rounders,Jos Buttler,Batters,4,False,-2.0,29,Pune,Maharashtra Cricket Association Stadium,Medium,False,True,86,14,14.333333333333334,109,7.604651162790697,20,160,51,5.666666666666666,9.000000000000002,2,8,Medium
14.3,14,3,88,Thisara Perera,All-Rounders,Jos Buttler,Batters,1,False,-0.5,29,Pune,Maharashtra Cricket Association Stadium,Medium,False,True,87,14,14.5,110,7.586206896551724,20,160,50,5.5,9.090909090909092,2,8,Medium
14.4,14,4,89,Thisara Perera,All-Rounders,Rohit Sharma,Batters,4,False,-2.0,29,Pune,Maharashtra Cricket Association Stadium,Medium,False,True,88,14,14.666666666666666,114,7.772727272727273,20,160,46,5.333333333333334,8.624999999999998,2,8,Medium
14.5,14,5,90,Thisara Perera,All-Rounders,Rohit Sharma,Batters,0,False,1.0,29,Pune,Maharashtra Cricket Association Stadium,Medium,False,True,89,14,14.833333333333334,114,7.685393258426966,20,160,46,5.166666666666666,8.903225806451614,2,8,Medium
14.6,14,6,91,Thisara Perera,All-Rounders,Rohit Sharma,Batters,1,False,-0.5,29,Pune,Maharashtra Cricket Association Stadium,Medium,False,True,90,14,15.0,115,7.666666666666667,20,160,45,5.0,9.0,2,8,Medium
15.1,15,1,92,Murugan Ashwin,Bowlers,Rohit Sharma,Batters,1,False,-0.5,29,Pune,Maharashtra Cricket Association Stadium,Medium,False,True,91,15,15.166666666666666,116,7.648351648351649,20,160,44,4.833333333333334,9.103448275862068,2,8,Medium
15.2,15,2,93,Murugan Ashwin,Bowlers,Jos Buttler,Batters,2,False,-1.0,29,Pune,Maharashtra Cricket Association Stadium,Medium,False,True,92,15,15.333333333333334,118,7.695652173913043,20,160,42,4.666666666666666,9.000000000000002,2,8,Medium
15.3,15,3,94,Murugan Ashwin,Bowlers,Jos Buttler,Batters,1,False,-0.5,29,Pune,Maharashtra Cricket Association Stadium,Medium,False,True,93,15,15.5,119,7.67741935483871,20,160,41,4.5,9.11111111111111,2,8,Medium
15.4,15,4,95,Murugan Ashwin,Bowlers,Rohit Sharma,Batters,1,False,-0.5,29,Pune,Maharashtra Cricket Association Stadium,Medium,False,True,94,15,15.666666666666666,120,7.659574468085107,20,160,40,4.333333333333334,9.23076923076923,2,8,Medium
15.5,15,5,96,Murugan Ashwin,Bowlers,Jos Buttler,Batters,6,False,-3.0,29,Pune,Maharashtra Cricket Association Stadium,Medium,False,True,95,15,15.833333333333334,126,7.957894736842105,20,160,34,4.166666666666666,8.160000000000002,2,8,Medium
15.6,15,6,97,Murugan Ashwin,Bowlers,Jos Buttler,Batters,1,False,-0.5,29,Pune,Maharashtra Cricket Association Stadium,Medium,False,True,96,15,16.0,127,7.9375,20,160,33,4.0,8.25,2,8,Medium
16.1,16,1,98,Scott Boland,Bowlers,Jos Buttler,Batters,1,False,-0.5,29,Pune,Maharashtra Cricket Association Stadium,Medium,False,True,97,16,16.166666666666668,128,7.917525773195876,20,160,32,3.833333333333332,8.347826086956525,2,8,Medium
16.2,16,2,99,Scott Boland,Bowlers,Rohit Sharma,Batters,1,False,-1.0,29,Pune,Maharashtra Cricket Association Stadium,Medium,True,False,97,16,16.166666666666668,129,7.979381443298968,20,160,31,3.833333333333332,8.086956521739133,2,8,Medium
16.2,16,2,100,Scott Boland,Bowlers,Rohit Sharma,Batters,0,False,1.0,29,Pune,Maharashtra Cricket Association Stadium,Medium,False,True,98,16,16.333333333333332,129,7.89795918367347,20,160,31,3.666666666666668,8.454545454545451,2,8,Medium
16.3,16,3,101,Scott Boland,Bowlers,Rohit Sharma,Batters,4,False,-2.0,29,Pune,Maharashtra Cricket Association Stadium,Medium,False,True,99,16,16.5,133,8.06060606060606,20,160,27,3.5,7.714285714285714,2,8,Medium
16.4,16,4,102,Scott Boland,Bowlers,Rohit Sharma,Batters,2,False,-0.25,29,Pune,Maharashtra Cricket Association Stadium,Medium,False,True,100,16,16.666666666666668,135,8.1,20,160,25,3.333333333333332,7.500000000000003,2,8,Medium
16.5,16,5,103,Scott Boland,Bowlers,Rohit Sharma,Batters,1,False,-0.5,29,Pune,Maharashtra Cricket Association Stadium,Medium,False,True,101,16,16.833333333333332,136,8.07920792079208,20,160,24,3.166666666666668,7.5789473684210495,2,8,Medium
16.6,16,6,104,Scott Boland,Bowlers,Jos Buttler,Batters,2,False,-1.0,29,Pune,Maharashtra Cricket Association Stadium,Medium,False,True,102,16,17.0,138,8.117647058823529,20,160,22,3.0,7.333333333333333,2,8,Medium
17.1,17,1,105,Ashok Dinda,Bowlers,Rohit Sharma,Batters,1,False,-0.5,29,Pune,Maharashtra Cricket Association Stadium,Medium,False,True,103,17,17.166666666666668,139,8.097087378640776,20,160,21,2.833333333333332,7.411764705882356,2,8,Medium
17.2,17,2,106,Ashok Dinda,Bowlers,Jos Buttler,Batters,1,False,-0.25,29,Pune,Maharashtra Cricket Association Stadium,Medium,False,True,104,17,17.333333333333332,140,8.076923076923077,20,160,20,2.666666666666668,7.4999999999999964,2,8,Medium
17.3,17,3,107,Ashok Dinda,Bowlers,Rohit Sharma,Batters,4,False,-2.0,29,Pune,Maharashtra Cricket Association Stadium,Medium,False,True,105,17,17.5,144,8.228571428571428,20,160,16,2.5,6.4,2,8,Medium
17.4,17,4,108,Ashok Dinda,Bowlers,Rohit Sharma,Batters,4,False,-2.0,29,Pune,Maharashtra Cricket Association Stadium,Medium,False,True,106,17,17.666666666666668,148,8.377358490566037,20,160,12,2.333333333333332,5.142857142857146,2,8,Medium
17.5,17,5,109,Ashok Dinda,Bowlers,Rohit Sharma,Batters,1,False,-0.5,29,Pune,Maharashtra Cricket Association Stadium,Medium,False,True,107,17,17.833333333333332,149,8.355140186915888,20,160,11,2.166666666666668,5.076923076923074,2,8,Medium
17.6,17,6,110,Ashok Dinda,Bowlers,Jos Buttler,Batters,4,False,-2.0,29,Pune,Maharashtra Cricket Association Stadium,Medium,False,True,108,17,18.0,153,8.5,20,160,7,2.0,3.5,2,8,Medium
18.1,18,1,111,Murugan Ashwin,Bowlers,Rohit Sharma,Batters,1,False,-0.5,29,Pune,Maharashtra Cricket Association Stadium,Medium,False,True,109,18,18.166666666666668,154,8.477064220183486,20,160,6,1.833333333333332,3.2727272727272747,2,8,Medium
18.2,18,2,112,Murugan Ashwin,Bowlers,Jos Buttler,Batters,1,False,-0.5,29,Pune,Maharashtra Cricket Association Stadium,Medium,False,True,110,18,18.33333333333333,155,8.454545454545455,20,160,5,1.666666666666668,2.999999999999998,2,8,Medium
18.3,18,3,113,Murugan Ashwin,Bowlers,Rohit Sharma,Batters,6,False,-3.0,29,Pune,Maharashtra Cricket Association Stadium,Medium,False,True,111,18,18.5,161,8.702702702702704,20,160,0,1.5,0.0,2,8,Medium
