Ball Number,over,ball,Ball,bowler,bowler_role,batsman,batsman_role,Runs,is_wicket,bowler_score,match_id,city,stadium,Stadium_Type,is_extra,legal_delivery,legal_deliveries_count,overs_completed,overs_bowled,total_runs,current_run_rate,total_overs,target,runs_needed,overs_remaining,required_run_rate,wickets_fallen,wickets_in_hand,Ground_Type
0.1,0,1,1,Andre Russell,All-Rounders,Murali Vijay,Batters,1,False,-0.5,32,Kolkata,Eden Gardens,Large,False,True,1,0,0.1666666666666666,1,6.0,20,165,164,19.83333333333333,8.268907563025211,0,10,Large
0.2,0,2,2,Andre Russell,All-Rounders,Marcus Stoinis,All-Rounders,0,False,1.0,32,Kolkata,Eden Gardens,Large,False,True,2,0,0.3333333333333333,1,3.0,20,165,164,19.666666666666668,8.338983050847457,0,10,Large
0.3,0,3,3,Andre Russell,All-Rounders,Marcus Stoinis,All-Rounders,0,False,1.0,32,Kolkata,Eden Gardens,Large,False,True,3,0,0.5,1,2.0,20,165,164,19.5,8.41025641025641,0,10,Large
0.4,0,4,4,Andre Russell,All-Rounders,Marcus Stoinis,All-Rounders,0,True,5.0,32,Kolkata,Eden Gardens,Large,False,True,4,0,0.6666666666666666,1,1.5,20,165,164,19.33333333333333,8.482758620689655,1,9,Large
0.5,0,5,5,Andre Russell,All-Rounders,Manan Vohra,Batters,0,False,1.0,32,Kolkata,Eden Gardens,Large,False,True,5,0,0.8333333333333334,1,1.2,20,165,164,19.166666666666668,8.556521739130435,1,9,Large
0.5,0,5,6,Andre Russell,All-Rounders,Manan Vohra,Batters,1,False,-1.0,32,Kolkata,Eden Gardens,Large,True,False,5,0,0.8333333333333334,2,2.4,20,165,163,19.166666666666668,8.504347826086956,1,9,Large
0.6,0,6,7,Andre Russell,All-Rounders,Manan Vohra,Batters,0,False,1.0,32,Kolkata,Eden Gardens,Large,False,True,6,0,1.0,2,2.0,20,165,163,19.0,8.578947368421053,1,9,Large
1.1,1,1,8,Morne Morkel,Bowlers,Murali Vijay,Batters,0,False,1.0,32,Kolkata,Eden Gardens,Large,False,True,7,1,1.1666666666666667,2,1.7142857142857142,20,165,163,18.83333333333333,8.654867256637168,1,9,Large
1.2,1,2,9,Morne Morkel,Bowlers,Murali Vijay,Batters,0,False,1.0,32,Kolkata,Eden Gardens,Large,False,True,8,1,1.3333333333333333,2,1.5,20,165,163,18.666666666666668,8.732142857142856,1,9,Large
1.3,1,3,10,Morne Morkel,Bowlers,Murali Vijay,Batters,1,False,-1.0,32,Kolkata,Eden Gardens,Large,True,False,8,1,1.3333333333333333,3,2.25,20,165,162,18.666666666666668,8.678571428571429,1,9,Large
1.3,1,3,11,Morne Morkel,Bowlers,Murali Vijay,Batters,0,False,1.0,32,Kolkata,Eden Gardens,Large,False,True,9,1,1.5,3,2.0,20,165,162,18.5,8.756756756756756,1,9,Large
1.4,1,4,12,Morne Morkel,Bowlers,Murali Vijay,Batters,0,False,1.0,32,Kolkata,Eden Gardens,Large,False,True,10,1,1.6666666666666663,3,1.8000000000000005,20,165,162,18.33333333333333,8.836363636363638,1,9,Large
1.5,1,5,13,Morne Morkel,Bowlers,Murali Vijay,Batters,0,False,1.0,32,Kolkata,Eden Gardens,Large,False,True,11,1,1.8333333333333333,3,1.6363636363636362,20,165,162,18.166666666666668,8.91743119266055,1,9,Large
1.6,1,6,14,Morne Morkel,Bowlers,Murali Vijay,Batters,4,False,-2.0,32,Kolkata,Eden Gardens,Large,False,True,12,1,2.0,7,3.5,20,165,158,18.0,8.777777777777779,1,9,Large
2.1,2,1,15,Andre Russell,All-Rounders,Manan Vohra,Batters,0,False,1.0,32,Kolkata,Eden Gardens,Large,False,True,13,2,2.1666666666666665,7,3.230769230769231,20,165,158,17.833333333333332,8.859813084112151,1,9,Large
2.2,2,2,16,Andre Russell,All-Rounders,Manan Vohra,Batters,1,False,-0.25,32,Kolkata,Eden Gardens,Large,False,True,14,2,2.333333333333333,8,3.4285714285714284,20,165,157,17.666666666666668,8.886792452830187,1,9,Large
2.3,2,3,17,Andre Russell,All-Rounders,Murali Vijay,Batters,4,False,-0.25,32,Kolkata,Eden Gardens,Large,False,True,15,2,2.5,12,4.8,20,165,153,17.5,8.742857142857142,1,9,Large
2.4,2,4,18,Andre Russell,All-Rounders,Murali Vijay,Batters,0,False,1.0,32,Kolkata,Eden Gardens,Large,False,True,16,2,2.6666666666666665,12,4.5,20,165,153,17.333333333333332,8.826923076923077,1,9,Large
2.5,2,5,19,Andre Russell,All-Rounders,Murali Vijay,Batters,1,False,-0.5,32,Kolkata,Eden Gardens,Large,False,True,17,2,2.833333333333333,13,4.588235294117647,20,165,152,17.166666666666668,8.854368932038835,1,9,Large
2.6,2,6,20,Andre Russell,All-Rounders,Manan Vohra,Batters,0,True,5.0,32,Kolkata,Eden Gardens,Large,False,True,18,2,3.0,13,4.333333333333333,20,165,152,17.0,8.941176470588236,2,8,Large
3.1,3,1,21,Morne Morkel,Bowlers,Murali Vijay,Batters,0,True,5.0,32,Kolkata,Eden Gardens,Large,False,True,19,3,3.1666666666666665,13,4.105263157894737,20,165,152,16.833333333333332,9.02970297029703,3,7,Large
3.2,3,2,22,Morne Morkel,Bowlers,Glenn Maxwell,All-Rounders,0,False,1.0,32,Kolkata,Eden Gardens,Large,False,True,20,3,3.333333333333333,13,3.9,20,165,152,16.666666666666668,9.12,3,7,Large
3.3,3,3,23,Morne Morkel,Bowlers,Glenn Maxwell,All-Rounders,1,False,-0.5,32,Kolkata,Eden Gardens,Large,False,True,21,3,3.5,14,4.0,20,165,151,16.5,9.151515151515152,3,7,Large
3.4,3,4,24,Morne Morkel,Bowlers,Wriddhiman Saha,Batters,0,False,1.0,32,Kolkata,Eden Gardens,Large,False,True,22,3,3.6666666666666665,14,3.8181818181818175,20,165,151,16.333333333333332,9.244897959183676,3,7,Large
3.5,3,5,25,Morne Morkel,Bowlers,Wriddhiman Saha,Batters,0,False,1.0,32,Kolkata,Eden Gardens,Large,False,True,23,3,3.8333333333333335,14,3.652173913043478,20,165,151,16.166666666666668,9.340206185567007,3,7,Large
3.6,3,6,26,Morne Morkel,Bowlers,Wriddhiman Saha,Batters,2,False,-1.0,32,Kolkata,Eden Gardens,Large,False,True,24,3,4.0,16,4.0,20,165,149,16.0,9.3125,3,7,Large
4.1,4,1,27,Umesh Yadav,Bowlers,Glenn Maxwell,All-Rounders,0,False,1.0,32,Kolkata,Eden Gardens,Large,False,True,25,4,4.166666666666667,16,3.84,20,165,149,15.833333333333332,9.410526315789474,3,7,Large
4.2,4,2,28,Umesh Yadav,Bowlers,Glenn Maxwell,All-Rounders,1,False,-0.5,32,Kolkata,Eden Gardens,Large,False,True,26,4,4.333333333333333,17,3.9230769230769234,20,165,148,15.666666666666668,9.446808510638297,3,7,Large
4.3,4,3,29,Umesh Yadav,Bowlers,Wriddhiman Saha,Batters,0,False,1.0,32,Kolkata,Eden Gardens,Large,False,True,27,4,4.5,17,3.7777777777777777,20,165,148,15.5,9.548387096774194,3,7,Large
4.4,4,4,30,Umesh Yadav,Bowlers,Wriddhiman Saha,Batters,4,False,-2.0,32,Kolkata,Eden Gardens,Large,False,True,28,4,4.666666666666667,21,4.5,20,165,144,15.333333333333332,9.391304347826088,3,7,Large
4.5,4,5,31,Umesh Yadav,Bowlers,Wriddhiman Saha,Batters,2,False,-1.0,32,Kolkata,Eden Gardens,Large,False,True,29,4,4.833333333333333,23,4.758620689655173,20,165,142,15.166666666666668,9.36263736263736,3,7,Large
4.6,4,6,32,Umesh Yadav,Bowlers,Wriddhiman Saha,Batters,4,False,-2.0,32,Kolkata,Eden Gardens,Large,False,True,30,4,5.0,27,5.4,20,165,138,15.0,9.2,3,7,Large
5.1,5,1,33,Morne Morkel,Bowlers,Glenn Maxwell,All-Rounders,4,False,-2.0,32,Kolkata,Eden Gardens,Large,False,True,31,5,5.166666666666667,31,6.0,20,165,134,14.833333333333332,9.03370786516854,3,7,Large
5.2,5,2,34,Morne Morkel,Bowlers,Glenn Maxwell,All-Rounders,0,False,1.0,32,Kolkata,Eden Gardens,Large,False,True,32,5,5.333333333333333,31,5.8125,20,165,134,14.666666666666668,9.136363636363637,3,7,Large
5.3,5,3,35,Morne Morkel,Bowlers,Glenn Maxwell,All-Rounders,0,False,1.0,32,Kolkata,Eden Gardens,Large,False,True,33,5,5.5,31,5.636363636363637,20,165,134,14.5,9.241379310344827,3,7,Large
5.4,5,4,36,Morne Morkel,Bowlers,Glenn Maxwell,All-Rounders,1,False,-0.25,32,Kolkata,Eden Gardens,Large,False,True,34,5,5.666666666666667,32,5.647058823529411,20,165,133,14.333333333333332,9.27906976744186,3,7,Large
5.5,5,5,37,Morne Morkel,Bowlers,Wriddhiman Saha,Batters,1,False,-0.5,32,Kolkata,Eden Gardens,Large,False,True,35,5,5.833333333333333,33,5.6571428571428575,20,165,132,14.166666666666668,9.317647058823528,3,7,Large
5.6,5,6,38,Morne Morkel,Bowlers,Glenn Maxwell,All-Rounders,4,False,-2.0,32,Kolkata,Eden Gardens,Large,False,True,36,5,6.0,37,6.166666666666667,20,165,128,14.0,9.142857142857142,3,7,Large
6.1,6,1,39,Umesh Yadav,Bowlers,Wriddhiman Saha,Batters,0,False,1.0,32,Kolkata,Eden Gardens,Large,False,True,37,6,6.166666666666667,37,6.0,20,165,128,13.833333333333332,9.253012048192772,3,7,Large
6.2,6,2,40,Umesh Yadav,Bowlers,Wriddhiman Saha,Batters,1,False,-0.5,32,Kolkata,Eden Gardens,Large,False,True,38,6,6.333333333333333,38,6.0,20,165,127,13.666666666666668,9.292682926829269,3,7,Large
6.3,6,3,41,Umesh Yadav,Bowlers,Glenn Maxwell,All-Rounders,1,False,-0.25,32,Kolkata,Eden Gardens,Large,False,True,39,6,6.5,39,6.0,20,165,126,13.5,9.333333333333334,3,7,Large
6.4,6,4,42,Umesh Yadav,Bowlers,Wriddhiman Saha,Batters,1,False,-0.5,32,Kolkata,Eden Gardens,Large,False,True,40,6,6.666666666666667,40,6.0,20,165,125,13.333333333333332,9.375,3,7,Large
6.5,6,5,43,Umesh Yadav,Bowlers,Glenn Maxwell,All-Rounders,1,False,-0.25,32,Kolkata,Eden Gardens,Large,False,True,41,6,6.833333333333333,41,6.0,20,165,124,13.166666666666668,9.41772151898734,3,7,Large
6.6,6,6,44,Umesh Yadav,Bowlers,Wriddhiman Saha,Batters,2,False,-1.0,32,Kolkata,Eden Gardens,Large,False,True,42,6,7.0,43,6.142857142857143,20,165,122,13.0,9.384615384615383,3,7,Large
7.1,7,1,45,Shakib Al Hasan,All-Rounders,Glenn Maxwell,All-Rounders,1,False,-0.5,32,Kolkata,Eden Gardens,Large,False,True,43,7,7.166666666666667,44,6.13953488372093,20,165,121,12.833333333333332,9.428571428571429,3,7,Large
7.2,7,2,46,Shakib Al Hasan,All-Rounders,Wriddhiman Saha,Batters,2,False,-1.0,32,Kolkata,Eden Gardens,Large,False,True,44,7,7.333333333333333,46,6.272727272727273,20,165,119,12.666666666666668,9.394736842105262,3,7,Large
7.3,7,3,47,Shakib Al Hasan,All-Rounders,Wriddhiman Saha,Batters,0,False,1.0,32,Kolkata,Eden Gardens,Large,False,True,45,7,7.5,46,6.133333333333334,20,165,119,12.5,9.52,3,7,Large
7.4,7,4,48,Shakib Al Hasan,All-Rounders,Wriddhiman Saha,Batters,1,False,-0.5,32,Kolkata,Eden Gardens,Large,False,True,46,7,7.666666666666667,47,6.130434782608695,20,165,118,12.333333333333332,9.567567567567568,3,7,Large
7.5,7,5,49,Shakib Al Hasan,All-Rounders,Glenn Maxwell,All-Rounders,1,False,-0.5,32,Kolkata,Eden Gardens,Large,False,True,47,7,7.833333333333333,48,6.127659574468085,20,165,117,12.166666666666668,9.616438356164382,3,7,Large
7.6,7,6,50,Shakib Al Hasan,All-Rounders,Wriddhiman Saha,Batters,0,False,1.0,32,Kolkata,Eden Gardens,Large,False,True,48,7,8.0,48,6.0,20,165,117,12.0,9.75,3,7,Large
8.1,8,1,51,Piyush Chawla,All-Rounders,Glenn Maxwell,All-Rounders,0,False,1.0,32,Kolkata,Eden Gardens,Large,False,True,49,8,8.166666666666666,48,5.877551020408164,20,165,117,11.833333333333334,9.887323943661972,3,7,Large
8.2,8,2,52,Piyush Chawla,All-Rounders,Glenn Maxwell,All-Rounders,1,False,-0.5,32,Kolkata,Eden Gardens,Large,False,True,50,8,8.333333333333334,49,5.88,20,165,116,11.666666666666666,9.942857142857145,3,7,Large
8.3,8,3,53,Piyush Chawla,All-Rounders,Wriddhiman Saha,Batters,4,False,-2.0,32,Kolkata,Eden Gardens,Large,False,True,51,8,8.5,53,6.235294117647059,20,165,112,11.5,9.73913043478261,3,7,Large
8.4,8,4,54,Piyush Chawla,All-Rounders,Wriddhiman Saha,Batters,0,False,1.0,32,Kolkata,Eden Gardens,Large,False,True,52,8,8.666666666666666,53,6.115384615384616,20,165,112,11.333333333333334,9.88235294117647,3,7,Large
8.5,8,5,55,Piyush Chawla,All-Rounders,Wriddhiman Saha,Batters,0,False,1.0,32,Kolkata,Eden Gardens,Large,False,True,53,8,8.833333333333334,53,6.0,20,165,112,11.166666666666666,10.029850746268655,3,7,Large
8.6,8,6,56,Piyush Chawla,All-Rounders,Wriddhiman Saha,Batters,0,True,5.0,32,Kolkata,Eden Gardens,Large,False,True,54,8,9.0,53,5.888888888888889,20,165,112,11.0,10.181818181818182,4,6,Large
9.1,9,1,57,Brad Hogg,All-Rounders,Glenn Maxwell,All-Rounders,1,False,-0.5,32,Kolkata,Eden Gardens,Large,False,True,55,9,9.166666666666666,54,5.890909090909092,20,165,111,10.833333333333334,10.246153846153844,4,6,Large
9.2,9,2,58,Brad Hogg,All-Rounders,David Miller,Batters,0,False,1.0,32,Kolkata,Eden Gardens,Large,False,True,56,9,9.333333333333334,54,5.785714285714286,20,165,111,10.666666666666666,10.40625,4,6,Large
9.3,9,3,59,,,,,0,False,0.0,32,Kolkata,Eden Gardens,Large,False,True,57,9,9.5,54,5.684210526315789,20,165,111,10.5,10.571428571428571,4,6,Large
9.4,9,4,60,Brad Hogg,All-Rounders,Glenn Maxwell,All-Rounders,2,False,-1.0,32,Kolkata,Eden Gardens,Large,False,True,58,9,9.666666666666666,56,5.793103448275862,20,165,109,10.333333333333334,10.548387096774192,4,6,Large
9.5,9,5,61,Brad Hogg,All-Rounders,Glenn Maxwell,All-Rounders,6,False,-3.0,32,Kolkata,Eden Gardens,Large,False,True,59,9,9.833333333333334,62,6.305084745762711,20,165,103,10.166666666666666,10.131147540983608,4,6,Large
9.6,9,6,62,Brad Hogg,All-Rounders,Glenn Maxwell,All-Rounders,1,False,-0.5,32,Kolkata,Eden Gardens,Large,False,True,60,9,10.0,63,6.3,20,165,102,10.0,10.2,4,6,Large
10.1,10,1,63,Piyush Chawla,All-Rounders,Glenn Maxwell,All-Rounders,2,False,-1.0,32,Kolkata,Eden Gardens,Large,False,True,61,10,10.166666666666666,65,6.39344262295082,20,165,100,9.833333333333334,10.169491525423728,4,6,Large
10.2,10,2,64,Piyush Chawla,All-Rounders,Glenn Maxwell,All-Rounders,6,False,-3.0,32,Kolkata,Eden Gardens,Large,False,True,62,10,10.333333333333334,71,6.870967741935483,20,165,94,9.666666666666666,9.724137931034484,4,6,Large
10.3,10,3,65,Piyush Chawla,All-Rounders,Glenn Maxwell,All-Rounders,0,False,1.0,32,Kolkata,Eden Gardens,Large,False,True,63,10,10.5,71,6.761904761904762,20,165,94,9.5,9.894736842105264,4,6,Large
10.4,10,4,66,Piyush Chawla,All-Rounders,Glenn Maxwell,All-Rounders,4,False,-2.0,32,Kolkata,Eden Gardens,Large,False,True,64,10,10.666666666666666,75,7.03125,20,165,90,9.333333333333334,9.642857142857142,4,6,Large
10.5,10,5,67,Piyush Chawla,All-Rounders,Glenn Maxwell,All-Rounders,0,False,1.0,32,Kolkata,Eden Gardens,Large,False,True,65,10,10.833333333333334,75,6.9230769230769225,20,165,90,9.166666666666666,9.818181818181818,4,6,Large
10.6,10,6,68,Piyush Chawla,All-Rounders,Glenn Maxwell,All-Rounders,0,False,1.0,32,Kolkata,Eden Gardens,Large,False,True,66,10,11.0,75,6.818181818181818,20,165,90,9.0,10.0,4,6,Large
11.1,11,1,69,Brad Hogg,All-Rounders,David Miller,Batters,1,False,-0.5,32,Kolkata,Eden Gardens,Large,False,True,67,11,11.166666666666666,76,6.8059701492537314,20,165,89,8.833333333333334,10.075471698113208,4,6,Large
11.2,11,2,70,Brad Hogg,All-Rounders,Glenn Maxwell,All-Rounders,6,False,-3.0,32,Kolkata,Eden Gardens,Large,False,True,68,11,11.333333333333334,82,7.235294117647059,20,165,83,8.666666666666666,9.576923076923078,4,6,Large
11.3,11,3,71,Brad Hogg,All-Rounders,Glenn Maxwell,All-Rounders,4,False,-2.0,32,Kolkata,Eden Gardens,Large,False,True,69,11,11.5,86,7.478260869565218,20,165,79,8.5,9.294117647058824,4,6,Large
11.4,11,4,72,Brad Hogg,All-Rounders,Glenn Maxwell,All-Rounders,4,False,-2.0,32,Kolkata,Eden Gardens,Large,False,True,70,11,11.666666666666666,90,7.714285714285714,20,165,75,8.333333333333334,9.0,4,6,Large
11.5,11,5,73,Brad Hogg,All-Rounders,Glenn Maxwell,All-Rounders,1,False,-0.5,32,Kolkata,Eden Gardens,Large,False,True,71,11,11.833333333333334,91,7.690140845070422,20,165,74,8.166666666666666,9.06122448979592,4,6,Large
11.6,11,6,74,Brad Hogg,All-Rounders,David Miller,Batters,1,False,-0.5,32,Kolkata,Eden Gardens,Large,False,True,72,11,12.0,92,7.666666666666667,20,165,73,8.0,9.125,4,6,Large
12.1,12,1,75,Piyush Chawla,All-Rounders,David Miller,Batters,2,False,-1.0,32,Kolkata,Eden Gardens,Large,False,True,73,12,12.166666666666666,94,7.726027397260275,20,165,71,7.833333333333334,9.063829787234042,4,6,Large
12.2,12,2,76,Piyush Chawla,All-Rounders,David Miller,Batters,1,False,-0.5,32,Kolkata,Eden Gardens,Large,False,True,74,12,12.333333333333334,95,7.702702702702703,20,165,70,7.666666666666666,9.130434782608695,4,6,Large
12.3,12,3,77,Piyush Chawla,All-Rounders,Glenn Maxwell,All-Rounders,0,False,1.0,32,Kolkata,Eden Gardens,Large,False,True,75,12,12.5,95,7.6,20,165,70,7.5,9.333333333333334,4,6,Large
12.4,12,4,78,Piyush Chawla,All-Rounders,Glenn Maxwell,All-Rounders,1,False,-0.5,32,Kolkata,Eden Gardens,Large,False,True,76,12,12.666666666666666,96,7.578947368421053,20,165,69,7.333333333333334,9.409090909090908,4,6,Large
12.5,12,5,79,Piyush Chawla,All-Rounders,David Miller,Batters,1,False,-0.5,32,Kolkata,Eden Gardens,Large,False,True,77,12,12.833333333333334,97,7.558441558441558,20,165,68,7.166666666666666,9.488372093023257,4,6,Large
12.6,12,6,80,Piyush Chawla,All-Rounders,Glenn Maxwell,All-Rounders,0,False,1.0,32,Kolkata,Eden Gardens,Large,False,True,78,12,13.0,97,7.461538461538462,20,165,68,7.0,9.714285714285714,4,6,Large
13.1,13,1,81,Umesh Yadav,Bowlers,David Miller,Batters,0,False,1.0,32,Kolkata,Eden Gardens,Large,False,True,79,13,13.166666666666666,97,7.367088607594937,20,165,68,6.833333333333334,9.951219512195122,4,6,Large
13.2,13,2,82,Umesh Yadav,Bowlers,David Miller,Batters,1,False,-0.5,32,Kolkata,Eden Gardens,Large,False,True,80,13,13.333333333333334,98,7.35,20,165,67,6.666666666666666,10.05,4,6,Large
13.3,13,3,83,Umesh Yadav,Bowlers,Glenn Maxwell,All-Rounders,2,False,-1.0,32,Kolkata,Eden Gardens,Large,False,True,81,13,13.5,100,7.407407407407407,20,165,65,6.5,10.0,4,6,Large
13.4,13,4,84,Umesh Yadav,Bowlers,Glenn Maxwell,All-Rounders,1,False,-1.0,32,Kolkata,Eden Gardens,Large,True,False,81,13,13.5,101,7.481481481481482,20,165,64,6.5,9.846153846153848,4,6,Large
13.4,13,4,85,Umesh Yadav,Bowlers,Glenn Maxwell,All-Rounders,2,False,-1.0,32,Kolkata,Eden Gardens,Large,False,True,82,13,13.666666666666666,103,7.536585365853659,20,165,62,6.333333333333334,9.789473684210526,4,6,Large
13.5,13,5,86,Umesh Yadav,Bowlers,Glenn Maxwell,All-Rounders,4,False,-2.0,32,Kolkata,Eden Gardens,Large,False,True,83,13,13.833333333333334,107,7.734939759036144,20,165,58,6.166666666666666,9.405405405405409,4,6,Large
13.6,13,6,87,Umesh Yadav,Bowlers,Glenn Maxwell,All-Rounders,1,False,-0.5,32,Kolkata,Eden Gardens,Large,False,True,84,13,14.0,108,7.714285714285714,20,165,57,6.0,9.5,4,6,Large
14.1,14,1,88,Shakib Al Hasan,All-Rounders,Glenn Maxwell,All-Rounders,0,False,1.0,32,Kolkata,Eden Gardens,Large,False,True,85,14,14.166666666666666,108,7.623529411764706,20,165,57,5.833333333333334,9.77142857142857,4,6,Large
14.2,14,2,89,Shakib Al Hasan,All-Rounders,Glenn Maxwell,All-Rounders,6,False,-3.0,32,Kolkata,Eden Gardens,Large,False,True,86,14,14.333333333333334,114,7.953488372093023,20,165,51,5.666666666666666,9.000000000000002,4,6,Large
14.3,14,3,90,Shakib Al Hasan,All-Rounders,Glenn Maxwell,All-Rounders,1,False,-0.5,32,Kolkata,Eden Gardens,Large,False,True,87,14,14.5,115,7.931034482758621,20,165,50,5.5,9.090909090909092,4,6,Large
14.4,14,4,91,Shakib Al Hasan,All-Rounders,David Miller,Batters,0,False,1.0,32,Kolkata,Eden Gardens,Large,False,True,88,14,14.666666666666666,115,7.840909090909091,20,165,50,5.333333333333334,9.374999999999998,4,6,Large
14.5,14,5,92,Shakib Al Hasan,All-Rounders,David Miller,Batters,1,False,-0.5,32,Kolkata,Eden Gardens,Large,False,True,89,14,14.833333333333334,116,7.820224719101123,20,165,49,5.166666666666666,9.483870967741936,4,6,Large
14.6,14,6,93,Shakib Al Hasan,All-Rounders,Glenn Maxwell,All-Rounders,0,False,1.0,32,Kolkata,Eden Gardens,Large,False,True,90,14,15.0,116,7.733333333333333,20,165,49,5.0,9.8,4,6,Large
15.1,15,1,94,Piyush Chawla,All-Rounders,David Miller,Batters,1,False,-0.5,32,Kolkata,Eden Gardens,Large,False,True,91,15,15.166666666666666,117,7.714285714285714,20,165,48,4.833333333333334,9.93103448275862,4,6,Large
15.2,15,2,95,Piyush Chawla,All-Rounders,Glenn Maxwell,All-Rounders,1,False,-0.5,32,Kolkata,Eden Gardens,Large,False,True,92,15,15.333333333333334,118,7.695652173913043,20,165,47,4.666666666666666,10.071428571428571,4,6,Large
15.3,15,3,96,Piyush Chawla,All-Rounders,David Miller,Batters,1,False,-0.5,32,Kolkata,Eden Gardens,Large,False,True,93,15,15.5,119,7.67741935483871,20,165,46,4.5,10.22222222222222,4,6,Large
15.4,15,4,97,Piyush Chawla,All-Rounders,Glenn Maxwell,All-Rounders,0,True,5.0,32,Kolkata,Eden Gardens,Large,False,True,94,15,15.666666666666666,119,7.595744680851064,20,165,46,4.333333333333334,10.615384615384611,5,5,Large
15.5,15,5,98,Piyush Chawla,All-Rounders,Gurkeerat Singh Mann,Batters,0,False,1.0,32,Kolkata,Eden Gardens,Large,False,True,95,15,15.833333333333334,119,7.51578947368421,20,165,46,4.166666666666666,11.04,5,5,Large
15.6,15,6,99,Piyush Chawla,All-Rounders,Gurkeerat Singh Mann,Batters,1,False,-1.0,32,Kolkata,Eden Gardens,Large,True,False,95,15,15.833333333333334,120,7.578947368421052,20,165,45,4.166666666666666,10.8,5,5,Large
15.6,15,6,100,Piyush Chawla,All-Rounders,Gurkeerat Singh Mann,Batters,1,False,-0.5,32,Kolkata,Eden Gardens,Large,False,True,96,15,16.0,121,7.5625,20,165,44,4.0,11.0,5,5,Large
16.1,16,1,101,Shakib Al Hasan,All-Rounders,Gurkeerat Singh Mann,Batters,1,False,-0.5,32,Kolkata,Eden Gardens,Large,False,True,97,16,16.166666666666668,122,7.546391752577319,20,165,43,3.833333333333332,11.21739130434783,5,5,Large
16.2,16,2,102,Shakib Al Hasan,All-Rounders,David Miller,Batters,1,False,-0.5,32,Kolkata,Eden Gardens,Large,False,True,98,16,16.333333333333332,123,7.530612244897959,20,165,42,3.666666666666668,11.454545454545451,5,5,Large
16.3,16,3,103,Shakib Al Hasan,All-Rounders,Gurkeerat Singh Mann,Batters,1,False,-0.5,32,Kolkata,Eden Gardens,Large,False,True,99,16,16.5,124,7.515151515151516,20,165,41,3.5,11.714285714285714,5,5,Large
16.4,16,4,104,Shakib Al Hasan,All-Rounders,David Miller,Batters,1,False,-0.5,32,Kolkata,Eden Gardens,Large,False,True,100,16,16.666666666666668,125,7.499999999999999,20,165,40,3.333333333333332,12.000000000000004,5,5,Large
16.5,16,5,105,Shakib Al Hasan,All-Rounders,Gurkeerat Singh Mann,Batters,0,False,1.0,32,Kolkata,Eden Gardens,Large,False,True,101,16,16.833333333333332,125,7.425742574257426,20,165,40,3.166666666666668,12.631578947368416,5,5,Large
16.6,16,6,106,Shakib Al Hasan,All-Rounders,Gurkeerat Singh Mann,Batters,4,False,-2.0,32,Kolkata,Eden Gardens,Large,False,True,102,16,17.0,129,7.588235294117647,20,165,36,3.0,12.0,5,5,Large
17.1,17,1,107,Andre Russell,All-Rounders,David Miller,Batters,0,False,1.0,32,Kolkata,Eden Gardens,Large,False,True,103,17,17.166666666666668,129,7.514563106796116,20,165,36,2.833333333333332,12.70588235294118,5,5,Large
17.2,17,2,108,Andre Russell,All-Rounders,David Miller,Batters,0,False,1.0,32,Kolkata,Eden Gardens,Large,False,True,104,17,17.333333333333332,129,7.4423076923076925,20,165,36,2.666666666666668,13.499999999999996,5,5,Large
17.3,17,3,109,Andre Russell,All-Rounders,David Miller,Batters,0,True,5.0,32,Kolkata,Eden Gardens,Large,False,True,105,17,17.5,129,7.371428571428571,20,165,36,2.5,14.4,6,4,Large
17.4,17,4,110,Andre Russell,All-Rounders,Gurkeerat Singh Mann,Batters,1,False,-0.5,32,Kolkata,Eden Gardens,Large,False,True,106,17,17.666666666666668,130,7.358490566037735,20,165,35,2.333333333333332,15.000000000000009,6,4,Large
17.5,17,5,111,Andre Russell,All-Rounders,Axar Patel,All-Rounders,6,False,-3.0,32,Kolkata,Eden Gardens,Large,False,True,107,17,17.833333333333332,136,7.626168224299066,20,165,29,2.166666666666668,13.384615384615378,6,4,Large
17.6,17,6,112,Andre Russell,All-Rounders,Axar Patel,All-Rounders,6,False,-3.0,32,Kolkata,Eden Gardens,Large,False,True,108,17,18.0,142,7.888888888888889,20,165,23,2.0,11.5,6,4,Large
18.1,18,1,113,Morne Morkel,Bowlers,Gurkeerat Singh Mann,Batters,1,False,-0.5,32,Kolkata,Eden Gardens,Large,False,True,109,18,18.166666666666668,143,7.871559633027522,20,165,22,1.833333333333332,12.000000000000009,6,4,Large
18.2,18,2,114,Morne Morkel,Bowlers,Axar Patel,All-Rounders,4,False,-2.0,32,Kolkata,Eden Gardens,Large,False,True,110,18,18.33333333333333,147,8.01818181818182,20,165,18,1.666666666666668,10.799999999999992,6,4,Large
18.3,18,3,115,Morne Morkel,Bowlers,Axar Patel,All-Rounders,1,False,-0.5,32,Kolkata,Eden Gardens,Large,False,True,111,18,18.5,148,8.0,20,165,17,1.5,11.333333333333334,6,4,Large
18.4,18,4,116,Morne Morkel,Bowlers,Gurkeerat Singh Mann,Batters,1,False,-0.5,32,Kolkata,Eden Gardens,Large,False,True,112,18,18.666666666666668,149,7.982142857142857,20,165,16,1.333333333333332,12.00000000000001,6,4,Large
18.5,18,5,117,Morne Morkel,Bowlers,Axar Patel,All-Rounders,2,False,-1.0,32,Kolkata,Eden Gardens,Large,False,True,113,18,18.83333333333333,151,8.017699115044248,20,165,14,1.166666666666668,11.999999999999988,6,4,Large
18.6,18,6,118,Morne Morkel,Bowlers,Axar Patel,All-Rounders,1,False,-0.5,32,Kolkata,Eden Gardens,Large,False,True,114,18,19.0,152,8.0,20,165,13,1.0,13.0,6,4,Large
19.1,19,1,119,Andre Russell,All-Rounders,Axar Patel,All-Rounders,1,False,-0.5,32,Kolkata,Eden Gardens,Large,False,True,115,19,19.166666666666668,153,7.982608695652173,20,165,12,0.8333333333333321,14.40000000000002,6,4,Large
19.2,19,2,120,Andre Russell,All-Rounders,Gurkeerat Singh Mann,Batters,0,True,5.0,32,Kolkata,Eden Gardens,Large,False,True,116,19,19.33333333333333,153,7.913793103448277,20,165,12,0.6666666666666679,17.999999999999968,7,3,Large
19.3,19,3,121,Andre Russell,All-Rounders,Gurkeerat Singh Mann,Batters,0,True,5.0,32,Kolkata,Eden Gardens,Large,False,True,117,19,19.5,153,7.846153846153846,20,165,12,0.5,24.0,8,2,Large
19.4,19,4,122,Andre Russell,All-Rounders,Mohit Sharma,Bowlers,1,False,-0.5,32,Kolkata,Eden Gardens,Large,False,True,118,19,19.666666666666668,154,7.830508474576271,20,165,11,0.3333333333333321,33.00000000000012,8,2,Large
19.5,19,5,123,Andre Russell,All-Rounders,Swapnil Singh,Bowlers,0,True,5.0,32,Kolkata,Eden Gardens,Large,False,True,119,19,19.83333333333333,154,7.764705882352942,20,165,11,0.1666666666666678,65.99999999999953,9,1,Large
19.6,19,6,124,Andre Russell,All-Rounders,Sandeep Sharma,Bowlers,1,False,-0.5,32,Kolkata,Eden Gardens,Large,False,True,120,19,20.0,155,7.75,20,165,10,0.0,inf,9,1,Large
