Ball Number,over,ball,Ball,bowler,bowler_role,batsman,batsman_role,Runs,is_wicket,bowler_score,match_id,city,stadium,Stadium_Type,is_extra,legal_delivery,legal_deliveries_count,overs_completed,overs_bowled,total_runs,current_run_rate,total_overs,target,runs_needed,overs_remaining,required_run_rate,wickets_fallen,wickets_in_hand,Ground_Type
0.1,0,1,1,Ashok Dinda,Bowlers,David Warner,Batters,0,False,1.0,40,Visakhapatnam,Dr. Y.S. Rajasekhara Reddy ACA-VDCA Cricket Stadium,Large,False,True,1,0,0.1666666666666666,0,0.0,20,138,138,19.83333333333333,6.957983193277311,0,10,Large
0.2,0,2,2,Ashok Dinda,Bowlers,David Warner,Batters,0,False,1.0,40,Visakhapatnam,Dr. Y.S. Rajasekhara Reddy ACA-VDCA Cricket Stadium,Large,False,True,2,0,0.3333333333333333,0,0.0,20,138,138,19.666666666666668,7.016949152542373,0,10,Large
0.3,0,3,3,Ashok Dinda,Bowlers,David Warner,Batters,1,False,-0.5,40,Visakhapatnam,Dr. Y.S. Rajasekhara Reddy ACA-VDCA Cricket Stadium,Large,False,True,3,0,0.5,1,2.0,20,138,137,19.5,7.0256410256410255,0,10,Large
0.4,0,4,4,Ashok Dinda,Bowlers,Shikhar Dhawan,Batters,0,False,1.0,40,Visakhapatnam,Dr. Y.S. Rajasekhara Reddy ACA-VDCA Cricket Stadium,Large,False,True,4,0,0.6666666666666666,1,1.5,20,138,137,19.33333333333333,7.086206896551724,0,10,Large
0.5,0,5,5,Ashok Dinda,Bowlers,Shikhar Dhawan,Batters,0,False,1.0,40,Visakhapatnam,Dr. Y.S. Rajasekhara Reddy ACA-VDCA Cricket Stadium,Large,False,True,5,0,0.8333333333333334,1,1.2,20,138,137,19.166666666666668,7.147826086956521,0,10,Large
0.6,0,6,6,Ashok Dinda,Bowlers,Shikhar Dhawan,Batters,1,False,-0.5,40,Visakhapatnam,Dr. Y.S. Rajasekhara Reddy ACA-VDCA Cricket Stadium,Large,False,True,6,0,1.0,2,2.0,20,138,136,19.0,7.157894736842105,0,10,Large
1.1,1,1,7,Yuvraj Singh,,Shikhar Dhawan,Batters,1,False,-0.5,40,Visakhapatnam,Dr. Y.S. Rajasekhara Reddy ACA-VDCA Cricket Stadium,Large,False,True,7,1,1.1666666666666667,3,2.571428571428571,20,138,135,18.83333333333333,7.168141592920354,0,10,Large
1.2,1,2,8,Yuvraj Singh,,David Warner,Batters,0,False,1.0,40,Visakhapatnam,Dr. Y.S. Rajasekhara Reddy ACA-VDCA Cricket Stadium,Large,False,True,8,1,1.3333333333333333,3,2.25,20,138,135,18.666666666666668,7.232142857142857,0,10,Large
1.3,1,3,9,Yuvraj Singh,,David Warner,Batters,0,False,1.0,40,Visakhapatnam,Dr. Y.S. Rajasekhara Reddy ACA-VDCA Cricket Stadium,Large,False,True,9,1,1.5,3,2.0,20,138,135,18.5,7.297297297297297,0,10,Large
1.4,1,4,10,Yuvraj Singh,,David Warner,Batters,0,False,1.0,40,Visakhapatnam,Dr. Y.S. Rajasekhara Reddy ACA-VDCA Cricket Stadium,Large,False,True,10,1,1.6666666666666663,3,1.8000000000000005,20,138,135,18.33333333333333,7.363636363636364,0,10,Large
1.5,1,5,11,Yuvraj Singh,,David Warner,Batters,1,False,-1.0,40,Visakhapatnam,Dr. Y.S. Rajasekhara Reddy ACA-VDCA Cricket Stadium,Large,True,False,10,1,1.6666666666666663,4,2.4000000000000004,20,138,134,18.33333333333333,7.309090909090909,0,10,Large
1.5,1,5,12,Yuvraj Singh,,David Warner,Batters,6,False,-3.0,40,Visakhapatnam,Dr. Y.S. Rajasekhara Reddy ACA-VDCA Cricket Stadium,Large,False,True,11,1,1.8333333333333333,10,5.454545454545454,20,138,128,18.166666666666668,7.045871559633027,0,10,Large
1.6,1,6,13,Yuvraj Singh,,David Warner,Batters,1,False,-0.5,40,Visakhapatnam,Dr. Y.S. Rajasekhara Reddy ACA-VDCA Cricket Stadium,Large,False,True,12,1,2.0,11,5.5,20,138,127,18.0,7.055555555555555,0,10,Large
2.1,2,1,14,Ashok Dinda,Bowlers,David Warner,Batters,0,False,1.0,40,Visakhapatnam,Dr. Y.S. Rajasekhara Reddy ACA-VDCA Cricket Stadium,Large,False,True,13,2,2.1666666666666665,11,5.0769230769230775,20,138,127,17.833333333333332,7.121495327102804,0,10,Large
2.2,2,2,15,Ashok Dinda,Bowlers,David Warner,Batters,2,False,-1.0,40,Visakhapatnam,Dr. Y.S. Rajasekhara Reddy ACA-VDCA Cricket Stadium,Large,False,True,14,2,2.333333333333333,13,5.571428571428571,20,138,125,17.666666666666668,7.075471698113207,0,10,Large
2.3,2,3,16,Ashok Dinda,Bowlers,David Warner,Batters,0,False,1.0,40,Visakhapatnam,Dr. Y.S. Rajasekhara Reddy ACA-VDCA Cricket Stadium,Large,False,True,15,2,2.5,13,5.2,20,138,125,17.5,7.142857142857143,0,10,Large
2.4,2,4,17,Ashok Dinda,Bowlers,David Warner,Batters,1,False,-0.5,40,Visakhapatnam,Dr. Y.S. Rajasekhara Reddy ACA-VDCA Cricket Stadium,Large,False,True,16,2,2.6666666666666665,14,5.25,20,138,124,17.333333333333332,7.153846153846154,0,10,Large
2.5,2,5,18,Ashok Dinda,Bowlers,Shikhar Dhawan,Batters,0,False,1.0,40,Visakhapatnam,Dr. Y.S. Rajasekhara Reddy ACA-VDCA Cricket Stadium,Large,False,True,17,2,2.833333333333333,14,4.941176470588235,20,138,124,17.166666666666668,7.223300970873786,0,10,Large
2.6,2,6,19,Ashok Dinda,Bowlers,Shikhar Dhawan,Batters,4,False,-2.0,40,Visakhapatnam,Dr. Y.S. Rajasekhara Reddy ACA-VDCA Cricket Stadium,Large,False,True,18,2,3.0,18,6.0,20,138,120,17.0,7.0588235294117645,0,10,Large
3.1,3,1,20,Yuvraj Singh,,David Warner,Batters,0,False,1.0,40,Visakhapatnam,Dr. Y.S. Rajasekhara Reddy ACA-VDCA Cricket Stadium,Large,False,True,19,3,3.1666666666666665,18,5.684210526315789,20,138,120,16.833333333333332,7.128712871287129,0,10,Large
3.2,3,2,21,Yuvraj Singh,,David Warner,Batters,0,True,5.0,40,Visakhapatnam,Dr. Y.S. Rajasekhara Reddy ACA-VDCA Cricket Stadium,Large,False,True,20,3,3.333333333333333,18,5.4,20,138,120,16.666666666666668,7.199999999999999,1,9,Large
3.3,3,3,22,Yuvraj Singh,,Kane Williamson,Batters,0,False,1.0,40,Visakhapatnam,Dr. Y.S. Rajasekhara Reddy ACA-VDCA Cricket Stadium,Large,False,True,21,3,3.5,18,5.142857142857143,20,138,120,16.5,7.272727272727272,1,9,Large
3.4,3,4,23,Yuvraj Singh,,Kane Williamson,Batters,0,False,1.0,40,Visakhapatnam,Dr. Y.S. Rajasekhara Reddy ACA-VDCA Cricket Stadium,Large,False,True,22,3,3.6666666666666665,18,4.909090909090909,20,138,120,16.333333333333332,7.346938775510204,1,9,Large
3.5,3,5,24,Yuvraj Singh,,Kane Williamson,Batters,1,False,-0.5,40,Visakhapatnam,Dr. Y.S. Rajasekhara Reddy ACA-VDCA Cricket Stadium,Large,False,True,23,3,3.8333333333333335,19,4.956521739130435,20,138,119,16.166666666666668,7.360824742268041,1,9,Large
3.6,3,6,25,Yuvraj Singh,,Shikhar Dhawan,Batters,0,False,1.0,40,Visakhapatnam,Dr. Y.S. Rajasekhara Reddy ACA-VDCA Cricket Stadium,Large,False,True,24,3,4.0,19,4.75,20,138,119,16.0,7.4375,1,9,Large
4.1,4,1,26,Ashok Dinda,Bowlers,Kane Williamson,Batters,0,False,1.0,40,Visakhapatnam,Dr. Y.S. Rajasekhara Reddy ACA-VDCA Cricket Stadium,Large,False,True,25,4,4.166666666666667,19,4.56,20,138,119,15.833333333333332,7.515789473684211,1,9,Large
4.2,4,2,27,Ashok Dinda,Bowlers,Kane Williamson,Batters,0,False,1.0,40,Visakhapatnam,Dr. Y.S. Rajasekhara Reddy ACA-VDCA Cricket Stadium,Large,False,True,26,4,4.333333333333333,19,4.384615384615385,20,138,119,15.666666666666668,7.595744680851063,1,9,Large
4.3,4,3,28,Ashok Dinda,Bowlers,Kane Williamson,Batters,1,False,-1.0,40,Visakhapatnam,Dr. Y.S. Rajasekhara Reddy ACA-VDCA Cricket Stadium,Large,True,False,26,4,4.333333333333333,20,4.615384615384616,20,138,118,15.666666666666668,7.531914893617021,1,9,Large
4.3,4,3,29,Ashok Dinda,Bowlers,Kane Williamson,Batters,1,False,-0.5,40,Visakhapatnam,Dr. Y.S. Rajasekhara Reddy ACA-VDCA Cricket Stadium,Large,False,True,27,4,4.5,21,4.666666666666667,20,138,117,15.5,7.548387096774194,1,9,Large
4.4,4,4,30,Ashok Dinda,Bowlers,Shikhar Dhawan,Batters,0,False,1.0,40,Visakhapatnam,Dr. Y.S. Rajasekhara Reddy ACA-VDCA Cricket Stadium,Large,False,True,28,4,4.666666666666667,21,4.5,20,138,117,15.333333333333332,7.630434782608696,1,9,Large
4.5,4,5,31,Ashok Dinda,Bowlers,Shikhar Dhawan,Batters,0,False,1.0,40,Visakhapatnam,Dr. Y.S. Rajasekhara Reddy ACA-VDCA Cricket Stadium,Large,False,True,29,4,4.833333333333333,21,4.344827586206897,20,138,117,15.166666666666668,7.7142857142857135,1,9,Large
4.6,4,6,32,Ashok Dinda,Bowlers,Shikhar Dhawan,Batters,0,False,1.0,40,Visakhapatnam,Dr. Y.S. Rajasekhara Reddy ACA-VDCA Cricket Stadium,Large,False,True,30,4,5.0,21,4.2,20,138,117,15.0,7.8,1,9,Large
5.1,5,1,33,Yuvraj Singh,,Kane Williamson,Batters,1,False,-0.5,40,Visakhapatnam,Dr. Y.S. Rajasekhara Reddy ACA-VDCA Cricket Stadium,Large,False,True,31,5,5.166666666666667,22,4.258064516129032,20,138,116,14.833333333333332,7.820224719101124,1,9,Large
5.2,5,2,34,Yuvraj Singh,,Shikhar Dhawan,Batters,0,False,1.0,40,Visakhapatnam,Dr. Y.S. Rajasekhara Reddy ACA-VDCA Cricket Stadium,Large,False,True,32,5,5.333333333333333,22,4.125,20,138,116,14.666666666666668,7.909090909090908,1,9,Large
5.3,5,3,35,Yuvraj Singh,,Shikhar Dhawan,Batters,0,False,1.0,40,Visakhapatnam,Dr. Y.S. Rajasekhara Reddy ACA-VDCA Cricket Stadium,Large,False,True,33,5,5.5,22,4.0,20,138,116,14.5,8.0,1,9,Large
5.4,5,4,36,Yuvraj Singh,,Shikhar Dhawan,Batters,4,False,-2.0,40,Visakhapatnam,Dr. Y.S. Rajasekhara Reddy ACA-VDCA Cricket Stadium,Large,False,True,34,5,5.666666666666667,26,4.588235294117647,20,138,112,14.333333333333332,7.813953488372094,1,9,Large
5.5,5,5,37,Yuvraj Singh,,Shikhar Dhawan,Batters,2,False,-1.0,40,Visakhapatnam,Dr. Y.S. Rajasekhara Reddy ACA-VDCA Cricket Stadium,Large,False,True,35,5,5.833333333333333,28,4.8,20,138,110,14.166666666666668,7.76470588235294,1,9,Large
5.6,5,6,38,Yuvraj Singh,,Shikhar Dhawan,Batters,6,False,-3.0,40,Visakhapatnam,Dr. Y.S. Rajasekhara Reddy ACA-VDCA Cricket Stadium,Large,False,True,36,5,6.0,34,5.666666666666667,20,138,104,14.0,7.428571428571429,1,9,Large
6.1,6,1,39,Ravichandran Ashwin,All-Rounders,Kane Williamson,Batters,0,False,1.0,40,Visakhapatnam,Dr. Y.S. Rajasekhara Reddy ACA-VDCA Cricket Stadium,Large,False,True,37,6,6.166666666666667,34,5.513513513513513,20,138,104,13.833333333333332,7.518072289156627,1,9,Large
6.2,6,2,40,Ravichandran Ashwin,All-Rounders,Kane Williamson,Batters,0,False,1.0,40,Visakhapatnam,Dr. Y.S. Rajasekhara Reddy ACA-VDCA Cricket Stadium,Large,False,True,38,6,6.333333333333333,34,5.368421052631579,20,138,104,13.666666666666668,7.609756097560975,1,9,Large
6.3,6,3,41,Ravichandran Ashwin,All-Rounders,Kane Williamson,Batters,2,False,-1.0,40,Visakhapatnam,Dr. Y.S. Rajasekhara Reddy ACA-VDCA Cricket Stadium,Large,True,False,38,6,6.333333333333333,36,5.684210526315789,20,138,102,13.666666666666668,7.463414634146341,1,9,Large
6.3,6,3,42,Ravichandran Ashwin,All-Rounders,Shikhar Dhawan,Batters,2,False,-1.0,40,Visakhapatnam,Dr. Y.S. Rajasekhara Reddy ACA-VDCA Cricket Stadium,Large,False,True,39,6,6.5,38,5.846153846153846,20,138,100,13.5,7.407407407407407,1,9,Large
6.4,6,4,43,Ravichandran Ashwin,All-Rounders,Shikhar Dhawan,Batters,1,False,-0.5,40,Visakhapatnam,Dr. Y.S. Rajasekhara Reddy ACA-VDCA Cricket Stadium,Large,False,True,40,6,6.666666666666667,39,5.85,20,138,99,13.333333333333332,7.425000000000001,1,9,Large
6.5,6,5,44,Ravichandran Ashwin,All-Rounders,Kane Williamson,Batters,0,False,1.0,40,Visakhapatnam,Dr. Y.S. Rajasekhara Reddy ACA-VDCA Cricket Stadium,Large,False,True,41,6,6.833333333333333,39,5.707317073170732,20,138,99,13.166666666666668,7.518987341772151,1,9,Large
6.6,6,6,45,Ravichandran Ashwin,All-Rounders,Kane Williamson,Batters,1,False,-0.5,40,Visakhapatnam,Dr. Y.S. Rajasekhara Reddy ACA-VDCA Cricket Stadium,Large,False,True,42,6,7.0,40,5.714285714285714,20,138,98,13.0,7.538461538461538,1,9,Large
7.1,7,1,46,Adam Zampa,Bowlers,Kane Williamson,Batters,1,False,-0.5,40,Visakhapatnam,Dr. Y.S. Rajasekhara Reddy ACA-VDCA Cricket Stadium,Large,False,True,43,7,7.166666666666667,41,5.720930232558139,20,138,97,12.833333333333332,7.558441558441559,1,9,Large
7.2,7,2,47,Adam Zampa,Bowlers,Shikhar Dhawan,Batters,1,False,-0.5,40,Visakhapatnam,Dr. Y.S. Rajasekhara Reddy ACA-VDCA Cricket Stadium,Large,False,True,44,7,7.333333333333333,42,5.727272727272728,20,138,96,12.666666666666668,7.578947368421052,1,9,Large
7.3,7,3,48,Adam Zampa,Bowlers,Kane Williamson,Batters,1,False,-0.5,40,Visakhapatnam,Dr. Y.S. Rajasekhara Reddy ACA-VDCA Cricket Stadium,Large,False,True,45,7,7.5,43,5.733333333333333,20,138,95,12.5,7.6,1,9,Large
7.4,7,4,49,Adam Zampa,Bowlers,Shikhar Dhawan,Batters,2,False,-1.0,40,Visakhapatnam,Dr. Y.S. Rajasekhara Reddy ACA-VDCA Cricket Stadium,Large,False,True,46,7,7.666666666666667,45,5.869565217391304,20,138,93,12.333333333333332,7.540540540540541,1,9,Large
7.5,7,5,50,Adam Zampa,Bowlers,Shikhar Dhawan,Batters,0,False,1.0,40,Visakhapatnam,Dr. Y.S. Rajasekhara Reddy ACA-VDCA Cricket Stadium,Large,False,True,47,7,7.833333333333333,45,5.74468085106383,20,138,93,12.166666666666668,7.643835616438356,1,9,Large
7.6,7,6,51,Adam Zampa,Bowlers,Shikhar Dhawan,Batters,0,False,1.0,40,Visakhapatnam,Dr. Y.S. Rajasekhara Reddy ACA-VDCA Cricket Stadium,Large,False,True,48,7,8.0,45,5.625,20,138,93,12.0,7.75,1,9,Large
8.1,8,1,52,Ravichandran Ashwin,All-Rounders,Kane Williamson,Batters,0,False,1.0,40,Visakhapatnam,Dr. Y.S. Rajasekhara Reddy ACA-VDCA Cricket Stadium,Large,False,True,49,8,8.166666666666666,45,5.510204081632653,20,138,93,11.833333333333334,7.859154929577464,1,9,Large
8.2,8,2,53,Ravichandran Ashwin,All-Rounders,Kane Williamson,Batters,1,False,-0.5,40,Visakhapatnam,Dr. Y.S. Rajasekhara Reddy ACA-VDCA Cricket Stadium,Large,False,True,50,8,8.333333333333334,46,5.52,20,138,92,11.666666666666666,7.885714285714286,1,9,Large
8.3,8,3,54,Ravichandran Ashwin,All-Rounders,Shikhar Dhawan,Batters,0,False,1.0,40,Visakhapatnam,Dr. Y.S. Rajasekhara Reddy ACA-VDCA Cricket Stadium,Large,False,True,51,8,8.5,46,5.411764705882353,20,138,92,11.5,8.0,1,9,Large
8.4,8,4,55,Ravichandran Ashwin,All-Rounders,Shikhar Dhawan,Batters,1,False,-0.5,40,Visakhapatnam,Dr. Y.S. Rajasekhara Reddy ACA-VDCA Cricket Stadium,Large,False,True,52,8,8.666666666666666,47,5.423076923076923,20,138,91,11.333333333333334,8.029411764705882,1,9,Large
8.5,8,5,56,Ravichandran Ashwin,All-Rounders,Kane Williamson,Batters,4,False,-2.0,40,Visakhapatnam,Dr. Y.S. Rajasekhara Reddy ACA-VDCA Cricket Stadium,Large,False,True,53,8,8.833333333333334,51,5.773584905660377,20,138,87,11.166666666666666,7.791044776119404,1,9,Large
8.6,8,6,57,Ravichandran Ashwin,All-Rounders,Kane Williamson,Batters,0,False,1.0,40,Visakhapatnam,Dr. Y.S. Rajasekhara Reddy ACA-VDCA Cricket Stadium,Large,False,True,54,8,9.0,51,5.666666666666667,20,138,87,11.0,7.909090909090909,1,9,Large
9.1,9,1,58,Rajat Bhatia,All-Rounders,Shikhar Dhawan,Batters,1,False,-0.5,40,Visakhapatnam,Dr. Y.S. Rajasekhara Reddy ACA-VDCA Cricket Stadium,Large,False,True,55,9,9.166666666666666,52,5.672727272727273,20,138,86,10.833333333333334,7.938461538461538,1,9,Large
9.2,9,2,59,Rajat Bhatia,All-Rounders,Kane Williamson,Batters,1,False,-0.25,40,Visakhapatnam,Dr. Y.S. Rajasekhara Reddy ACA-VDCA Cricket Stadium,Large,False,True,56,9,9.333333333333334,53,5.678571428571428,20,138,85,10.666666666666666,7.96875,1,9,Large
9.3,9,3,60,Rajat Bhatia,All-Rounders,Shikhar Dhawan,Batters,6,False,-3.0,40,Visakhapatnam,Dr. Y.S. Rajasekhara Reddy ACA-VDCA Cricket Stadium,Large,False,True,57,9,9.5,59,6.2105263157894735,20,138,79,10.5,7.523809523809524,1,9,Large
9.4,9,4,61,Rajat Bhatia,All-Rounders,Shikhar Dhawan,Batters,1,False,-0.5,40,Visakhapatnam,Dr. Y.S. Rajasekhara Reddy ACA-VDCA Cricket Stadium,Large,False,True,58,9,9.666666666666666,60,6.206896551724138,20,138,78,10.333333333333334,7.548387096774193,1,9,Large
9.5,9,5,62,Rajat Bhatia,All-Rounders,Kane Williamson,Batters,2,False,-1.0,40,Visakhapatnam,Dr. Y.S. Rajasekhara Reddy ACA-VDCA Cricket Stadium,Large,False,True,59,9,9.833333333333334,62,6.305084745762711,20,138,76,10.166666666666666,7.475409836065574,1,9,Large
9.6,9,6,63,Rajat Bhatia,All-Rounders,Kane Williamson,Batters,1,False,-0.5,40,Visakhapatnam,Dr. Y.S. Rajasekhara Reddy ACA-VDCA Cricket Stadium,Large,False,True,60,9,10.0,63,6.3,20,138,75,10.0,7.5,1,9,Large
10.1,10,1,64,Ravichandran Ashwin,All-Rounders,Kane Williamson,Batters,1,False,-0.5,40,Visakhapatnam,Dr. Y.S. Rajasekhara Reddy ACA-VDCA Cricket Stadium,Large,False,True,61,10,10.166666666666666,64,6.295081967213116,20,138,74,9.833333333333334,7.525423728813559,1,9,Large
10.2,10,2,65,Ravichandran Ashwin,All-Rounders,Shikhar Dhawan,Batters,0,True,5.0,40,Visakhapatnam,Dr. Y.S. Rajasekhara Reddy ACA-VDCA Cricket Stadium,Large,False,True,62,10,10.333333333333334,64,6.193548387096774,20,138,74,9.666666666666666,7.655172413793104,2,8,Large
10.3,10,3,66,Ravichandran Ashwin,All-Rounders,Kane Williamson,Batters,0,False,1.0,40,Visakhapatnam,Dr. Y.S. Rajasekhara Reddy ACA-VDCA Cricket Stadium,Large,False,True,63,10,10.5,64,6.095238095238095,20,138,74,9.5,7.7894736842105265,2,8,Large
10.4,10,4,67,Ravichandran Ashwin,All-Rounders,Kane Williamson,Batters,1,False,-0.5,40,Visakhapatnam,Dr. Y.S. Rajasekhara Reddy ACA-VDCA Cricket Stadium,Large,False,True,64,10,10.666666666666666,65,6.09375,20,138,73,9.333333333333334,7.821428571428571,2,8,Large
10.5,10,5,68,Ravichandran Ashwin,All-Rounders,Yuvraj Singh,Batters,0,False,1.0,40,Visakhapatnam,Dr. Y.S. Rajasekhara Reddy ACA-VDCA Cricket Stadium,Large,False,True,65,10,10.833333333333334,65,6.0,20,138,73,9.166666666666666,7.963636363636364,2,8,Large
10.6,10,6,69,Ravichandran Ashwin,All-Rounders,Yuvraj Singh,Batters,1,False,-0.5,40,Visakhapatnam,Dr. Y.S. Rajasekhara Reddy ACA-VDCA Cricket Stadium,Large,False,True,66,10,11.0,66,6.0,20,138,72,9.0,8.0,2,8,Large
11.1,11,1,70,Rajat Bhatia,All-Rounders,Yuvraj Singh,Batters,0,False,1.0,40,Visakhapatnam,Dr. Y.S. Rajasekhara Reddy ACA-VDCA Cricket Stadium,Large,False,True,67,11,11.166666666666666,66,5.91044776119403,20,138,72,8.833333333333334,8.150943396226415,2,8,Large
11.2,11,2,71,Rajat Bhatia,All-Rounders,Yuvraj Singh,Batters,0,False,1.0,40,Visakhapatnam,Dr. Y.S. Rajasekhara Reddy ACA-VDCA Cricket Stadium,Large,False,True,68,11,11.333333333333334,66,5.823529411764706,20,138,72,8.666666666666666,8.307692307692308,2,8,Large
11.3,11,3,72,Rajat Bhatia,All-Rounders,Yuvraj Singh,Batters,0,False,1.0,40,Visakhapatnam,Dr. Y.S. Rajasekhara Reddy ACA-VDCA Cricket Stadium,Large,False,True,69,11,11.5,66,5.739130434782608,20,138,72,8.5,8.470588235294118,2,8,Large
11.4,11,4,73,Rajat Bhatia,All-Rounders,Yuvraj Singh,Batters,1,False,-0.5,40,Visakhapatnam,Dr. Y.S. Rajasekhara Reddy ACA-VDCA Cricket Stadium,Large,False,True,70,11,11.666666666666666,67,5.742857142857143,20,138,71,8.333333333333334,8.52,2,8,Large
11.5,11,5,74,Rajat Bhatia,All-Rounders,Kane Williamson,Batters,1,False,-0.5,40,Visakhapatnam,Dr. Y.S. Rajasekhara Reddy ACA-VDCA Cricket Stadium,Large,False,True,71,11,11.833333333333334,68,5.746478873239436,20,138,70,8.166666666666666,8.571428571428571,2,8,Large
11.6,11,6,75,Rajat Bhatia,All-Rounders,Yuvraj Singh,Batters,1,False,-0.5,40,Visakhapatnam,Dr. Y.S. Rajasekhara Reddy ACA-VDCA Cricket Stadium,Large,False,True,72,11,12.0,69,5.75,20,138,69,8.0,8.625,2,8,Large
12.1,12,1,76,Ravichandran Ashwin,All-Rounders,Yuvraj Singh,Batters,0,False,1.0,40,Visakhapatnam,Dr. Y.S. Rajasekhara Reddy ACA-VDCA Cricket Stadium,Large,False,True,73,12,12.166666666666666,69,5.671232876712329,20,138,69,7.833333333333334,8.808510638297872,2,8,Large
12.2,12,2,77,Ravichandran Ashwin,All-Rounders,Yuvraj Singh,Batters,0,False,1.0,40,Visakhapatnam,Dr. Y.S. Rajasekhara Reddy ACA-VDCA Cricket Stadium,Large,False,True,74,12,12.333333333333334,69,5.594594594594595,20,138,69,7.666666666666666,9.0,2,8,Large
12.3,12,3,78,Ravichandran Ashwin,All-Rounders,Yuvraj Singh,Batters,0,False,1.0,40,Visakhapatnam,Dr. Y.S. Rajasekhara Reddy ACA-VDCA Cricket Stadium,Large,False,True,75,12,12.5,69,5.52,20,138,69,7.5,9.2,2,8,Large
12.4,12,4,79,Ravichandran Ashwin,All-Rounders,Yuvraj Singh,Batters,0,False,1.0,40,Visakhapatnam,Dr. Y.S. Rajasekhara Reddy ACA-VDCA Cricket Stadium,Large,False,True,76,12,12.666666666666666,69,5.447368421052632,20,138,69,7.333333333333334,9.409090909090908,2,8,Large
12.5,12,5,80,Ravichandran Ashwin,All-Rounders,Yuvraj Singh,Batters,1,False,-0.5,40,Visakhapatnam,Dr. Y.S. Rajasekhara Reddy ACA-VDCA Cricket Stadium,Large,False,True,77,12,12.833333333333334,70,5.454545454545454,20,138,68,7.166666666666666,9.488372093023257,2,8,Large
12.6,12,6,81,Ravichandran Ashwin,All-Rounders,Kane Williamson,Batters,0,False,1.0,40,Visakhapatnam,Dr. Y.S. Rajasekhara Reddy ACA-VDCA Cricket Stadium,Large,False,True,78,12,13.0,70,5.384615384615385,20,138,68,7.0,9.714285714285714,2,8,Large
13.1,13,1,82,Rajat Bhatia,All-Rounders,Yuvraj Singh,Batters,0,False,1.0,40,Visakhapatnam,Dr. Y.S. Rajasekhara Reddy ACA-VDCA Cricket Stadium,Large,False,True,79,13,13.166666666666666,70,5.316455696202532,20,138,68,6.833333333333334,9.951219512195122,2,8,Large
13.2,13,2,83,Rajat Bhatia,All-Rounders,Yuvraj Singh,Batters,1,False,-0.5,40,Visakhapatnam,Dr. Y.S. Rajasekhara Reddy ACA-VDCA Cricket Stadium,Large,False,True,80,13,13.333333333333334,71,5.325,20,138,67,6.666666666666666,10.05,2,8,Large
13.3,13,3,84,Rajat Bhatia,All-Rounders,Kane Williamson,Batters,4,False,-2.0,40,Visakhapatnam,Dr. Y.S. Rajasekhara Reddy ACA-VDCA Cricket Stadium,Large,False,True,81,13,13.5,75,5.555555555555555,20,138,63,6.5,9.692307692307692,2,8,Large
13.4,13,4,85,Rajat Bhatia,All-Rounders,Kane Williamson,Batters,0,False,1.0,40,Visakhapatnam,Dr. Y.S. Rajasekhara Reddy ACA-VDCA Cricket Stadium,Large,False,True,82,13,13.666666666666666,75,5.487804878048781,20,138,63,6.333333333333334,9.94736842105263,2,8,Large
13.5,13,5,86,Rajat Bhatia,All-Rounders,Kane Williamson,Batters,1,False,-0.5,40,Visakhapatnam,Dr. Y.S. Rajasekhara Reddy ACA-VDCA Cricket Stadium,Large,False,True,83,13,13.833333333333334,76,5.493975903614458,20,138,62,6.166666666666666,10.054054054054054,2,8,Large
13.6,13,6,87,Rajat Bhatia,All-Rounders,Yuvraj Singh,Batters,6,False,-3.0,40,Visakhapatnam,Dr. Y.S. Rajasekhara Reddy ACA-VDCA Cricket Stadium,Large,False,True,84,13,14.0,82,5.857142857142857,20,138,56,6.0,9.333333333333334,2,8,Large
14.1,14,1,88,Thisara Perera,All-Rounders,Kane Williamson,Batters,1,False,-0.5,40,Visakhapatnam,Dr. Y.S. Rajasekhara Reddy ACA-VDCA Cricket Stadium,Large,False,True,85,14,14.166666666666666,83,5.858823529411765,20,138,55,5.833333333333334,9.428571428571429,2,8,Large
14.2,14,2,89,Thisara Perera,All-Rounders,Yuvraj Singh,Batters,6,False,-3.0,40,Visakhapatnam,Dr. Y.S. Rajasekhara Reddy ACA-VDCA Cricket Stadium,Large,False,True,86,14,14.333333333333334,89,6.209302325581395,20,138,49,5.666666666666666,8.647058823529413,2,8,Large
14.3,14,3,90,Thisara Perera,All-Rounders,Yuvraj Singh,Batters,4,False,-2.0,40,Visakhapatnam,Dr. Y.S. Rajasekhara Reddy ACA-VDCA Cricket Stadium,Large,False,True,87,14,14.5,93,6.413793103448276,20,138,45,5.5,8.181818181818182,2,8,Large
14.4,14,4,91,Thisara Perera,All-Rounders,Yuvraj Singh,Batters,1,False,-0.5,40,Visakhapatnam,Dr. Y.S. Rajasekhara Reddy ACA-VDCA Cricket Stadium,Large,False,True,88,14,14.666666666666666,94,6.409090909090909,20,138,44,5.333333333333334,8.249999999999998,2,8,Large
14.5,14,5,92,Thisara Perera,All-Rounders,Kane Williamson,Batters,1,False,-0.5,40,Visakhapatnam,Dr. Y.S. Rajasekhara Reddy ACA-VDCA Cricket Stadium,Large,False,True,89,14,14.833333333333334,95,6.404494382022472,20,138,43,5.166666666666666,8.322580645161292,2,8,Large
14.6,14,6,93,Thisara Perera,All-Rounders,Yuvraj Singh,Batters,1,False,-0.5,40,Visakhapatnam,Dr. Y.S. Rajasekhara Reddy ACA-VDCA Cricket Stadium,Large,False,True,90,14,15.0,96,6.4,20,138,42,5.0,8.4,2,8,Large
15.1,15,1,94,Adam Zampa,Bowlers,Yuvraj Singh,Batters,0,False,1.0,40,Visakhapatnam,Dr. Y.S. Rajasekhara Reddy ACA-VDCA Cricket Stadium,Large,False,True,91,15,15.166666666666666,96,6.32967032967033,20,138,42,4.833333333333334,8.689655172413792,2,8,Large
15.2,15,2,95,Adam Zampa,Bowlers,Yuvraj Singh,Batters,0,True,5.0,40,Visakhapatnam,Dr. Y.S. Rajasekhara Reddy ACA-VDCA Cricket Stadium,Large,False,True,92,15,15.333333333333334,96,6.260869565217391,20,138,42,4.666666666666666,9.000000000000002,3,7,Large
15.3,15,3,96,Adam Zampa,Bowlers,Kane Williamson,Batters,1,False,-0.5,40,Visakhapatnam,Dr. Y.S. Rajasekhara Reddy ACA-VDCA Cricket Stadium,Large,False,True,93,15,15.5,97,6.258064516129032,20,138,41,4.5,9.11111111111111,3,7,Large
15.4,15,4,97,Adam Zampa,Bowlers,Moises Henriques,All-Rounders,1,False,-0.5,40,Visakhapatnam,Dr. Y.S. Rajasekhara Reddy ACA-VDCA Cricket Stadium,Large,False,True,94,15,15.666666666666666,98,6.25531914893617,20,138,40,4.333333333333334,9.23076923076923,3,7,Large
15.5,15,5,98,Adam Zampa,Bowlers,Kane Williamson,Batters,1,False,-0.5,40,Visakhapatnam,Dr. Y.S. Rajasekhara Reddy ACA-VDCA Cricket Stadium,Large,False,True,95,15,15.833333333333334,99,6.252631578947368,20,138,39,4.166666666666666,9.36,3,7,Large
15.6,15,6,99,Adam Zampa,Bowlers,Moises Henriques,All-Rounders,0,False,1.0,40,Visakhapatnam,Dr. Y.S. Rajasekhara Reddy ACA-VDCA Cricket Stadium,Large,False,True,96,15,16.0,99,6.1875,20,138,39,4.0,9.75,3,7,Large
16.1,16,1,100,Thisara Perera,All-Rounders,Kane Williamson,Batters,0,False,1.0,40,Visakhapatnam,Dr. Y.S. Rajasekhara Reddy ACA-VDCA Cricket Stadium,Large,False,True,97,16,16.166666666666668,99,6.123711340206185,20,138,39,3.833333333333332,10.173913043478263,3,7,Large
16.2,16,2,101,Thisara Perera,All-Rounders,Kane Williamson,Batters,1,False,-0.5,40,Visakhapatnam,Dr. Y.S. Rajasekhara Reddy ACA-VDCA Cricket Stadium,Large,False,True,98,16,16.333333333333332,100,6.122448979591837,20,138,38,3.666666666666668,10.36363636363636,3,7,Large
16.3,16,3,102,Thisara Perera,All-Rounders,Moises Henriques,All-Rounders,2,False,-1.0,40,Visakhapatnam,Dr. Y.S. Rajasekhara Reddy ACA-VDCA Cricket Stadium,Large,False,True,99,16,16.5,102,6.181818181818182,20,138,36,3.5,10.285714285714286,3,7,Large
16.4,16,4,103,Thisara Perera,All-Rounders,Moises Henriques,All-Rounders,4,False,-2.0,40,Visakhapatnam,Dr. Y.S. Rajasekhara Reddy ACA-VDCA Cricket Stadium,Large,False,True,100,16,16.666666666666668,106,6.359999999999999,20,138,32,3.333333333333332,9.600000000000003,3,7,Large
16.5,16,5,104,Thisara Perera,All-Rounders,Moises Henriques,All-Rounders,1,False,-0.5,40,Visakhapatnam,Dr. Y.S. Rajasekhara Reddy ACA-VDCA Cricket Stadium,Large,False,True,101,16,16.833333333333332,107,6.356435643564357,20,138,31,3.166666666666668,9.789473684210522,3,7,Large
16.6,16,6,105,Thisara Perera,All-Rounders,Kane Williamson,Batters,4,False,-2.0,40,Visakhapatnam,Dr. Y.S. Rajasekhara Reddy ACA-VDCA Cricket Stadium,Large,False,True,102,16,17.0,111,6.529411764705882,20,138,27,3.0,9.0,3,7,Large
17.1,17,1,106,Adam Zampa,Bowlers,Moises Henriques,All-Rounders,1,False,-0.5,40,Visakhapatnam,Dr. Y.S. Rajasekhara Reddy ACA-VDCA Cricket Stadium,Large,False,True,103,17,17.166666666666668,112,6.524271844660194,20,138,26,2.833333333333332,9.1764705882353,3,7,Large
17.2,17,2,107,Adam Zampa,Bowlers,Kane Williamson,Batters,1,False,-0.5,40,Visakhapatnam,Dr. Y.S. Rajasekhara Reddy ACA-VDCA Cricket Stadium,Large,False,True,104,17,17.333333333333332,113,6.51923076923077,20,138,25,2.666666666666668,9.374999999999996,3,7,Large
17.3,17,3,108,Adam Zampa,Bowlers,Moises Henriques,All-Rounders,1,False,-0.5,40,Visakhapatnam,Dr. Y.S. Rajasekhara Reddy ACA-VDCA Cricket Stadium,Large,False,True,105,17,17.5,114,6.514285714285714,20,138,24,2.5,9.6,3,7,Large
17.4,17,4,109,Adam Zampa,Bowlers,Kane Williamson,Batters,0,True,5.0,40,Visakhapatnam,Dr. Y.S. Rajasekhara Reddy ACA-VDCA Cricket Stadium,Large,False,True,106,17,17.666666666666668,114,6.452830188679245,20,138,24,2.333333333333332,10.285714285714292,4,6,Large
17.5,17,5,110,Adam Zampa,Bowlers,Moises Henriques,All-Rounders,0,True,5.0,40,Visakhapatnam,Dr. Y.S. Rajasekhara Reddy ACA-VDCA Cricket Stadium,Large,False,True,107,17,17.833333333333332,114,6.392523364485982,20,138,24,2.166666666666668,11.076923076923071,5,5,Large
17.6,17,6,111,Adam Zampa,Bowlers,Naman Ojha,Batters,0,False,1.0,40,Visakhapatnam,Dr. Y.S. Rajasekhara Reddy ACA-VDCA Cricket Stadium,Large,False,True,108,17,18.0,114,6.333333333333333,20,138,24,2.0,12.0,5,5,Large
18.1,18,1,112,Ashok Dinda,Bowlers,Deepak Hooda,All-Rounders,1,False,-0.5,40,Visakhapatnam,Dr. Y.S. Rajasekhara Reddy ACA-VDCA Cricket Stadium,Large,False,True,109,18,18.166666666666668,115,6.330275229357798,20,138,23,1.833333333333332,12.545454545454554,5,5,Large
18.2,18,2,113,Ashok Dinda,Bowlers,Naman Ojha,Batters,4,False,-2.0,40,Visakhapatnam,Dr. Y.S. Rajasekhara Reddy ACA-VDCA Cricket Stadium,Large,False,True,110,18,18.33333333333333,119,6.490909090909091,20,138,19,1.666666666666668,11.399999999999991,5,5,Large
18.3,18,3,114,Ashok Dinda,Bowlers,Naman Ojha,Batters,1,False,-0.5,40,Visakhapatnam,Dr. Y.S. Rajasekhara Reddy ACA-VDCA Cricket Stadium,Large,False,True,111,18,18.5,120,6.486486486486487,20,138,18,1.5,12.0,5,5,Large
18.4,18,4,115,Ashok Dinda,Bowlers,Deepak Hooda,All-Rounders,6,False,-3.0,40,Visakhapatnam,Dr. Y.S. Rajasekhara Reddy ACA-VDCA Cricket Stadium,Large,False,True,112,18,18.666666666666668,126,6.75,20,138,12,1.333333333333332,9.000000000000009,5,5,Large
18.5,18,5,116,Ashok Dinda,Bowlers,Deepak Hooda,All-Rounders,1,False,-0.5,40,Visakhapatnam,Dr. Y.S. Rajasekhara Reddy ACA-VDCA Cricket Stadium,Large,False,True,113,18,18.83333333333333,127,6.743362831858407,20,138,11,1.166666666666668,9.428571428571418,5,5,Large
18.6,18,6,117,Ashok Dinda,Bowlers,Naman Ojha,Batters,2,False,-1.0,40,Visakhapatnam,Dr. Y.S. Rajasekhara Reddy ACA-VDCA Cricket Stadium,Large,False,True,114,18,19.0,129,6.789473684210527,20,138,9,1.0,9.0,5,5,Large
19.1,19,1,118,Adam Zampa,Bowlers,Deepak Hooda,All-Rounders,6,False,-3.0,40,Visakhapatnam,Dr. Y.S. Rajasekhara Reddy ACA-VDCA Cricket Stadium,Large,False,True,115,19,19.166666666666668,135,7.0434782608695645,20,138,3,0.8333333333333321,3.600000000000005,5,5,Large
19.2,19,2,119,Adam Zampa,Bowlers,Deepak Hooda,All-Rounders,0,True,5.0,40,Visakhapatnam,Dr. Y.S. Rajasekhara Reddy ACA-VDCA Cricket Stadium,Large,False,True,116,19,19.33333333333333,135,6.982758620689656,20,138,3,0.6666666666666679,4.499999999999992,6,4,Large
19.3,19,3,120,Adam Zampa,Bowlers,Bhuvneshwar Kumar,Bowlers,1,False,-0.5,40,Visakhapatnam,Dr. Y.S. Rajasekhara Reddy ACA-VDCA Cricket Stadium,Large,False,True,117,19,19.5,136,6.974358974358975,20,138,2,0.5,4.0,6,4,Large
19.4,19,4,121,Adam Zampa,Bowlers,Naman Ojha,Batters,0,True,5.0,40,Visakhapatnam,Dr. Y.S. Rajasekhara Reddy ACA-VDCA Cricket Stadium,Large,False,True,118,19,19.666666666666668,136,6.915254237288135,20,138,2,0.3333333333333321,6.000000000000021,7,3,Large
19.5,19,5,122,Adam Zampa,Bowlers,Barinder Sran,Bowlers,1,False,-0.5,40,Visakhapatnam,Dr. Y.S. Rajasekhara Reddy ACA-VDCA Cricket Stadium,Large,False,True,119,19,19.83333333333333,137,6.907563025210084,20,138,1,0.1666666666666678,5.999999999999957,7,3,Large
19.6,19,6,123,Adam Zampa,Bowlers,Bhuvneshwar Kumar,Bowlers,0,True,5.0,40,Visakhapatnam,Dr. Y.S. Rajasekhara Reddy ACA-VDCA Cricket Stadium,Large,False,True,120,19,20.0,137,6.85,20,138,1,0.0,inf,8,2,Large
