Ball Number,over,ball,Ball,bowler,bowler_role,batsman,batsman_role,Runs,is_wicket,bowler_score,match_id,city,stadium,Stadium_Type,is_extra,legal_delivery,legal_deliveries_count,overs_completed,overs_bowled,total_runs,current_run_rate,total_overs,target,runs_needed,overs_remaining,required_run_rate,wickets_fallen,wickets_in_hand,Ground_Type
0.1,0,1,1,Jayant Yadav,Bowlers,David Warner,Batters,1,False,-0.5,42,Uppal,Rajiv Gandhi International Stadium,Medium,False,True,1,0,0.1666666666666666,1,6.0,20,147,146,19.83333333333333,7.3613445378151265,0,10,Medium
0.2,0,2,2,Jayant Yadav,Bowlers,Shikhar Dhawan,Batters,1,False,-0.5,42,Uppal,Rajiv Gandhi International Stadium,Medium,False,True,2,0,0.3333333333333333,2,6.0,20,147,145,19.666666666666668,7.372881355932203,0,10,Medium
0.3,0,3,3,Jayant Yadav,Bowlers,David Warner,Batters,1,False,-0.5,42,Uppal,Rajiv Gandhi International Stadium,Medium,False,True,3,0,0.5,3,6.0,20,147,144,19.5,7.384615384615385,0,10,Medium
0.4,0,4,4,Jayant Yadav,Bowlers,Shikhar Dhawan,Batters,0,False,1.0,42,Uppal,Rajiv Gandhi International Stadium,Medium,False,True,4,0,0.6666666666666666,3,4.5,20,147,144,19.33333333333333,7.448275862068966,0,10,Medium
0.5,0,5,5,Jayant Yadav,Bowlers,Shikhar Dhawan,Batters,2,False,-1.0,42,Uppal,Rajiv Gandhi International Stadium,Medium,False,True,5,0,0.8333333333333334,5,6.0,20,147,142,19.166666666666668,7.408695652173913,0,10,Medium
0.6,0,6,6,Jayant Yadav,Bowlers,Shikhar Dhawan,Batters,1,False,-0.5,42,Uppal,Rajiv Gandhi International Stadium,Medium,False,True,6,0,1.0,6,6.0,20,147,141,19.0,7.421052631578948,0,10,Medium
1.1,1,1,7,Nathan Coulter-Nile,All-Rounders,Shikhar Dhawan,Batters,0,False,1.0,42,Uppal,Rajiv Gandhi International Stadium,Medium,False,True,7,1,1.1666666666666667,6,5.142857142857142,20,147,141,18.83333333333333,7.486725663716815,0,10,Medium
1.2,1,2,8,Nathan Coulter-Nile,All-Rounders,Shikhar Dhawan,Batters,1,False,-0.5,42,Uppal,Rajiv Gandhi International Stadium,Medium,False,True,8,1,1.3333333333333333,7,5.25,20,147,140,18.666666666666668,7.499999999999999,0,10,Medium
1.3,1,3,9,Nathan Coulter-Nile,All-Rounders,David Warner,Batters,0,False,1.0,42,Uppal,Rajiv Gandhi International Stadium,Medium,False,True,9,1,1.5,7,4.666666666666667,20,147,140,18.5,7.567567567567567,0,10,Medium
1.4,1,4,10,Nathan Coulter-Nile,All-Rounders,David Warner,Batters,2,False,-1.0,42,Uppal,Rajiv Gandhi International Stadium,Medium,False,True,10,1,1.6666666666666663,9,5.4,20,147,138,18.33333333333333,7.527272727272727,0,10,Medium
1.5,1,5,11,Nathan Coulter-Nile,All-Rounders,David Warner,Batters,0,False,1.0,42,Uppal,Rajiv Gandhi International Stadium,Medium,False,True,11,1,1.8333333333333333,9,4.909090909090908,20,147,138,18.166666666666668,7.596330275229357,0,10,Medium
1.6,1,6,12,Nathan Coulter-Nile,All-Rounders,David Warner,Batters,0,False,1.0,42,Uppal,Rajiv Gandhi International Stadium,Medium,False,True,12,1,2.0,9,4.5,20,147,138,18.0,7.666666666666667,0,10,Medium
2.1,2,1,13,Jayant Yadav,Bowlers,Shikhar Dhawan,Batters,0,False,1.0,42,Uppal,Rajiv Gandhi International Stadium,Medium,False,True,13,2,2.1666666666666665,9,4.153846153846154,20,147,138,17.833333333333332,7.738317757009346,0,10,Medium
2.2,2,2,14,Jayant Yadav,Bowlers,Shikhar Dhawan,Batters,1,False,-0.5,42,Uppal,Rajiv Gandhi International Stadium,Medium,False,True,14,2,2.333333333333333,10,4.285714285714286,20,147,137,17.666666666666668,7.754716981132075,0,10,Medium
2.3,2,3,15,Jayant Yadav,Bowlers,David Warner,Batters,1,False,-0.5,42,Uppal,Rajiv Gandhi International Stadium,Medium,False,True,15,2,2.5,11,4.4,20,147,136,17.5,7.771428571428571,0,10,Medium
2.4,2,4,16,Jayant Yadav,Bowlers,Shikhar Dhawan,Batters,0,False,1.0,42,Uppal,Rajiv Gandhi International Stadium,Medium,False,True,16,2,2.6666666666666665,11,4.125,20,147,136,17.333333333333332,7.846153846153847,0,10,Medium
2.5,2,5,17,Jayant Yadav,Bowlers,Shikhar Dhawan,Batters,0,False,1.0,42,Uppal,Rajiv Gandhi International Stadium,Medium,False,True,17,2,2.833333333333333,11,3.882352941176471,20,147,136,17.166666666666668,7.922330097087378,0,10,Medium
2.6,2,6,18,Jayant Yadav,Bowlers,Shikhar Dhawan,Batters,0,False,1.0,42,Uppal,Rajiv Gandhi International Stadium,Medium,False,True,18,2,3.0,11,3.6666666666666665,20,147,136,17.0,8.0,0,10,Medium
3.1,3,1,19,Mohammed Shami,Bowlers,David Warner,Batters,1,False,-0.5,42,Uppal,Rajiv Gandhi International Stadium,Medium,False,True,19,3,3.1666666666666665,12,3.789473684210527,20,147,135,16.833333333333332,8.01980198019802,0,10,Medium
3.2,3,2,20,Mohammed Shami,Bowlers,Shikhar Dhawan,Batters,4,False,-2.0,42,Uppal,Rajiv Gandhi International Stadium,Medium,False,True,20,3,3.333333333333333,16,4.8,20,147,131,16.666666666666668,7.859999999999999,0,10,Medium
3.3,3,3,21,Mohammed Shami,Bowlers,Shikhar Dhawan,Batters,1,False,-0.5,42,Uppal,Rajiv Gandhi International Stadium,Medium,False,True,21,3,3.5,17,4.857142857142857,20,147,130,16.5,7.878787878787879,0,10,Medium
3.4,3,4,22,Mohammed Shami,Bowlers,David Warner,Batters,4,False,-2.0,42,Uppal,Rajiv Gandhi International Stadium,Medium,False,True,22,3,3.6666666666666665,21,5.727272727272728,20,147,126,16.333333333333332,7.714285714285714,0,10,Medium
3.5,3,5,23,Mohammed Shami,Bowlers,David Warner,Batters,4,False,-2.0,42,Uppal,Rajiv Gandhi International Stadium,Medium,False,True,23,3,3.8333333333333335,25,6.521739130434782,20,147,122,16.166666666666668,7.546391752577319,0,10,Medium
3.6,3,6,24,Mohammed Shami,Bowlers,David Warner,Batters,1,False,-0.5,42,Uppal,Rajiv Gandhi International Stadium,Medium,False,True,24,3,4.0,26,6.5,20,147,121,16.0,7.5625,0,10,Medium
4.1,4,1,25,Jayant Yadav,Bowlers,David Warner,Batters,4,False,-2.0,42,Uppal,Rajiv Gandhi International Stadium,Medium,False,True,25,4,4.166666666666667,30,7.199999999999999,20,147,117,15.833333333333332,7.389473684210527,0,10,Medium
4.2,4,2,26,Jayant Yadav,Bowlers,David Warner,Batters,4,False,-2.0,42,Uppal,Rajiv Gandhi International Stadium,Medium,False,True,26,4,4.333333333333333,34,7.846153846153847,20,147,113,15.666666666666668,7.212765957446808,0,10,Medium
4.3,4,3,27,Jayant Yadav,Bowlers,David Warner,Batters,6,False,-3.0,42,Uppal,Rajiv Gandhi International Stadium,Medium,False,True,27,4,4.5,40,8.88888888888889,20,147,107,15.5,6.903225806451613,0,10,Medium
4.4,4,4,28,Jayant Yadav,Bowlers,David Warner,Batters,0,False,1.0,42,Uppal,Rajiv Gandhi International Stadium,Medium,False,True,28,4,4.666666666666667,40,8.571428571428571,20,147,107,15.333333333333332,6.978260869565218,0,10,Medium
4.5,4,5,29,Jayant Yadav,Bowlers,David Warner,Batters,1,False,-1.0,42,Uppal,Rajiv Gandhi International Stadium,Medium,True,False,28,4,4.666666666666667,41,8.785714285714285,20,147,106,15.333333333333332,6.91304347826087,0,10,Medium
4.5,4,5,30,Jayant Yadav,Bowlers,David Warner,Batters,1,False,-0.5,42,Uppal,Rajiv Gandhi International Stadium,Medium,False,True,29,4,4.833333333333333,42,8.689655172413794,20,147,105,15.166666666666668,6.9230769230769225,0,10,Medium
4.6,4,6,31,Jayant Yadav,Bowlers,Shikhar Dhawan,Batters,1,False,-0.5,42,Uppal,Rajiv Gandhi International Stadium,Medium,False,True,30,4,5.0,43,8.6,20,147,104,15.0,6.933333333333334,0,10,Medium
5.1,5,1,32,Nathan Coulter-Nile,All-Rounders,Shikhar Dhawan,Batters,1,False,-0.5,42,Uppal,Rajiv Gandhi International Stadium,Medium,False,True,31,5,5.166666666666667,44,8.516129032258064,20,147,103,14.833333333333332,6.943820224719102,0,10,Medium
5.2,5,2,33,Nathan Coulter-Nile,All-Rounders,David Warner,Batters,1,False,-0.5,42,Uppal,Rajiv Gandhi International Stadium,Medium,False,True,32,5,5.333333333333333,45,8.4375,20,147,102,14.666666666666668,6.954545454545454,0,10,Medium
5.3,5,3,34,Nathan Coulter-Nile,All-Rounders,Shikhar Dhawan,Batters,4,False,-0.25,42,Uppal,Rajiv Gandhi International Stadium,Medium,False,True,33,5,5.5,49,8.909090909090908,20,147,98,14.5,6.758620689655173,0,10,Medium
5.4,5,4,35,Nathan Coulter-Nile,All-Rounders,Shikhar Dhawan,Batters,1,False,-0.5,42,Uppal,Rajiv Gandhi International Stadium,Medium,False,True,34,5,5.666666666666667,50,8.823529411764705,20,147,97,14.333333333333332,6.767441860465117,0,10,Medium
5.5,5,5,36,Nathan Coulter-Nile,All-Rounders,David Warner,Batters,1,False,-0.5,42,Uppal,Rajiv Gandhi International Stadium,Medium,False,True,35,5,5.833333333333333,51,8.742857142857144,20,147,96,14.166666666666668,6.776470588235293,0,10,Medium
5.6,5,6,37,Nathan Coulter-Nile,All-Rounders,Shikhar Dhawan,Batters,0,False,1.0,42,Uppal,Rajiv Gandhi International Stadium,Medium,False,True,36,5,6.0,51,8.5,20,147,96,14.0,6.857142857142857,0,10,Medium
6.1,6,1,38,Chris Morris,All-Rounders,David Warner,Batters,1,False,-0.5,42,Uppal,Rajiv Gandhi International Stadium,Medium,False,True,37,6,6.166666666666667,52,8.432432432432432,20,147,95,13.833333333333332,6.867469879518073,0,10,Medium
6.2,6,2,39,Chris Morris,All-Rounders,Shikhar Dhawan,Batters,0,False,1.0,42,Uppal,Rajiv Gandhi International Stadium,Medium,False,True,38,6,6.333333333333333,52,8.210526315789474,20,147,95,13.666666666666668,6.951219512195121,0,10,Medium
6.3,6,3,40,Chris Morris,All-Rounders,Shikhar Dhawan,Batters,0,False,1.0,42,Uppal,Rajiv Gandhi International Stadium,Medium,False,True,39,6,6.5,52,8.0,20,147,95,13.5,7.037037037037037,0,10,Medium
6.4,6,4,41,Chris Morris,All-Rounders,Shikhar Dhawan,Batters,1,False,-0.5,42,Uppal,Rajiv Gandhi International Stadium,Medium,False,True,40,6,6.666666666666667,53,7.949999999999999,20,147,94,13.333333333333332,7.050000000000001,0,10,Medium
6.5,6,5,42,Chris Morris,All-Rounders,David Warner,Batters,1,False,-0.5,42,Uppal,Rajiv Gandhi International Stadium,Medium,False,True,41,6,6.833333333333333,54,7.902439024390244,20,147,93,13.166666666666668,7.063291139240506,0,10,Medium
6.6,6,6,43,Chris Morris,All-Rounders,Shikhar Dhawan,Batters,0,False,1.0,42,Uppal,Rajiv Gandhi International Stadium,Medium,False,True,42,6,7.0,54,7.714285714285714,20,147,93,13.0,7.153846153846154,0,10,Medium
7.1,7,1,44,Jean-Paul Duminy,All-Rounders,David Warner,Batters,2,False,-1.0,42,Uppal,Rajiv Gandhi International Stadium,Medium,False,True,43,7,7.166666666666667,56,7.813953488372093,20,147,91,12.833333333333332,7.090909090909092,0,10,Medium
7.2,7,2,45,Jean-Paul Duminy,All-Rounders,David Warner,Batters,0,False,1.0,42,Uppal,Rajiv Gandhi International Stadium,Medium,False,True,44,7,7.333333333333333,56,7.636363636363637,20,147,91,12.666666666666668,7.1842105263157885,0,10,Medium
7.3,7,3,46,Jean-Paul Duminy,All-Rounders,David Warner,Batters,4,False,-2.0,42,Uppal,Rajiv Gandhi International Stadium,Medium,False,True,45,7,7.5,60,8.0,20,147,87,12.5,6.96,0,10,Medium
7.4,7,4,47,Jean-Paul Duminy,All-Rounders,David Warner,Batters,0,False,1.0,42,Uppal,Rajiv Gandhi International Stadium,Medium,False,True,46,7,7.666666666666667,60,7.826086956521739,20,147,87,12.333333333333332,7.054054054054054,0,10,Medium
7.5,7,5,48,Jean-Paul Duminy,All-Rounders,David Warner,Batters,0,False,1.0,42,Uppal,Rajiv Gandhi International Stadium,Medium,False,True,47,7,7.833333333333333,60,7.659574468085107,20,147,87,12.166666666666668,7.150684931506849,0,10,Medium
7.6,7,6,49,Jean-Paul Duminy,All-Rounders,David Warner,Batters,1,False,-0.5,42,Uppal,Rajiv Gandhi International Stadium,Medium,False,True,48,7,8.0,61,7.625,20,147,86,12.0,7.166666666666667,0,10,Medium
8.1,8,1,50,Jayant Yadav,Bowlers,David Warner,Batters,0,False,1.0,42,Uppal,Rajiv Gandhi International Stadium,Medium,False,True,49,8,8.166666666666666,61,7.469387755102042,20,147,86,11.833333333333334,7.267605633802816,0,10,Medium
8.2,8,2,51,Jayant Yadav,Bowlers,David Warner,Batters,1,False,-0.5,42,Uppal,Rajiv Gandhi International Stadium,Medium,False,True,50,8,8.333333333333334,62,7.439999999999999,20,147,85,11.666666666666666,7.2857142857142865,0,10,Medium
8.3,8,3,52,Jayant Yadav,Bowlers,Shikhar Dhawan,Batters,1,False,-0.5,42,Uppal,Rajiv Gandhi International Stadium,Medium,False,True,51,8,8.5,63,7.411764705882353,20,147,84,11.5,7.304347826086956,0,10,Medium
8.4,8,4,53,Jayant Yadav,Bowlers,David Warner,Batters,4,False,-2.0,42,Uppal,Rajiv Gandhi International Stadium,Medium,False,True,52,8,8.666666666666666,67,7.730769230769232,20,147,80,11.333333333333334,7.0588235294117645,0,10,Medium
8.5,8,5,54,Jayant Yadav,Bowlers,David Warner,Batters,0,True,5.0,42,Uppal,Rajiv Gandhi International Stadium,Medium,False,True,53,8,8.833333333333334,67,7.584905660377358,20,147,80,11.166666666666666,7.164179104477612,1,9,Medium
8.6,8,6,55,Jayant Yadav,Bowlers,Kane Williamson,Batters,1,False,-0.5,42,Uppal,Rajiv Gandhi International Stadium,Medium,False,True,54,8,9.0,68,7.555555555555555,20,147,79,11.0,7.181818181818182,1,9,Medium
9.1,9,1,56,Jean-Paul Duminy,All-Rounders,Kane Williamson,Batters,1,False,-1.0,42,Uppal,Rajiv Gandhi International Stadium,Medium,True,False,54,8,9.0,69,7.666666666666667,20,147,78,11.0,7.090909090909091,1,9,Medium
9.1,9,1,57,Jean-Paul Duminy,All-Rounders,Kane Williamson,Batters,1,False,-0.5,42,Uppal,Rajiv Gandhi International Stadium,Medium,False,True,55,9,9.166666666666666,70,7.636363636363637,20,147,77,10.833333333333334,7.107692307692307,1,9,Medium
9.2,9,2,58,Jean-Paul Duminy,All-Rounders,Shikhar Dhawan,Batters,4,False,-2.0,42,Uppal,Rajiv Gandhi International Stadium,Medium,False,True,56,9,9.333333333333334,74,7.928571428571428,20,147,73,10.666666666666666,6.84375,1,9,Medium
9.3,9,3,59,Jean-Paul Duminy,All-Rounders,Shikhar Dhawan,Batters,2,False,-1.0,42,Uppal,Rajiv Gandhi International Stadium,Medium,False,True,57,9,9.5,76,8.0,20,147,71,10.5,6.761904761904762,1,9,Medium
9.4,9,4,60,Jean-Paul Duminy,All-Rounders,Shikhar Dhawan,Batters,4,False,-2.0,42,Uppal,Rajiv Gandhi International Stadium,Medium,False,True,58,9,9.666666666666666,80,8.275862068965518,20,147,67,10.333333333333334,6.483870967741935,1,9,Medium
9.5,9,5,61,Jean-Paul Duminy,All-Rounders,Shikhar Dhawan,Batters,0,False,1.0,42,Uppal,Rajiv Gandhi International Stadium,Medium,False,True,59,9,9.833333333333334,80,8.135593220338983,20,147,67,10.166666666666666,6.59016393442623,1,9,Medium
9.6,9,6,62,Jean-Paul Duminy,All-Rounders,Shikhar Dhawan,Batters,0,False,1.0,42,Uppal,Rajiv Gandhi International Stadium,Medium,False,True,60,9,10.0,80,8.0,20,147,67,10.0,6.7,1,9,Medium
10.1,10,1,63,Amit Mishra,Bowlers,Kane Williamson,Batters,0,False,1.0,42,Uppal,Rajiv Gandhi International Stadium,Medium,False,True,61,10,10.166666666666666,80,7.868852459016394,20,147,67,9.833333333333334,6.813559322033898,1,9,Medium
10.2,10,2,64,Amit Mishra,Bowlers,Kane Williamson,Batters,1,False,-0.5,42,Uppal,Rajiv Gandhi International Stadium,Medium,False,True,62,10,10.333333333333334,81,7.838709677419354,20,147,66,9.666666666666666,6.8275862068965525,1,9,Medium
10.3,10,3,65,Amit Mishra,Bowlers,Shikhar Dhawan,Batters,1,False,-0.5,42,Uppal,Rajiv Gandhi International Stadium,Medium,False,True,63,10,10.5,82,7.809523809523809,20,147,65,9.5,6.842105263157895,1,9,Medium
10.4,10,4,66,Amit Mishra,Bowlers,Kane Williamson,Batters,4,False,-2.0,42,Uppal,Rajiv Gandhi International Stadium,Medium,False,True,64,10,10.666666666666666,86,8.0625,20,147,61,9.333333333333334,6.535714285714286,1,9,Medium
10.5,10,5,67,Amit Mishra,Bowlers,Kane Williamson,Batters,1,False,-0.5,42,Uppal,Rajiv Gandhi International Stadium,Medium,False,True,65,10,10.833333333333334,87,8.03076923076923,20,147,60,9.166666666666666,6.545454545454546,1,9,Medium
10.6,10,6,68,Amit Mishra,Bowlers,Shikhar Dhawan,Batters,1,False,-0.5,42,Uppal,Rajiv Gandhi International Stadium,Medium,False,True,66,10,11.0,88,8.0,20,147,59,9.0,6.555555555555555,1,9,Medium
11.1,11,1,69,Chris Morris,All-Rounders,Shikhar Dhawan,Batters,1,False,-0.5,42,Uppal,Rajiv Gandhi International Stadium,Medium,False,True,67,11,11.166666666666666,89,7.970149253731344,20,147,58,8.833333333333334,6.566037735849056,1,9,Medium
11.2,11,2,70,Chris Morris,All-Rounders,Kane Williamson,Batters,1,False,-1.0,42,Uppal,Rajiv Gandhi International Stadium,Medium,True,False,67,11,11.166666666666666,90,8.059701492537314,20,147,57,8.833333333333334,6.452830188679245,1,9,Medium
11.2,11,2,71,Chris Morris,All-Rounders,Kane Williamson,Batters,1,False,-0.5,42,Uppal,Rajiv Gandhi International Stadium,Medium,False,True,68,11,11.333333333333334,91,8.029411764705882,20,147,56,8.666666666666666,6.461538461538462,1,9,Medium
11.3,11,3,72,Chris Morris,All-Rounders,Shikhar Dhawan,Batters,2,False,-1.0,42,Uppal,Rajiv Gandhi International Stadium,Medium,False,True,69,11,11.5,93,8.08695652173913,20,147,54,8.5,6.352941176470588,1,9,Medium
11.4,11,4,73,Chris Morris,All-Rounders,Shikhar Dhawan,Batters,0,False,1.0,42,Uppal,Rajiv Gandhi International Stadium,Medium,False,True,70,11,11.666666666666666,93,7.9714285714285715,20,147,54,8.333333333333334,6.48,1,9,Medium
11.5,11,5,74,Chris Morris,All-Rounders,Shikhar Dhawan,Batters,1,False,-0.5,42,Uppal,Rajiv Gandhi International Stadium,Medium,False,True,71,11,11.833333333333334,94,7.943661971830985,20,147,53,8.166666666666666,6.489795918367348,1,9,Medium
11.6,11,6,75,Chris Morris,All-Rounders,Kane Williamson,Batters,0,False,1.0,42,Uppal,Rajiv Gandhi International Stadium,Medium,False,True,72,11,12.0,94,7.833333333333333,20,147,53,8.0,6.625,1,9,Medium
12.1,12,1,76,Amit Mishra,Bowlers,Shikhar Dhawan,Batters,1,False,-0.5,42,Uppal,Rajiv Gandhi International Stadium,Medium,False,True,73,12,12.166666666666666,95,7.808219178082192,20,147,52,7.833333333333334,6.638297872340425,1,9,Medium
12.2,12,2,77,Amit Mishra,Bowlers,Kane Williamson,Batters,1,False,-0.5,42,Uppal,Rajiv Gandhi International Stadium,Medium,False,True,74,12,12.333333333333334,96,7.783783783783783,20,147,51,7.666666666666666,6.652173913043479,1,9,Medium
12.3,12,3,78,Amit Mishra,Bowlers,Shikhar Dhawan,Batters,1,False,-0.5,42,Uppal,Rajiv Gandhi International Stadium,Medium,False,True,75,12,12.5,97,7.76,20,147,50,7.5,6.666666666666667,1,9,Medium
12.4,12,4,79,Amit Mishra,Bowlers,Kane Williamson,Batters,0,False,1.0,42,Uppal,Rajiv Gandhi International Stadium,Medium,False,True,76,12,12.666666666666666,97,7.657894736842105,20,147,50,7.333333333333334,6.8181818181818175,1,9,Medium
12.5,12,5,80,Amit Mishra,Bowlers,Kane Williamson,Batters,1,False,-0.5,42,Uppal,Rajiv Gandhi International Stadium,Medium,False,True,77,12,12.833333333333334,98,7.636363636363636,20,147,49,7.166666666666666,6.837209302325582,1,9,Medium
12.6,12,6,81,Amit Mishra,Bowlers,Shikhar Dhawan,Batters,0,True,5.0,42,Uppal,Rajiv Gandhi International Stadium,Medium,False,True,78,12,13.0,98,7.538461538461538,20,147,49,7.0,7.0,2,8,Medium
13.1,13,1,82,Mohammed Shami,Bowlers,Yuvraj Singh,Batters,1,False,-0.5,42,Uppal,Rajiv Gandhi International Stadium,Medium,False,True,79,13,13.166666666666666,99,7.518987341772152,20,147,48,6.833333333333334,7.024390243902438,2,8,Medium
13.2,13,2,83,Mohammed Shami,Bowlers,Kane Williamson,Batters,1,False,-0.5,42,Uppal,Rajiv Gandhi International Stadium,Medium,False,True,80,13,13.333333333333334,100,7.5,20,147,47,6.666666666666666,7.050000000000001,2,8,Medium
13.3,13,3,84,Mohammed Shami,Bowlers,Yuvraj Singh,Batters,1,False,-0.5,42,Uppal,Rajiv Gandhi International Stadium,Medium,False,True,81,13,13.5,101,7.481481481481482,20,147,46,6.5,7.076923076923077,2,8,Medium
13.4,13,4,85,Mohammed Shami,Bowlers,Kane Williamson,Batters,4,False,-2.0,42,Uppal,Rajiv Gandhi International Stadium,Medium,False,True,82,13,13.666666666666666,105,7.682926829268293,20,147,42,6.333333333333334,6.63157894736842,2,8,Medium
13.5,13,5,86,Mohammed Shami,Bowlers,Kane Williamson,Batters,1,False,-0.25,42,Uppal,Rajiv Gandhi International Stadium,Medium,False,True,83,13,13.833333333333334,106,7.662650602409638,20,147,41,6.166666666666666,6.648648648648649,2,8,Medium
13.6,13,6,87,Mohammed Shami,Bowlers,Yuvraj Singh,Batters,0,False,1.0,42,Uppal,Rajiv Gandhi International Stadium,Medium,False,True,84,13,14.0,106,7.571428571428571,20,147,41,6.0,6.833333333333333,2,8,Medium
14.1,14,1,88,Amit Mishra,Bowlers,Kane Williamson,Batters,1,False,-0.5,42,Uppal,Rajiv Gandhi International Stadium,Medium,False,True,85,14,14.166666666666666,107,7.552941176470589,20,147,40,5.833333333333334,6.857142857142857,2,8,Medium
14.2,14,2,89,Amit Mishra,Bowlers,Yuvraj Singh,Batters,6,False,-3.0,42,Uppal,Rajiv Gandhi International Stadium,Medium,False,True,86,14,14.333333333333334,113,7.883720930232558,20,147,34,5.666666666666666,6.000000000000001,2,8,Medium
14.3,14,3,90,Amit Mishra,Bowlers,Yuvraj Singh,Batters,0,False,1.0,42,Uppal,Rajiv Gandhi International Stadium,Medium,False,True,87,14,14.5,113,7.793103448275862,20,147,34,5.5,6.181818181818182,2,8,Medium
14.4,14,4,91,Amit Mishra,Bowlers,Yuvraj Singh,Batters,0,False,1.0,42,Uppal,Rajiv Gandhi International Stadium,Medium,False,True,88,14,14.666666666666666,113,7.704545454545455,20,147,34,5.333333333333334,6.374999999999999,2,8,Medium
14.5,14,5,92,Amit Mishra,Bowlers,Yuvraj Singh,Batters,0,False,1.0,42,Uppal,Rajiv Gandhi International Stadium,Medium,False,True,89,14,14.833333333333334,113,7.617977528089887,20,147,34,5.166666666666666,6.580645161290323,2,8,Medium
14.6,14,6,93,Amit Mishra,Bowlers,Yuvraj Singh,Batters,0,True,5.0,42,Uppal,Rajiv Gandhi International Stadium,Medium,False,True,90,14,15.0,113,7.533333333333333,20,147,34,5.0,6.8,3,7,Medium
15.1,15,1,94,Mohammed Shami,Bowlers,Kane Williamson,Batters,1,False,-0.5,42,Uppal,Rajiv Gandhi International Stadium,Medium,False,True,91,15,15.166666666666666,114,7.516483516483516,20,147,33,4.833333333333334,6.827586206896551,3,7,Medium
15.2,15,2,95,Mohammed Shami,Bowlers,Moises Henriques,All-Rounders,0,True,5.0,42,Uppal,Rajiv Gandhi International Stadium,Medium,False,True,92,15,15.333333333333334,114,7.434782608695652,20,147,33,4.666666666666666,7.071428571428572,4,6,Medium
15.3,15,3,96,Mohammed Shami,Bowlers,Deepak Hooda,All-Rounders,1,False,-0.5,42,Uppal,Rajiv Gandhi International Stadium,Medium,False,True,93,15,15.5,115,7.419354838709677,20,147,32,4.5,7.111111111111111,4,6,Medium
15.4,15,4,97,Mohammed Shami,Bowlers,Kane Williamson,Batters,1,False,-0.5,42,Uppal,Rajiv Gandhi International Stadium,Medium,False,True,94,15,15.666666666666666,116,7.404255319148937,20,147,31,4.333333333333334,7.153846153846153,4,6,Medium
15.5,15,5,98,Mohammed Shami,Bowlers,Deepak Hooda,All-Rounders,1,False,-0.5,42,Uppal,Rajiv Gandhi International Stadium,Medium,False,True,95,15,15.833333333333334,117,7.389473684210526,20,147,30,4.166666666666666,7.200000000000001,4,6,Medium
15.6,15,6,99,Mohammed Shami,Bowlers,Kane Williamson,Batters,1,False,-0.25,42,Uppal,Rajiv Gandhi International Stadium,Medium,False,True,96,15,16.0,118,7.375,20,147,29,4.0,7.25,4,6,Medium
16.1,16,1,100,Chris Morris,All-Rounders,Kane Williamson,Batters,1,False,-0.5,42,Uppal,Rajiv Gandhi International Stadium,Medium,False,True,97,16,16.166666666666668,119,7.360824742268041,20,147,28,3.833333333333332,7.304347826086959,4,6,Medium
16.2,16,2,101,Chris Morris,All-Rounders,Deepak Hooda,All-Rounders,0,False,1.0,42,Uppal,Rajiv Gandhi International Stadium,Medium,False,True,98,16,16.333333333333332,119,7.2857142857142865,20,147,28,3.666666666666668,7.636363636363634,4,6,Medium
16.3,16,3,102,Chris Morris,All-Rounders,Deepak Hooda,All-Rounders,1,False,-0.5,42,Uppal,Rajiv Gandhi International Stadium,Medium,False,True,99,16,16.5,120,7.272727272727272,20,147,27,3.5,7.714285714285714,4,6,Medium
16.4,16,4,103,Chris Morris,All-Rounders,Kane Williamson,Batters,1,False,-0.5,42,Uppal,Rajiv Gandhi International Stadium,Medium,False,True,100,16,16.666666666666668,121,7.26,20,147,26,3.333333333333332,7.800000000000002,4,6,Medium
16.5,16,5,104,Chris Morris,All-Rounders,Deepak Hooda,All-Rounders,1,False,-0.5,42,Uppal,Rajiv Gandhi International Stadium,Medium,False,True,101,16,16.833333333333332,122,7.247524752475248,20,147,25,3.166666666666668,7.89473684210526,4,6,Medium
16.6,16,6,105,Chris Morris,All-Rounders,Kane Williamson,Batters,4,False,-2.0,42,Uppal,Rajiv Gandhi International Stadium,Medium,False,True,102,16,17.0,126,7.411764705882353,20,147,21,3.0,7.0,4,6,Medium
17.1,17,1,106,Nathan Coulter-Nile,All-Rounders,Deepak Hooda,All-Rounders,1,False,-0.5,42,Uppal,Rajiv Gandhi International Stadium,Medium,False,True,103,17,17.166666666666668,127,7.398058252427184,20,147,20,2.833333333333332,7.058823529411768,4,6,Medium
17.2,17,2,107,Nathan Coulter-Nile,All-Rounders,Kane Williamson,Batters,1,False,-0.5,42,Uppal,Rajiv Gandhi International Stadium,Medium,False,True,104,17,17.333333333333332,128,7.384615384615385,20,147,19,2.666666666666668,7.1249999999999964,4,6,Medium
17.3,17,3,108,Nathan Coulter-Nile,All-Rounders,Deepak Hooda,All-Rounders,4,False,-2.0,42,Uppal,Rajiv Gandhi International Stadium,Medium,True,False,104,17,17.333333333333332,132,7.615384615384616,20,147,15,2.666666666666668,5.624999999999997,4,6,Medium
17.3,17,3,109,Nathan Coulter-Nile,All-Rounders,Deepak Hooda,All-Rounders,1,False,-0.5,42,Uppal,Rajiv Gandhi International Stadium,Medium,False,True,105,17,17.5,133,7.6,20,147,14,2.5,5.6,4,6,Medium
17.4,17,4,110,Nathan Coulter-Nile,All-Rounders,Kane Williamson,Batters,1,False,-0.5,42,Uppal,Rajiv Gandhi International Stadium,Medium,False,True,106,17,17.666666666666668,134,7.584905660377358,20,147,13,2.333333333333332,5.571428571428574,4,6,Medium
17.5,17,5,111,Nathan Coulter-Nile,All-Rounders,Deepak Hooda,All-Rounders,0,True,5.0,42,Uppal,Rajiv Gandhi International Stadium,Medium,False,True,107,17,17.833333333333332,134,7.514018691588785,20,147,13,2.166666666666668,5.9999999999999964,5,5,Medium
17.6,17,6,112,Nathan Coulter-Nile,All-Rounders,Naman Ojha,Batters,1,False,-0.5,42,Uppal,Rajiv Gandhi International Stadium,Medium,False,True,108,17,18.0,135,7.5,20,147,12,2.0,6.0,5,5,Medium
18.1,18,1,113,Chris Morris,All-Rounders,Naman Ojha,Batters,0,False,1.0,42,Uppal,Rajiv Gandhi International Stadium,Medium,False,True,109,18,18.166666666666668,135,7.431192660550458,20,147,12,1.833333333333332,6.545454545454549,5,5,Medium
18.2,18,2,114,Chris Morris,All-Rounders,Naman Ojha,Batters,1,False,-0.5,42,Uppal,Rajiv Gandhi International Stadium,Medium,False,True,110,18,18.33333333333333,136,7.418181818181819,20,147,11,1.666666666666668,6.599999999999995,5,5,Medium
18.3,18,3,115,Chris Morris,All-Rounders,Kane Williamson,Batters,0,True,5.0,42,Uppal,Rajiv Gandhi International Stadium,Medium,False,True,111,18,18.5,136,7.351351351351352,20,147,11,1.5,7.333333333333333,6,4,Medium
18.4,18,4,116,Chris Morris,All-Rounders,Bhuvneshwar Kumar,Bowlers,0,False,1.0,42,Uppal,Rajiv Gandhi International Stadium,Medium,False,True,112,18,18.666666666666668,136,7.285714285714286,20,147,11,1.333333333333332,8.250000000000007,6,4,Medium
18.5,18,5,117,Chris Morris,All-Rounders,Bhuvneshwar Kumar,Bowlers,1,False,-0.5,42,Uppal,Rajiv Gandhi International Stadium,Medium,False,True,113,18,18.83333333333333,137,7.274336283185841,20,147,10,1.166666666666668,8.571428571428562,6,4,Medium
18.6,18,6,118,Chris Morris,All-Rounders,Naman Ojha,Batters,0,True,5.0,42,Uppal,Rajiv Gandhi International Stadium,Medium,False,True,114,18,19.0,137,7.2105263157894735,20,147,10,1.0,10.0,7,3,Medium
19.1,19,1,119,Nathan Coulter-Nile,All-Rounders,Naman Ojha,Batters,4,False,-2.0,42,Uppal,Rajiv Gandhi International Stadium,Medium,False,True,115,19,19.166666666666668,141,7.356521739130434,20,147,6,0.8333333333333321,7.20000000000001,7,3,Medium
19.2,19,2,120,Nathan Coulter-Nile,All-Rounders,Naman Ojha,Batters,0,False,1.0,42,Uppal,Rajiv Gandhi International Stadium,Medium,False,True,116,19,19.33333333333333,141,7.293103448275862,20,147,6,0.6666666666666679,8.999999999999984,7,3,Medium
19.3,19,3,121,Nathan Coulter-Nile,All-Rounders,Naman Ojha,Batters,1,False,-0.5,42,Uppal,Rajiv Gandhi International Stadium,Medium,False,True,117,19,19.5,142,7.282051282051282,20,147,5,0.5,10.0,7,3,Medium
19.4,19,4,122,Nathan Coulter-Nile,All-Rounders,Naman Ojha,Batters,0,False,1.0,42,Uppal,Rajiv Gandhi International Stadium,Medium,False,True,118,19,19.666666666666668,142,7.220338983050847,20,147,5,0.3333333333333321,15.000000000000052,7,3,Medium
19.5,19,5,123,Nathan Coulter-Nile,All-Rounders,Naman Ojha,Batters,0,True,5.0,42,Uppal,Rajiv Gandhi International Stadium,Medium,False,True,119,19,19.83333333333333,142,7.159663865546219,20,147,5,0.1666666666666678,29.999999999999787,8,2,Medium
19.6,19,6,124,Nathan Coulter-Nile,All-Rounders,Barinder Sran,Bowlers,2,False,-1.0,42,Uppal,Rajiv Gandhi International Stadium,Medium,True,False,119,19,19.83333333333333,144,7.260504201680673,20,147,3,0.1666666666666678,17.999999999999872,8,2,Medium
19.6,19,6,125,Nathan Coulter-Nile,All-Rounders,Ashish Nehra,Bowlers,1,False,-0.5,42,Uppal,Rajiv Gandhi International Stadium,Medium,False,True,120,19,20.0,145,7.25,20,147,2,0.0,inf,8,2,Medium
