Ball Number,over,ball,Ball,bowler,bowler_role,batsman,batsman_role,Runs,is_wicket,bowler_score,match_id,city,stadium,Stadium_Type,is_extra,legal_delivery,legal_deliveries_count,overs_completed,overs_bowled,total_runs,current_run_rate,total_overs,target,runs_needed,overs_remaining,required_run_rate,wickets_fallen,wickets_in_hand,Ground_Type
0.1,0,1,1,Stuart Binny,All-Rounders,Dwayne Smith,All-Rounders,0,False,1.0,44,Bangalore,M Chinnaswamy Stadium,Medium,False,True,1,0,0.1666666666666666,0,0.0,20,249,249,19.83333333333333,12.554621848739496,0,10,Medium
0.2,0,2,2,Stuart Binny,All-Rounders,Dwayne Smith,All-Rounders,1,False,-0.5,44,Bangalore,M Chinnaswamy Stadium,Medium,False,True,2,0,0.3333333333333333,1,3.0,20,249,248,19.666666666666668,12.610169491525422,0,10,Medium
0.3,0,3,3,Stuart Binny,All-Rounders,Brendon McCullum,Batters,1,False,-0.5,44,Bangalore,M Chinnaswamy Stadium,Medium,False,True,3,0,0.5,2,4.0,20,249,247,19.5,12.666666666666666,0,10,Medium
0.4,0,4,4,Stuart Binny,All-Rounders,Dwayne Smith,All-Rounders,4,False,-2.0,44,Bangalore,M Chinnaswamy Stadium,Medium,False,True,4,0,0.6666666666666666,6,9.0,20,249,243,19.33333333333333,12.56896551724138,0,10,Medium
0.5,0,5,5,Stuart Binny,All-Rounders,Dwayne Smith,All-Rounders,1,False,-0.5,44,Bangalore,M Chinnaswamy Stadium,Medium,False,True,5,0,0.8333333333333334,7,8.4,20,249,242,19.166666666666668,12.62608695652174,0,10,Medium
0.6,0,6,6,Stuart Binny,All-Rounders,Brendon McCullum,Batters,0,False,1.0,44,Bangalore,M Chinnaswamy Stadium,Medium,False,True,6,0,1.0,7,7.0,20,249,242,19.0,12.736842105263158,0,10,Medium
1.1,1,1,7,Sreenath Aravind,Bowlers,Dwayne Smith,All-Rounders,1,False,-0.5,44,Bangalore,M Chinnaswamy Stadium,Medium,False,True,7,1,1.1666666666666667,8,6.857142857142857,20,249,241,18.83333333333333,12.796460176991152,0,10,Medium
1.2,1,2,8,Sreenath Aravind,Bowlers,Brendon McCullum,Batters,0,False,1.0,44,Bangalore,M Chinnaswamy Stadium,Medium,False,True,8,1,1.3333333333333333,8,6.0,20,249,241,18.666666666666668,12.910714285714285,0,10,Medium
1.3,1,3,9,Sreenath Aravind,Bowlers,Brendon McCullum,Batters,0,False,1.0,44,Bangalore,M Chinnaswamy Stadium,Medium,False,True,9,1,1.5,8,5.333333333333333,20,249,241,18.5,13.027027027027026,0,10,Medium
1.4,1,4,10,Sreenath Aravind,Bowlers,Brendon McCullum,Batters,1,False,-0.5,44,Bangalore,M Chinnaswamy Stadium,Medium,False,True,10,1,1.6666666666666663,9,5.4,20,249,240,18.33333333333333,13.090909090909092,0,10,Medium
1.5,1,5,11,Sreenath Aravind,Bowlers,Dwayne Smith,All-Rounders,0,True,5.0,44,Bangalore,M Chinnaswamy Stadium,Medium,False,True,11,1,1.8333333333333333,9,4.909090909090908,20,249,240,18.166666666666668,13.211009174311926,1,9,Medium
1.6,1,6,12,Sreenath Aravind,Bowlers,Ravindra Jadeja,All-Rounders,0,False,1.0,44,Bangalore,M Chinnaswamy Stadium,Medium,False,True,12,1,2.0,9,4.5,20,249,240,18.0,13.333333333333334,1,9,Medium
2.1,2,1,13,Stuart Binny,All-Rounders,Brendon McCullum,Batters,0,False,1.0,44,Bangalore,M Chinnaswamy Stadium,Medium,False,True,13,2,2.1666666666666665,9,4.153846153846154,20,249,240,17.833333333333332,13.457943925233646,1,9,Medium
2.2,2,2,14,Stuart Binny,All-Rounders,Brendon McCullum,Batters,1,False,-0.5,44,Bangalore,M Chinnaswamy Stadium,Medium,False,True,14,2,2.333333333333333,10,4.285714285714286,20,249,239,17.666666666666668,13.528301886792452,1,9,Medium
2.3,2,3,15,Stuart Binny,All-Rounders,Ravindra Jadeja,All-Rounders,0,False,1.0,44,Bangalore,M Chinnaswamy Stadium,Medium,False,True,15,2,2.5,10,4.0,20,249,239,17.5,13.657142857142857,1,9,Medium
2.4,2,4,16,Stuart Binny,All-Rounders,Ravindra Jadeja,All-Rounders,1,False,-0.5,44,Bangalore,M Chinnaswamy Stadium,Medium,False,True,16,2,2.6666666666666665,11,4.125,20,249,238,17.333333333333332,13.730769230769232,1,9,Medium
2.5,2,5,17,Stuart Binny,All-Rounders,Brendon McCullum,Batters,0,False,1.0,44,Bangalore,M Chinnaswamy Stadium,Medium,False,True,17,2,2.833333333333333,11,3.882352941176471,20,249,238,17.166666666666668,13.864077669902912,1,9,Medium
2.6,2,6,18,Stuart Binny,All-Rounders,Brendon McCullum,Batters,4,False,-2.0,44,Bangalore,M Chinnaswamy Stadium,Medium,False,True,18,2,3.0,15,5.0,20,249,234,17.0,13.764705882352942,1,9,Medium
3.1,3,1,19,Sreenath Aravind,Bowlers,Ravindra Jadeja,All-Rounders,1,False,-0.5,44,Bangalore,M Chinnaswamy Stadium,Medium,False,True,19,3,3.1666666666666665,16,5.052631578947369,20,249,233,16.833333333333332,13.841584158415843,1,9,Medium
3.2,3,2,20,Sreenath Aravind,Bowlers,Brendon McCullum,Batters,4,False,-2.0,44,Bangalore,M Chinnaswamy Stadium,Medium,False,True,20,3,3.333333333333333,20,6.0,20,249,229,16.666666666666668,13.739999999999998,1,9,Medium
3.3,3,3,21,Sreenath Aravind,Bowlers,Brendon McCullum,Batters,0,False,1.0,44,Bangalore,M Chinnaswamy Stadium,Medium,False,True,21,3,3.5,20,5.714285714285714,20,249,229,16.5,13.87878787878788,1,9,Medium
3.4,3,4,22,Sreenath Aravind,Bowlers,Brendon McCullum,Batters,1,False,-0.25,44,Bangalore,M Chinnaswamy Stadium,Medium,False,True,22,3,3.6666666666666665,21,5.727272727272728,20,249,228,16.333333333333332,13.959183673469388,1,9,Medium
3.5,3,5,23,Sreenath Aravind,Bowlers,Ravindra Jadeja,All-Rounders,4,False,-2.0,44,Bangalore,M Chinnaswamy Stadium,Medium,False,True,23,3,3.8333333333333335,25,6.521739130434782,20,249,224,16.166666666666668,13.855670103092782,1,9,Medium
3.6,3,6,24,Sreenath Aravind,Bowlers,Ravindra Jadeja,All-Rounders,1,False,-0.5,44,Bangalore,M Chinnaswamy Stadium,Medium,False,True,24,3,4.0,26,6.5,20,249,223,16.0,13.9375,1,9,Medium
4.1,4,1,25,Yuzvendra Chahal,Bowlers,Ravindra Jadeja,All-Rounders,4,False,-2.0,44,Bangalore,M Chinnaswamy Stadium,Medium,False,True,25,4,4.166666666666667,30,7.199999999999999,20,249,219,15.833333333333332,13.831578947368422,1,9,Medium
4.2,4,2,26,Yuzvendra Chahal,Bowlers,Ravindra Jadeja,All-Rounders,0,False,1.0,44,Bangalore,M Chinnaswamy Stadium,Medium,False,True,26,4,4.333333333333333,30,6.923076923076923,20,249,219,15.666666666666668,13.978723404255318,1,9,Medium
4.3,4,3,27,Yuzvendra Chahal,Bowlers,Ravindra Jadeja,All-Rounders,6,False,-3.0,44,Bangalore,M Chinnaswamy Stadium,Medium,False,True,27,4,4.5,36,8.0,20,249,213,15.5,13.741935483870968,1,9,Medium
4.4,4,4,28,Yuzvendra Chahal,Bowlers,Ravindra Jadeja,All-Rounders,0,False,1.0,44,Bangalore,M Chinnaswamy Stadium,Medium,False,True,28,4,4.666666666666667,36,7.7142857142857135,20,249,213,15.333333333333332,13.891304347826088,1,9,Medium
4.5,4,5,29,Yuzvendra Chahal,Bowlers,Ravindra Jadeja,All-Rounders,1,False,-0.5,44,Bangalore,M Chinnaswamy Stadium,Medium,False,True,29,4,4.833333333333333,37,7.655172413793104,20,249,212,15.166666666666668,13.978021978021976,1,9,Medium
4.6,4,6,30,Yuzvendra Chahal,Bowlers,Brendon McCullum,Batters,0,True,5.0,44,Bangalore,M Chinnaswamy Stadium,Medium,False,True,30,4,5.0,37,7.4,20,249,212,15.0,14.133333333333333,2,8,Medium
5.1,5,1,31,Shane Watson,All-Rounders,Ravindra Jadeja,All-Rounders,0,False,1.0,44,Bangalore,M Chinnaswamy Stadium,Medium,False,True,31,5,5.166666666666667,37,7.161290322580645,20,249,212,14.833333333333332,14.292134831460675,2,8,Medium
5.2,5,2,32,Shane Watson,All-Rounders,Ravindra Jadeja,All-Rounders,0,False,1.0,44,Bangalore,M Chinnaswamy Stadium,Medium,False,True,32,5,5.333333333333333,37,6.9375,20,249,212,14.666666666666668,14.454545454545451,2,8,Medium
5.2,5,2,33,Shane Watson,All-Rounders,Ravindra Jadeja,All-Rounders,1,False,-1.0,44,Bangalore,M Chinnaswamy Stadium,Medium,True,False,32,5,5.333333333333333,38,7.125,20,249,211,14.666666666666668,14.386363636363637,2,8,Medium
5.3,5,3,34,Shane Watson,All-Rounders,Ravindra Jadeja,All-Rounders,1,False,-0.25,44,Bangalore,M Chinnaswamy Stadium,Medium,False,True,33,5,5.5,39,7.090909090909091,20,249,210,14.5,14.482758620689657,2,8,Medium
5.4,5,4,35,Shane Watson,All-Rounders,Dinesh Karthik,Batters,1,False,-0.5,44,Bangalore,M Chinnaswamy Stadium,Medium,False,True,34,5,5.666666666666667,40,7.0588235294117645,20,249,209,14.333333333333332,14.58139534883721,2,8,Medium
5.5,5,5,36,Shane Watson,All-Rounders,Ravindra Jadeja,All-Rounders,0,False,1.0,44,Bangalore,M Chinnaswamy Stadium,Medium,False,True,35,5,5.833333333333333,40,6.857142857142858,20,249,209,14.166666666666668,14.752941176470587,2,8,Medium
5.6,5,6,37,Shane Watson,All-Rounders,Ravindra Jadeja,All-Rounders,1,False,-0.5,44,Bangalore,M Chinnaswamy Stadium,Medium,False,True,36,5,6.0,41,6.833333333333333,20,249,208,14.0,14.857142857142858,2,8,Medium
6.1,6,1,38,Chris Jordan,Bowlers,Ravindra Jadeja,All-Rounders,1,False,-0.5,44,Bangalore,M Chinnaswamy Stadium,Medium,False,True,37,6,6.166666666666667,42,6.8108108108108105,20,249,207,13.833333333333332,14.963855421686748,2,8,Medium
6.2,6,2,39,Chris Jordan,Bowlers,Dinesh Karthik,Batters,0,False,1.0,44,Bangalore,M Chinnaswamy Stadium,Medium,False,True,38,6,6.333333333333333,42,6.631578947368421,20,249,207,13.666666666666668,15.146341463414632,2,8,Medium
6.3,6,3,40,Chris Jordan,Bowlers,Dinesh Karthik,Batters,1,False,-0.5,44,Bangalore,M Chinnaswamy Stadium,Medium,False,True,39,6,6.5,43,6.615384615384615,20,249,206,13.5,15.25925925925926,2,8,Medium
6.4,6,4,41,Chris Jordan,Bowlers,Ravindra Jadeja,All-Rounders,1,False,-0.5,44,Bangalore,M Chinnaswamy Stadium,Medium,False,True,40,6,6.666666666666667,44,6.6,20,249,205,13.333333333333332,15.375000000000002,2,8,Medium
6.5,6,5,42,Chris Jordan,Bowlers,Dinesh Karthik,Batters,0,True,5.0,44,Bangalore,M Chinnaswamy Stadium,Medium,False,True,41,6,6.833333333333333,44,6.439024390243903,20,249,205,13.166666666666668,15.569620253164556,3,7,Medium
6.6,6,6,43,Chris Jordan,Bowlers,Ravindra Jadeja,All-Rounders,0,True,5.0,44,Bangalore,M Chinnaswamy Stadium,Medium,False,True,42,6,7.0,44,6.285714285714286,20,249,205,13.0,15.76923076923077,4,6,Medium
7.1,7,1,44,Yuzvendra Chahal,Bowlers,Aaron Finch,Batters,0,False,1.0,44,Bangalore,M Chinnaswamy Stadium,Medium,False,True,43,7,7.166666666666667,44,6.13953488372093,20,249,205,12.833333333333332,15.974025974025976,4,6,Medium
7.2,7,2,45,Yuzvendra Chahal,Bowlers,Aaron Finch,Batters,1,False,-0.5,44,Bangalore,M Chinnaswamy Stadium,Medium,False,True,44,7,7.333333333333333,45,6.136363636363637,20,249,204,12.666666666666668,16.105263157894736,4,6,Medium
7.3,7,3,46,Yuzvendra Chahal,Bowlers,Dwayne Bravo,All-Rounders,1,False,-0.5,44,Bangalore,M Chinnaswamy Stadium,Medium,False,True,45,7,7.5,46,6.133333333333334,20,249,203,12.5,16.24,4,6,Medium
7.4,7,4,47,Yuzvendra Chahal,Bowlers,Aaron Finch,Batters,1,False,-0.5,44,Bangalore,M Chinnaswamy Stadium,Medium,False,True,46,7,7.666666666666667,47,6.130434782608695,20,249,202,12.333333333333332,16.37837837837838,4,6,Medium
7.5,7,5,48,Yuzvendra Chahal,Bowlers,Dwayne Bravo,All-Rounders,0,True,5.0,44,Bangalore,M Chinnaswamy Stadium,Medium,False,True,47,7,7.833333333333333,47,6.0,20,249,202,12.166666666666668,16.602739726027394,5,5,Medium
7.6,7,6,49,Yuzvendra Chahal,Bowlers,Akshdeep Nath,Batters,0,False,1.0,44,Bangalore,M Chinnaswamy Stadium,Medium,False,True,48,7,8.0,47,5.875,20,249,202,12.0,16.833333333333332,5,5,Medium
8.1,8,1,50,Chris Jordan,Bowlers,Aaron Finch,Batters,1,False,-0.5,44,Bangalore,M Chinnaswamy Stadium,Medium,False,True,49,8,8.166666666666666,48,5.877551020408164,20,249,201,11.833333333333334,16.985915492957744,5,5,Medium
8.2,8,2,51,Chris Jordan,Bowlers,Akshdeep Nath,Batters,0,False,1.0,44,Bangalore,M Chinnaswamy Stadium,Medium,False,True,50,8,8.333333333333334,48,5.76,20,249,201,11.666666666666666,17.228571428571428,5,5,Medium
8.3,8,3,52,Chris Jordan,Bowlers,Akshdeep Nath,Batters,1,False,-0.5,44,Bangalore,M Chinnaswamy Stadium,Medium,False,True,51,8,8.5,49,5.764705882352941,20,249,200,11.5,17.391304347826086,5,5,Medium
8.4,8,4,53,Chris Jordan,Bowlers,Aaron Finch,Batters,1,False,-1.0,44,Bangalore,M Chinnaswamy Stadium,Medium,True,False,51,8,8.5,50,5.882352941176471,20,249,199,11.5,17.304347826086957,5,5,Medium
8.4,8,4,54,Chris Jordan,Bowlers,Aaron Finch,Batters,0,False,1.0,44,Bangalore,M Chinnaswamy Stadium,Medium,False,True,52,8,8.666666666666666,50,5.76923076923077,20,249,199,11.333333333333334,17.558823529411764,5,5,Medium
8.5,8,5,55,Chris Jordan,Bowlers,Aaron Finch,Batters,0,False,1.0,44,Bangalore,M Chinnaswamy Stadium,Medium,False,True,53,8,8.833333333333334,50,5.660377358490566,20,249,199,11.166666666666666,17.82089552238806,5,5,Medium
8.6,8,6,56,Chris Jordan,Bowlers,Aaron Finch,Batters,1,False,-0.5,44,Bangalore,M Chinnaswamy Stadium,Medium,False,True,54,8,9.0,51,5.666666666666667,20,249,198,11.0,18.0,5,5,Medium
9.1,9,1,57,Yuzvendra Chahal,Bowlers,Aaron Finch,Batters,0,False,1.0,44,Bangalore,M Chinnaswamy Stadium,Medium,False,True,55,9,9.166666666666666,51,5.563636363636364,20,249,198,10.833333333333334,18.27692307692308,5,5,Medium
9.2,9,2,58,Yuzvendra Chahal,Bowlers,Aaron Finch,Batters,0,False,1.0,44,Bangalore,M Chinnaswamy Stadium,Medium,False,True,56,9,9.333333333333334,51,5.4642857142857135,20,249,198,10.666666666666666,18.5625,5,5,Medium
9.3,9,3,59,Yuzvendra Chahal,Bowlers,Aaron Finch,Batters,0,False,1.0,44,Bangalore,M Chinnaswamy Stadium,Medium,False,True,57,9,9.5,51,5.368421052631579,20,249,198,10.5,18.857142857142858,5,5,Medium
9.4,9,4,60,Yuzvendra Chahal,Bowlers,Aaron Finch,Batters,1,False,-0.5,44,Bangalore,M Chinnaswamy Stadium,Medium,False,True,58,9,9.666666666666666,52,5.379310344827586,20,249,197,10.333333333333334,19.064516129032256,5,5,Medium
9.5,9,5,61,Yuzvendra Chahal,Bowlers,Akshdeep Nath,Batters,1,False,-0.5,44,Bangalore,M Chinnaswamy Stadium,Medium,False,True,59,9,9.833333333333334,53,5.389830508474576,20,249,196,10.166666666666666,19.27868852459017,5,5,Medium
9.6,9,6,62,Yuzvendra Chahal,Bowlers,Aaron Finch,Batters,1,False,-0.5,44,Bangalore,M Chinnaswamy Stadium,Medium,False,True,60,9,10.0,54,5.4,20,249,195,10.0,19.5,5,5,Medium
10.1,10,1,63,Aaron Finch,,Aaron Finch,Batters,1,False,-0.25,44,Bangalore,M Chinnaswamy Stadium,Medium,False,True,61,10,10.166666666666666,55,5.409836065573771,20,249,194,9.833333333333334,19.72881355932203,5,5,Medium
10.2,10,2,64,Aaron Finch,,Akshdeep Nath,Batters,1,False,-0.5,44,Bangalore,M Chinnaswamy Stadium,Medium,False,True,62,10,10.333333333333334,56,5.419354838709677,20,249,193,9.666666666666666,19.96551724137932,5,5,Medium
10.3,10,3,65,Aaron Finch,,Aaron Finch,Batters,2,False,-1.0,44,Bangalore,M Chinnaswamy Stadium,Medium,False,True,63,10,10.5,58,5.523809523809524,20,249,191,9.5,20.105263157894736,5,5,Medium
10.4,10,4,66,Aaron Finch,,Aaron Finch,Batters,4,False,-2.0,44,Bangalore,M Chinnaswamy Stadium,Medium,False,True,64,10,10.666666666666666,62,5.8125,20,249,187,9.333333333333334,20.035714285714285,5,5,Medium
10.5,10,5,67,Aaron Finch,,Aaron Finch,Batters,4,False,-2.0,44,Bangalore,M Chinnaswamy Stadium,Medium,False,True,65,10,10.833333333333334,66,6.092307692307692,20,249,183,9.166666666666666,19.963636363636365,5,5,Medium
10.6,10,6,68,Aaron Finch,,Aaron Finch,Batters,1,False,-0.5,44,Bangalore,M Chinnaswamy Stadium,Medium,False,True,66,10,11.0,67,6.090909090909091,20,249,182,9.0,20.22222222222222,5,5,Medium
11.1,11,1,69,Yuzvendra Chahal,Bowlers,Aaron Finch,Batters,1,False,-0.5,44,Bangalore,M Chinnaswamy Stadium,Medium,False,True,67,11,11.166666666666666,68,6.089552238805971,20,249,181,8.833333333333334,20.49056603773585,5,5,Medium
11.2,11,2,70,Yuzvendra Chahal,Bowlers,Akshdeep Nath,Batters,0,True,5.0,44,Bangalore,M Chinnaswamy Stadium,Medium,False,True,68,11,11.333333333333334,68,6.0,20,249,181,8.666666666666666,20.884615384615387,6,4,Medium
11.3,11,3,71,Yuzvendra Chahal,Bowlers,Praveen Kumar,Bowlers,0,False,1.0,44,Bangalore,M Chinnaswamy Stadium,Medium,False,True,69,11,11.5,68,5.913043478260869,20,249,181,8.5,21.294117647058822,6,4,Medium
11.4,11,4,72,Yuzvendra Chahal,Bowlers,Praveen Kumar,Bowlers,0,False,1.0,44,Bangalore,M Chinnaswamy Stadium,Medium,False,True,70,11,11.666666666666666,68,5.828571428571429,20,249,181,8.333333333333334,21.72,6,4,Medium
11.5,11,5,73,Yuzvendra Chahal,Bowlers,Praveen Kumar,Bowlers,1,False,-0.5,44,Bangalore,M Chinnaswamy Stadium,Medium,False,True,71,11,11.833333333333334,69,5.830985915492957,20,249,180,8.166666666666666,22.040816326530614,6,4,Medium
11.6,11,6,74,Yuzvendra Chahal,Bowlers,Aaron Finch,Batters,0,False,1.0,44,Bangalore,M Chinnaswamy Stadium,Medium,False,True,72,11,12.0,69,5.75,20,249,180,8.0,22.5,6,4,Medium
12.1,12,1,75,Chris Jordan,Bowlers,Praveen Kumar,Bowlers,0,True,5.0,44,Bangalore,M Chinnaswamy Stadium,Medium,False,True,73,12,12.166666666666666,69,5.671232876712329,20,249,180,7.833333333333334,22.97872340425532,7,3,Medium
12.2,12,2,76,Chris Jordan,Bowlers,Dhawal Kulkarni,Bowlers,1,False,-0.25,44,Bangalore,M Chinnaswamy Stadium,Medium,False,True,74,12,12.333333333333334,70,5.675675675675675,20,249,179,7.666666666666666,23.347826086956523,7,3,Medium
12.3,12,3,77,Chris Jordan,Bowlers,Aaron Finch,Batters,1,False,-0.5,44,Bangalore,M Chinnaswamy Stadium,Medium,False,True,75,12,12.5,71,5.68,20,249,178,7.5,23.73333333333333,7,3,Medium
12.3,12,3,78,Chris Jordan,Bowlers,Aaron Finch,Batters,1,False,-1.0,44,Bangalore,M Chinnaswamy Stadium,Medium,True,False,75,12,12.5,72,5.76,20,249,177,7.5,23.6,7,3,Medium
12.4,12,4,79,Chris Jordan,Bowlers,Dhawal Kulkarni,Bowlers,2,False,-1.0,44,Bangalore,M Chinnaswamy Stadium,Medium,False,True,76,12,12.666666666666666,74,5.842105263157895,20,249,175,7.333333333333334,23.863636363636363,7,3,Medium
12.5,12,5,80,Chris Jordan,Bowlers,Dhawal Kulkarni,Bowlers,0,True,5.0,44,Bangalore,M Chinnaswamy Stadium,Medium,False,True,77,12,12.833333333333334,74,5.766233766233766,20,249,175,7.166666666666666,24.41860465116279,8,2,Medium
12.6,12,6,81,Chris Jordan,Bowlers,Pravin Tambe,Bowlers,0,False,1.0,44,Bangalore,M Chinnaswamy Stadium,Medium,False,True,78,12,13.0,74,5.6923076923076925,20,249,175,7.0,25.0,8,2,Medium
13.1,13,1,82,Virat Kohli,,Aaron Finch,Batters,1,False,-0.5,44,Bangalore,M Chinnaswamy Stadium,Medium,False,True,79,13,13.166666666666666,75,5.69620253164557,20,249,174,6.833333333333334,25.46341463414634,8,2,Medium
13.2,13,2,83,Virat Kohli,,Pravin Tambe,Bowlers,1,False,-1.0,44,Bangalore,M Chinnaswamy Stadium,Medium,True,False,79,13,13.166666666666666,76,5.772151898734178,20,249,173,6.833333333333334,25.317073170731707,8,2,Medium
13.2,13,2,84,,,,,0,False,0.0,44,Bangalore,M Chinnaswamy Stadium,Medium,False,True,80,13,13.333333333333334,76,5.7,20,249,173,6.666666666666666,25.950000000000003,8,2,Medium
13.3,13,3,85,Virat Kohli,,Aaron Finch,Batters,2,False,-1.0,44,Bangalore,M Chinnaswamy Stadium,Medium,True,False,80,13,13.333333333333334,78,5.85,20,249,171,6.666666666666666,25.65,8,2,Medium
13.3,13,3,86,Virat Kohli,,Pravin Tambe,Bowlers,0,False,1.0,44,Bangalore,M Chinnaswamy Stadium,Medium,False,True,81,13,13.5,78,5.777777777777778,20,249,171,6.5,26.307692307692307,8,2,Medium
13.4,13,4,87,Virat Kohli,,Pravin Tambe,Bowlers,1,False,-0.5,44,Bangalore,M Chinnaswamy Stadium,Medium,False,True,82,13,13.666666666666666,79,5.7804878048780495,20,249,170,6.333333333333334,26.84210526315789,8,2,Medium
13.5,13,5,88,Virat Kohli,,Aaron Finch,Batters,6,False,-3.0,44,Bangalore,M Chinnaswamy Stadium,Medium,False,True,83,13,13.833333333333334,85,6.144578313253012,20,249,164,6.166666666666666,26.5945945945946,8,2,Medium
13.6,13,6,89,Virat Kohli,,Aaron Finch,Batters,1,False,-0.5,44,Bangalore,M Chinnaswamy Stadium,Medium,False,True,84,13,14.0,86,6.142857142857143,20,249,163,6.0,27.166666666666668,8,2,Medium
14.1,14,1,90,Aaron Finch,,Aaron Finch,Batters,0,False,1.0,44,Bangalore,M Chinnaswamy Stadium,Medium,False,True,85,14,14.166666666666666,86,6.070588235294118,20,249,163,5.833333333333334,27.94285714285714,8,2,Medium
14.1,14,1,91,Aaron Finch,,Aaron Finch,Batters,1,False,-1.0,44,Bangalore,M Chinnaswamy Stadium,Medium,True,False,85,14,14.166666666666666,87,6.141176470588236,20,249,162,5.833333333333334,27.77142857142857,8,2,Medium
14.1,14,1,92,Aaron Finch,,Aaron Finch,Batters,1,False,-1.0,44,Bangalore,M Chinnaswamy Stadium,Medium,True,False,85,14,14.166666666666666,88,6.211764705882353,20,249,161,5.833333333333334,27.6,8,2,Medium
14.2,14,2,93,Aaron Finch,,Aaron Finch,Batters,1,False,-0.5,44,Bangalore,M Chinnaswamy Stadium,Medium,False,True,86,14,14.333333333333334,89,6.209302325581395,20,249,160,5.666666666666666,28.23529411764706,8,2,Medium
14.3,14,3,94,Aaron Finch,,Pravin Tambe,Bowlers,4,False,-2.0,44,Bangalore,M Chinnaswamy Stadium,Medium,False,True,87,14,14.5,93,6.413793103448276,20,249,156,5.5,28.363636363636363,8,2,Medium
14.4,14,4,95,Aaron Finch,,Pravin Tambe,Bowlers,0,False,1.0,44,Bangalore,M Chinnaswamy Stadium,Medium,False,True,88,14,14.666666666666666,93,6.340909090909091,20,249,156,5.333333333333334,29.25,8,2,Medium
14.5,14,5,96,Aaron Finch,,Pravin Tambe,Bowlers,0,False,1.0,44,Bangalore,M Chinnaswamy Stadium,Medium,False,True,89,14,14.833333333333334,93,6.269662921348314,20,249,156,5.166666666666666,30.19354838709678,8,2,Medium
14.6,14,6,97,Aaron Finch,,Pravin Tambe,Bowlers,0,False,1.0,44,Bangalore,M Chinnaswamy Stadium,Medium,False,True,90,14,15.0,93,6.2,20,249,156,5.0,31.2,8,2,Medium
15.1,15,1,98,Chris Gayle,All-Rounders,Aaron Finch,Batters,0,False,1.0,44,Bangalore,M Chinnaswamy Stadium,Medium,False,True,91,15,15.166666666666666,93,6.131868131868132,20,249,156,4.833333333333334,32.27586206896552,8,2,Medium
15.2,15,2,99,Chris Gayle,All-Rounders,Aaron Finch,Batters,0,False,1.0,44,Bangalore,M Chinnaswamy Stadium,Medium,False,True,92,15,15.333333333333334,93,6.065217391304348,20,249,156,4.666666666666666,33.42857142857143,8,2,Medium
15.3,15,3,100,Chris Gayle,All-Rounders,Aaron Finch,Batters,0,False,1.0,44,Bangalore,M Chinnaswamy Stadium,Medium,False,True,93,15,15.5,93,6.0,20,249,156,4.5,34.666666666666664,8,2,Medium
15.4,15,4,101,Chris Gayle,All-Rounders,Aaron Finch,Batters,1,False,-0.5,44,Bangalore,M Chinnaswamy Stadium,Medium,False,True,94,15,15.666666666666666,94,6.0,20,249,155,4.333333333333334,35.76923076923077,8,2,Medium
15.5,15,5,102,Chris Gayle,All-Rounders,Pravin Tambe,Bowlers,0,False,1.0,44,Bangalore,M Chinnaswamy Stadium,Medium,False,True,95,15,15.833333333333334,94,5.936842105263158,20,249,155,4.166666666666666,37.2,8,2,Medium
15.6,15,6,103,Chris Gayle,All-Rounders,Pravin Tambe,Bowlers,0,False,1.0,44,Bangalore,M Chinnaswamy Stadium,Medium,False,True,96,15,16.0,94,5.875,20,249,155,4.0,38.75,8,2,Medium
16.1,16,1,104,Sreenath Aravind,Bowlers,Aaron Finch,Batters,1,False,-0.5,44,Bangalore,M Chinnaswamy Stadium,Medium,False,True,97,16,16.166666666666668,95,5.876288659793814,20,249,154,3.833333333333332,40.17391304347827,8,2,Medium
16.2,16,2,105,,,,,0,False,0.0,44,Bangalore,M Chinnaswamy Stadium,Medium,False,True,98,16,16.333333333333332,95,5.816326530612245,20,249,154,3.666666666666668,41.99999999999999,8,2,Medium
16.3,16,3,106,Sreenath Aravind,Bowlers,Aaron Finch,Batters,1,False,-0.5,44,Bangalore,M Chinnaswamy Stadium,Medium,False,True,99,16,16.5,96,5.818181818181818,20,249,153,3.5,43.71428571428572,8,2,Medium
16.4,16,4,107,Sreenath Aravind,Bowlers,Pravin Tambe,Bowlers,0,False,1.0,44,Bangalore,M Chinnaswamy Stadium,Medium,False,True,100,16,16.666666666666668,96,5.76,20,249,153,3.333333333333332,45.90000000000001,8,2,Medium
16.5,16,5,108,Sreenath Aravind,Bowlers,Pravin Tambe,Bowlers,0,False,1.0,44,Bangalore,M Chinnaswamy Stadium,Medium,False,True,101,16,16.833333333333332,96,5.702970297029704,20,249,153,3.166666666666668,48.31578947368419,8,2,Medium
16.6,16,6,109,Sreenath Aravind,Bowlers,Pravin Tambe,Bowlers,0,False,1.0,44,Bangalore,M Chinnaswamy Stadium,Medium,False,True,102,16,17.0,96,5.647058823529412,20,249,153,3.0,51.0,8,2,Medium
17.1,17,1,110,Chris Gayle,All-Rounders,Aaron Finch,Batters,1,False,-1.0,44,Bangalore,M Chinnaswamy Stadium,Medium,True,False,102,16,17.0,97,5.705882352941177,20,249,152,3.0,50.66666666666666,8,2,Medium
17.1,17,1,111,Chris Gayle,All-Rounders,Aaron Finch,Batters,0,False,1.0,44,Bangalore,M Chinnaswamy Stadium,Medium,False,True,103,17,17.166666666666668,97,5.650485436893203,20,249,152,2.833333333333332,53.64705882352944,8,2,Medium
17.2,17,2,112,Chris Gayle,All-Rounders,Aaron Finch,Batters,1,False,-0.5,44,Bangalore,M Chinnaswamy Stadium,Medium,False,True,104,17,17.333333333333332,98,5.653846153846154,20,249,151,2.666666666666668,56.62499999999997,8,2,Medium
17.3,17,3,113,Chris Gayle,All-Rounders,Pravin Tambe,Bowlers,0,False,1.0,44,Bangalore,M Chinnaswamy Stadium,Medium,False,True,105,17,17.5,98,5.6,20,249,151,2.5,60.4,8,2,Medium
17.4,17,4,114,Chris Gayle,All-Rounders,Pravin Tambe,Bowlers,0,False,1.0,44,Bangalore,M Chinnaswamy Stadium,Medium,False,True,106,17,17.666666666666668,98,5.547169811320754,20,249,151,2.333333333333332,64.71428571428575,8,2,Medium
17.5,17,5,115,Chris Gayle,All-Rounders,Pravin Tambe,Bowlers,0,False,1.0,44,Bangalore,M Chinnaswamy Stadium,Medium,False,True,107,17,17.833333333333332,98,5.4953271028037385,20,249,151,2.166666666666668,69.69230769230765,8,2,Medium
17.6,17,6,116,Chris Gayle,All-Rounders,Pravin Tambe,Bowlers,0,False,1.0,44,Bangalore,M Chinnaswamy Stadium,Medium,False,True,108,17,18.0,98,5.444444444444445,20,249,151,2.0,75.5,8,2,Medium
18.1,18,1,117,Sachin Baby,,Aaron Finch,Batters,0,False,1.0,44,Bangalore,M Chinnaswamy Stadium,Medium,False,True,109,18,18.166666666666668,98,5.394495412844036,20,249,151,1.833333333333332,82.36363636363642,8,2,Medium
18.2,18,2,118,Sachin Baby,,Aaron Finch,Batters,4,False,-2.0,44,Bangalore,M Chinnaswamy Stadium,Medium,False,True,110,18,18.33333333333333,102,5.563636363636364,20,249,147,1.666666666666668,88.19999999999993,8,2,Medium
18.3,18,3,119,Sachin Baby,,Aaron Finch,Batters,0,True,5.0,44,Bangalore,M Chinnaswamy Stadium,Medium,False,True,111,18,18.5,102,5.513513513513513,20,249,147,1.5,98.0,9,1,Medium
18.4,18,4,120,Sachin Baby,,Shivil Kaushik,Bowlers,0,True,5.0,44,Bangalore,M Chinnaswamy Stadium,Medium,False,True,112,18,18.666666666666668,102,5.4642857142857135,20,249,147,1.333333333333332,110.2500000000001,10,0,Medium
