Ball Number,over,ball,Ball,bowler,bowler_role,batsman,batsman_role,Runs,is_wicket,bowler_score,match_id,city,stadium,Stadium_Type,is_extra,legal_delivery,legal_deliveries_count,overs_completed,overs_bowled,total_runs,current_run_rate,total_overs,target,runs_needed,overs_remaining,required_run_rate,wickets_fallen,wickets_in_hand,Ground_Type
0.1,0,1,1,Andre Russell,All-Rounders,Chris Gayle,All-Rounders,0,False,1.0,48,Kolkata,Eden Gardens,Large,False,True,1,0,0.1666666666666666,0,0.0,20,184,184,19.83333333333333,9.277310924369749,0,10,Large
0.2,0,2,2,Andre Russell,All-Rounders,Chris Gayle,All-Rounders,0,False,1.0,48,Kolkata,Eden Gardens,Large,False,True,2,0,0.3333333333333333,0,0.0,20,184,184,19.666666666666668,9.35593220338983,0,10,Large
0.3,0,3,3,Andre Russell,All-Rounders,Chris Gayle,All-Rounders,1,False,-0.5,48,Kolkata,Eden Gardens,Large,False,True,3,0,0.5,1,2.0,20,184,183,19.5,9.384615384615383,0,10,Large
0.4,0,4,4,Andre Russell,All-Rounders,Virat Kohli,Batters,4,False,-2.0,48,Kolkata,Eden Gardens,Large,False,True,4,0,0.6666666666666666,5,7.5,20,184,179,19.33333333333333,9.258620689655173,0,10,Large
0.5,0,5,5,Andre Russell,All-Rounders,Virat Kohli,Batters,1,False,-0.5,48,Kolkata,Eden Gardens,Large,False,True,5,0,0.8333333333333334,6,7.199999999999999,20,184,178,19.166666666666668,9.28695652173913,0,10,Large
0.6,0,6,6,Andre Russell,All-Rounders,Chris Gayle,All-Rounders,1,False,-0.25,48,Kolkata,Eden Gardens,Large,False,True,6,0,1.0,7,7.0,20,184,177,19.0,9.31578947368421,0,10,Large
1.1,1,1,7,Morne Morkel,Bowlers,Chris Gayle,All-Rounders,0,False,1.0,48,Kolkata,Eden Gardens,Large,False,True,7,1,1.1666666666666667,7,6.0,20,184,177,18.83333333333333,9.398230088495575,0,10,Large
1.2,1,2,8,Morne Morkel,Bowlers,Chris Gayle,All-Rounders,0,False,1.0,48,Kolkata,Eden Gardens,Large,False,True,8,1,1.3333333333333333,7,5.25,20,184,177,18.666666666666668,9.482142857142856,0,10,Large
1.3,1,3,9,Morne Morkel,Bowlers,Chris Gayle,All-Rounders,0,False,1.0,48,Kolkata,Eden Gardens,Large,False,True,9,1,1.5,7,4.666666666666667,20,184,177,18.5,9.567567567567568,0,10,Large
1.4,1,4,10,Morne Morkel,Bowlers,Chris Gayle,All-Rounders,4,False,-2.0,48,Kolkata,Eden Gardens,Large,False,True,10,1,1.6666666666666663,11,6.6000000000000005,20,184,173,18.33333333333333,9.436363636363636,0,10,Large
1.5,1,5,11,Morne Morkel,Bowlers,Chris Gayle,All-Rounders,4,False,-2.0,48,Kolkata,Eden Gardens,Large,False,True,11,1,1.8333333333333333,15,8.181818181818182,20,184,169,18.166666666666668,9.30275229357798,0,10,Large
1.6,1,6,12,Morne Morkel,Bowlers,Chris Gayle,All-Rounders,0,False,1.0,48,Kolkata,Eden Gardens,Large,False,True,12,1,2.0,15,7.5,20,184,169,18.0,9.38888888888889,0,10,Large
2.1,2,1,13,Andre Russell,All-Rounders,Virat Kohli,Batters,0,False,1.0,48,Kolkata,Eden Gardens,Large,False,True,13,2,2.1666666666666665,15,6.923076923076923,20,184,169,17.833333333333332,9.476635514018692,0,10,Large
2.2,2,2,14,Andre Russell,All-Rounders,Virat Kohli,Batters,4,False,-2.0,48,Kolkata,Eden Gardens,Large,False,True,14,2,2.333333333333333,19,8.142857142857142,20,184,165,17.666666666666668,9.339622641509433,0,10,Large
2.3,2,3,15,Andre Russell,All-Rounders,Virat Kohli,Batters,1,False,-0.5,48,Kolkata,Eden Gardens,Large,False,True,15,2,2.5,20,8.0,20,184,164,17.5,9.371428571428572,0,10,Large
2.4,2,4,16,Andre Russell,All-Rounders,Chris Gayle,All-Rounders,0,False,1.0,48,Kolkata,Eden Gardens,Large,False,True,16,2,2.6666666666666665,20,7.5,20,184,164,17.333333333333332,9.461538461538462,0,10,Large
2.5,2,5,17,Andre Russell,All-Rounders,Chris Gayle,All-Rounders,6,False,-3.0,48,Kolkata,Eden Gardens,Large,False,True,17,2,2.833333333333333,26,9.176470588235292,20,184,158,17.166666666666668,9.20388349514563,0,10,Large
2.6,2,6,18,Andre Russell,All-Rounders,Chris Gayle,All-Rounders,6,False,-3.0,48,Kolkata,Eden Gardens,Large,False,True,18,2,3.0,32,10.666666666666666,20,184,152,17.0,8.941176470588236,0,10,Large
3.1,3,1,19,Morne Morkel,Bowlers,Virat Kohli,Batters,0,False,1.0,48,Kolkata,Eden Gardens,Large,False,True,19,3,3.1666666666666665,32,10.105263157894738,20,184,152,16.833333333333332,9.02970297029703,0,10,Large
3.2,3,2,20,Morne Morkel,Bowlers,Virat Kohli,Batters,0,False,1.0,48,Kolkata,Eden Gardens,Large,False,True,20,3,3.333333333333333,32,9.6,20,184,152,16.666666666666668,9.12,0,10,Large
3.3,3,3,21,Morne Morkel,Bowlers,Virat Kohli,Batters,1,False,-0.5,48,Kolkata,Eden Gardens,Large,False,True,21,3,3.5,33,9.428571428571429,20,184,151,16.5,9.151515151515152,0,10,Large
3.4,3,4,22,Morne Morkel,Bowlers,Chris Gayle,All-Rounders,4,False,-2.0,48,Kolkata,Eden Gardens,Large,False,True,22,3,3.6666666666666665,37,10.090909090909092,20,184,147,16.333333333333332,9.0,0,10,Large
3.5,3,5,23,Morne Morkel,Bowlers,Chris Gayle,All-Rounders,1,False,-0.5,48,Kolkata,Eden Gardens,Large,False,True,23,3,3.8333333333333335,38,9.91304347826087,20,184,146,16.166666666666668,9.030927835051546,0,10,Large
3.6,3,6,24,Morne Morkel,Bowlers,Virat Kohli,Batters,6,False,-3.0,48,Kolkata,Eden Gardens,Large,False,True,24,3,4.0,44,11.0,20,184,140,16.0,8.75,0,10,Large
4.1,4,1,25,Sunil Narine,All-Rounders,Chris Gayle,All-Rounders,0,False,1.0,48,Kolkata,Eden Gardens,Large,False,True,25,4,4.166666666666667,44,10.56,20,184,140,15.833333333333332,8.842105263157896,0,10,Large
4.2,4,2,26,Sunil Narine,All-Rounders,Chris Gayle,All-Rounders,0,False,1.0,48,Kolkata,Eden Gardens,Large,False,True,26,4,4.333333333333333,44,10.153846153846157,20,184,140,15.666666666666668,8.936170212765957,0,10,Large
4.3,4,3,27,Sunil Narine,All-Rounders,Chris Gayle,All-Rounders,4,False,-2.0,48,Kolkata,Eden Gardens,Large,False,True,27,4,4.5,48,10.666666666666666,20,184,136,15.5,8.774193548387096,0,10,Large
4.4,4,4,28,Sunil Narine,All-Rounders,Chris Gayle,All-Rounders,4,False,-2.0,48,Kolkata,Eden Gardens,Large,False,True,28,4,4.666666666666667,52,11.142857142857142,20,184,132,15.333333333333332,8.608695652173914,0,10,Large
4.5,4,5,29,Sunil Narine,All-Rounders,Chris Gayle,All-Rounders,0,False,1.0,48,Kolkata,Eden Gardens,Large,False,True,29,4,4.833333333333333,52,10.758620689655173,20,184,132,15.166666666666668,8.703296703296703,0,10,Large
4.6,4,6,30,Sunil Narine,All-Rounders,Chris Gayle,All-Rounders,1,False,-0.5,48,Kolkata,Eden Gardens,Large,False,True,30,4,5.0,53,10.6,20,184,131,15.0,8.733333333333333,0,10,Large
5.1,5,1,31,Piyush Chawla,All-Rounders,Chris Gayle,All-Rounders,1,False,-0.5,48,Kolkata,Eden Gardens,Large,False,True,31,5,5.166666666666667,54,10.451612903225806,20,184,130,14.833333333333332,8.764044943820226,0,10,Large
5.2,5,2,32,Piyush Chawla,All-Rounders,Virat Kohli,Batters,2,False,-1.0,48,Kolkata,Eden Gardens,Large,False,True,32,5,5.333333333333333,56,10.5,20,184,128,14.666666666666668,8.727272727272727,0,10,Large
5.3,5,3,33,Piyush Chawla,All-Rounders,Virat Kohli,Batters,0,False,1.0,48,Kolkata,Eden Gardens,Large,False,True,33,5,5.5,56,10.181818181818182,20,184,128,14.5,8.827586206896552,0,10,Large
5.4,5,4,34,Piyush Chawla,All-Rounders,Virat Kohli,Batters,1,False,-0.5,48,Kolkata,Eden Gardens,Large,False,True,34,5,5.666666666666667,57,10.058823529411764,20,184,127,14.333333333333332,8.860465116279071,0,10,Large
5.5,5,5,35,Piyush Chawla,All-Rounders,Chris Gayle,All-Rounders,0,False,1.0,48,Kolkata,Eden Gardens,Large,False,True,35,5,5.833333333333333,57,9.771428571428572,20,184,127,14.166666666666668,8.964705882352941,0,10,Large
5.6,5,6,36,Piyush Chawla,All-Rounders,Chris Gayle,All-Rounders,6,False,-3.0,48,Kolkata,Eden Gardens,Large,False,True,36,5,6.0,63,10.5,20,184,121,14.0,8.642857142857142,0,10,Large
6.1,6,1,37,Ankit Rajpoot,Bowlers,Virat Kohli,Batters,1,False,-0.5,48,Kolkata,Eden Gardens,Large,False,True,37,6,6.166666666666667,64,10.378378378378375,20,184,120,13.833333333333332,8.674698795180724,0,10,Large
6.2,6,2,38,Ankit Rajpoot,Bowlers,Chris Gayle,All-Rounders,0,False,1.0,48,Kolkata,Eden Gardens,Large,False,True,38,6,6.333333333333333,64,10.105263157894738,20,184,120,13.666666666666668,8.780487804878048,0,10,Large
6.3,6,3,39,Ankit Rajpoot,Bowlers,Chris Gayle,All-Rounders,0,False,1.0,48,Kolkata,Eden Gardens,Large,False,True,39,6,6.5,64,9.846153846153848,20,184,120,13.5,8.88888888888889,0,10,Large
6.4,6,4,40,Ankit Rajpoot,Bowlers,Chris Gayle,All-Rounders,0,False,1.0,48,Kolkata,Eden Gardens,Large,False,True,40,6,6.666666666666667,64,9.6,20,184,120,13.333333333333332,9.0,0,10,Large
6.5,6,5,41,Ankit Rajpoot,Bowlers,Chris Gayle,All-Rounders,1,False,-0.5,48,Kolkata,Eden Gardens,Large,False,True,41,6,6.833333333333333,65,9.51219512195122,20,184,119,13.166666666666668,9.037974683544302,0,10,Large
6.6,6,6,42,Ankit Rajpoot,Bowlers,Virat Kohli,Batters,0,False,1.0,48,Kolkata,Eden Gardens,Large,False,True,42,6,7.0,65,9.285714285714286,20,184,119,13.0,9.153846153846152,0,10,Large
7.1,7,1,43,Sunil Narine,All-Rounders,Chris Gayle,All-Rounders,6,False,-3.0,48,Kolkata,Eden Gardens,Large,False,True,43,7,7.166666666666667,71,9.906976744186046,20,184,113,12.833333333333332,8.805194805194805,0,10,Large
7.2,7,2,44,Sunil Narine,All-Rounders,Chris Gayle,All-Rounders,0,False,1.0,48,Kolkata,Eden Gardens,Large,False,True,44,7,7.333333333333333,71,9.681818181818182,20,184,113,12.666666666666668,8.921052631578947,0,10,Large
7.3,7,3,45,Sunil Narine,All-Rounders,Chris Gayle,All-Rounders,0,True,5.0,48,Kolkata,Eden Gardens,Large,False,True,45,7,7.5,71,9.466666666666669,20,184,113,12.5,9.04,1,9,Large
7.4,7,4,46,Sunil Narine,All-Rounders,AB de Villiers,Batters,0,False,1.0,48,Kolkata,Eden Gardens,Large,False,True,46,7,7.666666666666667,71,9.26086956521739,20,184,113,12.333333333333332,9.162162162162163,1,9,Large
7.5,7,5,47,Sunil Narine,All-Rounders,AB de Villiers,Batters,1,False,-0.5,48,Kolkata,Eden Gardens,Large,False,True,47,7,7.833333333333333,72,9.191489361702128,20,184,112,12.166666666666668,9.205479452054794,1,9,Large
7.6,7,6,48,Sunil Narine,All-Rounders,Virat Kohli,Batters,0,False,1.0,48,Kolkata,Eden Gardens,Large,False,True,48,7,8.0,72,9.0,20,184,112,12.0,9.333333333333334,1,9,Large
8.1,8,1,49,Ankit Rajpoot,Bowlers,AB de Villiers,Batters,1,False,-0.5,48,Kolkata,Eden Gardens,Large,False,True,49,8,8.166666666666666,73,8.938775510204083,20,184,111,11.833333333333334,9.380281690140844,1,9,Large
8.2,8,2,50,Ankit Rajpoot,Bowlers,Virat Kohli,Batters,1,False,-0.5,48,Kolkata,Eden Gardens,Large,False,True,50,8,8.333333333333334,74,8.879999999999999,20,184,110,11.666666666666666,9.428571428571429,1,9,Large
8.3,8,3,51,Ankit Rajpoot,Bowlers,AB de Villiers,Batters,4,False,-2.0,48,Kolkata,Eden Gardens,Large,False,True,51,8,8.5,78,9.176470588235292,20,184,106,11.5,9.217391304347826,1,9,Large
8.4,8,4,52,Ankit Rajpoot,Bowlers,AB de Villiers,Batters,0,False,1.0,48,Kolkata,Eden Gardens,Large,False,True,52,8,8.666666666666666,78,9.0,20,184,106,11.333333333333334,9.352941176470589,1,9,Large
8.5,8,5,53,Ankit Rajpoot,Bowlers,AB de Villiers,Batters,4,False,-2.0,48,Kolkata,Eden Gardens,Large,False,True,53,8,8.833333333333334,82,9.283018867924527,20,184,102,11.166666666666666,9.134328358208956,1,9,Large
8.6,8,6,54,Ankit Rajpoot,Bowlers,AB de Villiers,Batters,0,False,1.0,48,Kolkata,Eden Gardens,Large,False,True,54,8,9.0,82,9.11111111111111,20,184,102,11.0,9.272727272727272,1,9,Large
9.1,9,1,55,Sunil Narine,All-Rounders,Virat Kohli,Batters,2,False,-1.0,48,Kolkata,Eden Gardens,Large,False,True,55,9,9.166666666666666,84,9.163636363636364,20,184,100,10.833333333333334,9.23076923076923,1,9,Large
9.2,9,2,56,Sunil Narine,All-Rounders,Virat Kohli,Batters,0,False,1.0,48,Kolkata,Eden Gardens,Large,False,True,56,9,9.333333333333334,84,9.0,20,184,100,10.666666666666666,9.375,1,9,Large
9.3,9,3,57,Sunil Narine,All-Rounders,Virat Kohli,Batters,0,False,1.0,48,Kolkata,Eden Gardens,Large,False,True,57,9,9.5,84,8.842105263157896,20,184,100,10.5,9.523809523809524,1,9,Large
9.4,9,4,58,Sunil Narine,All-Rounders,Virat Kohli,Batters,2,False,-1.0,48,Kolkata,Eden Gardens,Large,False,True,58,9,9.666666666666666,86,8.896551724137932,20,184,98,10.333333333333334,9.483870967741934,1,9,Large
9.5,9,5,59,Sunil Narine,All-Rounders,Virat Kohli,Batters,4,False,-2.0,48,Kolkata,Eden Gardens,Large,False,True,59,9,9.833333333333334,90,9.152542372881356,20,184,94,10.166666666666666,9.245901639344265,1,9,Large
9.6,9,6,60,Sunil Narine,All-Rounders,Virat Kohli,Batters,1,False,-0.5,48,Kolkata,Eden Gardens,Large,False,True,60,9,10.0,91,9.1,20,184,93,10.0,9.3,1,9,Large
10.1,10,1,61,Shakib Al Hasan,All-Rounders,Virat Kohli,Batters,0,False,1.0,48,Kolkata,Eden Gardens,Large,False,True,61,10,10.166666666666666,91,8.950819672131148,20,184,93,9.833333333333334,9.457627118644067,1,9,Large
10.2,10,2,62,Shakib Al Hasan,All-Rounders,Virat Kohli,Batters,1,False,-0.5,48,Kolkata,Eden Gardens,Large,False,True,62,10,10.333333333333334,92,8.903225806451612,20,184,92,9.666666666666666,9.517241379310343,1,9,Large
10.3,10,3,63,Shakib Al Hasan,All-Rounders,AB de Villiers,Batters,1,False,-0.5,48,Kolkata,Eden Gardens,Large,False,True,63,10,10.5,93,8.857142857142858,20,184,91,9.5,9.578947368421051,1,9,Large
10.4,10,4,64,Shakib Al Hasan,All-Rounders,Virat Kohli,Batters,1,False,-0.5,48,Kolkata,Eden Gardens,Large,False,True,64,10,10.666666666666666,94,8.8125,20,184,90,9.333333333333334,9.642857142857142,1,9,Large
10.5,10,5,65,Shakib Al Hasan,All-Rounders,AB de Villiers,Batters,1,False,-0.5,48,Kolkata,Eden Gardens,Large,False,True,65,10,10.833333333333334,95,8.769230769230768,20,184,89,9.166666666666666,9.709090909090907,1,9,Large
10.6,10,6,66,Shakib Al Hasan,All-Rounders,Virat Kohli,Batters,1,False,-0.5,48,Kolkata,Eden Gardens,Large,False,True,66,10,11.0,96,8.727272727272727,20,184,88,9.0,9.77777777777778,1,9,Large
11.1,11,1,67,Piyush Chawla,All-Rounders,Virat Kohli,Batters,0,False,1.0,48,Kolkata,Eden Gardens,Large,False,True,67,11,11.166666666666666,96,8.597014925373134,20,184,88,8.833333333333334,9.962264150943396,1,9,Large
11.2,11,2,68,Piyush Chawla,All-Rounders,Virat Kohli,Batters,2,False,-1.0,48,Kolkata,Eden Gardens,Large,False,True,68,11,11.333333333333334,98,8.647058823529411,20,184,86,8.666666666666666,9.923076923076923,1,9,Large
11.3,11,3,69,Piyush Chawla,All-Rounders,Virat Kohli,Batters,1,False,-0.5,48,Kolkata,Eden Gardens,Large,False,True,69,11,11.5,99,8.608695652173912,20,184,85,8.5,10.0,1,9,Large
11.4,11,4,70,Piyush Chawla,All-Rounders,AB de Villiers,Batters,0,False,1.0,48,Kolkata,Eden Gardens,Large,False,True,70,11,11.666666666666666,99,8.485714285714286,20,184,85,8.333333333333334,10.2,1,9,Large
11.5,11,5,71,Piyush Chawla,All-Rounders,AB de Villiers,Batters,1,False,-0.5,48,Kolkata,Eden Gardens,Large,False,True,71,11,11.833333333333334,100,8.450704225352112,20,184,84,8.166666666666666,10.285714285714286,1,9,Large
11.6,11,6,72,Piyush Chawla,All-Rounders,Virat Kohli,Batters,1,False,-0.5,48,Kolkata,Eden Gardens,Large,False,True,72,11,12.0,101,8.416666666666666,20,184,83,8.0,10.375,1,9,Large
12.1,12,1,73,Shakib Al Hasan,All-Rounders,Virat Kohli,Batters,1,False,-0.5,48,Kolkata,Eden Gardens,Large,False,True,73,12,12.166666666666666,102,8.383561643835616,20,184,82,7.833333333333334,10.468085106382976,1,9,Large
12.2,12,2,74,Shakib Al Hasan,All-Rounders,AB de Villiers,Batters,6,False,-3.0,48,Kolkata,Eden Gardens,Large,False,True,74,12,12.333333333333334,108,8.756756756756756,20,184,76,7.666666666666666,9.913043478260873,1,9,Large
12.3,12,3,75,Shakib Al Hasan,All-Rounders,AB de Villiers,Batters,2,False,-1.0,48,Kolkata,Eden Gardens,Large,False,True,75,12,12.5,110,8.8,20,184,74,7.5,9.866666666666667,1,9,Large
12.4,12,4,76,Shakib Al Hasan,All-Rounders,AB de Villiers,Batters,0,False,1.0,48,Kolkata,Eden Gardens,Large,False,True,76,12,12.666666666666666,110,8.68421052631579,20,184,74,7.333333333333334,10.09090909090909,1,9,Large
12.5,12,5,77,Shakib Al Hasan,All-Rounders,AB de Villiers,Batters,1,False,-1.0,48,Kolkata,Eden Gardens,Large,True,False,76,12,12.666666666666666,111,8.763157894736842,20,184,73,7.333333333333334,9.954545454545451,1,9,Large
12.5,12,5,78,Shakib Al Hasan,All-Rounders,AB de Villiers,Batters,0,False,1.0,48,Kolkata,Eden Gardens,Large,False,True,77,12,12.833333333333334,111,8.64935064935065,20,184,73,7.166666666666666,10.186046511627907,1,9,Large
12.6,12,6,79,Shakib Al Hasan,All-Rounders,AB de Villiers,Batters,1,False,-0.5,48,Kolkata,Eden Gardens,Large,False,True,78,12,13.0,112,8.615384615384615,20,184,72,7.0,10.285714285714286,1,9,Large
13.1,13,1,80,Piyush Chawla,All-Rounders,AB de Villiers,Batters,2,False,-1.0,48,Kolkata,Eden Gardens,Large,False,True,79,13,13.166666666666666,114,8.658227848101266,20,184,70,6.833333333333334,10.243902439024389,1,9,Large
13.2,13,2,81,Piyush Chawla,All-Rounders,AB de Villiers,Batters,1,False,-0.5,48,Kolkata,Eden Gardens,Large,False,True,80,13,13.333333333333334,115,8.625,20,184,69,6.666666666666666,10.35,1,9,Large
13.3,13,3,82,Piyush Chawla,All-Rounders,Virat Kohli,Batters,2,False,-1.0,48,Kolkata,Eden Gardens,Large,False,True,81,13,13.5,117,8.666666666666666,20,184,67,6.5,10.307692307692308,1,9,Large
13.4,13,4,83,Piyush Chawla,All-Rounders,Virat Kohli,Batters,6,False,-3.0,48,Kolkata,Eden Gardens,Large,False,True,82,13,13.666666666666666,123,9.0,20,184,61,6.333333333333334,9.63157894736842,1,9,Large
13.5,13,5,84,Piyush Chawla,All-Rounders,Virat Kohli,Batters,1,False,-0.5,48,Kolkata,Eden Gardens,Large,False,True,83,13,13.833333333333334,124,8.963855421686747,20,184,60,6.166666666666666,9.72972972972973,1,9,Large
13.6,13,6,85,Piyush Chawla,All-Rounders,AB de Villiers,Batters,1,False,-0.5,48,Kolkata,Eden Gardens,Large,False,True,84,13,14.0,125,8.928571428571429,20,184,59,6.0,9.833333333333334,1,9,Large
14.1,14,1,86,Shakib Al Hasan,All-Rounders,AB de Villiers,Batters,1,False,-0.5,48,Kolkata,Eden Gardens,Large,False,True,85,14,14.166666666666666,126,8.894117647058824,20,184,58,5.833333333333334,9.94285714285714,1,9,Large
14.2,14,2,87,Shakib Al Hasan,All-Rounders,Virat Kohli,Batters,0,False,1.0,48,Kolkata,Eden Gardens,Large,False,True,86,14,14.333333333333334,126,8.790697674418604,20,184,58,5.666666666666666,10.23529411764706,1,9,Large
14.3,14,3,88,Shakib Al Hasan,All-Rounders,Virat Kohli,Batters,1,False,-0.5,48,Kolkata,Eden Gardens,Large,False,True,87,14,14.5,127,8.758620689655173,20,184,57,5.5,10.363636363636363,1,9,Large
14.4,14,4,89,Shakib Al Hasan,All-Rounders,AB de Villiers,Batters,1,False,-0.5,48,Kolkata,Eden Gardens,Large,False,True,88,14,14.666666666666666,128,8.727272727272728,20,184,56,5.333333333333334,10.499999999999998,1,9,Large
14.5,14,5,90,Shakib Al Hasan,All-Rounders,Virat Kohli,Batters,1,False,-0.5,48,Kolkata,Eden Gardens,Large,False,True,89,14,14.833333333333334,129,8.696629213483146,20,184,55,5.166666666666666,10.645161290322582,1,9,Large
14.6,14,6,91,Shakib Al Hasan,All-Rounders,AB de Villiers,Batters,6,False,-3.0,48,Kolkata,Eden Gardens,Large,False,True,90,14,15.0,135,9.0,20,184,49,5.0,9.8,1,9,Large
15.1,15,1,92,Sunil Narine,All-Rounders,Virat Kohli,Batters,0,False,1.0,48,Kolkata,Eden Gardens,Large,False,True,91,15,15.166666666666666,135,8.901098901098901,20,184,49,4.833333333333334,10.137931034482758,1,9,Large
15.2,15,2,93,Sunil Narine,All-Rounders,Virat Kohli,Batters,1,False,-0.5,48,Kolkata,Eden Gardens,Large,False,True,92,15,15.333333333333334,136,8.869565217391305,20,184,48,4.666666666666666,10.285714285714286,1,9,Large
15.3,15,3,94,Sunil Narine,All-Rounders,AB de Villiers,Batters,1,False,-0.5,48,Kolkata,Eden Gardens,Large,False,True,93,15,15.5,137,8.838709677419354,20,184,47,4.5,10.444444444444445,1,9,Large
15.4,15,4,95,Sunil Narine,All-Rounders,Virat Kohli,Batters,0,False,1.0,48,Kolkata,Eden Gardens,Large,False,True,94,15,15.666666666666666,137,8.74468085106383,20,184,47,4.333333333333334,10.846153846153843,1,9,Large
15.5,15,5,96,Sunil Narine,All-Rounders,Virat Kohli,Batters,1,False,-0.5,48,Kolkata,Eden Gardens,Large,False,True,95,15,15.833333333333334,138,8.715789473684211,20,184,46,4.166666666666666,11.04,1,9,Large
15.6,15,6,97,Sunil Narine,All-Rounders,AB de Villiers,Batters,6,False,-3.0,48,Kolkata,Eden Gardens,Large,False,True,96,15,16.0,144,9.0,20,184,40,4.0,10.0,1,9,Large
16.1,16,1,98,Shakib Al Hasan,All-Rounders,Virat Kohli,Batters,4,False,-2.0,48,Kolkata,Eden Gardens,Large,False,True,97,16,16.166666666666668,148,9.154639175257731,20,184,36,3.833333333333332,9.39130434782609,1,9,Large
16.2,16,2,99,Shakib Al Hasan,All-Rounders,Virat Kohli,Batters,1,False,-0.5,48,Kolkata,Eden Gardens,Large,False,True,98,16,16.333333333333332,149,9.122448979591836,20,184,35,3.666666666666668,9.545454545454543,1,9,Large
16.3,16,3,100,Shakib Al Hasan,All-Rounders,AB de Villiers,Batters,1,False,-0.5,48,Kolkata,Eden Gardens,Large,False,True,99,16,16.5,150,9.090909090909092,20,184,34,3.5,9.714285714285714,1,9,Large
16.4,16,4,101,Shakib Al Hasan,All-Rounders,Virat Kohli,Batters,1,False,-0.5,48,Kolkata,Eden Gardens,Large,False,True,100,16,16.666666666666668,151,9.06,20,184,33,3.333333333333332,9.900000000000004,1,9,Large
16.5,16,5,102,Shakib Al Hasan,All-Rounders,AB de Villiers,Batters,4,False,-2.0,48,Kolkata,Eden Gardens,Large,False,True,101,16,16.833333333333332,155,9.207920792079207,20,184,29,3.166666666666668,9.157894736842104,1,9,Large
16.6,16,6,103,Shakib Al Hasan,All-Rounders,AB de Villiers,Batters,2,False,-1.0,48,Kolkata,Eden Gardens,Large,False,True,102,16,17.0,157,9.235294117647058,20,184,27,3.0,9.0,1,9,Large
17.1,17,1,104,Ankit Rajpoot,Bowlers,Virat Kohli,Batters,4,False,-2.0,48,Kolkata,Eden Gardens,Large,False,True,103,17,17.166666666666668,161,9.378640776699028,20,184,23,2.833333333333332,8.117647058823533,1,9,Large
17.2,17,2,105,Ankit Rajpoot,Bowlers,Virat Kohli,Batters,2,False,-1.0,48,Kolkata,Eden Gardens,Large,False,True,104,17,17.333333333333332,163,9.403846153846157,20,184,21,2.666666666666668,7.8749999999999964,1,9,Large
17.3,17,3,106,Ankit Rajpoot,Bowlers,Virat Kohli,Batters,1,False,-0.5,48,Kolkata,Eden Gardens,Large,False,True,105,17,17.5,164,9.371428571428572,20,184,20,2.5,8.0,1,9,Large
17.4,17,4,107,Ankit Rajpoot,Bowlers,AB de Villiers,Batters,2,False,-1.0,48,Kolkata,Eden Gardens,Large,True,False,105,17,17.5,166,9.485714285714286,20,184,18,2.5,7.2,1,9,Large
17.4,17,4,108,Ankit Rajpoot,Bowlers,Virat Kohli,Batters,1,False,-0.5,48,Kolkata,Eden Gardens,Large,False,True,106,17,17.666666666666668,167,9.452830188679243,20,184,17,2.333333333333332,7.285714285714289,1,9,Large
17.5,17,5,109,Ankit Rajpoot,Bowlers,AB de Villiers,Batters,2,False,-1.0,48,Kolkata,Eden Gardens,Large,False,True,107,17,17.833333333333332,169,9.476635514018692,20,184,15,2.166666666666668,6.923076923076919,1,9,Large
17.6,17,6,110,Ankit Rajpoot,Bowlers,AB de Villiers,Batters,4,False,-2.0,48,Kolkata,Eden Gardens,Large,False,True,108,17,18.0,173,9.61111111111111,20,184,11,2.0,5.5,1,9,Large
18.1,18,1,111,Andre Russell,All-Rounders,Virat Kohli,Batters,6,False,-3.0,48,Kolkata,Eden Gardens,Large,False,True,109,18,18.166666666666668,179,9.853211009174313,20,184,5,1.833333333333332,2.727272727272729,1,9,Large
18.2,18,2,112,Andre Russell,All-Rounders,Virat Kohli,Batters,2,False,-1.0,48,Kolkata,Eden Gardens,Large,False,True,110,18,18.33333333333333,181,9.872727272727271,20,184,3,1.666666666666668,1.7999999999999987,1,9,Large
18.3,18,3,113,Andre Russell,All-Rounders,Virat Kohli,Batters,1,False,-0.5,48,Kolkata,Eden Gardens,Large,False,True,111,18,18.5,182,9.83783783783784,20,184,2,1.5,1.3333333333333333,1,9,Large
18.4,18,4,114,Piyush Chawla,All-Rounders,AB de Villiers,Batters,4,False,-2.0,48,Kolkata,Eden Gardens,Large,False,True,112,18,18.666666666666668,186,9.964285714285714,20,184,0,1.333333333333332,0.0,1,9,Large
