Ball Number,over,ball,Ball,bowler,bowler_role,batsman,batsman_role,Runs,is_wicket,bowler_score,match_id,city,stadium,Stadium_Type,is_extra,legal_delivery,legal_deliveries_count,overs_completed,overs_bowled,total_runs,current_run_rate,total_overs,target,runs_needed,overs_remaining,required_run_rate,wickets_fallen,wickets_in_hand,Ground_Type
0.1,0,1,1,Zaheer Khan,Bowlers,David Warner,Batters,0,False,1.0,52,Raipur,Shaheed Veer Narayan Singh International Stadium,Large,False,True,1,0,0.1666666666666666,0,0.0,20,159,159,19.83333333333333,8.016806722689076,0,10,Large
0.2,0,2,2,Zaheer Khan,Bowlers,David Warner,Batters,0,False,1.0,52,Raipur,Shaheed Veer Narayan Singh International Stadium,Large,False,True,2,0,0.3333333333333333,0,0.0,20,159,159,19.666666666666668,8.084745762711863,0,10,Large
0.3,0,3,3,Zaheer Khan,Bowlers,David Warner,Batters,0,False,1.0,52,Raipur,Shaheed Veer Narayan Singh International Stadium,Large,False,True,3,0,0.5,0,0.0,20,159,159,19.5,8.153846153846153,0,10,Large
0.4,0,4,4,Zaheer Khan,Bowlers,David Warner,Batters,1,False,-0.5,52,Raipur,Shaheed Veer Narayan Singh International Stadium,Large,False,True,4,0,0.6666666666666666,1,1.5,20,159,158,19.33333333333333,8.172413793103448,0,10,Large
0.5,0,5,5,Zaheer Khan,Bowlers,Shikhar Dhawan,Batters,0,False,1.0,52,Raipur,Shaheed Veer Narayan Singh International Stadium,Large,False,True,5,0,0.8333333333333334,1,1.2,20,159,158,19.166666666666668,8.243478260869566,0,10,Large
0.6,0,6,6,Zaheer Khan,Bowlers,Shikhar Dhawan,Batters,0,False,1.0,52,Raipur,Shaheed Veer Narayan Singh International Stadium,Large,False,True,6,0,1.0,1,1.0,20,159,158,19.0,8.31578947368421,0,10,Large
1.1,1,1,7,Jayant Yadav,Bowlers,David Warner,Batters,0,False,1.0,52,Raipur,Shaheed Veer Narayan Singh International Stadium,Large,False,True,7,1,1.1666666666666667,1,0.8571428571428571,20,159,158,18.83333333333333,8.389380530973451,0,10,Large
1.2,1,2,8,Jayant Yadav,Bowlers,David Warner,Batters,0,False,1.0,52,Raipur,Shaheed Veer Narayan Singh International Stadium,Large,False,True,8,1,1.3333333333333333,1,0.75,20,159,158,18.666666666666668,8.464285714285714,0,10,Large
1.3,1,3,9,Jayant Yadav,Bowlers,David Warner,Batters,0,False,1.0,52,Raipur,Shaheed Veer Narayan Singh International Stadium,Large,False,True,9,1,1.5,1,0.6666666666666666,20,159,158,18.5,8.54054054054054,0,10,Large
1.4,1,4,10,Jayant Yadav,Bowlers,David Warner,Batters,4,False,-2.0,52,Raipur,Shaheed Veer Narayan Singh International Stadium,Large,False,True,10,1,1.6666666666666663,5,3.0000000000000004,20,159,154,18.33333333333333,8.4,0,10,Large
1.5,1,5,11,Jayant Yadav,Bowlers,David Warner,Batters,4,False,-2.0,52,Raipur,Shaheed Veer Narayan Singh International Stadium,Large,False,True,11,1,1.8333333333333333,9,4.909090909090908,20,159,150,18.166666666666668,8.256880733944953,0,10,Large
1.6,1,6,12,Jayant Yadav,Bowlers,David Warner,Batters,1,False,-0.5,52,Raipur,Shaheed Veer Narayan Singh International Stadium,Large,False,True,12,1,2.0,10,5.0,20,159,149,18.0,8.277777777777779,0,10,Large
2.1,2,1,13,Zaheer Khan,Bowlers,David Warner,Batters,1,False,-0.5,52,Raipur,Shaheed Veer Narayan Singh International Stadium,Large,False,True,13,2,2.1666666666666665,11,5.0769230769230775,20,159,148,17.833333333333332,8.299065420560748,0,10,Large
2.2,2,2,14,Zaheer Khan,Bowlers,Shikhar Dhawan,Batters,4,False,-2.0,52,Raipur,Shaheed Veer Narayan Singh International Stadium,Large,False,True,14,2,2.333333333333333,15,6.428571428571428,20,159,144,17.666666666666668,8.150943396226415,0,10,Large
2.3,2,3,15,Zaheer Khan,Bowlers,Shikhar Dhawan,Batters,1,False,-0.5,52,Raipur,Shaheed Veer Narayan Singh International Stadium,Large,False,True,15,2,2.5,16,6.4,20,159,143,17.5,8.17142857142857,0,10,Large
2.4,2,4,16,Zaheer Khan,Bowlers,David Warner,Batters,0,False,1.0,52,Raipur,Shaheed Veer Narayan Singh International Stadium,Large,False,True,16,2,2.6666666666666665,16,6.0,20,159,143,17.333333333333332,8.25,0,10,Large
2.5,2,5,17,Zaheer Khan,Bowlers,David Warner,Batters,1,False,-0.5,52,Raipur,Shaheed Veer Narayan Singh International Stadium,Large,False,True,17,2,2.833333333333333,17,6.0,20,159,142,17.166666666666668,8.271844660194175,0,10,Large
2.6,2,6,18,Zaheer Khan,Bowlers,Shikhar Dhawan,Batters,0,False,1.0,52,Raipur,Shaheed Veer Narayan Singh International Stadium,Large,False,True,18,2,3.0,17,5.666666666666667,20,159,142,17.0,8.352941176470589,0,10,Large
3.1,3,1,19,Nathan Coulter-Nile,All-Rounders,David Warner,Batters,4,False,-2.0,52,Raipur,Shaheed Veer Narayan Singh International Stadium,Large,False,True,19,3,3.1666666666666665,21,6.631578947368421,20,159,138,16.833333333333332,8.198019801980198,0,10,Large
3.2,3,2,20,Nathan Coulter-Nile,All-Rounders,David Warner,Batters,2,False,-1.0,52,Raipur,Shaheed Veer Narayan Singh International Stadium,Large,False,True,20,3,3.333333333333333,23,6.9,20,159,136,16.666666666666668,8.16,0,10,Large
3.3,3,3,21,Nathan Coulter-Nile,All-Rounders,David Warner,Batters,4,False,-2.0,52,Raipur,Shaheed Veer Narayan Singh International Stadium,Large,False,True,21,3,3.5,27,7.714285714285714,20,159,132,16.5,8.0,0,10,Large
3.4,3,4,22,Nathan Coulter-Nile,All-Rounders,David Warner,Batters,0,False,1.0,52,Raipur,Shaheed Veer Narayan Singh International Stadium,Large,False,True,22,3,3.6666666666666665,27,7.363636363636364,20,159,132,16.333333333333332,8.081632653061225,0,10,Large
3.5,3,5,23,Nathan Coulter-Nile,All-Rounders,David Warner,Batters,1,False,-0.5,52,Raipur,Shaheed Veer Narayan Singh International Stadium,Large,False,True,23,3,3.8333333333333335,28,7.304347826086956,20,159,131,16.166666666666668,8.103092783505154,0,10,Large
3.6,3,6,24,Nathan Coulter-Nile,All-Rounders,Shikhar Dhawan,Batters,4,False,-2.0,52,Raipur,Shaheed Veer Narayan Singh International Stadium,Large,False,True,24,3,4.0,32,8.0,20,159,127,16.0,7.9375,0,10,Large
4.1,4,1,25,Jayant Yadav,Bowlers,David Warner,Batters,0,False,1.0,52,Raipur,Shaheed Veer Narayan Singh International Stadium,Large,False,True,25,4,4.166666666666667,32,7.68,20,159,127,15.833333333333332,8.021052631578948,0,10,Large
4.2,4,2,26,Jayant Yadav,Bowlers,David Warner,Batters,2,False,-1.0,52,Raipur,Shaheed Veer Narayan Singh International Stadium,Large,False,True,26,4,4.333333333333333,34,7.846153846153847,20,159,125,15.666666666666668,7.978723404255319,0,10,Large
4.3,4,3,27,Jayant Yadav,Bowlers,David Warner,Batters,4,False,-2.0,52,Raipur,Shaheed Veer Narayan Singh International Stadium,Large,False,True,27,4,4.5,38,8.444444444444445,20,159,121,15.5,7.806451612903226,0,10,Large
4.4,4,4,28,Jayant Yadav,Bowlers,David Warner,Batters,4,False,-2.0,52,Raipur,Shaheed Veer Narayan Singh International Stadium,Large,False,True,28,4,4.666666666666667,42,9.0,20,159,117,15.333333333333332,7.630434782608696,0,10,Large
4.5,4,5,29,Jayant Yadav,Bowlers,David Warner,Batters,0,False,1.0,52,Raipur,Shaheed Veer Narayan Singh International Stadium,Large,False,True,29,4,4.833333333333333,42,8.689655172413794,20,159,117,15.166666666666668,7.7142857142857135,0,10,Large
4.6,4,6,30,Jayant Yadav,Bowlers,David Warner,Batters,0,False,1.0,52,Raipur,Shaheed Veer Narayan Singh International Stadium,Large,False,True,30,4,5.0,42,8.4,20,159,117,15.0,7.8,0,10,Large
5.1,5,1,31,Carlos Brathwaite,All-Rounders,Shikhar Dhawan,Batters,1,False,-0.5,52,Raipur,Shaheed Veer Narayan Singh International Stadium,Large,False,True,31,5,5.166666666666667,43,8.32258064516129,20,159,116,14.833333333333332,7.820224719101124,0,10,Large
5.2,5,2,32,Carlos Brathwaite,All-Rounders,David Warner,Batters,0,False,1.0,52,Raipur,Shaheed Veer Narayan Singh International Stadium,Large,False,True,32,5,5.333333333333333,43,8.0625,20,159,116,14.666666666666668,7.909090909090908,0,10,Large
5.3,5,3,33,Carlos Brathwaite,All-Rounders,David Warner,Batters,2,False,-1.0,52,Raipur,Shaheed Veer Narayan Singh International Stadium,Large,False,True,33,5,5.5,45,8.181818181818182,20,159,114,14.5,7.862068965517241,0,10,Large
5.4,5,4,34,Carlos Brathwaite,All-Rounders,David Warner,Batters,0,False,1.0,52,Raipur,Shaheed Veer Narayan Singh International Stadium,Large,False,True,34,5,5.666666666666667,45,7.941176470588235,20,159,114,14.333333333333332,7.953488372093024,0,10,Large
5.5,5,5,35,Carlos Brathwaite,All-Rounders,David Warner,Batters,1,False,-0.5,52,Raipur,Shaheed Veer Narayan Singh International Stadium,Large,False,True,35,5,5.833333333333333,46,7.885714285714286,20,159,113,14.166666666666668,7.976470588235293,0,10,Large
5.6,5,6,36,Carlos Brathwaite,All-Rounders,Shikhar Dhawan,Batters,0,True,5.0,52,Raipur,Shaheed Veer Narayan Singh International Stadium,Large,False,True,36,5,6.0,46,7.666666666666667,20,159,113,14.0,8.071428571428571,1,9,Large
6.1,6,1,37,Amit Mishra,Bowlers,David Warner,Batters,0,False,1.0,52,Raipur,Shaheed Veer Narayan Singh International Stadium,Large,False,True,37,6,6.166666666666667,46,7.459459459459459,20,159,113,13.833333333333332,8.168674698795181,1,9,Large
6.2,6,2,38,Amit Mishra,Bowlers,David Warner,Batters,1,False,-0.5,52,Raipur,Shaheed Veer Narayan Singh International Stadium,Large,False,True,38,6,6.333333333333333,47,7.421052631578948,20,159,112,13.666666666666668,8.195121951219512,1,9,Large
6.3,6,3,39,Amit Mishra,Bowlers,Deepak Hooda,All-Rounders,1,False,-0.5,52,Raipur,Shaheed Veer Narayan Singh International Stadium,Large,False,True,39,6,6.5,48,7.384615384615385,20,159,111,13.5,8.222222222222221,1,9,Large
6.4,6,4,40,Amit Mishra,Bowlers,David Warner,Batters,0,True,5.0,52,Raipur,Shaheed Veer Narayan Singh International Stadium,Large,False,True,40,6,6.666666666666667,48,7.199999999999999,20,159,111,13.333333333333332,8.325000000000001,2,8,Large
6.5,6,5,41,Amit Mishra,Bowlers,David Warner,Batters,1,False,-0.5,52,Raipur,Shaheed Veer Narayan Singh International Stadium,Large,False,True,41,6,6.833333333333333,49,7.170731707317073,20,159,110,13.166666666666668,8.354430379746836,2,8,Large
6.6,6,6,42,Amit Mishra,Bowlers,Yuvraj Singh,Batters,1,False,-0.5,52,Raipur,Shaheed Veer Narayan Singh International Stadium,Large,False,True,42,6,7.0,50,7.142857142857143,20,159,109,13.0,8.384615384615385,2,8,Large
7.1,7,1,43,Nathan Coulter-Nile,All-Rounders,Yuvraj Singh,Batters,0,False,1.0,52,Raipur,Shaheed Veer Narayan Singh International Stadium,Large,False,True,43,7,7.166666666666667,50,6.976744186046512,20,159,109,12.833333333333332,8.493506493506494,2,8,Large
7.2,7,2,44,Nathan Coulter-Nile,All-Rounders,Yuvraj Singh,Batters,1,False,-0.5,52,Raipur,Shaheed Veer Narayan Singh International Stadium,Large,False,True,44,7,7.333333333333333,51,6.954545454545455,20,159,108,12.666666666666668,8.526315789473683,2,8,Large
7.3,7,3,45,Nathan Coulter-Nile,All-Rounders,David Warner,Batters,1,False,-0.5,52,Raipur,Shaheed Veer Narayan Singh International Stadium,Large,False,True,45,7,7.5,52,6.933333333333334,20,159,107,12.5,8.56,2,8,Large
7.4,7,4,46,Nathan Coulter-Nile,All-Rounders,Yuvraj Singh,Batters,0,False,1.0,52,Raipur,Shaheed Veer Narayan Singh International Stadium,Large,False,True,46,7,7.666666666666667,52,6.782608695652174,20,159,107,12.333333333333332,8.675675675675677,2,8,Large
7.5,7,5,47,Nathan Coulter-Nile,All-Rounders,Yuvraj Singh,Batters,0,False,1.0,52,Raipur,Shaheed Veer Narayan Singh International Stadium,Large,False,True,47,7,7.833333333333333,52,6.638297872340425,20,159,107,12.166666666666668,8.794520547945204,2,8,Large
7.6,7,6,48,Nathan Coulter-Nile,All-Rounders,Yuvraj Singh,Batters,1,False,-0.25,52,Raipur,Shaheed Veer Narayan Singh International Stadium,Large,False,True,48,7,8.0,53,6.625,20,159,106,12.0,8.833333333333334,2,8,Large
8.1,8,1,49,Jayant Yadav,Bowlers,Yuvraj Singh,Batters,1,False,-0.5,52,Raipur,Shaheed Veer Narayan Singh International Stadium,Large,False,True,49,8,8.166666666666666,54,6.612244897959184,20,159,105,11.833333333333334,8.873239436619718,2,8,Large
8.2,8,2,50,Jayant Yadav,Bowlers,David Warner,Batters,1,False,-0.5,52,Raipur,Shaheed Veer Narayan Singh International Stadium,Large,False,True,50,8,8.333333333333334,55,6.6,20,159,104,11.666666666666666,8.914285714285715,2,8,Large
8.3,8,3,51,Jayant Yadav,Bowlers,Yuvraj Singh,Batters,4,False,-2.0,52,Raipur,Shaheed Veer Narayan Singh International Stadium,Large,False,True,51,8,8.5,59,6.941176470588236,20,159,100,11.5,8.695652173913043,2,8,Large
8.4,8,4,52,Jayant Yadav,Bowlers,Yuvraj Singh,Batters,1,False,-0.5,52,Raipur,Shaheed Veer Narayan Singh International Stadium,Large,False,True,52,8,8.666666666666666,60,6.923076923076923,20,159,99,11.333333333333334,8.735294117647058,2,8,Large
8.5,8,5,53,Jayant Yadav,Bowlers,David Warner,Batters,1,False,-0.5,52,Raipur,Shaheed Veer Narayan Singh International Stadium,Large,False,True,53,8,8.833333333333334,61,6.90566037735849,20,159,98,11.166666666666666,8.776119402985076,2,8,Large
8.6,8,6,54,Jayant Yadav,Bowlers,Yuvraj Singh,Batters,2,False,-1.0,52,Raipur,Shaheed Veer Narayan Singh International Stadium,Large,False,True,54,8,9.0,63,7.0,20,159,96,11.0,8.727272727272727,2,8,Large
9.1,9,1,55,Carlos Brathwaite,All-Rounders,David Warner,Batters,2,False,-1.0,52,Raipur,Shaheed Veer Narayan Singh International Stadium,Large,False,True,55,9,9.166666666666666,65,7.090909090909092,20,159,94,10.833333333333334,8.676923076923076,2,8,Large
9.2,9,2,56,Carlos Brathwaite,All-Rounders,David Warner,Batters,1,False,-0.5,52,Raipur,Shaheed Veer Narayan Singh International Stadium,Large,False,True,56,9,9.333333333333334,66,7.071428571428571,20,159,93,10.666666666666666,8.71875,2,8,Large
9.3,9,3,57,Carlos Brathwaite,All-Rounders,Yuvraj Singh,Batters,0,True,5.0,52,Raipur,Shaheed Veer Narayan Singh International Stadium,Large,False,True,57,9,9.5,66,6.947368421052632,20,159,93,10.5,8.857142857142858,3,7,Large
9.4,9,4,58,Carlos Brathwaite,All-Rounders,Moises Henriques,All-Rounders,1,False,-1.0,52,Raipur,Shaheed Veer Narayan Singh International Stadium,Large,True,False,57,9,9.5,67,7.052631578947368,20,159,92,10.5,8.761904761904763,3,7,Large
9.4,9,4,59,Carlos Brathwaite,All-Rounders,Moises Henriques,All-Rounders,0,False,1.0,52,Raipur,Shaheed Veer Narayan Singh International Stadium,Large,False,True,58,9,9.666666666666666,67,6.931034482758621,20,159,92,10.333333333333334,8.903225806451612,3,7,Large
9.5,9,5,60,Carlos Brathwaite,All-Rounders,Moises Henriques,All-Rounders,0,False,1.0,52,Raipur,Shaheed Veer Narayan Singh International Stadium,Large,False,True,59,9,9.833333333333334,67,6.813559322033898,20,159,92,10.166666666666666,9.049180327868854,3,7,Large
9.6,9,6,61,Carlos Brathwaite,All-Rounders,Moises Henriques,All-Rounders,1,False,-0.5,52,Raipur,Shaheed Veer Narayan Singh International Stadium,Large,False,True,60,9,10.0,68,6.8,20,159,91,10.0,9.1,3,7,Large
10.1,10,1,62,Amit Mishra,Bowlers,Moises Henriques,All-Rounders,2,False,-1.0,52,Raipur,Shaheed Veer Narayan Singh International Stadium,Large,False,True,61,10,10.166666666666666,70,6.885245901639345,20,159,89,9.833333333333334,9.050847457627118,3,7,Large
10.2,10,2,63,Amit Mishra,Bowlers,Moises Henriques,All-Rounders,2,False,-1.0,52,Raipur,Shaheed Veer Narayan Singh International Stadium,Large,False,True,62,10,10.333333333333334,72,6.967741935483871,20,159,87,9.666666666666666,9.0,3,7,Large
10.3,10,3,64,Amit Mishra,Bowlers,Moises Henriques,All-Rounders,1,False,-0.5,52,Raipur,Shaheed Veer Narayan Singh International Stadium,Large,False,True,63,10,10.5,73,6.9523809523809526,20,159,86,9.5,9.052631578947368,3,7,Large
10.4,10,4,65,Amit Mishra,Bowlers,David Warner,Batters,4,False,-2.0,52,Raipur,Shaheed Veer Narayan Singh International Stadium,Large,False,True,64,10,10.666666666666666,77,7.21875,20,159,82,9.333333333333334,8.785714285714285,3,7,Large
10.5,10,5,66,Amit Mishra,Bowlers,David Warner,Batters,1,False,-0.5,52,Raipur,Shaheed Veer Narayan Singh International Stadium,Large,False,True,65,10,10.833333333333334,78,7.199999999999999,20,159,81,9.166666666666666,8.836363636363638,3,7,Large
10.6,10,6,67,Amit Mishra,Bowlers,Moises Henriques,All-Rounders,0,False,1.0,52,Raipur,Shaheed Veer Narayan Singh International Stadium,Large,False,True,66,10,11.0,78,7.090909090909091,20,159,81,9.0,9.0,3,7,Large
11.1,11,1,68,Carlos Brathwaite,All-Rounders,David Warner,Batters,1,False,-0.5,52,Raipur,Shaheed Veer Narayan Singh International Stadium,Large,False,True,67,11,11.166666666666666,79,7.074626865671642,20,159,80,8.833333333333334,9.056603773584904,3,7,Large
11.2,11,2,69,Carlos Brathwaite,All-Rounders,Moises Henriques,All-Rounders,1,False,-0.5,52,Raipur,Shaheed Veer Narayan Singh International Stadium,Large,False,True,68,11,11.333333333333334,80,7.0588235294117645,20,159,79,8.666666666666666,9.115384615384617,3,7,Large
11.3,11,3,70,Carlos Brathwaite,All-Rounders,David Warner,Batters,0,False,1.0,52,Raipur,Shaheed Veer Narayan Singh International Stadium,Large,False,True,69,11,11.5,80,6.956521739130435,20,159,79,8.5,9.294117647058824,3,7,Large
11.4,11,4,71,Carlos Brathwaite,All-Rounders,David Warner,Batters,6,False,-3.0,52,Raipur,Shaheed Veer Narayan Singh International Stadium,Large,False,True,70,11,11.666666666666666,86,7.371428571428572,20,159,73,8.333333333333334,8.76,3,7,Large
11.5,11,5,72,Carlos Brathwaite,All-Rounders,David Warner,Batters,1,False,-0.5,52,Raipur,Shaheed Veer Narayan Singh International Stadium,Large,False,True,71,11,11.833333333333334,87,7.352112676056338,20,159,72,8.166666666666666,8.816326530612246,3,7,Large
11.6,11,6,73,Carlos Brathwaite,All-Rounders,Moises Henriques,All-Rounders,4,False,-2.0,52,Raipur,Shaheed Veer Narayan Singh International Stadium,Large,False,True,72,11,12.0,91,7.583333333333333,20,159,68,8.0,8.5,3,7,Large
12.1,12,1,74,Jayant Yadav,Bowlers,David Warner,Batters,2,False,-1.0,52,Raipur,Shaheed Veer Narayan Singh International Stadium,Large,False,True,73,12,12.166666666666666,93,7.643835616438356,20,159,66,7.833333333333334,8.425531914893616,3,7,Large
12.2,12,2,75,Jayant Yadav,Bowlers,David Warner,Batters,4,False,-2.0,52,Raipur,Shaheed Veer Narayan Singh International Stadium,Large,False,True,74,12,12.333333333333334,97,7.864864864864865,20,159,62,7.666666666666666,8.08695652173913,3,7,Large
12.3,12,3,76,Jayant Yadav,Bowlers,David Warner,Batters,0,False,1.0,52,Raipur,Shaheed Veer Narayan Singh International Stadium,Large,False,True,75,12,12.5,97,7.76,20,159,62,7.5,8.266666666666667,3,7,Large
12.4,12,4,77,Jayant Yadav,Bowlers,David Warner,Batters,0,False,1.0,52,Raipur,Shaheed Veer Narayan Singh International Stadium,Large,False,True,76,12,12.666666666666666,97,7.657894736842105,20,159,62,7.333333333333334,8.454545454545453,3,7,Large
12.5,12,5,78,Jayant Yadav,Bowlers,David Warner,Batters,1,False,-0.5,52,Raipur,Shaheed Veer Narayan Singh International Stadium,Large,False,True,77,12,12.833333333333334,98,7.636363636363636,20,159,61,7.166666666666666,8.511627906976745,3,7,Large
12.6,12,6,79,Jayant Yadav,Bowlers,Moises Henriques,All-Rounders,1,False,-0.5,52,Raipur,Shaheed Veer Narayan Singh International Stadium,Large,False,True,78,12,13.0,99,7.615384615384615,20,159,60,7.0,8.571428571428571,3,7,Large
13.1,13,1,80,Jean-Paul Duminy,All-Rounders,Moises Henriques,All-Rounders,4,False,-2.0,52,Raipur,Shaheed Veer Narayan Singh International Stadium,Large,False,True,79,13,13.166666666666666,103,7.822784810126582,20,159,56,6.833333333333334,8.195121951219512,3,7,Large
13.2,13,2,81,Jean-Paul Duminy,All-Rounders,Moises Henriques,All-Rounders,2,False,-1.0,52,Raipur,Shaheed Veer Narayan Singh International Stadium,Large,False,True,80,13,13.333333333333334,105,7.875,20,159,54,6.666666666666666,8.100000000000001,3,7,Large
13.3,13,3,82,Jean-Paul Duminy,All-Rounders,Moises Henriques,All-Rounders,0,True,5.0,52,Raipur,Shaheed Veer Narayan Singh International Stadium,Large,False,True,81,13,13.5,105,7.777777777777778,20,159,54,6.5,8.307692307692308,4,6,Large
13.4,13,4,83,Jean-Paul Duminy,All-Rounders,David Warner,Batters,1,False,-0.5,52,Raipur,Shaheed Veer Narayan Singh International Stadium,Large,False,True,82,13,13.666666666666666,106,7.75609756097561,20,159,53,6.333333333333334,8.368421052631579,4,6,Large
13.5,13,5,84,Jean-Paul Duminy,All-Rounders,Eoin Morgan,Batters,1,False,-0.5,52,Raipur,Shaheed Veer Narayan Singh International Stadium,Large,False,True,83,13,13.833333333333334,107,7.734939759036144,20,159,52,6.166666666666666,8.432432432432433,4,6,Large
13.6,13,6,85,Jean-Paul Duminy,All-Rounders,David Warner,Batters,1,False,-0.5,52,Raipur,Shaheed Veer Narayan Singh International Stadium,Large,False,True,84,13,14.0,108,7.714285714285714,20,159,51,6.0,8.5,4,6,Large
14.1,14,1,86,Amit Mishra,Bowlers,David Warner,Batters,1,False,-0.5,52,Raipur,Shaheed Veer Narayan Singh International Stadium,Large,False,True,85,14,14.166666666666666,109,7.694117647058824,20,159,50,5.833333333333334,8.571428571428571,4,6,Large
14.2,14,2,87,Amit Mishra,Bowlers,Eoin Morgan,Batters,1,False,-0.5,52,Raipur,Shaheed Veer Narayan Singh International Stadium,Large,False,True,86,14,14.333333333333334,110,7.674418604651162,20,159,49,5.666666666666666,8.647058823529413,4,6,Large
14.3,14,3,88,Amit Mishra,Bowlers,David Warner,Batters,2,False,-1.0,52,Raipur,Shaheed Veer Narayan Singh International Stadium,Large,False,True,87,14,14.5,112,7.724137931034483,20,159,47,5.5,8.545454545454545,4,6,Large
14.4,14,4,89,Amit Mishra,Bowlers,David Warner,Batters,1,False,-0.5,52,Raipur,Shaheed Veer Narayan Singh International Stadium,Large,False,True,88,14,14.666666666666666,113,7.704545454545455,20,159,46,5.333333333333334,8.624999999999998,4,6,Large
14.5,14,5,90,Amit Mishra,Bowlers,Eoin Morgan,Batters,1,False,-0.5,52,Raipur,Shaheed Veer Narayan Singh International Stadium,Large,False,True,89,14,14.833333333333334,114,7.685393258426966,20,159,45,5.166666666666666,8.70967741935484,4,6,Large
14.6,14,6,91,Amit Mishra,Bowlers,David Warner,Batters,1,False,-0.5,52,Raipur,Shaheed Veer Narayan Singh International Stadium,Large,False,True,90,14,15.0,115,7.666666666666667,20,159,44,5.0,8.8,4,6,Large
15.1,15,1,92,Carlos Brathwaite,All-Rounders,David Warner,Batters,2,False,-1.0,52,Raipur,Shaheed Veer Narayan Singh International Stadium,Large,False,True,91,15,15.166666666666666,117,7.714285714285714,20,159,42,4.833333333333334,8.689655172413792,4,6,Large
15.2,15,2,93,Carlos Brathwaite,All-Rounders,David Warner,Batters,0,True,5.0,52,Raipur,Shaheed Veer Narayan Singh International Stadium,Large,False,True,92,15,15.333333333333334,117,7.630434782608695,20,159,42,4.666666666666666,9.000000000000002,5,5,Large
15.3,15,3,94,Carlos Brathwaite,All-Rounders,Naman Ojha,Batters,0,False,1.0,52,Raipur,Shaheed Veer Narayan Singh International Stadium,Large,False,True,93,15,15.5,117,7.548387096774194,20,159,42,4.5,9.333333333333334,5,5,Large
15.4,15,4,95,Carlos Brathwaite,All-Rounders,Naman Ojha,Batters,1,False,-0.5,52,Raipur,Shaheed Veer Narayan Singh International Stadium,Large,False,True,94,15,15.666666666666666,118,7.531914893617022,20,159,41,4.333333333333334,9.46153846153846,5,5,Large
15.5,15,5,96,Carlos Brathwaite,All-Rounders,Eoin Morgan,Batters,1,False,-0.5,52,Raipur,Shaheed Veer Narayan Singh International Stadium,Large,False,True,95,15,15.833333333333334,119,7.51578947368421,20,159,40,4.166666666666666,9.6,5,5,Large
15.6,15,6,97,Carlos Brathwaite,All-Rounders,Naman Ojha,Batters,1,False,-0.5,52,Raipur,Shaheed Veer Narayan Singh International Stadium,Large,False,True,96,15,16.0,120,7.5,20,159,39,4.0,9.75,5,5,Large
16.1,16,1,98,Zaheer Khan,Bowlers,Naman Ojha,Batters,1,False,-0.5,52,Raipur,Shaheed Veer Narayan Singh International Stadium,Large,False,True,97,16,16.166666666666668,121,7.484536082474226,20,159,38,3.833333333333332,9.913043478260873,5,5,Large
16.2,16,2,99,Zaheer Khan,Bowlers,Eoin Morgan,Batters,1,False,-0.5,52,Raipur,Shaheed Veer Narayan Singh International Stadium,Large,False,True,98,16,16.333333333333332,122,7.469387755102042,20,159,37,3.666666666666668,10.090909090909088,5,5,Large
16.3,16,3,100,Zaheer Khan,Bowlers,Naman Ojha,Batters,1,False,-0.5,52,Raipur,Shaheed Veer Narayan Singh International Stadium,Large,False,True,99,16,16.5,123,7.454545454545454,20,159,36,3.5,10.285714285714286,5,5,Large
16.4,16,4,101,Zaheer Khan,Bowlers,Eoin Morgan,Batters,0,False,1.0,52,Raipur,Shaheed Veer Narayan Singh International Stadium,Large,False,True,100,16,16.666666666666668,123,7.38,20,159,36,3.333333333333332,10.800000000000004,5,5,Large
16.5,16,5,102,Zaheer Khan,Bowlers,Eoin Morgan,Batters,1,False,-0.5,52,Raipur,Shaheed Veer Narayan Singh International Stadium,Large,False,True,101,16,16.833333333333332,124,7.366336633663367,20,159,35,3.166666666666668,11.052631578947365,5,5,Large
16.6,16,6,103,Zaheer Khan,Bowlers,Naman Ojha,Batters,0,False,1.0,52,Raipur,Shaheed Veer Narayan Singh International Stadium,Large,False,True,102,16,17.0,124,7.294117647058823,20,159,35,3.0,11.666666666666666,5,5,Large
17.1,17,1,104,Nathan Coulter-Nile,All-Rounders,Eoin Morgan,Batters,6,False,-3.0,52,Raipur,Shaheed Veer Narayan Singh International Stadium,Large,False,True,103,17,17.166666666666668,130,7.572815533980582,20,159,29,2.833333333333332,10.235294117647063,5,5,Large
17.2,17,2,105,Nathan Coulter-Nile,All-Rounders,Eoin Morgan,Batters,2,False,-1.0,52,Raipur,Shaheed Veer Narayan Singh International Stadium,Large,False,True,104,17,17.333333333333332,132,7.615384615384616,20,159,27,2.666666666666668,10.124999999999996,5,5,Large
17.3,17,3,106,Nathan Coulter-Nile,All-Rounders,Eoin Morgan,Batters,0,True,5.0,52,Raipur,Shaheed Veer Narayan Singh International Stadium,Large,False,True,105,17,17.5,132,7.542857142857143,20,159,27,2.5,10.8,6,4,Large
17.4,17,4,107,Nathan Coulter-Nile,All-Rounders,Naman Ojha,Batters,2,False,-1.0,52,Raipur,Shaheed Veer Narayan Singh International Stadium,Large,False,True,106,17,17.666666666666668,134,7.584905660377358,20,159,25,2.333333333333332,10.71428571428572,6,4,Large
17.5,17,5,108,Nathan Coulter-Nile,All-Rounders,Naman Ojha,Batters,0,False,1.0,52,Raipur,Shaheed Veer Narayan Singh International Stadium,Large,False,True,107,17,17.833333333333332,134,7.514018691588785,20,159,25,2.166666666666668,11.538461538461531,6,4,Large
17.6,17,6,109,Nathan Coulter-Nile,All-Rounders,Naman Ojha,Batters,1,False,-0.25,52,Raipur,Shaheed Veer Narayan Singh International Stadium,Large,False,True,108,17,18.0,135,7.5,20,159,24,2.0,12.0,6,4,Large
18.1,18,1,110,Zaheer Khan,Bowlers,Naman Ojha,Batters,6,False,-3.0,52,Raipur,Shaheed Veer Narayan Singh International Stadium,Large,False,True,109,18,18.166666666666668,141,7.761467889908256,20,159,18,1.833333333333332,9.818181818181824,6,4,Large
18.2,18,2,111,Zaheer Khan,Bowlers,Naman Ojha,Batters,2,False,-1.0,52,Raipur,Shaheed Veer Narayan Singh International Stadium,Large,False,True,110,18,18.33333333333333,143,7.800000000000001,20,159,16,1.666666666666668,9.599999999999993,6,4,Large
18.3,18,3,112,Zaheer Khan,Bowlers,Naman Ojha,Batters,0,False,1.0,52,Raipur,Shaheed Veer Narayan Singh International Stadium,Large,False,True,111,18,18.5,143,7.72972972972973,20,159,16,1.5,10.666666666666666,6,4,Large
18.4,18,4,113,Zaheer Khan,Bowlers,Naman Ojha,Batters,1,False,-0.5,52,Raipur,Shaheed Veer Narayan Singh International Stadium,Large,False,True,112,18,18.666666666666668,144,7.7142857142857135,20,159,15,1.333333333333332,11.25000000000001,6,4,Large
18.5,18,5,114,Zaheer Khan,Bowlers,Bhuvneshwar Kumar,Bowlers,4,False,-2.0,52,Raipur,Shaheed Veer Narayan Singh International Stadium,Large,False,True,113,18,18.83333333333333,148,7.858407079646018,20,159,11,1.166666666666668,9.428571428571418,6,4,Large
18.6,18,6,115,Zaheer Khan,Bowlers,Bhuvneshwar Kumar,Bowlers,1,False,-0.5,52,Raipur,Shaheed Veer Narayan Singh International Stadium,Large,False,True,114,18,19.0,149,7.842105263157895,20,159,10,1.0,10.0,6,4,Large
19.1,19,1,116,Nathan Coulter-Nile,All-Rounders,Bhuvneshwar Kumar,Bowlers,4,False,-2.0,52,Raipur,Shaheed Veer Narayan Singh International Stadium,Large,False,True,115,19,19.166666666666668,153,7.982608695652173,20,159,6,0.8333333333333321,7.20000000000001,6,4,Large
19.2,19,2,117,Nathan Coulter-Nile,All-Rounders,Bhuvneshwar Kumar,Bowlers,0,False,1.0,52,Raipur,Shaheed Veer Narayan Singh International Stadium,Large,False,True,116,19,19.33333333333333,153,7.913793103448277,20,159,6,0.6666666666666679,8.999999999999984,6,4,Large
19.3,19,3,118,Nathan Coulter-Nile,All-Rounders,Bhuvneshwar Kumar,Bowlers,1,False,-0.5,52,Raipur,Shaheed Veer Narayan Singh International Stadium,Large,False,True,117,19,19.5,154,7.897435897435898,20,159,5,0.5,10.0,6,4,Large
19.4,19,4,119,Nathan Coulter-Nile,All-Rounders,Naman Ojha,Batters,1,False,-0.5,52,Raipur,Shaheed Veer Narayan Singh International Stadium,Large,False,True,118,19,19.666666666666668,155,7.881355932203389,20,159,4,0.3333333333333321,12.000000000000044,6,4,Large
19.5,19,5,120,Nathan Coulter-Nile,All-Rounders,Bhuvneshwar Kumar,Bowlers,2,False,-1.0,52,Raipur,Shaheed Veer Narayan Singh International Stadium,Large,False,True,119,19,19.83333333333333,157,7.915966386554622,20,159,2,0.1666666666666678,11.999999999999917,6,4,Large
19.6,19,6,121,Nathan Coulter-Nile,All-Rounders,Bhuvneshwar Kumar,Bowlers,0,True,5.0,52,Raipur,Shaheed Veer Narayan Singh International Stadium,Large,False,True,120,19,20.0,157,7.85,20,159,2,0.0,inf,7,3,Large
