Ball Number,over,ball,Ball,bowler,bowler_role,batsman,batsman_role,Runs,is_wicket,bowler_score,match_id,city,stadium,Stadium_Type,is_extra,legal_delivery,legal_deliveries_count,overs_completed,overs_bowled,total_runs,current_run_rate,total_overs,target,runs_needed,overs_remaining,required_run_rate,wickets_fallen,wickets_in_hand,Ground_Type
0.1,0,1,1,Bhuvneshwar Kumar,Bowlers,Quinton de Kock,Batters,5,False,-1.0,52,Raipur,Shaheed Veer Narayan Singh International Stadium,Large,True,False,0,0,0.0,5,0.0,20,159,154,20.0,7.7,0,10,Large
0.1,0,1,2,Bhuvneshwar Kumar,Bowlers,Quinton de Kock,Batters,1,False,-1.0,52,Raipur,Shaheed Veer Narayan Singh International Stadium,Large,True,False,0,0,0.0,6,0.0,20,159,153,20.0,7.65,0,10,Large
0.1,0,1,3,Bhuvneshwar Kumar,Bowlers,Quinton de Kock,Batters,0,False,1.0,52,Raipur,Shaheed Veer Narayan Singh International Stadium,Large,False,True,1,0,0.1666666666666666,6,36.0,20,159,153,19.83333333333333,7.714285714285714,0,10,Large
0.2,0,2,4,Bhuvneshwar Kumar,Bowlers,Quinton de Kock,Batters,0,False,1.0,52,Raipur,Shaheed Veer Narayan Singh International Stadium,Large,False,True,2,0,0.3333333333333333,6,18.0,20,159,153,19.666666666666668,7.779661016949152,0,10,Large
0.3,0,3,5,Bhuvneshwar Kumar,Bowlers,Quinton de Kock,Batters,0,False,1.0,52,Raipur,Shaheed Veer Narayan Singh International Stadium,Large,False,True,3,0,0.5,6,12.0,20,159,153,19.5,7.846153846153846,0,10,Large
0.4,0,4,6,Bhuvneshwar Kumar,Bowlers,Quinton de Kock,Batters,2,False,-1.0,52,Raipur,Shaheed Veer Narayan Singh International Stadium,Large,False,True,4,0,0.6666666666666666,8,12.0,20,159,151,19.33333333333333,7.810344827586207,0,10,Large
0.5,0,5,7,Bhuvneshwar Kumar,Bowlers,Quinton de Kock,Batters,0,False,1.0,52,Raipur,Shaheed Veer Narayan Singh International Stadium,Large,False,True,5,0,0.8333333333333334,8,9.6,20,159,151,19.166666666666668,7.878260869565217,0,10,Large
0.6,0,6,8,Bhuvneshwar Kumar,Bowlers,Quinton de Kock,Batters,0,False,1.0,52,Raipur,Shaheed Veer Narayan Singh International Stadium,Large,False,True,6,0,1.0,8,8.0,20,159,151,19.0,7.947368421052632,0,10,Large
1.1,1,1,9,Barinder Sran,Bowlers,Rishabh Pant,Batters,0,False,1.0,52,Raipur,Shaheed Veer Narayan Singh International Stadium,Large,False,True,7,1,1.1666666666666667,8,6.857142857142857,20,159,151,18.83333333333333,8.017699115044248,0,10,Large
1.2,1,2,10,Barinder Sran,Bowlers,Rishabh Pant,Batters,1,False,-0.5,52,Raipur,Shaheed Veer Narayan Singh International Stadium,Large,False,True,8,1,1.3333333333333333,9,6.75,20,159,150,18.666666666666668,8.035714285714285,0,10,Large
1.3,1,3,11,Barinder Sran,Bowlers,Quinton de Kock,Batters,0,False,1.0,52,Raipur,Shaheed Veer Narayan Singh International Stadium,Large,False,True,9,1,1.5,9,6.0,20,159,150,18.5,8.108108108108109,0,10,Large
1.4,1,4,12,Barinder Sran,Bowlers,Quinton de Kock,Batters,0,False,1.0,52,Raipur,Shaheed Veer Narayan Singh International Stadium,Large,False,True,10,1,1.6666666666666663,9,5.4,20,159,150,18.33333333333333,8.181818181818182,0,10,Large
1.5,1,5,13,Barinder Sran,Bowlers,Quinton de Kock,Batters,0,True,5.0,52,Raipur,Shaheed Veer Narayan Singh International Stadium,Large,False,True,11,1,1.8333333333333333,9,4.909090909090908,20,159,150,18.166666666666668,8.256880733944953,1,9,Large
1.6,1,6,14,Barinder Sran,Bowlers,Karun Nair,Batters,1,False,-0.5,52,Raipur,Shaheed Veer Narayan Singh International Stadium,Large,False,True,12,1,2.0,10,5.0,20,159,149,18.0,8.277777777777779,1,9,Large
2.1,2,1,15,Bhuvneshwar Kumar,Bowlers,Karun Nair,Batters,0,False,1.0,52,Raipur,Shaheed Veer Narayan Singh International Stadium,Large,False,True,13,2,2.1666666666666665,10,4.615384615384616,20,159,149,17.833333333333332,8.355140186915888,1,9,Large
2.2,2,2,16,Bhuvneshwar Kumar,Bowlers,Karun Nair,Batters,0,False,1.0,52,Raipur,Shaheed Veer Narayan Singh International Stadium,Large,False,True,14,2,2.333333333333333,10,4.285714285714286,20,159,149,17.666666666666668,8.433962264150942,1,9,Large
2.3,2,3,17,Bhuvneshwar Kumar,Bowlers,Karun Nair,Batters,0,False,1.0,52,Raipur,Shaheed Veer Narayan Singh International Stadium,Large,False,True,15,2,2.5,10,4.0,20,159,149,17.5,8.514285714285714,1,9,Large
2.4,2,4,18,Bhuvneshwar Kumar,Bowlers,Karun Nair,Batters,0,False,1.0,52,Raipur,Shaheed Veer Narayan Singh International Stadium,Large,False,True,16,2,2.6666666666666665,10,3.75,20,159,149,17.333333333333332,8.596153846153847,1,9,Large
2.5,2,5,19,Bhuvneshwar Kumar,Bowlers,Karun Nair,Batters,4,False,-2.0,52,Raipur,Shaheed Veer Narayan Singh International Stadium,Large,False,True,17,2,2.833333333333333,14,4.941176470588235,20,159,145,17.166666666666668,8.446601941747572,1,9,Large
2.6,2,6,20,Bhuvneshwar Kumar,Bowlers,Karun Nair,Batters,0,False,1.0,52,Raipur,Shaheed Veer Narayan Singh International Stadium,Large,False,True,18,2,3.0,14,4.666666666666667,20,159,145,17.0,8.529411764705882,1,9,Large
3.1,3,1,21,Mustafizur Rahman,Bowlers,Rishabh Pant,Batters,0,False,1.0,52,Raipur,Shaheed Veer Narayan Singh International Stadium,Large,False,True,19,3,3.1666666666666665,14,4.421052631578948,20,159,145,16.833333333333332,8.613861386138614,1,9,Large
3.2,3,2,22,Mustafizur Rahman,Bowlers,Rishabh Pant,Batters,1,False,-0.5,52,Raipur,Shaheed Veer Narayan Singh International Stadium,Large,False,True,20,3,3.333333333333333,15,4.5,20,159,144,16.666666666666668,8.639999999999999,1,9,Large
3.3,3,3,23,Mustafizur Rahman,Bowlers,Karun Nair,Batters,1,False,-0.5,52,Raipur,Shaheed Veer Narayan Singh International Stadium,Large,False,True,21,3,3.5,16,4.571428571428571,20,159,143,16.5,8.666666666666666,1,9,Large
3.4,3,4,24,Mustafizur Rahman,Bowlers,Rishabh Pant,Batters,1,False,-1.0,52,Raipur,Shaheed Veer Narayan Singh International Stadium,Large,True,False,21,3,3.5,17,4.857142857142857,20,159,142,16.5,8.606060606060606,1,9,Large
3.4,3,4,25,Mustafizur Rahman,Bowlers,Rishabh Pant,Batters,0,False,1.0,52,Raipur,Shaheed Veer Narayan Singh International Stadium,Large,False,True,22,3,3.6666666666666665,17,4.636363636363637,20,159,142,16.333333333333332,8.693877551020408,1,9,Large
3.5,3,5,26,Mustafizur Rahman,Bowlers,Rishabh Pant,Batters,4,False,-2.0,52,Raipur,Shaheed Veer Narayan Singh International Stadium,Large,False,True,23,3,3.8333333333333335,21,5.478260869565217,20,159,138,16.166666666666668,8.536082474226804,1,9,Large
3.6,3,6,27,Mustafizur Rahman,Bowlers,Rishabh Pant,Batters,1,False,-0.5,52,Raipur,Shaheed Veer Narayan Singh International Stadium,Large,False,True,24,3,4.0,22,5.5,20,159,137,16.0,8.5625,1,9,Large
4.1,4,1,28,Barinder Sran,Bowlers,Rishabh Pant,Batters,1,False,-0.5,52,Raipur,Shaheed Veer Narayan Singh International Stadium,Large,False,True,25,4,4.166666666666667,23,5.52,20,159,136,15.833333333333332,8.589473684210526,1,9,Large
4.2,4,2,29,Barinder Sran,Bowlers,Karun Nair,Batters,4,False,-2.0,52,Raipur,Shaheed Veer Narayan Singh International Stadium,Large,False,True,26,4,4.333333333333333,27,6.230769230769231,20,159,132,15.666666666666668,8.425531914893616,1,9,Large
4.3,4,3,30,Barinder Sran,Bowlers,Karun Nair,Batters,0,False,1.0,52,Raipur,Shaheed Veer Narayan Singh International Stadium,Large,False,True,27,4,4.5,27,6.0,20,159,132,15.5,8.516129032258064,1,9,Large
4.4,4,4,31,Barinder Sran,Bowlers,Karun Nair,Batters,1,False,-1.0,52,Raipur,Shaheed Veer Narayan Singh International Stadium,Large,True,False,27,4,4.5,28,6.222222222222222,20,159,131,15.5,8.451612903225806,1,9,Large
4.4,4,4,32,Barinder Sran,Bowlers,Karun Nair,Batters,4,False,-2.0,52,Raipur,Shaheed Veer Narayan Singh International Stadium,Large,False,True,28,4,4.666666666666667,32,6.857142857142857,20,159,127,15.333333333333332,8.282608695652174,1,9,Large
4.5,4,5,33,Barinder Sran,Bowlers,Karun Nair,Batters,4,False,-2.0,52,Raipur,Shaheed Veer Narayan Singh International Stadium,Large,False,True,29,4,4.833333333333333,36,7.448275862068966,20,159,123,15.166666666666668,8.10989010989011,1,9,Large
4.6,4,6,34,Barinder Sran,Bowlers,Karun Nair,Batters,0,False,1.0,52,Raipur,Shaheed Veer Narayan Singh International Stadium,Large,False,True,30,4,5.0,36,7.2,20,159,123,15.0,8.2,1,9,Large
5.1,5,1,35,Mustafizur Rahman,Bowlers,Rishabh Pant,Batters,1,False,-0.5,52,Raipur,Shaheed Veer Narayan Singh International Stadium,Large,False,True,31,5,5.166666666666667,37,7.161290322580645,20,159,122,14.833333333333332,8.224719101123597,1,9,Large
5.2,5,2,36,Mustafizur Rahman,Bowlers,Karun Nair,Batters,0,False,1.0,52,Raipur,Shaheed Veer Narayan Singh International Stadium,Large,False,True,32,5,5.333333333333333,37,6.9375,20,159,122,14.666666666666668,8.318181818181818,1,9,Large
5.3,5,3,37,Mustafizur Rahman,Bowlers,Karun Nair,Batters,0,False,1.0,52,Raipur,Shaheed Veer Narayan Singh International Stadium,Large,False,True,33,5,5.5,37,6.727272727272728,20,159,122,14.5,8.413793103448276,1,9,Large
5.4,5,4,38,Mustafizur Rahman,Bowlers,Karun Nair,Batters,0,False,1.0,52,Raipur,Shaheed Veer Narayan Singh International Stadium,Large,False,True,34,5,5.666666666666667,37,6.529411764705882,20,159,122,14.333333333333332,8.511627906976745,1,9,Large
5.5,5,5,39,Mustafizur Rahman,Bowlers,Karun Nair,Batters,0,False,1.0,52,Raipur,Shaheed Veer Narayan Singh International Stadium,Large,False,True,35,5,5.833333333333333,37,6.342857142857143,20,159,122,14.166666666666668,8.611764705882353,1,9,Large
5.6,5,6,40,Mustafizur Rahman,Bowlers,Karun Nair,Batters,0,False,1.0,52,Raipur,Shaheed Veer Narayan Singh International Stadium,Large,False,True,36,5,6.0,37,6.166666666666667,20,159,122,14.0,8.714285714285714,1,9,Large
6.1,6,1,41,Moises Henriques,All-Rounders,Rishabh Pant,Batters,2,False,-1.0,52,Raipur,Shaheed Veer Narayan Singh International Stadium,Large,False,True,37,6,6.166666666666667,39,6.324324324324324,20,159,120,13.833333333333332,8.674698795180724,1,9,Large
6.2,6,2,42,Moises Henriques,All-Rounders,Rishabh Pant,Batters,1,False,-0.5,52,Raipur,Shaheed Veer Narayan Singh International Stadium,Large,False,True,38,6,6.333333333333333,40,6.315789473684211,20,159,119,13.666666666666668,8.707317073170731,1,9,Large
6.3,6,3,43,Moises Henriques,All-Rounders,Karun Nair,Batters,1,False,-0.5,52,Raipur,Shaheed Veer Narayan Singh International Stadium,Large,False,True,39,6,6.5,41,6.307692307692308,20,159,118,13.5,8.74074074074074,1,9,Large
6.4,6,4,44,Moises Henriques,All-Rounders,Rishabh Pant,Batters,0,False,1.0,52,Raipur,Shaheed Veer Narayan Singh International Stadium,Large,False,True,40,6,6.666666666666667,41,6.15,20,159,118,13.333333333333332,8.850000000000001,1,9,Large
6.5,6,5,45,Moises Henriques,All-Rounders,Rishabh Pant,Batters,0,False,1.0,52,Raipur,Shaheed Veer Narayan Singh International Stadium,Large,False,True,41,6,6.833333333333333,41,6.0,20,159,118,13.166666666666668,8.962025316455696,1,9,Large
6.6,6,6,46,Moises Henriques,All-Rounders,Rishabh Pant,Batters,4,False,-2.0,52,Raipur,Shaheed Veer Narayan Singh International Stadium,Large,False,True,42,6,7.0,45,6.428571428571429,20,159,114,13.0,8.76923076923077,1,9,Large
7.1,7,1,47,Deepak Hooda,All-Rounders,Karun Nair,Batters,1,False,-0.5,52,Raipur,Shaheed Veer Narayan Singh International Stadium,Large,False,True,43,7,7.166666666666667,46,6.418604651162791,20,159,113,12.833333333333332,8.805194805194805,1,9,Large
7.2,7,2,48,Deepak Hooda,All-Rounders,Rishabh Pant,Batters,1,False,-0.5,52,Raipur,Shaheed Veer Narayan Singh International Stadium,Large,False,True,44,7,7.333333333333333,47,6.409090909090909,20,159,112,12.666666666666668,8.842105263157894,1,9,Large
7.3,7,3,49,Deepak Hooda,All-Rounders,Karun Nair,Batters,1,False,-0.5,52,Raipur,Shaheed Veer Narayan Singh International Stadium,Large,False,True,45,7,7.5,48,6.4,20,159,111,12.5,8.88,1,9,Large
7.4,7,4,50,Deepak Hooda,All-Rounders,Rishabh Pant,Batters,2,False,-1.0,52,Raipur,Shaheed Veer Narayan Singh International Stadium,Large,False,True,46,7,7.666666666666667,50,6.521739130434782,20,159,109,12.333333333333332,8.837837837837839,1,9,Large
7.5,7,5,51,Deepak Hooda,All-Rounders,Rishabh Pant,Batters,1,False,-0.5,52,Raipur,Shaheed Veer Narayan Singh International Stadium,Large,False,True,47,7,7.833333333333333,51,6.51063829787234,20,159,108,12.166666666666668,8.876712328767123,1,9,Large
7.6,7,6,52,Deepak Hooda,All-Rounders,Karun Nair,Batters,1,False,-0.5,52,Raipur,Shaheed Veer Narayan Singh International Stadium,Large,False,True,48,7,8.0,52,6.5,20,159,107,12.0,8.916666666666666,1,9,Large
8.1,8,1,53,Moises Henriques,All-Rounders,Karun Nair,Batters,1,False,-0.5,52,Raipur,Shaheed Veer Narayan Singh International Stadium,Large,False,True,49,8,8.166666666666666,53,6.489795918367348,20,159,106,11.833333333333334,8.957746478873238,1,9,Large
8.2,8,2,54,Moises Henriques,All-Rounders,Rishabh Pant,Batters,1,False,-0.5,52,Raipur,Shaheed Veer Narayan Singh International Stadium,Large,False,True,50,8,8.333333333333334,54,6.48,20,159,105,11.666666666666666,9.0,1,9,Large
8.3,8,3,55,Moises Henriques,All-Rounders,Karun Nair,Batters,0,False,1.0,52,Raipur,Shaheed Veer Narayan Singh International Stadium,Large,False,True,51,8,8.5,54,6.352941176470588,20,159,105,11.5,9.130434782608695,1,9,Large
8.4,8,4,56,Moises Henriques,All-Rounders,Karun Nair,Batters,6,False,-3.0,52,Raipur,Shaheed Veer Narayan Singh International Stadium,Large,False,True,52,8,8.666666666666666,60,6.923076923076923,20,159,99,11.333333333333334,8.735294117647058,1,9,Large
8.5,8,5,57,Moises Henriques,All-Rounders,Karun Nair,Batters,1,False,-0.5,52,Raipur,Shaheed Veer Narayan Singh International Stadium,Large,False,True,53,8,8.833333333333334,61,6.90566037735849,20,159,98,11.166666666666666,8.776119402985076,1,9,Large
8.6,8,6,58,Moises Henriques,All-Rounders,Rishabh Pant,Batters,1,False,-0.5,52,Raipur,Shaheed Veer Narayan Singh International Stadium,Large,False,True,54,8,9.0,62,6.888888888888889,20,159,97,11.0,8.818181818181818,1,9,Large
9.1,9,1,59,Karn Sharma,Bowlers,Rishabh Pant,Batters,0,False,1.0,52,Raipur,Shaheed Veer Narayan Singh International Stadium,Large,False,True,55,9,9.166666666666666,62,6.763636363636364,20,159,97,10.833333333333334,8.953846153846154,1,9,Large
9.2,9,2,60,Karn Sharma,Bowlers,Rishabh Pant,Batters,1,False,-0.5,52,Raipur,Shaheed Veer Narayan Singh International Stadium,Large,False,True,56,9,9.333333333333334,63,6.75,20,159,96,10.666666666666666,9.0,1,9,Large
9.3,9,3,61,Karn Sharma,Bowlers,Karun Nair,Batters,1,False,-0.5,52,Raipur,Shaheed Veer Narayan Singh International Stadium,Large,False,True,57,9,9.5,64,6.7368421052631575,20,159,95,10.5,9.047619047619047,1,9,Large
9.4,9,4,62,Karn Sharma,Bowlers,Rishabh Pant,Batters,1,False,-0.5,52,Raipur,Shaheed Veer Narayan Singh International Stadium,Large,False,True,58,9,9.666666666666666,65,6.724137931034483,20,159,94,10.333333333333334,9.096774193548386,1,9,Large
9.5,9,5,63,Karn Sharma,Bowlers,Karun Nair,Batters,1,False,-0.5,52,Raipur,Shaheed Veer Narayan Singh International Stadium,Large,False,True,59,9,9.833333333333334,66,6.711864406779661,20,159,93,10.166666666666666,9.147540983606556,1,9,Large
9.6,9,6,64,Karn Sharma,Bowlers,Rishabh Pant,Batters,2,False,-1.0,52,Raipur,Shaheed Veer Narayan Singh International Stadium,Large,False,True,60,9,10.0,68,6.8,20,159,91,10.0,9.1,1,9,Large
10.1,10,1,65,Yuvraj Singh,,Karun Nair,Batters,2,False,-1.0,52,Raipur,Shaheed Veer Narayan Singh International Stadium,Large,False,True,61,10,10.166666666666666,70,6.885245901639345,20,159,89,9.833333333333334,9.050847457627118,1,9,Large
10.2,10,2,66,Yuvraj Singh,,Karun Nair,Batters,1,False,-0.5,52,Raipur,Shaheed Veer Narayan Singh International Stadium,Large,False,True,62,10,10.333333333333334,71,6.870967741935483,20,159,88,9.666666666666666,9.10344827586207,1,9,Large
10.3,10,3,67,Yuvraj Singh,,Rishabh Pant,Batters,1,False,-0.5,52,Raipur,Shaheed Veer Narayan Singh International Stadium,Large,False,True,63,10,10.5,72,6.857142857142857,20,159,87,9.5,9.157894736842104,1,9,Large
10.4,10,4,68,Yuvraj Singh,,Karun Nair,Batters,0,False,1.0,52,Raipur,Shaheed Veer Narayan Singh International Stadium,Large,False,True,64,10,10.666666666666666,72,6.75,20,159,87,9.333333333333334,9.321428571428571,1,9,Large
10.5,10,5,69,Yuvraj Singh,,Karun Nair,Batters,2,False,-1.0,52,Raipur,Shaheed Veer Narayan Singh International Stadium,Large,False,True,65,10,10.833333333333334,74,6.830769230769231,20,159,85,9.166666666666666,9.272727272727272,1,9,Large
10.6,10,6,70,Yuvraj Singh,,Karun Nair,Batters,1,False,-0.5,52,Raipur,Shaheed Veer Narayan Singh International Stadium,Large,False,True,66,10,11.0,75,6.818181818181818,20,159,84,9.0,9.333333333333334,1,9,Large
11.1,11,1,71,Karn Sharma,Bowlers,Karun Nair,Batters,1,False,-0.5,52,Raipur,Shaheed Veer Narayan Singh International Stadium,Large,False,True,67,11,11.166666666666666,76,6.8059701492537314,20,159,83,8.833333333333334,9.39622641509434,1,9,Large
11.2,11,2,72,Karn Sharma,Bowlers,Rishabh Pant,Batters,4,False,-2.0,52,Raipur,Shaheed Veer Narayan Singh International Stadium,Large,False,True,68,11,11.333333333333334,80,7.0588235294117645,20,159,79,8.666666666666666,9.115384615384617,1,9,Large
11.3,11,3,73,Karn Sharma,Bowlers,Rishabh Pant,Batters,1,False,-0.5,52,Raipur,Shaheed Veer Narayan Singh International Stadium,Large,False,True,69,11,11.5,81,7.043478260869565,20,159,78,8.5,9.176470588235292,1,9,Large
11.4,11,4,74,Karn Sharma,Bowlers,Karun Nair,Batters,0,True,5.0,52,Raipur,Shaheed Veer Narayan Singh International Stadium,Large,False,True,70,11,11.666666666666666,81,6.942857142857143,20,159,78,8.333333333333334,9.36,2,8,Large
11.5,11,5,75,Karn Sharma,Bowlers,Karun Nair,Batters,1,False,-0.5,52,Raipur,Shaheed Veer Narayan Singh International Stadium,Large,False,True,71,11,11.833333333333334,82,6.929577464788732,20,159,77,8.166666666666666,9.428571428571429,2,8,Large
11.6,11,6,76,Karn Sharma,Bowlers,Jean-Paul Duminy,All-Rounders,0,False,1.0,52,Raipur,Shaheed Veer Narayan Singh International Stadium,Large,False,True,72,11,12.0,82,6.833333333333333,20,159,77,8.0,9.625,2,8,Large
12.1,12,1,77,Deepak Hooda,All-Rounders,Karun Nair,Batters,1,False,-0.5,52,Raipur,Shaheed Veer Narayan Singh International Stadium,Large,False,True,73,12,12.166666666666666,83,6.821917808219179,20,159,76,7.833333333333334,9.702127659574469,2,8,Large
12.2,12,2,78,Deepak Hooda,All-Rounders,Jean-Paul Duminy,All-Rounders,1,False,-0.5,52,Raipur,Shaheed Veer Narayan Singh International Stadium,Large,False,True,74,12,12.333333333333334,84,6.8108108108108105,20,159,75,7.666666666666666,9.782608695652174,2,8,Large
12.3,12,3,79,Deepak Hooda,All-Rounders,Karun Nair,Batters,1,False,-0.5,52,Raipur,Shaheed Veer Narayan Singh International Stadium,Large,False,True,75,12,12.5,85,6.8,20,159,74,7.5,9.866666666666667,2,8,Large
12.4,12,4,80,Deepak Hooda,All-Rounders,Jean-Paul Duminy,All-Rounders,1,False,-0.5,52,Raipur,Shaheed Veer Narayan Singh International Stadium,Large,False,True,76,12,12.666666666666666,86,6.789473684210527,20,159,73,7.333333333333334,9.954545454545451,2,8,Large
12.5,12,5,81,Deepak Hooda,All-Rounders,Karun Nair,Batters,4,False,-2.0,52,Raipur,Shaheed Veer Narayan Singh International Stadium,Large,False,True,77,12,12.833333333333334,90,7.012987012987013,20,159,69,7.166666666666666,9.627906976744187,2,8,Large
12.6,12,6,82,Deepak Hooda,All-Rounders,Karun Nair,Batters,1,False,-0.5,52,Raipur,Shaheed Veer Narayan Singh International Stadium,Large,False,True,78,12,13.0,91,7.0,20,159,68,7.0,9.714285714285714,2,8,Large
13.1,13,1,83,Karn Sharma,Bowlers,Karun Nair,Batters,1,False,-0.5,52,Raipur,Shaheed Veer Narayan Singh International Stadium,Large,False,True,79,13,13.166666666666666,92,6.987341772151899,20,159,67,6.833333333333334,9.804878048780488,2,8,Large
13.2,13,2,84,Karn Sharma,Bowlers,Jean-Paul Duminy,All-Rounders,4,False,-2.0,52,Raipur,Shaheed Veer Narayan Singh International Stadium,Large,False,True,80,13,13.333333333333334,96,7.199999999999999,20,159,63,6.666666666666666,9.45,2,8,Large
13.3,13,3,85,Karn Sharma,Bowlers,Jean-Paul Duminy,All-Rounders,2,False,-1.0,52,Raipur,Shaheed Veer Narayan Singh International Stadium,Large,False,True,81,13,13.5,98,7.2592592592592595,20,159,61,6.5,9.384615384615383,2,8,Large
13.4,13,4,86,Karn Sharma,Bowlers,Jean-Paul Duminy,All-Rounders,1,False,-0.5,52,Raipur,Shaheed Veer Narayan Singh International Stadium,Large,False,True,82,13,13.666666666666666,99,7.2439024390243905,20,159,60,6.333333333333334,9.473684210526317,2,8,Large
13.5,13,5,87,Karn Sharma,Bowlers,Karun Nair,Batters,1,False,-0.5,52,Raipur,Shaheed Veer Narayan Singh International Stadium,Large,False,True,83,13,13.833333333333334,100,7.228915662650602,20,159,59,6.166666666666666,9.567567567567568,2,8,Large
13.6,13,6,88,Karn Sharma,Bowlers,Jean-Paul Duminy,All-Rounders,2,False,-1.0,52,Raipur,Shaheed Veer Narayan Singh International Stadium,Large,False,True,84,13,14.0,102,7.285714285714286,20,159,57,6.0,9.5,2,8,Large
14.1,14,1,89,Barinder Sran,Bowlers,Karun Nair,Batters,1,False,-0.5,52,Raipur,Shaheed Veer Narayan Singh International Stadium,Large,False,True,85,14,14.166666666666666,103,7.270588235294118,20,159,56,5.833333333333334,9.6,2,8,Large
14.2,14,2,90,Barinder Sran,Bowlers,Jean-Paul Duminy,All-Rounders,1,False,-0.5,52,Raipur,Shaheed Veer Narayan Singh International Stadium,Large,False,True,86,14,14.333333333333334,104,7.255813953488372,20,159,55,5.666666666666666,9.705882352941178,2,8,Large
14.3,14,3,91,Barinder Sran,Bowlers,Karun Nair,Batters,1,False,-0.5,52,Raipur,Shaheed Veer Narayan Singh International Stadium,Large,False,True,87,14,14.5,105,7.241379310344827,20,159,54,5.5,9.818181818181818,2,8,Large
14.4,14,4,92,Barinder Sran,Bowlers,Jean-Paul Duminy,All-Rounders,0,False,1.0,52,Raipur,Shaheed Veer Narayan Singh International Stadium,Large,False,True,88,14,14.666666666666666,105,7.159090909090909,20,159,54,5.333333333333334,10.124999999999998,2,8,Large
14.5,14,5,93,Barinder Sran,Bowlers,Jean-Paul Duminy,All-Rounders,0,False,1.0,52,Raipur,Shaheed Veer Narayan Singh International Stadium,Large,False,True,89,14,14.833333333333334,105,7.078651685393258,20,159,54,5.166666666666666,10.451612903225808,2,8,Large
14.6,14,6,94,Barinder Sran,Bowlers,Jean-Paul Duminy,All-Rounders,1,False,-0.5,52,Raipur,Shaheed Veer Narayan Singh International Stadium,Large,False,True,90,14,15.0,106,7.066666666666666,20,159,53,5.0,10.6,2,8,Large
15.1,15,1,95,Mustafizur Rahman,Bowlers,Jean-Paul Duminy,All-Rounders,2,False,-1.0,52,Raipur,Shaheed Veer Narayan Singh International Stadium,Large,False,True,91,15,15.166666666666666,108,7.120879120879121,20,159,51,4.833333333333334,10.551724137931034,2,8,Large
15.2,15,2,96,Mustafizur Rahman,Bowlers,Jean-Paul Duminy,All-Rounders,1,False,-0.5,52,Raipur,Shaheed Veer Narayan Singh International Stadium,Large,False,True,92,15,15.333333333333334,109,7.108695652173913,20,159,50,4.666666666666666,10.714285714285715,2,8,Large
15.3,15,3,97,Mustafizur Rahman,Bowlers,Karun Nair,Batters,0,False,1.0,52,Raipur,Shaheed Veer Narayan Singh International Stadium,Large,False,True,93,15,15.5,109,7.032258064516129,20,159,50,4.5,11.11111111111111,2,8,Large
15.4,15,4,98,Mustafizur Rahman,Bowlers,Karun Nair,Batters,1,False,-1.0,52,Raipur,Shaheed Veer Narayan Singh International Stadium,Large,True,False,93,15,15.5,110,7.096774193548387,20,159,49,4.5,10.88888888888889,2,8,Large
15.4,15,4,99,Mustafizur Rahman,Bowlers,Karun Nair,Batters,4,False,-2.0,52,Raipur,Shaheed Veer Narayan Singh International Stadium,Large,False,True,94,15,15.666666666666666,114,7.276595744680852,20,159,45,4.333333333333334,10.384615384615383,2,8,Large
15.5,15,5,100,Mustafizur Rahman,Bowlers,Karun Nair,Batters,1,False,-0.5,52,Raipur,Shaheed Veer Narayan Singh International Stadium,Large,False,True,95,15,15.833333333333334,115,7.263157894736842,20,159,44,4.166666666666666,10.560000000000002,2,8,Large
15.6,15,6,101,Mustafizur Rahman,Bowlers,Jean-Paul Duminy,All-Rounders,1,False,-0.5,52,Raipur,Shaheed Veer Narayan Singh International Stadium,Large,False,True,96,15,16.0,116,7.25,20,159,43,4.0,10.75,2,8,Large
16.1,16,1,102,Barinder Sran,Bowlers,Jean-Paul Duminy,All-Rounders,0,True,5.0,52,Raipur,Shaheed Veer Narayan Singh International Stadium,Large,False,True,97,16,16.166666666666668,116,7.175257731958762,20,159,43,3.833333333333332,11.21739130434783,3,7,Large
16.2,16,2,103,Barinder Sran,Bowlers,Karun Nair,Batters,0,False,1.0,52,Raipur,Shaheed Veer Narayan Singh International Stadium,Large,False,True,98,16,16.333333333333332,116,7.102040816326531,20,159,43,3.666666666666668,11.727272727272725,3,7,Large
16.3,16,3,104,Barinder Sran,Bowlers,Karun Nair,Batters,6,False,-3.0,52,Raipur,Shaheed Veer Narayan Singh International Stadium,Large,False,True,99,16,16.5,122,7.393939393939394,20,159,37,3.5,10.571428571428571,3,7,Large
16.4,16,4,105,Barinder Sran,Bowlers,Karun Nair,Batters,1,False,-0.5,52,Raipur,Shaheed Veer Narayan Singh International Stadium,Large,False,True,100,16,16.666666666666668,123,7.38,20,159,36,3.333333333333332,10.800000000000004,3,7,Large
16.5,16,5,106,Barinder Sran,Bowlers,Carlos Brathwaite,All-Rounders,1,False,-0.5,52,Raipur,Shaheed Veer Narayan Singh International Stadium,Large,False,True,101,16,16.833333333333332,124,7.366336633663367,20,159,35,3.166666666666668,11.052631578947365,3,7,Large
16.6,16,6,107,Barinder Sran,Bowlers,Karun Nair,Batters,6,False,-3.0,52,Raipur,Shaheed Veer Narayan Singh International Stadium,Large,False,True,102,16,17.0,130,7.647058823529412,20,159,29,3.0,9.666666666666666,3,7,Large
17.1,17,1,108,Bhuvneshwar Kumar,Bowlers,Carlos Brathwaite,All-Rounders,4,False,-2.0,52,Raipur,Shaheed Veer Narayan Singh International Stadium,Large,False,True,103,17,17.166666666666668,134,7.805825242718446,20,159,25,2.833333333333332,8.82352941176471,3,7,Large
17.2,17,2,109,Bhuvneshwar Kumar,Bowlers,Carlos Brathwaite,All-Rounders,1,False,-1.0,52,Raipur,Shaheed Veer Narayan Singh International Stadium,Large,True,False,103,17,17.166666666666668,135,7.864077669902912,20,159,24,2.833333333333332,8.470588235294121,3,7,Large
17.2,17,2,110,Bhuvneshwar Kumar,Bowlers,Carlos Brathwaite,All-Rounders,1,False,-0.25,52,Raipur,Shaheed Veer Narayan Singh International Stadium,Large,False,True,104,17,17.333333333333332,136,7.846153846153847,20,159,23,2.666666666666668,8.624999999999996,3,7,Large
17.3,17,3,111,Bhuvneshwar Kumar,Bowlers,Karun Nair,Batters,0,False,1.0,52,Raipur,Shaheed Veer Narayan Singh International Stadium,Large,False,True,105,17,17.5,136,7.771428571428571,20,159,23,2.5,9.2,3,7,Large
17.4,17,4,112,Bhuvneshwar Kumar,Bowlers,Karun Nair,Batters,1,False,-0.25,52,Raipur,Shaheed Veer Narayan Singh International Stadium,Large,False,True,106,17,17.666666666666668,137,7.754716981132075,20,159,22,2.333333333333332,9.428571428571434,3,7,Large
17.5,17,5,113,Bhuvneshwar Kumar,Bowlers,Carlos Brathwaite,All-Rounders,4,False,-2.0,52,Raipur,Shaheed Veer Narayan Singh International Stadium,Large,False,True,107,17,17.833333333333332,141,7.906542056074767,20,159,18,2.166666666666668,8.307692307692303,3,7,Large
17.6,17,6,114,Bhuvneshwar Kumar,Bowlers,Carlos Brathwaite,All-Rounders,1,False,-0.5,52,Raipur,Shaheed Veer Narayan Singh International Stadium,Large,False,True,108,17,18.0,142,7.888888888888889,20,159,17,2.0,8.5,3,7,Large
18.1,18,1,115,Mustafizur Rahman,Bowlers,Carlos Brathwaite,All-Rounders,0,False,1.0,52,Raipur,Shaheed Veer Narayan Singh International Stadium,Large,False,True,109,18,18.166666666666668,142,7.816513761467889,20,159,17,1.833333333333332,9.27272727272728,3,7,Large
18.2,18,2,116,Mustafizur Rahman,Bowlers,Carlos Brathwaite,All-Rounders,0,True,5.0,52,Raipur,Shaheed Veer Narayan Singh International Stadium,Large,False,True,110,18,18.33333333333333,142,7.745454545454546,20,159,17,1.666666666666668,10.199999999999992,4,6,Large
18.3,18,3,117,Mustafizur Rahman,Bowlers,Sanju Samson,Batters,1,False,-0.5,52,Raipur,Shaheed Veer Narayan Singh International Stadium,Large,False,True,111,18,18.5,143,7.72972972972973,20,159,16,1.5,10.666666666666666,4,6,Large
18.4,18,4,118,Mustafizur Rahman,Bowlers,Karun Nair,Batters,0,False,1.0,52,Raipur,Shaheed Veer Narayan Singh International Stadium,Large,False,True,112,18,18.666666666666668,143,7.660714285714286,20,159,16,1.333333333333332,12.00000000000001,4,6,Large
18.5,18,5,119,Mustafizur Rahman,Bowlers,Karun Nair,Batters,2,False,-1.0,52,Raipur,Shaheed Veer Narayan Singh International Stadium,Large,False,True,113,18,18.83333333333333,145,7.6991150442477885,20,159,14,1.166666666666668,11.999999999999988,4,6,Large
18.6,18,6,120,Mustafizur Rahman,Bowlers,Karun Nair,Batters,2,False,-1.0,52,Raipur,Shaheed Veer Narayan Singh International Stadium,Large,False,True,114,18,19.0,147,7.736842105263157,20,159,12,1.0,12.0,4,6,Large
19.1,19,1,121,Bhuvneshwar Kumar,Bowlers,Sanju Samson,Batters,2,False,-1.0,52,Raipur,Shaheed Veer Narayan Singh International Stadium,Large,False,True,115,19,19.166666666666668,149,7.77391304347826,20,159,10,0.8333333333333321,12.000000000000018,4,6,Large
19.2,19,2,122,Bhuvneshwar Kumar,Bowlers,Sanju Samson,Batters,1,False,-0.25,52,Raipur,Shaheed Veer Narayan Singh International Stadium,Large,False,True,116,19,19.33333333333333,150,7.758620689655173,20,159,9,0.6666666666666679,13.499999999999975,4,6,Large
19.3,19,3,123,Bhuvneshwar Kumar,Bowlers,Karun Nair,Batters,1,False,-0.5,52,Raipur,Shaheed Veer Narayan Singh International Stadium,Large,False,True,117,19,19.5,151,7.743589743589744,20,159,8,0.5,16.0,4,6,Large
19.4,19,4,124,Bhuvneshwar Kumar,Bowlers,Sanju Samson,Batters,1,False,-0.25,52,Raipur,Shaheed Veer Narayan Singh International Stadium,Large,False,True,118,19,19.666666666666668,152,7.728813559322034,20,159,7,0.3333333333333321,21.000000000000075,4,6,Large
19.5,19,5,125,Bhuvneshwar Kumar,Bowlers,Karun Nair,Batters,4,False,-2.0,52,Raipur,Shaheed Veer Narayan Singh International Stadium,Large,False,True,119,19,19.83333333333333,156,7.865546218487395,20,159,3,0.1666666666666678,17.999999999999872,4,6,Large
19.6,19,6,126,Bhuvneshwar Kumar,Bowlers,Karun Nair,Batters,4,False,-2.0,52,Raipur,Shaheed Veer Narayan Singh International Stadium,Large,False,True,120,19,20.0,160,8.0,20,159,0,0.0,inf,4,6,Large
