Ball Number,over,ball,Ball,bowler,bowler_role,batsman,batsman_role,Runs,is_wicket,bowler_score,match_id,city,stadium,Stadium_Type,is_extra,legal_delivery,legal_deliveries_count,overs_completed,overs_bowled,total_runs,current_run_rate,total_overs,target,runs_needed,overs_remaining,required_run_rate,wickets_fallen,wickets_in_hand,Ground_Type
0.1,0,1,1,Yusuf Pathan,All-Rounders,Shikhar Dhawan,Batters,1,False,-0.5,55,Kolkata,Eden Gardens,Large,False,True,1,0,0.1666666666666666,1,6.0,20,172,171,19.83333333333333,8.6218487394958,0,10,Large
0.2,0,2,2,Yusuf Pathan,All-Rounders,David Warner,Batters,0,False,1.0,55,Kolkata,Eden Gardens,Large,False,True,2,0,0.3333333333333333,1,3.0,20,172,171,19.666666666666668,8.694915254237287,0,10,Large
0.3,0,3,3,Yusuf Pathan,All-Rounders,David Warner,Batters,2,False,-1.0,55,Kolkata,Eden Gardens,Large,False,True,3,0,0.5,3,6.0,20,172,169,19.5,8.666666666666666,0,10,Large
0.4,0,4,4,Yusuf Pathan,All-Rounders,David Warner,Batters,0,False,1.0,55,Kolkata,Eden Gardens,Large,False,True,4,0,0.6666666666666666,3,4.5,20,172,169,19.33333333333333,8.741379310344827,0,10,Large
0.5,0,5,5,Yusuf Pathan,All-Rounders,David Warner,Batters,0,False,1.0,55,Kolkata,Eden Gardens,Large,False,True,5,0,0.8333333333333334,3,3.6,20,172,169,19.166666666666668,8.817391304347826,0,10,Large
0.6,0,6,6,Yusuf Pathan,All-Rounders,David Warner,Batters,1,False,-0.5,55,Kolkata,Eden Gardens,Large,False,True,6,0,1.0,4,4.0,20,172,168,19.0,8.842105263157896,0,10,Large
1.1,1,1,7,Ankit Rajpoot,Bowlers,David Warner,Batters,1,False,-0.5,55,Kolkata,Eden Gardens,Large,False,True,7,1,1.1666666666666667,5,4.285714285714286,20,172,167,18.83333333333333,8.867256637168142,0,10,Large
1.2,1,2,8,Ankit Rajpoot,Bowlers,Shikhar Dhawan,Batters,0,False,1.0,55,Kolkata,Eden Gardens,Large,False,True,8,1,1.3333333333333333,5,3.75,20,172,167,18.666666666666668,8.946428571428571,0,10,Large
1.3,1,3,9,Ankit Rajpoot,Bowlers,Shikhar Dhawan,Batters,1,False,-0.5,55,Kolkata,Eden Gardens,Large,False,True,9,1,1.5,6,4.0,20,172,166,18.5,8.972972972972974,0,10,Large
1.4,1,4,10,Ankit Rajpoot,Bowlers,David Warner,Batters,2,False,-1.0,55,Kolkata,Eden Gardens,Large,False,True,10,1,1.6666666666666663,8,4.800000000000001,20,172,164,18.33333333333333,8.945454545454545,0,10,Large
1.5,1,5,11,Ankit Rajpoot,Bowlers,David Warner,Batters,1,False,-0.5,55,Kolkata,Eden Gardens,Large,False,True,11,1,1.8333333333333333,9,4.909090909090908,20,172,163,18.166666666666668,8.972477064220183,0,10,Large
1.6,1,6,12,Ankit Rajpoot,Bowlers,Shikhar Dhawan,Batters,2,False,-1.0,55,Kolkata,Eden Gardens,Large,False,True,12,1,2.0,11,5.5,20,172,161,18.0,8.944444444444445,0,10,Large
2.1,2,1,13,Shakib Al Hasan,All-Rounders,David Warner,Batters,4,False,-2.0,55,Kolkata,Eden Gardens,Large,False,True,13,2,2.1666666666666665,15,6.923076923076923,20,172,157,17.833333333333332,8.80373831775701,0,10,Large
2.2,2,2,14,Shakib Al Hasan,All-Rounders,David Warner,Batters,0,False,1.0,55,Kolkata,Eden Gardens,Large,False,True,14,2,2.333333333333333,15,6.428571428571428,20,172,157,17.666666666666668,8.886792452830187,0,10,Large
2.3,2,3,15,Shakib Al Hasan,All-Rounders,David Warner,Batters,0,False,1.0,55,Kolkata,Eden Gardens,Large,False,True,15,2,2.5,15,6.0,20,172,157,17.5,8.971428571428572,0,10,Large
2.4,2,4,16,Shakib Al Hasan,All-Rounders,David Warner,Batters,0,False,1.0,55,Kolkata,Eden Gardens,Large,False,True,16,2,2.6666666666666665,15,5.625,20,172,157,17.333333333333332,9.057692307692308,0,10,Large
2.5,2,5,17,Shakib Al Hasan,All-Rounders,David Warner,Batters,1,False,-0.5,55,Kolkata,Eden Gardens,Large,False,True,17,2,2.833333333333333,16,5.647058823529411,20,172,156,17.166666666666668,9.0873786407767,0,10,Large
2.6,2,6,18,Shakib Al Hasan,All-Rounders,Shikhar Dhawan,Batters,6,False,-3.0,55,Kolkata,Eden Gardens,Large,False,True,18,2,3.0,22,7.333333333333333,20,172,150,17.0,8.823529411764707,0,10,Large
3.1,3,1,19,Sunil Narine,All-Rounders,David Warner,Batters,0,False,1.0,55,Kolkata,Eden Gardens,Large,False,True,19,3,3.1666666666666665,22,6.947368421052632,20,172,150,16.833333333333332,8.910891089108912,0,10,Large
3.2,3,2,20,Sunil Narine,All-Rounders,David Warner,Batters,6,False,-3.0,55,Kolkata,Eden Gardens,Large,False,True,20,3,3.333333333333333,28,8.4,20,172,144,16.666666666666668,8.639999999999999,0,10,Large
3.3,3,3,21,Sunil Narine,All-Rounders,David Warner,Batters,0,True,5.0,55,Kolkata,Eden Gardens,Large,False,True,21,3,3.5,28,8.0,20,172,144,16.5,8.727272727272727,1,9,Large
3.4,3,4,22,Sunil Narine,All-Rounders,Naman Ojha,Batters,0,False,1.0,55,Kolkata,Eden Gardens,Large,False,True,22,3,3.6666666666666665,28,7.636363636363637,20,172,144,16.333333333333332,8.816326530612246,1,9,Large
3.5,3,5,23,Sunil Narine,All-Rounders,Naman Ojha,Batters,1,False,-0.5,55,Kolkata,Eden Gardens,Large,False,True,23,3,3.8333333333333335,29,7.565217391304348,20,172,143,16.166666666666668,8.845360824742267,1,9,Large
3.6,3,6,24,Sunil Narine,All-Rounders,Shikhar Dhawan,Batters,0,False,1.0,55,Kolkata,Eden Gardens,Large,False,True,24,3,4.0,29,7.25,20,172,143,16.0,8.9375,1,9,Large
4.1,4,1,25,Ankit Rajpoot,Bowlers,Naman Ojha,Batters,0,False,1.0,55,Kolkata,Eden Gardens,Large,False,True,25,4,4.166666666666667,29,6.959999999999999,20,172,143,15.833333333333332,9.031578947368422,1,9,Large
4.2,4,2,26,Ankit Rajpoot,Bowlers,Naman Ojha,Batters,1,False,-0.25,55,Kolkata,Eden Gardens,Large,False,True,26,4,4.333333333333333,30,6.923076923076923,20,172,142,15.666666666666668,9.063829787234042,1,9,Large
4.3,4,3,27,Ankit Rajpoot,Bowlers,Shikhar Dhawan,Batters,4,False,-2.0,55,Kolkata,Eden Gardens,Large,False,True,27,4,4.5,34,7.555555555555555,20,172,138,15.5,8.903225806451612,1,9,Large
4.4,4,4,28,Ankit Rajpoot,Bowlers,Shikhar Dhawan,Batters,1,False,-0.5,55,Kolkata,Eden Gardens,Large,False,True,28,4,4.666666666666667,35,7.499999999999999,20,172,137,15.333333333333332,8.934782608695652,1,9,Large
4.5,4,5,29,Ankit Rajpoot,Bowlers,Naman Ojha,Batters,4,False,-2.0,55,Kolkata,Eden Gardens,Large,False,True,29,4,4.833333333333333,39,8.068965517241379,20,172,133,15.166666666666668,8.769230769230768,1,9,Large
4.6,4,6,30,Ankit Rajpoot,Bowlers,Naman Ojha,Batters,0,False,1.0,55,Kolkata,Eden Gardens,Large,False,True,30,4,5.0,39,7.8,20,172,133,15.0,8.866666666666667,1,9,Large
5.1,5,1,31,Sunil Narine,All-Rounders,Shikhar Dhawan,Batters,6,False,-3.0,55,Kolkata,Eden Gardens,Large,False,True,31,5,5.166666666666667,45,8.709677419354838,20,172,127,14.833333333333332,8.561797752808989,1,9,Large
5.2,5,2,32,Sunil Narine,All-Rounders,Shikhar Dhawan,Batters,1,False,-0.5,55,Kolkata,Eden Gardens,Large,False,True,32,5,5.333333333333333,46,8.625,20,172,126,14.666666666666668,8.59090909090909,1,9,Large
5.3,5,3,33,Sunil Narine,All-Rounders,Naman Ojha,Batters,0,False,1.0,55,Kolkata,Eden Gardens,Large,False,True,33,5,5.5,46,8.363636363636363,20,172,126,14.5,8.689655172413794,1,9,Large
5.4,5,4,34,Sunil Narine,All-Rounders,Naman Ojha,Batters,0,False,1.0,55,Kolkata,Eden Gardens,Large,False,True,34,5,5.666666666666667,46,8.117647058823529,20,172,126,14.333333333333332,8.790697674418606,1,9,Large
5.5,5,5,35,Sunil Narine,All-Rounders,Naman Ojha,Batters,0,False,1.0,55,Kolkata,Eden Gardens,Large,False,True,35,5,5.833333333333333,46,7.885714285714286,20,172,126,14.166666666666668,8.894117647058822,1,9,Large
5.6,5,6,36,Sunil Narine,All-Rounders,Naman Ojha,Batters,2,False,-1.0,55,Kolkata,Eden Gardens,Large,False,True,36,5,6.0,48,8.0,20,172,124,14.0,8.857142857142858,1,9,Large
6.1,6,1,37,Jason Holder,All-Rounders,Shikhar Dhawan,Batters,0,False,1.0,55,Kolkata,Eden Gardens,Large,False,True,37,6,6.166666666666667,48,7.783783783783783,20,172,124,13.833333333333332,8.963855421686748,1,9,Large
6.2,6,2,38,Jason Holder,All-Rounders,Shikhar Dhawan,Batters,1,False,-0.5,55,Kolkata,Eden Gardens,Large,False,True,38,6,6.333333333333333,49,7.736842105263158,20,172,123,13.666666666666668,9.0,1,9,Large
6.3,6,3,39,Jason Holder,All-Rounders,Naman Ojha,Batters,1,False,-0.5,55,Kolkata,Eden Gardens,Large,False,True,39,6,6.5,50,7.6923076923076925,20,172,122,13.5,9.037037037037036,1,9,Large
6.4,6,4,40,Jason Holder,All-Rounders,Shikhar Dhawan,Batters,0,False,1.0,55,Kolkata,Eden Gardens,Large,False,True,40,6,6.666666666666667,50,7.5,20,172,122,13.333333333333332,9.15,1,9,Large
6.5,6,5,41,Jason Holder,All-Rounders,Shikhar Dhawan,Batters,1,False,-0.5,55,Kolkata,Eden Gardens,Large,False,True,41,6,6.833333333333333,51,7.463414634146342,20,172,121,13.166666666666668,9.189873417721518,1,9,Large
6.6,6,6,42,Jason Holder,All-Rounders,Naman Ojha,Batters,0,False,1.0,55,Kolkata,Eden Gardens,Large,False,True,42,6,7.0,51,7.285714285714286,20,172,121,13.0,9.307692307692308,1,9,Large
7.1,7,1,43,Colin Munro,,Shikhar Dhawan,Batters,1,False,-0.5,55,Kolkata,Eden Gardens,Large,False,True,43,7,7.166666666666667,52,7.255813953488372,20,172,120,12.833333333333332,9.350649350649352,1,9,Large
7.2,7,2,44,Colin Munro,,Naman Ojha,Batters,1,False,-0.5,55,Kolkata,Eden Gardens,Large,False,True,44,7,7.333333333333333,53,7.227272727272727,20,172,119,12.666666666666668,9.394736842105262,1,9,Large
7.3,7,3,45,Colin Munro,,Shikhar Dhawan,Batters,1,False,-0.5,55,Kolkata,Eden Gardens,Large,False,True,45,7,7.5,54,7.2,20,172,118,12.5,9.44,1,9,Large
7.4,7,4,46,Colin Munro,,Naman Ojha,Batters,0,False,1.0,55,Kolkata,Eden Gardens,Large,False,True,46,7,7.666666666666667,54,7.0434782608695645,20,172,118,12.333333333333332,9.567567567567568,1,9,Large
7.5,7,5,47,Colin Munro,,Naman Ojha,Batters,1,False,-0.5,55,Kolkata,Eden Gardens,Large,False,True,47,7,7.833333333333333,55,7.021276595744681,20,172,117,12.166666666666668,9.616438356164382,1,9,Large
7.6,7,6,48,Colin Munro,,Shikhar Dhawan,Batters,4,False,-2.0,55,Kolkata,Eden Gardens,Large,False,True,48,7,8.0,59,7.375,20,172,113,12.0,9.416666666666666,1,9,Large
8.1,8,1,49,Jason Holder,All-Rounders,Naman Ojha,Batters,0,False,1.0,55,Kolkata,Eden Gardens,Large,False,True,49,8,8.166666666666666,59,7.224489795918368,20,172,113,11.833333333333334,9.549295774647886,1,9,Large
8.2,8,2,50,Jason Holder,All-Rounders,Naman Ojha,Batters,1,False,-0.5,55,Kolkata,Eden Gardens,Large,False,True,50,8,8.333333333333334,60,7.199999999999999,20,172,112,11.666666666666666,9.6,1,9,Large
8.3,8,3,51,Jason Holder,All-Rounders,Shikhar Dhawan,Batters,2,False,-1.0,55,Kolkata,Eden Gardens,Large,False,True,51,8,8.5,62,7.294117647058823,20,172,110,11.5,9.565217391304348,1,9,Large
8.4,8,4,52,Jason Holder,All-Rounders,Shikhar Dhawan,Batters,6,False,-3.0,55,Kolkata,Eden Gardens,Large,False,True,52,8,8.666666666666666,68,7.846153846153847,20,172,104,11.333333333333334,9.176470588235292,1,9,Large
8.5,8,5,53,Jason Holder,All-Rounders,Shikhar Dhawan,Batters,1,False,-1.0,55,Kolkata,Eden Gardens,Large,True,False,52,8,8.666666666666666,69,7.961538461538462,20,172,103,11.333333333333334,9.088235294117649,1,9,Large
8.5,8,5,54,Jason Holder,All-Rounders,Shikhar Dhawan,Batters,0,False,1.0,55,Kolkata,Eden Gardens,Large,False,True,53,8,8.833333333333334,69,7.811320754716981,20,172,103,11.166666666666666,9.223880597014926,1,9,Large
8.6,8,6,55,Jason Holder,All-Rounders,Shikhar Dhawan,Batters,1,False,-0.5,55,Kolkata,Eden Gardens,Large,False,True,54,8,9.0,70,7.777777777777778,20,172,102,11.0,9.272727272727272,1,9,Large
9.1,9,1,56,Kuldeep Yadav,Bowlers,Shikhar Dhawan,Batters,0,False,1.0,55,Kolkata,Eden Gardens,Large,False,True,55,9,9.166666666666666,70,7.636363636363637,20,172,102,10.833333333333334,9.415384615384616,1,9,Large
9.2,9,2,57,Kuldeep Yadav,Bowlers,Shikhar Dhawan,Batters,1,False,-0.5,55,Kolkata,Eden Gardens,Large,False,True,56,9,9.333333333333334,71,7.607142857142857,20,172,101,10.666666666666666,9.46875,1,9,Large
9.3,9,3,58,Kuldeep Yadav,Bowlers,Naman Ojha,Batters,0,False,1.0,55,Kolkata,Eden Gardens,Large,False,True,57,9,9.5,71,7.473684210526316,20,172,101,10.5,9.61904761904762,1,9,Large
9.4,9,4,59,Kuldeep Yadav,Bowlers,Naman Ojha,Batters,0,False,1.0,55,Kolkata,Eden Gardens,Large,False,True,58,9,9.666666666666666,71,7.344827586206897,20,172,101,10.333333333333334,9.774193548387096,1,9,Large
9.5,9,5,60,Kuldeep Yadav,Bowlers,Naman Ojha,Batters,2,False,-1.0,55,Kolkata,Eden Gardens,Large,False,True,59,9,9.833333333333334,73,7.423728813559322,20,172,99,10.166666666666666,9.737704918032788,1,9,Large
9.6,9,6,61,Kuldeep Yadav,Bowlers,Naman Ojha,Batters,0,False,1.0,55,Kolkata,Eden Gardens,Large,False,True,60,9,10.0,73,7.3,20,172,99,10.0,9.9,1,9,Large
10.1,10,1,62,Shakib Al Hasan,All-Rounders,Shikhar Dhawan,Batters,4,False,-2.0,55,Kolkata,Eden Gardens,Large,False,True,61,10,10.166666666666666,77,7.573770491803279,20,172,95,9.833333333333334,9.66101694915254,1,9,Large
10.2,10,2,63,Shakib Al Hasan,All-Rounders,Shikhar Dhawan,Batters,2,False,-1.0,55,Kolkata,Eden Gardens,Large,False,True,62,10,10.333333333333334,79,7.64516129032258,20,172,93,9.666666666666666,9.620689655172416,1,9,Large
10.3,10,3,64,Shakib Al Hasan,All-Rounders,Shikhar Dhawan,Batters,0,False,1.0,55,Kolkata,Eden Gardens,Large,False,True,63,10,10.5,79,7.523809523809524,20,172,93,9.5,9.789473684210526,1,9,Large
10.4,10,4,65,Shakib Al Hasan,All-Rounders,Shikhar Dhawan,Batters,4,False,-2.0,55,Kolkata,Eden Gardens,Large,False,True,64,10,10.666666666666666,83,7.78125,20,172,89,9.333333333333334,9.535714285714285,1,9,Large
10.5,10,5,66,Shakib Al Hasan,All-Rounders,Shikhar Dhawan,Batters,1,False,-0.5,55,Kolkata,Eden Gardens,Large,False,True,65,10,10.833333333333334,84,7.753846153846154,20,172,88,9.166666666666666,9.6,1,9,Large
10.6,10,6,67,Shakib Al Hasan,All-Rounders,Naman Ojha,Batters,1,False,-0.5,55,Kolkata,Eden Gardens,Large,False,True,66,10,11.0,85,7.727272727272727,20,172,87,9.0,9.666666666666666,1,9,Large
11.1,11,1,68,Kuldeep Yadav,Bowlers,Naman Ojha,Batters,0,False,1.0,55,Kolkata,Eden Gardens,Large,False,True,67,11,11.166666666666666,85,7.611940298507463,20,172,87,8.833333333333334,9.849056603773583,1,9,Large
11.2,11,2,69,Kuldeep Yadav,Bowlers,Naman Ojha,Batters,1,False,-0.5,55,Kolkata,Eden Gardens,Large,False,True,68,11,11.333333333333334,86,7.588235294117647,20,172,86,8.666666666666666,9.923076923076923,1,9,Large
11.3,11,3,70,Kuldeep Yadav,Bowlers,Shikhar Dhawan,Batters,0,True,5.0,55,Kolkata,Eden Gardens,Large,False,True,69,11,11.5,86,7.478260869565218,20,172,86,8.5,10.117647058823527,2,8,Large
11.4,11,4,71,Kuldeep Yadav,Bowlers,Yuvraj Singh,Batters,0,False,1.0,55,Kolkata,Eden Gardens,Large,False,True,70,11,11.666666666666666,86,7.371428571428572,20,172,86,8.333333333333334,10.32,2,8,Large
11.5,11,5,72,Kuldeep Yadav,Bowlers,Yuvraj Singh,Batters,4,False,-2.0,55,Kolkata,Eden Gardens,Large,False,True,71,11,11.833333333333334,90,7.605633802816901,20,172,82,8.166666666666666,10.040816326530614,2,8,Large
11.6,11,6,73,Kuldeep Yadav,Bowlers,Yuvraj Singh,Batters,2,False,-1.0,55,Kolkata,Eden Gardens,Large,False,True,72,11,12.0,92,7.666666666666667,20,172,80,8.0,10.0,2,8,Large
12.1,12,1,74,Sunil Narine,All-Rounders,Naman Ojha,Batters,0,True,5.0,55,Kolkata,Eden Gardens,Large,False,True,73,12,12.166666666666666,92,7.561643835616438,20,172,80,7.833333333333334,10.212765957446807,3,7,Large
12.2,12,2,75,,,,,0,False,0.0,55,Kolkata,Eden Gardens,Large,False,True,74,12,12.333333333333334,92,7.459459459459459,20,172,80,7.666666666666666,10.434782608695652,3,7,Large
12.3,12,3,76,Sunil Narine,All-Rounders,Yuvraj Singh,Batters,0,False,1.0,55,Kolkata,Eden Gardens,Large,False,True,75,12,12.5,92,7.36,20,172,80,7.5,10.666666666666666,3,7,Large
12.4,12,4,77,Sunil Narine,All-Rounders,Yuvraj Singh,Batters,1,False,-0.5,55,Kolkata,Eden Gardens,Large,False,True,76,12,12.666666666666666,93,7.342105263157895,20,172,79,7.333333333333334,10.772727272727272,3,7,Large
12.5,12,5,78,Sunil Narine,All-Rounders,Kane Williamson,Batters,2,False,-0.25,55,Kolkata,Eden Gardens,Large,False,True,77,12,12.833333333333334,95,7.402597402597403,20,172,77,7.166666666666666,10.74418604651163,3,7,Large
12.6,12,6,79,Sunil Narine,All-Rounders,Kane Williamson,Batters,1,False,-0.5,55,Kolkata,Eden Gardens,Large,False,True,78,12,13.0,96,7.384615384615385,20,172,76,7.0,10.857142857142858,3,7,Large
13.1,13,1,80,Kuldeep Yadav,Bowlers,Kane Williamson,Batters,0,False,1.0,55,Kolkata,Eden Gardens,Large,False,True,79,13,13.166666666666666,96,7.29113924050633,20,172,76,6.833333333333334,11.121951219512194,3,7,Large
13.2,13,2,81,Kuldeep Yadav,Bowlers,Kane Williamson,Batters,1,False,-0.5,55,Kolkata,Eden Gardens,Large,False,True,80,13,13.333333333333334,97,7.274999999999999,20,172,75,6.666666666666666,11.250000000000002,3,7,Large
13.3,13,3,82,Kuldeep Yadav,Bowlers,Yuvraj Singh,Batters,0,False,1.0,55,Kolkata,Eden Gardens,Large,False,True,81,13,13.5,97,7.185185185185185,20,172,75,6.5,11.538461538461538,3,7,Large
13.4,13,4,83,Kuldeep Yadav,Bowlers,Yuvraj Singh,Batters,0,False,1.0,55,Kolkata,Eden Gardens,Large,False,True,82,13,13.666666666666666,97,7.097560975609756,20,172,75,6.333333333333334,11.842105263157894,3,7,Large
13.5,13,5,84,Kuldeep Yadav,Bowlers,Yuvraj Singh,Batters,6,False,-3.0,55,Kolkata,Eden Gardens,Large,False,True,83,13,13.833333333333334,103,7.44578313253012,20,172,69,6.166666666666666,11.18918918918919,3,7,Large
13.6,13,6,85,Kuldeep Yadav,Bowlers,Yuvraj Singh,Batters,6,False,-3.0,55,Kolkata,Eden Gardens,Large,False,True,84,13,14.0,109,7.785714285714286,20,172,63,6.0,10.5,3,7,Large
14.1,14,1,86,Shakib Al Hasan,All-Rounders,Kane Williamson,Batters,1,False,-0.5,55,Kolkata,Eden Gardens,Large,False,True,85,14,14.166666666666666,110,7.764705882352941,20,172,62,5.833333333333334,10.628571428571428,3,7,Large
14.2,14,2,87,Shakib Al Hasan,All-Rounders,Yuvraj Singh,Batters,0,False,1.0,55,Kolkata,Eden Gardens,Large,False,True,86,14,14.333333333333334,110,7.674418604651162,20,172,62,5.666666666666666,10.941176470588236,3,7,Large
14.3,14,3,88,Shakib Al Hasan,All-Rounders,Yuvraj Singh,Batters,0,True,5.0,55,Kolkata,Eden Gardens,Large,False,True,87,14,14.5,110,7.586206896551724,20,172,62,5.5,11.272727272727272,4,6,Large
14.4,14,4,89,Shakib Al Hasan,All-Rounders,Kane Williamson,Batters,1,False,-0.5,55,Kolkata,Eden Gardens,Large,False,True,88,14,14.666666666666666,111,7.568181818181818,20,172,61,5.333333333333334,11.437499999999998,4,6,Large
14.5,14,5,90,Shakib Al Hasan,All-Rounders,Deepak Hooda,All-Rounders,1,False,-0.5,55,Kolkata,Eden Gardens,Large,False,True,89,14,14.833333333333334,112,7.550561797752809,20,172,60,5.166666666666666,11.612903225806454,4,6,Large
14.6,14,6,91,Shakib Al Hasan,All-Rounders,Kane Williamson,Batters,2,False,-1.0,55,Kolkata,Eden Gardens,Large,False,True,90,14,15.0,114,7.6,20,172,58,5.0,11.6,4,6,Large
15.1,15,1,92,Kuldeep Yadav,Bowlers,Deepak Hooda,All-Rounders,0,True,5.0,55,Kolkata,Eden Gardens,Large,False,True,91,15,15.166666666666666,114,7.516483516483516,20,172,58,4.833333333333334,11.999999999999998,5,5,Large
15.2,15,2,93,Kuldeep Yadav,Bowlers,Kane Williamson,Batters,1,False,-0.5,55,Kolkata,Eden Gardens,Large,False,True,92,15,15.333333333333334,115,7.5,20,172,57,4.666666666666666,12.214285714285715,5,5,Large
15.3,15,3,94,Kuldeep Yadav,Bowlers,Moises Henriques,All-Rounders,1,False,-0.5,55,Kolkata,Eden Gardens,Large,False,True,93,15,15.5,116,7.483870967741935,20,172,56,4.5,12.444444444444445,5,5,Large
15.4,15,4,95,Kuldeep Yadav,Bowlers,Kane Williamson,Batters,0,True,5.0,55,Kolkata,Eden Gardens,Large,False,True,94,15,15.666666666666666,116,7.404255319148937,20,172,56,4.333333333333334,12.923076923076922,6,4,Large
15.5,15,5,96,Kuldeep Yadav,Bowlers,Moises Henriques,All-Rounders,1,False,-0.5,55,Kolkata,Eden Gardens,Large,False,True,95,15,15.833333333333334,117,7.389473684210526,20,172,55,4.166666666666666,13.2,6,4,Large
15.6,15,6,97,Kuldeep Yadav,Bowlers,Karn Sharma,Bowlers,1,False,-1.0,55,Kolkata,Eden Gardens,Large,True,False,95,15,15.833333333333334,118,7.452631578947368,20,172,54,4.166666666666666,12.960000000000004,6,4,Large
15.6,15,6,98,Kuldeep Yadav,Bowlers,Karn Sharma,Bowlers,1,False,-0.25,55,Kolkata,Eden Gardens,Large,False,True,96,15,16.0,119,7.4375,20,172,53,4.0,13.25,6,4,Large
16.1,16,1,99,Shakib Al Hasan,All-Rounders,Karn Sharma,Bowlers,1,False,-1.0,55,Kolkata,Eden Gardens,Large,True,False,96,15,16.0,120,7.5,20,172,52,4.0,13.0,6,4,Large
16.1,16,1,100,Shakib Al Hasan,All-Rounders,Karn Sharma,Bowlers,1,False,-1.0,55,Kolkata,Eden Gardens,Large,True,False,96,15,16.0,121,7.5625,20,172,51,4.0,12.75,6,4,Large
16.1,16,1,101,Shakib Al Hasan,All-Rounders,Karn Sharma,Bowlers,1,False,-0.5,55,Kolkata,Eden Gardens,Large,False,True,97,16,16.166666666666668,122,7.546391752577319,20,172,50,3.833333333333332,13.04347826086957,6,4,Large
16.2,16,2,102,Shakib Al Hasan,All-Rounders,Moises Henriques,All-Rounders,0,False,1.0,55,Kolkata,Eden Gardens,Large,False,True,98,16,16.333333333333332,122,7.469387755102042,20,172,50,3.666666666666668,13.636363636363631,6,4,Large
16.3,16,3,103,Shakib Al Hasan,All-Rounders,Moises Henriques,All-Rounders,2,False,-1.0,55,Kolkata,Eden Gardens,Large,False,True,99,16,16.5,124,7.515151515151516,20,172,48,3.5,13.714285714285714,6,4,Large
16.4,16,4,104,Shakib Al Hasan,All-Rounders,Moises Henriques,All-Rounders,0,False,1.0,55,Kolkata,Eden Gardens,Large,False,True,100,16,16.666666666666668,124,7.439999999999999,20,172,48,3.333333333333332,14.400000000000006,6,4,Large
16.5,16,5,105,Shakib Al Hasan,All-Rounders,Moises Henriques,All-Rounders,1,False,-0.5,55,Kolkata,Eden Gardens,Large,False,True,101,16,16.833333333333332,125,7.425742574257426,20,172,47,3.166666666666668,14.842105263157888,6,4,Large
16.6,16,6,106,Shakib Al Hasan,All-Rounders,Karn Sharma,Bowlers,2,False,-0.25,55,Kolkata,Eden Gardens,Large,False,True,102,16,17.0,127,7.470588235294118,20,172,45,3.0,15.0,6,4,Large
17.1,17,1,107,Sunil Narine,All-Rounders,Moises Henriques,All-Rounders,1,False,-0.5,55,Kolkata,Eden Gardens,Large,False,True,103,17,17.166666666666668,128,7.45631067961165,20,172,44,2.833333333333332,15.52941176470589,6,4,Large
17.2,17,2,108,Sunil Narine,All-Rounders,Karn Sharma,Bowlers,1,False,-0.5,55,Kolkata,Eden Gardens,Large,False,True,104,17,17.333333333333332,129,7.4423076923076925,20,172,43,2.666666666666668,16.124999999999993,6,4,Large
17.3,17,3,109,Sunil Narine,All-Rounders,Moises Henriques,All-Rounders,4,False,-2.0,55,Kolkata,Eden Gardens,Large,False,True,105,17,17.5,133,7.6,20,172,39,2.5,15.6,6,4,Large
17.4,17,4,110,Sunil Narine,All-Rounders,Moises Henriques,All-Rounders,1,False,-0.5,55,Kolkata,Eden Gardens,Large,False,True,106,17,17.666666666666668,134,7.584905660377358,20,172,38,2.333333333333332,16.285714285714295,6,4,Large
17.5,17,5,111,Sunil Narine,All-Rounders,Karn Sharma,Bowlers,1,False,-0.5,55,Kolkata,Eden Gardens,Large,False,True,107,17,17.833333333333332,135,7.570093457943925,20,172,37,2.166666666666668,17.076923076923066,6,4,Large
17.6,17,6,112,Sunil Narine,All-Rounders,Moises Henriques,All-Rounders,0,True,5.0,55,Kolkata,Eden Gardens,Large,False,True,108,17,18.0,135,7.5,20,172,37,2.0,18.5,7,3,Large
18.1,18,1,113,Jason Holder,All-Rounders,Karn Sharma,Bowlers,0,False,1.0,55,Kolkata,Eden Gardens,Large,False,True,109,18,18.166666666666668,135,7.431192660550458,20,172,37,1.833333333333332,20.1818181818182,7,3,Large
18.2,18,2,114,Jason Holder,All-Rounders,Karn Sharma,Bowlers,2,False,-1.0,55,Kolkata,Eden Gardens,Large,False,True,110,18,18.33333333333333,137,7.4727272727272736,20,172,35,1.666666666666668,20.999999999999982,7,3,Large
18.3,18,3,115,Jason Holder,All-Rounders,Karn Sharma,Bowlers,1,False,-0.25,55,Kolkata,Eden Gardens,Large,False,True,111,18,18.5,138,7.45945945945946,20,172,34,1.5,22.666666666666668,7,3,Large
18.4,18,4,116,Jason Holder,All-Rounders,Bhuvneshwar Kumar,Bowlers,0,False,1.0,55,Kolkata,Eden Gardens,Large,False,True,112,18,18.666666666666668,138,7.392857142857142,20,172,34,1.333333333333332,25.50000000000002,7,3,Large
18.5,18,5,117,Jason Holder,All-Rounders,Bhuvneshwar Kumar,Bowlers,4,False,-2.0,55,Kolkata,Eden Gardens,Large,False,True,113,18,18.83333333333333,142,7.539823008849558,20,172,30,1.166666666666668,25.714285714285687,7,3,Large
18.6,18,6,118,Jason Holder,All-Rounders,Bhuvneshwar Kumar,Bowlers,1,False,-0.5,55,Kolkata,Eden Gardens,Large,False,True,114,18,19.0,143,7.526315789473684,20,172,29,1.0,29.0,7,3,Large
19.1,19,1,119,Ankit Rajpoot,Bowlers,Bhuvneshwar Kumar,Bowlers,0,True,5.0,55,Kolkata,Eden Gardens,Large,False,True,115,19,19.166666666666668,143,7.460869565217391,20,172,29,0.8333333333333321,34.80000000000005,8,2,Large
19.2,19,2,120,Ankit Rajpoot,Bowlers,Karn Sharma,Bowlers,1,False,-0.5,55,Kolkata,Eden Gardens,Large,False,True,116,19,19.33333333333333,144,7.448275862068966,20,172,28,0.6666666666666679,41.99999999999993,8,2,Large
19.3,19,3,121,Ankit Rajpoot,Bowlers,Barinder Sran,Bowlers,1,False,-0.5,55,Kolkata,Eden Gardens,Large,False,True,117,19,19.5,145,7.435897435897436,20,172,27,0.5,54.0,8,2,Large
19.4,19,4,122,Ankit Rajpoot,Bowlers,Karn Sharma,Bowlers,1,False,-0.5,55,Kolkata,Eden Gardens,Large,False,True,118,19,19.666666666666668,146,7.423728813559322,20,172,26,0.3333333333333321,78.00000000000028,8,2,Large
19.5,19,5,123,Ankit Rajpoot,Bowlers,Barinder Sran,Bowlers,1,False,-0.5,55,Kolkata,Eden Gardens,Large,False,True,119,19,19.83333333333333,147,7.411764705882353,20,172,25,0.1666666666666678,149.99999999999895,8,2,Large
19.6,19,6,124,Ankit Rajpoot,Bowlers,Karn Sharma,Bowlers,1,False,-0.5,55,Kolkata,Eden Gardens,Large,False,True,120,19,20.0,148,7.4,20,172,24,0.0,inf,8,2,Large
