Ball Number,over,ball,Ball,bowler,bowler_role,batsman,batsman_role,Runs,is_wicket,bowler_score,match_id,city,stadium,Stadium_Type,is_extra,legal_delivery,legal_deliveries_count,overs_completed,overs_bowled,total_runs,current_run_rate,total_overs,target,runs_needed,overs_remaining,required_run_rate,wickets_fallen,wickets_in_hand,Ground_Type
0.1,0,1,1,Praveen Kumar,Bowlers,Ajinkya Rahane,Batters,0,False,1.0,6,Rajkot,Saurashtra Cricket Association Stadium,Small,False,True,1,0,0.1666666666666666,0,0.0,20,164,164,19.83333333333333,8.268907563025211,0,10,Small
0.2,0,2,2,Praveen Kumar,Bowlers,Ajinkya Rahane,Batters,4,False,-2.0,6,Rajkot,Saurashtra Cricket Association Stadium,Small,False,True,2,0,0.3333333333333333,4,12.0,20,164,160,19.666666666666668,8.135593220338983,0,10,Small
0.3,0,3,3,Praveen Kumar,Bowlers,Ajinkya Rahane,Batters,1,False,-0.5,6,Rajkot,Saurashtra Cricket Association Stadium,Small,False,True,3,0,0.5,5,10.0,20,164,159,19.5,8.153846153846153,0,10,Small
0.4,0,4,4,Praveen Kumar,Bowlers,Faf du Plessis,Batters,0,False,1.0,6,Rajkot,Saurashtra Cricket Association Stadium,Small,False,True,4,0,0.6666666666666666,5,7.5,20,164,159,19.33333333333333,8.224137931034484,0,10,Small
0.5,0,5,5,Praveen Kumar,Bowlers,Faf du Plessis,Batters,0,False,1.0,6,Rajkot,Saurashtra Cricket Association Stadium,Small,False,True,5,0,0.8333333333333334,5,6.0,20,164,159,19.166666666666668,8.295652173913043,0,10,Small
0.6,0,6,6,Praveen Kumar,Bowlers,Faf du Plessis,Batters,0,False,1.0,6,Rajkot,Saurashtra Cricket Association Stadium,Small,False,True,6,0,1.0,5,5.0,20,164,159,19.0,8.368421052631579,0,10,Small
1.1,1,1,7,Shadab Jakati,Bowlers,Ajinkya Rahane,Batters,0,False,1.0,6,Rajkot,Saurashtra Cricket Association Stadium,Small,False,True,7,1,1.1666666666666667,5,4.285714285714286,20,164,159,18.83333333333333,8.442477876106196,0,10,Small
1.2,1,2,8,Shadab Jakati,Bowlers,Ajinkya Rahane,Batters,1,False,-0.5,6,Rajkot,Saurashtra Cricket Association Stadium,Small,False,True,8,1,1.3333333333333333,6,4.5,20,164,158,18.666666666666668,8.464285714285714,0,10,Small
1.3,1,3,9,Shadab Jakati,Bowlers,Faf du Plessis,Batters,1,False,-0.5,6,Rajkot,Saurashtra Cricket Association Stadium,Small,False,True,9,1,1.5,7,4.666666666666667,20,164,157,18.5,8.486486486486486,0,10,Small
1.4,1,4,10,Shadab Jakati,Bowlers,Ajinkya Rahane,Batters,4,False,-2.0,6,Rajkot,Saurashtra Cricket Association Stadium,Small,False,True,10,1,1.6666666666666663,11,6.6000000000000005,20,164,153,18.33333333333333,8.345454545454546,0,10,Small
1.5,1,5,11,Shadab Jakati,Bowlers,Ajinkya Rahane,Batters,4,False,-2.0,6,Rajkot,Saurashtra Cricket Association Stadium,Small,False,True,11,1,1.8333333333333333,15,8.181818181818182,20,164,149,18.166666666666668,8.20183486238532,0,10,Small
1.6,1,6,12,Shadab Jakati,Bowlers,Ajinkya Rahane,Batters,1,False,-0.5,6,Rajkot,Saurashtra Cricket Association Stadium,Small,False,True,12,1,2.0,16,8.0,20,164,148,18.0,8.222222222222221,0,10,Small
2.1,2,1,13,Praveen Kumar,Bowlers,Ajinkya Rahane,Batters,0,False,1.0,6,Rajkot,Saurashtra Cricket Association Stadium,Small,False,True,13,2,2.1666666666666665,16,7.384615384615385,20,164,148,17.833333333333332,8.299065420560748,0,10,Small
2.2,2,2,14,Praveen Kumar,Bowlers,Ajinkya Rahane,Batters,0,False,1.0,6,Rajkot,Saurashtra Cricket Association Stadium,Small,False,True,14,2,2.333333333333333,16,6.857142857142857,20,164,148,17.666666666666668,8.377358490566037,0,10,Small
2.3,2,3,15,Praveen Kumar,Bowlers,Ajinkya Rahane,Batters,1,False,-0.5,6,Rajkot,Saurashtra Cricket Association Stadium,Small,False,True,15,2,2.5,17,6.8,20,164,147,17.5,8.4,0,10,Small
2.4,2,4,16,Praveen Kumar,Bowlers,Faf du Plessis,Batters,4,False,-2.0,6,Rajkot,Saurashtra Cricket Association Stadium,Small,False,True,16,2,2.6666666666666665,21,7.875,20,164,143,17.333333333333332,8.25,0,10,Small
2.5,2,5,17,Praveen Kumar,Bowlers,Faf du Plessis,Batters,1,False,-0.5,6,Rajkot,Saurashtra Cricket Association Stadium,Small,False,True,17,2,2.833333333333333,22,7.764705882352941,20,164,142,17.166666666666668,8.271844660194175,0,10,Small
2.6,2,6,18,Praveen Kumar,Bowlers,Ajinkya Rahane,Batters,1,False,-0.5,6,Rajkot,Saurashtra Cricket Association Stadium,Small,False,True,18,2,3.0,23,7.666666666666667,20,164,141,17.0,8.294117647058824,0,10,Small
3.1,3,1,19,Pravin Tambe,Bowlers,Ajinkya Rahane,Batters,0,False,1.0,6,Rajkot,Saurashtra Cricket Association Stadium,Small,False,True,19,3,3.1666666666666665,23,7.263157894736842,20,164,141,16.833333333333332,8.376237623762377,0,10,Small
3.2,3,2,20,Pravin Tambe,Bowlers,Ajinkya Rahane,Batters,0,False,1.0,6,Rajkot,Saurashtra Cricket Association Stadium,Small,False,True,20,3,3.333333333333333,23,6.9,20,164,141,16.666666666666668,8.459999999999999,0,10,Small
3.3,3,3,21,Pravin Tambe,Bowlers,Ajinkya Rahane,Batters,4,False,-2.0,6,Rajkot,Saurashtra Cricket Association Stadium,Small,False,True,21,3,3.5,27,7.714285714285714,20,164,137,16.5,8.303030303030303,0,10,Small
3.4,3,4,22,Pravin Tambe,Bowlers,Ajinkya Rahane,Batters,0,False,1.0,6,Rajkot,Saurashtra Cricket Association Stadium,Small,False,True,22,3,3.6666666666666665,27,7.363636363636364,20,164,137,16.333333333333332,8.387755102040817,0,10,Small
3.5,3,5,23,Pravin Tambe,Bowlers,Ajinkya Rahane,Batters,0,True,5.0,6,Rajkot,Saurashtra Cricket Association Stadium,Small,False,True,23,3,3.8333333333333335,27,7.0434782608695645,20,164,137,16.166666666666668,8.474226804123711,1,9,Small
3.6,3,6,24,Pravin Tambe,Bowlers,Kevin Pietersen,Batters,1,False,-0.5,6,Rajkot,Saurashtra Cricket Association Stadium,Small,False,True,24,3,4.0,28,7.0,20,164,136,16.0,8.5,1,9,Small
4.1,4,1,25,Shadab Jakati,Bowlers,Kevin Pietersen,Batters,1,False,-0.5,6,Rajkot,Saurashtra Cricket Association Stadium,Small,False,True,25,4,4.166666666666667,29,6.959999999999999,20,164,135,15.833333333333332,8.526315789473685,1,9,Small
4.2,4,2,26,Shadab Jakati,Bowlers,Faf du Plessis,Batters,6,False,-3.0,6,Rajkot,Saurashtra Cricket Association Stadium,Small,False,True,26,4,4.333333333333333,35,8.076923076923077,20,164,129,15.666666666666668,8.23404255319149,1,9,Small
4.3,4,3,27,Shadab Jakati,Bowlers,Faf du Plessis,Batters,1,False,-0.25,6,Rajkot,Saurashtra Cricket Association Stadium,Small,False,True,27,4,4.5,36,8.0,20,164,128,15.5,8.258064516129032,1,9,Small
4.4,4,4,28,Shadab Jakati,Bowlers,Kevin Pietersen,Batters,4,False,-2.0,6,Rajkot,Saurashtra Cricket Association Stadium,Small,False,True,28,4,4.666666666666667,40,8.571428571428571,20,164,124,15.333333333333332,8.08695652173913,1,9,Small
4.5,4,5,29,Shadab Jakati,Bowlers,Kevin Pietersen,Batters,1,False,-0.5,6,Rajkot,Saurashtra Cricket Association Stadium,Small,False,True,29,4,4.833333333333333,41,8.482758620689655,20,164,123,15.166666666666668,8.10989010989011,1,9,Small
4.6,4,6,30,Shadab Jakati,Bowlers,Faf du Plessis,Batters,0,False,1.0,6,Rajkot,Saurashtra Cricket Association Stadium,Small,False,True,30,4,5.0,41,8.2,20,164,123,15.0,8.2,1,9,Small
5.1,5,1,31,Dwayne Bravo,All-Rounders,Kevin Pietersen,Batters,6,False,-3.0,6,Rajkot,Saurashtra Cricket Association Stadium,Small,False,True,31,5,5.166666666666667,47,9.096774193548386,20,164,117,14.833333333333332,7.887640449438203,1,9,Small
5.2,5,2,32,Dwayne Bravo,All-Rounders,Kevin Pietersen,Batters,1,False,-0.5,6,Rajkot,Saurashtra Cricket Association Stadium,Small,False,True,32,5,5.333333333333333,48,9.0,20,164,116,14.666666666666668,7.909090909090908,1,9,Small
5.3,5,3,33,Dwayne Bravo,All-Rounders,Faf du Plessis,Batters,1,False,-0.5,6,Rajkot,Saurashtra Cricket Association Stadium,Small,False,True,33,5,5.5,49,8.909090909090908,20,164,115,14.5,7.931034482758621,1,9,Small
5.4,5,4,34,Dwayne Bravo,All-Rounders,Kevin Pietersen,Batters,1,False,-0.5,6,Rajkot,Saurashtra Cricket Association Stadium,Small,False,True,34,5,5.666666666666667,50,8.823529411764705,20,164,114,14.333333333333332,7.953488372093024,1,9,Small
5.5,5,5,35,Dwayne Bravo,All-Rounders,Faf du Plessis,Batters,6,False,-3.0,6,Rajkot,Saurashtra Cricket Association Stadium,Small,False,True,35,5,5.833333333333333,56,9.6,20,164,108,14.166666666666668,7.623529411764705,1,9,Small
5.6,5,6,36,Dwayne Bravo,All-Rounders,Faf du Plessis,Batters,1,False,-0.5,6,Rajkot,Saurashtra Cricket Association Stadium,Small,False,True,36,5,6.0,57,9.5,20,164,107,14.0,7.642857142857143,1,9,Small
6.1,6,1,37,Ravindra Jadeja,All-Rounders,Faf du Plessis,Batters,1,False,-0.5,6,Rajkot,Saurashtra Cricket Association Stadium,Small,False,True,37,6,6.166666666666667,58,9.405405405405403,20,164,106,13.833333333333332,7.662650602409639,1,9,Small
6.2,6,2,38,Ravindra Jadeja,All-Rounders,Kevin Pietersen,Batters,0,False,1.0,6,Rajkot,Saurashtra Cricket Association Stadium,Small,False,True,38,6,6.333333333333333,58,9.157894736842106,20,164,106,13.666666666666668,7.756097560975609,1,9,Small
6.3,6,3,39,Ravindra Jadeja,All-Rounders,Kevin Pietersen,Batters,1,False,-0.5,6,Rajkot,Saurashtra Cricket Association Stadium,Small,False,True,39,6,6.5,59,9.076923076923077,20,164,105,13.5,7.777777777777778,1,9,Small
6.4,6,4,40,Ravindra Jadeja,All-Rounders,Faf du Plessis,Batters,0,False,1.0,6,Rajkot,Saurashtra Cricket Association Stadium,Small,False,True,40,6,6.666666666666667,59,8.85,20,164,105,13.333333333333332,7.875000000000001,1,9,Small
6.5,6,5,41,Ravindra Jadeja,All-Rounders,Faf du Plessis,Batters,6,False,-3.0,6,Rajkot,Saurashtra Cricket Association Stadium,Small,False,True,41,6,6.833333333333333,65,9.51219512195122,20,164,99,13.166666666666668,7.518987341772151,1,9,Small
6.6,6,6,42,Ravindra Jadeja,All-Rounders,Faf du Plessis,Batters,1,False,-0.5,6,Rajkot,Saurashtra Cricket Association Stadium,Small,False,True,42,6,7.0,66,9.428571428571429,20,164,98,13.0,7.538461538461538,1,9,Small
7.1,7,1,43,Pravin Tambe,Bowlers,Faf du Plessis,Batters,1,False,-0.5,6,Rajkot,Saurashtra Cricket Association Stadium,Small,False,True,43,7,7.166666666666667,67,9.348837209302324,20,164,97,12.833333333333332,7.558441558441559,1,9,Small
7.2,7,2,44,Pravin Tambe,Bowlers,Kevin Pietersen,Batters,1,False,-0.5,6,Rajkot,Saurashtra Cricket Association Stadium,Small,False,True,44,7,7.333333333333333,68,9.272727272727272,20,164,96,12.666666666666668,7.578947368421052,1,9,Small
7.3,7,3,45,Pravin Tambe,Bowlers,Faf du Plessis,Batters,1,False,-0.5,6,Rajkot,Saurashtra Cricket Association Stadium,Small,False,True,45,7,7.5,69,9.2,20,164,95,12.5,7.6,1,9,Small
7.4,7,4,46,Pravin Tambe,Bowlers,Kevin Pietersen,Batters,2,False,-1.0,6,Rajkot,Saurashtra Cricket Association Stadium,Small,False,True,46,7,7.666666666666667,71,9.26086956521739,20,164,93,12.333333333333332,7.540540540540541,1,9,Small
7.5,7,5,47,Pravin Tambe,Bowlers,Kevin Pietersen,Batters,1,False,-0.5,6,Rajkot,Saurashtra Cricket Association Stadium,Small,False,True,47,7,7.833333333333333,72,9.191489361702128,20,164,92,12.166666666666668,7.561643835616437,1,9,Small
7.6,7,6,48,Pravin Tambe,Bowlers,Faf du Plessis,Batters,4,False,-2.0,6,Rajkot,Saurashtra Cricket Association Stadium,Small,False,True,48,7,8.0,76,9.5,20,164,88,12.0,7.333333333333333,1,9,Small
8.1,8,1,49,Ravindra Jadeja,All-Rounders,Kevin Pietersen,Batters,2,False,-1.0,6,Rajkot,Saurashtra Cricket Association Stadium,Small,False,True,49,8,8.166666666666666,78,9.551020408163266,20,164,86,11.833333333333334,7.267605633802816,1,9,Small
8.2,8,2,50,Ravindra Jadeja,All-Rounders,Kevin Pietersen,Batters,0,False,1.0,6,Rajkot,Saurashtra Cricket Association Stadium,Small,False,True,50,8,8.333333333333334,78,9.36,20,164,86,11.666666666666666,7.371428571428572,1,9,Small
8.3,8,3,51,Ravindra Jadeja,All-Rounders,Kevin Pietersen,Batters,1,False,-0.5,6,Rajkot,Saurashtra Cricket Association Stadium,Small,False,True,51,8,8.5,79,9.294117647058824,20,164,85,11.5,7.391304347826087,1,9,Small
8.4,8,4,52,Ravindra Jadeja,All-Rounders,Faf du Plessis,Batters,2,False,-1.0,6,Rajkot,Saurashtra Cricket Association Stadium,Small,False,True,52,8,8.666666666666666,81,9.346153846153848,20,164,83,11.333333333333334,7.323529411764706,1,9,Small
8.5,8,5,53,Ravindra Jadeja,All-Rounders,Faf du Plessis,Batters,1,False,-0.5,6,Rajkot,Saurashtra Cricket Association Stadium,Small,False,True,53,8,8.833333333333334,82,9.283018867924527,20,164,82,11.166666666666666,7.343283582089553,1,9,Small
8.6,8,6,54,Ravindra Jadeja,All-Rounders,Kevin Pietersen,Batters,0,False,1.0,6,Rajkot,Saurashtra Cricket Association Stadium,Small,False,True,54,8,9.0,82,9.11111111111111,20,164,82,11.0,7.454545454545454,1,9,Small
9.1,9,1,55,Pravin Tambe,Bowlers,Faf du Plessis,Batters,0,False,1.0,6,Rajkot,Saurashtra Cricket Association Stadium,Small,False,True,55,9,9.166666666666666,82,8.945454545454545,20,164,82,10.833333333333334,7.569230769230769,1,9,Small
9.2,9,2,56,Pravin Tambe,Bowlers,Faf du Plessis,Batters,1,False,-0.5,6,Rajkot,Saurashtra Cricket Association Stadium,Small,False,True,56,9,9.333333333333334,83,8.892857142857142,20,164,81,10.666666666666666,7.59375,1,9,Small
9.3,9,3,57,Pravin Tambe,Bowlers,Kevin Pietersen,Batters,1,False,-0.5,6,Rajkot,Saurashtra Cricket Association Stadium,Small,False,True,57,9,9.5,84,8.842105263157896,20,164,80,10.5,7.619047619047619,1,9,Small
9.4,9,4,58,Pravin Tambe,Bowlers,Faf du Plessis,Batters,1,False,-0.5,6,Rajkot,Saurashtra Cricket Association Stadium,Small,False,True,58,9,9.666666666666666,85,8.793103448275863,20,164,79,10.333333333333334,7.64516129032258,1,9,Small
9.5,9,5,59,Pravin Tambe,Bowlers,Kevin Pietersen,Batters,0,False,1.0,6,Rajkot,Saurashtra Cricket Association Stadium,Small,False,True,59,9,9.833333333333334,85,8.64406779661017,20,164,79,10.166666666666666,7.770491803278689,1,9,Small
9.6,9,6,60,Pravin Tambe,Bowlers,Kevin Pietersen,Batters,2,False,-1.0,6,Rajkot,Saurashtra Cricket Association Stadium,Small,False,True,60,9,10.0,87,8.7,20,164,77,10.0,7.7,1,9,Small
10.1,10,1,61,Shadab Jakati,Bowlers,Faf du Plessis,Batters,0,False,1.0,6,Rajkot,Saurashtra Cricket Association Stadium,Small,False,True,61,10,10.166666666666666,87,8.557377049180328,20,164,77,9.833333333333334,7.830508474576271,1,9,Small
10.2,10,2,62,Shadab Jakati,Bowlers,Faf du Plessis,Batters,2,False,-1.0,6,Rajkot,Saurashtra Cricket Association Stadium,Small,False,True,62,10,10.333333333333334,89,8.612903225806452,20,164,75,9.666666666666666,7.758620689655173,1,9,Small
10.3,10,3,63,Shadab Jakati,Bowlers,Faf du Plessis,Batters,1,False,-0.5,6,Rajkot,Saurashtra Cricket Association Stadium,Small,False,True,63,10,10.5,90,8.571428571428571,20,164,74,9.5,7.7894736842105265,1,9,Small
10.4,10,4,64,Shadab Jakati,Bowlers,Kevin Pietersen,Batters,1,False,-0.5,6,Rajkot,Saurashtra Cricket Association Stadium,Small,False,True,64,10,10.666666666666666,91,8.53125,20,164,73,9.333333333333334,7.821428571428571,1,9,Small
10.5,10,5,65,Shadab Jakati,Bowlers,Faf du Plessis,Batters,1,False,-0.5,6,Rajkot,Saurashtra Cricket Association Stadium,Small,False,True,65,10,10.833333333333334,92,8.492307692307692,20,164,72,9.166666666666666,7.854545454545455,1,9,Small
10.6,10,6,66,Shadab Jakati,Bowlers,Kevin Pietersen,Batters,1,False,-0.5,6,Rajkot,Saurashtra Cricket Association Stadium,Small,False,True,66,10,11.0,93,8.454545454545455,20,164,71,9.0,7.888888888888889,1,9,Small
11.1,11,1,67,James Faulkner,All-Rounders,Kevin Pietersen,Batters,4,False,-2.0,6,Rajkot,Saurashtra Cricket Association Stadium,Small,False,True,67,11,11.166666666666666,97,8.686567164179104,20,164,67,8.833333333333334,7.584905660377358,1,9,Small
11.2,11,2,68,James Faulkner,All-Rounders,Kevin Pietersen,Batters,0,False,1.0,6,Rajkot,Saurashtra Cricket Association Stadium,Small,False,True,68,11,11.333333333333334,97,8.558823529411764,20,164,67,8.666666666666666,7.730769230769232,1,9,Small
11.3,11,3,69,James Faulkner,All-Rounders,Kevin Pietersen,Batters,1,False,-0.5,6,Rajkot,Saurashtra Cricket Association Stadium,Small,False,True,69,11,11.5,98,8.521739130434783,20,164,66,8.5,7.764705882352941,1,9,Small
11.4,11,4,70,James Faulkner,All-Rounders,Faf du Plessis,Batters,1,False,-0.5,6,Rajkot,Saurashtra Cricket Association Stadium,Small,False,True,70,11,11.666666666666666,99,8.485714285714286,20,164,65,8.333333333333334,7.8,1,9,Small
11.5,11,5,71,James Faulkner,All-Rounders,Kevin Pietersen,Batters,1,False,-0.5,6,Rajkot,Saurashtra Cricket Association Stadium,Small,False,True,71,11,11.833333333333334,100,8.450704225352112,20,164,64,8.166666666666666,7.836734693877552,1,9,Small
11.6,11,6,72,James Faulkner,All-Rounders,Faf du Plessis,Batters,0,False,1.0,6,Rajkot,Saurashtra Cricket Association Stadium,Small,False,True,72,11,12.0,100,8.333333333333334,20,164,64,8.0,8.0,1,9,Small
12.1,12,1,73,Shadab Jakati,Bowlers,Kevin Pietersen,Batters,1,False,-0.5,6,Rajkot,Saurashtra Cricket Association Stadium,Small,False,True,73,12,12.166666666666666,101,8.301369863013699,20,164,63,7.833333333333334,8.042553191489361,1,9,Small
12.2,12,2,74,Shadab Jakati,Bowlers,Faf du Plessis,Batters,4,False,-2.0,6,Rajkot,Saurashtra Cricket Association Stadium,Small,False,True,74,12,12.333333333333334,105,8.513513513513512,20,164,59,7.666666666666666,7.695652173913044,1,9,Small
12.3,12,3,75,Shadab Jakati,Bowlers,Faf du Plessis,Batters,1,False,-0.5,6,Rajkot,Saurashtra Cricket Association Stadium,Small,False,True,75,12,12.5,106,8.48,20,164,58,7.5,7.733333333333333,1,9,Small
12.4,12,4,76,Shadab Jakati,Bowlers,Kevin Pietersen,Batters,0,False,1.0,6,Rajkot,Saurashtra Cricket Association Stadium,Small,False,True,76,12,12.666666666666666,106,8.368421052631579,20,164,58,7.333333333333334,7.909090909090908,1,9,Small
12.5,12,5,77,Shadab Jakati,Bowlers,Kevin Pietersen,Batters,1,False,-0.5,6,Rajkot,Saurashtra Cricket Association Stadium,Small,False,True,77,12,12.833333333333334,107,8.337662337662337,20,164,57,7.166666666666666,7.953488372093024,1,9,Small
12.6,12,6,78,Shadab Jakati,Bowlers,Faf du Plessis,Batters,4,False,-2.0,6,Rajkot,Saurashtra Cricket Association Stadium,Small,False,True,78,12,13.0,111,8.538461538461538,20,164,53,7.0,7.571428571428571,1,9,Small
13.1,13,1,79,Dwayne Bravo,All-Rounders,Kevin Pietersen,Batters,1,False,-0.5,6,Rajkot,Saurashtra Cricket Association Stadium,Small,False,True,79,13,13.166666666666666,112,8.506329113924052,20,164,52,6.833333333333334,7.609756097560975,1,9,Small
13.2,13,2,80,Dwayne Bravo,All-Rounders,Faf du Plessis,Batters,0,False,1.0,6,Rajkot,Saurashtra Cricket Association Stadium,Small,False,True,80,13,13.333333333333334,112,8.4,20,164,52,6.666666666666666,7.800000000000001,1,9,Small
13.3,13,3,81,Dwayne Bravo,All-Rounders,Faf du Plessis,Batters,0,False,1.0,6,Rajkot,Saurashtra Cricket Association Stadium,Small,False,True,81,13,13.5,112,8.296296296296296,20,164,52,6.5,8.0,1,9,Small
13.4,13,4,82,Dwayne Bravo,All-Rounders,Faf du Plessis,Batters,1,False,-0.5,6,Rajkot,Saurashtra Cricket Association Stadium,Small,False,True,82,13,13.666666666666666,113,8.26829268292683,20,164,51,6.333333333333334,8.052631578947368,1,9,Small
13.5,13,5,83,Dwayne Bravo,All-Rounders,Kevin Pietersen,Batters,0,False,1.0,6,Rajkot,Saurashtra Cricket Association Stadium,Small,False,True,83,13,13.833333333333334,113,8.168674698795181,20,164,51,6.166666666666666,8.270270270270272,1,9,Small
13.6,13,6,84,Dwayne Bravo,All-Rounders,Kevin Pietersen,Batters,0,True,5.0,6,Rajkot,Saurashtra Cricket Association Stadium,Small,False,True,84,13,14.0,113,8.071428571428571,20,164,51,6.0,8.5,2,8,Small
14.1,14,1,85,James Faulkner,All-Rounders,Faf du Plessis,Batters,0,False,1.0,6,Rajkot,Saurashtra Cricket Association Stadium,Small,False,True,85,14,14.166666666666666,113,7.976470588235294,20,164,51,5.833333333333334,8.742857142857142,2,8,Small
14.2,14,2,86,James Faulkner,All-Rounders,Faf du Plessis,Batters,1,False,-0.5,6,Rajkot,Saurashtra Cricket Association Stadium,Small,False,True,86,14,14.333333333333334,114,7.953488372093023,20,164,50,5.666666666666666,8.823529411764707,2,8,Small
14.3,14,3,87,James Faulkner,All-Rounders,Steven Smith,Batters,2,False,-1.0,6,Rajkot,Saurashtra Cricket Association Stadium,Small,False,True,87,14,14.5,116,8.0,20,164,48,5.5,8.727272727272727,2,8,Small
14.4,14,4,88,James Faulkner,All-Rounders,Steven Smith,Batters,1,False,-0.5,6,Rajkot,Saurashtra Cricket Association Stadium,Small,False,True,88,14,14.666666666666666,117,7.977272727272727,20,164,47,5.333333333333334,8.812499999999998,2,8,Small
14.5,14,5,89,James Faulkner,All-Rounders,Faf du Plessis,Batters,2,False,-1.0,6,Rajkot,Saurashtra Cricket Association Stadium,Small,False,True,89,14,14.833333333333334,119,8.02247191011236,20,164,45,5.166666666666666,8.70967741935484,2,8,Small
14.6,14,6,90,James Faulkner,All-Rounders,Faf du Plessis,Batters,2,False,-1.0,6,Rajkot,Saurashtra Cricket Association Stadium,Small,False,True,90,14,15.0,121,8.066666666666666,20,164,43,5.0,8.6,2,8,Small
15.1,15,1,91,Pravin Tambe,Bowlers,Steven Smith,Batters,1,False,-0.5,6,Rajkot,Saurashtra Cricket Association Stadium,Small,False,True,91,15,15.166666666666666,122,8.043956043956044,20,164,42,4.833333333333334,8.689655172413792,2,8,Small
15.2,15,2,92,Pravin Tambe,Bowlers,Faf du Plessis,Batters,4,False,-2.0,6,Rajkot,Saurashtra Cricket Association Stadium,Small,False,True,92,15,15.333333333333334,126,8.217391304347826,20,164,38,4.666666666666666,8.142857142857144,2,8,Small
15.3,15,3,93,Pravin Tambe,Bowlers,Faf du Plessis,Batters,6,False,-3.0,6,Rajkot,Saurashtra Cricket Association Stadium,Small,False,True,93,15,15.5,132,8.516129032258064,20,164,32,4.5,7.111111111111111,2,8,Small
15.4,15,4,94,Pravin Tambe,Bowlers,Faf du Plessis,Batters,0,True,5.0,6,Rajkot,Saurashtra Cricket Association Stadium,Small,False,True,94,15,15.666666666666666,132,8.425531914893618,20,164,32,4.333333333333334,7.384615384615383,3,7,Small
15.5,15,5,95,Pravin Tambe,Bowlers,MS Dhoni,Batters,1,False,-0.5,6,Rajkot,Saurashtra Cricket Association Stadium,Small,False,True,95,15,15.833333333333334,133,8.4,20,164,31,4.166666666666666,7.440000000000001,3,7,Small
15.6,15,6,96,Pravin Tambe,Bowlers,Steven Smith,Batters,1,False,-0.5,6,Rajkot,Saurashtra Cricket Association Stadium,Small,False,True,96,15,16.0,134,8.375,20,164,30,4.0,7.5,3,7,Small
16.1,16,1,97,Ravindra Jadeja,All-Rounders,Steven Smith,Batters,0,False,1.0,6,Rajkot,Saurashtra Cricket Association Stadium,Small,False,True,97,16,16.166666666666668,134,8.288659793814432,20,164,30,3.833333333333332,7.826086956521742,3,7,Small
16.2,16,2,98,Ravindra Jadeja,All-Rounders,Steven Smith,Batters,0,True,5.0,6,Rajkot,Saurashtra Cricket Association Stadium,Small,False,True,98,16,16.333333333333332,134,8.204081632653061,20,164,30,3.666666666666668,8.18181818181818,4,6,Small
16.3,16,3,99,Ravindra Jadeja,All-Rounders,MS Dhoni,Batters,1,False,-0.25,6,Rajkot,Saurashtra Cricket Association Stadium,Small,False,True,99,16,16.5,135,8.181818181818182,20,164,29,3.5,8.285714285714286,4,6,Small
16.4,16,4,100,Ravindra Jadeja,All-Rounders,Mitchell Marsh,All-Rounders,0,False,1.0,6,Rajkot,Saurashtra Cricket Association Stadium,Small,False,True,100,16,16.666666666666668,135,8.1,20,164,29,3.333333333333332,8.700000000000003,4,6,Small
16.5,16,5,101,Ravindra Jadeja,All-Rounders,Mitchell Marsh,All-Rounders,1,False,-0.5,6,Rajkot,Saurashtra Cricket Association Stadium,Small,False,True,101,16,16.833333333333332,136,8.07920792079208,20,164,28,3.166666666666668,8.842105263157892,4,6,Small
16.6,16,6,102,Ravindra Jadeja,All-Rounders,MS Dhoni,Batters,0,False,1.0,6,Rajkot,Saurashtra Cricket Association Stadium,Small,False,True,102,16,17.0,136,8.0,20,164,28,3.0,9.333333333333334,4,6,Small
17.1,17,1,103,Dwayne Bravo,All-Rounders,Mitchell Marsh,All-Rounders,0,False,1.0,6,Rajkot,Saurashtra Cricket Association Stadium,Small,False,True,103,17,17.166666666666668,136,7.922330097087378,20,164,28,2.833333333333332,9.882352941176476,4,6,Small
17.2,17,2,104,Dwayne Bravo,All-Rounders,Mitchell Marsh,All-Rounders,0,False,1.0,6,Rajkot,Saurashtra Cricket Association Stadium,Small,False,True,104,17,17.333333333333332,136,7.846153846153847,20,164,28,2.666666666666668,10.499999999999996,4,6,Small
17.3,17,3,105,Dwayne Bravo,All-Rounders,Mitchell Marsh,All-Rounders,1,False,-0.5,6,Rajkot,Saurashtra Cricket Association Stadium,Small,False,True,105,17,17.5,137,7.828571428571428,20,164,27,2.5,10.8,4,6,Small
17.4,17,4,106,Dwayne Bravo,All-Rounders,MS Dhoni,Batters,1,False,-0.5,6,Rajkot,Saurashtra Cricket Association Stadium,Small,False,True,106,17,17.666666666666668,138,7.811320754716981,20,164,26,2.333333333333332,11.142857142857148,4,6,Small
17.5,17,5,107,Dwayne Bravo,All-Rounders,Mitchell Marsh,All-Rounders,2,False,-1.0,6,Rajkot,Saurashtra Cricket Association Stadium,Small,False,True,107,17,17.833333333333332,140,7.850467289719627,20,164,24,2.166666666666668,11.076923076923071,4,6,Small
17.6,17,6,108,Dwayne Bravo,All-Rounders,Mitchell Marsh,All-Rounders,1,False,-0.5,6,Rajkot,Saurashtra Cricket Association Stadium,Small,False,True,108,17,18.0,141,7.833333333333333,20,164,23,2.0,11.5,4,6,Small
18.1,18,1,109,Ravindra Jadeja,All-Rounders,Mitchell Marsh,All-Rounders,0,False,1.0,6,Rajkot,Saurashtra Cricket Association Stadium,Small,False,True,109,18,18.166666666666668,141,7.761467889908256,20,164,23,1.833333333333332,12.545454545454554,4,6,Small
18.2,18,2,110,Ravindra Jadeja,All-Rounders,Mitchell Marsh,All-Rounders,2,False,-1.0,6,Rajkot,Saurashtra Cricket Association Stadium,Small,False,True,110,18,18.33333333333333,143,7.800000000000001,20,164,21,1.666666666666668,12.59999999999999,4,6,Small
18.3,18,3,111,Ravindra Jadeja,All-Rounders,Mitchell Marsh,All-Rounders,0,False,1.0,6,Rajkot,Saurashtra Cricket Association Stadium,Small,False,True,111,18,18.5,143,7.72972972972973,20,164,21,1.5,14.0,4,6,Small
18.4,18,4,112,Ravindra Jadeja,All-Rounders,Mitchell Marsh,All-Rounders,0,True,5.0,6,Rajkot,Saurashtra Cricket Association Stadium,Small,False,True,112,18,18.666666666666668,143,7.660714285714286,20,164,21,1.333333333333332,15.750000000000014,5,5,Small
18.5,18,5,113,Ravindra Jadeja,All-Rounders,Rajat Bhatia,All-Rounders,0,False,1.0,6,Rajkot,Saurashtra Cricket Association Stadium,Small,False,True,113,18,18.83333333333333,143,7.592920353982302,20,164,21,1.166666666666668,17.999999999999982,5,5,Small
18.6,18,6,114,Ravindra Jadeja,All-Rounders,Rajat Bhatia,All-Rounders,0,False,1.0,6,Rajkot,Saurashtra Cricket Association Stadium,Small,False,True,114,18,19.0,143,7.526315789473684,20,164,21,1.0,21.0,5,5,Small
19.1,19,1,115,Dwayne Bravo,All-Rounders,MS Dhoni,Batters,4,False,-2.0,6,Rajkot,Saurashtra Cricket Association Stadium,Small,False,True,115,19,19.166666666666668,147,7.669565217391304,20,164,17,0.8333333333333321,20.40000000000003,5,5,Small
19.2,19,2,116,Dwayne Bravo,All-Rounders,MS Dhoni,Batters,2,False,-1.0,6,Rajkot,Saurashtra Cricket Association Stadium,Small,False,True,116,19,19.33333333333333,149,7.706896551724139,20,164,15,0.6666666666666679,22.49999999999996,5,5,Small
19.3,19,3,117,Dwayne Bravo,All-Rounders,MS Dhoni,Batters,2,False,-1.0,6,Rajkot,Saurashtra Cricket Association Stadium,Small,False,True,117,19,19.5,151,7.743589743589744,20,164,13,0.5,26.0,5,5,Small
19.4,19,4,118,Dwayne Bravo,All-Rounders,MS Dhoni,Batters,6,False,-3.0,6,Rajkot,Saurashtra Cricket Association Stadium,Small,False,True,118,19,19.666666666666668,157,7.983050847457626,20,164,7,0.3333333333333321,21.000000000000075,5,5,Small
19.5,19,5,119,Dwayne Bravo,All-Rounders,MS Dhoni,Batters,2,False,-1.0,6,Rajkot,Saurashtra Cricket Association Stadium,Small,False,True,119,19,19.83333333333333,159,8.016806722689076,20,164,5,0.1666666666666678,29.999999999999787,5,5,Small
19.6,19,6,120,Dwayne Bravo,All-Rounders,MS Dhoni,Batters,4,False,-2.0,6,Rajkot,Saurashtra Cricket Association Stadium,Small,False,True,120,19,20.0,163,8.15,20,164,1,0.0,inf,5,5,Small
