Ball Number,over,ball,Ball,bowler,bowler_role,batsman,batsman_role,Runs,is_wicket,bowler_score,match_id,city,stadium,Stadium_Type,is_extra,legal_delivery,legal_deliveries_count,overs_completed,overs_bowled,total_runs,current_run_rate,total_overs,target,runs_needed,overs_remaining,required_run_rate,wickets_fallen,wickets_in_hand,Ground_Type
0.1,0,1,1,Morne Morkel,Bowlers,David Warner,Batters,2,False,-1.0,8,Uppal,Rajiv Gandhi International Stadium,Medium,False,True,1,0,0.1666666666666666,2,12.0,20,143,141,19.83333333333333,7.109243697478992,0,10,Medium
0.2,0,2,2,Morne Morkel,Bowlers,David Warner,Batters,1,False,-1.0,8,Uppal,Rajiv Gandhi International Stadium,Medium,True,False,1,0,0.1666666666666666,3,18.0,20,143,140,19.83333333333333,7.058823529411765,0,10,Medium
0.2,0,2,3,Morne Morkel,Bowlers,David Warner,Batters,0,False,1.0,8,Uppal,Rajiv Gandhi International Stadium,Medium,False,True,2,0,0.3333333333333333,3,9.0,20,143,140,19.666666666666668,7.11864406779661,0,10,Medium
0.3,0,3,4,Morne Morkel,Bowlers,David Warner,Batters,0,False,1.0,8,Uppal,Rajiv Gandhi International Stadium,Medium,False,True,3,0,0.5,3,6.0,20,143,140,19.5,7.17948717948718,0,10,Medium
0.4,0,4,5,Morne Morkel,Bowlers,David Warner,Batters,0,False,1.0,8,Uppal,Rajiv Gandhi International Stadium,Medium,False,True,4,0,0.6666666666666666,3,4.5,20,143,140,19.33333333333333,7.241379310344828,0,10,Medium
0.5,0,5,6,Morne Morkel,Bowlers,David Warner,Batters,1,False,-1.0,8,Uppal,Rajiv Gandhi International Stadium,Medium,True,False,4,0,0.6666666666666666,4,6.0,20,143,139,19.33333333333333,7.189655172413794,0,10,Medium
0.5,0,5,7,Morne Morkel,Bowlers,David Warner,Batters,1,False,-1.0,8,Uppal,Rajiv Gandhi International Stadium,Medium,True,False,4,0,0.6666666666666666,5,7.5,20,143,138,19.33333333333333,7.137931034482759,0,10,Medium
0.5,0,5,8,Morne Morkel,Bowlers,David Warner,Batters,4,False,-2.0,8,Uppal,Rajiv Gandhi International Stadium,Medium,False,True,5,0,0.8333333333333334,9,10.8,20,143,134,19.166666666666668,6.991304347826087,0,10,Medium
0.6,0,6,9,Morne Morkel,Bowlers,David Warner,Batters,0,False,1.0,8,Uppal,Rajiv Gandhi International Stadium,Medium,False,True,6,0,1.0,9,9.0,20,143,134,19.0,7.052631578947368,0,10,Medium
1.1,1,1,10,Umesh Yadav,Bowlers,Shikhar Dhawan,Batters,0,False,1.0,8,Uppal,Rajiv Gandhi International Stadium,Medium,False,True,7,1,1.1666666666666667,9,7.7142857142857135,20,143,134,18.83333333333333,7.115044247787611,0,10,Medium
1.2,1,2,11,Umesh Yadav,Bowlers,Shikhar Dhawan,Batters,1,False,-0.5,8,Uppal,Rajiv Gandhi International Stadium,Medium,False,True,8,1,1.3333333333333333,10,7.5,20,143,133,18.666666666666668,7.124999999999999,0,10,Medium
1.3,1,3,12,Umesh Yadav,Bowlers,David Warner,Batters,0,False,1.0,8,Uppal,Rajiv Gandhi International Stadium,Medium,False,True,9,1,1.5,10,6.666666666666667,20,143,133,18.5,7.1891891891891895,0,10,Medium
1.4,1,4,13,Umesh Yadav,Bowlers,David Warner,Batters,2,False,-1.0,8,Uppal,Rajiv Gandhi International Stadium,Medium,False,True,10,1,1.6666666666666663,12,7.200000000000001,20,143,131,18.33333333333333,7.1454545454545455,0,10,Medium
1.5,1,5,14,Umesh Yadav,Bowlers,David Warner,Batters,1,False,-0.5,8,Uppal,Rajiv Gandhi International Stadium,Medium,False,True,11,1,1.8333333333333333,13,7.09090909090909,20,143,130,18.166666666666668,7.155963302752293,0,10,Medium
1.6,1,6,15,Umesh Yadav,Bowlers,Shikhar Dhawan,Batters,1,False,-0.5,8,Uppal,Rajiv Gandhi International Stadium,Medium,False,True,12,1,2.0,14,7.0,20,143,129,18.0,7.166666666666667,0,10,Medium
2.1,2,1,16,Morne Morkel,Bowlers,Shikhar Dhawan,Batters,4,False,-2.0,8,Uppal,Rajiv Gandhi International Stadium,Medium,False,True,13,2,2.1666666666666665,18,8.307692307692308,20,143,125,17.833333333333332,7.009345794392524,0,10,Medium
2.2,2,2,17,Morne Morkel,Bowlers,Shikhar Dhawan,Batters,0,False,1.0,8,Uppal,Rajiv Gandhi International Stadium,Medium,False,True,14,2,2.333333333333333,18,7.7142857142857135,20,143,125,17.666666666666668,7.075471698113207,0,10,Medium
2.3,2,3,18,Morne Morkel,Bowlers,Shikhar Dhawan,Batters,0,False,1.0,8,Uppal,Rajiv Gandhi International Stadium,Medium,False,True,15,2,2.5,18,7.2,20,143,125,17.5,7.142857142857143,0,10,Medium
2.4,2,4,19,Morne Morkel,Bowlers,Shikhar Dhawan,Batters,0,True,5.0,8,Uppal,Rajiv Gandhi International Stadium,Medium,False,True,16,2,2.6666666666666665,18,6.75,20,143,125,17.333333333333332,7.211538461538462,1,9,Medium
2.5,2,5,20,Morne Morkel,Bowlers,Moises Henriques,All-Rounders,1,False,-1.0,8,Uppal,Rajiv Gandhi International Stadium,Medium,True,False,16,2,2.6666666666666665,19,7.125,20,143,124,17.333333333333332,7.153846153846154,1,9,Medium
2.5,2,5,21,Morne Morkel,Bowlers,Moises Henriques,All-Rounders,0,False,1.0,8,Uppal,Rajiv Gandhi International Stadium,Medium,False,True,17,2,2.833333333333333,19,6.705882352941176,20,143,124,17.166666666666668,7.223300970873786,1,9,Medium
2.6,2,6,22,Morne Morkel,Bowlers,Moises Henriques,All-Rounders,0,False,1.0,8,Uppal,Rajiv Gandhi International Stadium,Medium,False,True,18,2,3.0,19,6.333333333333333,20,143,124,17.0,7.294117647058823,1,9,Medium
3.1,3,1,23,Umesh Yadav,Bowlers,David Warner,Batters,4,False,-2.0,8,Uppal,Rajiv Gandhi International Stadium,Medium,False,True,19,3,3.1666666666666665,23,7.263157894736842,20,143,120,16.833333333333332,7.128712871287129,1,9,Medium
3.2,3,2,24,Umesh Yadav,Bowlers,David Warner,Batters,0,True,5.0,8,Uppal,Rajiv Gandhi International Stadium,Medium,False,True,20,3,3.333333333333333,23,6.9,20,143,120,16.666666666666668,7.199999999999999,2,8,Medium
3.3,3,3,25,Umesh Yadav,Bowlers,Eoin Morgan,Batters,0,False,1.0,8,Uppal,Rajiv Gandhi International Stadium,Medium,False,True,21,3,3.5,23,6.571428571428571,20,143,120,16.5,7.272727272727272,2,8,Medium
3.4,3,4,26,Umesh Yadav,Bowlers,Eoin Morgan,Batters,2,False,-1.0,8,Uppal,Rajiv Gandhi International Stadium,Medium,False,True,22,3,3.6666666666666665,25,6.818181818181818,20,143,118,16.333333333333332,7.224489795918368,2,8,Medium
3.5,3,5,27,Umesh Yadav,Bowlers,Eoin Morgan,Batters,0,False,1.0,8,Uppal,Rajiv Gandhi International Stadium,Medium,False,True,23,3,3.8333333333333335,25,6.521739130434782,20,143,118,16.166666666666668,7.298969072164948,2,8,Medium
3.6,3,6,28,Umesh Yadav,Bowlers,Eoin Morgan,Batters,1,False,-0.5,8,Uppal,Rajiv Gandhi International Stadium,Medium,False,True,24,3,4.0,26,6.5,20,143,117,16.0,7.3125,2,8,Medium
4.1,4,1,29,Shakib Al Hasan,All-Rounders,Eoin Morgan,Batters,1,False,-0.5,8,Uppal,Rajiv Gandhi International Stadium,Medium,False,True,25,4,4.166666666666667,27,6.48,20,143,116,15.833333333333332,7.326315789473685,2,8,Medium
4.2,4,2,30,Shakib Al Hasan,All-Rounders,Moises Henriques,All-Rounders,0,False,1.0,8,Uppal,Rajiv Gandhi International Stadium,Medium,False,True,26,4,4.333333333333333,27,6.230769230769231,20,143,116,15.666666666666668,7.404255319148936,2,8,Medium
4.3,4,3,31,Shakib Al Hasan,All-Rounders,Moises Henriques,All-Rounders,0,False,1.0,8,Uppal,Rajiv Gandhi International Stadium,Medium,False,True,27,4,4.5,27,6.0,20,143,116,15.5,7.483870967741935,2,8,Medium
4.4,4,4,32,Shakib Al Hasan,All-Rounders,Moises Henriques,All-Rounders,1,False,-0.5,8,Uppal,Rajiv Gandhi International Stadium,Medium,False,True,28,4,4.666666666666667,28,6.0,20,143,115,15.333333333333332,7.500000000000001,2,8,Medium
4.5,4,5,33,Shakib Al Hasan,All-Rounders,Eoin Morgan,Batters,2,False,-1.0,8,Uppal,Rajiv Gandhi International Stadium,Medium,False,True,29,4,4.833333333333333,30,6.206896551724138,20,143,113,15.166666666666668,7.45054945054945,2,8,Medium
4.6,4,6,34,Shakib Al Hasan,All-Rounders,Eoin Morgan,Batters,0,False,1.0,8,Uppal,Rajiv Gandhi International Stadium,Medium,False,True,30,4,5.0,30,6.0,20,143,113,15.0,7.533333333333333,2,8,Medium
5.1,5,1,35,Umesh Yadav,Bowlers,Moises Henriques,All-Rounders,4,False,-2.0,8,Uppal,Rajiv Gandhi International Stadium,Medium,False,True,31,5,5.166666666666667,34,6.580645161290322,20,143,109,14.833333333333332,7.348314606741574,2,8,Medium
5.2,5,2,36,Umesh Yadav,Bowlers,Moises Henriques,All-Rounders,0,False,1.0,8,Uppal,Rajiv Gandhi International Stadium,Medium,False,True,32,5,5.333333333333333,34,6.375,20,143,109,14.666666666666668,7.431818181818182,2,8,Medium
5.3,5,3,37,Umesh Yadav,Bowlers,Moises Henriques,All-Rounders,1,False,-0.5,8,Uppal,Rajiv Gandhi International Stadium,Medium,False,True,33,5,5.5,35,6.363636363636363,20,143,108,14.5,7.448275862068965,2,8,Medium
5.4,5,4,38,Umesh Yadav,Bowlers,Eoin Morgan,Batters,0,False,1.0,8,Uppal,Rajiv Gandhi International Stadium,Medium,False,True,34,5,5.666666666666667,35,6.1764705882352935,20,143,108,14.333333333333332,7.5348837209302335,2,8,Medium
5.5,5,5,39,Umesh Yadav,Bowlers,Eoin Morgan,Batters,1,False,-0.5,8,Uppal,Rajiv Gandhi International Stadium,Medium,False,True,35,5,5.833333333333333,36,6.171428571428572,20,143,107,14.166666666666668,7.552941176470588,2,8,Medium
5.6,5,6,40,Umesh Yadav,Bowlers,Moises Henriques,All-Rounders,0,True,5.0,8,Uppal,Rajiv Gandhi International Stadium,Medium,False,True,36,5,6.0,36,6.0,20,143,107,14.0,7.642857142857143,3,7,Medium
6.1,6,1,41,Shakib Al Hasan,All-Rounders,Eoin Morgan,Batters,0,False,1.0,8,Uppal,Rajiv Gandhi International Stadium,Medium,False,True,37,6,6.166666666666667,36,5.837837837837838,20,143,107,13.833333333333332,7.734939759036145,3,7,Medium
6.2,6,2,42,Shakib Al Hasan,All-Rounders,Eoin Morgan,Batters,1,False,-0.5,8,Uppal,Rajiv Gandhi International Stadium,Medium,False,True,38,6,6.333333333333333,37,5.842105263157895,20,143,106,13.666666666666668,7.756097560975609,3,7,Medium
6.3,6,3,43,Shakib Al Hasan,All-Rounders,Deepak Hooda,All-Rounders,1,False,-0.5,8,Uppal,Rajiv Gandhi International Stadium,Medium,False,True,39,6,6.5,38,5.846153846153846,20,143,105,13.5,7.777777777777778,3,7,Medium
6.4,6,4,44,Shakib Al Hasan,All-Rounders,Eoin Morgan,Batters,1,False,-0.5,8,Uppal,Rajiv Gandhi International Stadium,Medium,False,True,40,6,6.666666666666667,39,5.85,20,143,104,13.333333333333332,7.800000000000001,3,7,Medium
6.5,6,5,45,Shakib Al Hasan,All-Rounders,Deepak Hooda,All-Rounders,1,False,-0.5,8,Uppal,Rajiv Gandhi International Stadium,Medium,False,True,41,6,6.833333333333333,40,5.853658536585366,20,143,103,13.166666666666668,7.822784810126581,3,7,Medium
6.6,6,6,46,Shakib Al Hasan,All-Rounders,Eoin Morgan,Batters,1,False,-0.5,8,Uppal,Rajiv Gandhi International Stadium,Medium,False,True,42,6,7.0,41,5.857142857142857,20,143,102,13.0,7.846153846153846,3,7,Medium
7.1,7,1,47,Andre Russell,All-Rounders,Eoin Morgan,Batters,1,False,-0.5,8,Uppal,Rajiv Gandhi International Stadium,Medium,False,True,43,7,7.166666666666667,42,5.8604651162790695,20,143,101,12.833333333333332,7.870129870129871,3,7,Medium
7.2,7,2,48,Andre Russell,All-Rounders,Deepak Hooda,All-Rounders,0,False,1.0,8,Uppal,Rajiv Gandhi International Stadium,Medium,False,True,44,7,7.333333333333333,42,5.727272727272728,20,143,101,12.666666666666668,7.973684210526315,3,7,Medium
7.3,7,3,49,Andre Russell,All-Rounders,Deepak Hooda,All-Rounders,0,False,1.0,8,Uppal,Rajiv Gandhi International Stadium,Medium,False,True,45,7,7.5,42,5.6,20,143,101,12.5,8.08,3,7,Medium
7.4,7,4,50,Andre Russell,All-Rounders,Deepak Hooda,All-Rounders,0,False,1.0,8,Uppal,Rajiv Gandhi International Stadium,Medium,False,True,46,7,7.666666666666667,42,5.478260869565217,20,143,101,12.333333333333332,8.18918918918919,3,7,Medium
7.5,7,5,51,Andre Russell,All-Rounders,Deepak Hooda,All-Rounders,1,False,-0.5,8,Uppal,Rajiv Gandhi International Stadium,Medium,False,True,47,7,7.833333333333333,43,5.48936170212766,20,143,100,12.166666666666668,8.21917808219178,3,7,Medium
7.6,7,6,52,Andre Russell,All-Rounders,Eoin Morgan,Batters,0,False,1.0,8,Uppal,Rajiv Gandhi International Stadium,Medium,False,True,48,7,8.0,43,5.375,20,143,100,12.0,8.333333333333334,3,7,Medium
8.1,8,1,53,Sunil Narine,All-Rounders,Deepak Hooda,All-Rounders,1,False,-0.5,8,Uppal,Rajiv Gandhi International Stadium,Medium,False,True,49,8,8.166666666666666,44,5.387755102040817,20,143,99,11.833333333333334,8.366197183098592,3,7,Medium
8.2,8,2,54,Sunil Narine,All-Rounders,Eoin Morgan,Batters,0,False,1.0,8,Uppal,Rajiv Gandhi International Stadium,Medium,False,True,50,8,8.333333333333334,44,5.279999999999999,20,143,99,11.666666666666666,8.485714285714286,3,7,Medium
8.3,8,3,55,Sunil Narine,All-Rounders,Eoin Morgan,Batters,1,False,-0.5,8,Uppal,Rajiv Gandhi International Stadium,Medium,False,True,51,8,8.5,45,5.294117647058823,20,143,98,11.5,8.521739130434783,3,7,Medium
8.4,8,4,56,Sunil Narine,All-Rounders,Deepak Hooda,All-Rounders,1,False,-0.5,8,Uppal,Rajiv Gandhi International Stadium,Medium,False,True,52,8,8.666666666666666,46,5.307692307692308,20,143,97,11.333333333333334,8.558823529411764,3,7,Medium
8.5,8,5,57,Sunil Narine,All-Rounders,Eoin Morgan,Batters,0,False,1.0,8,Uppal,Rajiv Gandhi International Stadium,Medium,False,True,53,8,8.833333333333334,46,5.2075471698113205,20,143,97,11.166666666666666,8.686567164179104,3,7,Medium
8.6,8,6,58,Sunil Narine,All-Rounders,Eoin Morgan,Batters,2,False,-1.0,8,Uppal,Rajiv Gandhi International Stadium,Medium,False,True,54,8,9.0,48,5.333333333333333,20,143,95,11.0,8.636363636363637,3,7,Medium
9.1,9,1,59,Andre Russell,All-Rounders,Deepak Hooda,All-Rounders,1,False,-0.5,8,Uppal,Rajiv Gandhi International Stadium,Medium,False,True,55,9,9.166666666666666,49,5.345454545454546,20,143,94,10.833333333333334,8.676923076923076,3,7,Medium
9.2,9,2,60,Andre Russell,All-Rounders,Eoin Morgan,Batters,1,False,-0.25,8,Uppal,Rajiv Gandhi International Stadium,Medium,False,True,56,9,9.333333333333334,50,5.357142857142857,20,143,93,10.666666666666666,8.71875,3,7,Medium
9.3,9,3,61,Andre Russell,All-Rounders,Deepak Hooda,All-Rounders,0,False,1.0,8,Uppal,Rajiv Gandhi International Stadium,Medium,False,True,57,9,9.5,50,5.2631578947368425,20,143,93,10.5,8.857142857142858,3,7,Medium
9.4,9,4,62,Andre Russell,All-Rounders,Deepak Hooda,All-Rounders,0,True,5.0,8,Uppal,Rajiv Gandhi International Stadium,Medium,False,True,58,9,9.666666666666666,50,5.172413793103448,20,143,93,10.333333333333334,9.0,4,6,Medium
9.5,9,5,63,Andre Russell,All-Rounders,Eoin Morgan,Batters,2,False,-1.0,8,Uppal,Rajiv Gandhi International Stadium,Medium,False,True,59,9,9.833333333333334,52,5.288135593220339,20,143,91,10.166666666666666,8.950819672131148,4,6,Medium
9.6,9,6,64,Andre Russell,All-Rounders,Eoin Morgan,Batters,0,False,1.0,8,Uppal,Rajiv Gandhi International Stadium,Medium,False,True,60,9,10.0,52,5.2,20,143,91,10.0,9.1,4,6,Medium
10.1,10,1,65,Sunil Narine,All-Rounders,Naman Ojha,Batters,1,False,-0.5,8,Uppal,Rajiv Gandhi International Stadium,Medium,False,True,61,10,10.166666666666666,53,5.213114754098361,20,143,90,9.833333333333334,9.152542372881356,4,6,Medium
10.2,10,2,66,Sunil Narine,All-Rounders,Eoin Morgan,Batters,1,False,-0.5,8,Uppal,Rajiv Gandhi International Stadium,Medium,False,True,62,10,10.333333333333334,54,5.225806451612903,20,143,89,9.666666666666666,9.20689655172414,4,6,Medium
10.3,10,3,67,Sunil Narine,All-Rounders,Naman Ojha,Batters,0,False,1.0,8,Uppal,Rajiv Gandhi International Stadium,Medium,False,True,63,10,10.5,54,5.142857142857143,20,143,89,9.5,9.36842105263158,4,6,Medium
10.4,10,4,68,Sunil Narine,All-Rounders,Naman Ojha,Batters,0,False,1.0,8,Uppal,Rajiv Gandhi International Stadium,Medium,False,True,64,10,10.666666666666666,54,5.0625,20,143,89,9.333333333333334,9.535714285714285,4,6,Medium
10.5,10,5,69,Sunil Narine,All-Rounders,Naman Ojha,Batters,1,False,-0.5,8,Uppal,Rajiv Gandhi International Stadium,Medium,False,True,65,10,10.833333333333334,55,5.076923076923077,20,143,88,9.166666666666666,9.6,4,6,Medium
10.6,10,6,70,Sunil Narine,All-Rounders,Eoin Morgan,Batters,0,False,1.0,8,Uppal,Rajiv Gandhi International Stadium,Medium,False,True,66,10,11.0,55,5.0,20,143,88,9.0,9.77777777777778,4,6,Medium
11.1,11,1,71,Andre Russell,All-Rounders,Naman Ojha,Batters,2,False,-1.0,8,Uppal,Rajiv Gandhi International Stadium,Medium,False,True,67,11,11.166666666666666,57,5.104477611940299,20,143,86,8.833333333333334,9.735849056603772,4,6,Medium
11.2,11,2,72,Andre Russell,All-Rounders,Naman Ojha,Batters,2,False,-1.0,8,Uppal,Rajiv Gandhi International Stadium,Medium,False,True,68,11,11.333333333333334,59,5.205882352941177,20,143,84,8.666666666666666,9.692307692307692,4,6,Medium
11.3,11,3,73,Andre Russell,All-Rounders,Naman Ojha,Batters,0,False,1.0,8,Uppal,Rajiv Gandhi International Stadium,Medium,False,True,69,11,11.5,59,5.130434782608695,20,143,84,8.5,9.882352941176473,4,6,Medium
11.4,11,4,74,Andre Russell,All-Rounders,Naman Ojha,Batters,4,False,-2.0,8,Uppal,Rajiv Gandhi International Stadium,Medium,False,True,70,11,11.666666666666666,63,5.4,20,143,80,8.333333333333334,9.6,4,6,Medium
11.5,11,5,75,Andre Russell,All-Rounders,Naman Ojha,Batters,0,False,1.0,8,Uppal,Rajiv Gandhi International Stadium,Medium,False,True,71,11,11.833333333333334,63,5.323943661971831,20,143,80,8.166666666666666,9.79591836734694,4,6,Medium
11.6,11,6,76,Andre Russell,All-Rounders,Naman Ojha,Batters,0,False,1.0,8,Uppal,Rajiv Gandhi International Stadium,Medium,False,True,72,11,12.0,63,5.25,20,143,80,8.0,10.0,4,6,Medium
12.1,12,1,77,Sunil Narine,All-Rounders,Eoin Morgan,Batters,1,False,-0.5,8,Uppal,Rajiv Gandhi International Stadium,Medium,False,True,73,12,12.166666666666666,64,5.26027397260274,20,143,79,7.833333333333334,10.085106382978722,4,6,Medium
12.2,12,2,78,Sunil Narine,All-Rounders,Naman Ojha,Batters,0,False,1.0,8,Uppal,Rajiv Gandhi International Stadium,Medium,False,True,74,12,12.333333333333334,64,5.189189189189189,20,143,79,7.666666666666666,10.304347826086955,4,6,Medium
12.3,12,3,79,Sunil Narine,All-Rounders,Naman Ojha,Batters,1,False,-0.5,8,Uppal,Rajiv Gandhi International Stadium,Medium,False,True,75,12,12.5,65,5.2,20,143,78,7.5,10.4,4,6,Medium
12.4,12,4,80,Sunil Narine,All-Rounders,Eoin Morgan,Batters,4,False,-2.0,8,Uppal,Rajiv Gandhi International Stadium,Medium,False,True,76,12,12.666666666666666,69,5.447368421052632,20,143,74,7.333333333333334,10.09090909090909,4,6,Medium
12.5,12,5,81,Sunil Narine,All-Rounders,Eoin Morgan,Batters,4,False,-2.0,8,Uppal,Rajiv Gandhi International Stadium,Medium,False,True,77,12,12.833333333333334,73,5.688311688311688,20,143,70,7.166666666666666,9.767441860465118,4,6,Medium
12.6,12,6,82,Sunil Narine,All-Rounders,Eoin Morgan,Batters,0,False,1.0,8,Uppal,Rajiv Gandhi International Stadium,Medium,False,True,78,12,13.0,73,5.615384615384615,20,143,70,7.0,10.0,4,6,Medium
13.1,13,1,83,Piyush Chawla,All-Rounders,Naman Ojha,Batters,4,False,-2.0,8,Uppal,Rajiv Gandhi International Stadium,Medium,False,True,79,13,13.166666666666666,77,5.848101265822785,20,143,66,6.833333333333334,9.658536585365852,4,6,Medium
13.2,13,2,84,Piyush Chawla,All-Rounders,Naman Ojha,Batters,0,False,1.0,8,Uppal,Rajiv Gandhi International Stadium,Medium,False,True,80,13,13.333333333333334,77,5.775,20,143,66,6.666666666666666,9.9,4,6,Medium
13.3,13,3,85,Piyush Chawla,All-Rounders,Naman Ojha,Batters,3,False,-1.5,8,Uppal,Rajiv Gandhi International Stadium,Medium,False,True,81,13,13.5,80,5.925925925925926,20,143,63,6.5,9.692307692307692,4,6,Medium
13.4,13,4,86,Piyush Chawla,All-Rounders,Eoin Morgan,Batters,2,False,-1.0,8,Uppal,Rajiv Gandhi International Stadium,Medium,False,True,82,13,13.666666666666666,82,6.0,20,143,61,6.333333333333334,9.63157894736842,4,6,Medium
13.5,13,5,87,Piyush Chawla,All-Rounders,Eoin Morgan,Batters,0,False,1.0,8,Uppal,Rajiv Gandhi International Stadium,Medium,False,True,83,13,13.833333333333334,82,5.927710843373494,20,143,61,6.166666666666666,9.891891891891891,4,6,Medium
13.6,13,6,88,Piyush Chawla,All-Rounders,Eoin Morgan,Batters,4,False,-2.0,8,Uppal,Rajiv Gandhi International Stadium,Medium,False,True,84,13,14.0,86,6.142857142857143,20,143,57,6.0,9.5,4,6,Medium
14.1,14,1,89,Sunil Narine,All-Rounders,Naman Ojha,Batters,0,False,1.0,8,Uppal,Rajiv Gandhi International Stadium,Medium,False,True,85,14,14.166666666666666,86,6.070588235294118,20,143,57,5.833333333333334,9.77142857142857,4,6,Medium
14.2,14,2,90,Sunil Narine,All-Rounders,Naman Ojha,Batters,1,False,-0.5,8,Uppal,Rajiv Gandhi International Stadium,Medium,False,True,86,14,14.333333333333334,87,6.069767441860465,20,143,56,5.666666666666666,9.882352941176473,4,6,Medium
14.3,14,3,91,Sunil Narine,All-Rounders,Eoin Morgan,Batters,1,False,-0.5,8,Uppal,Rajiv Gandhi International Stadium,Medium,False,True,87,14,14.5,88,6.068965517241379,20,143,55,5.5,10.0,4,6,Medium
14.4,14,4,92,Sunil Narine,All-Rounders,Naman Ojha,Batters,6,False,-3.0,8,Uppal,Rajiv Gandhi International Stadium,Medium,False,True,88,14,14.666666666666666,94,6.409090909090909,20,143,49,5.333333333333334,9.187499999999998,4,6,Medium
14.5,14,5,93,Sunil Narine,All-Rounders,Naman Ojha,Batters,0,False,1.0,8,Uppal,Rajiv Gandhi International Stadium,Medium,False,True,89,14,14.833333333333334,94,6.337078651685393,20,143,49,5.166666666666666,9.483870967741936,4,6,Medium
14.6,14,6,94,Sunil Narine,All-Rounders,Naman Ojha,Batters,0,False,1.0,8,Uppal,Rajiv Gandhi International Stadium,Medium,False,True,90,14,15.0,94,6.266666666666667,20,143,49,5.0,9.8,4,6,Medium
15.1,15,1,95,Morne Morkel,Bowlers,Eoin Morgan,Batters,1,False,-0.5,8,Uppal,Rajiv Gandhi International Stadium,Medium,False,True,91,15,15.166666666666666,95,6.263736263736264,20,143,48,4.833333333333334,9.93103448275862,4,6,Medium
15.2,15,2,96,Morne Morkel,Bowlers,Naman Ojha,Batters,1,False,-0.5,8,Uppal,Rajiv Gandhi International Stadium,Medium,False,True,92,15,15.333333333333334,96,6.260869565217391,20,143,47,4.666666666666666,10.071428571428571,4,6,Medium
15.3,15,3,97,Morne Morkel,Bowlers,Eoin Morgan,Batters,1,False,-0.5,8,Uppal,Rajiv Gandhi International Stadium,Medium,False,True,93,15,15.5,97,6.258064516129032,20,143,46,4.5,10.22222222222222,4,6,Medium
15.4,15,4,98,Morne Morkel,Bowlers,Naman Ojha,Batters,0,False,1.0,8,Uppal,Rajiv Gandhi International Stadium,Medium,False,True,94,15,15.666666666666666,97,6.191489361702128,20,143,46,4.333333333333334,10.615384615384611,4,6,Medium
15.5,15,5,99,Morne Morkel,Bowlers,Naman Ojha,Batters,6,False,-3.0,8,Uppal,Rajiv Gandhi International Stadium,Medium,False,True,95,15,15.833333333333334,103,6.505263157894737,20,143,40,4.166666666666666,9.6,4,6,Medium
15.6,15,6,100,Morne Morkel,Bowlers,Naman Ojha,Batters,2,False,-1.0,8,Uppal,Rajiv Gandhi International Stadium,Medium,False,True,96,15,16.0,105,6.5625,20,143,38,4.0,9.5,4,6,Medium
16.1,16,1,101,Shakib Al Hasan,All-Rounders,Eoin Morgan,Batters,1,False,-0.5,8,Uppal,Rajiv Gandhi International Stadium,Medium,False,True,97,16,16.166666666666668,106,6.556701030927835,20,143,37,3.833333333333332,9.652173913043482,4,6,Medium
16.2,16,2,102,Shakib Al Hasan,All-Rounders,Naman Ojha,Batters,1,False,-0.5,8,Uppal,Rajiv Gandhi International Stadium,Medium,False,True,98,16,16.333333333333332,107,6.551020408163266,20,143,36,3.666666666666668,9.818181818181817,4,6,Medium
16.3,16,3,103,Shakib Al Hasan,All-Rounders,Eoin Morgan,Batters,0,False,1.0,8,Uppal,Rajiv Gandhi International Stadium,Medium,False,True,99,16,16.5,107,6.484848484848484,20,143,36,3.5,10.285714285714286,4,6,Medium
16.4,16,4,104,Shakib Al Hasan,All-Rounders,Eoin Morgan,Batters,1,False,-0.25,8,Uppal,Rajiv Gandhi International Stadium,Medium,False,True,100,16,16.666666666666668,108,6.48,20,143,35,3.333333333333332,10.500000000000004,4,6,Medium
16.5,16,5,105,Shakib Al Hasan,All-Rounders,Naman Ojha,Batters,1,False,-0.5,8,Uppal,Rajiv Gandhi International Stadium,Medium,False,True,101,16,16.833333333333332,109,6.475247524752476,20,143,34,3.166666666666668,10.736842105263154,4,6,Medium
16.6,16,6,106,Shakib Al Hasan,All-Rounders,Eoin Morgan,Batters,6,False,-3.0,8,Uppal,Rajiv Gandhi International Stadium,Medium,False,True,102,16,17.0,115,6.764705882352941,20,143,28,3.0,9.333333333333334,4,6,Medium
17.1,17,1,107,Morne Morkel,Bowlers,Naman Ojha,Batters,1,False,-0.5,8,Uppal,Rajiv Gandhi International Stadium,Medium,False,True,103,17,17.166666666666668,116,6.757281553398058,20,143,27,2.833333333333332,9.529411764705886,4,6,Medium
17.2,17,2,108,Morne Morkel,Bowlers,Eoin Morgan,Batters,1,False,-0.5,8,Uppal,Rajiv Gandhi International Stadium,Medium,False,True,104,17,17.333333333333332,117,6.750000000000001,20,143,26,2.666666666666668,9.749999999999996,4,6,Medium
17.3,17,3,109,Morne Morkel,Bowlers,Naman Ojha,Batters,0,True,5.0,8,Uppal,Rajiv Gandhi International Stadium,Medium,False,True,105,17,17.5,117,6.685714285714286,20,143,26,2.5,10.4,5,5,Medium
17.4,17,4,110,Morne Morkel,Bowlers,Eoin Morgan,Batters,1,False,-0.5,8,Uppal,Rajiv Gandhi International Stadium,Medium,False,True,106,17,17.666666666666668,118,6.679245283018868,20,143,25,2.333333333333332,10.71428571428572,5,5,Medium
17.5,17,5,111,Morne Morkel,Bowlers,Ashish Reddy,All-Rounders,1,False,-0.5,8,Uppal,Rajiv Gandhi International Stadium,Medium,False,True,107,17,17.833333333333332,119,6.672897196261682,20,143,24,2.166666666666668,11.076923076923071,5,5,Medium
17.6,17,6,112,Morne Morkel,Bowlers,Eoin Morgan,Batters,6,False,-3.0,8,Uppal,Rajiv Gandhi International Stadium,Medium,False,True,108,17,18.0,125,6.944444444444445,20,143,18,2.0,9.0,5,5,Medium
18.1,18,1,113,Umesh Yadav,Bowlers,Ashish Reddy,All-Rounders,1,False,-0.5,8,Uppal,Rajiv Gandhi International Stadium,Medium,False,True,109,18,18.166666666666668,126,6.935779816513761,20,143,17,1.833333333333332,9.27272727272728,5,5,Medium
18.2,18,2,114,Umesh Yadav,Bowlers,Eoin Morgan,Batters,1,False,-0.5,8,Uppal,Rajiv Gandhi International Stadium,Medium,False,True,110,18,18.33333333333333,127,6.927272727272728,20,143,16,1.666666666666668,9.599999999999993,5,5,Medium
18.3,18,3,115,Umesh Yadav,Bowlers,Ashish Reddy,All-Rounders,1,False,-0.5,8,Uppal,Rajiv Gandhi International Stadium,Medium,False,True,111,18,18.5,128,6.918918918918919,20,143,15,1.5,10.0,5,5,Medium
18.4,18,4,116,Umesh Yadav,Bowlers,Eoin Morgan,Batters,0,True,5.0,8,Uppal,Rajiv Gandhi International Stadium,Medium,False,True,112,18,18.666666666666668,128,6.857142857142857,20,143,15,1.333333333333332,11.25000000000001,6,4,Medium
18.5,18,5,117,Umesh Yadav,Bowlers,Ashish Reddy,All-Rounders,1,False,-1.0,8,Uppal,Rajiv Gandhi International Stadium,Medium,True,False,112,18,18.666666666666668,129,6.910714285714286,20,143,14,1.333333333333332,10.500000000000009,6,4,Medium
18.5,18,5,118,Umesh Yadav,Bowlers,Ashish Reddy,All-Rounders,0,False,1.0,8,Uppal,Rajiv Gandhi International Stadium,Medium,False,True,113,18,18.83333333333333,129,6.849557522123894,20,143,14,1.166666666666668,11.999999999999988,6,4,Medium
18.6,18,6,119,Umesh Yadav,Bowlers,Ashish Reddy,All-Rounders,6,False,-3.0,8,Uppal,Rajiv Gandhi International Stadium,Medium,False,True,114,18,19.0,135,7.105263157894737,20,143,8,1.0,8.0,6,4,Medium
19.1,19,1,120,Andre Russell,All-Rounders,Karn Sharma,Bowlers,1,False,-0.5,8,Uppal,Rajiv Gandhi International Stadium,Medium,False,True,115,19,19.166666666666668,136,7.095652173913043,20,143,7,0.8333333333333321,8.400000000000013,6,4,Medium
19.2,19,2,121,Andre Russell,All-Rounders,Ashish Reddy,All-Rounders,1,False,-0.5,8,Uppal,Rajiv Gandhi International Stadium,Medium,False,True,116,19,19.33333333333333,137,7.086206896551724,20,143,6,0.6666666666666679,8.999999999999984,6,4,Medium
19.3,19,3,122,Andre Russell,All-Rounders,Karn Sharma,Bowlers,1,False,-0.5,8,Uppal,Rajiv Gandhi International Stadium,Medium,False,True,117,19,19.5,138,7.076923076923077,20,143,5,0.5,10.0,6,4,Medium
19.4,19,4,123,Andre Russell,All-Rounders,Ashish Reddy,All-Rounders,2,False,-1.0,8,Uppal,Rajiv Gandhi International Stadium,Medium,False,True,118,19,19.666666666666668,140,7.11864406779661,20,143,3,0.3333333333333321,9.000000000000032,6,4,Medium
19.5,19,5,124,Andre Russell,All-Rounders,Ashish Reddy,All-Rounders,0,True,5.0,8,Uppal,Rajiv Gandhi International Stadium,Medium,False,True,119,19,19.83333333333333,140,7.058823529411765,20,143,3,0.1666666666666678,17.999999999999872,7,3,Medium
19.6,19,6,125,Andre Russell,All-Rounders,Bhuvneshwar Kumar,Bowlers,1,False,-0.25,8,Uppal,Rajiv Gandhi International Stadium,Medium,False,True,120,19,20.0,141,7.05,20,143,2,0.0,inf,7,3,Medium
