Ball Number,over,ball,Ball,bowler,bowler_role,batsman,batsman_role,Runs,is_wicket,bowler_score,match_id,city,stadium,Stadium_Type,is_extra,legal_delivery,legal_deliveries_count,overs_completed,overs_bowled,total_runs,current_run_rate,total_overs,target,runs_needed,overs_remaining,required_run_rate,wickets_fallen,wickets_in_hand,Ground_Type
0.1,0,1,1,Tim Southee,Bowlers,Aaron Finch,Batters,0,False,1.0,9,Mumbai,Wankhede Stadium,Medium,False,True,1,0,0.1666666666666666,0,0.0,20,144,144,19.83333333333333,7.260504201680673,0,10,Medium
0.2,0,2,2,Tim Southee,Bowlers,Aaron Finch,Batters,4,False,-2.0,9,Mumbai,Wankhede Stadium,Medium,False,True,2,0,0.3333333333333333,4,12.0,20,144,140,19.666666666666668,7.11864406779661,0,10,Medium
0.3,0,3,3,Tim Southee,Bowlers,Aaron Finch,Batters,1,False,-0.5,9,Mumbai,Wankhede Stadium,Medium,False,True,3,0,0.5,5,10.0,20,144,139,19.5,7.128205128205129,0,10,Medium
0.4,0,4,4,Tim Southee,Bowlers,Brendon McCullum,Batters,0,False,1.0,9,Mumbai,Wankhede Stadium,Medium,False,True,4,0,0.6666666666666666,5,7.5,20,144,139,19.33333333333333,7.189655172413794,0,10,Medium
0.5,0,5,5,Tim Southee,Bowlers,Brendon McCullum,Batters,0,False,1.0,9,Mumbai,Wankhede Stadium,Medium,False,True,5,0,0.8333333333333334,5,6.0,20,144,139,19.166666666666668,7.252173913043478,0,10,Medium
0.6,0,6,6,Tim Southee,Bowlers,Brendon McCullum,Batters,6,False,-3.0,9,Mumbai,Wankhede Stadium,Medium,False,True,6,0,1.0,11,11.0,20,144,133,19.0,7.0,0,10,Medium
1.1,1,1,7,Jasprit Bumrah,Bowlers,Aaron Finch,Batters,0,False,1.0,9,Mumbai,Wankhede Stadium,Medium,False,True,7,1,1.1666666666666667,11,9.428571428571429,20,144,133,18.83333333333333,7.061946902654868,0,10,Medium
1.2,1,2,8,Jasprit Bumrah,Bowlers,Aaron Finch,Batters,1,False,-0.5,9,Mumbai,Wankhede Stadium,Medium,False,True,8,1,1.3333333333333333,12,9.0,20,144,132,18.666666666666668,7.071428571428571,0,10,Medium
1.3,1,3,9,Jasprit Bumrah,Bowlers,Brendon McCullum,Batters,0,True,5.0,9,Mumbai,Wankhede Stadium,Medium,False,True,9,1,1.5,12,8.0,20,144,132,18.5,7.135135135135135,1,9,Medium
1.4,1,4,10,Jasprit Bumrah,Bowlers,Suresh Raina,Batters,0,False,1.0,9,Mumbai,Wankhede Stadium,Medium,False,True,10,1,1.6666666666666663,12,7.200000000000001,20,144,132,18.33333333333333,7.2,1,9,Medium
1.5,1,5,11,Jasprit Bumrah,Bowlers,Suresh Raina,Batters,1,False,-1.0,9,Mumbai,Wankhede Stadium,Medium,True,False,10,1,1.6666666666666663,13,7.800000000000001,20,144,131,18.33333333333333,7.1454545454545455,1,9,Medium
1.5,1,5,12,Jasprit Bumrah,Bowlers,Suresh Raina,Batters,2,False,-1.0,9,Mumbai,Wankhede Stadium,Medium,False,True,11,1,1.8333333333333333,15,8.181818181818182,20,144,129,18.166666666666668,7.10091743119266,1,9,Medium
1.6,1,6,13,Jasprit Bumrah,Bowlers,Suresh Raina,Batters,0,False,1.0,9,Mumbai,Wankhede Stadium,Medium,False,True,12,1,2.0,15,7.5,20,144,129,18.0,7.166666666666667,1,9,Medium
2.1,2,1,14,Tim Southee,Bowlers,Aaron Finch,Batters,4,False,-2.0,9,Mumbai,Wankhede Stadium,Medium,False,True,13,2,2.1666666666666665,19,8.76923076923077,20,144,125,17.833333333333332,7.009345794392524,1,9,Medium
2.2,2,2,15,Tim Southee,Bowlers,Aaron Finch,Batters,0,False,1.0,9,Mumbai,Wankhede Stadium,Medium,False,True,14,2,2.333333333333333,19,8.142857142857142,20,144,125,17.666666666666668,7.075471698113207,1,9,Medium
2.3,2,3,16,Tim Southee,Bowlers,Aaron Finch,Batters,0,False,1.0,9,Mumbai,Wankhede Stadium,Medium,False,True,15,2,2.5,19,7.6,20,144,125,17.5,7.142857142857143,1,9,Medium
2.4,2,4,17,Tim Southee,Bowlers,Aaron Finch,Batters,1,False,-0.5,9,Mumbai,Wankhede Stadium,Medium,False,True,16,2,2.6666666666666665,20,7.5,20,144,124,17.333333333333332,7.153846153846154,1,9,Medium
2.5,2,5,18,Tim Southee,Bowlers,Suresh Raina,Batters,0,False,1.0,9,Mumbai,Wankhede Stadium,Medium,False,True,17,2,2.833333333333333,20,7.0588235294117645,20,144,124,17.166666666666668,7.223300970873786,1,9,Medium
2.6,2,6,19,Tim Southee,Bowlers,Suresh Raina,Batters,0,False,1.0,9,Mumbai,Wankhede Stadium,Medium,False,True,18,2,3.0,20,6.666666666666667,20,144,124,17.0,7.294117647058823,1,9,Medium
3.1,3,1,20,Mitchell McClenaghan,Bowlers,Aaron Finch,Batters,1,False,-0.25,9,Mumbai,Wankhede Stadium,Medium,False,True,19,3,3.1666666666666665,21,6.631578947368421,20,144,123,16.833333333333332,7.306930693069307,1,9,Medium
3.2,3,2,21,Mitchell McClenaghan,Bowlers,Suresh Raina,Batters,0,False,1.0,9,Mumbai,Wankhede Stadium,Medium,False,True,20,3,3.333333333333333,21,6.3,20,144,123,16.666666666666668,7.38,1,9,Medium
3.3,3,3,22,Mitchell McClenaghan,Bowlers,Suresh Raina,Batters,4,False,-2.0,9,Mumbai,Wankhede Stadium,Medium,False,True,21,3,3.5,25,7.142857142857143,20,144,119,16.5,7.212121212121212,1,9,Medium
3.4,3,4,23,Mitchell McClenaghan,Bowlers,Suresh Raina,Batters,0,False,1.0,9,Mumbai,Wankhede Stadium,Medium,False,True,22,3,3.6666666666666665,25,6.818181818181818,20,144,119,16.333333333333332,7.2857142857142865,1,9,Medium
3.5,3,5,24,Mitchell McClenaghan,Bowlers,Suresh Raina,Batters,0,False,1.0,9,Mumbai,Wankhede Stadium,Medium,False,True,23,3,3.8333333333333335,25,6.521739130434782,20,144,119,16.166666666666668,7.360824742268041,1,9,Medium
3.6,3,6,25,Mitchell McClenaghan,Bowlers,Suresh Raina,Batters,4,False,-2.0,9,Mumbai,Wankhede Stadium,Medium,False,True,24,3,4.0,29,7.25,20,144,115,16.0,7.1875,1,9,Medium
4.1,4,1,26,Tim Southee,Bowlers,Aaron Finch,Batters,0,False,1.0,9,Mumbai,Wankhede Stadium,Medium,False,True,25,4,4.166666666666667,29,6.959999999999999,20,144,115,15.833333333333332,7.263157894736842,1,9,Medium
4.2,4,2,27,Tim Southee,Bowlers,Aaron Finch,Batters,0,False,1.0,9,Mumbai,Wankhede Stadium,Medium,False,True,26,4,4.333333333333333,29,6.6923076923076925,20,144,115,15.666666666666668,7.340425531914893,1,9,Medium
4.3,4,3,28,Tim Southee,Bowlers,Aaron Finch,Batters,4,False,-2.0,9,Mumbai,Wankhede Stadium,Medium,False,True,27,4,4.5,33,7.333333333333333,20,144,111,15.5,7.161290322580645,1,9,Medium
4.4,4,4,29,Tim Southee,Bowlers,Aaron Finch,Batters,1,False,-0.5,9,Mumbai,Wankhede Stadium,Medium,False,True,28,4,4.666666666666667,34,7.285714285714286,20,144,110,15.333333333333332,7.173913043478262,1,9,Medium
4.5,4,5,30,Tim Southee,Bowlers,Suresh Raina,Batters,0,False,1.0,9,Mumbai,Wankhede Stadium,Medium,False,True,29,4,4.833333333333333,34,7.03448275862069,20,144,110,15.166666666666668,7.252747252747252,1,9,Medium
4.6,4,6,31,Tim Southee,Bowlers,Suresh Raina,Batters,1,False,-0.5,9,Mumbai,Wankhede Stadium,Medium,False,True,30,4,5.0,35,7.0,20,144,109,15.0,7.266666666666667,1,9,Medium
5.1,5,1,32,Krunal Pandya,All-Rounders,Suresh Raina,Batters,1,False,-0.5,9,Mumbai,Wankhede Stadium,Medium,False,True,31,5,5.166666666666667,36,6.967741935483871,20,144,108,14.833333333333332,7.280898876404495,1,9,Medium
5.2,5,2,33,Krunal Pandya,All-Rounders,Aaron Finch,Batters,1,False,-0.5,9,Mumbai,Wankhede Stadium,Medium,False,True,32,5,5.333333333333333,37,6.9375,20,144,107,14.666666666666668,7.295454545454545,1,9,Medium
5.3,5,3,34,Krunal Pandya,All-Rounders,Suresh Raina,Batters,4,False,-2.0,9,Mumbai,Wankhede Stadium,Medium,False,True,33,5,5.5,41,7.454545454545454,20,144,103,14.5,7.103448275862069,1,9,Medium
5.4,5,4,35,Krunal Pandya,All-Rounders,Suresh Raina,Batters,1,False,-0.5,9,Mumbai,Wankhede Stadium,Medium,False,True,34,5,5.666666666666667,42,7.411764705882352,20,144,102,14.333333333333332,7.116279069767442,1,9,Medium
5.5,5,5,36,Krunal Pandya,All-Rounders,Aaron Finch,Batters,0,False,1.0,9,Mumbai,Wankhede Stadium,Medium,False,True,35,5,5.833333333333333,42,7.2,20,144,102,14.166666666666668,7.199999999999999,1,9,Medium
5.6,5,6,37,Krunal Pandya,All-Rounders,Aaron Finch,Batters,0,False,1.0,9,Mumbai,Wankhede Stadium,Medium,False,True,36,5,6.0,42,7.0,20,144,102,14.0,7.285714285714286,1,9,Medium
6.1,6,1,38,Hardik Pandya,All-Rounders,Suresh Raina,Batters,0,False,1.0,9,Mumbai,Wankhede Stadium,Medium,False,True,37,6,6.166666666666667,42,6.8108108108108105,20,144,102,13.833333333333332,7.373493975903615,1,9,Medium
6.2,6,2,39,Hardik Pandya,All-Rounders,Suresh Raina,Batters,1,False,-0.5,9,Mumbai,Wankhede Stadium,Medium,False,True,38,6,6.333333333333333,43,6.789473684210527,20,144,101,13.666666666666668,7.390243902439024,1,9,Medium
6.3,6,3,40,Hardik Pandya,All-Rounders,Aaron Finch,Batters,1,False,-1.0,9,Mumbai,Wankhede Stadium,Medium,True,False,38,6,6.333333333333333,44,6.947368421052632,20,144,100,13.666666666666668,7.317073170731707,1,9,Medium
6.3,6,3,41,Hardik Pandya,All-Rounders,Aaron Finch,Batters,1,False,-0.25,9,Mumbai,Wankhede Stadium,Medium,False,True,39,6,6.5,45,6.923076923076923,20,144,99,13.5,7.333333333333333,1,9,Medium
6.4,6,4,42,Hardik Pandya,All-Rounders,Suresh Raina,Batters,1,False,-0.5,9,Mumbai,Wankhede Stadium,Medium,False,True,40,6,6.666666666666667,46,6.9,20,144,98,13.333333333333332,7.35,1,9,Medium
6.5,6,5,43,Hardik Pandya,All-Rounders,Aaron Finch,Batters,1,False,-0.5,9,Mumbai,Wankhede Stadium,Medium,False,True,41,6,6.833333333333333,47,6.878048780487805,20,144,97,13.166666666666668,7.367088607594936,1,9,Medium
6.6,6,6,44,Hardik Pandya,All-Rounders,Suresh Raina,Batters,6,False,-3.0,9,Mumbai,Wankhede Stadium,Medium,False,True,42,6,7.0,53,7.571428571428571,20,144,91,13.0,7.0,1,9,Medium
7.1,7,1,45,Harbhajan Singh,Bowlers,Aaron Finch,Batters,0,False,1.0,9,Mumbai,Wankhede Stadium,Medium,False,True,43,7,7.166666666666667,53,7.395348837209302,20,144,91,12.833333333333332,7.090909090909092,1,9,Medium
7.2,7,2,46,Harbhajan Singh,Bowlers,Aaron Finch,Batters,4,False,-2.0,9,Mumbai,Wankhede Stadium,Medium,False,True,44,7,7.333333333333333,57,7.772727272727273,20,144,87,12.666666666666668,6.868421052631578,1,9,Medium
7.3,7,3,47,Harbhajan Singh,Bowlers,Aaron Finch,Batters,4,False,-2.0,9,Mumbai,Wankhede Stadium,Medium,False,True,45,7,7.5,61,8.133333333333333,20,144,83,12.5,6.64,1,9,Medium
7.4,7,4,48,Harbhajan Singh,Bowlers,Aaron Finch,Batters,0,False,1.0,9,Mumbai,Wankhede Stadium,Medium,False,True,46,7,7.666666666666667,61,7.956521739130435,20,144,83,12.333333333333332,6.729729729729731,1,9,Medium
7.5,7,5,49,Harbhajan Singh,Bowlers,Aaron Finch,Batters,1,False,-0.5,9,Mumbai,Wankhede Stadium,Medium,False,True,47,7,7.833333333333333,62,7.914893617021277,20,144,82,12.166666666666668,6.73972602739726,1,9,Medium
7.6,7,6,50,Harbhajan Singh,Bowlers,Suresh Raina,Batters,1,False,-0.5,9,Mumbai,Wankhede Stadium,Medium,False,True,48,7,8.0,63,7.875,20,144,81,12.0,6.75,1,9,Medium
8.1,8,1,51,Mitchell McClenaghan,Bowlers,Suresh Raina,Batters,1,False,-0.5,9,Mumbai,Wankhede Stadium,Medium,False,True,49,8,8.166666666666666,64,7.836734693877552,20,144,80,11.833333333333334,6.76056338028169,1,9,Medium
8.2,8,2,52,Mitchell McClenaghan,Bowlers,Aaron Finch,Batters,1,False,-0.5,9,Mumbai,Wankhede Stadium,Medium,False,True,50,8,8.333333333333334,65,7.8,20,144,79,11.666666666666666,6.771428571428571,1,9,Medium
8.3,8,3,53,Mitchell McClenaghan,Bowlers,Suresh Raina,Batters,0,True,5.0,9,Mumbai,Wankhede Stadium,Medium,False,True,51,8,8.5,65,7.647058823529412,20,144,79,11.5,6.869565217391305,2,8,Medium
8.4,8,4,54,Mitchell McClenaghan,Bowlers,Aaron Finch,Batters,1,False,-0.5,9,Mumbai,Wankhede Stadium,Medium,False,True,52,8,8.666666666666666,66,7.615384615384616,20,144,78,11.333333333333334,6.88235294117647,2,8,Medium
8.5,8,5,55,Mitchell McClenaghan,Bowlers,Dinesh Karthik,Batters,0,False,1.0,9,Mumbai,Wankhede Stadium,Medium,False,True,53,8,8.833333333333334,66,7.471698113207546,20,144,78,11.166666666666666,6.985074626865672,2,8,Medium
8.6,8,6,56,Mitchell McClenaghan,Bowlers,Dinesh Karthik,Batters,0,False,1.0,9,Mumbai,Wankhede Stadium,Medium,False,True,54,8,9.0,66,7.333333333333333,20,144,78,11.0,7.090909090909091,2,8,Medium
9.1,9,1,57,Krunal Pandya,All-Rounders,Aaron Finch,Batters,1,False,-0.5,9,Mumbai,Wankhede Stadium,Medium,False,True,55,9,9.166666666666666,67,7.309090909090909,20,144,77,10.833333333333334,7.107692307692307,2,8,Medium
9.2,9,2,58,Krunal Pandya,All-Rounders,Dinesh Karthik,Batters,1,False,-0.5,9,Mumbai,Wankhede Stadium,Medium,False,True,56,9,9.333333333333334,68,7.285714285714286,20,144,76,10.666666666666666,7.125,2,8,Medium
9.3,9,3,59,Krunal Pandya,All-Rounders,Aaron Finch,Batters,1,False,-0.5,9,Mumbai,Wankhede Stadium,Medium,False,True,57,9,9.5,69,7.263157894736842,20,144,75,10.5,7.142857142857143,2,8,Medium
9.4,9,4,60,Krunal Pandya,All-Rounders,Dinesh Karthik,Batters,2,False,-1.0,9,Mumbai,Wankhede Stadium,Medium,False,True,58,9,9.666666666666666,71,7.344827586206897,20,144,73,10.333333333333334,7.064516129032258,2,8,Medium
9.5,9,5,61,Krunal Pandya,All-Rounders,Dinesh Karthik,Batters,1,False,-0.5,9,Mumbai,Wankhede Stadium,Medium,False,True,59,9,9.833333333333334,72,7.322033898305084,20,144,72,10.166666666666666,7.081967213114755,2,8,Medium
9.6,9,6,62,Krunal Pandya,All-Rounders,Aaron Finch,Batters,2,False,-1.0,9,Mumbai,Wankhede Stadium,Medium,False,True,60,9,10.0,74,7.4,20,144,70,10.0,7.0,2,8,Medium
10.1,10,1,63,Hardik Pandya,All-Rounders,Dinesh Karthik,Batters,0,False,1.0,9,Mumbai,Wankhede Stadium,Medium,False,True,61,10,10.166666666666666,74,7.278688524590164,20,144,70,9.833333333333334,7.11864406779661,2,8,Medium
10.2,10,2,64,Hardik Pandya,All-Rounders,Dinesh Karthik,Batters,0,False,1.0,9,Mumbai,Wankhede Stadium,Medium,False,True,62,10,10.333333333333334,74,7.161290322580645,20,144,70,9.666666666666666,7.241379310344828,2,8,Medium
10.3,10,3,65,Hardik Pandya,All-Rounders,Dinesh Karthik,Batters,0,False,1.0,9,Mumbai,Wankhede Stadium,Medium,False,True,63,10,10.5,74,7.047619047619048,20,144,70,9.5,7.368421052631579,2,8,Medium
10.4,10,4,66,Hardik Pandya,All-Rounders,Dinesh Karthik,Batters,4,False,-2.0,9,Mumbai,Wankhede Stadium,Medium,False,True,64,10,10.666666666666666,78,7.3125,20,144,66,9.333333333333334,7.071428571428571,2,8,Medium
10.4,10,4,67,Hardik Pandya,All-Rounders,Dinesh Karthik,Batters,1,False,-1.0,9,Mumbai,Wankhede Stadium,Medium,True,False,64,10,10.666666666666666,79,7.40625,20,144,65,9.333333333333334,6.9642857142857135,2,8,Medium
10.5,10,5,68,Hardik Pandya,All-Rounders,Dinesh Karthik,Batters,1,False,-0.5,9,Mumbai,Wankhede Stadium,Medium,False,True,65,10,10.833333333333334,80,7.384615384615384,20,144,64,9.166666666666666,6.981818181818182,2,8,Medium
10.6,10,6,69,Hardik Pandya,All-Rounders,Aaron Finch,Batters,0,False,1.0,9,Mumbai,Wankhede Stadium,Medium,False,True,66,10,11.0,80,7.272727272727272,20,144,64,9.0,7.111111111111111,2,8,Medium
11.1,11,1,70,Krunal Pandya,All-Rounders,Dinesh Karthik,Batters,0,True,5.0,9,Mumbai,Wankhede Stadium,Medium,False,True,67,11,11.166666666666666,80,7.164179104477612,20,144,64,8.833333333333334,7.245283018867924,3,7,Medium
11.2,11,2,71,Krunal Pandya,All-Rounders,Dwayne Bravo,All-Rounders,0,False,1.0,9,Mumbai,Wankhede Stadium,Medium,False,True,68,11,11.333333333333334,80,7.0588235294117645,20,144,64,8.666666666666666,7.384615384615385,3,7,Medium
11.3,11,3,72,Krunal Pandya,All-Rounders,Dwayne Bravo,All-Rounders,0,False,1.0,9,Mumbai,Wankhede Stadium,Medium,False,True,69,11,11.5,80,6.956521739130435,20,144,64,8.5,7.529411764705882,3,7,Medium
11.4,11,4,73,Krunal Pandya,All-Rounders,Dwayne Bravo,All-Rounders,1,False,-0.5,9,Mumbai,Wankhede Stadium,Medium,False,True,70,11,11.666666666666666,81,6.942857142857143,20,144,63,8.333333333333334,7.56,3,7,Medium
11.5,11,5,74,Krunal Pandya,All-Rounders,Aaron Finch,Batters,1,False,-0.25,9,Mumbai,Wankhede Stadium,Medium,False,True,71,11,11.833333333333334,82,6.929577464788732,20,144,62,8.166666666666666,7.591836734693878,3,7,Medium
11.6,11,6,75,Krunal Pandya,All-Rounders,Dwayne Bravo,All-Rounders,1,False,-0.5,9,Mumbai,Wankhede Stadium,Medium,False,True,72,11,12.0,83,6.916666666666667,20,144,61,8.0,7.625,3,7,Medium
12.1,12,1,76,Jasprit Bumrah,Bowlers,Dwayne Bravo,All-Rounders,0,False,1.0,9,Mumbai,Wankhede Stadium,Medium,False,True,73,12,12.166666666666666,83,6.821917808219179,20,144,61,7.833333333333334,7.787234042553191,3,7,Medium
12.2,12,2,77,Jasprit Bumrah,Bowlers,Dwayne Bravo,All-Rounders,0,True,5.0,9,Mumbai,Wankhede Stadium,Medium,False,True,74,12,12.333333333333334,83,6.72972972972973,20,144,61,7.666666666666666,7.9565217391304355,4,6,Medium
12.3,12,3,78,Jasprit Bumrah,Bowlers,Akshdeep Nath,Batters,2,False,-1.0,9,Mumbai,Wankhede Stadium,Medium,False,True,75,12,12.5,85,6.8,20,144,59,7.5,7.866666666666666,4,6,Medium
12.4,12,4,79,Jasprit Bumrah,Bowlers,Akshdeep Nath,Batters,1,False,-0.5,9,Mumbai,Wankhede Stadium,Medium,False,True,76,12,12.666666666666666,86,6.789473684210527,20,144,58,7.333333333333334,7.909090909090908,4,6,Medium
12.5,12,5,80,Jasprit Bumrah,Bowlers,Aaron Finch,Batters,1,False,-0.5,9,Mumbai,Wankhede Stadium,Medium,False,True,77,12,12.833333333333334,87,6.779220779220779,20,144,57,7.166666666666666,7.953488372093024,4,6,Medium
12.6,12,6,81,Jasprit Bumrah,Bowlers,Akshdeep Nath,Batters,0,False,1.0,9,Mumbai,Wankhede Stadium,Medium,False,True,78,12,13.0,87,6.6923076923076925,20,144,57,7.0,8.142857142857142,4,6,Medium
13.1,13,1,82,Krunal Pandya,All-Rounders,Aaron Finch,Batters,0,False,1.0,9,Mumbai,Wankhede Stadium,Medium,False,True,79,13,13.166666666666666,87,6.607594936708861,20,144,57,6.833333333333334,8.341463414634145,4,6,Medium
13.2,13,2,83,Krunal Pandya,All-Rounders,Aaron Finch,Batters,1,False,-0.5,9,Mumbai,Wankhede Stadium,Medium,False,True,80,13,13.333333333333334,88,6.6,20,144,56,6.666666666666666,8.4,4,6,Medium
13.3,13,3,84,Krunal Pandya,All-Rounders,Akshdeep Nath,Batters,1,False,-0.5,9,Mumbai,Wankhede Stadium,Medium,False,True,81,13,13.5,89,6.592592592592593,20,144,55,6.5,8.461538461538462,4,6,Medium
13.4,13,4,85,Krunal Pandya,All-Rounders,Aaron Finch,Batters,0,False,1.0,9,Mumbai,Wankhede Stadium,Medium,False,True,82,13,13.666666666666666,89,6.51219512195122,20,144,55,6.333333333333334,8.68421052631579,4,6,Medium
13.5,13,5,86,Krunal Pandya,All-Rounders,Aaron Finch,Batters,0,False,1.0,9,Mumbai,Wankhede Stadium,Medium,False,True,83,13,13.833333333333334,89,6.433734939759036,20,144,55,6.166666666666666,8.91891891891892,4,6,Medium
13.6,13,6,87,Krunal Pandya,All-Rounders,Aaron Finch,Batters,1,False,-0.5,9,Mumbai,Wankhede Stadium,Medium,False,True,84,13,14.0,90,6.428571428571429,20,144,54,6.0,9.0,4,6,Medium
14.1,14,1,88,Tim Southee,Bowlers,Aaron Finch,Batters,1,False,-0.5,9,Mumbai,Wankhede Stadium,Medium,False,True,85,14,14.166666666666666,91,6.423529411764706,20,144,53,5.833333333333334,9.085714285714284,4,6,Medium
14.2,14,2,89,Tim Southee,Bowlers,Akshdeep Nath,Batters,1,False,-0.5,9,Mumbai,Wankhede Stadium,Medium,False,True,86,14,14.333333333333334,92,6.418604651162791,20,144,52,5.666666666666666,9.176470588235295,4,6,Medium
14.3,14,3,90,Tim Southee,Bowlers,Aaron Finch,Batters,1,False,-0.5,9,Mumbai,Wankhede Stadium,Medium,False,True,87,14,14.5,93,6.413793103448276,20,144,51,5.5,9.272727272727272,4,6,Medium
14.4,14,4,91,Tim Southee,Bowlers,Akshdeep Nath,Batters,4,False,-2.0,9,Mumbai,Wankhede Stadium,Medium,False,True,88,14,14.666666666666666,97,6.613636363636364,20,144,47,5.333333333333334,8.812499999999998,4,6,Medium
14.5,14,5,92,Tim Southee,Bowlers,Akshdeep Nath,Batters,0,False,1.0,9,Mumbai,Wankhede Stadium,Medium,False,True,89,14,14.833333333333334,97,6.539325842696629,20,144,47,5.166666666666666,9.096774193548388,4,6,Medium
14.6,14,6,93,Tim Southee,Bowlers,Akshdeep Nath,Batters,2,False,-1.0,9,Mumbai,Wankhede Stadium,Medium,False,True,90,14,15.0,99,6.6,20,144,45,5.0,9.0,4,6,Medium
15.1,15,1,94,Harbhajan Singh,Bowlers,Aaron Finch,Batters,1,False,-0.5,9,Mumbai,Wankhede Stadium,Medium,False,True,91,15,15.166666666666666,100,6.593406593406594,20,144,44,4.833333333333334,9.103448275862068,4,6,Medium
15.2,15,2,95,,,,,0,False,0.0,9,Mumbai,Wankhede Stadium,Medium,False,True,92,15,15.333333333333334,100,6.521739130434782,20,144,44,4.666666666666666,9.42857142857143,4,6,Medium
15.3,15,3,96,Harbhajan Singh,Bowlers,Akshdeep Nath,Batters,1,False,-0.5,9,Mumbai,Wankhede Stadium,Medium,False,True,93,15,15.5,101,6.516129032258065,20,144,43,4.5,9.555555555555555,4,6,Medium
15.4,15,4,97,Harbhajan Singh,Bowlers,Aaron Finch,Batters,0,False,1.0,9,Mumbai,Wankhede Stadium,Medium,False,True,94,15,15.666666666666666,101,6.446808510638298,20,144,43,4.333333333333334,9.923076923076922,4,6,Medium
15.5,15,5,98,Harbhajan Singh,Bowlers,Aaron Finch,Batters,2,False,-1.0,9,Mumbai,Wankhede Stadium,Medium,False,True,95,15,15.833333333333334,103,6.505263157894737,20,144,41,4.166666666666666,9.840000000000002,4,6,Medium
15.6,15,6,99,Harbhajan Singh,Bowlers,Aaron Finch,Batters,6,False,-3.0,9,Mumbai,Wankhede Stadium,Medium,False,True,96,15,16.0,109,6.8125,20,144,35,4.0,8.75,4,6,Medium
16.1,16,1,100,Mitchell McClenaghan,Bowlers,Akshdeep Nath,Batters,0,True,5.0,9,Mumbai,Wankhede Stadium,Medium,False,True,97,16,16.166666666666668,109,6.7422680412371125,20,144,35,3.833333333333332,9.1304347826087,5,5,Medium
16.2,16,2,101,Mitchell McClenaghan,Bowlers,Aaron Finch,Batters,4,False,-0.25,9,Mumbai,Wankhede Stadium,Medium,False,True,98,16,16.333333333333332,113,6.918367346938776,20,144,31,3.666666666666668,8.454545454545451,5,5,Medium
16.3,16,3,102,Mitchell McClenaghan,Bowlers,Aaron Finch,Batters,1,False,-0.5,9,Mumbai,Wankhede Stadium,Medium,False,True,99,16,16.5,114,6.909090909090909,20,144,30,3.5,8.571428571428571,5,5,Medium
16.4,16,4,103,Mitchell McClenaghan,Bowlers,James Faulkner,All-Rounders,1,False,-0.5,9,Mumbai,Wankhede Stadium,Medium,False,True,100,16,16.666666666666668,115,6.9,20,144,29,3.333333333333332,8.700000000000003,5,5,Medium
16.5,16,5,104,Mitchell McClenaghan,Bowlers,Aaron Finch,Batters,4,False,-2.0,9,Mumbai,Wankhede Stadium,Medium,False,True,101,16,16.833333333333332,119,7.069306930693069,20,144,25,3.166666666666668,7.89473684210526,5,5,Medium
16.6,16,6,105,Mitchell McClenaghan,Bowlers,Aaron Finch,Batters,2,False,-1.0,9,Mumbai,Wankhede Stadium,Medium,False,True,102,16,17.0,121,7.117647058823529,20,144,23,3.0,7.666666666666667,5,5,Medium
17.1,17,1,106,Jasprit Bumrah,Bowlers,James Faulkner,All-Rounders,0,False,1.0,9,Mumbai,Wankhede Stadium,Medium,False,True,103,17,17.166666666666668,121,7.048543689320388,20,144,23,2.833333333333332,8.117647058823533,5,5,Medium
17.2,17,2,107,Jasprit Bumrah,Bowlers,James Faulkner,All-Rounders,1,False,-0.5,9,Mumbai,Wankhede Stadium,Medium,False,True,104,17,17.333333333333332,122,7.038461538461539,20,144,22,2.666666666666668,8.249999999999996,5,5,Medium
17.3,17,3,108,Jasprit Bumrah,Bowlers,Aaron Finch,Batters,1,False,-0.5,9,Mumbai,Wankhede Stadium,Medium,False,True,105,17,17.5,123,7.0285714285714285,20,144,21,2.5,8.4,5,5,Medium
17.4,17,4,109,Jasprit Bumrah,Bowlers,James Faulkner,All-Rounders,1,False,-1.0,9,Mumbai,Wankhede Stadium,Medium,True,False,105,17,17.5,124,7.085714285714285,20,144,20,2.5,8.0,5,5,Medium
17.4,17,4,110,Jasprit Bumrah,Bowlers,James Faulkner,All-Rounders,4,False,-2.0,9,Mumbai,Wankhede Stadium,Medium,False,True,106,17,17.666666666666668,128,7.245283018867924,20,144,16,2.333333333333332,6.85714285714286,5,5,Medium
17.5,17,5,111,Jasprit Bumrah,Bowlers,James Faulkner,All-Rounders,1,False,-0.5,9,Mumbai,Wankhede Stadium,Medium,False,True,107,17,17.833333333333332,129,7.233644859813085,20,144,15,2.166666666666668,6.923076923076919,5,5,Medium
17.6,17,6,112,Jasprit Bumrah,Bowlers,Aaron Finch,Batters,2,False,-1.0,9,Mumbai,Wankhede Stadium,Medium,False,True,108,17,18.0,131,7.277777777777778,20,144,13,2.0,6.5,5,5,Medium
18.1,18,1,113,Mitchell McClenaghan,Bowlers,James Faulkner,All-Rounders,0,False,1.0,9,Mumbai,Wankhede Stadium,Medium,False,True,109,18,18.166666666666668,131,7.2110091743119265,20,144,13,1.833333333333332,7.090909090909095,5,5,Medium
18.2,18,2,114,Mitchell McClenaghan,Bowlers,James Faulkner,All-Rounders,0,True,5.0,9,Mumbai,Wankhede Stadium,Medium,False,True,110,18,18.33333333333333,131,7.1454545454545455,20,144,13,1.666666666666668,7.799999999999994,6,4,Medium
18.3,18,3,115,Mitchell McClenaghan,Bowlers,Praveen Kumar,Bowlers,0,False,1.0,9,Mumbai,Wankhede Stadium,Medium,False,True,111,18,18.5,131,7.081081081081081,20,144,13,1.5,8.666666666666666,6,4,Medium
18.4,18,4,116,Mitchell McClenaghan,Bowlers,Praveen Kumar,Bowlers,0,True,5.0,9,Mumbai,Wankhede Stadium,Medium,False,True,112,18,18.666666666666668,131,7.017857142857142,20,144,13,1.333333333333332,9.750000000000009,7,3,Medium
18.5,18,5,117,Mitchell McClenaghan,Bowlers,Dhawal Kulkarni,Bowlers,1,False,-0.5,9,Mumbai,Wankhede Stadium,Medium,False,True,113,18,18.83333333333333,132,7.008849557522124,20,144,12,1.166666666666668,10.285714285714276,7,3,Medium
18.6,18,6,118,Mitchell McClenaghan,Bowlers,Aaron Finch,Batters,1,False,-0.5,9,Mumbai,Wankhede Stadium,Medium,False,True,114,18,19.0,133,7.0,20,144,11,1.0,11.0,7,3,Medium
19.1,19,1,119,Jasprit Bumrah,Bowlers,Aaron Finch,Batters,2,False,-1.0,9,Mumbai,Wankhede Stadium,Medium,False,True,115,19,19.166666666666668,135,7.0434782608695645,20,144,9,0.8333333333333321,10.800000000000017,7,3,Medium
19.2,19,2,120,Jasprit Bumrah,Bowlers,Aaron Finch,Batters,1,False,-0.5,9,Mumbai,Wankhede Stadium,Medium,False,True,116,19,19.33333333333333,136,7.03448275862069,20,144,8,0.6666666666666679,11.99999999999998,7,3,Medium
19.3,19,3,121,Jasprit Bumrah,Bowlers,Dhawal Kulkarni,Bowlers,4,False,-2.0,9,Mumbai,Wankhede Stadium,Medium,False,True,117,19,19.5,140,7.17948717948718,20,144,4,0.5,8.0,7,3,Medium
19.4,19,4,122,Jasprit Bumrah,Bowlers,Dhawal Kulkarni,Bowlers,1,False,-0.5,9,Mumbai,Wankhede Stadium,Medium,False,True,118,19,19.666666666666668,141,7.169491525423728,20,144,3,0.3333333333333321,9.000000000000032,7,3,Medium
19.5,19,5,123,Jasprit Bumrah,Bowlers,Aaron Finch,Batters,2,False,-1.0,9,Mumbai,Wankhede Stadium,Medium,False,True,119,19,19.83333333333333,143,7.210084033613445,20,144,1,0.1666666666666678,5.999999999999957,7,3,Medium
19.6,19,6,124,Jasprit Bumrah,Bowlers,Aaron Finch,Batters,4,False,-2.0,9,Mumbai,Wankhede Stadium,Medium,False,True,120,19,20.0,147,7.35,20,144,0,0.0,inf,7,3,Medium
