Ball Number,over,ball,Ball,bowler,bowler_role,batsman,batsman_role,Runs,is_wicket,bowler_score,match_id,city,stadium,Stadium_Type,is_extra,legal_delivery,legal_deliveries_count,overs_completed,overs_bowled,total_runs,current_run_rate,total_overs,target,runs_needed,overs_remaining,required_run_rate,wickets_fallen,wickets_in_hand,Ground_Type
0.1,0,1,1,Bhuvneshwar Kumar,Bowlers,Parthiv Patel,Batters,0,False,1.0,10,Mumbai,Wankhede Stadium,Medium,False,True,1,0,0.1666666666666666,0,0.0,20,159,159,19.83333333333333,8.016806722689076,0,10,Medium
0.2,0,2,2,Bhuvneshwar Kumar,Bowlers,Parthiv Patel,Batters,1,False,-0.5,10,Mumbai,Wankhede Stadium,Medium,False,True,2,0,0.3333333333333333,1,3.0,20,159,158,19.666666666666668,8.033898305084746,0,10,Medium
0.3,0,3,3,Bhuvneshwar Kumar,Bowlers,Jos Buttler,Batters,0,False,1.0,10,Mumbai,Wankhede Stadium,Medium,False,True,3,0,0.5,1,2.0,20,159,158,19.5,8.102564102564102,0,10,Medium
0.4,0,4,4,Bhuvneshwar Kumar,Bowlers,Jos Buttler,Batters,0,False,1.0,10,Mumbai,Wankhede Stadium,Medium,False,True,4,0,0.6666666666666666,1,1.5,20,159,158,19.33333333333333,8.172413793103448,0,10,Medium
0.5,0,5,5,Bhuvneshwar Kumar,Bowlers,Jos Buttler,Batters,4,False,-2.0,10,Mumbai,Wankhede Stadium,Medium,False,True,5,0,0.8333333333333334,5,6.0,20,159,154,19.166666666666668,8.034782608695652,0,10,Medium
0.6,0,6,6,Bhuvneshwar Kumar,Bowlers,Jos Buttler,Batters,1,False,-0.25,10,Mumbai,Wankhede Stadium,Medium,False,True,6,0,1.0,6,6.0,20,159,153,19.0,8.052631578947368,0,10,Medium
1.1,1,1,7,Ashish Nehra,Bowlers,Jos Buttler,Batters,4,False,-2.0,10,Mumbai,Wankhede Stadium,Medium,False,True,7,1,1.1666666666666667,10,8.571428571428571,20,159,149,18.83333333333333,7.911504424778761,0,10,Medium
1.2,1,2,8,Ashish Nehra,Bowlers,Jos Buttler,Batters,1,False,-0.5,10,Mumbai,Wankhede Stadium,Medium,False,True,8,1,1.3333333333333333,11,8.25,20,159,148,18.666666666666668,7.928571428571428,0,10,Medium
1.3,1,3,9,Ashish Nehra,Bowlers,Parthiv Patel,Batters,4,False,-2.0,10,Mumbai,Wankhede Stadium,Medium,False,True,9,1,1.5,15,10.0,20,159,144,18.5,7.783783783783784,0,10,Medium
1.4,1,4,10,Ashish Nehra,Bowlers,Parthiv Patel,Batters,2,False,-1.0,10,Mumbai,Wankhede Stadium,Medium,False,True,10,1,1.6666666666666663,17,10.2,20,159,142,18.33333333333333,7.745454545454546,0,10,Medium
1.5,1,5,11,Ashish Nehra,Bowlers,Parthiv Patel,Batters,0,False,1.0,10,Mumbai,Wankhede Stadium,Medium,False,True,11,1,1.8333333333333333,17,9.272727272727272,20,159,142,18.166666666666668,7.816513761467889,0,10,Medium
1.6,1,6,12,Ashish Nehra,Bowlers,Parthiv Patel,Batters,4,False,-2.0,10,Mumbai,Wankhede Stadium,Medium,False,True,12,1,2.0,21,10.5,20,159,138,18.0,7.666666666666667,0,10,Medium
2.1,2,1,13,Bhuvneshwar Kumar,Bowlers,Jos Buttler,Batters,4,False,-2.0,10,Mumbai,Wankhede Stadium,Medium,False,True,13,2,2.1666666666666665,25,11.53846153846154,20,159,134,17.833333333333332,7.514018691588785,0,10,Medium
2.2,2,2,14,Bhuvneshwar Kumar,Bowlers,Jos Buttler,Batters,0,False,1.0,10,Mumbai,Wankhede Stadium,Medium,False,True,14,2,2.333333333333333,25,10.714285714285714,20,159,134,17.666666666666668,7.584905660377358,0,10,Medium
2.3,2,3,15,Bhuvneshwar Kumar,Bowlers,Jos Buttler,Batters,0,False,1.0,10,Mumbai,Wankhede Stadium,Medium,False,True,15,2,2.5,25,10.0,20,159,134,17.5,7.6571428571428575,0,10,Medium
2.4,2,4,16,Bhuvneshwar Kumar,Bowlers,Jos Buttler,Batters,1,False,-0.5,10,Mumbai,Wankhede Stadium,Medium,False,True,16,2,2.6666666666666665,26,9.75,20,159,133,17.333333333333332,7.673076923076923,0,10,Medium
2.5,2,5,17,Bhuvneshwar Kumar,Bowlers,Parthiv Patel,Batters,2,False,-1.0,10,Mumbai,Wankhede Stadium,Medium,False,True,17,2,2.833333333333333,28,9.88235294117647,20,159,131,17.166666666666668,7.631067961165048,0,10,Medium
2.6,2,6,18,Bhuvneshwar Kumar,Bowlers,Parthiv Patel,Batters,0,False,1.0,10,Mumbai,Wankhede Stadium,Medium,False,True,18,2,3.0,28,9.333333333333334,20,159,131,17.0,7.705882352941177,0,10,Medium
3.1,3,1,19,Ashish Nehra,Bowlers,Jos Buttler,Batters,0,True,5.0,10,Mumbai,Wankhede Stadium,Medium,False,True,19,3,3.1666666666666665,28,8.842105263157896,20,159,131,16.833333333333332,7.782178217821783,1,9,Medium
3.2,3,2,20,Ashish Nehra,Bowlers,Rohit Sharma,Batters,0,False,1.0,10,Mumbai,Wankhede Stadium,Medium,False,True,20,3,3.333333333333333,28,8.4,20,159,131,16.666666666666668,7.859999999999999,1,9,Medium
3.3,3,3,21,Ashish Nehra,Bowlers,Rohit Sharma,Batters,3,False,-1.5,10,Mumbai,Wankhede Stadium,Medium,False,True,21,3,3.5,31,8.857142857142858,20,159,128,16.5,7.757575757575758,1,9,Medium
3.4,3,4,22,Ashish Nehra,Bowlers,Parthiv Patel,Batters,4,False,-2.0,10,Mumbai,Wankhede Stadium,Medium,False,True,22,3,3.6666666666666665,35,9.545454545454543,20,159,124,16.333333333333332,7.591836734693878,1,9,Medium
3.5,3,5,23,Ashish Nehra,Bowlers,Parthiv Patel,Batters,0,False,1.0,10,Mumbai,Wankhede Stadium,Medium,False,True,23,3,3.8333333333333335,35,9.130434782608695,20,159,124,16.166666666666668,7.670103092783504,1,9,Medium
3.6,3,6,24,Ashish Nehra,Bowlers,Parthiv Patel,Batters,4,False,-2.0,10,Mumbai,Wankhede Stadium,Medium,False,True,24,3,4.0,39,9.75,20,159,120,16.0,7.5,1,9,Medium
4.1,4,1,25,Rashid Khan,All-Rounders,Rohit Sharma,Batters,1,False,-0.5,10,Mumbai,Wankhede Stadium,Medium,False,True,25,4,4.166666666666667,40,9.6,20,159,119,15.833333333333332,7.515789473684211,1,9,Medium
4.2,4,2,26,Rashid Khan,All-Rounders,Parthiv Patel,Batters,0,False,1.0,10,Mumbai,Wankhede Stadium,Medium,False,True,26,4,4.333333333333333,40,9.230769230769232,20,159,119,15.666666666666668,7.595744680851063,1,9,Medium
4.3,4,3,27,Rashid Khan,All-Rounders,Parthiv Patel,Batters,0,False,1.0,10,Mumbai,Wankhede Stadium,Medium,False,True,27,4,4.5,40,8.88888888888889,20,159,119,15.5,7.67741935483871,1,9,Medium
4.4,4,4,28,Rashid Khan,All-Rounders,Parthiv Patel,Batters,1,False,-0.5,10,Mumbai,Wankhede Stadium,Medium,False,True,28,4,4.666666666666667,41,8.785714285714285,20,159,118,15.333333333333332,7.695652173913044,1,9,Medium
4.5,4,5,29,Rashid Khan,All-Rounders,Rohit Sharma,Batters,0,True,5.0,10,Mumbai,Wankhede Stadium,Medium,False,True,29,4,4.833333333333333,41,8.482758620689655,20,159,118,15.166666666666668,7.780219780219779,2,8,Medium
4.6,4,6,30,Rashid Khan,All-Rounders,Nitish Rana,Batters,1,False,-0.5,10,Mumbai,Wankhede Stadium,Medium,False,True,30,4,5.0,42,8.4,20,159,117,15.0,7.8,2,8,Medium
5.1,5,1,31,Mustafizur Rahman,Bowlers,Nitish Rana,Batters,6,False,-3.0,10,Mumbai,Wankhede Stadium,Medium,False,True,31,5,5.166666666666667,48,9.29032258064516,20,159,111,14.833333333333332,7.483146067415731,2,8,Medium
5.2,5,2,32,,,,,0,False,0.0,10,Mumbai,Wankhede Stadium,Medium,False,True,32,5,5.333333333333333,48,9.0,20,159,111,14.666666666666668,7.5681818181818175,2,8,Medium
5.3,5,3,33,Mustafizur Rahman,Bowlers,Nitish Rana,Batters,1,False,-0.5,10,Mumbai,Wankhede Stadium,Medium,False,True,33,5,5.5,49,8.909090909090908,20,159,110,14.5,7.586206896551724,2,8,Medium
5.4,5,4,34,Mustafizur Rahman,Bowlers,Parthiv Patel,Batters,4,False,-2.0,10,Mumbai,Wankhede Stadium,Medium,False,True,34,5,5.666666666666667,53,9.352941176470589,20,159,106,14.333333333333332,7.395348837209303,2,8,Medium
5.5,5,5,35,Mustafizur Rahman,Bowlers,Parthiv Patel,Batters,4,False,-2.0,10,Mumbai,Wankhede Stadium,Medium,False,True,35,5,5.833333333333333,57,9.771428571428572,20,159,102,14.166666666666668,7.199999999999999,2,8,Medium
5.6,5,6,36,Mustafizur Rahman,Bowlers,Parthiv Patel,Batters,4,False,-2.0,10,Mumbai,Wankhede Stadium,Medium,False,True,36,5,6.0,61,10.166666666666666,20,159,98,14.0,7.0,2,8,Medium
6.1,6,1,37,Rashid Khan,All-Rounders,Nitish Rana,Batters,0,False,1.0,10,Mumbai,Wankhede Stadium,Medium,False,True,37,6,6.166666666666667,61,9.891891891891891,20,159,98,13.833333333333332,7.084337349397591,2,8,Medium
6.2,6,2,38,Rashid Khan,All-Rounders,Nitish Rana,Batters,1,False,-0.5,10,Mumbai,Wankhede Stadium,Medium,False,True,38,6,6.333333333333333,62,9.789473684210527,20,159,97,13.666666666666668,7.097560975609755,2,8,Medium
6.3,6,3,39,Rashid Khan,All-Rounders,Parthiv Patel,Batters,0,False,1.0,10,Mumbai,Wankhede Stadium,Medium,False,True,39,6,6.5,62,9.538461538461538,20,159,97,13.5,7.185185185185185,2,8,Medium
6.4,6,4,40,Rashid Khan,All-Rounders,Parthiv Patel,Batters,1,False,-0.5,10,Mumbai,Wankhede Stadium,Medium,False,True,40,6,6.666666666666667,63,9.45,20,159,96,13.333333333333332,7.200000000000001,2,8,Medium
6.5,6,5,41,Rashid Khan,All-Rounders,Nitish Rana,Batters,0,False,1.0,10,Mumbai,Wankhede Stadium,Medium,False,True,41,6,6.833333333333333,63,9.219512195121952,20,159,96,13.166666666666668,7.291139240506329,2,8,Medium
6.6,6,6,42,Rashid Khan,All-Rounders,Nitish Rana,Batters,1,False,-0.5,10,Mumbai,Wankhede Stadium,Medium,False,True,42,6,7.0,64,9.142857142857142,20,159,95,13.0,7.3076923076923075,2,8,Medium
7.1,7,1,43,Deepak Hooda,All-Rounders,Nitish Rana,Batters,1,False,-0.5,10,Mumbai,Wankhede Stadium,Medium,False,True,43,7,7.166666666666667,65,9.069767441860463,20,159,94,12.833333333333332,7.324675324675326,2,8,Medium
7.2,7,2,44,Deepak Hooda,All-Rounders,Parthiv Patel,Batters,1,False,-0.5,10,Mumbai,Wankhede Stadium,Medium,False,True,44,7,7.333333333333333,66,9.0,20,159,93,12.666666666666668,7.342105263157894,2,8,Medium
7.3,7,3,45,Deepak Hooda,All-Rounders,Nitish Rana,Batters,4,False,-2.0,10,Mumbai,Wankhede Stadium,Medium,False,True,45,7,7.5,70,9.333333333333334,20,159,89,12.5,7.12,2,8,Medium
7.4,7,4,46,Deepak Hooda,All-Rounders,Nitish Rana,Batters,1,False,-0.5,10,Mumbai,Wankhede Stadium,Medium,False,True,46,7,7.666666666666667,71,9.26086956521739,20,159,88,12.333333333333332,7.135135135135136,2,8,Medium
7.5,7,5,47,Deepak Hooda,All-Rounders,Parthiv Patel,Batters,1,False,-0.5,10,Mumbai,Wankhede Stadium,Medium,False,True,47,7,7.833333333333333,72,9.191489361702128,20,159,87,12.166666666666668,7.150684931506849,2,8,Medium
7.6,7,6,48,Deepak Hooda,All-Rounders,Nitish Rana,Batters,1,False,-0.5,10,Mumbai,Wankhede Stadium,Medium,False,True,48,7,8.0,73,9.125,20,159,86,12.0,7.166666666666667,2,8,Medium
8.1,8,1,49,Ben Cutting,All-Rounders,Nitish Rana,Batters,0,False,1.0,10,Mumbai,Wankhede Stadium,Medium,False,True,49,8,8.166666666666666,73,8.938775510204083,20,159,86,11.833333333333334,7.267605633802816,2,8,Medium
8.2,8,2,50,Ben Cutting,All-Rounders,Nitish Rana,Batters,0,False,1.0,10,Mumbai,Wankhede Stadium,Medium,False,True,50,8,8.333333333333334,73,8.76,20,159,86,11.666666666666666,7.371428571428572,2,8,Medium
8.3,8,3,51,Ben Cutting,All-Rounders,Nitish Rana,Batters,0,False,1.0,10,Mumbai,Wankhede Stadium,Medium,False,True,51,8,8.5,73,8.588235294117647,20,159,86,11.5,7.478260869565218,2,8,Medium
8.4,8,4,52,Ben Cutting,All-Rounders,Nitish Rana,Batters,1,False,-0.5,10,Mumbai,Wankhede Stadium,Medium,False,True,52,8,8.666666666666666,74,8.538461538461538,20,159,85,11.333333333333334,7.5,2,8,Medium
8.5,8,5,53,Ben Cutting,All-Rounders,Parthiv Patel,Batters,1,False,-0.5,10,Mumbai,Wankhede Stadium,Medium,False,True,53,8,8.833333333333334,75,8.490566037735848,20,159,84,11.166666666666666,7.522388059701493,2,8,Medium
8.6,8,6,54,Ben Cutting,All-Rounders,Nitish Rana,Batters,1,False,-0.5,10,Mumbai,Wankhede Stadium,Medium,False,True,54,8,9.0,76,8.444444444444445,20,159,83,11.0,7.545454545454546,2,8,Medium
9.1,9,1,55,Deepak Hooda,All-Rounders,Nitish Rana,Batters,1,False,-0.5,10,Mumbai,Wankhede Stadium,Medium,False,True,55,9,9.166666666666666,77,8.4,20,159,82,10.833333333333334,7.569230769230769,2,8,Medium
9.2,9,2,56,Deepak Hooda,All-Rounders,Parthiv Patel,Batters,1,False,-0.5,10,Mumbai,Wankhede Stadium,Medium,False,True,56,9,9.333333333333334,78,8.357142857142856,20,159,81,10.666666666666666,7.59375,2,8,Medium
9.3,9,3,57,Deepak Hooda,All-Rounders,Nitish Rana,Batters,1,False,-0.5,10,Mumbai,Wankhede Stadium,Medium,False,True,57,9,9.5,79,8.31578947368421,20,159,80,10.5,7.619047619047619,2,8,Medium
9.4,9,4,58,Deepak Hooda,All-Rounders,Parthiv Patel,Batters,0,True,5.0,10,Mumbai,Wankhede Stadium,Medium,False,True,58,9,9.666666666666666,79,8.172413793103448,20,159,80,10.333333333333334,7.741935483870967,3,7,Medium
9.5,9,5,59,Deepak Hooda,All-Rounders,Nitish Rana,Batters,0,False,1.0,10,Mumbai,Wankhede Stadium,Medium,False,True,59,9,9.833333333333334,79,8.033898305084746,20,159,80,10.166666666666666,7.868852459016394,3,7,Medium
9.6,9,6,60,Deepak Hooda,All-Rounders,Nitish Rana,Batters,6,False,-3.0,10,Mumbai,Wankhede Stadium,Medium,False,True,60,9,10.0,85,8.5,20,159,74,10.0,7.4,3,7,Medium
10.1,10,1,61,Rashid Khan,All-Rounders,Kieron Pollard,All-Rounders,1,False,-0.5,10,Mumbai,Wankhede Stadium,Medium,False,True,61,10,10.166666666666666,86,8.459016393442623,20,159,73,9.833333333333334,7.423728813559322,3,7,Medium
10.2,10,2,62,Rashid Khan,All-Rounders,Nitish Rana,Batters,0,False,1.0,10,Mumbai,Wankhede Stadium,Medium,False,True,62,10,10.333333333333334,86,8.32258064516129,20,159,73,9.666666666666666,7.551724137931035,3,7,Medium
10.3,10,3,63,Rashid Khan,All-Rounders,Nitish Rana,Batters,2,False,-1.0,10,Mumbai,Wankhede Stadium,Medium,False,True,63,10,10.5,88,8.380952380952381,20,159,71,9.5,7.473684210526316,3,7,Medium
10.4,10,4,64,Rashid Khan,All-Rounders,Nitish Rana,Batters,1,False,-0.5,10,Mumbai,Wankhede Stadium,Medium,False,True,64,10,10.666666666666666,89,8.34375,20,159,70,9.333333333333334,7.499999999999999,3,7,Medium
10.5,10,5,65,Rashid Khan,All-Rounders,Kieron Pollard,All-Rounders,0,False,1.0,10,Mumbai,Wankhede Stadium,Medium,False,True,65,10,10.833333333333334,89,8.215384615384615,20,159,70,9.166666666666666,7.636363636363637,3,7,Medium
10.6,10,6,66,Rashid Khan,All-Rounders,Kieron Pollard,All-Rounders,1,False,-0.25,10,Mumbai,Wankhede Stadium,Medium,False,True,66,10,11.0,90,8.181818181818182,20,159,69,9.0,7.666666666666667,3,7,Medium
11.1,11,1,67,Ashish Nehra,Bowlers,Kieron Pollard,All-Rounders,0,False,1.0,10,Mumbai,Wankhede Stadium,Medium,False,True,67,11,11.166666666666666,90,8.059701492537314,20,159,69,8.833333333333334,7.811320754716981,3,7,Medium
11.2,11,2,68,Ashish Nehra,Bowlers,Kieron Pollard,All-Rounders,1,False,-0.5,10,Mumbai,Wankhede Stadium,Medium,False,True,68,11,11.333333333333334,91,8.029411764705882,20,159,68,8.666666666666666,7.846153846153847,3,7,Medium
11.3,11,3,69,Ashish Nehra,Bowlers,Nitish Rana,Batters,0,False,1.0,10,Mumbai,Wankhede Stadium,Medium,False,True,69,11,11.5,91,7.913043478260869,20,159,68,8.5,8.0,3,7,Medium
11.4,11,4,70,Ashish Nehra,Bowlers,Nitish Rana,Batters,1,False,-0.5,10,Mumbai,Wankhede Stadium,Medium,False,True,70,11,11.666666666666666,92,7.885714285714286,20,159,67,8.333333333333334,8.04,3,7,Medium
11.5,11,5,71,Ashish Nehra,Bowlers,Kieron Pollard,All-Rounders,1,False,-0.5,10,Mumbai,Wankhede Stadium,Medium,False,True,71,11,11.833333333333334,93,7.859154929577464,20,159,66,8.166666666666666,8.081632653061225,3,7,Medium
11.6,11,6,72,Ashish Nehra,Bowlers,Nitish Rana,Batters,4,False,-2.0,10,Mumbai,Wankhede Stadium,Medium,False,True,72,11,12.0,97,8.083333333333334,20,159,62,8.0,7.75,3,7,Medium
12.1,12,1,73,Mustafizur Rahman,Bowlers,Kieron Pollard,All-Rounders,1,False,-0.5,10,Mumbai,Wankhede Stadium,Medium,False,True,73,12,12.166666666666666,98,8.054794520547945,20,159,61,7.833333333333334,7.787234042553191,3,7,Medium
12.2,12,2,74,Mustafizur Rahman,Bowlers,Nitish Rana,Batters,0,False,1.0,10,Mumbai,Wankhede Stadium,Medium,False,True,74,12,12.333333333333334,98,7.945945945945946,20,159,61,7.666666666666666,7.9565217391304355,3,7,Medium
12.3,12,3,75,Mustafizur Rahman,Bowlers,Nitish Rana,Batters,1,False,-0.5,10,Mumbai,Wankhede Stadium,Medium,False,True,75,12,12.5,99,7.92,20,159,60,7.5,8.0,3,7,Medium
12.4,12,4,76,Mustafizur Rahman,Bowlers,Kieron Pollard,All-Rounders,6,False,-3.0,10,Mumbai,Wankhede Stadium,Medium,False,True,76,12,12.666666666666666,105,8.289473684210527,20,159,54,7.333333333333334,7.363636363636363,3,7,Medium
12.5,12,5,77,Mustafizur Rahman,Bowlers,Kieron Pollard,All-Rounders,1,False,-0.5,10,Mumbai,Wankhede Stadium,Medium,False,True,77,12,12.833333333333334,106,8.259740259740258,20,159,53,7.166666666666666,7.395348837209303,3,7,Medium
12.6,12,6,78,Mustafizur Rahman,Bowlers,Nitish Rana,Batters,1,False,-1.0,10,Mumbai,Wankhede Stadium,Medium,True,False,77,12,12.833333333333334,107,8.337662337662337,20,159,52,7.166666666666666,7.255813953488371,3,7,Medium
12.6,12,6,79,Mustafizur Rahman,Bowlers,Nitish Rana,Batters,1,False,-0.5,10,Mumbai,Wankhede Stadium,Medium,False,True,78,12,13.0,108,8.307692307692308,20,159,51,7.0,7.285714285714286,3,7,Medium
13.1,13,1,80,Bhuvneshwar Kumar,Bowlers,Nitish Rana,Batters,1,False,-0.5,10,Mumbai,Wankhede Stadium,Medium,False,True,79,13,13.166666666666666,109,8.278481012658228,20,159,50,6.833333333333334,7.317073170731707,3,7,Medium
13.2,13,2,81,Bhuvneshwar Kumar,Bowlers,Kieron Pollard,All-Rounders,1,False,-0.25,10,Mumbai,Wankhede Stadium,Medium,False,True,80,13,13.333333333333334,110,8.25,20,159,49,6.666666666666666,7.35,3,7,Medium
13.3,13,3,82,Bhuvneshwar Kumar,Bowlers,Nitish Rana,Batters,1,False,-0.5,10,Mumbai,Wankhede Stadium,Medium,False,True,81,13,13.5,111,8.222222222222221,20,159,48,6.5,7.384615384615385,3,7,Medium
13.4,13,4,83,Bhuvneshwar Kumar,Bowlers,Kieron Pollard,All-Rounders,0,True,5.0,10,Mumbai,Wankhede Stadium,Medium,False,True,82,13,13.666666666666666,111,8.121951219512196,20,159,48,6.333333333333334,7.578947368421052,4,6,Medium
13.5,13,5,84,Bhuvneshwar Kumar,Bowlers,Krunal Pandya,All-Rounders,0,False,1.0,10,Mumbai,Wankhede Stadium,Medium,False,True,83,13,13.833333333333334,111,8.024096385542169,20,159,48,6.166666666666666,7.783783783783784,4,6,Medium
13.6,13,6,85,Bhuvneshwar Kumar,Bowlers,Krunal Pandya,All-Rounders,1,False,-0.5,10,Mumbai,Wankhede Stadium,Medium,False,True,84,13,14.0,112,8.0,20,159,47,6.0,7.833333333333333,4,6,Medium
14.1,14,1,86,Rashid Khan,All-Rounders,Krunal Pandya,All-Rounders,0,False,1.0,10,Mumbai,Wankhede Stadium,Medium,False,True,85,14,14.166666666666666,112,7.905882352941177,20,159,47,5.833333333333334,8.057142857142857,4,6,Medium
14.2,14,2,87,Rashid Khan,All-Rounders,Krunal Pandya,All-Rounders,2,False,-1.0,10,Mumbai,Wankhede Stadium,Medium,False,True,86,14,14.333333333333334,114,7.953488372093023,20,159,45,5.666666666666666,7.941176470588236,4,6,Medium
14.3,14,3,88,Rashid Khan,All-Rounders,Krunal Pandya,All-Rounders,0,False,1.0,10,Mumbai,Wankhede Stadium,Medium,False,True,87,14,14.5,114,7.862068965517241,20,159,45,5.5,8.181818181818182,4,6,Medium
14.4,14,4,89,Rashid Khan,All-Rounders,Krunal Pandya,All-Rounders,0,False,1.0,10,Mumbai,Wankhede Stadium,Medium,False,True,88,14,14.666666666666666,114,7.772727272727273,20,159,45,5.333333333333334,8.437499999999998,4,6,Medium
14.5,14,5,90,Rashid Khan,All-Rounders,Krunal Pandya,All-Rounders,6,False,-3.0,10,Mumbai,Wankhede Stadium,Medium,False,True,89,14,14.833333333333334,120,8.089887640449438,20,159,39,5.166666666666666,7.548387096774195,4,6,Medium
14.6,14,6,91,Rashid Khan,All-Rounders,Krunal Pandya,All-Rounders,1,False,-0.5,10,Mumbai,Wankhede Stadium,Medium,False,True,90,14,15.0,121,8.066666666666666,20,159,38,5.0,7.6,4,6,Medium
15.1,15,1,92,Ashish Nehra,Bowlers,Krunal Pandya,All-Rounders,1,False,-0.5,10,Mumbai,Wankhede Stadium,Medium,False,True,91,15,15.166666666666666,122,8.043956043956044,20,159,37,4.833333333333334,7.655172413793102,4,6,Medium
15.2,15,2,93,Ashish Nehra,Bowlers,Nitish Rana,Batters,1,False,-0.5,10,Mumbai,Wankhede Stadium,Medium,False,True,92,15,15.333333333333334,123,8.021739130434783,20,159,36,4.666666666666666,7.714285714285715,4,6,Medium
15.3,15,3,94,Ashish Nehra,Bowlers,Krunal Pandya,All-Rounders,6,False,-3.0,10,Mumbai,Wankhede Stadium,Medium,False,True,93,15,15.5,129,8.32258064516129,20,159,30,4.5,6.666666666666667,4,6,Medium
15.4,15,4,95,Ashish Nehra,Bowlers,Krunal Pandya,All-Rounders,4,False,-2.0,10,Mumbai,Wankhede Stadium,Medium,False,True,94,15,15.666666666666666,133,8.48936170212766,20,159,26,4.333333333333334,5.999999999999999,4,6,Medium
15.5,15,5,96,Ashish Nehra,Bowlers,Krunal Pandya,All-Rounders,0,False,1.0,10,Mumbai,Wankhede Stadium,Medium,False,True,95,15,15.833333333333334,133,8.4,20,159,26,4.166666666666666,6.240000000000001,4,6,Medium
15.6,15,6,97,Ashish Nehra,Bowlers,Krunal Pandya,All-Rounders,1,False,-0.5,10,Mumbai,Wankhede Stadium,Medium,False,True,96,15,16.0,134,8.375,20,159,25,4.0,6.25,4,6,Medium
16.1,16,1,98,Ben Cutting,All-Rounders,Krunal Pandya,All-Rounders,0,False,1.0,10,Mumbai,Wankhede Stadium,Medium,False,True,97,16,16.166666666666668,134,8.288659793814432,20,159,25,3.833333333333332,6.521739130434785,4,6,Medium
16.2,16,2,99,Ben Cutting,All-Rounders,Krunal Pandya,All-Rounders,6,False,-3.0,10,Mumbai,Wankhede Stadium,Medium,False,True,98,16,16.333333333333332,140,8.571428571428571,20,159,19,3.666666666666668,5.18181818181818,4,6,Medium
16.3,16,3,100,Ben Cutting,All-Rounders,Krunal Pandya,All-Rounders,4,False,-2.0,10,Mumbai,Wankhede Stadium,Medium,False,True,99,16,16.5,144,8.727272727272727,20,159,15,3.5,4.285714285714286,4,6,Medium
16.4,16,4,101,Ben Cutting,All-Rounders,Krunal Pandya,All-Rounders,0,False,1.0,10,Mumbai,Wankhede Stadium,Medium,False,True,100,16,16.666666666666668,144,8.639999999999999,20,159,15,3.333333333333332,4.500000000000002,4,6,Medium
16.5,16,5,102,Ben Cutting,All-Rounders,Krunal Pandya,All-Rounders,4,False,-2.0,10,Mumbai,Wankhede Stadium,Medium,False,True,101,16,16.833333333333332,148,8.792079207920793,20,159,11,3.166666666666668,3.4736842105263146,4,6,Medium
16.6,16,6,103,Ben Cutting,All-Rounders,Krunal Pandya,All-Rounders,1,False,-0.5,10,Mumbai,Wankhede Stadium,Medium,False,True,102,16,17.0,149,8.764705882352942,20,159,10,3.0,3.333333333333333,4,6,Medium
17.1,17,1,104,Bhuvneshwar Kumar,Bowlers,Krunal Pandya,All-Rounders,0,True,5.0,10,Mumbai,Wankhede Stadium,Medium,False,True,103,17,17.166666666666668,149,8.679611650485436,20,159,10,2.833333333333332,3.529411764705884,5,5,Medium
17.2,17,2,105,Bhuvneshwar Kumar,Bowlers,Nitish Rana,Batters,1,False,-0.5,10,Mumbai,Wankhede Stadium,Medium,False,True,104,17,17.333333333333332,150,8.653846153846155,20,159,9,2.666666666666668,3.3749999999999987,5,5,Medium
17.3,17,3,106,Bhuvneshwar Kumar,Bowlers,Hardik Pandya,All-Rounders,0,False,1.0,10,Mumbai,Wankhede Stadium,Medium,False,True,105,17,17.5,150,8.571428571428571,20,159,9,2.5,3.6,5,5,Medium
17.4,17,4,107,Bhuvneshwar Kumar,Bowlers,Hardik Pandya,All-Rounders,1,False,-0.5,10,Mumbai,Wankhede Stadium,Medium,False,True,106,17,17.666666666666668,151,8.547169811320755,20,159,8,2.333333333333332,3.42857142857143,5,5,Medium
17.5,17,5,108,Bhuvneshwar Kumar,Bowlers,Nitish Rana,Batters,4,False,-2.0,10,Mumbai,Wankhede Stadium,Medium,False,True,107,17,17.833333333333332,155,8.69158878504673,20,159,4,2.166666666666668,1.8461538461538447,5,5,Medium
17.6,17,6,109,Bhuvneshwar Kumar,Bowlers,Nitish Rana,Batters,0,True,5.0,10,Mumbai,Wankhede Stadium,Medium,False,True,108,17,18.0,155,8.61111111111111,20,159,4,2.0,2.0,6,4,Medium
18.1,18,1,110,Mustafizur Rahman,Bowlers,Hardik Pandya,All-Rounders,1,False,-0.5,10,Mumbai,Wankhede Stadium,Medium,False,True,109,18,18.166666666666668,156,8.587155963302752,20,159,3,1.833333333333332,1.6363636363636374,6,4,Medium
18.2,18,2,111,Mustafizur Rahman,Bowlers,Harbhajan Singh,Bowlers,2,False,-1.0,10,Mumbai,Wankhede Stadium,Medium,False,True,110,18,18.33333333333333,158,8.618181818181819,20,159,1,1.666666666666668,0.5999999999999995,6,4,Medium
18.3,18,3,112,Mustafizur Rahman,Bowlers,Harbhajan Singh,Bowlers,0,False,1.0,10,Mumbai,Wankhede Stadium,Medium,False,True,111,18,18.5,158,8.54054054054054,20,159,1,1.5,0.6666666666666666,6,4,Medium
18.4,18,4,113,Mustafizur Rahman,Bowlers,Harbhajan Singh,Bowlers,1,False,-0.5,10,Mumbai,Wankhede Stadium,Medium,False,True,112,18,18.666666666666668,159,8.517857142857142,20,159,0,1.333333333333332,0.0,6,4,Medium
