Ball Number,over,ball,Ball,bowler,bowler_role,batsman,batsman_role,Runs,is_wicket,bowler_score,match_id,city,stadium,Stadium_Type,is_extra,legal_delivery,legal_deliveries_count,overs_completed,overs_bowled,total_runs,current_run_rate,total_overs,target,runs_needed,overs_remaining,required_run_rate,wickets_fallen,wickets_in_hand,Ground_Type
0.1,0,1,1,Sandeep Sharma,Bowlers,Sunil Narine,All-Rounders,1,False,-1.0,11,Kolkata,Eden Gardens,Large,True,False,0,0,0.0,1,0.0,20,171,170,20.0,8.5,0,10,Large
0.1,0,1,2,Sandeep Sharma,Bowlers,Sunil Narine,All-Rounders,0,False,1.0,11,Kolkata,Eden Gardens,Large,False,True,1,0,0.1666666666666666,1,6.0,20,171,170,19.83333333333333,8.571428571428571,0,10,Large
0.2,0,2,3,Sandeep Sharma,Bowlers,Sunil Narine,All-Rounders,4,False,-2.0,11,Kolkata,Eden Gardens,Large,False,True,2,0,0.3333333333333333,5,15.0,20,171,166,19.666666666666668,8.440677966101694,0,10,Large
0.3,0,3,4,Sandeep Sharma,Bowlers,Sunil Narine,All-Rounders,0,False,1.0,11,Kolkata,Eden Gardens,Large,False,True,3,0,0.5,5,10.0,20,171,166,19.5,8.512820512820513,0,10,Large
0.4,0,4,5,Sandeep Sharma,Bowlers,Sunil Narine,All-Rounders,0,False,1.0,11,Kolkata,Eden Gardens,Large,False,True,4,0,0.6666666666666666,5,7.5,20,171,166,19.33333333333333,8.586206896551724,0,10,Large
0.5,0,5,6,Sandeep Sharma,Bowlers,Sunil Narine,All-Rounders,0,False,1.0,11,Kolkata,Eden Gardens,Large,False,True,5,0,0.8333333333333334,5,6.0,20,171,166,19.166666666666668,8.660869565217391,0,10,Large
0.6,0,6,7,Sandeep Sharma,Bowlers,Sunil Narine,All-Rounders,0,False,1.0,11,Kolkata,Eden Gardens,Large,False,True,6,0,1.0,5,5.0,20,171,166,19.0,8.736842105263158,0,10,Large
1.1,1,1,8,Ishant Sharma,Bowlers,Gautam Gambhir,Batters,1,False,-1.0,11,Kolkata,Eden Gardens,Large,True,False,6,0,1.0,6,6.0,20,171,165,19.0,8.68421052631579,0,10,Large
1.1,1,1,9,Ishant Sharma,Bowlers,Gautam Gambhir,Batters,0,False,1.0,11,Kolkata,Eden Gardens,Large,False,True,7,1,1.1666666666666667,6,5.142857142857142,20,171,165,18.83333333333333,8.761061946902656,0,10,Large
1.2,1,2,10,Ishant Sharma,Bowlers,Gautam Gambhir,Batters,1,False,-1.0,11,Kolkata,Eden Gardens,Large,True,False,7,1,1.1666666666666667,7,6.0,20,171,164,18.83333333333333,8.707964601769913,0,10,Large
1.2,1,2,11,Ishant Sharma,Bowlers,Gautam Gambhir,Batters,4,False,-2.0,11,Kolkata,Eden Gardens,Large,False,True,8,1,1.3333333333333333,11,8.25,20,171,160,18.666666666666668,8.571428571428571,0,10,Large
1.3,1,3,12,Ishant Sharma,Bowlers,Gautam Gambhir,Batters,4,False,-2.0,11,Kolkata,Eden Gardens,Large,False,True,9,1,1.5,15,10.0,20,171,156,18.5,8.432432432432432,0,10,Large
1.4,1,4,13,Ishant Sharma,Bowlers,Gautam Gambhir,Batters,0,False,1.0,11,Kolkata,Eden Gardens,Large,False,True,10,1,1.6666666666666663,15,9.0,20,171,156,18.33333333333333,8.50909090909091,0,10,Large
1.5,1,5,14,Ishant Sharma,Bowlers,Gautam Gambhir,Batters,0,False,1.0,11,Kolkata,Eden Gardens,Large,False,True,11,1,1.8333333333333333,15,8.181818181818182,20,171,156,18.166666666666668,8.587155963302752,0,10,Large
1.6,1,6,15,Ishant Sharma,Bowlers,Gautam Gambhir,Batters,0,False,1.0,11,Kolkata,Eden Gardens,Large,False,True,12,1,2.0,15,7.5,20,171,156,18.0,8.666666666666666,0,10,Large
2.1,2,1,16,Sandeep Sharma,Bowlers,Sunil Narine,All-Rounders,6,False,-3.0,11,Kolkata,Eden Gardens,Large,False,True,13,2,2.1666666666666665,21,9.692307692307692,20,171,150,17.833333333333332,8.41121495327103,0,10,Large
2.2,2,2,17,Sandeep Sharma,Bowlers,Sunil Narine,All-Rounders,1,False,-0.5,11,Kolkata,Eden Gardens,Large,False,True,14,2,2.333333333333333,22,9.428571428571429,20,171,149,17.666666666666668,8.433962264150942,0,10,Large
2.3,2,3,18,Sandeep Sharma,Bowlers,Gautam Gambhir,Batters,0,False,1.0,11,Kolkata,Eden Gardens,Large,False,True,15,2,2.5,22,8.8,20,171,149,17.5,8.514285714285714,0,10,Large
2.4,2,4,19,Sandeep Sharma,Bowlers,Gautam Gambhir,Batters,4,False,-2.0,11,Kolkata,Eden Gardens,Large,False,True,16,2,2.6666666666666665,26,9.75,20,171,145,17.333333333333332,8.365384615384617,0,10,Large
2.5,2,5,20,Sandeep Sharma,Bowlers,Gautam Gambhir,Batters,4,False,-2.0,11,Kolkata,Eden Gardens,Large,False,True,17,2,2.833333333333333,30,10.588235294117649,20,171,141,17.166666666666668,8.213592233009708,0,10,Large
2.6,2,6,21,Sandeep Sharma,Bowlers,Gautam Gambhir,Batters,1,False,-0.5,11,Kolkata,Eden Gardens,Large,False,True,18,2,3.0,31,10.333333333333334,20,171,140,17.0,8.235294117647058,0,10,Large
3.1,3,1,22,Ishant Sharma,Bowlers,Gautam Gambhir,Batters,5,False,-0.25,11,Kolkata,Eden Gardens,Large,False,True,19,3,3.1666666666666665,36,11.36842105263158,20,171,135,16.833333333333332,8.01980198019802,0,10,Large
3.2,3,2,23,Ishant Sharma,Bowlers,Sunil Narine,All-Rounders,1,False,-0.5,11,Kolkata,Eden Gardens,Large,False,True,20,3,3.333333333333333,37,11.1,20,171,134,16.666666666666668,8.04,0,10,Large
3.3,3,3,24,Ishant Sharma,Bowlers,Gautam Gambhir,Batters,4,False,-2.0,11,Kolkata,Eden Gardens,Large,False,True,21,3,3.5,41,11.714285714285714,20,171,130,16.5,7.878787878787879,0,10,Large
3.4,3,4,25,Ishant Sharma,Bowlers,Gautam Gambhir,Batters,1,False,-0.5,11,Kolkata,Eden Gardens,Large,False,True,22,3,3.6666666666666665,42,11.454545454545457,20,171,129,16.333333333333332,7.89795918367347,0,10,Large
3.5,3,5,26,Ishant Sharma,Bowlers,Sunil Narine,All-Rounders,0,False,1.0,11,Kolkata,Eden Gardens,Large,False,True,23,3,3.8333333333333335,42,10.956521739130434,20,171,129,16.166666666666668,7.979381443298968,0,10,Large
3.6,3,6,27,Ishant Sharma,Bowlers,Sunil Narine,All-Rounders,0,False,1.0,11,Kolkata,Eden Gardens,Large,False,True,24,3,4.0,42,10.5,20,171,129,16.0,8.0625,0,10,Large
4.1,4,1,28,Glenn Maxwell,All-Rounders,Gautam Gambhir,Batters,4,False,-2.0,11,Kolkata,Eden Gardens,Large,False,True,25,4,4.166666666666667,46,11.04,20,171,125,15.833333333333332,7.894736842105264,0,10,Large
4.2,4,2,29,Glenn Maxwell,All-Rounders,Gautam Gambhir,Batters,1,False,-0.5,11,Kolkata,Eden Gardens,Large,False,True,26,4,4.333333333333333,47,10.846153846153848,20,171,124,15.666666666666668,7.914893617021276,0,10,Large
4.3,4,3,30,Glenn Maxwell,All-Rounders,Sunil Narine,All-Rounders,4,False,-2.0,11,Kolkata,Eden Gardens,Large,False,True,27,4,4.5,51,11.333333333333334,20,171,120,15.5,7.741935483870968,0,10,Large
4.4,4,4,31,Glenn Maxwell,All-Rounders,Sunil Narine,All-Rounders,4,False,-2.0,11,Kolkata,Eden Gardens,Large,False,True,28,4,4.666666666666667,55,11.785714285714285,20,171,116,15.333333333333332,7.565217391304349,0,10,Large
4.5,4,5,32,Glenn Maxwell,All-Rounders,Sunil Narine,All-Rounders,1,False,-0.5,11,Kolkata,Eden Gardens,Large,False,True,29,4,4.833333333333333,56,11.586206896551724,20,171,115,15.166666666666668,7.582417582417582,0,10,Large
4.6,4,6,33,Glenn Maxwell,All-Rounders,Gautam Gambhir,Batters,4,False,-2.0,11,Kolkata,Eden Gardens,Large,False,True,30,4,5.0,60,12.0,20,171,111,15.0,7.4,0,10,Large
5.1,5,1,34,Varun Aaron,Bowlers,Sunil Narine,All-Rounders,6,False,-3.0,11,Kolkata,Eden Gardens,Large,False,True,31,5,5.166666666666667,66,12.774193548387096,20,171,105,14.833333333333332,7.078651685393259,0,10,Large
5.2,5,2,35,Varun Aaron,Bowlers,Sunil Narine,All-Rounders,6,False,-3.0,11,Kolkata,Eden Gardens,Large,False,True,32,5,5.333333333333333,72,13.5,20,171,99,14.666666666666668,6.749999999999999,0,10,Large
5.3,5,3,36,Varun Aaron,Bowlers,Sunil Narine,All-Rounders,4,False,-2.0,11,Kolkata,Eden Gardens,Large,False,True,33,5,5.5,76,13.818181818181818,20,171,95,14.5,6.551724137931035,0,10,Large
5.4,5,4,37,Varun Aaron,Bowlers,Sunil Narine,All-Rounders,0,True,5.0,11,Kolkata,Eden Gardens,Large,False,True,34,5,5.666666666666667,76,13.411764705882351,20,171,95,14.333333333333332,6.627906976744186,1,9,Large
5.5,5,5,38,Varun Aaron,Bowlers,Robin Uthappa,Batters,0,False,1.0,11,Kolkata,Eden Gardens,Large,False,True,35,5,5.833333333333333,76,13.028571428571428,20,171,95,14.166666666666668,6.705882352941176,1,9,Large
5.6,5,6,39,Varun Aaron,Bowlers,Robin Uthappa,Batters,0,False,1.0,11,Kolkata,Eden Gardens,Large,False,True,36,5,6.0,76,12.666666666666666,20,171,95,14.0,6.785714285714286,1,9,Large
6.1,6,1,40,Mohit Sharma,Bowlers,Gautam Gambhir,Batters,4,False,-2.0,11,Kolkata,Eden Gardens,Large,False,True,37,6,6.166666666666667,80,12.972972972972972,20,171,91,13.833333333333332,6.578313253012049,1,9,Large
6.2,6,2,41,Mohit Sharma,Bowlers,Gautam Gambhir,Batters,0,False,1.0,11,Kolkata,Eden Gardens,Large,False,True,38,6,6.333333333333333,80,12.63157894736842,20,171,91,13.666666666666668,6.658536585365853,1,9,Large
6.3,6,3,42,Mohit Sharma,Bowlers,Gautam Gambhir,Batters,1,False,-0.5,11,Kolkata,Eden Gardens,Large,False,True,39,6,6.5,81,12.461538461538462,20,171,90,13.5,6.666666666666667,1,9,Large
6.4,6,4,43,Mohit Sharma,Bowlers,Robin Uthappa,Batters,0,False,1.0,11,Kolkata,Eden Gardens,Large,False,True,40,6,6.666666666666667,81,12.15,20,171,90,13.333333333333332,6.750000000000001,1,9,Large
6.5,6,5,44,Mohit Sharma,Bowlers,Robin Uthappa,Batters,6,False,-3.0,11,Kolkata,Eden Gardens,Large,False,True,41,6,6.833333333333333,87,12.731707317073171,20,171,84,13.166666666666668,6.379746835443037,1,9,Large
6.6,6,6,45,Mohit Sharma,Bowlers,Robin Uthappa,Batters,2,False,-1.0,11,Kolkata,Eden Gardens,Large,False,True,42,6,7.0,89,12.714285714285714,20,171,82,13.0,6.307692307692308,1,9,Large
7.1,7,1,46,Axar Patel,All-Rounders,Gautam Gambhir,Batters,1,False,-0.5,11,Kolkata,Eden Gardens,Large,False,True,43,7,7.166666666666667,90,12.55813953488372,20,171,81,12.833333333333332,6.311688311688313,1,9,Large
7.2,7,2,47,Axar Patel,All-Rounders,Robin Uthappa,Batters,4,False,-2.0,11,Kolkata,Eden Gardens,Large,False,True,44,7,7.333333333333333,94,12.818181818181818,20,171,77,12.666666666666668,6.078947368421052,1,9,Large
7.3,7,3,48,Axar Patel,All-Rounders,Robin Uthappa,Batters,1,False,-0.5,11,Kolkata,Eden Gardens,Large,False,True,45,7,7.5,95,12.666666666666666,20,171,76,12.5,6.08,1,9,Large
7.4,7,4,49,Axar Patel,All-Rounders,Gautam Gambhir,Batters,1,False,-0.5,11,Kolkata,Eden Gardens,Large,False,True,46,7,7.666666666666667,96,12.52173913043478,20,171,75,12.333333333333332,6.081081081081082,1,9,Large
7.5,7,5,50,Axar Patel,All-Rounders,Robin Uthappa,Batters,1,False,-0.5,11,Kolkata,Eden Gardens,Large,False,True,47,7,7.833333333333333,97,12.382978723404255,20,171,74,12.166666666666668,6.082191780821917,1,9,Large
7.6,7,6,51,Axar Patel,All-Rounders,Gautam Gambhir,Batters,2,False,-1.0,11,Kolkata,Eden Gardens,Large,False,True,48,7,8.0,99,12.375,20,171,72,12.0,6.0,1,9,Large
8.1,8,1,52,Marcus Stoinis,All-Rounders,Robin Uthappa,Batters,1,False,-0.5,11,Kolkata,Eden Gardens,Large,False,True,49,8,8.166666666666666,100,12.244897959183676,20,171,71,11.833333333333334,6.0,1,9,Large
8.2,8,2,53,Marcus Stoinis,All-Rounders,Gautam Gambhir,Batters,1,False,-0.5,11,Kolkata,Eden Gardens,Large,False,True,50,8,8.333333333333334,101,12.12,20,171,70,11.666666666666666,6.0,1,9,Large
8.3,8,3,54,Marcus Stoinis,All-Rounders,Robin Uthappa,Batters,4,False,-2.0,11,Kolkata,Eden Gardens,Large,False,True,51,8,8.5,105,12.352941176470589,20,171,66,11.5,5.739130434782608,1,9,Large
8.4,8,4,55,Marcus Stoinis,All-Rounders,Robin Uthappa,Batters,0,False,1.0,11,Kolkata,Eden Gardens,Large,False,True,52,8,8.666666666666666,105,12.115384615384617,20,171,66,11.333333333333334,5.823529411764706,1,9,Large
8.5,8,5,56,Marcus Stoinis,All-Rounders,Robin Uthappa,Batters,1,False,-0.25,11,Kolkata,Eden Gardens,Large,False,True,53,8,8.833333333333334,106,12.0,20,171,65,11.166666666666666,5.82089552238806,1,9,Large
8.6,8,6,57,Marcus Stoinis,All-Rounders,Gautam Gambhir,Batters,1,False,-0.5,11,Kolkata,Eden Gardens,Large,False,True,54,8,9.0,107,11.88888888888889,20,171,64,11.0,5.818181818181818,1,9,Large
9.1,9,1,58,Axar Patel,All-Rounders,Gautam Gambhir,Batters,1,False,-0.5,11,Kolkata,Eden Gardens,Large,False,True,55,9,9.166666666666666,108,11.781818181818185,20,171,63,10.833333333333334,5.815384615384615,1,9,Large
9.2,9,2,59,Axar Patel,All-Rounders,Robin Uthappa,Batters,2,False,-1.0,11,Kolkata,Eden Gardens,Large,False,True,56,9,9.333333333333334,110,11.785714285714285,20,171,61,10.666666666666666,5.71875,1,9,Large
9.3,9,3,60,Axar Patel,All-Rounders,Robin Uthappa,Batters,4,False,-2.0,11,Kolkata,Eden Gardens,Large,False,True,57,9,9.5,114,12.0,20,171,57,10.5,5.428571428571429,1,9,Large
9.4,9,4,61,Axar Patel,All-Rounders,Robin Uthappa,Batters,1,False,-0.5,11,Kolkata,Eden Gardens,Large,False,True,58,9,9.666666666666666,115,11.896551724137932,20,171,56,10.333333333333334,5.419354838709677,1,9,Large
9.5,9,5,62,Axar Patel,All-Rounders,Gautam Gambhir,Batters,1,False,-0.5,11,Kolkata,Eden Gardens,Large,False,True,59,9,9.833333333333334,116,11.796610169491524,20,171,55,10.166666666666666,5.409836065573771,1,9,Large
9.6,9,6,63,Axar Patel,All-Rounders,Robin Uthappa,Batters,0,True,5.0,11,Kolkata,Eden Gardens,Large,False,True,60,9,10.0,116,11.6,20,171,55,10.0,5.5,2,8,Large
10.1,10,1,64,Varun Aaron,Bowlers,Gautam Gambhir,Batters,1,False,-0.5,11,Kolkata,Eden Gardens,Large,False,True,61,10,10.166666666666666,117,11.508196721311476,20,171,54,9.833333333333334,5.491525423728813,2,8,Large
10.2,10,2,65,Varun Aaron,Bowlers,Manish Pandey,Batters,1,False,-1.0,11,Kolkata,Eden Gardens,Large,True,False,61,10,10.166666666666666,118,11.606557377049182,20,171,53,9.833333333333334,5.389830508474576,2,8,Large
10.2,10,2,66,Varun Aaron,Bowlers,Manish Pandey,Batters,1,False,-0.5,11,Kolkata,Eden Gardens,Large,False,True,62,10,10.333333333333334,119,11.516129032258064,20,171,52,9.666666666666666,5.379310344827586,2,8,Large
10.3,10,3,67,Varun Aaron,Bowlers,Gautam Gambhir,Batters,1,False,-0.5,11,Kolkata,Eden Gardens,Large,False,True,63,10,10.5,120,11.428571428571429,20,171,51,9.5,5.368421052631579,2,8,Large
10.4,10,4,68,Varun Aaron,Bowlers,Manish Pandey,Batters,1,False,-0.5,11,Kolkata,Eden Gardens,Large,False,True,64,10,10.666666666666666,121,11.34375,20,171,50,9.333333333333334,5.357142857142857,2,8,Large
10.5,10,5,69,Varun Aaron,Bowlers,Gautam Gambhir,Batters,0,False,1.0,11,Kolkata,Eden Gardens,Large,False,True,65,10,10.833333333333334,121,11.169230769230769,20,171,50,9.166666666666666,5.454545454545455,2,8,Large
10.6,10,6,70,Varun Aaron,Bowlers,Gautam Gambhir,Batters,1,False,-1.0,11,Kolkata,Eden Gardens,Large,True,False,65,10,10.833333333333334,122,11.26153846153846,20,171,49,9.166666666666666,5.345454545454546,2,8,Large
10.6,10,6,71,Varun Aaron,Bowlers,Gautam Gambhir,Batters,1,False,-0.5,11,Kolkata,Eden Gardens,Large,False,True,66,10,11.0,123,11.181818181818182,20,171,48,9.0,5.333333333333333,2,8,Large
11.1,11,1,72,Axar Patel,All-Rounders,Gautam Gambhir,Batters,1,False,-0.5,11,Kolkata,Eden Gardens,Large,False,True,67,11,11.166666666666666,124,11.1044776119403,20,171,47,8.833333333333334,5.320754716981131,2,8,Large
11.2,11,2,73,Axar Patel,All-Rounders,Manish Pandey,Batters,1,False,-0.5,11,Kolkata,Eden Gardens,Large,False,True,68,11,11.333333333333334,125,11.029411764705882,20,171,46,8.666666666666666,5.307692307692308,2,8,Large
11.3,11,3,74,Axar Patel,All-Rounders,Gautam Gambhir,Batters,1,False,-0.5,11,Kolkata,Eden Gardens,Large,False,True,69,11,11.5,126,10.956521739130435,20,171,45,8.5,5.294117647058823,2,8,Large
11.4,11,4,75,Axar Patel,All-Rounders,Manish Pandey,Batters,1,False,-0.5,11,Kolkata,Eden Gardens,Large,False,True,70,11,11.666666666666666,127,10.885714285714286,20,171,44,8.333333333333334,5.279999999999999,2,8,Large
11.5,11,5,76,Axar Patel,All-Rounders,Gautam Gambhir,Batters,0,False,1.0,11,Kolkata,Eden Gardens,Large,False,True,71,11,11.833333333333334,127,10.732394366197182,20,171,44,8.166666666666666,5.387755102040817,2,8,Large
11.6,11,6,77,Axar Patel,All-Rounders,Gautam Gambhir,Batters,1,False,-0.5,11,Kolkata,Eden Gardens,Large,False,True,72,11,12.0,128,10.666666666666666,20,171,43,8.0,5.375,2,8,Large
12.1,12,1,78,Mohit Sharma,Bowlers,Gautam Gambhir,Batters,1,False,-0.5,11,Kolkata,Eden Gardens,Large,False,True,73,12,12.166666666666666,129,10.602739726027398,20,171,42,7.833333333333334,5.361702127659574,2,8,Large
12.2,12,2,79,Mohit Sharma,Bowlers,Manish Pandey,Batters,1,False,-0.5,11,Kolkata,Eden Gardens,Large,False,True,74,12,12.333333333333334,130,10.54054054054054,20,171,41,7.666666666666666,5.347826086956522,2,8,Large
12.3,12,3,80,Mohit Sharma,Bowlers,Gautam Gambhir,Batters,4,False,-2.0,11,Kolkata,Eden Gardens,Large,False,True,75,12,12.5,134,10.72,20,171,37,7.5,4.933333333333334,2,8,Large
12.4,12,4,81,Mohit Sharma,Bowlers,Gautam Gambhir,Batters,1,False,-0.5,11,Kolkata,Eden Gardens,Large,False,True,76,12,12.666666666666666,135,10.657894736842106,20,171,36,7.333333333333334,4.909090909090908,2,8,Large
12.5,12,5,82,Mohit Sharma,Bowlers,Manish Pandey,Batters,0,False,1.0,11,Kolkata,Eden Gardens,Large,False,True,77,12,12.833333333333334,135,10.51948051948052,20,171,36,7.166666666666666,5.023255813953488,2,8,Large
12.6,12,6,83,Mohit Sharma,Bowlers,Manish Pandey,Batters,1,False,-0.5,11,Kolkata,Eden Gardens,Large,False,True,78,12,13.0,136,10.461538461538462,20,171,35,7.0,5.0,2,8,Large
13.1,13,1,84,Axar Patel,All-Rounders,Manish Pandey,Batters,1,False,-0.5,11,Kolkata,Eden Gardens,Large,False,True,79,13,13.166666666666666,137,10.40506329113924,20,171,34,6.833333333333334,4.975609756097561,2,8,Large
13.2,13,2,85,Axar Patel,All-Rounders,Gautam Gambhir,Batters,1,False,-0.5,11,Kolkata,Eden Gardens,Large,False,True,80,13,13.333333333333334,138,10.35,20,171,33,6.666666666666666,4.95,2,8,Large
13.3,13,3,86,Axar Patel,All-Rounders,Manish Pandey,Batters,1,False,-0.5,11,Kolkata,Eden Gardens,Large,False,True,81,13,13.5,139,10.296296296296296,20,171,32,6.5,4.923076923076923,2,8,Large
13.4,13,4,87,Axar Patel,All-Rounders,Gautam Gambhir,Batters,4,False,-2.0,11,Kolkata,Eden Gardens,Large,False,True,82,13,13.666666666666666,143,10.463414634146345,20,171,28,6.333333333333334,4.421052631578947,2,8,Large
13.5,13,5,88,Axar Patel,All-Rounders,Gautam Gambhir,Batters,1,False,-0.5,11,Kolkata,Eden Gardens,Large,False,True,83,13,13.833333333333334,144,10.409638554216867,20,171,27,6.166666666666666,4.378378378378379,2,8,Large
13.6,13,6,89,Axar Patel,All-Rounders,Manish Pandey,Batters,4,False,-2.0,11,Kolkata,Eden Gardens,Large,False,True,84,13,14.0,148,10.571428571428571,20,171,23,6.0,3.8333333333333335,2,8,Large
14.1,14,1,90,Mohit Sharma,Bowlers,Gautam Gambhir,Batters,1,False,-0.5,11,Kolkata,Eden Gardens,Large,False,True,85,14,14.166666666666666,149,10.51764705882353,20,171,22,5.833333333333334,3.771428571428571,2,8,Large
14.2,14,2,91,Mohit Sharma,Bowlers,Manish Pandey,Batters,1,False,-0.5,11,Kolkata,Eden Gardens,Large,False,True,86,14,14.333333333333334,150,10.465116279069766,20,171,21,5.666666666666666,3.705882352941177,2,8,Large
14.3,14,3,92,Mohit Sharma,Bowlers,Gautam Gambhir,Batters,1,False,-0.5,11,Kolkata,Eden Gardens,Large,False,True,87,14,14.5,151,10.413793103448276,20,171,20,5.5,3.636363636363636,2,8,Large
14.4,14,4,93,Mohit Sharma,Bowlers,Manish Pandey,Batters,4,False,-2.0,11,Kolkata,Eden Gardens,Large,False,True,88,14,14.666666666666666,155,10.568181818181818,20,171,16,5.333333333333334,3.0,2,8,Large
14.5,14,5,94,Mohit Sharma,Bowlers,Manish Pandey,Batters,1,False,-0.5,11,Kolkata,Eden Gardens,Large,False,True,89,14,14.833333333333334,156,10.516853932584269,20,171,15,5.166666666666666,2.903225806451613,2,8,Large
14.6,14,6,95,Mohit Sharma,Bowlers,Gautam Gambhir,Batters,1,False,-0.5,11,Kolkata,Eden Gardens,Large,False,True,90,14,15.0,157,10.466666666666669,20,171,14,5.0,2.8,2,8,Large
15.1,15,1,96,Sandeep Sharma,Bowlers,Gautam Gambhir,Batters,1,False,-0.5,11,Kolkata,Eden Gardens,Large,False,True,91,15,15.166666666666666,158,10.417582417582418,20,171,13,4.833333333333334,2.6896551724137927,2,8,Large
15.2,15,2,97,Sandeep Sharma,Bowlers,Manish Pandey,Batters,1,False,-0.5,11,Kolkata,Eden Gardens,Large,False,True,92,15,15.333333333333334,159,10.369565217391305,20,171,12,4.666666666666666,2.571428571428572,2,8,Large
15.3,15,3,98,Sandeep Sharma,Bowlers,Gautam Gambhir,Batters,0,False,1.0,11,Kolkata,Eden Gardens,Large,False,True,93,15,15.5,159,10.258064516129032,20,171,12,4.5,2.6666666666666665,2,8,Large
15.4,15,4,99,Sandeep Sharma,Bowlers,Gautam Gambhir,Batters,0,False,1.0,11,Kolkata,Eden Gardens,Large,False,True,94,15,15.666666666666666,159,10.148936170212766,20,171,12,4.333333333333334,2.7692307692307687,2,8,Large
15.5,15,5,100,Sandeep Sharma,Bowlers,Gautam Gambhir,Batters,4,False,-2.0,11,Kolkata,Eden Gardens,Large,False,True,95,15,15.833333333333334,163,10.294736842105262,20,171,8,4.166666666666666,1.9200000000000004,2,8,Large
15.6,15,6,101,Sandeep Sharma,Bowlers,Gautam Gambhir,Batters,1,False,-0.5,11,Kolkata,Eden Gardens,Large,False,True,96,15,16.0,164,10.25,20,171,7,4.0,1.75,2,8,Large
16.1,16,1,102,Marcus Stoinis,All-Rounders,Gautam Gambhir,Batters,1,False,-0.5,11,Kolkata,Eden Gardens,Large,False,True,97,16,16.166666666666668,165,10.206185567010309,20,171,6,3.833333333333332,1.5652173913043483,2,8,Large
16.2,16,2,103,Marcus Stoinis,All-Rounders,Manish Pandey,Batters,0,False,1.0,11,Kolkata,Eden Gardens,Large,False,True,98,16,16.333333333333332,165,10.10204081632653,20,171,6,3.666666666666668,1.6363636363636358,2,8,Large
16.3,16,3,104,Marcus Stoinis,All-Rounders,Manish Pandey,Batters,6,False,-3.0,11,Kolkata,Eden Gardens,Large,False,True,99,16,16.5,171,10.363636363636363,20,171,0,3.5,0.0,2,8,Large
