Ball Number,over,ball,Ball,bowler,bowler_role,batsman,batsman_role,Runs,is_wicket,bowler_score,match_id,city,stadium,Stadium_Type,is_extra,legal_delivery,legal_deliveries_count,overs_completed,overs_bowled,total_runs,current_run_rate,total_overs,target,runs_needed,overs_remaining,required_run_rate,wickets_fallen,wickets_in_hand,Ground_Type
0.1,0,1,1,Adam Milne,Bowlers,Ajinkya Rahane,Batters,0,False,1.0,17,Bangalore,M Chinnaswamy Stadium,Medium,False,True,1,0,0.1666666666666666,0,0.0,20,162,162,19.83333333333333,8.168067226890757,0,10,Medium
0.2,0,2,2,Adam Milne,Bowlers,Ajinkya Rahane,Batters,0,False,1.0,17,Bangalore,M Chinnaswamy Stadium,Medium,False,True,2,0,0.3333333333333333,0,0.0,20,162,162,19.666666666666668,8.23728813559322,0,10,Medium
0.3,0,3,3,Adam Milne,Bowlers,Ajinkya Rahane,Batters,0,False,1.0,17,Bangalore,M Chinnaswamy Stadium,Medium,False,True,3,0,0.5,0,0.0,20,162,162,19.5,8.307692307692308,0,10,Medium
0.4,0,4,4,Adam Milne,Bowlers,Ajinkya Rahane,Batters,1,False,-0.5,17,Bangalore,M Chinnaswamy Stadium,Medium,False,True,4,0,0.6666666666666666,1,1.5,20,162,161,19.33333333333333,8.327586206896552,0,10,Medium
0.5,0,5,5,Adam Milne,Bowlers,Rahul Tripathi,Batters,1,False,-0.5,17,Bangalore,M Chinnaswamy Stadium,Medium,False,True,5,0,0.8333333333333334,2,2.4,20,162,160,19.166666666666668,8.347826086956522,0,10,Medium
0.6,0,6,6,Adam Milne,Bowlers,Ajinkya Rahane,Batters,1,False,-0.5,17,Bangalore,M Chinnaswamy Stadium,Medium,False,True,6,0,1.0,3,3.0,20,162,159,19.0,8.368421052631579,0,10,Medium
1.1,1,1,7,Samuel Badree,Bowlers,Ajinkya Rahane,Batters,4,False,-2.0,17,Bangalore,M Chinnaswamy Stadium,Medium,False,True,7,1,1.1666666666666667,7,6.0,20,162,155,18.83333333333333,8.230088495575222,0,10,Medium
1.2,1,2,8,Samuel Badree,Bowlers,Ajinkya Rahane,Batters,1,False,-0.5,17,Bangalore,M Chinnaswamy Stadium,Medium,False,True,8,1,1.3333333333333333,8,6.0,20,162,154,18.666666666666668,8.25,0,10,Medium
1.3,1,3,9,Samuel Badree,Bowlers,Rahul Tripathi,Batters,1,False,-0.5,17,Bangalore,M Chinnaswamy Stadium,Medium,False,True,9,1,1.5,9,6.0,20,162,153,18.5,8.27027027027027,0,10,Medium
1.4,1,4,10,Samuel Badree,Bowlers,Ajinkya Rahane,Batters,1,False,-0.5,17,Bangalore,M Chinnaswamy Stadium,Medium,False,True,10,1,1.6666666666666663,10,6.000000000000001,20,162,152,18.33333333333333,8.290909090909091,0,10,Medium
1.5,1,5,11,Samuel Badree,Bowlers,Rahul Tripathi,Batters,1,False,-0.5,17,Bangalore,M Chinnaswamy Stadium,Medium,False,True,11,1,1.8333333333333333,11,5.999999999999999,20,162,151,18.166666666666668,8.311926605504587,0,10,Medium
1.6,1,6,12,Samuel Badree,Bowlers,Ajinkya Rahane,Batters,0,False,1.0,17,Bangalore,M Chinnaswamy Stadium,Medium,False,True,12,1,2.0,11,5.5,20,162,151,18.0,8.38888888888889,0,10,Medium
2.1,2,1,13,Adam Milne,Bowlers,Rahul Tripathi,Batters,4,False,-2.0,17,Bangalore,M Chinnaswamy Stadium,Medium,False,True,13,2,2.1666666666666665,15,6.923076923076923,20,162,147,17.833333333333332,8.242990654205608,0,10,Medium
2.2,2,2,14,Adam Milne,Bowlers,Rahul Tripathi,Batters,4,False,-0.25,17,Bangalore,M Chinnaswamy Stadium,Medium,False,True,14,2,2.333333333333333,19,8.142857142857142,20,162,143,17.666666666666668,8.09433962264151,0,10,Medium
2.3,2,3,15,Adam Milne,Bowlers,Rahul Tripathi,Batters,1,False,-0.5,17,Bangalore,M Chinnaswamy Stadium,Medium,False,True,15,2,2.5,20,8.0,20,162,142,17.5,8.114285714285714,0,10,Medium
2.4,2,4,16,Adam Milne,Bowlers,Ajinkya Rahane,Batters,0,False,1.0,17,Bangalore,M Chinnaswamy Stadium,Medium,False,True,16,2,2.6666666666666665,20,7.5,20,162,142,17.333333333333332,8.192307692307693,0,10,Medium
2.5,2,5,17,Adam Milne,Bowlers,Ajinkya Rahane,Batters,4,False,-2.0,17,Bangalore,M Chinnaswamy Stadium,Medium,False,True,17,2,2.833333333333333,24,8.470588235294118,20,162,138,17.166666666666668,8.03883495145631,0,10,Medium
2.6,2,6,18,Adam Milne,Bowlers,Ajinkya Rahane,Batters,4,False,-2.0,17,Bangalore,M Chinnaswamy Stadium,Medium,False,True,18,2,3.0,28,9.333333333333334,20,162,134,17.0,7.882352941176471,0,10,Medium
3.1,3,1,19,Sreenath Aravind,Bowlers,Rahul Tripathi,Batters,0,False,1.0,17,Bangalore,M Chinnaswamy Stadium,Medium,False,True,19,3,3.1666666666666665,28,8.842105263157896,20,162,134,16.833333333333332,7.960396039603961,0,10,Medium
3.2,3,2,20,Sreenath Aravind,Bowlers,Rahul Tripathi,Batters,6,False,-3.0,17,Bangalore,M Chinnaswamy Stadium,Medium,False,True,20,3,3.333333333333333,34,10.2,20,162,128,16.666666666666668,7.68,0,10,Medium
3.3,3,3,21,Sreenath Aravind,Bowlers,Rahul Tripathi,Batters,4,False,-2.0,17,Bangalore,M Chinnaswamy Stadium,Medium,False,True,21,3,3.5,38,10.857142857142858,20,162,124,16.5,7.515151515151516,0,10,Medium
3.4,3,4,22,Sreenath Aravind,Bowlers,Rahul Tripathi,Batters,2,False,-1.0,17,Bangalore,M Chinnaswamy Stadium,Medium,False,True,22,3,3.6666666666666665,40,10.90909090909091,20,162,122,16.333333333333332,7.469387755102042,0,10,Medium
3.5,3,5,23,Sreenath Aravind,Bowlers,Rahul Tripathi,Batters,0,False,1.0,17,Bangalore,M Chinnaswamy Stadium,Medium,False,True,23,3,3.8333333333333335,40,10.434782608695652,20,162,122,16.166666666666668,7.546391752577319,0,10,Medium
3.6,3,6,24,Sreenath Aravind,Bowlers,Rahul Tripathi,Batters,1,False,-0.5,17,Bangalore,M Chinnaswamy Stadium,Medium,False,True,24,3,4.0,41,10.25,20,162,121,16.0,7.5625,0,10,Medium
4.1,4,1,25,Shane Watson,All-Rounders,Rahul Tripathi,Batters,0,False,1.0,17,Bangalore,M Chinnaswamy Stadium,Medium,False,True,25,4,4.166666666666667,41,9.84,20,162,121,15.833333333333332,7.642105263157895,0,10,Medium
4.2,4,2,26,Shane Watson,All-Rounders,Rahul Tripathi,Batters,1,False,-0.5,17,Bangalore,M Chinnaswamy Stadium,Medium,False,True,26,4,4.333333333333333,42,9.692307692307692,20,162,120,15.666666666666668,7.659574468085106,0,10,Medium
4.3,4,3,27,Shane Watson,All-Rounders,Ajinkya Rahane,Batters,0,False,1.0,17,Bangalore,M Chinnaswamy Stadium,Medium,False,True,27,4,4.5,42,9.333333333333334,20,162,120,15.5,7.741935483870968,0,10,Medium
4.4,4,4,28,Shane Watson,All-Rounders,Ajinkya Rahane,Batters,0,False,1.0,17,Bangalore,M Chinnaswamy Stadium,Medium,False,True,28,4,4.666666666666667,42,9.0,20,162,120,15.333333333333332,7.82608695652174,0,10,Medium
4.5,4,5,29,Shane Watson,All-Rounders,Ajinkya Rahane,Batters,4,False,-2.0,17,Bangalore,M Chinnaswamy Stadium,Medium,False,True,29,4,4.833333333333333,46,9.517241379310343,20,162,116,15.166666666666668,7.648351648351648,0,10,Medium
4.6,4,6,30,Shane Watson,All-Rounders,Ajinkya Rahane,Batters,4,False,-2.0,17,Bangalore,M Chinnaswamy Stadium,Medium,False,True,30,4,5.0,50,10.0,20,162,112,15.0,7.466666666666667,0,10,Medium
5.1,5,1,31,Sreenath Aravind,Bowlers,Rahul Tripathi,Batters,0,False,1.0,17,Bangalore,M Chinnaswamy Stadium,Medium,False,True,31,5,5.166666666666667,50,9.67741935483871,20,162,112,14.833333333333332,7.55056179775281,0,10,Medium
5.2,5,2,32,Sreenath Aravind,Bowlers,Rahul Tripathi,Batters,0,False,1.0,17,Bangalore,M Chinnaswamy Stadium,Medium,False,True,32,5,5.333333333333333,50,9.375,20,162,112,14.666666666666668,7.636363636363636,0,10,Medium
5.3,5,3,33,Sreenath Aravind,Bowlers,Rahul Tripathi,Batters,1,False,-0.5,17,Bangalore,M Chinnaswamy Stadium,Medium,False,True,33,5,5.5,51,9.272727272727272,20,162,111,14.5,7.655172413793103,0,10,Medium
5.3,5,3,34,Sreenath Aravind,Bowlers,Rahul Tripathi,Batters,1,False,-1.0,17,Bangalore,M Chinnaswamy Stadium,Medium,True,False,33,5,5.5,52,9.454545454545457,20,162,110,14.5,7.586206896551724,0,10,Medium
5.4,5,4,35,Sreenath Aravind,Bowlers,Ajinkya Rahane,Batters,1,False,-0.5,17,Bangalore,M Chinnaswamy Stadium,Medium,False,True,34,5,5.666666666666667,53,9.352941176470589,20,162,109,14.333333333333332,7.604651162790698,0,10,Medium
5.5,5,5,36,Sreenath Aravind,Bowlers,Rahul Tripathi,Batters,1,False,-0.5,17,Bangalore,M Chinnaswamy Stadium,Medium,False,True,35,5,5.833333333333333,54,9.257142857142858,20,162,108,14.166666666666668,7.623529411764705,0,10,Medium
5.6,5,6,37,Sreenath Aravind,Bowlers,Ajinkya Rahane,Batters,1,False,-0.5,17,Bangalore,M Chinnaswamy Stadium,Medium,False,True,36,5,6.0,55,9.166666666666666,20,162,107,14.0,7.642857142857143,0,10,Medium
6.1,6,1,38,Pawan Negi,Bowlers,Ajinkya Rahane,Batters,1,False,-1.0,17,Bangalore,M Chinnaswamy Stadium,Medium,True,False,36,5,6.0,56,9.333333333333334,20,162,106,14.0,7.571428571428571,0,10,Medium
6.1,6,1,39,Pawan Negi,Bowlers,Ajinkya Rahane,Batters,0,False,1.0,17,Bangalore,M Chinnaswamy Stadium,Medium,False,True,37,6,6.166666666666667,56,9.08108108108108,20,162,106,13.833333333333332,7.662650602409639,0,10,Medium
6.2,6,2,40,Pawan Negi,Bowlers,Ajinkya Rahane,Batters,1,False,-0.5,17,Bangalore,M Chinnaswamy Stadium,Medium,False,True,38,6,6.333333333333333,57,9.0,20,162,105,13.666666666666668,7.682926829268292,0,10,Medium
6.3,6,3,41,Pawan Negi,Bowlers,Rahul Tripathi,Batters,1,False,-0.5,17,Bangalore,M Chinnaswamy Stadium,Medium,False,True,39,6,6.5,58,8.923076923076923,20,162,104,13.5,7.703703703703703,0,10,Medium
6.4,6,4,42,Pawan Negi,Bowlers,Ajinkya Rahane,Batters,1,False,-0.5,17,Bangalore,M Chinnaswamy Stadium,Medium,False,True,40,6,6.666666666666667,59,8.85,20,162,103,13.333333333333332,7.725,0,10,Medium
6.5,6,5,43,Pawan Negi,Bowlers,Rahul Tripathi,Batters,1,False,-0.5,17,Bangalore,M Chinnaswamy Stadium,Medium,False,True,41,6,6.833333333333333,60,8.78048780487805,20,162,102,13.166666666666668,7.746835443037974,0,10,Medium
6.6,6,6,44,Pawan Negi,Bowlers,Ajinkya Rahane,Batters,1,False,-0.5,17,Bangalore,M Chinnaswamy Stadium,Medium,False,True,42,6,7.0,61,8.714285714285714,20,162,101,13.0,7.769230769230769,0,10,Medium
7.1,7,1,45,Samuel Badree,Bowlers,Ajinkya Rahane,Batters,0,False,1.0,17,Bangalore,M Chinnaswamy Stadium,Medium,False,True,43,7,7.166666666666667,61,8.511627906976743,20,162,101,12.833333333333332,7.870129870129871,0,10,Medium
7.2,7,2,46,,,,,0,False,0.0,17,Bangalore,M Chinnaswamy Stadium,Medium,False,True,44,7,7.333333333333333,61,8.318181818181818,20,162,101,12.666666666666668,7.973684210526315,0,10,Medium
7.3,7,3,47,Samuel Badree,Bowlers,Rahul Tripathi,Batters,1,False,-0.5,17,Bangalore,M Chinnaswamy Stadium,Medium,False,True,45,7,7.5,62,8.266666666666667,20,162,100,12.5,8.0,0,10,Medium
7.4,7,4,48,Samuel Badree,Bowlers,Ajinkya Rahane,Batters,0,True,5.0,17,Bangalore,M Chinnaswamy Stadium,Medium,False,True,46,7,7.666666666666667,62,8.08695652173913,20,162,100,12.333333333333332,8.108108108108109,1,9,Medium
7.5,7,5,49,Samuel Badree,Bowlers,Steven Smith,Batters,1,False,-0.5,17,Bangalore,M Chinnaswamy Stadium,Medium,False,True,47,7,7.833333333333333,63,8.042553191489363,20,162,99,12.166666666666668,8.136986301369863,1,9,Medium
7.6,7,6,50,Samuel Badree,Bowlers,Rahul Tripathi,Batters,4,False,-2.0,17,Bangalore,M Chinnaswamy Stadium,Medium,False,True,48,7,8.0,67,8.375,20,162,95,12.0,7.916666666666667,1,9,Medium
8.1,8,1,51,Pawan Negi,Bowlers,Steven Smith,Batters,1,False,-0.5,17,Bangalore,M Chinnaswamy Stadium,Medium,False,True,49,8,8.166666666666666,68,8.326530612244898,20,162,94,11.833333333333334,7.943661971830985,1,9,Medium
8.2,8,2,52,Pawan Negi,Bowlers,Rahul Tripathi,Batters,0,True,5.0,17,Bangalore,M Chinnaswamy Stadium,Medium,False,True,50,8,8.333333333333334,68,8.16,20,162,94,11.666666666666666,8.057142857142857,2,8,Medium
8.3,8,3,53,Pawan Negi,Bowlers,MS Dhoni,Batters,0,False,1.0,17,Bangalore,M Chinnaswamy Stadium,Medium,False,True,51,8,8.5,68,8.0,20,162,94,11.5,8.173913043478262,2,8,Medium
8.4,8,4,54,Pawan Negi,Bowlers,MS Dhoni,Batters,0,False,1.0,17,Bangalore,M Chinnaswamy Stadium,Medium,False,True,52,8,8.666666666666666,68,7.846153846153847,20,162,94,11.333333333333334,8.294117647058822,2,8,Medium
8.5,8,5,55,Pawan Negi,Bowlers,MS Dhoni,Batters,0,False,1.0,17,Bangalore,M Chinnaswamy Stadium,Medium,False,True,53,8,8.833333333333334,68,7.698113207547169,20,162,94,11.166666666666666,8.417910447761194,2,8,Medium
8.6,8,6,56,Pawan Negi,Bowlers,MS Dhoni,Batters,0,False,1.0,17,Bangalore,M Chinnaswamy Stadium,Medium,False,True,54,8,9.0,68,7.555555555555555,20,162,94,11.0,8.545454545454545,2,8,Medium
9.1,9,1,57,Samuel Badree,Bowlers,Steven Smith,Batters,1,False,-0.5,17,Bangalore,M Chinnaswamy Stadium,Medium,False,True,55,9,9.166666666666666,69,7.527272727272727,20,162,93,10.833333333333334,8.584615384615384,2,8,Medium
9.2,9,2,58,Samuel Badree,Bowlers,MS Dhoni,Batters,0,False,1.0,17,Bangalore,M Chinnaswamy Stadium,Medium,False,True,56,9,9.333333333333334,69,7.392857142857142,20,162,93,10.666666666666666,8.71875,2,8,Medium
9.3,9,3,59,Samuel Badree,Bowlers,MS Dhoni,Batters,4,False,-2.0,17,Bangalore,M Chinnaswamy Stadium,Medium,False,True,57,9,9.5,73,7.684210526315789,20,162,89,10.5,8.476190476190476,2,8,Medium
9.4,9,4,60,Samuel Badree,Bowlers,MS Dhoni,Batters,0,False,1.0,17,Bangalore,M Chinnaswamy Stadium,Medium,False,True,58,9,9.666666666666666,73,7.551724137931035,20,162,89,10.333333333333334,8.612903225806452,2,8,Medium
9.5,9,5,61,Samuel Badree,Bowlers,MS Dhoni,Batters,4,False,-2.0,17,Bangalore,M Chinnaswamy Stadium,Medium,False,True,59,9,9.833333333333334,77,7.830508474576271,20,162,85,10.166666666666666,8.360655737704919,2,8,Medium
9.6,9,6,62,Samuel Badree,Bowlers,MS Dhoni,Batters,1,False,-0.5,17,Bangalore,M Chinnaswamy Stadium,Medium,False,True,60,9,10.0,78,7.8,20,162,84,10.0,8.4,2,8,Medium
10.1,10,1,63,Pawan Negi,Bowlers,MS Dhoni,Batters,1,False,-0.5,17,Bangalore,M Chinnaswamy Stadium,Medium,False,True,61,10,10.166666666666666,79,7.770491803278689,20,162,83,9.833333333333334,8.440677966101694,2,8,Medium
10.2,10,2,64,Pawan Negi,Bowlers,Steven Smith,Batters,1,False,-0.5,17,Bangalore,M Chinnaswamy Stadium,Medium,False,True,62,10,10.333333333333334,80,7.741935483870967,20,162,82,9.666666666666666,8.482758620689655,2,8,Medium
10.3,10,3,65,Pawan Negi,Bowlers,MS Dhoni,Batters,1,False,-0.5,17,Bangalore,M Chinnaswamy Stadium,Medium,False,True,63,10,10.5,81,7.714285714285714,20,162,81,9.5,8.526315789473685,2,8,Medium
10.4,10,4,66,Pawan Negi,Bowlers,Steven Smith,Batters,1,False,-0.5,17,Bangalore,M Chinnaswamy Stadium,Medium,False,True,64,10,10.666666666666666,82,7.6875,20,162,80,9.333333333333334,8.571428571428571,2,8,Medium
10.5,10,5,67,Pawan Negi,Bowlers,MS Dhoni,Batters,1,False,-0.25,17,Bangalore,M Chinnaswamy Stadium,Medium,False,True,65,10,10.833333333333334,83,7.661538461538461,20,162,79,9.166666666666666,8.618181818181819,2,8,Medium
10.6,10,6,68,Pawan Negi,Bowlers,Steven Smith,Batters,1,False,-0.5,17,Bangalore,M Chinnaswamy Stadium,Medium,False,True,66,10,11.0,84,7.636363636363637,20,162,78,9.0,8.666666666666666,2,8,Medium
11.1,11,1,69,Samuel Badree,Bowlers,Steven Smith,Batters,0,False,1.0,17,Bangalore,M Chinnaswamy Stadium,Medium,False,True,67,11,11.166666666666666,84,7.522388059701493,20,162,78,8.833333333333334,8.830188679245282,2,8,Medium
11.2,11,2,70,Samuel Badree,Bowlers,Steven Smith,Batters,0,False,1.0,17,Bangalore,M Chinnaswamy Stadium,Medium,False,True,68,11,11.333333333333334,84,7.411764705882352,20,162,78,8.666666666666666,9.0,2,8,Medium
11.3,11,3,71,Samuel Badree,Bowlers,Steven Smith,Batters,4,False,-2.0,17,Bangalore,M Chinnaswamy Stadium,Medium,False,True,69,11,11.5,88,7.6521739130434785,20,162,74,8.5,8.705882352941176,2,8,Medium
11.4,11,4,72,Samuel Badree,Bowlers,Steven Smith,Batters,1,False,-0.5,17,Bangalore,M Chinnaswamy Stadium,Medium,False,True,70,11,11.666666666666666,89,7.628571428571429,20,162,73,8.333333333333334,8.76,2,8,Medium
11.5,11,5,73,Samuel Badree,Bowlers,MS Dhoni,Batters,1,False,-0.5,17,Bangalore,M Chinnaswamy Stadium,Medium,False,True,71,11,11.833333333333334,90,7.605633802816901,20,162,72,8.166666666666666,8.816326530612246,2,8,Medium
11.6,11,6,74,Samuel Badree,Bowlers,Steven Smith,Batters,1,False,-0.5,17,Bangalore,M Chinnaswamy Stadium,Medium,False,True,72,11,12.0,91,7.583333333333333,20,162,71,8.0,8.875,2,8,Medium
12.1,12,1,75,Shane Watson,All-Rounders,Steven Smith,Batters,1,False,-0.5,17,Bangalore,M Chinnaswamy Stadium,Medium,False,True,73,12,12.166666666666666,92,7.561643835616438,20,162,70,7.833333333333334,8.936170212765957,2,8,Medium
12.2,12,2,76,Shane Watson,All-Rounders,MS Dhoni,Batters,1,False,-0.5,17,Bangalore,M Chinnaswamy Stadium,Medium,False,True,74,12,12.333333333333334,93,7.54054054054054,20,162,69,7.666666666666666,9.0,2,8,Medium
12.3,12,3,77,Shane Watson,All-Rounders,Steven Smith,Batters,1,False,-0.5,17,Bangalore,M Chinnaswamy Stadium,Medium,False,True,75,12,12.5,94,7.52,20,162,68,7.5,9.066666666666666,2,8,Medium
12.4,12,4,78,Shane Watson,All-Rounders,MS Dhoni,Batters,1,False,-1.0,17,Bangalore,M Chinnaswamy Stadium,Medium,True,False,75,12,12.5,95,7.6,20,162,67,7.5,8.933333333333334,2,8,Medium
12.4,12,4,79,Shane Watson,All-Rounders,MS Dhoni,Batters,0,False,1.0,17,Bangalore,M Chinnaswamy Stadium,Medium,False,True,76,12,12.666666666666666,95,7.5,20,162,67,7.333333333333334,9.136363636363637,2,8,Medium
12.5,12,5,80,Shane Watson,All-Rounders,MS Dhoni,Batters,2,False,-1.0,17,Bangalore,M Chinnaswamy Stadium,Medium,False,True,77,12,12.833333333333334,97,7.558441558441558,20,162,65,7.166666666666666,9.069767441860463,2,8,Medium
12.6,12,6,81,Shane Watson,All-Rounders,MS Dhoni,Batters,0,False,1.0,17,Bangalore,M Chinnaswamy Stadium,Medium,False,True,78,12,13.0,97,7.461538461538462,20,162,65,7.0,9.285714285714286,2,8,Medium
13.1,13,1,82,Yuzvendra Chahal,Bowlers,Steven Smith,Batters,1,False,-0.5,17,Bangalore,M Chinnaswamy Stadium,Medium,False,True,79,13,13.166666666666666,98,7.443037974683545,20,162,64,6.833333333333334,9.365853658536585,2,8,Medium
13.2,13,2,83,Yuzvendra Chahal,Bowlers,MS Dhoni,Batters,0,False,1.0,17,Bangalore,M Chinnaswamy Stadium,Medium,False,True,80,13,13.333333333333334,98,7.35,20,162,64,6.666666666666666,9.6,2,8,Medium
13.3,13,3,84,Yuzvendra Chahal,Bowlers,MS Dhoni,Batters,0,False,1.0,17,Bangalore,M Chinnaswamy Stadium,Medium,False,True,81,13,13.5,98,7.2592592592592595,20,162,64,6.5,9.846153846153848,2,8,Medium
13.4,13,4,85,Yuzvendra Chahal,Bowlers,MS Dhoni,Batters,1,False,-0.5,17,Bangalore,M Chinnaswamy Stadium,Medium,False,True,82,13,13.666666666666666,99,7.2439024390243905,20,162,63,6.333333333333334,9.94736842105263,2,8,Medium
13.5,13,5,86,Yuzvendra Chahal,Bowlers,Steven Smith,Batters,0,False,1.0,17,Bangalore,M Chinnaswamy Stadium,Medium,False,True,83,13,13.833333333333334,99,7.156626506024096,20,162,63,6.166666666666666,10.216216216216218,2,8,Medium
13.6,13,6,87,Yuzvendra Chahal,Bowlers,Steven Smith,Batters,1,False,-1.0,17,Bangalore,M Chinnaswamy Stadium,Medium,True,False,83,13,13.833333333333334,100,7.228915662650602,20,162,62,6.166666666666666,10.054054054054054,2,8,Medium
13.6,13,6,88,Yuzvendra Chahal,Bowlers,Steven Smith,Batters,2,False,-1.0,17,Bangalore,M Chinnaswamy Stadium,Medium,True,False,83,13,13.833333333333334,102,7.373493975903614,20,162,60,6.166666666666666,9.72972972972973,2,8,Medium
13.6,13,6,89,Yuzvendra Chahal,Bowlers,MS Dhoni,Batters,6,False,-3.0,17,Bangalore,M Chinnaswamy Stadium,Medium,False,True,84,13,14.0,108,7.714285714285714,20,162,54,6.0,9.0,2,8,Medium
14.1,14,1,90,Sreenath Aravind,Bowlers,Steven Smith,Batters,1,False,-0.5,17,Bangalore,M Chinnaswamy Stadium,Medium,False,True,85,14,14.166666666666666,109,7.694117647058824,20,162,53,5.833333333333334,9.085714285714284,2,8,Medium
14.2,14,2,91,Sreenath Aravind,Bowlers,MS Dhoni,Batters,1,False,-0.5,17,Bangalore,M Chinnaswamy Stadium,Medium,False,True,86,14,14.333333333333334,110,7.674418604651162,20,162,52,5.666666666666666,9.176470588235295,2,8,Medium
14.3,14,3,92,Sreenath Aravind,Bowlers,Steven Smith,Batters,2,False,-1.0,17,Bangalore,M Chinnaswamy Stadium,Medium,False,True,87,14,14.5,112,7.724137931034483,20,162,50,5.5,9.090909090909092,2,8,Medium
14.4,14,4,93,Sreenath Aravind,Bowlers,Steven Smith,Batters,4,False,-2.0,17,Bangalore,M Chinnaswamy Stadium,Medium,False,True,88,14,14.666666666666666,116,7.909090909090909,20,162,46,5.333333333333334,8.624999999999998,2,8,Medium
14.5,14,5,94,Sreenath Aravind,Bowlers,Steven Smith,Batters,0,False,1.0,17,Bangalore,M Chinnaswamy Stadium,Medium,False,True,89,14,14.833333333333334,116,7.820224719101123,20,162,46,5.166666666666666,8.903225806451614,2,8,Medium
14.6,14,6,95,Sreenath Aravind,Bowlers,Steven Smith,Batters,0,False,1.0,17,Bangalore,M Chinnaswamy Stadium,Medium,False,True,90,14,15.0,116,7.733333333333333,20,162,46,5.0,9.2,2,8,Medium
15.1,15,1,96,Shane Watson,All-Rounders,MS Dhoni,Batters,1,False,-0.5,17,Bangalore,M Chinnaswamy Stadium,Medium,False,True,91,15,15.166666666666666,117,7.714285714285714,20,162,45,4.833333333333334,9.310344827586206,2,8,Medium
15.2,15,2,97,Shane Watson,All-Rounders,Steven Smith,Batters,4,False,-2.0,17,Bangalore,M Chinnaswamy Stadium,Medium,False,True,92,15,15.333333333333334,121,7.891304347826087,20,162,41,4.666666666666666,8.785714285714286,2,8,Medium
15.3,15,3,98,Shane Watson,All-Rounders,Steven Smith,Batters,0,False,1.0,17,Bangalore,M Chinnaswamy Stadium,Medium,False,True,93,15,15.5,121,7.806451612903226,20,162,41,4.5,9.11111111111111,2,8,Medium
15.4,15,4,99,Shane Watson,All-Rounders,Steven Smith,Batters,1,False,-0.5,17,Bangalore,M Chinnaswamy Stadium,Medium,False,True,94,15,15.666666666666666,122,7.787234042553192,20,162,40,4.333333333333334,9.23076923076923,2,8,Medium
15.5,15,5,100,Shane Watson,All-Rounders,MS Dhoni,Batters,4,False,-2.0,17,Bangalore,M Chinnaswamy Stadium,Medium,False,True,95,15,15.833333333333334,126,7.957894736842105,20,162,36,4.166666666666666,8.64,2,8,Medium
15.6,15,6,101,Shane Watson,All-Rounders,MS Dhoni,Batters,0,True,5.0,17,Bangalore,M Chinnaswamy Stadium,Medium,False,True,96,15,16.0,126,7.875,20,162,36,4.0,9.0,3,7,Medium
16.1,16,1,102,Sreenath Aravind,Bowlers,Steven Smith,Batters,0,True,5.0,17,Bangalore,M Chinnaswamy Stadium,Medium,False,True,97,16,16.166666666666668,126,7.793814432989691,20,162,36,3.833333333333332,9.39130434782609,4,6,Medium
16.2,16,2,103,Sreenath Aravind,Bowlers,Dan Christian,All-Rounders,1,False,-0.5,17,Bangalore,M Chinnaswamy Stadium,Medium,False,True,98,16,16.333333333333332,127,7.775510204081633,20,162,35,3.666666666666668,9.545454545454543,4,6,Medium
16.3,16,3,104,Sreenath Aravind,Bowlers,Ben Stokes,All-Rounders,1,False,-0.5,17,Bangalore,M Chinnaswamy Stadium,Medium,False,True,99,16,16.5,128,7.757575757575758,20,162,34,3.5,9.714285714285714,4,6,Medium
16.4,16,4,105,Sreenath Aravind,Bowlers,Dan Christian,All-Rounders,0,False,1.0,17,Bangalore,M Chinnaswamy Stadium,Medium,False,True,100,16,16.666666666666668,128,7.68,20,162,34,3.333333333333332,10.200000000000005,4,6,Medium
16.5,16,5,106,Sreenath Aravind,Bowlers,Dan Christian,All-Rounders,0,True,5.0,17,Bangalore,M Chinnaswamy Stadium,Medium,False,True,101,16,16.833333333333332,128,7.603960396039604,20,162,34,3.166666666666668,10.736842105263154,5,5,Medium
16.6,16,6,107,Sreenath Aravind,Bowlers,Ben Stokes,All-Rounders,1,False,-0.5,17,Bangalore,M Chinnaswamy Stadium,Medium,False,True,102,16,17.0,129,7.588235294117647,20,162,33,3.0,11.0,5,5,Medium
17.1,17,1,108,Adam Milne,Bowlers,Ben Stokes,All-Rounders,0,True,5.0,17,Bangalore,M Chinnaswamy Stadium,Medium,False,True,103,17,17.166666666666668,129,7.514563106796116,20,162,33,2.833333333333332,11.647058823529417,6,4,Medium
17.2,17,2,109,Adam Milne,Bowlers,Shardul Thakur,Bowlers,0,True,5.0,17,Bangalore,M Chinnaswamy Stadium,Medium,False,True,104,17,17.333333333333332,129,7.4423076923076925,20,162,33,2.666666666666668,12.374999999999996,7,3,Medium
17.3,17,3,110,Adam Milne,Bowlers,Jaydev Unadkat,Bowlers,0,False,1.0,17,Bangalore,M Chinnaswamy Stadium,Medium,False,True,105,17,17.5,129,7.371428571428571,20,162,33,2.5,13.2,7,3,Medium
17.4,17,4,111,Adam Milne,Bowlers,Jaydev Unadkat,Bowlers,0,False,1.0,17,Bangalore,M Chinnaswamy Stadium,Medium,False,True,106,17,17.666666666666668,129,7.30188679245283,20,162,33,2.333333333333332,14.14285714285715,7,3,Medium
17.5,17,5,112,Adam Milne,Bowlers,Jaydev Unadkat,Bowlers,1,False,-0.5,17,Bangalore,M Chinnaswamy Stadium,Medium,False,True,107,17,17.833333333333332,130,7.289719626168225,20,162,32,2.166666666666668,14.76923076923076,7,3,Medium
17.6,17,6,113,Adam Milne,Bowlers,Manoj Tiwary,Batters,1,False,-0.5,17,Bangalore,M Chinnaswamy Stadium,Medium,False,True,108,17,18.0,131,7.277777777777778,20,162,31,2.0,15.5,7,3,Medium
18.1,18,1,114,Shane Watson,All-Rounders,Manoj Tiwary,Batters,4,False,-2.0,17,Bangalore,M Chinnaswamy Stadium,Medium,False,True,109,18,18.166666666666668,135,7.431192660550458,20,162,27,1.833333333333332,14.727272727272736,7,3,Medium
18.2,18,2,115,Shane Watson,All-Rounders,Manoj Tiwary,Batters,0,False,1.0,17,Bangalore,M Chinnaswamy Stadium,Medium,False,True,110,18,18.33333333333333,135,7.363636363636364,20,162,27,1.666666666666668,16.19999999999999,7,3,Medium
18.3,18,3,116,Shane Watson,All-Rounders,Manoj Tiwary,Batters,1,False,-1.0,17,Bangalore,M Chinnaswamy Stadium,Medium,True,False,110,18,18.33333333333333,136,7.418181818181819,20,162,26,1.666666666666668,15.599999999999987,7,3,Medium
18.3,18,3,117,Shane Watson,All-Rounders,Manoj Tiwary,Batters,4,False,-2.0,17,Bangalore,M Chinnaswamy Stadium,Medium,False,True,111,18,18.5,140,7.567567567567567,20,162,22,1.5,14.666666666666666,7,3,Medium
18.4,18,4,118,Shane Watson,All-Rounders,Manoj Tiwary,Batters,0,False,1.0,17,Bangalore,M Chinnaswamy Stadium,Medium,False,True,112,18,18.666666666666668,140,7.499999999999999,20,162,22,1.333333333333332,16.500000000000014,7,3,Medium
18.5,18,5,119,Shane Watson,All-Rounders,Manoj Tiwary,Batters,4,False,-2.0,17,Bangalore,M Chinnaswamy Stadium,Medium,False,True,113,18,18.83333333333333,144,7.646017699115045,20,162,18,1.166666666666668,15.428571428571413,7,3,Medium
18.6,18,6,120,Shane Watson,All-Rounders,Manoj Tiwary,Batters,6,False,-3.0,17,Bangalore,M Chinnaswamy Stadium,Medium,False,True,114,18,19.0,150,7.894736842105263,20,162,12,1.0,12.0,7,3,Medium
19.1,19,1,121,Adam Milne,Bowlers,Jaydev Unadkat,Bowlers,1,False,-0.5,17,Bangalore,M Chinnaswamy Stadium,Medium,False,True,115,19,19.166666666666668,151,7.878260869565217,20,162,11,0.8333333333333321,13.20000000000002,7,3,Medium
19.2,19,2,122,Adam Milne,Bowlers,Manoj Tiwary,Batters,1,False,-0.5,17,Bangalore,M Chinnaswamy Stadium,Medium,False,True,116,19,19.33333333333333,152,7.862068965517242,20,162,10,0.6666666666666679,14.999999999999972,7,3,Medium
19.3,19,3,123,Adam Milne,Bowlers,Jaydev Unadkat,Bowlers,1,False,-0.25,17,Bangalore,M Chinnaswamy Stadium,Medium,False,True,117,19,19.5,153,7.846153846153846,20,162,9,0.5,18.0,7,3,Medium
19.4,19,4,124,Adam Milne,Bowlers,Manoj Tiwary,Batters,0,False,1.0,17,Bangalore,M Chinnaswamy Stadium,Medium,False,True,118,19,19.666666666666668,153,7.779661016949152,20,162,9,0.3333333333333321,27.000000000000096,7,3,Medium
19.5,19,5,125,Adam Milne,Bowlers,Manoj Tiwary,Batters,6,False,-3.0,17,Bangalore,M Chinnaswamy Stadium,Medium,False,True,119,19,19.83333333333333,159,8.016806722689076,20,162,3,0.1666666666666678,17.999999999999872,7,3,Medium
19.6,19,6,126,Adam Milne,Bowlers,Manoj Tiwary,Batters,0,True,5.0,17,Bangalore,M Chinnaswamy Stadium,Medium,False,True,120,19,20.0,159,7.95,20,162,3,0.0,inf,8,2,Medium
