Ball Number,over,ball,Ball,bowler,bowler_role,batsman,batsman_role,Runs,is_wicket,bowler_score,match_id,city,stadium,Stadium_Type,is_extra,legal_delivery,legal_deliveries_count,overs_completed,overs_bowled,total_runs,current_run_rate,total_overs,target,runs_needed,overs_remaining,required_run_rate,wickets_fallen,wickets_in_hand,Ground_Type
0.1,0,1,1,Pawan Negi,Bowlers,Dwayne Smith,All-Rounders,0,False,1.0,20,Rajkot,Saurashtra Cricket Association Stadium,Small,False,True,1,0,0.1666666666666666,0,0.0,20,214,214,19.83333333333333,10.789915966386555,0,10,Small
0.2,0,2,2,Pawan Negi,Bowlers,Dwayne Smith,All-Rounders,1,False,-0.5,20,Rajkot,Saurashtra Cricket Association Stadium,Small,False,True,2,0,0.3333333333333333,1,3.0,20,214,213,19.666666666666668,10.83050847457627,0,10,Small
0.3,0,3,3,Pawan Negi,Bowlers,Brendon McCullum,Batters,0,False,1.0,20,Rajkot,Saurashtra Cricket Association Stadium,Small,False,True,3,0,0.5,1,2.0,20,214,213,19.5,10.923076923076923,0,10,Small
0.4,0,4,4,Pawan Negi,Bowlers,Brendon McCullum,Batters,0,False,1.0,20,Rajkot,Saurashtra Cricket Association Stadium,Small,False,True,4,0,0.6666666666666666,1,1.5,20,214,213,19.33333333333333,11.017241379310343,0,10,Small
0.5,0,5,5,Pawan Negi,Bowlers,Brendon McCullum,Batters,0,False,1.0,20,Rajkot,Saurashtra Cricket Association Stadium,Small,False,True,5,0,0.8333333333333334,1,1.2,20,214,213,19.166666666666668,11.113043478260868,0,10,Small
0.6,0,6,6,Pawan Negi,Bowlers,Brendon McCullum,Batters,0,False,1.0,20,Rajkot,Saurashtra Cricket Association Stadium,Small,False,True,6,0,1.0,1,1.0,20,214,213,19.0,11.210526315789474,0,10,Small
1.1,1,1,7,Yuzvendra Chahal,Bowlers,Dwayne Smith,All-Rounders,0,False,1.0,20,Rajkot,Saurashtra Cricket Association Stadium,Small,False,True,7,1,1.1666666666666667,1,0.8571428571428571,20,214,213,18.83333333333333,11.309734513274336,0,10,Small
1.2,1,2,8,Yuzvendra Chahal,Bowlers,Dwayne Smith,All-Rounders,0,True,5.0,20,Rajkot,Saurashtra Cricket Association Stadium,Small,False,True,8,1,1.3333333333333333,1,0.75,20,214,213,18.666666666666668,11.410714285714285,1,9,Small
1.3,1,3,9,Yuzvendra Chahal,Bowlers,Brendon McCullum,Batters,0,False,1.0,20,Rajkot,Saurashtra Cricket Association Stadium,Small,False,True,9,1,1.5,1,0.6666666666666666,20,214,213,18.5,11.513513513513514,1,9,Small
1.4,1,4,10,Yuzvendra Chahal,Bowlers,Brendon McCullum,Batters,1,False,-0.5,20,Rajkot,Saurashtra Cricket Association Stadium,Small,False,True,10,1,1.6666666666666663,2,1.2000000000000002,20,214,212,18.33333333333333,11.563636363636364,1,9,Small
1.5,1,5,11,Yuzvendra Chahal,Bowlers,Suresh Raina,Batters,1,False,-0.5,20,Rajkot,Saurashtra Cricket Association Stadium,Small,False,True,11,1,1.8333333333333333,3,1.6363636363636362,20,214,211,18.166666666666668,11.614678899082568,1,9,Small
1.6,1,6,12,Yuzvendra Chahal,Bowlers,Brendon McCullum,Batters,1,False,-0.5,20,Rajkot,Saurashtra Cricket Association Stadium,Small,False,True,12,1,2.0,4,2.0,20,214,210,18.0,11.666666666666666,1,9,Small
2.1,2,1,13,Sreenath Aravind,Bowlers,Brendon McCullum,Batters,1,False,-0.5,20,Rajkot,Saurashtra Cricket Association Stadium,Small,False,True,13,2,2.1666666666666665,5,2.307692307692308,20,214,209,17.833333333333332,11.7196261682243,1,9,Small
2.2,2,2,14,Sreenath Aravind,Bowlers,Suresh Raina,Batters,6,False,-3.0,20,Rajkot,Saurashtra Cricket Association Stadium,Small,False,True,14,2,2.333333333333333,11,4.714285714285714,20,214,203,17.666666666666668,11.490566037735848,1,9,Small
2.3,2,3,15,Sreenath Aravind,Bowlers,Suresh Raina,Batters,6,False,-3.0,20,Rajkot,Saurashtra Cricket Association Stadium,Small,False,True,15,2,2.5,17,6.8,20,214,197,17.5,11.257142857142858,1,9,Small
2.4,2,4,16,Sreenath Aravind,Bowlers,Suresh Raina,Batters,1,False,-0.5,20,Rajkot,Saurashtra Cricket Association Stadium,Small,False,True,16,2,2.6666666666666665,18,6.75,20,214,196,17.333333333333332,11.307692307692308,1,9,Small
2.5,2,5,17,Sreenath Aravind,Bowlers,Brendon McCullum,Batters,1,False,-0.5,20,Rajkot,Saurashtra Cricket Association Stadium,Small,False,True,17,2,2.833333333333333,19,6.705882352941176,20,214,195,17.166666666666668,11.359223300970871,1,9,Small
2.6,2,6,18,Sreenath Aravind,Bowlers,Suresh Raina,Batters,4,False,-2.0,20,Rajkot,Saurashtra Cricket Association Stadium,Small,False,True,18,2,3.0,23,7.666666666666667,20,214,191,17.0,11.235294117647058,1,9,Small
3.1,3,1,19,Yuzvendra Chahal,Bowlers,Brendon McCullum,Batters,6,False,-3.0,20,Rajkot,Saurashtra Cricket Association Stadium,Small,False,True,19,3,3.1666666666666665,29,9.157894736842106,20,214,185,16.833333333333332,10.990099009900993,1,9,Small
3.1,3,1,20,Yuzvendra Chahal,Bowlers,Brendon McCullum,Batters,1,False,-1.0,20,Rajkot,Saurashtra Cricket Association Stadium,Small,True,False,19,3,3.1666666666666665,30,9.473684210526317,20,214,184,16.833333333333332,10.930693069306932,1,9,Small
3.2,3,2,21,Yuzvendra Chahal,Bowlers,Brendon McCullum,Batters,1,False,-0.5,20,Rajkot,Saurashtra Cricket Association Stadium,Small,False,True,20,3,3.333333333333333,31,9.3,20,214,183,16.666666666666668,10.98,1,9,Small
3.3,3,3,22,Yuzvendra Chahal,Bowlers,Suresh Raina,Batters,4,False,-2.0,20,Rajkot,Saurashtra Cricket Association Stadium,Small,False,True,21,3,3.5,35,10.0,20,214,179,16.5,10.848484848484848,1,9,Small
3.4,3,4,23,Yuzvendra Chahal,Bowlers,Suresh Raina,Batters,1,False,-0.5,20,Rajkot,Saurashtra Cricket Association Stadium,Small,False,True,22,3,3.6666666666666665,36,9.818181818181818,20,214,178,16.333333333333332,10.89795918367347,1,9,Small
3.5,3,5,24,Yuzvendra Chahal,Bowlers,Brendon McCullum,Batters,1,False,-0.5,20,Rajkot,Saurashtra Cricket Association Stadium,Small,False,True,23,3,3.8333333333333335,37,9.652173913043478,20,214,177,16.166666666666668,10.94845360824742,1,9,Small
3.6,3,6,25,Yuzvendra Chahal,Bowlers,Suresh Raina,Batters,0,True,5.0,20,Rajkot,Saurashtra Cricket Association Stadium,Small,False,True,24,3,4.0,37,9.25,20,214,177,16.0,11.0625,2,8,Small
4.1,4,1,26,Pawan Negi,Bowlers,Brendon McCullum,Batters,6,False,-3.0,20,Rajkot,Saurashtra Cricket Association Stadium,Small,False,True,25,4,4.166666666666667,43,10.32,20,214,171,15.833333333333332,10.8,2,8,Small
4.2,4,2,27,Pawan Negi,Bowlers,Brendon McCullum,Batters,4,False,-2.0,20,Rajkot,Saurashtra Cricket Association Stadium,Small,False,True,26,4,4.333333333333333,47,10.846153846153848,20,214,167,15.666666666666668,10.659574468085106,2,8,Small
4.3,4,3,28,Pawan Negi,Bowlers,Brendon McCullum,Batters,0,False,1.0,20,Rajkot,Saurashtra Cricket Association Stadium,Small,False,True,27,4,4.5,47,10.444444444444445,20,214,167,15.5,10.774193548387096,2,8,Small
4.4,4,4,29,Pawan Negi,Bowlers,Brendon McCullum,Batters,0,False,1.0,20,Rajkot,Saurashtra Cricket Association Stadium,Small,False,True,28,4,4.666666666666667,47,10.071428571428571,20,214,167,15.333333333333332,10.891304347826088,2,8,Small
4.5,4,5,30,Pawan Negi,Bowlers,Brendon McCullum,Batters,0,False,1.0,20,Rajkot,Saurashtra Cricket Association Stadium,Small,False,True,29,4,4.833333333333333,47,9.724137931034484,20,214,167,15.166666666666668,11.010989010989013,2,8,Small
4.6,4,6,31,Pawan Negi,Bowlers,Brendon McCullum,Batters,1,False,-0.5,20,Rajkot,Saurashtra Cricket Association Stadium,Small,False,True,30,4,5.0,48,9.6,20,214,166,15.0,11.066666666666666,2,8,Small
5.1,5,1,32,Yuzvendra Chahal,Bowlers,Brendon McCullum,Batters,1,False,-0.5,20,Rajkot,Saurashtra Cricket Association Stadium,Small,False,True,31,5,5.166666666666667,49,9.483870967741934,20,214,165,14.833333333333332,11.123595505617978,2,8,Small
5.2,5,2,33,Yuzvendra Chahal,Bowlers,Aaron Finch,Batters,0,False,1.0,20,Rajkot,Saurashtra Cricket Association Stadium,Small,False,True,32,5,5.333333333333333,49,9.1875,20,214,165,14.666666666666668,11.249999999999998,2,8,Small
5.3,5,3,34,Yuzvendra Chahal,Bowlers,Aaron Finch,Batters,6,False,-3.0,20,Rajkot,Saurashtra Cricket Association Stadium,Small,False,True,33,5,5.5,55,10.0,20,214,159,14.5,10.96551724137931,2,8,Small
5.4,5,4,35,Yuzvendra Chahal,Bowlers,Aaron Finch,Batters,1,False,-0.5,20,Rajkot,Saurashtra Cricket Association Stadium,Small,False,True,34,5,5.666666666666667,56,9.88235294117647,20,214,158,14.333333333333332,11.023255813953488,2,8,Small
5.5,5,5,36,Yuzvendra Chahal,Bowlers,Brendon McCullum,Batters,1,False,-0.5,20,Rajkot,Saurashtra Cricket Association Stadium,Small,False,True,35,5,5.833333333333333,57,9.771428571428572,20,214,157,14.166666666666668,11.08235294117647,2,8,Small
5.6,5,6,37,Yuzvendra Chahal,Bowlers,Aaron Finch,Batters,0,False,1.0,20,Rajkot,Saurashtra Cricket Association Stadium,Small,False,True,36,5,6.0,57,9.5,20,214,157,14.0,11.214285714285714,2,8,Small
6.1,6,1,38,Adam Milne,Bowlers,Brendon McCullum,Batters,1,False,-1.0,20,Rajkot,Saurashtra Cricket Association Stadium,Small,True,False,36,5,6.0,58,9.666666666666666,20,214,156,14.0,11.142857142857142,2,8,Small
6.1,6,1,39,Adam Milne,Bowlers,Brendon McCullum,Batters,1,False,-1.0,20,Rajkot,Saurashtra Cricket Association Stadium,Small,True,False,36,5,6.0,59,9.833333333333334,20,214,155,14.0,11.071428571428571,2,8,Small
6.1,6,1,40,Adam Milne,Bowlers,Brendon McCullum,Batters,1,False,-0.5,20,Rajkot,Saurashtra Cricket Association Stadium,Small,False,True,37,6,6.166666666666667,60,9.72972972972973,20,214,154,13.833333333333332,11.13253012048193,2,8,Small
6.2,6,2,41,Adam Milne,Bowlers,Aaron Finch,Batters,1,False,-0.25,20,Rajkot,Saurashtra Cricket Association Stadium,Small,False,True,38,6,6.333333333333333,61,9.63157894736842,20,214,153,13.666666666666668,11.19512195121951,2,8,Small
6.3,6,3,42,Adam Milne,Bowlers,Brendon McCullum,Batters,1,False,-0.5,20,Rajkot,Saurashtra Cricket Association Stadium,Small,False,True,39,6,6.5,62,9.538461538461538,20,214,152,13.5,11.25925925925926,2,8,Small
6.4,6,4,43,Adam Milne,Bowlers,Aaron Finch,Batters,4,False,-2.0,20,Rajkot,Saurashtra Cricket Association Stadium,Small,False,True,40,6,6.666666666666667,66,9.9,20,214,148,13.333333333333332,11.1,2,8,Small
6.5,6,5,44,Adam Milne,Bowlers,Aaron Finch,Batters,0,False,1.0,20,Rajkot,Saurashtra Cricket Association Stadium,Small,False,True,41,6,6.833333333333333,66,9.658536585365852,20,214,148,13.166666666666668,11.240506329113924,2,8,Small
6.6,6,6,45,Adam Milne,Bowlers,Aaron Finch,Batters,1,False,-0.5,20,Rajkot,Saurashtra Cricket Association Stadium,Small,False,True,42,6,7.0,67,9.571428571428571,20,214,147,13.0,11.307692307692308,2,8,Small
7.1,7,1,46,Shane Watson,All-Rounders,Aaron Finch,Batters,1,False,-0.5,20,Rajkot,Saurashtra Cricket Association Stadium,Small,False,True,43,7,7.166666666666667,68,9.488372093023257,20,214,146,12.833333333333332,11.376623376623378,2,8,Small
7.2,7,2,47,Shane Watson,All-Rounders,Brendon McCullum,Batters,1,False,-0.5,20,Rajkot,Saurashtra Cricket Association Stadium,Small,False,True,44,7,7.333333333333333,69,9.40909090909091,20,214,145,12.666666666666668,11.44736842105263,2,8,Small
7.3,7,3,48,Shane Watson,All-Rounders,Aaron Finch,Batters,1,False,-0.5,20,Rajkot,Saurashtra Cricket Association Stadium,Small,False,True,45,7,7.5,70,9.333333333333334,20,214,144,12.5,11.52,2,8,Small
7.4,7,4,49,Shane Watson,All-Rounders,Brendon McCullum,Batters,6,False,-3.0,20,Rajkot,Saurashtra Cricket Association Stadium,Small,False,True,46,7,7.666666666666667,76,9.91304347826087,20,214,138,12.333333333333332,11.18918918918919,2,8,Small
7.5,7,5,50,Shane Watson,All-Rounders,Brendon McCullum,Batters,1,False,-0.5,20,Rajkot,Saurashtra Cricket Association Stadium,Small,False,True,47,7,7.833333333333333,77,9.829787234042554,20,214,137,12.166666666666668,11.26027397260274,2,8,Small
7.6,7,6,51,Shane Watson,All-Rounders,Aaron Finch,Batters,1,False,-0.5,20,Rajkot,Saurashtra Cricket Association Stadium,Small,False,True,48,7,8.0,78,9.75,20,214,136,12.0,11.333333333333334,2,8,Small
8.1,8,1,52,Adam Milne,Bowlers,Aaron Finch,Batters,1,False,-0.25,20,Rajkot,Saurashtra Cricket Association Stadium,Small,False,True,49,8,8.166666666666666,79,9.673469387755103,20,214,135,11.833333333333334,11.408450704225352,2,8,Small
8.2,8,2,53,Adam Milne,Bowlers,Brendon McCullum,Batters,4,False,-2.0,20,Rajkot,Saurashtra Cricket Association Stadium,Small,False,True,50,8,8.333333333333334,83,9.96,20,214,131,11.666666666666666,11.22857142857143,2,8,Small
8.3,8,3,54,Adam Milne,Bowlers,Brendon McCullum,Batters,6,False,-3.0,20,Rajkot,Saurashtra Cricket Association Stadium,Small,False,True,51,8,8.5,89,10.470588235294118,20,214,125,11.5,10.869565217391305,2,8,Small
8.4,8,4,55,Adam Milne,Bowlers,Brendon McCullum,Batters,1,False,-0.5,20,Rajkot,Saurashtra Cricket Association Stadium,Small,False,True,52,8,8.666666666666666,90,10.384615384615383,20,214,124,11.333333333333334,10.941176470588236,2,8,Small
8.5,8,5,56,Adam Milne,Bowlers,Aaron Finch,Batters,0,False,1.0,20,Rajkot,Saurashtra Cricket Association Stadium,Small,False,True,53,8,8.833333333333334,90,10.188679245283016,20,214,124,11.166666666666666,11.1044776119403,2,8,Small
8.6,8,6,57,Adam Milne,Bowlers,Aaron Finch,Batters,1,False,-1.0,20,Rajkot,Saurashtra Cricket Association Stadium,Small,True,False,53,8,8.833333333333334,91,10.30188679245283,20,214,123,11.166666666666666,11.014925373134329,2,8,Small
8.6,8,6,58,Adam Milne,Bowlers,Aaron Finch,Batters,4,False,-2.0,20,Rajkot,Saurashtra Cricket Association Stadium,Small,False,True,54,8,9.0,95,10.555555555555555,20,214,119,11.0,10.818181818181818,2,8,Small
9.1,9,1,59,Pawan Negi,Bowlers,Brendon McCullum,Batters,0,False,1.0,20,Rajkot,Saurashtra Cricket Association Stadium,Small,False,True,55,9,9.166666666666666,95,10.363636363636363,20,214,119,10.833333333333334,10.984615384615385,2,8,Small
9.2,9,2,60,Pawan Negi,Bowlers,Brendon McCullum,Batters,1,False,-1.0,20,Rajkot,Saurashtra Cricket Association Stadium,Small,True,False,55,9,9.166666666666666,96,10.472727272727273,20,214,118,10.833333333333334,10.892307692307693,2,8,Small
9.2,9,2,61,Pawan Negi,Bowlers,Brendon McCullum,Batters,6,False,-3.0,20,Rajkot,Saurashtra Cricket Association Stadium,Small,False,True,56,9,9.333333333333334,102,10.928571428571429,20,214,112,10.666666666666666,10.5,2,8,Small
9.3,9,3,62,Pawan Negi,Bowlers,Brendon McCullum,Batters,1,False,-0.5,20,Rajkot,Saurashtra Cricket Association Stadium,Small,False,True,57,9,9.5,103,10.842105263157896,20,214,111,10.5,10.571428571428571,2,8,Small
9.4,9,4,63,Pawan Negi,Bowlers,Aaron Finch,Batters,0,True,5.0,20,Rajkot,Saurashtra Cricket Association Stadium,Small,False,True,58,9,9.666666666666666,103,10.655172413793103,20,214,111,10.333333333333334,10.741935483870968,3,7,Small
9.5,9,5,64,Pawan Negi,Bowlers,Dinesh Karthik,Batters,0,False,1.0,20,Rajkot,Saurashtra Cricket Association Stadium,Small,False,True,59,9,9.833333333333334,103,10.47457627118644,20,214,111,10.166666666666666,10.918032786885249,3,7,Small
9.6,9,6,65,Pawan Negi,Bowlers,Dinesh Karthik,Batters,0,False,1.0,20,Rajkot,Saurashtra Cricket Association Stadium,Small,False,True,60,9,10.0,103,10.3,20,214,111,10.0,11.1,3,7,Small
10.1,10,1,66,Sreenath Aravind,Bowlers,Brendon McCullum,Batters,0,False,1.0,20,Rajkot,Saurashtra Cricket Association Stadium,Small,False,True,61,10,10.166666666666666,103,10.131147540983608,20,214,111,9.833333333333334,11.28813559322034,3,7,Small
10.2,10,2,67,Sreenath Aravind,Bowlers,Brendon McCullum,Batters,1,False,-0.5,20,Rajkot,Saurashtra Cricket Association Stadium,Small,False,True,62,10,10.333333333333334,104,10.064516129032258,20,214,110,9.666666666666666,11.379310344827587,3,7,Small
10.3,10,3,68,Sreenath Aravind,Bowlers,Dinesh Karthik,Batters,1,False,-0.5,20,Rajkot,Saurashtra Cricket Association Stadium,Small,False,True,63,10,10.5,105,10.0,20,214,109,9.5,11.473684210526317,3,7,Small
10.4,10,4,69,Sreenath Aravind,Bowlers,Brendon McCullum,Batters,0,False,1.0,20,Rajkot,Saurashtra Cricket Association Stadium,Small,False,True,64,10,10.666666666666666,105,9.84375,20,214,109,9.333333333333334,11.678571428571429,3,7,Small
10.5,10,5,70,Sreenath Aravind,Bowlers,Brendon McCullum,Batters,1,False,-0.5,20,Rajkot,Saurashtra Cricket Association Stadium,Small,False,True,65,10,10.833333333333334,106,9.784615384615384,20,214,108,9.166666666666666,11.781818181818185,3,7,Small
10.6,10,6,71,Sreenath Aravind,Bowlers,Dinesh Karthik,Batters,0,True,5.0,20,Rajkot,Saurashtra Cricket Association Stadium,Small,False,True,66,10,11.0,106,9.636363636363637,20,214,108,9.0,12.0,4,6,Small
11.1,11,1,72,Pawan Negi,Bowlers,Brendon McCullum,Batters,0,False,1.0,20,Rajkot,Saurashtra Cricket Association Stadium,Small,False,True,67,11,11.166666666666666,106,9.492537313432836,20,214,108,8.833333333333334,12.226415094339622,4,6,Small
11.2,11,2,73,Pawan Negi,Bowlers,Brendon McCullum,Batters,1,False,-0.5,20,Rajkot,Saurashtra Cricket Association Stadium,Small,False,True,68,11,11.333333333333334,107,9.441176470588236,20,214,107,8.666666666666666,12.346153846153848,4,6,Small
11.3,11,3,74,Pawan Negi,Bowlers,Ravindra Jadeja,All-Rounders,0,False,1.0,20,Rajkot,Saurashtra Cricket Association Stadium,Small,False,True,69,11,11.5,107,9.304347826086955,20,214,107,8.5,12.588235294117649,4,6,Small
11.4,11,4,75,Pawan Negi,Bowlers,Ravindra Jadeja,All-Rounders,0,False,1.0,20,Rajkot,Saurashtra Cricket Association Stadium,Small,False,True,70,11,11.666666666666666,107,9.171428571428573,20,214,107,8.333333333333334,12.84,4,6,Small
11.5,11,5,76,Pawan Negi,Bowlers,Ravindra Jadeja,All-Rounders,0,False,1.0,20,Rajkot,Saurashtra Cricket Association Stadium,Small,False,True,71,11,11.833333333333334,107,9.04225352112676,20,214,107,8.166666666666666,13.102040816326532,4,6,Small
11.6,11,6,77,Pawan Negi,Bowlers,Ravindra Jadeja,All-Rounders,0,False,1.0,20,Rajkot,Saurashtra Cricket Association Stadium,Small,False,True,72,11,12.0,107,8.916666666666666,20,214,107,8.0,13.375,4,6,Small
12.1,12,1,78,Adam Milne,Bowlers,Brendon McCullum,Batters,1,False,-0.5,20,Rajkot,Saurashtra Cricket Association Stadium,Small,False,True,73,12,12.166666666666666,108,8.876712328767123,20,214,106,7.833333333333334,13.53191489361702,4,6,Small
12.2,12,2,79,Adam Milne,Bowlers,Ravindra Jadeja,All-Rounders,1,False,-0.5,20,Rajkot,Saurashtra Cricket Association Stadium,Small,False,True,74,12,12.333333333333334,109,8.837837837837837,20,214,105,7.666666666666666,13.695652173913045,4,6,Small
12.3,12,3,80,Adam Milne,Bowlers,Brendon McCullum,Batters,1,False,-0.5,20,Rajkot,Saurashtra Cricket Association Stadium,Small,False,True,75,12,12.5,110,8.8,20,214,104,7.5,13.866666666666667,4,6,Small
12.4,12,4,81,Adam Milne,Bowlers,Ravindra Jadeja,All-Rounders,4,False,-2.0,20,Rajkot,Saurashtra Cricket Association Stadium,Small,False,True,76,12,12.666666666666666,114,9.0,20,214,100,7.333333333333334,13.636363636363637,4,6,Small
12.5,12,5,82,Adam Milne,Bowlers,Ravindra Jadeja,All-Rounders,1,False,-0.5,20,Rajkot,Saurashtra Cricket Association Stadium,Small,False,True,77,12,12.833333333333334,115,8.96103896103896,20,214,99,7.166666666666666,13.813953488372094,4,6,Small
12.6,12,6,83,Adam Milne,Bowlers,Brendon McCullum,Batters,6,False,-3.0,20,Rajkot,Saurashtra Cricket Association Stadium,Small,False,True,78,12,13.0,121,9.307692307692308,20,214,93,7.0,13.285714285714286,4,6,Small
13.1,13,1,84,Shane Watson,All-Rounders,Ravindra Jadeja,All-Rounders,0,False,1.0,20,Rajkot,Saurashtra Cricket Association Stadium,Small,False,True,79,13,13.166666666666666,121,9.18987341772152,20,214,93,6.833333333333334,13.609756097560975,4,6,Small
13.2,13,2,85,Shane Watson,All-Rounders,Ravindra Jadeja,All-Rounders,4,False,-2.0,20,Rajkot,Saurashtra Cricket Association Stadium,Small,False,True,80,13,13.333333333333334,125,9.375,20,214,89,6.666666666666666,13.35,4,6,Small
13.3,13,3,86,Shane Watson,All-Rounders,Ravindra Jadeja,All-Rounders,1,False,-0.5,20,Rajkot,Saurashtra Cricket Association Stadium,Small,False,True,81,13,13.5,126,9.333333333333334,20,214,88,6.5,13.538461538461538,4,6,Small
13.4,13,4,87,Shane Watson,All-Rounders,Brendon McCullum,Batters,6,False,-3.0,20,Rajkot,Saurashtra Cricket Association Stadium,Small,False,True,82,13,13.666666666666666,132,9.658536585365852,20,214,82,6.333333333333334,12.94736842105263,4,6,Small
13.5,13,5,88,Shane Watson,All-Rounders,Brendon McCullum,Batters,1,False,-0.5,20,Rajkot,Saurashtra Cricket Association Stadium,Small,False,True,83,13,13.833333333333334,133,9.6144578313253,20,214,81,6.166666666666666,13.135135135135137,4,6,Small
13.6,13,6,89,Shane Watson,All-Rounders,Ravindra Jadeja,All-Rounders,1,False,-0.5,20,Rajkot,Saurashtra Cricket Association Stadium,Small,False,True,84,13,14.0,134,9.571428571428571,20,214,80,6.0,13.333333333333334,4,6,Small
14.1,14,1,90,Yuzvendra Chahal,Bowlers,Ravindra Jadeja,All-Rounders,1,False,-0.5,20,Rajkot,Saurashtra Cricket Association Stadium,Small,False,True,85,14,14.166666666666666,135,9.529411764705882,20,214,79,5.833333333333334,13.54285714285714,4,6,Small
14.2,14,2,91,Yuzvendra Chahal,Bowlers,Brendon McCullum,Batters,1,False,-0.5,20,Rajkot,Saurashtra Cricket Association Stadium,Small,False,True,86,14,14.333333333333334,136,9.488372093023257,20,214,78,5.666666666666666,13.764705882352942,4,6,Small
14.3,14,3,92,Yuzvendra Chahal,Bowlers,Ravindra Jadeja,All-Rounders,1,False,-0.5,20,Rajkot,Saurashtra Cricket Association Stadium,Small,False,True,87,14,14.5,137,9.448275862068966,20,214,77,5.5,14.0,4,6,Small
14.4,14,4,93,Yuzvendra Chahal,Bowlers,Brendon McCullum,Batters,0,True,5.0,20,Rajkot,Saurashtra Cricket Association Stadium,Small,False,True,88,14,14.666666666666666,137,9.340909090909092,20,214,77,5.333333333333334,14.437499999999998,5,5,Small
14.5,14,5,94,Yuzvendra Chahal,Bowlers,Ravindra Jadeja,All-Rounders,0,False,1.0,20,Rajkot,Saurashtra Cricket Association Stadium,Small,False,True,89,14,14.833333333333334,137,9.235955056179774,20,214,77,5.166666666666666,14.903225806451614,5,5,Small
14.6,14,6,95,Yuzvendra Chahal,Bowlers,Ravindra Jadeja,All-Rounders,2,False,-1.0,20,Rajkot,Saurashtra Cricket Association Stadium,Small,False,True,90,14,15.0,139,9.266666666666667,20,214,75,5.0,15.0,5,5,Small
15.1,15,1,96,Travis Head,,Ishan Kishan,Batters,1,False,-0.5,20,Rajkot,Saurashtra Cricket Association Stadium,Small,False,True,91,15,15.166666666666666,140,9.230769230769232,20,214,74,4.833333333333334,15.310344827586205,5,5,Small
15.2,15,2,97,Travis Head,,Ravindra Jadeja,All-Rounders,1,False,-0.5,20,Rajkot,Saurashtra Cricket Association Stadium,Small,False,True,92,15,15.333333333333334,141,9.195652173913045,20,214,73,4.666666666666666,15.642857142857144,5,5,Small
15.3,15,3,98,Travis Head,,Ishan Kishan,Batters,1,False,-0.5,20,Rajkot,Saurashtra Cricket Association Stadium,Small,False,True,93,15,15.5,142,9.161290322580646,20,214,72,4.5,16.0,5,5,Small
15.4,15,4,99,Travis Head,,Ravindra Jadeja,All-Rounders,2,False,-1.0,20,Rajkot,Saurashtra Cricket Association Stadium,Small,False,True,94,15,15.666666666666666,144,9.191489361702128,20,214,70,4.333333333333334,16.153846153846153,5,5,Small
15.5,15,5,100,Travis Head,,Ravindra Jadeja,All-Rounders,1,False,-0.5,20,Rajkot,Saurashtra Cricket Association Stadium,Small,False,True,95,15,15.833333333333334,145,9.157894736842104,20,214,69,4.166666666666666,16.560000000000002,5,5,Small
15.6,15,6,101,Travis Head,,Ishan Kishan,Batters,1,False,-0.5,20,Rajkot,Saurashtra Cricket Association Stadium,Small,False,True,96,15,16.0,146,9.125,20,214,68,4.0,17.0,5,5,Small
16.1,16,1,102,Sreenath Aravind,Bowlers,Ishan Kishan,Batters,0,False,1.0,20,Rajkot,Saurashtra Cricket Association Stadium,Small,False,True,97,16,16.166666666666668,146,9.030927835051546,20,214,68,3.833333333333332,17.739130434782613,5,5,Small
16.2,16,2,103,Sreenath Aravind,Bowlers,Ishan Kishan,Batters,2,False,-1.0,20,Rajkot,Saurashtra Cricket Association Stadium,Small,False,True,98,16,16.333333333333332,148,9.06122448979592,20,214,66,3.666666666666668,17.999999999999993,5,5,Small
16.3,16,3,104,Sreenath Aravind,Bowlers,Ishan Kishan,Batters,1,False,-0.5,20,Rajkot,Saurashtra Cricket Association Stadium,Small,False,True,99,16,16.5,149,9.030303030303031,20,214,65,3.5,18.571428571428573,5,5,Small
16.4,16,4,105,Sreenath Aravind,Bowlers,Ravindra Jadeja,All-Rounders,0,False,1.0,20,Rajkot,Saurashtra Cricket Association Stadium,Small,False,True,100,16,16.666666666666668,149,8.94,20,214,65,3.333333333333332,19.500000000000007,5,5,Small
16.5,16,5,106,Sreenath Aravind,Bowlers,Ravindra Jadeja,All-Rounders,1,False,-0.5,20,Rajkot,Saurashtra Cricket Association Stadium,Small,False,True,101,16,16.833333333333332,150,8.910891089108912,20,214,64,3.166666666666668,20.210526315789465,5,5,Small
16.6,16,6,107,Sreenath Aravind,Bowlers,Ishan Kishan,Batters,6,False,-3.0,20,Rajkot,Saurashtra Cricket Association Stadium,Small,False,True,102,16,17.0,156,9.176470588235292,20,214,58,3.0,19.33333333333333,5,5,Small
17.1,17,1,108,Travis Head,,Ravindra Jadeja,All-Rounders,1,False,-0.5,20,Rajkot,Saurashtra Cricket Association Stadium,Small,False,True,103,17,17.166666666666668,157,9.145631067961164,20,214,57,2.833333333333332,20.117647058823536,5,5,Small
17.2,17,2,109,Travis Head,,Ishan Kishan,Batters,6,False,-3.0,20,Rajkot,Saurashtra Cricket Association Stadium,Small,False,True,104,17,17.333333333333332,163,9.403846153846157,20,214,51,2.666666666666668,19.125,5,5,Small
17.3,17,3,110,Travis Head,,Ishan Kishan,Batters,1,False,-0.5,20,Rajkot,Saurashtra Cricket Association Stadium,Small,False,True,105,17,17.5,164,9.371428571428572,20,214,50,2.5,20.0,5,5,Small
17.4,17,4,111,Travis Head,,Ravindra Jadeja,All-Rounders,0,True,5.0,20,Rajkot,Saurashtra Cricket Association Stadium,Small,False,True,106,17,17.666666666666668,164,9.283018867924527,20,214,50,2.333333333333332,21.42857142857144,6,4,Small
17.5,17,5,112,Travis Head,,Andrew Tye,Bowlers,0,False,1.0,20,Rajkot,Saurashtra Cricket Association Stadium,Small,False,True,107,17,17.833333333333332,164,9.19626168224299,20,214,50,2.166666666666668,23.076923076923062,6,4,Small
17.6,17,6,113,Travis Head,,Andrew Tye,Bowlers,2,False,-1.0,20,Rajkot,Saurashtra Cricket Association Stadium,Small,False,True,108,17,18.0,166,9.22222222222222,20,214,48,2.0,24.0,6,4,Small
18.1,18,1,114,Sreenath Aravind,Bowlers,Ishan Kishan,Batters,4,False,-2.0,20,Rajkot,Saurashtra Cricket Association Stadium,Small,False,True,109,18,18.166666666666668,170,9.357798165137616,20,214,44,1.833333333333332,24.00000000000001,6,4,Small
18.2,18,2,115,Sreenath Aravind,Bowlers,Ishan Kishan,Batters,1,False,-1.0,20,Rajkot,Saurashtra Cricket Association Stadium,Small,True,False,109,18,18.166666666666668,171,9.412844036697248,20,214,43,1.833333333333332,23.45454545454547,6,4,Small
18.2,18,2,116,Sreenath Aravind,Bowlers,Ishan Kishan,Batters,4,False,-2.0,20,Rajkot,Saurashtra Cricket Association Stadium,Small,False,True,110,18,18.33333333333333,175,9.545454545454549,20,214,39,1.666666666666668,23.399999999999984,6,4,Small
18.3,18,3,117,Sreenath Aravind,Bowlers,Ishan Kishan,Batters,0,False,1.0,20,Rajkot,Saurashtra Cricket Association Stadium,Small,False,True,111,18,18.5,175,9.45945945945946,20,214,39,1.5,26.0,6,4,Small
18.4,18,4,118,Sreenath Aravind,Bowlers,Ishan Kishan,Batters,6,False,-3.0,20,Rajkot,Saurashtra Cricket Association Stadium,Small,False,True,112,18,18.666666666666668,181,9.696428571428571,20,214,33,1.333333333333332,24.75000000000002,6,4,Small
18.5,18,5,119,Sreenath Aravind,Bowlers,Ishan Kishan,Batters,0,False,1.0,20,Rajkot,Saurashtra Cricket Association Stadium,Small,False,True,113,18,18.83333333333333,181,9.610619469026547,20,214,33,1.166666666666668,28.285714285714256,6,4,Small
18.6,18,6,120,Sreenath Aravind,Bowlers,Ishan Kishan,Batters,6,False,-3.0,20,Rajkot,Saurashtra Cricket Association Stadium,Small,False,True,114,18,19.0,187,9.842105263157896,20,214,27,1.0,27.0,6,4,Small
19.1,19,1,121,Adam Milne,Bowlers,Andrew Tye,Bowlers,0,False,1.0,20,Rajkot,Saurashtra Cricket Association Stadium,Small,False,True,115,19,19.166666666666668,187,9.756521739130434,20,214,27,0.8333333333333321,32.40000000000005,6,4,Small
19.2,19,2,122,Adam Milne,Bowlers,Andrew Tye,Bowlers,2,False,-1.0,20,Rajkot,Saurashtra Cricket Association Stadium,Small,False,True,116,19,19.33333333333333,189,9.775862068965518,20,214,25,0.6666666666666679,37.499999999999936,6,4,Small
19.3,19,3,123,Adam Milne,Bowlers,Andrew Tye,Bowlers,1,False,-0.5,20,Rajkot,Saurashtra Cricket Association Stadium,Small,False,True,117,19,19.5,190,9.743589743589745,20,214,24,0.5,48.0,6,4,Small
19.4,19,4,124,Adam Milne,Bowlers,Ishan Kishan,Batters,0,True,5.0,20,Rajkot,Saurashtra Cricket Association Stadium,Small,False,True,118,19,19.666666666666668,190,9.66101694915254,20,214,24,0.3333333333333321,72.00000000000026,7,3,Small
19.5,19,5,125,Adam Milne,Bowlers,Andrew Tye,Bowlers,1,False,-0.5,20,Rajkot,Saurashtra Cricket Association Stadium,Small,False,True,119,19,19.83333333333333,191,9.630252100840336,20,214,23,0.1666666666666678,137.99999999999903,7,3,Small
19.6,19,6,126,Adam Milne,Bowlers,Basil Thampi,Bowlers,0,False,1.0,20,Rajkot,Saurashtra Cricket Association Stadium,Small,False,True,120,19,20.0,191,9.55,20,214,23,0.0,inf,7,3,Small
