Ball Number,over,ball,Ball,bowler,bowler_role,batsman,batsman_role,Runs,is_wicket,bowler_score,match_id,city,stadium,Stadium_Type,is_extra,legal_delivery,legal_deliveries_count,overs_completed,overs_bowled,total_runs,current_run_rate,total_overs,target,runs_needed,overs_remaining,required_run_rate,wickets_fallen,wickets_in_hand,Ground_Type
0.1,0,1,1,Shubham Sanjay Agarwal,,Manan Vohra,Batters,1,False,-0.5,26,Rajkot,Saurashtra Cricket Association Stadium,Small,False,True,1,0,0.1666666666666666,1,6.0,20,189,188,19.83333333333333,9.478991596638656,0,10,Small
0.2,0,2,2,Shubham Sanjay Agarwal,,Hashim Amla,Batters,4,False,-2.0,26,Rajkot,Saurashtra Cricket Association Stadium,Small,False,True,2,0,0.3333333333333333,5,15.0,20,189,184,19.666666666666668,9.35593220338983,0,10,Small
0.3,0,3,3,Shubham Sanjay Agarwal,,Hashim Amla,Batters,1,False,-0.5,26,Rajkot,Saurashtra Cricket Association Stadium,Small,False,True,3,0,0.5,6,12.0,20,189,183,19.5,9.384615384615383,0,10,Small
0.4,0,4,4,Shubham Sanjay Agarwal,,Manan Vohra,Batters,1,False,-0.5,26,Rajkot,Saurashtra Cricket Association Stadium,Small,False,True,4,0,0.6666666666666666,7,10.5,20,189,182,19.33333333333333,9.413793103448276,0,10,Small
0.5,0,5,5,Shubham Sanjay Agarwal,,Hashim Amla,Batters,0,False,1.0,26,Rajkot,Saurashtra Cricket Association Stadium,Small,False,True,5,0,0.8333333333333334,7,8.4,20,189,182,19.166666666666668,9.495652173913044,0,10,Small
0.6,0,6,6,Shubham Sanjay Agarwal,,Hashim Amla,Batters,4,False,-2.0,26,Rajkot,Saurashtra Cricket Association Stadium,Small,False,True,6,0,1.0,11,11.0,20,189,178,19.0,9.36842105263158,0,10,Small
1.1,1,1,7,Nathu Singh,Bowlers,Manan Vohra,Batters,0,False,1.0,26,Rajkot,Saurashtra Cricket Association Stadium,Small,False,True,7,1,1.1666666666666667,11,9.428571428571429,20,189,178,18.83333333333333,9.45132743362832,0,10,Small
1.2,1,2,8,Nathu Singh,Bowlers,Manan Vohra,Batters,0,True,5.0,26,Rajkot,Saurashtra Cricket Association Stadium,Small,False,True,8,1,1.3333333333333333,11,8.25,20,189,178,18.666666666666668,9.535714285714285,1,9,Small
1.3,1,3,9,Nathu Singh,Bowlers,Shaun Marsh,Batters,0,False,1.0,26,Rajkot,Saurashtra Cricket Association Stadium,Small,False,True,9,1,1.5,11,7.333333333333333,20,189,178,18.5,9.62162162162162,1,9,Small
1.4,1,4,10,Nathu Singh,Bowlers,Shaun Marsh,Batters,4,False,-2.0,26,Rajkot,Saurashtra Cricket Association Stadium,Small,False,True,10,1,1.6666666666666663,15,9.0,20,189,174,18.33333333333333,9.490909090909092,1,9,Small
1.5,1,5,11,Nathu Singh,Bowlers,Shaun Marsh,Batters,0,False,1.0,26,Rajkot,Saurashtra Cricket Association Stadium,Small,False,True,11,1,1.8333333333333333,15,8.181818181818182,20,189,174,18.166666666666668,9.577981651376144,1,9,Small
1.6,1,6,12,Nathu Singh,Bowlers,Shaun Marsh,Batters,1,False,-0.5,26,Rajkot,Saurashtra Cricket Association Stadium,Small,False,True,12,1,2.0,16,8.0,20,189,173,18.0,9.61111111111111,1,9,Small
2.1,2,1,13,Suresh Raina,,Shaun Marsh,Batters,0,False,1.0,26,Rajkot,Saurashtra Cricket Association Stadium,Small,False,True,13,2,2.1666666666666665,16,7.384615384615385,20,189,173,17.833333333333332,9.700934579439252,1,9,Small
2.2,2,2,14,Suresh Raina,,Shaun Marsh,Batters,0,False,1.0,26,Rajkot,Saurashtra Cricket Association Stadium,Small,False,True,14,2,2.333333333333333,16,6.857142857142857,20,189,173,17.666666666666668,9.792452830188678,1,9,Small
2.3,2,3,15,Suresh Raina,,Shaun Marsh,Batters,0,False,1.0,26,Rajkot,Saurashtra Cricket Association Stadium,Small,False,True,15,2,2.5,16,6.4,20,189,173,17.5,9.885714285714286,1,9,Small
2.4,2,4,16,Suresh Raina,,Shaun Marsh,Batters,1,False,-0.5,26,Rajkot,Saurashtra Cricket Association Stadium,Small,False,True,16,2,2.6666666666666665,17,6.375,20,189,172,17.333333333333332,9.923076923076923,1,9,Small
2.5,2,5,17,Suresh Raina,,Hashim Amla,Batters,4,False,-2.0,26,Rajkot,Saurashtra Cricket Association Stadium,Small,False,True,17,2,2.833333333333333,21,7.411764705882352,20,189,168,17.166666666666668,9.78640776699029,1,9,Small
2.6,2,6,18,Suresh Raina,,Hashim Amla,Batters,1,False,-0.5,26,Rajkot,Saurashtra Cricket Association Stadium,Small,False,True,18,2,3.0,22,7.333333333333333,20,189,167,17.0,9.823529411764708,1,9,Small
3.1,3,1,19,Nathu Singh,Bowlers,Hashim Amla,Batters,0,False,1.0,26,Rajkot,Saurashtra Cricket Association Stadium,Small,False,True,19,3,3.1666666666666665,22,6.947368421052632,20,189,167,16.833333333333332,9.92079207920792,1,9,Small
3.2,3,2,20,Nathu Singh,Bowlers,Hashim Amla,Batters,0,False,1.0,26,Rajkot,Saurashtra Cricket Association Stadium,Small,False,True,20,3,3.333333333333333,22,6.6,20,189,167,16.666666666666668,10.02,1,9,Small
3.3,3,3,21,Nathu Singh,Bowlers,Hashim Amla,Batters,1,False,-0.5,26,Rajkot,Saurashtra Cricket Association Stadium,Small,False,True,21,3,3.5,23,6.571428571428571,20,189,166,16.5,10.06060606060606,1,9,Small
3.4,3,4,22,Nathu Singh,Bowlers,Shaun Marsh,Batters,1,False,-0.5,26,Rajkot,Saurashtra Cricket Association Stadium,Small,False,True,22,3,3.6666666666666665,24,6.545454545454546,20,189,165,16.333333333333332,10.10204081632653,1,9,Small
3.5,3,5,23,Nathu Singh,Bowlers,Hashim Amla,Batters,1,False,-0.25,26,Rajkot,Saurashtra Cricket Association Stadium,Small,False,True,23,3,3.8333333333333335,25,6.521739130434782,20,189,164,16.166666666666668,10.144329896907216,1,9,Small
3.6,3,6,24,Nathu Singh,Bowlers,Shaun Marsh,Batters,0,False,1.0,26,Rajkot,Saurashtra Cricket Association Stadium,Small,False,True,24,3,4.0,25,6.25,20,189,164,16.0,10.25,1,9,Small
4.1,4,1,25,Basil Thampi,Bowlers,Hashim Amla,Batters,1,False,-0.5,26,Rajkot,Saurashtra Cricket Association Stadium,Small,False,True,25,4,4.166666666666667,26,6.239999999999999,20,189,163,15.833333333333332,10.294736842105264,1,9,Small
4.2,4,2,26,Basil Thampi,Bowlers,Shaun Marsh,Batters,4,False,-2.0,26,Rajkot,Saurashtra Cricket Association Stadium,Small,False,True,26,4,4.333333333333333,30,6.923076923076923,20,189,159,15.666666666666668,10.148936170212766,1,9,Small
4.3,4,3,27,Basil Thampi,Bowlers,Shaun Marsh,Batters,0,False,1.0,26,Rajkot,Saurashtra Cricket Association Stadium,Small,False,True,27,4,4.5,30,6.666666666666667,20,189,159,15.5,10.258064516129032,1,9,Small
4.4,4,4,28,Basil Thampi,Bowlers,Shaun Marsh,Batters,1,False,-0.25,26,Rajkot,Saurashtra Cricket Association Stadium,Small,False,True,28,4,4.666666666666667,31,6.642857142857142,20,189,158,15.333333333333332,10.304347826086955,1,9,Small
4.5,4,5,29,Basil Thampi,Bowlers,Hashim Amla,Batters,1,False,-0.5,26,Rajkot,Saurashtra Cricket Association Stadium,Small,False,True,29,4,4.833333333333333,32,6.620689655172415,20,189,157,15.166666666666668,10.35164835164835,1,9,Small
4.6,4,6,30,Basil Thampi,Bowlers,Shaun Marsh,Batters,4,False,-2.0,26,Rajkot,Saurashtra Cricket Association Stadium,Small,False,True,30,4,5.0,36,7.2,20,189,153,15.0,10.2,1,9,Small
5.1,5,1,31,Andrew Tye,Bowlers,Hashim Amla,Batters,4,False,-2.0,26,Rajkot,Saurashtra Cricket Association Stadium,Small,False,True,31,5,5.166666666666667,40,7.741935483870967,20,189,149,14.833333333333332,10.04494382022472,1,9,Small
5.2,5,2,32,Andrew Tye,Bowlers,Hashim Amla,Batters,0,False,1.0,26,Rajkot,Saurashtra Cricket Association Stadium,Small,False,True,32,5,5.333333333333333,40,7.5,20,189,149,14.666666666666668,10.159090909090908,1,9,Small
5.3,5,3,33,Andrew Tye,Bowlers,Hashim Amla,Batters,4,False,-2.0,26,Rajkot,Saurashtra Cricket Association Stadium,Small,False,True,33,5,5.5,44,8.0,20,189,145,14.5,10.0,1,9,Small
5.4,5,4,34,Andrew Tye,Bowlers,Hashim Amla,Batters,0,False,1.0,26,Rajkot,Saurashtra Cricket Association Stadium,Small,False,True,34,5,5.666666666666667,44,7.764705882352941,20,189,145,14.333333333333332,10.116279069767442,1,9,Small
5.5,5,5,35,Andrew Tye,Bowlers,Hashim Amla,Batters,6,False,-3.0,26,Rajkot,Saurashtra Cricket Association Stadium,Small,False,True,35,5,5.833333333333333,50,8.571428571428571,20,189,139,14.166666666666668,9.811764705882352,1,9,Small
5.6,5,6,36,Andrew Tye,Bowlers,Hashim Amla,Batters,0,False,1.0,26,Rajkot,Saurashtra Cricket Association Stadium,Small,False,True,36,5,6.0,50,8.333333333333334,20,189,139,14.0,9.928571428571429,1,9,Small
6.1,6,1,37,Ravindra Jadeja,All-Rounders,Shaun Marsh,Batters,0,False,1.0,26,Rajkot,Saurashtra Cricket Association Stadium,Small,False,True,37,6,6.166666666666667,50,8.108108108108107,20,189,139,13.833333333333332,10.048192771084338,1,9,Small
6.2,6,2,38,Ravindra Jadeja,All-Rounders,Shaun Marsh,Batters,1,False,-0.5,26,Rajkot,Saurashtra Cricket Association Stadium,Small,False,True,38,6,6.333333333333333,51,8.052631578947368,20,189,138,13.666666666666668,10.097560975609754,1,9,Small
6.3,6,3,39,Ravindra Jadeja,All-Rounders,Hashim Amla,Batters,0,False,1.0,26,Rajkot,Saurashtra Cricket Association Stadium,Small,False,True,39,6,6.5,51,7.846153846153846,20,189,138,13.5,10.22222222222222,1,9,Small
6.4,6,4,40,Ravindra Jadeja,All-Rounders,Hashim Amla,Batters,1,False,-0.5,26,Rajkot,Saurashtra Cricket Association Stadium,Small,False,True,40,6,6.666666666666667,52,7.8,20,189,137,13.333333333333332,10.275,1,9,Small
6.5,6,5,41,Ravindra Jadeja,All-Rounders,Shaun Marsh,Batters,1,False,-0.25,26,Rajkot,Saurashtra Cricket Association Stadium,Small,False,True,41,6,6.833333333333333,53,7.75609756097561,20,189,136,13.166666666666668,10.329113924050631,1,9,Small
6.6,6,6,42,Ravindra Jadeja,All-Rounders,Hashim Amla,Batters,0,False,1.0,26,Rajkot,Saurashtra Cricket Association Stadium,Small,False,True,42,6,7.0,53,7.571428571428571,20,189,136,13.0,10.461538461538462,1,9,Small
7.1,7,1,43,Shubham Sanjay Agarwal,,Shaun Marsh,Batters,0,False,1.0,26,Rajkot,Saurashtra Cricket Association Stadium,Small,False,True,43,7,7.166666666666667,53,7.395348837209302,20,189,136,12.833333333333332,10.5974025974026,1,9,Small
7.2,7,2,44,Shubham Sanjay Agarwal,,Shaun Marsh,Batters,6,False,-3.0,26,Rajkot,Saurashtra Cricket Association Stadium,Small,False,True,44,7,7.333333333333333,59,8.045454545454545,20,189,130,12.666666666666668,10.26315789473684,1,9,Small
7.3,7,3,45,Shubham Sanjay Agarwal,,Shaun Marsh,Batters,4,False,-2.0,26,Rajkot,Saurashtra Cricket Association Stadium,Small,False,True,45,7,7.5,63,8.4,20,189,126,12.5,10.08,1,9,Small
7.4,7,4,46,Shubham Sanjay Agarwal,,Shaun Marsh,Batters,1,False,-0.5,26,Rajkot,Saurashtra Cricket Association Stadium,Small,False,True,46,7,7.666666666666667,64,8.347826086956522,20,189,125,12.333333333333332,10.135135135135137,1,9,Small
7.5,7,5,47,Shubham Sanjay Agarwal,,Hashim Amla,Batters,1,False,-0.5,26,Rajkot,Saurashtra Cricket Association Stadium,Small,False,True,47,7,7.833333333333333,65,8.297872340425533,20,189,124,12.166666666666668,10.191780821917808,1,9,Small
7.6,7,6,48,Shubham Sanjay Agarwal,,Shaun Marsh,Batters,2,False,-1.0,26,Rajkot,Saurashtra Cricket Association Stadium,Small,False,True,48,7,8.0,67,8.375,20,189,122,12.0,10.166666666666666,1,9,Small
8.1,8,1,49,Ravindra Jadeja,All-Rounders,Hashim Amla,Batters,0,False,1.0,26,Rajkot,Saurashtra Cricket Association Stadium,Small,False,True,49,8,8.166666666666666,67,8.204081632653061,20,189,122,11.833333333333334,10.309859154929576,1,9,Small
8.2,8,2,50,Ravindra Jadeja,All-Rounders,Hashim Amla,Batters,1,False,-0.5,26,Rajkot,Saurashtra Cricket Association Stadium,Small,False,True,50,8,8.333333333333334,68,8.16,20,189,121,11.666666666666666,10.371428571428572,1,9,Small
8.3,8,3,51,Ravindra Jadeja,All-Rounders,Shaun Marsh,Batters,1,False,-0.5,26,Rajkot,Saurashtra Cricket Association Stadium,Small,False,True,51,8,8.5,69,8.117647058823529,20,189,120,11.5,10.434782608695652,1,9,Small
8.4,8,4,52,Ravindra Jadeja,All-Rounders,Hashim Amla,Batters,6,False,-3.0,26,Rajkot,Saurashtra Cricket Association Stadium,Small,False,True,52,8,8.666666666666666,75,8.653846153846155,20,189,114,11.333333333333334,10.058823529411764,1,9,Small
8.5,8,5,53,Ravindra Jadeja,All-Rounders,Hashim Amla,Batters,4,False,-2.0,26,Rajkot,Saurashtra Cricket Association Stadium,Small,False,True,53,8,8.833333333333334,79,8.943396226415095,20,189,110,11.166666666666666,9.850746268656716,1,9,Small
8.6,8,6,54,Ravindra Jadeja,All-Rounders,Hashim Amla,Batters,1,False,-0.5,26,Rajkot,Saurashtra Cricket Association Stadium,Small,False,True,54,8,9.0,80,8.88888888888889,20,189,109,11.0,9.909090909090908,1,9,Small
9.1,9,1,55,Andrew Tye,Bowlers,Hashim Amla,Batters,1,False,-0.25,26,Rajkot,Saurashtra Cricket Association Stadium,Small,False,True,55,9,9.166666666666666,81,8.836363636363638,20,189,108,10.833333333333334,9.96923076923077,1,9,Small
9.2,9,2,56,Andrew Tye,Bowlers,Shaun Marsh,Batters,0,True,5.0,26,Rajkot,Saurashtra Cricket Association Stadium,Small,False,True,56,9,9.333333333333334,81,8.678571428571429,20,189,108,10.666666666666666,10.125,2,8,Small
9.3,9,3,57,Andrew Tye,Bowlers,Glenn Maxwell,All-Rounders,1,False,-0.5,26,Rajkot,Saurashtra Cricket Association Stadium,Small,False,True,57,9,9.5,82,8.631578947368421,20,189,107,10.5,10.19047619047619,2,8,Small
9.4,9,4,58,Andrew Tye,Bowlers,Hashim Amla,Batters,1,False,-0.5,26,Rajkot,Saurashtra Cricket Association Stadium,Small,False,True,58,9,9.666666666666666,83,8.586206896551724,20,189,106,10.333333333333334,10.258064516129032,2,8,Small
9.5,9,5,59,Andrew Tye,Bowlers,Glenn Maxwell,All-Rounders,1,False,-0.5,26,Rajkot,Saurashtra Cricket Association Stadium,Small,False,True,59,9,9.833333333333334,84,8.542372881355933,20,189,105,10.166666666666666,10.327868852459018,2,8,Small
9.6,9,6,60,Andrew Tye,Bowlers,Hashim Amla,Batters,4,False,-2.0,26,Rajkot,Saurashtra Cricket Association Stadium,Small,False,True,60,9,10.0,88,8.8,20,189,101,10.0,10.1,2,8,Small
10.1,10,1,61,Shubham Sanjay Agarwal,,Glenn Maxwell,All-Rounders,0,False,1.0,26,Rajkot,Saurashtra Cricket Association Stadium,Small,False,True,61,10,10.166666666666666,88,8.655737704918034,20,189,101,9.833333333333334,10.271186440677964,2,8,Small
10.2,10,2,62,Shubham Sanjay Agarwal,,Glenn Maxwell,All-Rounders,1,False,-0.5,26,Rajkot,Saurashtra Cricket Association Stadium,Small,False,True,62,10,10.333333333333334,89,8.612903225806452,20,189,100,9.666666666666666,10.344827586206897,2,8,Small
10.3,10,3,63,Shubham Sanjay Agarwal,,Hashim Amla,Batters,1,False,-0.5,26,Rajkot,Saurashtra Cricket Association Stadium,Small,False,True,63,10,10.5,90,8.571428571428571,20,189,99,9.5,10.421052631578949,2,8,Small
10.4,10,4,64,Shubham Sanjay Agarwal,,Glenn Maxwell,All-Rounders,0,False,1.0,26,Rajkot,Saurashtra Cricket Association Stadium,Small,False,True,64,10,10.666666666666666,90,8.4375,20,189,99,9.333333333333334,10.607142857142856,2,8,Small
10.5,10,5,65,Shubham Sanjay Agarwal,,Glenn Maxwell,All-Rounders,0,False,1.0,26,Rajkot,Saurashtra Cricket Association Stadium,Small,False,True,65,10,10.833333333333334,90,8.307692307692307,20,189,99,9.166666666666666,10.8,2,8,Small
10.6,10,6,66,Shubham Sanjay Agarwal,,Glenn Maxwell,All-Rounders,1,False,-0.5,26,Rajkot,Saurashtra Cricket Association Stadium,Small,False,True,66,10,11.0,91,8.272727272727273,20,189,98,9.0,10.88888888888889,2,8,Small
11.1,11,1,67,Basil Thampi,Bowlers,Glenn Maxwell,All-Rounders,6,False,-3.0,26,Rajkot,Saurashtra Cricket Association Stadium,Small,False,True,67,11,11.166666666666666,97,8.686567164179104,20,189,92,8.833333333333334,10.41509433962264,2,8,Small
11.2,11,2,68,Basil Thampi,Bowlers,Glenn Maxwell,All-Rounders,1,False,-0.5,26,Rajkot,Saurashtra Cricket Association Stadium,Small,False,True,68,11,11.333333333333334,98,8.647058823529411,20,189,91,8.666666666666666,10.5,2,8,Small
11.3,11,3,69,Basil Thampi,Bowlers,Hashim Amla,Batters,4,False,-2.0,26,Rajkot,Saurashtra Cricket Association Stadium,Small,False,True,69,11,11.5,102,8.869565217391305,20,189,87,8.5,10.235294117647058,2,8,Small
11.4,11,4,70,Basil Thampi,Bowlers,Hashim Amla,Batters,1,False,-0.5,26,Rajkot,Saurashtra Cricket Association Stadium,Small,False,True,70,11,11.666666666666666,103,8.82857142857143,20,189,86,8.333333333333334,10.32,2,8,Small
11.5,11,5,71,Basil Thampi,Bowlers,Glenn Maxwell,All-Rounders,1,False,-0.5,26,Rajkot,Saurashtra Cricket Association Stadium,Small,False,True,71,11,11.833333333333334,104,8.788732394366196,20,189,85,8.166666666666666,10.408163265306124,2,8,Small
11.6,11,6,72,Basil Thampi,Bowlers,Hashim Amla,Batters,0,False,1.0,26,Rajkot,Saurashtra Cricket Association Stadium,Small,False,True,72,11,12.0,104,8.666666666666666,20,189,85,8.0,10.625,2,8,Small
12.1,12,1,73,Ravindra Jadeja,All-Rounders,Glenn Maxwell,All-Rounders,1,False,-0.5,26,Rajkot,Saurashtra Cricket Association Stadium,Small,False,True,73,12,12.166666666666666,105,8.63013698630137,20,189,84,7.833333333333334,10.723404255319148,2,8,Small
12.2,12,2,74,Ravindra Jadeja,All-Rounders,Hashim Amla,Batters,1,False,-0.5,26,Rajkot,Saurashtra Cricket Association Stadium,Small,False,True,74,12,12.333333333333334,106,8.594594594594595,20,189,83,7.666666666666666,10.82608695652174,2,8,Small
12.3,12,3,75,Ravindra Jadeja,All-Rounders,Glenn Maxwell,All-Rounders,1,False,-0.5,26,Rajkot,Saurashtra Cricket Association Stadium,Small,False,True,75,12,12.5,107,8.56,20,189,82,7.5,10.933333333333334,2,8,Small
12.4,12,4,76,Ravindra Jadeja,All-Rounders,Hashim Amla,Batters,4,False,-2.0,26,Rajkot,Saurashtra Cricket Association Stadium,Small,False,True,76,12,12.666666666666666,111,8.763157894736842,20,189,78,7.333333333333334,10.636363636363637,2,8,Small
12.5,12,5,77,Ravindra Jadeja,All-Rounders,Hashim Amla,Batters,2,False,-1.0,26,Rajkot,Saurashtra Cricket Association Stadium,Small,False,True,77,12,12.833333333333334,113,8.805194805194805,20,189,76,7.166666666666666,10.6046511627907,2,8,Small
12.6,12,6,78,Ravindra Jadeja,All-Rounders,Hashim Amla,Batters,1,False,-0.5,26,Rajkot,Saurashtra Cricket Association Stadium,Small,False,True,78,12,13.0,114,8.76923076923077,20,189,75,7.0,10.714285714285714,2,8,Small
13.1,13,1,79,Shubham Sanjay Agarwal,,Hashim Amla,Batters,1,False,-0.5,26,Rajkot,Saurashtra Cricket Association Stadium,Small,False,True,79,13,13.166666666666666,115,8.734177215189874,20,189,74,6.833333333333334,10.829268292682926,2,8,Small
13.2,13,2,80,Shubham Sanjay Agarwal,,Glenn Maxwell,All-Rounders,6,False,-3.0,26,Rajkot,Saurashtra Cricket Association Stadium,Small,False,True,80,13,13.333333333333334,121,9.075,20,189,68,6.666666666666666,10.2,2,8,Small
13.3,13,3,81,Shubham Sanjay Agarwal,,Glenn Maxwell,All-Rounders,0,False,1.0,26,Rajkot,Saurashtra Cricket Association Stadium,Small,False,True,81,13,13.5,121,8.962962962962964,20,189,68,6.5,10.461538461538462,2,8,Small
13.4,13,4,82,Shubham Sanjay Agarwal,,Glenn Maxwell,All-Rounders,6,False,-3.0,26,Rajkot,Saurashtra Cricket Association Stadium,Small,False,True,82,13,13.666666666666666,127,9.292682926829269,20,189,62,6.333333333333334,9.789473684210526,2,8,Small
13.5,13,5,83,Shubham Sanjay Agarwal,,Glenn Maxwell,All-Rounders,1,False,-0.5,26,Rajkot,Saurashtra Cricket Association Stadium,Small,False,True,83,13,13.833333333333334,128,9.25301204819277,20,189,61,6.166666666666666,9.891891891891891,2,8,Small
13.6,13,6,84,Shubham Sanjay Agarwal,,Hashim Amla,Batters,0,True,5.0,26,Rajkot,Saurashtra Cricket Association Stadium,Small,False,True,84,13,14.0,128,9.142857142857142,20,189,61,6.0,10.166666666666666,3,7,Small
14.1,14,1,85,Ravindra Jadeja,All-Rounders,Glenn Maxwell,All-Rounders,4,False,-2.0,26,Rajkot,Saurashtra Cricket Association Stadium,Small,False,True,85,14,14.166666666666666,132,9.31764705882353,20,189,57,5.833333333333334,9.77142857142857,3,7,Small
14.2,14,2,86,Ravindra Jadeja,All-Rounders,Glenn Maxwell,All-Rounders,0,True,5.0,26,Rajkot,Saurashtra Cricket Association Stadium,Small,False,True,86,14,14.333333333333334,132,9.209302325581396,20,189,57,5.666666666666666,10.058823529411766,4,6,Small
14.3,14,3,87,Ravindra Jadeja,All-Rounders,Axar Patel,All-Rounders,0,False,1.0,26,Rajkot,Saurashtra Cricket Association Stadium,Small,False,True,87,14,14.5,132,9.10344827586207,20,189,57,5.5,10.363636363636363,4,6,Small
14.4,14,4,88,Ravindra Jadeja,All-Rounders,Axar Patel,All-Rounders,1,False,-0.5,26,Rajkot,Saurashtra Cricket Association Stadium,Small,False,True,88,14,14.666666666666666,133,9.068181818181818,20,189,56,5.333333333333334,10.499999999999998,4,6,Small
14.5,14,5,89,Ravindra Jadeja,All-Rounders,Marcus Stoinis,All-Rounders,1,False,-0.5,26,Rajkot,Saurashtra Cricket Association Stadium,Small,False,True,89,14,14.833333333333334,134,9.03370786516854,20,189,55,5.166666666666666,10.645161290322582,4,6,Small
14.6,14,6,90,Ravindra Jadeja,All-Rounders,Axar Patel,All-Rounders,1,False,-0.5,26,Rajkot,Saurashtra Cricket Association Stadium,Small,False,True,90,14,15.0,135,9.0,20,189,54,5.0,10.8,4,6,Small
15.1,15,1,91,Andrew Tye,Bowlers,Axar Patel,All-Rounders,0,False,1.0,26,Rajkot,Saurashtra Cricket Association Stadium,Small,False,True,91,15,15.166666666666666,135,8.901098901098901,20,189,54,4.833333333333334,11.172413793103448,4,6,Small
15.2,15,2,92,Andrew Tye,Bowlers,Axar Patel,All-Rounders,1,False,-0.5,26,Rajkot,Saurashtra Cricket Association Stadium,Small,False,True,92,15,15.333333333333334,136,8.869565217391305,20,189,53,4.666666666666666,11.35714285714286,4,6,Small
15.3,15,3,93,Andrew Tye,Bowlers,Marcus Stoinis,All-Rounders,1,False,-0.5,26,Rajkot,Saurashtra Cricket Association Stadium,Small,False,True,93,15,15.5,137,8.838709677419354,20,189,52,4.5,11.555555555555555,4,6,Small
15.4,15,4,94,Andrew Tye,Bowlers,Axar Patel,All-Rounders,1,False,-0.5,26,Rajkot,Saurashtra Cricket Association Stadium,Small,False,True,94,15,15.666666666666666,138,8.808510638297873,20,189,51,4.333333333333334,11.769230769230768,4,6,Small
15.5,15,5,95,Andrew Tye,Bowlers,Marcus Stoinis,All-Rounders,1,False,-0.5,26,Rajkot,Saurashtra Cricket Association Stadium,Small,False,True,95,15,15.833333333333334,139,8.778947368421052,20,189,50,4.166666666666666,12.000000000000002,4,6,Small
15.6,15,6,96,Andrew Tye,Bowlers,Axar Patel,All-Rounders,4,False,-2.0,26,Rajkot,Saurashtra Cricket Association Stadium,Small,False,True,96,15,16.0,143,8.9375,20,189,46,4.0,11.5,4,6,Small
16.1,16,1,97,Basil Thampi,Bowlers,Marcus Stoinis,All-Rounders,0,False,1.0,26,Rajkot,Saurashtra Cricket Association Stadium,Small,False,True,97,16,16.166666666666668,143,8.845360824742267,20,189,46,3.833333333333332,12.000000000000004,4,6,Small
16.2,16,2,98,Basil Thampi,Bowlers,Marcus Stoinis,All-Rounders,0,False,1.0,26,Rajkot,Saurashtra Cricket Association Stadium,Small,False,True,98,16,16.333333333333332,143,8.755102040816327,20,189,46,3.666666666666668,12.54545454545454,4,6,Small
16.3,16,3,99,Basil Thampi,Bowlers,Marcus Stoinis,All-Rounders,1,False,-0.5,26,Rajkot,Saurashtra Cricket Association Stadium,Small,False,True,99,16,16.5,144,8.727272727272727,20,189,45,3.5,12.857142857142858,4,6,Small
16.4,16,4,100,Basil Thampi,Bowlers,Axar Patel,All-Rounders,1,False,-1.0,26,Rajkot,Saurashtra Cricket Association Stadium,Small,True,False,99,16,16.5,145,8.787878787878787,20,189,44,3.5,12.571428571428571,4,6,Small
16.4,16,4,101,Basil Thampi,Bowlers,Axar Patel,All-Rounders,4,False,-2.0,26,Rajkot,Saurashtra Cricket Association Stadium,Small,False,True,100,16,16.666666666666668,149,8.94,20,189,40,3.333333333333332,12.000000000000004,4,6,Small
16.5,16,5,102,Basil Thampi,Bowlers,Axar Patel,All-Rounders,2,False,-1.0,26,Rajkot,Saurashtra Cricket Association Stadium,Small,False,True,101,16,16.833333333333332,151,8.970297029702971,20,189,38,3.166666666666668,11.999999999999996,4,6,Small
16.6,16,6,103,Basil Thampi,Bowlers,Axar Patel,All-Rounders,1,False,-0.5,26,Rajkot,Saurashtra Cricket Association Stadium,Small,False,True,102,16,17.0,152,8.941176470588236,20,189,37,3.0,12.333333333333334,4,6,Small
17.1,17,1,104,Andrew Tye,Bowlers,Axar Patel,All-Rounders,1,False,-0.5,26,Rajkot,Saurashtra Cricket Association Stadium,Small,False,True,103,17,17.166666666666668,153,8.9126213592233,20,189,36,2.833333333333332,12.70588235294118,4,6,Small
17.2,17,2,105,Andrew Tye,Bowlers,Marcus Stoinis,All-Rounders,2,False,-1.0,26,Rajkot,Saurashtra Cricket Association Stadium,Small,False,True,104,17,17.333333333333332,155,8.942307692307693,20,189,34,2.666666666666668,12.749999999999996,4,6,Small
17.3,17,3,106,Andrew Tye,Bowlers,Marcus Stoinis,All-Rounders,1,False,-0.5,26,Rajkot,Saurashtra Cricket Association Stadium,Small,False,True,105,17,17.5,156,8.914285714285715,20,189,33,2.5,13.2,4,6,Small
17.4,17,4,107,Andrew Tye,Bowlers,Axar Patel,All-Rounders,1,False,-0.5,26,Rajkot,Saurashtra Cricket Association Stadium,Small,False,True,106,17,17.666666666666668,157,8.886792452830187,20,189,32,2.333333333333332,13.71428571428572,4,6,Small
17.5,17,5,108,Andrew Tye,Bowlers,Marcus Stoinis,All-Rounders,0,True,5.0,26,Rajkot,Saurashtra Cricket Association Stadium,Small,False,True,107,17,17.833333333333332,157,8.80373831775701,20,189,32,2.166666666666668,14.76923076923076,5,5,Small
17.6,17,6,109,Andrew Tye,Bowlers,Axar Patel,All-Rounders,1,False,-0.5,26,Rajkot,Saurashtra Cricket Association Stadium,Small,False,True,108,17,18.0,158,8.777777777777779,20,189,31,2.0,15.5,5,5,Small
18.1,18,1,110,Dwayne Smith,All-Rounders,Axar Patel,All-Rounders,6,False,-3.0,26,Rajkot,Saurashtra Cricket Association Stadium,Small,False,True,109,18,18.166666666666668,164,9.027522935779816,20,189,25,1.833333333333332,13.636363636363646,5,5,Small
18.2,18,2,111,Dwayne Smith,All-Rounders,Axar Patel,All-Rounders,4,False,-2.0,26,Rajkot,Saurashtra Cricket Association Stadium,Small,False,True,110,18,18.33333333333333,168,9.163636363636364,20,189,21,1.666666666666668,12.59999999999999,5,5,Small
18.3,18,3,112,Dwayne Smith,All-Rounders,Axar Patel,All-Rounders,6,False,-3.0,26,Rajkot,Saurashtra Cricket Association Stadium,Small,False,True,111,18,18.5,174,9.405405405405403,20,189,15,1.5,10.0,5,5,Small
18.4,18,4,113,Dwayne Smith,All-Rounders,Axar Patel,All-Rounders,0,True,5.0,26,Rajkot,Saurashtra Cricket Association Stadium,Small,False,True,112,18,18.666666666666668,174,9.321428571428571,20,189,15,1.333333333333332,11.25000000000001,6,4,Small
18.5,18,5,114,Dwayne Smith,All-Rounders,Mohit Sharma,Bowlers,1,False,-0.5,26,Rajkot,Saurashtra Cricket Association Stadium,Small,False,True,113,18,18.83333333333333,175,9.29203539823009,20,189,14,1.166666666666668,11.999999999999988,6,4,Small
18.6,18,6,115,Dwayne Smith,All-Rounders,Wriddhiman Saha,Batters,1,False,-0.5,26,Rajkot,Saurashtra Cricket Association Stadium,Small,False,True,114,18,19.0,176,9.263157894736842,20,189,13,1.0,13.0,6,4,Small
19.1,19,1,116,Basil Thampi,Bowlers,Wriddhiman Saha,Batters,1,False,-0.5,26,Rajkot,Saurashtra Cricket Association Stadium,Small,False,True,115,19,19.166666666666668,177,9.234782608695651,20,189,12,0.8333333333333321,14.40000000000002,6,4,Small
19.2,19,2,117,Basil Thampi,Bowlers,Mohit Sharma,Bowlers,2,False,-1.0,26,Rajkot,Saurashtra Cricket Association Stadium,Small,False,True,116,19,19.33333333333333,179,9.258620689655173,20,189,10,0.6666666666666679,14.999999999999972,6,4,Small
19.3,19,3,118,Basil Thampi,Bowlers,Mohit Sharma,Bowlers,1,False,-0.5,26,Rajkot,Saurashtra Cricket Association Stadium,Small,False,True,117,19,19.5,180,9.23076923076923,20,189,9,0.5,18.0,6,4,Small
19.4,19,4,119,Basil Thampi,Bowlers,Wriddhiman Saha,Batters,2,False,-1.0,26,Rajkot,Saurashtra Cricket Association Stadium,Small,False,True,118,19,19.666666666666668,182,9.254237288135592,20,189,7,0.3333333333333321,21.000000000000075,6,4,Small
19.5,19,5,120,Basil Thampi,Bowlers,Wriddhiman Saha,Batters,6,False,-3.0,26,Rajkot,Saurashtra Cricket Association Stadium,Small,False,True,119,19,19.83333333333333,188,9.478991596638656,20,189,1,0.1666666666666678,5.999999999999957,6,4,Small
19.6,19,6,121,Basil Thampi,Bowlers,Wriddhiman Saha,Batters,0,True,5.0,26,Rajkot,Saurashtra Cricket Association Stadium,Small,False,True,120,19,20.0,188,9.4,20,189,1,0.0,inf,7,3,Small
