Ball Number,over,ball,Ball,bowler,bowler_role,batsman,batsman_role,Runs,is_wicket,bowler_score,match_id,city,stadium,Stadium_Type,is_extra,legal_delivery,legal_deliveries_count,overs_completed,overs_bowled,total_runs,current_run_rate,total_overs,target,runs_needed,overs_remaining,required_run_rate,wickets_fallen,wickets_in_hand,Ground_Type
0.1,0,1,1,Mitchell Johnson,Bowlers,Ajinkya Rahane,Batters,1,False,-0.5,28,Mumbai,Wankhede Stadium,Medium,False,True,1,0,0.1666666666666666,1,6.0,20,161,160,19.83333333333333,8.067226890756302,0,10,Medium
0.2,0,2,2,Mitchell Johnson,Bowlers,Rahul Tripathi,Batters,0,False,1.0,28,Mumbai,Wankhede Stadium,Medium,False,True,2,0,0.3333333333333333,1,3.0,20,161,160,19.666666666666668,8.135593220338983,0,10,Medium
0.3,0,3,3,Mitchell Johnson,Bowlers,Rahul Tripathi,Batters,1,False,-0.5,28,Mumbai,Wankhede Stadium,Medium,False,True,3,0,0.5,2,4.0,20,161,159,19.5,8.153846153846153,0,10,Medium
0.4,0,4,4,Mitchell Johnson,Bowlers,Ajinkya Rahane,Batters,0,False,1.0,28,Mumbai,Wankhede Stadium,Medium,False,True,4,0,0.6666666666666666,2,3.0,20,161,159,19.33333333333333,8.224137931034484,0,10,Medium
0.5,0,5,5,Mitchell Johnson,Bowlers,Ajinkya Rahane,Batters,0,False,1.0,28,Mumbai,Wankhede Stadium,Medium,False,True,5,0,0.8333333333333334,2,2.4,20,161,159,19.166666666666668,8.295652173913043,0,10,Medium
0.5,0,5,6,Mitchell Johnson,Bowlers,Ajinkya Rahane,Batters,1,False,-1.0,28,Mumbai,Wankhede Stadium,Medium,True,False,5,0,0.8333333333333334,3,3.6,20,161,158,19.166666666666668,8.243478260869566,0,10,Medium
0.6,0,6,7,Mitchell Johnson,Bowlers,Ajinkya Rahane,Batters,6,False,-3.0,28,Mumbai,Wankhede Stadium,Medium,False,True,6,0,1.0,9,9.0,20,161,152,19.0,8.0,0,10,Medium
1.1,1,1,8,Mitchell McClenaghan,Bowlers,Rahul Tripathi,Batters,0,False,1.0,28,Mumbai,Wankhede Stadium,Medium,False,True,7,1,1.1666666666666667,9,7.7142857142857135,20,161,152,18.83333333333333,8.070796460176991,0,10,Medium
1.2,1,2,9,Mitchell McClenaghan,Bowlers,Rahul Tripathi,Batters,0,False,1.0,28,Mumbai,Wankhede Stadium,Medium,False,True,8,1,1.3333333333333333,9,6.75,20,161,152,18.666666666666668,8.142857142857142,0,10,Medium
1.3,1,3,10,Mitchell McClenaghan,Bowlers,Rahul Tripathi,Batters,4,False,-2.0,28,Mumbai,Wankhede Stadium,Medium,False,True,9,1,1.5,13,8.666666666666666,20,161,148,18.5,8.0,0,10,Medium
1.4,1,4,11,Mitchell McClenaghan,Bowlers,Rahul Tripathi,Batters,1,False,-0.5,28,Mumbai,Wankhede Stadium,Medium,False,True,10,1,1.6666666666666663,14,8.4,20,161,147,18.33333333333333,8.01818181818182,0,10,Medium
1.5,1,5,12,Mitchell McClenaghan,Bowlers,Ajinkya Rahane,Batters,0,False,1.0,28,Mumbai,Wankhede Stadium,Medium,False,True,11,1,1.8333333333333333,14,7.636363636363636,20,161,147,18.166666666666668,8.091743119266054,0,10,Medium
1.6,1,6,13,Mitchell McClenaghan,Bowlers,Ajinkya Rahane,Batters,4,False,-2.0,28,Mumbai,Wankhede Stadium,Medium,False,True,12,1,2.0,18,9.0,20,161,143,18.0,7.944444444444445,0,10,Medium
2.1,2,1,14,Mitchell Johnson,Bowlers,Rahul Tripathi,Batters,0,False,1.0,28,Mumbai,Wankhede Stadium,Medium,False,True,13,2,2.1666666666666665,18,8.307692307692308,20,161,143,17.833333333333332,8.018691588785048,0,10,Medium
2.2,2,2,15,Mitchell Johnson,Bowlers,Rahul Tripathi,Batters,1,False,-0.5,28,Mumbai,Wankhede Stadium,Medium,False,True,14,2,2.333333333333333,19,8.142857142857142,20,161,142,17.666666666666668,8.037735849056602,0,10,Medium
2.3,2,3,16,Mitchell Johnson,Bowlers,Ajinkya Rahane,Batters,4,False,-2.0,28,Mumbai,Wankhede Stadium,Medium,False,True,15,2,2.5,23,9.2,20,161,138,17.5,7.885714285714286,0,10,Medium
2.4,2,4,17,Mitchell Johnson,Bowlers,Ajinkya Rahane,Batters,0,False,1.0,28,Mumbai,Wankhede Stadium,Medium,False,True,16,2,2.6666666666666665,23,8.625,20,161,138,17.333333333333332,7.961538461538462,0,10,Medium
2.5,2,5,18,Mitchell Johnson,Bowlers,Ajinkya Rahane,Batters,1,False,-0.5,28,Mumbai,Wankhede Stadium,Medium,False,True,17,2,2.833333333333333,24,8.470588235294118,20,161,137,17.166666666666668,7.980582524271844,0,10,Medium
2.6,2,6,19,Mitchell Johnson,Bowlers,Rahul Tripathi,Batters,1,False,-0.5,28,Mumbai,Wankhede Stadium,Medium,False,True,18,2,3.0,25,8.333333333333334,20,161,136,17.0,8.0,0,10,Medium
3.1,3,1,20,Karn Sharma,Bowlers,Rahul Tripathi,Batters,2,False,-1.0,28,Mumbai,Wankhede Stadium,Medium,False,True,19,3,3.1666666666666665,27,8.526315789473685,20,161,134,16.833333333333332,7.960396039603961,0,10,Medium
3.2,3,2,21,Karn Sharma,Bowlers,Rahul Tripathi,Batters,2,False,-1.0,28,Mumbai,Wankhede Stadium,Medium,False,True,20,3,3.333333333333333,29,8.7,20,161,132,16.666666666666668,7.919999999999999,0,10,Medium
3.3,3,3,22,Karn Sharma,Bowlers,Rahul Tripathi,Batters,1,False,-0.5,28,Mumbai,Wankhede Stadium,Medium,False,True,21,3,3.5,30,8.571428571428571,20,161,131,16.5,7.9393939393939394,0,10,Medium
3.4,3,4,23,Karn Sharma,Bowlers,Ajinkya Rahane,Batters,0,False,1.0,28,Mumbai,Wankhede Stadium,Medium,False,True,22,3,3.6666666666666665,30,8.181818181818182,20,161,131,16.333333333333332,8.020408163265307,0,10,Medium
3.5,3,5,24,Karn Sharma,Bowlers,Ajinkya Rahane,Batters,0,False,1.0,28,Mumbai,Wankhede Stadium,Medium,False,True,23,3,3.8333333333333335,30,7.826086956521739,20,161,131,16.166666666666668,8.103092783505154,0,10,Medium
3.6,3,6,25,Karn Sharma,Bowlers,Ajinkya Rahane,Batters,1,False,-0.5,28,Mumbai,Wankhede Stadium,Medium,False,True,24,3,4.0,31,7.75,20,161,130,16.0,8.125,0,10,Medium
4.1,4,1,26,Jasprit Bumrah,Bowlers,Ajinkya Rahane,Batters,1,False,-0.5,28,Mumbai,Wankhede Stadium,Medium,False,True,25,4,4.166666666666667,32,7.68,20,161,129,15.833333333333332,8.147368421052633,0,10,Medium
4.2,4,2,27,Jasprit Bumrah,Bowlers,Rahul Tripathi,Batters,1,False,-0.25,28,Mumbai,Wankhede Stadium,Medium,False,True,26,4,4.333333333333333,33,7.615384615384616,20,161,128,15.666666666666668,8.170212765957446,0,10,Medium
4.3,4,3,28,Jasprit Bumrah,Bowlers,Ajinkya Rahane,Batters,4,False,-2.0,28,Mumbai,Wankhede Stadium,Medium,False,True,27,4,4.5,37,8.222222222222221,20,161,124,15.5,8.0,0,10,Medium
4.4,4,4,29,Jasprit Bumrah,Bowlers,Ajinkya Rahane,Batters,0,False,1.0,28,Mumbai,Wankhede Stadium,Medium,False,True,28,4,4.666666666666667,37,7.928571428571428,20,161,124,15.333333333333332,8.08695652173913,0,10,Medium
4.5,4,5,30,Jasprit Bumrah,Bowlers,Ajinkya Rahane,Batters,0,False,1.0,28,Mumbai,Wankhede Stadium,Medium,False,True,29,4,4.833333333333333,37,7.655172413793104,20,161,124,15.166666666666668,8.175824175824175,0,10,Medium
4.6,4,6,31,Jasprit Bumrah,Bowlers,Ajinkya Rahane,Batters,0,False,1.0,28,Mumbai,Wankhede Stadium,Medium,False,True,30,4,5.0,37,7.4,20,161,124,15.0,8.266666666666667,0,10,Medium
5.1,5,1,32,Karn Sharma,Bowlers,Rahul Tripathi,Batters,6,False,-3.0,28,Mumbai,Wankhede Stadium,Medium,False,True,31,5,5.166666666666667,43,8.32258064516129,20,161,118,14.833333333333332,7.955056179775282,0,10,Medium
5.2,5,2,33,Karn Sharma,Bowlers,Rahul Tripathi,Batters,1,False,-0.5,28,Mumbai,Wankhede Stadium,Medium,False,True,32,5,5.333333333333333,44,8.25,20,161,117,14.666666666666668,7.977272727272727,0,10,Medium
5.3,5,3,34,Karn Sharma,Bowlers,Ajinkya Rahane,Batters,0,False,1.0,28,Mumbai,Wankhede Stadium,Medium,False,True,33,5,5.5,44,8.0,20,161,117,14.5,8.068965517241379,0,10,Medium
5.4,5,4,35,Karn Sharma,Bowlers,Ajinkya Rahane,Batters,0,False,1.0,28,Mumbai,Wankhede Stadium,Medium,False,True,34,5,5.666666666666667,44,7.764705882352941,20,161,117,14.333333333333332,8.162790697674419,0,10,Medium
5.5,5,5,36,Karn Sharma,Bowlers,Ajinkya Rahane,Batters,0,False,1.0,28,Mumbai,Wankhede Stadium,Medium,False,True,35,5,5.833333333333333,44,7.542857142857144,20,161,117,14.166666666666668,8.258823529411764,0,10,Medium
5.6,5,6,37,Karn Sharma,Bowlers,Ajinkya Rahane,Batters,4,False,-2.0,28,Mumbai,Wankhede Stadium,Medium,False,True,36,5,6.0,48,8.0,20,161,113,14.0,8.071428571428571,0,10,Medium
6.1,6,1,38,Harbhajan Singh,Bowlers,Rahul Tripathi,Batters,0,False,1.0,28,Mumbai,Wankhede Stadium,Medium,False,True,37,6,6.166666666666667,48,7.783783783783783,20,161,113,13.833333333333332,8.168674698795181,0,10,Medium
6.2,6,2,39,Harbhajan Singh,Bowlers,Rahul Tripathi,Batters,3,False,-1.5,28,Mumbai,Wankhede Stadium,Medium,False,True,38,6,6.333333333333333,51,8.052631578947368,20,161,110,13.666666666666668,8.048780487804878,0,10,Medium
6.3,6,3,40,Harbhajan Singh,Bowlers,Ajinkya Rahane,Batters,0,False,1.0,28,Mumbai,Wankhede Stadium,Medium,False,True,39,6,6.5,51,7.846153846153846,20,161,110,13.5,8.148148148148149,0,10,Medium
6.4,6,4,41,Harbhajan Singh,Bowlers,Ajinkya Rahane,Batters,2,False,-1.0,28,Mumbai,Wankhede Stadium,Medium,False,True,40,6,6.666666666666667,53,7.949999999999999,20,161,108,13.333333333333332,8.100000000000001,0,10,Medium
6.5,6,5,42,Harbhajan Singh,Bowlers,Ajinkya Rahane,Batters,1,False,-0.5,28,Mumbai,Wankhede Stadium,Medium,False,True,41,6,6.833333333333333,54,7.902439024390244,20,161,107,13.166666666666668,8.126582278481012,0,10,Medium
6.6,6,6,43,Harbhajan Singh,Bowlers,Rahul Tripathi,Batters,1,False,-0.5,28,Mumbai,Wankhede Stadium,Medium,False,True,42,6,7.0,55,7.857142857142857,20,161,106,13.0,8.153846153846153,0,10,Medium
7.1,7,1,44,Mitchell McClenaghan,Bowlers,Rahul Tripathi,Batters,0,False,1.0,28,Mumbai,Wankhede Stadium,Medium,False,True,43,7,7.166666666666667,55,7.674418604651162,20,161,106,12.833333333333332,8.25974025974026,0,10,Medium
7.2,7,2,45,Mitchell McClenaghan,Bowlers,Rahul Tripathi,Batters,4,False,-2.0,28,Mumbai,Wankhede Stadium,Medium,False,True,44,7,7.333333333333333,59,8.045454545454545,20,161,102,12.666666666666668,8.052631578947368,0,10,Medium
7.3,7,3,46,Mitchell McClenaghan,Bowlers,Rahul Tripathi,Batters,4,False,-2.0,28,Mumbai,Wankhede Stadium,Medium,False,True,45,7,7.5,63,8.4,20,161,98,12.5,7.84,0,10,Medium
7.4,7,4,47,Mitchell McClenaghan,Bowlers,Rahul Tripathi,Batters,1,False,-0.5,28,Mumbai,Wankhede Stadium,Medium,False,True,46,7,7.666666666666667,64,8.347826086956522,20,161,97,12.333333333333332,7.864864864864866,0,10,Medium
7.5,7,5,48,Mitchell McClenaghan,Bowlers,Ajinkya Rahane,Batters,4,False,-2.0,28,Mumbai,Wankhede Stadium,Medium,False,True,47,7,7.833333333333333,68,8.680851063829788,20,161,93,12.166666666666668,7.643835616438356,0,10,Medium
7.6,7,6,49,Mitchell McClenaghan,Bowlers,Ajinkya Rahane,Batters,1,False,-0.5,28,Mumbai,Wankhede Stadium,Medium,False,True,48,7,8.0,69,8.625,20,161,92,12.0,7.666666666666667,0,10,Medium
8.1,8,1,50,Harbhajan Singh,Bowlers,Ajinkya Rahane,Batters,0,False,1.0,28,Mumbai,Wankhede Stadium,Medium,False,True,49,8,8.166666666666666,69,8.448979591836736,20,161,92,11.833333333333334,7.774647887323943,0,10,Medium
8.2,8,2,51,Harbhajan Singh,Bowlers,Ajinkya Rahane,Batters,1,False,-0.5,28,Mumbai,Wankhede Stadium,Medium,False,True,50,8,8.333333333333334,70,8.399999999999999,20,161,91,11.666666666666666,7.800000000000001,0,10,Medium
8.3,8,3,52,Harbhajan Singh,Bowlers,Rahul Tripathi,Batters,1,False,-0.5,28,Mumbai,Wankhede Stadium,Medium,False,True,51,8,8.5,71,8.352941176470589,20,161,90,11.5,7.826086956521739,0,10,Medium
8.4,8,4,53,Harbhajan Singh,Bowlers,Ajinkya Rahane,Batters,1,False,-0.5,28,Mumbai,Wankhede Stadium,Medium,False,True,52,8,8.666666666666666,72,8.307692307692308,20,161,89,11.333333333333334,7.852941176470588,0,10,Medium
8.5,8,5,54,Harbhajan Singh,Bowlers,Rahul Tripathi,Batters,1,False,-0.5,28,Mumbai,Wankhede Stadium,Medium,False,True,53,8,8.833333333333334,73,8.264150943396226,20,161,88,11.166666666666666,7.880597014925374,0,10,Medium
8.6,8,6,55,Harbhajan Singh,Bowlers,Ajinkya Rahane,Batters,1,False,-0.5,28,Mumbai,Wankhede Stadium,Medium,False,True,54,8,9.0,74,8.222222222222221,20,161,87,11.0,7.909090909090909,0,10,Medium
9.1,9,1,56,Karn Sharma,Bowlers,Ajinkya Rahane,Batters,1,False,-0.5,28,Mumbai,Wankhede Stadium,Medium,False,True,55,9,9.166666666666666,75,8.181818181818182,20,161,86,10.833333333333334,7.938461538461538,0,10,Medium
9.2,9,2,57,Karn Sharma,Bowlers,Rahul Tripathi,Batters,1,False,-0.5,28,Mumbai,Wankhede Stadium,Medium,False,True,56,9,9.333333333333334,76,8.142857142857142,20,161,85,10.666666666666666,7.96875,0,10,Medium
9.3,9,3,58,Karn Sharma,Bowlers,Ajinkya Rahane,Batters,0,True,5.0,28,Mumbai,Wankhede Stadium,Medium,False,True,57,9,9.5,76,8.0,20,161,85,10.5,8.095238095238095,1,9,Medium
9.4,9,4,59,Karn Sharma,Bowlers,Steven Smith,Batters,1,False,-0.5,28,Mumbai,Wankhede Stadium,Medium,False,True,58,9,9.666666666666666,77,7.9655172413793105,20,161,84,10.333333333333334,8.129032258064516,1,9,Medium
9.5,9,5,60,Karn Sharma,Bowlers,Rahul Tripathi,Batters,6,False,-3.0,28,Mumbai,Wankhede Stadium,Medium,False,True,59,9,9.833333333333334,83,8.440677966101694,20,161,78,10.166666666666666,7.672131147540984,1,9,Medium
9.6,9,6,61,Karn Sharma,Bowlers,Rahul Tripathi,Batters,1,False,-0.5,28,Mumbai,Wankhede Stadium,Medium,False,True,60,9,10.0,84,8.4,20,161,77,10.0,7.7,1,9,Medium
10.1,10,1,62,Harbhajan Singh,Bowlers,Rahul Tripathi,Batters,1,False,-0.5,28,Mumbai,Wankhede Stadium,Medium,False,True,61,10,10.166666666666666,85,8.360655737704919,20,161,76,9.833333333333334,7.728813559322034,1,9,Medium
10.2,10,2,63,Harbhajan Singh,Bowlers,Steven Smith,Batters,0,False,1.0,28,Mumbai,Wankhede Stadium,Medium,False,True,62,10,10.333333333333334,85,8.225806451612902,20,161,76,9.666666666666666,7.862068965517242,1,9,Medium
10.3,10,3,64,Harbhajan Singh,Bowlers,Steven Smith,Batters,1,False,-0.5,28,Mumbai,Wankhede Stadium,Medium,False,True,63,10,10.5,86,8.19047619047619,20,161,75,9.5,7.894736842105263,1,9,Medium
10.4,10,4,65,Harbhajan Singh,Bowlers,Rahul Tripathi,Batters,0,False,1.0,28,Mumbai,Wankhede Stadium,Medium,False,True,64,10,10.666666666666666,86,8.0625,20,161,75,9.333333333333334,8.035714285714285,1,9,Medium
10.5,10,5,66,Harbhajan Singh,Bowlers,Rahul Tripathi,Batters,1,False,-0.5,28,Mumbai,Wankhede Stadium,Medium,False,True,65,10,10.833333333333334,87,8.03076923076923,20,161,74,9.166666666666666,8.072727272727274,1,9,Medium
10.6,10,6,67,Harbhajan Singh,Bowlers,Steven Smith,Batters,1,False,-0.5,28,Mumbai,Wankhede Stadium,Medium,False,True,66,10,11.0,88,8.0,20,161,73,9.0,8.11111111111111,1,9,Medium
11.1,11,1,68,Karn Sharma,Bowlers,Steven Smith,Batters,4,False,-2.0,28,Mumbai,Wankhede Stadium,Medium,False,True,67,11,11.166666666666666,92,8.238805970149254,20,161,69,8.833333333333334,7.811320754716981,1,9,Medium
11.2,11,2,69,Karn Sharma,Bowlers,Steven Smith,Batters,1,False,-0.5,28,Mumbai,Wankhede Stadium,Medium,False,True,68,11,11.333333333333334,93,8.205882352941176,20,161,68,8.666666666666666,7.846153846153847,1,9,Medium
11.3,11,3,70,Karn Sharma,Bowlers,Rahul Tripathi,Batters,0,True,5.0,28,Mumbai,Wankhede Stadium,Medium,False,True,69,11,11.5,93,8.08695652173913,20,161,68,8.5,8.0,2,8,Medium
11.4,11,4,71,Karn Sharma,Bowlers,Steven Smith,Batters,2,False,-1.0,28,Mumbai,Wankhede Stadium,Medium,False,True,70,11,11.666666666666666,95,8.142857142857144,20,161,66,8.333333333333334,7.919999999999999,2,8,Medium
11.5,11,5,72,Karn Sharma,Bowlers,Steven Smith,Batters,4,False,-2.0,28,Mumbai,Wankhede Stadium,Medium,False,True,71,11,11.833333333333334,99,8.366197183098592,20,161,62,8.166666666666666,7.591836734693878,2,8,Medium
11.6,11,6,73,Karn Sharma,Bowlers,Steven Smith,Batters,1,False,-0.5,28,Mumbai,Wankhede Stadium,Medium,False,True,72,11,12.0,100,8.333333333333334,20,161,61,8.0,7.625,2,8,Medium
12.1,12,1,74,Harbhajan Singh,Bowlers,Steven Smith,Batters,1,False,-0.5,28,Mumbai,Wankhede Stadium,Medium,False,True,73,12,12.166666666666666,101,8.301369863013699,20,161,60,7.833333333333334,7.659574468085106,2,8,Medium
12.2,12,2,75,Harbhajan Singh,Bowlers,MS Dhoni,Batters,0,False,1.0,28,Mumbai,Wankhede Stadium,Medium,False,True,74,12,12.333333333333334,101,8.18918918918919,20,161,60,7.666666666666666,7.82608695652174,2,8,Medium
12.3,12,3,76,Harbhajan Singh,Bowlers,MS Dhoni,Batters,1,False,-0.5,28,Mumbai,Wankhede Stadium,Medium,False,True,75,12,12.5,102,8.16,20,161,59,7.5,7.866666666666666,2,8,Medium
12.4,12,4,77,Harbhajan Singh,Bowlers,Steven Smith,Batters,1,False,-0.5,28,Mumbai,Wankhede Stadium,Medium,False,True,76,12,12.666666666666666,103,8.131578947368421,20,161,58,7.333333333333334,7.909090909090908,2,8,Medium
12.5,12,5,78,Harbhajan Singh,Bowlers,MS Dhoni,Batters,1,False,-0.5,28,Mumbai,Wankhede Stadium,Medium,False,True,77,12,12.833333333333334,104,8.103896103896103,20,161,57,7.166666666666666,7.953488372093024,2,8,Medium
12.6,12,6,79,Harbhajan Singh,Bowlers,Steven Smith,Batters,0,True,5.0,28,Mumbai,Wankhede Stadium,Medium,False,True,78,12,13.0,104,8.0,20,161,57,7.0,8.142857142857142,3,7,Medium
13.1,13,1,80,Mitchell Johnson,Bowlers,MS Dhoni,Batters,0,False,1.0,28,Mumbai,Wankhede Stadium,Medium,False,True,79,13,13.166666666666666,104,7.89873417721519,20,161,57,6.833333333333334,8.341463414634145,3,7,Medium
13.2,13,2,81,Mitchell Johnson,Bowlers,MS Dhoni,Batters,0,False,1.0,28,Mumbai,Wankhede Stadium,Medium,False,True,80,13,13.333333333333334,104,7.8,20,161,57,6.666666666666666,8.55,3,7,Medium
13.3,13,3,82,Mitchell Johnson,Bowlers,MS Dhoni,Batters,1,False,-0.5,28,Mumbai,Wankhede Stadium,Medium,False,True,81,13,13.5,105,7.777777777777778,20,161,56,6.5,8.615384615384615,3,7,Medium
13.4,13,4,83,Mitchell Johnson,Bowlers,Ben Stokes,All-Rounders,4,False,-2.0,28,Mumbai,Wankhede Stadium,Medium,False,True,82,13,13.666666666666666,109,7.975609756097561,20,161,52,6.333333333333334,8.210526315789473,3,7,Medium
13.5,13,5,84,Mitchell Johnson,Bowlers,Ben Stokes,All-Rounders,1,False,-0.5,28,Mumbai,Wankhede Stadium,Medium,False,True,83,13,13.833333333333334,110,7.951807228915662,20,161,51,6.166666666666666,8.270270270270272,3,7,Medium
13.6,13,6,85,Mitchell Johnson,Bowlers,MS Dhoni,Batters,1,False,-0.5,28,Mumbai,Wankhede Stadium,Medium,False,True,84,13,14.0,111,7.928571428571429,20,161,50,6.0,8.333333333333334,3,7,Medium
14.1,14,1,86,Jasprit Bumrah,Bowlers,MS Dhoni,Batters,1,False,-0.5,28,Mumbai,Wankhede Stadium,Medium,False,True,85,14,14.166666666666666,112,7.905882352941177,20,161,49,5.833333333333334,8.399999999999999,3,7,Medium
14.2,14,2,87,Jasprit Bumrah,Bowlers,Ben Stokes,All-Rounders,2,False,-1.0,28,Mumbai,Wankhede Stadium,Medium,False,True,86,14,14.333333333333334,114,7.953488372093023,20,161,47,5.666666666666666,8.294117647058824,3,7,Medium
14.3,14,3,88,Jasprit Bumrah,Bowlers,Ben Stokes,All-Rounders,2,False,-1.0,28,Mumbai,Wankhede Stadium,Medium,False,True,87,14,14.5,116,8.0,20,161,45,5.5,8.181818181818182,3,7,Medium
14.4,14,4,89,Jasprit Bumrah,Bowlers,Ben Stokes,All-Rounders,2,False,-1.0,28,Mumbai,Wankhede Stadium,Medium,False,True,88,14,14.666666666666666,118,8.045454545454545,20,161,43,5.333333333333334,8.062499999999998,3,7,Medium
14.5,14,5,90,Jasprit Bumrah,Bowlers,Ben Stokes,All-Rounders,1,False,-0.5,28,Mumbai,Wankhede Stadium,Medium,False,True,89,14,14.833333333333334,119,8.02247191011236,20,161,42,5.166666666666666,8.129032258064518,3,7,Medium
14.6,14,6,91,Jasprit Bumrah,Bowlers,MS Dhoni,Batters,1,False,-0.5,28,Mumbai,Wankhede Stadium,Medium,False,True,90,14,15.0,120,8.0,20,161,41,5.0,8.2,3,7,Medium
15.1,15,1,92,Mitchell McClenaghan,Bowlers,MS Dhoni,Batters,1,False,-0.5,28,Mumbai,Wankhede Stadium,Medium,False,True,91,15,15.166666666666666,121,7.978021978021978,20,161,40,4.833333333333334,8.275862068965516,3,7,Medium
15.2,15,2,93,Mitchell McClenaghan,Bowlers,Ben Stokes,All-Rounders,0,False,1.0,28,Mumbai,Wankhede Stadium,Medium,False,True,92,15,15.333333333333334,121,7.891304347826087,20,161,40,4.666666666666666,8.571428571428573,3,7,Medium
15.3,15,3,94,Mitchell McClenaghan,Bowlers,Ben Stokes,All-Rounders,0,False,1.0,28,Mumbai,Wankhede Stadium,Medium,False,True,93,15,15.5,121,7.806451612903226,20,161,40,4.5,8.88888888888889,3,7,Medium
15.4,15,4,95,Mitchell McClenaghan,Bowlers,Ben Stokes,All-Rounders,0,False,1.0,28,Mumbai,Wankhede Stadium,Medium,False,True,94,15,15.666666666666666,121,7.723404255319149,20,161,40,4.333333333333334,9.23076923076923,3,7,Medium
15.5,15,5,96,Mitchell McClenaghan,Bowlers,Ben Stokes,All-Rounders,4,False,-2.0,28,Mumbai,Wankhede Stadium,Medium,False,True,95,15,15.833333333333334,125,7.894736842105263,20,161,36,4.166666666666666,8.64,3,7,Medium
15.6,15,6,97,Mitchell McClenaghan,Bowlers,Ben Stokes,All-Rounders,1,False,-0.5,28,Mumbai,Wankhede Stadium,Medium,False,True,96,15,16.0,126,7.875,20,161,35,4.0,8.75,3,7,Medium
16.1,16,1,98,Mitchell Johnson,Bowlers,Ben Stokes,All-Rounders,0,True,5.0,28,Mumbai,Wankhede Stadium,Medium,False,True,97,16,16.166666666666668,126,7.793814432989691,20,161,35,3.833333333333332,9.1304347826087,4,6,Medium
16.2,16,2,99,Mitchell Johnson,Bowlers,Manoj Tiwary,Batters,4,False,-2.0,28,Mumbai,Wankhede Stadium,Medium,False,True,98,16,16.333333333333332,130,7.959183673469388,20,161,31,3.666666666666668,8.454545454545451,4,6,Medium
16.3,16,3,100,Mitchell Johnson,Bowlers,Manoj Tiwary,Batters,4,False,-2.0,28,Mumbai,Wankhede Stadium,Medium,False,True,99,16,16.5,134,8.121212121212121,20,161,27,3.5,7.714285714285714,4,6,Medium
16.4,16,4,101,Mitchell Johnson,Bowlers,Manoj Tiwary,Batters,0,False,1.0,28,Mumbai,Wankhede Stadium,Medium,False,True,100,16,16.666666666666668,134,8.04,20,161,27,3.333333333333332,8.100000000000003,4,6,Medium
16.5,16,5,102,Mitchell Johnson,Bowlers,Manoj Tiwary,Batters,2,False,-1.0,28,Mumbai,Wankhede Stadium,Medium,False,True,101,16,16.833333333333332,136,8.07920792079208,20,161,25,3.166666666666668,7.89473684210526,4,6,Medium
16.6,16,6,103,Mitchell Johnson,Bowlers,Manoj Tiwary,Batters,1,False,-0.5,28,Mumbai,Wankhede Stadium,Medium,False,True,102,16,17.0,137,8.058823529411764,20,161,24,3.0,8.0,4,6,Medium
17.1,17,1,104,Jasprit Bumrah,Bowlers,Manoj Tiwary,Batters,0,False,1.0,28,Mumbai,Wankhede Stadium,Medium,False,True,103,17,17.166666666666668,137,7.980582524271844,20,161,24,2.833333333333332,8.470588235294121,4,6,Medium
17.2,17,2,105,Jasprit Bumrah,Bowlers,Manoj Tiwary,Batters,1,False,-0.5,28,Mumbai,Wankhede Stadium,Medium,False,True,104,17,17.333333333333332,138,7.961538461538462,20,161,23,2.666666666666668,8.624999999999996,4,6,Medium
17.3,17,3,106,Jasprit Bumrah,Bowlers,MS Dhoni,Batters,0,True,5.0,28,Mumbai,Wankhede Stadium,Medium,False,True,105,17,17.5,138,7.885714285714286,20,161,23,2.5,9.2,5,5,Medium
17.4,17,4,107,Jasprit Bumrah,Bowlers,Dan Christian,All-Rounders,2,False,-1.0,28,Mumbai,Wankhede Stadium,Medium,False,True,106,17,17.666666666666668,140,7.924528301886792,20,161,21,2.333333333333332,9.000000000000005,5,5,Medium
17.5,17,5,108,Jasprit Bumrah,Bowlers,Dan Christian,All-Rounders,0,False,1.0,28,Mumbai,Wankhede Stadium,Medium,False,True,107,17,17.833333333333332,140,7.850467289719627,20,161,21,2.166666666666668,9.692307692307686,5,5,Medium
17.6,17,6,109,Jasprit Bumrah,Bowlers,Dan Christian,All-Rounders,2,False,-1.0,28,Mumbai,Wankhede Stadium,Medium,False,True,108,17,18.0,142,7.888888888888889,20,161,19,2.0,9.5,5,5,Medium
18.1,18,1,110,Mitchell McClenaghan,Bowlers,Manoj Tiwary,Batters,1,False,-0.5,28,Mumbai,Wankhede Stadium,Medium,False,True,109,18,18.166666666666668,143,7.871559633027522,20,161,18,1.833333333333332,9.818181818181824,5,5,Medium
18.2,18,2,111,Mitchell McClenaghan,Bowlers,Dan Christian,All-Rounders,1,False,-1.0,28,Mumbai,Wankhede Stadium,Medium,True,False,109,18,18.166666666666668,144,7.9266055045871555,20,161,17,1.833333333333332,9.27272727272728,5,5,Medium
18.2,18,2,112,Mitchell McClenaghan,Bowlers,Dan Christian,All-Rounders,0,False,1.0,28,Mumbai,Wankhede Stadium,Medium,False,True,110,18,18.33333333333333,144,7.854545454545455,20,161,17,1.666666666666668,10.199999999999992,5,5,Medium
18.3,18,3,113,Mitchell McClenaghan,Bowlers,Dan Christian,All-Rounders,1,False,-0.25,28,Mumbai,Wankhede Stadium,Medium,False,True,111,18,18.5,145,7.837837837837838,20,161,16,1.5,10.666666666666666,5,5,Medium
18.4,18,4,114,Mitchell McClenaghan,Bowlers,Manoj Tiwary,Batters,1,False,-0.5,28,Mumbai,Wankhede Stadium,Medium,False,True,112,18,18.666666666666668,146,7.821428571428571,20,161,15,1.333333333333332,11.25000000000001,5,5,Medium
18.5,18,5,115,Mitchell McClenaghan,Bowlers,Dan Christian,All-Rounders,4,False,-2.0,28,Mumbai,Wankhede Stadium,Medium,False,True,113,18,18.83333333333333,150,7.964601769911505,20,161,11,1.166666666666668,9.428571428571418,5,5,Medium
18.6,18,6,116,Mitchell McClenaghan,Bowlers,Dan Christian,All-Rounders,0,False,1.0,28,Mumbai,Wankhede Stadium,Medium,False,True,114,18,19.0,150,7.894736842105263,20,161,11,1.0,11.0,5,5,Medium
19.1,19,1,117,Jasprit Bumrah,Bowlers,Manoj Tiwary,Batters,4,False,-2.0,28,Mumbai,Wankhede Stadium,Medium,False,True,115,19,19.166666666666668,154,8.034782608695652,20,161,7,0.8333333333333321,8.400000000000013,5,5,Medium
19.2,19,2,118,Jasprit Bumrah,Bowlers,Manoj Tiwary,Batters,4,False,-2.0,28,Mumbai,Wankhede Stadium,Medium,False,True,116,19,19.33333333333333,158,8.172413793103448,20,161,3,0.6666666666666679,4.499999999999992,5,5,Medium
19.3,19,3,119,Jasprit Bumrah,Bowlers,Manoj Tiwary,Batters,0,False,1.0,28,Mumbai,Wankhede Stadium,Medium,False,True,117,19,19.5,158,8.102564102564102,20,161,3,0.5,6.0,5,5,Medium
19.4,19,4,120,Jasprit Bumrah,Bowlers,Manoj Tiwary,Batters,0,True,5.0,28,Mumbai,Wankhede Stadium,Medium,False,True,118,19,19.666666666666668,158,8.033898305084746,20,161,3,0.3333333333333321,9.000000000000032,6,4,Medium
19.5,19,5,121,Jasprit Bumrah,Bowlers,Washington Sundar,All-Rounders,2,False,-1.0,28,Mumbai,Wankhede Stadium,Medium,False,True,119,19,19.83333333333333,160,8.067226890756302,20,161,1,0.1666666666666678,5.999999999999957,6,4,Medium
19.6,19,6,122,Jasprit Bumrah,Bowlers,Washington Sundar,All-Rounders,0,False,1.0,28,Mumbai,Wankhede Stadium,Medium,False,True,120,19,20.0,160,8.0,20,161,1,0.0,inf,6,4,Medium
