Ball Number,over,ball,Ball,bowler,bowler_role,batsman,batsman_role,Runs,is_wicket,bowler_score,match_id,city,stadium,Stadium_Type,is_extra,legal_delivery,legal_deliveries_count,overs_completed,overs_bowled,total_runs,current_run_rate,total_overs,target,runs_needed,overs_remaining,required_run_rate,wickets_fallen,wickets_in_hand,Ground_Type
0.1,0,1,1,Washington Sundar,All-Rounders,Parthiv Patel,Batters,1,False,-0.5,28,Mumbai,Wankhede Stadium,Medium,False,True,1,0,0.1666666666666666,1,6.0,20,161,160,19.83333333333333,8.067226890756302,0,10,Medium
0.2,0,2,2,Washington Sundar,All-Rounders,Jos Buttler,Batters,0,False,1.0,28,Mumbai,Wankhede Stadium,Medium,False,True,2,0,0.3333333333333333,1,3.0,20,161,160,19.666666666666668,8.135593220338983,0,10,Medium
0.3,0,3,3,Washington Sundar,All-Rounders,Jos Buttler,Batters,1,False,-0.5,28,Mumbai,Wankhede Stadium,Medium,False,True,3,0,0.5,2,4.0,20,161,159,19.5,8.153846153846153,0,10,Medium
0.4,0,4,4,Washington Sundar,All-Rounders,Parthiv Patel,Batters,1,False,-0.5,28,Mumbai,Wankhede Stadium,Medium,False,True,4,0,0.6666666666666666,3,4.5,20,161,158,19.33333333333333,8.172413793103448,0,10,Medium
0.5,0,5,5,Washington Sundar,All-Rounders,Jos Buttler,Batters,0,False,1.0,28,Mumbai,Wankhede Stadium,Medium,False,True,5,0,0.8333333333333334,3,3.6,20,161,158,19.166666666666668,8.243478260869566,0,10,Medium
0.6,0,6,6,Washington Sundar,All-Rounders,Jos Buttler,Batters,0,False,1.0,28,Mumbai,Wankhede Stadium,Medium,False,True,6,0,1.0,3,3.0,20,161,158,19.0,8.31578947368421,0,10,Medium
1.1,1,1,7,Shardul Thakur,Bowlers,Parthiv Patel,Batters,0,False,1.0,28,Mumbai,Wankhede Stadium,Medium,False,True,7,1,1.1666666666666667,3,2.571428571428571,20,161,158,18.83333333333333,8.389380530973451,0,10,Medium
1.2,1,2,8,Shardul Thakur,Bowlers,Parthiv Patel,Batters,0,False,1.0,28,Mumbai,Wankhede Stadium,Medium,False,True,8,1,1.3333333333333333,3,2.25,20,161,158,18.666666666666668,8.464285714285714,0,10,Medium
1.3,1,3,9,Shardul Thakur,Bowlers,Parthiv Patel,Batters,1,False,-0.5,28,Mumbai,Wankhede Stadium,Medium,False,True,9,1,1.5,4,2.6666666666666665,20,161,157,18.5,8.486486486486486,0,10,Medium
1.4,1,4,10,Shardul Thakur,Bowlers,Jos Buttler,Batters,4,False,-2.0,28,Mumbai,Wankhede Stadium,Medium,False,True,10,1,1.6666666666666663,8,4.800000000000001,20,161,153,18.33333333333333,8.345454545454546,0,10,Medium
1.5,1,5,11,Shardul Thakur,Bowlers,Jos Buttler,Batters,4,False,-2.0,28,Mumbai,Wankhede Stadium,Medium,False,True,11,1,1.8333333333333333,12,6.545454545454545,20,161,149,18.166666666666668,8.20183486238532,0,10,Medium
1.6,1,6,12,Shardul Thakur,Bowlers,Jos Buttler,Batters,2,False,-1.0,28,Mumbai,Wankhede Stadium,Medium,False,True,12,1,2.0,14,7.0,20,161,147,18.0,8.166666666666666,0,10,Medium
2.1,2,1,13,Washington Sundar,All-Rounders,Parthiv Patel,Batters,0,False,1.0,28,Mumbai,Wankhede Stadium,Medium,False,True,13,2,2.1666666666666665,14,6.461538461538462,20,161,147,17.833333333333332,8.242990654205608,0,10,Medium
2.2,2,2,14,Washington Sundar,All-Rounders,Parthiv Patel,Batters,4,False,-2.0,28,Mumbai,Wankhede Stadium,Medium,False,True,14,2,2.333333333333333,18,7.7142857142857135,20,161,143,17.666666666666668,8.09433962264151,0,10,Medium
2.3,2,3,15,Washington Sundar,All-Rounders,Parthiv Patel,Batters,0,False,1.0,28,Mumbai,Wankhede Stadium,Medium,False,True,15,2,2.5,18,7.2,20,161,143,17.5,8.17142857142857,0,10,Medium
2.4,2,4,16,Washington Sundar,All-Rounders,Parthiv Patel,Batters,4,False,-2.0,28,Mumbai,Wankhede Stadium,Medium,False,True,16,2,2.6666666666666665,22,8.25,20,161,139,17.333333333333332,8.01923076923077,0,10,Medium
2.5,2,5,17,Washington Sundar,All-Rounders,Parthiv Patel,Batters,4,False,-2.0,28,Mumbai,Wankhede Stadium,Medium,False,True,17,2,2.833333333333333,26,9.176470588235292,20,161,135,17.166666666666668,7.864077669902912,0,10,Medium
2.6,2,6,18,Washington Sundar,All-Rounders,Parthiv Patel,Batters,1,False,-0.5,28,Mumbai,Wankhede Stadium,Medium,False,True,18,2,3.0,27,9.0,20,161,134,17.0,7.882352941176471,0,10,Medium
3.1,3,1,19,Jaydev Unadkat,Bowlers,Parthiv Patel,Batters,1,False,-0.5,28,Mumbai,Wankhede Stadium,Medium,False,True,19,3,3.1666666666666665,28,8.842105263157896,20,161,133,16.833333333333332,7.900990099009902,0,10,Medium
3.2,3,2,20,Jaydev Unadkat,Bowlers,Jos Buttler,Batters,1,False,-0.5,28,Mumbai,Wankhede Stadium,Medium,False,True,20,3,3.333333333333333,29,8.7,20,161,132,16.666666666666668,7.919999999999999,0,10,Medium
3.3,3,3,21,Jaydev Unadkat,Bowlers,Parthiv Patel,Batters,1,False,-0.5,28,Mumbai,Wankhede Stadium,Medium,False,True,21,3,3.5,30,8.571428571428571,20,161,131,16.5,7.9393939393939394,0,10,Medium
3.4,3,4,22,Jaydev Unadkat,Bowlers,Jos Buttler,Batters,4,False,-2.0,28,Mumbai,Wankhede Stadium,Medium,False,True,22,3,3.6666666666666665,34,9.272727272727272,20,161,127,16.333333333333332,7.775510204081633,0,10,Medium
3.5,3,5,23,Jaydev Unadkat,Bowlers,Jos Buttler,Batters,0,False,1.0,28,Mumbai,Wankhede Stadium,Medium,False,True,23,3,3.8333333333333335,34,8.869565217391305,20,161,127,16.166666666666668,7.855670103092783,0,10,Medium
3.6,3,6,24,Jaydev Unadkat,Bowlers,Jos Buttler,Batters,1,False,-0.5,28,Mumbai,Wankhede Stadium,Medium,False,True,24,3,4.0,35,8.75,20,161,126,16.0,7.875,0,10,Medium
4.1,4,1,25,Ben Stokes,All-Rounders,Jos Buttler,Batters,0,False,1.0,28,Mumbai,Wankhede Stadium,Medium,False,True,25,4,4.166666666666667,35,8.399999999999999,20,161,126,15.833333333333332,7.957894736842106,0,10,Medium
4.2,4,2,26,Ben Stokes,All-Rounders,Jos Buttler,Batters,0,True,5.0,28,Mumbai,Wankhede Stadium,Medium,False,True,26,4,4.333333333333333,35,8.076923076923077,20,161,126,15.666666666666668,8.042553191489361,1,9,Medium
4.3,4,3,27,Ben Stokes,All-Rounders,Nitish Rana,Batters,0,False,1.0,28,Mumbai,Wankhede Stadium,Medium,False,True,27,4,4.5,35,7.777777777777778,20,161,126,15.5,8.129032258064516,1,9,Medium
4.4,4,4,28,Ben Stokes,All-Rounders,Nitish Rana,Batters,0,False,1.0,28,Mumbai,Wankhede Stadium,Medium,False,True,28,4,4.666666666666667,35,7.499999999999999,20,161,126,15.333333333333332,8.217391304347826,1,9,Medium
4.5,4,5,29,Ben Stokes,All-Rounders,Nitish Rana,Batters,0,False,1.0,28,Mumbai,Wankhede Stadium,Medium,False,True,29,4,4.833333333333333,35,7.241379310344828,20,161,126,15.166666666666668,8.307692307692307,1,9,Medium
4.6,4,6,30,Ben Stokes,All-Rounders,Nitish Rana,Batters,0,False,1.0,28,Mumbai,Wankhede Stadium,Medium,False,True,30,4,5.0,35,7.0,20,161,126,15.0,8.4,1,9,Medium
5.1,5,1,31,Shardul Thakur,Bowlers,Parthiv Patel,Batters,2,False,-1.0,28,Mumbai,Wankhede Stadium,Medium,False,True,31,5,5.166666666666667,37,7.161290322580645,20,161,124,14.833333333333332,8.359550561797754,1,9,Medium
5.2,5,2,32,Shardul Thakur,Bowlers,Parthiv Patel,Batters,4,False,-2.0,28,Mumbai,Wankhede Stadium,Medium,False,True,32,5,5.333333333333333,41,7.6875,20,161,120,14.666666666666668,8.181818181818182,1,9,Medium
5.2,5,2,33,Shardul Thakur,Bowlers,Parthiv Patel,Batters,1,False,-1.0,28,Mumbai,Wankhede Stadium,Medium,True,False,32,5,5.333333333333333,42,7.875,20,161,119,14.666666666666668,8.113636363636363,1,9,Medium
5.3,5,3,34,Shardul Thakur,Bowlers,Parthiv Patel,Batters,1,False,-0.5,28,Mumbai,Wankhede Stadium,Medium,False,True,33,5,5.5,43,7.818181818181818,20,161,118,14.5,8.137931034482758,1,9,Medium
5.4,5,4,35,Shardul Thakur,Bowlers,Nitish Rana,Batters,1,False,-0.5,28,Mumbai,Wankhede Stadium,Medium,False,True,34,5,5.666666666666667,44,7.764705882352941,20,161,117,14.333333333333332,8.162790697674419,1,9,Medium
5.5,5,5,36,Shardul Thakur,Bowlers,Parthiv Patel,Batters,0,False,1.0,28,Mumbai,Wankhede Stadium,Medium,False,True,35,5,5.833333333333333,44,7.542857142857144,20,161,117,14.166666666666668,8.258823529411764,1,9,Medium
5.6,5,6,37,Shardul Thakur,Bowlers,Parthiv Patel,Batters,0,False,1.0,28,Mumbai,Wankhede Stadium,Medium,False,True,36,5,6.0,44,7.333333333333333,20,161,117,14.0,8.357142857142858,1,9,Medium
6.1,6,1,38,Washington Sundar,All-Rounders,Nitish Rana,Batters,0,False,1.0,28,Mumbai,Wankhede Stadium,Medium,False,True,37,6,6.166666666666667,44,7.135135135135135,20,161,117,13.833333333333332,8.457831325301205,1,9,Medium
6.2,6,2,39,Washington Sundar,All-Rounders,Nitish Rana,Batters,1,False,-0.5,28,Mumbai,Wankhede Stadium,Medium,False,True,38,6,6.333333333333333,45,7.105263157894737,20,161,116,13.666666666666668,8.48780487804878,1,9,Medium
6.3,6,3,40,Washington Sundar,All-Rounders,Parthiv Patel,Batters,1,False,-0.5,28,Mumbai,Wankhede Stadium,Medium,False,True,39,6,6.5,46,7.076923076923077,20,161,115,13.5,8.518518518518519,1,9,Medium
6.4,6,4,41,Washington Sundar,All-Rounders,Nitish Rana,Batters,1,False,-0.5,28,Mumbai,Wankhede Stadium,Medium,False,True,40,6,6.666666666666667,47,7.05,20,161,114,13.333333333333332,8.55,1,9,Medium
6.5,6,5,42,Washington Sundar,All-Rounders,Parthiv Patel,Batters,2,False,-1.0,28,Mumbai,Wankhede Stadium,Medium,False,True,41,6,6.833333333333333,49,7.170731707317073,20,161,112,13.166666666666668,8.50632911392405,1,9,Medium
6.6,6,6,43,Washington Sundar,All-Rounders,Parthiv Patel,Batters,1,False,-0.5,28,Mumbai,Wankhede Stadium,Medium,False,True,42,6,7.0,50,7.142857142857143,20,161,111,13.0,8.538461538461538,1,9,Medium
7.1,7,1,44,Dan Christian,All-Rounders,Parthiv Patel,Batters,1,False,-0.5,28,Mumbai,Wankhede Stadium,Medium,False,True,43,7,7.166666666666667,51,7.116279069767441,20,161,110,12.833333333333332,8.571428571428573,1,9,Medium
7.2,7,2,45,Dan Christian,All-Rounders,Nitish Rana,Batters,0,True,5.0,28,Mumbai,Wankhede Stadium,Medium,False,True,44,7,7.333333333333333,51,6.954545454545455,20,161,110,12.666666666666668,8.68421052631579,2,8,Medium
7.3,7,3,46,,,,,0,False,0.0,28,Mumbai,Wankhede Stadium,Medium,False,True,45,7,7.5,51,6.8,20,161,110,12.5,8.8,2,8,Medium
7.4,7,4,47,Dan Christian,All-Rounders,Rohit Sharma,Batters,0,False,1.0,28,Mumbai,Wankhede Stadium,Medium,False,True,46,7,7.666666666666667,51,6.652173913043478,20,161,110,12.333333333333332,8.91891891891892,2,8,Medium
7.5,7,5,48,Dan Christian,All-Rounders,Rohit Sharma,Batters,0,False,1.0,28,Mumbai,Wankhede Stadium,Medium,False,True,47,7,7.833333333333333,51,6.51063829787234,20,161,110,12.166666666666668,9.041095890410958,2,8,Medium
7.6,7,6,49,Dan Christian,All-Rounders,Rohit Sharma,Batters,4,False,-2.0,28,Mumbai,Wankhede Stadium,Medium,False,True,48,7,8.0,55,6.875,20,161,106,12.0,8.833333333333334,2,8,Medium
8.1,8,1,50,Washington Sundar,All-Rounders,Parthiv Patel,Batters,0,False,1.0,28,Mumbai,Wankhede Stadium,Medium,False,True,49,8,8.166666666666666,55,6.734693877551021,20,161,106,11.833333333333334,8.957746478873238,2,8,Medium
8.2,8,2,51,Washington Sundar,All-Rounders,Parthiv Patel,Batters,1,False,-0.5,28,Mumbai,Wankhede Stadium,Medium,False,True,50,8,8.333333333333334,56,6.72,20,161,105,11.666666666666666,9.0,2,8,Medium
8.3,8,3,52,Washington Sundar,All-Rounders,Rohit Sharma,Batters,1,False,-0.5,28,Mumbai,Wankhede Stadium,Medium,False,True,51,8,8.5,57,6.705882352941177,20,161,104,11.5,9.043478260869565,2,8,Medium
8.4,8,4,53,Washington Sundar,All-Rounders,Parthiv Patel,Batters,1,False,-0.5,28,Mumbai,Wankhede Stadium,Medium,False,True,52,8,8.666666666666666,58,6.6923076923076925,20,161,103,11.333333333333334,9.088235294117649,2,8,Medium
8.5,8,5,54,Washington Sundar,All-Rounders,Rohit Sharma,Batters,1,False,-0.5,28,Mumbai,Wankhede Stadium,Medium,False,True,53,8,8.833333333333334,59,6.679245283018868,20,161,102,11.166666666666666,9.134328358208956,2,8,Medium
8.6,8,6,55,Washington Sundar,All-Rounders,Parthiv Patel,Batters,0,True,5.0,28,Mumbai,Wankhede Stadium,Medium,False,True,54,8,9.0,59,6.555555555555555,20,161,102,11.0,9.272727272727272,3,7,Medium
9.1,9,1,56,Imran Tahir,Bowlers,Rohit Sharma,Batters,4,False,-2.0,28,Mumbai,Wankhede Stadium,Medium,False,True,55,9,9.166666666666666,63,6.872727272727273,20,161,98,10.833333333333334,9.046153846153846,3,7,Medium
9.2,9,2,57,Imran Tahir,Bowlers,Rohit Sharma,Batters,0,False,1.0,28,Mumbai,Wankhede Stadium,Medium,False,True,56,9,9.333333333333334,63,6.75,20,161,98,10.666666666666666,9.1875,3,7,Medium
9.3,9,3,58,Imran Tahir,Bowlers,Rohit Sharma,Batters,4,False,-2.0,28,Mumbai,Wankhede Stadium,Medium,False,True,57,9,9.5,67,7.052631578947368,20,161,94,10.5,8.952380952380953,3,7,Medium
9.4,9,4,59,Imran Tahir,Bowlers,Rohit Sharma,Batters,0,False,1.0,28,Mumbai,Wankhede Stadium,Medium,False,True,58,9,9.666666666666666,67,6.931034482758621,20,161,94,10.333333333333334,9.096774193548386,3,7,Medium
9.5,9,5,60,Imran Tahir,Bowlers,Rohit Sharma,Batters,0,False,1.0,28,Mumbai,Wankhede Stadium,Medium,False,True,59,9,9.833333333333334,67,6.813559322033898,20,161,94,10.166666666666666,9.245901639344265,3,7,Medium
9.6,9,6,61,Imran Tahir,Bowlers,Rohit Sharma,Batters,0,False,1.0,28,Mumbai,Wankhede Stadium,Medium,False,True,60,9,10.0,67,6.7,20,161,94,10.0,9.4,3,7,Medium
10.1,10,1,62,Jaydev Unadkat,Bowlers,Karn Sharma,Bowlers,2,False,-1.0,28,Mumbai,Wankhede Stadium,Medium,False,True,61,10,10.166666666666666,69,6.786885245901639,20,161,92,9.833333333333334,9.35593220338983,3,7,Medium
10.2,10,2,63,Jaydev Unadkat,Bowlers,Karn Sharma,Bowlers,0,False,1.0,28,Mumbai,Wankhede Stadium,Medium,False,True,62,10,10.333333333333334,69,6.677419354838709,20,161,92,9.666666666666666,9.517241379310343,3,7,Medium
10.3,10,3,64,Jaydev Unadkat,Bowlers,Karn Sharma,Bowlers,1,False,-0.5,28,Mumbai,Wankhede Stadium,Medium,False,True,63,10,10.5,70,6.666666666666667,20,161,91,9.5,9.578947368421051,3,7,Medium
10.4,10,4,65,Jaydev Unadkat,Bowlers,Rohit Sharma,Batters,1,False,-0.5,28,Mumbai,Wankhede Stadium,Medium,False,True,64,10,10.666666666666666,71,6.65625,20,161,90,9.333333333333334,9.642857142857142,3,7,Medium
10.5,10,5,66,Jaydev Unadkat,Bowlers,Karn Sharma,Bowlers,1,False,-0.5,28,Mumbai,Wankhede Stadium,Medium,False,True,65,10,10.833333333333334,72,6.646153846153846,20,161,89,9.166666666666666,9.709090909090907,3,7,Medium
10.6,10,6,67,Jaydev Unadkat,Bowlers,Rohit Sharma,Batters,4,False,-2.0,28,Mumbai,Wankhede Stadium,Medium,False,True,66,10,11.0,76,6.909090909090909,20,161,85,9.0,9.444444444444445,3,7,Medium
11.1,11,1,68,Imran Tahir,Bowlers,Karn Sharma,Bowlers,0,False,1.0,28,Mumbai,Wankhede Stadium,Medium,False,True,67,11,11.166666666666666,76,6.8059701492537314,20,161,85,8.833333333333334,9.62264150943396,3,7,Medium
11.2,11,2,69,Imran Tahir,Bowlers,Karn Sharma,Bowlers,0,False,1.0,28,Mumbai,Wankhede Stadium,Medium,False,True,68,11,11.333333333333334,76,6.705882352941176,20,161,85,8.666666666666666,9.807692307692308,3,7,Medium
11.3,11,3,70,Imran Tahir,Bowlers,Karn Sharma,Bowlers,6,False,-3.0,28,Mumbai,Wankhede Stadium,Medium,False,True,69,11,11.5,82,7.130434782608695,20,161,79,8.5,9.294117647058824,3,7,Medium
11.4,11,4,71,Imran Tahir,Bowlers,Karn Sharma,Bowlers,0,False,1.0,28,Mumbai,Wankhede Stadium,Medium,False,True,70,11,11.666666666666666,82,7.028571428571429,20,161,79,8.333333333333334,9.48,3,7,Medium
11.5,11,5,72,Imran Tahir,Bowlers,Karn Sharma,Bowlers,1,False,-0.5,28,Mumbai,Wankhede Stadium,Medium,False,True,71,11,11.833333333333334,83,7.014084507042253,20,161,78,8.166666666666666,9.551020408163266,3,7,Medium
11.6,11,6,73,Imran Tahir,Bowlers,Rohit Sharma,Batters,2,False,-1.0,28,Mumbai,Wankhede Stadium,Medium,False,True,72,11,12.0,85,7.083333333333333,20,161,76,8.0,9.5,3,7,Medium
12.1,12,1,74,Ben Stokes,All-Rounders,Karn Sharma,Bowlers,0,True,5.0,28,Mumbai,Wankhede Stadium,Medium,False,True,73,12,12.166666666666666,85,6.986301369863014,20,161,76,7.833333333333334,9.702127659574469,4,6,Medium
12.2,12,2,75,Ben Stokes,All-Rounders,Kieron Pollard,All-Rounders,1,False,-0.5,28,Mumbai,Wankhede Stadium,Medium,False,True,74,12,12.333333333333334,86,6.972972972972973,20,161,75,7.666666666666666,9.782608695652174,4,6,Medium
12.3,12,3,76,Ben Stokes,All-Rounders,Rohit Sharma,Batters,1,False,-0.5,28,Mumbai,Wankhede Stadium,Medium,False,True,75,12,12.5,87,6.96,20,161,74,7.5,9.866666666666667,4,6,Medium
12.4,12,4,77,Ben Stokes,All-Rounders,Kieron Pollard,All-Rounders,4,False,-2.0,28,Mumbai,Wankhede Stadium,Medium,False,True,76,12,12.666666666666666,91,7.184210526315789,20,161,70,7.333333333333334,9.545454545454543,4,6,Medium
12.5,12,5,78,Ben Stokes,All-Rounders,Kieron Pollard,All-Rounders,1,False,-0.5,28,Mumbai,Wankhede Stadium,Medium,False,True,77,12,12.833333333333334,92,7.1688311688311686,20,161,69,7.166666666666666,9.627906976744187,4,6,Medium
12.6,12,6,79,Ben Stokes,All-Rounders,Rohit Sharma,Batters,1,False,-0.5,28,Mumbai,Wankhede Stadium,Medium,False,True,78,12,13.0,93,7.153846153846154,20,161,68,7.0,9.714285714285714,4,6,Medium
13.1,13,1,80,Imran Tahir,Bowlers,Rohit Sharma,Batters,0,False,1.0,28,Mumbai,Wankhede Stadium,Medium,False,True,79,13,13.166666666666666,93,7.063291139240507,20,161,68,6.833333333333334,9.951219512195122,4,6,Medium
13.2,13,2,81,Imran Tahir,Bowlers,Rohit Sharma,Batters,4,False,-2.0,28,Mumbai,Wankhede Stadium,Medium,False,True,80,13,13.333333333333334,97,7.274999999999999,20,161,64,6.666666666666666,9.6,4,6,Medium
13.3,13,3,82,Imran Tahir,Bowlers,Rohit Sharma,Batters,6,False,-3.0,28,Mumbai,Wankhede Stadium,Medium,False,True,81,13,13.5,103,7.62962962962963,20,161,58,6.5,8.923076923076923,4,6,Medium
13.4,13,4,83,Imran Tahir,Bowlers,Rohit Sharma,Batters,0,False,1.0,28,Mumbai,Wankhede Stadium,Medium,False,True,82,13,13.666666666666666,103,7.536585365853659,20,161,58,6.333333333333334,9.157894736842104,4,6,Medium
13.5,13,5,84,Imran Tahir,Bowlers,Rohit Sharma,Batters,0,False,1.0,28,Mumbai,Wankhede Stadium,Medium,False,True,83,13,13.833333333333334,103,7.44578313253012,20,161,58,6.166666666666666,9.405405405405409,4,6,Medium
13.6,13,6,85,Imran Tahir,Bowlers,Rohit Sharma,Batters,1,False,-0.5,28,Mumbai,Wankhede Stadium,Medium,False,True,84,13,14.0,104,7.428571428571429,20,161,57,6.0,9.5,4,6,Medium
14.1,14,1,86,Ben Stokes,All-Rounders,Rohit Sharma,Batters,0,False,1.0,28,Mumbai,Wankhede Stadium,Medium,False,True,85,14,14.166666666666666,104,7.341176470588236,20,161,57,5.833333333333334,9.77142857142857,4,6,Medium
14.2,14,2,87,Ben Stokes,All-Rounders,Rohit Sharma,Batters,1,False,-0.5,28,Mumbai,Wankhede Stadium,Medium,False,True,86,14,14.333333333333334,105,7.325581395348837,20,161,56,5.666666666666666,9.882352941176473,4,6,Medium
14.3,14,3,88,Ben Stokes,All-Rounders,Kieron Pollard,All-Rounders,1,False,-0.5,28,Mumbai,Wankhede Stadium,Medium,False,True,87,14,14.5,106,7.310344827586207,20,161,55,5.5,10.0,4,6,Medium
14.4,14,4,89,Ben Stokes,All-Rounders,Rohit Sharma,Batters,4,False,-2.0,28,Mumbai,Wankhede Stadium,Medium,False,True,88,14,14.666666666666666,110,7.5,20,161,51,5.333333333333334,9.562499999999998,4,6,Medium
14.5,14,5,90,Ben Stokes,All-Rounders,Rohit Sharma,Batters,1,False,-0.5,28,Mumbai,Wankhede Stadium,Medium,False,True,89,14,14.833333333333334,111,7.48314606741573,20,161,50,5.166666666666666,9.67741935483871,4,6,Medium
14.6,14,6,91,Ben Stokes,All-Rounders,Kieron Pollard,All-Rounders,1,False,-0.25,28,Mumbai,Wankhede Stadium,Medium,False,True,90,14,15.0,112,7.466666666666667,20,161,49,5.0,9.8,4,6,Medium
15.1,15,1,92,Shardul Thakur,Bowlers,Kieron Pollard,All-Rounders,1,False,-0.5,28,Mumbai,Wankhede Stadium,Medium,False,True,91,15,15.166666666666666,113,7.450549450549451,20,161,48,4.833333333333334,9.93103448275862,4,6,Medium
15.2,15,2,93,Shardul Thakur,Bowlers,Rohit Sharma,Batters,6,False,-3.0,28,Mumbai,Wankhede Stadium,Medium,False,True,92,15,15.333333333333334,119,7.760869565217391,20,161,42,4.666666666666666,9.000000000000002,4,6,Medium
15.3,15,3,94,Shardul Thakur,Bowlers,Rohit Sharma,Batters,0,False,1.0,28,Mumbai,Wankhede Stadium,Medium,False,True,93,15,15.5,119,7.67741935483871,20,161,42,4.5,9.333333333333334,4,6,Medium
15.4,15,4,95,Shardul Thakur,Bowlers,Rohit Sharma,Batters,1,False,-0.5,28,Mumbai,Wankhede Stadium,Medium,False,True,94,15,15.666666666666666,120,7.659574468085107,20,161,41,4.333333333333334,9.46153846153846,4,6,Medium
15.5,15,5,96,Shardul Thakur,Bowlers,Kieron Pollard,All-Rounders,0,False,1.0,28,Mumbai,Wankhede Stadium,Medium,False,True,95,15,15.833333333333334,120,7.578947368421052,20,161,41,4.166666666666666,9.840000000000002,4,6,Medium
15.6,15,6,97,Shardul Thakur,Bowlers,Kieron Pollard,All-Rounders,1,False,-0.5,28,Mumbai,Wankhede Stadium,Medium,False,True,96,15,16.0,121,7.5625,20,161,40,4.0,10.0,4,6,Medium
16.1,16,1,98,Imran Tahir,Bowlers,Kieron Pollard,All-Rounders,0,True,5.0,28,Mumbai,Wankhede Stadium,Medium,False,True,97,16,16.166666666666668,121,7.484536082474226,20,161,40,3.833333333333332,10.434782608695656,5,5,Medium
16.2,16,2,99,Imran Tahir,Bowlers,Rohit Sharma,Batters,1,False,-0.5,28,Mumbai,Wankhede Stadium,Medium,False,True,98,16,16.333333333333332,122,7.469387755102042,20,161,39,3.666666666666668,10.636363636363631,5,5,Medium
16.3,16,3,100,Imran Tahir,Bowlers,Hardik Pandya,All-Rounders,1,False,-0.5,28,Mumbai,Wankhede Stadium,Medium,False,True,99,16,16.5,123,7.454545454545454,20,161,38,3.5,10.857142857142858,5,5,Medium
16.4,16,4,101,Imran Tahir,Bowlers,Rohit Sharma,Batters,1,False,-0.5,28,Mumbai,Wankhede Stadium,Medium,False,True,100,16,16.666666666666668,124,7.439999999999999,20,161,37,3.333333333333332,11.100000000000003,5,5,Medium
16.5,16,5,102,Imran Tahir,Bowlers,Hardik Pandya,All-Rounders,0,False,1.0,28,Mumbai,Wankhede Stadium,Medium,False,True,101,16,16.833333333333332,124,7.366336633663367,20,161,37,3.166666666666668,11.684210526315786,5,5,Medium
16.6,16,6,103,Imran Tahir,Bowlers,Hardik Pandya,All-Rounders,1,False,-0.5,28,Mumbai,Wankhede Stadium,Medium,False,True,102,16,17.0,125,7.352941176470588,20,161,36,3.0,12.0,5,5,Medium
17.1,17,1,104,Jaydev Unadkat,Bowlers,Hardik Pandya,All-Rounders,1,False,-0.25,28,Mumbai,Wankhede Stadium,Medium,False,True,103,17,17.166666666666668,126,7.339805825242718,20,161,35,2.833333333333332,12.352941176470594,5,5,Medium
17.2,17,2,105,Jaydev Unadkat,Bowlers,Rohit Sharma,Batters,0,False,1.0,28,Mumbai,Wankhede Stadium,Medium,False,True,104,17,17.333333333333332,126,7.26923076923077,20,161,35,2.666666666666668,13.124999999999996,5,5,Medium
17.3,17,3,106,Jaydev Unadkat,Bowlers,Rohit Sharma,Batters,1,False,-1.0,28,Mumbai,Wankhede Stadium,Medium,True,False,104,17,17.333333333333332,127,7.326923076923077,20,161,34,2.666666666666668,12.749999999999996,5,5,Medium
17.3,17,3,107,Jaydev Unadkat,Bowlers,Rohit Sharma,Batters,1,False,-0.5,28,Mumbai,Wankhede Stadium,Medium,False,True,105,17,17.5,128,7.314285714285714,20,161,33,2.5,13.2,5,5,Medium
17.4,17,4,108,Jaydev Unadkat,Bowlers,Hardik Pandya,All-Rounders,4,False,-2.0,28,Mumbai,Wankhede Stadium,Medium,False,True,106,17,17.666666666666668,132,7.471698113207546,20,161,29,2.333333333333332,12.428571428571434,5,5,Medium
17.5,17,5,109,Jaydev Unadkat,Bowlers,Hardik Pandya,All-Rounders,4,False,-2.0,28,Mumbai,Wankhede Stadium,Medium,False,True,107,17,17.833333333333332,136,7.626168224299066,20,161,25,2.166666666666668,11.538461538461531,5,5,Medium
17.6,17,6,110,Jaydev Unadkat,Bowlers,Hardik Pandya,All-Rounders,0,False,1.0,28,Mumbai,Wankhede Stadium,Medium,False,True,108,17,18.0,136,7.555555555555555,20,161,25,2.0,12.5,5,5,Medium
18.1,18,1,111,Ben Stokes,All-Rounders,Rohit Sharma,Batters,1,False,-0.25,28,Mumbai,Wankhede Stadium,Medium,False,True,109,18,18.166666666666668,137,7.541284403669724,20,161,24,1.833333333333332,13.0909090909091,5,5,Medium
18.2,18,2,112,Ben Stokes,All-Rounders,Hardik Pandya,All-Rounders,1,False,-1.0,28,Mumbai,Wankhede Stadium,Medium,True,False,109,18,18.166666666666668,138,7.596330275229357,20,161,23,1.833333333333332,12.545454545454554,5,5,Medium
18.2,18,2,113,Ben Stokes,All-Rounders,Hardik Pandya,All-Rounders,1,False,-0.5,28,Mumbai,Wankhede Stadium,Medium,False,True,110,18,18.33333333333333,139,7.581818181818182,20,161,22,1.666666666666668,13.19999999999999,5,5,Medium
18.3,18,3,114,Ben Stokes,All-Rounders,Rohit Sharma,Batters,1,False,-0.5,28,Mumbai,Wankhede Stadium,Medium,False,True,111,18,18.5,140,7.567567567567567,20,161,21,1.5,14.0,5,5,Medium
18.4,18,4,115,Ben Stokes,All-Rounders,Hardik Pandya,All-Rounders,1,False,-0.5,28,Mumbai,Wankhede Stadium,Medium,False,True,112,18,18.666666666666668,141,7.553571428571428,20,161,20,1.333333333333332,15.000000000000014,5,5,Medium
18.5,18,5,116,Ben Stokes,All-Rounders,Rohit Sharma,Batters,1,False,-0.5,28,Mumbai,Wankhede Stadium,Medium,False,True,113,18,18.83333333333333,142,7.539823008849558,20,161,19,1.166666666666668,16.28571428571427,5,5,Medium
18.6,18,6,117,Ben Stokes,All-Rounders,Hardik Pandya,All-Rounders,1,False,-0.5,28,Mumbai,Wankhede Stadium,Medium,False,True,114,18,19.0,143,7.526315789473684,20,161,18,1.0,18.0,5,5,Medium
19.1,19,1,118,Jaydev Unadkat,Bowlers,Hardik Pandya,All-Rounders,0,True,5.0,28,Mumbai,Wankhede Stadium,Medium,False,True,115,19,19.166666666666668,143,7.460869565217391,20,161,18,0.8333333333333321,21.60000000000003,6,4,Medium
19.2,19,2,119,Jaydev Unadkat,Bowlers,Rohit Sharma,Batters,6,False,-3.0,28,Mumbai,Wankhede Stadium,Medium,False,True,116,19,19.33333333333333,149,7.706896551724139,20,161,12,0.6666666666666679,17.999999999999968,6,4,Medium
19.3,19,3,120,Jaydev Unadkat,Bowlers,Rohit Sharma,Batters,0,False,1.0,28,Mumbai,Wankhede Stadium,Medium,False,True,117,19,19.5,149,7.641025641025641,20,161,12,0.5,24.0,6,4,Medium
19.4,19,4,121,Jaydev Unadkat,Bowlers,Rohit Sharma,Batters,0,True,5.0,28,Mumbai,Wankhede Stadium,Medium,False,True,118,19,19.666666666666668,149,7.576271186440677,20,161,12,0.3333333333333321,36.00000000000013,7,3,Medium
19.5,19,5,122,Jaydev Unadkat,Bowlers,Harbhajan Singh,Bowlers,0,True,5.0,28,Mumbai,Wankhede Stadium,Medium,False,True,119,19,19.83333333333333,149,7.512605042016808,20,161,12,0.1666666666666678,71.99999999999949,8,2,Medium
19.6,19,6,123,Jaydev Unadkat,Bowlers,Harbhajan Singh,Bowlers,6,False,-3.0,28,Mumbai,Wankhede Stadium,Medium,False,True,120,19,20.0,155,7.75,20,161,6,0.0,inf,8,2,Medium
