Ball Number,over,ball,Ball,bowler,bowler_role,batsman,batsman_role,Runs,is_wicket,bowler_score,match_id,city,stadium,Stadium_Type,is_extra,legal_delivery,legal_deliveries_count,overs_completed,overs_bowled,total_runs,current_run_rate,total_overs,target,runs_needed,overs_remaining,required_run_rate,wickets_fallen,wickets_in_hand,Ground_Type
0.1,0,1,1,Ashok Dinda,Bowlers,Parthiv Patel,Batters,1,False,-1.0,2,Pune,Maharashtra Cricket Association Stadium,Medium,True,False,0,0,0.0,1,0.0,20,185,184,20.0,9.2,0,10,Medium
0.1,0,1,2,Ashok Dinda,Bowlers,Parthiv Patel,Batters,0,False,1.0,2,Pune,Maharashtra Cricket Association Stadium,Medium,False,True,1,0,0.1666666666666666,1,6.0,20,185,184,19.83333333333333,9.277310924369749,0,10,Medium
0.2,0,2,3,Ashok Dinda,Bowlers,Parthiv Patel,Batters,1,False,-0.5,2,Pune,Maharashtra Cricket Association Stadium,Medium,False,True,2,0,0.3333333333333333,2,6.0,20,185,183,19.666666666666668,9.305084745762713,0,10,Medium
0.3,0,3,4,Ashok Dinda,Bowlers,Jos Buttler,Batters,5,False,-2.5,2,Pune,Maharashtra Cricket Association Stadium,Medium,False,True,3,0,0.5,7,14.0,20,185,178,19.5,9.128205128205128,0,10,Medium
0.4,0,4,5,Ashok Dinda,Bowlers,Parthiv Patel,Batters,4,False,-2.0,2,Pune,Maharashtra Cricket Association Stadium,Medium,False,True,4,0,0.6666666666666666,11,16.5,20,185,174,19.33333333333333,9.0,0,10,Medium
0.5,0,5,6,Ashok Dinda,Bowlers,Parthiv Patel,Batters,0,False,1.0,2,Pune,Maharashtra Cricket Association Stadium,Medium,False,True,5,0,0.8333333333333334,11,13.2,20,185,174,19.166666666666668,9.078260869565216,0,10,Medium
0.6,0,6,7,Ashok Dinda,Bowlers,Parthiv Patel,Batters,0,False,1.0,2,Pune,Maharashtra Cricket Association Stadium,Medium,False,True,6,0,1.0,11,11.0,20,185,174,19.0,9.157894736842104,0,10,Medium
1.1,1,1,8,Deepak Chahar,Bowlers,Jos Buttler,Batters,4,False,-2.0,2,Pune,Maharashtra Cricket Association Stadium,Medium,False,True,7,1,1.1666666666666667,15,12.857142857142856,20,185,170,18.83333333333333,9.026548672566372,0,10,Medium
1.2,1,2,9,Deepak Chahar,Bowlers,Jos Buttler,Batters,0,False,1.0,2,Pune,Maharashtra Cricket Association Stadium,Medium,False,True,8,1,1.3333333333333333,15,11.25,20,185,170,18.666666666666668,9.107142857142856,0,10,Medium
1.3,1,3,10,Deepak Chahar,Bowlers,Jos Buttler,Batters,4,False,-2.0,2,Pune,Maharashtra Cricket Association Stadium,Medium,False,True,9,1,1.5,19,12.666666666666666,20,185,166,18.5,8.972972972972974,0,10,Medium
1.4,1,4,11,Deepak Chahar,Bowlers,Jos Buttler,Batters,0,False,1.0,2,Pune,Maharashtra Cricket Association Stadium,Medium,False,True,10,1,1.6666666666666663,19,11.4,20,185,166,18.33333333333333,9.054545454545456,0,10,Medium
1.5,1,5,12,Deepak Chahar,Bowlers,Jos Buttler,Batters,0,False,1.0,2,Pune,Maharashtra Cricket Association Stadium,Medium,False,True,11,1,1.8333333333333333,19,10.363636363636363,20,185,166,18.166666666666668,9.137614678899082,0,10,Medium
1.6,1,6,13,Deepak Chahar,Bowlers,Jos Buttler,Batters,0,False,1.0,2,Pune,Maharashtra Cricket Association Stadium,Medium,False,True,12,1,2.0,19,9.5,20,185,166,18.0,9.22222222222222,0,10,Medium
2.1,2,1,14,Ashok Dinda,Bowlers,Parthiv Patel,Batters,0,False,1.0,2,Pune,Maharashtra Cricket Association Stadium,Medium,False,True,13,2,2.1666666666666665,19,8.76923076923077,20,185,166,17.833333333333332,9.308411214953273,0,10,Medium
2.2,2,2,15,Ashok Dinda,Bowlers,Parthiv Patel,Batters,4,False,-2.0,2,Pune,Maharashtra Cricket Association Stadium,Medium,False,True,14,2,2.333333333333333,23,9.857142857142856,20,185,162,17.666666666666668,9.169811320754716,0,10,Medium
2.3,2,3,16,Ashok Dinda,Bowlers,Parthiv Patel,Batters,0,False,1.0,2,Pune,Maharashtra Cricket Association Stadium,Medium,False,True,15,2,2.5,23,9.2,20,185,162,17.5,9.257142857142858,0,10,Medium
2.4,2,4,17,Ashok Dinda,Bowlers,Parthiv Patel,Batters,0,False,1.0,2,Pune,Maharashtra Cricket Association Stadium,Medium,False,True,16,2,2.6666666666666665,23,8.625,20,185,162,17.333333333333332,9.346153846153848,0,10,Medium
2.5,2,5,18,Ashok Dinda,Bowlers,Parthiv Patel,Batters,4,False,-2.0,2,Pune,Maharashtra Cricket Association Stadium,Medium,False,True,17,2,2.833333333333333,27,9.529411764705882,20,185,158,17.166666666666668,9.20388349514563,0,10,Medium
2.6,2,6,19,Ashok Dinda,Bowlers,Parthiv Patel,Batters,1,False,-0.5,2,Pune,Maharashtra Cricket Association Stadium,Medium,False,True,18,2,3.0,28,9.333333333333334,20,185,157,17.0,9.235294117647058,0,10,Medium
3.1,3,1,20,Ben Stokes,All-Rounders,Parthiv Patel,Batters,1,False,-0.5,2,Pune,Maharashtra Cricket Association Stadium,Medium,False,True,19,3,3.1666666666666665,29,9.157894736842106,20,185,156,16.833333333333332,9.267326732673268,0,10,Medium
3.2,3,2,21,Ben Stokes,All-Rounders,Jos Buttler,Batters,0,False,1.0,2,Pune,Maharashtra Cricket Association Stadium,Medium,False,True,20,3,3.333333333333333,29,8.7,20,185,156,16.666666666666668,9.36,0,10,Medium
3.3,3,3,22,Ben Stokes,All-Rounders,Jos Buttler,Batters,0,False,1.0,2,Pune,Maharashtra Cricket Association Stadium,Medium,False,True,21,3,3.5,29,8.285714285714286,20,185,156,16.5,9.454545454545457,0,10,Medium
3.4,3,4,23,Ben Stokes,All-Rounders,Jos Buttler,Batters,6,False,-3.0,2,Pune,Maharashtra Cricket Association Stadium,Medium,False,True,22,3,3.6666666666666665,35,9.545454545454543,20,185,150,16.333333333333332,9.183673469387756,0,10,Medium
3.5,3,5,24,Ben Stokes,All-Rounders,Jos Buttler,Batters,6,False,-3.0,2,Pune,Maharashtra Cricket Association Stadium,Medium,False,True,23,3,3.8333333333333335,41,10.695652173913045,20,185,144,16.166666666666668,8.90721649484536,0,10,Medium
3.6,3,6,25,Ben Stokes,All-Rounders,Jos Buttler,Batters,0,False,1.0,2,Pune,Maharashtra Cricket Association Stadium,Medium,False,True,24,3,4.0,41,10.25,20,185,144,16.0,9.0,0,10,Medium
4.1,4,1,26,Imran Tahir,Bowlers,Parthiv Patel,Batters,4,False,-2.0,2,Pune,Maharashtra Cricket Association Stadium,Medium,False,True,25,4,4.166666666666667,45,10.8,20,185,140,15.833333333333332,8.842105263157896,0,10,Medium
4.2,4,2,27,Imran Tahir,Bowlers,Parthiv Patel,Batters,0,True,5.0,2,Pune,Maharashtra Cricket Association Stadium,Medium,False,True,26,4,4.333333333333333,45,10.384615384615383,20,185,140,15.666666666666668,8.936170212765957,1,9,Medium
4.3,4,3,28,Imran Tahir,Bowlers,Rohit Sharma,Batters,0,False,1.0,2,Pune,Maharashtra Cricket Association Stadium,Medium,False,True,27,4,4.5,45,10.0,20,185,140,15.5,9.03225806451613,1,9,Medium
4.4,4,4,29,Imran Tahir,Bowlers,Rohit Sharma,Batters,1,False,-0.5,2,Pune,Maharashtra Cricket Association Stadium,Medium,False,True,28,4,4.666666666666667,46,9.857142857142856,20,185,139,15.333333333333332,9.065217391304348,1,9,Medium
4.5,4,5,30,Imran Tahir,Bowlers,Jos Buttler,Batters,1,False,-0.5,2,Pune,Maharashtra Cricket Association Stadium,Medium,False,True,29,4,4.833333333333333,47,9.724137931034484,20,185,138,15.166666666666668,9.0989010989011,1,9,Medium
4.6,4,6,31,,,,,0,False,0.0,2,Pune,Maharashtra Cricket Association Stadium,Medium,False,True,30,4,5.0,47,9.4,20,185,138,15.0,9.2,1,9,Medium
5.1,5,1,32,Deepak Chahar,Bowlers,Rohit Sharma,Batters,1,False,-0.5,2,Pune,Maharashtra Cricket Association Stadium,Medium,False,True,31,5,5.166666666666667,48,9.29032258064516,20,185,137,14.833333333333332,9.235955056179776,1,9,Medium
5.2,5,2,33,Deepak Chahar,Bowlers,Jos Buttler,Batters,0,False,1.0,2,Pune,Maharashtra Cricket Association Stadium,Medium,False,True,32,5,5.333333333333333,48,9.0,20,185,137,14.666666666666668,9.34090909090909,1,9,Medium
5.3,5,3,34,Deepak Chahar,Bowlers,Jos Buttler,Batters,0,False,1.0,2,Pune,Maharashtra Cricket Association Stadium,Medium,False,True,33,5,5.5,48,8.727272727272727,20,185,137,14.5,9.448275862068966,1,9,Medium
5.4,5,4,35,Deepak Chahar,Bowlers,Jos Buttler,Batters,4,False,-2.0,2,Pune,Maharashtra Cricket Association Stadium,Medium,False,True,34,5,5.666666666666667,52,9.176470588235292,20,185,133,14.333333333333332,9.27906976744186,1,9,Medium
5.5,5,5,36,Deepak Chahar,Bowlers,Jos Buttler,Batters,6,False,-3.0,2,Pune,Maharashtra Cricket Association Stadium,Medium,False,True,35,5,5.833333333333333,58,9.942857142857145,20,185,127,14.166666666666668,8.964705882352941,1,9,Medium
5.6,5,6,37,Deepak Chahar,Bowlers,Jos Buttler,Batters,2,False,-1.0,2,Pune,Maharashtra Cricket Association Stadium,Medium,False,True,36,5,6.0,60,10.0,20,185,125,14.0,8.928571428571429,1,9,Medium
6.1,6,1,38,Imran Tahir,Bowlers,Rohit Sharma,Batters,0,False,1.0,2,Pune,Maharashtra Cricket Association Stadium,Medium,False,True,37,6,6.166666666666667,60,9.72972972972973,20,185,125,13.833333333333332,9.036144578313252,1,9,Medium
6.2,6,2,39,Imran Tahir,Bowlers,Rohit Sharma,Batters,0,False,1.0,2,Pune,Maharashtra Cricket Association Stadium,Medium,False,True,38,6,6.333333333333333,60,9.473684210526317,20,185,125,13.666666666666668,9.146341463414632,1,9,Medium
6.3,6,3,40,Imran Tahir,Bowlers,Rohit Sharma,Batters,0,True,5.0,2,Pune,Maharashtra Cricket Association Stadium,Medium,False,True,39,6,6.5,60,9.23076923076923,20,185,125,13.5,9.25925925925926,2,8,Medium
6.4,6,4,41,Imran Tahir,Bowlers,Nitish Rana,Batters,1,False,-0.5,2,Pune,Maharashtra Cricket Association Stadium,Medium,False,True,40,6,6.666666666666667,61,9.15,20,185,124,13.333333333333332,9.3,2,8,Medium
6.5,6,5,42,Imran Tahir,Bowlers,Jos Buttler,Batters,0,True,5.0,2,Pune,Maharashtra Cricket Association Stadium,Medium,False,True,41,6,6.833333333333333,61,8.926829268292684,20,185,124,13.166666666666668,9.41772151898734,3,7,Medium
6.6,6,6,43,Imran Tahir,Bowlers,Ambati Rayudu,Batters,1,False,-0.5,2,Pune,Maharashtra Cricket Association Stadium,Medium,False,True,42,6,7.0,62,8.857142857142858,20,185,123,13.0,9.461538461538462,3,7,Medium
7.1,7,1,44,Ben Stokes,All-Rounders,Ambati Rayudu,Batters,1,False,-0.5,2,Pune,Maharashtra Cricket Association Stadium,Medium,False,True,43,7,7.166666666666667,63,8.790697674418604,20,185,122,12.833333333333332,9.506493506493507,3,7,Medium
7.2,7,2,45,Ben Stokes,All-Rounders,Nitish Rana,Batters,1,False,-0.5,2,Pune,Maharashtra Cricket Association Stadium,Medium,False,True,44,7,7.333333333333333,64,8.727272727272728,20,185,121,12.666666666666668,9.552631578947368,3,7,Medium
7.3,7,3,46,Ben Stokes,All-Rounders,Ambati Rayudu,Batters,0,False,1.0,2,Pune,Maharashtra Cricket Association Stadium,Medium,False,True,45,7,7.5,64,8.533333333333333,20,185,121,12.5,9.68,3,7,Medium
7.4,7,4,47,Ben Stokes,All-Rounders,Ambati Rayudu,Batters,1,False,-0.5,2,Pune,Maharashtra Cricket Association Stadium,Medium,False,True,46,7,7.666666666666667,65,8.478260869565217,20,185,120,12.333333333333332,9.72972972972973,3,7,Medium
7.5,7,5,48,Ben Stokes,All-Rounders,Nitish Rana,Batters,0,False,1.0,2,Pune,Maharashtra Cricket Association Stadium,Medium,False,True,47,7,7.833333333333333,65,8.297872340425533,20,185,120,12.166666666666668,9.863013698630136,3,7,Medium
7.6,7,6,49,Ben Stokes,All-Rounders,Nitish Rana,Batters,0,False,1.0,2,Pune,Maharashtra Cricket Association Stadium,Medium,False,True,48,7,8.0,65,8.125,20,185,120,12.0,10.0,3,7,Medium
8.1,8,1,50,Adam Zampa,Bowlers,Ambati Rayudu,Batters,1,False,-0.5,2,Pune,Maharashtra Cricket Association Stadium,Medium,False,True,49,8,8.166666666666666,66,8.081632653061225,20,185,119,11.833333333333334,10.056338028169014,3,7,Medium
8.2,8,2,51,Adam Zampa,Bowlers,Nitish Rana,Batters,0,False,1.0,2,Pune,Maharashtra Cricket Association Stadium,Medium,False,True,50,8,8.333333333333334,66,7.919999999999999,20,185,119,11.666666666666666,10.2,3,7,Medium
8.3,8,3,52,Adam Zampa,Bowlers,Nitish Rana,Batters,6,False,-3.0,2,Pune,Maharashtra Cricket Association Stadium,Medium,False,True,51,8,8.5,72,8.470588235294118,20,185,113,11.5,9.826086956521738,3,7,Medium
8.4,8,4,53,Adam Zampa,Bowlers,Nitish Rana,Batters,1,False,-0.5,2,Pune,Maharashtra Cricket Association Stadium,Medium,False,True,52,8,8.666666666666666,73,8.423076923076923,20,185,112,11.333333333333334,9.88235294117647,3,7,Medium
8.5,8,5,54,Adam Zampa,Bowlers,Ambati Rayudu,Batters,1,False,-0.5,2,Pune,Maharashtra Cricket Association Stadium,Medium,False,True,53,8,8.833333333333334,74,8.377358490566037,20,185,111,11.166666666666666,9.940298507462687,3,7,Medium
8.6,8,6,55,Adam Zampa,Bowlers,Nitish Rana,Batters,1,False,-0.5,2,Pune,Maharashtra Cricket Association Stadium,Medium,False,True,54,8,9.0,75,8.333333333333334,20,185,110,11.0,10.0,3,7,Medium
9.1,9,1,56,Rajat Bhatia,All-Rounders,Nitish Rana,Batters,1,False,-0.5,2,Pune,Maharashtra Cricket Association Stadium,Medium,False,True,55,9,9.166666666666666,76,8.290909090909091,20,185,109,10.833333333333334,10.06153846153846,3,7,Medium
9.2,9,2,57,Rajat Bhatia,All-Rounders,Ambati Rayudu,Batters,1,False,-0.5,2,Pune,Maharashtra Cricket Association Stadium,Medium,False,True,56,9,9.333333333333334,77,8.25,20,185,108,10.666666666666666,10.125,3,7,Medium
9.3,9,3,58,Rajat Bhatia,All-Rounders,Nitish Rana,Batters,0,False,1.0,2,Pune,Maharashtra Cricket Association Stadium,Medium,False,True,57,9,9.5,77,8.105263157894736,20,185,108,10.5,10.285714285714286,3,7,Medium
9.4,9,4,59,Rajat Bhatia,All-Rounders,Nitish Rana,Batters,1,False,-0.5,2,Pune,Maharashtra Cricket Association Stadium,Medium,False,True,58,9,9.666666666666666,78,8.068965517241379,20,185,107,10.333333333333334,10.354838709677418,3,7,Medium
9.5,9,5,60,Rajat Bhatia,All-Rounders,Ambati Rayudu,Batters,2,False,-1.0,2,Pune,Maharashtra Cricket Association Stadium,Medium,False,True,59,9,9.833333333333334,80,8.135593220338983,20,185,105,10.166666666666666,10.327868852459018,3,7,Medium
9.6,9,6,61,Rajat Bhatia,All-Rounders,Ambati Rayudu,Batters,1,False,-0.5,2,Pune,Maharashtra Cricket Association Stadium,Medium,False,True,60,9,10.0,81,8.1,20,185,104,10.0,10.4,3,7,Medium
10.1,10,1,62,Adam Zampa,Bowlers,Ambati Rayudu,Batters,1,False,-0.25,2,Pune,Maharashtra Cricket Association Stadium,Medium,False,True,61,10,10.166666666666666,82,8.065573770491804,20,185,103,9.833333333333334,10.47457627118644,3,7,Medium
10.2,10,2,63,Adam Zampa,Bowlers,Nitish Rana,Batters,1,False,-0.5,2,Pune,Maharashtra Cricket Association Stadium,Medium,False,True,62,10,10.333333333333334,83,8.032258064516128,20,185,102,9.666666666666666,10.551724137931036,3,7,Medium
10.3,10,3,64,Adam Zampa,Bowlers,Ambati Rayudu,Batters,1,False,-0.5,2,Pune,Maharashtra Cricket Association Stadium,Medium,False,True,63,10,10.5,84,8.0,20,185,101,9.5,10.63157894736842,3,7,Medium
10.4,10,4,65,Adam Zampa,Bowlers,Nitish Rana,Batters,1,False,-1.0,2,Pune,Maharashtra Cricket Association Stadium,Medium,True,False,63,10,10.5,85,8.095238095238095,20,185,100,9.5,10.526315789473683,3,7,Medium
10.4,10,4,66,Adam Zampa,Bowlers,Nitish Rana,Batters,2,False,-1.0,2,Pune,Maharashtra Cricket Association Stadium,Medium,False,True,64,10,10.666666666666666,87,8.15625,20,185,98,9.333333333333334,10.5,3,7,Medium
10.5,10,5,67,Adam Zampa,Bowlers,Nitish Rana,Batters,4,False,-2.0,2,Pune,Maharashtra Cricket Association Stadium,Medium,False,True,65,10,10.833333333333334,91,8.4,20,185,94,9.166666666666666,10.254545454545456,3,7,Medium
10.6,10,6,68,Adam Zampa,Bowlers,Nitish Rana,Batters,0,False,1.0,2,Pune,Maharashtra Cricket Association Stadium,Medium,False,True,66,10,11.0,91,8.272727272727273,20,185,94,9.0,10.444444444444445,3,7,Medium
11.1,11,1,69,Rajat Bhatia,All-Rounders,Ambati Rayudu,Batters,0,True,5.0,2,Pune,Maharashtra Cricket Association Stadium,Medium,False,True,67,11,11.166666666666666,91,8.149253731343284,20,185,94,8.833333333333334,10.641509433962264,4,6,Medium
11.2,11,2,70,Rajat Bhatia,All-Rounders,Krunal Pandya,All-Rounders,1,False,-0.5,2,Pune,Maharashtra Cricket Association Stadium,Medium,False,True,68,11,11.333333333333334,92,8.117647058823529,20,185,93,8.666666666666666,10.730769230769232,4,6,Medium
11.3,11,3,71,Rajat Bhatia,All-Rounders,Nitish Rana,Batters,1,False,-0.5,2,Pune,Maharashtra Cricket Association Stadium,Medium,False,True,69,11,11.5,93,8.08695652173913,20,185,92,8.5,10.823529411764708,4,6,Medium
11.4,11,4,72,Rajat Bhatia,All-Rounders,Krunal Pandya,All-Rounders,1,False,-0.5,2,Pune,Maharashtra Cricket Association Stadium,Medium,False,True,70,11,11.666666666666666,94,8.057142857142857,20,185,91,8.333333333333334,10.92,4,6,Medium
11.5,11,5,73,Rajat Bhatia,All-Rounders,Nitish Rana,Batters,0,False,1.0,2,Pune,Maharashtra Cricket Association Stadium,Medium,False,True,71,11,11.833333333333334,94,7.943661971830985,20,185,91,8.166666666666666,11.142857142857144,4,6,Medium
11.6,11,6,74,Rajat Bhatia,All-Rounders,Nitish Rana,Batters,0,False,1.0,2,Pune,Maharashtra Cricket Association Stadium,Medium,False,True,72,11,12.0,94,7.833333333333333,20,185,91,8.0,11.375,4,6,Medium
12.1,12,1,75,Ben Stokes,All-Rounders,Krunal Pandya,All-Rounders,2,False,-1.0,2,Pune,Maharashtra Cricket Association Stadium,Medium,True,False,72,11,12.0,96,8.0,20,185,89,8.0,11.125,4,6,Medium
12.1,12,1,76,Ben Stokes,All-Rounders,Nitish Rana,Batters,6,False,-3.0,2,Pune,Maharashtra Cricket Association Stadium,Medium,False,True,73,12,12.166666666666666,102,8.383561643835616,20,185,83,7.833333333333334,10.595744680851062,4,6,Medium
12.2,12,2,77,Ben Stokes,All-Rounders,Nitish Rana,Batters,1,False,-0.5,2,Pune,Maharashtra Cricket Association Stadium,Medium,False,True,74,12,12.333333333333334,103,8.35135135135135,20,185,82,7.666666666666666,10.695652173913045,4,6,Medium
12.3,12,3,78,Ben Stokes,All-Rounders,Krunal Pandya,All-Rounders,1,False,-0.5,2,Pune,Maharashtra Cricket Association Stadium,Medium,False,True,75,12,12.5,104,8.32,20,185,81,7.5,10.8,4,6,Medium
12.4,12,4,79,Ben Stokes,All-Rounders,Nitish Rana,Batters,0,False,1.0,2,Pune,Maharashtra Cricket Association Stadium,Medium,False,True,76,12,12.666666666666666,104,8.210526315789474,20,185,81,7.333333333333334,11.045454545454543,4,6,Medium
12.5,12,5,80,Ben Stokes,All-Rounders,Nitish Rana,Batters,1,False,-0.5,2,Pune,Maharashtra Cricket Association Stadium,Medium,False,True,77,12,12.833333333333334,105,8.181818181818182,20,185,80,7.166666666666666,11.16279069767442,4,6,Medium
12.6,12,6,81,Ben Stokes,All-Rounders,Krunal Pandya,All-Rounders,0,False,1.0,2,Pune,Maharashtra Cricket Association Stadium,Medium,False,True,78,12,13.0,105,8.076923076923077,20,185,80,7.0,11.428571428571429,4,6,Medium
13.1,13,1,82,Rajat Bhatia,All-Rounders,Nitish Rana,Batters,1,False,-0.5,2,Pune,Maharashtra Cricket Association Stadium,Medium,False,True,79,13,13.166666666666666,106,8.050632911392405,20,185,79,6.833333333333334,11.560975609756095,4,6,Medium
13.2,13,2,83,Rajat Bhatia,All-Rounders,Krunal Pandya,All-Rounders,0,True,5.0,2,Pune,Maharashtra Cricket Association Stadium,Medium,False,True,80,13,13.333333333333334,106,7.949999999999999,20,185,79,6.666666666666666,11.85,5,5,Medium
13.3,13,3,84,Rajat Bhatia,All-Rounders,Nitish Rana,Batters,1,False,-0.5,2,Pune,Maharashtra Cricket Association Stadium,Medium,False,True,81,13,13.5,107,7.925925925925926,20,185,78,6.5,12.0,5,5,Medium
13.4,13,4,85,Rajat Bhatia,All-Rounders,Kieron Pollard,All-Rounders,1,False,-0.5,2,Pune,Maharashtra Cricket Association Stadium,Medium,False,True,82,13,13.666666666666666,108,7.902439024390244,20,185,77,6.333333333333334,12.157894736842104,5,5,Medium
13.5,13,5,86,Rajat Bhatia,All-Rounders,Nitish Rana,Batters,1,False,-0.5,2,Pune,Maharashtra Cricket Association Stadium,Medium,False,True,83,13,13.833333333333334,109,7.879518072289156,20,185,76,6.166666666666666,12.324324324324326,5,5,Medium
13.6,13,6,87,Rajat Bhatia,All-Rounders,Kieron Pollard,All-Rounders,1,False,-0.5,2,Pune,Maharashtra Cricket Association Stadium,Medium,False,True,84,13,14.0,110,7.857142857142857,20,185,75,6.0,12.5,5,5,Medium
14.1,14,1,88,Imran Tahir,Bowlers,Kieron Pollard,All-Rounders,4,False,-2.0,2,Pune,Maharashtra Cricket Association Stadium,Medium,False,True,85,14,14.166666666666666,114,8.047058823529412,20,185,71,5.833333333333334,12.17142857142857,5,5,Medium
14.2,14,2,89,Imran Tahir,Bowlers,Kieron Pollard,All-Rounders,0,False,1.0,2,Pune,Maharashtra Cricket Association Stadium,Medium,False,True,86,14,14.333333333333334,114,7.953488372093023,20,185,71,5.666666666666666,12.529411764705884,5,5,Medium
14.3,14,3,90,Imran Tahir,Bowlers,Kieron Pollard,All-Rounders,1,False,-0.5,2,Pune,Maharashtra Cricket Association Stadium,Medium,False,True,87,14,14.5,115,7.931034482758621,20,185,70,5.5,12.727272727272728,5,5,Medium
14.4,14,4,91,Imran Tahir,Bowlers,Nitish Rana,Batters,2,False,-1.0,2,Pune,Maharashtra Cricket Association Stadium,Medium,False,True,88,14,14.666666666666666,117,7.977272727272727,20,185,68,5.333333333333334,12.749999999999998,5,5,Medium
14.5,14,5,92,Imran Tahir,Bowlers,Nitish Rana,Batters,1,False,-0.5,2,Pune,Maharashtra Cricket Association Stadium,Medium,False,True,89,14,14.833333333333334,118,7.955056179775281,20,185,67,5.166666666666666,12.967741935483872,5,5,Medium
14.6,14,6,93,Imran Tahir,Bowlers,Kieron Pollard,All-Rounders,1,False,-0.5,2,Pune,Maharashtra Cricket Association Stadium,Medium,False,True,90,14,15.0,119,7.933333333333334,20,185,66,5.0,13.2,5,5,Medium
15.1,15,1,94,Adam Zampa,Bowlers,Kieron Pollard,All-Rounders,4,False,-2.0,2,Pune,Maharashtra Cricket Association Stadium,Medium,False,True,91,15,15.166666666666666,123,8.10989010989011,20,185,62,4.833333333333334,12.82758620689655,5,5,Medium
15.2,15,2,95,Adam Zampa,Bowlers,Kieron Pollard,All-Rounders,1,False,-0.5,2,Pune,Maharashtra Cricket Association Stadium,Medium,False,True,92,15,15.333333333333334,124,8.08695652173913,20,185,61,4.666666666666666,13.071428571428571,5,5,Medium
15.3,15,3,96,Adam Zampa,Bowlers,Nitish Rana,Batters,0,True,5.0,2,Pune,Maharashtra Cricket Association Stadium,Medium,False,True,93,15,15.5,124,8.0,20,185,61,4.5,13.555555555555555,6,4,Medium
15.4,15,4,97,Adam Zampa,Bowlers,Hardik Pandya,All-Rounders,0,False,1.0,2,Pune,Maharashtra Cricket Association Stadium,Medium,False,True,94,15,15.666666666666666,124,7.914893617021277,20,185,61,4.333333333333334,14.076923076923077,6,4,Medium
15.5,15,5,98,Adam Zampa,Bowlers,Hardik Pandya,All-Rounders,1,False,-0.5,2,Pune,Maharashtra Cricket Association Stadium,Medium,False,True,95,15,15.833333333333334,125,7.894736842105263,20,185,60,4.166666666666666,14.400000000000002,6,4,Medium
15.6,15,6,99,Adam Zampa,Bowlers,Kieron Pollard,All-Rounders,1,False,-0.5,2,Pune,Maharashtra Cricket Association Stadium,Medium,False,True,96,15,16.0,126,7.875,20,185,59,4.0,14.75,6,4,Medium
16.1,16,1,100,Imran Tahir,Bowlers,Kieron Pollard,All-Rounders,1,False,-0.5,2,Pune,Maharashtra Cricket Association Stadium,Medium,False,True,97,16,16.166666666666668,127,7.855670103092783,20,185,58,3.833333333333332,15.1304347826087,6,4,Medium
16.2,16,2,101,Imran Tahir,Bowlers,Hardik Pandya,All-Rounders,1,False,-0.5,2,Pune,Maharashtra Cricket Association Stadium,Medium,False,True,98,16,16.333333333333332,128,7.836734693877552,20,185,57,3.666666666666668,15.54545454545454,6,4,Medium
16.3,16,3,102,Imran Tahir,Bowlers,Kieron Pollard,All-Rounders,1,False,-0.5,2,Pune,Maharashtra Cricket Association Stadium,Medium,False,True,99,16,16.5,129,7.818181818181818,20,185,56,3.5,16.0,6,4,Medium
16.4,16,4,103,Imran Tahir,Bowlers,Hardik Pandya,All-Rounders,1,False,-0.5,2,Pune,Maharashtra Cricket Association Stadium,Medium,False,True,100,16,16.666666666666668,130,7.8,20,185,55,3.333333333333332,16.500000000000007,6,4,Medium
16.5,16,5,104,Imran Tahir,Bowlers,Kieron Pollard,All-Rounders,6,False,-3.0,2,Pune,Maharashtra Cricket Association Stadium,Medium,False,True,101,16,16.833333333333332,136,8.07920792079208,20,185,49,3.166666666666668,15.47368421052631,6,4,Medium
16.6,16,6,105,Imran Tahir,Bowlers,Kieron Pollard,All-Rounders,0,False,1.0,2,Pune,Maharashtra Cricket Association Stadium,Medium,False,True,102,16,17.0,136,8.0,20,185,49,3.0,16.333333333333332,6,4,Medium
17.1,17,1,106,Ashok Dinda,Bowlers,Hardik Pandya,All-Rounders,0,False,1.0,2,Pune,Maharashtra Cricket Association Stadium,Medium,False,True,103,17,17.166666666666668,136,7.922330097087378,20,185,49,2.833333333333332,17.29411764705883,6,4,Medium
17.2,17,2,107,Ashok Dinda,Bowlers,Hardik Pandya,All-Rounders,1,False,-0.5,2,Pune,Maharashtra Cricket Association Stadium,Medium,False,True,104,17,17.333333333333332,137,7.903846153846154,20,185,48,2.666666666666668,17.999999999999993,6,4,Medium
17.3,17,3,108,Ashok Dinda,Bowlers,Kieron Pollard,All-Rounders,0,False,1.0,2,Pune,Maharashtra Cricket Association Stadium,Medium,False,True,105,17,17.5,137,7.828571428571428,20,185,48,2.5,19.2,6,4,Medium
17.4,17,4,109,Ashok Dinda,Bowlers,Kieron Pollard,All-Rounders,1,False,-0.5,2,Pune,Maharashtra Cricket Association Stadium,Medium,False,True,106,17,17.666666666666668,138,7.811320754716981,20,185,47,2.333333333333332,20.14285714285716,6,4,Medium
17.5,17,5,110,Ashok Dinda,Bowlers,Hardik Pandya,All-Rounders,1,False,-0.5,2,Pune,Maharashtra Cricket Association Stadium,Medium,False,True,107,17,17.833333333333332,139,7.794392523364486,20,185,46,2.166666666666668,21.23076923076922,6,4,Medium
17.5,17,5,111,Ashok Dinda,Bowlers,Hardik Pandya,All-Rounders,1,False,-1.0,2,Pune,Maharashtra Cricket Association Stadium,Medium,True,False,107,17,17.833333333333332,140,7.850467289719627,20,185,45,2.166666666666668,20.76923076923076,6,4,Medium
17.6,17,6,112,Ashok Dinda,Bowlers,Kieron Pollard,All-Rounders,4,False,-2.0,2,Pune,Maharashtra Cricket Association Stadium,Medium,False,True,108,17,18.0,144,8.0,20,185,41,2.0,20.5,6,4,Medium
18.1,18,1,113,Ben Stokes,All-Rounders,Hardik Pandya,All-Rounders,1,False,-0.5,2,Pune,Maharashtra Cricket Association Stadium,Medium,False,True,109,18,18.166666666666668,145,7.981651376146789,20,185,40,1.833333333333332,21.81818181818183,6,4,Medium
18.2,18,2,114,Ben Stokes,All-Rounders,Kieron Pollard,All-Rounders,0,True,5.0,2,Pune,Maharashtra Cricket Association Stadium,Medium,False,True,110,18,18.33333333333333,145,7.909090909090909,20,185,40,1.666666666666668,23.999999999999982,7,3,Medium
18.3,18,3,115,Ben Stokes,All-Rounders,Tim Southee,Bowlers,1,False,-0.5,2,Pune,Maharashtra Cricket Association Stadium,Medium,False,True,111,18,18.5,146,7.891891891891892,20,185,39,1.5,26.0,7,3,Medium
18.4,18,4,116,Ben Stokes,All-Rounders,Hardik Pandya,All-Rounders,1,False,-0.5,2,Pune,Maharashtra Cricket Association Stadium,Medium,False,True,112,18,18.666666666666668,147,7.874999999999999,20,185,38,1.333333333333332,28.500000000000025,7,3,Medium
18.5,18,5,117,Ben Stokes,All-Rounders,Tim Southee,Bowlers,0,False,1.0,2,Pune,Maharashtra Cricket Association Stadium,Medium,False,True,113,18,18.83333333333333,147,7.805309734513274,20,185,38,1.166666666666668,32.57142857142854,7,3,Medium
18.6,18,6,118,Ben Stokes,All-Rounders,Tim Southee,Bowlers,6,False,-3.0,2,Pune,Maharashtra Cricket Association Stadium,Medium,False,True,114,18,19.0,153,8.052631578947368,20,185,32,1.0,32.0,7,3,Medium
19.1,19,1,119,Ashok Dinda,Bowlers,Hardik Pandya,All-Rounders,6,False,-3.0,2,Pune,Maharashtra Cricket Association Stadium,Medium,False,True,115,19,19.166666666666668,159,8.295652173913043,20,185,26,0.8333333333333321,31.200000000000045,7,3,Medium
19.2,19,2,120,Ashok Dinda,Bowlers,Hardik Pandya,All-Rounders,6,False,-3.0,2,Pune,Maharashtra Cricket Association Stadium,Medium,False,True,116,19,19.33333333333333,165,8.53448275862069,20,185,20,0.6666666666666679,29.999999999999947,7,3,Medium
19.3,19,3,121,Ashok Dinda,Bowlers,Hardik Pandya,All-Rounders,6,False,-3.0,2,Pune,Maharashtra Cricket Association Stadium,Medium,False,True,117,19,19.5,171,8.76923076923077,20,185,14,0.5,28.0,7,3,Medium
19.4,19,4,122,Ashok Dinda,Bowlers,Hardik Pandya,All-Rounders,4,False,-2.0,2,Pune,Maharashtra Cricket Association Stadium,Medium,False,True,118,19,19.666666666666668,175,8.898305084745763,20,185,10,0.3333333333333321,30.000000000000107,7,3,Medium
19.5,19,5,123,Ashok Dinda,Bowlers,Hardik Pandya,All-Rounders,6,False,-3.0,2,Pune,Maharashtra Cricket Association Stadium,Medium,False,True,119,19,19.83333333333333,181,9.126050420168069,20,185,4,0.1666666666666678,23.99999999999983,7,3,Medium
19.6,19,6,124,Ashok Dinda,Bowlers,Hardik Pandya,All-Rounders,0,True,5.0,2,Pune,Maharashtra Cricket Association Stadium,Medium,True,False,119,19,19.83333333333333,181,9.126050420168069,20,185,4,0.1666666666666678,23.99999999999983,8,2,Medium
19.6,19,6,125,Ashok Dinda,Bowlers,Hardik Pandya,All-Rounders,1,False,-0.25,2,Pune,Maharashtra Cricket Association Stadium,Medium,False,True,120,19,20.0,182,9.1,20,185,3,0.0,inf,8,2,Medium
