Ball Number,over,ball,Ball,bowler,bowler_role,batsman,batsman_role,Runs,is_wicket,bowler_score,match_id,city,stadium,Stadium_Type,is_extra,legal_delivery,legal_deliveries_count,overs_completed,overs_bowled,total_runs,current_run_rate,total_overs,target,runs_needed,overs_remaining,required_run_rate,wickets_fallen,wickets_in_hand,Ground_Type
0.1,0,1,1,Umesh Yadav,Bowlers,Ajinkya Rahane,Batters,0,False,1.0,30,Pune,Maharashtra Cricket Association Stadium,Medium,False,True,1,0,0.1666666666666666,0,0.0,20,183,183,19.83333333333333,9.226890756302522,0,10,Medium
0.2,0,2,2,Umesh Yadav,Bowlers,Ajinkya Rahane,Batters,0,False,1.0,30,Pune,Maharashtra Cricket Association Stadium,Medium,False,True,2,0,0.3333333333333333,0,0.0,20,183,183,19.666666666666668,9.305084745762713,0,10,Medium
0.3,0,3,3,Umesh Yadav,Bowlers,Ajinkya Rahane,Batters,0,False,1.0,30,Pune,Maharashtra Cricket Association Stadium,Medium,False,True,3,0,0.5,0,0.0,20,183,183,19.5,9.384615384615383,0,10,Medium
0.4,0,4,4,Umesh Yadav,Bowlers,Ajinkya Rahane,Batters,1,False,-0.5,30,Pune,Maharashtra Cricket Association Stadium,Medium,False,True,4,0,0.6666666666666666,1,1.5,20,183,182,19.33333333333333,9.413793103448276,0,10,Medium
0.5,0,5,5,Umesh Yadav,Bowlers,Rahul Tripathi,Batters,4,False,-2.0,30,Pune,Maharashtra Cricket Association Stadium,Medium,False,True,5,0,0.8333333333333334,5,6.0,20,183,178,19.166666666666668,9.28695652173913,0,10,Medium
0.5,0,5,6,Umesh Yadav,Bowlers,Rahul Tripathi,Batters,1,False,-1.0,30,Pune,Maharashtra Cricket Association Stadium,Medium,True,False,5,0,0.8333333333333334,6,7.199999999999999,20,183,177,19.166666666666668,9.234782608695651,0,10,Medium
0.6,0,6,7,Umesh Yadav,Bowlers,Rahul Tripathi,Batters,0,False,1.0,30,Pune,Maharashtra Cricket Association Stadium,Medium,False,True,6,0,1.0,6,6.0,20,183,177,19.0,9.31578947368421,0,10,Medium
1.1,1,1,8,Chris Woakes,All-Rounders,Ajinkya Rahane,Batters,1,False,-0.5,30,Pune,Maharashtra Cricket Association Stadium,Medium,False,True,7,1,1.1666666666666667,7,6.0,20,183,176,18.83333333333333,9.345132743362832,0,10,Medium
1.2,1,2,9,Chris Woakes,All-Rounders,Rahul Tripathi,Batters,1,False,-0.5,30,Pune,Maharashtra Cricket Association Stadium,Medium,False,True,8,1,1.3333333333333333,8,6.0,20,183,175,18.666666666666668,9.375,0,10,Medium
1.3,1,3,10,Chris Woakes,All-Rounders,Ajinkya Rahane,Batters,0,False,1.0,30,Pune,Maharashtra Cricket Association Stadium,Medium,False,True,9,1,1.5,8,5.333333333333333,20,183,175,18.5,9.45945945945946,0,10,Medium
1.4,1,4,11,Chris Woakes,All-Rounders,Ajinkya Rahane,Batters,1,False,-0.5,30,Pune,Maharashtra Cricket Association Stadium,Medium,False,True,10,1,1.6666666666666663,9,5.4,20,183,174,18.33333333333333,9.490909090909092,0,10,Medium
1.5,1,5,12,Chris Woakes,All-Rounders,Rahul Tripathi,Batters,1,False,-0.5,30,Pune,Maharashtra Cricket Association Stadium,Medium,False,True,11,1,1.8333333333333333,10,5.454545454545454,20,183,173,18.166666666666668,9.522935779816514,0,10,Medium
1.6,1,6,13,Chris Woakes,All-Rounders,Ajinkya Rahane,Batters,4,False,-2.0,30,Pune,Maharashtra Cricket Association Stadium,Medium,False,True,12,1,2.0,14,7.0,20,183,169,18.0,9.38888888888889,0,10,Medium
2.1,2,1,14,Umesh Yadav,Bowlers,Rahul Tripathi,Batters,4,False,-2.0,30,Pune,Maharashtra Cricket Association Stadium,Medium,False,True,13,2,2.1666666666666665,18,8.307692307692308,20,183,165,17.833333333333332,9.25233644859813,0,10,Medium
2.2,2,2,15,Umesh Yadav,Bowlers,Rahul Tripathi,Batters,1,False,-1.0,30,Pune,Maharashtra Cricket Association Stadium,Medium,True,False,13,2,2.1666666666666665,19,8.76923076923077,20,183,164,17.833333333333332,9.19626168224299,0,10,Medium
2.2,2,2,16,Umesh Yadav,Bowlers,Rahul Tripathi,Batters,0,False,1.0,30,Pune,Maharashtra Cricket Association Stadium,Medium,False,True,14,2,2.333333333333333,19,8.142857142857142,20,183,164,17.666666666666668,9.283018867924527,0,10,Medium
2.3,2,3,17,Umesh Yadav,Bowlers,Rahul Tripathi,Batters,1,False,-0.5,30,Pune,Maharashtra Cricket Association Stadium,Medium,False,True,15,2,2.5,20,8.0,20,183,163,17.5,9.314285714285717,0,10,Medium
2.4,2,4,18,Umesh Yadav,Bowlers,Ajinkya Rahane,Batters,0,False,1.0,30,Pune,Maharashtra Cricket Association Stadium,Medium,False,True,16,2,2.6666666666666665,20,7.5,20,183,163,17.333333333333332,9.403846153846157,0,10,Medium
2.5,2,5,19,Umesh Yadav,Bowlers,Ajinkya Rahane,Batters,1,False,-0.5,30,Pune,Maharashtra Cricket Association Stadium,Medium,False,True,17,2,2.833333333333333,21,7.411764705882352,20,183,162,17.166666666666668,9.436893203883496,0,10,Medium
2.6,2,6,20,Umesh Yadav,Bowlers,Rahul Tripathi,Batters,4,False,-2.0,30,Pune,Maharashtra Cricket Association Stadium,Medium,False,True,18,2,3.0,25,8.333333333333334,20,183,158,17.0,9.294117647058824,0,10,Medium
3.1,3,1,21,Sunil Narine,All-Rounders,Ajinkya Rahane,Batters,1,False,-1.0,30,Pune,Maharashtra Cricket Association Stadium,Medium,True,False,18,2,3.0,26,8.666666666666666,20,183,157,17.0,9.235294117647058,0,10,Medium
3.1,3,1,22,Sunil Narine,All-Rounders,Ajinkya Rahane,Batters,1,False,-0.5,30,Pune,Maharashtra Cricket Association Stadium,Medium,False,True,19,3,3.1666666666666665,27,8.526315789473685,20,183,156,16.833333333333332,9.267326732673268,0,10,Medium
3.2,3,2,23,Sunil Narine,All-Rounders,Rahul Tripathi,Batters,1,False,-0.5,30,Pune,Maharashtra Cricket Association Stadium,Medium,False,True,20,3,3.333333333333333,28,8.4,20,183,155,16.666666666666668,9.3,0,10,Medium
3.3,3,3,24,Sunil Narine,All-Rounders,Ajinkya Rahane,Batters,1,False,-0.5,30,Pune,Maharashtra Cricket Association Stadium,Medium,False,True,21,3,3.5,29,8.285714285714286,20,183,154,16.5,9.333333333333334,0,10,Medium
3.4,3,4,25,Sunil Narine,All-Rounders,Rahul Tripathi,Batters,0,False,1.0,30,Pune,Maharashtra Cricket Association Stadium,Medium,False,True,22,3,3.6666666666666665,29,7.909090909090909,20,183,154,16.333333333333332,9.428571428571429,0,10,Medium
3.5,3,5,26,,,,,0,False,0.0,30,Pune,Maharashtra Cricket Association Stadium,Medium,False,True,23,3,3.8333333333333335,29,7.565217391304348,20,183,154,16.166666666666668,9.525773195876289,0,10,Medium
3.6,3,6,27,Sunil Narine,All-Rounders,Ajinkya Rahane,Batters,0,False,1.0,30,Pune,Maharashtra Cricket Association Stadium,Medium,False,True,24,3,4.0,29,7.25,20,183,154,16.0,9.625,0,10,Medium
4.1,4,1,28,Chris Woakes,All-Rounders,Rahul Tripathi,Batters,1,False,-0.5,30,Pune,Maharashtra Cricket Association Stadium,Medium,False,True,25,4,4.166666666666667,30,7.199999999999999,20,183,153,15.833333333333332,9.663157894736845,0,10,Medium
4.2,4,2,29,Chris Woakes,All-Rounders,Ajinkya Rahane,Batters,0,False,1.0,30,Pune,Maharashtra Cricket Association Stadium,Medium,False,True,26,4,4.333333333333333,30,6.923076923076923,20,183,153,15.666666666666668,9.76595744680851,0,10,Medium
4.3,4,3,30,Chris Woakes,All-Rounders,Ajinkya Rahane,Batters,6,False,-3.0,30,Pune,Maharashtra Cricket Association Stadium,Medium,False,True,27,4,4.5,36,8.0,20,183,147,15.5,9.483870967741936,0,10,Medium
4.4,4,4,31,Chris Woakes,All-Rounders,Ajinkya Rahane,Batters,1,False,-0.5,30,Pune,Maharashtra Cricket Association Stadium,Medium,False,True,28,4,4.666666666666667,37,7.928571428571428,20,183,146,15.333333333333332,9.521739130434783,0,10,Medium
4.5,4,5,32,Chris Woakes,All-Rounders,Rahul Tripathi,Batters,4,False,-2.0,30,Pune,Maharashtra Cricket Association Stadium,Medium,False,True,29,4,4.833333333333333,41,8.482758620689655,20,183,142,15.166666666666668,9.36263736263736,0,10,Medium
4.6,4,6,33,Chris Woakes,All-Rounders,Rahul Tripathi,Batters,0,False,1.0,30,Pune,Maharashtra Cricket Association Stadium,Medium,False,True,30,4,5.0,41,8.2,20,183,142,15.0,9.466666666666669,0,10,Medium
5.1,5,1,34,Sunil Narine,All-Rounders,Ajinkya Rahane,Batters,1,False,-0.5,30,Pune,Maharashtra Cricket Association Stadium,Medium,False,True,31,5,5.166666666666667,42,8.129032258064516,20,183,141,14.833333333333332,9.505617977528091,0,10,Medium
5.2,5,2,35,Sunil Narine,All-Rounders,Rahul Tripathi,Batters,4,False,-2.0,30,Pune,Maharashtra Cricket Association Stadium,Medium,False,True,32,5,5.333333333333333,46,8.625,20,183,137,14.666666666666668,9.34090909090909,0,10,Medium
5.3,5,3,36,Sunil Narine,All-Rounders,Rahul Tripathi,Batters,1,False,-0.5,30,Pune,Maharashtra Cricket Association Stadium,Medium,False,True,33,5,5.5,47,8.545454545454545,20,183,136,14.5,9.379310344827584,0,10,Medium
5.4,5,4,37,Sunil Narine,All-Rounders,Ajinkya Rahane,Batters,1,False,-0.5,30,Pune,Maharashtra Cricket Association Stadium,Medium,False,True,34,5,5.666666666666667,48,8.470588235294118,20,183,135,14.333333333333332,9.418604651162791,0,10,Medium
5.5,5,5,38,Sunil Narine,All-Rounders,Rahul Tripathi,Batters,4,False,-2.0,30,Pune,Maharashtra Cricket Association Stadium,Medium,False,True,35,5,5.833333333333333,52,8.914285714285715,20,183,131,14.166666666666668,9.24705882352941,0,10,Medium
5.6,5,6,39,Sunil Narine,All-Rounders,Rahul Tripathi,Batters,4,False,-2.0,30,Pune,Maharashtra Cricket Association Stadium,Medium,False,True,36,5,6.0,56,9.333333333333334,20,183,127,14.0,9.071428571428571,0,10,Medium
6.1,6,1,40,Colin de Grandhomme,All-Rounders,Ajinkya Rahane,Batters,1,False,-0.5,30,Pune,Maharashtra Cricket Association Stadium,Medium,False,True,37,6,6.166666666666667,57,9.243243243243242,20,183,126,13.833333333333332,9.10843373493976,0,10,Medium
6.2,6,2,41,Colin de Grandhomme,All-Rounders,Rahul Tripathi,Batters,1,False,-0.5,30,Pune,Maharashtra Cricket Association Stadium,Medium,False,True,38,6,6.333333333333333,58,9.157894736842106,20,183,125,13.666666666666668,9.146341463414632,0,10,Medium
6.3,6,3,42,Colin de Grandhomme,All-Rounders,Ajinkya Rahane,Batters,0,False,1.0,30,Pune,Maharashtra Cricket Association Stadium,Medium,False,True,39,6,6.5,58,8.923076923076923,20,183,125,13.5,9.25925925925926,0,10,Medium
6.4,6,4,43,Colin de Grandhomme,All-Rounders,Ajinkya Rahane,Batters,1,False,-0.5,30,Pune,Maharashtra Cricket Association Stadium,Medium,False,True,40,6,6.666666666666667,59,8.85,20,183,124,13.333333333333332,9.3,0,10,Medium
6.5,6,5,44,Colin de Grandhomme,All-Rounders,Rahul Tripathi,Batters,1,False,-0.5,30,Pune,Maharashtra Cricket Association Stadium,Medium,False,True,41,6,6.833333333333333,60,8.78048780487805,20,183,123,13.166666666666668,9.341772151898734,0,10,Medium
6.6,6,6,45,Colin de Grandhomme,All-Rounders,Ajinkya Rahane,Batters,1,False,-0.5,30,Pune,Maharashtra Cricket Association Stadium,Medium,False,True,42,6,7.0,61,8.714285714285714,20,183,122,13.0,9.384615384615383,0,10,Medium
7.1,7,1,46,Piyush Chawla,All-Rounders,Ajinkya Rahane,Batters,1,False,-0.5,30,Pune,Maharashtra Cricket Association Stadium,Medium,False,True,43,7,7.166666666666667,62,8.651162790697674,20,183,121,12.833333333333332,9.428571428571429,0,10,Medium
7.2,7,2,47,Piyush Chawla,All-Rounders,Rahul Tripathi,Batters,0,False,1.0,30,Pune,Maharashtra Cricket Association Stadium,Medium,False,True,44,7,7.333333333333333,62,8.454545454545455,20,183,121,12.666666666666668,9.552631578947368,0,10,Medium
7.3,7,3,48,Piyush Chawla,All-Rounders,Rahul Tripathi,Batters,1,False,-0.5,30,Pune,Maharashtra Cricket Association Stadium,Medium,False,True,45,7,7.5,63,8.4,20,183,120,12.5,9.6,0,10,Medium
7.4,7,4,49,Piyush Chawla,All-Rounders,Ajinkya Rahane,Batters,1,False,-0.5,30,Pune,Maharashtra Cricket Association Stadium,Medium,False,True,46,7,7.666666666666667,64,8.347826086956522,20,183,119,12.333333333333332,9.64864864864865,0,10,Medium
7.5,7,5,50,Piyush Chawla,All-Rounders,Rahul Tripathi,Batters,0,True,5.0,30,Pune,Maharashtra Cricket Association Stadium,Medium,False,True,47,7,7.833333333333333,64,8.170212765957448,20,183,119,12.166666666666668,9.780821917808218,1,9,Medium
7.6,7,6,51,Piyush Chawla,All-Rounders,Steven Smith,Batters,0,False,1.0,30,Pune,Maharashtra Cricket Association Stadium,Medium,False,True,48,7,8.0,64,8.0,20,183,119,12.0,9.916666666666666,1,9,Medium
8.1,8,1,52,Colin de Grandhomme,All-Rounders,Ajinkya Rahane,Batters,1,False,-0.5,30,Pune,Maharashtra Cricket Association Stadium,Medium,False,True,49,8,8.166666666666666,65,7.959183673469388,20,183,118,11.833333333333334,9.971830985915492,1,9,Medium
8.2,8,2,53,Colin de Grandhomme,All-Rounders,Steven Smith,Batters,0,False,1.0,30,Pune,Maharashtra Cricket Association Stadium,Medium,False,True,50,8,8.333333333333334,65,7.8,20,183,118,11.666666666666666,10.114285714285716,1,9,Medium
8.3,8,3,54,Colin de Grandhomme,All-Rounders,Steven Smith,Batters,2,False,-1.0,30,Pune,Maharashtra Cricket Association Stadium,Medium,False,True,51,8,8.5,67,7.882352941176471,20,183,116,11.5,10.08695652173913,1,9,Medium
8.4,8,4,55,Colin de Grandhomme,All-Rounders,Steven Smith,Batters,1,False,-0.5,30,Pune,Maharashtra Cricket Association Stadium,Medium,False,True,52,8,8.666666666666666,68,7.846153846153847,20,183,115,11.333333333333334,10.147058823529411,1,9,Medium
8.5,8,5,56,Colin de Grandhomme,All-Rounders,Ajinkya Rahane,Batters,1,False,-0.5,30,Pune,Maharashtra Cricket Association Stadium,Medium,False,True,53,8,8.833333333333334,69,7.811320754716981,20,183,114,11.166666666666666,10.208955223880595,1,9,Medium
8.6,8,6,57,Colin de Grandhomme,All-Rounders,Steven Smith,Batters,4,False,-2.0,30,Pune,Maharashtra Cricket Association Stadium,Medium,False,True,54,8,9.0,73,8.11111111111111,20,183,110,11.0,10.0,1,9,Medium
9.1,9,1,58,Piyush Chawla,All-Rounders,Ajinkya Rahane,Batters,1,False,-0.5,30,Pune,Maharashtra Cricket Association Stadium,Medium,False,True,55,9,9.166666666666666,74,8.072727272727274,20,183,109,10.833333333333334,10.06153846153846,1,9,Medium
9.2,9,2,59,Piyush Chawla,All-Rounders,Steven Smith,Batters,1,False,-0.5,30,Pune,Maharashtra Cricket Association Stadium,Medium,False,True,56,9,9.333333333333334,75,8.035714285714285,20,183,108,10.666666666666666,10.125,1,9,Medium
9.3,9,3,60,Piyush Chawla,All-Rounders,Ajinkya Rahane,Batters,0,False,1.0,30,Pune,Maharashtra Cricket Association Stadium,Medium,False,True,57,9,9.5,75,7.894736842105263,20,183,108,10.5,10.285714285714286,1,9,Medium
9.4,9,4,61,Piyush Chawla,All-Rounders,Ajinkya Rahane,Batters,4,False,-2.0,30,Pune,Maharashtra Cricket Association Stadium,Medium,False,True,58,9,9.666666666666666,79,8.172413793103448,20,183,104,10.333333333333334,10.064516129032258,1,9,Medium
9.5,9,5,62,Piyush Chawla,All-Rounders,Ajinkya Rahane,Batters,1,False,-0.5,30,Pune,Maharashtra Cricket Association Stadium,Medium,False,True,59,9,9.833333333333334,80,8.135593220338983,20,183,103,10.166666666666666,10.131147540983608,1,9,Medium
9.6,9,6,63,Piyush Chawla,All-Rounders,Steven Smith,Batters,2,False,-1.0,30,Pune,Maharashtra Cricket Association Stadium,Medium,False,True,60,9,10.0,82,8.2,20,183,101,10.0,10.1,1,9,Medium
10.1,10,1,64,Kuldeep Yadav,Bowlers,Ajinkya Rahane,Batters,4,False,-2.0,30,Pune,Maharashtra Cricket Association Stadium,Medium,False,True,61,10,10.166666666666666,86,8.459016393442623,20,183,97,9.833333333333334,9.864406779661016,1,9,Medium
10.2,10,2,65,Kuldeep Yadav,Bowlers,Ajinkya Rahane,Batters,0,False,1.0,30,Pune,Maharashtra Cricket Association Stadium,Medium,False,True,62,10,10.333333333333334,86,8.32258064516129,20,183,97,9.666666666666666,10.03448275862069,1,9,Medium
10.3,10,3,66,Kuldeep Yadav,Bowlers,Ajinkya Rahane,Batters,1,False,-0.5,30,Pune,Maharashtra Cricket Association Stadium,Medium,False,True,63,10,10.5,87,8.285714285714286,20,183,96,9.5,10.105263157894736,1,9,Medium
10.4,10,4,67,Kuldeep Yadav,Bowlers,Steven Smith,Batters,0,False,1.0,30,Pune,Maharashtra Cricket Association Stadium,Medium,False,True,64,10,10.666666666666666,87,8.15625,20,183,96,9.333333333333334,10.285714285714285,1,9,Medium
10.5,10,5,68,Kuldeep Yadav,Bowlers,Steven Smith,Batters,1,False,-0.5,30,Pune,Maharashtra Cricket Association Stadium,Medium,False,True,65,10,10.833333333333334,88,8.123076923076923,20,183,95,9.166666666666666,10.363636363636363,1,9,Medium
10.6,10,6,69,Kuldeep Yadav,Bowlers,Ajinkya Rahane,Batters,0,False,1.0,30,Pune,Maharashtra Cricket Association Stadium,Medium,False,True,66,10,11.0,88,8.0,20,183,95,9.0,10.555555555555555,1,9,Medium
11.1,11,1,70,Piyush Chawla,All-Rounders,Steven Smith,Batters,0,False,1.0,30,Pune,Maharashtra Cricket Association Stadium,Medium,False,True,67,11,11.166666666666666,88,7.880597014925374,20,183,95,8.833333333333334,10.754716981132075,1,9,Medium
11.2,11,2,71,Piyush Chawla,All-Rounders,Steven Smith,Batters,1,False,-0.5,30,Pune,Maharashtra Cricket Association Stadium,Medium,False,True,68,11,11.333333333333334,89,7.852941176470588,20,183,94,8.666666666666666,10.846153846153848,1,9,Medium
11.3,11,3,72,Piyush Chawla,All-Rounders,Ajinkya Rahane,Batters,2,False,-1.0,30,Pune,Maharashtra Cricket Association Stadium,Medium,False,True,69,11,11.5,91,7.913043478260869,20,183,92,8.5,10.823529411764708,1,9,Medium
11.4,11,4,73,Piyush Chawla,All-Rounders,Ajinkya Rahane,Batters,4,False,-2.0,30,Pune,Maharashtra Cricket Association Stadium,Medium,False,True,70,11,11.666666666666666,95,8.142857142857144,20,183,88,8.333333333333334,10.56,1,9,Medium
11.5,11,5,74,Piyush Chawla,All-Rounders,Ajinkya Rahane,Batters,2,False,-1.0,30,Pune,Maharashtra Cricket Association Stadium,Medium,False,True,71,11,11.833333333333334,97,8.197183098591548,20,183,86,8.166666666666666,10.53061224489796,1,9,Medium
11.6,11,6,75,Piyush Chawla,All-Rounders,Ajinkya Rahane,Batters,0,False,1.0,30,Pune,Maharashtra Cricket Association Stadium,Medium,False,True,72,11,12.0,97,8.083333333333334,20,183,86,8.0,10.75,1,9,Medium
12.1,12,1,76,Kuldeep Yadav,Bowlers,Steven Smith,Batters,4,False,-2.0,30,Pune,Maharashtra Cricket Association Stadium,Medium,False,True,73,12,12.166666666666666,101,8.301369863013699,20,183,82,7.833333333333334,10.468085106382976,1,9,Medium
12.2,12,2,77,Kuldeep Yadav,Bowlers,Steven Smith,Batters,2,False,-1.0,30,Pune,Maharashtra Cricket Association Stadium,Medium,False,True,74,12,12.333333333333334,103,8.35135135135135,20,183,80,7.666666666666666,10.434782608695652,1,9,Medium
12.3,12,3,78,Kuldeep Yadav,Bowlers,Steven Smith,Batters,1,False,-0.5,30,Pune,Maharashtra Cricket Association Stadium,Medium,False,True,75,12,12.5,104,8.32,20,183,79,7.5,10.533333333333331,1,9,Medium
12.4,12,4,79,Kuldeep Yadav,Bowlers,Ajinkya Rahane,Batters,1,False,-0.5,30,Pune,Maharashtra Cricket Association Stadium,Medium,False,True,76,12,12.666666666666666,105,8.289473684210527,20,183,78,7.333333333333334,10.636363636363637,1,9,Medium
12.5,12,5,80,Kuldeep Yadav,Bowlers,Steven Smith,Batters,1,False,-0.5,30,Pune,Maharashtra Cricket Association Stadium,Medium,False,True,77,12,12.833333333333334,106,8.259740259740258,20,183,77,7.166666666666666,10.74418604651163,1,9,Medium
12.6,12,6,81,Kuldeep Yadav,Bowlers,Ajinkya Rahane,Batters,0,False,1.0,30,Pune,Maharashtra Cricket Association Stadium,Medium,False,True,78,12,13.0,106,8.153846153846153,20,183,77,7.0,11.0,1,9,Medium
13.1,13,1,82,Sunil Narine,All-Rounders,Steven Smith,Batters,4,False,-2.0,30,Pune,Maharashtra Cricket Association Stadium,Medium,False,True,79,13,13.166666666666666,110,8.354430379746836,20,183,73,6.833333333333334,10.682926829268292,1,9,Medium
13.2,13,2,83,Sunil Narine,All-Rounders,Steven Smith,Batters,1,False,-0.5,30,Pune,Maharashtra Cricket Association Stadium,Medium,False,True,80,13,13.333333333333334,111,8.325,20,183,72,6.666666666666666,10.8,1,9,Medium
13.3,13,3,84,Sunil Narine,All-Rounders,Ajinkya Rahane,Batters,0,True,5.0,30,Pune,Maharashtra Cricket Association Stadium,Medium,False,True,81,13,13.5,111,8.222222222222221,20,183,72,6.5,11.076923076923077,2,8,Medium
13.4,13,4,85,Sunil Narine,All-Rounders,MS Dhoni,Batters,0,False,1.0,30,Pune,Maharashtra Cricket Association Stadium,Medium,False,True,82,13,13.666666666666666,111,8.121951219512196,20,183,72,6.333333333333334,11.36842105263158,2,8,Medium
13.5,13,5,86,Sunil Narine,All-Rounders,MS Dhoni,Batters,1,False,-0.5,30,Pune,Maharashtra Cricket Association Stadium,Medium,False,True,83,13,13.833333333333334,112,8.096385542168674,20,183,71,6.166666666666666,11.513513513513514,2,8,Medium
13.6,13,6,87,Sunil Narine,All-Rounders,Steven Smith,Batters,1,False,-0.5,30,Pune,Maharashtra Cricket Association Stadium,Medium,False,True,84,13,14.0,113,8.071428571428571,20,183,70,6.0,11.666666666666666,2,8,Medium
14.1,14,1,88,Piyush Chawla,All-Rounders,Steven Smith,Batters,1,False,-0.5,30,Pune,Maharashtra Cricket Association Stadium,Medium,False,True,85,14,14.166666666666666,114,8.047058823529412,20,183,69,5.833333333333334,11.828571428571427,2,8,Medium
14.2,14,2,89,Piyush Chawla,All-Rounders,MS Dhoni,Batters,2,False,-1.0,30,Pune,Maharashtra Cricket Association Stadium,Medium,False,True,86,14,14.333333333333334,116,8.093023255813954,20,183,67,5.666666666666666,11.823529411764708,2,8,Medium
14.3,14,3,90,Piyush Chawla,All-Rounders,MS Dhoni,Batters,4,False,-2.0,30,Pune,Maharashtra Cricket Association Stadium,Medium,False,True,87,14,14.5,120,8.275862068965518,20,183,63,5.5,11.454545454545457,2,8,Medium
14.4,14,4,91,Piyush Chawla,All-Rounders,MS Dhoni,Batters,6,False,-3.0,30,Pune,Maharashtra Cricket Association Stadium,Medium,False,True,88,14,14.666666666666666,126,8.590909090909092,20,183,57,5.333333333333334,10.687499999999998,2,8,Medium
14.5,14,5,92,Piyush Chawla,All-Rounders,MS Dhoni,Batters,1,False,-0.5,30,Pune,Maharashtra Cricket Association Stadium,Medium,False,True,89,14,14.833333333333334,127,8.561797752808989,20,183,56,5.166666666666666,10.838709677419356,2,8,Medium
14.6,14,6,93,Piyush Chawla,All-Rounders,Steven Smith,Batters,1,False,-0.5,30,Pune,Maharashtra Cricket Association Stadium,Medium,False,True,90,14,15.0,128,8.533333333333333,20,183,55,5.0,11.0,2,8,Medium
15.1,15,1,94,Kuldeep Yadav,Bowlers,Steven Smith,Batters,0,False,1.0,30,Pune,Maharashtra Cricket Association Stadium,Medium,False,True,91,15,15.166666666666666,128,8.43956043956044,20,183,55,4.833333333333334,11.379310344827584,2,8,Medium
15.2,15,2,95,Kuldeep Yadav,Bowlers,Steven Smith,Batters,2,False,-1.0,30,Pune,Maharashtra Cricket Association Stadium,Medium,False,True,92,15,15.333333333333334,130,8.478260869565217,20,183,53,4.666666666666666,11.35714285714286,2,8,Medium
15.3,15,3,96,Kuldeep Yadav,Bowlers,Steven Smith,Batters,0,False,1.0,30,Pune,Maharashtra Cricket Association Stadium,Medium,False,True,93,15,15.5,130,8.387096774193548,20,183,53,4.5,11.77777777777778,2,8,Medium
15.4,15,4,97,Kuldeep Yadav,Bowlers,Steven Smith,Batters,1,False,-0.5,30,Pune,Maharashtra Cricket Association Stadium,Medium,False,True,94,15,15.666666666666666,131,8.361702127659575,20,183,52,4.333333333333334,11.999999999999998,2,8,Medium
15.5,15,5,98,Kuldeep Yadav,Bowlers,MS Dhoni,Batters,6,False,-3.0,30,Pune,Maharashtra Cricket Association Stadium,Medium,False,True,95,15,15.833333333333334,137,8.652631578947368,20,183,46,4.166666666666666,11.04,2,8,Medium
15.6,15,6,99,Kuldeep Yadav,Bowlers,MS Dhoni,Batters,2,False,-1.0,30,Pune,Maharashtra Cricket Association Stadium,Medium,False,True,96,15,16.0,139,8.6875,20,183,44,4.0,11.0,2,8,Medium
16.1,16,1,100,Sunil Narine,All-Rounders,Steven Smith,Batters,4,False,-2.0,30,Pune,Maharashtra Cricket Association Stadium,Medium,False,True,97,16,16.166666666666668,143,8.845360824742267,20,183,40,3.833333333333332,10.434782608695656,2,8,Medium
16.2,16,2,101,Sunil Narine,All-Rounders,Steven Smith,Batters,1,False,-0.5,30,Pune,Maharashtra Cricket Association Stadium,Medium,False,True,98,16,16.333333333333332,144,8.816326530612246,20,183,39,3.666666666666668,10.636363636363631,2,8,Medium
16.3,16,3,102,Sunil Narine,All-Rounders,MS Dhoni,Batters,1,False,-0.5,30,Pune,Maharashtra Cricket Association Stadium,Medium,False,True,99,16,16.5,145,8.787878787878787,20,183,38,3.5,10.857142857142858,2,8,Medium
16.4,16,4,103,Sunil Narine,All-Rounders,Steven Smith,Batters,0,False,1.0,30,Pune,Maharashtra Cricket Association Stadium,Medium,False,True,100,16,16.666666666666668,145,8.7,20,183,38,3.333333333333332,11.400000000000004,2,8,Medium
16.5,16,5,104,Sunil Narine,All-Rounders,Steven Smith,Batters,1,False,-0.5,30,Pune,Maharashtra Cricket Association Stadium,Medium,False,True,101,16,16.833333333333332,146,8.673267326732674,20,183,37,3.166666666666668,11.684210526315786,2,8,Medium
16.6,16,6,105,Sunil Narine,All-Rounders,MS Dhoni,Batters,0,False,1.0,30,Pune,Maharashtra Cricket Association Stadium,Medium,False,True,102,16,17.0,146,8.588235294117647,20,183,37,3.0,12.333333333333334,2,8,Medium
17.1,17,1,106,Kuldeep Yadav,Bowlers,Steven Smith,Batters,1,False,-0.5,30,Pune,Maharashtra Cricket Association Stadium,Medium,False,True,103,17,17.166666666666668,147,8.563106796116504,20,183,36,2.833333333333332,12.70588235294118,2,8,Medium
17.2,17,2,107,Kuldeep Yadav,Bowlers,MS Dhoni,Batters,0,True,5.0,30,Pune,Maharashtra Cricket Association Stadium,Medium,False,True,104,17,17.333333333333332,147,8.480769230769232,20,183,36,2.666666666666668,13.499999999999996,3,7,Medium
17.3,17,3,108,Kuldeep Yadav,Bowlers,Manoj Tiwary,Batters,1,False,-0.5,30,Pune,Maharashtra Cricket Association Stadium,Medium,False,True,105,17,17.5,148,8.457142857142857,20,183,35,2.5,14.0,3,7,Medium
17.4,17,4,109,Kuldeep Yadav,Bowlers,Steven Smith,Batters,1,False,-0.5,30,Pune,Maharashtra Cricket Association Stadium,Medium,False,True,106,17,17.666666666666668,149,8.433962264150942,20,183,34,2.333333333333332,14.571428571428578,3,7,Medium
17.5,17,5,110,Kuldeep Yadav,Bowlers,Manoj Tiwary,Batters,0,True,5.0,30,Pune,Maharashtra Cricket Association Stadium,Medium,False,True,107,17,17.833333333333332,149,8.355140186915888,20,183,34,2.166666666666668,15.692307692307685,4,6,Medium
17.6,17,6,111,Kuldeep Yadav,Bowlers,Dan Christian,All-Rounders,2,False,-1.0,30,Pune,Maharashtra Cricket Association Stadium,Medium,False,True,108,17,18.0,151,8.38888888888889,20,183,32,2.0,16.0,4,6,Medium
18.1,18,1,112,Chris Woakes,All-Rounders,Steven Smith,Batters,2,False,-1.0,30,Pune,Maharashtra Cricket Association Stadium,Medium,False,True,109,18,18.166666666666668,153,8.422018348623853,20,183,30,1.833333333333332,16.363636363636374,4,6,Medium
18.2,18,2,113,Chris Woakes,All-Rounders,Steven Smith,Batters,1,False,-0.5,30,Pune,Maharashtra Cricket Association Stadium,Medium,False,True,110,18,18.33333333333333,154,8.4,20,183,29,1.666666666666668,17.399999999999988,4,6,Medium
18.3,18,3,114,Chris Woakes,All-Rounders,Dan Christian,All-Rounders,1,False,-0.5,30,Pune,Maharashtra Cricket Association Stadium,Medium,False,True,111,18,18.5,155,8.378378378378379,20,183,28,1.5,18.666666666666668,4,6,Medium
18.4,18,4,115,Chris Woakes,All-Rounders,Steven Smith,Batters,1,False,-0.5,30,Pune,Maharashtra Cricket Association Stadium,Medium,False,True,112,18,18.666666666666668,156,8.357142857142856,20,183,27,1.333333333333332,20.250000000000018,4,6,Medium
18.5,18,5,116,Chris Woakes,All-Rounders,Dan Christian,All-Rounders,1,False,-1.0,30,Pune,Maharashtra Cricket Association Stadium,Medium,True,False,112,18,18.666666666666668,157,8.410714285714285,20,183,26,1.333333333333332,19.500000000000018,4,6,Medium
18.5,18,5,117,Chris Woakes,All-Rounders,Dan Christian,All-Rounders,6,False,-3.0,30,Pune,Maharashtra Cricket Association Stadium,Medium,False,True,113,18,18.83333333333333,163,8.654867256637168,20,183,20,1.166666666666668,17.142857142857125,4,6,Medium
18.6,18,6,118,Chris Woakes,All-Rounders,Dan Christian,All-Rounders,6,False,-3.0,30,Pune,Maharashtra Cricket Association Stadium,Medium,False,True,114,18,19.0,169,8.894736842105264,20,183,14,1.0,14.0,4,6,Medium
19.1,19,1,119,Umesh Yadav,Bowlers,Steven Smith,Batters,6,False,-3.0,30,Pune,Maharashtra Cricket Association Stadium,Medium,False,True,115,19,19.166666666666668,175,9.130434782608695,20,183,8,0.8333333333333321,9.600000000000014,4,6,Medium
19.2,19,2,120,Umesh Yadav,Bowlers,Steven Smith,Batters,1,False,-0.5,30,Pune,Maharashtra Cricket Association Stadium,Medium,False,True,116,19,19.33333333333333,176,9.10344827586207,20,183,7,0.6666666666666679,10.499999999999982,4,6,Medium
19.3,19,3,121,Umesh Yadav,Bowlers,Dan Christian,All-Rounders,1,False,-0.5,30,Pune,Maharashtra Cricket Association Stadium,Medium,False,True,117,19,19.5,177,9.076923076923077,20,183,6,0.5,12.0,4,6,Medium
19.4,19,4,122,Umesh Yadav,Bowlers,Steven Smith,Batters,1,False,-0.25,30,Pune,Maharashtra Cricket Association Stadium,Medium,False,True,118,19,19.666666666666668,178,9.050847457627118,20,183,5,0.3333333333333321,15.000000000000052,4,6,Medium
19.5,19,5,123,Umesh Yadav,Bowlers,Dan Christian,All-Rounders,2,False,-1.0,30,Pune,Maharashtra Cricket Association Stadium,Medium,True,False,118,19,19.666666666666668,180,9.152542372881356,20,183,3,0.3333333333333321,9.000000000000032,4,6,Medium
19.5,19,5,124,Umesh Yadav,Bowlers,Steven Smith,Batters,1,False,-0.5,30,Pune,Maharashtra Cricket Association Stadium,Medium,False,True,119,19,19.83333333333333,181,9.126050420168069,20,183,2,0.1666666666666678,11.999999999999917,4,6,Medium
19.6,19,6,125,Umesh Yadav,Bowlers,Dan Christian,All-Rounders,0,True,5.0,30,Pune,Maharashtra Cricket Association Stadium,Medium,False,True,120,19,20.0,181,9.05,20,183,2,0.0,inf,5,5,Medium
