Ball Number,over,ball,Ball,bowler,bowler_role,batsman,batsman_role,Runs,is_wicket,bowler_score,match_id,city,stadium,Stadium_Type,is_extra,legal_delivery,legal_deliveries_count,overs_completed,overs_bowled,total_runs,current_run_rate,total_overs,target,runs_needed,overs_remaining,required_run_rate,wickets_fallen,wickets_in_hand,Ground_Type
0.1,0,1,1,Nathu Singh,Bowlers,Chris Gayle,All-Rounders,0,False,1.0,31,Bangalore,M Chinnaswamy Stadium,Medium,False,True,1,0,0.1666666666666666,0,0.0,20,135,135,19.83333333333333,6.806722689075631,0,10,Medium
0.2,0,2,2,Nathu Singh,Bowlers,Chris Gayle,All-Rounders,1,False,-0.5,31,Bangalore,M Chinnaswamy Stadium,Medium,False,True,2,0,0.3333333333333333,1,3.0,20,135,134,19.666666666666668,6.813559322033898,0,10,Medium
0.3,0,3,3,Nathu Singh,Bowlers,Virat Kohli,Batters,0,False,1.0,31,Bangalore,M Chinnaswamy Stadium,Medium,False,True,3,0,0.5,1,2.0,20,135,134,19.5,6.871794871794871,0,10,Medium
0.4,0,4,4,Nathu Singh,Bowlers,Virat Kohli,Batters,1,False,-0.5,31,Bangalore,M Chinnaswamy Stadium,Medium,False,True,4,0,0.6666666666666666,2,3.0,20,135,133,19.33333333333333,6.879310344827586,0,10,Medium
0.5,0,5,5,Nathu Singh,Bowlers,Chris Gayle,All-Rounders,1,False,-0.25,31,Bangalore,M Chinnaswamy Stadium,Medium,False,True,5,0,0.8333333333333334,3,3.6,20,135,132,19.166666666666668,6.88695652173913,0,10,Medium
0.6,0,6,6,Nathu Singh,Bowlers,Virat Kohli,Batters,0,False,1.0,31,Bangalore,M Chinnaswamy Stadium,Medium,False,True,6,0,1.0,3,3.0,20,135,132,19.0,6.947368421052632,0,10,Medium
1.1,1,1,7,Basil Thampi,Bowlers,Chris Gayle,All-Rounders,0,False,1.0,31,Bangalore,M Chinnaswamy Stadium,Medium,False,True,7,1,1.1666666666666667,3,2.571428571428571,20,135,132,18.83333333333333,7.008849557522124,0,10,Medium
1.2,1,2,8,Basil Thampi,Bowlers,Chris Gayle,All-Rounders,1,False,-0.5,31,Bangalore,M Chinnaswamy Stadium,Medium,False,True,8,1,1.3333333333333333,4,3.0,20,135,131,18.666666666666668,7.017857142857142,0,10,Medium
1.3,1,3,9,Basil Thampi,Bowlers,Virat Kohli,Batters,0,False,1.0,31,Bangalore,M Chinnaswamy Stadium,Medium,False,True,9,1,1.5,4,2.6666666666666665,20,135,131,18.5,7.081081081081081,0,10,Medium
1.4,1,4,10,Basil Thampi,Bowlers,Virat Kohli,Batters,0,False,1.0,31,Bangalore,M Chinnaswamy Stadium,Medium,False,True,10,1,1.6666666666666663,4,2.4000000000000004,20,135,131,18.33333333333333,7.1454545454545455,0,10,Medium
1.5,1,5,11,Basil Thampi,Bowlers,Virat Kohli,Batters,6,False,-3.0,31,Bangalore,M Chinnaswamy Stadium,Medium,False,True,11,1,1.8333333333333333,10,5.454545454545454,20,135,125,18.166666666666668,6.880733944954128,0,10,Medium
1.6,1,6,12,Basil Thampi,Bowlers,Virat Kohli,Batters,0,False,1.0,31,Bangalore,M Chinnaswamy Stadium,Medium,False,True,12,1,2.0,10,5.0,20,135,125,18.0,6.944444444444445,0,10,Medium
2.1,2,1,13,Nathu Singh,Bowlers,Chris Gayle,All-Rounders,1,False,-0.5,31,Bangalore,M Chinnaswamy Stadium,Medium,False,True,13,2,2.1666666666666665,11,5.0769230769230775,20,135,124,17.833333333333332,6.953271028037384,0,10,Medium
2.2,2,2,14,Nathu Singh,Bowlers,Virat Kohli,Batters,0,False,1.0,31,Bangalore,M Chinnaswamy Stadium,Medium,False,True,14,2,2.333333333333333,11,4.714285714285714,20,135,124,17.666666666666668,7.018867924528301,0,10,Medium
2.3,2,3,15,Nathu Singh,Bowlers,Virat Kohli,Batters,1,False,-0.25,31,Bangalore,M Chinnaswamy Stadium,Medium,False,True,15,2,2.5,12,4.8,20,135,123,17.5,7.0285714285714285,0,10,Medium
2.4,2,4,16,Nathu Singh,Bowlers,Chris Gayle,All-Rounders,1,False,-1.0,31,Bangalore,M Chinnaswamy Stadium,Medium,True,False,15,2,2.5,13,5.2,20,135,122,17.5,6.971428571428572,0,10,Medium
2.4,2,4,17,Nathu Singh,Bowlers,Chris Gayle,All-Rounders,0,False,1.0,31,Bangalore,M Chinnaswamy Stadium,Medium,False,True,16,2,2.6666666666666665,13,4.875,20,135,122,17.333333333333332,7.038461538461539,0,10,Medium
2.5,2,5,18,Nathu Singh,Bowlers,Chris Gayle,All-Rounders,0,False,1.0,31,Bangalore,M Chinnaswamy Stadium,Medium,False,True,17,2,2.833333333333333,13,4.588235294117647,20,135,122,17.166666666666668,7.106796116504854,0,10,Medium
2.6,2,6,19,Nathu Singh,Bowlers,Chris Gayle,All-Rounders,4,False,-2.0,31,Bangalore,M Chinnaswamy Stadium,Medium,False,True,18,2,3.0,17,5.666666666666667,20,135,118,17.0,6.941176470588236,0,10,Medium
3.1,3,1,20,Basil Thampi,Bowlers,Virat Kohli,Batters,1,False,-1.0,31,Bangalore,M Chinnaswamy Stadium,Medium,True,False,18,2,3.0,18,6.0,20,135,117,17.0,6.882352941176471,0,10,Medium
3.1,3,1,21,Basil Thampi,Bowlers,Virat Kohli,Batters,1,False,-0.5,31,Bangalore,M Chinnaswamy Stadium,Medium,False,True,19,3,3.1666666666666665,19,6.0,20,135,116,16.833333333333332,6.891089108910892,0,10,Medium
3.2,3,2,22,Basil Thampi,Bowlers,Chris Gayle,All-Rounders,1,False,-0.5,31,Bangalore,M Chinnaswamy Stadium,Medium,False,True,20,3,3.333333333333333,20,6.0,20,135,115,16.666666666666668,6.9,0,10,Medium
3.3,3,3,23,Basil Thampi,Bowlers,Virat Kohli,Batters,2,False,-1.0,31,Bangalore,M Chinnaswamy Stadium,Medium,False,True,21,3,3.5,22,6.285714285714286,20,135,113,16.5,6.848484848484849,0,10,Medium
3.4,3,4,24,Basil Thampi,Bowlers,Virat Kohli,Batters,0,False,1.0,31,Bangalore,M Chinnaswamy Stadium,Medium,False,True,22,3,3.6666666666666665,22,6.0,20,135,113,16.333333333333332,6.918367346938776,0,10,Medium
3.5,3,5,25,Basil Thampi,Bowlers,Virat Kohli,Batters,0,True,5.0,31,Bangalore,M Chinnaswamy Stadium,Medium,False,True,23,3,3.8333333333333335,22,5.739130434782608,20,135,113,16.166666666666668,6.989690721649484,1,9,Medium
3.6,3,6,26,Basil Thampi,Bowlers,AB de Villiers,Batters,0,False,1.0,31,Bangalore,M Chinnaswamy Stadium,Medium,False,True,24,3,4.0,22,5.5,20,135,113,16.0,7.0625,1,9,Medium
4.1,4,1,27,Andrew Tye,Bowlers,Chris Gayle,All-Rounders,0,True,5.0,31,Bangalore,M Chinnaswamy Stadium,Medium,False,True,25,4,4.166666666666667,22,5.279999999999999,20,135,113,15.833333333333332,7.136842105263159,2,8,Medium
4.2,4,2,28,Andrew Tye,Bowlers,Travis Head,Batters,0,True,5.0,31,Bangalore,M Chinnaswamy Stadium,Medium,False,True,26,4,4.333333333333333,22,5.0769230769230775,20,135,113,15.666666666666668,7.212765957446808,3,7,Medium
4.3,4,3,29,Andrew Tye,Bowlers,Kedar Jadhav,All-Rounders,0,False,1.0,31,Bangalore,M Chinnaswamy Stadium,Medium,False,True,27,4,4.5,22,4.888888888888889,20,135,113,15.5,7.290322580645161,3,7,Medium
4.4,4,4,30,Andrew Tye,Bowlers,Kedar Jadhav,All-Rounders,1,False,-0.5,31,Bangalore,M Chinnaswamy Stadium,Medium,False,True,28,4,4.666666666666667,23,4.928571428571428,20,135,112,15.333333333333332,7.304347826086957,3,7,Medium
4.5,4,5,31,Andrew Tye,Bowlers,AB de Villiers,Batters,0,False,1.0,31,Bangalore,M Chinnaswamy Stadium,Medium,False,True,29,4,4.833333333333333,23,4.758620689655173,20,135,112,15.166666666666668,7.384615384615384,3,7,Medium
4.6,4,6,32,Andrew Tye,Bowlers,AB de Villiers,Batters,0,False,1.0,31,Bangalore,M Chinnaswamy Stadium,Medium,False,True,30,4,5.0,23,4.6,20,135,112,15.0,7.466666666666667,3,7,Medium
5.1,5,1,33,Basil Thampi,Bowlers,Kedar Jadhav,All-Rounders,0,False,1.0,31,Bangalore,M Chinnaswamy Stadium,Medium,False,True,31,5,5.166666666666667,23,4.451612903225806,20,135,112,14.833333333333332,7.55056179775281,3,7,Medium
5.2,5,2,34,Basil Thampi,Bowlers,Kedar Jadhav,All-Rounders,0,False,1.0,31,Bangalore,M Chinnaswamy Stadium,Medium,False,True,32,5,5.333333333333333,23,4.3125,20,135,112,14.666666666666668,7.636363636363636,3,7,Medium
5.3,5,3,35,Basil Thampi,Bowlers,Kedar Jadhav,All-Rounders,4,False,-2.0,31,Bangalore,M Chinnaswamy Stadium,Medium,False,True,33,5,5.5,27,4.909090909090909,20,135,108,14.5,7.448275862068965,3,7,Medium
5.4,5,4,36,Basil Thampi,Bowlers,Kedar Jadhav,All-Rounders,4,False,-2.0,31,Bangalore,M Chinnaswamy Stadium,Medium,False,True,34,5,5.666666666666667,31,5.470588235294118,20,135,104,14.333333333333332,7.255813953488371,3,7,Medium
5.5,5,5,37,Basil Thampi,Bowlers,Kedar Jadhav,All-Rounders,4,False,-2.0,31,Bangalore,M Chinnaswamy Stadium,Medium,False,True,35,5,5.833333333333333,35,6.0,20,135,100,14.166666666666668,7.0588235294117645,3,7,Medium
5.6,5,6,38,Basil Thampi,Bowlers,Kedar Jadhav,All-Rounders,0,False,1.0,31,Bangalore,M Chinnaswamy Stadium,Medium,False,True,36,5,6.0,35,5.833333333333333,20,135,100,14.0,7.142857142857143,3,7,Medium
6.1,6,1,39,Ravindra Jadeja,All-Rounders,AB de Villiers,Batters,1,False,-0.5,31,Bangalore,M Chinnaswamy Stadium,Medium,False,True,37,6,6.166666666666667,36,5.837837837837838,20,135,99,13.833333333333332,7.156626506024097,3,7,Medium
6.2,6,2,40,Ravindra Jadeja,All-Rounders,Kedar Jadhav,All-Rounders,2,False,-1.0,31,Bangalore,M Chinnaswamy Stadium,Medium,False,True,38,6,6.333333333333333,38,6.0,20,135,97,13.666666666666668,7.097560975609755,3,7,Medium
6.3,6,3,41,Ravindra Jadeja,All-Rounders,Kedar Jadhav,All-Rounders,4,False,-2.0,31,Bangalore,M Chinnaswamy Stadium,Medium,False,True,39,6,6.5,42,6.461538461538462,20,135,93,13.5,6.888888888888889,3,7,Medium
6.4,6,4,42,Ravindra Jadeja,All-Rounders,Kedar Jadhav,All-Rounders,1,False,-0.5,31,Bangalore,M Chinnaswamy Stadium,Medium,False,True,40,6,6.666666666666667,43,6.449999999999999,20,135,92,13.333333333333332,6.9,3,7,Medium
6.5,6,5,43,Ravindra Jadeja,All-Rounders,AB de Villiers,Batters,1,False,-0.5,31,Bangalore,M Chinnaswamy Stadium,Medium,False,True,41,6,6.833333333333333,44,6.439024390243903,20,135,91,13.166666666666668,6.911392405063291,3,7,Medium
6.6,6,6,44,Ravindra Jadeja,All-Rounders,Kedar Jadhav,All-Rounders,1,False,-0.5,31,Bangalore,M Chinnaswamy Stadium,Medium,False,True,42,6,7.0,45,6.428571428571429,20,135,90,13.0,6.923076923076923,3,7,Medium
7.1,7,1,45,Ankit Soni,All-Rounders,Kedar Jadhav,All-Rounders,1,False,-0.5,31,Bangalore,M Chinnaswamy Stadium,Medium,False,True,43,7,7.166666666666667,46,6.418604651162791,20,135,89,12.833333333333332,6.935064935064935,3,7,Medium
7.2,7,2,46,Ankit Soni,All-Rounders,AB de Villiers,Batters,1,False,-0.5,31,Bangalore,M Chinnaswamy Stadium,Medium,False,True,44,7,7.333333333333333,47,6.409090909090909,20,135,88,12.666666666666668,6.947368421052631,3,7,Medium
7.3,7,3,47,Ankit Soni,All-Rounders,Kedar Jadhav,All-Rounders,1,False,-0.5,31,Bangalore,M Chinnaswamy Stadium,Medium,False,True,45,7,7.5,48,6.4,20,135,87,12.5,6.96,3,7,Medium
7.4,7,4,48,Ankit Soni,All-Rounders,AB de Villiers,Batters,1,False,-0.5,31,Bangalore,M Chinnaswamy Stadium,Medium,False,True,46,7,7.666666666666667,49,6.391304347826087,20,135,86,12.333333333333332,6.972972972972974,3,7,Medium
7.5,7,5,49,Ankit Soni,All-Rounders,Kedar Jadhav,All-Rounders,6,False,-3.0,31,Bangalore,M Chinnaswamy Stadium,Medium,False,True,47,7,7.833333333333333,55,7.021276595744681,20,135,80,12.166666666666668,6.575342465753424,3,7,Medium
7.6,7,6,50,Ankit Soni,All-Rounders,Kedar Jadhav,All-Rounders,1,False,-0.5,31,Bangalore,M Chinnaswamy Stadium,Medium,False,True,48,7,8.0,56,7.0,20,135,79,12.0,6.583333333333333,3,7,Medium
8.1,8,1,51,Ravindra Jadeja,All-Rounders,Kedar Jadhav,All-Rounders,1,False,-0.5,31,Bangalore,M Chinnaswamy Stadium,Medium,False,True,49,8,8.166666666666666,57,6.979591836734694,20,135,78,11.833333333333334,6.591549295774648,3,7,Medium
8.2,8,2,52,Ravindra Jadeja,All-Rounders,AB de Villiers,Batters,0,False,1.0,31,Bangalore,M Chinnaswamy Stadium,Medium,False,True,50,8,8.333333333333334,57,6.84,20,135,78,11.666666666666666,6.685714285714286,3,7,Medium
8.3,8,3,53,Ravindra Jadeja,All-Rounders,AB de Villiers,Batters,1,False,-0.25,31,Bangalore,M Chinnaswamy Stadium,Medium,False,True,51,8,8.5,58,6.823529411764706,20,135,77,11.5,6.695652173913044,3,7,Medium
8.4,8,4,54,Ravindra Jadeja,All-Rounders,Kedar Jadhav,All-Rounders,0,True,5.0,31,Bangalore,M Chinnaswamy Stadium,Medium,False,True,52,8,8.666666666666666,58,6.6923076923076925,20,135,77,11.333333333333334,6.794117647058823,4,6,Medium
8.5,8,5,55,Ravindra Jadeja,All-Rounders,Mandeep Singh,All-Rounders,0,False,1.0,31,Bangalore,M Chinnaswamy Stadium,Medium,False,True,53,8,8.833333333333334,58,6.566037735849056,20,135,77,11.166666666666666,6.895522388059702,4,6,Medium
8.6,8,6,56,Ravindra Jadeja,All-Rounders,Mandeep Singh,All-Rounders,0,False,1.0,31,Bangalore,M Chinnaswamy Stadium,Medium,False,True,54,8,9.0,58,6.444444444444445,20,135,77,11.0,7.0,4,6,Medium
9.1,9,1,57,Ankit Soni,All-Rounders,AB de Villiers,Batters,0,False,1.0,31,Bangalore,M Chinnaswamy Stadium,Medium,False,True,55,9,9.166666666666666,58,6.327272727272728,20,135,77,10.833333333333334,7.107692307692307,4,6,Medium
9.2,9,2,58,Ankit Soni,All-Rounders,AB de Villiers,Batters,1,False,-1.0,31,Bangalore,M Chinnaswamy Stadium,Medium,True,False,55,9,9.166666666666666,59,6.4363636363636365,20,135,76,10.833333333333334,7.015384615384615,4,6,Medium
9.2,9,2,59,Ankit Soni,All-Rounders,AB de Villiers,Batters,1,False,-0.5,31,Bangalore,M Chinnaswamy Stadium,Medium,False,True,56,9,9.333333333333334,60,6.428571428571428,20,135,75,10.666666666666666,7.03125,4,6,Medium
9.3,9,3,60,Ankit Soni,All-Rounders,Mandeep Singh,All-Rounders,0,True,5.0,31,Bangalore,M Chinnaswamy Stadium,Medium,False,True,57,9,9.5,60,6.315789473684211,20,135,75,10.5,7.142857142857143,5,5,Medium
9.4,9,4,61,Ankit Soni,All-Rounders,Pawan Negi,Bowlers,0,False,1.0,31,Bangalore,M Chinnaswamy Stadium,Medium,False,True,58,9,9.666666666666666,60,6.206896551724138,20,135,75,10.333333333333334,7.258064516129032,5,5,Medium
9.5,9,5,62,Ankit Soni,All-Rounders,Pawan Negi,Bowlers,1,False,-0.5,31,Bangalore,M Chinnaswamy Stadium,Medium,False,True,59,9,9.833333333333334,61,6.203389830508474,20,135,74,10.166666666666666,7.278688524590164,5,5,Medium
9.6,9,6,63,Ankit Soni,All-Rounders,Mandeep Singh,All-Rounders,0,False,1.0,31,Bangalore,M Chinnaswamy Stadium,Medium,False,True,60,9,10.0,61,6.1,20,135,74,10.0,7.4,5,5,Medium
10.1,10,1,64,Ravindra Jadeja,All-Rounders,Pawan Negi,Bowlers,4,False,-2.0,31,Bangalore,M Chinnaswamy Stadium,Medium,False,True,61,10,10.166666666666666,65,6.39344262295082,20,135,70,9.833333333333334,7.11864406779661,5,5,Medium
10.2,10,2,65,Ravindra Jadeja,All-Rounders,Pawan Negi,Bowlers,4,False,-2.0,31,Bangalore,M Chinnaswamy Stadium,Medium,False,True,62,10,10.333333333333334,69,6.677419354838709,20,135,66,9.666666666666666,6.8275862068965525,5,5,Medium
10.3,10,3,66,Ravindra Jadeja,All-Rounders,Pawan Negi,Bowlers,1,False,-0.5,31,Bangalore,M Chinnaswamy Stadium,Medium,False,True,63,10,10.5,70,6.666666666666667,20,135,65,9.5,6.842105263157895,5,5,Medium
10.4,10,4,67,Ravindra Jadeja,All-Rounders,Mandeep Singh,All-Rounders,1,False,-0.5,31,Bangalore,M Chinnaswamy Stadium,Medium,False,True,64,10,10.666666666666666,71,6.65625,20,135,64,9.333333333333334,6.857142857142857,5,5,Medium
10.5,10,5,68,Ravindra Jadeja,All-Rounders,Pawan Negi,Bowlers,2,False,-1.0,31,Bangalore,M Chinnaswamy Stadium,Medium,False,True,65,10,10.833333333333334,73,6.7384615384615385,20,135,62,9.166666666666666,6.763636363636364,5,5,Medium
10.6,10,6,69,Ravindra Jadeja,All-Rounders,Pawan Negi,Bowlers,0,False,1.0,31,Bangalore,M Chinnaswamy Stadium,Medium,False,True,66,10,11.0,73,6.636363636363637,20,135,62,9.0,6.888888888888889,5,5,Medium
11.1,11,1,70,Andrew Tye,Bowlers,Mandeep Singh,All-Rounders,1,False,-0.5,31,Bangalore,M Chinnaswamy Stadium,Medium,False,True,67,11,11.166666666666666,74,6.626865671641792,20,135,61,8.833333333333334,6.90566037735849,5,5,Medium
11.2,11,2,71,Andrew Tye,Bowlers,Pawan Negi,Bowlers,1,False,-0.5,31,Bangalore,M Chinnaswamy Stadium,Medium,False,True,68,11,11.333333333333334,75,6.617647058823529,20,135,60,8.666666666666666,6.923076923076923,5,5,Medium
11.3,11,3,72,Andrew Tye,Bowlers,Mandeep Singh,All-Rounders,1,False,-0.5,31,Bangalore,M Chinnaswamy Stadium,Medium,False,True,69,11,11.5,76,6.608695652173913,20,135,59,8.5,6.941176470588236,5,5,Medium
11.4,11,4,73,Andrew Tye,Bowlers,Pawan Negi,Bowlers,0,False,1.0,31,Bangalore,M Chinnaswamy Stadium,Medium,False,True,70,11,11.666666666666666,76,6.514285714285714,20,135,59,8.333333333333334,7.079999999999999,5,5,Medium
11.5,11,5,74,Andrew Tye,Bowlers,Pawan Negi,Bowlers,0,False,1.0,31,Bangalore,M Chinnaswamy Stadium,Medium,False,True,71,11,11.833333333333334,76,6.422535211267605,20,135,59,8.166666666666666,7.224489795918368,5,5,Medium
11.6,11,6,75,Andrew Tye,Bowlers,Pawan Negi,Bowlers,1,False,-0.5,31,Bangalore,M Chinnaswamy Stadium,Medium,False,True,72,11,12.0,77,6.416666666666667,20,135,58,8.0,7.25,5,5,Medium
12.1,12,1,76,James Faulkner,All-Rounders,Pawan Negi,Bowlers,4,False,-2.0,31,Bangalore,M Chinnaswamy Stadium,Medium,False,True,73,12,12.166666666666666,81,6.657534246575342,20,135,54,7.833333333333334,6.893617021276596,5,5,Medium
12.2,12,2,77,James Faulkner,All-Rounders,Pawan Negi,Bowlers,1,False,-0.5,31,Bangalore,M Chinnaswamy Stadium,Medium,False,True,74,12,12.333333333333334,82,6.648648648648648,20,135,53,7.666666666666666,6.91304347826087,5,5,Medium
12.3,12,3,78,James Faulkner,All-Rounders,Mandeep Singh,All-Rounders,4,False,-0.25,31,Bangalore,M Chinnaswamy Stadium,Medium,False,True,75,12,12.5,86,6.88,20,135,49,7.5,6.533333333333333,5,5,Medium
12.4,12,4,79,James Faulkner,All-Rounders,Mandeep Singh,All-Rounders,1,False,-0.5,31,Bangalore,M Chinnaswamy Stadium,Medium,False,True,76,12,12.666666666666666,87,6.86842105263158,20,135,48,7.333333333333334,6.545454545454545,5,5,Medium
12.5,12,5,80,James Faulkner,All-Rounders,Pawan Negi,Bowlers,0,False,1.0,31,Bangalore,M Chinnaswamy Stadium,Medium,False,True,77,12,12.833333333333334,87,6.779220779220779,20,135,48,7.166666666666666,6.697674418604652,5,5,Medium
12.6,12,6,81,James Faulkner,All-Rounders,Pawan Negi,Bowlers,1,False,-0.5,31,Bangalore,M Chinnaswamy Stadium,Medium,False,True,78,12,13.0,88,6.769230769230769,20,135,47,7.0,6.714285714285714,5,5,Medium
13.1,13,1,82,Ankit Soni,All-Rounders,Pawan Negi,Bowlers,6,False,-3.0,31,Bangalore,M Chinnaswamy Stadium,Medium,False,True,79,13,13.166666666666666,94,7.139240506329115,20,135,41,6.833333333333334,5.999999999999999,5,5,Medium
13.2,13,2,83,Ankit Soni,All-Rounders,Pawan Negi,Bowlers,0,False,1.0,31,Bangalore,M Chinnaswamy Stadium,Medium,False,True,80,13,13.333333333333334,94,7.05,20,135,41,6.666666666666666,6.15,5,5,Medium
13.3,13,3,84,Ankit Soni,All-Rounders,Pawan Negi,Bowlers,6,False,-3.0,31,Bangalore,M Chinnaswamy Stadium,Medium,False,True,81,13,13.5,100,7.407407407407407,20,135,35,6.5,5.384615384615385,5,5,Medium
13.4,13,4,85,Ankit Soni,All-Rounders,Pawan Negi,Bowlers,0,True,5.0,31,Bangalore,M Chinnaswamy Stadium,Medium,False,True,82,13,13.666666666666666,100,7.317073170731708,20,135,35,6.333333333333334,5.526315789473684,6,4,Medium
13.5,13,5,86,Ankit Soni,All-Rounders,Samuel Badree,Bowlers,1,False,-0.5,31,Bangalore,M Chinnaswamy Stadium,Medium,False,True,83,13,13.833333333333334,101,7.301204819277108,20,135,34,6.166666666666666,5.513513513513514,6,4,Medium
13.6,13,6,87,Ankit Soni,All-Rounders,Mandeep Singh,All-Rounders,1,False,-0.5,31,Bangalore,M Chinnaswamy Stadium,Medium,False,True,84,13,14.0,102,7.285714285714286,20,135,33,6.0,5.5,6,4,Medium
14.1,14,1,88,Ravindra Jadeja,All-Rounders,Mandeep Singh,All-Rounders,1,False,-0.5,31,Bangalore,M Chinnaswamy Stadium,Medium,False,True,85,14,14.166666666666666,103,7.270588235294118,20,135,32,5.833333333333334,5.485714285714285,6,4,Medium
14.2,14,2,89,Ravindra Jadeja,All-Rounders,Samuel Badree,Bowlers,2,False,-1.0,31,Bangalore,M Chinnaswamy Stadium,Medium,False,True,86,14,14.333333333333334,105,7.325581395348837,20,135,30,5.666666666666666,5.294117647058824,6,4,Medium
14.3,14,3,90,Ravindra Jadeja,All-Rounders,Samuel Badree,Bowlers,0,True,5.0,31,Bangalore,M Chinnaswamy Stadium,Medium,False,True,87,14,14.5,105,7.241379310344827,20,135,30,5.5,5.454545454545454,7,3,Medium
14.4,14,4,91,Ravindra Jadeja,All-Rounders,Mandeep Singh,All-Rounders,1,False,-0.5,31,Bangalore,M Chinnaswamy Stadium,Medium,False,True,88,14,14.666666666666666,106,7.227272727272727,20,135,29,5.333333333333334,5.437499999999999,7,3,Medium
14.5,14,5,92,Ravindra Jadeja,All-Rounders,Sreenath Aravind,Bowlers,0,False,1.0,31,Bangalore,M Chinnaswamy Stadium,Medium,False,True,89,14,14.833333333333334,106,7.146067415730337,20,135,29,5.166666666666666,5.612903225806452,7,3,Medium
14.6,14,6,93,Ravindra Jadeja,All-Rounders,Sreenath Aravind,Bowlers,1,False,-0.5,31,Bangalore,M Chinnaswamy Stadium,Medium,False,True,90,14,15.0,107,7.133333333333334,20,135,28,5.0,5.6,7,3,Medium
15.1,15,1,94,Andrew Tye,Bowlers,Sreenath Aravind,Bowlers,0,False,1.0,31,Bangalore,M Chinnaswamy Stadium,Medium,False,True,91,15,15.166666666666666,107,7.054945054945056,20,135,28,4.833333333333334,5.793103448275861,7,3,Medium
15.2,15,2,95,Andrew Tye,Bowlers,Sreenath Aravind,Bowlers,1,False,-0.5,31,Bangalore,M Chinnaswamy Stadium,Medium,False,True,92,15,15.333333333333334,108,7.0434782608695645,20,135,27,4.666666666666666,5.785714285714287,7,3,Medium
15.3,15,3,96,Andrew Tye,Bowlers,Mandeep Singh,All-Rounders,1,False,-0.5,31,Bangalore,M Chinnaswamy Stadium,Medium,False,True,93,15,15.5,109,7.032258064516129,20,135,26,4.5,5.777777777777778,7,3,Medium
15.4,15,4,97,Andrew Tye,Bowlers,Sreenath Aravind,Bowlers,1,False,-0.5,31,Bangalore,M Chinnaswamy Stadium,Medium,False,True,94,15,15.666666666666666,110,7.021276595744681,20,135,25,4.333333333333334,5.769230769230768,7,3,Medium
15.5,15,5,98,Andrew Tye,Bowlers,Mandeep Singh,All-Rounders,0,True,5.0,31,Bangalore,M Chinnaswamy Stadium,Medium,False,True,95,15,15.833333333333334,110,6.947368421052631,20,135,25,4.166666666666666,6.000000000000001,8,2,Medium
15.6,15,6,99,Andrew Tye,Bowlers,Aniket Choudhary,Bowlers,1,False,-0.5,31,Bangalore,M Chinnaswamy Stadium,Medium,False,True,96,15,16.0,111,6.9375,20,135,24,4.0,6.0,8,2,Medium
16.1,16,1,100,James Faulkner,All-Rounders,Aniket Choudhary,Bowlers,1,False,-0.5,31,Bangalore,M Chinnaswamy Stadium,Medium,False,True,97,16,16.166666666666668,112,6.927835051546391,20,135,23,3.833333333333332,6.000000000000002,8,2,Medium
16.2,16,2,101,James Faulkner,All-Rounders,Sreenath Aravind,Bowlers,1,False,-0.25,31,Bangalore,M Chinnaswamy Stadium,Medium,False,True,98,16,16.333333333333332,113,6.918367346938776,20,135,22,3.666666666666668,5.999999999999998,8,2,Medium
16.3,16,3,102,James Faulkner,All-Rounders,Aniket Choudhary,Bowlers,1,False,-0.5,31,Bangalore,M Chinnaswamy Stadium,Medium,False,True,99,16,16.5,114,6.909090909090909,20,135,21,3.5,6.0,8,2,Medium
16.4,16,4,103,James Faulkner,All-Rounders,Sreenath Aravind,Bowlers,1,False,-0.5,31,Bangalore,M Chinnaswamy Stadium,Medium,False,True,100,16,16.666666666666668,115,6.9,20,135,20,3.333333333333332,6.000000000000002,8,2,Medium
16.5,16,5,104,James Faulkner,All-Rounders,Aniket Choudhary,Bowlers,1,False,-0.5,31,Bangalore,M Chinnaswamy Stadium,Medium,False,True,101,16,16.833333333333332,116,6.891089108910892,20,135,19,3.166666666666668,5.999999999999997,8,2,Medium
16.6,16,6,105,James Faulkner,All-Rounders,Sreenath Aravind,Bowlers,0,False,1.0,31,Bangalore,M Chinnaswamy Stadium,Medium,False,True,102,16,17.0,116,6.823529411764706,20,135,19,3.0,6.333333333333333,8,2,Medium
17.1,17,1,106,Andrew Tye,Bowlers,Aniket Choudhary,Bowlers,0,False,1.0,31,Bangalore,M Chinnaswamy Stadium,Medium,False,True,103,17,17.166666666666668,116,6.757281553398058,20,135,19,2.833333333333332,6.705882352941179,8,2,Medium
17.2,17,2,107,Andrew Tye,Bowlers,Aniket Choudhary,Bowlers,1,False,-0.5,31,Bangalore,M Chinnaswamy Stadium,Medium,False,True,104,17,17.333333333333332,117,6.750000000000001,20,135,18,2.666666666666668,6.749999999999997,8,2,Medium
17.3,17,3,108,Andrew Tye,Bowlers,Sreenath Aravind,Bowlers,2,False,-1.0,31,Bangalore,M Chinnaswamy Stadium,Medium,False,True,105,17,17.5,119,6.8,20,135,16,2.5,6.4,8,2,Medium
17.4,17,4,109,Andrew Tye,Bowlers,Sreenath Aravind,Bowlers,0,False,1.0,31,Bangalore,M Chinnaswamy Stadium,Medium,False,True,106,17,17.666666666666668,119,6.735849056603773,20,135,16,2.333333333333332,6.85714285714286,8,2,Medium
17.5,17,5,110,Andrew Tye,Bowlers,Sreenath Aravind,Bowlers,0,False,1.0,31,Bangalore,M Chinnaswamy Stadium,Medium,False,True,107,17,17.833333333333332,119,6.672897196261682,20,135,16,2.166666666666668,7.384615384615381,8,2,Medium
17.6,17,6,111,Andrew Tye,Bowlers,Sreenath Aravind,Bowlers,1,False,-0.25,31,Bangalore,M Chinnaswamy Stadium,Medium,False,True,108,17,18.0,120,6.666666666666667,20,135,15,2.0,7.5,8,2,Medium
18.1,18,1,112,Basil Thampi,Bowlers,Sreenath Aravind,Bowlers,1,False,-0.5,31,Bangalore,M Chinnaswamy Stadium,Medium,False,True,109,18,18.166666666666668,121,6.660550458715596,20,135,14,1.833333333333332,7.636363636363641,8,2,Medium
18.2,18,2,113,Basil Thampi,Bowlers,Aniket Choudhary,Bowlers,1,False,-0.5,31,Bangalore,M Chinnaswamy Stadium,Medium,False,True,110,18,18.33333333333333,122,6.654545454545455,20,135,13,1.666666666666668,7.799999999999994,8,2,Medium
18.3,18,3,114,Basil Thampi,Bowlers,Sreenath Aravind,Bowlers,1,False,-0.5,31,Bangalore,M Chinnaswamy Stadium,Medium,False,True,111,18,18.5,123,6.648648648648648,20,135,12,1.5,8.0,8,2,Medium
18.4,18,4,115,Basil Thampi,Bowlers,Aniket Choudhary,Bowlers,4,False,-2.0,31,Bangalore,M Chinnaswamy Stadium,Medium,False,True,112,18,18.666666666666668,127,6.803571428571428,20,135,8,1.333333333333332,6.000000000000005,8,2,Medium
18.5,18,5,116,Basil Thampi,Bowlers,Aniket Choudhary,Bowlers,2,False,-1.0,31,Bangalore,M Chinnaswamy Stadium,Medium,False,True,113,18,18.83333333333333,129,6.849557522123894,20,135,6,1.166666666666668,5.142857142857138,8,2,Medium
18.6,18,6,117,Basil Thampi,Bowlers,Aniket Choudhary,Bowlers,1,False,-0.5,31,Bangalore,M Chinnaswamy Stadium,Medium,False,True,114,18,19.0,130,6.842105263157895,20,135,5,1.0,5.0,8,2,Medium
19.1,19,1,118,James Faulkner,All-Rounders,Aniket Choudhary,Bowlers,1,False,-0.5,31,Bangalore,M Chinnaswamy Stadium,Medium,False,True,115,19,19.166666666666668,131,6.834782608695652,20,135,4,0.8333333333333321,4.800000000000007,8,2,Medium
19.2,19,2,119,James Faulkner,All-Rounders,Sreenath Aravind,Bowlers,1,False,-0.5,31,Bangalore,M Chinnaswamy Stadium,Medium,False,True,116,19,19.33333333333333,132,6.8275862068965525,20,135,3,0.6666666666666679,4.499999999999992,8,2,Medium
19.3,19,3,120,James Faulkner,All-Rounders,Aniket Choudhary,Bowlers,1,False,-0.5,31,Bangalore,M Chinnaswamy Stadium,Medium,False,True,117,19,19.5,133,6.82051282051282,20,135,2,0.5,4.0,8,2,Medium
19.4,19,4,121,James Faulkner,All-Rounders,Sreenath Aravind,Bowlers,0,True,5.0,31,Bangalore,M Chinnaswamy Stadium,Medium,False,True,118,19,19.666666666666668,133,6.762711864406779,20,135,2,0.3333333333333321,6.000000000000021,9,1,Medium
19.5,19,5,122,James Faulkner,All-Rounders,Yuzvendra Chahal,Bowlers,0,False,1.0,31,Bangalore,M Chinnaswamy Stadium,Medium,False,True,119,19,19.83333333333333,133,6.705882352941177,20,135,2,0.1666666666666678,11.999999999999917,9,1,Medium
19.6,19,6,123,James Faulkner,All-Rounders,Yuzvendra Chahal,Bowlers,0,True,5.0,31,Bangalore,M Chinnaswamy Stadium,Medium,False,True,120,19,20.0,133,6.65,20,135,2,0.0,inf,10,0,Medium
