Ball Number,over,ball,Ball,bowler,bowler_role,batsman,batsman_role,Runs,is_wicket,bowler_score,match_id,city,stadium,Stadium_Type,is_extra,legal_delivery,legal_deliveries_count,overs_completed,overs_bowled,total_runs,current_run_rate,total_overs,target,runs_needed,overs_remaining,required_run_rate,wickets_fallen,wickets_in_hand,Ground_Type
0.1,0,1,1,Ishant Sharma,Bowlers,David Warner,Batters,0,False,1.0,33,Mohali,Punjab Cricket Association Stadium,Medium,False,True,1,0,0.1666666666666666,0,0.0,20,208,208,19.83333333333333,10.487394957983192,0,10,Medium
0.2,0,2,2,Ishant Sharma,Bowlers,David Warner,Batters,2,False,-1.0,33,Mohali,Punjab Cricket Association Stadium,Medium,False,True,2,0,0.3333333333333333,2,6.0,20,208,206,19.666666666666668,10.47457627118644,0,10,Medium
0.3,0,3,3,Ishant Sharma,Bowlers,David Warner,Batters,0,False,1.0,33,Mohali,Punjab Cricket Association Stadium,Medium,False,True,3,0,0.5,2,4.0,20,208,206,19.5,10.564102564102564,0,10,Medium
0.4,0,4,4,Ishant Sharma,Bowlers,David Warner,Batters,1,False,-0.25,33,Mohali,Punjab Cricket Association Stadium,Medium,False,True,4,0,0.6666666666666666,3,4.5,20,208,205,19.33333333333333,10.60344827586207,0,10,Medium
0.5,0,5,5,Ishant Sharma,Bowlers,Shikhar Dhawan,Batters,0,False,1.0,33,Mohali,Punjab Cricket Association Stadium,Medium,False,True,5,0,0.8333333333333334,3,3.6,20,208,205,19.166666666666668,10.695652173913045,0,10,Medium
0.6,0,6,6,Ishant Sharma,Bowlers,Shikhar Dhawan,Batters,0,False,1.0,33,Mohali,Punjab Cricket Association Stadium,Medium,False,True,6,0,1.0,3,3.0,20,208,205,19.0,10.789473684210526,0,10,Medium
1.1,1,1,7,Anureet Singh,Bowlers,David Warner,Batters,1,False,-0.5,33,Mohali,Punjab Cricket Association Stadium,Medium,False,True,7,1,1.1666666666666667,4,3.4285714285714284,20,208,204,18.83333333333333,10.831858407079649,0,10,Medium
1.2,1,2,8,Anureet Singh,Bowlers,Shikhar Dhawan,Batters,4,False,-2.0,33,Mohali,Punjab Cricket Association Stadium,Medium,False,True,8,1,1.3333333333333333,8,6.0,20,208,200,18.666666666666668,10.714285714285714,0,10,Medium
1.3,1,3,9,Anureet Singh,Bowlers,Shikhar Dhawan,Batters,4,False,-2.0,33,Mohali,Punjab Cricket Association Stadium,Medium,False,True,9,1,1.5,12,8.0,20,208,196,18.5,10.594594594594597,0,10,Medium
1.4,1,4,10,Anureet Singh,Bowlers,Shikhar Dhawan,Batters,0,False,1.0,33,Mohali,Punjab Cricket Association Stadium,Medium,False,True,10,1,1.6666666666666663,12,7.200000000000001,20,208,196,18.33333333333333,10.690909090909091,0,10,Medium
1.5,1,5,11,Anureet Singh,Bowlers,Shikhar Dhawan,Batters,0,False,1.0,33,Mohali,Punjab Cricket Association Stadium,Medium,False,True,11,1,1.8333333333333333,12,6.545454545454545,20,208,196,18.166666666666668,10.788990825688073,0,10,Medium
1.6,1,6,12,Anureet Singh,Bowlers,Shikhar Dhawan,Batters,1,False,-0.5,33,Mohali,Punjab Cricket Association Stadium,Medium,False,True,12,1,2.0,13,6.5,20,208,195,18.0,10.833333333333334,0,10,Medium
2.1,2,1,13,Ishant Sharma,Bowlers,Shikhar Dhawan,Batters,0,False,1.0,33,Mohali,Punjab Cricket Association Stadium,Medium,False,True,13,2,2.1666666666666665,13,6.0,20,208,195,17.833333333333332,10.934579439252335,0,10,Medium
2.2,2,2,14,Ishant Sharma,Bowlers,Shikhar Dhawan,Batters,6,False,-3.0,33,Mohali,Punjab Cricket Association Stadium,Medium,False,True,14,2,2.333333333333333,19,8.142857142857142,20,208,189,17.666666666666668,10.69811320754717,0,10,Medium
2.3,2,3,15,Ishant Sharma,Bowlers,Shikhar Dhawan,Batters,1,False,-0.5,33,Mohali,Punjab Cricket Association Stadium,Medium,False,True,15,2,2.5,20,8.0,20,208,188,17.5,10.742857142857142,0,10,Medium
2.4,2,4,16,Ishant Sharma,Bowlers,David Warner,Batters,1,False,-0.5,33,Mohali,Punjab Cricket Association Stadium,Medium,False,True,16,2,2.6666666666666665,21,7.875,20,208,187,17.333333333333332,10.788461538461538,0,10,Medium
2.5,2,5,17,Ishant Sharma,Bowlers,Shikhar Dhawan,Batters,0,False,1.0,33,Mohali,Punjab Cricket Association Stadium,Medium,False,True,17,2,2.833333333333333,21,7.411764705882352,20,208,187,17.166666666666668,10.893203883495143,0,10,Medium
2.6,2,6,18,Ishant Sharma,Bowlers,Shikhar Dhawan,Batters,1,False,-0.5,33,Mohali,Punjab Cricket Association Stadium,Medium,False,True,18,2,3.0,22,7.333333333333333,20,208,186,17.0,10.941176470588236,0,10,Medium
3.1,3,1,19,Mohit Sharma,Bowlers,Shikhar Dhawan,Batters,1,False,-0.5,33,Mohali,Punjab Cricket Association Stadium,Medium,False,True,19,3,3.1666666666666665,23,7.263157894736842,20,208,185,16.833333333333332,10.990099009900993,0,10,Medium
3.2,3,2,20,Mohit Sharma,Bowlers,David Warner,Batters,0,False,1.0,33,Mohali,Punjab Cricket Association Stadium,Medium,False,True,20,3,3.333333333333333,23,6.9,20,208,185,16.666666666666668,11.1,0,10,Medium
3.3,3,3,21,Mohit Sharma,Bowlers,David Warner,Batters,4,False,-2.0,33,Mohali,Punjab Cricket Association Stadium,Medium,False,True,21,3,3.5,27,7.714285714285714,20,208,181,16.5,10.969696969696969,0,10,Medium
3.4,3,4,22,Mohit Sharma,Bowlers,David Warner,Batters,1,False,-0.5,33,Mohali,Punjab Cricket Association Stadium,Medium,False,True,22,3,3.6666666666666665,28,7.636363636363637,20,208,180,16.333333333333332,11.020408163265309,0,10,Medium
3.5,3,5,23,Mohit Sharma,Bowlers,Shikhar Dhawan,Batters,4,False,-2.0,33,Mohali,Punjab Cricket Association Stadium,Medium,False,True,23,3,3.8333333333333335,32,8.347826086956522,20,208,176,16.166666666666668,10.886597938144329,0,10,Medium
3.6,3,6,24,Mohit Sharma,Bowlers,Shikhar Dhawan,Batters,1,False,-0.5,33,Mohali,Punjab Cricket Association Stadium,Medium,False,True,24,3,4.0,33,8.25,20,208,175,16.0,10.9375,0,10,Medium
4.1,4,1,25,Axar Patel,All-Rounders,Shikhar Dhawan,Batters,1,False,-0.5,33,Mohali,Punjab Cricket Association Stadium,Medium,False,True,25,4,4.166666666666667,34,8.16,20,208,174,15.833333333333332,10.989473684210529,0,10,Medium
4.2,4,2,26,Axar Patel,All-Rounders,David Warner,Batters,0,False,1.0,33,Mohali,Punjab Cricket Association Stadium,Medium,False,True,26,4,4.333333333333333,34,7.846153846153847,20,208,174,15.666666666666668,11.106382978723405,0,10,Medium
4.3,4,3,27,Axar Patel,All-Rounders,David Warner,Batters,4,False,-2.0,33,Mohali,Punjab Cricket Association Stadium,Medium,False,True,27,4,4.5,38,8.444444444444445,20,208,170,15.5,10.96774193548387,0,10,Medium
4.4,4,4,28,Axar Patel,All-Rounders,David Warner,Batters,6,False,-3.0,33,Mohali,Punjab Cricket Association Stadium,Medium,False,True,28,4,4.666666666666667,44,9.428571428571429,20,208,164,15.333333333333332,10.695652173913045,0,10,Medium
4.5,4,5,29,Axar Patel,All-Rounders,David Warner,Batters,6,False,-3.0,33,Mohali,Punjab Cricket Association Stadium,Medium,False,True,29,4,4.833333333333333,50,10.344827586206897,20,208,158,15.166666666666668,10.417582417582416,0,10,Medium
4.6,4,6,30,Axar Patel,All-Rounders,David Warner,Batters,0,False,1.0,33,Mohali,Punjab Cricket Association Stadium,Medium,False,True,30,4,5.0,50,10.0,20,208,158,15.0,10.533333333333331,0,10,Medium
5.1,5,1,31,Ishant Sharma,Bowlers,Shikhar Dhawan,Batters,4,False,-2.0,33,Mohali,Punjab Cricket Association Stadium,Medium,False,True,31,5,5.166666666666667,54,10.451612903225806,20,208,154,14.833333333333332,10.382022471910114,0,10,Medium
5.2,5,2,32,Ishant Sharma,Bowlers,Shikhar Dhawan,Batters,1,False,-0.5,33,Mohali,Punjab Cricket Association Stadium,Medium,False,True,32,5,5.333333333333333,55,10.3125,20,208,153,14.666666666666668,10.431818181818182,0,10,Medium
5.3,5,3,33,Ishant Sharma,Bowlers,David Warner,Batters,1,False,-0.5,33,Mohali,Punjab Cricket Association Stadium,Medium,False,True,33,5,5.5,56,10.181818181818182,20,208,152,14.5,10.482758620689657,0,10,Medium
5.4,5,4,34,Ishant Sharma,Bowlers,Shikhar Dhawan,Batters,2,False,-1.0,33,Mohali,Punjab Cricket Association Stadium,Medium,False,True,34,5,5.666666666666667,58,10.235294117647058,20,208,150,14.333333333333332,10.465116279069768,0,10,Medium
5.5,5,5,35,Ishant Sharma,Bowlers,Shikhar Dhawan,Batters,0,False,1.0,33,Mohali,Punjab Cricket Association Stadium,Medium,False,True,35,5,5.833333333333333,58,9.942857142857145,20,208,150,14.166666666666668,10.588235294117649,0,10,Medium
5.6,5,6,36,Ishant Sharma,Bowlers,Shikhar Dhawan,Batters,2,False,-1.0,33,Mohali,Punjab Cricket Association Stadium,Medium,False,True,36,5,6.0,60,10.0,20,208,148,14.0,10.571428571428571,0,10,Medium
6.1,6,1,37,KC Cariappa,Bowlers,David Warner,Batters,1,False,-0.5,33,Mohali,Punjab Cricket Association Stadium,Medium,False,True,37,6,6.166666666666667,61,9.891891891891891,20,208,147,13.833333333333332,10.626506024096386,0,10,Medium
6.2,6,2,38,KC Cariappa,Bowlers,Shikhar Dhawan,Batters,0,False,1.0,33,Mohali,Punjab Cricket Association Stadium,Medium,False,True,38,6,6.333333333333333,61,9.63157894736842,20,208,147,13.666666666666668,10.75609756097561,0,10,Medium
6.3,6,3,39,KC Cariappa,Bowlers,Shikhar Dhawan,Batters,4,False,-2.0,33,Mohali,Punjab Cricket Association Stadium,Medium,False,True,39,6,6.5,65,10.0,20,208,143,13.5,10.592592592592592,0,10,Medium
6.4,6,4,40,KC Cariappa,Bowlers,Shikhar Dhawan,Batters,1,False,-0.5,33,Mohali,Punjab Cricket Association Stadium,Medium,False,True,40,6,6.666666666666667,66,9.9,20,208,142,13.333333333333332,10.65,0,10,Medium
6.5,6,5,41,KC Cariappa,Bowlers,David Warner,Batters,0,False,1.0,33,Mohali,Punjab Cricket Association Stadium,Medium,False,True,41,6,6.833333333333333,66,9.658536585365852,20,208,142,13.166666666666668,10.784810126582276,0,10,Medium
6.6,6,6,42,KC Cariappa,Bowlers,David Warner,Batters,6,False,-3.0,33,Mohali,Punjab Cricket Association Stadium,Medium,False,True,42,6,7.0,72,10.285714285714286,20,208,136,13.0,10.461538461538462,0,10,Medium
7.1,7,1,43,Glenn Maxwell,All-Rounders,Shikhar Dhawan,Batters,1,False,-0.5,33,Mohali,Punjab Cricket Association Stadium,Medium,False,True,43,7,7.166666666666667,73,10.186046511627907,20,208,135,12.833333333333332,10.51948051948052,0,10,Medium
7.2,7,2,44,Glenn Maxwell,All-Rounders,David Warner,Batters,6,False,-3.0,33,Mohali,Punjab Cricket Association Stadium,Medium,False,True,44,7,7.333333333333333,79,10.772727272727272,20,208,129,12.666666666666668,10.18421052631579,0,10,Medium
7.3,7,3,45,Glenn Maxwell,All-Rounders,David Warner,Batters,1,False,-0.5,33,Mohali,Punjab Cricket Association Stadium,Medium,False,True,45,7,7.5,80,10.666666666666666,20,208,128,12.5,10.24,0,10,Medium
7.4,7,4,46,Glenn Maxwell,All-Rounders,Shikhar Dhawan,Batters,2,False,-1.0,33,Mohali,Punjab Cricket Association Stadium,Medium,False,True,46,7,7.666666666666667,82,10.695652173913045,20,208,126,12.333333333333332,10.216216216216218,0,10,Medium
7.5,7,5,47,Glenn Maxwell,All-Rounders,Shikhar Dhawan,Batters,1,False,-0.5,33,Mohali,Punjab Cricket Association Stadium,Medium,False,True,47,7,7.833333333333333,83,10.595744680851064,20,208,125,12.166666666666668,10.273972602739724,0,10,Medium
7.6,7,6,48,Glenn Maxwell,All-Rounders,David Warner,Batters,0,False,1.0,33,Mohali,Punjab Cricket Association Stadium,Medium,False,True,48,7,8.0,83,10.375,20,208,125,12.0,10.416666666666666,0,10,Medium
8.1,8,1,49,Anureet Singh,Bowlers,Shikhar Dhawan,Batters,4,False,-2.0,33,Mohali,Punjab Cricket Association Stadium,Medium,False,True,49,8,8.166666666666666,87,10.653061224489797,20,208,121,11.833333333333334,10.225352112676056,0,10,Medium
8.2,8,2,50,Anureet Singh,Bowlers,Shikhar Dhawan,Batters,2,False,-1.0,33,Mohali,Punjab Cricket Association Stadium,Medium,False,True,50,8,8.333333333333334,89,10.68,20,208,119,11.666666666666666,10.2,0,10,Medium
8.3,8,3,51,Anureet Singh,Bowlers,Shikhar Dhawan,Batters,1,False,-0.5,33,Mohali,Punjab Cricket Association Stadium,Medium,False,True,51,8,8.5,90,10.588235294117649,20,208,118,11.5,10.26086956521739,0,10,Medium
8.4,8,4,52,Anureet Singh,Bowlers,David Warner,Batters,4,False,-2.0,33,Mohali,Punjab Cricket Association Stadium,Medium,False,True,52,8,8.666666666666666,94,10.846153846153848,20,208,114,11.333333333333334,10.058823529411764,0,10,Medium
8.5,8,5,53,Anureet Singh,Bowlers,David Warner,Batters,4,False,-2.0,33,Mohali,Punjab Cricket Association Stadium,Medium,False,True,53,8,8.833333333333334,98,11.094339622641508,20,208,110,11.166666666666666,9.850746268656716,0,10,Medium
8.6,8,6,54,Anureet Singh,Bowlers,David Warner,Batters,1,False,-0.5,33,Mohali,Punjab Cricket Association Stadium,Medium,False,True,54,8,9.0,99,11.0,20,208,109,11.0,9.909090909090908,0,10,Medium
9.1,9,1,55,Glenn Maxwell,All-Rounders,David Warner,Batters,1,False,-0.5,33,Mohali,Punjab Cricket Association Stadium,Medium,False,True,55,9,9.166666666666666,100,10.90909090909091,20,208,108,10.833333333333334,9.96923076923077,0,10,Medium
9.2,9,2,56,Glenn Maxwell,All-Rounders,Shikhar Dhawan,Batters,1,False,-0.5,33,Mohali,Punjab Cricket Association Stadium,Medium,False,True,56,9,9.333333333333334,101,10.821428571428571,20,208,107,10.666666666666666,10.03125,0,10,Medium
9.3,9,3,57,Glenn Maxwell,All-Rounders,David Warner,Batters,1,False,-0.5,33,Mohali,Punjab Cricket Association Stadium,Medium,False,True,57,9,9.5,102,10.736842105263158,20,208,106,10.5,10.095238095238097,0,10,Medium
9.4,9,4,58,Glenn Maxwell,All-Rounders,Shikhar Dhawan,Batters,4,False,-2.0,33,Mohali,Punjab Cricket Association Stadium,Medium,False,True,58,9,9.666666666666666,106,10.965517241379311,20,208,102,10.333333333333334,9.870967741935484,0,10,Medium
9.5,9,5,59,Glenn Maxwell,All-Rounders,Shikhar Dhawan,Batters,1,False,-0.5,33,Mohali,Punjab Cricket Association Stadium,Medium,False,True,59,9,9.833333333333334,107,10.88135593220339,20,208,101,10.166666666666666,9.934426229508198,0,10,Medium
9.6,9,6,60,Glenn Maxwell,All-Rounders,David Warner,Batters,0,True,5.0,33,Mohali,Punjab Cricket Association Stadium,Medium,False,True,60,9,10.0,107,10.7,20,208,101,10.0,10.1,1,9,Medium
10.1,10,1,61,Axar Patel,All-Rounders,Shikhar Dhawan,Batters,1,False,-0.5,33,Mohali,Punjab Cricket Association Stadium,Medium,False,True,61,10,10.166666666666666,108,10.622950819672132,20,208,100,9.833333333333334,10.169491525423728,1,9,Medium
10.2,10,2,62,Axar Patel,All-Rounders,Kane Williamson,Batters,1,False,-0.5,33,Mohali,Punjab Cricket Association Stadium,Medium,False,True,62,10,10.333333333333334,109,10.548387096774192,20,208,99,9.666666666666666,10.241379310344827,1,9,Medium
10.3,10,3,63,Axar Patel,All-Rounders,Shikhar Dhawan,Batters,1,False,-0.5,33,Mohali,Punjab Cricket Association Stadium,Medium,False,True,63,10,10.5,110,10.476190476190476,20,208,98,9.5,10.31578947368421,1,9,Medium
10.4,10,4,64,Axar Patel,All-Rounders,Kane Williamson,Batters,1,False,-0.5,33,Mohali,Punjab Cricket Association Stadium,Medium,False,True,64,10,10.666666666666666,111,10.40625,20,208,97,9.333333333333334,10.392857142857142,1,9,Medium
10.5,10,5,65,Axar Patel,All-Rounders,Shikhar Dhawan,Batters,1,False,-0.5,33,Mohali,Punjab Cricket Association Stadium,Medium,False,True,65,10,10.833333333333334,112,10.338461538461535,20,208,96,9.166666666666666,10.472727272727273,1,9,Medium
10.6,10,6,66,Axar Patel,All-Rounders,Kane Williamson,Batters,1,False,-0.5,33,Mohali,Punjab Cricket Association Stadium,Medium,False,True,66,10,11.0,113,10.272727272727272,20,208,95,9.0,10.555555555555555,1,9,Medium
11.1,11,1,67,KC Cariappa,Bowlers,Kane Williamson,Batters,1,False,-0.5,33,Mohali,Punjab Cricket Association Stadium,Medium,False,True,67,11,11.166666666666666,114,10.208955223880595,20,208,94,8.833333333333334,10.641509433962264,1,9,Medium
11.2,11,2,68,KC Cariappa,Bowlers,Shikhar Dhawan,Batters,1,False,-0.5,33,Mohali,Punjab Cricket Association Stadium,Medium,False,True,68,11,11.333333333333334,115,10.147058823529411,20,208,93,8.666666666666666,10.730769230769232,1,9,Medium
11.3,11,3,69,KC Cariappa,Bowlers,Kane Williamson,Batters,1,False,-0.5,33,Mohali,Punjab Cricket Association Stadium,Medium,False,True,69,11,11.5,116,10.08695652173913,20,208,92,8.5,10.823529411764708,1,9,Medium
11.4,11,4,70,KC Cariappa,Bowlers,Shikhar Dhawan,Batters,1,False,-1.0,33,Mohali,Punjab Cricket Association Stadium,Medium,True,False,69,11,11.5,117,10.173913043478262,20,208,91,8.5,10.705882352941176,1,9,Medium
11.4,11,4,71,KC Cariappa,Bowlers,Shikhar Dhawan,Batters,1,False,-0.5,33,Mohali,Punjab Cricket Association Stadium,Medium,False,True,70,11,11.666666666666666,118,10.114285714285716,20,208,90,8.333333333333334,10.8,1,9,Medium
11.5,11,5,72,KC Cariappa,Bowlers,Kane Williamson,Batters,1,False,-0.5,33,Mohali,Punjab Cricket Association Stadium,Medium,False,True,71,11,11.833333333333334,119,10.056338028169014,20,208,89,8.166666666666666,10.89795918367347,1,9,Medium
11.6,11,6,73,KC Cariappa,Bowlers,Shikhar Dhawan,Batters,1,False,-0.5,33,Mohali,Punjab Cricket Association Stadium,Medium,False,True,72,11,12.0,120,10.0,20,208,88,8.0,11.0,1,9,Medium
12.1,12,1,74,Axar Patel,All-Rounders,Shikhar Dhawan,Batters,1,False,-0.5,33,Mohali,Punjab Cricket Association Stadium,Medium,False,True,73,12,12.166666666666666,121,9.945205479452056,20,208,87,7.833333333333334,11.106382978723405,1,9,Medium
12.2,12,2,75,,,,,0,False,0.0,33,Mohali,Punjab Cricket Association Stadium,Medium,False,True,74,12,12.333333333333334,121,9.81081081081081,20,208,87,7.666666666666666,11.347826086956523,1,9,Medium
12.3,12,3,76,Axar Patel,All-Rounders,Kane Williamson,Batters,2,False,-1.0,33,Mohali,Punjab Cricket Association Stadium,Medium,False,True,75,12,12.5,123,9.84,20,208,85,7.5,11.333333333333334,1,9,Medium
12.4,12,4,77,Axar Patel,All-Rounders,Kane Williamson,Batters,1,False,-0.5,33,Mohali,Punjab Cricket Association Stadium,Medium,False,True,76,12,12.666666666666666,124,9.789473684210527,20,208,84,7.333333333333334,11.454545454545451,1,9,Medium
12.5,12,5,78,Axar Patel,All-Rounders,Shikhar Dhawan,Batters,1,False,-0.5,33,Mohali,Punjab Cricket Association Stadium,Medium,False,True,77,12,12.833333333333334,125,9.74025974025974,20,208,83,7.166666666666666,11.58139534883721,1,9,Medium
12.6,12,6,79,Axar Patel,All-Rounders,Kane Williamson,Batters,6,False,-3.0,33,Mohali,Punjab Cricket Association Stadium,Medium,False,True,78,12,13.0,131,10.076923076923077,20,208,77,7.0,11.0,1,9,Medium
13.1,13,1,80,KC Cariappa,Bowlers,Shikhar Dhawan,Batters,2,False,-1.0,33,Mohali,Punjab Cricket Association Stadium,Medium,False,True,79,13,13.166666666666666,133,10.10126582278481,20,208,75,6.833333333333334,10.97560975609756,1,9,Medium
13.2,13,2,81,KC Cariappa,Bowlers,Shikhar Dhawan,Batters,2,False,-1.0,33,Mohali,Punjab Cricket Association Stadium,Medium,False,True,80,13,13.333333333333334,135,10.125,20,208,73,6.666666666666666,10.95,1,9,Medium
13.3,13,3,82,KC Cariappa,Bowlers,Shikhar Dhawan,Batters,1,False,-0.5,33,Mohali,Punjab Cricket Association Stadium,Medium,False,True,81,13,13.5,136,10.074074074074074,20,208,72,6.5,11.076923076923077,1,9,Medium
13.4,13,4,83,KC Cariappa,Bowlers,Kane Williamson,Batters,1,False,-0.5,33,Mohali,Punjab Cricket Association Stadium,Medium,False,True,82,13,13.666666666666666,137,10.02439024390244,20,208,71,6.333333333333334,11.210526315789473,1,9,Medium
13.5,13,5,84,KC Cariappa,Bowlers,Shikhar Dhawan,Batters,1,False,-1.0,33,Mohali,Punjab Cricket Association Stadium,Medium,True,False,82,13,13.666666666666666,138,10.097560975609756,20,208,70,6.333333333333334,11.052631578947368,1,9,Medium
13.5,13,5,85,KC Cariappa,Bowlers,Shikhar Dhawan,Batters,4,False,-2.0,33,Mohali,Punjab Cricket Association Stadium,Medium,False,True,83,13,13.833333333333334,142,10.265060240963855,20,208,66,6.166666666666666,10.702702702702704,1,9,Medium
13.6,13,6,86,KC Cariappa,Bowlers,Shikhar Dhawan,Batters,1,False,-0.5,33,Mohali,Punjab Cricket Association Stadium,Medium,False,True,84,13,14.0,143,10.214285714285714,20,208,65,6.0,10.833333333333334,1,9,Medium
14.1,14,1,87,Mohit Sharma,Bowlers,Shikhar Dhawan,Batters,4,False,-2.0,33,Mohali,Punjab Cricket Association Stadium,Medium,False,True,85,14,14.166666666666666,147,10.376470588235296,20,208,61,5.833333333333334,10.457142857142856,1,9,Medium
14.2,14,2,88,Mohit Sharma,Bowlers,Shikhar Dhawan,Batters,0,True,5.0,33,Mohali,Punjab Cricket Association Stadium,Medium,False,True,86,14,14.333333333333334,147,10.255813953488373,20,208,61,5.666666666666666,10.764705882352942,2,8,Medium
14.3,14,3,89,Mohit Sharma,Bowlers,Kane Williamson,Batters,4,False,-2.0,33,Mohali,Punjab Cricket Association Stadium,Medium,False,True,87,14,14.5,151,10.413793103448276,20,208,57,5.5,10.363636363636363,2,8,Medium
14.4,14,4,90,Mohit Sharma,Bowlers,Kane Williamson,Batters,2,False,-1.0,33,Mohali,Punjab Cricket Association Stadium,Medium,False,True,88,14,14.666666666666666,153,10.431818181818182,20,208,55,5.333333333333334,10.312499999999998,2,8,Medium
14.5,14,5,91,Mohit Sharma,Bowlers,Kane Williamson,Batters,1,False,-0.5,33,Mohali,Punjab Cricket Association Stadium,Medium,False,True,89,14,14.833333333333334,154,10.382022471910112,20,208,54,5.166666666666666,10.451612903225808,2,8,Medium
14.6,14,6,92,Mohit Sharma,Bowlers,Yuvraj Singh,Batters,1,False,-0.5,33,Mohali,Punjab Cricket Association Stadium,Medium,False,True,90,14,15.0,155,10.333333333333334,20,208,53,5.0,10.6,2,8,Medium
15.1,15,1,93,Glenn Maxwell,All-Rounders,Yuvraj Singh,Batters,1,False,-0.5,33,Mohali,Punjab Cricket Association Stadium,Medium,False,True,91,15,15.166666666666666,156,10.285714285714286,20,208,52,4.833333333333334,10.75862068965517,2,8,Medium
15.2,15,2,94,Glenn Maxwell,All-Rounders,Kane Williamson,Batters,1,False,-0.5,33,Mohali,Punjab Cricket Association Stadium,Medium,False,True,92,15,15.333333333333334,157,10.239130434782608,20,208,51,4.666666666666666,10.92857142857143,2,8,Medium
15.3,15,3,95,Glenn Maxwell,All-Rounders,Yuvraj Singh,Batters,0,False,1.0,33,Mohali,Punjab Cricket Association Stadium,Medium,False,True,93,15,15.5,157,10.129032258064516,20,208,51,4.5,11.333333333333334,2,8,Medium
15.4,15,4,96,Glenn Maxwell,All-Rounders,Yuvraj Singh,Batters,0,False,1.0,33,Mohali,Punjab Cricket Association Stadium,Medium,False,True,94,15,15.666666666666666,157,10.02127659574468,20,208,51,4.333333333333334,11.769230769230768,2,8,Medium
15.5,15,5,97,Glenn Maxwell,All-Rounders,Yuvraj Singh,Batters,2,False,-1.0,33,Mohali,Punjab Cricket Association Stadium,Medium,False,True,95,15,15.833333333333334,159,10.042105263157897,20,208,49,4.166666666666666,11.760000000000002,2,8,Medium
15.6,15,6,98,Glenn Maxwell,All-Rounders,Yuvraj Singh,Batters,1,False,-0.5,33,Mohali,Punjab Cricket Association Stadium,Medium,False,True,96,15,16.0,160,10.0,20,208,48,4.0,12.0,2,8,Medium
16.1,16,1,99,KC Cariappa,Bowlers,Yuvraj Singh,Batters,4,False,-2.0,33,Mohali,Punjab Cricket Association Stadium,Medium,False,True,97,16,16.166666666666668,164,10.144329896907216,20,208,44,3.833333333333332,11.47826086956522,2,8,Medium
16.2,16,2,100,KC Cariappa,Bowlers,Yuvraj Singh,Batters,1,False,-0.5,33,Mohali,Punjab Cricket Association Stadium,Medium,False,True,98,16,16.333333333333332,165,10.10204081632653,20,208,43,3.666666666666668,11.727272727272725,2,8,Medium
16.3,16,3,101,KC Cariappa,Bowlers,Kane Williamson,Batters,1,False,-0.5,33,Mohali,Punjab Cricket Association Stadium,Medium,False,True,99,16,16.5,166,10.06060606060606,20,208,42,3.5,12.0,2,8,Medium
16.4,16,4,102,KC Cariappa,Bowlers,Yuvraj Singh,Batters,4,False,-2.0,33,Mohali,Punjab Cricket Association Stadium,Medium,False,True,100,16,16.666666666666668,170,10.2,20,208,38,3.333333333333332,11.400000000000004,2,8,Medium
16.5,16,5,103,KC Cariappa,Bowlers,Yuvraj Singh,Batters,0,False,1.0,33,Mohali,Punjab Cricket Association Stadium,Medium,False,True,101,16,16.833333333333332,170,10.0990099009901,20,208,38,3.166666666666668,11.999999999999996,2,8,Medium
16.6,16,6,104,KC Cariappa,Bowlers,Yuvraj Singh,Batters,1,False,-0.5,33,Mohali,Punjab Cricket Association Stadium,Medium,False,True,102,16,17.0,171,10.058823529411764,20,208,37,3.0,12.333333333333334,2,8,Medium
17.1,17,1,105,Glenn Maxwell,All-Rounders,Yuvraj Singh,Batters,0,True,5.0,33,Mohali,Punjab Cricket Association Stadium,Medium,False,True,103,17,17.166666666666668,171,9.96116504854369,20,208,37,2.833333333333332,13.05882352941177,3,7,Medium
17.2,17,2,106,Glenn Maxwell,All-Rounders,Kane Williamson,Batters,1,False,-0.5,33,Mohali,Punjab Cricket Association Stadium,Medium,False,True,104,17,17.333333333333332,172,9.923076923076923,20,208,36,2.666666666666668,13.499999999999996,3,7,Medium
17.3,17,3,107,Glenn Maxwell,All-Rounders,Moises Henriques,All-Rounders,1,False,-0.5,33,Mohali,Punjab Cricket Association Stadium,Medium,False,True,105,17,17.5,173,9.885714285714286,20,208,35,2.5,14.0,3,7,Medium
17.4,17,4,108,Glenn Maxwell,All-Rounders,Kane Williamson,Batters,1,False,-0.5,33,Mohali,Punjab Cricket Association Stadium,Medium,False,True,106,17,17.666666666666668,174,9.849056603773583,20,208,34,2.333333333333332,14.571428571428578,3,7,Medium
17.5,17,5,109,Glenn Maxwell,All-Rounders,Moises Henriques,All-Rounders,2,False,-1.0,33,Mohali,Punjab Cricket Association Stadium,Medium,False,True,107,17,17.833333333333332,176,9.869158878504674,20,208,32,2.166666666666668,14.76923076923076,3,7,Medium
17.6,17,6,110,Glenn Maxwell,All-Rounders,Moises Henriques,All-Rounders,0,False,1.0,33,Mohali,Punjab Cricket Association Stadium,Medium,False,True,108,17,18.0,176,9.77777777777778,20,208,32,2.0,16.0,3,7,Medium
18.1,18,1,111,Ishant Sharma,Bowlers,Kane Williamson,Batters,2,False,-1.0,33,Mohali,Punjab Cricket Association Stadium,Medium,False,True,109,18,18.166666666666668,178,9.798165137614678,20,208,30,1.833333333333332,16.363636363636374,3,7,Medium
18.2,18,2,112,Ishant Sharma,Bowlers,Kane Williamson,Batters,6,False,-3.0,33,Mohali,Punjab Cricket Association Stadium,Medium,False,True,110,18,18.33333333333333,184,10.036363636363635,20,208,24,1.666666666666668,14.39999999999999,3,7,Medium
18.3,18,3,113,Ishant Sharma,Bowlers,Kane Williamson,Batters,4,False,-2.0,33,Mohali,Punjab Cricket Association Stadium,Medium,False,True,111,18,18.5,188,10.16216216216216,20,208,20,1.5,13.333333333333334,3,7,Medium
18.4,18,4,114,Ishant Sharma,Bowlers,Kane Williamson,Batters,2,False,-1.0,33,Mohali,Punjab Cricket Association Stadium,Medium,False,True,112,18,18.666666666666668,190,10.178571428571429,20,208,18,1.333333333333332,13.500000000000012,3,7,Medium
18.5,18,5,115,Ishant Sharma,Bowlers,Kane Williamson,Batters,2,False,-1.0,33,Mohali,Punjab Cricket Association Stadium,Medium,False,True,113,18,18.83333333333333,192,10.194690265486726,20,208,16,1.166666666666668,13.7142857142857,3,7,Medium
18.6,18,6,116,Ishant Sharma,Bowlers,Kane Williamson,Batters,4,False,-2.0,33,Mohali,Punjab Cricket Association Stadium,Medium,False,True,114,18,19.0,196,10.31578947368421,20,208,12,1.0,12.0,3,7,Medium
19.1,19,1,117,Mohit Sharma,Bowlers,Moises Henriques,All-Rounders,1,False,-0.5,33,Mohali,Punjab Cricket Association Stadium,Medium,False,True,115,19,19.166666666666668,197,10.278260869565218,20,208,11,0.8333333333333321,13.20000000000002,3,7,Medium
19.2,19,2,118,Mohit Sharma,Bowlers,Kane Williamson,Batters,1,False,-0.5,33,Mohali,Punjab Cricket Association Stadium,Medium,False,True,116,19,19.33333333333333,198,10.241379310344827,20,208,10,0.6666666666666679,14.999999999999972,3,7,Medium
19.3,19,3,119,Mohit Sharma,Bowlers,Moises Henriques,All-Rounders,2,False,-1.0,33,Mohali,Punjab Cricket Association Stadium,Medium,False,True,117,19,19.5,200,10.256410256410255,20,208,8,0.5,16.0,3,7,Medium
19.4,19,4,120,Mohit Sharma,Bowlers,Moises Henriques,All-Rounders,1,False,-0.5,33,Mohali,Punjab Cricket Association Stadium,Medium,False,True,118,19,19.666666666666668,201,10.220338983050846,20,208,7,0.3333333333333321,21.000000000000075,3,7,Medium
19.5,19,5,121,Mohit Sharma,Bowlers,Kane Williamson,Batters,4,False,-2.0,33,Mohali,Punjab Cricket Association Stadium,Medium,False,True,119,19,19.83333333333333,205,10.336134453781511,20,208,3,0.1666666666666678,17.999999999999872,3,7,Medium
19.6,19,6,122,Mohit Sharma,Bowlers,Kane Williamson,Batters,2,False,-1.0,33,Mohali,Punjab Cricket Association Stadium,Medium,False,True,120,19,20.0,207,10.35,20,208,1,0.0,inf,3,7,Medium
