Ball Number,over,ball,Ball,bowler,bowler_role,batsman,batsman_role,Runs,is_wicket,bowler_score,match_id,city,stadium,Stadium_Type,is_extra,legal_delivery,legal_deliveries_count,overs_completed,overs_bowled,total_runs,current_run_rate,total_overs,target,runs_needed,overs_remaining,required_run_rate,wickets_fallen,wickets_in_hand,Ground_Type
0.1,0,1,1,Jasprit Bumrah,Bowlers,Aaron Finch,Batters,1,False,-0.25,35,Rajkot,Saurashtra Cricket Association Stadium,Small,False,True,1,0,0.1666666666666666,1,6.0,20,154,153,19.83333333333333,7.714285714285714,0,10,Small
0.1,0,1,2,Jasprit Bumrah,Bowlers,Aaron Finch,Batters,1,False,-1.0,35,Rajkot,Saurashtra Cricket Association Stadium,Small,True,False,1,0,0.1666666666666666,2,12.0,20,154,152,19.83333333333333,7.663865546218488,0,10,Small
0.1,0,1,3,James Faulkner,All-Rounders,Jos Buttler,Batters,1,False,-0.5,35,Rajkot,Saurashtra Cricket Association Stadium,Small,False,True,2,0,0.3333333333333333,3,9.0,20,154,151,19.666666666666668,7.677966101694915,0,10,Small
0.2,0,2,4,Jasprit Bumrah,Bowlers,Brendon McCullum,Batters,0,False,1.0,35,Rajkot,Saurashtra Cricket Association Stadium,Small,False,True,3,0,0.5,3,6.0,20,154,151,19.5,7.743589743589744,0,10,Small
0.2,0,2,5,Jasprit Bumrah,Bowlers,Brendon McCullum,Batters,1,False,-1.0,35,Rajkot,Saurashtra Cricket Association Stadium,Small,True,False,3,0,0.5,4,8.0,20,154,150,19.5,7.6923076923076925,0,10,Small
0.2,0,2,6,James Faulkner,All-Rounders,Kieron Pollard,All-Rounders,4,False,-2.0,35,Rajkot,Saurashtra Cricket Association Stadium,Small,False,True,4,0,0.6666666666666666,8,12.0,20,154,146,19.33333333333333,7.551724137931035,0,10,Small
0.3,0,3,7,Jasprit Bumrah,Bowlers,Brendon McCullum,Batters,1,False,-0.25,35,Rajkot,Saurashtra Cricket Association Stadium,Small,False,True,5,0,0.8333333333333334,9,10.8,20,154,145,19.166666666666668,7.565217391304348,0,10,Small
0.3,0,3,8,James Faulkner,All-Rounders,Kieron Pollard,All-Rounders,6,False,-3.0,35,Rajkot,Saurashtra Cricket Association Stadium,Small,False,True,6,0,1.0,15,15.0,20,154,139,19.0,7.315789473684211,0,10,Small
0.4,0,4,9,Jasprit Bumrah,Bowlers,Aaron Finch,Batters,0,False,1.0,35,Rajkot,Saurashtra Cricket Association Stadium,Small,False,True,7,1,1.1666666666666667,15,12.857142857142856,20,154,139,18.83333333333333,7.380530973451328,0,10,Small
0.4,0,4,10,James Faulkner,All-Rounders,Kieron Pollard,All-Rounders,0,True,5.0,35,Rajkot,Saurashtra Cricket Association Stadium,Small,False,True,8,1,1.3333333333333333,15,11.25,20,154,139,18.666666666666668,7.446428571428571,1,9,Small
0.5,0,5,11,Jasprit Bumrah,Bowlers,Aaron Finch,Batters,1,False,-0.5,35,Rajkot,Saurashtra Cricket Association Stadium,Small,False,True,9,1,1.5,16,10.666666666666666,20,154,138,18.5,7.45945945945946,1,9,Small
0.5,0,5,12,James Faulkner,All-Rounders,Jos Buttler,Batters,0,True,5.0,35,Rajkot,Saurashtra Cricket Association Stadium,Small,False,True,10,1,1.6666666666666663,16,9.6,20,154,138,18.33333333333333,7.527272727272727,2,8,Small
0.6,0,6,13,Jasprit Bumrah,Bowlers,Brendon McCullum,Batters,1,False,-0.5,35,Rajkot,Saurashtra Cricket Association Stadium,Small,False,True,11,1,1.8333333333333333,17,9.272727272727272,20,154,137,18.166666666666668,7.541284403669724,2,8,Small
