Ball Number,over,ball,Ball,bowler,bowler_role,batsman,batsman_role,Runs,is_wicket,bowler_score,match_id,city,stadium,Stadium_Type,is_extra,legal_delivery,legal_deliveries_count,overs_completed,overs_bowled,total_runs,current_run_rate,total_overs,target,runs_needed,overs_remaining,required_run_rate,wickets_fallen,wickets_in_hand,Ground_Type
0.1,0,1,1,Mohammed Shami,Bowlers,Martin Guptill,Batters,0,False,1.0,36,Mohali,Punjab Cricket Association Stadium,Medium,False,True,1,0,0.1666666666666666,0,0.0,20,68,68,19.83333333333333,3.428571428571429,0,10,Medium
0.2,0,2,2,Mohammed Shami,Bowlers,Martin Guptill,Batters,0,False,1.0,36,Mohali,Punjab Cricket Association Stadium,Medium,False,True,2,0,0.3333333333333333,0,0.0,20,68,68,19.666666666666668,3.4576271186440675,0,10,Medium
0.3,0,3,3,Mohammed Shami,Bowlers,Martin Guptill,Batters,4,False,-2.0,36,Mohali,Punjab Cricket Association Stadium,Medium,False,True,3,0,0.5,4,8.0,20,68,64,19.5,3.282051282051282,0,10,Medium
0.4,0,4,4,Mohammed Shami,Bowlers,Martin Guptill,Batters,0,False,1.0,36,Mohali,Punjab Cricket Association Stadium,Medium,False,True,4,0,0.6666666666666666,4,6.0,20,68,64,19.33333333333333,3.310344827586208,0,10,Medium
0.5,0,5,5,Mohammed Shami,Bowlers,Martin Guptill,Batters,0,False,1.0,36,Mohali,Punjab Cricket Association Stadium,Medium,False,True,5,0,0.8333333333333334,4,4.8,20,68,64,19.166666666666668,3.3391304347826085,0,10,Medium
0.6,0,6,6,Mohammed Shami,Bowlers,Martin Guptill,Batters,4,False,-2.0,36,Mohali,Punjab Cricket Association Stadium,Medium,False,True,6,0,1.0,8,8.0,20,68,60,19.0,3.1578947368421053,0,10,Medium
1.1,1,1,7,Kagiso Rabada,Bowlers,Hashim Amla,Batters,0,False,1.0,36,Mohali,Punjab Cricket Association Stadium,Medium,False,True,7,1,1.1666666666666667,8,6.857142857142857,20,68,60,18.83333333333333,3.185840707964602,0,10,Medium
1.2,1,2,8,Kagiso Rabada,Bowlers,Hashim Amla,Batters,0,False,1.0,36,Mohali,Punjab Cricket Association Stadium,Medium,False,True,8,1,1.3333333333333333,8,6.0,20,68,60,18.666666666666668,3.214285714285714,0,10,Medium
1.3,1,3,9,Kagiso Rabada,Bowlers,Hashim Amla,Batters,0,False,1.0,36,Mohali,Punjab Cricket Association Stadium,Medium,False,True,9,1,1.5,8,5.333333333333333,20,68,60,18.5,3.2432432432432434,0,10,Medium
1.4,1,4,10,Kagiso Rabada,Bowlers,Hashim Amla,Batters,1,False,-1.0,36,Mohali,Punjab Cricket Association Stadium,Medium,True,False,9,1,1.5,9,6.0,20,68,59,18.5,3.189189189189189,0,10,Medium
1.4,1,4,11,Kagiso Rabada,Bowlers,Hashim Amla,Batters,1,False,-0.5,36,Mohali,Punjab Cricket Association Stadium,Medium,False,True,10,1,1.6666666666666663,10,6.000000000000001,20,68,58,18.33333333333333,3.163636363636364,0,10,Medium
1.5,1,5,12,Kagiso Rabada,Bowlers,Martin Guptill,Batters,1,False,-0.5,36,Mohali,Punjab Cricket Association Stadium,Medium,False,True,11,1,1.8333333333333333,11,5.999999999999999,20,68,57,18.166666666666668,3.1376146788990824,0,10,Medium
1.6,1,6,13,Kagiso Rabada,Bowlers,Hashim Amla,Batters,4,False,-2.0,36,Mohali,Punjab Cricket Association Stadium,Medium,False,True,12,1,2.0,15,7.5,20,68,53,18.0,2.9444444444444446,0,10,Medium
2.1,2,1,14,Chris Morris,All-Rounders,Martin Guptill,Batters,1,False,-0.5,36,Mohali,Punjab Cricket Association Stadium,Medium,False,True,13,2,2.1666666666666665,16,7.384615384615385,20,68,52,17.833333333333332,2.91588785046729,0,10,Medium
2.2,2,2,15,Chris Morris,All-Rounders,Hashim Amla,Batters,0,False,1.0,36,Mohali,Punjab Cricket Association Stadium,Medium,False,True,14,2,2.333333333333333,16,6.857142857142857,20,68,52,17.666666666666668,2.943396226415094,0,10,Medium
2.3,2,3,16,Chris Morris,All-Rounders,Hashim Amla,Batters,0,False,1.0,36,Mohali,Punjab Cricket Association Stadium,Medium,False,True,15,2,2.5,16,6.4,20,68,52,17.5,2.9714285714285715,0,10,Medium
2.4,2,4,17,Chris Morris,All-Rounders,Hashim Amla,Batters,0,False,1.0,36,Mohali,Punjab Cricket Association Stadium,Medium,False,True,16,2,2.6666666666666665,16,6.0,20,68,52,17.333333333333332,3.0,0,10,Medium
2.5,2,5,18,Chris Morris,All-Rounders,Hashim Amla,Batters,0,False,1.0,36,Mohali,Punjab Cricket Association Stadium,Medium,False,True,17,2,2.833333333333333,16,5.647058823529411,20,68,52,17.166666666666668,3.029126213592233,0,10,Medium
2.6,2,6,19,Chris Morris,All-Rounders,Hashim Amla,Batters,1,False,-0.5,36,Mohali,Punjab Cricket Association Stadium,Medium,False,True,18,2,3.0,17,5.666666666666667,20,68,51,17.0,3.0,0,10,Medium
3.1,3,1,20,Kagiso Rabada,Bowlers,Hashim Amla,Batters,2,False,-1.0,36,Mohali,Punjab Cricket Association Stadium,Medium,False,True,19,3,3.1666666666666665,19,6.0,20,68,49,16.833333333333332,2.910891089108912,0,10,Medium
3.2,3,2,21,Kagiso Rabada,Bowlers,Hashim Amla,Batters,1,False,-0.5,36,Mohali,Punjab Cricket Association Stadium,Medium,False,True,20,3,3.333333333333333,20,6.0,20,68,48,16.666666666666668,2.88,0,10,Medium
3.3,3,3,22,Kagiso Rabada,Bowlers,Martin Guptill,Batters,0,False,1.0,36,Mohali,Punjab Cricket Association Stadium,Medium,False,True,21,3,3.5,20,5.714285714285714,20,68,48,16.5,2.909090909090909,0,10,Medium
3.4,3,4,23,Kagiso Rabada,Bowlers,Martin Guptill,Batters,4,False,-2.0,36,Mohali,Punjab Cricket Association Stadium,Medium,False,True,22,3,3.6666666666666665,24,6.545454545454546,20,68,44,16.333333333333332,2.6938775510204085,0,10,Medium
3.5,3,5,24,Kagiso Rabada,Bowlers,Martin Guptill,Batters,0,False,1.0,36,Mohali,Punjab Cricket Association Stadium,Medium,False,True,23,3,3.8333333333333335,24,6.260869565217391,20,68,44,16.166666666666668,2.721649484536082,0,10,Medium
3.6,3,6,25,Kagiso Rabada,Bowlers,Martin Guptill,Batters,4,False,-2.0,36,Mohali,Punjab Cricket Association Stadium,Medium,False,True,24,3,4.0,28,7.0,20,68,40,16.0,2.5,0,10,Medium
4.1,4,1,26,Chris Morris,All-Rounders,Hashim Amla,Batters,0,False,1.0,36,Mohali,Punjab Cricket Association Stadium,Medium,False,True,25,4,4.166666666666667,28,6.72,20,68,40,15.833333333333332,2.5263157894736845,0,10,Medium
4.2,4,2,27,Chris Morris,All-Rounders,Hashim Amla,Batters,3,False,-1.5,36,Mohali,Punjab Cricket Association Stadium,Medium,False,True,26,4,4.333333333333333,31,7.153846153846154,20,68,37,15.666666666666668,2.361702127659574,0,10,Medium
4.3,4,3,28,Chris Morris,All-Rounders,Martin Guptill,Batters,6,False,-3.0,36,Mohali,Punjab Cricket Association Stadium,Medium,False,True,27,4,4.5,37,8.222222222222221,20,68,31,15.5,2.0,0,10,Medium
4.4,4,4,29,Chris Morris,All-Rounders,Martin Guptill,Batters,0,False,1.0,36,Mohali,Punjab Cricket Association Stadium,Medium,False,True,28,4,4.666666666666667,37,7.928571428571428,20,68,31,15.333333333333332,2.0217391304347827,0,10,Medium
4.5,4,5,30,Chris Morris,All-Rounders,Martin Guptill,Batters,1,False,-0.5,36,Mohali,Punjab Cricket Association Stadium,Medium,False,True,29,4,4.833333333333333,38,7.862068965517242,20,68,30,15.166666666666668,1.9780219780219777,0,10,Medium
4.6,4,6,31,Chris Morris,All-Rounders,Hashim Amla,Batters,1,False,-0.5,36,Mohali,Punjab Cricket Association Stadium,Medium,False,True,30,4,5.0,39,7.8,20,68,29,15.0,1.933333333333333,0,10,Medium
5.1,5,1,32,Mohammed Shami,Bowlers,Hashim Amla,Batters,0,False,1.0,36,Mohali,Punjab Cricket Association Stadium,Medium,False,True,31,5,5.166666666666667,39,7.548387096774193,20,68,29,14.833333333333332,1.955056179775281,0,10,Medium
5.2,5,2,33,Mohammed Shami,Bowlers,Hashim Amla,Batters,1,False,-1.0,36,Mohali,Punjab Cricket Association Stadium,Medium,True,False,31,5,5.166666666666667,40,7.741935483870967,20,68,28,14.833333333333332,1.8876404494382024,0,10,Medium
5.2,5,2,34,Mohammed Shami,Bowlers,Hashim Amla,Batters,0,False,1.0,36,Mohali,Punjab Cricket Association Stadium,Medium,False,True,32,5,5.333333333333333,40,7.5,20,68,28,14.666666666666668,1.909090909090909,0,10,Medium
5.3,5,3,35,Mohammed Shami,Bowlers,Hashim Amla,Batters,1,False,-0.5,36,Mohali,Punjab Cricket Association Stadium,Medium,False,True,33,5,5.5,41,7.454545454545454,20,68,27,14.5,1.862068965517241,0,10,Medium
5.4,5,4,36,Mohammed Shami,Bowlers,Martin Guptill,Batters,4,False,-2.0,36,Mohali,Punjab Cricket Association Stadium,Medium,False,True,34,5,5.666666666666667,45,7.941176470588235,20,68,23,14.333333333333332,1.604651162790698,0,10,Medium
5.5,5,5,37,Mohammed Shami,Bowlers,Martin Guptill,Batters,4,False,-2.0,36,Mohali,Punjab Cricket Association Stadium,Medium,False,True,35,5,5.833333333333333,49,8.4,20,68,19,14.166666666666668,1.3411764705882352,0,10,Medium
5.6,5,6,38,Mohammed Shami,Bowlers,Martin Guptill,Batters,1,False,-0.5,36,Mohali,Punjab Cricket Association Stadium,Medium,False,True,36,5,6.0,50,8.333333333333334,20,68,18,14.0,1.2857142857142858,0,10,Medium
6.1,6,1,39,Amit Mishra,Bowlers,Martin Guptill,Batters,6,False,-3.0,36,Mohali,Punjab Cricket Association Stadium,Medium,False,True,37,6,6.166666666666667,56,9.08108108108108,20,68,12,13.833333333333332,0.8674698795180724,0,10,Medium
6.2,6,2,40,Amit Mishra,Bowlers,Martin Guptill,Batters,1,False,-0.5,36,Mohali,Punjab Cricket Association Stadium,Medium,False,True,38,6,6.333333333333333,57,9.0,20,68,11,13.666666666666668,0.8048780487804877,0,10,Medium
6.3,6,3,41,Amit Mishra,Bowlers,Hashim Amla,Batters,1,False,-0.5,36,Mohali,Punjab Cricket Association Stadium,Medium,False,True,39,6,6.5,58,8.923076923076923,20,68,10,13.5,0.7407407407407407,0,10,Medium
6.4,6,4,42,Amit Mishra,Bowlers,Martin Guptill,Batters,0,False,1.0,36,Mohali,Punjab Cricket Association Stadium,Medium,False,True,40,6,6.666666666666667,58,8.7,20,68,10,13.333333333333332,0.7500000000000001,0,10,Medium
6.5,6,5,43,Amit Mishra,Bowlers,Martin Guptill,Batters,0,False,1.0,36,Mohali,Punjab Cricket Association Stadium,Medium,False,True,41,6,6.833333333333333,58,8.487804878048781,20,68,10,13.166666666666668,0.7594936708860759,0,10,Medium
6.6,6,6,44,Amit Mishra,Bowlers,Martin Guptill,Batters,1,False,-0.5,36,Mohali,Punjab Cricket Association Stadium,Medium,False,True,42,6,7.0,59,8.428571428571429,20,68,9,13.0,0.6923076923076923,0,10,Medium
7.1,7,1,45,Shahbaz Nadeem,Bowlers,Martin Guptill,Batters,1,False,-0.5,36,Mohali,Punjab Cricket Association Stadium,Medium,False,True,43,7,7.166666666666667,60,8.372093023255813,20,68,8,12.833333333333332,0.6233766233766235,0,10,Medium
7.2,7,2,46,Shahbaz Nadeem,Bowlers,Hashim Amla,Batters,1,False,-0.5,36,Mohali,Punjab Cricket Association Stadium,Medium,False,True,44,7,7.333333333333333,61,8.318181818181818,20,68,7,12.666666666666668,0.5526315789473684,0,10,Medium
7.3,7,3,47,Shahbaz Nadeem,Bowlers,Martin Guptill,Batters,6,False,-3.0,36,Mohali,Punjab Cricket Association Stadium,Medium,False,True,45,7,7.5,67,8.933333333333334,20,68,1,12.5,0.08,0,10,Medium
7.4,7,4,48,Shahbaz Nadeem,Bowlers,Martin Guptill,Batters,0,False,1.0,36,Mohali,Punjab Cricket Association Stadium,Medium,False,True,46,7,7.666666666666667,67,8.739130434782608,20,68,1,12.333333333333332,0.081081081081081,0,10,Medium
7.5,7,5,49,Shahbaz Nadeem,Bowlers,Martin Guptill,Batters,1,False,-0.5,36,Mohali,Punjab Cricket Association Stadium,Medium,False,True,47,7,7.833333333333333,68,8.680851063829788,20,68,0,12.166666666666668,0.0,0,10,Medium
