Ball Number,over,ball,Ball,bowler,bowler_role,batsman,batsman_role,Runs,is_wicket,bowler_score,match_id,city,stadium,Stadium_Type,is_extra,legal_delivery,legal_deliveries_count,overs_completed,overs_bowled,total_runs,current_run_rate,total_overs,target,runs_needed,overs_remaining,required_run_rate,wickets_fallen,wickets_in_hand,Ground_Type
0.1,0,1,1,Pradeep Sangwan,Bowlers,Ajinkya Rahane,Batters,0,False,1.0,39,Pune,Maharashtra Cricket Association Stadium,Medium,False,True,1,0,0.1666666666666666,0,0.0,20,162,162,19.83333333333333,8.168067226890757,0,10,Medium
0.2,0,2,2,Pradeep Sangwan,Bowlers,Ajinkya Rahane,Batters,4,False,-2.0,39,Pune,Maharashtra Cricket Association Stadium,Medium,False,True,2,0,0.3333333333333333,4,12.0,20,162,158,19.666666666666668,8.033898305084746,0,10,Medium
0.3,0,3,3,Pradeep Sangwan,Bowlers,Ajinkya Rahane,Batters,0,False,1.0,39,Pune,Maharashtra Cricket Association Stadium,Medium,False,True,3,0,0.5,4,8.0,20,162,158,19.5,8.102564102564102,0,10,Medium
0.4,0,4,4,Pradeep Sangwan,Bowlers,Ajinkya Rahane,Batters,0,True,5.0,39,Pune,Maharashtra Cricket Association Stadium,Medium,False,True,4,0,0.6666666666666666,4,6.0,20,162,158,19.33333333333333,8.172413793103448,1,9,Medium
0.5,0,5,5,Pradeep Sangwan,Bowlers,Steven Smith,Batters,4,False,-2.0,39,Pune,Maharashtra Cricket Association Stadium,Medium,False,True,5,0,0.8333333333333334,8,9.6,20,162,154,19.166666666666668,8.034782608695652,1,9,Medium
0.6,0,6,6,Pradeep Sangwan,Bowlers,Steven Smith,Batters,0,True,5.0,39,Pune,Maharashtra Cricket Association Stadium,Medium,False,True,6,0,1.0,8,8.0,20,162,154,19.0,8.105263157894736,2,8,Medium
1.1,1,1,7,Basil Thampi,Bowlers,Rahul Tripathi,Batters,1,False,-0.5,39,Pune,Maharashtra Cricket Association Stadium,Medium,False,True,7,1,1.1666666666666667,9,7.7142857142857135,20,162,153,18.83333333333333,8.123893805309734,2,8,Medium
1.2,1,2,8,Basil Thampi,Bowlers,Manoj Tiwary,Batters,0,False,1.0,39,Pune,Maharashtra Cricket Association Stadium,Medium,False,True,8,1,1.3333333333333333,9,6.75,20,162,153,18.666666666666668,8.196428571428571,2,8,Medium
1.3,1,3,9,Basil Thampi,Bowlers,Manoj Tiwary,Batters,1,False,-1.0,39,Pune,Maharashtra Cricket Association Stadium,Medium,True,False,8,1,1.3333333333333333,10,7.5,20,162,152,18.666666666666668,8.142857142857142,2,8,Medium
1.3,1,3,10,Basil Thampi,Bowlers,Manoj Tiwary,Batters,0,True,5.0,39,Pune,Maharashtra Cricket Association Stadium,Medium,False,True,9,1,1.5,10,6.666666666666667,20,162,152,18.5,8.216216216216216,3,7,Medium
1.4,1,4,11,Basil Thampi,Bowlers,Ben Stokes,All-Rounders,0,False,1.0,39,Pune,Maharashtra Cricket Association Stadium,Medium,False,True,10,1,1.6666666666666663,10,6.000000000000001,20,162,152,18.33333333333333,8.290909090909091,3,7,Medium
1.5,1,5,12,Basil Thampi,Bowlers,Ben Stokes,All-Rounders,0,False,1.0,39,Pune,Maharashtra Cricket Association Stadium,Medium,False,True,11,1,1.8333333333333333,10,5.454545454545454,20,162,152,18.166666666666668,8.36697247706422,3,7,Medium
1.6,1,6,13,Basil Thampi,Bowlers,Ben Stokes,All-Rounders,1,False,-0.5,39,Pune,Maharashtra Cricket Association Stadium,Medium,False,True,12,1,2.0,11,5.5,20,162,151,18.0,8.38888888888889,3,7,Medium
2.1,2,1,14,Pradeep Sangwan,Bowlers,Ben Stokes,All-Rounders,0,False,1.0,39,Pune,Maharashtra Cricket Association Stadium,Medium,False,True,13,2,2.1666666666666665,11,5.0769230769230775,20,162,151,17.833333333333332,8.46728971962617,3,7,Medium
2.2,2,2,15,Pradeep Sangwan,Bowlers,Ben Stokes,All-Rounders,4,False,-2.0,39,Pune,Maharashtra Cricket Association Stadium,Medium,False,True,14,2,2.333333333333333,15,6.428571428571428,20,162,147,17.666666666666668,8.320754716981131,3,7,Medium
2.3,2,3,16,Pradeep Sangwan,Bowlers,Ben Stokes,All-Rounders,0,False,1.0,39,Pune,Maharashtra Cricket Association Stadium,Medium,False,True,15,2,2.5,15,6.0,20,162,147,17.5,8.4,3,7,Medium
2.4,2,4,17,Pradeep Sangwan,Bowlers,Ben Stokes,All-Rounders,0,False,1.0,39,Pune,Maharashtra Cricket Association Stadium,Medium,False,True,16,2,2.6666666666666665,15,5.625,20,162,147,17.333333333333332,8.480769230769232,3,7,Medium
2.5,2,5,18,Pradeep Sangwan,Bowlers,Ben Stokes,All-Rounders,1,False,-0.5,39,Pune,Maharashtra Cricket Association Stadium,Medium,False,True,17,2,2.833333333333333,16,5.647058823529411,20,162,146,17.166666666666668,8.504854368932039,3,7,Medium
2.5,2,5,19,Pradeep Sangwan,Bowlers,Ben Stokes,All-Rounders,1,False,-1.0,39,Pune,Maharashtra Cricket Association Stadium,Medium,True,False,17,2,2.833333333333333,17,6.0,20,162,145,17.166666666666668,8.446601941747572,3,7,Medium
2.6,2,6,20,Pradeep Sangwan,Bowlers,Rahul Tripathi,Batters,0,False,1.0,39,Pune,Maharashtra Cricket Association Stadium,Medium,False,True,18,2,3.0,17,5.666666666666667,20,162,145,17.0,8.529411764705882,3,7,Medium
3.1,3,1,21,Basil Thampi,Bowlers,Ben Stokes,All-Rounders,4,False,-2.0,39,Pune,Maharashtra Cricket Association Stadium,Medium,False,True,19,3,3.1666666666666665,21,6.631578947368421,20,162,141,16.833333333333332,8.376237623762377,3,7,Medium
3.2,3,2,22,Basil Thampi,Bowlers,Ben Stokes,All-Rounders,0,False,1.0,39,Pune,Maharashtra Cricket Association Stadium,Medium,False,True,20,3,3.333333333333333,21,6.3,20,162,141,16.666666666666668,8.459999999999999,3,7,Medium
3.3,3,3,23,Basil Thampi,Bowlers,Ben Stokes,All-Rounders,1,False,-0.5,39,Pune,Maharashtra Cricket Association Stadium,Medium,False,True,21,3,3.5,22,6.285714285714286,20,162,140,16.5,8.484848484848484,3,7,Medium
3.4,3,4,24,Basil Thampi,Bowlers,Rahul Tripathi,Batters,0,False,1.0,39,Pune,Maharashtra Cricket Association Stadium,Medium,False,True,22,3,3.6666666666666665,22,6.0,20,162,140,16.333333333333332,8.571428571428571,3,7,Medium
3.5,3,5,25,Basil Thampi,Bowlers,Rahul Tripathi,Batters,1,False,-0.5,39,Pune,Maharashtra Cricket Association Stadium,Medium,False,True,23,3,3.8333333333333335,23,6.0,20,162,139,16.166666666666668,8.597938144329897,3,7,Medium
3.6,3,6,26,Basil Thampi,Bowlers,Ben Stokes,All-Rounders,1,False,-0.5,39,Pune,Maharashtra Cricket Association Stadium,Medium,False,True,24,3,4.0,24,6.0,20,162,138,16.0,8.625,3,7,Medium
4.1,4,1,27,Pradeep Sangwan,Bowlers,Ben Stokes,All-Rounders,2,False,-1.0,39,Pune,Maharashtra Cricket Association Stadium,Medium,False,True,25,4,4.166666666666667,26,6.239999999999999,20,162,136,15.833333333333332,8.589473684210526,3,7,Medium
4.2,4,2,28,Pradeep Sangwan,Bowlers,Ben Stokes,All-Rounders,6,False,-3.0,39,Pune,Maharashtra Cricket Association Stadium,Medium,False,True,26,4,4.333333333333333,32,7.384615384615385,20,162,130,15.666666666666668,8.297872340425531,3,7,Medium
4.3,4,3,29,Pradeep Sangwan,Bowlers,Ben Stokes,All-Rounders,1,False,-0.5,39,Pune,Maharashtra Cricket Association Stadium,Medium,False,True,27,4,4.5,33,7.333333333333333,20,162,129,15.5,8.32258064516129,3,7,Medium
4.4,4,4,30,Pradeep Sangwan,Bowlers,Rahul Tripathi,Batters,4,False,-2.0,39,Pune,Maharashtra Cricket Association Stadium,Medium,False,True,28,4,4.666666666666667,37,7.928571428571428,20,162,125,15.333333333333332,8.152173913043478,3,7,Medium
4.5,4,5,31,Pradeep Sangwan,Bowlers,Rahul Tripathi,Batters,0,False,1.0,39,Pune,Maharashtra Cricket Association Stadium,Medium,False,True,29,4,4.833333333333333,37,7.655172413793104,20,162,125,15.166666666666668,8.241758241758241,3,7,Medium
4.6,4,6,32,Pradeep Sangwan,Bowlers,Rahul Tripathi,Batters,0,False,1.0,39,Pune,Maharashtra Cricket Association Stadium,Medium,False,True,30,4,5.0,37,7.4,20,162,125,15.0,8.333333333333334,3,7,Medium
5.1,5,1,33,James Faulkner,All-Rounders,Ben Stokes,All-Rounders,0,False,1.0,39,Pune,Maharashtra Cricket Association Stadium,Medium,False,True,31,5,5.166666666666667,37,7.161290322580645,20,162,125,14.833333333333332,8.426966292134832,3,7,Medium
5.2,5,2,34,James Faulkner,All-Rounders,Ben Stokes,All-Rounders,4,False,-2.0,39,Pune,Maharashtra Cricket Association Stadium,Medium,False,True,32,5,5.333333333333333,41,7.6875,20,162,121,14.666666666666668,8.25,3,7,Medium
5.3,5,3,35,James Faulkner,All-Rounders,Ben Stokes,All-Rounders,0,True,5.0,39,Pune,Maharashtra Cricket Association Stadium,Medium,False,True,33,5,5.5,41,7.454545454545454,20,162,121,14.5,8.344827586206897,4,6,Medium
5.4,5,4,36,James Faulkner,All-Rounders,Ben Stokes,All-Rounders,0,False,1.0,39,Pune,Maharashtra Cricket Association Stadium,Medium,False,True,34,5,5.666666666666667,41,7.235294117647059,20,162,121,14.333333333333332,8.44186046511628,4,6,Medium
5.5,5,5,37,James Faulkner,All-Rounders,Ben Stokes,All-Rounders,0,False,1.0,39,Pune,Maharashtra Cricket Association Stadium,Medium,False,True,35,5,5.833333333333333,41,7.028571428571429,20,162,121,14.166666666666668,8.541176470588235,4,6,Medium
5.6,5,6,38,James Faulkner,All-Rounders,Ben Stokes,All-Rounders,1,False,-0.5,39,Pune,Maharashtra Cricket Association Stadium,Medium,False,True,36,5,6.0,42,7.0,20,162,120,14.0,8.571428571428571,4,6,Medium
6.1,6,1,39,Ankit Soni,All-Rounders,Ben Stokes,All-Rounders,2,False,-1.0,39,Pune,Maharashtra Cricket Association Stadium,Medium,False,True,37,6,6.166666666666667,44,7.135135135135135,20,162,118,13.833333333333332,8.530120481927712,4,6,Medium
6.2,6,2,40,Ankit Soni,All-Rounders,Ben Stokes,All-Rounders,1,False,-0.5,39,Pune,Maharashtra Cricket Association Stadium,Medium,False,True,38,6,6.333333333333333,45,7.105263157894737,20,162,117,13.666666666666668,8.560975609756097,4,6,Medium
6.3,6,3,41,Ankit Soni,All-Rounders,MS Dhoni,Batters,0,False,1.0,39,Pune,Maharashtra Cricket Association Stadium,Medium,False,True,39,6,6.5,45,6.923076923076923,20,162,117,13.5,8.666666666666666,4,6,Medium
6.4,6,4,42,Ankit Soni,All-Rounders,MS Dhoni,Batters,0,False,1.0,39,Pune,Maharashtra Cricket Association Stadium,Medium,False,True,40,6,6.666666666666667,45,6.75,20,162,117,13.333333333333332,8.775,4,6,Medium
6.5,6,5,43,Ankit Soni,All-Rounders,MS Dhoni,Batters,0,False,1.0,39,Pune,Maharashtra Cricket Association Stadium,Medium,False,True,41,6,6.833333333333333,45,6.585365853658537,20,162,117,13.166666666666668,8.886075949367088,4,6,Medium
6.6,6,6,44,Ankit Soni,All-Rounders,MS Dhoni,Batters,1,False,-0.5,39,Pune,Maharashtra Cricket Association Stadium,Medium,False,True,42,6,7.0,46,6.571428571428571,20,162,116,13.0,8.923076923076923,4,6,Medium
7.1,7,1,45,Ravindra Jadeja,All-Rounders,MS Dhoni,Batters,4,False,-2.0,39,Pune,Maharashtra Cricket Association Stadium,Medium,False,True,43,7,7.166666666666667,50,6.976744186046512,20,162,112,12.833333333333332,8.727272727272728,4,6,Medium
7.2,7,2,46,Ravindra Jadeja,All-Rounders,MS Dhoni,Batters,0,False,1.0,39,Pune,Maharashtra Cricket Association Stadium,Medium,False,True,44,7,7.333333333333333,50,6.818181818181818,20,162,112,12.666666666666668,8.842105263157894,4,6,Medium
7.3,7,3,47,Ravindra Jadeja,All-Rounders,MS Dhoni,Batters,0,False,1.0,39,Pune,Maharashtra Cricket Association Stadium,Medium,False,True,45,7,7.5,50,6.666666666666667,20,162,112,12.5,8.96,4,6,Medium
7.4,7,4,48,Ravindra Jadeja,All-Rounders,MS Dhoni,Batters,0,False,1.0,39,Pune,Maharashtra Cricket Association Stadium,Medium,False,True,46,7,7.666666666666667,50,6.521739130434782,20,162,112,12.333333333333332,9.081081081081082,4,6,Medium
7.5,7,5,49,,,,,0,False,0.0,39,Pune,Maharashtra Cricket Association Stadium,Medium,False,True,47,7,7.833333333333333,50,6.382978723404255,20,162,112,12.166666666666668,9.205479452054794,4,6,Medium
7.6,7,6,50,Ravindra Jadeja,All-Rounders,MS Dhoni,Batters,0,False,1.0,39,Pune,Maharashtra Cricket Association Stadium,Medium,False,True,48,7,8.0,50,6.25,20,162,112,12.0,9.333333333333334,4,6,Medium
8.1,8,1,51,Ankit Soni,All-Rounders,Ben Stokes,All-Rounders,0,False,1.0,39,Pune,Maharashtra Cricket Association Stadium,Medium,False,True,49,8,8.166666666666666,50,6.122448979591837,20,162,112,11.833333333333334,9.464788732394366,4,6,Medium
8.2,8,2,52,Ankit Soni,All-Rounders,Ben Stokes,All-Rounders,0,False,1.0,39,Pune,Maharashtra Cricket Association Stadium,Medium,False,True,50,8,8.333333333333334,50,6.0,20,162,112,11.666666666666666,9.6,4,6,Medium
8.3,8,3,53,Ankit Soni,All-Rounders,Ben Stokes,All-Rounders,0,False,1.0,39,Pune,Maharashtra Cricket Association Stadium,Medium,False,True,51,8,8.5,50,5.882352941176471,20,162,112,11.5,9.73913043478261,4,6,Medium
8.4,8,4,54,Ankit Soni,All-Rounders,Ben Stokes,All-Rounders,1,False,-0.5,39,Pune,Maharashtra Cricket Association Stadium,Medium,False,True,52,8,8.666666666666666,51,5.884615384615385,20,162,111,11.333333333333334,9.794117647058822,4,6,Medium
8.5,8,5,55,Ankit Soni,All-Rounders,MS Dhoni,Batters,0,False,1.0,39,Pune,Maharashtra Cricket Association Stadium,Medium,False,True,53,8,8.833333333333334,51,5.773584905660377,20,162,111,11.166666666666666,9.940298507462687,4,6,Medium
8.6,8,6,56,Ankit Soni,All-Rounders,MS Dhoni,Batters,0,False,1.0,39,Pune,Maharashtra Cricket Association Stadium,Medium,False,True,54,8,9.0,51,5.666666666666667,20,162,111,11.0,10.090909090909092,4,6,Medium
9.1,9,1,57,Ravindra Jadeja,All-Rounders,Ben Stokes,All-Rounders,0,False,1.0,39,Pune,Maharashtra Cricket Association Stadium,Medium,False,True,55,9,9.166666666666666,51,5.563636363636364,20,162,111,10.833333333333334,10.246153846153844,4,6,Medium
9.2,9,2,58,Ravindra Jadeja,All-Rounders,Ben Stokes,All-Rounders,6,False,-3.0,39,Pune,Maharashtra Cricket Association Stadium,Medium,False,True,56,9,9.333333333333334,57,6.107142857142857,20,162,105,10.666666666666666,9.84375,4,6,Medium
9.3,9,3,59,Ravindra Jadeja,All-Rounders,Ben Stokes,All-Rounders,6,False,-3.0,39,Pune,Maharashtra Cricket Association Stadium,Medium,False,True,57,9,9.5,63,6.631578947368421,20,162,99,10.5,9.428571428571429,4,6,Medium
9.4,9,4,60,Ravindra Jadeja,All-Rounders,Ben Stokes,All-Rounders,0,False,1.0,39,Pune,Maharashtra Cricket Association Stadium,Medium,False,True,58,9,9.666666666666666,63,6.517241379310345,20,162,99,10.333333333333334,9.580645161290322,4,6,Medium
9.5,9,5,61,Ravindra Jadeja,All-Rounders,Ben Stokes,All-Rounders,2,False,-1.0,39,Pune,Maharashtra Cricket Association Stadium,Medium,False,True,59,9,9.833333333333334,65,6.610169491525423,20,162,97,10.166666666666666,9.540983606557376,4,6,Medium
9.6,9,6,62,Ravindra Jadeja,All-Rounders,Ben Stokes,All-Rounders,1,False,-0.5,39,Pune,Maharashtra Cricket Association Stadium,Medium,False,True,60,9,10.0,66,6.6,20,162,96,10.0,9.6,4,6,Medium
10.1,10,1,63,Ankit Soni,All-Rounders,Ben Stokes,All-Rounders,0,False,1.0,39,Pune,Maharashtra Cricket Association Stadium,Medium,False,True,61,10,10.166666666666666,66,6.491803278688525,20,162,96,9.833333333333334,9.76271186440678,4,6,Medium
10.2,10,2,64,Ankit Soni,All-Rounders,Ben Stokes,All-Rounders,1,False,-0.5,39,Pune,Maharashtra Cricket Association Stadium,Medium,False,True,62,10,10.333333333333334,67,6.483870967741935,20,162,95,9.666666666666666,9.827586206896552,4,6,Medium
10.3,10,3,65,Ankit Soni,All-Rounders,MS Dhoni,Batters,1,False,-0.25,39,Pune,Maharashtra Cricket Association Stadium,Medium,False,True,63,10,10.5,68,6.476190476190476,20,162,94,9.5,9.894736842105264,4,6,Medium
10.4,10,4,66,Ankit Soni,All-Rounders,Ben Stokes,All-Rounders,1,False,-0.5,39,Pune,Maharashtra Cricket Association Stadium,Medium,False,True,64,10,10.666666666666666,69,6.46875,20,162,93,9.333333333333334,9.964285714285714,4,6,Medium
10.5,10,5,67,Ankit Soni,All-Rounders,MS Dhoni,Batters,1,False,-0.5,39,Pune,Maharashtra Cricket Association Stadium,Medium,False,True,65,10,10.833333333333334,70,6.461538461538461,20,162,92,9.166666666666666,10.036363636363635,4,6,Medium
10.6,10,6,68,Ankit Soni,All-Rounders,Ben Stokes,All-Rounders,1,False,-0.5,39,Pune,Maharashtra Cricket Association Stadium,Medium,False,True,66,10,11.0,71,6.454545454545454,20,162,91,9.0,10.11111111111111,4,6,Medium
11.1,11,1,69,Steven Smith,,Ben Stokes,All-Rounders,1,False,-0.5,39,Pune,Maharashtra Cricket Association Stadium,Medium,False,True,67,11,11.166666666666666,72,6.447761194029851,20,162,90,8.833333333333334,10.188679245283016,4,6,Medium
11.2,11,2,70,Steven Smith,,MS Dhoni,Batters,0,False,1.0,39,Pune,Maharashtra Cricket Association Stadium,Medium,False,True,68,11,11.333333333333334,72,6.352941176470588,20,162,90,8.666666666666666,10.384615384615383,4,6,Medium
11.3,11,3,71,Steven Smith,,MS Dhoni,Batters,1,False,-0.5,39,Pune,Maharashtra Cricket Association Stadium,Medium,False,True,69,11,11.5,73,6.3478260869565215,20,162,89,8.5,10.470588235294118,4,6,Medium
11.4,11,4,72,Steven Smith,,Ben Stokes,All-Rounders,1,False,-0.5,39,Pune,Maharashtra Cricket Association Stadium,Medium,False,True,70,11,11.666666666666666,74,6.342857142857143,20,162,88,8.333333333333334,10.56,4,6,Medium
11.5,11,5,73,Steven Smith,,MS Dhoni,Batters,1,False,-0.5,39,Pune,Maharashtra Cricket Association Stadium,Medium,False,True,71,11,11.833333333333334,75,6.338028169014084,20,162,87,8.166666666666666,10.653061224489797,4,6,Medium
11.6,11,6,74,Steven Smith,,Ben Stokes,All-Rounders,4,False,-2.0,39,Pune,Maharashtra Cricket Association Stadium,Medium,False,True,72,11,12.0,79,6.583333333333333,20,162,83,8.0,10.375,4,6,Medium
12.1,12,1,75,Ankit Soni,All-Rounders,MS Dhoni,Batters,2,False,-1.0,39,Pune,Maharashtra Cricket Association Stadium,Medium,False,True,73,12,12.166666666666666,81,6.657534246575342,20,162,81,7.833333333333334,10.340425531914892,4,6,Medium
12.2,12,2,76,Ankit Soni,All-Rounders,MS Dhoni,Batters,2,False,-1.0,39,Pune,Maharashtra Cricket Association Stadium,Medium,False,True,74,12,12.333333333333334,83,6.72972972972973,20,162,79,7.666666666666666,10.304347826086955,4,6,Medium
12.3,12,3,77,Ankit Soni,All-Rounders,MS Dhoni,Batters,0,False,1.0,39,Pune,Maharashtra Cricket Association Stadium,Medium,False,True,75,12,12.5,83,6.64,20,162,79,7.5,10.533333333333331,4,6,Medium
12.4,12,4,78,Ankit Soni,All-Rounders,MS Dhoni,Batters,0,False,1.0,39,Pune,Maharashtra Cricket Association Stadium,Medium,False,True,76,12,12.666666666666666,83,6.552631578947369,20,162,79,7.333333333333334,10.772727272727272,4,6,Medium
12.4,12,4,79,Ankit Soni,All-Rounders,MS Dhoni,Batters,1,False,-1.0,39,Pune,Maharashtra Cricket Association Stadium,Medium,True,False,76,12,12.666666666666666,84,6.631578947368421,20,162,78,7.333333333333334,10.636363636363637,4,6,Medium
12.5,12,5,80,Ankit Soni,All-Rounders,MS Dhoni,Batters,2,False,-1.0,39,Pune,Maharashtra Cricket Association Stadium,Medium,False,True,77,12,12.833333333333334,86,6.701298701298701,20,162,76,7.166666666666666,10.6046511627907,4,6,Medium
12.6,12,6,81,Ankit Soni,All-Rounders,MS Dhoni,Batters,0,False,1.0,39,Pune,Maharashtra Cricket Association Stadium,Medium,False,True,78,12,13.0,86,6.615384615384615,20,162,76,7.0,10.857142857142858,4,6,Medium
13.1,13,1,82,Steven Smith,,Ben Stokes,All-Rounders,0,False,1.0,39,Pune,Maharashtra Cricket Association Stadium,Medium,False,True,79,13,13.166666666666666,86,6.531645569620253,20,162,76,6.833333333333334,11.121951219512194,4,6,Medium
13.2,13,2,83,Steven Smith,,Ben Stokes,All-Rounders,1,False,-0.5,39,Pune,Maharashtra Cricket Association Stadium,Medium,False,True,80,13,13.333333333333334,87,6.525,20,162,75,6.666666666666666,11.250000000000002,4,6,Medium
13.3,13,3,84,Steven Smith,,MS Dhoni,Batters,0,False,1.0,39,Pune,Maharashtra Cricket Association Stadium,Medium,False,True,81,13,13.5,87,6.444444444444445,20,162,75,6.5,11.538461538461538,4,6,Medium
13.4,13,4,85,Steven Smith,,MS Dhoni,Batters,0,False,1.0,39,Pune,Maharashtra Cricket Association Stadium,Medium,False,True,82,13,13.666666666666666,87,6.365853658536586,20,162,75,6.333333333333334,11.842105263157894,4,6,Medium
13.5,13,5,86,Steven Smith,,MS Dhoni,Batters,1,False,-0.5,39,Pune,Maharashtra Cricket Association Stadium,Medium,False,True,83,13,13.833333333333334,88,6.36144578313253,20,162,74,6.166666666666666,12.000000000000002,4,6,Medium
13.6,13,6,87,Steven Smith,,Ben Stokes,All-Rounders,1,False,-0.5,39,Pune,Maharashtra Cricket Association Stadium,Medium,False,True,84,13,14.0,89,6.357142857142857,20,162,73,6.0,12.166666666666666,4,6,Medium
14.1,14,1,88,James Faulkner,All-Rounders,Ben Stokes,All-Rounders,1,False,-0.5,39,Pune,Maharashtra Cricket Association Stadium,Medium,False,True,85,14,14.166666666666666,90,6.352941176470589,20,162,72,5.833333333333334,12.342857142857142,4,6,Medium
14.2,14,2,89,James Faulkner,All-Rounders,MS Dhoni,Batters,6,False,-3.0,39,Pune,Maharashtra Cricket Association Stadium,Medium,False,True,86,14,14.333333333333334,96,6.697674418604651,20,162,66,5.666666666666666,11.647058823529411,4,6,Medium
14.3,14,3,90,James Faulkner,All-Rounders,MS Dhoni,Batters,2,False,-1.0,39,Pune,Maharashtra Cricket Association Stadium,Medium,False,True,87,14,14.5,98,6.758620689655173,20,162,64,5.5,11.636363636363637,4,6,Medium
14.4,14,4,91,James Faulkner,All-Rounders,MS Dhoni,Batters,1,False,-0.5,39,Pune,Maharashtra Cricket Association Stadium,Medium,False,True,88,14,14.666666666666666,99,6.75,20,162,63,5.333333333333334,11.812499999999998,4,6,Medium
14.5,14,5,92,James Faulkner,All-Rounders,Ben Stokes,All-Rounders,1,False,-0.5,39,Pune,Maharashtra Cricket Association Stadium,Medium,False,True,89,14,14.833333333333334,100,6.741573033707865,20,162,62,5.166666666666666,12.000000000000002,4,6,Medium
14.6,14,6,93,James Faulkner,All-Rounders,MS Dhoni,Batters,1,False,-0.5,39,Pune,Maharashtra Cricket Association Stadium,Medium,False,True,90,14,15.0,101,6.733333333333333,20,162,61,5.0,12.2,4,6,Medium
15.1,15,1,94,Steven Smith,,MS Dhoni,Batters,1,False,-1.0,39,Pune,Maharashtra Cricket Association Stadium,Medium,True,False,90,14,15.0,102,6.8,20,162,60,5.0,12.0,4,6,Medium
15.1,15,1,95,Steven Smith,,MS Dhoni,Batters,1,False,-0.25,39,Pune,Maharashtra Cricket Association Stadium,Medium,False,True,91,15,15.166666666666666,103,6.791208791208791,20,162,59,4.833333333333334,12.206896551724135,4,6,Medium
15.2,15,2,96,Steven Smith,,Ben Stokes,All-Rounders,6,False,-3.0,39,Pune,Maharashtra Cricket Association Stadium,Medium,False,True,92,15,15.333333333333334,109,7.108695652173913,20,162,53,4.666666666666666,11.35714285714286,4,6,Medium
15.3,15,3,97,Steven Smith,,Ben Stokes,All-Rounders,4,False,-2.0,39,Pune,Maharashtra Cricket Association Stadium,Medium,False,True,93,15,15.5,113,7.290322580645161,20,162,49,4.5,10.88888888888889,4,6,Medium
15.4,15,4,98,Steven Smith,,Ben Stokes,All-Rounders,2,False,-1.0,39,Pune,Maharashtra Cricket Association Stadium,Medium,False,True,94,15,15.666666666666666,115,7.340425531914894,20,162,47,4.333333333333334,10.846153846153843,4,6,Medium
15.5,15,5,99,Steven Smith,,Ben Stokes,All-Rounders,1,False,-0.5,39,Pune,Maharashtra Cricket Association Stadium,Medium,False,True,95,15,15.833333333333334,116,7.326315789473684,20,162,46,4.166666666666666,11.04,4,6,Medium
15.6,15,6,100,Steven Smith,,MS Dhoni,Batters,1,False,-0.5,39,Pune,Maharashtra Cricket Association Stadium,Medium,False,True,96,15,16.0,117,7.3125,20,162,45,4.0,11.25,4,6,Medium
16.1,16,1,101,Basil Thampi,Bowlers,MS Dhoni,Batters,0,True,5.0,39,Pune,Maharashtra Cricket Association Stadium,Medium,False,True,97,16,16.166666666666668,117,7.237113402061855,20,162,45,3.833333333333332,11.739130434782613,5,5,Medium
16.2,16,2,102,Basil Thampi,Bowlers,Dan Christian,All-Rounders,1,False,-0.5,39,Pune,Maharashtra Cricket Association Stadium,Medium,False,True,98,16,16.333333333333332,118,7.224489795918368,20,162,44,3.666666666666668,11.999999999999996,5,5,Medium
16.3,16,3,103,Basil Thampi,Bowlers,Ben Stokes,All-Rounders,1,False,-0.5,39,Pune,Maharashtra Cricket Association Stadium,Medium,False,True,99,16,16.5,119,7.212121212121212,20,162,43,3.5,12.285714285714286,5,5,Medium
16.4,16,4,104,Basil Thampi,Bowlers,Dan Christian,All-Rounders,1,False,-0.5,39,Pune,Maharashtra Cricket Association Stadium,Medium,False,True,100,16,16.666666666666668,120,7.199999999999999,20,162,42,3.333333333333332,12.600000000000003,5,5,Medium
16.5,16,5,105,Basil Thampi,Bowlers,Ben Stokes,All-Rounders,4,False,-2.0,39,Pune,Maharashtra Cricket Association Stadium,Medium,False,True,101,16,16.833333333333332,124,7.366336633663367,20,162,38,3.166666666666668,11.999999999999996,5,5,Medium
16.6,16,6,106,Basil Thampi,Bowlers,Ben Stokes,All-Rounders,1,False,-0.5,39,Pune,Maharashtra Cricket Association Stadium,Medium,False,True,102,16,17.0,125,7.352941176470588,20,162,37,3.0,12.333333333333334,5,5,Medium
17.1,17,1,107,Pradeep Sangwan,Bowlers,Ben Stokes,All-Rounders,1,False,-0.5,39,Pune,Maharashtra Cricket Association Stadium,Medium,False,True,103,17,17.166666666666668,126,7.339805825242718,20,162,36,2.833333333333332,12.70588235294118,5,5,Medium
17.2,17,2,108,Pradeep Sangwan,Bowlers,Dan Christian,All-Rounders,2,False,-1.0,39,Pune,Maharashtra Cricket Association Stadium,Medium,False,True,104,17,17.333333333333332,128,7.384615384615385,20,162,34,2.666666666666668,12.749999999999996,5,5,Medium
17.3,17,3,109,Pradeep Sangwan,Bowlers,Dan Christian,All-Rounders,4,False,-2.0,39,Pune,Maharashtra Cricket Association Stadium,Medium,False,True,105,17,17.5,132,7.542857142857143,20,162,30,2.5,12.0,5,5,Medium
17.4,17,4,110,Pradeep Sangwan,Bowlers,Dan Christian,All-Rounders,1,False,-0.5,39,Pune,Maharashtra Cricket Association Stadium,Medium,False,True,106,17,17.666666666666668,133,7.528301886792453,20,162,29,2.333333333333332,12.428571428571434,5,5,Medium
17.5,17,5,111,Pradeep Sangwan,Bowlers,Ben Stokes,All-Rounders,2,False,-1.0,39,Pune,Maharashtra Cricket Association Stadium,Medium,False,True,107,17,17.833333333333332,135,7.570093457943925,20,162,27,2.166666666666668,12.461538461538456,5,5,Medium
17.6,17,6,112,Pradeep Sangwan,Bowlers,Ben Stokes,All-Rounders,1,False,-0.5,39,Pune,Maharashtra Cricket Association Stadium,Medium,False,True,108,17,18.0,136,7.555555555555555,20,162,26,2.0,13.0,5,5,Medium
18.1,18,1,113,Basil Thampi,Bowlers,Ben Stokes,All-Rounders,6,False,-3.0,39,Pune,Maharashtra Cricket Association Stadium,Medium,False,True,109,18,18.166666666666668,142,7.816513761467889,20,162,20,1.833333333333332,10.909090909090915,5,5,Medium
18.2,18,2,114,Basil Thampi,Bowlers,Ben Stokes,All-Rounders,2,False,-1.0,39,Pune,Maharashtra Cricket Association Stadium,Medium,False,True,110,18,18.33333333333333,144,7.854545454545455,20,162,18,1.666666666666668,10.799999999999992,5,5,Medium
18.3,18,3,115,Basil Thampi,Bowlers,Ben Stokes,All-Rounders,1,False,-0.5,39,Pune,Maharashtra Cricket Association Stadium,Medium,False,True,111,18,18.5,145,7.837837837837838,20,162,17,1.5,11.333333333333334,5,5,Medium
18.4,18,4,116,Basil Thampi,Bowlers,Dan Christian,All-Rounders,1,False,-0.5,39,Pune,Maharashtra Cricket Association Stadium,Medium,False,True,112,18,18.666666666666668,146,7.821428571428571,20,162,16,1.333333333333332,12.00000000000001,5,5,Medium
18.5,18,5,117,Basil Thampi,Bowlers,Ben Stokes,All-Rounders,6,False,-3.0,39,Pune,Maharashtra Cricket Association Stadium,Medium,False,True,113,18,18.83333333333333,152,8.070796460176991,20,162,10,1.166666666666668,8.571428571428562,5,5,Medium
18.6,18,6,118,Basil Thampi,Bowlers,Ben Stokes,All-Rounders,1,False,-0.5,39,Pune,Maharashtra Cricket Association Stadium,Medium,False,True,114,18,19.0,153,8.052631578947368,20,162,9,1.0,9.0,5,5,Medium
19.1,19,1,119,James Faulkner,All-Rounders,Ben Stokes,All-Rounders,4,False,-2.0,39,Pune,Maharashtra Cricket Association Stadium,Medium,False,True,115,19,19.166666666666668,157,8.191304347826087,20,162,5,0.8333333333333321,6.000000000000009,5,5,Medium
19.2,19,2,120,James Faulkner,All-Rounders,Ben Stokes,All-Rounders,1,False,-0.25,39,Pune,Maharashtra Cricket Association Stadium,Medium,False,True,116,19,19.33333333333333,158,8.172413793103448,20,162,4,0.6666666666666679,5.999999999999989,5,5,Medium
19.3,19,3,121,James Faulkner,All-Rounders,Dan Christian,All-Rounders,1,False,-0.5,39,Pune,Maharashtra Cricket Association Stadium,Medium,False,True,117,19,19.5,159,8.153846153846153,20,162,3,0.5,6.0,5,5,Medium
19.4,19,4,122,James Faulkner,All-Rounders,Ben Stokes,All-Rounders,1,False,-0.5,39,Pune,Maharashtra Cricket Association Stadium,Medium,False,True,118,19,19.666666666666668,160,8.135593220338983,20,162,2,0.3333333333333321,6.000000000000021,5,5,Medium
19.5,19,5,123,James Faulkner,All-Rounders,Dan Christian,All-Rounders,6,False,-3.0,39,Pune,Maharashtra Cricket Association Stadium,Medium,False,True,119,19,19.83333333333333,166,8.369747899159664,20,162,0,0.1666666666666678,0.0,5,5,Medium
