Ball Number,over,ball,Ball,bowler,bowler_role,batsman,batsman_role,Runs,is_wicket,bowler_score,match_id,city,stadium,Stadium_Type,is_extra,legal_delivery,legal_deliveries_count,overs_completed,overs_bowled,total_runs,current_run_rate,total_overs,target,runs_needed,overs_remaining,required_run_rate,wickets_fallen,wickets_in_hand,Ground_Type
0.1,0,1,1,Sandeep Sharma,Bowlers,Mandeep Singh,All-Rounders,0,False,1.0,43,Bangalore,M Chinnaswamy Stadium,Medium,False,True,1,0,0.1666666666666666,0,0.0,20,139,139,19.83333333333333,7.008403361344539,0,10,Medium
0.2,0,2,2,Sandeep Sharma,Bowlers,Mandeep Singh,All-Rounders,1,False,-0.5,43,Bangalore,M Chinnaswamy Stadium,Medium,False,True,2,0,0.3333333333333333,1,3.0,20,139,138,19.666666666666668,7.016949152542373,0,10,Medium
0.3,0,3,3,Sandeep Sharma,Bowlers,Chris Gayle,All-Rounders,0,False,1.0,43,Bangalore,M Chinnaswamy Stadium,Medium,False,True,3,0,0.5,1,2.0,20,139,138,19.5,7.076923076923077,0,10,Medium
0.4,0,4,4,Sandeep Sharma,Bowlers,Chris Gayle,All-Rounders,0,True,5.0,43,Bangalore,M Chinnaswamy Stadium,Medium,False,True,4,0,0.6666666666666666,1,1.5,20,139,138,19.33333333333333,7.137931034482759,1,9,Medium
0.5,0,5,5,Sandeep Sharma,Bowlers,Virat Kohli,Batters,4,False,-2.0,43,Bangalore,M Chinnaswamy Stadium,Medium,False,True,5,0,0.8333333333333334,5,6.0,20,139,134,19.166666666666668,6.991304347826087,1,9,Medium
0.6,0,6,6,Sandeep Sharma,Bowlers,Virat Kohli,Batters,2,False,-1.0,43,Bangalore,M Chinnaswamy Stadium,Medium,False,True,6,0,1.0,7,7.0,20,139,132,19.0,6.947368421052632,1,9,Medium
1.1,1,1,7,T Natarajan,Bowlers,Mandeep Singh,All-Rounders,6,False,-3.0,43,Bangalore,M Chinnaswamy Stadium,Medium,False,True,7,1,1.1666666666666667,13,11.142857142857142,20,139,126,18.83333333333333,6.690265486725664,1,9,Medium
1.2,1,2,8,T Natarajan,Bowlers,Mandeep Singh,All-Rounders,4,False,-2.0,43,Bangalore,M Chinnaswamy Stadium,Medium,False,True,8,1,1.3333333333333333,17,12.75,20,139,122,18.666666666666668,6.535714285714286,1,9,Medium
1.3,1,3,9,T Natarajan,Bowlers,Mandeep Singh,All-Rounders,4,False,-2.0,43,Bangalore,M Chinnaswamy Stadium,Medium,False,True,9,1,1.5,21,14.0,20,139,118,18.5,6.378378378378378,1,9,Medium
1.4,1,4,10,T Natarajan,Bowlers,Mandeep Singh,All-Rounders,1,False,-0.5,43,Bangalore,M Chinnaswamy Stadium,Medium,False,True,10,1,1.6666666666666663,22,13.2,20,139,117,18.33333333333333,6.381818181818182,1,9,Medium
1.5,1,5,11,T Natarajan,Bowlers,Virat Kohli,Batters,0,False,1.0,43,Bangalore,M Chinnaswamy Stadium,Medium,False,True,11,1,1.8333333333333333,22,11.999999999999998,20,139,117,18.166666666666668,6.440366972477063,1,9,Medium
1.6,1,6,12,T Natarajan,Bowlers,Virat Kohli,Batters,0,False,1.0,43,Bangalore,M Chinnaswamy Stadium,Medium,False,True,12,1,2.0,22,11.0,20,139,117,18.0,6.5,1,9,Medium
2.1,2,1,13,Sandeep Sharma,Bowlers,Mandeep Singh,All-Rounders,0,False,1.0,43,Bangalore,M Chinnaswamy Stadium,Medium,False,True,13,2,2.1666666666666665,22,10.153846153846157,20,139,117,17.833333333333332,6.560747663551402,1,9,Medium
2.2,2,2,14,Sandeep Sharma,Bowlers,Mandeep Singh,All-Rounders,0,False,1.0,43,Bangalore,M Chinnaswamy Stadium,Medium,False,True,14,2,2.333333333333333,22,9.428571428571429,20,139,117,17.666666666666668,6.6226415094339615,1,9,Medium
2.3,2,3,15,Sandeep Sharma,Bowlers,Mandeep Singh,All-Rounders,1,False,-0.5,43,Bangalore,M Chinnaswamy Stadium,Medium,False,True,15,2,2.5,23,9.2,20,139,116,17.5,6.628571428571429,1,9,Medium
2.4,2,4,16,Sandeep Sharma,Bowlers,Virat Kohli,Batters,0,False,1.0,43,Bangalore,M Chinnaswamy Stadium,Medium,False,True,16,2,2.6666666666666665,23,8.625,20,139,116,17.333333333333332,6.6923076923076925,1,9,Medium
2.5,2,5,17,Sandeep Sharma,Bowlers,Virat Kohli,Batters,0,True,5.0,43,Bangalore,M Chinnaswamy Stadium,Medium,False,True,17,2,2.833333333333333,23,8.117647058823529,20,139,116,17.166666666666668,6.757281553398058,2,8,Medium
2.6,2,6,18,Sandeep Sharma,Bowlers,AB de Villiers,Batters,0,False,1.0,43,Bangalore,M Chinnaswamy Stadium,Medium,False,True,18,2,3.0,23,7.666666666666667,20,139,116,17.0,6.823529411764706,2,8,Medium
3.1,3,1,19,Varun Aaron,Bowlers,Mandeep Singh,All-Rounders,0,False,1.0,43,Bangalore,M Chinnaswamy Stadium,Medium,False,True,19,3,3.1666666666666665,23,7.263157894736842,20,139,116,16.833333333333332,6.891089108910892,2,8,Medium
3.2,3,2,20,Varun Aaron,Bowlers,Mandeep Singh,All-Rounders,0,False,1.0,43,Bangalore,M Chinnaswamy Stadium,Medium,False,True,20,3,3.333333333333333,23,6.9,20,139,116,16.666666666666668,6.959999999999999,2,8,Medium
3.3,3,3,21,Varun Aaron,Bowlers,Mandeep Singh,All-Rounders,0,False,1.0,43,Bangalore,M Chinnaswamy Stadium,Medium,False,True,21,3,3.5,23,6.571428571428571,20,139,116,16.5,7.03030303030303,2,8,Medium
3.4,3,4,22,Varun Aaron,Bowlers,Mandeep Singh,All-Rounders,4,False,-2.0,43,Bangalore,M Chinnaswamy Stadium,Medium,False,True,22,3,3.6666666666666665,27,7.363636363636364,20,139,112,16.333333333333332,6.857142857142858,2,8,Medium
3.5,3,5,23,Varun Aaron,Bowlers,Mandeep Singh,All-Rounders,0,False,1.0,43,Bangalore,M Chinnaswamy Stadium,Medium,False,True,23,3,3.8333333333333335,27,7.0434782608695645,20,139,112,16.166666666666668,6.927835051546391,2,8,Medium
3.6,3,6,24,Varun Aaron,Bowlers,Mandeep Singh,All-Rounders,0,False,1.0,43,Bangalore,M Chinnaswamy Stadium,Medium,False,True,24,3,4.0,27,6.75,20,139,112,16.0,7.0,2,8,Medium
4.1,4,1,25,Sandeep Sharma,Bowlers,AB de Villiers,Batters,0,False,1.0,43,Bangalore,M Chinnaswamy Stadium,Medium,False,True,25,4,4.166666666666667,27,6.48,20,139,112,15.833333333333332,7.0736842105263165,2,8,Medium
4.2,4,2,26,Sandeep Sharma,Bowlers,AB de Villiers,Batters,4,False,-2.0,43,Bangalore,M Chinnaswamy Stadium,Medium,False,True,26,4,4.333333333333333,31,7.153846153846154,20,139,108,15.666666666666668,6.893617021276596,2,8,Medium
4.3,4,3,27,Sandeep Sharma,Bowlers,AB de Villiers,Batters,0,False,1.0,43,Bangalore,M Chinnaswamy Stadium,Medium,False,True,27,4,4.5,31,6.888888888888889,20,139,108,15.5,6.967741935483871,2,8,Medium
4.4,4,4,28,Sandeep Sharma,Bowlers,AB de Villiers,Batters,6,False,-3.0,43,Bangalore,M Chinnaswamy Stadium,Medium,False,True,28,4,4.666666666666667,37,7.928571428571428,20,139,102,15.333333333333332,6.652173913043479,2,8,Medium
4.5,4,5,29,Sandeep Sharma,Bowlers,AB de Villiers,Batters,0,True,5.0,43,Bangalore,M Chinnaswamy Stadium,Medium,False,True,29,4,4.833333333333333,37,7.655172413793104,20,139,102,15.166666666666668,6.7252747252747245,3,7,Medium
4.6,4,6,30,Sandeep Sharma,Bowlers,Kedar Jadhav,All-Rounders,0,False,1.0,43,Bangalore,M Chinnaswamy Stadium,Medium,False,True,30,4,5.0,37,7.4,20,139,102,15.0,6.8,3,7,Medium
5.1,5,1,31,Varun Aaron,Bowlers,Mandeep Singh,All-Rounders,0,False,1.0,43,Bangalore,M Chinnaswamy Stadium,Medium,False,True,31,5,5.166666666666667,37,7.161290322580645,20,139,102,14.833333333333332,6.876404494382023,3,7,Medium
5.2,5,2,32,Varun Aaron,Bowlers,Mandeep Singh,All-Rounders,0,False,1.0,43,Bangalore,M Chinnaswamy Stadium,Medium,False,True,32,5,5.333333333333333,37,6.9375,20,139,102,14.666666666666668,6.954545454545454,3,7,Medium
5.3,5,3,33,Varun Aaron,Bowlers,Mandeep Singh,All-Rounders,4,False,-2.0,43,Bangalore,M Chinnaswamy Stadium,Medium,False,True,33,5,5.5,41,7.454545454545454,20,139,98,14.5,6.758620689655173,3,7,Medium
5.4,5,4,34,Varun Aaron,Bowlers,Mandeep Singh,All-Rounders,1,False,-0.5,43,Bangalore,M Chinnaswamy Stadium,Medium,False,True,34,5,5.666666666666667,42,7.411764705882352,20,139,97,14.333333333333332,6.767441860465117,3,7,Medium
5.5,5,5,35,Varun Aaron,Bowlers,Kedar Jadhav,All-Rounders,0,False,1.0,43,Bangalore,M Chinnaswamy Stadium,Medium,False,True,35,5,5.833333333333333,42,7.2,20,139,97,14.166666666666668,6.847058823529411,3,7,Medium
5.6,5,6,36,Varun Aaron,Bowlers,Kedar Jadhav,All-Rounders,4,False,-2.0,43,Bangalore,M Chinnaswamy Stadium,Medium,False,True,36,5,6.0,46,7.666666666666667,20,139,93,14.0,6.642857142857143,3,7,Medium
6.1,6,1,37,Sandeep Sharma,Bowlers,Mandeep Singh,All-Rounders,0,False,1.0,43,Bangalore,M Chinnaswamy Stadium,Medium,False,True,37,6,6.166666666666667,46,7.459459459459459,20,139,93,13.833333333333332,6.722891566265061,3,7,Medium
6.2,6,2,38,Sandeep Sharma,Bowlers,Mandeep Singh,All-Rounders,1,False,-0.5,43,Bangalore,M Chinnaswamy Stadium,Medium,False,True,38,6,6.333333333333333,47,7.421052631578948,20,139,92,13.666666666666668,6.7317073170731705,3,7,Medium
6.3,6,3,39,Sandeep Sharma,Bowlers,Kedar Jadhav,All-Rounders,1,False,-0.5,43,Bangalore,M Chinnaswamy Stadium,Medium,False,True,39,6,6.5,48,7.384615384615385,20,139,91,13.5,6.7407407407407405,3,7,Medium
6.4,6,4,40,Sandeep Sharma,Bowlers,Mandeep Singh,All-Rounders,2,False,-1.0,43,Bangalore,M Chinnaswamy Stadium,Medium,False,True,40,6,6.666666666666667,50,7.5,20,139,89,13.333333333333332,6.675000000000001,3,7,Medium
6.5,6,5,41,Sandeep Sharma,Bowlers,Mandeep Singh,All-Rounders,0,False,1.0,43,Bangalore,M Chinnaswamy Stadium,Medium,False,True,41,6,6.833333333333333,50,7.317073170731708,20,139,89,13.166666666666668,6.759493670886076,3,7,Medium
6.6,6,6,42,Sandeep Sharma,Bowlers,Mandeep Singh,All-Rounders,0,False,1.0,43,Bangalore,M Chinnaswamy Stadium,Medium,False,True,42,6,7.0,50,7.142857142857143,20,139,89,13.0,6.846153846153846,3,7,Medium
7.1,7,1,43,Mohit Sharma,Bowlers,Kedar Jadhav,All-Rounders,1,False,-0.5,43,Bangalore,M Chinnaswamy Stadium,Medium,False,True,43,7,7.166666666666667,51,7.116279069767441,20,139,88,12.833333333333332,6.857142857142858,3,7,Medium
7.2,7,2,44,Mohit Sharma,Bowlers,Mandeep Singh,All-Rounders,0,False,1.0,43,Bangalore,M Chinnaswamy Stadium,Medium,False,True,44,7,7.333333333333333,51,6.954545454545455,20,139,88,12.666666666666668,6.947368421052631,3,7,Medium
7.3,7,3,45,Mohit Sharma,Bowlers,Mandeep Singh,All-Rounders,0,False,1.0,43,Bangalore,M Chinnaswamy Stadium,Medium,False,True,45,7,7.5,51,6.8,20,139,88,12.5,7.04,3,7,Medium
7.4,7,4,46,Mohit Sharma,Bowlers,Mandeep Singh,All-Rounders,1,False,-0.5,43,Bangalore,M Chinnaswamy Stadium,Medium,False,True,46,7,7.666666666666667,52,6.782608695652174,20,139,87,12.333333333333332,7.054054054054054,3,7,Medium
7.5,7,5,47,Mohit Sharma,Bowlers,Kedar Jadhav,All-Rounders,0,True,5.0,43,Bangalore,M Chinnaswamy Stadium,Medium,False,True,47,7,7.833333333333333,52,6.638297872340425,20,139,87,12.166666666666668,7.150684931506849,4,6,Medium
7.6,7,6,48,Mohit Sharma,Bowlers,Shane Watson,All-Rounders,0,False,1.0,43,Bangalore,M Chinnaswamy Stadium,Medium,False,True,48,7,8.0,52,6.5,20,139,87,12.0,7.25,4,6,Medium
8.1,8,1,49,Axar Patel,All-Rounders,Mandeep Singh,All-Rounders,1,False,-0.5,43,Bangalore,M Chinnaswamy Stadium,Medium,False,True,49,8,8.166666666666666,53,6.489795918367348,20,139,86,11.833333333333334,7.267605633802816,4,6,Medium
8.2,8,2,50,Axar Patel,All-Rounders,Shane Watson,All-Rounders,1,False,-0.5,43,Bangalore,M Chinnaswamy Stadium,Medium,False,True,50,8,8.333333333333334,54,6.48,20,139,85,11.666666666666666,7.2857142857142865,4,6,Medium
8.3,8,3,51,Axar Patel,All-Rounders,Mandeep Singh,All-Rounders,0,False,1.0,43,Bangalore,M Chinnaswamy Stadium,Medium,False,True,51,8,8.5,54,6.352941176470588,20,139,85,11.5,7.391304347826087,4,6,Medium
8.4,8,4,52,Axar Patel,All-Rounders,Mandeep Singh,All-Rounders,0,False,1.0,43,Bangalore,M Chinnaswamy Stadium,Medium,False,True,52,8,8.666666666666666,54,6.230769230769231,20,139,85,11.333333333333334,7.5,4,6,Medium
8.5,8,5,53,Axar Patel,All-Rounders,Mandeep Singh,All-Rounders,0,False,1.0,43,Bangalore,M Chinnaswamy Stadium,Medium,False,True,53,8,8.833333333333334,54,6.113207547169811,20,139,85,11.166666666666666,7.611940298507463,4,6,Medium
8.6,8,6,54,Axar Patel,All-Rounders,Mandeep Singh,All-Rounders,1,False,-0.5,43,Bangalore,M Chinnaswamy Stadium,Medium,False,True,54,8,9.0,55,6.111111111111111,20,139,84,11.0,7.636363636363637,4,6,Medium
9.1,9,1,55,Mohit Sharma,Bowlers,Mandeep Singh,All-Rounders,4,False,-2.0,43,Bangalore,M Chinnaswamy Stadium,Medium,False,True,55,9,9.166666666666666,59,6.4363636363636365,20,139,80,10.833333333333334,7.384615384615384,4,6,Medium
9.2,9,2,56,Mohit Sharma,Bowlers,Mandeep Singh,All-Rounders,1,False,-0.5,43,Bangalore,M Chinnaswamy Stadium,Medium,False,True,56,9,9.333333333333334,60,6.428571428571428,20,139,79,10.666666666666666,7.40625,4,6,Medium
9.3,9,3,57,Mohit Sharma,Bowlers,Shane Watson,All-Rounders,1,False,-0.5,43,Bangalore,M Chinnaswamy Stadium,Medium,False,True,57,9,9.5,61,6.421052631578948,20,139,78,10.5,7.428571428571429,4,6,Medium
9.4,9,4,58,Mohit Sharma,Bowlers,Mandeep Singh,All-Rounders,0,False,1.0,43,Bangalore,M Chinnaswamy Stadium,Medium,False,True,58,9,9.666666666666666,61,6.310344827586207,20,139,78,10.333333333333334,7.548387096774193,4,6,Medium
9.5,9,5,59,Mohit Sharma,Bowlers,Mandeep Singh,All-Rounders,6,False,-3.0,43,Bangalore,M Chinnaswamy Stadium,Medium,False,True,59,9,9.833333333333334,67,6.813559322033898,20,139,72,10.166666666666666,7.081967213114755,4,6,Medium
9.6,9,6,60,Mohit Sharma,Bowlers,Mandeep Singh,All-Rounders,1,False,-0.5,43,Bangalore,M Chinnaswamy Stadium,Medium,False,True,60,9,10.0,68,6.8,20,139,71,10.0,7.1,4,6,Medium
10.1,10,1,61,Axar Patel,All-Rounders,Mandeep Singh,All-Rounders,1,False,-0.5,43,Bangalore,M Chinnaswamy Stadium,Medium,False,True,61,10,10.166666666666666,69,6.786885245901639,20,139,70,9.833333333333334,7.11864406779661,4,6,Medium
10.2,10,2,62,Axar Patel,All-Rounders,Shane Watson,All-Rounders,0,False,1.0,43,Bangalore,M Chinnaswamy Stadium,Medium,False,True,62,10,10.333333333333334,69,6.677419354838709,20,139,70,9.666666666666666,7.241379310344828,4,6,Medium
10.3,10,3,63,Axar Patel,All-Rounders,Shane Watson,All-Rounders,1,False,-0.5,43,Bangalore,M Chinnaswamy Stadium,Medium,False,True,63,10,10.5,70,6.666666666666667,20,139,69,9.5,7.263157894736842,4,6,Medium
10.4,10,4,64,Axar Patel,All-Rounders,Mandeep Singh,All-Rounders,1,False,-0.5,43,Bangalore,M Chinnaswamy Stadium,Medium,False,True,64,10,10.666666666666666,71,6.65625,20,139,68,9.333333333333334,7.285714285714286,4,6,Medium
10.5,10,5,65,Axar Patel,All-Rounders,Shane Watson,All-Rounders,0,True,5.0,43,Bangalore,M Chinnaswamy Stadium,Medium,False,True,65,10,10.833333333333334,71,6.553846153846154,20,139,68,9.166666666666666,7.418181818181819,5,5,Medium
10.6,10,6,66,Axar Patel,All-Rounders,Pawan Negi,Bowlers,1,False,-0.5,43,Bangalore,M Chinnaswamy Stadium,Medium,False,True,66,10,11.0,72,6.545454545454546,20,139,67,9.0,7.444444444444445,5,5,Medium
11.1,11,1,67,Glenn Maxwell,All-Rounders,Pawan Negi,Bowlers,1,False,-0.5,43,Bangalore,M Chinnaswamy Stadium,Medium,False,True,67,11,11.166666666666666,73,6.537313432835822,20,139,66,8.833333333333334,7.471698113207546,5,5,Medium
11.2,11,2,68,Glenn Maxwell,All-Rounders,Mandeep Singh,All-Rounders,0,True,5.0,43,Bangalore,M Chinnaswamy Stadium,Medium,False,True,68,11,11.333333333333334,73,6.441176470588235,20,139,66,8.666666666666666,7.615384615384616,6,4,Medium
11.3,11,3,69,,,,,0,False,0.0,43,Bangalore,M Chinnaswamy Stadium,Medium,False,True,69,11,11.5,73,6.3478260869565215,20,139,66,8.5,7.764705882352941,6,4,Medium
11.4,11,4,70,Glenn Maxwell,All-Rounders,Pawan Negi,Bowlers,0,False,1.0,43,Bangalore,M Chinnaswamy Stadium,Medium,False,True,70,11,11.666666666666666,73,6.257142857142857,20,139,66,8.333333333333334,7.919999999999999,6,4,Medium
11.5,11,5,71,Glenn Maxwell,All-Rounders,Pawan Negi,Bowlers,1,False,-0.5,43,Bangalore,M Chinnaswamy Stadium,Medium,False,True,71,11,11.833333333333334,74,6.253521126760563,20,139,65,8.166666666666666,7.959183673469388,6,4,Medium
11.6,11,6,72,Glenn Maxwell,All-Rounders,Sreenath Aravind,Bowlers,0,False,1.0,43,Bangalore,M Chinnaswamy Stadium,Medium,False,True,72,11,12.0,74,6.166666666666667,20,139,65,8.0,8.125,6,4,Medium
12.1,12,1,73,Varun Aaron,Bowlers,Pawan Negi,Bowlers,0,False,1.0,43,Bangalore,M Chinnaswamy Stadium,Medium,False,True,73,12,12.166666666666666,74,6.082191780821918,20,139,65,7.833333333333334,8.297872340425531,6,4,Medium
12.2,12,2,74,Varun Aaron,Bowlers,Pawan Negi,Bowlers,0,False,1.0,43,Bangalore,M Chinnaswamy Stadium,Medium,False,True,74,12,12.333333333333334,74,6.0,20,139,65,7.666666666666666,8.478260869565219,6,4,Medium
12.3,12,3,75,Varun Aaron,Bowlers,Pawan Negi,Bowlers,0,False,1.0,43,Bangalore,M Chinnaswamy Stadium,Medium,False,True,75,12,12.5,74,5.92,20,139,65,7.5,8.666666666666666,6,4,Medium
12.4,12,4,76,Varun Aaron,Bowlers,Pawan Negi,Bowlers,1,False,-1.0,43,Bangalore,M Chinnaswamy Stadium,Medium,True,False,75,12,12.5,75,6.0,20,139,64,7.5,8.533333333333333,6,4,Medium
12.4,12,4,77,Varun Aaron,Bowlers,Pawan Negi,Bowlers,4,False,-2.0,43,Bangalore,M Chinnaswamy Stadium,Medium,False,True,76,12,12.666666666666666,79,6.236842105263158,20,139,60,7.333333333333334,8.181818181818182,6,4,Medium
12.4,12,4,78,Varun Aaron,Bowlers,Pawan Negi,Bowlers,1,False,-1.0,43,Bangalore,M Chinnaswamy Stadium,Medium,True,False,76,12,12.666666666666666,80,6.315789473684211,20,139,59,7.333333333333334,8.045454545454545,6,4,Medium
12.5,12,5,79,Varun Aaron,Bowlers,Pawan Negi,Bowlers,1,False,-0.5,43,Bangalore,M Chinnaswamy Stadium,Medium,False,True,77,12,12.833333333333334,81,6.311688311688312,20,139,58,7.166666666666666,8.093023255813954,6,4,Medium
12.6,12,6,80,Varun Aaron,Bowlers,Sreenath Aravind,Bowlers,2,False,-1.0,43,Bangalore,M Chinnaswamy Stadium,Medium,False,True,78,12,13.0,83,6.384615384615385,20,139,56,7.0,8.0,6,4,Medium
13.1,13,1,81,Glenn Maxwell,All-Rounders,Pawan Negi,Bowlers,1,False,-0.5,43,Bangalore,M Chinnaswamy Stadium,Medium,False,True,79,13,13.166666666666666,84,6.379746835443038,20,139,55,6.833333333333334,8.048780487804878,6,4,Medium
13.2,13,2,82,Glenn Maxwell,All-Rounders,Sreenath Aravind,Bowlers,1,False,-0.5,43,Bangalore,M Chinnaswamy Stadium,Medium,False,True,80,13,13.333333333333334,85,6.375,20,139,54,6.666666666666666,8.100000000000001,6,4,Medium
13.3,13,3,83,Glenn Maxwell,All-Rounders,Pawan Negi,Bowlers,1,False,-0.5,43,Bangalore,M Chinnaswamy Stadium,Medium,False,True,81,13,13.5,86,6.37037037037037,20,139,53,6.5,8.153846153846153,6,4,Medium
13.4,13,4,84,Glenn Maxwell,All-Rounders,Sreenath Aravind,Bowlers,0,False,1.0,43,Bangalore,M Chinnaswamy Stadium,Medium,False,True,82,13,13.666666666666666,86,6.2926829268292686,20,139,53,6.333333333333334,8.368421052631579,6,4,Medium
13.5,13,5,85,Glenn Maxwell,All-Rounders,Sreenath Aravind,Bowlers,0,True,5.0,43,Bangalore,M Chinnaswamy Stadium,Medium,False,True,83,13,13.833333333333334,86,6.216867469879518,20,139,53,6.166666666666666,8.594594594594595,7,3,Medium
13.6,13,6,86,Glenn Maxwell,All-Rounders,Samuel Badree,Bowlers,1,False,-0.5,43,Bangalore,M Chinnaswamy Stadium,Medium,False,True,84,13,14.0,87,6.214285714285714,20,139,52,6.0,8.666666666666666,7,3,Medium
14.1,14,1,87,Varun Aaron,Bowlers,Samuel Badree,Bowlers,0,False,1.0,43,Bangalore,M Chinnaswamy Stadium,Medium,False,True,85,14,14.166666666666666,87,6.141176470588236,20,139,52,5.833333333333334,8.914285714285713,7,3,Medium
14.2,14,2,88,Varun Aaron,Bowlers,Samuel Badree,Bowlers,1,False,-0.5,43,Bangalore,M Chinnaswamy Stadium,Medium,False,True,86,14,14.333333333333334,88,6.13953488372093,20,139,51,5.666666666666666,9.000000000000002,7,3,Medium
14.3,14,3,89,Varun Aaron,Bowlers,Pawan Negi,Bowlers,4,False,-2.0,43,Bangalore,M Chinnaswamy Stadium,Medium,False,True,87,14,14.5,92,6.344827586206897,20,139,47,5.5,8.545454545454545,7,3,Medium
14.4,14,4,90,Varun Aaron,Bowlers,Pawan Negi,Bowlers,0,False,1.0,43,Bangalore,M Chinnaswamy Stadium,Medium,False,True,88,14,14.666666666666666,92,6.272727272727273,20,139,47,5.333333333333334,8.812499999999998,7,3,Medium
14.5,14,5,91,Varun Aaron,Bowlers,Pawan Negi,Bowlers,4,False,-0.25,43,Bangalore,M Chinnaswamy Stadium,Medium,False,True,89,14,14.833333333333334,96,6.47191011235955,20,139,43,5.166666666666666,8.322580645161292,7,3,Medium
14.6,14,6,92,Varun Aaron,Bowlers,Pawan Negi,Bowlers,1,False,-0.5,43,Bangalore,M Chinnaswamy Stadium,Medium,False,True,90,14,15.0,97,6.466666666666667,20,139,42,5.0,8.4,7,3,Medium
15.1,15,1,93,Glenn Maxwell,All-Rounders,Pawan Negi,Bowlers,1,False,-0.5,43,Bangalore,M Chinnaswamy Stadium,Medium,False,True,91,15,15.166666666666666,98,6.461538461538462,20,139,41,4.833333333333334,8.482758620689655,7,3,Medium
15.2,15,2,94,Glenn Maxwell,All-Rounders,Samuel Badree,Bowlers,2,False,-1.0,43,Bangalore,M Chinnaswamy Stadium,Medium,False,True,92,15,15.333333333333334,100,6.521739130434782,20,139,39,4.666666666666666,8.357142857142858,7,3,Medium
15.3,15,3,95,Glenn Maxwell,All-Rounders,Samuel Badree,Bowlers,1,False,-1.0,43,Bangalore,M Chinnaswamy Stadium,Medium,True,False,92,15,15.333333333333334,101,6.58695652173913,20,139,38,4.666666666666666,8.142857142857144,7,3,Medium
15.3,15,3,96,Glenn Maxwell,All-Rounders,Samuel Badree,Bowlers,1,False,-0.5,43,Bangalore,M Chinnaswamy Stadium,Medium,False,True,93,15,15.5,102,6.580645161290323,20,139,37,4.5,8.222222222222221,7,3,Medium
15.4,15,4,97,Glenn Maxwell,All-Rounders,Pawan Negi,Bowlers,1,False,-0.5,43,Bangalore,M Chinnaswamy Stadium,Medium,False,True,94,15,15.666666666666666,103,6.574468085106383,20,139,36,4.333333333333334,8.307692307692307,7,3,Medium
15.5,15,5,98,Glenn Maxwell,All-Rounders,Samuel Badree,Bowlers,1,False,-0.5,43,Bangalore,M Chinnaswamy Stadium,Medium,False,True,95,15,15.833333333333334,104,6.568421052631579,20,139,35,4.166666666666666,8.4,7,3,Medium
15.6,15,6,99,Glenn Maxwell,All-Rounders,Pawan Negi,Bowlers,1,False,-0.5,43,Bangalore,M Chinnaswamy Stadium,Medium,False,True,96,15,16.0,105,6.5625,20,139,34,4.0,8.5,7,3,Medium
16.1,16,1,100,Mohit Sharma,Bowlers,Pawan Negi,Bowlers,0,False,1.0,43,Bangalore,M Chinnaswamy Stadium,Medium,False,True,97,16,16.166666666666668,105,6.494845360824741,20,139,34,3.833333333333332,8.869565217391306,7,3,Medium
16.2,16,2,101,Mohit Sharma,Bowlers,Pawan Negi,Bowlers,1,False,-0.5,43,Bangalore,M Chinnaswamy Stadium,Medium,False,True,98,16,16.333333333333332,106,6.489795918367348,20,139,33,3.666666666666668,8.999999999999996,7,3,Medium
16.3,16,3,102,Mohit Sharma,Bowlers,Samuel Badree,Bowlers,1,False,-0.5,43,Bangalore,M Chinnaswamy Stadium,Medium,False,True,99,16,16.5,107,6.484848484848484,20,139,32,3.5,9.142857142857142,7,3,Medium
16.4,16,4,103,Mohit Sharma,Bowlers,Pawan Negi,Bowlers,1,False,-0.5,43,Bangalore,M Chinnaswamy Stadium,Medium,False,True,100,16,16.666666666666668,108,6.48,20,139,31,3.333333333333332,9.300000000000002,7,3,Medium
16.5,16,5,104,Mohit Sharma,Bowlers,Samuel Badree,Bowlers,1,False,-0.5,43,Bangalore,M Chinnaswamy Stadium,Medium,False,True,101,16,16.833333333333332,109,6.475247524752476,20,139,30,3.166666666666668,9.473684210526311,7,3,Medium
16.6,16,6,105,Mohit Sharma,Bowlers,Pawan Negi,Bowlers,1,False,-0.5,43,Bangalore,M Chinnaswamy Stadium,Medium,False,True,102,16,17.0,110,6.470588235294118,20,139,29,3.0,9.666666666666666,7,3,Medium
17.1,17,1,106,Axar Patel,All-Rounders,Pawan Negi,Bowlers,0,True,5.0,43,Bangalore,M Chinnaswamy Stadium,Medium,False,True,103,17,17.166666666666668,110,6.407766990291262,20,139,29,2.833333333333332,10.235294117647063,8,2,Medium
17.2,17,2,107,Axar Patel,All-Rounders,Samuel Badree,Bowlers,0,True,5.0,43,Bangalore,M Chinnaswamy Stadium,Medium,False,True,104,17,17.333333333333332,110,6.346153846153847,20,139,29,2.666666666666668,10.874999999999996,9,1,Medium
17.3,17,3,108,Axar Patel,All-Rounders,Yuzvendra Chahal,Bowlers,1,False,-0.5,43,Bangalore,M Chinnaswamy Stadium,Medium,False,True,105,17,17.5,111,6.342857142857143,20,139,28,2.5,11.2,9,1,Medium
17.4,17,4,109,Axar Patel,All-Rounders,Aniket Choudhary,Bowlers,1,False,-0.5,43,Bangalore,M Chinnaswamy Stadium,Medium,False,True,106,17,17.666666666666668,112,6.339622641509433,20,139,27,2.333333333333332,11.571428571428577,9,1,Medium
17.5,17,5,110,Axar Patel,All-Rounders,Yuzvendra Chahal,Bowlers,1,False,-0.5,43,Bangalore,M Chinnaswamy Stadium,Medium,False,True,107,17,17.833333333333332,113,6.336448598130842,20,139,26,2.166666666666668,11.999999999999991,9,1,Medium
17.6,17,6,111,Axar Patel,All-Rounders,Aniket Choudhary,Bowlers,1,False,-0.5,43,Bangalore,M Chinnaswamy Stadium,Medium,False,True,108,17,18.0,114,6.333333333333333,20,139,25,2.0,12.5,9,1,Medium
18.1,18,1,112,Mohit Sharma,Bowlers,Aniket Choudhary,Bowlers,1,False,-0.5,43,Bangalore,M Chinnaswamy Stadium,Medium,False,True,109,18,18.166666666666668,115,6.330275229357798,20,139,24,1.833333333333332,13.0909090909091,9,1,Medium
18.2,18,2,113,Mohit Sharma,Bowlers,Yuzvendra Chahal,Bowlers,1,False,-0.5,43,Bangalore,M Chinnaswamy Stadium,Medium,False,True,110,18,18.33333333333333,116,6.327272727272728,20,139,23,1.666666666666668,13.79999999999999,9,1,Medium
18.3,18,3,114,Mohit Sharma,Bowlers,Aniket Choudhary,Bowlers,1,False,-0.5,43,Bangalore,M Chinnaswamy Stadium,Medium,False,True,111,18,18.5,117,6.324324324324325,20,139,22,1.5,14.666666666666666,9,1,Medium
18.4,18,4,115,Mohit Sharma,Bowlers,Yuzvendra Chahal,Bowlers,1,False,-0.5,43,Bangalore,M Chinnaswamy Stadium,Medium,False,True,112,18,18.666666666666668,118,6.321428571428571,20,139,21,1.333333333333332,15.750000000000014,9,1,Medium
18.5,18,5,116,Mohit Sharma,Bowlers,Aniket Choudhary,Bowlers,0,False,1.0,43,Bangalore,M Chinnaswamy Stadium,Medium,False,True,113,18,18.83333333333333,118,6.265486725663717,20,139,21,1.166666666666668,17.999999999999982,9,1,Medium
18.6,18,6,117,Mohit Sharma,Bowlers,Aniket Choudhary,Bowlers,0,True,5.0,43,Bangalore,M Chinnaswamy Stadium,Medium,False,True,114,18,19.0,118,6.2105263157894735,20,139,21,1.0,21.0,10,0,Medium
