Ball Number,over,ball,Ball,bowler,bowler_role,batsman,batsman_role,Runs,is_wicket,bowler_score,match_id,city,stadium,Stadium_Type,is_extra,legal_delivery,legal_deliveries_count,overs_completed,overs_bowled,total_runs,current_run_rate,total_overs,target,runs_needed,overs_remaining,required_run_rate,wickets_fallen,wickets_in_hand,Ground_Type
0.1,0,1,1,Mitchell McClenaghan,Bowlers,Sanju Samson,Batters,0,True,5.0,45,Delhi,Arun Jaitley Stadium,Small,False,True,1,0,0.1666666666666666,0,0.0,20,213,213,19.83333333333333,10.739495798319329,1,9,Small
0.2,0,2,2,Mitchell McClenaghan,Bowlers,Karun Nair,Batters,1,False,-0.5,45,Delhi,Arun Jaitley Stadium,Small,False,True,2,0,0.3333333333333333,1,3.0,20,213,212,19.666666666666668,10.779661016949152,1,9,Small
0.3,0,3,3,Mitchell McClenaghan,Bowlers,Shreyas Iyer,Batters,1,False,-0.5,45,Delhi,Arun Jaitley Stadium,Small,False,True,3,0,0.5,2,4.0,20,213,211,19.5,10.82051282051282,1,9,Small
0.4,0,4,4,Mitchell McClenaghan,Bowlers,Karun Nair,Batters,1,False,-0.5,45,Delhi,Arun Jaitley Stadium,Small,False,True,4,0,0.6666666666666666,3,4.5,20,213,210,19.33333333333333,10.862068965517242,1,9,Small
0.5,0,5,5,Mitchell McClenaghan,Bowlers,Shreyas Iyer,Batters,0,False,1.0,45,Delhi,Arun Jaitley Stadium,Small,False,True,5,0,0.8333333333333334,3,3.6,20,213,210,19.166666666666668,10.956521739130434,1,9,Small
0.6,0,6,6,Mitchell McClenaghan,Bowlers,Shreyas Iyer,Batters,1,False,-0.5,45,Delhi,Arun Jaitley Stadium,Small,False,True,6,0,1.0,4,4.0,20,213,209,19.0,11.0,1,9,Small
1.1,1,1,7,Lasith Malinga,Bowlers,Shreyas Iyer,Batters,1,False,-0.5,45,Delhi,Arun Jaitley Stadium,Small,False,True,7,1,1.1666666666666667,5,4.285714285714286,20,213,208,18.83333333333333,11.04424778761062,1,9,Small
1.2,1,2,8,Lasith Malinga,Bowlers,Karun Nair,Batters,0,False,1.0,45,Delhi,Arun Jaitley Stadium,Small,False,True,8,1,1.3333333333333333,5,3.75,20,213,208,18.666666666666668,11.142857142857142,1,9,Small
1.3,1,3,9,Lasith Malinga,Bowlers,Karun Nair,Batters,1,False,-0.25,45,Delhi,Arun Jaitley Stadium,Small,False,True,9,1,1.5,6,4.0,20,213,207,18.5,11.18918918918919,1,9,Small
1.4,1,4,10,Lasith Malinga,Bowlers,Shreyas Iyer,Batters,0,False,1.0,45,Delhi,Arun Jaitley Stadium,Small,False,True,10,1,1.6666666666666663,6,3.6000000000000005,20,213,207,18.33333333333333,11.290909090909093,1,9,Small
1.5,1,5,11,Lasith Malinga,Bowlers,Shreyas Iyer,Batters,0,True,5.0,45,Delhi,Arun Jaitley Stadium,Small,False,True,11,1,1.8333333333333333,6,3.2727272727272725,20,213,207,18.166666666666668,11.394495412844035,2,8,Small
1.6,1,6,12,Lasith Malinga,Bowlers,Rishabh Pant,Batters,0,False,1.0,45,Delhi,Arun Jaitley Stadium,Small,False,True,12,1,2.0,6,3.0,20,213,207,18.0,11.5,2,8,Small
2.1,2,1,13,Mitchell McClenaghan,Bowlers,Karun Nair,Batters,0,False,1.0,45,Delhi,Arun Jaitley Stadium,Small,False,True,13,2,2.1666666666666665,6,2.7692307692307696,20,213,207,17.833333333333332,11.60747663551402,2,8,Small
2.2,2,2,14,Mitchell McClenaghan,Bowlers,Karun Nair,Batters,0,False,1.0,45,Delhi,Arun Jaitley Stadium,Small,False,True,14,2,2.333333333333333,6,2.571428571428571,20,213,207,17.666666666666668,11.716981132075473,2,8,Small
2.3,2,3,15,Mitchell McClenaghan,Bowlers,Karun Nair,Batters,4,False,-2.0,45,Delhi,Arun Jaitley Stadium,Small,False,True,15,2,2.5,10,4.0,20,213,203,17.5,11.6,2,8,Small
2.4,2,4,16,Mitchell McClenaghan,Bowlers,Karun Nair,Batters,4,False,-2.0,45,Delhi,Arun Jaitley Stadium,Small,False,True,16,2,2.6666666666666665,14,5.25,20,213,199,17.333333333333332,11.480769230769232,2,8,Small
2.5,2,5,17,Mitchell McClenaghan,Bowlers,Karun Nair,Batters,0,False,1.0,45,Delhi,Arun Jaitley Stadium,Small,False,True,17,2,2.833333333333333,14,4.941176470588235,20,213,199,17.166666666666668,11.592233009708735,2,8,Small
2.6,2,6,18,Mitchell McClenaghan,Bowlers,Karun Nair,Batters,6,False,-3.0,45,Delhi,Arun Jaitley Stadium,Small,False,True,18,2,3.0,20,6.666666666666667,20,213,193,17.0,11.352941176470589,2,8,Small
3.1,3,1,19,Jasprit Bumrah,Bowlers,Rishabh Pant,Batters,0,False,1.0,45,Delhi,Arun Jaitley Stadium,Small,False,True,19,3,3.1666666666666665,20,6.315789473684211,20,213,193,16.833333333333332,11.465346534653468,2,8,Small
3.2,3,2,20,Jasprit Bumrah,Bowlers,Rishabh Pant,Batters,0,True,5.0,45,Delhi,Arun Jaitley Stadium,Small,False,True,20,3,3.333333333333333,20,6.0,20,213,193,16.666666666666668,11.579999999999998,3,7,Small
3.3,3,3,21,Jasprit Bumrah,Bowlers,Karun Nair,Batters,0,False,1.0,45,Delhi,Arun Jaitley Stadium,Small,False,True,21,3,3.5,20,5.714285714285714,20,213,193,16.5,11.696969696969695,3,7,Small
3.4,3,4,22,Jasprit Bumrah,Bowlers,Karun Nair,Batters,1,False,-0.5,45,Delhi,Arun Jaitley Stadium,Small,False,True,22,3,3.6666666666666665,21,5.727272727272728,20,213,192,16.333333333333332,11.755102040816327,3,7,Small
3.5,3,5,23,Jasprit Bumrah,Bowlers,Corey Anderson,All-Rounders,1,False,-0.5,45,Delhi,Arun Jaitley Stadium,Small,False,True,23,3,3.8333333333333335,22,5.739130434782608,20,213,191,16.166666666666668,11.81443298969072,3,7,Small
3.6,3,6,24,Jasprit Bumrah,Bowlers,Karun Nair,Batters,4,False,-2.0,45,Delhi,Arun Jaitley Stadium,Small,False,True,24,3,4.0,26,6.5,20,213,187,16.0,11.6875,3,7,Small
4.1,4,1,25,Harbhajan Singh,Bowlers,Corey Anderson,All-Rounders,4,False,-2.0,45,Delhi,Arun Jaitley Stadium,Small,False,True,25,4,4.166666666666667,30,7.199999999999999,20,213,183,15.833333333333332,11.557894736842108,3,7,Small
4.2,4,2,26,Harbhajan Singh,Bowlers,Corey Anderson,All-Rounders,1,False,-0.5,45,Delhi,Arun Jaitley Stadium,Small,False,True,26,4,4.333333333333333,31,7.153846153846154,20,213,182,15.666666666666668,11.617021276595745,3,7,Small
4.3,4,3,27,Harbhajan Singh,Bowlers,Karun Nair,Batters,0,False,1.0,45,Delhi,Arun Jaitley Stadium,Small,False,True,27,4,4.5,31,6.888888888888889,20,213,182,15.5,11.741935483870968,3,7,Small
4.4,4,4,28,Harbhajan Singh,Bowlers,Karun Nair,Batters,0,True,5.0,45,Delhi,Arun Jaitley Stadium,Small,False,True,28,4,4.666666666666667,31,6.642857142857142,20,213,182,15.333333333333332,11.869565217391305,4,6,Small
4.5,4,5,29,Harbhajan Singh,Bowlers,Marlon Samuels,Batters,0,False,1.0,45,Delhi,Arun Jaitley Stadium,Small,False,True,29,4,4.833333333333333,31,6.413793103448277,20,213,182,15.166666666666668,11.999999999999998,4,6,Small
4.6,4,6,30,Harbhajan Singh,Bowlers,Marlon Samuels,Batters,0,False,1.0,45,Delhi,Arun Jaitley Stadium,Small,False,True,30,4,5.0,31,6.2,20,213,182,15.0,12.133333333333333,4,6,Small
5.1,5,1,31,Lasith Malinga,Bowlers,Corey Anderson,All-Rounders,0,False,1.0,45,Delhi,Arun Jaitley Stadium,Small,False,True,31,5,5.166666666666667,31,6.0,20,213,182,14.833333333333332,12.269662921348315,4,6,Small
5.2,5,2,32,Lasith Malinga,Bowlers,Corey Anderson,All-Rounders,4,False,-2.0,45,Delhi,Arun Jaitley Stadium,Small,False,True,32,5,5.333333333333333,35,6.5625,20,213,178,14.666666666666668,12.136363636363637,4,6,Small
5.3,5,3,33,Lasith Malinga,Bowlers,Corey Anderson,All-Rounders,0,False,1.0,45,Delhi,Arun Jaitley Stadium,Small,False,True,33,5,5.5,35,6.363636363636363,20,213,178,14.5,12.275862068965518,4,6,Small
5.4,5,4,34,Lasith Malinga,Bowlers,Corey Anderson,All-Rounders,0,False,1.0,45,Delhi,Arun Jaitley Stadium,Small,False,True,34,5,5.666666666666667,35,6.1764705882352935,20,213,178,14.333333333333332,12.418604651162791,4,6,Small
5.5,5,5,35,Lasith Malinga,Bowlers,Corey Anderson,All-Rounders,0,True,5.0,45,Delhi,Arun Jaitley Stadium,Small,False,True,35,5,5.833333333333333,35,6.0,20,213,178,14.166666666666668,12.56470588235294,5,5,Small
5.6,5,6,36,Lasith Malinga,Bowlers,Pat Cummins,Bowlers,0,False,1.0,45,Delhi,Arun Jaitley Stadium,Small,False,True,36,5,6.0,35,5.833333333333333,20,213,178,14.0,12.714285714285714,5,5,Small
6.1,6,1,37,Harbhajan Singh,Bowlers,Marlon Samuels,Batters,0,False,1.0,45,Delhi,Arun Jaitley Stadium,Small,False,True,37,6,6.166666666666667,35,5.675675675675675,20,213,178,13.833333333333332,12.867469879518074,5,5,Small
6.2,6,2,38,Harbhajan Singh,Bowlers,Marlon Samuels,Batters,1,False,-0.5,45,Delhi,Arun Jaitley Stadium,Small,False,True,38,6,6.333333333333333,36,5.684210526315789,20,213,177,13.666666666666668,12.95121951219512,5,5,Small
6.3,6,3,39,Harbhajan Singh,Bowlers,Pat Cummins,Bowlers,0,False,1.0,45,Delhi,Arun Jaitley Stadium,Small,False,True,39,6,6.5,36,5.538461538461538,20,213,177,13.5,13.11111111111111,5,5,Small
6.4,6,4,40,Harbhajan Singh,Bowlers,Pat Cummins,Bowlers,0,False,1.0,45,Delhi,Arun Jaitley Stadium,Small,False,True,40,6,6.666666666666667,36,5.4,20,213,177,13.333333333333332,13.275,5,5,Small
6.5,6,5,41,Harbhajan Singh,Bowlers,Pat Cummins,Bowlers,0,False,1.0,45,Delhi,Arun Jaitley Stadium,Small,False,True,41,6,6.833333333333333,36,5.2682926829268295,20,213,177,13.166666666666668,13.443037974683543,5,5,Small
6.6,6,6,42,Harbhajan Singh,Bowlers,Pat Cummins,Bowlers,1,False,-0.5,45,Delhi,Arun Jaitley Stadium,Small,False,True,42,6,7.0,37,5.285714285714286,20,213,176,13.0,13.538461538461538,5,5,Small
7.1,7,1,43,Karn Sharma,Bowlers,Pat Cummins,Bowlers,2,False,-1.0,45,Delhi,Arun Jaitley Stadium,Small,False,True,43,7,7.166666666666667,39,5.441860465116279,20,213,174,12.833333333333332,13.55844155844156,5,5,Small
7.2,7,2,44,Karn Sharma,Bowlers,Pat Cummins,Bowlers,0,False,1.0,45,Delhi,Arun Jaitley Stadium,Small,False,True,44,7,7.333333333333333,39,5.318181818181818,20,213,174,12.666666666666668,13.736842105263156,5,5,Small
7.3,7,3,45,Karn Sharma,Bowlers,Pat Cummins,Bowlers,1,False,-0.5,45,Delhi,Arun Jaitley Stadium,Small,False,True,45,7,7.5,40,5.333333333333333,20,213,173,12.5,13.84,5,5,Small
7.4,7,4,46,Karn Sharma,Bowlers,Marlon Samuels,Batters,0,True,5.0,45,Delhi,Arun Jaitley Stadium,Small,False,True,46,7,7.666666666666667,40,5.217391304347826,20,213,173,12.333333333333332,14.027027027027028,6,4,Small
7.5,7,5,47,Karn Sharma,Bowlers,Kagiso Rabada,Bowlers,0,False,1.0,45,Delhi,Arun Jaitley Stadium,Small,False,True,47,7,7.833333333333333,40,5.1063829787234045,20,213,173,12.166666666666668,14.21917808219178,6,4,Small
7.6,7,6,48,Karn Sharma,Bowlers,Kagiso Rabada,Bowlers,0,False,1.0,45,Delhi,Arun Jaitley Stadium,Small,False,True,48,7,8.0,40,5.0,20,213,173,12.0,14.416666666666666,6,4,Small
8.1,8,1,49,Harbhajan Singh,Bowlers,Pat Cummins,Bowlers,6,False,-3.0,45,Delhi,Arun Jaitley Stadium,Small,False,True,49,8,8.166666666666666,46,5.63265306122449,20,213,167,11.833333333333334,14.112676056338028,6,4,Small
8.2,8,2,50,Harbhajan Singh,Bowlers,Pat Cummins,Bowlers,0,True,5.0,45,Delhi,Arun Jaitley Stadium,Small,False,True,50,8,8.333333333333334,46,5.52,20,213,167,11.666666666666666,14.314285714285717,7,3,Small
8.3,8,3,51,Harbhajan Singh,Bowlers,Amit Mishra,Bowlers,0,False,1.0,45,Delhi,Arun Jaitley Stadium,Small,False,True,51,8,8.5,46,5.411764705882353,20,213,167,11.5,14.521739130434783,7,3,Small
8.4,8,4,52,Harbhajan Singh,Bowlers,Amit Mishra,Bowlers,1,False,-0.5,45,Delhi,Arun Jaitley Stadium,Small,False,True,52,8,8.666666666666666,47,5.423076923076923,20,213,166,11.333333333333334,14.647058823529411,7,3,Small
8.5,8,5,53,Harbhajan Singh,Bowlers,Kagiso Rabada,Bowlers,0,False,1.0,45,Delhi,Arun Jaitley Stadium,Small,False,True,53,8,8.833333333333334,47,5.320754716981131,20,213,166,11.166666666666666,14.865671641791046,7,3,Small
8.6,8,6,54,Harbhajan Singh,Bowlers,Kagiso Rabada,Bowlers,0,False,1.0,45,Delhi,Arun Jaitley Stadium,Small,False,True,54,8,9.0,47,5.222222222222222,20,213,166,11.0,15.090909090909092,7,3,Small
9.1,9,1,55,Karn Sharma,Bowlers,Amit Mishra,Bowlers,0,False,1.0,45,Delhi,Arun Jaitley Stadium,Small,False,True,55,9,9.166666666666666,47,5.127272727272728,20,213,166,10.833333333333334,15.323076923076922,7,3,Small
9.2,9,2,56,Karn Sharma,Bowlers,Amit Mishra,Bowlers,0,False,1.0,45,Delhi,Arun Jaitley Stadium,Small,False,True,56,9,9.333333333333334,47,5.035714285714286,20,213,166,10.666666666666666,15.5625,7,3,Small
9.3,9,3,57,Karn Sharma,Bowlers,Amit Mishra,Bowlers,1,False,-0.25,45,Delhi,Arun Jaitley Stadium,Small,False,True,57,9,9.5,48,5.052631578947368,20,213,165,10.5,15.714285714285714,7,3,Small
9.4,9,4,58,Karn Sharma,Bowlers,Kagiso Rabada,Bowlers,0,True,5.0,45,Delhi,Arun Jaitley Stadium,Small,False,True,58,9,9.666666666666666,48,4.965517241379311,20,213,165,10.333333333333334,15.96774193548387,8,2,Small
9.5,9,5,59,Karn Sharma,Bowlers,Mohammed Shami,Bowlers,1,False,-0.5,45,Delhi,Arun Jaitley Stadium,Small,False,True,59,9,9.833333333333334,49,4.983050847457627,20,213,164,10.166666666666666,16.13114754098361,8,2,Small
9.6,9,6,60,Karn Sharma,Bowlers,Amit Mishra,Bowlers,1,False,-0.5,45,Delhi,Arun Jaitley Stadium,Small,False,True,60,9,10.0,50,5.0,20,213,163,10.0,16.3,8,2,Small
10.1,10,1,61,Harbhajan Singh,Bowlers,Amit Mishra,Bowlers,1,False,-0.5,45,Delhi,Arun Jaitley Stadium,Small,False,True,61,10,10.166666666666666,51,5.016393442622952,20,213,162,9.833333333333334,16.47457627118644,8,2,Small
10.2,10,2,62,Harbhajan Singh,Bowlers,Mohammed Shami,Bowlers,0,False,1.0,45,Delhi,Arun Jaitley Stadium,Small,False,True,62,10,10.333333333333334,51,4.935483870967742,20,213,162,9.666666666666666,16.758620689655174,8,2,Small
10.3,10,3,63,Harbhajan Singh,Bowlers,Mohammed Shami,Bowlers,6,False,-3.0,45,Delhi,Arun Jaitley Stadium,Small,False,True,63,10,10.5,57,5.428571428571429,20,213,156,9.5,16.42105263157895,8,2,Small
10.4,10,4,64,Harbhajan Singh,Bowlers,Mohammed Shami,Bowlers,0,True,5.0,45,Delhi,Arun Jaitley Stadium,Small,False,True,64,10,10.666666666666666,57,5.34375,20,213,156,9.333333333333334,16.71428571428571,9,1,Small
10.5,10,5,65,Harbhajan Singh,Bowlers,Amit Mishra,Bowlers,1,False,-0.5,45,Delhi,Arun Jaitley Stadium,Small,False,True,65,10,10.833333333333334,58,5.3538461538461535,20,213,155,9.166666666666666,16.90909090909091,9,1,Small
10.6,10,6,66,Harbhajan Singh,Bowlers,Zaheer Khan,Bowlers,0,False,1.0,45,Delhi,Arun Jaitley Stadium,Small,False,True,66,10,11.0,58,5.2727272727272725,20,213,155,9.0,17.22222222222222,9,1,Small
11.1,11,1,67,Karn Sharma,Bowlers,Amit Mishra,Bowlers,1,False,-1.0,45,Delhi,Arun Jaitley Stadium,Small,True,False,66,10,11.0,59,5.363636363636363,20,213,154,9.0,17.11111111111111,9,1,Small
11.1,11,1,68,Karn Sharma,Bowlers,Amit Mishra,Bowlers,2,False,-1.0,45,Delhi,Arun Jaitley Stadium,Small,False,True,67,11,11.166666666666666,61,5.462686567164179,20,213,152,8.833333333333334,17.20754716981132,9,1,Small
11.2,11,2,69,Karn Sharma,Bowlers,Amit Mishra,Bowlers,1,False,-0.5,45,Delhi,Arun Jaitley Stadium,Small,False,True,68,11,11.333333333333334,62,5.470588235294118,20,213,151,8.666666666666666,17.423076923076923,9,1,Small
11.3,11,3,70,Karn Sharma,Bowlers,Zaheer Khan,Bowlers,1,False,-0.5,45,Delhi,Arun Jaitley Stadium,Small,False,True,69,11,11.5,63,5.478260869565218,20,213,150,8.5,17.647058823529413,9,1,Small
11.4,11,4,71,Karn Sharma,Bowlers,Amit Mishra,Bowlers,0,False,1.0,45,Delhi,Arun Jaitley Stadium,Small,False,True,70,11,11.666666666666666,63,5.4,20,213,150,8.333333333333334,18.0,9,1,Small
11.5,11,5,72,Karn Sharma,Bowlers,Amit Mishra,Bowlers,0,False,1.0,45,Delhi,Arun Jaitley Stadium,Small,False,True,71,11,11.833333333333334,63,5.323943661971831,20,213,150,8.166666666666666,18.367346938775512,9,1,Small
11.6,11,6,73,Karn Sharma,Bowlers,Amit Mishra,Bowlers,1,False,-0.5,45,Delhi,Arun Jaitley Stadium,Small,False,True,72,11,12.0,64,5.333333333333333,20,213,149,8.0,18.625,9,1,Small
12.1,12,1,74,Hardik Pandya,All-Rounders,Amit Mishra,Bowlers,1,False,-0.5,45,Delhi,Arun Jaitley Stadium,Small,False,True,73,12,12.166666666666666,65,5.342465753424658,20,213,148,7.833333333333334,18.8936170212766,9,1,Small
12.2,12,2,75,Hardik Pandya,All-Rounders,Zaheer Khan,Bowlers,0,False,1.0,45,Delhi,Arun Jaitley Stadium,Small,False,True,74,12,12.333333333333334,65,5.27027027027027,20,213,148,7.666666666666666,19.30434782608696,9,1,Small
12.3,12,3,76,Hardik Pandya,All-Rounders,Zaheer Khan,Bowlers,0,False,1.0,45,Delhi,Arun Jaitley Stadium,Small,False,True,75,12,12.5,65,5.2,20,213,148,7.5,19.73333333333333,9,1,Small
12.4,12,4,77,Hardik Pandya,All-Rounders,Zaheer Khan,Bowlers,0,False,1.0,45,Delhi,Arun Jaitley Stadium,Small,False,True,76,12,12.666666666666666,65,5.131578947368421,20,213,148,7.333333333333334,20.18181818181818,9,1,Small
12.5,12,5,78,Hardik Pandya,All-Rounders,Zaheer Khan,Bowlers,0,False,1.0,45,Delhi,Arun Jaitley Stadium,Small,False,True,77,12,12.833333333333334,65,5.064935064935065,20,213,148,7.166666666666666,20.65116279069768,9,1,Small
12.6,12,6,79,Hardik Pandya,All-Rounders,Zaheer Khan,Bowlers,1,False,-0.5,45,Delhi,Arun Jaitley Stadium,Small,False,True,78,12,13.0,66,5.076923076923077,20,213,147,7.0,21.0,9,1,Small
13.1,13,1,80,Karn Sharma,Bowlers,Zaheer Khan,Bowlers,0,False,1.0,45,Delhi,Arun Jaitley Stadium,Small,False,True,79,13,13.166666666666666,66,5.012658227848101,20,213,147,6.833333333333334,21.51219512195122,9,1,Small
13.2,13,2,81,Karn Sharma,Bowlers,Zaheer Khan,Bowlers,0,False,1.0,45,Delhi,Arun Jaitley Stadium,Small,False,True,80,13,13.333333333333334,66,4.95,20,213,147,6.666666666666666,22.05,9,1,Small
13.3,13,3,82,Karn Sharma,Bowlers,Zaheer Khan,Bowlers,0,False,1.0,45,Delhi,Arun Jaitley Stadium,Small,False,True,81,13,13.5,66,4.888888888888889,20,213,147,6.5,22.615384615384617,9,1,Small
13.4,13,4,83,Karn Sharma,Bowlers,Zaheer Khan,Bowlers,0,True,5.0,45,Delhi,Arun Jaitley Stadium,Small,False,True,82,13,13.666666666666666,66,4.829268292682927,20,213,147,6.333333333333334,23.21052631578948,10,0,Small
