Ball Number,over,ball,Ball,bowler,bowler_role,batsman,batsman_role,Runs,is_wicket,bowler_score,match_id,city,stadium,Stadium_Type,is_extra,legal_delivery,legal_deliveries_count,overs_completed,overs_bowled,total_runs,current_run_rate,total_overs,target,runs_needed,overs_remaining,required_run_rate,wickets_fallen,wickets_in_hand,Ground_Type
0.1,0,1,1,Pradeep Sangwan,Bowlers,Martin Guptill,Batters,2,False,-1.0,47,Mohali,Punjab Cricket Association Stadium,Medium,False,True,1,0,0.1666666666666666,2,12.0,20,190,188,19.83333333333333,9.478991596638656,0,10,Medium
0.2,0,2,2,Pradeep Sangwan,Bowlers,Martin Guptill,Batters,0,False,1.0,47,Mohali,Punjab Cricket Association Stadium,Medium,False,True,2,0,0.3333333333333333,2,6.0,20,190,188,19.666666666666668,9.559322033898304,0,10,Medium
0.3,0,3,3,Pradeep Sangwan,Bowlers,Martin Guptill,Batters,0,False,1.0,47,Mohali,Punjab Cricket Association Stadium,Medium,False,True,3,0,0.5,2,4.0,20,190,188,19.5,9.64102564102564,0,10,Medium
0.4,0,4,4,Pradeep Sangwan,Bowlers,Martin Guptill,Batters,0,False,1.0,47,Mohali,Punjab Cricket Association Stadium,Medium,False,True,4,0,0.6666666666666666,2,3.0,20,190,188,19.33333333333333,9.724137931034484,0,10,Medium
0.5,0,5,5,Pradeep Sangwan,Bowlers,Martin Guptill,Batters,0,True,5.0,47,Mohali,Punjab Cricket Association Stadium,Medium,False,True,5,0,0.8333333333333334,2,2.4,20,190,188,19.166666666666668,9.808695652173911,1,9,Medium
0.6,0,6,6,Pradeep Sangwan,Bowlers,Hashim Amla,Batters,0,False,1.0,47,Mohali,Punjab Cricket Association Stadium,Medium,False,True,6,0,1.0,2,2.0,20,190,188,19.0,9.894736842105264,1,9,Medium
1.1,1,1,7,Dhawal Kulkarni,Bowlers,Shaun Marsh,Batters,0,False,1.0,47,Mohali,Punjab Cricket Association Stadium,Medium,False,True,7,1,1.1666666666666667,2,1.7142857142857142,20,190,188,18.83333333333333,9.982300884955754,1,9,Medium
1.2,1,2,8,Dhawal Kulkarni,Bowlers,Shaun Marsh,Batters,0,False,1.0,47,Mohali,Punjab Cricket Association Stadium,Medium,False,True,8,1,1.3333333333333333,2,1.5,20,190,188,18.666666666666668,10.071428571428571,1,9,Medium
1.3,1,3,9,Dhawal Kulkarni,Bowlers,Shaun Marsh,Batters,1,False,-0.5,47,Mohali,Punjab Cricket Association Stadium,Medium,False,True,9,1,1.5,3,2.0,20,190,187,18.5,10.108108108108109,1,9,Medium
1.4,1,4,10,Dhawal Kulkarni,Bowlers,Hashim Amla,Batters,0,False,1.0,47,Mohali,Punjab Cricket Association Stadium,Medium,False,True,10,1,1.6666666666666663,3,1.8000000000000005,20,190,187,18.33333333333333,10.2,1,9,Medium
1.5,1,5,11,Dhawal Kulkarni,Bowlers,Hashim Amla,Batters,0,False,1.0,47,Mohali,Punjab Cricket Association Stadium,Medium,False,True,11,1,1.8333333333333333,3,1.6363636363636362,20,190,187,18.166666666666668,10.293577981651376,1,9,Medium
1.6,1,6,12,Dhawal Kulkarni,Bowlers,Hashim Amla,Batters,0,False,1.0,47,Mohali,Punjab Cricket Association Stadium,Medium,False,True,12,1,2.0,3,1.5,20,190,187,18.0,10.38888888888889,1,9,Medium
2.1,2,1,13,Pradeep Sangwan,Bowlers,Shaun Marsh,Batters,0,False,1.0,47,Mohali,Punjab Cricket Association Stadium,Medium,False,True,13,2,2.1666666666666665,3,1.3846153846153848,20,190,187,17.833333333333332,10.485981308411215,1,9,Medium
2.2,2,2,14,Pradeep Sangwan,Bowlers,Shaun Marsh,Batters,1,False,-0.5,47,Mohali,Punjab Cricket Association Stadium,Medium,False,True,14,2,2.333333333333333,4,1.7142857142857142,20,190,186,17.666666666666668,10.528301886792452,1,9,Medium
2.3,2,3,15,Pradeep Sangwan,Bowlers,Hashim Amla,Batters,0,False,1.0,47,Mohali,Punjab Cricket Association Stadium,Medium,False,True,15,2,2.5,4,1.6,20,190,186,17.5,10.628571428571428,1,9,Medium
2.4,2,4,16,Pradeep Sangwan,Bowlers,Hashim Amla,Batters,4,False,-2.0,47,Mohali,Punjab Cricket Association Stadium,Medium,False,True,16,2,2.6666666666666665,8,3.0,20,190,182,17.333333333333332,10.5,1,9,Medium
2.5,2,5,17,Pradeep Sangwan,Bowlers,Hashim Amla,Batters,4,False,-2.0,47,Mohali,Punjab Cricket Association Stadium,Medium,False,True,17,2,2.833333333333333,12,4.235294117647059,20,190,178,17.166666666666668,10.36893203883495,1,9,Medium
2.6,2,6,18,Pradeep Sangwan,Bowlers,Hashim Amla,Batters,1,False,-0.5,47,Mohali,Punjab Cricket Association Stadium,Medium,False,True,18,2,3.0,13,4.333333333333333,20,190,177,17.0,10.411764705882351,1,9,Medium
3.1,3,1,19,Dhawal Kulkarni,Bowlers,Hashim Amla,Batters,1,False,-0.5,47,Mohali,Punjab Cricket Association Stadium,Medium,False,True,19,3,3.1666666666666665,14,4.421052631578948,20,190,176,16.833333333333332,10.455445544554456,1,9,Medium
3.2,3,2,20,Dhawal Kulkarni,Bowlers,Shaun Marsh,Batters,1,False,-0.5,47,Mohali,Punjab Cricket Association Stadium,Medium,False,True,20,3,3.333333333333333,15,4.5,20,190,175,16.666666666666668,10.5,1,9,Medium
3.3,3,3,21,Dhawal Kulkarni,Bowlers,Hashim Amla,Batters,1,False,-0.5,47,Mohali,Punjab Cricket Association Stadium,Medium,False,True,21,3,3.5,16,4.571428571428571,20,190,174,16.5,10.545454545454543,1,9,Medium
3.4,3,4,22,Dhawal Kulkarni,Bowlers,Shaun Marsh,Batters,1,False,-0.5,47,Mohali,Punjab Cricket Association Stadium,Medium,False,True,22,3,3.6666666666666665,17,4.636363636363637,20,190,173,16.333333333333332,10.591836734693878,1,9,Medium
3.5,3,5,23,Dhawal Kulkarni,Bowlers,Hashim Amla,Batters,1,False,-1.0,47,Mohali,Punjab Cricket Association Stadium,Medium,True,False,22,3,3.6666666666666665,18,4.909090909090909,20,190,172,16.333333333333332,10.53061224489796,1,9,Medium
3.5,3,5,24,Dhawal Kulkarni,Bowlers,Hashim Amla,Batters,1,False,-0.5,47,Mohali,Punjab Cricket Association Stadium,Medium,False,True,23,3,3.8333333333333335,19,4.956521739130435,20,190,171,16.166666666666668,10.577319587628866,1,9,Medium
3.6,3,6,25,Dhawal Kulkarni,Bowlers,Shaun Marsh,Batters,1,False,-1.0,47,Mohali,Punjab Cricket Association Stadium,Medium,True,False,23,3,3.8333333333333335,20,5.217391304347826,20,190,170,16.166666666666668,10.515463917525771,1,9,Medium
3.6,3,6,26,Dhawal Kulkarni,Bowlers,Shaun Marsh,Batters,1,False,-0.5,47,Mohali,Punjab Cricket Association Stadium,Medium,False,True,24,3,4.0,21,5.25,20,190,169,16.0,10.5625,1,9,Medium
4.1,4,1,27,Basil Thampi,Bowlers,Shaun Marsh,Batters,0,False,1.0,47,Mohali,Punjab Cricket Association Stadium,Medium,False,True,25,4,4.166666666666667,21,5.04,20,190,169,15.833333333333332,10.673684210526316,1,9,Medium
4.2,4,2,28,Basil Thampi,Bowlers,Shaun Marsh,Batters,1,False,-0.5,47,Mohali,Punjab Cricket Association Stadium,Medium,False,True,26,4,4.333333333333333,22,5.0769230769230775,20,190,168,15.666666666666668,10.723404255319148,1,9,Medium
4.3,4,3,29,Basil Thampi,Bowlers,Hashim Amla,Batters,1,False,-0.5,47,Mohali,Punjab Cricket Association Stadium,Medium,False,True,27,4,4.5,23,5.111111111111111,20,190,167,15.5,10.774193548387096,1,9,Medium
4.4,4,4,30,Basil Thampi,Bowlers,Shaun Marsh,Batters,1,False,-0.5,47,Mohali,Punjab Cricket Association Stadium,Medium,False,True,28,4,4.666666666666667,24,5.142857142857142,20,190,166,15.333333333333332,10.82608695652174,1,9,Medium
4.5,4,5,31,Basil Thampi,Bowlers,Hashim Amla,Batters,4,False,-2.0,47,Mohali,Punjab Cricket Association Stadium,Medium,False,True,29,4,4.833333333333333,28,5.793103448275862,20,190,162,15.166666666666668,10.68131868131868,1,9,Medium
4.6,4,6,32,Basil Thampi,Bowlers,Hashim Amla,Batters,1,False,-0.5,47,Mohali,Punjab Cricket Association Stadium,Medium,False,True,30,4,5.0,29,5.8,20,190,161,15.0,10.733333333333333,1,9,Medium
5.1,5,1,33,James Faulkner,All-Rounders,Hashim Amla,Batters,6,False,-3.0,47,Mohali,Punjab Cricket Association Stadium,Medium,False,True,31,5,5.166666666666667,35,6.774193548387096,20,190,155,14.833333333333332,10.449438202247192,1,9,Medium
5.2,5,2,34,James Faulkner,All-Rounders,Hashim Amla,Batters,1,False,-0.5,47,Mohali,Punjab Cricket Association Stadium,Medium,False,True,32,5,5.333333333333333,36,6.75,20,190,154,14.666666666666668,10.5,1,9,Medium
5.3,5,3,35,James Faulkner,All-Rounders,Shaun Marsh,Batters,2,False,-1.0,47,Mohali,Punjab Cricket Association Stadium,Medium,False,True,33,5,5.5,38,6.909090909090909,20,190,152,14.5,10.482758620689657,1,9,Medium
5.4,5,4,36,James Faulkner,All-Rounders,Shaun Marsh,Batters,1,False,-0.5,47,Mohali,Punjab Cricket Association Stadium,Medium,False,True,34,5,5.666666666666667,39,6.88235294117647,20,190,151,14.333333333333332,10.534883720930234,1,9,Medium
5.5,5,5,37,James Faulkner,All-Rounders,Hashim Amla,Batters,4,False,-2.0,47,Mohali,Punjab Cricket Association Stadium,Medium,False,True,35,5,5.833333333333333,43,7.371428571428572,20,190,147,14.166666666666668,10.376470588235293,1,9,Medium
5.6,5,6,38,James Faulkner,All-Rounders,Hashim Amla,Batters,1,False,-0.5,47,Mohali,Punjab Cricket Association Stadium,Medium,False,True,36,5,6.0,44,7.333333333333333,20,190,146,14.0,10.428571428571429,1,9,Medium
6.1,6,1,39,Ravindra Jadeja,All-Rounders,Hashim Amla,Batters,1,False,-0.5,47,Mohali,Punjab Cricket Association Stadium,Medium,False,True,37,6,6.166666666666667,45,7.297297297297297,20,190,145,13.833333333333332,10.481927710843374,1,9,Medium
6.2,6,2,40,Ravindra Jadeja,All-Rounders,Shaun Marsh,Batters,2,False,-1.0,47,Mohali,Punjab Cricket Association Stadium,Medium,False,True,38,6,6.333333333333333,47,7.421052631578948,20,190,143,13.666666666666668,10.46341463414634,1,9,Medium
6.3,6,3,41,Ravindra Jadeja,All-Rounders,Shaun Marsh,Batters,1,False,-0.5,47,Mohali,Punjab Cricket Association Stadium,Medium,False,True,39,6,6.5,48,7.384615384615385,20,190,142,13.5,10.51851851851852,1,9,Medium
6.4,6,4,42,Ravindra Jadeja,All-Rounders,Hashim Amla,Batters,1,False,-0.5,47,Mohali,Punjab Cricket Association Stadium,Medium,False,True,40,6,6.666666666666667,49,7.35,20,190,141,13.333333333333332,10.575,1,9,Medium
6.5,6,5,43,Ravindra Jadeja,All-Rounders,Shaun Marsh,Batters,4,False,-2.0,47,Mohali,Punjab Cricket Association Stadium,Medium,False,True,41,6,6.833333333333333,53,7.75609756097561,20,190,137,13.166666666666668,10.40506329113924,1,9,Medium
6.6,6,6,44,Ravindra Jadeja,All-Rounders,Shaun Marsh,Batters,1,False,-0.5,47,Mohali,Punjab Cricket Association Stadium,Medium,False,True,42,6,7.0,54,7.714285714285714,20,190,136,13.0,10.461538461538462,1,9,Medium
7.1,7,1,45,Ankit Soni,All-Rounders,Shaun Marsh,Batters,2,False,-1.0,47,Mohali,Punjab Cricket Association Stadium,Medium,False,True,43,7,7.166666666666667,56,7.813953488372093,20,190,134,12.833333333333332,10.441558441558442,1,9,Medium
7.2,7,2,46,Ankit Soni,All-Rounders,Shaun Marsh,Batters,0,False,1.0,47,Mohali,Punjab Cricket Association Stadium,Medium,False,True,44,7,7.333333333333333,56,7.636363636363637,20,190,134,12.666666666666668,10.578947368421051,1,9,Medium
7.3,7,3,47,Ankit Soni,All-Rounders,Shaun Marsh,Batters,1,False,-0.5,47,Mohali,Punjab Cricket Association Stadium,Medium,False,True,45,7,7.5,57,7.6,20,190,133,12.5,10.64,1,9,Medium
7.4,7,4,48,Ankit Soni,All-Rounders,Hashim Amla,Batters,1,False,-0.5,47,Mohali,Punjab Cricket Association Stadium,Medium,False,True,46,7,7.666666666666667,58,7.565217391304348,20,190,132,12.333333333333332,10.702702702702704,1,9,Medium
7.5,7,5,49,Ankit Soni,All-Rounders,Shaun Marsh,Batters,4,False,-2.0,47,Mohali,Punjab Cricket Association Stadium,Medium,False,True,47,7,7.833333333333333,62,7.914893617021277,20,190,128,12.166666666666668,10.52054794520548,1,9,Medium
7.6,7,6,50,Ankit Soni,All-Rounders,Shaun Marsh,Batters,1,False,-0.5,47,Mohali,Punjab Cricket Association Stadium,Medium,False,True,48,7,8.0,63,7.875,20,190,127,12.0,10.583333333333334,1,9,Medium
8.1,8,1,51,Ravindra Jadeja,All-Rounders,Shaun Marsh,Batters,4,False,-2.0,47,Mohali,Punjab Cricket Association Stadium,Medium,False,True,49,8,8.166666666666666,67,8.204081632653061,20,190,123,11.833333333333334,10.394366197183098,1,9,Medium
8.2,8,2,52,Ravindra Jadeja,All-Rounders,Shaun Marsh,Batters,0,False,1.0,47,Mohali,Punjab Cricket Association Stadium,Medium,False,True,50,8,8.333333333333334,67,8.04,20,190,123,11.666666666666666,10.542857142857144,1,9,Medium
8.3,8,3,53,Ravindra Jadeja,All-Rounders,Shaun Marsh,Batters,1,False,-1.0,47,Mohali,Punjab Cricket Association Stadium,Medium,True,False,50,8,8.333333333333334,68,8.16,20,190,122,11.666666666666666,10.457142857142856,1,9,Medium
8.3,8,3,54,Ravindra Jadeja,All-Rounders,Shaun Marsh,Batters,1,False,-0.5,47,Mohali,Punjab Cricket Association Stadium,Medium,False,True,51,8,8.5,69,8.117647058823529,20,190,121,11.5,10.521739130434783,1,9,Medium
8.4,8,4,55,Ravindra Jadeja,All-Rounders,Hashim Amla,Batters,1,False,-0.5,47,Mohali,Punjab Cricket Association Stadium,Medium,False,True,52,8,8.666666666666666,70,8.076923076923077,20,190,120,11.333333333333334,10.588235294117649,1,9,Medium
8.5,8,5,56,Ravindra Jadeja,All-Rounders,Shaun Marsh,Batters,1,False,-0.5,47,Mohali,Punjab Cricket Association Stadium,Medium,False,True,53,8,8.833333333333334,71,8.037735849056602,20,190,119,11.166666666666666,10.656716417910449,1,9,Medium
8.6,8,6,57,Ravindra Jadeja,All-Rounders,Hashim Amla,Batters,1,False,-0.5,47,Mohali,Punjab Cricket Association Stadium,Medium,False,True,54,8,9.0,72,8.0,20,190,118,11.0,10.727272727272728,1,9,Medium
9.1,9,1,58,James Faulkner,All-Rounders,Hashim Amla,Batters,0,False,1.0,47,Mohali,Punjab Cricket Association Stadium,Medium,False,True,55,9,9.166666666666666,72,7.854545454545455,20,190,118,10.833333333333334,10.892307692307693,1,9,Medium
9.2,9,2,59,James Faulkner,All-Rounders,Hashim Amla,Batters,2,False,-1.0,47,Mohali,Punjab Cricket Association Stadium,Medium,False,True,56,9,9.333333333333334,74,7.928571428571428,20,190,116,10.666666666666666,10.875,1,9,Medium
9.3,9,3,60,James Faulkner,All-Rounders,Hashim Amla,Batters,1,False,-0.5,47,Mohali,Punjab Cricket Association Stadium,Medium,False,True,57,9,9.5,75,7.894736842105263,20,190,115,10.5,10.952380952380953,1,9,Medium
9.4,9,4,61,James Faulkner,All-Rounders,Shaun Marsh,Batters,1,False,-0.5,47,Mohali,Punjab Cricket Association Stadium,Medium,False,True,58,9,9.666666666666666,76,7.862068965517242,20,190,114,10.333333333333334,11.032258064516128,1,9,Medium
9.5,9,5,62,James Faulkner,All-Rounders,Hashim Amla,Batters,1,False,-0.5,47,Mohali,Punjab Cricket Association Stadium,Medium,False,True,59,9,9.833333333333334,77,7.830508474576271,20,190,113,10.166666666666666,11.114754098360656,1,9,Medium
9.6,9,6,63,James Faulkner,All-Rounders,Shaun Marsh,Batters,4,False,-2.0,47,Mohali,Punjab Cricket Association Stadium,Medium,False,True,60,9,10.0,81,8.1,20,190,109,10.0,10.9,1,9,Medium
10.1,10,1,64,Ankit Soni,All-Rounders,Hashim Amla,Batters,1,False,-0.5,47,Mohali,Punjab Cricket Association Stadium,Medium,False,True,61,10,10.166666666666666,82,8.065573770491804,20,190,108,9.833333333333334,10.983050847457626,1,9,Medium
10.2,10,2,65,Ankit Soni,All-Rounders,Shaun Marsh,Batters,1,False,-0.5,47,Mohali,Punjab Cricket Association Stadium,Medium,False,True,62,10,10.333333333333334,83,8.032258064516128,20,190,107,9.666666666666666,11.06896551724138,1,9,Medium
10.3,10,3,66,Ankit Soni,All-Rounders,Hashim Amla,Batters,2,False,-1.0,47,Mohali,Punjab Cricket Association Stadium,Medium,False,True,63,10,10.5,85,8.095238095238095,20,190,105,9.5,11.052631578947368,1,9,Medium
10.4,10,4,67,Ankit Soni,All-Rounders,Hashim Amla,Batters,1,False,-0.5,47,Mohali,Punjab Cricket Association Stadium,Medium,False,True,64,10,10.666666666666666,86,8.0625,20,190,104,9.333333333333334,11.142857142857142,1,9,Medium
10.5,10,5,68,Ankit Soni,All-Rounders,Shaun Marsh,Batters,1,False,-0.5,47,Mohali,Punjab Cricket Association Stadium,Medium,False,True,65,10,10.833333333333334,87,8.03076923076923,20,190,103,9.166666666666666,11.236363636363636,1,9,Medium
10.6,10,6,69,Ankit Soni,All-Rounders,Hashim Amla,Batters,2,False,-1.0,47,Mohali,Punjab Cricket Association Stadium,Medium,False,True,66,10,11.0,89,8.090909090909092,20,190,101,9.0,11.22222222222222,1,9,Medium
11.1,11,1,70,James Faulkner,All-Rounders,Shaun Marsh,Batters,4,False,-2.0,47,Mohali,Punjab Cricket Association Stadium,Medium,False,True,67,11,11.166666666666666,93,8.328358208955224,20,190,97,8.833333333333334,10.981132075471695,1,9,Medium
11.2,11,2,71,James Faulkner,All-Rounders,Shaun Marsh,Batters,2,False,-1.0,47,Mohali,Punjab Cricket Association Stadium,Medium,False,True,68,11,11.333333333333334,95,8.382352941176471,20,190,95,8.666666666666666,10.961538461538462,1,9,Medium
11.3,11,3,72,James Faulkner,All-Rounders,Shaun Marsh,Batters,1,False,-0.5,47,Mohali,Punjab Cricket Association Stadium,Medium,False,True,69,11,11.5,96,8.347826086956522,20,190,94,8.5,11.058823529411764,1,9,Medium
11.4,11,4,73,James Faulkner,All-Rounders,Hashim Amla,Batters,1,False,-0.5,47,Mohali,Punjab Cricket Association Stadium,Medium,False,True,70,11,11.666666666666666,97,8.314285714285715,20,190,93,8.333333333333334,11.159999999999998,1,9,Medium
11.5,11,5,74,James Faulkner,All-Rounders,Shaun Marsh,Batters,1,False,-0.5,47,Mohali,Punjab Cricket Association Stadium,Medium,False,True,71,11,11.833333333333334,98,8.28169014084507,20,190,92,8.166666666666666,11.26530612244898,1,9,Medium
11.6,11,6,75,James Faulkner,All-Rounders,Hashim Amla,Batters,1,False,-0.5,47,Mohali,Punjab Cricket Association Stadium,Medium,False,True,72,11,12.0,99,8.25,20,190,91,8.0,11.375,1,9,Medium
12.1,12,1,76,Ankit Soni,All-Rounders,Hashim Amla,Batters,2,False,-1.0,47,Mohali,Punjab Cricket Association Stadium,Medium,False,True,73,12,12.166666666666666,101,8.301369863013699,20,190,89,7.833333333333334,11.361702127659573,1,9,Medium
12.2,12,2,77,Ankit Soni,All-Rounders,Hashim Amla,Batters,1,False,-0.5,47,Mohali,Punjab Cricket Association Stadium,Medium,False,True,74,12,12.333333333333334,102,8.27027027027027,20,190,88,7.666666666666666,11.47826086956522,1,9,Medium
12.3,12,3,78,Ankit Soni,All-Rounders,Shaun Marsh,Batters,1,False,-0.5,47,Mohali,Punjab Cricket Association Stadium,Medium,False,True,75,12,12.5,103,8.24,20,190,87,7.5,11.6,1,9,Medium
12.4,12,4,79,Ankit Soni,All-Rounders,Hashim Amla,Batters,0,False,1.0,47,Mohali,Punjab Cricket Association Stadium,Medium,False,True,76,12,12.666666666666666,103,8.131578947368421,20,190,87,7.333333333333334,11.863636363636363,1,9,Medium
12.5,12,5,80,Ankit Soni,All-Rounders,Hashim Amla,Batters,0,False,1.0,47,Mohali,Punjab Cricket Association Stadium,Medium,False,True,77,12,12.833333333333334,103,8.025974025974026,20,190,87,7.166666666666666,12.13953488372093,1,9,Medium
12.6,12,6,81,Ankit Soni,All-Rounders,Hashim Amla,Batters,6,False,-3.0,47,Mohali,Punjab Cricket Association Stadium,Medium,False,True,78,12,13.0,109,8.384615384615385,20,190,81,7.0,11.571428571428571,1,9,Medium
13.1,13,1,82,Dhawal Kulkarni,Bowlers,Shaun Marsh,Batters,1,False,-0.5,47,Mohali,Punjab Cricket Association Stadium,Medium,False,True,79,13,13.166666666666666,110,8.354430379746836,20,190,80,6.833333333333334,11.707317073170731,1,9,Medium
13.2,13,2,83,Dhawal Kulkarni,Bowlers,Hashim Amla,Batters,1,False,-0.5,47,Mohali,Punjab Cricket Association Stadium,Medium,False,True,80,13,13.333333333333334,111,8.325,20,190,79,6.666666666666666,11.85,1,9,Medium
13.3,13,3,84,Dhawal Kulkarni,Bowlers,Shaun Marsh,Batters,1,False,-0.5,47,Mohali,Punjab Cricket Association Stadium,Medium,False,True,81,13,13.5,112,8.296296296296296,20,190,78,6.5,12.0,1,9,Medium
13.4,13,4,85,Dhawal Kulkarni,Bowlers,Hashim Amla,Batters,0,False,1.0,47,Mohali,Punjab Cricket Association Stadium,Medium,False,True,82,13,13.666666666666666,112,8.195121951219512,20,190,78,6.333333333333334,12.315789473684209,1,9,Medium
13.5,13,5,86,Dhawal Kulkarni,Bowlers,Hashim Amla,Batters,2,False,-1.0,47,Mohali,Punjab Cricket Association Stadium,Medium,False,True,83,13,13.833333333333334,114,8.240963855421686,20,190,76,6.166666666666666,12.324324324324326,1,9,Medium
13.6,13,6,87,Dhawal Kulkarni,Bowlers,Hashim Amla,Batters,0,False,1.0,47,Mohali,Punjab Cricket Association Stadium,Medium,False,True,84,13,14.0,114,8.142857142857142,20,190,76,6.0,12.666666666666666,1,9,Medium
14.1,14,1,88,Basil Thampi,Bowlers,Shaun Marsh,Batters,4,False,-2.0,47,Mohali,Punjab Cricket Association Stadium,Medium,False,True,85,14,14.166666666666666,118,8.329411764705883,20,190,72,5.833333333333334,12.342857142857142,1,9,Medium
14.2,14,2,89,Basil Thampi,Bowlers,Shaun Marsh,Batters,1,False,-0.5,47,Mohali,Punjab Cricket Association Stadium,Medium,False,True,86,14,14.333333333333334,119,8.30232558139535,20,190,71,5.666666666666666,12.529411764705884,1,9,Medium
14.3,14,3,90,Basil Thampi,Bowlers,Hashim Amla,Batters,1,False,-0.5,47,Mohali,Punjab Cricket Association Stadium,Medium,False,True,87,14,14.5,120,8.275862068965518,20,190,70,5.5,12.727272727272728,1,9,Medium
14.4,14,4,91,Basil Thampi,Bowlers,Shaun Marsh,Batters,1,False,-0.5,47,Mohali,Punjab Cricket Association Stadium,Medium,False,True,88,14,14.666666666666666,121,8.25,20,190,69,5.333333333333334,12.937499999999998,1,9,Medium
14.5,14,5,92,Basil Thampi,Bowlers,Hashim Amla,Batters,1,False,-0.5,47,Mohali,Punjab Cricket Association Stadium,Medium,False,True,89,14,14.833333333333334,122,8.224719101123595,20,190,68,5.166666666666666,13.161290322580646,1,9,Medium
14.6,14,6,93,Basil Thampi,Bowlers,Shaun Marsh,Batters,1,False,-0.5,47,Mohali,Punjab Cricket Association Stadium,Medium,False,True,90,14,15.0,123,8.2,20,190,67,5.0,13.4,1,9,Medium
15.1,15,1,94,Dhawal Kulkarni,Bowlers,Shaun Marsh,Batters,1,False,-0.5,47,Mohali,Punjab Cricket Association Stadium,Medium,False,True,91,15,15.166666666666666,124,8.175824175824177,20,190,66,4.833333333333334,13.6551724137931,1,9,Medium
15.2,15,2,95,Dhawal Kulkarni,Bowlers,Hashim Amla,Batters,2,False,-1.0,47,Mohali,Punjab Cricket Association Stadium,Medium,False,True,92,15,15.333333333333334,126,8.217391304347826,20,190,64,4.666666666666666,13.714285714285715,1,9,Medium
15.3,15,3,96,Dhawal Kulkarni,Bowlers,Hashim Amla,Batters,1,False,-0.5,47,Mohali,Punjab Cricket Association Stadium,Medium,False,True,93,15,15.5,127,8.193548387096774,20,190,63,4.5,14.0,1,9,Medium
15.4,15,4,97,Dhawal Kulkarni,Bowlers,Shaun Marsh,Batters,0,True,5.0,47,Mohali,Punjab Cricket Association Stadium,Medium,False,True,94,15,15.666666666666666,127,8.106382978723405,20,190,63,4.333333333333334,14.538461538461537,2,8,Medium
15.5,15,5,98,Dhawal Kulkarni,Bowlers,Hashim Amla,Batters,6,False,-3.0,47,Mohali,Punjab Cricket Association Stadium,Medium,False,True,95,15,15.833333333333334,133,8.4,20,190,57,4.166666666666666,13.68,2,8,Medium
15.6,15,6,99,Dhawal Kulkarni,Bowlers,Hashim Amla,Batters,0,False,1.0,47,Mohali,Punjab Cricket Association Stadium,Medium,False,True,96,15,16.0,133,8.3125,20,190,57,4.0,14.25,2,8,Medium
16.1,16,1,100,Basil Thampi,Bowlers,Glenn Maxwell,All-Rounders,1,False,-0.5,47,Mohali,Punjab Cricket Association Stadium,Medium,False,True,97,16,16.166666666666668,134,8.288659793814432,20,190,56,3.833333333333332,14.608695652173918,2,8,Medium
16.2,16,2,101,Basil Thampi,Bowlers,Hashim Amla,Batters,6,False,-3.0,47,Mohali,Punjab Cricket Association Stadium,Medium,False,True,98,16,16.333333333333332,140,8.571428571428571,20,190,50,3.666666666666668,13.636363636363631,2,8,Medium
16.3,16,3,102,Basil Thampi,Bowlers,Hashim Amla,Batters,1,False,-0.5,47,Mohali,Punjab Cricket Association Stadium,Medium,False,True,99,16,16.5,141,8.545454545454545,20,190,49,3.5,14.0,2,8,Medium
16.4,16,4,103,Basil Thampi,Bowlers,Glenn Maxwell,All-Rounders,1,False,-0.5,47,Mohali,Punjab Cricket Association Stadium,Medium,False,True,100,16,16.666666666666668,142,8.52,20,190,48,3.333333333333332,14.400000000000006,2,8,Medium
16.5,16,5,104,Basil Thampi,Bowlers,Hashim Amla,Batters,4,False,-2.0,47,Mohali,Punjab Cricket Association Stadium,Medium,False,True,101,16,16.833333333333332,146,8.673267326732674,20,190,44,3.166666666666668,13.894736842105258,2,8,Medium
16.6,16,6,105,Basil Thampi,Bowlers,Hashim Amla,Batters,4,False,-2.0,47,Mohali,Punjab Cricket Association Stadium,Medium,False,True,102,16,17.0,150,8.823529411764707,20,190,40,3.0,13.333333333333334,2,8,Medium
17.1,17,1,106,James Faulkner,All-Rounders,Glenn Maxwell,All-Rounders,0,False,1.0,47,Mohali,Punjab Cricket Association Stadium,Medium,False,True,103,17,17.166666666666668,150,8.737864077669903,20,190,40,2.833333333333332,14.117647058823536,2,8,Medium
17.2,17,2,107,James Faulkner,All-Rounders,Glenn Maxwell,All-Rounders,1,False,-0.5,47,Mohali,Punjab Cricket Association Stadium,Medium,False,True,104,17,17.333333333333332,151,8.711538461538462,20,190,39,2.666666666666668,14.624999999999991,2,8,Medium
17.3,17,3,108,James Faulkner,All-Rounders,Hashim Amla,Batters,4,False,-2.0,47,Mohali,Punjab Cricket Association Stadium,Medium,False,True,105,17,17.5,155,8.857142857142858,20,190,35,2.5,14.0,2,8,Medium
17.4,17,4,109,James Faulkner,All-Rounders,Hashim Amla,Batters,1,False,-0.5,47,Mohali,Punjab Cricket Association Stadium,Medium,False,True,106,17,17.666666666666668,156,8.830188679245282,20,190,34,2.333333333333332,14.571428571428578,2,8,Medium
17.5,17,5,110,James Faulkner,All-Rounders,Glenn Maxwell,All-Rounders,1,False,-0.5,47,Mohali,Punjab Cricket Association Stadium,Medium,False,True,107,17,17.833333333333332,157,8.80373831775701,20,190,33,2.166666666666668,15.230769230769225,2,8,Medium
17.6,17,6,111,James Faulkner,All-Rounders,Hashim Amla,Batters,2,False,-1.0,47,Mohali,Punjab Cricket Association Stadium,Medium,False,True,108,17,18.0,159,8.833333333333334,20,190,31,2.0,15.5,2,8,Medium
18.1,18,1,112,Pradeep Sangwan,Bowlers,Glenn Maxwell,All-Rounders,2,False,-1.0,47,Mohali,Punjab Cricket Association Stadium,Medium,False,True,109,18,18.166666666666668,161,8.862385321100916,20,190,29,1.833333333333332,15.818181818181827,2,8,Medium
18.2,18,2,113,Pradeep Sangwan,Bowlers,Glenn Maxwell,All-Rounders,1,False,-0.5,47,Mohali,Punjab Cricket Association Stadium,Medium,False,True,110,18,18.33333333333333,162,8.836363636363638,20,190,28,1.666666666666668,16.799999999999986,2,8,Medium
18.3,18,3,114,Pradeep Sangwan,Bowlers,Hashim Amla,Batters,1,False,-0.5,47,Mohali,Punjab Cricket Association Stadium,Medium,False,True,111,18,18.5,163,8.81081081081081,20,190,27,1.5,18.0,2,8,Medium
18.4,18,4,115,Pradeep Sangwan,Bowlers,Glenn Maxwell,All-Rounders,6,False,-3.0,47,Mohali,Punjab Cricket Association Stadium,Medium,False,True,112,18,18.666666666666668,169,9.053571428571429,20,190,21,1.333333333333332,15.750000000000014,2,8,Medium
18.5,18,5,116,Pradeep Sangwan,Bowlers,Glenn Maxwell,All-Rounders,6,False,-3.0,47,Mohali,Punjab Cricket Association Stadium,Medium,False,True,113,18,18.83333333333333,175,9.29203539823009,20,190,15,1.166666666666668,12.857142857142843,2,8,Medium
18.6,18,6,117,Pradeep Sangwan,Bowlers,Glenn Maxwell,All-Rounders,0,False,1.0,47,Mohali,Punjab Cricket Association Stadium,Medium,False,True,114,18,19.0,175,9.210526315789474,20,190,15,1.0,15.0,2,8,Medium
19.1,19,1,118,Basil Thampi,Bowlers,Hashim Amla,Batters,4,False,-2.0,47,Mohali,Punjab Cricket Association Stadium,Medium,False,True,115,19,19.166666666666668,179,9.339130434782607,20,190,11,0.8333333333333321,13.20000000000002,2,8,Medium
19.2,19,2,119,Basil Thampi,Bowlers,Hashim Amla,Batters,1,False,-0.5,47,Mohali,Punjab Cricket Association Stadium,Medium,False,True,116,19,19.33333333333333,180,9.310344827586208,20,190,10,0.6666666666666679,14.999999999999972,2,8,Medium
19.3,19,3,120,Basil Thampi,Bowlers,Glenn Maxwell,All-Rounders,1,False,-0.5,47,Mohali,Punjab Cricket Association Stadium,Medium,False,True,117,19,19.5,181,9.282051282051285,20,190,9,0.5,18.0,2,8,Medium
19.4,19,4,121,Basil Thampi,Bowlers,Hashim Amla,Batters,6,False,-3.0,47,Mohali,Punjab Cricket Association Stadium,Medium,False,True,118,19,19.666666666666668,187,9.508474576271183,20,190,3,0.3333333333333321,9.000000000000032,2,8,Medium
19.5,19,5,122,Basil Thampi,Bowlers,Hashim Amla,Batters,0,True,5.0,47,Mohali,Punjab Cricket Association Stadium,Medium,False,True,119,19,19.83333333333333,187,9.428571428571429,20,190,3,0.1666666666666678,17.999999999999872,3,7,Medium
19.6,19,6,123,Basil Thampi,Bowlers,Axar Patel,All-Rounders,2,False,-1.0,47,Mohali,Punjab Cricket Association Stadium,Medium,False,True,120,19,20.0,189,9.45,20,190,1,0.0,inf,3,7,Medium
