Ball Number,over,ball,Ball,bowler,bowler_role,batsman,batsman_role,Runs,is_wicket,bowler_score,match_id,city,stadium,Stadium_Type,is_extra,legal_delivery,legal_deliveries_count,overs_completed,overs_bowled,total_runs,current_run_rate,total_overs,target,runs_needed,overs_remaining,required_run_rate,wickets_fallen,wickets_in_hand,Ground_Type
0.1,0,1,1,Ashok Dinda,Bowlers,Hashim Amla,Batters,0,False,1.0,4,Indore,Holkar Cricket Stadium,Small,False,True,1,0,0.1666666666666666,0,0.0,20,164,164,19.83333333333333,8.268907563025211,0,10,Small
0.2,0,2,2,Ashok Dinda,Bowlers,Hashim Amla,Batters,0,False,1.0,4,Indore,Holkar Cricket Stadium,Small,False,True,2,0,0.3333333333333333,0,0.0,20,164,164,19.666666666666668,8.338983050847457,0,10,Small
0.3,0,3,3,Ashok Dinda,Bowlers,Hashim Amla,Batters,4,False,-2.0,4,Indore,Holkar Cricket Stadium,Small,False,True,3,0,0.5,4,8.0,20,164,160,19.5,8.205128205128204,0,10,Small
0.4,0,4,4,Ashok Dinda,Bowlers,Hashim Amla,Batters,1,False,-0.5,4,Indore,Holkar Cricket Stadium,Small,False,True,4,0,0.6666666666666666,5,7.5,20,164,159,19.33333333333333,8.224137931034484,0,10,Small
0.5,0,5,5,Ashok Dinda,Bowlers,Manan Vohra,Batters,1,False,-0.5,4,Indore,Holkar Cricket Stadium,Small,False,True,5,0,0.8333333333333334,6,7.199999999999999,20,164,158,19.166666666666668,8.243478260869566,0,10,Small
0.6,0,6,6,Ashok Dinda,Bowlers,Hashim Amla,Batters,0,False,1.0,4,Indore,Holkar Cricket Stadium,Small,False,True,6,0,1.0,6,6.0,20,164,158,19.0,8.31578947368421,0,10,Small
1.1,1,1,7,Dan Christian,All-Rounders,Manan Vohra,Batters,0,False,1.0,4,Indore,Holkar Cricket Stadium,Small,False,True,7,1,1.1666666666666667,6,5.142857142857142,20,164,158,18.83333333333333,8.389380530973451,0,10,Small
1.2,1,2,8,Dan Christian,All-Rounders,Manan Vohra,Batters,1,False,-1.0,4,Indore,Holkar Cricket Stadium,Small,True,False,7,1,1.1666666666666667,7,6.0,20,164,157,18.83333333333333,8.336283185840708,0,10,Small
1.2,1,2,9,Dan Christian,All-Rounders,Manan Vohra,Batters,4,False,-2.0,4,Indore,Holkar Cricket Stadium,Small,False,True,8,1,1.3333333333333333,11,8.25,20,164,153,18.666666666666668,8.196428571428571,0,10,Small
1.3,1,3,10,Dan Christian,All-Rounders,Manan Vohra,Batters,1,False,-0.5,4,Indore,Holkar Cricket Stadium,Small,False,True,9,1,1.5,12,8.0,20,164,152,18.5,8.216216216216216,0,10,Small
1.4,1,4,11,Dan Christian,All-Rounders,Hashim Amla,Batters,1,False,-0.5,4,Indore,Holkar Cricket Stadium,Small,False,True,10,1,1.6666666666666663,13,7.800000000000001,20,164,151,18.33333333333333,8.236363636363636,0,10,Small
1.5,1,5,12,Dan Christian,All-Rounders,Manan Vohra,Batters,1,False,-1.0,4,Indore,Holkar Cricket Stadium,Small,True,False,10,1,1.6666666666666663,14,8.4,20,164,150,18.33333333333333,8.181818181818182,0,10,Small
1.5,1,5,13,Dan Christian,All-Rounders,Manan Vohra,Batters,1,False,-0.5,4,Indore,Holkar Cricket Stadium,Small,False,True,11,1,1.8333333333333333,15,8.181818181818182,20,164,149,18.166666666666668,8.20183486238532,0,10,Small
1.6,1,6,14,Dan Christian,All-Rounders,Hashim Amla,Batters,4,False,-2.0,4,Indore,Holkar Cricket Stadium,Small,False,True,12,1,2.0,19,9.5,20,164,145,18.0,8.055555555555555,0,10,Small
2.1,2,1,15,Ashok Dinda,Bowlers,Manan Vohra,Batters,6,False,-3.0,4,Indore,Holkar Cricket Stadium,Small,False,True,13,2,2.1666666666666665,25,11.53846153846154,20,164,139,17.833333333333332,7.794392523364486,0,10,Small
2.2,2,2,16,Ashok Dinda,Bowlers,Manan Vohra,Batters,1,False,-0.5,4,Indore,Holkar Cricket Stadium,Small,False,True,14,2,2.333333333333333,26,11.142857142857142,20,164,138,17.666666666666668,7.811320754716981,0,10,Small
2.3,2,3,17,Ashok Dinda,Bowlers,Hashim Amla,Batters,1,False,-0.5,4,Indore,Holkar Cricket Stadium,Small,False,True,15,2,2.5,27,10.8,20,164,137,17.5,7.828571428571428,0,10,Small
2.4,2,4,18,Ashok Dinda,Bowlers,Manan Vohra,Batters,0,False,1.0,4,Indore,Holkar Cricket Stadium,Small,False,True,16,2,2.6666666666666665,27,10.125,20,164,137,17.333333333333332,7.903846153846154,0,10,Small
2.5,2,5,19,Ashok Dinda,Bowlers,Manan Vohra,Batters,0,True,5.0,4,Indore,Holkar Cricket Stadium,Small,False,True,17,2,2.833333333333333,27,9.529411764705882,20,164,137,17.166666666666668,7.980582524271844,1,9,Small
2.6,2,6,20,Ashok Dinda,Bowlers,Hashim Amla,Batters,0,False,1.0,4,Indore,Holkar Cricket Stadium,Small,False,True,18,2,3.0,27,9.0,20,164,137,17.0,8.058823529411764,1,9,Small
3.1,3,1,21,Dan Christian,All-Rounders,Wriddhiman Saha,Batters,0,False,1.0,4,Indore,Holkar Cricket Stadium,Small,False,True,19,3,3.1666666666666665,27,8.526315789473685,20,164,137,16.833333333333332,8.138613861386139,1,9,Small
3.2,3,2,22,Dan Christian,All-Rounders,Wriddhiman Saha,Batters,4,False,-2.0,4,Indore,Holkar Cricket Stadium,Small,False,True,20,3,3.333333333333333,31,9.3,20,164,133,16.666666666666668,7.979999999999999,1,9,Small
3.3,3,3,23,Dan Christian,All-Rounders,Wriddhiman Saha,Batters,0,False,1.0,4,Indore,Holkar Cricket Stadium,Small,False,True,21,3,3.5,31,8.857142857142858,20,164,133,16.5,8.06060606060606,1,9,Small
3.4,3,4,24,Dan Christian,All-Rounders,Wriddhiman Saha,Batters,1,False,-0.5,4,Indore,Holkar Cricket Stadium,Small,False,True,22,3,3.6666666666666665,32,8.727272727272728,20,164,132,16.333333333333332,8.081632653061225,1,9,Small
3.5,3,5,25,Dan Christian,All-Rounders,Hashim Amla,Batters,6,False,-3.0,4,Indore,Holkar Cricket Stadium,Small,False,True,23,3,3.8333333333333335,38,9.91304347826087,20,164,126,16.166666666666668,7.793814432989691,1,9,Small
3.6,3,6,26,Dan Christian,All-Rounders,Hashim Amla,Batters,0,False,1.0,4,Indore,Holkar Cricket Stadium,Small,False,True,24,3,4.0,38,9.5,20,164,126,16.0,7.875,1,9,Small
4.1,4,1,27,Ben Stokes,All-Rounders,Wriddhiman Saha,Batters,1,False,-0.5,4,Indore,Holkar Cricket Stadium,Small,False,True,25,4,4.166666666666667,39,9.36,20,164,125,15.833333333333332,7.894736842105264,1,9,Small
4.2,4,2,28,Ben Stokes,All-Rounders,Hashim Amla,Batters,0,False,1.0,4,Indore,Holkar Cricket Stadium,Small,False,True,26,4,4.333333333333333,39,9.0,20,164,125,15.666666666666668,7.978723404255319,1,9,Small
4.3,4,3,29,Ben Stokes,All-Rounders,Hashim Amla,Batters,1,False,-0.5,4,Indore,Holkar Cricket Stadium,Small,False,True,27,4,4.5,40,8.88888888888889,20,164,124,15.5,8.0,1,9,Small
4.4,4,4,30,Ben Stokes,All-Rounders,Wriddhiman Saha,Batters,4,False,-2.0,4,Indore,Holkar Cricket Stadium,Small,False,True,28,4,4.666666666666667,44,9.428571428571429,20,164,120,15.333333333333332,7.82608695652174,1,9,Small
4.5,4,5,31,Ben Stokes,All-Rounders,Wriddhiman Saha,Batters,4,False,-2.0,4,Indore,Holkar Cricket Stadium,Small,False,True,29,4,4.833333333333333,48,9.93103448275862,20,164,116,15.166666666666668,7.648351648351648,1,9,Small
4.6,4,6,32,Ben Stokes,All-Rounders,Wriddhiman Saha,Batters,0,False,1.0,4,Indore,Holkar Cricket Stadium,Small,False,True,30,4,5.0,48,9.6,20,164,116,15.0,7.733333333333333,1,9,Small
5.1,5,1,33,Imran Tahir,Bowlers,Hashim Amla,Batters,1,False,-0.5,4,Indore,Holkar Cricket Stadium,Small,False,True,31,5,5.166666666666667,49,9.483870967741934,20,164,115,14.833333333333332,7.752808988764046,1,9,Small
5.2,5,2,34,Imran Tahir,Bowlers,Wriddhiman Saha,Batters,0,True,5.0,4,Indore,Holkar Cricket Stadium,Small,False,True,32,5,5.333333333333333,49,9.1875,20,164,115,14.666666666666668,7.84090909090909,2,8,Small
5.3,5,3,35,Imran Tahir,Bowlers,Axar Patel,All-Rounders,1,False,-0.5,4,Indore,Holkar Cricket Stadium,Small,False,True,33,5,5.5,50,9.090909090909092,20,164,114,14.5,7.862068965517241,2,8,Small
5.4,5,4,36,Imran Tahir,Bowlers,Hashim Amla,Batters,1,False,-0.5,4,Indore,Holkar Cricket Stadium,Small,False,True,34,5,5.666666666666667,51,9.0,20,164,113,14.333333333333332,7.883720930232559,2,8,Small
5.5,5,5,37,Imran Tahir,Bowlers,Axar Patel,All-Rounders,4,False,-2.0,4,Indore,Holkar Cricket Stadium,Small,False,True,35,5,5.833333333333333,55,9.428571428571429,20,164,109,14.166666666666668,7.694117647058823,2,8,Small
5.6,5,6,38,Imran Tahir,Bowlers,Axar Patel,All-Rounders,1,False,-0.5,4,Indore,Holkar Cricket Stadium,Small,False,True,36,5,6.0,56,9.333333333333334,20,164,108,14.0,7.714285714285714,2,8,Small
6.1,6,1,39,Ben Stokes,All-Rounders,Axar Patel,All-Rounders,1,False,-0.5,4,Indore,Holkar Cricket Stadium,Small,False,True,37,6,6.166666666666667,57,9.243243243243242,20,164,107,13.833333333333332,7.734939759036145,2,8,Small
6.2,6,2,40,Ben Stokes,All-Rounders,Hashim Amla,Batters,1,False,-0.5,4,Indore,Holkar Cricket Stadium,Small,False,True,38,6,6.333333333333333,58,9.157894736842106,20,164,106,13.666666666666668,7.756097560975609,2,8,Small
6.3,6,3,41,Ben Stokes,All-Rounders,Axar Patel,All-Rounders,0,False,1.0,4,Indore,Holkar Cricket Stadium,Small,False,True,39,6,6.5,58,8.923076923076923,20,164,106,13.5,7.851851851851852,2,8,Small
6.4,6,4,42,Ben Stokes,All-Rounders,Axar Patel,All-Rounders,0,False,1.0,4,Indore,Holkar Cricket Stadium,Small,False,True,40,6,6.666666666666667,58,8.7,20,164,106,13.333333333333332,7.950000000000001,2,8,Small
6.5,6,5,43,Ben Stokes,All-Rounders,Axar Patel,All-Rounders,0,False,1.0,4,Indore,Holkar Cricket Stadium,Small,False,True,41,6,6.833333333333333,58,8.487804878048781,20,164,106,13.166666666666668,8.050632911392404,2,8,Small
6.6,6,6,44,Ben Stokes,All-Rounders,Axar Patel,All-Rounders,1,False,-0.5,4,Indore,Holkar Cricket Stadium,Small,False,True,42,6,7.0,59,8.428571428571429,20,164,105,13.0,8.076923076923077,2,8,Small
7.1,7,1,45,Imran Tahir,Bowlers,Axar Patel,All-Rounders,0,False,1.0,4,Indore,Holkar Cricket Stadium,Small,False,True,43,7,7.166666666666667,59,8.232558139534884,20,164,105,12.833333333333332,8.181818181818183,2,8,Small
7.2,7,2,46,Imran Tahir,Bowlers,Axar Patel,All-Rounders,0,False,1.0,4,Indore,Holkar Cricket Stadium,Small,False,True,44,7,7.333333333333333,59,8.045454545454545,20,164,105,12.666666666666668,8.289473684210526,2,8,Small
7.3,7,3,47,Imran Tahir,Bowlers,Axar Patel,All-Rounders,1,False,-0.5,4,Indore,Holkar Cricket Stadium,Small,False,True,45,7,7.5,60,8.0,20,164,104,12.5,8.32,2,8,Small
7.4,7,4,48,Imran Tahir,Bowlers,Hashim Amla,Batters,1,False,-0.5,4,Indore,Holkar Cricket Stadium,Small,False,True,46,7,7.666666666666667,61,7.956521739130435,20,164,103,12.333333333333332,8.351351351351353,2,8,Small
7.5,7,5,49,Imran Tahir,Bowlers,Axar Patel,All-Rounders,1,False,-0.5,4,Indore,Holkar Cricket Stadium,Small,False,True,47,7,7.833333333333333,62,7.914893617021277,20,164,102,12.166666666666668,8.383561643835616,2,8,Small
7.6,7,6,50,Imran Tahir,Bowlers,Hashim Amla,Batters,0,False,1.0,4,Indore,Holkar Cricket Stadium,Small,False,True,48,7,8.0,62,7.75,20,164,102,12.0,8.5,2,8,Small
8.1,8,1,51,Rahul Chahar,Bowlers,Axar Patel,All-Rounders,1,False,-0.5,4,Indore,Holkar Cricket Stadium,Small,False,True,49,8,8.166666666666666,63,7.714285714285714,20,164,101,11.833333333333334,8.535211267605634,2,8,Small
8.2,8,2,52,Rahul Chahar,Bowlers,Hashim Amla,Batters,0,False,1.0,4,Indore,Holkar Cricket Stadium,Small,False,True,50,8,8.333333333333334,63,7.56,20,164,101,11.666666666666666,8.657142857142858,2,8,Small
8.3,8,3,53,Rahul Chahar,Bowlers,Hashim Amla,Batters,0,False,1.0,4,Indore,Holkar Cricket Stadium,Small,False,True,51,8,8.5,63,7.411764705882353,20,164,101,11.5,8.782608695652174,2,8,Small
8.4,8,4,54,Rahul Chahar,Bowlers,Hashim Amla,Batters,1,False,-0.5,4,Indore,Holkar Cricket Stadium,Small,False,True,52,8,8.666666666666666,64,7.384615384615385,20,164,100,11.333333333333334,8.823529411764705,2,8,Small
8.5,8,5,55,Rahul Chahar,Bowlers,Axar Patel,All-Rounders,1,False,-0.5,4,Indore,Holkar Cricket Stadium,Small,False,True,53,8,8.833333333333334,65,7.358490566037735,20,164,99,11.166666666666666,8.865671641791046,2,8,Small
8.6,8,6,56,Rahul Chahar,Bowlers,Hashim Amla,Batters,1,False,-0.5,4,Indore,Holkar Cricket Stadium,Small,False,True,54,8,9.0,66,7.333333333333333,20,164,98,11.0,8.909090909090908,2,8,Small
9.1,9,1,57,Rajat Bhatia,All-Rounders,Hashim Amla,Batters,1,False,-0.5,4,Indore,Holkar Cricket Stadium,Small,False,True,55,9,9.166666666666666,67,7.309090909090909,20,164,97,10.833333333333334,8.953846153846154,2,8,Small
9.2,9,2,58,Rajat Bhatia,All-Rounders,Axar Patel,All-Rounders,1,False,-0.5,4,Indore,Holkar Cricket Stadium,Small,False,True,56,9,9.333333333333334,68,7.285714285714286,20,164,96,10.666666666666666,9.0,2,8,Small
9.3,9,3,59,Rajat Bhatia,All-Rounders,Hashim Amla,Batters,1,False,-0.5,4,Indore,Holkar Cricket Stadium,Small,False,True,57,9,9.5,69,7.263157894736842,20,164,95,10.5,9.047619047619047,2,8,Small
9.4,9,4,60,Rajat Bhatia,All-Rounders,Axar Patel,All-Rounders,1,False,-0.5,4,Indore,Holkar Cricket Stadium,Small,False,True,58,9,9.666666666666666,70,7.241379310344828,20,164,94,10.333333333333334,9.096774193548386,2,8,Small
9.5,9,5,61,Rajat Bhatia,All-Rounders,Hashim Amla,Batters,1,False,-0.5,4,Indore,Holkar Cricket Stadium,Small,False,True,59,9,9.833333333333334,71,7.220338983050847,20,164,93,10.166666666666666,9.147540983606556,2,8,Small
9.6,9,6,62,Rajat Bhatia,All-Rounders,Axar Patel,All-Rounders,2,False,-1.0,4,Indore,Holkar Cricket Stadium,Small,False,True,60,9,10.0,73,7.3,20,164,91,10.0,9.1,2,8,Small
10.1,10,1,63,Rahul Chahar,Bowlers,Hashim Amla,Batters,1,False,-0.5,4,Indore,Holkar Cricket Stadium,Small,False,True,61,10,10.166666666666666,74,7.278688524590164,20,164,90,9.833333333333334,9.152542372881356,2,8,Small
10.2,10,2,64,Rahul Chahar,Bowlers,Axar Patel,All-Rounders,6,False,-3.0,4,Indore,Holkar Cricket Stadium,Small,False,True,62,10,10.333333333333334,80,7.741935483870967,20,164,84,9.666666666666666,8.689655172413794,2,8,Small
10.3,10,3,65,Rahul Chahar,Bowlers,Axar Patel,All-Rounders,1,False,-1.0,4,Indore,Holkar Cricket Stadium,Small,True,False,62,10,10.333333333333334,81,7.838709677419354,20,164,83,9.666666666666666,8.586206896551724,2,8,Small
10.3,10,3,66,Rahul Chahar,Bowlers,Axar Patel,All-Rounders,1,False,-0.5,4,Indore,Holkar Cricket Stadium,Small,False,True,63,10,10.5,82,7.809523809523809,20,164,82,9.5,8.631578947368421,2,8,Small
10.3,10,3,67,Rahul Chahar,Bowlers,Axar Patel,All-Rounders,1,False,-1.0,4,Indore,Holkar Cricket Stadium,Small,True,False,63,10,10.5,83,7.904761904761905,20,164,81,9.5,8.526315789473685,2,8,Small
10.4,10,4,68,Rahul Chahar,Bowlers,Hashim Amla,Batters,0,True,5.0,4,Indore,Holkar Cricket Stadium,Small,False,True,64,10,10.666666666666666,83,7.78125,20,164,81,9.333333333333334,8.678571428571429,3,7,Small
10.5,10,5,69,Rahul Chahar,Bowlers,Axar Patel,All-Rounders,0,False,1.0,4,Indore,Holkar Cricket Stadium,Small,False,True,65,10,10.833333333333334,83,7.661538461538461,20,164,81,9.166666666666666,8.836363636363638,3,7,Small
10.6,10,6,70,Rahul Chahar,Bowlers,Axar Patel,All-Rounders,1,False,-1.0,4,Indore,Holkar Cricket Stadium,Small,True,False,65,10,10.833333333333334,84,7.753846153846154,20,164,80,9.166666666666666,8.727272727272728,3,7,Small
10.6,10,6,71,Rahul Chahar,Bowlers,Axar Patel,All-Rounders,1,False,-0.5,4,Indore,Holkar Cricket Stadium,Small,False,True,66,10,11.0,85,7.727272727272727,20,164,79,9.0,8.777777777777779,3,7,Small
11.1,11,1,72,Imran Tahir,Bowlers,Axar Patel,All-Rounders,0,True,5.0,4,Indore,Holkar Cricket Stadium,Small,False,True,67,11,11.166666666666666,85,7.611940298507463,20,164,79,8.833333333333334,8.943396226415095,4,6,Small
11.2,11,2,73,Imran Tahir,Bowlers,Glenn Maxwell,All-Rounders,1,False,-0.5,4,Indore,Holkar Cricket Stadium,Small,False,True,68,11,11.333333333333334,86,7.588235294117647,20,164,78,8.666666666666666,9.0,4,6,Small
11.3,11,3,74,Imran Tahir,Bowlers,David Miller,Batters,1,False,-0.5,4,Indore,Holkar Cricket Stadium,Small,False,True,69,11,11.5,87,7.565217391304348,20,164,77,8.5,9.058823529411764,4,6,Small
11.4,11,4,75,Imran Tahir,Bowlers,Glenn Maxwell,All-Rounders,1,False,-0.5,4,Indore,Holkar Cricket Stadium,Small,False,True,70,11,11.666666666666666,88,7.542857142857144,20,164,76,8.333333333333334,9.12,4,6,Small
11.5,11,5,76,Imran Tahir,Bowlers,David Miller,Batters,0,False,1.0,4,Indore,Holkar Cricket Stadium,Small,False,True,71,11,11.833333333333334,88,7.436619718309859,20,164,76,8.166666666666666,9.306122448979592,4,6,Small
11.6,11,6,77,Imran Tahir,Bowlers,David Miller,Batters,0,False,1.0,4,Indore,Holkar Cricket Stadium,Small,False,True,72,11,12.0,88,7.333333333333333,20,164,76,8.0,9.5,4,6,Small
12.1,12,1,78,Rahul Chahar,Bowlers,Glenn Maxwell,All-Rounders,6,False,-3.0,4,Indore,Holkar Cricket Stadium,Small,False,True,73,12,12.166666666666666,94,7.726027397260275,20,164,70,7.833333333333334,8.936170212765957,4,6,Small
12.2,12,2,79,Rahul Chahar,Bowlers,Glenn Maxwell,All-Rounders,1,False,-0.5,4,Indore,Holkar Cricket Stadium,Small,False,True,74,12,12.333333333333334,95,7.702702702702703,20,164,69,7.666666666666666,9.0,4,6,Small
12.3,12,3,80,Rahul Chahar,Bowlers,David Miller,Batters,1,False,-0.5,4,Indore,Holkar Cricket Stadium,Small,False,True,75,12,12.5,96,7.68,20,164,68,7.5,9.066666666666666,4,6,Small
12.4,12,4,81,Rahul Chahar,Bowlers,Glenn Maxwell,All-Rounders,4,False,-2.0,4,Indore,Holkar Cricket Stadium,Small,False,True,76,12,12.666666666666666,100,7.894736842105264,20,164,64,7.333333333333334,8.727272727272727,4,6,Small
12.5,12,5,82,Rahul Chahar,Bowlers,Glenn Maxwell,All-Rounders,1,False,-1.0,4,Indore,Holkar Cricket Stadium,Small,True,False,76,12,12.666666666666666,101,7.973684210526316,20,164,63,7.333333333333334,8.59090909090909,4,6,Small
12.5,12,5,83,Rahul Chahar,Bowlers,Glenn Maxwell,All-Rounders,1,False,-0.5,4,Indore,Holkar Cricket Stadium,Small,False,True,77,12,12.833333333333334,102,7.948051948051948,20,164,62,7.166666666666666,8.651162790697676,4,6,Small
12.6,12,6,84,Rahul Chahar,Bowlers,David Miller,Batters,1,False,-0.5,4,Indore,Holkar Cricket Stadium,Small,False,True,78,12,13.0,103,7.923076923076923,20,164,61,7.0,8.714285714285714,4,6,Small
13.1,13,1,85,Rajat Bhatia,All-Rounders,David Miller,Batters,1,False,-0.5,4,Indore,Holkar Cricket Stadium,Small,False,True,79,13,13.166666666666666,104,7.89873417721519,20,164,60,6.833333333333334,8.780487804878048,4,6,Small
13.2,13,2,86,Rajat Bhatia,All-Rounders,Glenn Maxwell,All-Rounders,4,False,-2.0,4,Indore,Holkar Cricket Stadium,Small,False,True,80,13,13.333333333333334,108,8.1,20,164,56,6.666666666666666,8.4,4,6,Small
13.3,13,3,87,Rajat Bhatia,All-Rounders,Glenn Maxwell,All-Rounders,2,False,-1.0,4,Indore,Holkar Cricket Stadium,Small,True,False,80,13,13.333333333333334,110,8.25,20,164,54,6.666666666666666,8.100000000000001,4,6,Small
13.3,13,3,88,Rajat Bhatia,All-Rounders,David Miller,Batters,0,False,1.0,4,Indore,Holkar Cricket Stadium,Small,False,True,81,13,13.5,110,8.148148148148149,20,164,54,6.5,8.307692307692308,4,6,Small
13.4,13,4,89,Rajat Bhatia,All-Rounders,David Miller,Batters,0,False,1.0,4,Indore,Holkar Cricket Stadium,Small,False,True,82,13,13.666666666666666,110,8.048780487804878,20,164,54,6.333333333333334,8.526315789473683,4,6,Small
13.5,13,5,90,Rajat Bhatia,All-Rounders,David Miller,Batters,6,False,-3.0,4,Indore,Holkar Cricket Stadium,Small,False,True,83,13,13.833333333333334,116,8.385542168674698,20,164,48,6.166666666666666,7.783783783783784,4,6,Small
13.6,13,6,91,Rajat Bhatia,All-Rounders,David Miller,Batters,0,False,1.0,4,Indore,Holkar Cricket Stadium,Small,False,True,84,13,14.0,116,8.285714285714286,20,164,48,6.0,8.0,4,6,Small
14.1,14,1,92,Ben Stokes,All-Rounders,Glenn Maxwell,All-Rounders,0,False,1.0,4,Indore,Holkar Cricket Stadium,Small,False,True,85,14,14.166666666666666,116,8.188235294117648,20,164,48,5.833333333333334,8.228571428571428,4,6,Small
14.2,14,2,93,Ben Stokes,All-Rounders,Glenn Maxwell,All-Rounders,4,False,-2.0,4,Indore,Holkar Cricket Stadium,Small,False,True,86,14,14.333333333333334,120,8.372093023255813,20,164,44,5.666666666666666,7.764705882352942,4,6,Small
14.3,14,3,94,Ben Stokes,All-Rounders,Glenn Maxwell,All-Rounders,1,False,-0.5,4,Indore,Holkar Cricket Stadium,Small,False,True,87,14,14.5,121,8.344827586206897,20,164,43,5.5,7.818181818181818,4,6,Small
14.4,14,4,95,Ben Stokes,All-Rounders,David Miller,Batters,1,False,-0.5,4,Indore,Holkar Cricket Stadium,Small,False,True,88,14,14.666666666666666,122,8.318181818181818,20,164,42,5.333333333333334,7.874999999999999,4,6,Small
14.5,14,5,96,Ben Stokes,All-Rounders,Glenn Maxwell,All-Rounders,0,False,1.0,4,Indore,Holkar Cricket Stadium,Small,False,True,89,14,14.833333333333334,122,8.224719101123595,20,164,42,5.166666666666666,8.129032258064518,4,6,Small
14.6,14,6,97,Ben Stokes,All-Rounders,Glenn Maxwell,All-Rounders,6,False,-3.0,4,Indore,Holkar Cricket Stadium,Small,False,True,90,14,15.0,128,8.533333333333333,20,164,36,5.0,7.2,4,6,Small
15.1,15,1,98,Imran Tahir,Bowlers,David Miller,Batters,1,False,-0.5,4,Indore,Holkar Cricket Stadium,Small,False,True,91,15,15.166666666666666,129,8.505494505494505,20,164,35,4.833333333333334,7.241379310344826,4,6,Small
15.2,15,2,99,Imran Tahir,Bowlers,Glenn Maxwell,All-Rounders,6,False,-3.0,4,Indore,Holkar Cricket Stadium,Small,False,True,92,15,15.333333333333334,135,8.804347826086957,20,164,29,4.666666666666666,6.214285714285715,4,6,Small
15.3,15,3,100,Imran Tahir,Bowlers,Glenn Maxwell,All-Rounders,6,False,-3.0,4,Indore,Holkar Cricket Stadium,Small,False,True,93,15,15.5,141,9.096774193548388,20,164,23,4.5,5.111111111111111,4,6,Small
15.4,15,4,101,Imran Tahir,Bowlers,Glenn Maxwell,All-Rounders,0,False,1.0,4,Indore,Holkar Cricket Stadium,Small,False,True,94,15,15.666666666666666,141,9.0,20,164,23,4.333333333333334,5.307692307692307,4,6,Small
15.5,15,5,102,Imran Tahir,Bowlers,Glenn Maxwell,All-Rounders,1,False,-0.5,4,Indore,Holkar Cricket Stadium,Small,False,True,95,15,15.833333333333334,142,8.968421052631578,20,164,22,4.166666666666666,5.280000000000001,4,6,Small
15.6,15,6,103,Imran Tahir,Bowlers,David Miller,Batters,1,False,-0.5,4,Indore,Holkar Cricket Stadium,Small,False,True,96,15,16.0,143,8.9375,20,164,21,4.0,5.25,4,6,Small
16.1,16,1,104,Rahul Chahar,Bowlers,David Miller,Batters,0,False,1.0,4,Indore,Holkar Cricket Stadium,Small,False,True,97,16,16.166666666666668,143,8.845360824742267,20,164,21,3.833333333333332,5.47826086956522,4,6,Small
16.2,16,2,105,Rahul Chahar,Bowlers,David Miller,Batters,0,False,1.0,4,Indore,Holkar Cricket Stadium,Small,False,True,98,16,16.333333333333332,143,8.755102040816327,20,164,21,3.666666666666668,5.727272727272726,4,6,Small
16.3,16,3,106,Rahul Chahar,Bowlers,David Miller,Batters,1,False,-0.5,4,Indore,Holkar Cricket Stadium,Small,False,True,99,16,16.5,144,8.727272727272727,20,164,20,3.5,5.714285714285714,4,6,Small
16.4,16,4,107,Rahul Chahar,Bowlers,Glenn Maxwell,All-Rounders,0,False,1.0,4,Indore,Holkar Cricket Stadium,Small,False,True,100,16,16.666666666666668,144,8.639999999999999,20,164,20,3.333333333333332,6.000000000000002,4,6,Small
16.5,16,5,108,Rahul Chahar,Bowlers,Glenn Maxwell,All-Rounders,1,False,-0.25,4,Indore,Holkar Cricket Stadium,Small,False,True,101,16,16.833333333333332,145,8.613861386138614,20,164,19,3.166666666666668,5.999999999999997,4,6,Small
16.6,16,6,109,Rahul Chahar,Bowlers,David Miller,Batters,0,False,1.0,4,Indore,Holkar Cricket Stadium,Small,False,True,102,16,17.0,145,8.529411764705882,20,164,19,3.0,6.333333333333333,4,6,Small
17.1,17,1,110,Ashok Dinda,Bowlers,Glenn Maxwell,All-Rounders,1,False,-0.5,4,Indore,Holkar Cricket Stadium,Small,False,True,103,17,17.166666666666668,146,8.504854368932039,20,164,18,2.833333333333332,6.352941176470591,4,6,Small
17.2,17,2,111,Ashok Dinda,Bowlers,David Miller,Batters,2,False,-1.0,4,Indore,Holkar Cricket Stadium,Small,False,True,104,17,17.333333333333332,148,8.538461538461538,20,164,16,2.666666666666668,5.999999999999997,4,6,Small
17.3,17,3,112,Ashok Dinda,Bowlers,David Miller,Batters,0,False,1.0,4,Indore,Holkar Cricket Stadium,Small,False,True,105,17,17.5,148,8.457142857142857,20,164,16,2.5,6.4,4,6,Small
17.4,17,4,113,Ashok Dinda,Bowlers,David Miller,Batters,6,False,-3.0,4,Indore,Holkar Cricket Stadium,Small,False,True,106,17,17.666666666666668,154,8.716981132075471,20,164,10,2.333333333333332,4.285714285714288,4,6,Small
17.5,17,5,114,Ashok Dinda,Bowlers,David Miller,Batters,2,False,-1.0,4,Indore,Holkar Cricket Stadium,Small,False,True,107,17,17.833333333333332,156,8.74766355140187,20,164,8,2.166666666666668,3.6923076923076894,4,6,Small
17.6,17,6,115,Ashok Dinda,Bowlers,David Miller,Batters,1,False,-0.5,4,Indore,Holkar Cricket Stadium,Small,False,True,108,17,18.0,157,8.722222222222221,20,164,7,2.0,3.5,4,6,Small
18.1,18,1,116,Ben Stokes,All-Rounders,David Miller,Batters,0,False,1.0,4,Indore,Holkar Cricket Stadium,Small,False,True,109,18,18.166666666666668,157,8.642201834862385,20,164,7,1.833333333333332,3.818181818181821,4,6,Small
18.2,18,2,117,Ben Stokes,All-Rounders,David Miller,Batters,4,False,-2.0,4,Indore,Holkar Cricket Stadium,Small,False,True,110,18,18.33333333333333,161,8.781818181818183,20,164,3,1.666666666666668,1.7999999999999987,4,6,Small
18.3,18,3,118,Ben Stokes,All-Rounders,David Miller,Batters,0,False,1.0,4,Indore,Holkar Cricket Stadium,Small,False,True,111,18,18.5,161,8.702702702702704,20,164,3,1.5,2.0,4,6,Small
18.4,18,4,119,Ben Stokes,All-Rounders,David Miller,Batters,0,False,1.0,4,Indore,Holkar Cricket Stadium,Small,False,True,112,18,18.666666666666668,161,8.625,20,164,3,1.333333333333332,2.250000000000002,4,6,Small
18.5,18,5,120,Ben Stokes,All-Rounders,David Miller,Batters,1,False,-0.5,4,Indore,Holkar Cricket Stadium,Small,False,True,113,18,18.83333333333333,162,8.601769911504425,20,164,2,1.166666666666668,1.7142857142857126,4,6,Small
18.6,18,6,121,Ben Stokes,All-Rounders,Glenn Maxwell,All-Rounders,1,False,-1.0,4,Indore,Holkar Cricket Stadium,Small,True,False,113,18,18.83333333333333,163,8.654867256637168,20,164,1,1.166666666666668,0.8571428571428563,4,6,Small
18.6,18,6,122,Ben Stokes,All-Rounders,Glenn Maxwell,All-Rounders,1,False,-0.5,4,Indore,Holkar Cricket Stadium,Small,False,True,114,18,19.0,164,8.631578947368421,20,164,0,1.0,0.0,4,6,Small
