Ball Number,over,ball,Ball,bowler,bowler_role,batsman,batsman_role,Runs,is_wicket,bowler_score,match_id,city,stadium,Stadium_Type,is_extra,legal_delivery,legal_deliveries_count,overs_completed,overs_bowled,total_runs,current_run_rate,total_overs,target,runs_needed,overs_remaining,required_run_rate,wickets_fallen,wickets_in_hand,Ground_Type
0.1,0,1,1,Umesh Yadav,Bowlers,David Warner,Batters,0,False,1.0,58,Bangalore,M Chinnaswamy Stadium,Medium,False,True,1,0,0.1666666666666666,0,0.0,20,48,48,19.83333333333333,2.420168067226891,0,10,Medium
0.2,0,2,2,Umesh Yadav,Bowlers,David Warner,Batters,1,False,-0.5,58,Bangalore,M Chinnaswamy Stadium,Medium,False,True,2,0,0.3333333333333333,1,3.0,20,48,47,19.666666666666668,2.389830508474576,0,10,Medium
0.3,0,3,3,Umesh Yadav,Bowlers,Shikhar Dhawan,Batters,0,False,1.0,58,Bangalore,M Chinnaswamy Stadium,Medium,False,True,3,0,0.5,1,2.0,20,48,47,19.5,2.41025641025641,0,10,Medium
0.4,0,4,4,Umesh Yadav,Bowlers,Shikhar Dhawan,Batters,1,False,-0.5,58,Bangalore,M Chinnaswamy Stadium,Medium,False,True,4,0,0.6666666666666666,2,3.0,20,48,46,19.33333333333333,2.3793103448275863,0,10,Medium
0.5,0,5,5,Umesh Yadav,Bowlers,David Warner,Batters,4,False,-2.0,58,Bangalore,M Chinnaswamy Stadium,Medium,False,True,5,0,0.8333333333333334,6,7.199999999999999,20,48,42,19.166666666666668,2.1913043478260867,0,10,Medium
0.6,0,6,6,Umesh Yadav,Bowlers,David Warner,Batters,1,False,-0.5,58,Bangalore,M Chinnaswamy Stadium,Medium,False,True,6,0,1.0,7,7.0,20,48,41,19.0,2.1578947368421053,0,10,Medium
1.1,1,1,7,Trent Boult,Bowlers,David Warner,Batters,0,False,1.0,58,Bangalore,M Chinnaswamy Stadium,Medium,False,True,7,1,1.1666666666666667,7,6.0,20,48,41,18.83333333333333,2.176991150442478,0,10,Medium
1.2,1,2,8,Trent Boult,Bowlers,David Warner,Batters,0,False,1.0,58,Bangalore,M Chinnaswamy Stadium,Medium,False,True,8,1,1.3333333333333333,7,5.25,20,48,41,18.666666666666668,2.196428571428571,0,10,Medium
1.3,1,3,9,Trent Boult,Bowlers,David Warner,Batters,1,False,-0.5,58,Bangalore,M Chinnaswamy Stadium,Medium,False,True,9,1,1.5,8,5.333333333333333,20,48,40,18.5,2.1621621621621623,0,10,Medium
1.4,1,4,10,Trent Boult,Bowlers,Shikhar Dhawan,Batters,1,False,-0.5,58,Bangalore,M Chinnaswamy Stadium,Medium,False,True,10,1,1.6666666666666663,9,5.4,20,48,39,18.33333333333333,2.1272727272727274,0,10,Medium
1.5,1,5,11,Trent Boult,Bowlers,David Warner,Batters,0,False,1.0,58,Bangalore,M Chinnaswamy Stadium,Medium,False,True,11,1,1.8333333333333333,9,4.909090909090908,20,48,39,18.166666666666668,2.146788990825688,0,10,Medium
1.6,1,6,12,Trent Boult,Bowlers,David Warner,Batters,4,False,-2.0,58,Bangalore,M Chinnaswamy Stadium,Medium,False,True,12,1,2.0,13,6.5,20,48,35,18.0,1.9444444444444444,0,10,Medium
2.1,2,1,13,Umesh Yadav,Bowlers,Shikhar Dhawan,Batters,1,False,-0.5,58,Bangalore,M Chinnaswamy Stadium,Medium,False,True,13,2,2.1666666666666665,14,6.461538461538462,20,48,34,17.833333333333332,1.9065420560747663,0,10,Medium
2.2,2,2,14,Umesh Yadav,Bowlers,David Warner,Batters,1,False,-0.5,58,Bangalore,M Chinnaswamy Stadium,Medium,False,True,14,2,2.333333333333333,15,6.428571428571428,20,48,33,17.666666666666668,1.8679245283018864,0,10,Medium
2.3,2,3,15,Umesh Yadav,Bowlers,Shikhar Dhawan,Batters,0,False,1.0,58,Bangalore,M Chinnaswamy Stadium,Medium,False,True,15,2,2.5,15,6.0,20,48,33,17.5,1.8857142857142857,0,10,Medium
2.4,2,4,16,Umesh Yadav,Bowlers,Shikhar Dhawan,Batters,0,False,1.0,58,Bangalore,M Chinnaswamy Stadium,Medium,False,True,16,2,2.6666666666666665,15,5.625,20,48,33,17.333333333333332,1.903846153846154,0,10,Medium
2.5,2,5,17,Umesh Yadav,Bowlers,Shikhar Dhawan,Batters,4,False,-2.0,58,Bangalore,M Chinnaswamy Stadium,Medium,False,True,17,2,2.833333333333333,19,6.705882352941176,20,48,29,17.166666666666668,1.6893203883495145,0,10,Medium
2.6,2,6,18,Umesh Yadav,Bowlers,Shikhar Dhawan,Batters,1,False,-0.5,58,Bangalore,M Chinnaswamy Stadium,Medium,False,True,18,2,3.0,20,6.666666666666667,20,48,28,17.0,1.6470588235294117,0,10,Medium
3.1,3,1,19,Trent Boult,Bowlers,Shikhar Dhawan,Batters,1,False,-0.5,58,Bangalore,M Chinnaswamy Stadium,Medium,False,True,19,3,3.1666666666666665,21,6.631578947368421,20,48,27,16.833333333333332,1.603960396039604,0,10,Medium
3.2,3,2,20,Trent Boult,Bowlers,David Warner,Batters,1,False,-0.25,58,Bangalore,M Chinnaswamy Stadium,Medium,False,True,20,3,3.333333333333333,22,6.6,20,48,26,16.666666666666668,1.5599999999999998,0,10,Medium
3.3,3,3,21,Trent Boult,Bowlers,Shikhar Dhawan,Batters,1,False,-0.5,58,Bangalore,M Chinnaswamy Stadium,Medium,False,True,21,3,3.5,23,6.571428571428571,20,48,25,16.5,1.5151515151515151,0,10,Medium
3.4,3,4,22,Trent Boult,Bowlers,David Warner,Batters,0,False,1.0,58,Bangalore,M Chinnaswamy Stadium,Medium,False,True,22,3,3.6666666666666665,23,6.272727272727273,20,48,25,16.333333333333332,1.530612244897959,0,10,Medium
3.5,3,5,23,Trent Boult,Bowlers,David Warner,Batters,1,False,-0.5,58,Bangalore,M Chinnaswamy Stadium,Medium,False,True,23,3,3.8333333333333335,24,6.260869565217391,20,48,24,16.166666666666668,1.4845360824742266,0,10,Medium
3.6,3,6,24,Trent Boult,Bowlers,Shikhar Dhawan,Batters,1,False,-0.5,58,Bangalore,M Chinnaswamy Stadium,Medium,False,True,24,3,4.0,25,6.25,20,48,23,16.0,1.4375,0,10,Medium
4.1,4,1,25,Umesh Yadav,Bowlers,Shikhar Dhawan,Batters,0,False,1.0,58,Bangalore,M Chinnaswamy Stadium,Medium,False,True,25,4,4.166666666666667,25,6.0,20,48,23,15.833333333333332,1.4526315789473685,0,10,Medium
4.2,4,2,26,Umesh Yadav,Bowlers,Shikhar Dhawan,Batters,0,True,5.0,58,Bangalore,M Chinnaswamy Stadium,Medium,False,True,26,4,4.333333333333333,25,5.76923076923077,20,48,23,15.666666666666668,1.4680851063829785,1,9,Medium
4.3,4,3,27,Umesh Yadav,Bowlers,David Warner,Batters,1,False,-0.5,58,Bangalore,M Chinnaswamy Stadium,Medium,False,True,27,4,4.5,26,5.777777777777778,20,48,22,15.5,1.4193548387096775,1,9,Medium
4.4,4,4,28,Umesh Yadav,Bowlers,Kane Williamson,Batters,0,False,1.0,58,Bangalore,M Chinnaswamy Stadium,Medium,False,True,28,4,4.666666666666667,26,5.571428571428571,20,48,22,15.333333333333332,1.4347826086956523,1,9,Medium
4.5,4,5,29,Umesh Yadav,Bowlers,Kane Williamson,Batters,0,False,1.0,58,Bangalore,M Chinnaswamy Stadium,Medium,False,True,29,4,4.833333333333333,26,5.379310344827586,20,48,22,15.166666666666668,1.4505494505494505,1,9,Medium
4.6,4,6,30,Umesh Yadav,Bowlers,Kane Williamson,Batters,1,False,-0.5,58,Bangalore,M Chinnaswamy Stadium,Medium,False,True,30,4,5.0,27,5.4,20,48,21,15.0,1.4,1,9,Medium
5.1,5,1,31,Sunil Narine,All-Rounders,Kane Williamson,Batters,0,False,1.0,58,Bangalore,M Chinnaswamy Stadium,Medium,False,True,31,5,5.166666666666667,27,5.225806451612903,20,48,21,14.833333333333332,1.4157303370786518,1,9,Medium
5.2,5,2,32,Sunil Narine,All-Rounders,Kane Williamson,Batters,0,False,1.0,58,Bangalore,M Chinnaswamy Stadium,Medium,False,True,32,5,5.333333333333333,27,5.0625,20,48,21,14.666666666666668,1.4318181818181817,1,9,Medium
5.3,5,3,33,Sunil Narine,All-Rounders,Kane Williamson,Batters,0,False,1.0,58,Bangalore,M Chinnaswamy Stadium,Medium,False,True,33,5,5.5,27,4.909090909090909,20,48,21,14.5,1.4482758620689655,1,9,Medium
5.4,5,4,34,Sunil Narine,All-Rounders,Kane Williamson,Batters,1,False,-0.5,58,Bangalore,M Chinnaswamy Stadium,Medium,False,True,34,5,5.666666666666667,28,4.941176470588235,20,48,20,14.333333333333332,1.3953488372093024,1,9,Medium
5.5,5,5,35,Sunil Narine,All-Rounders,David Warner,Batters,1,False,-0.5,58,Bangalore,M Chinnaswamy Stadium,Medium,False,True,35,5,5.833333333333333,29,4.971428571428572,20,48,19,14.166666666666668,1.3411764705882352,1,9,Medium
5.6,5,6,36,Sunil Narine,All-Rounders,Kane Williamson,Batters,1,False,-0.5,58,Bangalore,M Chinnaswamy Stadium,Medium,False,True,36,5,6.0,30,5.0,20,48,18,14.0,1.2857142857142858,1,9,Medium
6.1,6,1,37,Yusuf Pathan,All-Rounders,Kane Williamson,Batters,1,False,-0.5,58,Bangalore,M Chinnaswamy Stadium,Medium,False,True,37,6,6.166666666666667,31,5.027027027027027,20,48,17,13.833333333333332,1.2289156626506026,1,9,Medium
6.2,6,2,38,Yusuf Pathan,All-Rounders,David Warner,Batters,0,False,1.0,58,Bangalore,M Chinnaswamy Stadium,Medium,False,True,38,6,6.333333333333333,31,4.894736842105264,20,48,17,13.666666666666668,1.2439024390243902,1,9,Medium
6.3,6,3,39,Yusuf Pathan,All-Rounders,David Warner,Batters,1,False,-0.5,58,Bangalore,M Chinnaswamy Stadium,Medium,False,True,39,6,6.5,32,4.923076923076923,20,48,16,13.5,1.1851851851851851,1,9,Medium
6.4,6,4,40,Yusuf Pathan,All-Rounders,Kane Williamson,Batters,4,False,-2.0,58,Bangalore,M Chinnaswamy Stadium,Medium,False,True,40,6,6.666666666666667,36,5.4,20,48,12,13.333333333333332,0.9000000000000001,1,9,Medium
6.5,6,5,41,Yusuf Pathan,All-Rounders,Kane Williamson,Batters,0,False,1.0,58,Bangalore,M Chinnaswamy Stadium,Medium,False,True,41,6,6.833333333333333,36,5.2682926829268295,20,48,12,13.166666666666668,0.9113924050632912,1,9,Medium
6.6,6,6,42,Yusuf Pathan,All-Rounders,Kane Williamson,Batters,1,False,-0.5,58,Bangalore,M Chinnaswamy Stadium,Medium,False,True,42,6,7.0,37,5.285714285714286,20,48,11,13.0,0.8461538461538461,1,9,Medium
7.1,7,1,43,Nathan Coulter-Nile,All-Rounders,Kane Williamson,Batters,1,False,-0.5,58,Bangalore,M Chinnaswamy Stadium,Medium,False,True,43,7,7.166666666666667,38,5.3023255813953485,20,48,10,12.833333333333332,0.7792207792207793,1,9,Medium
7.2,7,2,44,Nathan Coulter-Nile,All-Rounders,David Warner,Batters,1,False,-0.5,58,Bangalore,M Chinnaswamy Stadium,Medium,False,True,44,7,7.333333333333333,39,5.318181818181818,20,48,9,12.666666666666668,0.7105263157894737,1,9,Medium
7.3,7,3,45,Nathan Coulter-Nile,All-Rounders,Kane Williamson,Batters,0,False,1.0,58,Bangalore,M Chinnaswamy Stadium,Medium,False,True,45,7,7.5,39,5.2,20,48,9,12.5,0.72,1,9,Medium
7.4,7,4,46,Nathan Coulter-Nile,All-Rounders,Kane Williamson,Batters,0,False,1.0,58,Bangalore,M Chinnaswamy Stadium,Medium,False,True,46,7,7.666666666666667,39,5.08695652173913,20,48,9,12.333333333333332,0.7297297297297298,1,9,Medium
7.5,7,5,47,Nathan Coulter-Nile,All-Rounders,Kane Williamson,Batters,0,False,1.0,58,Bangalore,M Chinnaswamy Stadium,Medium,False,True,47,7,7.833333333333333,39,4.97872340425532,20,48,9,12.166666666666668,0.7397260273972602,1,9,Medium
7.6,7,6,48,Nathan Coulter-Nile,All-Rounders,Kane Williamson,Batters,0,False,1.0,58,Bangalore,M Chinnaswamy Stadium,Medium,False,True,48,7,8.0,39,4.875,20,48,9,12.0,0.75,1,9,Medium
8.1,8,1,49,Piyush Chawla,All-Rounders,David Warner,Batters,0,False,1.0,58,Bangalore,M Chinnaswamy Stadium,Medium,False,True,49,8,8.166666666666666,39,4.775510204081633,20,48,9,11.833333333333334,0.7605633802816901,1,9,Medium
8.2,8,2,50,Piyush Chawla,All-Rounders,David Warner,Batters,6,False,-3.0,58,Bangalore,M Chinnaswamy Stadium,Medium,False,True,50,8,8.333333333333334,45,5.4,20,48,3,11.666666666666666,0.2571428571428572,1,9,Medium
8.3,8,3,51,Piyush Chawla,All-Rounders,David Warner,Batters,1,False,-0.5,58,Bangalore,M Chinnaswamy Stadium,Medium,False,True,51,8,8.5,46,5.411764705882353,20,48,2,11.5,0.1739130434782608,1,9,Medium
8.4,8,4,52,Piyush Chawla,All-Rounders,Kane Williamson,Batters,0,False,1.0,58,Bangalore,M Chinnaswamy Stadium,Medium,False,True,52,8,8.666666666666666,46,5.307692307692308,20,48,2,11.333333333333334,0.1764705882352941,1,9,Medium
8.5,8,5,53,Piyush Chawla,All-Rounders,Kane Williamson,Batters,1,False,-0.5,58,Bangalore,M Chinnaswamy Stadium,Medium,False,True,53,8,8.833333333333334,47,5.320754716981131,20,48,1,11.166666666666666,0.0895522388059701,1,9,Medium
8.6,8,6,54,Piyush Chawla,All-Rounders,David Warner,Batters,1,False,-0.5,58,Bangalore,M Chinnaswamy Stadium,Medium,False,True,54,8,9.0,48,5.333333333333333,20,48,0,11.0,0.0,1,9,Medium
9.1,9,1,55,Nathan Coulter-Nile,All-Rounders,David Warner,Batters,1,False,-0.5,58,Bangalore,M Chinnaswamy Stadium,Medium,False,True,55,9,9.166666666666666,49,5.345454545454546,20,48,0,10.833333333333334,0.0,1,9,Medium
9.2,9,2,56,Nathan Coulter-Nile,All-Rounders,Kane Williamson,Batters,4,False,-2.0,58,Bangalore,M Chinnaswamy Stadium,Medium,False,True,56,9,9.333333333333334,53,5.678571428571428,20,48,0,10.666666666666666,0.0,1,9,Medium
9.3,9,3,57,Nathan Coulter-Nile,All-Rounders,Kane Williamson,Batters,6,False,-3.0,58,Bangalore,M Chinnaswamy Stadium,Medium,False,True,57,9,9.5,59,6.2105263157894735,20,48,0,10.5,0.0,1,9,Medium
9.4,9,4,58,Nathan Coulter-Nile,All-Rounders,Kane Williamson,Batters,1,False,-0.5,58,Bangalore,M Chinnaswamy Stadium,Medium,False,True,58,9,9.666666666666666,60,6.206896551724138,20,48,0,10.333333333333334,0.0,1,9,Medium
9.5,9,5,59,Nathan Coulter-Nile,All-Rounders,David Warner,Batters,0,False,1.0,58,Bangalore,M Chinnaswamy Stadium,Medium,False,True,59,9,9.833333333333334,60,6.101694915254237,20,48,0,10.166666666666666,0.0,1,9,Medium
9.6,9,6,60,Nathan Coulter-Nile,All-Rounders,David Warner,Batters,1,False,-0.5,58,Bangalore,M Chinnaswamy Stadium,Medium,False,True,60,9,10.0,61,6.1,20,48,0,10.0,0.0,1,9,Medium
10.1,10,1,61,Sunil Narine,All-Rounders,David Warner,Batters,2,False,-1.0,58,Bangalore,M Chinnaswamy Stadium,Medium,False,True,61,10,10.166666666666666,63,6.19672131147541,20,48,0,9.833333333333334,0.0,1,9,Medium
10.2,10,2,62,Sunil Narine,All-Rounders,David Warner,Batters,0,False,1.0,58,Bangalore,M Chinnaswamy Stadium,Medium,False,True,62,10,10.333333333333334,63,6.096774193548387,20,48,0,9.666666666666666,0.0,1,9,Medium
10.3,10,3,63,Sunil Narine,All-Rounders,David Warner,Batters,1,False,-0.5,58,Bangalore,M Chinnaswamy Stadium,Medium,False,True,63,10,10.5,64,6.095238095238095,20,48,0,9.5,0.0,1,9,Medium
10.4,10,4,64,Sunil Narine,All-Rounders,Kane Williamson,Batters,1,False,-0.5,58,Bangalore,M Chinnaswamy Stadium,Medium,False,True,64,10,10.666666666666666,65,6.09375,20,48,0,9.333333333333334,0.0,1,9,Medium
10.5,10,5,65,Sunil Narine,All-Rounders,David Warner,Batters,0,False,1.0,58,Bangalore,M Chinnaswamy Stadium,Medium,False,True,65,10,10.833333333333334,65,6.0,20,48,0,9.166666666666666,0.0,1,9,Medium
10.6,10,6,66,Sunil Narine,All-Rounders,David Warner,Batters,6,False,-3.0,58,Bangalore,M Chinnaswamy Stadium,Medium,False,True,66,10,11.0,71,6.454545454545454,20,48,0,9.0,0.0,1,9,Medium
11.1,11,1,67,Nathan Coulter-Nile,All-Rounders,Kane Williamson,Batters,1,False,-0.5,58,Bangalore,M Chinnaswamy Stadium,Medium,False,True,67,11,11.166666666666666,72,6.447761194029851,20,48,0,8.833333333333334,0.0,1,9,Medium
11.2,11,2,68,Nathan Coulter-Nile,All-Rounders,David Warner,Batters,0,False,1.0,58,Bangalore,M Chinnaswamy Stadium,Medium,False,True,68,11,11.333333333333334,72,6.352941176470588,20,48,0,8.666666666666666,0.0,1,9,Medium
11.3,11,3,69,Nathan Coulter-Nile,All-Rounders,David Warner,Batters,1,False,-0.25,58,Bangalore,M Chinnaswamy Stadium,Medium,False,True,69,11,11.5,73,6.3478260869565215,20,48,0,8.5,0.0,1,9,Medium
11.4,11,4,70,Nathan Coulter-Nile,All-Rounders,Kane Williamson,Batters,1,False,-0.25,58,Bangalore,M Chinnaswamy Stadium,Medium,False,True,70,11,11.666666666666666,74,6.342857142857143,20,48,0,8.333333333333334,0.0,1,9,Medium
11.5,11,5,71,Nathan Coulter-Nile,All-Rounders,David Warner,Batters,1,False,-0.5,58,Bangalore,M Chinnaswamy Stadium,Medium,False,True,71,11,11.833333333333334,75,6.338028169014084,20,48,0,8.166666666666666,0.0,1,9,Medium
11.6,11,6,72,Nathan Coulter-Nile,All-Rounders,Kane Williamson,Batters,0,True,5.0,58,Bangalore,M Chinnaswamy Stadium,Medium,False,True,72,11,12.0,75,6.25,20,48,0,8.0,0.0,2,8,Medium
12.1,12,1,73,Piyush Chawla,All-Rounders,David Warner,Batters,0,False,1.0,58,Bangalore,M Chinnaswamy Stadium,Medium,False,True,73,12,12.166666666666666,75,6.164383561643836,20,48,0,7.833333333333334,0.0,2,8,Medium
12.2,12,2,74,Piyush Chawla,All-Rounders,David Warner,Batters,0,True,5.0,58,Bangalore,M Chinnaswamy Stadium,Medium,False,True,74,12,12.333333333333334,75,6.081081081081081,20,48,0,7.666666666666666,0.0,3,7,Medium
12.3,12,3,75,Piyush Chawla,All-Rounders,Vijay Shankar,All-Rounders,1,False,-0.5,58,Bangalore,M Chinnaswamy Stadium,Medium,False,True,75,12,12.5,76,6.08,20,48,0,7.5,0.0,3,7,Medium
12.4,12,4,76,Piyush Chawla,All-Rounders,Yuvraj Singh,Batters,0,False,1.0,58,Bangalore,M Chinnaswamy Stadium,Medium,False,True,76,12,12.666666666666666,76,6.0,20,48,0,7.333333333333334,0.0,3,7,Medium
12.5,12,5,77,Piyush Chawla,All-Rounders,Yuvraj Singh,Batters,4,False,-2.0,58,Bangalore,M Chinnaswamy Stadium,Medium,False,True,77,12,12.833333333333334,80,6.233766233766233,20,48,0,7.166666666666666,0.0,3,7,Medium
12.6,12,6,78,Piyush Chawla,All-Rounders,Yuvraj Singh,Batters,0,False,1.0,58,Bangalore,M Chinnaswamy Stadium,Medium,False,True,78,12,13.0,80,6.153846153846154,20,48,0,7.0,0.0,3,7,Medium
13.1,13,1,79,Sunil Narine,All-Rounders,Vijay Shankar,All-Rounders,0,False,1.0,58,Bangalore,M Chinnaswamy Stadium,Medium,False,True,79,13,13.166666666666666,80,6.075949367088608,20,48,0,6.833333333333334,0.0,3,7,Medium
13.2,13,2,80,Sunil Narine,All-Rounders,Vijay Shankar,All-Rounders,0,False,1.0,58,Bangalore,M Chinnaswamy Stadium,Medium,False,True,80,13,13.333333333333334,80,6.0,20,48,0,6.666666666666666,0.0,3,7,Medium
13.3,13,3,81,Sunil Narine,All-Rounders,Vijay Shankar,All-Rounders,4,False,-2.0,58,Bangalore,M Chinnaswamy Stadium,Medium,False,True,81,13,13.5,84,6.222222222222222,20,48,0,6.5,0.0,3,7,Medium
13.4,13,4,82,Sunil Narine,All-Rounders,Vijay Shankar,All-Rounders,1,False,-0.5,58,Bangalore,M Chinnaswamy Stadium,Medium,False,True,82,13,13.666666666666666,85,6.219512195121951,20,48,0,6.333333333333334,0.0,3,7,Medium
13.5,13,5,83,Sunil Narine,All-Rounders,Yuvraj Singh,Batters,0,False,1.0,58,Bangalore,M Chinnaswamy Stadium,Medium,False,True,83,13,13.833333333333334,85,6.144578313253012,20,48,0,6.166666666666666,0.0,3,7,Medium
13.6,13,6,84,Sunil Narine,All-Rounders,Yuvraj Singh,Batters,0,False,1.0,58,Bangalore,M Chinnaswamy Stadium,Medium,False,True,84,13,14.0,85,6.071428571428571,20,48,0,6.0,0.0,3,7,Medium
14.1,14,1,85,Piyush Chawla,All-Rounders,Vijay Shankar,All-Rounders,1,False,-0.5,58,Bangalore,M Chinnaswamy Stadium,Medium,False,True,85,14,14.166666666666666,86,6.070588235294118,20,48,0,5.833333333333334,0.0,3,7,Medium
14.2,14,2,86,Piyush Chawla,All-Rounders,Yuvraj Singh,Batters,4,False,-2.0,58,Bangalore,M Chinnaswamy Stadium,Medium,False,True,86,14,14.333333333333334,90,6.27906976744186,20,48,0,5.666666666666666,0.0,3,7,Medium
14.3,14,3,87,Piyush Chawla,All-Rounders,Yuvraj Singh,Batters,1,False,-0.5,58,Bangalore,M Chinnaswamy Stadium,Medium,False,True,87,14,14.5,91,6.275862068965517,20,48,0,5.5,0.0,3,7,Medium
14.4,14,4,88,Piyush Chawla,All-Rounders,Vijay Shankar,All-Rounders,0,False,1.0,58,Bangalore,M Chinnaswamy Stadium,Medium,False,True,88,14,14.666666666666666,91,6.204545454545455,20,48,0,5.333333333333334,0.0,3,7,Medium
14.5,14,5,89,Piyush Chawla,All-Rounders,Vijay Shankar,All-Rounders,6,False,-3.0,58,Bangalore,M Chinnaswamy Stadium,Medium,False,True,89,14,14.833333333333334,97,6.539325842696629,20,48,0,5.166666666666666,0.0,3,7,Medium
14.6,14,6,90,Piyush Chawla,All-Rounders,Vijay Shankar,All-Rounders,1,False,-0.5,58,Bangalore,M Chinnaswamy Stadium,Medium,False,True,90,14,15.0,98,6.533333333333333,20,48,0,5.0,0.0,3,7,Medium
15.1,15,1,91,Umesh Yadav,Bowlers,Vijay Shankar,All-Rounders,1,False,-0.5,58,Bangalore,M Chinnaswamy Stadium,Medium,False,True,91,15,15.166666666666666,99,6.527472527472527,20,48,0,4.833333333333334,0.0,3,7,Medium
15.2,15,2,92,Umesh Yadav,Bowlers,Yuvraj Singh,Batters,0,False,1.0,58,Bangalore,M Chinnaswamy Stadium,Medium,False,True,92,15,15.333333333333334,99,6.456521739130435,20,48,0,4.666666666666666,0.0,3,7,Medium
15.3,15,3,93,Umesh Yadav,Bowlers,Yuvraj Singh,Batters,0,True,5.0,58,Bangalore,M Chinnaswamy Stadium,Medium,False,True,93,15,15.5,99,6.387096774193548,20,48,0,4.5,0.0,4,6,Medium
15.4,15,4,94,Umesh Yadav,Bowlers,Naman Ojha,Batters,1,False,-0.5,58,Bangalore,M Chinnaswamy Stadium,Medium,False,True,94,15,15.666666666666666,100,6.382978723404255,20,48,0,4.333333333333334,0.0,4,6,Medium
15.5,15,5,95,Umesh Yadav,Bowlers,Vijay Shankar,All-Rounders,0,False,1.0,58,Bangalore,M Chinnaswamy Stadium,Medium,False,True,95,15,15.833333333333334,100,6.315789473684211,20,48,0,4.166666666666666,0.0,4,6,Medium
15.6,15,6,96,Umesh Yadav,Bowlers,Vijay Shankar,All-Rounders,3,False,-1.0,58,Bangalore,M Chinnaswamy Stadium,Medium,True,False,95,15,15.833333333333334,103,6.505263157894737,20,48,0,4.166666666666666,0.0,4,6,Medium
15.6,15,6,97,Umesh Yadav,Bowlers,Vijay Shankar,All-Rounders,0,False,1.0,58,Bangalore,M Chinnaswamy Stadium,Medium,False,True,96,15,16.0,103,6.4375,20,48,0,4.0,0.0,4,6,Medium
16.1,16,1,98,Sunil Narine,All-Rounders,Naman Ojha,Batters,0,False,1.0,58,Bangalore,M Chinnaswamy Stadium,Medium,False,True,97,16,16.166666666666668,103,6.371134020618556,20,48,0,3.833333333333332,0.0,4,6,Medium
16.2,16,2,99,Sunil Narine,All-Rounders,Naman Ojha,Batters,0,False,1.0,58,Bangalore,M Chinnaswamy Stadium,Medium,False,True,98,16,16.333333333333332,103,6.306122448979592,20,48,0,3.666666666666668,0.0,4,6,Medium
16.3,16,3,100,Sunil Narine,All-Rounders,Naman Ojha,Batters,0,False,1.0,58,Bangalore,M Chinnaswamy Stadium,Medium,False,True,99,16,16.5,103,6.242424242424242,20,48,0,3.5,0.0,4,6,Medium
16.4,16,4,101,Sunil Narine,All-Rounders,Naman Ojha,Batters,1,False,-0.5,58,Bangalore,M Chinnaswamy Stadium,Medium,False,True,100,16,16.666666666666668,104,6.239999999999999,20,48,0,3.333333333333332,0.0,4,6,Medium
16.5,16,5,102,Sunil Narine,All-Rounders,Vijay Shankar,All-Rounders,1,False,-0.5,58,Bangalore,M Chinnaswamy Stadium,Medium,False,True,101,16,16.833333333333332,105,6.237623762376238,20,48,0,3.166666666666668,0.0,4,6,Medium
16.6,16,6,103,Sunil Narine,All-Rounders,Naman Ojha,Batters,0,False,1.0,58,Bangalore,M Chinnaswamy Stadium,Medium,False,True,102,16,17.0,105,6.176470588235294,20,48,0,3.0,0.0,4,6,Medium
17.1,17,1,104,Trent Boult,Bowlers,Vijay Shankar,All-Rounders,4,False,-2.0,58,Bangalore,M Chinnaswamy Stadium,Medium,False,True,103,17,17.166666666666668,109,6.349514563106796,20,48,0,2.833333333333332,0.0,4,6,Medium
17.2,17,2,105,Trent Boult,Bowlers,Vijay Shankar,All-Rounders,1,False,-0.5,58,Bangalore,M Chinnaswamy Stadium,Medium,False,True,104,17,17.333333333333332,110,6.346153846153847,20,48,0,2.666666666666668,0.0,4,6,Medium
17.3,17,3,106,Trent Boult,Bowlers,Naman Ojha,Batters,6,False,-3.0,58,Bangalore,M Chinnaswamy Stadium,Medium,False,True,105,17,17.5,116,6.628571428571429,20,48,0,2.5,0.0,4,6,Medium
17.4,17,4,107,Trent Boult,Bowlers,Naman Ojha,Batters,1,False,-0.5,58,Bangalore,M Chinnaswamy Stadium,Medium,False,True,106,17,17.666666666666668,117,6.6226415094339615,20,48,0,2.333333333333332,0.0,4,6,Medium
17.5,17,5,108,Trent Boult,Bowlers,Vijay Shankar,All-Rounders,1,False,-0.5,58,Bangalore,M Chinnaswamy Stadium,Medium,False,True,107,17,17.833333333333332,118,6.616822429906542,20,48,0,2.166666666666668,0.0,4,6,Medium
17.6,17,6,109,Trent Boult,Bowlers,Naman Ojha,Batters,0,False,1.0,58,Bangalore,M Chinnaswamy Stadium,Medium,False,True,108,17,18.0,118,6.555555555555555,20,48,0,2.0,0.0,4,6,Medium
18.1,18,1,110,Nathan Coulter-Nile,All-Rounders,Vijay Shankar,All-Rounders,0,True,5.0,58,Bangalore,M Chinnaswamy Stadium,Medium,False,True,109,18,18.166666666666668,118,6.4954128440366965,20,48,0,1.833333333333332,0.0,5,5,Medium
18.2,18,2,111,Nathan Coulter-Nile,All-Rounders,Naman Ojha,Batters,1,False,-0.5,58,Bangalore,M Chinnaswamy Stadium,Medium,False,True,110,18,18.33333333333333,119,6.490909090909091,20,48,0,1.666666666666668,0.0,5,5,Medium
18.3,18,3,112,Nathan Coulter-Nile,All-Rounders,Chris Jordan,Bowlers,0,True,5.0,58,Bangalore,M Chinnaswamy Stadium,Medium,False,True,111,18,18.5,119,6.4324324324324325,20,48,0,1.5,0.0,6,4,Medium
18.4,18,4,113,Nathan Coulter-Nile,All-Rounders,Bipul Sharma,All-Rounders,0,False,1.0,58,Bangalore,M Chinnaswamy Stadium,Medium,False,True,112,18,18.666666666666668,119,6.375,20,48,0,1.333333333333332,0.0,6,4,Medium
18.5,18,5,114,Nathan Coulter-Nile,All-Rounders,Bipul Sharma,All-Rounders,1,False,-0.5,58,Bangalore,M Chinnaswamy Stadium,Medium,False,True,113,18,18.83333333333333,120,6.371681415929204,20,48,0,1.166666666666668,0.0,6,4,Medium
18.6,18,6,115,Nathan Coulter-Nile,All-Rounders,Naman Ojha,Batters,1,False,-0.5,58,Bangalore,M Chinnaswamy Stadium,Medium,False,True,114,18,19.0,121,6.368421052631579,20,48,0,1.0,0.0,6,4,Medium
19.1,19,1,116,Trent Boult,Bowlers,Naman Ojha,Batters,0,False,1.0,58,Bangalore,M Chinnaswamy Stadium,Medium,False,True,115,19,19.166666666666668,121,6.3130434782608695,20,48,0,0.8333333333333321,0.0,6,4,Medium
19.2,19,2,117,Trent Boult,Bowlers,Naman Ojha,Batters,2,False,-1.0,58,Bangalore,M Chinnaswamy Stadium,Medium,False,True,116,19,19.33333333333333,123,6.362068965517242,20,48,0,0.6666666666666679,0.0,6,4,Medium
19.3,19,3,118,Trent Boult,Bowlers,Naman Ojha,Batters,1,False,-1.0,58,Bangalore,M Chinnaswamy Stadium,Medium,True,False,116,19,19.33333333333333,124,6.413793103448277,20,48,0,0.6666666666666679,0.0,6,4,Medium
19.3,19,3,119,Trent Boult,Bowlers,Naman Ojha,Batters,1,False,-0.5,58,Bangalore,M Chinnaswamy Stadium,Medium,False,True,117,19,19.5,125,6.410256410256411,20,48,0,0.5,0.0,6,4,Medium
19.4,19,4,120,Trent Boult,Bowlers,Bipul Sharma,All-Rounders,1,False,-0.5,58,Bangalore,M Chinnaswamy Stadium,Medium,False,True,118,19,19.666666666666668,126,6.406779661016949,20,48,0,0.3333333333333321,0.0,6,4,Medium
19.5,19,5,121,Trent Boult,Bowlers,Naman Ojha,Batters,2,False,-1.0,58,Bangalore,M Chinnaswamy Stadium,Medium,False,True,119,19,19.83333333333333,128,6.453781512605042,20,48,0,0.1666666666666678,0.0,6,4,Medium
19.6,19,6,122,Trent Boult,Bowlers,Naman Ojha,Batters,0,True,5.0,58,Bangalore,M Chinnaswamy Stadium,Medium,False,True,120,19,20.0,128,6.4,20,48,0,0.0,inf,7,3,Medium
