Ball Number,over,ball,Ball,bowler,bowler_role,batsman,batsman_role,Runs,is_wicket,bowler_score,match_id,city,stadium,Stadium_Type,is_extra,legal_delivery,legal_deliveries_count,overs_completed,overs_bowled,total_runs,current_run_rate,total_overs,target,runs_needed,overs_remaining,required_run_rate,wickets_fallen,wickets_in_hand,Ground_Type
0.1,0,1,1,Mitchell Johnson,Bowlers,Chris Lynn,Batters,0,False,1.0,59,Bangalore,M Chinnaswamy Stadium,Medium,False,True,1,0,0.1666666666666666,0,0.0,20,108,108,19.83333333333333,5.445378151260504,0,10,Medium
0.2,0,2,2,Mitchell Johnson,Bowlers,Chris Lynn,Batters,0,False,1.0,59,Bangalore,M Chinnaswamy Stadium,Medium,False,True,2,0,0.3333333333333333,0,0.0,20,108,108,19.666666666666668,5.491525423728813,0,10,Medium
0.3,0,3,3,Mitchell Johnson,Bowlers,Chris Lynn,Batters,0,False,1.0,59,Bangalore,M Chinnaswamy Stadium,Medium,False,True,3,0,0.5,0,0.0,20,108,108,19.5,5.538461538461538,0,10,Medium
0.4,0,4,4,Mitchell Johnson,Bowlers,Chris Lynn,Batters,0,False,1.0,59,Bangalore,M Chinnaswamy Stadium,Medium,False,True,4,0,0.6666666666666666,0,0.0,20,108,108,19.33333333333333,5.586206896551724,0,10,Medium
0.5,0,5,5,Mitchell Johnson,Bowlers,Chris Lynn,Batters,2,False,-1.0,59,Bangalore,M Chinnaswamy Stadium,Medium,False,True,5,0,0.8333333333333334,2,2.4,20,108,106,19.166666666666668,5.530434782608696,0,10,Medium
0.6,0,6,6,Mitchell Johnson,Bowlers,Chris Lynn,Batters,1,False,-0.5,59,Bangalore,M Chinnaswamy Stadium,Medium,False,True,6,0,1.0,3,3.0,20,108,105,19.0,5.526315789473684,0,10,Medium
1.1,1,1,7,Jasprit Bumrah,Bowlers,Chris Lynn,Batters,1,False,-0.5,59,Bangalore,M Chinnaswamy Stadium,Medium,False,True,7,1,1.1666666666666667,4,3.4285714285714284,20,108,104,18.83333333333333,5.52212389380531,0,10,Medium
1.2,1,2,8,Jasprit Bumrah,Bowlers,Sunil Narine,All-Rounders,1,False,-0.5,59,Bangalore,M Chinnaswamy Stadium,Medium,False,True,8,1,1.3333333333333333,5,3.75,20,108,103,18.666666666666668,5.517857142857142,0,10,Medium
1.3,1,3,9,Jasprit Bumrah,Bowlers,Chris Lynn,Batters,0,True,5.0,59,Bangalore,M Chinnaswamy Stadium,Medium,False,True,9,1,1.5,5,3.333333333333333,20,108,103,18.5,5.567567567567568,1,9,Medium
1.4,1,4,10,Jasprit Bumrah,Bowlers,Gautam Gambhir,Batters,0,False,1.0,59,Bangalore,M Chinnaswamy Stadium,Medium,False,True,10,1,1.6666666666666663,5,3.0000000000000004,20,108,103,18.33333333333333,5.618181818181818,1,9,Medium
1.5,1,5,11,Jasprit Bumrah,Bowlers,Gautam Gambhir,Batters,0,False,1.0,59,Bangalore,M Chinnaswamy Stadium,Medium,False,True,11,1,1.8333333333333333,5,2.727272727272727,20,108,103,18.166666666666668,5.669724770642201,1,9,Medium
1.6,1,6,12,Jasprit Bumrah,Bowlers,Gautam Gambhir,Batters,0,False,1.0,59,Bangalore,M Chinnaswamy Stadium,Medium,False,True,12,1,2.0,5,2.5,20,108,103,18.0,5.722222222222222,1,9,Medium
2.1,2,1,13,Mitchell Johnson,Bowlers,Sunil Narine,All-Rounders,0,False,1.0,59,Bangalore,M Chinnaswamy Stadium,Medium,False,True,13,2,2.1666666666666665,5,2.307692307692308,20,108,103,17.833333333333332,5.775700934579439,1,9,Medium
2.2,2,2,14,Mitchell Johnson,Bowlers,Sunil Narine,All-Rounders,1,False,-0.5,59,Bangalore,M Chinnaswamy Stadium,Medium,False,True,14,2,2.333333333333333,6,2.571428571428571,20,108,102,17.666666666666668,5.773584905660377,1,9,Medium
2.3,2,3,15,Mitchell Johnson,Bowlers,Gautam Gambhir,Batters,4,False,-2.0,59,Bangalore,M Chinnaswamy Stadium,Medium,False,True,15,2,2.5,10,4.0,20,108,98,17.5,5.6,1,9,Medium
2.4,2,4,16,Mitchell Johnson,Bowlers,Gautam Gambhir,Batters,1,False,-0.5,59,Bangalore,M Chinnaswamy Stadium,Medium,False,True,16,2,2.6666666666666665,11,4.125,20,108,97,17.333333333333332,5.596153846153847,1,9,Medium
2.5,2,5,17,Mitchell Johnson,Bowlers,Sunil Narine,All-Rounders,1,False,-0.5,59,Bangalore,M Chinnaswamy Stadium,Medium,False,True,17,2,2.833333333333333,12,4.235294117647059,20,108,96,17.166666666666668,5.592233009708737,1,9,Medium
2.6,2,6,18,Mitchell Johnson,Bowlers,Gautam Gambhir,Batters,0,False,1.0,59,Bangalore,M Chinnaswamy Stadium,Medium,False,True,18,2,3.0,12,4.0,20,108,96,17.0,5.647058823529412,1,9,Medium
2.6,2,6,19,Mitchell Johnson,Bowlers,Gautam Gambhir,Batters,1,False,-1.0,59,Bangalore,M Chinnaswamy Stadium,Medium,True,False,18,2,3.0,13,4.333333333333333,20,108,95,17.0,5.588235294117647,1,9,Medium
3.1,3,1,20,Lasith Malinga,Bowlers,Sunil Narine,All-Rounders,1,False,-0.25,59,Bangalore,M Chinnaswamy Stadium,Medium,False,True,19,3,3.1666666666666665,14,4.421052631578948,20,108,94,16.833333333333332,5.584158415841585,1,9,Medium
3.2,3,2,21,Lasith Malinga,Bowlers,Gautam Gambhir,Batters,1,False,-0.5,59,Bangalore,M Chinnaswamy Stadium,Medium,False,True,20,3,3.333333333333333,15,4.5,20,108,93,16.666666666666668,5.579999999999999,1,9,Medium
3.3,3,3,22,Lasith Malinga,Bowlers,Sunil Narine,All-Rounders,6,False,-3.0,59,Bangalore,M Chinnaswamy Stadium,Medium,False,True,21,3,3.5,21,6.0,20,108,87,16.5,5.2727272727272725,1,9,Medium
3.4,3,4,23,Lasith Malinga,Bowlers,Sunil Narine,All-Rounders,1,False,-0.5,59,Bangalore,M Chinnaswamy Stadium,Medium,False,True,22,3,3.6666666666666665,22,6.0,20,108,86,16.333333333333332,5.26530612244898,1,9,Medium
3.5,3,5,24,Lasith Malinga,Bowlers,Gautam Gambhir,Batters,0,False,1.0,59,Bangalore,M Chinnaswamy Stadium,Medium,False,True,23,3,3.8333333333333335,22,5.739130434782608,20,108,86,16.166666666666668,5.319587628865979,1,9,Medium
3.6,3,6,25,Lasith Malinga,Bowlers,Gautam Gambhir,Batters,0,False,1.0,59,Bangalore,M Chinnaswamy Stadium,Medium,False,True,24,3,4.0,22,5.5,20,108,86,16.0,5.375,1,9,Medium
4.1,4,1,26,Karn Sharma,Bowlers,Sunil Narine,All-Rounders,0,False,1.0,59,Bangalore,M Chinnaswamy Stadium,Medium,False,True,25,4,4.166666666666667,22,5.279999999999999,20,108,86,15.833333333333332,5.431578947368421,1,9,Medium
4.2,4,2,27,Karn Sharma,Bowlers,Sunil Narine,All-Rounders,1,False,-0.25,59,Bangalore,M Chinnaswamy Stadium,Medium,False,True,26,4,4.333333333333333,23,5.307692307692308,20,108,85,15.666666666666668,5.425531914893616,1,9,Medium
4.3,4,3,28,Karn Sharma,Bowlers,Gautam Gambhir,Batters,1,False,-0.5,59,Bangalore,M Chinnaswamy Stadium,Medium,False,True,27,4,4.5,24,5.333333333333333,20,108,84,15.5,5.419354838709677,1,9,Medium
4.4,4,4,29,Karn Sharma,Bowlers,Sunil Narine,All-Rounders,0,True,5.0,59,Bangalore,M Chinnaswamy Stadium,Medium,False,True,28,4,4.666666666666667,24,5.142857142857142,20,108,84,15.333333333333332,5.478260869565218,2,8,Medium
4.5,4,5,30,Karn Sharma,Bowlers,Robin Uthappa,Batters,1,False,-0.5,59,Bangalore,M Chinnaswamy Stadium,Medium,False,True,29,4,4.833333333333333,25,5.172413793103448,20,108,83,15.166666666666668,5.472527472527472,2,8,Medium
4.6,4,6,31,Karn Sharma,Bowlers,Gautam Gambhir,Batters,0,False,1.0,59,Bangalore,M Chinnaswamy Stadium,Medium,False,True,30,4,5.0,25,5.0,20,108,83,15.0,5.533333333333333,2,8,Medium
5.1,5,1,32,Jasprit Bumrah,Bowlers,Robin Uthappa,Batters,0,False,1.0,59,Bangalore,M Chinnaswamy Stadium,Medium,False,True,31,5,5.166666666666667,25,4.838709677419355,20,108,83,14.833333333333332,5.595505617977529,2,8,Medium
5.2,5,2,33,Jasprit Bumrah,Bowlers,Robin Uthappa,Batters,0,True,5.0,59,Bangalore,M Chinnaswamy Stadium,Medium,False,True,32,5,5.333333333333333,25,4.6875,20,108,83,14.666666666666668,5.659090909090908,3,7,Medium
5.3,5,3,34,Jasprit Bumrah,Bowlers,Ishank Jaggi,Batters,0,False,1.0,59,Bangalore,M Chinnaswamy Stadium,Medium,False,True,33,5,5.5,25,4.545454545454546,20,108,83,14.5,5.724137931034483,3,7,Medium
5.4,5,4,35,Jasprit Bumrah,Bowlers,Ishank Jaggi,Batters,0,False,1.0,59,Bangalore,M Chinnaswamy Stadium,Medium,False,True,34,5,5.666666666666667,25,4.411764705882352,20,108,83,14.333333333333332,5.790697674418605,3,7,Medium
5.5,5,5,36,Jasprit Bumrah,Bowlers,Ishank Jaggi,Batters,0,False,1.0,59,Bangalore,M Chinnaswamy Stadium,Medium,False,True,35,5,5.833333333333333,25,4.285714285714286,20,108,83,14.166666666666668,5.858823529411764,3,7,Medium
5.6,5,6,37,Jasprit Bumrah,Bowlers,Ishank Jaggi,Batters,0,False,1.0,59,Bangalore,M Chinnaswamy Stadium,Medium,False,True,36,5,6.0,25,4.166666666666667,20,108,83,14.0,5.928571428571429,3,7,Medium
6.1,6,1,38,Karn Sharma,Bowlers,Gautam Gambhir,Batters,4,False,-2.0,59,Bangalore,M Chinnaswamy Stadium,Medium,False,True,37,6,6.166666666666667,29,4.702702702702703,20,108,79,13.833333333333332,5.710843373493977,3,7,Medium
6.2,6,2,39,Karn Sharma,Bowlers,Gautam Gambhir,Batters,1,False,-0.5,59,Bangalore,M Chinnaswamy Stadium,Medium,False,True,38,6,6.333333333333333,30,4.736842105263158,20,108,78,13.666666666666668,5.7073170731707314,3,7,Medium
6.3,6,3,40,Karn Sharma,Bowlers,Ishank Jaggi,Batters,1,False,-0.5,59,Bangalore,M Chinnaswamy Stadium,Medium,False,True,39,6,6.5,31,4.769230769230769,20,108,77,13.5,5.703703703703703,3,7,Medium
6.4,6,4,41,Karn Sharma,Bowlers,Gautam Gambhir,Batters,0,False,1.0,59,Bangalore,M Chinnaswamy Stadium,Medium,False,True,40,6,6.666666666666667,31,4.65,20,108,77,13.333333333333332,5.775,3,7,Medium
6.5,6,5,42,Karn Sharma,Bowlers,Gautam Gambhir,Batters,0,True,5.0,59,Bangalore,M Chinnaswamy Stadium,Medium,False,True,41,6,6.833333333333333,31,4.536585365853659,20,108,77,13.166666666666668,5.848101265822784,4,6,Medium
6.6,6,6,43,Karn Sharma,Bowlers,Colin de Grandhomme,All-Rounders,0,True,5.0,59,Bangalore,M Chinnaswamy Stadium,Medium,False,True,42,6,7.0,31,4.428571428571429,20,108,77,13.0,5.923076923076923,5,5,Medium
7.1,7,1,44,Krunal Pandya,All-Rounders,Ishank Jaggi,Batters,0,False,1.0,59,Bangalore,M Chinnaswamy Stadium,Medium,False,True,43,7,7.166666666666667,31,4.325581395348837,20,108,77,12.833333333333332,6.000000000000001,5,5,Medium
7.2,7,2,45,Krunal Pandya,All-Rounders,Ishank Jaggi,Batters,1,False,-0.5,59,Bangalore,M Chinnaswamy Stadium,Medium,False,True,44,7,7.333333333333333,32,4.363636363636364,20,108,76,12.666666666666668,5.999999999999999,5,5,Medium
7.3,7,3,46,Krunal Pandya,All-Rounders,Suryakumar Yadav,Batters,2,False,-1.0,59,Bangalore,M Chinnaswamy Stadium,Medium,False,True,45,7,7.5,34,4.533333333333333,20,108,74,12.5,5.92,5,5,Medium
7.4,7,4,47,Krunal Pandya,All-Rounders,Suryakumar Yadav,Batters,1,False,-0.5,59,Bangalore,M Chinnaswamy Stadium,Medium,False,True,46,7,7.666666666666667,35,4.565217391304348,20,108,73,12.333333333333332,5.918918918918919,5,5,Medium
7.5,7,5,48,Krunal Pandya,All-Rounders,Ishank Jaggi,Batters,1,False,-0.5,59,Bangalore,M Chinnaswamy Stadium,Medium,False,True,47,7,7.833333333333333,36,4.595744680851064,20,108,72,12.166666666666668,5.917808219178082,5,5,Medium
7.6,7,6,49,Krunal Pandya,All-Rounders,Suryakumar Yadav,Batters,0,False,1.0,59,Bangalore,M Chinnaswamy Stadium,Medium,False,True,48,7,8.0,36,4.5,20,108,72,12.0,6.0,5,5,Medium
8.1,8,1,50,Karn Sharma,Bowlers,Ishank Jaggi,Batters,0,False,1.0,59,Bangalore,M Chinnaswamy Stadium,Medium,False,True,49,8,8.166666666666666,36,4.408163265306123,20,108,72,11.833333333333334,6.084507042253521,5,5,Medium
8.2,8,2,51,Karn Sharma,Bowlers,Ishank Jaggi,Batters,0,False,1.0,59,Bangalore,M Chinnaswamy Stadium,Medium,False,True,50,8,8.333333333333334,36,4.319999999999999,20,108,72,11.666666666666666,6.171428571428572,5,5,Medium
8.3,8,3,52,Karn Sharma,Bowlers,Ishank Jaggi,Batters,0,False,1.0,59,Bangalore,M Chinnaswamy Stadium,Medium,False,True,51,8,8.5,36,4.235294117647059,20,108,72,11.5,6.260869565217392,5,5,Medium
8.4,8,4,53,Karn Sharma,Bowlers,Ishank Jaggi,Batters,1,False,-0.5,59,Bangalore,M Chinnaswamy Stadium,Medium,False,True,52,8,8.666666666666666,37,4.269230769230769,20,108,71,11.333333333333334,6.264705882352941,5,5,Medium
8.5,8,5,54,Karn Sharma,Bowlers,Suryakumar Yadav,Batters,1,False,-0.5,59,Bangalore,M Chinnaswamy Stadium,Medium,False,True,53,8,8.833333333333334,38,4.30188679245283,20,108,70,11.166666666666666,6.268656716417911,5,5,Medium
8.6,8,6,55,Karn Sharma,Bowlers,Ishank Jaggi,Batters,1,False,-0.5,59,Bangalore,M Chinnaswamy Stadium,Medium,False,True,54,8,9.0,39,4.333333333333333,20,108,69,11.0,6.2727272727272725,5,5,Medium
9.1,9,1,56,Lasith Malinga,Bowlers,Ishank Jaggi,Batters,0,False,1.0,59,Bangalore,M Chinnaswamy Stadium,Medium,False,True,55,9,9.166666666666666,39,4.254545454545455,20,108,69,10.833333333333334,6.369230769230769,5,5,Medium
9.2,9,2,57,Lasith Malinga,Bowlers,Ishank Jaggi,Batters,0,False,1.0,59,Bangalore,M Chinnaswamy Stadium,Medium,False,True,56,9,9.333333333333334,39,4.178571428571428,20,108,69,10.666666666666666,6.46875,5,5,Medium
9.3,9,3,58,Lasith Malinga,Bowlers,Ishank Jaggi,Batters,0,False,1.0,59,Bangalore,M Chinnaswamy Stadium,Medium,False,True,57,9,9.5,39,4.105263157894737,20,108,69,10.5,6.571428571428571,5,5,Medium
9.4,9,4,59,Lasith Malinga,Bowlers,Ishank Jaggi,Batters,1,False,-0.5,59,Bangalore,M Chinnaswamy Stadium,Medium,False,True,58,9,9.666666666666666,40,4.137931034482759,20,108,68,10.333333333333334,6.580645161290322,5,5,Medium
9.5,9,5,60,Lasith Malinga,Bowlers,Suryakumar Yadav,Batters,1,False,-0.5,59,Bangalore,M Chinnaswamy Stadium,Medium,False,True,59,9,9.833333333333334,41,4.169491525423728,20,108,67,10.166666666666666,6.59016393442623,5,5,Medium
9.6,9,6,61,Lasith Malinga,Bowlers,Ishank Jaggi,Batters,2,False,-1.0,59,Bangalore,M Chinnaswamy Stadium,Medium,False,True,60,9,10.0,43,4.3,20,108,65,10.0,6.5,5,5,Medium
10.1,10,1,62,Krunal Pandya,All-Rounders,Suryakumar Yadav,Batters,6,False,-3.0,59,Bangalore,M Chinnaswamy Stadium,Medium,False,True,61,10,10.166666666666666,49,4.819672131147541,20,108,59,9.833333333333334,6.0,5,5,Medium
10.2,10,2,63,Krunal Pandya,All-Rounders,Suryakumar Yadav,Batters,0,False,1.0,59,Bangalore,M Chinnaswamy Stadium,Medium,False,True,62,10,10.333333333333334,49,4.741935483870967,20,108,59,9.666666666666666,6.103448275862069,5,5,Medium
10.3,10,3,64,Krunal Pandya,All-Rounders,Suryakumar Yadav,Batters,1,False,-0.5,59,Bangalore,M Chinnaswamy Stadium,Medium,False,True,63,10,10.5,50,4.761904761904762,20,108,58,9.5,6.105263157894737,5,5,Medium
10.4,10,4,65,Krunal Pandya,All-Rounders,Ishank Jaggi,Batters,1,False,-0.5,59,Bangalore,M Chinnaswamy Stadium,Medium,False,True,64,10,10.666666666666666,51,4.78125,20,108,57,9.333333333333334,6.107142857142857,5,5,Medium
10.5,10,5,66,Krunal Pandya,All-Rounders,Suryakumar Yadav,Batters,1,False,-0.5,59,Bangalore,M Chinnaswamy Stadium,Medium,False,True,65,10,10.833333333333334,52,4.8,20,108,56,9.166666666666666,6.109090909090909,5,5,Medium
10.6,10,6,67,Krunal Pandya,All-Rounders,Ishank Jaggi,Batters,1,False,-0.5,59,Bangalore,M Chinnaswamy Stadium,Medium,False,True,66,10,11.0,53,4.818181818181818,20,108,55,9.0,6.111111111111111,5,5,Medium
11.1,11,1,68,Mitchell Johnson,Bowlers,Ishank Jaggi,Batters,4,False,-2.0,59,Bangalore,M Chinnaswamy Stadium,Medium,False,True,67,11,11.166666666666666,57,5.104477611940299,20,108,51,8.833333333333334,5.773584905660377,5,5,Medium
11.2,11,2,69,Mitchell Johnson,Bowlers,Ishank Jaggi,Batters,3,False,-1.5,59,Bangalore,M Chinnaswamy Stadium,Medium,False,True,68,11,11.333333333333334,60,5.294117647058823,20,108,48,8.666666666666666,5.538461538461539,5,5,Medium
11.3,11,3,70,Mitchell Johnson,Bowlers,Suryakumar Yadav,Batters,0,False,1.0,59,Bangalore,M Chinnaswamy Stadium,Medium,False,True,69,11,11.5,60,5.217391304347826,20,108,48,8.5,5.647058823529412,5,5,Medium
11.4,11,4,71,Mitchell Johnson,Bowlers,Suryakumar Yadav,Batters,0,False,1.0,59,Bangalore,M Chinnaswamy Stadium,Medium,False,True,70,11,11.666666666666666,60,5.142857142857143,20,108,48,8.333333333333334,5.76,5,5,Medium
11.5,11,5,72,Mitchell Johnson,Bowlers,Suryakumar Yadav,Batters,1,False,-0.5,59,Bangalore,M Chinnaswamy Stadium,Medium,False,True,71,11,11.833333333333334,61,5.154929577464788,20,108,47,8.166666666666666,5.755102040816327,5,5,Medium
11.6,11,6,73,Mitchell Johnson,Bowlers,Ishank Jaggi,Batters,0,False,1.0,59,Bangalore,M Chinnaswamy Stadium,Medium,False,True,72,11,12.0,61,5.083333333333333,20,108,47,8.0,5.875,5,5,Medium
12.1,12,1,74,Krunal Pandya,All-Rounders,Suryakumar Yadav,Batters,4,False,-2.0,59,Bangalore,M Chinnaswamy Stadium,Medium,False,True,73,12,12.166666666666666,65,5.342465753424658,20,108,43,7.833333333333334,5.489361702127659,5,5,Medium
12.2,12,2,75,Krunal Pandya,All-Rounders,Suryakumar Yadav,Batters,4,False,-2.0,59,Bangalore,M Chinnaswamy Stadium,Medium,False,True,74,12,12.333333333333334,69,5.594594594594595,20,108,39,7.666666666666666,5.086956521739131,5,5,Medium
12.3,12,3,76,Krunal Pandya,All-Rounders,Suryakumar Yadav,Batters,1,False,-0.5,59,Bangalore,M Chinnaswamy Stadium,Medium,False,True,75,12,12.5,70,5.6,20,108,38,7.5,5.066666666666666,5,5,Medium
12.4,12,4,77,Krunal Pandya,All-Rounders,Ishank Jaggi,Batters,1,False,-0.5,59,Bangalore,M Chinnaswamy Stadium,Medium,False,True,76,12,12.666666666666666,71,5.605263157894737,20,108,37,7.333333333333334,5.045454545454545,5,5,Medium
12.5,12,5,78,Krunal Pandya,All-Rounders,Suryakumar Yadav,Batters,0,False,1.0,59,Bangalore,M Chinnaswamy Stadium,Medium,False,True,77,12,12.833333333333334,71,5.532467532467532,20,108,37,7.166666666666666,5.162790697674419,5,5,Medium
12.6,12,6,79,Krunal Pandya,All-Rounders,Suryakumar Yadav,Batters,0,False,1.0,59,Bangalore,M Chinnaswamy Stadium,Medium,False,True,78,12,13.0,71,5.461538461538462,20,108,37,7.0,5.285714285714286,5,5,Medium
13.1,13,1,80,Lasith Malinga,Bowlers,Ishank Jaggi,Batters,4,False,-2.0,59,Bangalore,M Chinnaswamy Stadium,Medium,False,True,79,13,13.166666666666666,75,5.69620253164557,20,108,33,6.833333333333334,4.829268292682927,5,5,Medium
13.2,13,2,81,Lasith Malinga,Bowlers,Ishank Jaggi,Batters,1,False,-0.5,59,Bangalore,M Chinnaswamy Stadium,Medium,False,True,80,13,13.333333333333334,76,5.7,20,108,32,6.666666666666666,4.800000000000001,5,5,Medium
13.3,13,3,82,Lasith Malinga,Bowlers,Suryakumar Yadav,Batters,1,False,-0.5,59,Bangalore,M Chinnaswamy Stadium,Medium,False,True,81,13,13.5,77,5.703703703703703,20,108,31,6.5,4.769230769230769,5,5,Medium
13.4,13,4,83,Lasith Malinga,Bowlers,Ishank Jaggi,Batters,1,False,-0.25,59,Bangalore,M Chinnaswamy Stadium,Medium,False,True,82,13,13.666666666666666,78,5.707317073170732,20,108,30,6.333333333333334,4.7368421052631575,5,5,Medium
13.5,13,5,84,Lasith Malinga,Bowlers,Suryakumar Yadav,Batters,1,False,-0.5,59,Bangalore,M Chinnaswamy Stadium,Medium,False,True,83,13,13.833333333333334,79,5.710843373493976,20,108,29,6.166666666666666,4.702702702702704,5,5,Medium
13.6,13,6,85,Lasith Malinga,Bowlers,Ishank Jaggi,Batters,4,False,-2.0,59,Bangalore,M Chinnaswamy Stadium,Medium,False,True,84,13,14.0,83,5.928571428571429,20,108,25,6.0,4.166666666666667,5,5,Medium
14.1,14,1,86,Karn Sharma,Bowlers,Suryakumar Yadav,Batters,1,False,-0.5,59,Bangalore,M Chinnaswamy Stadium,Medium,False,True,85,14,14.166666666666666,84,5.929411764705883,20,108,24,5.833333333333334,4.114285714285714,5,5,Medium
14.2,14,2,87,Karn Sharma,Bowlers,Ishank Jaggi,Batters,1,False,-0.5,59,Bangalore,M Chinnaswamy Stadium,Medium,False,True,86,14,14.333333333333334,85,5.930232558139535,20,108,23,5.666666666666666,4.058823529411765,5,5,Medium
14.3,14,3,88,Karn Sharma,Bowlers,Suryakumar Yadav,Batters,1,False,-0.5,59,Bangalore,M Chinnaswamy Stadium,Medium,False,True,87,14,14.5,86,5.931034482758621,20,108,22,5.5,4.0,5,5,Medium
14.4,14,4,89,Karn Sharma,Bowlers,Ishank Jaggi,Batters,1,False,-1.0,59,Bangalore,M Chinnaswamy Stadium,Medium,True,False,87,14,14.5,87,6.0,20,108,21,5.5,3.8181818181818175,5,5,Medium
14.4,14,4,90,Karn Sharma,Bowlers,Ishank Jaggi,Batters,0,False,1.0,59,Bangalore,M Chinnaswamy Stadium,Medium,False,True,88,14,14.666666666666666,87,5.931818181818182,20,108,21,5.333333333333334,3.9375,5,5,Medium
14.5,14,5,91,Karn Sharma,Bowlers,Ishank Jaggi,Batters,0,True,5.0,59,Bangalore,M Chinnaswamy Stadium,Medium,False,True,89,14,14.833333333333334,87,5.865168539325842,20,108,21,5.166666666666666,4.064516129032259,6,4,Medium
14.6,14,6,92,Karn Sharma,Bowlers,Piyush Chawla,All-Rounders,1,False,-0.5,59,Bangalore,M Chinnaswamy Stadium,Medium,False,True,90,14,15.0,88,5.866666666666666,20,108,20,5.0,4.0,6,4,Medium
15.1,15,1,93,Hardik Pandya,All-Rounders,Piyush Chawla,All-Rounders,1,False,-0.5,59,Bangalore,M Chinnaswamy Stadium,Medium,False,True,91,15,15.166666666666666,89,5.868131868131869,20,108,19,4.833333333333334,3.93103448275862,6,4,Medium
15.2,15,2,94,Hardik Pandya,All-Rounders,Suryakumar Yadav,Batters,2,False,-1.0,59,Bangalore,M Chinnaswamy Stadium,Medium,False,True,92,15,15.333333333333334,91,5.934782608695652,20,108,17,4.666666666666666,3.6428571428571432,6,4,Medium
15.3,15,3,95,Hardik Pandya,All-Rounders,Suryakumar Yadav,Batters,1,False,-0.5,59,Bangalore,M Chinnaswamy Stadium,Medium,False,True,93,15,15.5,92,5.935483870967742,20,108,16,4.5,3.555555555555556,6,4,Medium
15.4,15,4,96,Hardik Pandya,All-Rounders,Piyush Chawla,All-Rounders,0,False,1.0,59,Bangalore,M Chinnaswamy Stadium,Medium,False,True,94,15,15.666666666666666,92,5.872340425531915,20,108,16,4.333333333333334,3.692307692307692,6,4,Medium
15.5,15,5,97,Hardik Pandya,All-Rounders,Piyush Chawla,All-Rounders,0,False,1.0,59,Bangalore,M Chinnaswamy Stadium,Medium,False,True,95,15,15.833333333333334,92,5.810526315789473,20,108,16,4.166666666666666,3.8400000000000007,6,4,Medium
15.6,15,6,98,Hardik Pandya,All-Rounders,Piyush Chawla,All-Rounders,0,False,1.0,59,Bangalore,M Chinnaswamy Stadium,Medium,False,True,96,15,16.0,92,5.75,20,108,16,4.0,4.0,6,4,Medium
16.1,16,1,99,Mitchell Johnson,Bowlers,Suryakumar Yadav,Batters,2,False,-1.0,59,Bangalore,M Chinnaswamy Stadium,Medium,True,False,96,15,16.0,94,5.875,20,108,14,4.0,3.5,6,4,Medium
16.1,16,1,100,Mitchell Johnson,Bowlers,Piyush Chawla,All-Rounders,0,True,5.0,59,Bangalore,M Chinnaswamy Stadium,Medium,False,True,97,16,16.166666666666668,94,5.814432989690721,20,108,14,3.833333333333332,3.65217391304348,7,3,Medium
16.2,16,2,101,Mitchell Johnson,Bowlers,Nathan Coulter-Nile,All-Rounders,0,False,1.0,59,Bangalore,M Chinnaswamy Stadium,Medium,False,True,98,16,16.333333333333332,94,5.755102040816327,20,108,14,3.666666666666668,3.818181818181817,7,3,Medium
16.3,16,3,102,Mitchell Johnson,Bowlers,Nathan Coulter-Nile,All-Rounders,6,False,-3.0,59,Bangalore,M Chinnaswamy Stadium,Medium,False,True,99,16,16.5,100,6.0606060606060606,20,108,8,3.5,2.2857142857142856,7,3,Medium
16.4,16,4,103,Mitchell Johnson,Bowlers,Nathan Coulter-Nile,All-Rounders,0,False,1.0,59,Bangalore,M Chinnaswamy Stadium,Medium,False,True,100,16,16.666666666666668,100,6.0,20,108,8,3.333333333333332,2.400000000000001,7,3,Medium
16.5,16,5,104,Mitchell Johnson,Bowlers,Nathan Coulter-Nile,All-Rounders,0,True,5.0,59,Bangalore,M Chinnaswamy Stadium,Medium,False,True,101,16,16.833333333333332,100,5.940594059405941,20,108,8,3.166666666666668,2.526315789473683,8,2,Medium
16.6,16,6,105,Mitchell Johnson,Bowlers,Suryakumar Yadav,Batters,1,False,-0.5,59,Bangalore,M Chinnaswamy Stadium,Medium,False,True,102,16,17.0,101,5.941176470588236,20,108,7,3.0,2.333333333333333,8,2,Medium
17.1,17,1,106,Jasprit Bumrah,Bowlers,Suryakumar Yadav,Batters,0,True,5.0,59,Bangalore,M Chinnaswamy Stadium,Medium,False,True,103,17,17.166666666666668,101,5.883495145631067,20,108,7,2.833333333333332,2.470588235294118,9,1,Medium
17.2,17,2,107,Jasprit Bumrah,Bowlers,Umesh Yadav,Bowlers,1,False,-0.5,59,Bangalore,M Chinnaswamy Stadium,Medium,False,True,104,17,17.333333333333332,102,5.884615384615385,20,108,6,2.666666666666668,2.249999999999999,9,1,Medium
17.3,17,3,108,Jasprit Bumrah,Bowlers,Ankit Rajpoot,Bowlers,4,False,-2.0,59,Bangalore,M Chinnaswamy Stadium,Medium,False,True,105,17,17.5,106,6.057142857142857,20,108,2,2.5,0.8,9,1,Medium
17.4,17,4,109,Jasprit Bumrah,Bowlers,Ankit Rajpoot,Bowlers,0,False,1.0,59,Bangalore,M Chinnaswamy Stadium,Medium,False,True,106,17,17.666666666666668,106,6.0,20,108,2,2.333333333333332,0.8571428571428575,9,1,Medium
17.5,17,5,110,Jasprit Bumrah,Bowlers,Ankit Rajpoot,Bowlers,0,False,1.0,59,Bangalore,M Chinnaswamy Stadium,Medium,False,True,107,17,17.833333333333332,106,5.94392523364486,20,108,2,2.166666666666668,0.9230769230769226,9,1,Medium
17.6,17,6,111,Jasprit Bumrah,Bowlers,Ankit Rajpoot,Bowlers,0,False,1.0,59,Bangalore,M Chinnaswamy Stadium,Medium,False,True,108,17,18.0,106,5.888888888888889,20,108,2,2.0,1.0,9,1,Medium
18.1,18,1,112,Lasith Malinga,Bowlers,Umesh Yadav,Bowlers,0,False,1.0,59,Bangalore,M Chinnaswamy Stadium,Medium,False,True,109,18,18.166666666666668,106,5.834862385321101,20,108,2,1.833333333333332,1.0909090909090915,9,1,Medium
18.2,18,2,113,Lasith Malinga,Bowlers,Umesh Yadav,Bowlers,1,False,-0.5,59,Bangalore,M Chinnaswamy Stadium,Medium,False,True,110,18,18.33333333333333,107,5.836363636363637,20,108,1,1.666666666666668,0.5999999999999995,9,1,Medium
18.3,18,3,114,Lasith Malinga,Bowlers,Ankit Rajpoot,Bowlers,0,False,1.0,59,Bangalore,M Chinnaswamy Stadium,Medium,False,True,111,18,18.5,107,5.783783783783784,20,108,1,1.5,0.6666666666666666,9,1,Medium
18.4,18,4,115,Lasith Malinga,Bowlers,Ankit Rajpoot,Bowlers,0,False,1.0,59,Bangalore,M Chinnaswamy Stadium,Medium,False,True,112,18,18.666666666666668,107,5.732142857142857,20,108,1,1.333333333333332,0.7500000000000007,9,1,Medium
18.5,18,5,116,Lasith Malinga,Bowlers,Ankit Rajpoot,Bowlers,0,True,5.0,59,Bangalore,M Chinnaswamy Stadium,Medium,False,True,113,18,18.83333333333333,107,5.68141592920354,20,108,1,1.166666666666668,0.8571428571428563,10,0,Medium
