Ball Number,over,ball,Ball,bowler,bowler_role,batsman,batsman_role,Runs,is_wicket,bowler_score,match_id,city,stadium,Stadium_Type,is_extra,legal_delivery,legal_deliveries_count,overs_completed,overs_bowled,total_runs,current_run_rate,total_overs,target,runs_needed,overs_remaining,required_run_rate,wickets_fallen,wickets_in_hand,Ground_Type
0.1,0,1,1,Jaydev Unadkat,Bowlers,Lendl Simmons,Batters,0,False,1.0,60,Uppal,Rajiv Gandhi International Stadium,Medium,False,True,1,0,0.1666666666666666,0,0.0,20,130,130,19.83333333333333,6.5546218487394965,0,10,Medium
0.2,0,2,2,Jaydev Unadkat,Bowlers,Lendl Simmons,Batters,0,False,1.0,60,Uppal,Rajiv Gandhi International Stadium,Medium,False,True,2,0,0.3333333333333333,0,0.0,20,130,130,19.666666666666668,6.610169491525423,0,10,Medium
0.3,0,3,3,Jaydev Unadkat,Bowlers,Lendl Simmons,Batters,0,False,1.0,60,Uppal,Rajiv Gandhi International Stadium,Medium,False,True,3,0,0.5,0,0.0,20,130,130,19.5,6.666666666666667,0,10,Medium
0.4,0,4,4,Jaydev Unadkat,Bowlers,Lendl Simmons,Batters,1,False,-0.5,60,Uppal,Rajiv Gandhi International Stadium,Medium,False,True,4,0,0.6666666666666666,1,1.5,20,130,129,19.33333333333333,6.672413793103448,0,10,Medium
0.5,0,5,5,Jaydev Unadkat,Bowlers,Parthiv Patel,Batters,1,False,-0.5,60,Uppal,Rajiv Gandhi International Stadium,Medium,False,True,5,0,0.8333333333333334,2,2.4,20,130,128,19.166666666666668,6.678260869565217,0,10,Medium
0.6,0,6,6,Jaydev Unadkat,Bowlers,Lendl Simmons,Batters,1,False,-0.5,60,Uppal,Rajiv Gandhi International Stadium,Medium,False,True,6,0,1.0,3,3.0,20,130,127,19.0,6.684210526315789,0,10,Medium
1.1,1,1,7,Washington Sundar,All-Rounders,Lendl Simmons,Batters,0,False,1.0,60,Uppal,Rajiv Gandhi International Stadium,Medium,False,True,7,1,1.1666666666666667,3,2.571428571428571,20,130,127,18.83333333333333,6.743362831858407,0,10,Medium
1.2,1,2,8,Washington Sundar,All-Rounders,Lendl Simmons,Batters,1,False,-0.5,60,Uppal,Rajiv Gandhi International Stadium,Medium,False,True,8,1,1.3333333333333333,4,3.0,20,130,126,18.666666666666668,6.75,0,10,Medium
1.3,1,3,9,Washington Sundar,All-Rounders,Parthiv Patel,Batters,0,False,1.0,60,Uppal,Rajiv Gandhi International Stadium,Medium,False,True,9,1,1.5,4,2.6666666666666665,20,130,126,18.5,6.8108108108108105,0,10,Medium
1.4,1,4,10,Washington Sundar,All-Rounders,Parthiv Patel,Batters,0,False,1.0,60,Uppal,Rajiv Gandhi International Stadium,Medium,False,True,10,1,1.6666666666666663,4,2.4000000000000004,20,130,126,18.33333333333333,6.872727272727273,0,10,Medium
1.5,1,5,11,Washington Sundar,All-Rounders,Parthiv Patel,Batters,2,False,-1.0,60,Uppal,Rajiv Gandhi International Stadium,Medium,False,True,11,1,1.8333333333333333,6,3.2727272727272725,20,130,124,18.166666666666668,6.825688073394495,0,10,Medium
1.6,1,6,12,Washington Sundar,All-Rounders,Parthiv Patel,Batters,1,False,-0.5,60,Uppal,Rajiv Gandhi International Stadium,Medium,False,True,12,1,2.0,7,3.5,20,130,123,18.0,6.833333333333333,0,10,Medium
2.1,2,1,13,Jaydev Unadkat,Bowlers,Parthiv Patel,Batters,0,True,5.0,60,Uppal,Rajiv Gandhi International Stadium,Medium,False,True,13,2,2.1666666666666665,7,3.230769230769231,20,130,123,17.833333333333332,6.897196261682243,1,9,Medium
2.2,2,2,14,Jaydev Unadkat,Bowlers,Ambati Rayudu,Batters,0,False,1.0,60,Uppal,Rajiv Gandhi International Stadium,Medium,False,True,14,2,2.333333333333333,7,3.0,20,130,123,17.666666666666668,6.962264150943396,1,9,Medium
2.3,2,3,15,Jaydev Unadkat,Bowlers,Ambati Rayudu,Batters,1,False,-0.5,60,Uppal,Rajiv Gandhi International Stadium,Medium,False,True,15,2,2.5,8,3.2,20,130,122,17.5,6.971428571428572,1,9,Medium
2.4,2,4,16,Jaydev Unadkat,Bowlers,Lendl Simmons,Batters,0,True,5.0,60,Uppal,Rajiv Gandhi International Stadium,Medium,False,True,16,2,2.6666666666666665,8,3.0,20,130,122,17.333333333333332,7.038461538461539,2,8,Medium
2.5,2,5,17,Jaydev Unadkat,Bowlers,Rohit Sharma,Batters,0,False,1.0,60,Uppal,Rajiv Gandhi International Stadium,Medium,False,True,17,2,2.833333333333333,8,2.8235294117647056,20,130,122,17.166666666666668,7.106796116504854,2,8,Medium
2.6,2,6,18,Jaydev Unadkat,Bowlers,Rohit Sharma,Batters,1,False,-0.5,60,Uppal,Rajiv Gandhi International Stadium,Medium,False,True,18,2,3.0,9,3.0,20,130,121,17.0,7.117647058823529,2,8,Medium
3.1,3,1,19,Washington Sundar,All-Rounders,Rohit Sharma,Batters,0,False,1.0,60,Uppal,Rajiv Gandhi International Stadium,Medium,False,True,19,3,3.1666666666666665,9,2.8421052631578947,20,130,121,16.833333333333332,7.188118811881188,2,8,Medium
3.2,3,2,20,Washington Sundar,All-Rounders,Rohit Sharma,Batters,0,False,1.0,60,Uppal,Rajiv Gandhi International Stadium,Medium,False,True,20,3,3.333333333333333,9,2.7,20,130,121,16.666666666666668,7.26,2,8,Medium
3.3,3,3,21,Washington Sundar,All-Rounders,Rohit Sharma,Batters,1,False,-0.5,60,Uppal,Rajiv Gandhi International Stadium,Medium,False,True,21,3,3.5,10,2.857142857142857,20,130,120,16.5,7.272727272727272,2,8,Medium
3.4,3,4,22,Washington Sundar,All-Rounders,Ambati Rayudu,Batters,0,False,1.0,60,Uppal,Rajiv Gandhi International Stadium,Medium,False,True,22,3,3.6666666666666665,10,2.7272727272727275,20,130,120,16.333333333333332,7.346938775510204,2,8,Medium
3.5,3,5,23,Washington Sundar,All-Rounders,Ambati Rayudu,Batters,0,False,1.0,60,Uppal,Rajiv Gandhi International Stadium,Medium,False,True,23,3,3.8333333333333335,10,2.608695652173913,20,130,120,16.166666666666668,7.422680412371133,2,8,Medium
3.6,3,6,24,Washington Sundar,All-Rounders,Ambati Rayudu,Batters,1,False,-0.5,60,Uppal,Rajiv Gandhi International Stadium,Medium,False,True,24,3,4.0,11,2.75,20,130,119,16.0,7.4375,2,8,Medium
4.1,4,1,25,Shardul Thakur,Bowlers,Ambati Rayudu,Batters,1,False,-0.5,60,Uppal,Rajiv Gandhi International Stadium,Medium,False,True,25,4,4.166666666666667,12,2.88,20,130,118,15.833333333333332,7.452631578947369,2,8,Medium
4.2,4,2,26,Shardul Thakur,Bowlers,Rohit Sharma,Batters,1,False,-0.5,60,Uppal,Rajiv Gandhi International Stadium,Medium,False,True,26,4,4.333333333333333,13,3.0,20,130,117,15.666666666666668,7.468085106382978,2,8,Medium
4.3,4,3,27,Shardul Thakur,Bowlers,Ambati Rayudu,Batters,1,False,-1.0,60,Uppal,Rajiv Gandhi International Stadium,Medium,True,False,26,4,4.333333333333333,14,3.230769230769231,20,130,116,15.666666666666668,7.404255319148936,2,8,Medium
4.3,4,3,28,Shardul Thakur,Bowlers,Ambati Rayudu,Batters,1,False,-0.5,60,Uppal,Rajiv Gandhi International Stadium,Medium,False,True,27,4,4.5,15,3.333333333333333,20,130,115,15.5,7.419354838709677,2,8,Medium
4.4,4,4,29,Shardul Thakur,Bowlers,Rohit Sharma,Batters,0,False,1.0,60,Uppal,Rajiv Gandhi International Stadium,Medium,False,True,28,4,4.666666666666667,15,3.214285714285714,20,130,115,15.333333333333332,7.500000000000001,2,8,Medium
4.5,4,5,30,Shardul Thakur,Bowlers,Rohit Sharma,Batters,1,False,-0.5,60,Uppal,Rajiv Gandhi International Stadium,Medium,False,True,29,4,4.833333333333333,16,3.310344827586208,20,130,114,15.166666666666668,7.5164835164835155,2,8,Medium
4.6,4,6,31,Shardul Thakur,Bowlers,Ambati Rayudu,Batters,0,False,1.0,60,Uppal,Rajiv Gandhi International Stadium,Medium,False,True,30,4,5.0,16,3.2,20,130,114,15.0,7.6,2,8,Medium
5.1,5,1,32,Lockie Ferguson,Bowlers,Rohit Sharma,Batters,4,False,-2.0,60,Uppal,Rajiv Gandhi International Stadium,Medium,False,True,31,5,5.166666666666667,20,3.870967741935484,20,130,110,14.833333333333332,7.415730337078652,2,8,Medium
5.2,5,2,33,Lockie Ferguson,Bowlers,Rohit Sharma,Batters,0,False,1.0,60,Uppal,Rajiv Gandhi International Stadium,Medium,False,True,32,5,5.333333333333333,20,3.75,20,130,110,14.666666666666668,7.499999999999999,2,8,Medium
5.3,5,3,34,Lockie Ferguson,Bowlers,Rohit Sharma,Batters,4,False,-2.0,60,Uppal,Rajiv Gandhi International Stadium,Medium,False,True,33,5,5.5,24,4.363636363636363,20,130,106,14.5,7.310344827586207,2,8,Medium
5.4,5,4,35,Lockie Ferguson,Bowlers,Rohit Sharma,Batters,0,False,1.0,60,Uppal,Rajiv Gandhi International Stadium,Medium,False,True,34,5,5.666666666666667,24,4.235294117647059,20,130,106,14.333333333333332,7.395348837209303,2,8,Medium
5.5,5,5,36,Lockie Ferguson,Bowlers,Rohit Sharma,Batters,4,False,-2.0,60,Uppal,Rajiv Gandhi International Stadium,Medium,False,True,35,5,5.833333333333333,28,4.8,20,130,102,14.166666666666668,7.199999999999999,2,8,Medium
5.6,5,6,37,Lockie Ferguson,Bowlers,Rohit Sharma,Batters,4,False,-2.0,60,Uppal,Rajiv Gandhi International Stadium,Medium,False,True,36,5,6.0,32,5.333333333333333,20,130,98,14.0,7.0,2,8,Medium
6.1,6,1,38,Adam Zampa,Bowlers,Ambati Rayudu,Batters,0,False,1.0,60,Uppal,Rajiv Gandhi International Stadium,Medium,False,True,37,6,6.166666666666667,32,5.189189189189189,20,130,98,13.833333333333332,7.084337349397591,2,8,Medium
6.2,6,2,39,Adam Zampa,Bowlers,Ambati Rayudu,Batters,4,False,-2.0,60,Uppal,Rajiv Gandhi International Stadium,Medium,False,True,38,6,6.333333333333333,36,5.684210526315789,20,130,94,13.666666666666668,6.878048780487804,2,8,Medium
6.3,6,3,40,Adam Zampa,Bowlers,Ambati Rayudu,Batters,2,False,-1.0,60,Uppal,Rajiv Gandhi International Stadium,Medium,False,True,39,6,6.5,38,5.846153846153846,20,130,92,13.5,6.814814814814815,2,8,Medium
6.4,6,4,41,Adam Zampa,Bowlers,Ambati Rayudu,Batters,1,False,-0.5,60,Uppal,Rajiv Gandhi International Stadium,Medium,False,True,40,6,6.666666666666667,39,5.85,20,130,91,13.333333333333332,6.825,2,8,Medium
6.5,6,5,42,Adam Zampa,Bowlers,Rohit Sharma,Batters,1,False,-0.5,60,Uppal,Rajiv Gandhi International Stadium,Medium,False,True,41,6,6.833333333333333,40,5.853658536585366,20,130,90,13.166666666666668,6.835443037974683,2,8,Medium
6.6,6,6,43,Adam Zampa,Bowlers,Ambati Rayudu,Batters,1,False,-0.5,60,Uppal,Rajiv Gandhi International Stadium,Medium,False,True,42,6,7.0,41,5.857142857142857,20,130,89,13.0,6.846153846153846,2,8,Medium
7.1,7,1,44,Lockie Ferguson,Bowlers,Ambati Rayudu,Batters,0,False,1.0,60,Uppal,Rajiv Gandhi International Stadium,Medium,False,True,43,7,7.166666666666667,41,5.720930232558139,20,130,89,12.833333333333332,6.935064935064935,2,8,Medium
7.2,7,2,45,Lockie Ferguson,Bowlers,Ambati Rayudu,Batters,0,True,5.0,60,Uppal,Rajiv Gandhi International Stadium,Medium,False,True,44,7,7.333333333333333,41,5.590909090909091,20,130,89,12.666666666666668,7.026315789473683,3,7,Medium
7.3,7,3,46,Lockie Ferguson,Bowlers,Rohit Sharma,Batters,1,False,-0.5,60,Uppal,Rajiv Gandhi International Stadium,Medium,False,True,45,7,7.5,42,5.6,20,130,88,12.5,7.04,3,7,Medium
7.4,7,4,47,Lockie Ferguson,Bowlers,Krunal Pandya,All-Rounders,2,False,-1.0,60,Uppal,Rajiv Gandhi International Stadium,Medium,False,True,46,7,7.666666666666667,44,5.739130434782608,20,130,86,12.333333333333332,6.972972972972974,3,7,Medium
7.5,7,5,48,Lockie Ferguson,Bowlers,Krunal Pandya,All-Rounders,1,False,-0.5,60,Uppal,Rajiv Gandhi International Stadium,Medium,False,True,47,7,7.833333333333333,45,5.74468085106383,20,130,85,12.166666666666668,6.986301369863013,3,7,Medium
7.6,7,6,49,Lockie Ferguson,Bowlers,Rohit Sharma,Batters,0,False,1.0,60,Uppal,Rajiv Gandhi International Stadium,Medium,False,True,48,7,8.0,45,5.625,20,130,85,12.0,7.083333333333333,3,7,Medium
7.6,7,6,50,Lockie Ferguson,Bowlers,Rohit Sharma,Batters,1,False,-1.0,60,Uppal,Rajiv Gandhi International Stadium,Medium,True,False,48,7,8.0,46,5.75,20,130,84,12.0,7.0,3,7,Medium
8.1,8,1,51,Adam Zampa,Bowlers,Krunal Pandya,All-Rounders,0,False,1.0,60,Uppal,Rajiv Gandhi International Stadium,Medium,False,True,49,8,8.166666666666666,46,5.63265306122449,20,130,84,11.833333333333334,7.098591549295774,3,7,Medium
8.2,8,2,52,Adam Zampa,Bowlers,Krunal Pandya,All-Rounders,0,False,1.0,60,Uppal,Rajiv Gandhi International Stadium,Medium,False,True,50,8,8.333333333333334,46,5.52,20,130,84,11.666666666666666,7.2,3,7,Medium
8.3,8,3,53,Adam Zampa,Bowlers,Krunal Pandya,All-Rounders,1,False,-1.0,60,Uppal,Rajiv Gandhi International Stadium,Medium,True,False,50,8,8.333333333333334,47,5.64,20,130,83,11.666666666666666,7.114285714285715,3,7,Medium
8.3,8,3,54,Adam Zampa,Bowlers,Krunal Pandya,All-Rounders,1,False,-0.5,60,Uppal,Rajiv Gandhi International Stadium,Medium,False,True,51,8,8.5,48,5.647058823529412,20,130,82,11.5,7.130434782608695,3,7,Medium
8.4,8,4,55,Adam Zampa,Bowlers,Rohit Sharma,Batters,0,False,1.0,60,Uppal,Rajiv Gandhi International Stadium,Medium,False,True,52,8,8.666666666666666,48,5.538461538461539,20,130,82,11.333333333333334,7.235294117647059,3,7,Medium
8.5,8,5,56,Adam Zampa,Bowlers,Rohit Sharma,Batters,1,False,-0.5,60,Uppal,Rajiv Gandhi International Stadium,Medium,False,True,53,8,8.833333333333334,49,5.547169811320754,20,130,81,11.166666666666666,7.253731343283582,3,7,Medium
8.6,8,6,57,Adam Zampa,Bowlers,Krunal Pandya,All-Rounders,1,False,-0.5,60,Uppal,Rajiv Gandhi International Stadium,Medium,False,True,54,8,9.0,50,5.555555555555555,20,130,80,11.0,7.272727272727272,3,7,Medium
9.1,9,1,58,Washington Sundar,All-Rounders,Krunal Pandya,All-Rounders,0,False,1.0,60,Uppal,Rajiv Gandhi International Stadium,Medium,False,True,55,9,9.166666666666666,50,5.454545454545455,20,130,80,10.833333333333334,7.384615384615384,3,7,Medium
9.2,9,2,59,Washington Sundar,All-Rounders,Krunal Pandya,All-Rounders,1,False,-0.5,60,Uppal,Rajiv Gandhi International Stadium,Medium,False,True,56,9,9.333333333333334,51,5.4642857142857135,20,130,79,10.666666666666666,7.40625,3,7,Medium
9.3,9,3,60,Washington Sundar,All-Rounders,Rohit Sharma,Batters,0,False,1.0,60,Uppal,Rajiv Gandhi International Stadium,Medium,False,True,57,9,9.5,51,5.368421052631579,20,130,79,10.5,7.523809523809524,3,7,Medium
9.4,9,4,61,Washington Sundar,All-Rounders,Rohit Sharma,Batters,1,False,-0.5,60,Uppal,Rajiv Gandhi International Stadium,Medium,False,True,58,9,9.666666666666666,52,5.379310344827586,20,130,78,10.333333333333334,7.548387096774193,3,7,Medium
9.5,9,5,62,Washington Sundar,All-Rounders,Krunal Pandya,All-Rounders,0,False,1.0,60,Uppal,Rajiv Gandhi International Stadium,Medium,False,True,59,9,9.833333333333334,52,5.288135593220339,20,130,78,10.166666666666666,7.672131147540984,3,7,Medium
9.6,9,6,63,Washington Sundar,All-Rounders,Krunal Pandya,All-Rounders,4,False,-2.0,60,Uppal,Rajiv Gandhi International Stadium,Medium,False,True,60,9,10.0,56,5.6,20,130,74,10.0,7.4,3,7,Medium
10.1,10,1,64,Adam Zampa,Bowlers,Rohit Sharma,Batters,0,True,5.0,60,Uppal,Rajiv Gandhi International Stadium,Medium,False,True,61,10,10.166666666666666,56,5.508196721311475,20,130,74,9.833333333333334,7.525423728813559,4,6,Medium
10.2,10,2,65,Adam Zampa,Bowlers,Krunal Pandya,All-Rounders,1,False,-0.5,60,Uppal,Rajiv Gandhi International Stadium,Medium,False,True,62,10,10.333333333333334,57,5.516129032258064,20,130,73,9.666666666666666,7.551724137931035,4,6,Medium
10.3,10,3,66,Adam Zampa,Bowlers,Kieron Pollard,All-Rounders,6,False,-3.0,60,Uppal,Rajiv Gandhi International Stadium,Medium,False,True,63,10,10.5,63,6.0,20,130,67,9.5,7.052631578947368,4,6,Medium
10.4,10,4,67,Adam Zampa,Bowlers,Kieron Pollard,All-Rounders,1,False,-0.5,60,Uppal,Rajiv Gandhi International Stadium,Medium,False,True,64,10,10.666666666666666,64,6.0,20,130,66,9.333333333333334,7.071428571428571,4,6,Medium
10.5,10,5,68,Adam Zampa,Bowlers,Krunal Pandya,All-Rounders,1,False,-0.5,60,Uppal,Rajiv Gandhi International Stadium,Medium,False,True,65,10,10.833333333333334,65,6.0,20,130,65,9.166666666666666,7.090909090909092,4,6,Medium
10.6,10,6,69,Adam Zampa,Bowlers,Kieron Pollard,All-Rounders,0,True,5.0,60,Uppal,Rajiv Gandhi International Stadium,Medium,False,True,66,10,11.0,65,5.909090909090909,20,130,65,9.0,7.222222222222222,5,5,Medium
11.1,11,1,70,Washington Sundar,All-Rounders,Krunal Pandya,All-Rounders,0,False,1.0,60,Uppal,Rajiv Gandhi International Stadium,Medium,False,True,67,11,11.166666666666666,65,5.82089552238806,20,130,65,8.833333333333334,7.358490566037735,5,5,Medium
11.2,11,2,71,Washington Sundar,All-Rounders,Krunal Pandya,All-Rounders,0,False,1.0,60,Uppal,Rajiv Gandhi International Stadium,Medium,False,True,68,11,11.333333333333334,65,5.735294117647059,20,130,65,8.666666666666666,7.500000000000001,5,5,Medium
11.3,11,3,72,Washington Sundar,All-Rounders,Krunal Pandya,All-Rounders,1,False,-0.5,60,Uppal,Rajiv Gandhi International Stadium,Medium,False,True,69,11,11.5,66,5.739130434782608,20,130,64,8.5,7.529411764705882,5,5,Medium
11.4,11,4,73,Washington Sundar,All-Rounders,Hardik Pandya,All-Rounders,0,False,1.0,60,Uppal,Rajiv Gandhi International Stadium,Medium,False,True,70,11,11.666666666666666,66,5.6571428571428575,20,130,64,8.333333333333334,7.68,5,5,Medium
11.5,11,5,74,Washington Sundar,All-Rounders,Hardik Pandya,All-Rounders,0,False,1.0,60,Uppal,Rajiv Gandhi International Stadium,Medium,False,True,71,11,11.833333333333334,66,5.577464788732394,20,130,64,8.166666666666666,7.836734693877552,5,5,Medium
11.6,11,6,75,Washington Sundar,All-Rounders,Hardik Pandya,All-Rounders,0,False,1.0,60,Uppal,Rajiv Gandhi International Stadium,Medium,False,True,72,11,12.0,66,5.5,20,130,64,8.0,8.0,5,5,Medium
12.1,12,1,76,Adam Zampa,Bowlers,Krunal Pandya,All-Rounders,1,False,-0.5,60,Uppal,Rajiv Gandhi International Stadium,Medium,False,True,73,12,12.166666666666666,67,5.506849315068494,20,130,63,7.833333333333334,8.042553191489361,5,5,Medium
12.2,12,2,77,Adam Zampa,Bowlers,Hardik Pandya,All-Rounders,6,False,-3.0,60,Uppal,Rajiv Gandhi International Stadium,Medium,False,True,74,12,12.333333333333334,73,5.918918918918918,20,130,57,7.666666666666666,7.434782608695652,5,5,Medium
12.3,12,3,78,Adam Zampa,Bowlers,Hardik Pandya,All-Rounders,0,False,1.0,60,Uppal,Rajiv Gandhi International Stadium,Medium,False,True,75,12,12.5,73,5.84,20,130,57,7.5,7.6,5,5,Medium
12.4,12,4,79,Adam Zampa,Bowlers,Hardik Pandya,All-Rounders,1,False,-0.5,60,Uppal,Rajiv Gandhi International Stadium,Medium,False,True,76,12,12.666666666666666,74,5.842105263157895,20,130,56,7.333333333333334,7.636363636363636,5,5,Medium
12.5,12,5,80,Adam Zampa,Bowlers,Krunal Pandya,All-Rounders,1,False,-0.5,60,Uppal,Rajiv Gandhi International Stadium,Medium,False,True,77,12,12.833333333333334,75,5.844155844155844,20,130,55,7.166666666666666,7.674418604651163,5,5,Medium
12.6,12,6,81,Adam Zampa,Bowlers,Hardik Pandya,All-Rounders,1,False,-0.5,60,Uppal,Rajiv Gandhi International Stadium,Medium,False,True,78,12,13.0,76,5.846153846153846,20,130,54,7.0,7.714285714285714,5,5,Medium
13.1,13,1,82,Dan Christian,All-Rounders,Hardik Pandya,All-Rounders,2,False,-1.0,60,Uppal,Rajiv Gandhi International Stadium,Medium,False,True,79,13,13.166666666666666,78,5.924050632911393,20,130,52,6.833333333333334,7.609756097560975,5,5,Medium
13.2,13,2,83,Dan Christian,All-Rounders,Hardik Pandya,All-Rounders,0,True,5.0,60,Uppal,Rajiv Gandhi International Stadium,Medium,False,True,80,13,13.333333333333334,78,5.85,20,130,52,6.666666666666666,7.800000000000001,6,4,Medium
13.3,13,3,84,Dan Christian,All-Rounders,Karn Sharma,Bowlers,0,False,1.0,60,Uppal,Rajiv Gandhi International Stadium,Medium,False,True,81,13,13.5,78,5.777777777777778,20,130,52,6.5,8.0,6,4,Medium
13.4,13,4,85,Dan Christian,All-Rounders,Karn Sharma,Bowlers,0,False,1.0,60,Uppal,Rajiv Gandhi International Stadium,Medium,False,True,82,13,13.666666666666666,78,5.707317073170732,20,130,52,6.333333333333334,8.210526315789473,6,4,Medium
13.5,13,5,86,Dan Christian,All-Rounders,Karn Sharma,Bowlers,0,False,1.0,60,Uppal,Rajiv Gandhi International Stadium,Medium,False,True,83,13,13.833333333333334,78,5.63855421686747,20,130,52,6.166666666666666,8.432432432432433,6,4,Medium
13.6,13,6,87,Dan Christian,All-Rounders,Karn Sharma,Bowlers,1,False,-0.5,60,Uppal,Rajiv Gandhi International Stadium,Medium,False,True,84,13,14.0,79,5.642857142857143,20,130,51,6.0,8.5,6,4,Medium
14.1,14,1,88,Shardul Thakur,Bowlers,Karn Sharma,Bowlers,0,True,5.0,60,Uppal,Rajiv Gandhi International Stadium,Medium,False,True,85,14,14.166666666666666,79,5.576470588235295,20,130,51,5.833333333333334,8.742857142857142,7,3,Medium
14.2,14,2,89,Shardul Thakur,Bowlers,Mitchell Johnson,Bowlers,0,False,1.0,60,Uppal,Rajiv Gandhi International Stadium,Medium,False,True,86,14,14.333333333333334,79,5.511627906976744,20,130,51,5.666666666666666,9.000000000000002,7,3,Medium
14.3,14,3,90,Shardul Thakur,Bowlers,Mitchell Johnson,Bowlers,1,False,-0.5,60,Uppal,Rajiv Gandhi International Stadium,Medium,False,True,87,14,14.5,80,5.517241379310345,20,130,50,5.5,9.090909090909092,7,3,Medium
14.4,14,4,91,Shardul Thakur,Bowlers,Krunal Pandya,All-Rounders,1,False,-0.5,60,Uppal,Rajiv Gandhi International Stadium,Medium,False,True,88,14,14.666666666666666,81,5.522727272727273,20,130,49,5.333333333333334,9.187499999999998,7,3,Medium
14.5,14,5,92,Shardul Thakur,Bowlers,Mitchell Johnson,Bowlers,0,False,1.0,60,Uppal,Rajiv Gandhi International Stadium,Medium,False,True,89,14,14.833333333333334,81,5.46067415730337,20,130,49,5.166666666666666,9.483870967741936,7,3,Medium
14.6,14,6,93,Shardul Thakur,Bowlers,Mitchell Johnson,Bowlers,0,False,1.0,60,Uppal,Rajiv Gandhi International Stadium,Medium,False,True,90,14,15.0,81,5.4,20,130,49,5.0,9.8,7,3,Medium
15.1,15,1,94,Dan Christian,All-Rounders,Krunal Pandya,All-Rounders,0,False,1.0,60,Uppal,Rajiv Gandhi International Stadium,Medium,False,True,91,15,15.166666666666666,81,5.340659340659341,20,130,49,4.833333333333334,10.137931034482758,7,3,Medium
15.2,15,2,95,Dan Christian,All-Rounders,Krunal Pandya,All-Rounders,1,False,-0.5,60,Uppal,Rajiv Gandhi International Stadium,Medium,False,True,92,15,15.333333333333334,82,5.3478260869565215,20,130,48,4.666666666666666,10.285714285714286,7,3,Medium
15.3,15,3,96,Dan Christian,All-Rounders,Mitchell Johnson,Bowlers,0,False,1.0,60,Uppal,Rajiv Gandhi International Stadium,Medium,False,True,93,15,15.5,82,5.290322580645161,20,130,48,4.5,10.666666666666666,7,3,Medium
15.4,15,4,97,Dan Christian,All-Rounders,Mitchell Johnson,Bowlers,1,False,-0.5,60,Uppal,Rajiv Gandhi International Stadium,Medium,False,True,94,15,15.666666666666666,83,5.297872340425532,20,130,47,4.333333333333334,10.846153846153843,7,3,Medium
15.5,15,5,98,Dan Christian,All-Rounders,Krunal Pandya,All-Rounders,2,False,-1.0,60,Uppal,Rajiv Gandhi International Stadium,Medium,False,True,95,15,15.833333333333334,85,5.368421052631579,20,130,45,4.166666666666666,10.8,7,3,Medium
15.6,15,6,99,Dan Christian,All-Rounders,Krunal Pandya,All-Rounders,1,False,-0.5,60,Uppal,Rajiv Gandhi International Stadium,Medium,False,True,96,15,16.0,86,5.375,20,130,44,4.0,11.0,7,3,Medium
16.1,16,1,100,Jaydev Unadkat,Bowlers,Krunal Pandya,All-Rounders,2,False,-0.25,60,Uppal,Rajiv Gandhi International Stadium,Medium,False,True,97,16,16.166666666666668,88,5.443298969072164,20,130,42,3.833333333333332,10.95652173913044,7,3,Medium
16.2,16,2,101,Jaydev Unadkat,Bowlers,Krunal Pandya,All-Rounders,0,False,1.0,60,Uppal,Rajiv Gandhi International Stadium,Medium,False,True,98,16,16.333333333333332,88,5.387755102040817,20,130,42,3.666666666666668,11.454545454545451,7,3,Medium
16.3,16,3,102,Jaydev Unadkat,Bowlers,Krunal Pandya,All-Rounders,1,False,-0.5,60,Uppal,Rajiv Gandhi International Stadium,Medium,False,True,99,16,16.5,89,5.393939393939394,20,130,41,3.5,11.714285714285714,7,3,Medium
16.4,16,4,103,Jaydev Unadkat,Bowlers,Mitchell Johnson,Bowlers,1,False,-0.5,60,Uppal,Rajiv Gandhi International Stadium,Medium,False,True,100,16,16.666666666666668,90,5.4,20,130,40,3.333333333333332,12.000000000000004,7,3,Medium
16.5,16,5,104,Jaydev Unadkat,Bowlers,Krunal Pandya,All-Rounders,0,False,1.0,60,Uppal,Rajiv Gandhi International Stadium,Medium,False,True,101,16,16.833333333333332,90,5.346534653465347,20,130,40,3.166666666666668,12.631578947368416,7,3,Medium
16.6,16,6,105,Jaydev Unadkat,Bowlers,Krunal Pandya,All-Rounders,2,False,-1.0,60,Uppal,Rajiv Gandhi International Stadium,Medium,False,True,102,16,17.0,92,5.411764705882353,20,130,38,3.0,12.666666666666666,7,3,Medium
17.1,17,1,106,Dan Christian,All-Rounders,Mitchell Johnson,Bowlers,0,False,1.0,60,Uppal,Rajiv Gandhi International Stadium,Medium,False,True,103,17,17.166666666666668,92,5.359223300970873,20,130,38,2.833333333333332,13.41176470588236,7,3,Medium
17.2,17,2,107,Dan Christian,All-Rounders,Mitchell Johnson,Bowlers,6,False,-3.0,60,Uppal,Rajiv Gandhi International Stadium,Medium,False,True,104,17,17.333333333333332,98,5.653846153846154,20,130,32,2.666666666666668,11.999999999999996,7,3,Medium
17.3,17,3,108,Dan Christian,All-Rounders,Mitchell Johnson,Bowlers,1,False,-0.5,60,Uppal,Rajiv Gandhi International Stadium,Medium,False,True,105,17,17.5,99,5.6571428571428575,20,130,31,2.5,12.4,7,3,Medium
17.4,17,4,109,Dan Christian,All-Rounders,Krunal Pandya,All-Rounders,1,False,-0.5,60,Uppal,Rajiv Gandhi International Stadium,Medium,False,True,106,17,17.666666666666668,100,5.660377358490566,20,130,30,2.333333333333332,12.857142857142865,7,3,Medium
17.5,17,5,110,Dan Christian,All-Rounders,Mitchell Johnson,Bowlers,1,False,-0.25,60,Uppal,Rajiv Gandhi International Stadium,Medium,False,True,107,17,17.833333333333332,101,5.663551401869159,20,130,29,2.166666666666668,13.384615384615378,7,3,Medium
17.6,17,6,111,Dan Christian,All-Rounders,Krunal Pandya,All-Rounders,4,False,-2.0,60,Uppal,Rajiv Gandhi International Stadium,Medium,False,True,108,17,18.0,105,5.833333333333333,20,130,25,2.0,12.5,7,3,Medium
18.1,18,1,112,Jaydev Unadkat,Bowlers,Mitchell Johnson,Bowlers,1,False,-0.5,60,Uppal,Rajiv Gandhi International Stadium,Medium,False,True,109,18,18.166666666666668,106,5.834862385321101,20,130,24,1.833333333333332,13.0909090909091,7,3,Medium
18.2,18,2,113,Jaydev Unadkat,Bowlers,Krunal Pandya,All-Rounders,0,False,1.0,60,Uppal,Rajiv Gandhi International Stadium,Medium,False,True,110,18,18.33333333333333,106,5.781818181818182,20,130,24,1.666666666666668,14.39999999999999,7,3,Medium
18.3,18,3,114,Jaydev Unadkat,Bowlers,Krunal Pandya,All-Rounders,1,False,-0.5,60,Uppal,Rajiv Gandhi International Stadium,Medium,False,True,111,18,18.5,107,5.783783783783784,20,130,23,1.5,15.333333333333334,7,3,Medium
18.4,18,4,115,Jaydev Unadkat,Bowlers,Mitchell Johnson,Bowlers,1,False,-0.5,60,Uppal,Rajiv Gandhi International Stadium,Medium,False,True,112,18,18.666666666666668,108,5.785714285714286,20,130,22,1.333333333333332,16.500000000000014,7,3,Medium
18.5,18,5,116,Jaydev Unadkat,Bowlers,Krunal Pandya,All-Rounders,6,False,-3.0,60,Uppal,Rajiv Gandhi International Stadium,Medium,False,True,113,18,18.83333333333333,114,6.053097345132744,20,130,16,1.166666666666668,13.7142857142857,7,3,Medium
18.6,18,6,117,Jaydev Unadkat,Bowlers,Krunal Pandya,All-Rounders,1,False,-0.5,60,Uppal,Rajiv Gandhi International Stadium,Medium,False,True,114,18,19.0,115,6.052631578947368,20,130,15,1.0,15.0,7,3,Medium
19.1,19,1,118,Dan Christian,All-Rounders,Krunal Pandya,All-Rounders,1,False,-1.0,60,Uppal,Rajiv Gandhi International Stadium,Medium,True,False,114,18,19.0,116,6.105263157894737,20,130,14,1.0,14.0,7,3,Medium
19.1,19,1,119,Dan Christian,All-Rounders,Krunal Pandya,All-Rounders,0,False,1.0,60,Uppal,Rajiv Gandhi International Stadium,Medium,False,True,115,19,19.166666666666668,116,6.052173913043478,20,130,14,0.8333333333333321,16.800000000000026,7,3,Medium
19.2,19,2,120,Dan Christian,All-Rounders,Krunal Pandya,All-Rounders,4,False,-2.0,60,Uppal,Rajiv Gandhi International Stadium,Medium,False,True,116,19,19.33333333333333,120,6.206896551724138,20,130,10,0.6666666666666679,14.999999999999972,7,3,Medium
19.3,19,3,121,Dan Christian,All-Rounders,Krunal Pandya,All-Rounders,1,False,-1.0,60,Uppal,Rajiv Gandhi International Stadium,Medium,True,False,116,19,19.33333333333333,121,6.258620689655173,20,130,9,0.6666666666666679,13.499999999999975,7,3,Medium
19.3,19,3,122,Dan Christian,All-Rounders,Krunal Pandya,All-Rounders,6,False,-3.0,60,Uppal,Rajiv Gandhi International Stadium,Medium,False,True,117,19,19.5,127,6.512820512820513,20,130,3,0.5,6.0,7,3,Medium
19.4,19,4,123,Dan Christian,All-Rounders,Krunal Pandya,All-Rounders,1,False,-0.5,60,Uppal,Rajiv Gandhi International Stadium,Medium,False,True,118,19,19.666666666666668,128,6.508474576271186,20,130,2,0.3333333333333321,6.000000000000021,7,3,Medium
19.5,19,5,124,Dan Christian,All-Rounders,Mitchell Johnson,Bowlers,1,False,-0.5,60,Uppal,Rajiv Gandhi International Stadium,Medium,False,True,119,19,19.83333333333333,129,6.504201680672269,20,130,1,0.1666666666666678,5.999999999999957,7,3,Medium
19.6,19,6,125,Dan Christian,All-Rounders,Krunal Pandya,All-Rounders,0,True,5.0,60,Uppal,Rajiv Gandhi International Stadium,Medium,False,True,120,19,20.0,129,6.45,20,130,1,0.0,inf,8,2,Medium
