Ball Number,over,ball,Ball,bowler,bowler_role,batsman,batsman_role,Runs,is_wicket,bowler_score,match_id,city,stadium,Stadium_Type,is_extra,legal_delivery,legal_deliveries_count,overs_completed,overs_bowled,total_runs,current_run_rate,total_overs,target,runs_needed,overs_remaining,required_run_rate,wickets_fallen,wickets_in_hand,Ground_Type
0.1,0,1,1,Bipul Sharma,All-Rounders,Jason Roy,Batters,0,False,1.0,6,Uppal,Rajiv Gandhi International Stadium,Medium,False,True,1,0,0.1666666666666666,0,0.0,20,136,136,19.83333333333333,6.857142857142858,0,10,Medium
0.2,0,2,2,Bipul Sharma,All-Rounders,Jason Roy,Batters,0,False,1.0,6,Uppal,Rajiv Gandhi International Stadium,Medium,False,True,2,0,0.3333333333333333,0,0.0,20,136,136,19.666666666666668,6.915254237288135,0,10,Medium
0.3,0,3,3,Bipul Sharma,All-Rounders,Jason Roy,Batters,1,False,-0.5,6,Uppal,Rajiv Gandhi International Stadium,Medium,False,True,3,0,0.5,1,2.0,20,136,135,19.5,6.923076923076923,0,10,Medium
0.4,0,4,4,Bipul Sharma,All-Rounders,Brendon McCullum,Batters,0,False,1.0,6,Uppal,Rajiv Gandhi International Stadium,Medium,False,True,4,0,0.6666666666666666,1,1.5,20,136,135,19.33333333333333,6.982758620689656,0,10,Medium
0.5,0,5,5,Bipul Sharma,All-Rounders,Brendon McCullum,Batters,1,False,-0.5,6,Uppal,Rajiv Gandhi International Stadium,Medium,False,True,5,0,0.8333333333333334,2,2.4,20,136,134,19.166666666666668,6.991304347826087,0,10,Medium
0.6,0,6,6,Bipul Sharma,All-Rounders,Jason Roy,Batters,1,False,-0.5,6,Uppal,Rajiv Gandhi International Stadium,Medium,False,True,6,0,1.0,3,3.0,20,136,133,19.0,7.0,0,10,Medium
1.1,1,1,7,Bhuvneshwar Kumar,Bowlers,Jason Roy,Batters,0,False,1.0,6,Uppal,Rajiv Gandhi International Stadium,Medium,False,True,7,1,1.1666666666666667,3,2.571428571428571,20,136,133,18.83333333333333,7.061946902654868,0,10,Medium
1.2,1,2,8,Bhuvneshwar Kumar,Bowlers,Jason Roy,Batters,0,False,1.0,6,Uppal,Rajiv Gandhi International Stadium,Medium,False,True,8,1,1.3333333333333333,3,2.25,20,136,133,18.666666666666668,7.124999999999999,0,10,Medium
1.3,1,3,9,Bhuvneshwar Kumar,Bowlers,Jason Roy,Batters,4,False,-2.0,6,Uppal,Rajiv Gandhi International Stadium,Medium,False,True,9,1,1.5,7,4.666666666666667,20,136,129,18.5,6.972972972972973,0,10,Medium
1.4,1,4,10,Bhuvneshwar Kumar,Bowlers,Jason Roy,Batters,4,False,-2.0,6,Uppal,Rajiv Gandhi International Stadium,Medium,False,True,10,1,1.6666666666666663,11,6.6000000000000005,20,136,125,18.33333333333333,6.818181818181818,0,10,Medium
1.5,1,5,11,Bhuvneshwar Kumar,Bowlers,Jason Roy,Batters,1,False,-0.5,6,Uppal,Rajiv Gandhi International Stadium,Medium,False,True,11,1,1.8333333333333333,12,6.545454545454545,20,136,124,18.166666666666668,6.825688073394495,0,10,Medium
1.6,1,6,12,Bhuvneshwar Kumar,Bowlers,Brendon McCullum,Batters,1,False,-0.5,6,Uppal,Rajiv Gandhi International Stadium,Medium,False,True,12,1,2.0,13,6.5,20,136,123,18.0,6.833333333333333,0,10,Medium
2.1,2,1,13,Bipul Sharma,All-Rounders,Brendon McCullum,Batters,1,False,-0.5,6,Uppal,Rajiv Gandhi International Stadium,Medium,False,True,13,2,2.1666666666666665,14,6.461538461538462,20,136,122,17.833333333333332,6.841121495327103,0,10,Medium
2.2,2,2,14,Bipul Sharma,All-Rounders,Jason Roy,Batters,0,False,1.0,6,Uppal,Rajiv Gandhi International Stadium,Medium,False,True,14,2,2.333333333333333,14,6.0,20,136,122,17.666666666666668,6.90566037735849,0,10,Medium
2.3,2,3,15,Bipul Sharma,All-Rounders,Jason Roy,Batters,2,False,-1.0,6,Uppal,Rajiv Gandhi International Stadium,Medium,False,True,15,2,2.5,16,6.4,20,136,120,17.5,6.857142857142857,0,10,Medium
2.4,2,4,16,Bipul Sharma,All-Rounders,Jason Roy,Batters,4,False,-2.0,6,Uppal,Rajiv Gandhi International Stadium,Medium,False,True,16,2,2.6666666666666665,20,7.5,20,136,116,17.333333333333332,6.6923076923076925,0,10,Medium
2.5,2,5,17,Bipul Sharma,All-Rounders,Jason Roy,Batters,4,False,-2.0,6,Uppal,Rajiv Gandhi International Stadium,Medium,False,True,17,2,2.833333333333333,24,8.470588235294118,20,136,112,17.166666666666668,6.524271844660194,0,10,Medium
2.6,2,6,18,Bipul Sharma,All-Rounders,Jason Roy,Batters,1,False,-0.5,6,Uppal,Rajiv Gandhi International Stadium,Medium,False,True,18,2,3.0,25,8.333333333333334,20,136,111,17.0,6.529411764705882,0,10,Medium
3.1,3,1,19,Ashish Nehra,Bowlers,Jason Roy,Batters,0,False,1.0,6,Uppal,Rajiv Gandhi International Stadium,Medium,False,True,19,3,3.1666666666666665,25,7.894736842105264,20,136,111,16.833333333333332,6.594059405940595,0,10,Medium
3.2,3,2,20,Ashish Nehra,Bowlers,Jason Roy,Batters,4,False,-2.0,6,Uppal,Rajiv Gandhi International Stadium,Medium,False,True,20,3,3.333333333333333,29,8.7,20,136,107,16.666666666666668,6.42,0,10,Medium
3.3,3,3,21,Ashish Nehra,Bowlers,Jason Roy,Batters,1,False,-0.5,6,Uppal,Rajiv Gandhi International Stadium,Medium,False,True,21,3,3.5,30,8.571428571428571,20,136,106,16.5,6.424242424242424,0,10,Medium
3.4,3,4,22,Ashish Nehra,Bowlers,Brendon McCullum,Batters,0,False,1.0,6,Uppal,Rajiv Gandhi International Stadium,Medium,False,True,22,3,3.6666666666666665,30,8.181818181818182,20,136,106,16.333333333333332,6.489795918367348,0,10,Medium
3.5,3,5,23,Ashish Nehra,Bowlers,Brendon McCullum,Batters,1,False,-0.25,6,Uppal,Rajiv Gandhi International Stadium,Medium,False,True,23,3,3.8333333333333335,31,8.08695652173913,20,136,105,16.166666666666668,6.494845360824741,0,10,Medium
3.6,3,6,24,Ashish Nehra,Bowlers,Jason Roy,Batters,1,False,-0.5,6,Uppal,Rajiv Gandhi International Stadium,Medium,False,True,24,3,4.0,32,8.0,20,136,104,16.0,6.5,0,10,Medium
4.1,4,1,25,Rashid Khan,All-Rounders,Jason Roy,Batters,1,False,-0.5,6,Uppal,Rajiv Gandhi International Stadium,Medium,False,True,25,4,4.166666666666667,33,7.919999999999999,20,136,103,15.833333333333332,6.5052631578947375,0,10,Medium
4.2,4,2,26,Rashid Khan,All-Rounders,Brendon McCullum,Batters,0,False,1.0,6,Uppal,Rajiv Gandhi International Stadium,Medium,False,True,26,4,4.333333333333333,33,7.615384615384616,20,136,103,15.666666666666668,6.574468085106383,0,10,Medium
4.3,4,3,27,Rashid Khan,All-Rounders,Brendon McCullum,Batters,2,False,-1.0,6,Uppal,Rajiv Gandhi International Stadium,Medium,False,True,27,4,4.5,35,7.777777777777778,20,136,101,15.5,6.516129032258065,0,10,Medium
4.4,4,4,28,Rashid Khan,All-Rounders,Brendon McCullum,Batters,0,False,1.0,6,Uppal,Rajiv Gandhi International Stadium,Medium,False,True,28,4,4.666666666666667,35,7.499999999999999,20,136,101,15.333333333333332,6.586956521739131,0,10,Medium
4.5,4,5,29,Rashid Khan,All-Rounders,Brendon McCullum,Batters,0,True,5.0,6,Uppal,Rajiv Gandhi International Stadium,Medium,False,True,29,4,4.833333333333333,35,7.241379310344828,20,136,101,15.166666666666668,6.659340659340659,1,9,Medium
4.6,4,6,30,Rashid Khan,All-Rounders,Suresh Raina,Batters,0,False,1.0,6,Uppal,Rajiv Gandhi International Stadium,Medium,False,True,30,4,5.0,35,7.0,20,136,101,15.0,6.733333333333333,1,9,Medium
5.1,5,1,31,Bhuvneshwar Kumar,Bowlers,Jason Roy,Batters,2,False,-1.0,6,Uppal,Rajiv Gandhi International Stadium,Medium,False,True,31,5,5.166666666666667,37,7.161290322580645,20,136,99,14.833333333333332,6.674157303370787,1,9,Medium
5.2,5,2,32,Bhuvneshwar Kumar,Bowlers,Jason Roy,Batters,0,True,5.0,6,Uppal,Rajiv Gandhi International Stadium,Medium,False,True,32,5,5.333333333333333,37,6.9375,20,136,99,14.666666666666668,6.749999999999999,2,8,Medium
5.3,5,3,33,Bhuvneshwar Kumar,Bowlers,Aaron Finch,Batters,0,False,1.0,6,Uppal,Rajiv Gandhi International Stadium,Medium,False,True,33,5,5.5,37,6.727272727272728,20,136,99,14.5,6.827586206896552,2,8,Medium
5.4,5,4,34,Bhuvneshwar Kumar,Bowlers,Aaron Finch,Batters,1,False,-0.25,6,Uppal,Rajiv Gandhi International Stadium,Medium,False,True,34,5,5.666666666666667,38,6.705882352941176,20,136,98,14.333333333333332,6.837209302325582,2,8,Medium
5.5,5,5,35,Bhuvneshwar Kumar,Bowlers,Suresh Raina,Batters,1,False,-0.5,6,Uppal,Rajiv Gandhi International Stadium,Medium,False,True,35,5,5.833333333333333,39,6.685714285714286,20,136,97,14.166666666666668,6.847058823529411,2,8,Medium
5.6,5,6,36,Bhuvneshwar Kumar,Bowlers,Aaron Finch,Batters,1,False,-0.5,6,Uppal,Rajiv Gandhi International Stadium,Medium,False,True,36,5,6.0,40,6.666666666666667,20,136,96,14.0,6.857142857142857,2,8,Medium
6.1,6,1,37,Rashid Khan,All-Rounders,Aaron Finch,Batters,2,False,-1.0,6,Uppal,Rajiv Gandhi International Stadium,Medium,False,True,37,6,6.166666666666667,42,6.8108108108108105,20,136,94,13.833333333333332,6.795180722891567,2,8,Medium
6.2,6,2,38,Rashid Khan,All-Rounders,Aaron Finch,Batters,0,True,5.0,6,Uppal,Rajiv Gandhi International Stadium,Medium,False,True,38,6,6.333333333333333,42,6.631578947368421,20,136,94,13.666666666666668,6.878048780487804,3,7,Medium
6.3,6,3,39,Rashid Khan,All-Rounders,Dinesh Karthik,Batters,1,False,-0.5,6,Uppal,Rajiv Gandhi International Stadium,Medium,False,True,39,6,6.5,43,6.615384615384615,20,136,93,13.5,6.888888888888889,3,7,Medium
6.4,6,4,40,Rashid Khan,All-Rounders,Suresh Raina,Batters,1,False,-0.5,6,Uppal,Rajiv Gandhi International Stadium,Medium,False,True,40,6,6.666666666666667,44,6.6,20,136,92,13.333333333333332,6.9,3,7,Medium
6.5,6,5,41,Rashid Khan,All-Rounders,Dinesh Karthik,Batters,1,False,-0.5,6,Uppal,Rajiv Gandhi International Stadium,Medium,False,True,41,6,6.833333333333333,45,6.585365853658537,20,136,91,13.166666666666668,6.911392405063291,3,7,Medium
6.6,6,6,42,Rashid Khan,All-Rounders,Suresh Raina,Batters,1,False,-0.5,6,Uppal,Rajiv Gandhi International Stadium,Medium,False,True,42,6,7.0,46,6.571428571428571,20,136,90,13.0,6.923076923076923,3,7,Medium
7.1,7,1,43,Ashish Nehra,Bowlers,Suresh Raina,Batters,1,False,-0.5,6,Uppal,Rajiv Gandhi International Stadium,Medium,False,True,43,7,7.166666666666667,47,6.558139534883721,20,136,89,12.833333333333332,6.935064935064935,3,7,Medium
7.2,7,2,44,Ashish Nehra,Bowlers,Dinesh Karthik,Batters,4,False,-2.0,6,Uppal,Rajiv Gandhi International Stadium,Medium,False,True,44,7,7.333333333333333,51,6.954545454545455,20,136,85,12.666666666666668,6.7105263157894735,3,7,Medium
7.3,7,3,45,Ashish Nehra,Bowlers,Dinesh Karthik,Batters,2,False,-1.0,6,Uppal,Rajiv Gandhi International Stadium,Medium,False,True,45,7,7.5,53,7.066666666666666,20,136,83,12.5,6.64,3,7,Medium
7.4,7,4,46,Ashish Nehra,Bowlers,Dinesh Karthik,Batters,0,False,1.0,6,Uppal,Rajiv Gandhi International Stadium,Medium,False,True,46,7,7.666666666666667,53,6.913043478260869,20,136,83,12.333333333333332,6.729729729729731,3,7,Medium
7.5,7,5,47,Ashish Nehra,Bowlers,Dinesh Karthik,Batters,1,False,-0.5,6,Uppal,Rajiv Gandhi International Stadium,Medium,False,True,47,7,7.833333333333333,54,6.893617021276596,20,136,82,12.166666666666668,6.73972602739726,3,7,Medium
7.6,7,6,48,Ashish Nehra,Bowlers,Suresh Raina,Batters,0,False,1.0,6,Uppal,Rajiv Gandhi International Stadium,Medium,False,True,48,7,8.0,54,6.75,20,136,82,12.0,6.833333333333333,3,7,Medium
8.1,8,1,49,Rashid Khan,All-Rounders,Dinesh Karthik,Batters,0,False,1.0,6,Uppal,Rajiv Gandhi International Stadium,Medium,False,True,49,8,8.166666666666666,54,6.612244897959184,20,136,82,11.833333333333334,6.929577464788732,3,7,Medium
8.2,8,2,50,Rashid Khan,All-Rounders,Dinesh Karthik,Batters,0,False,1.0,6,Uppal,Rajiv Gandhi International Stadium,Medium,False,True,50,8,8.333333333333334,54,6.48,20,136,82,11.666666666666666,7.028571428571429,3,7,Medium
8.3,8,3,51,Rashid Khan,All-Rounders,Dinesh Karthik,Batters,1,False,-0.5,6,Uppal,Rajiv Gandhi International Stadium,Medium,False,True,51,8,8.5,55,6.470588235294118,20,136,81,11.5,7.043478260869565,3,7,Medium
8.4,8,4,52,Rashid Khan,All-Rounders,Suresh Raina,Batters,1,False,-0.5,6,Uppal,Rajiv Gandhi International Stadium,Medium,False,True,52,8,8.666666666666666,56,6.461538461538462,20,136,80,11.333333333333334,7.0588235294117645,3,7,Medium
8.5,8,5,53,Rashid Khan,All-Rounders,Dinesh Karthik,Batters,1,False,-0.5,6,Uppal,Rajiv Gandhi International Stadium,Medium,False,True,53,8,8.833333333333334,57,6.452830188679245,20,136,79,11.166666666666666,7.074626865671642,3,7,Medium
8.6,8,6,54,Rashid Khan,All-Rounders,Suresh Raina,Batters,0,True,5.0,6,Uppal,Rajiv Gandhi International Stadium,Medium,False,True,54,8,9.0,57,6.333333333333333,20,136,79,11.0,7.181818181818182,4,6,Medium
9.1,9,1,55,Bipul Sharma,All-Rounders,Dinesh Karthik,Batters,0,False,1.0,6,Uppal,Rajiv Gandhi International Stadium,Medium,False,True,55,9,9.166666666666666,57,6.218181818181819,20,136,79,10.833333333333334,7.292307692307692,4,6,Medium
9.2,9,2,56,Bipul Sharma,All-Rounders,Dinesh Karthik,Batters,1,False,-0.5,6,Uppal,Rajiv Gandhi International Stadium,Medium,False,True,56,9,9.333333333333334,58,6.2142857142857135,20,136,78,10.666666666666666,7.3125,4,6,Medium
9.3,9,3,57,Bipul Sharma,All-Rounders,Dwayne Smith,All-Rounders,1,False,-0.5,6,Uppal,Rajiv Gandhi International Stadium,Medium,False,True,57,9,9.5,59,6.2105263157894735,20,136,77,10.5,7.333333333333333,4,6,Medium
9.4,9,4,58,Bipul Sharma,All-Rounders,Dinesh Karthik,Batters,1,False,-0.5,6,Uppal,Rajiv Gandhi International Stadium,Medium,False,True,58,9,9.666666666666666,60,6.206896551724138,20,136,76,10.333333333333334,7.354838709677419,4,6,Medium
9.5,9,5,59,Bipul Sharma,All-Rounders,Dwayne Smith,All-Rounders,0,False,1.0,6,Uppal,Rajiv Gandhi International Stadium,Medium,False,True,59,9,9.833333333333334,60,6.101694915254237,20,136,76,10.166666666666666,7.475409836065574,4,6,Medium
9.6,9,6,60,Bipul Sharma,All-Rounders,Dwayne Smith,All-Rounders,0,False,1.0,6,Uppal,Rajiv Gandhi International Stadium,Medium,False,True,60,9,10.0,60,6.0,20,136,76,10.0,7.6,4,6,Medium
10.1,10,1,61,Ben Cutting,All-Rounders,Dinesh Karthik,Batters,1,False,-0.5,6,Uppal,Rajiv Gandhi International Stadium,Medium,False,True,61,10,10.166666666666666,61,6.0,20,136,75,9.833333333333334,7.627118644067796,4,6,Medium
10.2,10,2,62,Ben Cutting,All-Rounders,Dwayne Smith,All-Rounders,1,False,-0.5,6,Uppal,Rajiv Gandhi International Stadium,Medium,False,True,62,10,10.333333333333334,62,6.0,20,136,74,9.666666666666666,7.655172413793104,4,6,Medium
10.3,10,3,63,Ben Cutting,All-Rounders,Dinesh Karthik,Batters,1,False,-0.5,6,Uppal,Rajiv Gandhi International Stadium,Medium,False,True,63,10,10.5,63,6.0,20,136,73,9.5,7.684210526315789,4,6,Medium
10.4,10,4,64,Ben Cutting,All-Rounders,Dwayne Smith,All-Rounders,0,False,1.0,6,Uppal,Rajiv Gandhi International Stadium,Medium,False,True,64,10,10.666666666666666,63,5.90625,20,136,73,9.333333333333334,7.821428571428571,4,6,Medium
10.5,10,5,65,Ben Cutting,All-Rounders,Dwayne Smith,All-Rounders,4,False,-2.0,6,Uppal,Rajiv Gandhi International Stadium,Medium,False,True,65,10,10.833333333333334,67,6.184615384615384,20,136,69,9.166666666666666,7.527272727272727,4,6,Medium
10.6,10,6,66,Ben Cutting,All-Rounders,Dwayne Smith,All-Rounders,1,False,-0.5,6,Uppal,Rajiv Gandhi International Stadium,Medium,False,True,66,10,11.0,68,6.181818181818182,20,136,68,9.0,7.555555555555555,4,6,Medium
11.1,11,1,67,Rashid Khan,All-Rounders,Dwayne Smith,All-Rounders,2,False,-1.0,6,Uppal,Rajiv Gandhi International Stadium,Medium,False,True,67,11,11.166666666666666,70,6.268656716417911,20,136,66,8.833333333333334,7.471698113207546,4,6,Medium
11.2,11,2,68,Rashid Khan,All-Rounders,Dwayne Smith,All-Rounders,0,False,1.0,6,Uppal,Rajiv Gandhi International Stadium,Medium,False,True,68,11,11.333333333333334,70,6.1764705882352935,20,136,66,8.666666666666666,7.615384615384616,4,6,Medium
11.3,11,3,69,Rashid Khan,All-Rounders,Dwayne Smith,All-Rounders,0,False,1.0,6,Uppal,Rajiv Gandhi International Stadium,Medium,False,True,69,11,11.5,70,6.086956521739131,20,136,66,8.5,7.764705882352941,4,6,Medium
11.4,11,4,70,Rashid Khan,All-Rounders,Dwayne Smith,All-Rounders,1,False,-0.5,6,Uppal,Rajiv Gandhi International Stadium,Medium,False,True,70,11,11.666666666666666,71,6.085714285714286,20,136,65,8.333333333333334,7.8,4,6,Medium
11.5,11,5,71,Rashid Khan,All-Rounders,Dinesh Karthik,Batters,4,False,-2.0,6,Uppal,Rajiv Gandhi International Stadium,Medium,False,True,71,11,11.833333333333334,75,6.338028169014084,20,136,61,8.166666666666666,7.469387755102042,4,6,Medium
11.6,11,6,72,Rashid Khan,All-Rounders,Dinesh Karthik,Batters,0,False,1.0,6,Uppal,Rajiv Gandhi International Stadium,Medium,False,True,72,11,12.0,75,6.25,20,136,61,8.0,7.625,4,6,Medium
12.1,12,1,73,Moises Henriques,All-Rounders,Dwayne Smith,All-Rounders,4,False,-2.0,6,Uppal,Rajiv Gandhi International Stadium,Medium,False,True,73,12,12.166666666666666,79,6.493150684931507,20,136,57,7.833333333333334,7.276595744680851,4,6,Medium
12.2,12,2,74,Moises Henriques,All-Rounders,Dwayne Smith,All-Rounders,4,False,-2.0,6,Uppal,Rajiv Gandhi International Stadium,Medium,False,True,74,12,12.333333333333334,83,6.72972972972973,20,136,53,7.666666666666666,6.91304347826087,4,6,Medium
12.3,12,3,75,Moises Henriques,All-Rounders,Dwayne Smith,All-Rounders,1,False,-0.5,6,Uppal,Rajiv Gandhi International Stadium,Medium,False,True,75,12,12.5,84,6.72,20,136,52,7.5,6.933333333333334,4,6,Medium
12.4,12,4,76,Moises Henriques,All-Rounders,Dinesh Karthik,Batters,1,False,-0.5,6,Uppal,Rajiv Gandhi International Stadium,Medium,False,True,76,12,12.666666666666666,85,6.710526315789474,20,136,51,7.333333333333334,6.954545454545454,4,6,Medium
12.5,12,5,77,Moises Henriques,All-Rounders,Dwayne Smith,All-Rounders,1,False,-0.5,6,Uppal,Rajiv Gandhi International Stadium,Medium,False,True,77,12,12.833333333333334,86,6.701298701298701,20,136,50,7.166666666666666,6.9767441860465125,4,6,Medium
12.6,12,6,78,Moises Henriques,All-Rounders,Dinesh Karthik,Batters,1,False,-0.5,6,Uppal,Rajiv Gandhi International Stadium,Medium,False,True,78,12,13.0,87,6.6923076923076925,20,136,49,7.0,7.0,4,6,Medium
13.1,13,1,79,Ashish Nehra,Bowlers,Dinesh Karthik,Batters,1,False,-0.5,6,Uppal,Rajiv Gandhi International Stadium,Medium,False,True,79,13,13.166666666666666,88,6.6835443037974684,20,136,48,6.833333333333334,7.024390243902438,4,6,Medium
13.2,13,2,80,Ashish Nehra,Bowlers,Dwayne Smith,All-Rounders,0,False,1.0,6,Uppal,Rajiv Gandhi International Stadium,Medium,False,True,80,13,13.333333333333334,88,6.6,20,136,48,6.666666666666666,7.200000000000001,4,6,Medium
13.3,13,3,81,Ashish Nehra,Bowlers,Dwayne Smith,All-Rounders,0,False,1.0,6,Uppal,Rajiv Gandhi International Stadium,Medium,False,True,81,13,13.5,88,6.518518518518518,20,136,48,6.5,7.384615384615385,4,6,Medium
13.4,13,4,82,Ashish Nehra,Bowlers,Dwayne Smith,All-Rounders,1,False,-0.5,6,Uppal,Rajiv Gandhi International Stadium,Medium,False,True,82,13,13.666666666666666,89,6.51219512195122,20,136,47,6.333333333333334,7.421052631578947,4,6,Medium
13.5,13,5,83,Ashish Nehra,Bowlers,Dinesh Karthik,Batters,1,False,-0.5,6,Uppal,Rajiv Gandhi International Stadium,Medium,False,True,83,13,13.833333333333334,90,6.506024096385542,20,136,46,6.166666666666666,7.459459459459459,4,6,Medium
13.6,13,6,84,Ashish Nehra,Bowlers,Dwayne Smith,All-Rounders,6,False,-3.0,6,Uppal,Rajiv Gandhi International Stadium,Medium,False,True,84,13,14.0,96,6.857142857142857,20,136,40,6.0,6.666666666666667,4,6,Medium
14.1,14,1,85,Bipul Sharma,All-Rounders,Dinesh Karthik,Batters,1,False,-0.5,6,Uppal,Rajiv Gandhi International Stadium,Medium,False,True,85,14,14.166666666666666,97,6.847058823529412,20,136,39,5.833333333333334,6.685714285714285,4,6,Medium
14.2,14,2,86,Bipul Sharma,All-Rounders,Dwayne Smith,All-Rounders,1,False,-0.5,6,Uppal,Rajiv Gandhi International Stadium,Medium,False,True,86,14,14.333333333333334,98,6.837209302325581,20,136,38,5.666666666666666,6.7058823529411775,4,6,Medium
14.3,14,3,87,Bipul Sharma,All-Rounders,Dinesh Karthik,Batters,1,False,-0.5,6,Uppal,Rajiv Gandhi International Stadium,Medium,False,True,87,14,14.5,99,6.827586206896552,20,136,37,5.5,6.727272727272728,4,6,Medium
14.4,14,4,88,Bipul Sharma,All-Rounders,Dwayne Smith,All-Rounders,1,False,-0.5,6,Uppal,Rajiv Gandhi International Stadium,Medium,False,True,88,14,14.666666666666666,100,6.818181818181818,20,136,36,5.333333333333334,6.749999999999999,4,6,Medium
14.5,14,5,89,Bipul Sharma,All-Rounders,Dinesh Karthik,Batters,1,False,-0.5,6,Uppal,Rajiv Gandhi International Stadium,Medium,False,True,89,14,14.833333333333334,101,6.808988764044943,20,136,35,5.166666666666666,6.774193548387098,4,6,Medium
14.6,14,6,90,Bipul Sharma,All-Rounders,Dwayne Smith,All-Rounders,1,False,-0.5,6,Uppal,Rajiv Gandhi International Stadium,Medium,False,True,90,14,15.0,102,6.8,20,136,34,5.0,6.8,4,6,Medium
15.1,15,1,91,Ben Cutting,All-Rounders,Dwayne Smith,All-Rounders,1,False,-0.5,6,Uppal,Rajiv Gandhi International Stadium,Medium,False,True,91,15,15.166666666666666,103,6.791208791208791,20,136,33,4.833333333333334,6.827586206896551,4,6,Medium
15.2,15,2,92,Ben Cutting,All-Rounders,Dinesh Karthik,Batters,1,False,-0.5,6,Uppal,Rajiv Gandhi International Stadium,Medium,False,True,92,15,15.333333333333334,104,6.782608695652174,20,136,32,4.666666666666666,6.857142857142858,4,6,Medium
15.3,15,3,93,Ben Cutting,All-Rounders,Dwayne Smith,All-Rounders,4,False,-2.0,6,Uppal,Rajiv Gandhi International Stadium,Medium,False,True,93,15,15.5,108,6.967741935483871,20,136,28,4.5,6.222222222222222,4,6,Medium
15.4,15,4,94,Ben Cutting,All-Rounders,Dwayne Smith,All-Rounders,1,False,-0.5,6,Uppal,Rajiv Gandhi International Stadium,Medium,False,True,94,15,15.666666666666666,109,6.957446808510639,20,136,27,4.333333333333334,6.23076923076923,4,6,Medium
15.5,15,5,95,Ben Cutting,All-Rounders,Dinesh Karthik,Batters,0,False,1.0,6,Uppal,Rajiv Gandhi International Stadium,Medium,False,True,95,15,15.833333333333334,109,6.88421052631579,20,136,27,4.166666666666666,6.480000000000001,4,6,Medium
15.6,15,6,96,Ben Cutting,All-Rounders,Dinesh Karthik,Batters,1,False,-0.5,6,Uppal,Rajiv Gandhi International Stadium,Medium,False,True,96,15,16.0,110,6.875,20,136,26,4.0,6.5,4,6,Medium
16.1,16,1,97,Bhuvneshwar Kumar,Bowlers,Dinesh Karthik,Batters,1,False,-0.5,6,Uppal,Rajiv Gandhi International Stadium,Medium,False,True,97,16,16.166666666666668,111,6.865979381443299,20,136,25,3.833333333333332,6.521739130434785,4,6,Medium
16.2,16,2,98,Bhuvneshwar Kumar,Bowlers,Dwayne Smith,All-Rounders,1,False,-0.5,6,Uppal,Rajiv Gandhi International Stadium,Medium,False,True,98,16,16.333333333333332,112,6.857142857142858,20,136,24,3.666666666666668,6.545454545454543,4,6,Medium
16.3,16,3,99,Bhuvneshwar Kumar,Bowlers,Dinesh Karthik,Batters,1,False,-0.5,6,Uppal,Rajiv Gandhi International Stadium,Medium,False,True,99,16,16.5,113,6.848484848484849,20,136,23,3.5,6.571428571428571,4,6,Medium
16.4,16,4,100,Bhuvneshwar Kumar,Bowlers,Dwayne Smith,All-Rounders,0,True,5.0,6,Uppal,Rajiv Gandhi International Stadium,Medium,False,True,100,16,16.666666666666668,113,6.779999999999999,20,136,23,3.333333333333332,6.900000000000002,5,5,Medium
16.5,16,5,101,Bhuvneshwar Kumar,Bowlers,Dinesh Karthik,Batters,0,False,1.0,6,Uppal,Rajiv Gandhi International Stadium,Medium,False,True,101,16,16.833333333333332,113,6.7128712871287135,20,136,23,3.166666666666668,7.26315789473684,5,5,Medium
16.6,16,6,102,Bhuvneshwar Kumar,Bowlers,Dinesh Karthik,Batters,0,False,1.0,6,Uppal,Rajiv Gandhi International Stadium,Medium,False,True,102,16,17.0,113,6.647058823529412,20,136,23,3.0,7.666666666666667,5,5,Medium
17.1,17,1,103,Ashish Nehra,Bowlers,Dhawal Kulkarni,Bowlers,1,False,-0.5,6,Uppal,Rajiv Gandhi International Stadium,Medium,False,True,103,17,17.166666666666668,114,6.640776699029126,20,136,22,2.833333333333332,7.764705882352945,5,5,Medium
17.2,17,2,104,Ashish Nehra,Bowlers,Dinesh Karthik,Batters,0,True,5.0,6,Uppal,Rajiv Gandhi International Stadium,Medium,False,True,104,17,17.333333333333332,114,6.5769230769230775,20,136,22,2.666666666666668,8.249999999999996,6,4,Medium
17.3,17,3,105,Ashish Nehra,Bowlers,Praveen Kumar,Bowlers,1,False,-0.5,6,Uppal,Rajiv Gandhi International Stadium,Medium,False,True,105,17,17.5,115,6.571428571428571,20,136,21,2.5,8.4,6,4,Medium
17.4,17,4,106,Ashish Nehra,Bowlers,Dhawal Kulkarni,Bowlers,0,True,5.0,6,Uppal,Rajiv Gandhi International Stadium,Medium,False,True,106,17,17.666666666666668,115,6.509433962264151,20,136,21,2.333333333333332,9.000000000000005,7,3,Medium
17.5,17,5,107,Ashish Nehra,Bowlers,Basil Thampi,Bowlers,1,False,-0.5,6,Uppal,Rajiv Gandhi International Stadium,Medium,False,True,107,17,17.833333333333332,116,6.504672897196262,20,136,20,2.166666666666668,9.230769230769226,7,3,Medium
17.6,17,6,108,Ashish Nehra,Bowlers,Praveen Kumar,Bowlers,1,False,-0.5,6,Uppal,Rajiv Gandhi International Stadium,Medium,False,True,108,17,18.0,117,6.5,20,136,19,2.0,9.5,7,3,Medium
18.1,18,1,109,Ben Cutting,All-Rounders,Praveen Kumar,Bowlers,1,False,-0.5,6,Uppal,Rajiv Gandhi International Stadium,Medium,False,True,109,18,18.166666666666668,118,6.4954128440366965,20,136,18,1.833333333333332,9.818181818181824,7,3,Medium
18.2,18,2,110,Ben Cutting,All-Rounders,Basil Thampi,Bowlers,1,False,-0.5,6,Uppal,Rajiv Gandhi International Stadium,Medium,False,True,110,18,18.33333333333333,119,6.490909090909091,20,136,17,1.666666666666668,10.199999999999992,7,3,Medium
18.3,18,3,111,Ben Cutting,All-Rounders,Praveen Kumar,Bowlers,1,False,-0.5,6,Uppal,Rajiv Gandhi International Stadium,Medium,False,True,111,18,18.5,120,6.486486486486487,20,136,16,1.5,10.666666666666666,7,3,Medium
18.4,18,4,112,Ben Cutting,All-Rounders,Basil Thampi,Bowlers,6,False,-3.0,6,Uppal,Rajiv Gandhi International Stadium,Medium,False,True,112,18,18.666666666666668,126,6.75,20,136,10,1.333333333333332,7.500000000000007,7,3,Medium
18.5,18,5,113,Ben Cutting,All-Rounders,Basil Thampi,Bowlers,2,False,-1.0,6,Uppal,Rajiv Gandhi International Stadium,Medium,False,True,113,18,18.83333333333333,128,6.796460176991151,20,136,8,1.166666666666668,6.8571428571428505,7,3,Medium
18.6,18,6,114,Ben Cutting,All-Rounders,Basil Thampi,Bowlers,2,False,-1.0,6,Uppal,Rajiv Gandhi International Stadium,Medium,False,True,114,18,19.0,130,6.842105263157895,20,136,6,1.0,6.0,7,3,Medium
19.1,19,1,115,Bhuvneshwar Kumar,Bowlers,Praveen Kumar,Bowlers,1,False,-0.5,6,Uppal,Rajiv Gandhi International Stadium,Medium,False,True,115,19,19.166666666666668,131,6.834782608695652,20,136,5,0.8333333333333321,6.000000000000009,7,3,Medium
19.2,19,2,116,Bhuvneshwar Kumar,Bowlers,Basil Thampi,Bowlers,1,False,-0.25,6,Uppal,Rajiv Gandhi International Stadium,Medium,False,True,116,19,19.33333333333333,132,6.8275862068965525,20,136,4,0.6666666666666679,5.999999999999989,7,3,Medium
19.3,19,3,117,Bhuvneshwar Kumar,Bowlers,Praveen Kumar,Bowlers,1,False,-0.5,6,Uppal,Rajiv Gandhi International Stadium,Medium,False,True,117,19,19.5,133,6.82051282051282,20,136,3,0.5,6.0,7,3,Medium
19.4,19,4,118,Bhuvneshwar Kumar,Bowlers,Basil Thampi,Bowlers,1,False,-0.5,6,Uppal,Rajiv Gandhi International Stadium,Medium,False,True,118,19,19.666666666666668,134,6.813559322033898,20,136,2,0.3333333333333321,6.000000000000021,7,3,Medium
19.5,19,5,119,Bhuvneshwar Kumar,Bowlers,Praveen Kumar,Bowlers,1,False,-0.5,6,Uppal,Rajiv Gandhi International Stadium,Medium,False,True,119,19,19.83333333333333,135,6.806722689075631,20,136,1,0.1666666666666678,5.999999999999957,7,3,Medium
19.6,19,6,120,Bhuvneshwar Kumar,Bowlers,Basil Thampi,Bowlers,0,False,1.0,6,Uppal,Rajiv Gandhi International Stadium,Medium,False,True,120,19,20.0,135,6.75,20,136,1,0.0,inf,7,3,Medium
