Ball Number,over,ball,Ball,bowler,bowler_role,batsman,batsman_role,Runs,is_wicket,bowler_score,match_id,city,stadium,Stadium_Type,is_extra,legal_delivery,legal_deliveries_count,overs_completed,overs_bowled,total_runs,current_run_rate,total_overs,target,runs_needed,overs_remaining,required_run_rate,wickets_fallen,wickets_in_hand,Ground_Type
0.1,0,1,1,Trent Boult,Bowlers,Parthiv Patel,Batters,0,False,1.0,7,Mumbai,Wankhede Stadium,Medium,False,True,1,0,0.1666666666666666,0,0.0,20,179,179,19.83333333333333,9.025210084033612,0,10,Medium
0.2,0,2,2,Trent Boult,Bowlers,Parthiv Patel,Batters,0,False,1.0,7,Mumbai,Wankhede Stadium,Medium,False,True,2,0,0.3333333333333333,0,0.0,20,179,179,19.666666666666668,9.101694915254235,0,10,Medium
0.3,0,3,3,Trent Boult,Bowlers,Parthiv Patel,Batters,4,False,-2.0,7,Mumbai,Wankhede Stadium,Medium,False,True,3,0,0.5,4,8.0,20,179,175,19.5,8.974358974358974,0,10,Medium
0.4,0,4,4,Trent Boult,Bowlers,Parthiv Patel,Batters,0,False,1.0,7,Mumbai,Wankhede Stadium,Medium,False,True,4,0,0.6666666666666666,4,6.0,20,179,175,19.33333333333333,9.051724137931036,0,10,Medium
0.5,0,5,5,Trent Boult,Bowlers,Parthiv Patel,Batters,1,False,-0.5,7,Mumbai,Wankhede Stadium,Medium,False,True,5,0,0.8333333333333334,5,6.0,20,179,174,19.166666666666668,9.078260869565216,0,10,Medium
0.6,0,6,6,Trent Boult,Bowlers,Jos Buttler,Batters,4,False,-2.0,7,Mumbai,Wankhede Stadium,Medium,False,True,6,0,1.0,9,9.0,20,179,170,19.0,8.947368421052632,0,10,Medium
1.1,1,1,7,Chris Woakes,All-Rounders,Parthiv Patel,Batters,1,False,-1.0,7,Mumbai,Wankhede Stadium,Medium,True,False,6,0,1.0,10,10.0,20,179,169,19.0,8.894736842105264,0,10,Medium
1.1,1,1,8,Chris Woakes,All-Rounders,Parthiv Patel,Batters,0,False,1.0,7,Mumbai,Wankhede Stadium,Medium,False,True,7,1,1.1666666666666667,10,8.571428571428571,20,179,169,18.83333333333333,8.97345132743363,0,10,Medium
1.2,1,2,9,Chris Woakes,All-Rounders,Parthiv Patel,Batters,2,False,-0.25,7,Mumbai,Wankhede Stadium,Medium,False,True,8,1,1.3333333333333333,12,9.0,20,179,167,18.666666666666668,8.946428571428571,0,10,Medium
1.3,1,3,10,Chris Woakes,All-Rounders,Parthiv Patel,Batters,1,False,-0.5,7,Mumbai,Wankhede Stadium,Medium,False,True,9,1,1.5,13,8.666666666666666,20,179,166,18.5,8.972972972972974,0,10,Medium
1.4,1,4,11,Chris Woakes,All-Rounders,Jos Buttler,Batters,1,False,-1.0,7,Mumbai,Wankhede Stadium,Medium,True,False,9,1,1.5,14,9.333333333333334,20,179,165,18.5,8.91891891891892,0,10,Medium
1.4,1,4,12,Chris Woakes,All-Rounders,Jos Buttler,Batters,0,False,1.0,7,Mumbai,Wankhede Stadium,Medium,False,True,10,1,1.6666666666666663,14,8.4,20,179,165,18.33333333333333,9.0,0,10,Medium
1.5,1,5,13,Chris Woakes,All-Rounders,Jos Buttler,Batters,1,False,-0.5,7,Mumbai,Wankhede Stadium,Medium,False,True,11,1,1.8333333333333333,15,8.181818181818182,20,179,164,18.166666666666668,9.027522935779816,0,10,Medium
1.6,1,6,14,Chris Woakes,All-Rounders,Parthiv Patel,Batters,0,False,1.0,7,Mumbai,Wankhede Stadium,Medium,False,True,12,1,2.0,15,7.5,20,179,164,18.0,9.11111111111111,0,10,Medium
2.1,2,1,15,Trent Boult,Bowlers,Jos Buttler,Batters,1,False,-1.0,7,Mumbai,Wankhede Stadium,Medium,True,False,12,1,2.0,16,8.0,20,179,163,18.0,9.055555555555555,0,10,Medium
2.1,2,1,16,Trent Boult,Bowlers,Jos Buttler,Batters,0,False,1.0,7,Mumbai,Wankhede Stadium,Medium,False,True,13,2,2.1666666666666665,16,7.384615384615385,20,179,163,17.833333333333332,9.14018691588785,0,10,Medium
2.2,2,2,17,Trent Boult,Bowlers,Jos Buttler,Batters,1,False,-0.5,7,Mumbai,Wankhede Stadium,Medium,False,True,14,2,2.333333333333333,17,7.285714285714286,20,179,162,17.666666666666668,9.169811320754716,0,10,Medium
2.3,2,3,18,Trent Boult,Bowlers,Parthiv Patel,Batters,2,False,-1.0,7,Mumbai,Wankhede Stadium,Medium,False,True,15,2,2.5,19,7.6,20,179,160,17.5,9.142857142857142,0,10,Medium
2.4,2,4,19,Trent Boult,Bowlers,Parthiv Patel,Batters,0,False,1.0,7,Mumbai,Wankhede Stadium,Medium,False,True,16,2,2.6666666666666665,19,7.125,20,179,160,17.333333333333332,9.230769230769232,0,10,Medium
2.5,2,5,20,Trent Boult,Bowlers,Parthiv Patel,Batters,4,False,-2.0,7,Mumbai,Wankhede Stadium,Medium,False,True,17,2,2.833333333333333,23,8.117647058823529,20,179,156,17.166666666666668,9.0873786407767,0,10,Medium
2.6,2,6,21,Trent Boult,Bowlers,Parthiv Patel,Batters,2,False,-1.0,7,Mumbai,Wankhede Stadium,Medium,False,True,18,2,3.0,25,8.333333333333334,20,179,154,17.0,9.058823529411764,0,10,Medium
3.1,3,1,22,Chris Woakes,All-Rounders,Jos Buttler,Batters,1,False,-1.0,7,Mumbai,Wankhede Stadium,Medium,True,False,18,2,3.0,26,8.666666666666666,20,179,153,17.0,9.0,0,10,Medium
3.1,3,1,23,Chris Woakes,All-Rounders,Jos Buttler,Batters,1,False,-1.0,7,Mumbai,Wankhede Stadium,Medium,True,False,18,2,3.0,27,9.0,20,179,152,17.0,8.941176470588236,0,10,Medium
3.1,3,1,24,Chris Woakes,All-Rounders,Jos Buttler,Batters,1,False,-0.5,7,Mumbai,Wankhede Stadium,Medium,False,True,19,3,3.1666666666666665,28,8.842105263157896,20,179,151,16.833333333333332,8.970297029702971,0,10,Medium
3.2,3,2,25,Chris Woakes,All-Rounders,Parthiv Patel,Batters,0,False,1.0,7,Mumbai,Wankhede Stadium,Medium,False,True,20,3,3.333333333333333,28,8.4,20,179,151,16.666666666666668,9.06,0,10,Medium
3.3,3,3,26,Chris Woakes,All-Rounders,Parthiv Patel,Batters,0,False,1.0,7,Mumbai,Wankhede Stadium,Medium,False,True,21,3,3.5,28,8.0,20,179,151,16.5,9.151515151515152,0,10,Medium
3.4,3,4,27,Chris Woakes,All-Rounders,Parthiv Patel,Batters,1,False,-0.5,7,Mumbai,Wankhede Stadium,Medium,False,True,22,3,3.6666666666666665,29,7.909090909090909,20,179,150,16.333333333333332,9.183673469387756,0,10,Medium
3.5,3,5,28,Chris Woakes,All-Rounders,Jos Buttler,Batters,6,False,-3.0,7,Mumbai,Wankhede Stadium,Medium,False,True,23,3,3.8333333333333335,35,9.130434782608695,20,179,144,16.166666666666668,8.90721649484536,0,10,Medium
3.6,3,6,29,Chris Woakes,All-Rounders,Jos Buttler,Batters,2,False,-1.0,7,Mumbai,Wankhede Stadium,Medium,False,True,24,3,4.0,37,9.25,20,179,142,16.0,8.875,0,10,Medium
4.1,4,1,30,Sunil Narine,All-Rounders,Parthiv Patel,Batters,4,False,-2.0,7,Mumbai,Wankhede Stadium,Medium,False,True,25,4,4.166666666666667,41,9.84,20,179,138,15.833333333333332,8.715789473684211,0,10,Medium
4.2,4,2,31,Sunil Narine,All-Rounders,Parthiv Patel,Batters,2,False,-1.0,7,Mumbai,Wankhede Stadium,Medium,False,True,26,4,4.333333333333333,43,9.923076923076923,20,179,136,15.666666666666668,8.680851063829786,0,10,Medium
4.3,4,3,32,Sunil Narine,All-Rounders,Parthiv Patel,Batters,0,False,1.0,7,Mumbai,Wankhede Stadium,Medium,False,True,27,4,4.5,43,9.555555555555555,20,179,136,15.5,8.774193548387096,0,10,Medium
4.4,4,4,33,Sunil Narine,All-Rounders,Parthiv Patel,Batters,0,False,1.0,7,Mumbai,Wankhede Stadium,Medium,False,True,28,4,4.666666666666667,43,9.214285714285714,20,179,136,15.333333333333332,8.869565217391305,0,10,Medium
4.5,4,5,34,Sunil Narine,All-Rounders,Parthiv Patel,Batters,1,False,-0.5,7,Mumbai,Wankhede Stadium,Medium,False,True,29,4,4.833333333333333,44,9.10344827586207,20,179,135,15.166666666666668,8.9010989010989,0,10,Medium
4.6,4,6,35,Sunil Narine,All-Rounders,Jos Buttler,Batters,0,False,1.0,7,Mumbai,Wankhede Stadium,Medium,False,True,30,4,5.0,44,8.8,20,179,135,15.0,9.0,0,10,Medium
5.1,5,1,36,Kuldeep Yadav,Bowlers,Parthiv Patel,Batters,0,False,1.0,7,Mumbai,Wankhede Stadium,Medium,False,True,31,5,5.166666666666667,44,8.516129032258064,20,179,135,14.833333333333332,9.10112359550562,0,10,Medium
5.2,5,2,37,Kuldeep Yadav,Bowlers,Parthiv Patel,Batters,1,False,-1.0,7,Mumbai,Wankhede Stadium,Medium,True,False,31,5,5.166666666666667,45,8.709677419354838,20,179,134,14.833333333333332,9.03370786516854,0,10,Medium
5.2,5,2,38,Kuldeep Yadav,Bowlers,Parthiv Patel,Batters,1,False,-0.5,7,Mumbai,Wankhede Stadium,Medium,False,True,32,5,5.333333333333333,46,8.625,20,179,133,14.666666666666668,9.068181818181817,0,10,Medium
5.3,5,3,39,Kuldeep Yadav,Bowlers,Jos Buttler,Batters,0,False,1.0,7,Mumbai,Wankhede Stadium,Medium,False,True,33,5,5.5,46,8.363636363636363,20,179,133,14.5,9.172413793103448,0,10,Medium
5.4,5,4,40,Kuldeep Yadav,Bowlers,Jos Buttler,Batters,1,False,-0.5,7,Mumbai,Wankhede Stadium,Medium,False,True,34,5,5.666666666666667,47,8.294117647058822,20,179,132,14.333333333333332,9.209302325581396,0,10,Medium
5.5,5,5,41,Kuldeep Yadav,Bowlers,Parthiv Patel,Batters,1,False,-0.5,7,Mumbai,Wankhede Stadium,Medium,False,True,35,5,5.833333333333333,48,8.22857142857143,20,179,131,14.166666666666668,9.24705882352941,0,10,Medium
5.6,5,6,42,Kuldeep Yadav,Bowlers,Jos Buttler,Batters,1,False,-0.5,7,Mumbai,Wankhede Stadium,Medium,False,True,36,5,6.0,49,8.166666666666666,20,179,130,14.0,9.285714285714286,0,10,Medium
6.1,6,1,43,Sunil Narine,All-Rounders,Jos Buttler,Batters,2,False,-1.0,7,Mumbai,Wankhede Stadium,Medium,False,True,37,6,6.166666666666667,51,8.27027027027027,20,179,128,13.833333333333332,9.253012048192772,0,10,Medium
6.2,6,2,44,Sunil Narine,All-Rounders,Jos Buttler,Batters,0,False,1.0,7,Mumbai,Wankhede Stadium,Medium,False,True,38,6,6.333333333333333,51,8.052631578947368,20,179,128,13.666666666666668,9.365853658536585,0,10,Medium
6.3,6,3,45,Sunil Narine,All-Rounders,Jos Buttler,Batters,0,False,1.0,7,Mumbai,Wankhede Stadium,Medium,False,True,39,6,6.5,51,7.846153846153846,20,179,128,13.5,9.48148148148148,0,10,Medium
6.4,6,4,46,Sunil Narine,All-Rounders,Jos Buttler,Batters,6,False,-3.0,7,Mumbai,Wankhede Stadium,Medium,False,True,40,6,6.666666666666667,57,8.549999999999999,20,179,122,13.333333333333332,9.15,0,10,Medium
6.5,6,5,47,Sunil Narine,All-Rounders,Jos Buttler,Batters,1,False,-0.5,7,Mumbai,Wankhede Stadium,Medium,False,True,41,6,6.833333333333333,58,8.487804878048781,20,179,121,13.166666666666668,9.189873417721518,0,10,Medium
6.6,6,6,48,Sunil Narine,All-Rounders,Parthiv Patel,Batters,0,False,1.0,7,Mumbai,Wankhede Stadium,Medium,False,True,42,6,7.0,58,8.285714285714286,20,179,121,13.0,9.307692307692308,0,10,Medium
7.1,7,1,49,Kuldeep Yadav,Bowlers,Jos Buttler,Batters,1,False,-0.5,7,Mumbai,Wankhede Stadium,Medium,False,True,43,7,7.166666666666667,59,8.232558139534884,20,179,120,12.833333333333332,9.350649350649352,0,10,Medium
7.2,7,2,50,Kuldeep Yadav,Bowlers,Parthiv Patel,Batters,6,False,-3.0,7,Mumbai,Wankhede Stadium,Medium,False,True,44,7,7.333333333333333,65,8.863636363636363,20,179,114,12.666666666666668,9.0,0,10,Medium
7.3,7,3,51,Kuldeep Yadav,Bowlers,Parthiv Patel,Batters,0,True,5.0,7,Mumbai,Wankhede Stadium,Medium,False,True,45,7,7.5,65,8.666666666666666,20,179,114,12.5,9.12,1,9,Medium
7.4,7,4,52,Kuldeep Yadav,Bowlers,Nitish Rana,Batters,4,False,-2.0,7,Mumbai,Wankhede Stadium,Medium,False,True,46,7,7.666666666666667,69,9.0,20,179,110,12.333333333333332,8.91891891891892,1,9,Medium
7.5,7,5,53,Kuldeep Yadav,Bowlers,Nitish Rana,Batters,1,False,-0.5,7,Mumbai,Wankhede Stadium,Medium,False,True,47,7,7.833333333333333,70,8.936170212765958,20,179,109,12.166666666666668,8.95890410958904,1,9,Medium
7.6,7,6,54,Kuldeep Yadav,Bowlers,Jos Buttler,Batters,1,False,-0.5,7,Mumbai,Wankhede Stadium,Medium,False,True,48,7,8.0,71,8.875,20,179,108,12.0,9.0,1,9,Medium
8.1,8,1,55,Ankit Rajpoot,Bowlers,Jos Buttler,Batters,0,False,1.0,7,Mumbai,Wankhede Stadium,Medium,False,True,49,8,8.166666666666666,71,8.693877551020408,20,179,108,11.833333333333334,9.126760563380282,1,9,Medium
8.2,8,2,56,Ankit Rajpoot,Bowlers,Jos Buttler,Batters,0,False,1.0,7,Mumbai,Wankhede Stadium,Medium,False,True,50,8,8.333333333333334,71,8.52,20,179,108,11.666666666666666,9.257142857142858,1,9,Medium
8.3,8,3,57,Ankit Rajpoot,Bowlers,Jos Buttler,Batters,0,True,5.0,7,Mumbai,Wankhede Stadium,Medium,False,True,51,8,8.5,71,8.352941176470589,20,179,108,11.5,9.391304347826088,2,8,Medium
8.4,8,4,58,Ankit Rajpoot,Bowlers,Rohit Sharma,Batters,0,False,1.0,7,Mumbai,Wankhede Stadium,Medium,False,True,52,8,8.666666666666666,71,8.192307692307693,20,179,108,11.333333333333334,9.529411764705882,2,8,Medium
8.5,8,5,59,Ankit Rajpoot,Bowlers,Rohit Sharma,Batters,1,False,-0.5,7,Mumbai,Wankhede Stadium,Medium,False,True,53,8,8.833333333333334,72,8.150943396226415,20,179,107,11.166666666666666,9.582089552238806,2,8,Medium
8.6,8,6,60,Ankit Rajpoot,Bowlers,Nitish Rana,Batters,0,False,1.0,7,Mumbai,Wankhede Stadium,Medium,False,True,54,8,9.0,72,8.0,20,179,107,11.0,9.727272727272728,2,8,Medium
9.1,9,1,61,Sunil Narine,All-Rounders,Rohit Sharma,Batters,0,False,1.0,7,Mumbai,Wankhede Stadium,Medium,False,True,55,9,9.166666666666666,72,7.854545454545455,20,179,107,10.833333333333334,9.876923076923076,2,8,Medium
9.2,9,2,62,Sunil Narine,All-Rounders,Rohit Sharma,Batters,0,False,1.0,7,Mumbai,Wankhede Stadium,Medium,False,True,56,9,9.333333333333334,72,7.7142857142857135,20,179,107,10.666666666666666,10.03125,2,8,Medium
9.3,9,3,63,Sunil Narine,All-Rounders,Rohit Sharma,Batters,1,False,-0.5,7,Mumbai,Wankhede Stadium,Medium,False,True,57,9,9.5,73,7.684210526315789,20,179,106,10.5,10.095238095238097,2,8,Medium
9.4,9,4,64,Sunil Narine,All-Rounders,Nitish Rana,Batters,1,False,-0.5,7,Mumbai,Wankhede Stadium,Medium,False,True,58,9,9.666666666666666,74,7.655172413793104,20,179,105,10.333333333333334,10.161290322580644,2,8,Medium
9.5,9,5,65,Sunil Narine,All-Rounders,Rohit Sharma,Batters,0,True,5.0,7,Mumbai,Wankhede Stadium,Medium,False,True,59,9,9.833333333333334,74,7.525423728813559,20,179,105,10.166666666666666,10.327868852459018,3,7,Medium
9.6,9,6,66,Sunil Narine,All-Rounders,Krunal Pandya,All-Rounders,0,False,1.0,7,Mumbai,Wankhede Stadium,Medium,False,True,60,9,10.0,74,7.4,20,179,105,10.0,10.5,3,7,Medium
10.1,10,1,67,Ankit Rajpoot,Bowlers,Nitish Rana,Batters,0,False,1.0,7,Mumbai,Wankhede Stadium,Medium,False,True,61,10,10.166666666666666,74,7.278688524590164,20,179,105,9.833333333333334,10.677966101694915,3,7,Medium
10.2,10,2,68,Ankit Rajpoot,Bowlers,Nitish Rana,Batters,0,False,1.0,7,Mumbai,Wankhede Stadium,Medium,False,True,62,10,10.333333333333334,74,7.161290322580645,20,179,105,9.666666666666666,10.862068965517242,3,7,Medium
10.3,10,3,69,Ankit Rajpoot,Bowlers,Nitish Rana,Batters,1,False,-0.5,7,Mumbai,Wankhede Stadium,Medium,False,True,63,10,10.5,75,7.142857142857143,20,179,104,9.5,10.947368421052632,3,7,Medium
10.4,10,4,70,Ankit Rajpoot,Bowlers,Krunal Pandya,All-Rounders,0,False,1.0,7,Mumbai,Wankhede Stadium,Medium,False,True,64,10,10.666666666666666,75,7.03125,20,179,104,9.333333333333334,11.142857142857142,3,7,Medium
10.5,10,5,71,Ankit Rajpoot,Bowlers,Krunal Pandya,All-Rounders,4,False,-2.0,7,Mumbai,Wankhede Stadium,Medium,False,True,65,10,10.833333333333334,79,7.292307692307692,20,179,100,9.166666666666666,10.90909090909091,3,7,Medium
10.6,10,6,72,Ankit Rajpoot,Bowlers,Krunal Pandya,All-Rounders,4,False,-2.0,7,Mumbai,Wankhede Stadium,Medium,False,True,66,10,11.0,83,7.545454545454546,20,179,96,9.0,10.666666666666666,3,7,Medium
11.1,11,1,73,Kuldeep Yadav,Bowlers,Nitish Rana,Batters,0,False,1.0,7,Mumbai,Wankhede Stadium,Medium,False,True,67,11,11.166666666666666,83,7.432835820895523,20,179,96,8.833333333333334,10.867924528301886,3,7,Medium
11.2,11,2,74,Kuldeep Yadav,Bowlers,Nitish Rana,Batters,1,False,-0.5,7,Mumbai,Wankhede Stadium,Medium,False,True,68,11,11.333333333333334,84,7.411764705882352,20,179,95,8.666666666666666,10.961538461538462,3,7,Medium
11.3,11,3,75,Kuldeep Yadav,Bowlers,Krunal Pandya,All-Rounders,3,False,-1.5,7,Mumbai,Wankhede Stadium,Medium,False,True,69,11,11.5,87,7.565217391304348,20,179,92,8.5,10.823529411764708,3,7,Medium
11.4,11,4,76,Kuldeep Yadav,Bowlers,Nitish Rana,Batters,0,False,1.0,7,Mumbai,Wankhede Stadium,Medium,False,True,70,11,11.666666666666666,87,7.457142857142857,20,179,92,8.333333333333334,11.04,3,7,Medium
11.5,11,5,77,Kuldeep Yadav,Bowlers,Nitish Rana,Batters,4,False,-2.0,7,Mumbai,Wankhede Stadium,Medium,False,True,71,11,11.833333333333334,91,7.690140845070422,20,179,88,8.166666666666666,10.775510204081634,3,7,Medium
11.6,11,6,78,Kuldeep Yadav,Bowlers,Nitish Rana,Batters,6,False,-3.0,7,Mumbai,Wankhede Stadium,Medium,False,True,72,11,12.0,97,8.083333333333334,20,179,82,8.0,10.25,3,7,Medium
12.1,12,1,79,Ankit Rajpoot,Bowlers,Krunal Pandya,All-Rounders,0,True,5.0,7,Mumbai,Wankhede Stadium,Medium,False,True,73,12,12.166666666666666,97,7.972602739726028,20,179,82,7.833333333333334,10.468085106382976,4,6,Medium
12.2,12,2,80,Ankit Rajpoot,Bowlers,Kieron Pollard,All-Rounders,0,False,1.0,7,Mumbai,Wankhede Stadium,Medium,False,True,74,12,12.333333333333334,97,7.864864864864865,20,179,82,7.666666666666666,10.695652173913045,4,6,Medium
12.3,12,3,81,Ankit Rajpoot,Bowlers,Kieron Pollard,All-Rounders,2,False,-1.0,7,Mumbai,Wankhede Stadium,Medium,False,True,75,12,12.5,99,7.92,20,179,80,7.5,10.666666666666666,4,6,Medium
12.4,12,4,82,Ankit Rajpoot,Bowlers,Kieron Pollard,All-Rounders,6,False,-3.0,7,Mumbai,Wankhede Stadium,Medium,False,True,76,12,12.666666666666666,105,8.289473684210527,20,179,74,7.333333333333334,10.09090909090909,4,6,Medium
12.5,12,5,83,Ankit Rajpoot,Bowlers,Kieron Pollard,All-Rounders,0,False,1.0,7,Mumbai,Wankhede Stadium,Medium,False,True,77,12,12.833333333333334,105,8.181818181818182,20,179,74,7.166666666666666,10.325581395348838,4,6,Medium
12.6,12,6,84,Ankit Rajpoot,Bowlers,Kieron Pollard,All-Rounders,0,False,1.0,7,Mumbai,Wankhede Stadium,Medium,False,True,78,12,13.0,105,8.076923076923077,20,179,74,7.0,10.571428571428571,4,6,Medium
13.1,13,1,85,Kuldeep Yadav,Bowlers,Nitish Rana,Batters,1,False,-0.5,7,Mumbai,Wankhede Stadium,Medium,False,True,79,13,13.166666666666666,106,8.050632911392405,20,179,73,6.833333333333334,10.682926829268292,4,6,Medium
13.2,13,2,86,Kuldeep Yadav,Bowlers,Kieron Pollard,All-Rounders,0,False,1.0,7,Mumbai,Wankhede Stadium,Medium,False,True,80,13,13.333333333333334,106,7.949999999999999,20,179,73,6.666666666666666,10.95,4,6,Medium
13.3,13,3,87,Kuldeep Yadav,Bowlers,Kieron Pollard,All-Rounders,0,False,1.0,7,Mumbai,Wankhede Stadium,Medium,False,True,81,13,13.5,106,7.851851851851852,20,179,73,6.5,11.23076923076923,4,6,Medium
13.4,13,4,88,Kuldeep Yadav,Bowlers,Kieron Pollard,All-Rounders,0,False,1.0,7,Mumbai,Wankhede Stadium,Medium,False,True,82,13,13.666666666666666,106,7.75609756097561,20,179,73,6.333333333333334,11.526315789473683,4,6,Medium
13.5,13,5,89,Kuldeep Yadav,Bowlers,Kieron Pollard,All-Rounders,2,False,-1.0,7,Mumbai,Wankhede Stadium,Medium,False,True,83,13,13.833333333333334,108,7.80722891566265,20,179,71,6.166666666666666,11.513513513513514,4,6,Medium
13.6,13,6,90,Kuldeep Yadav,Bowlers,Kieron Pollard,All-Rounders,0,False,1.0,7,Mumbai,Wankhede Stadium,Medium,False,True,84,13,14.0,108,7.714285714285714,20,179,71,6.0,11.833333333333334,4,6,Medium
14.1,14,1,91,Chris Woakes,All-Rounders,Nitish Rana,Batters,1,False,-0.5,7,Mumbai,Wankhede Stadium,Medium,False,True,85,14,14.166666666666666,109,7.694117647058824,20,179,70,5.833333333333334,11.999999999999998,4,6,Medium
14.2,14,2,92,Chris Woakes,All-Rounders,Kieron Pollard,All-Rounders,4,False,-2.0,7,Mumbai,Wankhede Stadium,Medium,False,True,86,14,14.333333333333334,113,7.883720930232558,20,179,66,5.666666666666666,11.647058823529411,4,6,Medium
14.3,14,3,93,Chris Woakes,All-Rounders,Kieron Pollard,All-Rounders,1,False,-0.5,7,Mumbai,Wankhede Stadium,Medium,False,True,87,14,14.5,114,7.862068965517241,20,179,65,5.5,11.818181818181818,4,6,Medium
14.4,14,4,94,Chris Woakes,All-Rounders,Nitish Rana,Batters,0,False,1.0,7,Mumbai,Wankhede Stadium,Medium,False,True,88,14,14.666666666666666,114,7.772727272727273,20,179,65,5.333333333333334,12.187499999999998,4,6,Medium
14.5,14,5,95,Chris Woakes,All-Rounders,Nitish Rana,Batters,1,False,-0.5,7,Mumbai,Wankhede Stadium,Medium,False,True,89,14,14.833333333333334,115,7.752808988764045,20,179,64,5.166666666666666,12.38709677419355,4,6,Medium
14.6,14,6,96,Chris Woakes,All-Rounders,Kieron Pollard,All-Rounders,0,False,1.0,7,Mumbai,Wankhede Stadium,Medium,False,True,90,14,15.0,115,7.666666666666667,20,179,64,5.0,12.8,4,6,Medium
15.1,15,1,97,Sunil Narine,All-Rounders,Nitish Rana,Batters,1,False,-0.5,7,Mumbai,Wankhede Stadium,Medium,False,True,91,15,15.166666666666666,116,7.648351648351649,20,179,63,4.833333333333334,13.034482758620689,4,6,Medium
15.2,15,2,98,Sunil Narine,All-Rounders,Kieron Pollard,All-Rounders,1,False,-0.5,7,Mumbai,Wankhede Stadium,Medium,False,True,92,15,15.333333333333334,117,7.630434782608695,20,179,62,4.666666666666666,13.285714285714288,4,6,Medium
15.3,15,3,99,Sunil Narine,All-Rounders,Nitish Rana,Batters,1,False,-0.5,7,Mumbai,Wankhede Stadium,Medium,False,True,93,15,15.5,118,7.612903225806452,20,179,61,4.5,13.555555555555555,4,6,Medium
15.4,15,4,100,Sunil Narine,All-Rounders,Kieron Pollard,All-Rounders,0,False,1.0,7,Mumbai,Wankhede Stadium,Medium,False,True,94,15,15.666666666666666,118,7.531914893617022,20,179,61,4.333333333333334,14.076923076923077,4,6,Medium
15.5,15,5,101,Sunil Narine,All-Rounders,Kieron Pollard,All-Rounders,1,False,-0.5,7,Mumbai,Wankhede Stadium,Medium,False,True,95,15,15.833333333333334,119,7.51578947368421,20,179,60,4.166666666666666,14.400000000000002,4,6,Medium
15.6,15,6,102,Sunil Narine,All-Rounders,Nitish Rana,Batters,0,False,1.0,7,Mumbai,Wankhede Stadium,Medium,False,True,96,15,16.0,119,7.4375,20,179,60,4.0,15.0,4,6,Medium
16.1,16,1,103,Chris Woakes,All-Rounders,Kieron Pollard,All-Rounders,0,True,5.0,7,Mumbai,Wankhede Stadium,Medium,False,True,97,16,16.166666666666668,119,7.360824742268041,20,179,60,3.833333333333332,15.652173913043484,5,5,Medium
16.2,16,2,104,Chris Woakes,All-Rounders,Nitish Rana,Batters,1,False,-0.5,7,Mumbai,Wankhede Stadium,Medium,False,True,98,16,16.333333333333332,120,7.346938775510204,20,179,59,3.666666666666668,16.090909090909086,5,5,Medium
16.3,16,3,105,Chris Woakes,All-Rounders,Hardik Pandya,All-Rounders,1,False,-0.5,7,Mumbai,Wankhede Stadium,Medium,False,True,99,16,16.5,121,7.333333333333333,20,179,58,3.5,16.571428571428573,5,5,Medium
16.4,16,4,106,Chris Woakes,All-Rounders,Nitish Rana,Batters,4,False,-2.0,7,Mumbai,Wankhede Stadium,Medium,False,True,100,16,16.666666666666668,125,7.499999999999999,20,179,54,3.333333333333332,16.200000000000006,5,5,Medium
16.5,16,5,107,Chris Woakes,All-Rounders,Nitish Rana,Batters,1,False,-0.5,7,Mumbai,Wankhede Stadium,Medium,False,True,101,16,16.833333333333332,126,7.485148514851486,20,179,53,3.166666666666668,16.73684210526315,5,5,Medium
16.6,16,6,108,Chris Woakes,All-Rounders,Hardik Pandya,All-Rounders,4,False,-2.0,7,Mumbai,Wankhede Stadium,Medium,False,True,102,16,17.0,130,7.647058823529412,20,179,49,3.0,16.333333333333332,5,5,Medium
17.1,17,1,109,Trent Boult,Bowlers,Nitish Rana,Batters,1,False,-0.25,7,Mumbai,Wankhede Stadium,Medium,False,True,103,17,17.166666666666668,131,7.631067961165048,20,179,48,2.833333333333332,16.941176470588243,5,5,Medium
17.2,17,2,110,Trent Boult,Bowlers,Hardik Pandya,All-Rounders,1,False,-0.5,7,Mumbai,Wankhede Stadium,Medium,False,True,104,17,17.333333333333332,132,7.615384615384616,20,179,47,2.666666666666668,17.624999999999993,5,5,Medium
17.3,17,3,111,Trent Boult,Bowlers,Nitish Rana,Batters,4,False,-2.0,7,Mumbai,Wankhede Stadium,Medium,False,True,105,17,17.5,136,7.771428571428571,20,179,43,2.5,17.2,5,5,Medium
17.4,17,4,112,Trent Boult,Bowlers,Nitish Rana,Batters,6,False,-3.0,7,Mumbai,Wankhede Stadium,Medium,False,True,106,17,17.666666666666668,142,8.037735849056602,20,179,37,2.333333333333332,15.857142857142865,5,5,Medium
17.5,17,5,113,Trent Boult,Bowlers,Nitish Rana,Batters,1,False,-0.5,7,Mumbai,Wankhede Stadium,Medium,False,True,107,17,17.833333333333332,143,8.018691588785048,20,179,36,2.166666666666668,16.615384615384606,5,5,Medium
17.6,17,6,114,Trent Boult,Bowlers,Hardik Pandya,All-Rounders,6,False,-3.0,7,Mumbai,Wankhede Stadium,Medium,False,True,108,17,18.0,149,8.277777777777779,20,179,30,2.0,15.0,5,5,Medium
18.1,18,1,115,Ankit Rajpoot,Bowlers,Nitish Rana,Batters,6,False,-3.0,7,Mumbai,Wankhede Stadium,Medium,False,True,109,18,18.166666666666668,155,8.53211009174312,20,179,24,1.833333333333332,13.0909090909091,5,5,Medium
18.2,18,2,116,Ankit Rajpoot,Bowlers,Nitish Rana,Batters,4,False,-2.0,7,Mumbai,Wankhede Stadium,Medium,False,True,110,18,18.33333333333333,159,8.672727272727274,20,179,20,1.666666666666668,11.999999999999991,5,5,Medium
18.3,18,3,117,Ankit Rajpoot,Bowlers,Nitish Rana,Batters,1,False,-1.0,7,Mumbai,Wankhede Stadium,Medium,True,False,110,18,18.33333333333333,160,8.727272727272728,20,179,19,1.666666666666668,11.399999999999991,5,5,Medium
18.3,18,3,118,Ankit Rajpoot,Bowlers,Nitish Rana,Batters,0,True,5.0,7,Mumbai,Wankhede Stadium,Medium,False,True,111,18,18.5,160,8.64864864864865,20,179,19,1.5,12.666666666666666,6,4,Medium
18.4,18,4,119,Ankit Rajpoot,Bowlers,Harbhajan Singh,Bowlers,1,False,-0.5,7,Mumbai,Wankhede Stadium,Medium,False,True,112,18,18.666666666666668,161,8.625,20,179,18,1.333333333333332,13.500000000000012,6,4,Medium
18.5,18,5,120,Ankit Rajpoot,Bowlers,Hardik Pandya,All-Rounders,6,False,-3.0,7,Mumbai,Wankhede Stadium,Medium,False,True,113,18,18.83333333333333,167,8.867256637168142,20,179,12,1.166666666666668,10.285714285714276,6,4,Medium
18.6,18,6,121,Ankit Rajpoot,Bowlers,Hardik Pandya,All-Rounders,1,False,-0.5,7,Mumbai,Wankhede Stadium,Medium,False,True,114,18,19.0,168,8.842105263157896,20,179,11,1.0,11.0,6,4,Medium
19.1,19,1,122,Trent Boult,Bowlers,Hardik Pandya,All-Rounders,2,False,-0.25,7,Mumbai,Wankhede Stadium,Medium,False,True,115,19,19.166666666666668,170,8.869565217391305,20,179,9,0.8333333333333321,10.800000000000017,6,4,Medium
19.2,19,2,123,Trent Boult,Bowlers,Hardik Pandya,All-Rounders,4,False,-2.0,7,Mumbai,Wankhede Stadium,Medium,False,True,116,19,19.33333333333333,174,9.0,20,179,5,0.6666666666666679,7.499999999999987,6,4,Medium
19.3,19,3,124,Trent Boult,Bowlers,Hardik Pandya,All-Rounders,0,False,1.0,7,Mumbai,Wankhede Stadium,Medium,False,True,117,19,19.5,174,8.923076923076923,20,179,5,0.5,10.0,6,4,Medium
19.4,19,4,125,Trent Boult,Bowlers,Hardik Pandya,All-Rounders,2,False,-1.0,7,Mumbai,Wankhede Stadium,Medium,False,True,118,19,19.666666666666668,176,8.94915254237288,20,179,3,0.3333333333333321,9.000000000000032,6,4,Medium
19.5,19,5,126,Trent Boult,Bowlers,Hardik Pandya,All-Rounders,4,False,-2.0,7,Mumbai,Wankhede Stadium,Medium,False,True,119,19,19.83333333333333,180,9.07563025210084,20,179,0,0.1666666666666678,0.0,6,4,Medium
