Ball Number,over,ball,Ball,bowler,bowler_role,batsman,batsman_role,Runs,is_wicket,bowler_score,match_id,city,stadium,Stadium_Type,is_extra,legal_delivery,legal_deliveries_count,overs_completed,overs_bowled,total_runs,current_run_rate,total_overs,target,runs_needed,overs_remaining,required_run_rate,wickets_fallen,wickets_in_hand,Ground_Type
0.1,0,1,1,Nathan Coulter-Nile,All-Rounders,Murali Vijay,Batters,0,False,1.0,10,Pune,Maharashtra Cricket Association Stadium,Medium,False,True,1,0,0.1666666666666666,0,0.0,20,166,166,19.83333333333333,8.369747899159664,0,10,Medium
0.2,0,2,2,Nathan Coulter-Nile,All-Rounders,Murali Vijay,Batters,0,False,1.0,10,Pune,Maharashtra Cricket Association Stadium,Medium,False,True,2,0,0.3333333333333333,0,0.0,20,166,166,19.666666666666668,8.440677966101694,0,10,Medium
0.3,0,3,3,Nathan Coulter-Nile,All-Rounders,Murali Vijay,Batters,0,False,1.0,10,Pune,Maharashtra Cricket Association Stadium,Medium,False,True,3,0,0.5,0,0.0,20,166,166,19.5,8.512820512820513,0,10,Medium
0.4,0,4,4,Nathan Coulter-Nile,All-Rounders,Murali Vijay,Batters,0,False,1.0,10,Pune,Maharashtra Cricket Association Stadium,Medium,False,True,4,0,0.6666666666666666,0,0.0,20,166,166,19.33333333333333,8.586206896551724,0,10,Medium
0.5,0,5,5,Nathan Coulter-Nile,All-Rounders,Murali Vijay,Batters,1,False,-0.5,10,Pune,Maharashtra Cricket Association Stadium,Medium,False,True,5,0,0.8333333333333334,1,1.2,20,166,165,19.166666666666668,8.608695652173912,0,10,Medium
0.6,0,6,6,Nathan Coulter-Nile,All-Rounders,Virender Sehwag,Batters,0,False,1.0,10,Pune,Maharashtra Cricket Association Stadium,Medium,False,True,6,0,1.0,1,1.0,20,166,165,19.0,8.68421052631579,0,10,Medium
1.1,1,1,7,Domnic Muthuswami,,Murali Vijay,Batters,0,False,1.0,10,Pune,Maharashtra Cricket Association Stadium,Medium,False,True,7,1,1.1666666666666667,1,0.8571428571428571,20,166,165,18.83333333333333,8.761061946902656,0,10,Medium
1.2,1,2,8,Domnic Muthuswami,,Murali Vijay,Batters,4,False,-2.0,10,Pune,Maharashtra Cricket Association Stadium,Medium,False,True,8,1,1.3333333333333333,5,3.75,20,166,161,18.666666666666668,8.625,0,10,Medium
1.3,1,3,9,Domnic Muthuswami,,Murali Vijay,Batters,0,False,1.0,10,Pune,Maharashtra Cricket Association Stadium,Medium,False,True,9,1,1.5,5,3.333333333333333,20,166,161,18.5,8.702702702702704,0,10,Medium
1.4,1,4,10,Domnic Muthuswami,,Murali Vijay,Batters,0,False,1.0,10,Pune,Maharashtra Cricket Association Stadium,Medium,False,True,10,1,1.6666666666666663,5,3.0000000000000004,20,166,161,18.33333333333333,8.781818181818183,0,10,Medium
1.5,1,5,11,Domnic Muthuswami,,Murali Vijay,Batters,0,False,1.0,10,Pune,Maharashtra Cricket Association Stadium,Medium,False,True,11,1,1.8333333333333333,5,2.727272727272727,20,166,161,18.166666666666668,8.862385321100916,0,10,Medium
1.6,1,6,12,Domnic Muthuswami,,Murali Vijay,Batters,6,False,-3.0,10,Pune,Maharashtra Cricket Association Stadium,Medium,False,True,12,1,2.0,11,5.5,20,166,155,18.0,8.61111111111111,0,10,Medium
2.1,2,1,13,Nathan Coulter-Nile,All-Rounders,Virender Sehwag,Batters,0,False,1.0,10,Pune,Maharashtra Cricket Association Stadium,Medium,False,True,13,2,2.1666666666666665,11,5.0769230769230775,20,166,155,17.833333333333332,8.69158878504673,0,10,Medium
2.2,2,2,14,Nathan Coulter-Nile,All-Rounders,Virender Sehwag,Batters,0,False,1.0,10,Pune,Maharashtra Cricket Association Stadium,Medium,False,True,14,2,2.333333333333333,11,4.714285714285714,20,166,155,17.666666666666668,8.773584905660377,0,10,Medium
2.3,2,3,15,Nathan Coulter-Nile,All-Rounders,Virender Sehwag,Batters,1,False,-1.0,10,Pune,Maharashtra Cricket Association Stadium,Medium,True,False,14,2,2.333333333333333,12,5.142857142857142,20,166,154,17.666666666666668,8.716981132075471,0,10,Medium
2.3,2,3,16,Nathan Coulter-Nile,All-Rounders,Virender Sehwag,Batters,0,False,1.0,10,Pune,Maharashtra Cricket Association Stadium,Medium,False,True,15,2,2.5,12,4.8,20,166,154,17.5,8.8,0,10,Medium
2.4,2,4,17,Nathan Coulter-Nile,All-Rounders,Virender Sehwag,Batters,0,False,1.0,10,Pune,Maharashtra Cricket Association Stadium,Medium,False,True,16,2,2.6666666666666665,12,4.5,20,166,154,17.333333333333332,8.884615384615385,0,10,Medium
2.5,2,5,18,Nathan Coulter-Nile,All-Rounders,Virender Sehwag,Batters,0,False,1.0,10,Pune,Maharashtra Cricket Association Stadium,Medium,False,True,17,2,2.833333333333333,12,4.235294117647059,20,166,154,17.166666666666668,8.970873786407767,0,10,Medium
2.6,2,6,19,Nathan Coulter-Nile,All-Rounders,Virender Sehwag,Batters,4,False,-2.0,10,Pune,Maharashtra Cricket Association Stadium,Medium,False,True,18,2,3.0,16,5.333333333333333,20,166,150,17.0,8.823529411764707,0,10,Medium
3.1,3,1,20,Domnic Muthuswami,,Murali Vijay,Batters,2,False,-1.0,10,Pune,Maharashtra Cricket Association Stadium,Medium,False,True,19,3,3.1666666666666665,18,5.684210526315789,20,166,148,16.833333333333332,8.792079207920793,0,10,Medium
3.2,3,2,21,Domnic Muthuswami,,Murali Vijay,Batters,1,False,-0.5,10,Pune,Maharashtra Cricket Association Stadium,Medium,False,True,20,3,3.333333333333333,19,5.7,20,166,147,16.666666666666668,8.819999999999999,0,10,Medium
3.3,3,3,22,Domnic Muthuswami,,Virender Sehwag,Batters,1,False,-0.5,10,Pune,Maharashtra Cricket Association Stadium,Medium,False,True,21,3,3.5,20,5.714285714285714,20,166,146,16.5,8.848484848484848,0,10,Medium
3.4,3,4,23,Domnic Muthuswami,,Murali Vijay,Batters,2,False,-0.25,10,Pune,Maharashtra Cricket Association Stadium,Medium,False,True,22,3,3.6666666666666665,22,6.0,20,166,144,16.333333333333332,8.816326530612246,0,10,Medium
3.5,3,5,24,Domnic Muthuswami,,Murali Vijay,Batters,1,False,-0.5,10,Pune,Maharashtra Cricket Association Stadium,Medium,False,True,23,3,3.8333333333333335,23,6.0,20,166,143,16.166666666666668,8.845360824742267,0,10,Medium
3.6,3,6,25,Domnic Muthuswami,,Virender Sehwag,Batters,1,False,-0.5,10,Pune,Maharashtra Cricket Association Stadium,Medium,False,True,24,3,4.0,24,6.0,20,166,142,16.0,8.875,0,10,Medium
4.1,4,1,26,Angelo Mathews,All-Rounders,Virender Sehwag,Batters,4,False,-2.0,10,Pune,Maharashtra Cricket Association Stadium,Medium,False,True,25,4,4.166666666666667,28,6.72,20,166,138,15.833333333333332,8.715789473684211,0,10,Medium
4.2,4,2,27,Angelo Mathews,All-Rounders,Virender Sehwag,Batters,0,False,1.0,10,Pune,Maharashtra Cricket Association Stadium,Medium,False,True,26,4,4.333333333333333,28,6.461538461538462,20,166,138,15.666666666666668,8.808510638297872,0,10,Medium
4.3,4,3,28,Angelo Mathews,All-Rounders,Virender Sehwag,Batters,1,False,-0.5,10,Pune,Maharashtra Cricket Association Stadium,Medium,False,True,27,4,4.5,29,6.444444444444445,20,166,137,15.5,8.838709677419354,0,10,Medium
4.4,4,4,29,Angelo Mathews,All-Rounders,Murali Vijay,Batters,4,False,-2.0,10,Pune,Maharashtra Cricket Association Stadium,Medium,False,True,28,4,4.666666666666667,33,7.071428571428571,20,166,133,15.333333333333332,8.673913043478262,0,10,Medium
4.5,4,5,30,Angelo Mathews,All-Rounders,Murali Vijay,Batters,0,False,1.0,10,Pune,Maharashtra Cricket Association Stadium,Medium,False,True,29,4,4.833333333333333,33,6.8275862068965525,20,166,133,15.166666666666668,8.769230769230768,0,10,Medium
4.6,4,6,31,Angelo Mathews,All-Rounders,Murali Vijay,Batters,0,True,5.0,10,Pune,Maharashtra Cricket Association Stadium,Medium,False,True,30,4,5.0,33,6.6,20,166,133,15.0,8.866666666666667,1,9,Medium
5.1,5,1,32,Domnic Muthuswami,,Wriddhiman Saha,Batters,0,False,1.0,10,Pune,Maharashtra Cricket Association Stadium,Medium,False,True,31,5,5.166666666666667,33,6.387096774193548,20,166,133,14.833333333333332,8.96629213483146,1,9,Medium
5.2,5,2,33,Domnic Muthuswami,,Wriddhiman Saha,Batters,0,False,1.0,10,Pune,Maharashtra Cricket Association Stadium,Medium,False,True,32,5,5.333333333333333,33,6.1875,20,166,133,14.666666666666668,9.068181818181817,1,9,Medium
5.3,5,3,34,Domnic Muthuswami,,Wriddhiman Saha,Batters,0,False,1.0,10,Pune,Maharashtra Cricket Association Stadium,Medium,False,True,33,5,5.5,33,6.0,20,166,133,14.5,9.172413793103448,1,9,Medium
5.4,5,4,35,Domnic Muthuswami,,Wriddhiman Saha,Batters,1,False,-0.5,10,Pune,Maharashtra Cricket Association Stadium,Medium,False,True,34,5,5.666666666666667,34,6.0,20,166,132,14.333333333333332,9.209302325581396,1,9,Medium
5.5,5,5,36,Domnic Muthuswami,,Virender Sehwag,Batters,1,False,-0.5,10,Pune,Maharashtra Cricket Association Stadium,Medium,False,True,35,5,5.833333333333333,35,6.0,20,166,131,14.166666666666668,9.24705882352941,1,9,Medium
5.6,5,6,37,Domnic Muthuswami,,Wriddhiman Saha,Batters,6,False,-3.0,10,Pune,Maharashtra Cricket Association Stadium,Medium,False,True,36,5,6.0,41,6.833333333333333,20,166,125,14.0,8.928571428571429,1,9,Medium
6.1,6,1,38,Angelo Mathews,All-Rounders,Virender Sehwag,Batters,0,False,1.0,10,Pune,Maharashtra Cricket Association Stadium,Medium,False,True,37,6,6.166666666666667,41,6.648648648648648,20,166,125,13.833333333333332,9.036144578313252,1,9,Medium
6.2,6,2,39,Angelo Mathews,All-Rounders,Virender Sehwag,Batters,0,False,1.0,10,Pune,Maharashtra Cricket Association Stadium,Medium,False,True,38,6,6.333333333333333,41,6.473684210526316,20,166,125,13.666666666666668,9.146341463414632,1,9,Medium
6.3,6,3,40,Angelo Mathews,All-Rounders,Virender Sehwag,Batters,1,False,-0.5,10,Pune,Maharashtra Cricket Association Stadium,Medium,False,True,39,6,6.5,42,6.461538461538462,20,166,124,13.5,9.185185185185183,1,9,Medium
6.4,6,4,41,Angelo Mathews,All-Rounders,Wriddhiman Saha,Batters,1,False,-1.0,10,Pune,Maharashtra Cricket Association Stadium,Medium,True,False,39,6,6.5,43,6.615384615384615,20,166,123,13.5,9.11111111111111,1,9,Medium
6.4,6,4,42,Angelo Mathews,All-Rounders,Wriddhiman Saha,Batters,0,False,1.0,10,Pune,Maharashtra Cricket Association Stadium,Medium,False,True,40,6,6.666666666666667,43,6.449999999999999,20,166,123,13.333333333333332,9.225,1,9,Medium
6.5,6,5,43,Angelo Mathews,All-Rounders,Wriddhiman Saha,Batters,1,False,-0.5,10,Pune,Maharashtra Cricket Association Stadium,Medium,False,True,41,6,6.833333333333333,44,6.439024390243903,20,166,122,13.166666666666668,9.265822784810126,1,9,Medium
6.6,6,6,44,,,,,0,False,0.0,10,Pune,Maharashtra Cricket Association Stadium,Medium,False,True,42,6,7.0,44,6.285714285714286,20,166,122,13.0,9.384615384615383,1,9,Medium
7.1,7,1,45,Amit Mishra,Bowlers,Virender Sehwag,Batters,1,False,-0.5,10,Pune,Maharashtra Cricket Association Stadium,Medium,False,True,43,7,7.166666666666667,45,6.27906976744186,20,166,121,12.833333333333332,9.428571428571429,1,9,Medium
7.2,7,2,46,Amit Mishra,Bowlers,Wriddhiman Saha,Batters,1,False,-0.5,10,Pune,Maharashtra Cricket Association Stadium,Medium,False,True,44,7,7.333333333333333,46,6.272727272727273,20,166,120,12.666666666666668,9.473684210526317,1,9,Medium
7.3,7,3,47,Amit Mishra,Bowlers,Virender Sehwag,Batters,1,False,-1.0,10,Pune,Maharashtra Cricket Association Stadium,Medium,True,False,44,7,7.333333333333333,47,6.409090909090909,20,166,119,12.666666666666668,9.394736842105262,1,9,Medium
7.3,7,3,48,Amit Mishra,Bowlers,Virender Sehwag,Batters,1,False,-0.5,10,Pune,Maharashtra Cricket Association Stadium,Medium,False,True,45,7,7.5,48,6.4,20,166,118,12.5,9.44,1,9,Medium
7.4,7,4,49,Amit Mishra,Bowlers,Wriddhiman Saha,Batters,2,False,-1.0,10,Pune,Maharashtra Cricket Association Stadium,Medium,False,True,46,7,7.666666666666667,50,6.521739130434782,20,166,116,12.333333333333332,9.405405405405409,1,9,Medium
7.5,7,5,50,Amit Mishra,Bowlers,Wriddhiman Saha,Batters,1,False,-0.5,10,Pune,Maharashtra Cricket Association Stadium,Medium,False,True,47,7,7.833333333333333,51,6.51063829787234,20,166,115,12.166666666666668,9.452054794520548,1,9,Medium
7.6,7,6,51,Amit Mishra,Bowlers,Virender Sehwag,Batters,0,False,1.0,10,Pune,Maharashtra Cricket Association Stadium,Medium,False,True,48,7,8.0,51,6.375,20,166,115,12.0,9.583333333333334,1,9,Medium
8.1,8,1,52,Imran Tahir,Bowlers,Wriddhiman Saha,Batters,2,False,-1.0,10,Pune,Maharashtra Cricket Association Stadium,Medium,False,True,49,8,8.166666666666666,53,6.489795918367348,20,166,113,11.833333333333334,9.549295774647886,1,9,Medium
8.2,8,2,53,Imran Tahir,Bowlers,Wriddhiman Saha,Batters,1,False,-0.5,10,Pune,Maharashtra Cricket Association Stadium,Medium,False,True,50,8,8.333333333333334,54,6.48,20,166,112,11.666666666666666,9.6,1,9,Medium
8.3,8,3,54,Imran Tahir,Bowlers,Virender Sehwag,Batters,6,False,-3.0,10,Pune,Maharashtra Cricket Association Stadium,Medium,False,True,51,8,8.5,60,7.0588235294117645,20,166,106,11.5,9.217391304347826,1,9,Medium
8.4,8,4,55,Imran Tahir,Bowlers,Virender Sehwag,Batters,4,False,-2.0,10,Pune,Maharashtra Cricket Association Stadium,Medium,False,True,52,8,8.666666666666666,64,7.384615384615385,20,166,102,11.333333333333334,9.0,1,9,Medium
8.5,8,5,56,Imran Tahir,Bowlers,Virender Sehwag,Batters,4,False,-2.0,10,Pune,Maharashtra Cricket Association Stadium,Medium,False,True,53,8,8.833333333333334,68,7.698113207547169,20,166,98,11.166666666666666,8.776119402985076,1,9,Medium
8.6,8,6,57,Imran Tahir,Bowlers,Virender Sehwag,Batters,1,False,-0.5,10,Pune,Maharashtra Cricket Association Stadium,Medium,False,True,54,8,9.0,69,7.666666666666667,20,166,97,11.0,8.818181818181818,1,9,Medium
9.1,9,1,58,Amit Mishra,Bowlers,Virender Sehwag,Batters,0,False,1.0,10,Pune,Maharashtra Cricket Association Stadium,Medium,False,True,55,9,9.166666666666666,69,7.527272727272727,20,166,97,10.833333333333334,8.953846153846154,1,9,Medium
9.2,9,2,59,Amit Mishra,Bowlers,Virender Sehwag,Batters,1,False,-0.5,10,Pune,Maharashtra Cricket Association Stadium,Medium,False,True,56,9,9.333333333333334,70,7.499999999999999,20,166,96,10.666666666666666,9.0,1,9,Medium
9.3,9,3,60,Amit Mishra,Bowlers,Wriddhiman Saha,Batters,0,False,1.0,10,Pune,Maharashtra Cricket Association Stadium,Medium,False,True,57,9,9.5,70,7.368421052631579,20,166,96,10.5,9.142857142857142,1,9,Medium
9.4,9,4,61,Amit Mishra,Bowlers,Wriddhiman Saha,Batters,1,False,-0.5,10,Pune,Maharashtra Cricket Association Stadium,Medium,False,True,58,9,9.666666666666666,71,7.344827586206897,20,166,95,10.333333333333334,9.193548387096774,1,9,Medium
9.5,9,5,62,Amit Mishra,Bowlers,Virender Sehwag,Batters,1,False,-0.5,10,Pune,Maharashtra Cricket Association Stadium,Medium,False,True,59,9,9.833333333333334,72,7.322033898305084,20,166,94,10.166666666666666,9.245901639344265,1,9,Medium
9.6,9,6,63,Amit Mishra,Bowlers,Wriddhiman Saha,Batters,0,False,1.0,10,Pune,Maharashtra Cricket Association Stadium,Medium,False,True,60,9,10.0,72,7.2,20,166,94,10.0,9.4,1,9,Medium
10.1,10,1,64,Angelo Mathews,All-Rounders,Virender Sehwag,Batters,1,False,-0.5,10,Pune,Maharashtra Cricket Association Stadium,Medium,False,True,61,10,10.166666666666666,73,7.180327868852459,20,166,93,9.833333333333334,9.457627118644067,1,9,Medium
10.2,10,2,65,Angelo Mathews,All-Rounders,Wriddhiman Saha,Batters,1,False,-0.5,10,Pune,Maharashtra Cricket Association Stadium,Medium,False,True,62,10,10.333333333333334,74,7.161290322580645,20,166,92,9.666666666666666,9.517241379310343,1,9,Medium
10.3,10,3,66,Angelo Mathews,All-Rounders,Virender Sehwag,Batters,1,False,-0.5,10,Pune,Maharashtra Cricket Association Stadium,Medium,False,True,63,10,10.5,75,7.142857142857143,20,166,91,9.5,9.578947368421051,1,9,Medium
10.4,10,4,67,Angelo Mathews,All-Rounders,Wriddhiman Saha,Batters,6,False,-3.0,10,Pune,Maharashtra Cricket Association Stadium,Medium,False,True,64,10,10.666666666666666,81,7.59375,20,166,85,9.333333333333334,9.107142857142856,1,9,Medium
10.5,10,5,68,Angelo Mathews,All-Rounders,Wriddhiman Saha,Batters,0,False,1.0,10,Pune,Maharashtra Cricket Association Stadium,Medium,False,True,65,10,10.833333333333334,81,7.476923076923076,20,166,85,9.166666666666666,9.272727272727272,1,9,Medium
10.6,10,6,69,Angelo Mathews,All-Rounders,Wriddhiman Saha,Batters,1,False,-0.5,10,Pune,Maharashtra Cricket Association Stadium,Medium,False,True,66,10,11.0,82,7.454545454545454,20,166,84,9.0,9.333333333333334,1,9,Medium
11.1,11,1,70,Yuvraj Singh,,Wriddhiman Saha,Batters,2,False,-1.0,10,Pune,Maharashtra Cricket Association Stadium,Medium,False,True,67,11,11.166666666666666,84,7.522388059701493,20,166,82,8.833333333333334,9.283018867924527,1,9,Medium
11.2,11,2,71,Yuvraj Singh,,Wriddhiman Saha,Batters,2,False,-1.0,10,Pune,Maharashtra Cricket Association Stadium,Medium,False,True,68,11,11.333333333333334,86,7.588235294117647,20,166,80,8.666666666666666,9.230769230769232,1,9,Medium
11.3,11,3,72,Yuvraj Singh,,Wriddhiman Saha,Batters,1,False,-0.5,10,Pune,Maharashtra Cricket Association Stadium,Medium,False,True,69,11,11.5,87,7.565217391304348,20,166,79,8.5,9.294117647058824,1,9,Medium
11.4,11,4,73,Yuvraj Singh,,Virender Sehwag,Batters,1,False,-0.5,10,Pune,Maharashtra Cricket Association Stadium,Medium,False,True,70,11,11.666666666666666,88,7.542857142857144,20,166,78,8.333333333333334,9.36,1,9,Medium
11.5,11,5,74,Yuvraj Singh,,Wriddhiman Saha,Batters,1,False,-1.0,10,Pune,Maharashtra Cricket Association Stadium,Medium,True,False,70,11,11.666666666666666,89,7.628571428571429,20,166,77,8.333333333333334,9.24,1,9,Medium
11.5,11,5,75,Yuvraj Singh,,Wriddhiman Saha,Batters,1,False,-0.5,10,Pune,Maharashtra Cricket Association Stadium,Medium,False,True,71,11,11.833333333333334,90,7.605633802816901,20,166,76,8.166666666666666,9.306122448979592,1,9,Medium
11.6,11,6,76,Yuvraj Singh,,Virender Sehwag,Batters,1,False,-0.5,10,Pune,Maharashtra Cricket Association Stadium,Medium,False,True,72,11,12.0,91,7.583333333333333,20,166,75,8.0,9.375,1,9,Medium
12.1,12,1,77,Nathan Coulter-Nile,All-Rounders,Virender Sehwag,Batters,0,False,1.0,10,Pune,Maharashtra Cricket Association Stadium,Medium,False,True,73,12,12.166666666666666,91,7.479452054794521,20,166,75,7.833333333333334,9.574468085106382,1,9,Medium
12.2,12,2,78,Nathan Coulter-Nile,All-Rounders,Virender Sehwag,Batters,0,False,1.0,10,Pune,Maharashtra Cricket Association Stadium,Medium,False,True,74,12,12.333333333333334,91,7.378378378378378,20,166,75,7.666666666666666,9.782608695652174,1,9,Medium
12.3,12,3,79,Nathan Coulter-Nile,All-Rounders,Virender Sehwag,Batters,1,False,-0.5,10,Pune,Maharashtra Cricket Association Stadium,Medium,False,True,75,12,12.5,92,7.36,20,166,74,7.5,9.866666666666667,1,9,Medium
12.4,12,4,80,Nathan Coulter-Nile,All-Rounders,Wriddhiman Saha,Batters,6,False,-3.0,10,Pune,Maharashtra Cricket Association Stadium,Medium,False,True,76,12,12.666666666666666,98,7.736842105263158,20,166,68,7.333333333333334,9.272727272727272,1,9,Medium
12.5,12,5,81,Nathan Coulter-Nile,All-Rounders,Wriddhiman Saha,Batters,1,False,-0.5,10,Pune,Maharashtra Cricket Association Stadium,Medium,False,True,77,12,12.833333333333334,99,7.7142857142857135,20,166,67,7.166666666666666,9.348837209302326,1,9,Medium
12.6,12,6,82,Nathan Coulter-Nile,All-Rounders,Virender Sehwag,Batters,0,False,1.0,10,Pune,Maharashtra Cricket Association Stadium,Medium,False,True,78,12,13.0,99,7.615384615384615,20,166,67,7.0,9.571428571428571,1,9,Medium
13.1,13,1,83,Amit Mishra,Bowlers,Wriddhiman Saha,Batters,1,False,-0.5,10,Pune,Maharashtra Cricket Association Stadium,Medium,False,True,79,13,13.166666666666666,100,7.59493670886076,20,166,66,6.833333333333334,9.658536585365852,1,9,Medium
13.2,13,2,84,Amit Mishra,Bowlers,Virender Sehwag,Batters,1,False,-0.5,10,Pune,Maharashtra Cricket Association Stadium,Medium,False,True,80,13,13.333333333333334,101,7.574999999999999,20,166,65,6.666666666666666,9.75,1,9,Medium
13.3,13,3,85,Amit Mishra,Bowlers,Wriddhiman Saha,Batters,1,False,-0.5,10,Pune,Maharashtra Cricket Association Stadium,Medium,False,True,81,13,13.5,102,7.555555555555555,20,166,64,6.5,9.846153846153848,1,9,Medium
13.4,13,4,86,Amit Mishra,Bowlers,Virender Sehwag,Batters,1,False,-0.5,10,Pune,Maharashtra Cricket Association Stadium,Medium,False,True,82,13,13.666666666666666,103,7.536585365853659,20,166,63,6.333333333333334,9.94736842105263,1,9,Medium
13.5,13,5,87,Amit Mishra,Bowlers,Wriddhiman Saha,Batters,0,True,5.0,10,Pune,Maharashtra Cricket Association Stadium,Medium,False,True,83,13,13.833333333333334,103,7.44578313253012,20,166,63,6.166666666666666,10.216216216216218,2,8,Medium
13.6,13,6,88,Amit Mishra,Bowlers,David Miller,Batters,1,False,-0.5,10,Pune,Maharashtra Cricket Association Stadium,Medium,False,True,84,13,14.0,104,7.428571428571429,20,166,62,6.0,10.333333333333334,2,8,Medium
14.1,14,1,89,Jean-Paul Duminy,All-Rounders,David Miller,Batters,1,False,-0.5,10,Pune,Maharashtra Cricket Association Stadium,Medium,False,True,85,14,14.166666666666666,105,7.411764705882353,20,166,61,5.833333333333334,10.457142857142856,2,8,Medium
14.2,14,2,90,Jean-Paul Duminy,All-Rounders,Virender Sehwag,Batters,1,False,-0.5,10,Pune,Maharashtra Cricket Association Stadium,Medium,False,True,86,14,14.333333333333334,106,7.395348837209302,20,166,60,5.666666666666666,10.588235294117649,2,8,Medium
14.3,14,3,91,Jean-Paul Duminy,All-Rounders,David Miller,Batters,1,False,-0.5,10,Pune,Maharashtra Cricket Association Stadium,Medium,False,True,87,14,14.5,107,7.379310344827586,20,166,59,5.5,10.727272727272728,2,8,Medium
14.4,14,4,92,Jean-Paul Duminy,All-Rounders,Virender Sehwag,Batters,1,False,-1.0,10,Pune,Maharashtra Cricket Association Stadium,Medium,True,False,87,14,14.5,108,7.448275862068965,20,166,58,5.5,10.545454545454543,2,8,Medium
14.4,14,4,93,Jean-Paul Duminy,All-Rounders,Virender Sehwag,Batters,0,False,1.0,10,Pune,Maharashtra Cricket Association Stadium,Medium,False,True,88,14,14.666666666666666,108,7.363636363636364,20,166,58,5.333333333333334,10.874999999999998,2,8,Medium
14.5,14,5,94,Jean-Paul Duminy,All-Rounders,Virender Sehwag,Batters,6,False,-3.0,10,Pune,Maharashtra Cricket Association Stadium,Medium,False,True,89,14,14.833333333333334,114,7.685393258426966,20,166,52,5.166666666666666,10.06451612903226,2,8,Medium
14.6,14,6,95,Jean-Paul Duminy,All-Rounders,Virender Sehwag,Batters,0,True,5.0,10,Pune,Maharashtra Cricket Association Stadium,Medium,False,True,90,14,15.0,114,7.6,20,166,52,5.0,10.4,3,7,Medium
15.1,15,1,96,Imran Tahir,Bowlers,Glenn Maxwell,All-Rounders,2,False,-1.0,10,Pune,Maharashtra Cricket Association Stadium,Medium,False,True,91,15,15.166666666666666,116,7.648351648351649,20,166,50,4.833333333333334,10.344827586206897,3,7,Medium
15.2,15,2,97,Imran Tahir,Bowlers,Glenn Maxwell,All-Rounders,6,False,-3.0,10,Pune,Maharashtra Cricket Association Stadium,Medium,False,True,92,15,15.333333333333334,122,7.956521739130435,20,166,44,4.666666666666666,9.42857142857143,3,7,Medium
15.3,15,3,98,Imran Tahir,Bowlers,Glenn Maxwell,All-Rounders,1,False,-0.5,10,Pune,Maharashtra Cricket Association Stadium,Medium,False,True,93,15,15.5,123,7.935483870967742,20,166,43,4.5,9.555555555555555,3,7,Medium
15.4,15,4,99,Imran Tahir,Bowlers,David Miller,Batters,1,False,-0.5,10,Pune,Maharashtra Cricket Association Stadium,Medium,False,True,94,15,15.666666666666666,124,7.914893617021277,20,166,42,4.333333333333334,9.692307692307692,3,7,Medium
15.5,15,5,100,Imran Tahir,Bowlers,Glenn Maxwell,All-Rounders,6,False,-3.0,10,Pune,Maharashtra Cricket Association Stadium,Medium,False,True,95,15,15.833333333333334,130,8.210526315789473,20,166,36,4.166666666666666,8.64,3,7,Medium
15.6,15,6,101,Imran Tahir,Bowlers,Glenn Maxwell,All-Rounders,0,True,5.0,10,Pune,Maharashtra Cricket Association Stadium,Medium,False,True,96,15,16.0,130,8.125,20,166,36,4.0,9.0,4,6,Medium
16.1,16,1,102,Jean-Paul Duminy,All-Rounders,George Bailey,Batters,2,False,-1.0,10,Pune,Maharashtra Cricket Association Stadium,Medium,False,True,97,16,16.166666666666668,132,8.164948453608247,20,166,34,3.833333333333332,8.869565217391306,4,6,Medium
16.2,16,2,103,Jean-Paul Duminy,All-Rounders,George Bailey,Batters,1,False,-0.5,10,Pune,Maharashtra Cricket Association Stadium,Medium,False,True,98,16,16.333333333333332,133,8.142857142857144,20,166,33,3.666666666666668,8.999999999999996,4,6,Medium
16.3,16,3,104,Jean-Paul Duminy,All-Rounders,David Miller,Batters,0,False,1.0,10,Pune,Maharashtra Cricket Association Stadium,Medium,False,True,99,16,16.5,133,8.06060606060606,20,166,33,3.5,9.428571428571429,4,6,Medium
16.4,16,4,105,Jean-Paul Duminy,All-Rounders,David Miller,Batters,1,False,-1.0,10,Pune,Maharashtra Cricket Association Stadium,Medium,True,False,99,16,16.5,134,8.121212121212121,20,166,32,3.5,9.142857142857142,4,6,Medium
16.4,16,4,106,Jean-Paul Duminy,All-Rounders,David Miller,Batters,1,False,-0.5,10,Pune,Maharashtra Cricket Association Stadium,Medium,False,True,100,16,16.666666666666668,135,8.1,20,166,31,3.333333333333332,9.300000000000002,4,6,Medium
16.5,16,5,107,Jean-Paul Duminy,All-Rounders,George Bailey,Batters,1,False,-0.5,10,Pune,Maharashtra Cricket Association Stadium,Medium,False,True,101,16,16.833333333333332,136,8.07920792079208,20,166,30,3.166666666666668,9.473684210526311,4,6,Medium
16.6,16,6,108,Jean-Paul Duminy,All-Rounders,David Miller,Batters,0,True,5.0,10,Pune,Maharashtra Cricket Association Stadium,Medium,False,True,102,16,17.0,136,8.0,20,166,30,3.0,10.0,5,5,Medium
17.1,17,1,109,Imran Tahir,Bowlers,George Bailey,Batters,1,False,-0.5,10,Pune,Maharashtra Cricket Association Stadium,Medium,False,True,103,17,17.166666666666668,137,7.980582524271844,20,166,29,2.833333333333332,10.235294117647063,5,5,Medium
17.2,17,2,110,Imran Tahir,Bowlers,Axar Patel,All-Rounders,1,False,-0.5,10,Pune,Maharashtra Cricket Association Stadium,Medium,False,True,104,17,17.333333333333332,138,7.961538461538462,20,166,28,2.666666666666668,10.499999999999996,5,5,Medium
17.3,17,3,111,Imran Tahir,Bowlers,George Bailey,Batters,1,False,-0.5,10,Pune,Maharashtra Cricket Association Stadium,Medium,False,True,105,17,17.5,139,7.942857142857143,20,166,27,2.5,10.8,5,5,Medium
17.4,17,4,112,Imran Tahir,Bowlers,Axar Patel,All-Rounders,0,False,1.0,10,Pune,Maharashtra Cricket Association Stadium,Medium,False,True,106,17,17.666666666666668,139,7.867924528301886,20,166,27,2.333333333333332,11.571428571428577,5,5,Medium
17.5,17,5,113,Imran Tahir,Bowlers,Axar Patel,All-Rounders,1,False,-0.5,10,Pune,Maharashtra Cricket Association Stadium,Medium,False,True,107,17,17.833333333333332,140,7.850467289719627,20,166,26,2.166666666666668,11.999999999999991,5,5,Medium
17.6,17,6,114,Imran Tahir,Bowlers,George Bailey,Batters,2,False,-1.0,10,Pune,Maharashtra Cricket Association Stadium,Medium,False,True,108,17,18.0,142,7.888888888888889,20,166,24,2.0,12.0,5,5,Medium
18.1,18,1,115,Amit Mishra,Bowlers,Axar Patel,All-Rounders,6,False,-3.0,10,Pune,Maharashtra Cricket Association Stadium,Medium,False,True,109,18,18.166666666666668,148,8.146788990825687,20,166,18,1.833333333333332,9.818181818181824,5,5,Medium
18.2,18,2,116,Amit Mishra,Bowlers,Axar Patel,All-Rounders,1,False,-0.5,10,Pune,Maharashtra Cricket Association Stadium,Medium,False,True,110,18,18.33333333333333,149,8.127272727272727,20,166,17,1.666666666666668,10.199999999999992,5,5,Medium
18.3,18,3,117,Amit Mishra,Bowlers,George Bailey,Batters,6,False,-3.0,10,Pune,Maharashtra Cricket Association Stadium,Medium,False,True,111,18,18.5,155,8.378378378378379,20,166,11,1.5,7.333333333333333,5,5,Medium
18.4,18,4,118,Amit Mishra,Bowlers,George Bailey,Batters,1,False,-0.5,10,Pune,Maharashtra Cricket Association Stadium,Medium,False,True,112,18,18.666666666666668,156,8.357142857142856,20,166,10,1.333333333333332,7.500000000000007,5,5,Medium
18.5,18,5,119,Amit Mishra,Bowlers,Axar Patel,All-Rounders,1,False,-0.5,10,Pune,Maharashtra Cricket Association Stadium,Medium,False,True,113,18,18.83333333333333,157,8.336283185840708,20,166,9,1.166666666666668,7.714285714285706,5,5,Medium
18.6,18,6,120,Amit Mishra,Bowlers,George Bailey,Batters,4,False,-2.0,10,Pune,Maharashtra Cricket Association Stadium,Medium,False,True,114,18,19.0,161,8.473684210526315,20,166,5,1.0,5.0,5,5,Medium
19.1,19,1,121,Imran Tahir,Bowlers,Axar Patel,All-Rounders,0,False,1.0,10,Pune,Maharashtra Cricket Association Stadium,Medium,False,True,115,19,19.166666666666668,161,8.4,20,166,5,0.8333333333333321,6.000000000000009,5,5,Medium
19.2,19,2,122,Imran Tahir,Bowlers,Axar Patel,All-Rounders,2,False,-1.0,10,Pune,Maharashtra Cricket Association Stadium,Medium,False,True,116,19,19.33333333333333,163,8.431034482758621,20,166,3,0.6666666666666679,4.499999999999992,5,5,Medium
19.3,19,3,123,Imran Tahir,Bowlers,Axar Patel,All-Rounders,1,False,-0.5,10,Pune,Maharashtra Cricket Association Stadium,Medium,False,True,117,19,19.5,164,8.41025641025641,20,166,2,0.5,4.0,5,5,Medium
19.4,19,4,124,Imran Tahir,Bowlers,George Bailey,Batters,0,False,1.0,10,Pune,Maharashtra Cricket Association Stadium,Medium,False,True,118,19,19.666666666666668,164,8.338983050847457,20,166,2,0.3333333333333321,6.000000000000021,5,5,Medium
19.5,19,5,125,Imran Tahir,Bowlers,George Bailey,Batters,0,True,5.0,10,Pune,Maharashtra Cricket Association Stadium,Medium,False,True,119,19,19.83333333333333,164,8.268907563025211,20,166,2,0.1666666666666678,11.999999999999917,6,4,Medium
19.6,19,6,126,Imran Tahir,Bowlers,Axar Patel,All-Rounders,0,True,5.0,10,Pune,Maharashtra Cricket Association Stadium,Medium,False,True,120,19,20.0,164,8.2,20,166,2,0.0,inf,7,3,Medium
