Ball Number,over,ball,Ball,bowler,bowler_role,batsman,batsman_role,Runs,is_wicket,bowler_score,match_id,city,stadium,Stadium_Type,is_extra,legal_delivery,legal_deliveries_count,overs_completed,overs_bowled,total_runs,current_run_rate,total_overs,target,runs_needed,overs_remaining,required_run_rate,wickets_fallen,wickets_in_hand,Ground_Type
0.1,0,1,1,Tim Southee,Bowlers,David Warner,Batters,0,False,1.0,11,Visakhapatnam,Dr. Y.S. Rajasekhara Reddy ACA-VDCA Cricket Stadium,Large,False,True,1,0,0.1666666666666666,0,0.0,20,128,128,19.83333333333333,6.453781512605042,0,10,Large
0.2,0,2,2,Tim Southee,Bowlers,David Warner,Batters,1,False,-0.5,11,Visakhapatnam,Dr. Y.S. Rajasekhara Reddy ACA-VDCA Cricket Stadium,Large,False,True,2,0,0.3333333333333333,1,3.0,20,128,127,19.666666666666668,6.457627118644068,0,10,Large
0.3,0,3,3,Tim Southee,Bowlers,Shikhar Dhawan,Batters,0,False,1.0,11,Visakhapatnam,Dr. Y.S. Rajasekhara Reddy ACA-VDCA Cricket Stadium,Large,False,True,3,0,0.5,1,2.0,20,128,127,19.5,6.512820512820513,0,10,Large
0.4,0,4,4,Tim Southee,Bowlers,Shikhar Dhawan,Batters,0,False,1.0,11,Visakhapatnam,Dr. Y.S. Rajasekhara Reddy ACA-VDCA Cricket Stadium,Large,False,True,4,0,0.6666666666666666,1,1.5,20,128,127,19.33333333333333,6.56896551724138,0,10,Large
0.5,0,5,5,Tim Southee,Bowlers,Shikhar Dhawan,Batters,0,False,1.0,11,Visakhapatnam,Dr. Y.S. Rajasekhara Reddy ACA-VDCA Cricket Stadium,Large,False,True,5,0,0.8333333333333334,1,1.2,20,128,127,19.166666666666668,6.626086956521739,0,10,Large
0.6,0,6,6,Tim Southee,Bowlers,Shikhar Dhawan,Batters,0,False,1.0,11,Visakhapatnam,Dr. Y.S. Rajasekhara Reddy ACA-VDCA Cricket Stadium,Large,False,True,6,0,1.0,1,1.0,20,128,127,19.0,6.684210526315789,0,10,Large
1.1,1,1,7,Chris Morris,All-Rounders,David Warner,Batters,4,False,-2.0,11,Visakhapatnam,Dr. Y.S. Rajasekhara Reddy ACA-VDCA Cricket Stadium,Large,False,True,7,1,1.1666666666666667,5,4.285714285714286,20,128,123,18.83333333333333,6.5309734513274345,0,10,Large
1.2,1,2,8,Chris Morris,All-Rounders,David Warner,Batters,4,False,-2.0,11,Visakhapatnam,Dr. Y.S. Rajasekhara Reddy ACA-VDCA Cricket Stadium,Large,False,True,8,1,1.3333333333333333,9,6.75,20,128,119,18.666666666666668,6.375,0,10,Large
1.3,1,3,9,Chris Morris,All-Rounders,David Warner,Batters,0,False,1.0,11,Visakhapatnam,Dr. Y.S. Rajasekhara Reddy ACA-VDCA Cricket Stadium,Large,False,True,9,1,1.5,9,6.0,20,128,119,18.5,6.4324324324324325,0,10,Large
1.4,1,4,10,Chris Morris,All-Rounders,David Warner,Batters,4,False,-2.0,11,Visakhapatnam,Dr. Y.S. Rajasekhara Reddy ACA-VDCA Cricket Stadium,Large,False,True,10,1,1.6666666666666663,13,7.800000000000001,20,128,115,18.33333333333333,6.272727272727273,0,10,Large
1.5,1,5,11,Chris Morris,All-Rounders,David Warner,Batters,0,False,1.0,11,Visakhapatnam,Dr. Y.S. Rajasekhara Reddy ACA-VDCA Cricket Stadium,Large,False,True,11,1,1.8333333333333333,13,7.09090909090909,20,128,115,18.166666666666668,6.330275229357798,0,10,Large
1.6,1,6,12,Chris Morris,All-Rounders,David Warner,Batters,0,False,1.0,11,Visakhapatnam,Dr. Y.S. Rajasekhara Reddy ACA-VDCA Cricket Stadium,Large,False,True,12,1,2.0,13,6.5,20,128,115,18.0,6.388888888888889,0,10,Large
2.1,2,1,13,Deepak Hooda,All-Rounders,Shikhar Dhawan,Batters,0,False,1.0,11,Visakhapatnam,Dr. Y.S. Rajasekhara Reddy ACA-VDCA Cricket Stadium,Large,False,True,13,2,2.1666666666666665,13,6.0,20,128,115,17.833333333333332,6.4485981308411215,0,10,Large
2.2,2,2,14,Deepak Hooda,All-Rounders,Shikhar Dhawan,Batters,0,False,1.0,11,Visakhapatnam,Dr. Y.S. Rajasekhara Reddy ACA-VDCA Cricket Stadium,Large,False,True,14,2,2.333333333333333,13,5.571428571428571,20,128,115,17.666666666666668,6.509433962264151,0,10,Large
2.3,2,3,15,Deepak Hooda,All-Rounders,Shikhar Dhawan,Batters,4,False,-2.0,11,Visakhapatnam,Dr. Y.S. Rajasekhara Reddy ACA-VDCA Cricket Stadium,Large,False,True,15,2,2.5,17,6.8,20,128,111,17.5,6.342857142857143,0,10,Large
2.4,2,4,16,Deepak Hooda,All-Rounders,Shikhar Dhawan,Batters,0,False,1.0,11,Visakhapatnam,Dr. Y.S. Rajasekhara Reddy ACA-VDCA Cricket Stadium,Large,False,True,16,2,2.6666666666666665,17,6.375,20,128,111,17.333333333333332,6.403846153846154,0,10,Large
2.5,2,5,17,Deepak Hooda,All-Rounders,Shikhar Dhawan,Batters,1,False,-0.5,11,Visakhapatnam,Dr. Y.S. Rajasekhara Reddy ACA-VDCA Cricket Stadium,Large,False,True,17,2,2.833333333333333,18,6.352941176470588,20,128,110,17.166666666666668,6.407766990291262,0,10,Large
2.5,2,5,18,Deepak Hooda,All-Rounders,Shikhar Dhawan,Batters,1,False,-1.0,11,Visakhapatnam,Dr. Y.S. Rajasekhara Reddy ACA-VDCA Cricket Stadium,Large,True,False,17,2,2.833333333333333,19,6.705882352941176,20,128,109,17.166666666666668,6.349514563106796,0,10,Large
2.6,2,6,19,Deepak Hooda,All-Rounders,David Warner,Batters,0,False,1.0,11,Visakhapatnam,Dr. Y.S. Rajasekhara Reddy ACA-VDCA Cricket Stadium,Large,False,True,18,2,3.0,19,6.333333333333333,20,128,109,17.0,6.411764705882353,0,10,Large
3.1,3,1,20,Dhawal Kulkarni,Bowlers,Shikhar Dhawan,Batters,1,False,-0.5,11,Visakhapatnam,Dr. Y.S. Rajasekhara Reddy ACA-VDCA Cricket Stadium,Large,False,True,19,3,3.1666666666666665,20,6.315789473684211,20,128,108,16.833333333333332,6.415841584158416,0,10,Large
3.2,3,2,21,Dhawal Kulkarni,Bowlers,David Warner,Batters,0,False,1.0,11,Visakhapatnam,Dr. Y.S. Rajasekhara Reddy ACA-VDCA Cricket Stadium,Large,False,True,20,3,3.333333333333333,20,6.0,20,128,108,16.666666666666668,6.48,0,10,Large
3.3,3,3,22,Dhawal Kulkarni,Bowlers,David Warner,Batters,0,False,1.0,11,Visakhapatnam,Dr. Y.S. Rajasekhara Reddy ACA-VDCA Cricket Stadium,Large,False,True,21,3,3.5,20,5.714285714285714,20,128,108,16.5,6.545454545454546,0,10,Large
3.4,3,4,23,Dhawal Kulkarni,Bowlers,David Warner,Batters,1,False,-0.5,11,Visakhapatnam,Dr. Y.S. Rajasekhara Reddy ACA-VDCA Cricket Stadium,Large,False,True,22,3,3.6666666666666665,21,5.727272727272728,20,128,107,16.333333333333332,6.551020408163266,0,10,Large
3.5,3,5,24,Dhawal Kulkarni,Bowlers,Shikhar Dhawan,Batters,4,False,-2.0,11,Visakhapatnam,Dr. Y.S. Rajasekhara Reddy ACA-VDCA Cricket Stadium,Large,False,True,23,3,3.8333333333333335,25,6.521739130434782,20,128,103,16.166666666666668,6.371134020618556,0,10,Large
3.6,3,6,25,Dhawal Kulkarni,Bowlers,Shikhar Dhawan,Batters,0,True,5.0,11,Visakhapatnam,Dr. Y.S. Rajasekhara Reddy ACA-VDCA Cricket Stadium,Large,False,True,24,3,4.0,25,6.25,20,128,103,16.0,6.4375,1,9,Large
4.1,4,1,26,Tim Southee,Bowlers,David Warner,Batters,6,False,-3.0,11,Visakhapatnam,Dr. Y.S. Rajasekhara Reddy ACA-VDCA Cricket Stadium,Large,False,True,25,4,4.166666666666667,31,7.439999999999999,20,128,97,15.833333333333332,6.126315789473685,1,9,Large
4.2,4,2,27,Tim Southee,Bowlers,David Warner,Batters,1,False,-1.0,11,Visakhapatnam,Dr. Y.S. Rajasekhara Reddy ACA-VDCA Cricket Stadium,Large,True,False,25,4,4.166666666666667,32,7.68,20,128,96,15.833333333333332,6.063157894736842,1,9,Large
4.2,4,2,28,Tim Southee,Bowlers,David Warner,Batters,1,False,-0.5,11,Visakhapatnam,Dr. Y.S. Rajasekhara Reddy ACA-VDCA Cricket Stadium,Large,False,True,26,4,4.333333333333333,33,7.615384615384616,20,128,95,15.666666666666668,6.0638297872340425,1,9,Large
4.3,4,3,29,Tim Southee,Bowlers,KL Rahul,Batters,0,False,1.0,11,Visakhapatnam,Dr. Y.S. Rajasekhara Reddy ACA-VDCA Cricket Stadium,Large,False,True,27,4,4.5,33,7.333333333333333,20,128,95,15.5,6.129032258064516,1,9,Large
4.4,4,4,30,Tim Southee,Bowlers,KL Rahul,Batters,0,False,1.0,11,Visakhapatnam,Dr. Y.S. Rajasekhara Reddy ACA-VDCA Cricket Stadium,Large,False,True,28,4,4.666666666666667,33,7.071428571428571,20,128,95,15.333333333333332,6.195652173913044,1,9,Large
4.5,4,5,31,Tim Southee,Bowlers,KL Rahul,Batters,2,False,-1.0,11,Visakhapatnam,Dr. Y.S. Rajasekhara Reddy ACA-VDCA Cricket Stadium,Large,False,True,29,4,4.833333333333333,35,7.241379310344828,20,128,93,15.166666666666668,6.131868131868131,1,9,Large
4.6,4,6,32,Tim Southee,Bowlers,KL Rahul,Batters,0,True,5.0,11,Visakhapatnam,Dr. Y.S. Rajasekhara Reddy ACA-VDCA Cricket Stadium,Large,False,True,30,4,5.0,35,7.0,20,128,93,15.0,6.2,2,8,Large
5.1,5,1,33,Dhawal Kulkarni,Bowlers,KL Rahul,Batters,0,True,5.0,11,Visakhapatnam,Dr. Y.S. Rajasekhara Reddy ACA-VDCA Cricket Stadium,Large,False,True,31,5,5.166666666666667,35,6.774193548387096,20,128,93,14.833333333333332,6.269662921348315,3,7,Large
5.2,5,2,34,Dhawal Kulkarni,Bowlers,Eoin Morgan,Batters,0,False,1.0,11,Visakhapatnam,Dr. Y.S. Rajasekhara Reddy ACA-VDCA Cricket Stadium,Large,False,True,32,5,5.333333333333333,35,6.5625,20,128,93,14.666666666666668,6.340909090909091,3,7,Large
5.3,5,3,35,Dhawal Kulkarni,Bowlers,Eoin Morgan,Batters,0,False,1.0,11,Visakhapatnam,Dr. Y.S. Rajasekhara Reddy ACA-VDCA Cricket Stadium,Large,False,True,33,5,5.5,35,6.363636363636363,20,128,93,14.5,6.413793103448276,3,7,Large
5.4,5,4,36,Dhawal Kulkarni,Bowlers,Eoin Morgan,Batters,0,False,1.0,11,Visakhapatnam,Dr. Y.S. Rajasekhara Reddy ACA-VDCA Cricket Stadium,Large,False,True,34,5,5.666666666666667,35,6.1764705882352935,20,128,93,14.333333333333332,6.488372093023257,3,7,Large
5.5,5,5,37,Dhawal Kulkarni,Bowlers,Eoin Morgan,Batters,0,False,1.0,11,Visakhapatnam,Dr. Y.S. Rajasekhara Reddy ACA-VDCA Cricket Stadium,Large,False,True,35,5,5.833333333333333,35,6.0,20,128,93,14.166666666666668,6.564705882352941,3,7,Large
5.6,5,6,38,Dhawal Kulkarni,Bowlers,Eoin Morgan,Batters,0,False,1.0,11,Visakhapatnam,Dr. Y.S. Rajasekhara Reddy ACA-VDCA Cricket Stadium,Large,False,True,36,5,6.0,35,5.833333333333333,20,128,93,14.0,6.642857142857143,3,7,Large
6.1,6,1,39,Chris Morris,All-Rounders,Naman Ojha,Batters,0,False,1.0,11,Visakhapatnam,Dr. Y.S. Rajasekhara Reddy ACA-VDCA Cricket Stadium,Large,False,True,37,6,6.166666666666667,35,5.675675675675675,20,128,93,13.833333333333332,6.722891566265061,3,7,Large
6.2,6,2,40,Chris Morris,All-Rounders,Naman Ojha,Batters,0,False,1.0,11,Visakhapatnam,Dr. Y.S. Rajasekhara Reddy ACA-VDCA Cricket Stadium,Large,False,True,38,6,6.333333333333333,35,5.526315789473684,20,128,93,13.666666666666668,6.804878048780488,3,7,Large
6.3,6,3,41,Chris Morris,All-Rounders,Naman Ojha,Batters,0,False,1.0,11,Visakhapatnam,Dr. Y.S. Rajasekhara Reddy ACA-VDCA Cricket Stadium,Large,False,True,39,6,6.5,35,5.384615384615385,20,128,93,13.5,6.888888888888889,3,7,Large
6.4,6,4,42,Chris Morris,All-Rounders,Naman Ojha,Batters,4,False,-2.0,11,Visakhapatnam,Dr. Y.S. Rajasekhara Reddy ACA-VDCA Cricket Stadium,Large,False,True,40,6,6.666666666666667,39,5.85,20,128,89,13.333333333333332,6.675000000000001,3,7,Large
6.5,6,5,43,Chris Morris,All-Rounders,Naman Ojha,Batters,0,False,1.0,11,Visakhapatnam,Dr. Y.S. Rajasekhara Reddy ACA-VDCA Cricket Stadium,Large,False,True,41,6,6.833333333333333,39,5.707317073170732,20,128,89,13.166666666666668,6.759493670886076,3,7,Large
6.6,6,6,44,Chris Morris,All-Rounders,Naman Ojha,Batters,1,False,-0.5,11,Visakhapatnam,Dr. Y.S. Rajasekhara Reddy ACA-VDCA Cricket Stadium,Large,False,True,42,6,7.0,40,5.714285714285714,20,128,88,13.0,6.769230769230769,3,7,Large
7.1,7,1,45,Dhawal Kulkarni,Bowlers,Naman Ojha,Batters,0,False,1.0,11,Visakhapatnam,Dr. Y.S. Rajasekhara Reddy ACA-VDCA Cricket Stadium,Large,False,True,43,7,7.166666666666667,40,5.5813953488372094,20,128,88,12.833333333333332,6.857142857142858,3,7,Large
7.2,7,2,46,Dhawal Kulkarni,Bowlers,Naman Ojha,Batters,1,False,-0.5,11,Visakhapatnam,Dr. Y.S. Rajasekhara Reddy ACA-VDCA Cricket Stadium,Large,False,True,44,7,7.333333333333333,41,5.590909090909091,20,128,87,12.666666666666668,6.868421052631578,3,7,Large
7.3,7,3,47,Dhawal Kulkarni,Bowlers,Eoin Morgan,Batters,1,False,-0.5,11,Visakhapatnam,Dr. Y.S. Rajasekhara Reddy ACA-VDCA Cricket Stadium,Large,False,True,45,7,7.5,42,5.6,20,128,86,12.5,6.88,3,7,Large
7.4,7,4,48,Dhawal Kulkarni,Bowlers,Naman Ojha,Batters,0,False,1.0,11,Visakhapatnam,Dr. Y.S. Rajasekhara Reddy ACA-VDCA Cricket Stadium,Large,False,True,46,7,7.666666666666667,42,5.478260869565217,20,128,86,12.333333333333332,6.972972972972974,3,7,Large
7.5,7,5,49,Dhawal Kulkarni,Bowlers,Naman Ojha,Batters,0,False,1.0,11,Visakhapatnam,Dr. Y.S. Rajasekhara Reddy ACA-VDCA Cricket Stadium,Large,False,True,47,7,7.833333333333333,42,5.361702127659575,20,128,86,12.166666666666668,7.06849315068493,3,7,Large
7.5,7,5,50,Dhawal Kulkarni,Bowlers,Naman Ojha,Batters,1,False,-1.0,11,Visakhapatnam,Dr. Y.S. Rajasekhara Reddy ACA-VDCA Cricket Stadium,Large,True,False,47,7,7.833333333333333,43,5.48936170212766,20,128,85,12.166666666666668,6.986301369863013,3,7,Large
7.6,7,6,51,Dhawal Kulkarni,Bowlers,Naman Ojha,Batters,0,False,1.0,11,Visakhapatnam,Dr. Y.S. Rajasekhara Reddy ACA-VDCA Cricket Stadium,Large,False,True,48,7,8.0,43,5.375,20,128,85,12.0,7.083333333333333,3,7,Large
8.1,8,1,52,James Faulkner,All-Rounders,Eoin Morgan,Batters,0,False,1.0,11,Visakhapatnam,Dr. Y.S. Rajasekhara Reddy ACA-VDCA Cricket Stadium,Large,False,True,49,8,8.166666666666666,43,5.26530612244898,20,128,85,11.833333333333334,7.183098591549295,3,7,Large
8.2,8,2,53,James Faulkner,All-Rounders,Eoin Morgan,Batters,1,False,-0.5,11,Visakhapatnam,Dr. Y.S. Rajasekhara Reddy ACA-VDCA Cricket Stadium,Large,False,True,50,8,8.333333333333334,44,5.279999999999999,20,128,84,11.666666666666666,7.2,3,7,Large
8.3,8,3,54,James Faulkner,All-Rounders,Naman Ojha,Batters,4,False,-2.0,11,Visakhapatnam,Dr. Y.S. Rajasekhara Reddy ACA-VDCA Cricket Stadium,Large,False,True,51,8,8.5,48,5.647058823529412,20,128,80,11.5,6.956521739130435,3,7,Large
8.4,8,4,55,James Faulkner,All-Rounders,Naman Ojha,Batters,1,False,-1.0,11,Visakhapatnam,Dr. Y.S. Rajasekhara Reddy ACA-VDCA Cricket Stadium,Large,True,False,51,8,8.5,49,5.764705882352941,20,128,79,11.5,6.869565217391305,3,7,Large
8.4,8,4,56,James Faulkner,All-Rounders,Naman Ojha,Batters,1,False,-0.5,11,Visakhapatnam,Dr. Y.S. Rajasekhara Reddy ACA-VDCA Cricket Stadium,Large,False,True,52,8,8.666666666666666,50,5.76923076923077,20,128,78,11.333333333333334,6.88235294117647,3,7,Large
8.5,8,5,57,James Faulkner,All-Rounders,Eoin Morgan,Batters,1,False,-0.5,11,Visakhapatnam,Dr. Y.S. Rajasekhara Reddy ACA-VDCA Cricket Stadium,Large,False,True,53,8,8.833333333333334,51,5.773584905660377,20,128,77,11.166666666666666,6.895522388059702,3,7,Large
8.6,8,6,58,James Faulkner,All-Rounders,Naman Ojha,Batters,0,False,1.0,11,Visakhapatnam,Dr. Y.S. Rajasekhara Reddy ACA-VDCA Cricket Stadium,Large,False,True,54,8,9.0,51,5.666666666666667,20,128,77,11.0,7.0,3,7,Large
9.1,9,1,59,Stuart Binny,All-Rounders,Eoin Morgan,Batters,0,False,1.0,11,Visakhapatnam,Dr. Y.S. Rajasekhara Reddy ACA-VDCA Cricket Stadium,Large,False,True,55,9,9.166666666666666,51,5.563636363636364,20,128,77,10.833333333333334,7.107692307692307,3,7,Large
9.2,9,2,60,Stuart Binny,All-Rounders,Eoin Morgan,Batters,1,False,-0.5,11,Visakhapatnam,Dr. Y.S. Rajasekhara Reddy ACA-VDCA Cricket Stadium,Large,False,True,56,9,9.333333333333334,52,5.571428571428571,20,128,76,10.666666666666666,7.125,3,7,Large
9.3,9,3,61,Stuart Binny,All-Rounders,Naman Ojha,Batters,0,False,1.0,11,Visakhapatnam,Dr. Y.S. Rajasekhara Reddy ACA-VDCA Cricket Stadium,Large,False,True,57,9,9.5,52,5.473684210526316,20,128,76,10.5,7.238095238095238,3,7,Large
9.4,9,4,62,Stuart Binny,All-Rounders,Naman Ojha,Batters,1,False,-0.5,11,Visakhapatnam,Dr. Y.S. Rajasekhara Reddy ACA-VDCA Cricket Stadium,Large,False,True,58,9,9.666666666666666,53,5.482758620689656,20,128,75,10.333333333333334,7.258064516129032,3,7,Large
9.5,9,5,63,Stuart Binny,All-Rounders,Eoin Morgan,Batters,0,False,1.0,11,Visakhapatnam,Dr. Y.S. Rajasekhara Reddy ACA-VDCA Cricket Stadium,Large,False,True,59,9,9.833333333333334,53,5.389830508474576,20,128,75,10.166666666666666,7.377049180327869,3,7,Large
9.6,9,6,64,Stuart Binny,All-Rounders,Eoin Morgan,Batters,2,False,-1.0,11,Visakhapatnam,Dr. Y.S. Rajasekhara Reddy ACA-VDCA Cricket Stadium,Large,False,True,60,9,10.0,55,5.5,20,128,73,10.0,7.3,3,7,Large
10.1,10,1,65,James Faulkner,All-Rounders,Naman Ojha,Batters,0,False,1.0,11,Visakhapatnam,Dr. Y.S. Rajasekhara Reddy ACA-VDCA Cricket Stadium,Large,False,True,61,10,10.166666666666666,55,5.409836065573771,20,128,73,9.833333333333334,7.423728813559322,3,7,Large
10.2,10,2,66,James Faulkner,All-Rounders,Eoin Morgan,Batters,6,False,-3.0,11,Visakhapatnam,Dr. Y.S. Rajasekhara Reddy ACA-VDCA Cricket Stadium,Large,False,True,62,10,10.333333333333334,61,5.903225806451613,20,128,67,9.666666666666666,6.931034482758621,3,7,Large
10.2,10,2,67,James Faulkner,All-Rounders,Naman Ojha,Batters,1,False,-1.0,11,Visakhapatnam,Dr. Y.S. Rajasekhara Reddy ACA-VDCA Cricket Stadium,Large,True,False,62,10,10.333333333333334,62,6.0,20,128,66,9.666666666666666,6.8275862068965525,3,7,Large
10.3,10,3,68,James Faulkner,All-Rounders,Eoin Morgan,Batters,0,False,1.0,11,Visakhapatnam,Dr. Y.S. Rajasekhara Reddy ACA-VDCA Cricket Stadium,Large,False,True,63,10,10.5,62,5.904761904761905,20,128,66,9.5,6.947368421052632,3,7,Large
10.4,10,4,69,James Faulkner,All-Rounders,Eoin Morgan,Batters,0,False,1.0,11,Visakhapatnam,Dr. Y.S. Rajasekhara Reddy ACA-VDCA Cricket Stadium,Large,False,True,64,10,10.666666666666666,62,5.8125,20,128,66,9.333333333333334,7.071428571428571,3,7,Large
10.5,10,5,70,James Faulkner,All-Rounders,Eoin Morgan,Batters,1,False,-0.5,11,Visakhapatnam,Dr. Y.S. Rajasekhara Reddy ACA-VDCA Cricket Stadium,Large,False,True,65,10,10.833333333333334,63,5.815384615384615,20,128,65,9.166666666666666,7.090909090909092,3,7,Large
10.6,10,6,71,James Faulkner,All-Rounders,Naman Ojha,Batters,4,False,-2.0,11,Visakhapatnam,Dr. Y.S. Rajasekhara Reddy ACA-VDCA Cricket Stadium,Large,False,True,66,10,11.0,67,6.090909090909091,20,128,61,9.0,6.777777777777778,3,7,Large
11.1,11,1,72,Stuart Binny,All-Rounders,Eoin Morgan,Batters,1,False,-0.5,11,Visakhapatnam,Dr. Y.S. Rajasekhara Reddy ACA-VDCA Cricket Stadium,Large,False,True,67,11,11.166666666666666,68,6.089552238805971,20,128,60,8.833333333333334,6.792452830188679,3,7,Large
11.2,11,2,73,Stuart Binny,All-Rounders,Naman Ojha,Batters,1,False,-0.5,11,Visakhapatnam,Dr. Y.S. Rajasekhara Reddy ACA-VDCA Cricket Stadium,Large,False,True,68,11,11.333333333333334,69,6.088235294117647,20,128,59,8.666666666666666,6.807692307692308,3,7,Large
11.3,11,3,74,Stuart Binny,All-Rounders,Eoin Morgan,Batters,0,False,1.0,11,Visakhapatnam,Dr. Y.S. Rajasekhara Reddy ACA-VDCA Cricket Stadium,Large,False,True,69,11,11.5,69,6.0,20,128,59,8.5,6.941176470588236,3,7,Large
11.4,11,4,75,Stuart Binny,All-Rounders,Eoin Morgan,Batters,1,False,-0.5,11,Visakhapatnam,Dr. Y.S. Rajasekhara Reddy ACA-VDCA Cricket Stadium,Large,False,True,70,11,11.666666666666666,70,6.0,20,128,58,8.333333333333334,6.959999999999999,3,7,Large
11.5,11,5,76,Stuart Binny,All-Rounders,Naman Ojha,Batters,1,False,-0.5,11,Visakhapatnam,Dr. Y.S. Rajasekhara Reddy ACA-VDCA Cricket Stadium,Large,False,True,71,11,11.833333333333334,71,6.0,20,128,57,8.166666666666666,6.979591836734694,3,7,Large
11.6,11,6,77,Stuart Binny,All-Rounders,Eoin Morgan,Batters,4,False,-2.0,11,Visakhapatnam,Dr. Y.S. Rajasekhara Reddy ACA-VDCA Cricket Stadium,Large,False,True,72,11,12.0,75,6.25,20,128,53,8.0,6.625,3,7,Large
12.1,12,1,78,Pravin Tambe,Bowlers,Naman Ojha,Batters,0,False,1.0,11,Visakhapatnam,Dr. Y.S. Rajasekhara Reddy ACA-VDCA Cricket Stadium,Large,False,True,73,12,12.166666666666666,75,6.164383561643836,20,128,53,7.833333333333334,6.76595744680851,3,7,Large
12.2,12,2,79,Pravin Tambe,Bowlers,Naman Ojha,Batters,0,False,1.0,11,Visakhapatnam,Dr. Y.S. Rajasekhara Reddy ACA-VDCA Cricket Stadium,Large,False,True,74,12,12.333333333333334,75,6.081081081081081,20,128,53,7.666666666666666,6.91304347826087,3,7,Large
12.3,12,3,80,Pravin Tambe,Bowlers,Naman Ojha,Batters,2,False,-1.0,11,Visakhapatnam,Dr. Y.S. Rajasekhara Reddy ACA-VDCA Cricket Stadium,Large,False,True,75,12,12.5,77,6.16,20,128,51,7.5,6.8,3,7,Large
12.4,12,4,81,Pravin Tambe,Bowlers,Naman Ojha,Batters,0,False,1.0,11,Visakhapatnam,Dr. Y.S. Rajasekhara Reddy ACA-VDCA Cricket Stadium,Large,False,True,76,12,12.666666666666666,77,6.078947368421053,20,128,51,7.333333333333334,6.954545454545454,3,7,Large
12.5,12,5,82,Pravin Tambe,Bowlers,Naman Ojha,Batters,2,False,-1.0,11,Visakhapatnam,Dr. Y.S. Rajasekhara Reddy ACA-VDCA Cricket Stadium,Large,False,True,77,12,12.833333333333334,79,6.155844155844156,20,128,49,7.166666666666666,6.837209302325582,3,7,Large
12.6,12,6,83,Pravin Tambe,Bowlers,Naman Ojha,Batters,0,False,1.0,11,Visakhapatnam,Dr. Y.S. Rajasekhara Reddy ACA-VDCA Cricket Stadium,Large,False,True,78,12,13.0,79,6.076923076923077,20,128,49,7.0,7.0,3,7,Large
13.1,13,1,84,Tim Southee,Bowlers,Eoin Morgan,Batters,1,False,-0.5,11,Visakhapatnam,Dr. Y.S. Rajasekhara Reddy ACA-VDCA Cricket Stadium,Large,False,True,79,13,13.166666666666666,80,6.075949367088608,20,128,48,6.833333333333334,7.024390243902438,3,7,Large
13.2,13,2,85,Tim Southee,Bowlers,Naman Ojha,Batters,0,False,1.0,11,Visakhapatnam,Dr. Y.S. Rajasekhara Reddy ACA-VDCA Cricket Stadium,Large,False,True,80,13,13.333333333333334,80,6.0,20,128,48,6.666666666666666,7.200000000000001,3,7,Large
13.3,13,3,86,Tim Southee,Bowlers,Naman Ojha,Batters,0,False,1.0,11,Visakhapatnam,Dr. Y.S. Rajasekhara Reddy ACA-VDCA Cricket Stadium,Large,False,True,81,13,13.5,80,5.925925925925926,20,128,48,6.5,7.384615384615385,3,7,Large
13.4,13,4,87,Tim Southee,Bowlers,Naman Ojha,Batters,2,False,-1.0,11,Visakhapatnam,Dr. Y.S. Rajasekhara Reddy ACA-VDCA Cricket Stadium,Large,False,True,82,13,13.666666666666666,82,6.0,20,128,46,6.333333333333334,7.263157894736842,3,7,Large
13.5,13,5,88,Tim Southee,Bowlers,Naman Ojha,Batters,1,False,-0.5,11,Visakhapatnam,Dr. Y.S. Rajasekhara Reddy ACA-VDCA Cricket Stadium,Large,False,True,83,13,13.833333333333334,83,6.0,20,128,45,6.166666666666666,7.297297297297298,3,7,Large
13.6,13,6,89,Tim Southee,Bowlers,Eoin Morgan,Batters,4,False,-2.0,11,Visakhapatnam,Dr. Y.S. Rajasekhara Reddy ACA-VDCA Cricket Stadium,Large,False,True,84,13,14.0,87,6.214285714285714,20,128,41,6.0,6.833333333333333,3,7,Large
14.1,14,1,90,Pravin Tambe,Bowlers,Naman Ojha,Batters,0,True,5.0,11,Visakhapatnam,Dr. Y.S. Rajasekhara Reddy ACA-VDCA Cricket Stadium,Large,False,True,85,14,14.166666666666666,87,6.141176470588236,20,128,41,5.833333333333334,7.028571428571428,4,6,Large
14.2,14,2,91,Pravin Tambe,Bowlers,Ravi Bopara,All-Rounders,0,False,1.0,11,Visakhapatnam,Dr. Y.S. Rajasekhara Reddy ACA-VDCA Cricket Stadium,Large,False,True,86,14,14.333333333333334,87,6.069767441860465,20,128,41,5.666666666666666,7.23529411764706,4,6,Large
14.3,14,3,92,Pravin Tambe,Bowlers,Ravi Bopara,All-Rounders,0,False,1.0,11,Visakhapatnam,Dr. Y.S. Rajasekhara Reddy ACA-VDCA Cricket Stadium,Large,False,True,87,14,14.5,87,6.0,20,128,41,5.5,7.454545454545454,4,6,Large
14.4,14,4,93,Pravin Tambe,Bowlers,Ravi Bopara,All-Rounders,1,False,-0.5,11,Visakhapatnam,Dr. Y.S. Rajasekhara Reddy ACA-VDCA Cricket Stadium,Large,False,True,88,14,14.666666666666666,88,6.0,20,128,40,5.333333333333334,7.499999999999999,4,6,Large
14.5,14,5,94,Pravin Tambe,Bowlers,Eoin Morgan,Batters,2,False,-1.0,11,Visakhapatnam,Dr. Y.S. Rajasekhara Reddy ACA-VDCA Cricket Stadium,Large,False,True,89,14,14.833333333333334,90,6.067415730337078,20,128,38,5.166666666666666,7.35483870967742,4,6,Large
14.6,14,6,95,Pravin Tambe,Bowlers,Eoin Morgan,Batters,0,False,1.0,11,Visakhapatnam,Dr. Y.S. Rajasekhara Reddy ACA-VDCA Cricket Stadium,Large,False,True,90,14,15.0,90,6.0,20,128,38,5.0,7.6,4,6,Large
15.1,15,1,96,Deepak Hooda,All-Rounders,Ravi Bopara,All-Rounders,2,False,-1.0,11,Visakhapatnam,Dr. Y.S. Rajasekhara Reddy ACA-VDCA Cricket Stadium,Large,False,True,91,15,15.166666666666666,92,6.065934065934067,20,128,36,4.833333333333334,7.448275862068964,4,6,Large
15.2,15,2,97,Deepak Hooda,All-Rounders,Ravi Bopara,All-Rounders,1,False,-0.5,11,Visakhapatnam,Dr. Y.S. Rajasekhara Reddy ACA-VDCA Cricket Stadium,Large,False,True,92,15,15.333333333333334,93,6.065217391304348,20,128,35,4.666666666666666,7.500000000000001,4,6,Large
15.3,15,3,98,Deepak Hooda,All-Rounders,Eoin Morgan,Batters,0,False,1.0,11,Visakhapatnam,Dr. Y.S. Rajasekhara Reddy ACA-VDCA Cricket Stadium,Large,False,True,93,15,15.5,93,6.0,20,128,35,4.5,7.777777777777778,4,6,Large
15.4,15,4,99,Deepak Hooda,All-Rounders,Eoin Morgan,Batters,0,False,1.0,11,Visakhapatnam,Dr. Y.S. Rajasekhara Reddy ACA-VDCA Cricket Stadium,Large,False,True,94,15,15.666666666666666,93,5.9361702127659575,20,128,35,4.333333333333334,8.076923076923077,4,6,Large
15.5,15,5,100,Deepak Hooda,All-Rounders,Eoin Morgan,Batters,1,False,-0.5,11,Visakhapatnam,Dr. Y.S. Rajasekhara Reddy ACA-VDCA Cricket Stadium,Large,False,True,95,15,15.833333333333334,94,5.936842105263158,20,128,34,4.166666666666666,8.160000000000002,4,6,Large
15.6,15,6,101,Deepak Hooda,All-Rounders,Ravi Bopara,All-Rounders,1,False,-0.5,11,Visakhapatnam,Dr. Y.S. Rajasekhara Reddy ACA-VDCA Cricket Stadium,Large,False,True,96,15,16.0,95,5.9375,20,128,33,4.0,8.25,4,6,Large
16.1,16,1,102,Pravin Tambe,Bowlers,Ravi Bopara,All-Rounders,1,False,-0.5,11,Visakhapatnam,Dr. Y.S. Rajasekhara Reddy ACA-VDCA Cricket Stadium,Large,False,True,97,16,16.166666666666668,96,5.9381443298969065,20,128,32,3.833333333333332,8.347826086956525,4,6,Large
16.2,16,2,103,Pravin Tambe,Bowlers,Eoin Morgan,Batters,0,False,1.0,11,Visakhapatnam,Dr. Y.S. Rajasekhara Reddy ACA-VDCA Cricket Stadium,Large,False,True,98,16,16.333333333333332,96,5.877551020408164,20,128,32,3.666666666666668,8.727272727272725,4,6,Large
16.3,16,3,104,Pravin Tambe,Bowlers,Eoin Morgan,Batters,0,True,5.0,11,Visakhapatnam,Dr. Y.S. Rajasekhara Reddy ACA-VDCA Cricket Stadium,Large,False,True,99,16,16.5,96,5.818181818181818,20,128,32,3.5,9.142857142857142,5,5,Large
16.4,16,4,105,Pravin Tambe,Bowlers,Ashish Reddy,All-Rounders,0,False,1.0,11,Visakhapatnam,Dr. Y.S. Rajasekhara Reddy ACA-VDCA Cricket Stadium,Large,False,True,100,16,16.666666666666668,96,5.76,20,128,32,3.333333333333332,9.600000000000003,5,5,Large
16.5,16,5,106,Pravin Tambe,Bowlers,Ashish Reddy,All-Rounders,1,False,-0.5,11,Visakhapatnam,Dr. Y.S. Rajasekhara Reddy ACA-VDCA Cricket Stadium,Large,False,True,101,16,16.833333333333332,97,5.762376237623763,20,128,31,3.166666666666668,9.789473684210522,5,5,Large
16.6,16,6,107,Pravin Tambe,Bowlers,Ravi Bopara,All-Rounders,1,False,-0.5,11,Visakhapatnam,Dr. Y.S. Rajasekhara Reddy ACA-VDCA Cricket Stadium,Large,False,True,102,16,17.0,98,5.764705882352941,20,128,30,3.0,10.0,5,5,Large
17.1,17,1,108,Chris Morris,All-Rounders,Ravi Bopara,All-Rounders,0,False,1.0,11,Visakhapatnam,Dr. Y.S. Rajasekhara Reddy ACA-VDCA Cricket Stadium,Large,False,True,103,17,17.166666666666668,98,5.708737864077669,20,128,30,2.833333333333332,10.588235294117652,5,5,Large
17.2,17,2,109,Chris Morris,All-Rounders,Ravi Bopara,All-Rounders,0,False,1.0,11,Visakhapatnam,Dr. Y.S. Rajasekhara Reddy ACA-VDCA Cricket Stadium,Large,False,True,104,17,17.333333333333332,98,5.653846153846154,20,128,30,2.666666666666668,11.249999999999996,5,5,Large
17.3,17,3,110,Chris Morris,All-Rounders,Ravi Bopara,All-Rounders,1,False,-0.5,11,Visakhapatnam,Dr. Y.S. Rajasekhara Reddy ACA-VDCA Cricket Stadium,Large,False,True,105,17,17.5,99,5.6571428571428575,20,128,29,2.5,11.6,5,5,Large
17.4,17,4,111,Chris Morris,All-Rounders,Ashish Reddy,All-Rounders,1,False,-0.5,11,Visakhapatnam,Dr. Y.S. Rajasekhara Reddy ACA-VDCA Cricket Stadium,Large,False,True,106,17,17.666666666666668,100,5.660377358490566,20,128,28,2.333333333333332,12.000000000000004,5,5,Large
17.5,17,5,112,Chris Morris,All-Rounders,Ravi Bopara,All-Rounders,4,False,-2.0,11,Visakhapatnam,Dr. Y.S. Rajasekhara Reddy ACA-VDCA Cricket Stadium,Large,False,True,107,17,17.833333333333332,104,5.83177570093458,20,128,24,2.166666666666668,11.076923076923071,5,5,Large
17.6,17,6,113,Chris Morris,All-Rounders,Ravi Bopara,All-Rounders,0,False,1.0,11,Visakhapatnam,Dr. Y.S. Rajasekhara Reddy ACA-VDCA Cricket Stadium,Large,False,True,108,17,18.0,104,5.777777777777778,20,128,24,2.0,12.0,5,5,Large
18.1,18,1,114,Pravin Tambe,Bowlers,Ashish Reddy,All-Rounders,1,False,-0.5,11,Visakhapatnam,Dr. Y.S. Rajasekhara Reddy ACA-VDCA Cricket Stadium,Large,False,True,109,18,18.166666666666668,105,5.779816513761467,20,128,23,1.833333333333332,12.545454545454554,5,5,Large
18.2,18,2,115,Pravin Tambe,Bowlers,Ravi Bopara,All-Rounders,0,False,1.0,11,Visakhapatnam,Dr. Y.S. Rajasekhara Reddy ACA-VDCA Cricket Stadium,Large,False,True,110,18,18.33333333333333,105,5.727272727272728,20,128,23,1.666666666666668,13.79999999999999,5,5,Large
18.3,18,3,116,Pravin Tambe,Bowlers,Ravi Bopara,All-Rounders,6,False,-3.0,11,Visakhapatnam,Dr. Y.S. Rajasekhara Reddy ACA-VDCA Cricket Stadium,Large,False,True,111,18,18.5,111,6.0,20,128,17,1.5,11.333333333333334,5,5,Large
18.4,18,4,117,Pravin Tambe,Bowlers,Ravi Bopara,All-Rounders,2,False,-1.0,11,Visakhapatnam,Dr. Y.S. Rajasekhara Reddy ACA-VDCA Cricket Stadium,Large,False,True,112,18,18.666666666666668,113,6.053571428571428,20,128,15,1.333333333333332,11.25000000000001,5,5,Large
18.5,18,5,118,Pravin Tambe,Bowlers,Ravi Bopara,All-Rounders,1,False,-0.5,11,Visakhapatnam,Dr. Y.S. Rajasekhara Reddy ACA-VDCA Cricket Stadium,Large,False,True,113,18,18.83333333333333,114,6.053097345132744,20,128,14,1.166666666666668,11.999999999999988,5,5,Large
18.6,18,6,119,Pravin Tambe,Bowlers,Ashish Reddy,All-Rounders,1,False,-0.5,11,Visakhapatnam,Dr. Y.S. Rajasekhara Reddy ACA-VDCA Cricket Stadium,Large,False,True,114,18,19.0,115,6.052631578947368,20,128,13,1.0,13.0,5,5,Large
19.1,19,1,120,Tim Southee,Bowlers,Ashish Reddy,All-Rounders,6,False,-3.0,11,Visakhapatnam,Dr. Y.S. Rajasekhara Reddy ACA-VDCA Cricket Stadium,Large,False,True,115,19,19.166666666666668,121,6.3130434782608695,20,128,7,0.8333333333333321,8.400000000000013,5,5,Large
19.2,19,2,121,Tim Southee,Bowlers,Ashish Reddy,All-Rounders,1,False,-0.25,11,Visakhapatnam,Dr. Y.S. Rajasekhara Reddy ACA-VDCA Cricket Stadium,Large,False,True,116,19,19.33333333333333,122,6.310344827586207,20,128,6,0.6666666666666679,8.999999999999984,5,5,Large
19.3,19,3,122,Tim Southee,Bowlers,Ravi Bopara,All-Rounders,1,False,-0.5,11,Visakhapatnam,Dr. Y.S. Rajasekhara Reddy ACA-VDCA Cricket Stadium,Large,False,True,117,19,19.5,123,6.307692307692308,20,128,5,0.5,10.0,5,5,Large
19.4,19,4,123,Tim Southee,Bowlers,Ashish Reddy,All-Rounders,1,False,-0.5,11,Visakhapatnam,Dr. Y.S. Rajasekhara Reddy ACA-VDCA Cricket Stadium,Large,False,True,118,19,19.666666666666668,124,6.305084745762711,20,128,4,0.3333333333333321,12.000000000000044,5,5,Large
19.5,19,5,124,Tim Southee,Bowlers,Ravi Bopara,All-Rounders,1,False,-0.5,11,Visakhapatnam,Dr. Y.S. Rajasekhara Reddy ACA-VDCA Cricket Stadium,Large,False,True,119,19,19.83333333333333,125,6.302521008403362,20,128,3,0.1666666666666678,17.999999999999872,5,5,Large
19.6,19,6,125,Tim Southee,Bowlers,Ashish Reddy,All-Rounders,2,False,-1.0,11,Visakhapatnam,Dr. Y.S. Rajasekhara Reddy ACA-VDCA Cricket Stadium,Large,False,True,120,19,20.0,127,6.35,20,128,1,0.0,inf,5,5,Large
