Ball Number,over,ball,Ball,bowler,bowler_role,batsman,batsman_role,Runs,is_wicket,bowler_score,match_id,city,stadium,Stadium_Type,is_extra,legal_delivery,legal_deliveries_count,overs_completed,overs_bowled,total_runs,current_run_rate,total_overs,target,runs_needed,overs_remaining,required_run_rate,wickets_fallen,wickets_in_hand,Ground_Type
0.1,0,1,1,Ashish Nehra,Bowlers,Lendl Simmons,Batters,0,False,1.0,12,Mumbai,Wankhede Stadium,Medium,False,True,1,0,0.1666666666666666,0,0.0,20,184,184,19.83333333333333,9.277310924369749,0,10,Medium
0.2,0,2,2,Ashish Nehra,Bowlers,Lendl Simmons,Batters,0,False,1.0,12,Mumbai,Wankhede Stadium,Medium,False,True,2,0,0.3333333333333333,0,0.0,20,184,184,19.666666666666668,9.35593220338983,0,10,Medium
0.3,0,3,3,Ashish Nehra,Bowlers,Lendl Simmons,Batters,1,False,-0.5,12,Mumbai,Wankhede Stadium,Medium,False,True,3,0,0.5,1,2.0,20,184,183,19.5,9.384615384615383,0,10,Medium
0.4,0,4,4,Ashish Nehra,Bowlers,Parthiv Patel,Batters,0,True,5.0,12,Mumbai,Wankhede Stadium,Medium,False,True,4,0,0.6666666666666666,1,1.5,20,184,183,19.33333333333333,9.465517241379311,1,9,Medium
0.5,0,5,5,Ashish Nehra,Bowlers,Corey Anderson,All-Rounders,0,False,1.0,12,Mumbai,Wankhede Stadium,Medium,False,True,5,0,0.8333333333333334,1,1.2,20,184,183,19.166666666666668,9.54782608695652,1,9,Medium
0.5,0,5,6,Ashish Nehra,Bowlers,Corey Anderson,All-Rounders,1,False,-1.0,12,Mumbai,Wankhede Stadium,Medium,True,False,5,0,0.8333333333333334,2,2.4,20,184,182,19.166666666666668,9.495652173913044,1,9,Medium
0.6,0,6,7,Ashish Nehra,Bowlers,Corey Anderson,All-Rounders,0,False,1.0,12,Mumbai,Wankhede Stadium,Medium,False,True,6,0,1.0,2,2.0,20,184,182,19.0,9.578947368421051,1,9,Medium
1.1,1,1,8,Ishwar Pandey,Bowlers,Lendl Simmons,Batters,0,False,1.0,12,Mumbai,Wankhede Stadium,Medium,False,True,7,1,1.1666666666666667,2,1.7142857142857142,20,184,182,18.83333333333333,9.663716814159292,1,9,Medium
1.2,1,2,9,Ishwar Pandey,Bowlers,Lendl Simmons,Batters,0,False,1.0,12,Mumbai,Wankhede Stadium,Medium,False,True,8,1,1.3333333333333333,2,1.5,20,184,182,18.666666666666668,9.75,1,9,Medium
1.3,1,3,10,Ishwar Pandey,Bowlers,Lendl Simmons,Batters,0,False,1.0,12,Mumbai,Wankhede Stadium,Medium,False,True,9,1,1.5,2,1.3333333333333333,20,184,182,18.5,9.83783783783784,1,9,Medium
1.4,1,4,11,Ishwar Pandey,Bowlers,Lendl Simmons,Batters,0,False,1.0,12,Mumbai,Wankhede Stadium,Medium,False,True,10,1,1.6666666666666663,2,1.2000000000000002,20,184,182,18.33333333333333,9.927272727272728,1,9,Medium
1.5,1,5,12,Ishwar Pandey,Bowlers,Lendl Simmons,Batters,0,False,1.0,12,Mumbai,Wankhede Stadium,Medium,False,True,11,1,1.8333333333333333,2,1.0909090909090908,20,184,182,18.166666666666668,10.01834862385321,1,9,Medium
1.6,1,6,13,Ishwar Pandey,Bowlers,Lendl Simmons,Batters,0,False,1.0,12,Mumbai,Wankhede Stadium,Medium,False,True,12,1,2.0,2,1.0,20,184,182,18.0,10.11111111111111,1,9,Medium
2.1,2,1,14,Ashish Nehra,Bowlers,Corey Anderson,All-Rounders,0,False,1.0,12,Mumbai,Wankhede Stadium,Medium,False,True,13,2,2.1666666666666665,2,0.9230769230769232,20,184,182,17.833333333333332,10.205607476635514,1,9,Medium
2.2,2,2,15,Ashish Nehra,Bowlers,Corey Anderson,All-Rounders,0,False,1.0,12,Mumbai,Wankhede Stadium,Medium,False,True,14,2,2.333333333333333,2,0.8571428571428571,20,184,182,17.666666666666668,10.30188679245283,1,9,Medium
2.3,2,3,16,Ashish Nehra,Bowlers,Corey Anderson,All-Rounders,4,False,-2.0,12,Mumbai,Wankhede Stadium,Medium,False,True,15,2,2.5,6,2.4,20,184,178,17.5,10.17142857142857,1,9,Medium
2.4,2,4,17,Ashish Nehra,Bowlers,Corey Anderson,All-Rounders,0,False,1.0,12,Mumbai,Wankhede Stadium,Medium,False,True,16,2,2.6666666666666665,6,2.25,20,184,178,17.333333333333332,10.26923076923077,1,9,Medium
2.5,2,5,18,Ashish Nehra,Bowlers,Corey Anderson,All-Rounders,0,True,5.0,12,Mumbai,Wankhede Stadium,Medium,False,True,17,2,2.833333333333333,6,2.117647058823529,20,184,178,17.166666666666668,10.36893203883495,2,8,Medium
2.6,2,6,19,Ashish Nehra,Bowlers,Rohit Sharma,Batters,2,False,-1.0,12,Mumbai,Wankhede Stadium,Medium,False,True,18,2,3.0,8,2.6666666666666665,20,184,176,17.0,10.352941176470589,2,8,Medium
3.1,3,1,20,Ishwar Pandey,Bowlers,Lendl Simmons,Batters,4,False,-2.0,12,Mumbai,Wankhede Stadium,Medium,False,True,19,3,3.1666666666666665,12,3.789473684210527,20,184,172,16.833333333333332,10.217821782178218,2,8,Medium
3.2,3,2,21,Ishwar Pandey,Bowlers,Lendl Simmons,Batters,0,False,1.0,12,Mumbai,Wankhede Stadium,Medium,False,True,20,3,3.333333333333333,12,3.6,20,184,172,16.666666666666668,10.32,2,8,Medium
3.3,3,3,22,Ishwar Pandey,Bowlers,Lendl Simmons,Batters,0,False,1.0,12,Mumbai,Wankhede Stadium,Medium,False,True,21,3,3.5,12,3.4285714285714284,20,184,172,16.5,10.424242424242424,2,8,Medium
3.4,3,4,23,Ishwar Pandey,Bowlers,Lendl Simmons,Batters,0,True,5.0,12,Mumbai,Wankhede Stadium,Medium,False,True,22,3,3.6666666666666665,12,3.272727272727273,20,184,172,16.333333333333332,10.53061224489796,3,7,Medium
3.5,3,5,24,Ishwar Pandey,Bowlers,Harbhajan Singh,Bowlers,1,False,-1.0,12,Mumbai,Wankhede Stadium,Medium,True,False,22,3,3.6666666666666665,13,3.5454545454545454,20,184,171,16.333333333333332,10.469387755102042,3,7,Medium
3.5,3,5,25,Ishwar Pandey,Bowlers,Harbhajan Singh,Bowlers,0,False,1.0,12,Mumbai,Wankhede Stadium,Medium,False,True,23,3,3.8333333333333335,13,3.391304347826087,20,184,171,16.166666666666668,10.577319587628866,3,7,Medium
3.6,3,6,26,Ishwar Pandey,Bowlers,Harbhajan Singh,Bowlers,0,False,1.0,12,Mumbai,Wankhede Stadium,Medium,False,True,24,3,4.0,13,3.25,20,184,171,16.0,10.6875,3,7,Medium
4.1,4,1,27,Ashish Nehra,Bowlers,Rohit Sharma,Batters,2,False,-1.0,12,Mumbai,Wankhede Stadium,Medium,False,True,25,4,4.166666666666667,15,3.6,20,184,169,15.833333333333332,10.673684210526316,3,7,Medium
4.2,4,2,28,Ashish Nehra,Bowlers,Rohit Sharma,Batters,4,False,-2.0,12,Mumbai,Wankhede Stadium,Medium,False,True,26,4,4.333333333333333,19,4.384615384615385,20,184,165,15.666666666666668,10.53191489361702,3,7,Medium
4.3,4,3,29,Ashish Nehra,Bowlers,Rohit Sharma,Batters,0,False,1.0,12,Mumbai,Wankhede Stadium,Medium,False,True,27,4,4.5,19,4.222222222222222,20,184,165,15.5,10.64516129032258,3,7,Medium
4.4,4,4,30,Ashish Nehra,Bowlers,Rohit Sharma,Batters,0,False,1.0,12,Mumbai,Wankhede Stadium,Medium,False,True,28,4,4.666666666666667,19,4.071428571428571,20,184,165,15.333333333333332,10.760869565217392,3,7,Medium
4.5,4,5,31,Ashish Nehra,Bowlers,Rohit Sharma,Batters,0,False,1.0,12,Mumbai,Wankhede Stadium,Medium,False,True,29,4,4.833333333333333,19,3.931034482758621,20,184,165,15.166666666666668,10.879120879120878,3,7,Medium
4.6,4,6,32,Ashish Nehra,Bowlers,Rohit Sharma,Batters,1,False,-0.5,12,Mumbai,Wankhede Stadium,Medium,False,True,30,4,5.0,20,4.0,20,184,164,15.0,10.933333333333334,3,7,Medium
5.1,5,1,33,Mohit Sharma,Bowlers,Rohit Sharma,Batters,4,False,-2.0,12,Mumbai,Wankhede Stadium,Medium,False,True,31,5,5.166666666666667,24,4.64516129032258,20,184,160,14.833333333333332,10.786516853932586,3,7,Medium
5.2,5,2,34,Mohit Sharma,Bowlers,Rohit Sharma,Batters,1,False,-0.5,12,Mumbai,Wankhede Stadium,Medium,False,True,32,5,5.333333333333333,25,4.6875,20,184,159,14.666666666666668,10.84090909090909,3,7,Medium
5.3,5,3,35,Mohit Sharma,Bowlers,Harbhajan Singh,Bowlers,2,False,-1.0,12,Mumbai,Wankhede Stadium,Medium,False,True,33,5,5.5,27,4.909090909090909,20,184,157,14.5,10.827586206896552,3,7,Medium
5.4,5,4,36,Mohit Sharma,Bowlers,Harbhajan Singh,Bowlers,2,False,-1.0,12,Mumbai,Wankhede Stadium,Medium,False,True,34,5,5.666666666666667,29,5.117647058823529,20,184,155,14.333333333333332,10.813953488372094,3,7,Medium
5.5,5,5,37,Mohit Sharma,Bowlers,Harbhajan Singh,Bowlers,2,False,-1.0,12,Mumbai,Wankhede Stadium,Medium,False,True,35,5,5.833333333333333,31,5.314285714285715,20,184,153,14.166666666666668,10.8,3,7,Medium
5.6,5,6,38,Mohit Sharma,Bowlers,Harbhajan Singh,Bowlers,0,False,1.0,12,Mumbai,Wankhede Stadium,Medium,False,True,36,5,6.0,31,5.166666666666667,20,184,153,14.0,10.928571428571429,3,7,Medium
6.1,6,1,39,Ravindra Jadeja,All-Rounders,Rohit Sharma,Batters,0,False,1.0,12,Mumbai,Wankhede Stadium,Medium,False,True,37,6,6.166666666666667,31,5.027027027027027,20,184,153,13.833333333333332,11.060240963855422,3,7,Medium
6.2,6,2,40,Ravindra Jadeja,All-Rounders,Rohit Sharma,Batters,1,False,-0.5,12,Mumbai,Wankhede Stadium,Medium,False,True,38,6,6.333333333333333,32,5.052631578947369,20,184,152,13.666666666666668,11.121951219512194,3,7,Medium
6.3,6,3,41,Ravindra Jadeja,All-Rounders,Harbhajan Singh,Bowlers,0,False,1.0,12,Mumbai,Wankhede Stadium,Medium,False,True,39,6,6.5,32,4.923076923076923,20,184,152,13.5,11.25925925925926,3,7,Medium
6.4,6,4,42,Ravindra Jadeja,All-Rounders,Harbhajan Singh,Bowlers,4,False,-2.0,12,Mumbai,Wankhede Stadium,Medium,False,True,40,6,6.666666666666667,36,5.4,20,184,148,13.333333333333332,11.1,3,7,Medium
6.5,6,5,43,Ravindra Jadeja,All-Rounders,Harbhajan Singh,Bowlers,0,False,1.0,12,Mumbai,Wankhede Stadium,Medium,False,True,41,6,6.833333333333333,36,5.2682926829268295,20,184,148,13.166666666666668,11.240506329113924,3,7,Medium
6.6,6,6,44,Ravindra Jadeja,All-Rounders,Harbhajan Singh,Bowlers,0,False,1.0,12,Mumbai,Wankhede Stadium,Medium,False,True,42,6,7.0,36,5.142857142857143,20,184,148,13.0,11.384615384615383,3,7,Medium
7.1,7,1,45,Mohit Sharma,Bowlers,Rohit Sharma,Batters,4,False,-2.0,12,Mumbai,Wankhede Stadium,Medium,False,True,43,7,7.166666666666667,40,5.5813953488372094,20,184,144,12.833333333333332,11.22077922077922,3,7,Medium
7.2,7,2,46,Mohit Sharma,Bowlers,Rohit Sharma,Batters,1,False,-0.5,12,Mumbai,Wankhede Stadium,Medium,False,True,44,7,7.333333333333333,41,5.590909090909091,20,184,143,12.666666666666668,11.289473684210526,3,7,Medium
7.3,7,3,47,Mohit Sharma,Bowlers,Harbhajan Singh,Bowlers,0,False,1.0,12,Mumbai,Wankhede Stadium,Medium,False,True,45,7,7.5,41,5.466666666666667,20,184,143,12.5,11.44,3,7,Medium
7.4,7,4,48,Mohit Sharma,Bowlers,Harbhajan Singh,Bowlers,1,False,-0.5,12,Mumbai,Wankhede Stadium,Medium,False,True,46,7,7.666666666666667,42,5.478260869565217,20,184,142,12.333333333333332,11.513513513513514,3,7,Medium
7.5,7,5,49,Mohit Sharma,Bowlers,Rohit Sharma,Batters,1,False,-0.5,12,Mumbai,Wankhede Stadium,Medium,False,True,47,7,7.833333333333333,43,5.48936170212766,20,184,141,12.166666666666668,11.58904109589041,3,7,Medium
7.6,7,6,50,Mohit Sharma,Bowlers,Harbhajan Singh,Bowlers,1,False,-0.5,12,Mumbai,Wankhede Stadium,Medium,False,True,48,7,8.0,44,5.5,20,184,140,12.0,11.666666666666666,3,7,Medium
8.1,8,1,51,Ravindra Jadeja,All-Rounders,Harbhajan Singh,Bowlers,6,False,-3.0,12,Mumbai,Wankhede Stadium,Medium,False,True,49,8,8.166666666666666,50,6.122448979591837,20,184,134,11.833333333333334,11.32394366197183,3,7,Medium
8.2,8,2,52,Ravindra Jadeja,All-Rounders,Harbhajan Singh,Bowlers,0,False,1.0,12,Mumbai,Wankhede Stadium,Medium,False,True,50,8,8.333333333333334,50,6.0,20,184,134,11.666666666666666,11.485714285714286,3,7,Medium
8.3,8,3,53,Ravindra Jadeja,All-Rounders,Harbhajan Singh,Bowlers,1,False,-0.5,12,Mumbai,Wankhede Stadium,Medium,False,True,51,8,8.5,51,6.0,20,184,133,11.5,11.565217391304348,3,7,Medium
8.4,8,4,54,Ravindra Jadeja,All-Rounders,Rohit Sharma,Batters,1,False,-0.5,12,Mumbai,Wankhede Stadium,Medium,False,True,52,8,8.666666666666666,52,6.0,20,184,132,11.333333333333334,11.647058823529411,3,7,Medium
8.5,8,5,55,Ravindra Jadeja,All-Rounders,Harbhajan Singh,Bowlers,0,False,1.0,12,Mumbai,Wankhede Stadium,Medium,False,True,53,8,8.833333333333334,52,5.886792452830188,20,184,132,11.166666666666666,11.82089552238806,3,7,Medium
8.6,8,6,56,Ravindra Jadeja,All-Rounders,Harbhajan Singh,Bowlers,1,False,-0.5,12,Mumbai,Wankhede Stadium,Medium,False,True,54,8,9.0,53,5.888888888888889,20,184,131,11.0,11.909090909090908,3,7,Medium
9.1,9,1,57,Mohit Sharma,Bowlers,Harbhajan Singh,Bowlers,0,False,1.0,12,Mumbai,Wankhede Stadium,Medium,False,True,55,9,9.166666666666666,53,5.781818181818182,20,184,131,10.833333333333334,12.092307692307692,3,7,Medium
9.2,9,2,58,Mohit Sharma,Bowlers,Harbhajan Singh,Bowlers,4,False,-2.0,12,Mumbai,Wankhede Stadium,Medium,False,True,56,9,9.333333333333334,57,6.107142857142857,20,184,127,10.666666666666666,11.90625,3,7,Medium
9.3,9,3,59,Mohit Sharma,Bowlers,Harbhajan Singh,Bowlers,0,True,5.0,12,Mumbai,Wankhede Stadium,Medium,False,True,57,9,9.5,57,6.0,20,184,127,10.5,12.095238095238097,4,6,Medium
9.4,9,4,60,Mohit Sharma,Bowlers,Rohit Sharma,Batters,4,False,-2.0,12,Mumbai,Wankhede Stadium,Medium,False,True,58,9,9.666666666666666,61,6.310344827586207,20,184,123,10.333333333333334,11.903225806451612,4,6,Medium
9.5,9,5,61,Mohit Sharma,Bowlers,Rohit Sharma,Batters,0,False,1.0,12,Mumbai,Wankhede Stadium,Medium,False,True,59,9,9.833333333333334,61,6.203389830508474,20,184,123,10.166666666666666,12.098360655737704,4,6,Medium
9.6,9,6,62,Mohit Sharma,Bowlers,Rohit Sharma,Batters,1,False,-0.5,12,Mumbai,Wankhede Stadium,Medium,False,True,60,9,10.0,62,6.2,20,184,122,10.0,12.2,4,6,Medium
10.1,10,1,63,Ravindra Jadeja,All-Rounders,Rohit Sharma,Batters,1,False,-0.5,12,Mumbai,Wankhede Stadium,Medium,False,True,61,10,10.166666666666666,63,6.19672131147541,20,184,121,9.833333333333334,12.305084745762713,4,6,Medium
10.2,10,2,64,Ravindra Jadeja,All-Rounders,Kieron Pollard,All-Rounders,6,False,-3.0,12,Mumbai,Wankhede Stadium,Medium,False,True,62,10,10.333333333333334,69,6.677419354838709,20,184,115,9.666666666666666,11.896551724137932,4,6,Medium
10.3,10,3,65,Ravindra Jadeja,All-Rounders,Kieron Pollard,All-Rounders,0,False,1.0,12,Mumbai,Wankhede Stadium,Medium,False,True,63,10,10.5,69,6.571428571428571,20,184,115,9.5,12.105263157894736,4,6,Medium
10.4,10,4,66,Ravindra Jadeja,All-Rounders,Kieron Pollard,All-Rounders,1,False,-0.5,12,Mumbai,Wankhede Stadium,Medium,False,True,64,10,10.666666666666666,70,6.5625,20,184,114,9.333333333333334,12.214285714285714,4,6,Medium
10.5,10,5,67,Ravindra Jadeja,All-Rounders,Rohit Sharma,Batters,1,False,-0.5,12,Mumbai,Wankhede Stadium,Medium,False,True,65,10,10.833333333333334,71,6.553846153846154,20,184,113,9.166666666666666,12.327272727272728,4,6,Medium
10.6,10,6,68,Ravindra Jadeja,All-Rounders,Kieron Pollard,All-Rounders,0,False,1.0,12,Mumbai,Wankhede Stadium,Medium,False,True,66,10,11.0,71,6.454545454545454,20,184,113,9.0,12.555555555555555,4,6,Medium
11.1,11,1,69,Ravichandran Ashwin,All-Rounders,Rohit Sharma,Batters,6,False,-3.0,12,Mumbai,Wankhede Stadium,Medium,False,True,67,11,11.166666666666666,77,6.895522388059702,20,184,107,8.833333333333334,12.11320754716981,4,6,Medium
11.2,11,2,70,Ravichandran Ashwin,All-Rounders,Rohit Sharma,Batters,2,False,-1.0,12,Mumbai,Wankhede Stadium,Medium,False,True,68,11,11.333333333333334,79,6.970588235294117,20,184,105,8.666666666666666,12.115384615384617,4,6,Medium
11.3,11,3,71,Ravichandran Ashwin,All-Rounders,Rohit Sharma,Batters,1,False,-0.5,12,Mumbai,Wankhede Stadium,Medium,False,True,69,11,11.5,80,6.956521739130435,20,184,104,8.5,12.235294117647058,4,6,Medium
11.4,11,4,72,Ravichandran Ashwin,All-Rounders,Kieron Pollard,All-Rounders,0,False,1.0,12,Mumbai,Wankhede Stadium,Medium,False,True,70,11,11.666666666666666,80,6.857142857142858,20,184,104,8.333333333333334,12.48,4,6,Medium
11.5,11,5,73,Ravichandran Ashwin,All-Rounders,Kieron Pollard,All-Rounders,4,False,-2.0,12,Mumbai,Wankhede Stadium,Medium,False,True,71,11,11.833333333333334,84,7.098591549295774,20,184,100,8.166666666666666,12.244897959183676,4,6,Medium
11.6,11,6,74,Ravichandran Ashwin,All-Rounders,Kieron Pollard,All-Rounders,0,False,1.0,12,Mumbai,Wankhede Stadium,Medium,False,True,72,11,12.0,84,7.0,20,184,100,8.0,12.5,4,6,Medium
12.1,12,1,75,Dwayne Bravo,All-Rounders,Rohit Sharma,Batters,1,False,-0.5,12,Mumbai,Wankhede Stadium,Medium,False,True,73,12,12.166666666666666,85,6.986301369863014,20,184,99,7.833333333333334,12.638297872340424,4,6,Medium
12.2,12,2,76,Dwayne Bravo,All-Rounders,Kieron Pollard,All-Rounders,1,False,-0.5,12,Mumbai,Wankhede Stadium,Medium,False,True,74,12,12.333333333333334,86,6.972972972972973,20,184,98,7.666666666666666,12.782608695652176,4,6,Medium
12.3,12,3,77,Dwayne Bravo,All-Rounders,Rohit Sharma,Batters,1,False,-0.5,12,Mumbai,Wankhede Stadium,Medium,False,True,75,12,12.5,87,6.96,20,184,97,7.5,12.933333333333334,4,6,Medium
12.4,12,4,78,Dwayne Bravo,All-Rounders,Kieron Pollard,All-Rounders,6,False,-3.0,12,Mumbai,Wankhede Stadium,Medium,False,True,76,12,12.666666666666666,93,7.342105263157895,20,184,91,7.333333333333334,12.409090909090908,4,6,Medium
12.5,12,5,79,Dwayne Bravo,All-Rounders,Kieron Pollard,All-Rounders,1,False,-0.5,12,Mumbai,Wankhede Stadium,Medium,False,True,77,12,12.833333333333334,94,7.324675324675324,20,184,90,7.166666666666666,12.558139534883722,4,6,Medium
12.6,12,6,80,Dwayne Bravo,All-Rounders,Rohit Sharma,Batters,4,False,-2.0,12,Mumbai,Wankhede Stadium,Medium,False,True,78,12,13.0,98,7.538461538461538,20,184,86,7.0,12.285714285714286,4,6,Medium
13.1,13,1,81,Ravindra Jadeja,All-Rounders,Kieron Pollard,All-Rounders,6,False,-3.0,12,Mumbai,Wankhede Stadium,Medium,False,True,79,13,13.166666666666666,104,7.89873417721519,20,184,80,6.833333333333334,11.707317073170731,4,6,Medium
13.1,13,1,82,Ravindra Jadeja,All-Rounders,Kieron Pollard,All-Rounders,1,False,-1.0,12,Mumbai,Wankhede Stadium,Medium,True,False,79,13,13.166666666666666,105,7.974683544303798,20,184,79,6.833333333333334,11.560975609756095,4,6,Medium
13.2,13,2,83,Ravindra Jadeja,All-Rounders,Kieron Pollard,All-Rounders,1,False,-1.0,12,Mumbai,Wankhede Stadium,Medium,True,False,79,13,13.166666666666666,106,8.050632911392405,20,184,78,6.833333333333334,11.414634146341465,4,6,Medium
13.2,13,2,84,Ravindra Jadeja,All-Rounders,Kieron Pollard,All-Rounders,1,False,-0.5,12,Mumbai,Wankhede Stadium,Medium,False,True,80,13,13.333333333333334,107,8.025,20,184,77,6.666666666666666,11.55,4,6,Medium
13.3,13,3,85,Ravindra Jadeja,All-Rounders,Rohit Sharma,Batters,1,False,-0.5,12,Mumbai,Wankhede Stadium,Medium,False,True,81,13,13.5,108,8.0,20,184,76,6.5,11.692307692307692,4,6,Medium
13.4,13,4,86,Ravindra Jadeja,All-Rounders,Kieron Pollard,All-Rounders,6,False,-3.0,12,Mumbai,Wankhede Stadium,Medium,False,True,82,13,13.666666666666666,114,8.341463414634147,20,184,70,6.333333333333334,11.052631578947368,4,6,Medium
13.5,13,5,87,Ravindra Jadeja,All-Rounders,Kieron Pollard,All-Rounders,4,False,-2.0,12,Mumbai,Wankhede Stadium,Medium,False,True,83,13,13.833333333333334,118,8.53012048192771,20,184,66,6.166666666666666,10.702702702702704,4,6,Medium
13.6,13,6,88,Ravindra Jadeja,All-Rounders,Kieron Pollard,All-Rounders,6,False,-3.0,12,Mumbai,Wankhede Stadium,Medium,False,True,84,13,14.0,124,8.857142857142858,20,184,60,6.0,10.0,4,6,Medium
14.1,14,1,89,Ashish Nehra,Bowlers,Rohit Sharma,Batters,2,False,-1.0,12,Mumbai,Wankhede Stadium,Medium,False,True,85,14,14.166666666666666,126,8.894117647058824,20,184,58,5.833333333333334,9.94285714285714,4,6,Medium
14.2,14,2,90,Ashish Nehra,Bowlers,Rohit Sharma,Batters,1,False,-0.5,12,Mumbai,Wankhede Stadium,Medium,False,True,86,14,14.333333333333334,127,8.86046511627907,20,184,57,5.666666666666666,10.058823529411766,4,6,Medium
14.3,14,3,91,Ashish Nehra,Bowlers,Kieron Pollard,All-Rounders,2,False,-1.0,12,Mumbai,Wankhede Stadium,Medium,False,True,87,14,14.5,129,8.89655172413793,20,184,55,5.5,10.0,4,6,Medium
14.4,14,4,92,Ashish Nehra,Bowlers,Kieron Pollard,All-Rounders,1,False,-0.5,12,Mumbai,Wankhede Stadium,Medium,False,True,88,14,14.666666666666666,130,8.863636363636363,20,184,54,5.333333333333334,10.124999999999998,4,6,Medium
14.5,14,5,93,Ashish Nehra,Bowlers,Rohit Sharma,Batters,2,False,-1.0,12,Mumbai,Wankhede Stadium,Medium,False,True,89,14,14.833333333333334,132,8.898876404494382,20,184,52,5.166666666666666,10.06451612903226,4,6,Medium
14.6,14,6,94,Ashish Nehra,Bowlers,Rohit Sharma,Batters,0,True,5.0,12,Mumbai,Wankhede Stadium,Medium,False,True,90,14,15.0,132,8.8,20,184,52,5.0,10.4,5,5,Medium
15.1,15,1,95,Dwayne Bravo,All-Rounders,Kieron Pollard,All-Rounders,1,False,-0.5,12,Mumbai,Wankhede Stadium,Medium,False,True,91,15,15.166666666666666,133,8.76923076923077,20,184,51,4.833333333333334,10.551724137931034,5,5,Medium
15.2,15,2,96,Dwayne Bravo,All-Rounders,Ambati Rayudu,Batters,0,False,1.0,12,Mumbai,Wankhede Stadium,Medium,False,True,92,15,15.333333333333334,133,8.67391304347826,20,184,51,4.666666666666666,10.92857142857143,5,5,Medium
15.3,15,3,97,Dwayne Bravo,All-Rounders,Ambati Rayudu,Batters,1,False,-0.5,12,Mumbai,Wankhede Stadium,Medium,False,True,93,15,15.5,134,8.64516129032258,20,184,50,4.5,11.11111111111111,5,5,Medium
15.4,15,4,98,Dwayne Bravo,All-Rounders,Kieron Pollard,All-Rounders,2,False,-1.0,12,Mumbai,Wankhede Stadium,Medium,False,True,94,15,15.666666666666666,136,8.680851063829788,20,184,48,4.333333333333334,11.076923076923077,5,5,Medium
15.5,15,5,99,Dwayne Bravo,All-Rounders,Kieron Pollard,All-Rounders,1,False,-0.5,12,Mumbai,Wankhede Stadium,Medium,False,True,95,15,15.833333333333334,137,8.652631578947368,20,184,47,4.166666666666666,11.28,5,5,Medium
15.6,15,6,100,Dwayne Bravo,All-Rounders,Ambati Rayudu,Batters,1,False,-0.5,12,Mumbai,Wankhede Stadium,Medium,False,True,96,15,16.0,138,8.625,20,184,46,4.0,11.5,5,5,Medium
16.1,16,1,101,Ishwar Pandey,Bowlers,Ambati Rayudu,Batters,4,False,-2.0,12,Mumbai,Wankhede Stadium,Medium,False,True,97,16,16.166666666666668,142,8.783505154639174,20,184,42,3.833333333333332,10.95652173913044,5,5,Medium
16.2,16,2,102,Ishwar Pandey,Bowlers,Ambati Rayudu,Batters,6,False,-3.0,12,Mumbai,Wankhede Stadium,Medium,False,True,98,16,16.333333333333332,148,9.06122448979592,20,184,36,3.666666666666668,9.818181818181817,5,5,Medium
16.3,16,3,103,Ishwar Pandey,Bowlers,Ambati Rayudu,Batters,0,False,1.0,12,Mumbai,Wankhede Stadium,Medium,False,True,99,16,16.5,148,8.969696969696969,20,184,36,3.5,10.285714285714286,5,5,Medium
16.4,16,4,104,Ishwar Pandey,Bowlers,Ambati Rayudu,Batters,1,False,-0.5,12,Mumbai,Wankhede Stadium,Medium,False,True,100,16,16.666666666666668,149,8.94,20,184,35,3.333333333333332,10.500000000000004,5,5,Medium
16.5,16,5,105,Ishwar Pandey,Bowlers,Kieron Pollard,All-Rounders,2,False,-1.0,12,Mumbai,Wankhede Stadium,Medium,False,True,101,16,16.833333333333332,151,8.970297029702971,20,184,33,3.166666666666668,10.421052631578943,5,5,Medium
16.6,16,6,106,Ishwar Pandey,Bowlers,Kieron Pollard,All-Rounders,4,False,-2.0,12,Mumbai,Wankhede Stadium,Medium,False,True,102,16,17.0,155,9.117647058823527,20,184,29,3.0,9.666666666666666,5,5,Medium
17.1,17,1,107,Dwayne Bravo,All-Rounders,Ambati Rayudu,Batters,1,False,-0.25,12,Mumbai,Wankhede Stadium,Medium,False,True,103,17,17.166666666666668,156,9.0873786407767,20,184,28,2.833333333333332,9.882352941176476,5,5,Medium
17.2,17,2,108,Dwayne Bravo,All-Rounders,Kieron Pollard,All-Rounders,2,False,-1.0,12,Mumbai,Wankhede Stadium,Medium,False,True,104,17,17.333333333333332,158,9.115384615384617,20,184,26,2.666666666666668,9.749999999999996,5,5,Medium
17.3,17,3,109,Dwayne Bravo,All-Rounders,Kieron Pollard,All-Rounders,0,False,1.0,12,Mumbai,Wankhede Stadium,Medium,False,True,105,17,17.5,158,9.028571428571428,20,184,26,2.5,10.4,5,5,Medium
17.4,17,4,110,Dwayne Bravo,All-Rounders,Kieron Pollard,All-Rounders,1,False,-0.5,12,Mumbai,Wankhede Stadium,Medium,False,True,106,17,17.666666666666668,159,9.0,20,184,25,2.333333333333332,10.71428571428572,5,5,Medium
17.5,17,5,111,Dwayne Bravo,All-Rounders,Ambati Rayudu,Batters,1,False,-0.5,12,Mumbai,Wankhede Stadium,Medium,False,True,107,17,17.833333333333332,160,8.971962616822431,20,184,24,2.166666666666668,11.076923076923071,5,5,Medium
17.6,17,6,112,Dwayne Bravo,All-Rounders,Kieron Pollard,All-Rounders,0,False,1.0,12,Mumbai,Wankhede Stadium,Medium,False,True,108,17,18.0,160,8.88888888888889,20,184,24,2.0,12.0,5,5,Medium
18.1,18,1,113,Mohit Sharma,Bowlers,Ambati Rayudu,Batters,1,False,-0.5,12,Mumbai,Wankhede Stadium,Medium,False,True,109,18,18.166666666666668,161,8.862385321100916,20,184,23,1.833333333333332,12.545454545454554,5,5,Medium
18.2,18,2,114,Mohit Sharma,Bowlers,Kieron Pollard,All-Rounders,1,False,-0.5,12,Mumbai,Wankhede Stadium,Medium,False,True,110,18,18.33333333333333,162,8.836363636363638,20,184,22,1.666666666666668,13.19999999999999,5,5,Medium
18.3,18,3,115,Mohit Sharma,Bowlers,Ambati Rayudu,Batters,6,False,-3.0,12,Mumbai,Wankhede Stadium,Medium,False,True,111,18,18.5,168,9.08108108108108,20,184,16,1.5,10.666666666666666,5,5,Medium
18.4,18,4,116,Mohit Sharma,Bowlers,Ambati Rayudu,Batters,0,False,1.0,12,Mumbai,Wankhede Stadium,Medium,False,True,112,18,18.666666666666668,168,9.0,20,184,16,1.333333333333332,12.00000000000001,5,5,Medium
18.5,18,5,117,Mohit Sharma,Bowlers,Ambati Rayudu,Batters,6,False,-3.0,12,Mumbai,Wankhede Stadium,Medium,False,True,113,18,18.83333333333333,174,9.238938053097346,20,184,10,1.166666666666668,8.571428571428562,5,5,Medium
18.6,18,6,118,Mohit Sharma,Bowlers,Ambati Rayudu,Batters,1,False,-0.5,12,Mumbai,Wankhede Stadium,Medium,False,True,114,18,19.0,175,9.210526315789474,20,184,9,1.0,9.0,5,5,Medium
19.1,19,1,119,Dwayne Bravo,All-Rounders,Ambati Rayudu,Batters,1,False,-0.5,12,Mumbai,Wankhede Stadium,Medium,False,True,115,19,19.166666666666668,176,9.182608695652174,20,184,8,0.8333333333333321,9.600000000000014,5,5,Medium
19.2,19,2,120,Dwayne Bravo,All-Rounders,Kieron Pollard,All-Rounders,4,False,-2.0,12,Mumbai,Wankhede Stadium,Medium,False,True,116,19,19.33333333333333,180,9.310344827586208,20,184,4,0.6666666666666679,5.999999999999989,5,5,Medium
19.3,19,3,121,Dwayne Bravo,All-Rounders,Kieron Pollard,All-Rounders,1,False,-0.5,12,Mumbai,Wankhede Stadium,Medium,False,True,117,19,19.5,181,9.282051282051285,20,184,3,0.5,6.0,5,5,Medium
19.4,19,4,122,Dwayne Bravo,All-Rounders,Ambati Rayudu,Batters,0,True,5.0,12,Mumbai,Wankhede Stadium,Medium,False,True,118,19,19.666666666666668,181,9.203389830508474,20,184,3,0.3333333333333321,9.000000000000032,6,4,Medium
19.5,19,5,123,Dwayne Bravo,All-Rounders,Kieron Pollard,All-Rounders,0,True,5.0,12,Mumbai,Wankhede Stadium,Medium,False,True,119,19,19.83333333333333,181,9.126050420168069,20,184,3,0.1666666666666678,17.999999999999872,7,3,Medium
19.6,19,6,124,Dwayne Bravo,All-Rounders,Vinay Kumar,Bowlers,2,False,-0.25,12,Mumbai,Wankhede Stadium,Medium,False,True,120,19,20.0,183,9.15,20,184,1,0.0,inf,7,3,Medium
