Ball Number,over,ball,Ball,bowler,bowler_role,batsman,batsman_role,Runs,is_wicket,bowler_score,match_id,city,stadium,Stadium_Type,is_extra,legal_delivery,legal_deliveries_count,overs_completed,overs_bowled,total_runs,current_run_rate,total_overs,target,runs_needed,overs_remaining,required_run_rate,wickets_fallen,wickets_in_hand,Ground_Type
0.1,0,1,1,Umesh Yadav,Bowlers,Murali Vijay,Batters,0,False,1.0,14,Pune,Maharashtra Cricket Association Stadium,Medium,False,True,1,0,0.1666666666666666,0,0.0,20,156,156,19.83333333333333,7.865546218487395,0,10,Medium
0.2,0,2,2,Umesh Yadav,Bowlers,Murali Vijay,Batters,0,False,1.0,14,Pune,Maharashtra Cricket Association Stadium,Medium,False,True,2,0,0.3333333333333333,0,0.0,20,156,156,19.666666666666668,7.932203389830508,0,10,Medium
0.3,0,3,3,Umesh Yadav,Bowlers,Murali Vijay,Batters,0,False,1.0,14,Pune,Maharashtra Cricket Association Stadium,Medium,False,True,3,0,0.5,0,0.0,20,156,156,19.5,8.0,0,10,Medium
0.4,0,4,4,Umesh Yadav,Bowlers,Murali Vijay,Batters,0,True,5.0,14,Pune,Maharashtra Cricket Association Stadium,Medium,False,True,4,0,0.6666666666666666,0,0.0,20,156,156,19.33333333333333,8.068965517241379,1,9,Medium
0.5,0,5,5,Umesh Yadav,Bowlers,Wriddhiman Saha,Batters,0,False,1.0,14,Pune,Maharashtra Cricket Association Stadium,Medium,False,True,5,0,0.8333333333333334,0,0.0,20,156,156,19.166666666666668,8.139130434782608,1,9,Medium
0.6,0,6,6,Umesh Yadav,Bowlers,Wriddhiman Saha,Batters,2,False,-1.0,14,Pune,Maharashtra Cricket Association Stadium,Medium,False,True,6,0,1.0,2,2.0,20,156,154,19.0,8.105263157894736,1,9,Medium
1.1,1,1,7,Morne Morkel,Bowlers,Virender Sehwag,Batters,1,False,-0.5,14,Pune,Maharashtra Cricket Association Stadium,Medium,False,True,7,1,1.1666666666666667,3,2.571428571428571,20,156,153,18.83333333333333,8.123893805309734,1,9,Medium
1.2,1,2,8,Morne Morkel,Bowlers,Wriddhiman Saha,Batters,1,False,-0.25,14,Pune,Maharashtra Cricket Association Stadium,Medium,False,True,8,1,1.3333333333333333,4,3.0,20,156,152,18.666666666666668,8.142857142857142,1,9,Medium
1.3,1,3,9,Morne Morkel,Bowlers,Virender Sehwag,Batters,1,False,-0.5,14,Pune,Maharashtra Cricket Association Stadium,Medium,False,True,9,1,1.5,5,3.333333333333333,20,156,151,18.5,8.162162162162161,1,9,Medium
1.4,1,4,10,Morne Morkel,Bowlers,Wriddhiman Saha,Batters,1,False,-0.5,14,Pune,Maharashtra Cricket Association Stadium,Medium,False,True,10,1,1.6666666666666663,6,3.6000000000000005,20,156,150,18.33333333333333,8.181818181818182,1,9,Medium
1.5,1,5,11,Morne Morkel,Bowlers,Virender Sehwag,Batters,0,False,1.0,14,Pune,Maharashtra Cricket Association Stadium,Medium,False,True,11,1,1.8333333333333333,6,3.2727272727272725,20,156,150,18.166666666666668,8.256880733944953,1,9,Medium
1.6,1,6,12,Morne Morkel,Bowlers,Virender Sehwag,Batters,0,False,1.0,14,Pune,Maharashtra Cricket Association Stadium,Medium,False,True,12,1,2.0,6,3.0,20,156,150,18.0,8.333333333333334,1,9,Medium
2.1,2,1,13,Umesh Yadav,Bowlers,Wriddhiman Saha,Batters,0,False,1.0,14,Pune,Maharashtra Cricket Association Stadium,Medium,False,True,13,2,2.1666666666666665,6,2.7692307692307696,20,156,150,17.833333333333332,8.41121495327103,1,9,Medium
2.2,2,2,14,Umesh Yadav,Bowlers,Wriddhiman Saha,Batters,0,False,1.0,14,Pune,Maharashtra Cricket Association Stadium,Medium,False,True,14,2,2.333333333333333,6,2.571428571428571,20,156,150,17.666666666666668,8.490566037735848,1,9,Medium
2.3,2,3,15,Umesh Yadav,Bowlers,Wriddhiman Saha,Batters,4,False,-2.0,14,Pune,Maharashtra Cricket Association Stadium,Medium,False,True,15,2,2.5,10,4.0,20,156,146,17.5,8.342857142857143,1,9,Medium
2.4,2,4,16,Umesh Yadav,Bowlers,Wriddhiman Saha,Batters,2,False,-1.0,14,Pune,Maharashtra Cricket Association Stadium,Medium,False,True,16,2,2.6666666666666665,12,4.5,20,156,144,17.333333333333332,8.307692307692308,1,9,Medium
2.5,2,5,17,Umesh Yadav,Bowlers,Wriddhiman Saha,Batters,6,False,-3.0,14,Pune,Maharashtra Cricket Association Stadium,Medium,False,True,17,2,2.833333333333333,18,6.352941176470588,20,156,138,17.166666666666668,8.03883495145631,1,9,Medium
2.6,2,6,18,Umesh Yadav,Bowlers,Wriddhiman Saha,Batters,0,False,1.0,14,Pune,Maharashtra Cricket Association Stadium,Medium,False,True,18,2,3.0,18,6.0,20,156,138,17.0,8.117647058823529,1,9,Medium
3.1,3,1,19,Morne Morkel,Bowlers,Virender Sehwag,Batters,0,False,1.0,14,Pune,Maharashtra Cricket Association Stadium,Medium,False,True,19,3,3.1666666666666665,18,5.684210526315789,20,156,138,16.833333333333332,8.198019801980198,1,9,Medium
3.2,3,2,20,Morne Morkel,Bowlers,Virender Sehwag,Batters,0,False,1.0,14,Pune,Maharashtra Cricket Association Stadium,Medium,False,True,20,3,3.333333333333333,18,5.4,20,156,138,16.666666666666668,8.28,1,9,Medium
3.3,3,3,21,Morne Morkel,Bowlers,Virender Sehwag,Batters,4,False,-2.0,14,Pune,Maharashtra Cricket Association Stadium,Medium,False,True,21,3,3.5,22,6.285714285714286,20,156,134,16.5,8.121212121212121,1,9,Medium
3.4,3,4,22,Morne Morkel,Bowlers,Virender Sehwag,Batters,1,False,-0.5,14,Pune,Maharashtra Cricket Association Stadium,Medium,False,True,22,3,3.6666666666666665,23,6.272727272727273,20,156,133,16.333333333333332,8.142857142857144,1,9,Medium
3.5,3,5,23,Morne Morkel,Bowlers,Wriddhiman Saha,Batters,0,True,5.0,14,Pune,Maharashtra Cricket Association Stadium,Medium,False,True,23,3,3.8333333333333335,23,6.0,20,156,133,16.166666666666668,8.22680412371134,2,8,Medium
3.6,3,6,24,Morne Morkel,Bowlers,Glenn Maxwell,All-Rounders,0,False,1.0,14,Pune,Maharashtra Cricket Association Stadium,Medium,False,True,24,3,4.0,23,5.75,20,156,133,16.0,8.3125,2,8,Medium
4.1,4,1,25,Andre Russell,All-Rounders,Virender Sehwag,Batters,4,False,-2.0,14,Pune,Maharashtra Cricket Association Stadium,Medium,False,True,25,4,4.166666666666667,27,6.48,20,156,129,15.833333333333332,8.147368421052633,2,8,Medium
4.2,4,2,26,Andre Russell,All-Rounders,Virender Sehwag,Batters,0,True,5.0,14,Pune,Maharashtra Cricket Association Stadium,Medium,False,True,26,4,4.333333333333333,27,6.230769230769231,20,156,129,15.666666666666668,8.23404255319149,3,7,Medium
4.3,4,3,27,Andre Russell,All-Rounders,George Bailey,Batters,4,False,-2.0,14,Pune,Maharashtra Cricket Association Stadium,Medium,False,True,27,4,4.5,31,6.888888888888889,20,156,125,15.5,8.064516129032258,3,7,Medium
4.4,4,4,28,Andre Russell,All-Rounders,George Bailey,Batters,4,False,-2.0,14,Pune,Maharashtra Cricket Association Stadium,Medium,False,True,28,4,4.666666666666667,35,7.499999999999999,20,156,121,15.333333333333332,7.891304347826088,3,7,Medium
4.5,4,5,29,Andre Russell,All-Rounders,George Bailey,Batters,1,False,-0.5,14,Pune,Maharashtra Cricket Association Stadium,Medium,False,True,29,4,4.833333333333333,36,7.448275862068966,20,156,120,15.166666666666668,7.912087912087911,3,7,Medium
4.6,4,6,30,Andre Russell,All-Rounders,Glenn Maxwell,All-Rounders,1,False,-0.5,14,Pune,Maharashtra Cricket Association Stadium,Medium,False,True,30,4,5.0,37,7.4,20,156,119,15.0,7.933333333333334,3,7,Medium
5.1,5,1,31,Morne Morkel,Bowlers,Glenn Maxwell,All-Rounders,6,False,-3.0,14,Pune,Maharashtra Cricket Association Stadium,Medium,False,True,31,5,5.166666666666667,43,8.32258064516129,20,156,113,14.833333333333332,7.617977528089888,3,7,Medium
5.2,5,2,32,Morne Morkel,Bowlers,Glenn Maxwell,All-Rounders,4,False,-2.0,14,Pune,Maharashtra Cricket Association Stadium,Medium,False,True,32,5,5.333333333333333,47,8.8125,20,156,109,14.666666666666668,7.431818181818182,3,7,Medium
5.3,5,3,33,Morne Morkel,Bowlers,Glenn Maxwell,All-Rounders,1,False,-0.5,14,Pune,Maharashtra Cricket Association Stadium,Medium,False,True,33,5,5.5,48,8.727272727272727,20,156,108,14.5,7.448275862068965,3,7,Medium
5.4,5,4,34,Morne Morkel,Bowlers,George Bailey,Batters,0,False,1.0,14,Pune,Maharashtra Cricket Association Stadium,Medium,False,True,34,5,5.666666666666667,48,8.470588235294118,20,156,108,14.333333333333332,7.5348837209302335,3,7,Medium
5.5,5,5,35,Morne Morkel,Bowlers,George Bailey,Batters,0,False,1.0,14,Pune,Maharashtra Cricket Association Stadium,Medium,False,True,35,5,5.833333333333333,48,8.22857142857143,20,156,108,14.166666666666668,7.623529411764705,3,7,Medium
5.6,5,6,36,Morne Morkel,Bowlers,George Bailey,Batters,0,False,1.0,14,Pune,Maharashtra Cricket Association Stadium,Medium,False,True,36,5,6.0,48,8.0,20,156,108,14.0,7.714285714285714,3,7,Medium
6.1,6,1,37,Sunil Narine,All-Rounders,Glenn Maxwell,All-Rounders,0,False,1.0,14,Pune,Maharashtra Cricket Association Stadium,Medium,False,True,37,6,6.166666666666667,48,7.783783783783783,20,156,108,13.833333333333332,7.807228915662651,3,7,Medium
6.2,6,2,38,Sunil Narine,All-Rounders,Glenn Maxwell,All-Rounders,0,False,1.0,14,Pune,Maharashtra Cricket Association Stadium,Medium,False,True,38,6,6.333333333333333,48,7.578947368421053,20,156,108,13.666666666666668,7.902439024390243,3,7,Medium
6.3,6,3,39,Sunil Narine,All-Rounders,Glenn Maxwell,All-Rounders,0,False,1.0,14,Pune,Maharashtra Cricket Association Stadium,Medium,False,True,39,6,6.5,48,7.384615384615385,20,156,108,13.5,8.0,3,7,Medium
6.4,6,4,40,Sunil Narine,All-Rounders,Glenn Maxwell,All-Rounders,0,False,1.0,14,Pune,Maharashtra Cricket Association Stadium,Medium,False,True,40,6,6.666666666666667,48,7.199999999999999,20,156,108,13.333333333333332,8.100000000000001,3,7,Medium
6.5,6,5,41,Sunil Narine,All-Rounders,Glenn Maxwell,All-Rounders,1,False,-0.5,14,Pune,Maharashtra Cricket Association Stadium,Medium,False,True,41,6,6.833333333333333,49,7.170731707317073,20,156,107,13.166666666666668,8.126582278481012,3,7,Medium
6.6,6,6,42,Sunil Narine,All-Rounders,George Bailey,Batters,1,False,-0.5,14,Pune,Maharashtra Cricket Association Stadium,Medium,False,True,42,6,7.0,50,7.142857142857143,20,156,106,13.0,8.153846153846153,3,7,Medium
7.1,7,1,43,Andre Russell,All-Rounders,George Bailey,Batters,0,False,1.0,14,Pune,Maharashtra Cricket Association Stadium,Medium,False,True,43,7,7.166666666666667,50,6.976744186046512,20,156,106,12.833333333333332,8.25974025974026,3,7,Medium
7.2,7,2,44,Andre Russell,All-Rounders,George Bailey,Batters,0,False,1.0,14,Pune,Maharashtra Cricket Association Stadium,Medium,False,True,44,7,7.333333333333333,50,6.818181818181818,20,156,106,12.666666666666668,8.368421052631579,3,7,Medium
7.3,7,3,45,Andre Russell,All-Rounders,George Bailey,Batters,1,False,-0.5,14,Pune,Maharashtra Cricket Association Stadium,Medium,False,True,45,7,7.5,51,6.8,20,156,105,12.5,8.4,3,7,Medium
7.4,7,4,46,Andre Russell,All-Rounders,Glenn Maxwell,All-Rounders,0,False,1.0,14,Pune,Maharashtra Cricket Association Stadium,Medium,False,True,46,7,7.666666666666667,51,6.652173913043478,20,156,105,12.333333333333332,8.513513513513514,3,7,Medium
7.5,7,5,47,Andre Russell,All-Rounders,Glenn Maxwell,All-Rounders,1,False,-0.5,14,Pune,Maharashtra Cricket Association Stadium,Medium,False,True,47,7,7.833333333333333,52,6.638297872340425,20,156,104,12.166666666666668,8.54794520547945,3,7,Medium
7.6,7,6,48,Andre Russell,All-Rounders,George Bailey,Batters,2,False,-1.0,14,Pune,Maharashtra Cricket Association Stadium,Medium,False,True,48,7,8.0,54,6.75,20,156,102,12.0,8.5,3,7,Medium
8.1,8,1,49,Sunil Narine,All-Rounders,Glenn Maxwell,All-Rounders,1,False,-0.5,14,Pune,Maharashtra Cricket Association Stadium,Medium,False,True,49,8,8.166666666666666,55,6.734693877551021,20,156,101,11.833333333333334,8.535211267605634,3,7,Medium
8.2,8,2,50,Sunil Narine,All-Rounders,George Bailey,Batters,1,False,-0.5,14,Pune,Maharashtra Cricket Association Stadium,Medium,False,True,50,8,8.333333333333334,56,6.72,20,156,100,11.666666666666666,8.571428571428571,3,7,Medium
8.3,8,3,51,Sunil Narine,All-Rounders,Glenn Maxwell,All-Rounders,4,False,-2.0,14,Pune,Maharashtra Cricket Association Stadium,Medium,False,True,51,8,8.5,60,7.0588235294117645,20,156,96,11.5,8.347826086956522,3,7,Medium
8.4,8,4,52,,,,,0,False,0.0,14,Pune,Maharashtra Cricket Association Stadium,Medium,False,True,52,8,8.666666666666666,60,6.923076923076923,20,156,96,11.333333333333334,8.470588235294118,3,7,Medium
8.5,8,5,53,Sunil Narine,All-Rounders,Glenn Maxwell,All-Rounders,4,False,-0.25,14,Pune,Maharashtra Cricket Association Stadium,Medium,False,True,53,8,8.833333333333334,64,7.245283018867924,20,156,92,11.166666666666666,8.238805970149254,3,7,Medium
8.6,8,6,54,Sunil Narine,All-Rounders,Glenn Maxwell,All-Rounders,0,False,1.0,14,Pune,Maharashtra Cricket Association Stadium,Medium,False,True,54,8,9.0,64,7.111111111111111,20,156,92,11.0,8.363636363636363,3,7,Medium
9.1,9,1,55,Andre Russell,All-Rounders,George Bailey,Batters,1,False,-0.5,14,Pune,Maharashtra Cricket Association Stadium,Medium,False,True,55,9,9.166666666666666,65,7.090909090909092,20,156,91,10.833333333333334,8.4,3,7,Medium
9.2,9,2,56,Andre Russell,All-Rounders,Glenn Maxwell,All-Rounders,6,False,-3.0,14,Pune,Maharashtra Cricket Association Stadium,Medium,False,True,56,9,9.333333333333334,71,7.607142857142857,20,156,85,10.666666666666666,7.96875,3,7,Medium
9.3,9,3,57,Andre Russell,All-Rounders,Glenn Maxwell,All-Rounders,1,False,-1.0,14,Pune,Maharashtra Cricket Association Stadium,Medium,True,False,56,9,9.333333333333334,72,7.7142857142857135,20,156,84,10.666666666666666,7.875,3,7,Medium
9.3,9,3,58,Andre Russell,All-Rounders,Glenn Maxwell,All-Rounders,1,False,-1.0,14,Pune,Maharashtra Cricket Association Stadium,Medium,True,False,56,9,9.333333333333334,73,7.821428571428571,20,156,83,10.666666666666666,7.78125,3,7,Medium
9.3,9,3,59,Andre Russell,All-Rounders,Glenn Maxwell,All-Rounders,1,False,-0.5,14,Pune,Maharashtra Cricket Association Stadium,Medium,False,True,57,9,9.5,74,7.7894736842105265,20,156,82,10.5,7.809523809523809,3,7,Medium
9.4,9,4,60,Andre Russell,All-Rounders,George Bailey,Batters,1,False,-0.5,14,Pune,Maharashtra Cricket Association Stadium,Medium,False,True,58,9,9.666666666666666,75,7.758620689655173,20,156,81,10.333333333333334,7.838709677419354,3,7,Medium
9.5,9,5,61,Andre Russell,All-Rounders,Glenn Maxwell,All-Rounders,0,False,1.0,14,Pune,Maharashtra Cricket Association Stadium,Medium,False,True,59,9,9.833333333333334,75,7.627118644067796,20,156,81,10.166666666666666,7.967213114754099,3,7,Medium
9.6,9,6,62,Andre Russell,All-Rounders,Glenn Maxwell,All-Rounders,2,False,-1.0,14,Pune,Maharashtra Cricket Association Stadium,Medium,False,True,60,9,10.0,77,7.7,20,156,79,10.0,7.9,3,7,Medium
10.1,10,1,63,Piyush Chawla,All-Rounders,George Bailey,Batters,1,False,-0.5,14,Pune,Maharashtra Cricket Association Stadium,Medium,False,True,61,10,10.166666666666666,78,7.672131147540984,20,156,78,9.833333333333334,7.932203389830508,3,7,Medium
10.2,10,2,64,Piyush Chawla,All-Rounders,Glenn Maxwell,All-Rounders,1,False,-0.5,14,Pune,Maharashtra Cricket Association Stadium,Medium,False,True,62,10,10.333333333333334,79,7.64516129032258,20,156,77,9.666666666666666,7.9655172413793105,3,7,Medium
10.3,10,3,65,Piyush Chawla,All-Rounders,George Bailey,Batters,0,False,1.0,14,Pune,Maharashtra Cricket Association Stadium,Medium,False,True,63,10,10.5,79,7.523809523809524,20,156,77,9.5,8.105263157894736,3,7,Medium
10.4,10,4,66,Piyush Chawla,All-Rounders,George Bailey,Batters,1,False,-0.5,14,Pune,Maharashtra Cricket Association Stadium,Medium,False,True,64,10,10.666666666666666,80,7.5,20,156,76,9.333333333333334,8.142857142857142,3,7,Medium
10.5,10,5,67,Piyush Chawla,All-Rounders,Glenn Maxwell,All-Rounders,2,False,-1.0,14,Pune,Maharashtra Cricket Association Stadium,Medium,False,True,65,10,10.833333333333334,82,7.569230769230769,20,156,74,9.166666666666666,8.072727272727274,3,7,Medium
10.6,10,6,68,Piyush Chawla,All-Rounders,Glenn Maxwell,All-Rounders,1,False,-0.5,14,Pune,Maharashtra Cricket Association Stadium,Medium,False,True,66,10,11.0,83,7.545454545454546,20,156,73,9.0,8.11111111111111,3,7,Medium
11.1,11,1,69,Umesh Yadav,Bowlers,Glenn Maxwell,All-Rounders,1,False,-0.5,14,Pune,Maharashtra Cricket Association Stadium,Medium,False,True,67,11,11.166666666666666,84,7.522388059701493,20,156,72,8.833333333333334,8.150943396226415,3,7,Medium
11.2,11,2,70,Umesh Yadav,Bowlers,George Bailey,Batters,1,False,-1.0,14,Pune,Maharashtra Cricket Association Stadium,Medium,True,False,67,11,11.166666666666666,85,7.611940298507463,20,156,71,8.833333333333334,8.037735849056602,3,7,Medium
11.2,11,2,71,Umesh Yadav,Bowlers,George Bailey,Batters,4,False,-2.0,14,Pune,Maharashtra Cricket Association Stadium,Medium,False,True,68,11,11.333333333333334,89,7.852941176470588,20,156,67,8.666666666666666,7.730769230769232,3,7,Medium
11.3,11,3,72,Umesh Yadav,Bowlers,George Bailey,Batters,1,False,-0.5,14,Pune,Maharashtra Cricket Association Stadium,Medium,False,True,69,11,11.5,90,7.826086956521739,20,156,66,8.5,7.764705882352941,3,7,Medium
11.4,11,4,73,Umesh Yadav,Bowlers,Glenn Maxwell,All-Rounders,0,True,5.0,14,Pune,Maharashtra Cricket Association Stadium,Medium,False,True,70,11,11.666666666666666,90,7.714285714285714,20,156,66,8.333333333333334,7.919999999999999,4,6,Medium
11.5,11,5,74,Umesh Yadav,Bowlers,George Bailey,Batters,1,False,-0.5,14,Pune,Maharashtra Cricket Association Stadium,Medium,False,True,71,11,11.833333333333334,91,7.690140845070422,20,156,65,8.166666666666666,7.959183673469388,4,6,Medium
11.6,11,6,75,Umesh Yadav,Bowlers,Thisara Perera,All-Rounders,0,False,1.0,14,Pune,Maharashtra Cricket Association Stadium,Medium,False,True,72,11,12.0,91,7.583333333333333,20,156,65,8.0,8.125,4,6,Medium
12.1,12,1,76,Piyush Chawla,All-Rounders,George Bailey,Batters,1,False,-0.5,14,Pune,Maharashtra Cricket Association Stadium,Medium,False,True,73,12,12.166666666666666,92,7.561643835616438,20,156,64,7.833333333333334,8.170212765957446,4,6,Medium
12.2,12,2,77,Piyush Chawla,All-Rounders,Thisara Perera,All-Rounders,1,False,-0.5,14,Pune,Maharashtra Cricket Association Stadium,Medium,False,True,74,12,12.333333333333334,93,7.54054054054054,20,156,63,7.666666666666666,8.217391304347826,4,6,Medium
12.3,12,3,78,Piyush Chawla,All-Rounders,George Bailey,Batters,1,False,-0.5,14,Pune,Maharashtra Cricket Association Stadium,Medium,False,True,75,12,12.5,94,7.52,20,156,62,7.5,8.266666666666667,4,6,Medium
12.4,12,4,79,Piyush Chawla,All-Rounders,Thisara Perera,All-Rounders,1,False,-0.5,14,Pune,Maharashtra Cricket Association Stadium,Medium,False,True,76,12,12.666666666666666,95,7.5,20,156,61,7.333333333333334,8.318181818181818,4,6,Medium
12.5,12,5,80,Piyush Chawla,All-Rounders,George Bailey,Batters,0,False,1.0,14,Pune,Maharashtra Cricket Association Stadium,Medium,False,True,77,12,12.833333333333334,95,7.402597402597403,20,156,61,7.166666666666666,8.511627906976745,4,6,Medium
12.6,12,6,81,Piyush Chawla,All-Rounders,George Bailey,Batters,0,False,1.0,14,Pune,Maharashtra Cricket Association Stadium,Medium,False,True,78,12,13.0,95,7.3076923076923075,20,156,61,7.0,8.714285714285714,4,6,Medium
13.1,13,1,82,Andre Russell,All-Rounders,Thisara Perera,All-Rounders,6,False,-3.0,14,Pune,Maharashtra Cricket Association Stadium,Medium,False,True,79,13,13.166666666666666,101,7.670886075949367,20,156,55,6.833333333333334,8.048780487804878,4,6,Medium
13.2,13,2,83,Andre Russell,All-Rounders,Thisara Perera,All-Rounders,4,False,-0.25,14,Pune,Maharashtra Cricket Association Stadium,Medium,False,True,80,13,13.333333333333334,105,7.875,20,156,51,6.666666666666666,7.65,4,6,Medium
13.3,13,3,84,Andre Russell,All-Rounders,Thisara Perera,All-Rounders,0,False,1.0,14,Pune,Maharashtra Cricket Association Stadium,Medium,False,True,81,13,13.5,105,7.777777777777778,20,156,51,6.5,7.846153846153846,4,6,Medium
13.4,13,4,85,Andre Russell,All-Rounders,Thisara Perera,All-Rounders,1,False,-0.5,14,Pune,Maharashtra Cricket Association Stadium,Medium,False,True,82,13,13.666666666666666,106,7.75609756097561,20,156,50,6.333333333333334,7.894736842105263,4,6,Medium
13.5,13,5,86,Andre Russell,All-Rounders,George Bailey,Batters,1,False,-0.5,14,Pune,Maharashtra Cricket Association Stadium,Medium,False,True,83,13,13.833333333333334,107,7.734939759036144,20,156,49,6.166666666666666,7.945945945945946,4,6,Medium
13.6,13,6,87,Andre Russell,All-Rounders,Thisara Perera,All-Rounders,0,True,5.0,14,Pune,Maharashtra Cricket Association Stadium,Medium,False,True,84,13,14.0,107,7.642857142857143,20,156,49,6.0,8.166666666666666,5,5,Medium
14.1,14,1,88,Piyush Chawla,All-Rounders,George Bailey,Batters,1,False,-0.5,14,Pune,Maharashtra Cricket Association Stadium,Medium,False,True,85,14,14.166666666666666,108,7.623529411764706,20,156,48,5.833333333333334,8.228571428571428,5,5,Medium
14.2,14,2,89,Piyush Chawla,All-Rounders,Gurkeerat Singh Mann,Batters,1,False,-0.5,14,Pune,Maharashtra Cricket Association Stadium,Medium,False,True,86,14,14.333333333333334,109,7.604651162790697,20,156,47,5.666666666666666,8.294117647058824,5,5,Medium
14.3,14,3,90,Piyush Chawla,All-Rounders,George Bailey,Batters,1,False,-0.5,14,Pune,Maharashtra Cricket Association Stadium,Medium,False,True,87,14,14.5,110,7.586206896551724,20,156,46,5.5,8.363636363636363,5,5,Medium
14.4,14,4,91,Piyush Chawla,All-Rounders,Gurkeerat Singh Mann,Batters,0,False,1.0,14,Pune,Maharashtra Cricket Association Stadium,Medium,False,True,88,14,14.666666666666666,110,7.5,20,156,46,5.333333333333334,8.624999999999998,5,5,Medium
14.5,14,5,92,Piyush Chawla,All-Rounders,Gurkeerat Singh Mann,Batters,1,False,-0.5,14,Pune,Maharashtra Cricket Association Stadium,Medium,False,True,89,14,14.833333333333334,111,7.48314606741573,20,156,45,5.166666666666666,8.70967741935484,5,5,Medium
14.6,14,6,93,Piyush Chawla,All-Rounders,George Bailey,Batters,1,False,-0.5,14,Pune,Maharashtra Cricket Association Stadium,Medium,False,True,90,14,15.0,112,7.466666666666667,20,156,44,5.0,8.8,5,5,Medium
15.1,15,1,94,Sunil Narine,All-Rounders,George Bailey,Batters,1,False,-0.5,14,Pune,Maharashtra Cricket Association Stadium,Medium,False,True,91,15,15.166666666666666,113,7.450549450549451,20,156,43,4.833333333333334,8.89655172413793,5,5,Medium
15.2,15,2,95,Sunil Narine,All-Rounders,Gurkeerat Singh Mann,Batters,0,False,1.0,14,Pune,Maharashtra Cricket Association Stadium,Medium,False,True,92,15,15.333333333333334,113,7.369565217391304,20,156,43,4.666666666666666,9.214285714285715,5,5,Medium
15.3,15,3,96,Sunil Narine,All-Rounders,Gurkeerat Singh Mann,Batters,0,False,1.0,14,Pune,Maharashtra Cricket Association Stadium,Medium,False,True,93,15,15.5,113,7.290322580645161,20,156,43,4.5,9.555555555555555,5,5,Medium
15.4,15,4,97,Sunil Narine,All-Rounders,Gurkeerat Singh Mann,Batters,1,False,-0.5,14,Pune,Maharashtra Cricket Association Stadium,Medium,False,True,94,15,15.666666666666666,114,7.276595744680852,20,156,42,4.333333333333334,9.692307692307692,5,5,Medium
15.5,15,5,98,Sunil Narine,All-Rounders,George Bailey,Batters,0,False,1.0,14,Pune,Maharashtra Cricket Association Stadium,Medium,False,True,95,15,15.833333333333334,114,7.199999999999999,20,156,42,4.166666666666666,10.080000000000002,5,5,Medium
15.6,15,6,99,Sunil Narine,All-Rounders,George Bailey,Batters,1,False,-0.5,14,Pune,Maharashtra Cricket Association Stadium,Medium,False,True,96,15,16.0,115,7.1875,20,156,41,4.0,10.25,5,5,Medium
16.1,16,1,100,Piyush Chawla,All-Rounders,George Bailey,Batters,1,False,-0.5,14,Pune,Maharashtra Cricket Association Stadium,Medium,False,True,97,16,16.166666666666668,116,7.175257731958762,20,156,40,3.833333333333332,10.434782608695656,5,5,Medium
16.2,16,2,101,Piyush Chawla,All-Rounders,Gurkeerat Singh Mann,Batters,6,False,-3.0,14,Pune,Maharashtra Cricket Association Stadium,Medium,False,True,98,16,16.333333333333332,122,7.469387755102042,20,156,34,3.666666666666668,9.27272727272727,5,5,Medium
16.3,16,3,102,Piyush Chawla,All-Rounders,Gurkeerat Singh Mann,Batters,1,False,-0.5,14,Pune,Maharashtra Cricket Association Stadium,Medium,False,True,99,16,16.5,123,7.454545454545454,20,156,33,3.5,9.428571428571429,5,5,Medium
16.4,16,4,103,Piyush Chawla,All-Rounders,George Bailey,Batters,0,False,1.0,14,Pune,Maharashtra Cricket Association Stadium,Medium,False,True,100,16,16.666666666666668,123,7.38,20,156,33,3.333333333333332,9.900000000000004,5,5,Medium
16.5,16,5,104,Piyush Chawla,All-Rounders,George Bailey,Batters,0,False,1.0,14,Pune,Maharashtra Cricket Association Stadium,Medium,False,True,101,16,16.833333333333332,123,7.306930693069307,20,156,33,3.166666666666668,10.421052631578943,5,5,Medium
16.6,16,6,105,Piyush Chawla,All-Rounders,George Bailey,Batters,6,False,-3.0,14,Pune,Maharashtra Cricket Association Stadium,Medium,False,True,102,16,17.0,129,7.588235294117647,20,156,27,3.0,9.0,5,5,Medium
17.1,17,1,106,Umesh Yadav,Bowlers,Gurkeerat Singh Mann,Batters,1,False,-0.5,14,Pune,Maharashtra Cricket Association Stadium,Medium,False,True,103,17,17.166666666666668,130,7.572815533980582,20,156,26,2.833333333333332,9.1764705882353,5,5,Medium
17.2,17,2,107,Umesh Yadav,Bowlers,George Bailey,Batters,1,False,-0.5,14,Pune,Maharashtra Cricket Association Stadium,Medium,False,True,104,17,17.333333333333332,131,7.557692307692308,20,156,25,2.666666666666668,9.374999999999996,5,5,Medium
17.3,17,3,108,Umesh Yadav,Bowlers,Gurkeerat Singh Mann,Batters,0,True,5.0,14,Pune,Maharashtra Cricket Association Stadium,Medium,False,True,105,17,17.5,131,7.485714285714286,20,156,25,2.5,10.0,6,4,Medium
17.4,17,4,109,Umesh Yadav,Bowlers,Axar Patel,All-Rounders,1,False,-0.5,14,Pune,Maharashtra Cricket Association Stadium,Medium,False,True,106,17,17.666666666666668,132,7.471698113207546,20,156,24,2.333333333333332,10.285714285714292,6,4,Medium
17.5,17,5,110,Umesh Yadav,Bowlers,George Bailey,Batters,4,False,-2.0,14,Pune,Maharashtra Cricket Association Stadium,Medium,False,True,107,17,17.833333333333332,136,7.626168224299066,20,156,20,2.166666666666668,9.230769230769226,6,4,Medium
17.6,17,6,111,Umesh Yadav,Bowlers,George Bailey,Batters,4,False,-2.0,14,Pune,Maharashtra Cricket Association Stadium,Medium,False,True,108,17,18.0,140,7.777777777777778,20,156,16,2.0,8.0,6,4,Medium
18.1,18,1,112,Sunil Narine,All-Rounders,Axar Patel,All-Rounders,1,False,-0.5,14,Pune,Maharashtra Cricket Association Stadium,Medium,False,True,109,18,18.166666666666668,141,7.761467889908256,20,156,15,1.833333333333332,8.181818181818187,6,4,Medium
18.2,18,2,113,Sunil Narine,All-Rounders,George Bailey,Batters,0,False,1.0,14,Pune,Maharashtra Cricket Association Stadium,Medium,False,True,110,18,18.33333333333333,141,7.690909090909091,20,156,15,1.666666666666668,8.999999999999993,6,4,Medium
18.3,18,3,114,Sunil Narine,All-Rounders,George Bailey,Batters,2,False,-1.0,14,Pune,Maharashtra Cricket Association Stadium,Medium,False,True,111,18,18.5,143,7.72972972972973,20,156,13,1.5,8.666666666666666,6,4,Medium
18.4,18,4,115,Sunil Narine,All-Rounders,George Bailey,Batters,2,False,-1.0,14,Pune,Maharashtra Cricket Association Stadium,Medium,False,True,112,18,18.666666666666668,145,7.767857142857142,20,156,11,1.333333333333332,8.250000000000007,6,4,Medium
18.5,18,5,116,Sunil Narine,All-Rounders,George Bailey,Batters,1,False,-0.5,14,Pune,Maharashtra Cricket Association Stadium,Medium,False,True,113,18,18.83333333333333,146,7.7522123893805315,20,156,10,1.166666666666668,8.571428571428562,6,4,Medium
18.6,18,6,117,Sunil Narine,All-Rounders,Axar Patel,All-Rounders,0,True,5.0,14,Pune,Maharashtra Cricket Association Stadium,Medium,False,True,114,18,19.0,146,7.684210526315789,20,156,10,1.0,10.0,7,3,Medium
19.1,19,1,118,Morne Morkel,Bowlers,Mitchell Johnson,Bowlers,1,False,-0.5,14,Pune,Maharashtra Cricket Association Stadium,Medium,False,True,115,19,19.166666666666668,147,7.669565217391304,20,156,9,0.8333333333333321,10.800000000000017,7,3,Medium
19.2,19,2,119,Morne Morkel,Bowlers,George Bailey,Batters,6,False,-3.0,14,Pune,Maharashtra Cricket Association Stadium,Medium,False,True,116,19,19.33333333333333,153,7.913793103448277,20,156,3,0.6666666666666679,4.499999999999992,7,3,Medium
19.3,19,3,120,Morne Morkel,Bowlers,George Bailey,Batters,0,False,1.0,14,Pune,Maharashtra Cricket Association Stadium,Medium,False,True,117,19,19.5,153,7.846153846153846,20,156,3,0.5,6.0,7,3,Medium
19.4,19,4,121,Morne Morkel,Bowlers,George Bailey,Batters,0,True,5.0,14,Pune,Maharashtra Cricket Association Stadium,Medium,False,True,118,19,19.666666666666668,153,7.779661016949152,20,156,3,0.3333333333333321,9.000000000000032,8,2,Medium
19.5,19,5,122,Morne Morkel,Bowlers,Anureet Singh,Bowlers,1,False,-0.25,14,Pune,Maharashtra Cricket Association Stadium,Medium,False,True,119,19,19.83333333333333,154,7.764705882352942,20,156,2,0.1666666666666678,11.999999999999917,8,2,Medium
19.6,19,6,123,Morne Morkel,Bowlers,Mitchell Johnson,Bowlers,0,True,5.0,14,Pune,Maharashtra Cricket Association Stadium,Medium,False,True,120,19,20.0,154,7.7,20,156,2,0.0,inf,9,1,Medium
