Ball Number,over,ball,Ball,bowler,bowler_role,batsman,batsman_role,Runs,is_wicket,bowler_score,match_id,city,stadium,Stadium_Type,is_extra,legal_delivery,legal_deliveries_count,overs_completed,overs_bowled,total_runs,current_run_rate,total_overs,target,runs_needed,overs_remaining,required_run_rate,wickets_fallen,wickets_in_hand,Ground_Type
0.1,0,1,1,Mitchell Johnson,Bowlers,Shane Watson,All-Rounders,0,True,5.0,18,Motera,Sardar Patel Stadium,Large,False,True,1,0,0.1666666666666666,0,0.0,20,192,192,19.83333333333333,9.680672268907564,1,9,Large
0.1,0,1,2,Chris Morris,All-Rounders,David Miller,Batters,0,True,5.0,18,Motera,Sardar Patel Stadium,Large,False,True,2,0,0.3333333333333333,0,0.0,20,192,192,19.666666666666668,9.76271186440678,2,8,Large
0.2,0,2,3,Mitchell Johnson,Bowlers,Steven Smith,Batters,1,False,-0.5,18,Motera,Sardar Patel Stadium,Large,False,True,3,0,0.5,1,2.0,20,192,191,19.5,9.794871794871796,2,8,Large
0.2,0,2,4,Mitchell Johnson,Bowlers,Steven Smith,Batters,4,False,-2.0,18,Motera,Sardar Patel Stadium,Large,True,False,3,0,0.5,5,10.0,20,192,187,19.5,9.58974358974359,2,8,Large
0.2,0,2,5,Chris Morris,All-Rounders,Glenn Maxwell,All-Rounders,1,False,-0.5,18,Motera,Sardar Patel Stadium,Large,False,True,4,0,0.6666666666666666,6,9.0,20,192,186,19.33333333333333,9.620689655172416,2,8,Large
0.3,0,3,6,Mitchell Johnson,Bowlers,James Faulkner,All-Rounders,0,True,5.0,18,Motera,Sardar Patel Stadium,Large,False,True,5,0,0.8333333333333334,6,7.199999999999999,20,192,186,19.166666666666668,9.704347826086956,3,7,Large
0.3,0,3,7,Chris Morris,All-Rounders,Shaun Marsh,Batters,4,False,-2.0,18,Motera,Sardar Patel Stadium,Large,False,True,6,0,1.0,10,10.0,20,192,182,19.0,9.578947368421051,3,7,Large
0.3,0,3,8,Chris Morris,All-Rounders,Shaun Marsh,Batters,4,False,-2.0,18,Motera,Sardar Patel Stadium,Large,True,False,6,0,1.0,14,14.0,20,192,178,19.0,9.36842105263158,3,7,Large
0.4,0,4,9,Chris Morris,All-Rounders,Shaun Marsh,Batters,4,False,-2.0,18,Motera,Sardar Patel Stadium,Large,False,True,7,1,1.1666666666666667,18,15.428571428571429,20,192,174,18.83333333333333,9.238938053097346,3,7,Large
0.5,0,5,10,Chris Morris,All-Rounders,Shaun Marsh,Batters,0,False,1.0,18,Motera,Sardar Patel Stadium,Large,False,True,8,1,1.3333333333333333,18,13.5,20,192,174,18.666666666666668,9.321428571428571,3,7,Large
0.6,0,6,11,Chris Morris,All-Rounders,Shaun Marsh,Batters,0,True,5.0,18,Motera,Sardar Patel Stadium,Large,False,True,9,1,1.5,18,12.0,20,192,174,18.5,9.405405405405403,4,6,Large
