Ball Number,over,ball,Ball,bowler,bowler_role,batsman,batsman_role,Runs,is_wicket,bowler_score,match_id,city,stadium,Stadium_Type,is_extra,legal_delivery,legal_deliveries_count,overs_completed,overs_bowled,total_runs,current_run_rate,total_overs,target,runs_needed,overs_remaining,required_run_rate,wickets_fallen,wickets_in_hand,Ground_Type
0.1,0,1,1,Nathan Coulter-Nile,All-Rounders,Lendl Simmons,Batters,0,False,1.0,21,Delhi,Arun Jaitley Stadium,Small,False,True,1,0,0.1666666666666666,0,0.0,20,191,191,19.83333333333333,9.630252100840336,0,10,Small
0.2,0,2,2,Nathan Coulter-Nile,All-Rounders,Lendl Simmons,Batters,0,False,1.0,21,Delhi,Arun Jaitley Stadium,Small,False,True,2,0,0.3333333333333333,0,0.0,20,191,191,19.666666666666668,9.71186440677966,0,10,Small
0.3,0,3,3,Nathan Coulter-Nile,All-Rounders,Lendl Simmons,Batters,1,False,-0.5,21,Delhi,Arun Jaitley Stadium,Small,False,True,3,0,0.5,1,2.0,20,191,190,19.5,9.743589743589745,0,10,Small
0.4,0,4,4,Nathan Coulter-Nile,All-Rounders,Parthiv Patel,Batters,0,False,1.0,21,Delhi,Arun Jaitley Stadium,Small,False,True,4,0,0.6666666666666666,1,1.5,20,191,190,19.33333333333333,9.827586206896552,0,10,Small
0.5,0,5,5,Nathan Coulter-Nile,All-Rounders,Parthiv Patel,Batters,4,False,-2.0,21,Delhi,Arun Jaitley Stadium,Small,False,True,5,0,0.8333333333333334,5,6.0,20,191,186,19.166666666666668,9.704347826086956,0,10,Small
0.6,0,6,6,Nathan Coulter-Nile,All-Rounders,Parthiv Patel,Batters,1,False,-1.0,21,Delhi,Arun Jaitley Stadium,Small,True,False,5,0,0.8333333333333334,6,7.199999999999999,20,191,185,19.166666666666668,9.652173913043478,0,10,Small
0.6,0,6,7,Nathan Coulter-Nile,All-Rounders,Parthiv Patel,Batters,1,False,-0.5,21,Delhi,Arun Jaitley Stadium,Small,False,True,6,0,1.0,7,7.0,20,191,184,19.0,9.68421052631579,0,10,Small
1.1,1,1,8,Domnic Muthuswami,,Parthiv Patel,Batters,0,False,1.0,21,Delhi,Arun Jaitley Stadium,Small,False,True,7,1,1.1666666666666667,7,6.0,20,191,184,18.83333333333333,9.76991150442478,0,10,Small
1.2,1,2,9,Domnic Muthuswami,,Parthiv Patel,Batters,0,False,1.0,21,Delhi,Arun Jaitley Stadium,Small,False,True,8,1,1.3333333333333333,7,5.25,20,191,184,18.666666666666668,9.857142857142856,0,10,Small
1.3,1,3,10,Domnic Muthuswami,,Parthiv Patel,Batters,0,False,1.0,21,Delhi,Arun Jaitley Stadium,Small,False,True,9,1,1.5,7,4.666666666666667,20,191,184,18.5,9.945945945945946,0,10,Small
1.4,1,4,11,Domnic Muthuswami,,Parthiv Patel,Batters,0,False,1.0,21,Delhi,Arun Jaitley Stadium,Small,False,True,10,1,1.6666666666666663,7,4.2,20,191,184,18.33333333333333,10.036363636363635,0,10,Small
1.5,1,5,12,Domnic Muthuswami,,Parthiv Patel,Batters,3,False,-1.5,21,Delhi,Arun Jaitley Stadium,Small,False,True,11,1,1.8333333333333333,10,5.454545454545454,20,191,181,18.166666666666668,9.963302752293576,0,10,Small
1.6,1,6,13,Domnic Muthuswami,,Lendl Simmons,Batters,1,False,-0.5,21,Delhi,Arun Jaitley Stadium,Small,False,True,12,1,2.0,11,5.5,20,191,180,18.0,10.0,0,10,Small
2.1,2,1,14,Nathan Coulter-Nile,All-Rounders,Lendl Simmons,Batters,1,False,-1.0,21,Delhi,Arun Jaitley Stadium,Small,True,False,12,1,2.0,12,6.0,20,191,179,18.0,9.944444444444445,0,10,Small
2.1,2,1,15,Nathan Coulter-Nile,All-Rounders,Lendl Simmons,Batters,1,False,-1.0,21,Delhi,Arun Jaitley Stadium,Small,True,False,12,1,2.0,13,6.5,20,191,178,18.0,9.88888888888889,0,10,Small
2.1,2,1,16,Nathan Coulter-Nile,All-Rounders,Lendl Simmons,Batters,0,False,1.0,21,Delhi,Arun Jaitley Stadium,Small,False,True,13,2,2.1666666666666665,13,6.0,20,191,178,17.833333333333332,9.981308411214954,0,10,Small
2.2,2,2,17,Nathan Coulter-Nile,All-Rounders,Lendl Simmons,Batters,4,False,-2.0,21,Delhi,Arun Jaitley Stadium,Small,False,True,14,2,2.333333333333333,17,7.285714285714286,20,191,174,17.666666666666668,9.849056603773583,0,10,Small
2.3,2,3,18,Nathan Coulter-Nile,All-Rounders,Lendl Simmons,Batters,0,False,1.0,21,Delhi,Arun Jaitley Stadium,Small,False,True,15,2,2.5,17,6.8,20,191,174,17.5,9.942857142857145,0,10,Small
2.4,2,4,19,Nathan Coulter-Nile,All-Rounders,Lendl Simmons,Batters,0,False,1.0,21,Delhi,Arun Jaitley Stadium,Small,False,True,16,2,2.6666666666666665,17,6.375,20,191,174,17.333333333333332,10.038461538461538,0,10,Small
2.5,2,5,20,Nathan Coulter-Nile,All-Rounders,Lendl Simmons,Batters,4,False,-2.0,21,Delhi,Arun Jaitley Stadium,Small,False,True,17,2,2.833333333333333,21,7.411764705882352,20,191,170,17.166666666666668,9.902912621359222,0,10,Small
2.6,2,6,21,Nathan Coulter-Nile,All-Rounders,Lendl Simmons,Batters,0,False,1.0,21,Delhi,Arun Jaitley Stadium,Small,False,True,18,2,3.0,21,7.0,20,191,170,17.0,10.0,0,10,Small
3.1,3,1,22,Jean-Paul Duminy,All-Rounders,Parthiv Patel,Batters,4,False,-2.0,21,Delhi,Arun Jaitley Stadium,Small,False,True,19,3,3.1666666666666665,25,7.894736842105264,20,191,166,16.833333333333332,9.86138613861386,0,10,Small
3.2,3,2,23,Jean-Paul Duminy,All-Rounders,Parthiv Patel,Batters,4,False,-2.0,21,Delhi,Arun Jaitley Stadium,Small,False,True,20,3,3.333333333333333,29,8.7,20,191,162,16.666666666666668,9.72,0,10,Small
3.3,3,3,24,Jean-Paul Duminy,All-Rounders,Parthiv Patel,Batters,0,False,1.0,21,Delhi,Arun Jaitley Stadium,Small,False,True,21,3,3.5,29,8.285714285714286,20,191,162,16.5,9.818181818181818,0,10,Small
3.4,3,4,25,Jean-Paul Duminy,All-Rounders,Parthiv Patel,Batters,1,False,-0.5,21,Delhi,Arun Jaitley Stadium,Small,False,True,22,3,3.6666666666666665,30,8.181818181818182,20,191,161,16.333333333333332,9.857142857142858,0,10,Small
3.5,3,5,26,Jean-Paul Duminy,All-Rounders,Lendl Simmons,Batters,4,False,-2.0,21,Delhi,Arun Jaitley Stadium,Small,False,True,23,3,3.8333333333333335,34,8.869565217391305,20,191,157,16.166666666666668,9.711340206185566,0,10,Small
3.6,3,6,27,Jean-Paul Duminy,All-Rounders,Lendl Simmons,Batters,1,False,-0.5,21,Delhi,Arun Jaitley Stadium,Small,False,True,24,3,4.0,35,8.75,20,191,156,16.0,9.75,0,10,Small
4.1,4,1,28,Domnic Muthuswami,,Lendl Simmons,Batters,0,False,1.0,21,Delhi,Arun Jaitley Stadium,Small,False,True,25,4,4.166666666666667,35,8.399999999999999,20,191,156,15.833333333333332,9.852631578947369,0,10,Small
4.2,4,2,29,Domnic Muthuswami,,Lendl Simmons,Batters,0,True,5.0,21,Delhi,Arun Jaitley Stadium,Small,False,True,26,4,4.333333333333333,35,8.076923076923077,20,191,156,15.666666666666668,9.957446808510635,1,9,Small
4.3,4,3,30,Domnic Muthuswami,,Parthiv Patel,Batters,1,False,-0.5,21,Delhi,Arun Jaitley Stadium,Small,False,True,27,4,4.5,36,8.0,20,191,155,15.5,10.0,1,9,Small
4.4,4,4,31,Domnic Muthuswami,,Unmukt Chand,Batters,2,False,-1.0,21,Delhi,Arun Jaitley Stadium,Small,False,True,28,4,4.666666666666667,38,8.142857142857142,20,191,153,15.333333333333332,9.97826086956522,1,9,Small
4.5,4,5,32,Domnic Muthuswami,,Unmukt Chand,Batters,0,False,1.0,21,Delhi,Arun Jaitley Stadium,Small,False,True,29,4,4.833333333333333,38,7.862068965517242,20,191,153,15.166666666666668,10.087912087912088,1,9,Small
4.6,4,6,33,Domnic Muthuswami,,Unmukt Chand,Batters,0,False,1.0,21,Delhi,Arun Jaitley Stadium,Small,False,True,30,4,5.0,38,7.6,20,191,153,15.0,10.2,1,9,Small
5.1,5,1,34,Angelo Mathews,All-Rounders,Parthiv Patel,Batters,0,False,1.0,21,Delhi,Arun Jaitley Stadium,Small,False,True,31,5,5.166666666666667,38,7.354838709677419,20,191,153,14.833333333333332,10.314606741573035,1,9,Small
5.2,5,2,35,Angelo Mathews,All-Rounders,Parthiv Patel,Batters,0,False,1.0,21,Delhi,Arun Jaitley Stadium,Small,False,True,32,5,5.333333333333333,38,7.125,20,191,153,14.666666666666668,10.431818181818182,1,9,Small
5.3,5,3,36,Angelo Mathews,All-Rounders,Parthiv Patel,Batters,4,False,-2.0,21,Delhi,Arun Jaitley Stadium,Small,False,True,33,5,5.5,42,7.636363636363637,20,191,149,14.5,10.275862068965518,1,9,Small
5.4,5,4,37,Angelo Mathews,All-Rounders,Parthiv Patel,Batters,6,False,-3.0,21,Delhi,Arun Jaitley Stadium,Small,False,True,34,5,5.666666666666667,48,8.470588235294118,20,191,143,14.333333333333332,9.976744186046512,1,9,Small
5.5,5,5,38,Angelo Mathews,All-Rounders,Parthiv Patel,Batters,0,False,1.0,21,Delhi,Arun Jaitley Stadium,Small,False,True,35,5,5.833333333333333,48,8.22857142857143,20,191,143,14.166666666666668,10.094117647058823,1,9,Small
5.6,5,6,39,Angelo Mathews,All-Rounders,Parthiv Patel,Batters,0,True,5.0,21,Delhi,Arun Jaitley Stadium,Small,False,True,36,5,6.0,48,8.0,20,191,143,14.0,10.214285714285714,2,8,Small
6.1,6,1,40,Amit Mishra,Bowlers,Rohit Sharma,Batters,1,False,-0.5,21,Delhi,Arun Jaitley Stadium,Small,False,True,37,6,6.166666666666667,49,7.945945945945946,20,191,142,13.833333333333332,10.265060240963855,2,8,Small
6.2,6,2,41,Amit Mishra,Bowlers,Unmukt Chand,Batters,1,False,-0.5,21,Delhi,Arun Jaitley Stadium,Small,False,True,38,6,6.333333333333333,50,7.894736842105264,20,191,141,13.666666666666668,10.317073170731708,2,8,Small
6.3,6,3,42,Amit Mishra,Bowlers,Rohit Sharma,Batters,1,False,-0.5,21,Delhi,Arun Jaitley Stadium,Small,False,True,39,6,6.5,51,7.846153846153846,20,191,140,13.5,10.37037037037037,2,8,Small
6.4,6,4,43,Amit Mishra,Bowlers,Unmukt Chand,Batters,4,False,-2.0,21,Delhi,Arun Jaitley Stadium,Small,False,True,40,6,6.666666666666667,55,8.25,20,191,136,13.333333333333332,10.2,2,8,Small
6.5,6,5,44,Amit Mishra,Bowlers,Unmukt Chand,Batters,2,False,-1.0,21,Delhi,Arun Jaitley Stadium,Small,True,False,40,6,6.666666666666667,57,8.549999999999999,20,191,134,13.333333333333332,10.05,2,8,Small
6.5,6,5,45,Amit Mishra,Bowlers,Rohit Sharma,Batters,1,False,-0.5,21,Delhi,Arun Jaitley Stadium,Small,False,True,41,6,6.833333333333333,58,8.487804878048781,20,191,133,13.166666666666668,10.101265822784807,2,8,Small
6.6,6,6,46,Amit Mishra,Bowlers,Unmukt Chand,Batters,1,False,-0.5,21,Delhi,Arun Jaitley Stadium,Small,False,True,42,6,7.0,59,8.428571428571429,20,191,132,13.0,10.153846153846152,2,8,Small
7.1,7,1,47,Shahbaz Nadeem,Bowlers,Unmukt Chand,Batters,1,False,-0.5,21,Delhi,Arun Jaitley Stadium,Small,False,True,43,7,7.166666666666667,60,8.372093023255813,20,191,131,12.833333333333332,10.207792207792208,2,8,Small
7.2,7,2,48,Shahbaz Nadeem,Bowlers,Rohit Sharma,Batters,0,False,1.0,21,Delhi,Arun Jaitley Stadium,Small,False,True,44,7,7.333333333333333,60,8.181818181818182,20,191,131,12.666666666666668,10.342105263157894,2,8,Small
7.3,7,3,49,Shahbaz Nadeem,Bowlers,Rohit Sharma,Batters,1,False,-0.5,21,Delhi,Arun Jaitley Stadium,Small,False,True,45,7,7.5,61,8.133333333333333,20,191,130,12.5,10.4,2,8,Small
7.4,7,4,50,Shahbaz Nadeem,Bowlers,Unmukt Chand,Batters,0,False,1.0,21,Delhi,Arun Jaitley Stadium,Small,False,True,46,7,7.666666666666667,61,7.956521739130435,20,191,130,12.333333333333332,10.540540540540542,2,8,Small
7.5,7,5,51,Shahbaz Nadeem,Bowlers,Unmukt Chand,Batters,1,False,-1.0,21,Delhi,Arun Jaitley Stadium,Small,True,False,46,7,7.666666666666667,62,8.08695652173913,20,191,129,12.333333333333332,10.45945945945946,2,8,Small
7.5,7,5,52,Shahbaz Nadeem,Bowlers,Unmukt Chand,Batters,1,False,-0.5,21,Delhi,Arun Jaitley Stadium,Small,False,True,47,7,7.833333333333333,63,8.042553191489363,20,191,128,12.166666666666668,10.52054794520548,2,8,Small
7.5,7,5,53,Shahbaz Nadeem,Bowlers,Unmukt Chand,Batters,1,False,-1.0,21,Delhi,Arun Jaitley Stadium,Small,True,False,47,7,7.833333333333333,64,8.170212765957448,20,191,127,12.166666666666668,10.43835616438356,2,8,Small
7.6,7,6,54,Shahbaz Nadeem,Bowlers,Rohit Sharma,Batters,0,False,1.0,21,Delhi,Arun Jaitley Stadium,Small,False,True,48,7,8.0,64,8.0,20,191,127,12.0,10.583333333333334,2,8,Small
8.1,8,1,55,Amit Mishra,Bowlers,Unmukt Chand,Batters,4,False,-2.0,21,Delhi,Arun Jaitley Stadium,Small,False,True,49,8,8.166666666666666,68,8.326530612244898,20,191,123,11.833333333333334,10.394366197183098,2,8,Small
8.2,8,2,56,Amit Mishra,Bowlers,Unmukt Chand,Batters,0,True,5.0,21,Delhi,Arun Jaitley Stadium,Small,False,True,50,8,8.333333333333334,68,8.16,20,191,123,11.666666666666666,10.542857142857144,3,7,Small
8.3,8,3,57,Amit Mishra,Bowlers,Kieron Pollard,All-Rounders,1,False,-0.5,21,Delhi,Arun Jaitley Stadium,Small,False,True,51,8,8.5,69,8.117647058823529,20,191,122,11.5,10.608695652173912,3,7,Small
8.4,8,4,58,Amit Mishra,Bowlers,Rohit Sharma,Batters,1,False,-0.5,21,Delhi,Arun Jaitley Stadium,Small,False,True,52,8,8.666666666666666,70,8.076923076923077,20,191,121,11.333333333333334,10.676470588235292,3,7,Small
8.5,8,5,59,Amit Mishra,Bowlers,Kieron Pollard,All-Rounders,0,False,1.0,21,Delhi,Arun Jaitley Stadium,Small,False,True,53,8,8.833333333333334,70,7.924528301886792,20,191,121,11.166666666666666,10.835820895522389,3,7,Small
8.6,8,6,60,,,,,0,False,0.0,21,Delhi,Arun Jaitley Stadium,Small,False,True,54,8,9.0,70,7.777777777777778,20,191,121,11.0,11.0,3,7,Small
9.1,9,1,61,Imran Tahir,Bowlers,Rohit Sharma,Batters,1,False,-0.5,21,Delhi,Arun Jaitley Stadium,Small,False,True,55,9,9.166666666666666,71,7.745454545454546,20,191,120,10.833333333333334,11.076923076923077,3,7,Small
9.2,9,2,62,Imran Tahir,Bowlers,Kieron Pollard,All-Rounders,0,False,1.0,21,Delhi,Arun Jaitley Stadium,Small,False,True,56,9,9.333333333333334,71,7.607142857142857,20,191,120,10.666666666666666,11.25,3,7,Small
9.3,9,3,63,Imran Tahir,Bowlers,Kieron Pollard,All-Rounders,1,False,-0.5,21,Delhi,Arun Jaitley Stadium,Small,False,True,57,9,9.5,72,7.578947368421052,20,191,119,10.5,11.333333333333334,3,7,Small
9.4,9,4,64,Imran Tahir,Bowlers,Rohit Sharma,Batters,1,False,-0.5,21,Delhi,Arun Jaitley Stadium,Small,False,True,58,9,9.666666666666666,73,7.551724137931035,20,191,118,10.333333333333334,11.419354838709676,3,7,Small
9.5,9,5,65,Imran Tahir,Bowlers,Kieron Pollard,All-Rounders,6,False,-3.0,21,Delhi,Arun Jaitley Stadium,Small,False,True,59,9,9.833333333333334,79,8.033898305084746,20,191,112,10.166666666666666,11.01639344262295,3,7,Small
9.6,9,6,66,Imran Tahir,Bowlers,Kieron Pollard,All-Rounders,0,False,1.0,21,Delhi,Arun Jaitley Stadium,Small,False,True,60,9,10.0,79,7.9,20,191,112,10.0,11.2,3,7,Small
10.1,10,1,67,Amit Mishra,Bowlers,Rohit Sharma,Batters,1,False,-0.5,21,Delhi,Arun Jaitley Stadium,Small,False,True,61,10,10.166666666666666,80,7.868852459016394,20,191,111,9.833333333333334,11.28813559322034,3,7,Small
10.2,10,2,68,Amit Mishra,Bowlers,Kieron Pollard,All-Rounders,0,True,5.0,21,Delhi,Arun Jaitley Stadium,Small,False,True,62,10,10.333333333333334,80,7.741935483870967,20,191,111,9.666666666666666,11.482758620689657,4,6,Small
10.3,10,3,69,Amit Mishra,Bowlers,Rohit Sharma,Batters,1,False,-0.5,21,Delhi,Arun Jaitley Stadium,Small,False,True,63,10,10.5,81,7.714285714285714,20,191,110,9.5,11.578947368421051,4,6,Small
10.4,10,4,70,Amit Mishra,Bowlers,Ambati Rayudu,Batters,1,False,-0.5,21,Delhi,Arun Jaitley Stadium,Small,False,True,64,10,10.666666666666666,82,7.6875,20,191,109,9.333333333333334,11.678571428571429,4,6,Small
10.5,10,5,71,Amit Mishra,Bowlers,Rohit Sharma,Batters,0,False,1.0,21,Delhi,Arun Jaitley Stadium,Small,False,True,65,10,10.833333333333334,82,7.569230769230769,20,191,109,9.166666666666666,11.890909090909092,4,6,Small
10.6,10,6,72,Amit Mishra,Bowlers,Rohit Sharma,Batters,0,False,1.0,21,Delhi,Arun Jaitley Stadium,Small,False,True,66,10,11.0,82,7.454545454545454,20,191,109,9.0,12.11111111111111,4,6,Small
11.1,11,1,73,Shahbaz Nadeem,Bowlers,Ambati Rayudu,Batters,1,False,-0.5,21,Delhi,Arun Jaitley Stadium,Small,False,True,67,11,11.166666666666666,83,7.432835820895523,20,191,108,8.833333333333334,12.226415094339622,4,6,Small
11.2,11,2,74,Shahbaz Nadeem,Bowlers,Rohit Sharma,Batters,1,False,-0.5,21,Delhi,Arun Jaitley Stadium,Small,False,True,68,11,11.333333333333334,84,7.411764705882352,20,191,107,8.666666666666666,12.346153846153848,4,6,Small
11.3,11,3,75,Shahbaz Nadeem,Bowlers,Ambati Rayudu,Batters,0,False,1.0,21,Delhi,Arun Jaitley Stadium,Small,False,True,69,11,11.5,84,7.304347826086956,20,191,107,8.5,12.588235294117649,4,6,Small
11.4,11,4,76,Shahbaz Nadeem,Bowlers,Ambati Rayudu,Batters,0,False,1.0,21,Delhi,Arun Jaitley Stadium,Small,False,True,70,11,11.666666666666666,84,7.2,20,191,107,8.333333333333334,12.84,4,6,Small
11.5,11,5,77,Shahbaz Nadeem,Bowlers,Ambati Rayudu,Batters,1,False,-0.5,21,Delhi,Arun Jaitley Stadium,Small,False,True,71,11,11.833333333333334,85,7.183098591549295,20,191,106,8.166666666666666,12.979591836734697,4,6,Small
11.6,11,6,78,Shahbaz Nadeem,Bowlers,Rohit Sharma,Batters,2,False,-1.0,21,Delhi,Arun Jaitley Stadium,Small,False,True,72,11,12.0,87,7.25,20,191,104,8.0,13.0,4,6,Small
12.1,12,1,79,Amit Mishra,Bowlers,Ambati Rayudu,Batters,0,False,1.0,21,Delhi,Arun Jaitley Stadium,Small,False,True,73,12,12.166666666666666,87,7.1506849315068495,20,191,104,7.833333333333334,13.27659574468085,4,6,Small
12.2,12,2,80,Amit Mishra,Bowlers,Ambati Rayudu,Batters,2,False,-1.0,21,Delhi,Arun Jaitley Stadium,Small,False,True,74,12,12.333333333333334,89,7.216216216216216,20,191,102,7.666666666666666,13.304347826086955,4,6,Small
12.3,12,3,81,Amit Mishra,Bowlers,Ambati Rayudu,Batters,1,False,-0.25,21,Delhi,Arun Jaitley Stadium,Small,False,True,75,12,12.5,90,7.2,20,191,101,7.5,13.466666666666669,4,6,Small
12.4,12,4,82,Amit Mishra,Bowlers,Rohit Sharma,Batters,2,False,-1.0,21,Delhi,Arun Jaitley Stadium,Small,False,True,76,12,12.666666666666666,92,7.263157894736842,20,191,99,7.333333333333334,13.499999999999998,4,6,Small
12.5,12,5,83,Amit Mishra,Bowlers,Rohit Sharma,Batters,6,False,-3.0,21,Delhi,Arun Jaitley Stadium,Small,False,True,77,12,12.833333333333334,98,7.636363636363636,20,191,93,7.166666666666666,12.976744186046512,4,6,Small
12.6,12,6,84,Amit Mishra,Bowlers,Rohit Sharma,Batters,0,False,1.0,21,Delhi,Arun Jaitley Stadium,Small,False,True,78,12,13.0,98,7.538461538461538,20,191,93,7.0,13.285714285714286,4,6,Small
13.1,13,1,85,Shahbaz Nadeem,Bowlers,Ambati Rayudu,Batters,1,False,-0.5,21,Delhi,Arun Jaitley Stadium,Small,False,True,79,13,13.166666666666666,99,7.518987341772152,20,191,92,6.833333333333334,13.46341463414634,4,6,Small
13.2,13,2,86,Shahbaz Nadeem,Bowlers,Rohit Sharma,Batters,6,False,-3.0,21,Delhi,Arun Jaitley Stadium,Small,False,True,80,13,13.333333333333334,105,7.875,20,191,86,6.666666666666666,12.9,4,6,Small
13.3,13,3,87,Shahbaz Nadeem,Bowlers,Rohit Sharma,Batters,0,False,1.0,21,Delhi,Arun Jaitley Stadium,Small,False,True,81,13,13.5,105,7.777777777777778,20,191,86,6.5,13.23076923076923,4,6,Small
13.4,13,4,88,Shahbaz Nadeem,Bowlers,Rohit Sharma,Batters,1,False,-0.5,21,Delhi,Arun Jaitley Stadium,Small,False,True,82,13,13.666666666666666,106,7.75609756097561,20,191,85,6.333333333333334,13.421052631578949,4,6,Small
13.5,13,5,89,Shahbaz Nadeem,Bowlers,Ambati Rayudu,Batters,6,False,-3.0,21,Delhi,Arun Jaitley Stadium,Small,False,True,83,13,13.833333333333334,112,8.096385542168674,20,191,79,6.166666666666666,12.810810810810812,4,6,Small
13.6,13,6,90,Shahbaz Nadeem,Bowlers,Ambati Rayudu,Batters,1,False,-0.5,21,Delhi,Arun Jaitley Stadium,Small,False,True,84,13,14.0,113,8.071428571428571,20,191,78,6.0,13.0,4,6,Small
14.1,14,1,91,Imran Tahir,Bowlers,Ambati Rayudu,Batters,1,False,-0.5,21,Delhi,Arun Jaitley Stadium,Small,False,True,85,14,14.166666666666666,114,8.047058823529412,20,191,77,5.833333333333334,13.2,4,6,Small
14.2,14,2,92,Imran Tahir,Bowlers,Rohit Sharma,Batters,1,False,-0.5,21,Delhi,Arun Jaitley Stadium,Small,False,True,86,14,14.333333333333334,115,8.023255813953488,20,191,76,5.666666666666666,13.411764705882357,4,6,Small
14.3,14,3,93,Imran Tahir,Bowlers,Ambati Rayudu,Batters,0,False,1.0,21,Delhi,Arun Jaitley Stadium,Small,False,True,87,14,14.5,115,7.931034482758621,20,191,76,5.5,13.818181818181818,4,6,Small
14.4,14,4,94,Imran Tahir,Bowlers,Ambati Rayudu,Batters,0,False,1.0,21,Delhi,Arun Jaitley Stadium,Small,False,True,88,14,14.666666666666666,115,7.840909090909091,20,191,76,5.333333333333334,14.249999999999998,4,6,Small
14.5,14,5,95,Imran Tahir,Bowlers,Ambati Rayudu,Batters,2,False,-1.0,21,Delhi,Arun Jaitley Stadium,Small,False,True,89,14,14.833333333333334,117,7.8876404494382015,20,191,74,5.166666666666666,14.322580645161292,4,6,Small
14.6,14,6,96,Imran Tahir,Bowlers,Ambati Rayudu,Batters,1,False,-0.5,21,Delhi,Arun Jaitley Stadium,Small,False,True,90,14,15.0,118,7.866666666666666,20,191,73,5.0,14.6,4,6,Small
15.1,15,1,97,Nathan Coulter-Nile,All-Rounders,Ambati Rayudu,Batters,4,False,-2.0,21,Delhi,Arun Jaitley Stadium,Small,False,True,91,15,15.166666666666666,122,8.043956043956044,20,191,69,4.833333333333334,14.275862068965516,4,6,Small
15.2,15,2,98,Nathan Coulter-Nile,All-Rounders,Ambati Rayudu,Batters,4,False,-2.0,21,Delhi,Arun Jaitley Stadium,Small,False,True,92,15,15.333333333333334,126,8.217391304347826,20,191,65,4.666666666666666,13.92857142857143,4,6,Small
15.3,15,3,99,Nathan Coulter-Nile,All-Rounders,Ambati Rayudu,Batters,0,False,1.0,21,Delhi,Arun Jaitley Stadium,Small,False,True,93,15,15.5,126,8.129032258064516,20,191,65,4.5,14.444444444444445,4,6,Small
15.4,15,4,100,Nathan Coulter-Nile,All-Rounders,Ambati Rayudu,Batters,1,False,-0.5,21,Delhi,Arun Jaitley Stadium,Small,False,True,94,15,15.666666666666666,127,8.106382978723405,20,191,64,4.333333333333334,14.769230769230766,4,6,Small
15.5,15,5,101,Nathan Coulter-Nile,All-Rounders,Rohit Sharma,Batters,2,False,-1.0,21,Delhi,Arun Jaitley Stadium,Small,False,True,95,15,15.833333333333334,129,8.147368421052631,20,191,62,4.166666666666666,14.880000000000004,4,6,Small
15.6,15,6,102,Nathan Coulter-Nile,All-Rounders,Rohit Sharma,Batters,0,True,5.0,21,Delhi,Arun Jaitley Stadium,Small,False,True,96,15,16.0,129,8.0625,20,191,62,4.0,15.5,5,5,Small
16.1,16,1,103,Imran Tahir,Bowlers,Hardik Pandya,All-Rounders,0,True,5.0,21,Delhi,Arun Jaitley Stadium,Small,False,True,97,16,16.166666666666668,129,7.979381443298968,20,191,62,3.833333333333332,16.173913043478265,6,4,Small
16.2,16,2,104,Imran Tahir,Bowlers,Ambati Rayudu,Batters,4,False,-2.0,21,Delhi,Arun Jaitley Stadium,Small,False,True,98,16,16.333333333333332,133,8.142857142857144,20,191,58,3.666666666666668,15.818181818181811,6,4,Small
16.3,16,3,105,Imran Tahir,Bowlers,Ambati Rayudu,Batters,0,True,5.0,21,Delhi,Arun Jaitley Stadium,Small,False,True,99,16,16.5,133,8.06060606060606,20,191,58,3.5,16.571428571428573,7,3,Small
16.4,16,4,106,Imran Tahir,Bowlers,Mitchell McClenaghan,Bowlers,0,True,5.0,21,Delhi,Arun Jaitley Stadium,Small,False,True,100,16,16.666666666666668,133,7.979999999999999,20,191,58,3.333333333333332,17.400000000000006,8,2,Small
16.5,16,5,107,Imran Tahir,Bowlers,Lasith Malinga,Bowlers,0,False,1.0,21,Delhi,Arun Jaitley Stadium,Small,False,True,101,16,16.833333333333332,133,7.900990099009902,20,191,58,3.166666666666668,18.315789473684205,8,2,Small
16.6,16,6,108,Imran Tahir,Bowlers,Lasith Malinga,Bowlers,0,False,1.0,21,Delhi,Arun Jaitley Stadium,Small,False,True,102,16,17.0,133,7.823529411764706,20,191,58,3.0,19.33333333333333,8,2,Small
17.1,17,1,109,Nathan Coulter-Nile,All-Rounders,Harbhajan Singh,Bowlers,0,False,1.0,21,Delhi,Arun Jaitley Stadium,Small,False,True,103,17,17.166666666666668,133,7.74757281553398,20,191,58,2.833333333333332,20.470588235294127,8,2,Small
17.2,17,2,110,Nathan Coulter-Nile,All-Rounders,Harbhajan Singh,Bowlers,1,False,-0.5,21,Delhi,Arun Jaitley Stadium,Small,False,True,104,17,17.333333333333332,134,7.730769230769232,20,191,57,2.666666666666668,21.37499999999999,8,2,Small
17.3,17,3,111,Nathan Coulter-Nile,All-Rounders,Lasith Malinga,Bowlers,1,False,-0.25,21,Delhi,Arun Jaitley Stadium,Small,False,True,105,17,17.5,135,7.714285714285714,20,191,56,2.5,22.4,8,2,Small
17.4,17,4,112,Nathan Coulter-Nile,All-Rounders,Harbhajan Singh,Bowlers,6,False,-3.0,21,Delhi,Arun Jaitley Stadium,Small,False,True,106,17,17.666666666666668,141,7.981132075471698,20,191,50,2.333333333333332,21.42857142857144,8,2,Small
17.5,17,5,113,Nathan Coulter-Nile,All-Rounders,Harbhajan Singh,Bowlers,0,False,1.0,21,Delhi,Arun Jaitley Stadium,Small,False,True,107,17,17.833333333333332,141,7.906542056074767,20,191,50,2.166666666666668,23.076923076923062,8,2,Small
17.6,17,6,114,Nathan Coulter-Nile,All-Rounders,Harbhajan Singh,Bowlers,1,False,-0.5,21,Delhi,Arun Jaitley Stadium,Small,False,True,108,17,18.0,142,7.888888888888889,20,191,49,2.0,24.5,8,2,Small
18.1,18,1,115,Imran Tahir,Bowlers,Harbhajan Singh,Bowlers,0,False,1.0,21,Delhi,Arun Jaitley Stadium,Small,False,True,109,18,18.166666666666668,142,7.816513761467889,20,191,49,1.833333333333332,26.727272727272744,8,2,Small
18.2,18,2,116,Imran Tahir,Bowlers,Harbhajan Singh,Bowlers,1,False,-1.0,21,Delhi,Arun Jaitley Stadium,Small,True,False,109,18,18.166666666666668,143,7.871559633027522,20,191,48,1.833333333333332,26.1818181818182,8,2,Small
18.2,18,2,117,Imran Tahir,Bowlers,Harbhajan Singh,Bowlers,1,False,-0.5,21,Delhi,Arun Jaitley Stadium,Small,False,True,110,18,18.33333333333333,144,7.854545454545455,20,191,47,1.666666666666668,28.19999999999998,8,2,Small
18.3,18,3,118,Imran Tahir,Bowlers,Lasith Malinga,Bowlers,0,False,1.0,21,Delhi,Arun Jaitley Stadium,Small,False,True,111,18,18.5,144,7.783783783783784,20,191,47,1.5,31.33333333333333,8,2,Small
18.4,18,4,119,Imran Tahir,Bowlers,Lasith Malinga,Bowlers,0,False,1.0,21,Delhi,Arun Jaitley Stadium,Small,False,True,112,18,18.666666666666668,144,7.7142857142857135,20,191,47,1.333333333333332,35.25000000000003,8,2,Small
18.5,18,5,120,Imran Tahir,Bowlers,Lasith Malinga,Bowlers,1,False,-1.0,21,Delhi,Arun Jaitley Stadium,Small,True,False,112,18,18.666666666666668,145,7.767857142857142,20,191,46,1.333333333333332,34.50000000000003,8,2,Small
18.5,18,5,121,Imran Tahir,Bowlers,Lasith Malinga,Bowlers,1,False,-0.5,21,Delhi,Arun Jaitley Stadium,Small,False,True,113,18,18.83333333333333,146,7.7522123893805315,20,191,45,1.166666666666668,38.57142857142853,8,2,Small
18.6,18,6,122,Imran Tahir,Bowlers,Harbhajan Singh,Bowlers,0,False,1.0,21,Delhi,Arun Jaitley Stadium,Small,False,True,114,18,19.0,146,7.684210526315789,20,191,45,1.0,45.0,8,2,Small
19.1,19,1,123,Angelo Mathews,All-Rounders,Lasith Malinga,Bowlers,4,False,-2.0,21,Delhi,Arun Jaitley Stadium,Small,False,True,115,19,19.166666666666668,150,7.826086956521738,20,191,41,0.8333333333333321,49.20000000000007,8,2,Small
19.2,19,2,124,Angelo Mathews,All-Rounders,Lasith Malinga,Bowlers,1,False,-0.5,21,Delhi,Arun Jaitley Stadium,Small,False,True,116,19,19.33333333333333,151,7.810344827586207,20,191,40,0.6666666666666679,59.99999999999989,8,2,Small
19.3,19,3,125,Angelo Mathews,All-Rounders,Harbhajan Singh,Bowlers,0,False,1.0,21,Delhi,Arun Jaitley Stadium,Small,False,True,117,19,19.5,151,7.743589743589744,20,191,40,0.5,80.0,8,2,Small
19.4,19,4,126,Angelo Mathews,All-Rounders,Harbhajan Singh,Bowlers,0,True,5.0,21,Delhi,Arun Jaitley Stadium,Small,False,True,118,19,19.666666666666668,151,7.677966101694915,20,191,40,0.3333333333333321,120.00000000000044,9,1,Small
19.5,19,5,127,Angelo Mathews,All-Rounders,Lasith Malinga,Bowlers,0,False,1.0,21,Delhi,Arun Jaitley Stadium,Small,False,True,119,19,19.83333333333333,151,7.613445378151261,20,191,40,0.1666666666666678,239.9999999999983,9,1,Small
19.6,19,6,128,Angelo Mathews,All-Rounders,Lasith Malinga,Bowlers,0,False,1.0,21,Delhi,Arun Jaitley Stadium,Small,False,True,120,19,20.0,151,7.55,20,191,40,0.0,inf,9,1,Small
