Ball Number,over,ball,Ball,bowler,bowler_role,batsman,batsman_role,Runs,is_wicket,bowler_score,match_id,city,stadium,Stadium_Type,is_extra,legal_delivery,legal_deliveries_count,overs_completed,overs_bowled,total_runs,current_run_rate,total_overs,target,runs_needed,overs_remaining,required_run_rate,wickets_fallen,wickets_in_hand,Ground_Type
0.1,0,1,1,Chris Morris,All-Rounders,Chris Gayle,All-Rounders,0,False,1.0,22,Motera,Sardar Patel Stadium,Large,False,True,1,0,0.1666666666666666,0,0.0,20,131,131,19.83333333333333,6.605042016806723,0,10,Large
0.2,0,2,2,Chris Morris,All-Rounders,Chris Gayle,All-Rounders,1,False,-0.25,22,Motera,Sardar Patel Stadium,Large,False,True,2,0,0.3333333333333333,1,3.0,20,131,130,19.666666666666668,6.610169491525423,0,10,Large
0.3,0,3,3,Chris Morris,All-Rounders,Virat Kohli,Batters,1,False,-0.5,22,Motera,Sardar Patel Stadium,Large,False,True,3,0,0.5,2,4.0,20,131,129,19.5,6.615384615384615,0,10,Large
0.4,0,4,4,Chris Morris,All-Rounders,Chris Gayle,All-Rounders,0,False,1.0,22,Motera,Sardar Patel Stadium,Large,False,True,4,0,0.6666666666666666,2,3.0,20,131,129,19.33333333333333,6.672413793103448,0,10,Large
0.5,0,5,5,Chris Morris,All-Rounders,Chris Gayle,All-Rounders,1,False,-0.5,22,Motera,Sardar Patel Stadium,Large,False,True,5,0,0.8333333333333334,3,3.6,20,131,128,19.166666666666668,6.678260869565217,0,10,Large
0.6,0,6,6,Chris Morris,All-Rounders,Virat Kohli,Batters,1,False,-0.5,22,Motera,Sardar Patel Stadium,Large,False,True,6,0,1.0,4,4.0,20,131,127,19.0,6.684210526315789,0,10,Large
1.1,1,1,7,Dhawal Kulkarni,Bowlers,Virat Kohli,Batters,0,False,1.0,22,Motera,Sardar Patel Stadium,Large,False,True,7,1,1.1666666666666667,4,3.4285714285714284,20,131,127,18.83333333333333,6.743362831858407,0,10,Large
1.2,1,2,8,Dhawal Kulkarni,Bowlers,Virat Kohli,Batters,1,False,-0.5,22,Motera,Sardar Patel Stadium,Large,False,True,8,1,1.3333333333333333,5,3.75,20,131,126,18.666666666666668,6.75,0,10,Large
1.3,1,3,9,Dhawal Kulkarni,Bowlers,Chris Gayle,All-Rounders,4,False,-0.25,22,Motera,Sardar Patel Stadium,Large,False,True,9,1,1.5,9,6.0,20,131,122,18.5,6.594594594594595,0,10,Large
1.4,1,4,10,Dhawal Kulkarni,Bowlers,Chris Gayle,All-Rounders,4,False,-2.0,22,Motera,Sardar Patel Stadium,Large,False,True,10,1,1.6666666666666663,13,7.800000000000001,20,131,118,18.33333333333333,6.4363636363636365,0,10,Large
1.5,1,5,11,Dhawal Kulkarni,Bowlers,Chris Gayle,All-Rounders,0,False,1.0,22,Motera,Sardar Patel Stadium,Large,False,True,11,1,1.8333333333333333,13,7.09090909090909,20,131,118,18.166666666666668,6.4954128440366965,0,10,Large
1.6,1,6,12,Dhawal Kulkarni,Bowlers,Chris Gayle,All-Rounders,0,False,1.0,22,Motera,Sardar Patel Stadium,Large,False,True,12,1,2.0,13,6.5,20,131,118,18.0,6.555555555555555,0,10,Large
2.1,2,1,13,Chris Morris,All-Rounders,Virat Kohli,Batters,1,False,-0.5,22,Motera,Sardar Patel Stadium,Large,False,True,13,2,2.1666666666666665,14,6.461538461538462,20,131,117,17.833333333333332,6.560747663551402,0,10,Large
2.2,2,2,14,Chris Morris,All-Rounders,Chris Gayle,All-Rounders,0,False,1.0,22,Motera,Sardar Patel Stadium,Large,False,True,14,2,2.333333333333333,14,6.0,20,131,117,17.666666666666668,6.6226415094339615,0,10,Large
2.3,2,3,15,Chris Morris,All-Rounders,Chris Gayle,All-Rounders,4,False,-2.0,22,Motera,Sardar Patel Stadium,Large,False,True,15,2,2.5,18,7.2,20,131,113,17.5,6.457142857142857,0,10,Large
2.4,2,4,16,Chris Morris,All-Rounders,Chris Gayle,All-Rounders,0,False,1.0,22,Motera,Sardar Patel Stadium,Large,False,True,16,2,2.6666666666666665,18,6.75,20,131,113,17.333333333333332,6.51923076923077,0,10,Large
2.5,2,5,17,Chris Morris,All-Rounders,Chris Gayle,All-Rounders,4,False,-2.0,22,Motera,Sardar Patel Stadium,Large,False,True,17,2,2.833333333333333,22,7.764705882352941,20,131,109,17.166666666666668,6.349514563106796,0,10,Large
2.6,2,6,18,Chris Morris,All-Rounders,Chris Gayle,All-Rounders,6,False,-3.0,22,Motera,Sardar Patel Stadium,Large,False,True,18,2,3.0,28,9.333333333333334,20,131,103,17.0,6.0588235294117645,0,10,Large
3.1,3,1,19,Dhawal Kulkarni,Bowlers,Virat Kohli,Batters,0,False,1.0,22,Motera,Sardar Patel Stadium,Large,False,True,19,3,3.1666666666666665,28,8.842105263157896,20,131,103,16.833333333333332,6.118811881188119,0,10,Large
3.2,3,2,20,Dhawal Kulkarni,Bowlers,Virat Kohli,Batters,1,False,-0.5,22,Motera,Sardar Patel Stadium,Large,False,True,20,3,3.333333333333333,29,8.7,20,131,102,16.666666666666668,6.119999999999999,0,10,Large
3.3,3,3,21,Dhawal Kulkarni,Bowlers,Chris Gayle,All-Rounders,1,False,-0.5,22,Motera,Sardar Patel Stadium,Large,False,True,21,3,3.5,30,8.571428571428571,20,131,101,16.5,6.121212121212121,0,10,Large
3.4,3,4,22,Dhawal Kulkarni,Bowlers,Virat Kohli,Batters,0,False,1.0,22,Motera,Sardar Patel Stadium,Large,False,True,22,3,3.6666666666666665,30,8.181818181818182,20,131,101,16.333333333333332,6.183673469387756,0,10,Large
3.5,3,5,23,Dhawal Kulkarni,Bowlers,Virat Kohli,Batters,4,False,-2.0,22,Motera,Sardar Patel Stadium,Large,False,True,23,3,3.8333333333333335,34,8.869565217391305,20,131,97,16.166666666666668,6.0,0,10,Large
3.6,3,6,24,Dhawal Kulkarni,Bowlers,Virat Kohli,Batters,2,False,-1.0,22,Motera,Sardar Patel Stadium,Large,False,True,24,3,4.0,36,9.0,20,131,95,16.0,5.9375,0,10,Large
4.1,4,1,25,Shane Watson,All-Rounders,Chris Gayle,All-Rounders,0,False,1.0,22,Motera,Sardar Patel Stadium,Large,False,True,25,4,4.166666666666667,36,8.639999999999999,20,131,95,15.833333333333332,6.000000000000001,0,10,Large
4.2,4,2,26,Shane Watson,All-Rounders,Chris Gayle,All-Rounders,0,False,1.0,22,Motera,Sardar Patel Stadium,Large,False,True,26,4,4.333333333333333,36,8.307692307692308,20,131,95,15.666666666666668,6.0638297872340425,0,10,Large
4.3,4,3,27,Shane Watson,All-Rounders,Chris Gayle,All-Rounders,0,True,5.0,22,Motera,Sardar Patel Stadium,Large,False,True,27,4,4.5,36,8.0,20,131,95,15.5,6.129032258064516,1,9,Large
4.4,4,4,28,Shane Watson,All-Rounders,AB de Villiers,Batters,0,False,1.0,22,Motera,Sardar Patel Stadium,Large,False,True,28,4,4.666666666666667,36,7.7142857142857135,20,131,95,15.333333333333332,6.195652173913044,1,9,Large
4.5,4,5,29,Shane Watson,All-Rounders,AB de Villiers,Batters,0,False,1.0,22,Motera,Sardar Patel Stadium,Large,False,True,29,4,4.833333333333333,36,7.448275862068966,20,131,95,15.166666666666668,6.263736263736264,1,9,Large
4.6,4,6,30,Shane Watson,All-Rounders,AB de Villiers,Batters,1,False,-0.5,22,Motera,Sardar Patel Stadium,Large,False,True,30,4,5.0,37,7.4,20,131,94,15.0,6.266666666666667,1,9,Large
5.1,5,1,31,James Faulkner,All-Rounders,AB de Villiers,Batters,2,False,-1.0,22,Motera,Sardar Patel Stadium,Large,False,True,31,5,5.166666666666667,39,7.548387096774193,20,131,92,14.833333333333332,6.202247191011237,1,9,Large
5.2,5,2,32,James Faulkner,All-Rounders,AB de Villiers,Batters,4,False,-2.0,22,Motera,Sardar Patel Stadium,Large,False,True,32,5,5.333333333333333,43,8.0625,20,131,88,14.666666666666668,5.999999999999999,1,9,Large
5.3,5,3,33,James Faulkner,All-Rounders,AB de Villiers,Batters,0,False,1.0,22,Motera,Sardar Patel Stadium,Large,False,True,33,5,5.5,43,7.818181818181818,20,131,88,14.5,6.068965517241379,1,9,Large
5.4,5,4,34,James Faulkner,All-Rounders,AB de Villiers,Batters,4,False,-2.0,22,Motera,Sardar Patel Stadium,Large,False,True,34,5,5.666666666666667,47,8.294117647058822,20,131,84,14.333333333333332,5.86046511627907,1,9,Large
5.5,5,5,35,James Faulkner,All-Rounders,AB de Villiers,Batters,1,False,-0.5,22,Motera,Sardar Patel Stadium,Large,False,True,35,5,5.833333333333333,48,8.22857142857143,20,131,83,14.166666666666668,5.858823529411764,1,9,Large
5.6,5,6,36,James Faulkner,All-Rounders,Virat Kohli,Batters,1,False,-0.5,22,Motera,Sardar Patel Stadium,Large,False,True,36,5,6.0,49,8.166666666666666,20,131,82,14.0,5.857142857142857,1,9,Large
6.1,6,1,37,Pravin Tambe,Bowlers,Virat Kohli,Batters,1,False,-0.5,22,Motera,Sardar Patel Stadium,Large,False,True,37,6,6.166666666666667,50,8.108108108108107,20,131,81,13.833333333333332,5.855421686746989,1,9,Large
6.2,6,2,38,Pravin Tambe,Bowlers,AB de Villiers,Batters,1,False,-0.5,22,Motera,Sardar Patel Stadium,Large,False,True,38,6,6.333333333333333,51,8.052631578947368,20,131,80,13.666666666666668,5.853658536585366,1,9,Large
6.3,6,3,39,Pravin Tambe,Bowlers,Virat Kohli,Batters,6,False,-3.0,22,Motera,Sardar Patel Stadium,Large,False,True,39,6,6.5,57,8.76923076923077,20,131,74,13.5,5.481481481481482,1,9,Large
6.4,6,4,40,Pravin Tambe,Bowlers,Virat Kohli,Batters,2,False,-1.0,22,Motera,Sardar Patel Stadium,Large,False,True,40,6,6.666666666666667,59,8.85,20,131,72,13.333333333333332,5.4,1,9,Large
6.5,6,5,41,Pravin Tambe,Bowlers,Virat Kohli,Batters,1,False,-0.5,22,Motera,Sardar Patel Stadium,Large,False,True,41,6,6.833333333333333,60,8.78048780487805,20,131,71,13.166666666666668,5.392405063291139,1,9,Large
6.6,6,6,42,Pravin Tambe,Bowlers,AB de Villiers,Batters,0,False,1.0,22,Motera,Sardar Patel Stadium,Large,False,True,42,6,7.0,60,8.571428571428571,20,131,71,13.0,5.461538461538462,1,9,Large
7.1,7,1,43,Shane Watson,All-Rounders,Virat Kohli,Batters,1,False,-0.5,22,Motera,Sardar Patel Stadium,Large,False,True,43,7,7.166666666666667,61,8.511627906976743,20,131,70,12.833333333333332,5.454545454545455,1,9,Large
7.2,7,2,44,Shane Watson,All-Rounders,AB de Villiers,Batters,1,False,-0.5,22,Motera,Sardar Patel Stadium,Large,False,True,44,7,7.333333333333333,62,8.454545454545455,20,131,69,12.666666666666668,5.447368421052631,1,9,Large
7.3,7,3,45,Shane Watson,All-Rounders,Virat Kohli,Batters,2,False,-1.0,22,Motera,Sardar Patel Stadium,Large,False,True,45,7,7.5,64,8.533333333333333,20,131,67,12.5,5.36,1,9,Large
7.4,7,4,46,Shane Watson,All-Rounders,Virat Kohli,Batters,1,False,-0.5,22,Motera,Sardar Patel Stadium,Large,False,True,46,7,7.666666666666667,65,8.478260869565217,20,131,66,12.333333333333332,5.351351351351352,1,9,Large
7.5,7,5,47,Shane Watson,All-Rounders,AB de Villiers,Batters,0,False,1.0,22,Motera,Sardar Patel Stadium,Large,False,True,47,7,7.833333333333333,65,8.297872340425533,20,131,66,12.166666666666668,5.424657534246575,1,9,Large
7.6,7,6,48,Shane Watson,All-Rounders,AB de Villiers,Batters,1,False,-0.5,22,Motera,Sardar Patel Stadium,Large,False,True,48,7,8.0,66,8.25,20,131,65,12.0,5.416666666666667,1,9,Large
8.1,8,1,49,Pravin Tambe,Bowlers,AB de Villiers,Batters,0,False,1.0,22,Motera,Sardar Patel Stadium,Large,False,True,49,8,8.166666666666666,66,8.081632653061225,20,131,65,11.833333333333334,5.492957746478873,1,9,Large
8.2,8,2,50,Pravin Tambe,Bowlers,AB de Villiers,Batters,4,False,-2.0,22,Motera,Sardar Patel Stadium,Large,False,True,50,8,8.333333333333334,70,8.399999999999999,20,131,61,11.666666666666666,5.228571428571429,1,9,Large
8.3,8,3,51,Pravin Tambe,Bowlers,AB de Villiers,Batters,1,False,-0.5,22,Motera,Sardar Patel Stadium,Large,False,True,51,8,8.5,71,8.352941176470589,20,131,60,11.5,5.217391304347826,1,9,Large
8.4,8,4,52,Pravin Tambe,Bowlers,Virat Kohli,Batters,1,False,-0.5,22,Motera,Sardar Patel Stadium,Large,False,True,52,8,8.666666666666666,72,8.307692307692308,20,131,59,11.333333333333334,5.205882352941177,1,9,Large
8.5,8,5,53,Pravin Tambe,Bowlers,AB de Villiers,Batters,4,False,-2.0,22,Motera,Sardar Patel Stadium,Large,False,True,53,8,8.833333333333334,76,8.60377358490566,20,131,55,11.166666666666666,4.925373134328359,1,9,Large
8.6,8,6,54,Pravin Tambe,Bowlers,AB de Villiers,Batters,0,False,1.0,22,Motera,Sardar Patel Stadium,Large,False,True,54,8,9.0,76,8.444444444444445,20,131,55,11.0,5.0,1,9,Large
9.1,9,1,55,Dhawal Kulkarni,Bowlers,Virat Kohli,Batters,1,False,-0.5,22,Motera,Sardar Patel Stadium,Large,False,True,55,9,9.166666666666666,77,8.4,20,131,54,10.833333333333334,4.984615384615385,1,9,Large
9.2,9,2,56,Dhawal Kulkarni,Bowlers,AB de Villiers,Batters,1,False,-0.5,22,Motera,Sardar Patel Stadium,Large,False,True,56,9,9.333333333333334,78,8.357142857142856,20,131,53,10.666666666666666,4.96875,1,9,Large
9.3,9,3,57,Dhawal Kulkarni,Bowlers,Virat Kohli,Batters,1,False,-0.5,22,Motera,Sardar Patel Stadium,Large,False,True,57,9,9.5,79,8.31578947368421,20,131,52,10.5,4.9523809523809526,1,9,Large
9.4,9,4,58,Dhawal Kulkarni,Bowlers,AB de Villiers,Batters,2,False,-1.0,22,Motera,Sardar Patel Stadium,Large,False,True,58,9,9.666666666666666,81,8.379310344827587,20,131,50,10.333333333333334,4.838709677419355,1,9,Large
9.5,9,5,59,Dhawal Kulkarni,Bowlers,AB de Villiers,Batters,1,False,-0.5,22,Motera,Sardar Patel Stadium,Large,False,True,59,9,9.833333333333334,82,8.338983050847457,20,131,49,10.166666666666666,4.819672131147541,1,9,Large
9.6,9,6,60,Dhawal Kulkarni,Bowlers,Virat Kohli,Batters,1,False,-0.5,22,Motera,Sardar Patel Stadium,Large,False,True,60,9,10.0,83,8.3,20,131,48,10.0,4.8,1,9,Large
10.1,10,1,61,Chris Morris,All-Rounders,Virat Kohli,Batters,1,False,-0.5,22,Motera,Sardar Patel Stadium,Large,False,True,61,10,10.166666666666666,84,8.262295081967213,20,131,47,9.833333333333334,4.779661016949152,1,9,Large
10.2,10,2,62,Chris Morris,All-Rounders,AB de Villiers,Batters,1,False,-0.5,22,Motera,Sardar Patel Stadium,Large,False,True,62,10,10.333333333333334,85,8.225806451612902,20,131,46,9.666666666666666,4.758620689655173,1,9,Large
10.3,10,3,63,Chris Morris,All-Rounders,Virat Kohli,Batters,0,False,1.0,22,Motera,Sardar Patel Stadium,Large,False,True,63,10,10.5,85,8.095238095238095,20,131,46,9.5,4.842105263157895,1,9,Large
10.4,10,4,64,Chris Morris,All-Rounders,Virat Kohli,Batters,1,False,-0.5,22,Motera,Sardar Patel Stadium,Large,False,True,64,10,10.666666666666666,86,8.0625,20,131,45,9.333333333333334,4.821428571428571,1,9,Large
10.5,10,5,65,Chris Morris,All-Rounders,AB de Villiers,Batters,1,False,-0.5,22,Motera,Sardar Patel Stadium,Large,False,True,65,10,10.833333333333334,87,8.03076923076923,20,131,44,9.166666666666666,4.800000000000001,1,9,Large
10.6,10,6,66,Chris Morris,All-Rounders,Virat Kohli,Batters,1,False,-0.5,22,Motera,Sardar Patel Stadium,Large,False,True,66,10,11.0,88,8.0,20,131,43,9.0,4.777777777777778,1,9,Large
11.1,11,1,67,Pravin Tambe,Bowlers,Virat Kohli,Batters,1,False,-0.5,22,Motera,Sardar Patel Stadium,Large,False,True,67,11,11.166666666666666,89,7.970149253731344,20,131,42,8.833333333333334,4.754716981132075,1,9,Large
11.2,11,2,68,Pravin Tambe,Bowlers,AB de Villiers,Batters,1,False,-0.5,22,Motera,Sardar Patel Stadium,Large,False,True,68,11,11.333333333333334,90,7.941176470588235,20,131,41,8.666666666666666,4.730769230769231,1,9,Large
11.3,11,3,69,Pravin Tambe,Bowlers,Virat Kohli,Batters,0,False,1.0,22,Motera,Sardar Patel Stadium,Large,False,True,69,11,11.5,90,7.826086956521739,20,131,41,8.5,4.823529411764706,1,9,Large
11.4,11,4,70,Pravin Tambe,Bowlers,Virat Kohli,Batters,0,False,1.0,22,Motera,Sardar Patel Stadium,Large,False,True,70,11,11.666666666666666,90,7.714285714285714,20,131,41,8.333333333333334,4.92,1,9,Large
11.5,11,5,71,Pravin Tambe,Bowlers,Virat Kohli,Batters,2,False,-1.0,22,Motera,Sardar Patel Stadium,Large,False,True,71,11,11.833333333333334,92,7.774647887323943,20,131,39,8.166666666666666,4.775510204081633,1,9,Large
11.6,11,6,72,Pravin Tambe,Bowlers,Virat Kohli,Batters,1,False,-0.5,22,Motera,Sardar Patel Stadium,Large,False,True,72,11,12.0,93,7.75,20,131,38,8.0,4.75,1,9,Large
12.1,12,1,73,James Faulkner,All-Rounders,Virat Kohli,Batters,2,False,-1.0,22,Motera,Sardar Patel Stadium,Large,False,True,73,12,12.166666666666666,95,7.808219178082192,20,131,36,7.833333333333334,4.595744680851063,1,9,Large
12.2,12,2,74,James Faulkner,All-Rounders,Virat Kohli,Batters,1,False,-0.5,22,Motera,Sardar Patel Stadium,Large,False,True,74,12,12.333333333333334,96,7.783783783783783,20,131,35,7.666666666666666,4.565217391304349,1,9,Large
12.3,12,3,75,James Faulkner,All-Rounders,AB de Villiers,Batters,1,False,-0.5,22,Motera,Sardar Patel Stadium,Large,False,True,75,12,12.5,97,7.76,20,131,34,7.5,4.533333333333333,1,9,Large
12.4,12,4,76,James Faulkner,All-Rounders,Virat Kohli,Batters,0,False,1.0,22,Motera,Sardar Patel Stadium,Large,False,True,76,12,12.666666666666666,97,7.657894736842105,20,131,34,7.333333333333334,4.636363636363636,1,9,Large
12.5,12,5,77,James Faulkner,All-Rounders,Virat Kohli,Batters,0,False,1.0,22,Motera,Sardar Patel Stadium,Large,False,True,77,12,12.833333333333334,97,7.558441558441558,20,131,34,7.166666666666666,4.744186046511628,1,9,Large
12.6,12,6,78,James Faulkner,All-Rounders,Virat Kohli,Batters,1,False,-0.5,22,Motera,Sardar Patel Stadium,Large,False,True,78,12,13.0,98,7.538461538461538,20,131,33,7.0,4.714285714285714,1,9,Large
13.1,13,1,79,Shane Watson,All-Rounders,Virat Kohli,Batters,6,False,-3.0,22,Motera,Sardar Patel Stadium,Large,False,True,79,13,13.166666666666666,104,7.89873417721519,20,131,27,6.833333333333334,3.9512195121951215,1,9,Large
13.2,13,2,80,Shane Watson,All-Rounders,Virat Kohli,Batters,2,False,-1.0,22,Motera,Sardar Patel Stadium,Large,False,True,80,13,13.333333333333334,106,7.949999999999999,20,131,25,6.666666666666666,3.75,1,9,Large
13.3,13,3,81,Shane Watson,All-Rounders,Virat Kohli,Batters,1,False,-0.5,22,Motera,Sardar Patel Stadium,Large,False,True,81,13,13.5,107,7.925925925925926,20,131,24,6.5,3.692307692307693,1,9,Large
13.4,13,4,82,Shane Watson,All-Rounders,AB de Villiers,Batters,2,False,-1.0,22,Motera,Sardar Patel Stadium,Large,False,True,82,13,13.666666666666666,109,7.975609756097561,20,131,22,6.333333333333334,3.4736842105263155,1,9,Large
13.5,13,5,83,Shane Watson,All-Rounders,AB de Villiers,Batters,4,False,-2.0,22,Motera,Sardar Patel Stadium,Large,False,True,83,13,13.833333333333334,113,8.168674698795181,20,131,18,6.166666666666666,2.91891891891892,1,9,Large
13.6,13,6,84,Shane Watson,All-Rounders,AB de Villiers,Batters,1,False,-0.5,22,Motera,Sardar Patel Stadium,Large,False,True,84,13,14.0,114,8.142857142857142,20,131,17,6.0,2.833333333333333,1,9,Large
14.1,14,1,85,Pravin Tambe,Bowlers,AB de Villiers,Batters,1,False,-0.5,22,Motera,Sardar Patel Stadium,Large,False,True,85,14,14.166666666666666,115,8.117647058823529,20,131,16,5.833333333333334,2.7428571428571424,1,9,Large
14.2,14,2,86,Pravin Tambe,Bowlers,Virat Kohli,Batters,6,False,-3.0,22,Motera,Sardar Patel Stadium,Large,False,True,86,14,14.333333333333334,121,8.441860465116278,20,131,10,5.666666666666666,1.7647058823529411,1,9,Large
14.3,14,3,87,Pravin Tambe,Bowlers,Virat Kohli,Batters,1,False,-0.5,22,Motera,Sardar Patel Stadium,Large,False,True,87,14,14.5,122,8.413793103448276,20,131,9,5.5,1.6363636363636365,1,9,Large
14.4,14,4,88,Pravin Tambe,Bowlers,AB de Villiers,Batters,1,False,-0.5,22,Motera,Sardar Patel Stadium,Large,False,True,88,14,14.666666666666666,123,8.386363636363637,20,131,8,5.333333333333334,1.4999999999999998,1,9,Large
14.5,14,5,89,Pravin Tambe,Bowlers,Virat Kohli,Batters,0,False,1.0,22,Motera,Sardar Patel Stadium,Large,False,True,89,14,14.833333333333334,123,8.292134831460674,20,131,8,5.166666666666666,1.5483870967741935,1,9,Large
14.6,14,6,90,Pravin Tambe,Bowlers,Virat Kohli,Batters,1,False,-0.5,22,Motera,Sardar Patel Stadium,Large,False,True,90,14,15.0,124,8.266666666666667,20,131,7,5.0,1.4,1,9,Large
15.1,15,1,91,Dhawal Kulkarni,Bowlers,Virat Kohli,Batters,1,False,-0.5,22,Motera,Sardar Patel Stadium,Large,False,True,91,15,15.166666666666666,125,8.241758241758243,20,131,6,4.833333333333334,1.2413793103448274,1,9,Large
15.2,15,2,92,Dhawal Kulkarni,Bowlers,AB de Villiers,Batters,1,False,-0.5,22,Motera,Sardar Patel Stadium,Large,False,True,92,15,15.333333333333334,126,8.217391304347826,20,131,5,4.666666666666666,1.0714285714285716,1,9,Large
15.3,15,3,93,Dhawal Kulkarni,Bowlers,Virat Kohli,Batters,2,False,-1.0,22,Motera,Sardar Patel Stadium,Large,False,True,93,15,15.5,128,8.258064516129032,20,131,3,4.5,0.6666666666666666,1,9,Large
15.4,15,4,94,Dhawal Kulkarni,Bowlers,Virat Kohli,Batters,1,False,-0.5,22,Motera,Sardar Patel Stadium,Large,False,True,94,15,15.666666666666666,129,8.23404255319149,20,131,2,4.333333333333334,0.4615384615384614,1,9,Large
15.5,15,5,95,Dhawal Kulkarni,Bowlers,AB de Villiers,Batters,0,False,1.0,22,Motera,Sardar Patel Stadium,Large,False,True,95,15,15.833333333333334,129,8.147368421052631,20,131,2,4.166666666666666,0.4800000000000001,1,9,Large
15.6,15,6,96,Dhawal Kulkarni,Bowlers,AB de Villiers,Batters,1,False,-0.5,22,Motera,Sardar Patel Stadium,Large,False,True,96,15,16.0,130,8.125,20,131,1,4.0,0.25,1,9,Large
16.1,16,1,97,Deepak Hooda,All-Rounders,AB de Villiers,Batters,4,False,-2.0,22,Motera,Sardar Patel Stadium,Large,False,True,97,16,16.166666666666668,134,8.288659793814432,20,131,0,3.833333333333332,0.0,1,9,Large
