Ball Number,over,ball,Ball,bowler,bowler_role,batsman,batsman_role,Runs,is_wicket,bowler_score,match_id,city,stadium,Stadium_Type,is_extra,legal_delivery,legal_deliveries_count,overs_completed,overs_bowled,total_runs,current_run_rate,total_overs,target,runs_needed,overs_remaining,required_run_rate,wickets_fallen,wickets_in_hand,Ground_Type
0.1,0,1,1,Mitchell Starc,Bowlers,Mayank Agarawal,Batters,0,False,1.0,26,Delhi,Arun Jaitley Stadium,Small,False,True,1,0,0.1666666666666666,0,0.0,20,96,96,19.83333333333333,4.840336134453782,0,10,Small
0.2,0,2,2,Mitchell Starc,Bowlers,Mayank Agarawal,Batters,0,False,1.0,26,Delhi,Arun Jaitley Stadium,Small,False,True,2,0,0.3333333333333333,0,0.0,20,96,96,19.666666666666668,4.881355932203389,0,10,Small
0.3,0,3,3,Mitchell Starc,Bowlers,Mayank Agarawal,Batters,0,False,1.0,26,Delhi,Arun Jaitley Stadium,Small,False,True,3,0,0.5,0,0.0,20,96,96,19.5,4.923076923076923,0,10,Small
0.4,0,4,4,Mitchell Starc,Bowlers,Mayank Agarawal,Batters,1,False,-0.5,26,Delhi,Arun Jaitley Stadium,Small,False,True,4,0,0.6666666666666666,1,1.5,20,96,95,19.33333333333333,4.913793103448276,0,10,Small
0.5,0,5,5,Mitchell Starc,Bowlers,Shreyas Iyer,Batters,0,True,5.0,26,Delhi,Arun Jaitley Stadium,Small,False,True,5,0,0.8333333333333334,1,1.2,20,96,95,19.166666666666668,4.956521739130435,1,9,Small
0.5,0,5,6,Mitchell Starc,Bowlers,Shreyas Iyer,Batters,1,False,-1.0,26,Delhi,Arun Jaitley Stadium,Small,True,False,5,0,0.8333333333333334,2,2.4,20,96,94,19.166666666666668,4.904347826086957,1,9,Small
0.6,0,6,7,Mitchell Starc,Bowlers,Jean-Paul Duminy,All-Rounders,0,False,1.0,26,Delhi,Arun Jaitley Stadium,Small,False,True,6,0,1.0,2,2.0,20,96,94,19.0,4.947368421052632,1,9,Small
1.1,1,1,8,Varun Aaron,Bowlers,Mayank Agarawal,Batters,0,False,1.0,26,Delhi,Arun Jaitley Stadium,Small,False,True,7,1,1.1666666666666667,2,1.7142857142857142,20,96,94,18.83333333333333,4.991150442477877,1,9,Small
1.2,1,2,9,Varun Aaron,Bowlers,Mayank Agarawal,Batters,4,False,-2.0,26,Delhi,Arun Jaitley Stadium,Small,False,True,8,1,1.3333333333333333,6,4.5,20,96,90,18.666666666666668,4.821428571428571,1,9,Small
1.3,1,3,10,Varun Aaron,Bowlers,Mayank Agarawal,Batters,1,False,-1.0,26,Delhi,Arun Jaitley Stadium,Small,True,False,8,1,1.3333333333333333,7,5.25,20,96,89,18.666666666666668,4.767857142857142,1,9,Small
1.3,1,3,11,Varun Aaron,Bowlers,Mayank Agarawal,Batters,1,False,-0.5,26,Delhi,Arun Jaitley Stadium,Small,False,True,9,1,1.5,8,5.333333333333333,20,96,88,18.5,4.756756756756757,1,9,Small
1.4,1,4,12,Varun Aaron,Bowlers,Jean-Paul Duminy,All-Rounders,1,False,-0.25,26,Delhi,Arun Jaitley Stadium,Small,False,True,10,1,1.6666666666666663,9,5.4,20,96,87,18.33333333333333,4.745454545454546,1,9,Small
1.5,1,5,13,Varun Aaron,Bowlers,Mayank Agarawal,Batters,1,False,-0.5,26,Delhi,Arun Jaitley Stadium,Small,False,True,11,1,1.8333333333333333,10,5.454545454545454,20,96,86,18.166666666666668,4.73394495412844,1,9,Small
1.6,1,6,14,Varun Aaron,Bowlers,Jean-Paul Duminy,All-Rounders,0,False,1.0,26,Delhi,Arun Jaitley Stadium,Small,False,True,12,1,2.0,10,5.0,20,96,86,18.0,4.777777777777778,1,9,Small
2.1,2,1,15,Mitchell Starc,Bowlers,Mayank Agarawal,Batters,0,False,1.0,26,Delhi,Arun Jaitley Stadium,Small,False,True,13,2,2.1666666666666665,10,4.615384615384616,20,96,86,17.833333333333332,4.822429906542056,1,9,Small
2.2,2,2,16,Mitchell Starc,Bowlers,Mayank Agarawal,Batters,1,False,-0.25,26,Delhi,Arun Jaitley Stadium,Small,False,True,14,2,2.333333333333333,11,4.714285714285714,20,96,85,17.666666666666668,4.811320754716981,1,9,Small
2.3,2,3,17,Mitchell Starc,Bowlers,Jean-Paul Duminy,All-Rounders,0,False,1.0,26,Delhi,Arun Jaitley Stadium,Small,False,True,15,2,2.5,11,4.4,20,96,85,17.5,4.857142857142857,1,9,Small
2.4,2,4,18,Mitchell Starc,Bowlers,Jean-Paul Duminy,All-Rounders,4,False,-2.0,26,Delhi,Arun Jaitley Stadium,Small,False,True,16,2,2.6666666666666665,15,5.625,20,96,81,17.333333333333332,4.673076923076923,1,9,Small
2.5,2,5,19,Mitchell Starc,Bowlers,Jean-Paul Duminy,All-Rounders,2,False,-1.0,26,Delhi,Arun Jaitley Stadium,Small,False,True,17,2,2.833333333333333,17,6.0,20,96,79,17.166666666666668,4.601941747572815,1,9,Small
2.6,2,6,20,Mitchell Starc,Bowlers,Jean-Paul Duminy,All-Rounders,0,False,1.0,26,Delhi,Arun Jaitley Stadium,Small,False,True,18,2,3.0,17,5.666666666666667,20,96,79,17.0,4.647058823529412,1,9,Small
3.1,3,1,21,Varun Aaron,Bowlers,Mayank Agarawal,Batters,0,False,1.0,26,Delhi,Arun Jaitley Stadium,Small,False,True,19,3,3.1666666666666665,17,5.368421052631579,20,96,79,16.833333333333332,4.693069306930694,1,9,Small
3.2,3,2,22,Varun Aaron,Bowlers,Mayank Agarawal,Batters,1,False,-0.5,26,Delhi,Arun Jaitley Stadium,Small,False,True,20,3,3.333333333333333,18,5.4,20,96,78,16.666666666666668,4.68,1,9,Small
3.3,3,3,23,Varun Aaron,Bowlers,Jean-Paul Duminy,All-Rounders,0,False,1.0,26,Delhi,Arun Jaitley Stadium,Small,False,True,21,3,3.5,18,5.142857142857143,20,96,78,16.5,4.727272727272728,1,9,Small
3.4,3,4,24,Varun Aaron,Bowlers,Jean-Paul Duminy,All-Rounders,1,False,-1.0,26,Delhi,Arun Jaitley Stadium,Small,True,False,21,3,3.5,19,5.428571428571429,20,96,77,16.5,4.666666666666667,1,9,Small
3.4,3,4,25,Varun Aaron,Bowlers,Jean-Paul Duminy,All-Rounders,4,False,-2.0,26,Delhi,Arun Jaitley Stadium,Small,False,True,22,3,3.6666666666666665,23,6.272727272727273,20,96,73,16.333333333333332,4.469387755102042,1,9,Small
3.5,3,5,26,Varun Aaron,Bowlers,Jean-Paul Duminy,All-Rounders,1,False,-0.5,26,Delhi,Arun Jaitley Stadium,Small,False,True,23,3,3.8333333333333335,24,6.260869565217391,20,96,72,16.166666666666668,4.45360824742268,1,9,Small
3.6,3,6,27,Varun Aaron,Bowlers,Mayank Agarawal,Batters,6,False,-3.0,26,Delhi,Arun Jaitley Stadium,Small,False,True,24,3,4.0,30,7.5,20,96,66,16.0,4.125,1,9,Small
4.1,4,1,28,Harshal Patel,Bowlers,Jean-Paul Duminy,All-Rounders,0,False,1.0,26,Delhi,Arun Jaitley Stadium,Small,False,True,25,4,4.166666666666667,30,7.199999999999999,20,96,66,15.833333333333332,4.16842105263158,1,9,Small
4.2,4,2,29,Harshal Patel,Bowlers,Jean-Paul Duminy,All-Rounders,1,False,-0.5,26,Delhi,Arun Jaitley Stadium,Small,False,True,26,4,4.333333333333333,31,7.153846153846154,20,96,65,15.666666666666668,4.148936170212766,1,9,Small
4.3,4,3,30,Harshal Patel,Bowlers,Mayank Agarawal,Batters,1,False,-0.5,26,Delhi,Arun Jaitley Stadium,Small,False,True,27,4,4.5,32,7.111111111111111,20,96,64,15.5,4.129032258064516,1,9,Small
4.4,4,4,31,Harshal Patel,Bowlers,Jean-Paul Duminy,All-Rounders,1,False,-0.5,26,Delhi,Arun Jaitley Stadium,Small,False,True,28,4,4.666666666666667,33,7.071428571428571,20,96,63,15.333333333333332,4.108695652173913,1,9,Small
4.5,4,5,32,Harshal Patel,Bowlers,Mayank Agarawal,Batters,0,False,1.0,26,Delhi,Arun Jaitley Stadium,Small,False,True,29,4,4.833333333333333,33,6.8275862068965525,20,96,63,15.166666666666668,4.153846153846153,1,9,Small
4.6,4,6,33,Harshal Patel,Bowlers,Mayank Agarawal,Batters,1,False,-0.5,26,Delhi,Arun Jaitley Stadium,Small,False,True,30,4,5.0,34,6.8,20,96,62,15.0,4.133333333333334,1,9,Small
5.1,5,1,34,David Wiese,All-Rounders,Mayank Agarawal,Batters,1,False,-1.0,26,Delhi,Arun Jaitley Stadium,Small,True,False,30,4,5.0,35,7.0,20,96,61,15.0,4.066666666666666,1,9,Small
5.1,5,1,35,David Wiese,All-Rounders,Mayank Agarawal,Batters,1,False,-0.5,26,Delhi,Arun Jaitley Stadium,Small,False,True,31,5,5.166666666666667,36,6.967741935483871,20,96,60,14.833333333333332,4.044943820224719,1,9,Small
5.2,5,2,36,David Wiese,All-Rounders,Jean-Paul Duminy,All-Rounders,0,True,5.0,26,Delhi,Arun Jaitley Stadium,Small,False,True,32,5,5.333333333333333,36,6.75,20,96,60,14.666666666666668,4.090909090909091,2,8,Small
5.3,5,3,37,David Wiese,All-Rounders,Yuvraj Singh,Batters,0,False,1.0,26,Delhi,Arun Jaitley Stadium,Small,False,True,33,5,5.5,36,6.545454545454546,20,96,60,14.5,4.137931034482759,2,8,Small
5.4,5,4,38,David Wiese,All-Rounders,Yuvraj Singh,Batters,0,False,1.0,26,Delhi,Arun Jaitley Stadium,Small,False,True,34,5,5.666666666666667,36,6.352941176470588,20,96,60,14.333333333333332,4.186046511627907,2,8,Small
5.5,5,5,39,David Wiese,All-Rounders,Yuvraj Singh,Batters,0,False,1.0,26,Delhi,Arun Jaitley Stadium,Small,False,True,35,5,5.833333333333333,36,6.171428571428572,20,96,60,14.166666666666668,4.235294117647059,2,8,Small
5.6,5,6,40,David Wiese,All-Rounders,Yuvraj Singh,Batters,2,False,-1.0,26,Delhi,Arun Jaitley Stadium,Small,False,True,36,5,6.0,38,6.333333333333333,20,96,58,14.0,4.142857142857143,2,8,Small
6.1,6,1,41,Varun Aaron,Bowlers,Mayank Agarawal,Batters,1,False,-0.5,26,Delhi,Arun Jaitley Stadium,Small,False,True,37,6,6.166666666666667,39,6.324324324324324,20,96,57,13.833333333333332,4.120481927710844,2,8,Small
6.2,6,2,42,Varun Aaron,Bowlers,Yuvraj Singh,Batters,0,True,5.0,26,Delhi,Arun Jaitley Stadium,Small,False,True,38,6,6.333333333333333,39,6.157894736842105,20,96,57,13.666666666666668,4.170731707317072,3,7,Small
6.3,6,3,43,Varun Aaron,Bowlers,Angelo Mathews,All-Rounders,0,True,5.0,26,Delhi,Arun Jaitley Stadium,Small,False,True,39,6,6.5,39,6.0,20,96,57,13.5,4.222222222222222,4,6,Small
6.4,6,4,44,Varun Aaron,Bowlers,Kedar Jadhav,All-Rounders,0,False,1.0,26,Delhi,Arun Jaitley Stadium,Small,False,True,40,6,6.666666666666667,39,5.85,20,96,57,13.333333333333332,4.275,4,6,Small
6.5,6,5,45,Varun Aaron,Bowlers,Kedar Jadhav,All-Rounders,0,False,1.0,26,Delhi,Arun Jaitley Stadium,Small,False,True,41,6,6.833333333333333,39,5.707317073170732,20,96,57,13.166666666666668,4.329113924050633,4,6,Small
6.6,6,6,46,Varun Aaron,Bowlers,Kedar Jadhav,All-Rounders,0,False,1.0,26,Delhi,Arun Jaitley Stadium,Small,False,True,42,6,7.0,39,5.571428571428571,20,96,57,13.0,4.384615384615385,4,6,Small
6.6,6,6,47,Varun Aaron,Bowlers,Kedar Jadhav,All-Rounders,1,False,-1.0,26,Delhi,Arun Jaitley Stadium,Small,True,False,42,6,7.0,40,5.714285714285714,20,96,56,13.0,4.307692307692308,4,6,Small
7.1,7,1,48,Iqbal Abdulla,All-Rounders,Mayank Agarawal,Batters,1,False,-0.5,26,Delhi,Arun Jaitley Stadium,Small,False,True,43,7,7.166666666666667,41,5.720930232558139,20,96,55,12.833333333333332,4.285714285714287,4,6,Small
7.2,7,2,49,Iqbal Abdulla,All-Rounders,Kedar Jadhav,All-Rounders,0,False,1.0,26,Delhi,Arun Jaitley Stadium,Small,False,True,44,7,7.333333333333333,41,5.590909090909091,20,96,55,12.666666666666668,4.342105263157895,4,6,Small
7.3,7,3,50,Iqbal Abdulla,All-Rounders,Kedar Jadhav,All-Rounders,0,False,1.0,26,Delhi,Arun Jaitley Stadium,Small,False,True,45,7,7.5,41,5.466666666666667,20,96,55,12.5,4.4,4,6,Small
7.4,7,4,51,Iqbal Abdulla,All-Rounders,Kedar Jadhav,All-Rounders,1,False,-0.5,26,Delhi,Arun Jaitley Stadium,Small,False,True,46,7,7.666666666666667,42,5.478260869565217,20,96,54,12.333333333333332,4.378378378378379,4,6,Small
7.5,7,5,52,Iqbal Abdulla,All-Rounders,Mayank Agarawal,Batters,0,False,1.0,26,Delhi,Arun Jaitley Stadium,Small,False,True,47,7,7.833333333333333,42,5.361702127659575,20,96,54,12.166666666666668,4.438356164383562,4,6,Small
7.6,7,6,53,Iqbal Abdulla,All-Rounders,Mayank Agarawal,Batters,1,False,-0.5,26,Delhi,Arun Jaitley Stadium,Small,False,True,48,7,8.0,43,5.375,20,96,53,12.0,4.416666666666667,4,6,Small
8.1,8,1,54,Varun Aaron,Bowlers,Mayank Agarawal,Batters,0,False,1.0,26,Delhi,Arun Jaitley Stadium,Small,False,True,49,8,8.166666666666666,43,5.26530612244898,20,96,53,11.833333333333334,4.478873239436619,4,6,Small
8.2,8,2,55,Varun Aaron,Bowlers,Mayank Agarawal,Batters,0,False,1.0,26,Delhi,Arun Jaitley Stadium,Small,False,True,50,8,8.333333333333334,43,5.159999999999999,20,96,53,11.666666666666666,4.542857142857143,4,6,Small
8.3,8,3,56,Varun Aaron,Bowlers,Mayank Agarawal,Batters,0,False,1.0,26,Delhi,Arun Jaitley Stadium,Small,False,True,51,8,8.5,43,5.0588235294117645,20,96,53,11.5,4.608695652173913,4,6,Small
8.4,8,4,57,Varun Aaron,Bowlers,Mayank Agarawal,Batters,1,False,-0.5,26,Delhi,Arun Jaitley Stadium,Small,False,True,52,8,8.666666666666666,44,5.0769230769230775,20,96,52,11.333333333333334,4.588235294117647,4,6,Small
8.5,8,5,58,Varun Aaron,Bowlers,Kedar Jadhav,All-Rounders,1,False,-0.5,26,Delhi,Arun Jaitley Stadium,Small,False,True,53,8,8.833333333333334,45,5.094339622641509,20,96,51,11.166666666666666,4.567164179104478,4,6,Small
8.6,8,6,59,Varun Aaron,Bowlers,Mayank Agarawal,Batters,0,False,1.0,26,Delhi,Arun Jaitley Stadium,Small,False,True,54,8,9.0,45,5.0,20,96,51,11.0,4.636363636363637,4,6,Small
9.1,9,1,60,Iqbal Abdulla,All-Rounders,Kedar Jadhav,All-Rounders,2,False,-1.0,26,Delhi,Arun Jaitley Stadium,Small,False,True,55,9,9.166666666666666,47,5.127272727272728,20,96,49,10.833333333333334,4.523076923076923,4,6,Small
9.2,9,2,61,Iqbal Abdulla,All-Rounders,Kedar Jadhav,All-Rounders,1,False,-0.5,26,Delhi,Arun Jaitley Stadium,Small,False,True,56,9,9.333333333333334,48,5.142857142857142,20,96,48,10.666666666666666,4.5,4,6,Small
9.3,9,3,62,Iqbal Abdulla,All-Rounders,Mayank Agarawal,Batters,1,False,-0.5,26,Delhi,Arun Jaitley Stadium,Small,False,True,57,9,9.5,49,5.157894736842105,20,96,47,10.5,4.476190476190476,4,6,Small
9.4,9,4,63,Iqbal Abdulla,All-Rounders,Kedar Jadhav,All-Rounders,4,False,-2.0,26,Delhi,Arun Jaitley Stadium,Small,False,True,58,9,9.666666666666666,53,5.482758620689656,20,96,43,10.333333333333334,4.161290322580645,4,6,Small
9.5,9,5,64,Iqbal Abdulla,All-Rounders,Kedar Jadhav,All-Rounders,1,False,-0.5,26,Delhi,Arun Jaitley Stadium,Small,False,True,59,9,9.833333333333334,54,5.491525423728813,20,96,42,10.166666666666666,4.131147540983607,4,6,Small
9.6,9,6,65,Iqbal Abdulla,All-Rounders,Mayank Agarawal,Batters,0,False,1.0,26,Delhi,Arun Jaitley Stadium,Small,False,True,60,9,10.0,54,5.4,20,96,42,10.0,4.2,4,6,Small
10.1,10,1,66,Harshal Patel,Bowlers,Kedar Jadhav,All-Rounders,4,False,-2.0,26,Delhi,Arun Jaitley Stadium,Small,False,True,61,10,10.166666666666666,58,5.704918032786885,20,96,38,9.833333333333334,3.864406779661017,4,6,Small
10.2,10,2,67,Harshal Patel,Bowlers,Kedar Jadhav,All-Rounders,0,False,1.0,26,Delhi,Arun Jaitley Stadium,Small,False,True,62,10,10.333333333333334,58,5.612903225806451,20,96,38,9.666666666666666,3.931034482758621,4,6,Small
10.3,10,3,68,Harshal Patel,Bowlers,Kedar Jadhav,All-Rounders,1,False,-0.5,26,Delhi,Arun Jaitley Stadium,Small,False,True,63,10,10.5,59,5.619047619047619,20,96,37,9.5,3.8947368421052633,4,6,Small
10.4,10,4,69,Harshal Patel,Bowlers,Mayank Agarawal,Batters,1,False,-0.5,26,Delhi,Arun Jaitley Stadium,Small,False,True,64,10,10.666666666666666,60,5.625,20,96,36,9.333333333333334,3.8571428571428568,4,6,Small
10.5,10,5,70,Harshal Patel,Bowlers,Kedar Jadhav,All-Rounders,1,False,-0.5,26,Delhi,Arun Jaitley Stadium,Small,False,True,65,10,10.833333333333334,61,5.63076923076923,20,96,35,9.166666666666666,3.8181818181818175,4,6,Small
10.6,10,6,71,Harshal Patel,Bowlers,Mayank Agarawal,Batters,1,False,-0.5,26,Delhi,Arun Jaitley Stadium,Small,False,True,66,10,11.0,62,5.636363636363637,20,96,34,9.0,3.7777777777777777,4,6,Small
11.1,11,1,72,David Wiese,All-Rounders,Mayank Agarawal,Batters,1,False,-0.5,26,Delhi,Arun Jaitley Stadium,Small,False,True,67,11,11.166666666666666,63,5.64179104477612,20,96,33,8.833333333333334,3.735849056603773,4,6,Small
11.2,11,2,73,David Wiese,All-Rounders,Kedar Jadhav,All-Rounders,1,False,-0.5,26,Delhi,Arun Jaitley Stadium,Small,False,True,68,11,11.333333333333334,64,5.647058823529411,20,96,32,8.666666666666666,3.692307692307693,4,6,Small
11.3,11,3,74,David Wiese,All-Rounders,Mayank Agarawal,Batters,1,False,-0.5,26,Delhi,Arun Jaitley Stadium,Small,False,True,69,11,11.5,65,5.652173913043479,20,96,31,8.5,3.647058823529412,4,6,Small
11.4,11,4,75,David Wiese,All-Rounders,Kedar Jadhav,All-Rounders,0,False,1.0,26,Delhi,Arun Jaitley Stadium,Small,False,True,70,11,11.666666666666666,65,5.571428571428572,20,96,31,8.333333333333334,3.72,4,6,Small
11.5,11,5,76,David Wiese,All-Rounders,Kedar Jadhav,All-Rounders,1,False,-0.5,26,Delhi,Arun Jaitley Stadium,Small,False,True,71,11,11.833333333333334,66,5.577464788732394,20,96,30,8.166666666666666,3.673469387755102,4,6,Small
11.6,11,6,77,David Wiese,All-Rounders,Mayank Agarawal,Batters,1,False,-0.5,26,Delhi,Arun Jaitley Stadium,Small,False,True,72,11,12.0,67,5.583333333333333,20,96,29,8.0,3.625,4,6,Small
12.1,12,1,78,Iqbal Abdulla,All-Rounders,Mayank Agarawal,Batters,0,True,5.0,26,Delhi,Arun Jaitley Stadium,Small,False,True,73,12,12.166666666666666,67,5.506849315068494,20,96,29,7.833333333333334,3.702127659574468,5,5,Small
12.2,12,2,79,Iqbal Abdulla,All-Rounders,Nathan Coulter-Nile,All-Rounders,0,False,1.0,26,Delhi,Arun Jaitley Stadium,Small,False,True,74,12,12.333333333333334,67,5.4324324324324325,20,96,29,7.666666666666666,3.7826086956521743,5,5,Small
12.3,12,3,80,Iqbal Abdulla,All-Rounders,Nathan Coulter-Nile,All-Rounders,0,False,1.0,26,Delhi,Arun Jaitley Stadium,Small,False,True,75,12,12.5,67,5.36,20,96,29,7.5,3.866666666666666,5,5,Small
12.4,12,4,81,Iqbal Abdulla,All-Rounders,Nathan Coulter-Nile,All-Rounders,0,False,1.0,26,Delhi,Arun Jaitley Stadium,Small,False,True,76,12,12.666666666666666,67,5.289473684210527,20,96,29,7.333333333333334,3.954545454545454,5,5,Small
12.5,12,5,82,Iqbal Abdulla,All-Rounders,Nathan Coulter-Nile,All-Rounders,0,False,1.0,26,Delhi,Arun Jaitley Stadium,Small,False,True,77,12,12.833333333333334,67,5.220779220779221,20,96,29,7.166666666666666,4.046511627906977,5,5,Small
12.6,12,6,83,Iqbal Abdulla,All-Rounders,Nathan Coulter-Nile,All-Rounders,0,False,1.0,26,Delhi,Arun Jaitley Stadium,Small,False,True,78,12,13.0,67,5.153846153846154,20,96,29,7.0,4.142857142857143,5,5,Small
13.1,13,1,84,David Wiese,All-Rounders,Kedar Jadhav,All-Rounders,1,False,-0.5,26,Delhi,Arun Jaitley Stadium,Small,False,True,79,13,13.166666666666666,68,5.1645569620253164,20,96,28,6.833333333333334,4.097560975609756,5,5,Small
13.2,13,2,85,David Wiese,All-Rounders,Nathan Coulter-Nile,All-Rounders,0,False,1.0,26,Delhi,Arun Jaitley Stadium,Small,False,True,80,13,13.333333333333334,68,5.1,20,96,28,6.666666666666666,4.2,5,5,Small
13.3,13,3,86,David Wiese,All-Rounders,Nathan Coulter-Nile,All-Rounders,4,False,-2.0,26,Delhi,Arun Jaitley Stadium,Small,False,True,81,13,13.5,72,5.333333333333333,20,96,24,6.5,3.692307692307693,5,5,Small
13.4,13,4,87,David Wiese,All-Rounders,Nathan Coulter-Nile,All-Rounders,0,True,5.0,26,Delhi,Arun Jaitley Stadium,Small,False,True,82,13,13.666666666666666,72,5.2682926829268295,20,96,24,6.333333333333334,3.789473684210526,6,4,Small
13.5,13,5,88,David Wiese,All-Rounders,Amit Mishra,Bowlers,1,False,-0.5,26,Delhi,Arun Jaitley Stadium,Small,False,True,83,13,13.833333333333334,73,5.27710843373494,20,96,23,6.166666666666666,3.7297297297297294,6,4,Small
13.6,13,6,89,David Wiese,All-Rounders,Kedar Jadhav,All-Rounders,2,False,-1.0,26,Delhi,Arun Jaitley Stadium,Small,False,True,84,13,14.0,75,5.357142857142857,20,96,21,6.0,3.5,6,4,Small
14.1,14,1,90,Mitchell Starc,Bowlers,Amit Mishra,Bowlers,1,False,-0.5,26,Delhi,Arun Jaitley Stadium,Small,False,True,85,14,14.166666666666666,76,5.364705882352942,20,96,20,5.833333333333334,3.4285714285714284,6,4,Small
14.2,14,2,91,Mitchell Starc,Bowlers,Kedar Jadhav,All-Rounders,4,False,-2.0,26,Delhi,Arun Jaitley Stadium,Small,False,True,86,14,14.333333333333334,80,5.5813953488372094,20,96,16,5.666666666666666,2.823529411764706,6,4,Small
14.3,14,3,92,Mitchell Starc,Bowlers,Kedar Jadhav,All-Rounders,4,False,-2.0,26,Delhi,Arun Jaitley Stadium,Small,False,True,87,14,14.5,84,5.793103448275862,20,96,12,5.5,2.1818181818181817,6,4,Small
14.4,14,4,93,Mitchell Starc,Bowlers,Kedar Jadhav,All-Rounders,1,False,-0.5,26,Delhi,Arun Jaitley Stadium,Small,False,True,88,14,14.666666666666666,85,5.795454545454546,20,96,11,5.333333333333334,2.0625,6,4,Small
14.5,14,5,94,Mitchell Starc,Bowlers,Amit Mishra,Bowlers,0,False,1.0,26,Delhi,Arun Jaitley Stadium,Small,False,True,89,14,14.833333333333334,85,5.730337078651685,20,96,11,5.166666666666666,2.1290322580645165,6,4,Small
14.6,14,6,95,Mitchell Starc,Bowlers,Amit Mishra,Bowlers,0,True,5.0,26,Delhi,Arun Jaitley Stadium,Small,False,True,90,14,15.0,85,5.666666666666667,20,96,11,5.0,2.2,7,3,Small
15.1,15,1,96,Iqbal Abdulla,All-Rounders,Kedar Jadhav,All-Rounders,1,False,-1.0,26,Delhi,Arun Jaitley Stadium,Small,True,False,90,14,15.0,86,5.733333333333333,20,96,10,5.0,2.0,7,3,Small
15.1,15,1,97,Iqbal Abdulla,All-Rounders,Kedar Jadhav,All-Rounders,1,False,-0.5,26,Delhi,Arun Jaitley Stadium,Small,False,True,91,15,15.166666666666666,87,5.736263736263736,20,96,9,4.833333333333334,1.862068965517241,7,3,Small
15.2,15,2,98,Iqbal Abdulla,All-Rounders,Shahbaz Nadeem,Bowlers,0,False,1.0,26,Delhi,Arun Jaitley Stadium,Small,False,True,92,15,15.333333333333334,87,5.673913043478261,20,96,9,4.666666666666666,1.9285714285714288,7,3,Small
15.3,15,3,99,Iqbal Abdulla,All-Rounders,Shahbaz Nadeem,Bowlers,1,False,-0.5,26,Delhi,Arun Jaitley Stadium,Small,False,True,93,15,15.5,88,5.67741935483871,20,96,8,4.5,1.7777777777777777,7,3,Small
15.4,15,4,100,Iqbal Abdulla,All-Rounders,Kedar Jadhav,All-Rounders,1,False,-0.5,26,Delhi,Arun Jaitley Stadium,Small,False,True,94,15,15.666666666666666,89,5.680851063829787,20,96,7,4.333333333333334,1.6153846153846152,7,3,Small
15.5,15,5,101,Iqbal Abdulla,All-Rounders,Shahbaz Nadeem,Bowlers,0,False,1.0,26,Delhi,Arun Jaitley Stadium,Small,False,True,95,15,15.833333333333334,89,5.621052631578947,20,96,7,4.166666666666666,1.6800000000000002,7,3,Small
15.6,15,6,102,Iqbal Abdulla,All-Rounders,Shahbaz Nadeem,Bowlers,1,False,-0.5,26,Delhi,Arun Jaitley Stadium,Small,False,True,96,15,16.0,90,5.625,20,96,6,4.0,1.5,7,3,Small
16.1,16,1,103,Mitchell Starc,Bowlers,Shahbaz Nadeem,Bowlers,0,False,1.0,26,Delhi,Arun Jaitley Stadium,Small,False,True,97,16,16.166666666666668,90,5.56701030927835,20,96,6,3.833333333333332,1.5652173913043483,7,3,Small
16.2,16,2,104,Mitchell Starc,Bowlers,Shahbaz Nadeem,Bowlers,0,False,1.0,26,Delhi,Arun Jaitley Stadium,Small,False,True,98,16,16.333333333333332,90,5.510204081632653,20,96,6,3.666666666666668,1.6363636363636358,7,3,Small
16.3,16,3,105,Mitchell Starc,Bowlers,Shahbaz Nadeem,Bowlers,0,True,5.0,26,Delhi,Arun Jaitley Stadium,Small,False,True,99,16,16.5,90,5.454545454545454,20,96,6,3.5,1.7142857142857142,8,2,Small
16.4,16,4,106,Mitchell Starc,Bowlers,Imran Tahir,Bowlers,1,False,-0.5,26,Delhi,Arun Jaitley Stadium,Small,False,True,100,16,16.666666666666668,91,5.46,20,96,5,3.333333333333332,1.5000000000000004,8,2,Small
16.5,16,5,107,Mitchell Starc,Bowlers,Kedar Jadhav,All-Rounders,1,False,-0.5,26,Delhi,Arun Jaitley Stadium,Small,False,True,101,16,16.833333333333332,92,5.465346534653466,20,96,4,3.166666666666668,1.2631578947368416,8,2,Small
16.6,16,6,108,Mitchell Starc,Bowlers,Imran Tahir,Bowlers,0,False,1.0,26,Delhi,Arun Jaitley Stadium,Small,False,True,102,16,17.0,92,5.411764705882353,20,96,4,3.0,1.3333333333333333,8,2,Small
17.1,17,1,109,Harshal Patel,Bowlers,Kedar Jadhav,All-Rounders,0,False,1.0,26,Delhi,Arun Jaitley Stadium,Small,False,True,103,17,17.166666666666668,92,5.359223300970873,20,96,4,2.833333333333332,1.4117647058823537,8,2,Small
17.2,17,2,110,Harshal Patel,Bowlers,Kedar Jadhav,All-Rounders,0,False,1.0,26,Delhi,Arun Jaitley Stadium,Small,False,True,104,17,17.333333333333332,92,5.307692307692308,20,96,4,2.666666666666668,1.4999999999999991,8,2,Small
17.3,17,3,111,Harshal Patel,Bowlers,Kedar Jadhav,All-Rounders,0,True,5.0,26,Delhi,Arun Jaitley Stadium,Small,False,True,105,17,17.5,92,5.257142857142857,20,96,4,2.5,1.6,9,1,Small
17.4,17,4,112,Harshal Patel,Bowlers,Domnic Muthuswami,,1,False,-0.5,26,Delhi,Arun Jaitley Stadium,Small,False,True,106,17,17.666666666666668,93,5.264150943396226,20,96,3,2.333333333333332,1.2857142857142865,9,1,Small
17.5,17,5,113,Harshal Patel,Bowlers,Imran Tahir,Bowlers,1,False,-0.5,26,Delhi,Arun Jaitley Stadium,Small,False,True,107,17,17.833333333333332,94,5.271028037383178,20,96,2,2.166666666666668,0.9230769230769226,9,1,Small
17.6,17,6,114,Harshal Patel,Bowlers,Domnic Muthuswami,,0,False,1.0,26,Delhi,Arun Jaitley Stadium,Small,False,True,108,17,18.0,94,5.222222222222222,20,96,2,2.0,1.0,9,1,Small
18.1,18,1,115,David Wiese,All-Rounders,Imran Tahir,Bowlers,1,False,-0.5,26,Delhi,Arun Jaitley Stadium,Small,False,True,109,18,18.166666666666668,95,5.229357798165137,20,96,1,1.833333333333332,0.5454545454545459,9,1,Small
18.2,18,2,116,David Wiese,All-Rounders,Domnic Muthuswami,,0,True,5.0,26,Delhi,Arun Jaitley Stadium,Small,False,True,110,18,18.33333333333333,95,5.181818181818183,20,96,1,1.666666666666668,0.5999999999999995,10,0,Small
