Ball Number,over,ball,Ball,bowler,bowler_role,batsman,batsman_role,Runs,is_wicket,bowler_score,match_id,city,stadium,Stadium_Type,is_extra,legal_delivery,legal_deliveries_count,overs_completed,overs_bowled,total_runs,current_run_rate,total_overs,target,runs_needed,overs_remaining,required_run_rate,wickets_fallen,wickets_in_hand,Ground_Type
0.1,0,1,1,Nathan Coulter-Nile,All-Rounders,Chris Gayle,All-Rounders,0,False,1.0,26,Delhi,Arun Jaitley Stadium,Small,False,True,1,0,0.1666666666666666,0,0.0,20,96,96,19.83333333333333,4.840336134453782,0,10,Small
0.2,0,2,2,Nathan Coulter-Nile,All-Rounders,Chris Gayle,All-Rounders,0,False,1.0,26,Delhi,Arun Jaitley Stadium,Small,False,True,2,0,0.3333333333333333,0,0.0,20,96,96,19.666666666666668,4.881355932203389,0,10,Small
0.3,0,3,3,Nathan Coulter-Nile,All-Rounders,Chris Gayle,All-Rounders,0,False,1.0,26,Delhi,Arun Jaitley Stadium,Small,False,True,3,0,0.5,0,0.0,20,96,96,19.5,4.923076923076923,0,10,Small
0.4,0,4,4,Nathan Coulter-Nile,All-Rounders,Chris Gayle,All-Rounders,0,False,1.0,26,Delhi,Arun Jaitley Stadium,Small,False,True,4,0,0.6666666666666666,0,0.0,20,96,96,19.33333333333333,4.965517241379311,0,10,Small
0.5,0,5,5,Nathan Coulter-Nile,All-Rounders,Chris Gayle,All-Rounders,1,False,-1.0,26,Delhi,Arun Jaitley Stadium,Small,True,False,4,0,0.6666666666666666,1,1.5,20,96,95,19.33333333333333,4.913793103448276,0,10,Small
0.5,0,5,6,Nathan Coulter-Nile,All-Rounders,Chris Gayle,All-Rounders,2,False,-1.0,26,Delhi,Arun Jaitley Stadium,Small,False,True,5,0,0.8333333333333334,3,3.6,20,96,93,19.166666666666668,4.852173913043478,0,10,Small
0.6,0,6,7,Nathan Coulter-Nile,All-Rounders,Chris Gayle,All-Rounders,1,False,-0.5,26,Delhi,Arun Jaitley Stadium,Small,False,True,6,0,1.0,4,4.0,20,96,92,19.0,4.842105263157895,0,10,Small
1.1,1,1,8,Domnic Muthuswami,,Chris Gayle,All-Rounders,0,False,1.0,26,Delhi,Arun Jaitley Stadium,Small,False,True,7,1,1.1666666666666667,4,3.4285714285714284,20,96,92,18.83333333333333,4.88495575221239,0,10,Small
1.2,1,2,9,Domnic Muthuswami,,Chris Gayle,All-Rounders,0,False,1.0,26,Delhi,Arun Jaitley Stadium,Small,False,True,8,1,1.3333333333333333,4,3.0,20,96,92,18.666666666666668,4.928571428571428,0,10,Small
1.3,1,3,10,Domnic Muthuswami,,Chris Gayle,All-Rounders,6,False,-3.0,26,Delhi,Arun Jaitley Stadium,Small,False,True,9,1,1.5,10,6.666666666666667,20,96,86,18.5,4.648648648648648,0,10,Small
1.4,1,4,11,Domnic Muthuswami,,Chris Gayle,All-Rounders,4,False,-2.0,26,Delhi,Arun Jaitley Stadium,Small,False,True,10,1,1.6666666666666663,14,8.4,20,96,82,18.33333333333333,4.472727272727273,0,10,Small
1.5,1,5,12,Domnic Muthuswami,,Chris Gayle,All-Rounders,0,False,1.0,26,Delhi,Arun Jaitley Stadium,Small,False,True,11,1,1.8333333333333333,14,7.636363636363636,20,96,82,18.166666666666668,4.513761467889908,0,10,Small
1.6,1,6,13,Domnic Muthuswami,,Chris Gayle,All-Rounders,4,False,-2.0,26,Delhi,Arun Jaitley Stadium,Small,False,True,12,1,2.0,18,9.0,20,96,78,18.0,4.333333333333333,0,10,Small
2.1,2,1,14,Nathan Coulter-Nile,All-Rounders,Virat Kohli,Batters,0,False,1.0,26,Delhi,Arun Jaitley Stadium,Small,False,True,13,2,2.1666666666666665,18,8.307692307692308,20,96,78,17.833333333333332,4.373831775700935,0,10,Small
2.2,2,2,15,Nathan Coulter-Nile,All-Rounders,Virat Kohli,Batters,1,False,-0.5,26,Delhi,Arun Jaitley Stadium,Small,False,True,14,2,2.333333333333333,19,8.142857142857142,20,96,77,17.666666666666668,4.358490566037736,0,10,Small
2.3,2,3,16,Nathan Coulter-Nile,All-Rounders,Chris Gayle,All-Rounders,0,False,1.0,26,Delhi,Arun Jaitley Stadium,Small,False,True,15,2,2.5,19,7.6,20,96,77,17.5,4.4,0,10,Small
2.4,2,4,17,Nathan Coulter-Nile,All-Rounders,Chris Gayle,All-Rounders,4,False,-2.0,26,Delhi,Arun Jaitley Stadium,Small,False,True,16,2,2.6666666666666665,23,8.625,20,96,73,17.333333333333332,4.211538461538462,0,10,Small
2.5,2,5,18,Nathan Coulter-Nile,All-Rounders,Chris Gayle,All-Rounders,1,False,-0.5,26,Delhi,Arun Jaitley Stadium,Small,False,True,17,2,2.833333333333333,24,8.470588235294118,20,96,72,17.166666666666668,4.194174757281553,0,10,Small
2.6,2,6,19,Nathan Coulter-Nile,All-Rounders,Virat Kohli,Batters,0,False,1.0,26,Delhi,Arun Jaitley Stadium,Small,False,True,18,2,3.0,24,8.0,20,96,72,17.0,4.235294117647059,0,10,Small
3.1,3,1,20,Imran Tahir,Bowlers,Chris Gayle,All-Rounders,0,False,1.0,26,Delhi,Arun Jaitley Stadium,Small,False,True,19,3,3.1666666666666665,24,7.578947368421053,20,96,72,16.833333333333332,4.2772277227722775,0,10,Small
3.2,3,2,21,Imran Tahir,Bowlers,Chris Gayle,All-Rounders,4,False,-2.0,26,Delhi,Arun Jaitley Stadium,Small,False,True,20,3,3.333333333333333,28,8.4,20,96,68,16.666666666666668,4.08,0,10,Small
3.3,3,3,22,Imran Tahir,Bowlers,Chris Gayle,All-Rounders,1,False,-0.5,26,Delhi,Arun Jaitley Stadium,Small,False,True,21,3,3.5,29,8.285714285714286,20,96,67,16.5,4.0606060606060606,0,10,Small
3.4,3,4,23,Imran Tahir,Bowlers,Virat Kohli,Batters,1,False,-0.5,26,Delhi,Arun Jaitley Stadium,Small,False,True,22,3,3.6666666666666665,30,8.181818181818182,20,96,66,16.333333333333332,4.040816326530613,0,10,Small
3.5,3,5,24,Imran Tahir,Bowlers,Chris Gayle,All-Rounders,1,False,-0.5,26,Delhi,Arun Jaitley Stadium,Small,False,True,23,3,3.8333333333333335,31,8.08695652173913,20,96,65,16.166666666666668,4.020618556701031,0,10,Small
3.6,3,6,25,Imran Tahir,Bowlers,Virat Kohli,Batters,1,False,-0.5,26,Delhi,Arun Jaitley Stadium,Small,False,True,24,3,4.0,32,8.0,20,96,64,16.0,4.0,0,10,Small
4.1,4,1,26,Nathan Coulter-Nile,All-Rounders,Virat Kohli,Batters,1,False,-0.5,26,Delhi,Arun Jaitley Stadium,Small,False,True,25,4,4.166666666666667,33,7.919999999999999,20,96,63,15.833333333333332,3.978947368421053,0,10,Small
4.2,4,2,27,Nathan Coulter-Nile,All-Rounders,Chris Gayle,All-Rounders,0,False,1.0,26,Delhi,Arun Jaitley Stadium,Small,False,True,26,4,4.333333333333333,33,7.615384615384616,20,96,63,15.666666666666668,4.0212765957446805,0,10,Small
4.3,4,3,28,Nathan Coulter-Nile,All-Rounders,Chris Gayle,All-Rounders,0,False,1.0,26,Delhi,Arun Jaitley Stadium,Small,False,True,27,4,4.5,33,7.333333333333333,20,96,63,15.5,4.064516129032258,0,10,Small
4.4,4,4,29,Nathan Coulter-Nile,All-Rounders,Chris Gayle,All-Rounders,0,False,1.0,26,Delhi,Arun Jaitley Stadium,Small,False,True,28,4,4.666666666666667,33,7.071428571428571,20,96,63,15.333333333333332,4.108695652173913,0,10,Small
4.5,4,5,30,Nathan Coulter-Nile,All-Rounders,Chris Gayle,All-Rounders,4,False,-2.0,26,Delhi,Arun Jaitley Stadium,Small,False,True,29,4,4.833333333333333,37,7.655172413793104,20,96,59,15.166666666666668,3.8901098901098896,0,10,Small
4.6,4,6,31,Nathan Coulter-Nile,All-Rounders,Chris Gayle,All-Rounders,6,False,-3.0,26,Delhi,Arun Jaitley Stadium,Small,False,True,30,4,5.0,43,8.6,20,96,53,15.0,3.533333333333333,0,10,Small
5.1,5,1,32,Jean-Paul Duminy,All-Rounders,Virat Kohli,Batters,0,False,1.0,26,Delhi,Arun Jaitley Stadium,Small,False,True,31,5,5.166666666666667,43,8.32258064516129,20,96,53,14.833333333333332,3.573033707865169,0,10,Small
5.2,5,2,33,Jean-Paul Duminy,All-Rounders,Virat Kohli,Batters,1,False,-0.5,26,Delhi,Arun Jaitley Stadium,Small,False,True,32,5,5.333333333333333,44,8.25,20,96,52,14.666666666666668,3.545454545454545,0,10,Small
5.3,5,3,34,Jean-Paul Duminy,All-Rounders,Chris Gayle,All-Rounders,4,False,-2.0,26,Delhi,Arun Jaitley Stadium,Small,False,True,33,5,5.5,48,8.727272727272727,20,96,48,14.5,3.310344827586207,0,10,Small
5.4,5,4,35,Jean-Paul Duminy,All-Rounders,Chris Gayle,All-Rounders,0,False,1.0,26,Delhi,Arun Jaitley Stadium,Small,False,True,34,5,5.666666666666667,48,8.470588235294118,20,96,48,14.333333333333332,3.3488372093023258,0,10,Small
5.5,5,5,36,Jean-Paul Duminy,All-Rounders,Chris Gayle,All-Rounders,1,False,-0.5,26,Delhi,Arun Jaitley Stadium,Small,False,True,35,5,5.833333333333333,49,8.4,20,96,47,14.166666666666668,3.317647058823529,0,10,Small
5.6,5,6,37,Jean-Paul Duminy,All-Rounders,Virat Kohli,Batters,1,False,-0.5,26,Delhi,Arun Jaitley Stadium,Small,False,True,36,5,6.0,50,8.333333333333334,20,96,46,14.0,3.2857142857142856,0,10,Small
6.1,6,1,38,Amit Mishra,Bowlers,Virat Kohli,Batters,0,False,1.0,26,Delhi,Arun Jaitley Stadium,Small,False,True,37,6,6.166666666666667,50,8.108108108108107,20,96,46,13.833333333333332,3.3253012048192776,0,10,Small
6.2,6,2,39,Amit Mishra,Bowlers,Virat Kohli,Batters,4,False,-2.0,26,Delhi,Arun Jaitley Stadium,Small,False,True,38,6,6.333333333333333,54,8.526315789473685,20,96,42,13.666666666666668,3.0731707317073167,0,10,Small
6.3,6,3,40,Amit Mishra,Bowlers,Virat Kohli,Batters,4,False,-2.0,26,Delhi,Arun Jaitley Stadium,Small,False,True,39,6,6.5,58,8.923076923076923,20,96,38,13.5,2.814814814814815,0,10,Small
6.4,6,4,41,Amit Mishra,Bowlers,Virat Kohli,Batters,1,False,-0.5,26,Delhi,Arun Jaitley Stadium,Small,False,True,40,6,6.666666666666667,59,8.85,20,96,37,13.333333333333332,2.7750000000000004,0,10,Small
6.5,6,5,42,Amit Mishra,Bowlers,Chris Gayle,All-Rounders,1,False,-0.5,26,Delhi,Arun Jaitley Stadium,Small,False,True,41,6,6.833333333333333,60,8.78048780487805,20,96,36,13.166666666666668,2.7341772151898733,0,10,Small
6.6,6,6,43,Amit Mishra,Bowlers,Virat Kohli,Batters,1,False,-0.5,26,Delhi,Arun Jaitley Stadium,Small,False,True,42,6,7.0,61,8.714285714285714,20,96,35,13.0,2.6923076923076925,0,10,Small
7.1,7,1,44,Imran Tahir,Bowlers,Virat Kohli,Batters,4,False,-2.0,26,Delhi,Arun Jaitley Stadium,Small,False,True,43,7,7.166666666666667,65,9.069767441860463,20,96,31,12.833333333333332,2.415584415584416,0,10,Small
7.2,7,2,45,Imran Tahir,Bowlers,Virat Kohli,Batters,1,False,-0.5,26,Delhi,Arun Jaitley Stadium,Small,False,True,44,7,7.333333333333333,66,9.0,20,96,30,12.666666666666668,2.3684210526315788,0,10,Small
7.3,7,3,46,Imran Tahir,Bowlers,Chris Gayle,All-Rounders,6,False,-3.0,26,Delhi,Arun Jaitley Stadium,Small,False,True,45,7,7.5,72,9.6,20,96,24,12.5,1.92,0,10,Small
7.4,7,4,47,Imran Tahir,Bowlers,Chris Gayle,All-Rounders,0,False,1.0,26,Delhi,Arun Jaitley Stadium,Small,False,True,46,7,7.666666666666667,72,9.391304347826086,20,96,24,12.333333333333332,1.945945945945946,0,10,Small
7.5,7,5,48,Imran Tahir,Bowlers,Chris Gayle,All-Rounders,0,False,1.0,26,Delhi,Arun Jaitley Stadium,Small,False,True,47,7,7.833333333333333,72,9.191489361702128,20,96,24,12.166666666666668,1.9726027397260275,0,10,Small
7.6,7,6,49,Imran Tahir,Bowlers,Chris Gayle,All-Rounders,1,False,-0.5,26,Delhi,Arun Jaitley Stadium,Small,False,True,48,7,8.0,73,9.125,20,96,23,12.0,1.9166666666666667,0,10,Small
8.1,8,1,50,Amit Mishra,Bowlers,Chris Gayle,All-Rounders,1,False,-1.0,26,Delhi,Arun Jaitley Stadium,Small,True,False,48,7,8.0,74,9.25,20,96,22,12.0,1.8333333333333333,0,10,Small
8.1,8,1,51,Amit Mishra,Bowlers,Chris Gayle,All-Rounders,6,False,-3.0,26,Delhi,Arun Jaitley Stadium,Small,False,True,49,8,8.166666666666666,80,9.79591836734694,20,96,16,11.833333333333334,1.352112676056338,0,10,Small
8.2,8,2,52,Amit Mishra,Bowlers,Chris Gayle,All-Rounders,1,False,-0.5,26,Delhi,Arun Jaitley Stadium,Small,False,True,50,8,8.333333333333334,81,9.72,20,96,15,11.666666666666666,1.2857142857142858,0,10,Small
8.3,8,3,53,Amit Mishra,Bowlers,Virat Kohli,Batters,1,False,-0.5,26,Delhi,Arun Jaitley Stadium,Small,False,True,51,8,8.5,82,9.647058823529411,20,96,14,11.5,1.2173913043478262,0,10,Small
8.4,8,4,54,Amit Mishra,Bowlers,Chris Gayle,All-Rounders,1,False,-0.5,26,Delhi,Arun Jaitley Stadium,Small,False,True,52,8,8.666666666666666,83,9.576923076923078,20,96,13,11.333333333333334,1.1470588235294117,0,10,Small
8.5,8,5,55,Amit Mishra,Bowlers,Virat Kohli,Batters,4,False,-2.0,26,Delhi,Arun Jaitley Stadium,Small,False,True,53,8,8.833333333333334,87,9.849056603773583,20,96,9,11.166666666666666,0.8059701492537313,0,10,Small
8.6,8,6,56,Amit Mishra,Bowlers,Virat Kohli,Batters,0,False,1.0,26,Delhi,Arun Jaitley Stadium,Small,False,True,54,8,9.0,87,9.666666666666666,20,96,9,11.0,0.8181818181818182,0,10,Small
9.1,9,1,57,Angelo Mathews,All-Rounders,Chris Gayle,All-Rounders,1,False,-0.5,26,Delhi,Arun Jaitley Stadium,Small,False,True,55,9,9.166666666666666,88,9.6,20,96,8,10.833333333333334,0.7384615384615384,0,10,Small
9.2,9,2,58,Angelo Mathews,All-Rounders,Virat Kohli,Batters,1,False,-0.5,26,Delhi,Arun Jaitley Stadium,Small,False,True,56,9,9.333333333333334,89,9.535714285714285,20,96,7,10.666666666666666,0.65625,0,10,Small
9.3,9,3,59,Angelo Mathews,All-Rounders,Chris Gayle,All-Rounders,0,False,1.0,26,Delhi,Arun Jaitley Stadium,Small,False,True,57,9,9.5,89,9.36842105263158,20,96,7,10.5,0.6666666666666666,0,10,Small
9.4,9,4,60,Angelo Mathews,All-Rounders,Chris Gayle,All-Rounders,0,False,1.0,26,Delhi,Arun Jaitley Stadium,Small,False,True,58,9,9.666666666666666,89,9.20689655172414,20,96,7,10.333333333333334,0.6774193548387096,0,10,Small
9.5,9,5,61,Angelo Mathews,All-Rounders,Chris Gayle,All-Rounders,1,False,-0.5,26,Delhi,Arun Jaitley Stadium,Small,False,True,59,9,9.833333333333334,90,9.152542372881356,20,96,6,10.166666666666666,0.5901639344262295,0,10,Small
9.6,9,6,62,Angelo Mathews,All-Rounders,Virat Kohli,Batters,0,False,1.0,26,Delhi,Arun Jaitley Stadium,Small,False,True,60,9,10.0,90,9.0,20,96,6,10.0,0.6,0,10,Small
10.1,10,1,63,Nathan Coulter-Nile,All-Rounders,Chris Gayle,All-Rounders,1,False,-0.5,26,Delhi,Arun Jaitley Stadium,Small,False,True,61,10,10.166666666666666,91,8.950819672131148,20,96,5,9.833333333333334,0.5084745762711864,0,10,Small
10.2,10,2,64,Nathan Coulter-Nile,All-Rounders,Virat Kohli,Batters,4,False,-2.0,26,Delhi,Arun Jaitley Stadium,Small,False,True,62,10,10.333333333333334,95,9.193548387096774,20,96,1,9.666666666666666,0.1034482758620689,0,10,Small
10.3,10,3,65,Nathan Coulter-Nile,All-Rounders,Virat Kohli,Batters,4,False,-2.0,26,Delhi,Arun Jaitley Stadium,Small,False,True,63,10,10.5,99,9.428571428571429,20,96,0,9.5,0.0,0,10,Small
