Ball Number,over,ball,Ball,bowler,bowler_role,batsman,batsman_role,Runs,is_wicket,bowler_score,match_id,city,stadium,Stadium_Type,is_extra,legal_delivery,legal_deliveries_count,overs_completed,overs_bowled,total_runs,current_run_rate,total_overs,target,runs_needed,overs_remaining,required_run_rate,wickets_fallen,wickets_in_hand,Ground_Type
0.1,0,1,1,Sandeep Sharma,Bowlers,David Warner,Batters,0,False,1.0,27,Mohali,Punjab Cricket Association Stadium,Medium,False,True,1,0,0.1666666666666666,0,0.0,20,151,151,19.83333333333333,7.613445378151261,0,10,Medium
0.2,0,2,2,Sandeep Sharma,Bowlers,David Warner,Batters,0,False,1.0,27,Mohali,Punjab Cricket Association Stadium,Medium,False,True,2,0,0.3333333333333333,0,0.0,20,151,151,19.666666666666668,7.677966101694915,0,10,Medium
0.3,0,3,3,Sandeep Sharma,Bowlers,David Warner,Batters,0,False,1.0,27,Mohali,Punjab Cricket Association Stadium,Medium,False,True,3,0,0.5,0,0.0,20,151,151,19.5,7.743589743589744,0,10,Medium
0.4,0,4,4,Sandeep Sharma,Bowlers,David Warner,Batters,0,False,1.0,27,Mohali,Punjab Cricket Association Stadium,Medium,False,True,4,0,0.6666666666666666,0,0.0,20,151,151,19.33333333333333,7.810344827586207,0,10,Medium
0.5,0,5,5,Sandeep Sharma,Bowlers,David Warner,Batters,0,False,1.0,27,Mohali,Punjab Cricket Association Stadium,Medium,False,True,5,0,0.8333333333333334,0,0.0,20,151,151,19.166666666666668,7.878260869565217,0,10,Medium
0.6,0,6,6,Sandeep Sharma,Bowlers,David Warner,Batters,0,False,1.0,27,Mohali,Punjab Cricket Association Stadium,Medium,False,True,6,0,1.0,0,0.0,20,151,151,19.0,7.947368421052632,0,10,Medium
1.1,1,1,7,Mitchell Johnson,Bowlers,Shikhar Dhawan,Batters,1,False,-0.5,27,Mohali,Punjab Cricket Association Stadium,Medium,False,True,7,1,1.1666666666666667,1,0.8571428571428571,20,151,150,18.83333333333333,7.964601769911505,0,10,Medium
1.2,1,2,8,Mitchell Johnson,Bowlers,David Warner,Batters,4,False,-2.0,27,Mohali,Punjab Cricket Association Stadium,Medium,False,True,8,1,1.3333333333333333,5,3.75,20,151,146,18.666666666666668,7.821428571428571,0,10,Medium
1.3,1,3,9,Mitchell Johnson,Bowlers,David Warner,Batters,4,False,-2.0,27,Mohali,Punjab Cricket Association Stadium,Medium,False,True,9,1,1.5,9,6.0,20,151,142,18.5,7.675675675675675,0,10,Medium
1.4,1,4,10,Mitchell Johnson,Bowlers,David Warner,Batters,1,False,-0.5,27,Mohali,Punjab Cricket Association Stadium,Medium,False,True,10,1,1.6666666666666663,10,6.000000000000001,20,151,141,18.33333333333333,7.690909090909091,0,10,Medium
1.5,1,5,11,Mitchell Johnson,Bowlers,Shikhar Dhawan,Batters,0,True,5.0,27,Mohali,Punjab Cricket Association Stadium,Medium,False,True,11,1,1.8333333333333333,10,5.454545454545454,20,151,141,18.166666666666668,7.761467889908256,1,9,Medium
1.6,1,6,12,Mitchell Johnson,Bowlers,Hanuma Vihari,All-Rounders,0,False,1.0,27,Mohali,Punjab Cricket Association Stadium,Medium,False,True,12,1,2.0,10,5.0,20,151,141,18.0,7.833333333333333,1,9,Medium
2.1,2,1,13,Sandeep Sharma,Bowlers,David Warner,Batters,0,False,1.0,27,Mohali,Punjab Cricket Association Stadium,Medium,False,True,13,2,2.1666666666666665,10,4.615384615384616,20,151,141,17.833333333333332,7.906542056074767,1,9,Medium
2.2,2,2,14,Sandeep Sharma,Bowlers,David Warner,Batters,0,False,1.0,27,Mohali,Punjab Cricket Association Stadium,Medium,False,True,14,2,2.333333333333333,10,4.285714285714286,20,151,141,17.666666666666668,7.981132075471698,1,9,Medium
2.3,2,3,15,Sandeep Sharma,Bowlers,David Warner,Batters,0,False,1.0,27,Mohali,Punjab Cricket Association Stadium,Medium,False,True,15,2,2.5,10,4.0,20,151,141,17.5,8.057142857142857,1,9,Medium
2.4,2,4,16,Sandeep Sharma,Bowlers,David Warner,Batters,4,False,-2.0,27,Mohali,Punjab Cricket Association Stadium,Medium,False,True,16,2,2.6666666666666665,14,5.25,20,151,137,17.333333333333332,7.903846153846154,1,9,Medium
2.5,2,5,17,Sandeep Sharma,Bowlers,David Warner,Batters,0,False,1.0,27,Mohali,Punjab Cricket Association Stadium,Medium,False,True,17,2,2.833333333333333,14,4.941176470588235,20,151,137,17.166666666666668,7.980582524271844,1,9,Medium
2.6,2,6,18,Sandeep Sharma,Bowlers,David Warner,Batters,1,False,-0.5,27,Mohali,Punjab Cricket Association Stadium,Medium,False,True,18,2,3.0,15,5.0,20,151,136,17.0,8.0,1,9,Medium
3.1,3,1,19,Mitchell Johnson,Bowlers,David Warner,Batters,4,False,-2.0,27,Mohali,Punjab Cricket Association Stadium,Medium,False,True,19,3,3.1666666666666665,19,6.0,20,151,132,16.833333333333332,7.841584158415842,1,9,Medium
3.2,3,2,20,Mitchell Johnson,Bowlers,David Warner,Batters,6,False,-3.0,27,Mohali,Punjab Cricket Association Stadium,Medium,False,True,20,3,3.333333333333333,25,7.5,20,151,126,16.666666666666668,7.56,1,9,Medium
3.3,3,3,21,Mitchell Johnson,Bowlers,David Warner,Batters,4,False,-2.0,27,Mohali,Punjab Cricket Association Stadium,Medium,False,True,21,3,3.5,29,8.285714285714286,20,151,122,16.5,7.393939393939394,1,9,Medium
3.4,3,4,22,Mitchell Johnson,Bowlers,David Warner,Batters,1,False,-0.5,27,Mohali,Punjab Cricket Association Stadium,Medium,False,True,22,3,3.6666666666666665,30,8.181818181818182,20,151,121,16.333333333333332,7.408163265306123,1,9,Medium
3.5,3,5,23,Mitchell Johnson,Bowlers,Hanuma Vihari,All-Rounders,0,False,1.0,27,Mohali,Punjab Cricket Association Stadium,Medium,False,True,23,3,3.8333333333333335,30,7.826086956521739,20,151,121,16.166666666666668,7.484536082474226,1,9,Medium
3.6,3,6,24,Mitchell Johnson,Bowlers,Hanuma Vihari,All-Rounders,0,False,1.0,27,Mohali,Punjab Cricket Association Stadium,Medium,False,True,24,3,4.0,30,7.5,20,151,121,16.0,7.5625,1,9,Medium
4.1,4,1,25,Sandeep Sharma,Bowlers,David Warner,Batters,4,False,-2.0,27,Mohali,Punjab Cricket Association Stadium,Medium,False,True,25,4,4.166666666666667,34,8.16,20,151,117,15.833333333333332,7.389473684210527,1,9,Medium
4.2,4,2,26,Sandeep Sharma,Bowlers,David Warner,Batters,0,False,1.0,27,Mohali,Punjab Cricket Association Stadium,Medium,False,True,26,4,4.333333333333333,34,7.846153846153847,20,151,117,15.666666666666668,7.468085106382978,1,9,Medium
4.3,4,3,27,Sandeep Sharma,Bowlers,David Warner,Batters,4,False,-2.0,27,Mohali,Punjab Cricket Association Stadium,Medium,False,True,27,4,4.5,38,8.444444444444445,20,151,113,15.5,7.290322580645161,1,9,Medium
4.4,4,4,28,Sandeep Sharma,Bowlers,David Warner,Batters,4,False,-2.0,27,Mohali,Punjab Cricket Association Stadium,Medium,False,True,28,4,4.666666666666667,42,9.0,20,151,109,15.333333333333332,7.108695652173914,1,9,Medium
4.5,4,5,29,Sandeep Sharma,Bowlers,David Warner,Batters,0,False,1.0,27,Mohali,Punjab Cricket Association Stadium,Medium,False,True,29,4,4.833333333333333,42,8.689655172413794,20,151,109,15.166666666666668,7.186813186813186,1,9,Medium
4.6,4,6,30,Sandeep Sharma,Bowlers,David Warner,Batters,4,False,-2.0,27,Mohali,Punjab Cricket Association Stadium,Medium,False,True,30,4,5.0,46,9.2,20,151,105,15.0,7.0,1,9,Medium
5.1,5,1,31,Anureet Singh,Bowlers,Hanuma Vihari,All-Rounders,4,False,-2.0,27,Mohali,Punjab Cricket Association Stadium,Medium,False,True,31,5,5.166666666666667,50,9.67741935483871,20,151,101,14.833333333333332,6.808988764044944,1,9,Medium
5.2,5,2,32,Anureet Singh,Bowlers,Hanuma Vihari,All-Rounders,1,False,-0.5,27,Mohali,Punjab Cricket Association Stadium,Medium,False,True,32,5,5.333333333333333,51,9.5625,20,151,100,14.666666666666668,6.8181818181818175,1,9,Medium
5.3,5,3,33,Anureet Singh,Bowlers,David Warner,Batters,1,False,-0.25,27,Mohali,Punjab Cricket Association Stadium,Medium,False,True,33,5,5.5,52,9.454545454545457,20,151,99,14.5,6.827586206896552,1,9,Medium
5.4,5,4,34,Anureet Singh,Bowlers,Hanuma Vihari,All-Rounders,0,False,1.0,27,Mohali,Punjab Cricket Association Stadium,Medium,False,True,34,5,5.666666666666667,52,9.176470588235292,20,151,99,14.333333333333332,6.906976744186047,1,9,Medium
5.5,5,5,35,Anureet Singh,Bowlers,Hanuma Vihari,All-Rounders,4,False,-2.0,27,Mohali,Punjab Cricket Association Stadium,Medium,False,True,35,5,5.833333333333333,56,9.6,20,151,95,14.166666666666668,6.705882352941176,1,9,Medium
5.6,5,6,36,Anureet Singh,Bowlers,Hanuma Vihari,All-Rounders,0,True,5.0,27,Mohali,Punjab Cricket Association Stadium,Medium,False,True,36,5,6.0,56,9.333333333333334,20,151,95,14.0,6.785714285714286,2,8,Medium
6.1,6,1,37,Murali Vijay,,Moises Henriques,All-Rounders,1,False,-0.5,27,Mohali,Punjab Cricket Association Stadium,Medium,False,True,37,6,6.166666666666667,57,9.243243243243242,20,151,94,13.833333333333332,6.795180722891567,2,8,Medium
6.2,6,2,38,Murali Vijay,,David Warner,Batters,0,False,1.0,27,Mohali,Punjab Cricket Association Stadium,Medium,False,True,38,6,6.333333333333333,57,9.0,20,151,94,13.666666666666668,6.878048780487804,2,8,Medium
6.3,6,3,39,Murali Vijay,,David Warner,Batters,1,False,-0.5,27,Mohali,Punjab Cricket Association Stadium,Medium,False,True,39,6,6.5,58,8.923076923076923,20,151,93,13.5,6.888888888888889,2,8,Medium
6.4,6,4,40,Murali Vijay,,Moises Henriques,All-Rounders,1,False,-0.5,27,Mohali,Punjab Cricket Association Stadium,Medium,False,True,40,6,6.666666666666667,59,8.85,20,151,92,13.333333333333332,6.9,2,8,Medium
6.5,6,5,41,Murali Vijay,,David Warner,Batters,1,False,-0.5,27,Mohali,Punjab Cricket Association Stadium,Medium,False,True,41,6,6.833333333333333,60,8.78048780487805,20,151,91,13.166666666666668,6.911392405063291,2,8,Medium
6.6,6,6,42,Murali Vijay,,Moises Henriques,All-Rounders,1,False,-0.5,27,Mohali,Punjab Cricket Association Stadium,Medium,False,True,42,6,7.0,61,8.714285714285714,20,151,90,13.0,6.923076923076923,2,8,Medium
7.1,7,1,43,Axar Patel,All-Rounders,Moises Henriques,All-Rounders,1,False,-0.5,27,Mohali,Punjab Cricket Association Stadium,Medium,False,True,43,7,7.166666666666667,62,8.651162790697674,20,151,89,12.833333333333332,6.935064935064935,2,8,Medium
7.2,7,2,44,Axar Patel,All-Rounders,David Warner,Batters,0,False,1.0,27,Mohali,Punjab Cricket Association Stadium,Medium,False,True,44,7,7.333333333333333,62,8.454545454545455,20,151,89,12.666666666666668,7.026315789473683,2,8,Medium
7.3,7,3,45,Axar Patel,All-Rounders,David Warner,Batters,1,False,-0.5,27,Mohali,Punjab Cricket Association Stadium,Medium,False,True,45,7,7.5,63,8.4,20,151,88,12.5,7.04,2,8,Medium
7.4,7,4,46,Axar Patel,All-Rounders,Moises Henriques,All-Rounders,1,False,-0.5,27,Mohali,Punjab Cricket Association Stadium,Medium,False,True,46,7,7.666666666666667,64,8.347826086956522,20,151,87,12.333333333333332,7.054054054054054,2,8,Medium
7.5,7,5,47,Axar Patel,All-Rounders,David Warner,Batters,0,False,1.0,27,Mohali,Punjab Cricket Association Stadium,Medium,False,True,47,7,7.833333333333333,64,8.170212765957448,20,151,87,12.166666666666668,7.150684931506849,2,8,Medium
7.6,7,6,48,Axar Patel,All-Rounders,David Warner,Batters,1,False,-0.5,27,Mohali,Punjab Cricket Association Stadium,Medium,False,True,48,7,8.0,65,8.125,20,151,86,12.0,7.166666666666667,2,8,Medium
8.1,8,1,49,Murali Vijay,,David Warner,Batters,0,False,1.0,27,Mohali,Punjab Cricket Association Stadium,Medium,False,True,49,8,8.166666666666666,65,7.959183673469388,20,151,86,11.833333333333334,7.267605633802816,2,8,Medium
8.2,8,2,50,Murali Vijay,,David Warner,Batters,2,False,-1.0,27,Mohali,Punjab Cricket Association Stadium,Medium,False,True,50,8,8.333333333333334,67,8.04,20,151,84,11.666666666666666,7.2,2,8,Medium
8.3,8,3,51,Murali Vijay,,David Warner,Batters,0,False,1.0,27,Mohali,Punjab Cricket Association Stadium,Medium,False,True,51,8,8.5,67,7.882352941176471,20,151,84,11.5,7.304347826086956,2,8,Medium
8.4,8,4,52,Murali Vijay,,David Warner,Batters,1,False,-0.5,27,Mohali,Punjab Cricket Association Stadium,Medium,False,True,52,8,8.666666666666666,68,7.846153846153847,20,151,83,11.333333333333334,7.323529411764706,2,8,Medium
8.5,8,5,53,Murali Vijay,,Moises Henriques,All-Rounders,1,False,-0.5,27,Mohali,Punjab Cricket Association Stadium,Medium,False,True,53,8,8.833333333333334,69,7.811320754716981,20,151,82,11.166666666666666,7.343283582089553,2,8,Medium
8.6,8,6,54,Murali Vijay,,David Warner,Batters,1,False,-0.5,27,Mohali,Punjab Cricket Association Stadium,Medium,False,True,54,8,9.0,70,7.777777777777778,20,151,81,11.0,7.363636363636363,2,8,Medium
9.1,9,1,55,Axar Patel,All-Rounders,David Warner,Batters,4,False,-2.0,27,Mohali,Punjab Cricket Association Stadium,Medium,False,True,55,9,9.166666666666666,74,8.072727272727274,20,151,77,10.833333333333334,7.107692307692307,2,8,Medium
9.2,9,2,56,Axar Patel,All-Rounders,David Warner,Batters,1,False,-0.5,27,Mohali,Punjab Cricket Association Stadium,Medium,False,True,56,9,9.333333333333334,75,8.035714285714285,20,151,76,10.666666666666666,7.125,2,8,Medium
9.3,9,3,57,Axar Patel,All-Rounders,Moises Henriques,All-Rounders,0,False,1.0,27,Mohali,Punjab Cricket Association Stadium,Medium,False,True,57,9,9.5,75,7.894736842105263,20,151,76,10.5,7.238095238095238,2,8,Medium
9.4,9,4,58,Axar Patel,All-Rounders,Moises Henriques,All-Rounders,1,False,-0.5,27,Mohali,Punjab Cricket Association Stadium,Medium,False,True,58,9,9.666666666666666,76,7.862068965517242,20,151,75,10.333333333333334,7.258064516129032,2,8,Medium
9.5,9,5,59,Axar Patel,All-Rounders,David Warner,Batters,0,True,5.0,27,Mohali,Punjab Cricket Association Stadium,Medium,False,True,59,9,9.833333333333334,76,7.728813559322034,20,151,75,10.166666666666666,7.377049180327869,3,7,Medium
9.6,9,6,60,Axar Patel,All-Rounders,Naman Ojha,Batters,0,False,1.0,27,Mohali,Punjab Cricket Association Stadium,Medium,False,True,60,9,10.0,76,7.6,20,151,75,10.0,7.5,3,7,Medium
10.1,10,1,61,Murali Vijay,,Moises Henriques,All-Rounders,1,False,-0.5,27,Mohali,Punjab Cricket Association Stadium,Medium,False,True,61,10,10.166666666666666,77,7.573770491803279,20,151,74,9.833333333333334,7.525423728813559,3,7,Medium
10.2,10,2,62,Murali Vijay,,Naman Ojha,Batters,1,False,-0.5,27,Mohali,Punjab Cricket Association Stadium,Medium,False,True,62,10,10.333333333333334,78,7.548387096774193,20,151,73,9.666666666666666,7.551724137931035,3,7,Medium
10.3,10,3,63,Murali Vijay,,Moises Henriques,All-Rounders,1,False,-0.5,27,Mohali,Punjab Cricket Association Stadium,Medium,False,True,63,10,10.5,79,7.523809523809524,20,151,72,9.5,7.578947368421052,3,7,Medium
10.4,10,4,64,Murali Vijay,,Naman Ojha,Batters,1,False,-0.5,27,Mohali,Punjab Cricket Association Stadium,Medium,False,True,64,10,10.666666666666666,80,7.5,20,151,71,9.333333333333334,7.607142857142857,3,7,Medium
10.5,10,5,65,Murali Vijay,,Moises Henriques,All-Rounders,1,False,-0.5,27,Mohali,Punjab Cricket Association Stadium,Medium,False,True,65,10,10.833333333333334,81,7.476923076923076,20,151,70,9.166666666666666,7.636363636363637,3,7,Medium
10.6,10,6,66,Murali Vijay,,Naman Ojha,Batters,1,False,-0.5,27,Mohali,Punjab Cricket Association Stadium,Medium,False,True,66,10,11.0,82,7.454545454545454,20,151,69,9.0,7.666666666666667,3,7,Medium
11.1,11,1,67,Anureet Singh,Bowlers,Naman Ojha,Batters,0,False,1.0,27,Mohali,Punjab Cricket Association Stadium,Medium,False,True,67,11,11.166666666666666,82,7.343283582089553,20,151,69,8.833333333333334,7.811320754716981,3,7,Medium
11.2,11,2,68,Anureet Singh,Bowlers,Naman Ojha,Batters,0,False,1.0,27,Mohali,Punjab Cricket Association Stadium,Medium,False,True,68,11,11.333333333333334,82,7.235294117647059,20,151,69,8.666666666666666,7.961538461538462,3,7,Medium
11.3,11,3,69,Anureet Singh,Bowlers,Naman Ojha,Batters,0,False,1.0,27,Mohali,Punjab Cricket Association Stadium,Medium,False,True,69,11,11.5,82,7.130434782608695,20,151,69,8.5,8.117647058823529,3,7,Medium
11.4,11,4,70,Anureet Singh,Bowlers,Naman Ojha,Batters,1,False,-0.5,27,Mohali,Punjab Cricket Association Stadium,Medium,False,True,70,11,11.666666666666666,83,7.114285714285715,20,151,68,8.333333333333334,8.16,3,7,Medium
11.5,11,5,71,Anureet Singh,Bowlers,Moises Henriques,All-Rounders,1,False,-0.5,27,Mohali,Punjab Cricket Association Stadium,Medium,False,True,71,11,11.833333333333334,84,7.098591549295774,20,151,67,8.166666666666666,8.204081632653061,3,7,Medium
11.6,11,6,72,Anureet Singh,Bowlers,Naman Ojha,Batters,1,False,-0.5,27,Mohali,Punjab Cricket Association Stadium,Medium,False,True,72,11,12.0,85,7.083333333333333,20,151,66,8.0,8.25,3,7,Medium
12.1,12,1,73,Rishi Dhawan,All-Rounders,Naman Ojha,Batters,4,False,-2.0,27,Mohali,Punjab Cricket Association Stadium,Medium,False,True,73,12,12.166666666666666,89,7.315068493150685,20,151,62,7.833333333333334,7.914893617021276,3,7,Medium
12.2,12,2,74,Rishi Dhawan,All-Rounders,Naman Ojha,Batters,1,False,-0.5,27,Mohali,Punjab Cricket Association Stadium,Medium,False,True,74,12,12.333333333333334,90,7.297297297297297,20,151,61,7.666666666666666,7.9565217391304355,3,7,Medium
12.3,12,3,75,Rishi Dhawan,All-Rounders,Moises Henriques,All-Rounders,0,False,1.0,27,Mohali,Punjab Cricket Association Stadium,Medium,False,True,75,12,12.5,90,7.2,20,151,61,7.5,8.133333333333333,3,7,Medium
12.4,12,4,76,Rishi Dhawan,All-Rounders,Moises Henriques,All-Rounders,1,False,-0.5,27,Mohali,Punjab Cricket Association Stadium,Medium,False,True,76,12,12.666666666666666,91,7.184210526315789,20,151,60,7.333333333333334,8.181818181818182,3,7,Medium
12.5,12,5,77,Rishi Dhawan,All-Rounders,Naman Ojha,Batters,0,False,1.0,27,Mohali,Punjab Cricket Association Stadium,Medium,False,True,77,12,12.833333333333334,91,7.090909090909091,20,151,60,7.166666666666666,8.372093023255815,3,7,Medium
12.6,12,6,78,Rishi Dhawan,All-Rounders,Naman Ojha,Batters,1,False,-0.5,27,Mohali,Punjab Cricket Association Stadium,Medium,False,True,78,12,13.0,92,7.076923076923077,20,151,59,7.0,8.428571428571429,3,7,Medium
13.1,13,1,79,Mitchell Johnson,Bowlers,Naman Ojha,Batters,1,False,-0.5,27,Mohali,Punjab Cricket Association Stadium,Medium,False,True,79,13,13.166666666666666,93,7.063291139240507,20,151,58,6.833333333333334,8.48780487804878,3,7,Medium
13.2,13,2,80,Mitchell Johnson,Bowlers,Moises Henriques,All-Rounders,1,False,-0.5,27,Mohali,Punjab Cricket Association Stadium,Medium,False,True,80,13,13.333333333333334,94,7.05,20,151,57,6.666666666666666,8.55,3,7,Medium
13.3,13,3,81,Mitchell Johnson,Bowlers,Naman Ojha,Batters,1,False,-0.5,27,Mohali,Punjab Cricket Association Stadium,Medium,False,True,81,13,13.5,95,7.037037037037037,20,151,56,6.5,8.615384615384615,3,7,Medium
13.4,13,4,82,Mitchell Johnson,Bowlers,Moises Henriques,All-Rounders,1,False,-0.5,27,Mohali,Punjab Cricket Association Stadium,Medium,False,True,82,13,13.666666666666666,96,7.024390243902439,20,151,55,6.333333333333334,8.68421052631579,3,7,Medium
13.5,13,5,83,Mitchell Johnson,Bowlers,Naman Ojha,Batters,0,False,1.0,27,Mohali,Punjab Cricket Association Stadium,Medium,False,True,83,13,13.833333333333334,96,6.9397590361445785,20,151,55,6.166666666666666,8.91891891891892,3,7,Medium
13.6,13,6,84,Mitchell Johnson,Bowlers,Naman Ojha,Batters,2,False,-1.0,27,Mohali,Punjab Cricket Association Stadium,Medium,False,True,84,13,14.0,98,7.0,20,151,53,6.0,8.833333333333334,3,7,Medium
14.1,14,1,85,Axar Patel,All-Rounders,Moises Henriques,All-Rounders,0,False,1.0,27,Mohali,Punjab Cricket Association Stadium,Medium,False,True,85,14,14.166666666666666,98,6.91764705882353,20,151,53,5.833333333333334,9.085714285714284,3,7,Medium
14.2,14,2,86,Axar Patel,All-Rounders,Moises Henriques,All-Rounders,1,False,-0.5,27,Mohali,Punjab Cricket Association Stadium,Medium,False,True,86,14,14.333333333333334,99,6.906976744186046,20,151,52,5.666666666666666,9.176470588235295,3,7,Medium
14.3,14,3,87,Axar Patel,All-Rounders,Naman Ojha,Batters,1,False,-0.5,27,Mohali,Punjab Cricket Association Stadium,Medium,False,True,87,14,14.5,100,6.896551724137931,20,151,51,5.5,9.272727272727272,3,7,Medium
14.4,14,4,88,Axar Patel,All-Rounders,Moises Henriques,All-Rounders,1,False,-0.5,27,Mohali,Punjab Cricket Association Stadium,Medium,False,True,88,14,14.666666666666666,101,6.886363636363637,20,151,50,5.333333333333334,9.374999999999998,3,7,Medium
14.5,14,5,89,Axar Patel,All-Rounders,Naman Ojha,Batters,2,False,-1.0,27,Mohali,Punjab Cricket Association Stadium,Medium,False,True,89,14,14.833333333333334,103,6.943820224719101,20,151,48,5.166666666666666,9.290322580645162,3,7,Medium
14.6,14,6,90,Axar Patel,All-Rounders,Naman Ojha,Batters,1,False,-0.5,27,Mohali,Punjab Cricket Association Stadium,Medium,False,True,90,14,15.0,104,6.933333333333334,20,151,47,5.0,9.4,3,7,Medium
15.1,15,1,91,Anureet Singh,Bowlers,Naman Ojha,Batters,1,False,-0.5,27,Mohali,Punjab Cricket Association Stadium,Medium,False,True,91,15,15.166666666666666,105,6.923076923076923,20,151,46,4.833333333333334,9.517241379310343,3,7,Medium
15.2,15,2,92,Anureet Singh,Bowlers,Moises Henriques,All-Rounders,1,False,-0.5,27,Mohali,Punjab Cricket Association Stadium,Medium,False,True,92,15,15.333333333333334,106,6.913043478260869,20,151,45,4.666666666666666,9.642857142857144,3,7,Medium
15.3,15,3,93,Anureet Singh,Bowlers,Naman Ojha,Batters,4,False,-2.0,27,Mohali,Punjab Cricket Association Stadium,Medium,False,True,93,15,15.5,110,7.096774193548387,20,151,41,4.5,9.11111111111111,3,7,Medium
15.4,15,4,94,Anureet Singh,Bowlers,Naman Ojha,Batters,0,False,1.0,27,Mohali,Punjab Cricket Association Stadium,Medium,False,True,94,15,15.666666666666666,110,7.021276595744681,20,151,41,4.333333333333334,9.46153846153846,3,7,Medium
15.5,15,5,95,Anureet Singh,Bowlers,Naman Ojha,Batters,4,False,-2.0,27,Mohali,Punjab Cricket Association Stadium,Medium,False,True,95,15,15.833333333333334,114,7.199999999999999,20,151,37,4.166666666666666,8.88,3,7,Medium
15.6,15,6,96,Anureet Singh,Bowlers,Naman Ojha,Batters,0,False,1.0,27,Mohali,Punjab Cricket Association Stadium,Medium,False,True,96,15,16.0,114,7.125,20,151,37,4.0,9.25,3,7,Medium
16.1,16,1,97,Axar Patel,All-Rounders,Moises Henriques,All-Rounders,4,False,-2.0,27,Mohali,Punjab Cricket Association Stadium,Medium,False,True,97,16,16.166666666666668,118,7.298969072164948,20,151,33,3.833333333333332,8.608695652173916,3,7,Medium
16.2,16,2,98,,,,,0,False,0.0,27,Mohali,Punjab Cricket Association Stadium,Medium,False,True,98,16,16.333333333333332,118,7.224489795918368,20,151,33,3.666666666666668,8.999999999999996,3,7,Medium
16.3,16,3,99,Axar Patel,All-Rounders,Moises Henriques,All-Rounders,1,False,-0.5,27,Mohali,Punjab Cricket Association Stadium,Medium,False,True,99,16,16.5,119,7.212121212121212,20,151,32,3.5,9.142857142857142,3,7,Medium
16.4,16,4,100,Axar Patel,All-Rounders,Naman Ojha,Batters,0,True,5.0,27,Mohali,Punjab Cricket Association Stadium,Medium,False,True,100,16,16.666666666666668,119,7.14,20,151,32,3.333333333333332,9.600000000000003,4,6,Medium
16.5,16,5,101,Axar Patel,All-Rounders,Moises Henriques,All-Rounders,2,False,-1.0,27,Mohali,Punjab Cricket Association Stadium,Medium,False,True,101,16,16.833333333333332,121,7.188118811881188,20,151,30,3.166666666666668,9.473684210526311,4,6,Medium
16.6,16,6,102,Axar Patel,All-Rounders,Moises Henriques,All-Rounders,0,False,1.0,27,Mohali,Punjab Cricket Association Stadium,Medium,False,True,102,16,17.0,121,7.117647058823529,20,151,30,3.0,10.0,4,6,Medium
17.1,17,1,103,Mitchell Johnson,Bowlers,Ravi Bopara,All-Rounders,0,False,1.0,27,Mohali,Punjab Cricket Association Stadium,Medium,False,True,103,17,17.166666666666668,121,7.048543689320388,20,151,30,2.833333333333332,10.588235294117652,4,6,Medium
17.2,17,2,104,Mitchell Johnson,Bowlers,Ravi Bopara,All-Rounders,0,True,5.0,27,Mohali,Punjab Cricket Association Stadium,Medium,False,True,104,17,17.333333333333332,121,6.980769230769231,20,151,30,2.666666666666668,11.249999999999996,5,5,Medium
17.3,17,3,105,Mitchell Johnson,Bowlers,Ashish Reddy,All-Rounders,2,False,-1.0,27,Mohali,Punjab Cricket Association Stadium,Medium,False,True,105,17,17.5,123,7.0285714285714285,20,151,28,2.5,11.2,5,5,Medium
17.4,17,4,106,Mitchell Johnson,Bowlers,Ashish Reddy,All-Rounders,4,False,-2.0,27,Mohali,Punjab Cricket Association Stadium,Medium,False,True,106,17,17.666666666666668,127,7.188679245283018,20,151,24,2.333333333333332,10.285714285714292,5,5,Medium
17.5,17,5,107,Mitchell Johnson,Bowlers,Ashish Reddy,All-Rounders,1,False,-0.5,27,Mohali,Punjab Cricket Association Stadium,Medium,False,True,107,17,17.833333333333332,128,7.177570093457945,20,151,23,2.166666666666668,10.61538461538461,5,5,Medium
17.6,17,6,108,Mitchell Johnson,Bowlers,Moises Henriques,All-Rounders,1,False,-0.5,27,Mohali,Punjab Cricket Association Stadium,Medium,False,True,108,17,18.0,129,7.166666666666667,20,151,22,2.0,11.0,5,5,Medium
18.1,18,1,109,Anureet Singh,Bowlers,Moises Henriques,All-Rounders,0,False,1.0,27,Mohali,Punjab Cricket Association Stadium,Medium,False,True,109,18,18.166666666666668,129,7.10091743119266,20,151,22,1.833333333333332,12.000000000000009,5,5,Medium
18.2,18,2,110,Anureet Singh,Bowlers,Moises Henriques,All-Rounders,1,False,-0.5,27,Mohali,Punjab Cricket Association Stadium,Medium,False,True,110,18,18.33333333333333,130,7.090909090909092,20,151,21,1.666666666666668,12.59999999999999,5,5,Medium
18.3,18,3,111,Anureet Singh,Bowlers,Ashish Reddy,All-Rounders,1,False,-0.5,27,Mohali,Punjab Cricket Association Stadium,Medium,False,True,111,18,18.5,131,7.081081081081081,20,151,20,1.5,13.333333333333334,5,5,Medium
18.4,18,4,112,Anureet Singh,Bowlers,Moises Henriques,All-Rounders,1,False,-0.5,27,Mohali,Punjab Cricket Association Stadium,Medium,False,True,112,18,18.666666666666668,132,7.071428571428571,20,151,19,1.333333333333332,14.250000000000012,5,5,Medium
18.5,18,5,113,Anureet Singh,Bowlers,Ashish Reddy,All-Rounders,1,False,-0.5,27,Mohali,Punjab Cricket Association Stadium,Medium,False,True,113,18,18.83333333333333,133,7.061946902654868,20,151,18,1.166666666666668,15.428571428571413,5,5,Medium
18.6,18,6,114,Anureet Singh,Bowlers,Moises Henriques,All-Rounders,1,False,-0.5,27,Mohali,Punjab Cricket Association Stadium,Medium,False,True,114,18,19.0,134,7.052631578947368,20,151,17,1.0,17.0,5,5,Medium
19.1,19,1,115,Sandeep Sharma,Bowlers,Moises Henriques,All-Rounders,0,False,1.0,27,Mohali,Punjab Cricket Association Stadium,Medium,False,True,115,19,19.166666666666668,134,6.991304347826087,20,151,17,0.8333333333333321,20.40000000000003,5,5,Medium
19.2,19,2,116,Sandeep Sharma,Bowlers,Moises Henriques,All-Rounders,0,True,5.0,27,Mohali,Punjab Cricket Association Stadium,Medium,False,True,116,19,19.33333333333333,134,6.931034482758621,20,151,17,0.6666666666666679,25.49999999999996,6,4,Medium
19.3,19,3,117,Sandeep Sharma,Bowlers,Karn Sharma,Bowlers,1,False,-0.5,27,Mohali,Punjab Cricket Association Stadium,Medium,False,True,117,19,19.5,135,6.923076923076923,20,151,16,0.5,32.0,6,4,Medium
19.4,19,4,118,Sandeep Sharma,Bowlers,Ashish Reddy,All-Rounders,6,False,-3.0,27,Mohali,Punjab Cricket Association Stadium,Medium,False,True,118,19,19.666666666666668,141,7.169491525423728,20,151,10,0.3333333333333321,30.000000000000107,6,4,Medium
19.5,19,5,119,Sandeep Sharma,Bowlers,Ashish Reddy,All-Rounders,6,False,-3.0,27,Mohali,Punjab Cricket Association Stadium,Medium,False,True,119,19,19.83333333333333,147,7.411764705882353,20,151,4,0.1666666666666678,23.99999999999983,6,4,Medium
19.6,19,6,120,Sandeep Sharma,Bowlers,Ashish Reddy,All-Rounders,1,False,-0.5,27,Mohali,Punjab Cricket Association Stadium,Medium,False,True,120,19,20.0,148,7.4,20,151,3,0.0,inf,6,4,Medium
