Ball Number,over,ball,Ball,bowler,bowler_role,batsman,batsman_role,Runs,is_wicket,bowler_score,match_id,city,stadium,Stadium_Type,is_extra,legal_delivery,legal_deliveries_count,overs_completed,overs_bowled,total_runs,current_run_rate,total_overs,target,runs_needed,overs_remaining,required_run_rate,wickets_fallen,wickets_in_hand,Ground_Type
0.1,0,1,1,Manish Pandey,,Robin Uthappa,Batters,1,False,-0.5,28,Chepauk,MA Chidambaram Stadium,Medium,False,True,1,0,0.1666666666666666,1,6.0,20,135,134,19.83333333333333,6.756302521008403,0,10,Medium
0.2,0,2,2,Manish Pandey,,Gautam Gambhir,Batters,0,True,5.0,28,Chepauk,MA Chidambaram Stadium,Medium,False,True,2,0,0.3333333333333333,1,3.0,20,135,134,19.666666666666668,6.813559322033898,1,9,Medium
0.3,0,3,3,Manish Pandey,,Manish Pandey,Batters,0,False,1.0,28,Chepauk,MA Chidambaram Stadium,Medium,False,True,3,0,0.5,1,2.0,20,135,134,19.5,6.871794871794871,1,9,Medium
0.4,0,4,4,Manish Pandey,,Manish Pandey,Batters,4,False,-2.0,28,Chepauk,MA Chidambaram Stadium,Medium,False,True,4,0,0.6666666666666666,5,7.5,20,135,130,19.33333333333333,6.724137931034483,1,9,Medium
0.5,0,5,5,Manish Pandey,,Manish Pandey,Batters,0,False,1.0,28,Chepauk,MA Chidambaram Stadium,Medium,False,True,5,0,0.8333333333333334,5,6.0,20,135,130,19.166666666666668,6.782608695652174,1,9,Medium
0.6,0,6,6,Manish Pandey,,Manish Pandey,Batters,0,False,1.0,28,Chepauk,MA Chidambaram Stadium,Medium,False,True,6,0,1.0,5,5.0,20,135,130,19.0,6.842105263157895,1,9,Medium
1.1,1,1,7,Ashish Nehra,Bowlers,Robin Uthappa,Batters,0,False,1.0,28,Chepauk,MA Chidambaram Stadium,Medium,False,True,7,1,1.1666666666666667,5,4.285714285714286,20,135,130,18.83333333333333,6.902654867256637,1,9,Medium
1.2,1,2,8,Ashish Nehra,Bowlers,Robin Uthappa,Batters,2,False,-1.0,28,Chepauk,MA Chidambaram Stadium,Medium,False,True,8,1,1.3333333333333333,7,5.25,20,135,128,18.666666666666668,6.857142857142857,1,9,Medium
1.3,1,3,9,Ashish Nehra,Bowlers,Robin Uthappa,Batters,3,False,-1.5,28,Chepauk,MA Chidambaram Stadium,Medium,False,True,9,1,1.5,10,6.666666666666667,20,135,125,18.5,6.756756756756757,1,9,Medium
1.4,1,4,10,Ashish Nehra,Bowlers,Manish Pandey,Batters,1,False,-0.5,28,Chepauk,MA Chidambaram Stadium,Medium,False,True,10,1,1.6666666666666663,11,6.6000000000000005,20,135,124,18.33333333333333,6.763636363636364,1,9,Medium
1.5,1,5,11,Ashish Nehra,Bowlers,Robin Uthappa,Batters,4,False,-2.0,28,Chepauk,MA Chidambaram Stadium,Medium,False,True,11,1,1.8333333333333333,15,8.181818181818182,20,135,120,18.166666666666668,6.605504587155963,1,9,Medium
1.6,1,6,12,Ashish Nehra,Bowlers,Robin Uthappa,Batters,0,False,1.0,28,Chepauk,MA Chidambaram Stadium,Medium,False,True,12,1,2.0,15,7.5,20,135,120,18.0,6.666666666666667,1,9,Medium
2.1,2,1,13,Manish Pandey,,Manish Pandey,Batters,1,False,-0.5,28,Chepauk,MA Chidambaram Stadium,Medium,False,True,13,2,2.1666666666666665,16,7.384615384615385,20,135,119,17.833333333333332,6.672897196261682,1,9,Medium
2.2,2,2,14,Manish Pandey,,Robin Uthappa,Batters,6,False,-3.0,28,Chepauk,MA Chidambaram Stadium,Medium,False,True,14,2,2.333333333333333,22,9.428571428571429,20,135,113,17.666666666666668,6.396226415094339,1,9,Medium
2.3,2,3,15,Manish Pandey,,Robin Uthappa,Batters,0,False,1.0,28,Chepauk,MA Chidambaram Stadium,Medium,False,True,15,2,2.5,22,8.8,20,135,113,17.5,6.457142857142857,1,9,Medium
2.4,2,4,16,Manish Pandey,,Robin Uthappa,Batters,4,False,-2.0,28,Chepauk,MA Chidambaram Stadium,Medium,False,True,16,2,2.6666666666666665,26,9.75,20,135,109,17.333333333333332,6.288461538461539,1,9,Medium
2.5,2,5,17,Manish Pandey,,Robin Uthappa,Batters,1,False,-0.5,28,Chepauk,MA Chidambaram Stadium,Medium,False,True,17,2,2.833333333333333,27,9.529411764705882,20,135,108,17.166666666666668,6.29126213592233,1,9,Medium
2.5,2,5,18,Manish Pandey,,Robin Uthappa,Batters,1,False,-1.0,28,Chepauk,MA Chidambaram Stadium,Medium,True,False,17,2,2.833333333333333,28,9.88235294117647,20,135,107,17.166666666666668,6.233009708737864,1,9,Medium
2.6,2,6,19,Manish Pandey,,Manish Pandey,Batters,0,False,1.0,28,Chepauk,MA Chidambaram Stadium,Medium,False,True,18,2,3.0,28,9.333333333333334,20,135,107,17.0,6.294117647058823,1,9,Medium
3.1,3,1,20,Mohit Sharma,Bowlers,Robin Uthappa,Batters,4,False,-2.0,28,Chepauk,MA Chidambaram Stadium,Medium,False,True,19,3,3.1666666666666665,32,10.105263157894738,20,135,103,16.833333333333332,6.118811881188119,1,9,Medium
3.2,3,2,21,Mohit Sharma,Bowlers,Robin Uthappa,Batters,4,False,-2.0,28,Chepauk,MA Chidambaram Stadium,Medium,False,True,20,3,3.333333333333333,36,10.8,20,135,99,16.666666666666668,5.94,1,9,Medium
3.3,3,3,22,Mohit Sharma,Bowlers,Robin Uthappa,Batters,4,False,-2.0,28,Chepauk,MA Chidambaram Stadium,Medium,False,True,21,3,3.5,40,11.428571428571429,20,135,95,16.5,5.757575757575758,1,9,Medium
3.4,3,4,23,Mohit Sharma,Bowlers,Robin Uthappa,Batters,1,False,-0.5,28,Chepauk,MA Chidambaram Stadium,Medium,False,True,22,3,3.6666666666666665,41,11.181818181818182,20,135,94,16.333333333333332,5.755102040816327,1,9,Medium
3.5,3,5,24,Mohit Sharma,Bowlers,Manish Pandey,Batters,0,False,1.0,28,Chepauk,MA Chidambaram Stadium,Medium,False,True,23,3,3.8333333333333335,41,10.695652173913045,20,135,94,16.166666666666668,5.814432989690721,1,9,Medium
3.6,3,6,25,Mohit Sharma,Bowlers,Manish Pandey,Batters,1,False,-0.5,28,Chepauk,MA Chidambaram Stadium,Medium,False,True,24,3,4.0,42,10.5,20,135,93,16.0,5.8125,1,9,Medium
4.1,4,1,26,Ashish Nehra,Bowlers,Manish Pandey,Batters,0,False,1.0,28,Chepauk,MA Chidambaram Stadium,Medium,False,True,25,4,4.166666666666667,42,10.08,20,135,93,15.833333333333332,5.873684210526316,1,9,Medium
4.2,4,2,27,Ashish Nehra,Bowlers,Manish Pandey,Batters,0,False,1.0,28,Chepauk,MA Chidambaram Stadium,Medium,False,True,26,4,4.333333333333333,42,9.692307692307692,20,135,93,15.666666666666668,5.936170212765957,1,9,Medium
4.3,4,3,28,Ashish Nehra,Bowlers,Manish Pandey,Batters,1,False,-0.5,28,Chepauk,MA Chidambaram Stadium,Medium,False,True,27,4,4.5,43,9.555555555555555,20,135,92,15.5,5.935483870967742,1,9,Medium
4.4,4,4,29,Ashish Nehra,Bowlers,Robin Uthappa,Batters,4,False,-2.0,28,Chepauk,MA Chidambaram Stadium,Medium,False,True,28,4,4.666666666666667,47,10.071428571428571,20,135,88,15.333333333333332,5.739130434782609,1,9,Medium
4.5,4,5,30,Ashish Nehra,Bowlers,Robin Uthappa,Batters,1,False,-0.5,28,Chepauk,MA Chidambaram Stadium,Medium,False,True,29,4,4.833333333333333,48,9.93103448275862,20,135,87,15.166666666666668,5.736263736263735,1,9,Medium
4.6,4,6,31,Ashish Nehra,Bowlers,Manish Pandey,Batters,4,False,-2.0,28,Chepauk,MA Chidambaram Stadium,Medium,False,True,30,4,5.0,52,10.4,20,135,83,15.0,5.533333333333333,1,9,Medium
5.1,5,1,32,Ravichandran Ashwin,All-Rounders,Robin Uthappa,Batters,0,True,5.0,28,Chepauk,MA Chidambaram Stadium,Medium,False,True,31,5,5.166666666666667,52,10.064516129032258,20,135,83,14.833333333333332,5.595505617977529,2,8,Medium
5.2,5,2,33,Ravichandran Ashwin,All-Rounders,Suryakumar Yadav,Batters,1,False,-0.5,28,Chepauk,MA Chidambaram Stadium,Medium,False,True,32,5,5.333333333333333,53,9.9375,20,135,82,14.666666666666668,5.590909090909091,2,8,Medium
5.3,5,3,34,Ravichandran Ashwin,All-Rounders,Manish Pandey,Batters,0,False,1.0,28,Chepauk,MA Chidambaram Stadium,Medium,False,True,33,5,5.5,53,9.636363636363637,20,135,82,14.5,5.655172413793103,2,8,Medium
5.4,5,4,35,Ravichandran Ashwin,All-Rounders,Manish Pandey,Batters,0,False,1.0,28,Chepauk,MA Chidambaram Stadium,Medium,False,True,34,5,5.666666666666667,53,9.352941176470589,20,135,82,14.333333333333332,5.72093023255814,2,8,Medium
5.5,5,5,36,,,,,0,False,0.0,28,Chepauk,MA Chidambaram Stadium,Medium,False,True,35,5,5.833333333333333,53,9.085714285714284,20,135,82,14.166666666666668,5.788235294117647,2,8,Medium
5.6,5,6,37,Ravichandran Ashwin,All-Rounders,Manish Pandey,Batters,1,False,-0.5,28,Chepauk,MA Chidambaram Stadium,Medium,False,True,36,5,6.0,54,9.0,20,135,81,14.0,5.785714285714286,2,8,Medium
6.1,6,1,38,Ravindra Jadeja,All-Rounders,Manish Pandey,Batters,1,False,-0.5,28,Chepauk,MA Chidambaram Stadium,Medium,False,True,37,6,6.166666666666667,55,8.91891891891892,20,135,80,13.833333333333332,5.783132530120483,2,8,Medium
6.2,6,2,39,Ravindra Jadeja,All-Rounders,Suryakumar Yadav,Batters,1,False,-0.5,28,Chepauk,MA Chidambaram Stadium,Medium,False,True,38,6,6.333333333333333,56,8.842105263157896,20,135,79,13.666666666666668,5.780487804878049,2,8,Medium
6.3,6,3,40,Ravindra Jadeja,All-Rounders,Manish Pandey,Batters,1,False,-0.5,28,Chepauk,MA Chidambaram Stadium,Medium,False,True,39,6,6.5,57,8.76923076923077,20,135,78,13.5,5.777777777777778,2,8,Medium
6.4,6,4,41,Ravindra Jadeja,All-Rounders,Suryakumar Yadav,Batters,0,False,1.0,28,Chepauk,MA Chidambaram Stadium,Medium,False,True,40,6,6.666666666666667,57,8.549999999999999,20,135,78,13.333333333333332,5.8500000000000005,2,8,Medium
6.5,6,5,42,Ravindra Jadeja,All-Rounders,Suryakumar Yadav,Batters,4,False,-2.0,28,Chepauk,MA Chidambaram Stadium,Medium,False,True,41,6,6.833333333333333,61,8.926829268292684,20,135,74,13.166666666666668,5.620253164556962,2,8,Medium
6.6,6,6,43,Ravindra Jadeja,All-Rounders,Suryakumar Yadav,Batters,0,False,1.0,28,Chepauk,MA Chidambaram Stadium,Medium,False,True,42,6,7.0,61,8.714285714285714,20,135,74,13.0,5.6923076923076925,2,8,Medium
7.1,7,1,44,Ravichandran Ashwin,All-Rounders,Manish Pandey,Batters,0,True,5.0,28,Chepauk,MA Chidambaram Stadium,Medium,False,True,43,7,7.166666666666667,61,8.511627906976743,20,135,74,12.833333333333332,5.766233766233767,3,7,Medium
7.2,7,2,45,Ravichandran Ashwin,All-Rounders,Suryakumar Yadav,Batters,0,False,1.0,28,Chepauk,MA Chidambaram Stadium,Medium,False,True,44,7,7.333333333333333,61,8.318181818181818,20,135,74,12.666666666666668,5.842105263157894,3,7,Medium
7.3,7,3,46,Ravichandran Ashwin,All-Rounders,Suryakumar Yadav,Batters,1,False,-0.5,28,Chepauk,MA Chidambaram Stadium,Medium,False,True,45,7,7.5,62,8.266666666666667,20,135,73,12.5,5.84,3,7,Medium
7.4,7,4,47,Ravichandran Ashwin,All-Rounders,Yusuf Pathan,All-Rounders,0,False,1.0,28,Chepauk,MA Chidambaram Stadium,Medium,False,True,46,7,7.666666666666667,62,8.08695652173913,20,135,73,12.333333333333332,5.918918918918919,3,7,Medium
7.5,7,5,48,Ravichandran Ashwin,All-Rounders,Yusuf Pathan,All-Rounders,0,False,1.0,28,Chepauk,MA Chidambaram Stadium,Medium,False,True,47,7,7.833333333333333,62,7.914893617021277,20,135,73,12.166666666666668,5.999999999999999,3,7,Medium
7.6,7,6,49,Ravichandran Ashwin,All-Rounders,Yusuf Pathan,All-Rounders,2,False,-1.0,28,Chepauk,MA Chidambaram Stadium,Medium,False,True,48,7,8.0,64,8.0,20,135,71,12.0,5.916666666666667,3,7,Medium
8.1,8,1,50,Ravindra Jadeja,All-Rounders,Suryakumar Yadav,Batters,0,False,1.0,28,Chepauk,MA Chidambaram Stadium,Medium,False,True,49,8,8.166666666666666,64,7.836734693877552,20,135,71,11.833333333333334,6.0,3,7,Medium
8.2,8,2,51,Ravindra Jadeja,All-Rounders,Suryakumar Yadav,Batters,1,False,-0.5,28,Chepauk,MA Chidambaram Stadium,Medium,False,True,50,8,8.333333333333334,65,7.8,20,135,70,11.666666666666666,6.0,3,7,Medium
8.3,8,3,52,Ravindra Jadeja,All-Rounders,Yusuf Pathan,All-Rounders,0,False,1.0,28,Chepauk,MA Chidambaram Stadium,Medium,False,True,51,8,8.5,65,7.647058823529412,20,135,70,11.5,6.086956521739131,3,7,Medium
8.4,8,4,53,Ravindra Jadeja,All-Rounders,Yusuf Pathan,All-Rounders,0,False,1.0,28,Chepauk,MA Chidambaram Stadium,Medium,False,True,52,8,8.666666666666666,65,7.500000000000001,20,135,70,11.333333333333334,6.1764705882352935,3,7,Medium
8.5,8,5,54,Ravindra Jadeja,All-Rounders,Yusuf Pathan,All-Rounders,1,False,-0.5,28,Chepauk,MA Chidambaram Stadium,Medium,False,True,53,8,8.833333333333334,66,7.471698113207546,20,135,69,11.166666666666666,6.179104477611941,3,7,Medium
8.6,8,6,55,Ravindra Jadeja,All-Rounders,Suryakumar Yadav,Batters,1,False,-0.5,28,Chepauk,MA Chidambaram Stadium,Medium,False,True,54,8,9.0,67,7.444444444444445,20,135,68,11.0,6.181818181818182,3,7,Medium
9.1,9,1,56,Suresh Raina,,Suryakumar Yadav,Batters,0,False,1.0,28,Chepauk,MA Chidambaram Stadium,Medium,False,True,55,9,9.166666666666666,67,7.309090909090909,20,135,68,10.833333333333334,6.276923076923077,3,7,Medium
9.2,9,2,57,Suresh Raina,,Suryakumar Yadav,Batters,0,False,1.0,28,Chepauk,MA Chidambaram Stadium,Medium,False,True,56,9,9.333333333333334,67,7.178571428571428,20,135,68,10.666666666666666,6.375,3,7,Medium
9.3,9,3,58,Suresh Raina,,Suryakumar Yadav,Batters,1,False,-0.5,28,Chepauk,MA Chidambaram Stadium,Medium,False,True,57,9,9.5,68,7.157894736842105,20,135,67,10.5,6.380952380952381,3,7,Medium
9.4,9,4,59,Suresh Raina,,Yusuf Pathan,All-Rounders,0,False,1.0,28,Chepauk,MA Chidambaram Stadium,Medium,False,True,58,9,9.666666666666666,68,7.03448275862069,20,135,67,10.333333333333334,6.483870967741935,3,7,Medium
9.5,9,5,60,Suresh Raina,,Yusuf Pathan,All-Rounders,1,False,-0.5,28,Chepauk,MA Chidambaram Stadium,Medium,False,True,59,9,9.833333333333334,69,7.016949152542373,20,135,66,10.166666666666666,6.491803278688525,3,7,Medium
9.6,9,6,61,Suresh Raina,,Suryakumar Yadav,Batters,1,False,-0.5,28,Chepauk,MA Chidambaram Stadium,Medium,False,True,60,9,10.0,70,7.0,20,135,65,10.0,6.5,3,7,Medium
10.1,10,1,62,Ravindra Jadeja,All-Rounders,Suryakumar Yadav,Batters,0,False,1.0,28,Chepauk,MA Chidambaram Stadium,Medium,False,True,61,10,10.166666666666666,70,6.885245901639345,20,135,65,9.833333333333334,6.610169491525423,3,7,Medium
10.2,10,2,63,Ravindra Jadeja,All-Rounders,Suryakumar Yadav,Batters,0,False,1.0,28,Chepauk,MA Chidambaram Stadium,Medium,False,True,62,10,10.333333333333334,70,6.774193548387096,20,135,65,9.666666666666666,6.724137931034483,3,7,Medium
10.3,10,3,64,Ravindra Jadeja,All-Rounders,Suryakumar Yadav,Batters,0,False,1.0,28,Chepauk,MA Chidambaram Stadium,Medium,False,True,63,10,10.5,70,6.666666666666667,20,135,65,9.5,6.842105263157895,3,7,Medium
10.4,10,4,65,Ravindra Jadeja,All-Rounders,Suryakumar Yadav,Batters,0,False,1.0,28,Chepauk,MA Chidambaram Stadium,Medium,False,True,64,10,10.666666666666666,70,6.5625,20,135,65,9.333333333333334,6.9642857142857135,3,7,Medium
10.5,10,5,66,Ravindra Jadeja,All-Rounders,Suryakumar Yadav,Batters,0,False,1.0,28,Chepauk,MA Chidambaram Stadium,Medium,False,True,65,10,10.833333333333334,70,6.461538461538461,20,135,65,9.166666666666666,7.090909090909092,3,7,Medium
10.6,10,6,67,Ravindra Jadeja,All-Rounders,Suryakumar Yadav,Batters,1,False,-0.5,28,Chepauk,MA Chidambaram Stadium,Medium,False,True,66,10,11.0,71,6.454545454545454,20,135,64,9.0,7.111111111111111,3,7,Medium
11.1,11,1,68,Suresh Raina,,Suryakumar Yadav,Batters,2,False,-1.0,28,Chepauk,MA Chidambaram Stadium,Medium,False,True,67,11,11.166666666666666,73,6.537313432835822,20,135,62,8.833333333333334,7.018867924528301,3,7,Medium
11.2,11,2,69,Suresh Raina,,Suryakumar Yadav,Batters,1,False,-0.5,28,Chepauk,MA Chidambaram Stadium,Medium,False,True,68,11,11.333333333333334,74,6.529411764705882,20,135,61,8.666666666666666,7.038461538461539,3,7,Medium
11.3,11,3,70,Suresh Raina,,Yusuf Pathan,All-Rounders,0,False,1.0,28,Chepauk,MA Chidambaram Stadium,Medium,False,True,69,11,11.5,74,6.434782608695652,20,135,61,8.5,7.176470588235294,3,7,Medium
11.4,11,4,71,Suresh Raina,,Yusuf Pathan,All-Rounders,1,False,-0.5,28,Chepauk,MA Chidambaram Stadium,Medium,False,True,70,11,11.666666666666666,75,6.428571428571429,20,135,60,8.333333333333334,7.199999999999999,3,7,Medium
11.5,11,5,72,Suresh Raina,,Suryakumar Yadav,Batters,0,False,1.0,28,Chepauk,MA Chidambaram Stadium,Medium,False,True,71,11,11.833333333333334,75,6.338028169014084,20,135,60,8.166666666666666,7.346938775510204,3,7,Medium
11.6,11,6,73,Suresh Raina,,Suryakumar Yadav,Batters,1,False,-0.5,28,Chepauk,MA Chidambaram Stadium,Medium,False,True,72,11,12.0,76,6.333333333333333,20,135,59,8.0,7.375,3,7,Medium
12.1,12,1,74,Mohit Sharma,Bowlers,Suryakumar Yadav,Batters,0,False,1.0,28,Chepauk,MA Chidambaram Stadium,Medium,False,True,73,12,12.166666666666666,76,6.2465753424657535,20,135,59,7.833333333333334,7.531914893617021,3,7,Medium
12.2,12,2,75,Mohit Sharma,Bowlers,Suryakumar Yadav,Batters,0,True,5.0,28,Chepauk,MA Chidambaram Stadium,Medium,False,True,74,12,12.333333333333334,76,6.162162162162162,20,135,59,7.666666666666666,7.695652173913044,4,6,Medium
12.3,12,3,76,Mohit Sharma,Bowlers,Yusuf Pathan,All-Rounders,1,False,-1.0,28,Chepauk,MA Chidambaram Stadium,Medium,True,False,74,12,12.333333333333334,77,6.243243243243243,20,135,58,7.666666666666666,7.565217391304349,4,6,Medium
12.3,12,3,77,Mohit Sharma,Bowlers,Yusuf Pathan,All-Rounders,1,False,-0.5,28,Chepauk,MA Chidambaram Stadium,Medium,False,True,75,12,12.5,78,6.24,20,135,57,7.5,7.6,4,6,Medium
12.4,12,4,78,Mohit Sharma,Bowlers,Ryan ten Doeschate,All-Rounders,1,False,-0.5,28,Chepauk,MA Chidambaram Stadium,Medium,False,True,76,12,12.666666666666666,79,6.236842105263158,20,135,56,7.333333333333334,7.636363636363636,4,6,Medium
12.5,12,5,79,Mohit Sharma,Bowlers,Yusuf Pathan,All-Rounders,1,False,-0.5,28,Chepauk,MA Chidambaram Stadium,Medium,False,True,77,12,12.833333333333334,80,6.233766233766233,20,135,55,7.166666666666666,7.674418604651163,4,6,Medium
12.6,12,6,80,Mohit Sharma,Bowlers,Ryan ten Doeschate,All-Rounders,0,False,1.0,28,Chepauk,MA Chidambaram Stadium,Medium,False,True,78,12,13.0,80,6.153846153846154,20,135,55,7.0,7.857142857142857,4,6,Medium
13.1,13,1,81,Suresh Raina,,Yusuf Pathan,All-Rounders,1,False,-0.5,28,Chepauk,MA Chidambaram Stadium,Medium,False,True,79,13,13.166666666666666,81,6.151898734177215,20,135,54,6.833333333333334,7.902439024390243,4,6,Medium
13.2,13,2,82,Suresh Raina,,Ryan ten Doeschate,All-Rounders,0,False,1.0,28,Chepauk,MA Chidambaram Stadium,Medium,False,True,80,13,13.333333333333334,81,6.074999999999999,20,135,54,6.666666666666666,8.100000000000001,4,6,Medium
13.3,13,3,83,,,,,0,False,0.0,28,Chepauk,MA Chidambaram Stadium,Medium,False,True,81,13,13.5,81,6.0,20,135,54,6.5,8.307692307692308,4,6,Medium
13.4,13,4,84,Suresh Raina,,Ryan ten Doeschate,All-Rounders,0,False,1.0,28,Chepauk,MA Chidambaram Stadium,Medium,False,True,82,13,13.666666666666666,81,5.926829268292683,20,135,54,6.333333333333334,8.526315789473683,4,6,Medium
13.5,13,5,85,Suresh Raina,,Ryan ten Doeschate,All-Rounders,1,False,-0.5,28,Chepauk,MA Chidambaram Stadium,Medium,False,True,83,13,13.833333333333334,82,5.927710843373494,20,135,53,6.166666666666666,8.594594594594595,4,6,Medium
13.6,13,6,86,Suresh Raina,,Yusuf Pathan,All-Rounders,1,False,-1.0,28,Chepauk,MA Chidambaram Stadium,Medium,True,False,83,13,13.833333333333334,83,6.0,20,135,52,6.166666666666666,8.432432432432433,4,6,Medium
13.6,13,6,87,Suresh Raina,,Yusuf Pathan,All-Rounders,1,False,-0.5,28,Chepauk,MA Chidambaram Stadium,Medium,False,True,84,13,14.0,84,6.0,20,135,51,6.0,8.5,4,6,Medium
14.1,14,1,88,Mohit Sharma,Bowlers,Yusuf Pathan,All-Rounders,1,False,-0.5,28,Chepauk,MA Chidambaram Stadium,Medium,False,True,85,14,14.166666666666666,85,6.0,20,135,50,5.833333333333334,8.571428571428571,4,6,Medium
14.2,14,2,89,Mohit Sharma,Bowlers,Ryan ten Doeschate,All-Rounders,1,False,-0.5,28,Chepauk,MA Chidambaram Stadium,Medium,False,True,86,14,14.333333333333334,86,6.0,20,135,49,5.666666666666666,8.647058823529413,4,6,Medium
14.3,14,3,90,Mohit Sharma,Bowlers,Yusuf Pathan,All-Rounders,1,False,-0.5,28,Chepauk,MA Chidambaram Stadium,Medium,False,True,87,14,14.5,87,6.0,20,135,48,5.5,8.727272727272727,4,6,Medium
14.4,14,4,91,Mohit Sharma,Bowlers,Ryan ten Doeschate,All-Rounders,0,False,1.0,28,Chepauk,MA Chidambaram Stadium,Medium,False,True,88,14,14.666666666666666,87,5.931818181818182,20,135,48,5.333333333333334,8.999999999999998,4,6,Medium
14.5,14,5,92,Mohit Sharma,Bowlers,Ryan ten Doeschate,All-Rounders,1,False,-0.5,28,Chepauk,MA Chidambaram Stadium,Medium,False,True,89,14,14.833333333333334,88,5.932584269662921,20,135,47,5.166666666666666,9.096774193548388,4,6,Medium
14.6,14,6,93,Mohit Sharma,Bowlers,Yusuf Pathan,All-Rounders,2,False,-1.0,28,Chepauk,MA Chidambaram Stadium,Medium,False,True,90,14,15.0,90,6.0,20,135,45,5.0,9.0,4,6,Medium
15.1,15,1,94,Dwayne Bravo,All-Rounders,Ryan ten Doeschate,All-Rounders,1,False,-0.5,28,Chepauk,MA Chidambaram Stadium,Medium,False,True,91,15,15.166666666666666,91,6.0,20,135,44,4.833333333333334,9.103448275862068,4,6,Medium
15.2,15,2,95,Dwayne Bravo,All-Rounders,Yusuf Pathan,All-Rounders,0,True,5.0,28,Chepauk,MA Chidambaram Stadium,Medium,False,True,92,15,15.333333333333334,91,5.934782608695652,20,135,44,4.666666666666666,9.42857142857143,5,5,Medium
15.3,15,3,96,Dwayne Bravo,All-Rounders,Andre Russell,All-Rounders,1,False,-0.5,28,Chepauk,MA Chidambaram Stadium,Medium,False,True,93,15,15.5,92,5.935483870967742,20,135,43,4.5,9.555555555555555,5,5,Medium
15.4,15,4,97,Dwayne Bravo,All-Rounders,Ryan ten Doeschate,All-Rounders,1,False,-0.5,28,Chepauk,MA Chidambaram Stadium,Medium,False,True,94,15,15.666666666666666,93,5.9361702127659575,20,135,42,4.333333333333334,9.692307692307692,5,5,Medium
15.5,15,5,98,Dwayne Bravo,All-Rounders,Andre Russell,All-Rounders,1,False,-0.5,28,Chepauk,MA Chidambaram Stadium,Medium,False,True,95,15,15.833333333333334,94,5.936842105263158,20,135,41,4.166666666666666,9.840000000000002,5,5,Medium
15.6,15,6,99,Dwayne Bravo,All-Rounders,Ryan ten Doeschate,All-Rounders,1,False,-0.5,28,Chepauk,MA Chidambaram Stadium,Medium,False,True,96,15,16.0,95,5.9375,20,135,40,4.0,10.0,5,5,Medium
16.1,16,1,100,Ashish Nehra,Bowlers,Ryan ten Doeschate,All-Rounders,1,False,-0.5,28,Chepauk,MA Chidambaram Stadium,Medium,False,True,97,16,16.166666666666668,96,5.9381443298969065,20,135,39,3.833333333333332,10.173913043478263,5,5,Medium
16.2,16,2,101,Ashish Nehra,Bowlers,Andre Russell,All-Rounders,1,False,-0.5,28,Chepauk,MA Chidambaram Stadium,Medium,False,True,98,16,16.333333333333332,97,5.938775510204082,20,135,38,3.666666666666668,10.36363636363636,5,5,Medium
16.3,16,3,102,Ashish Nehra,Bowlers,Ryan ten Doeschate,All-Rounders,1,False,-0.5,28,Chepauk,MA Chidambaram Stadium,Medium,False,True,99,16,16.5,98,5.9393939393939394,20,135,37,3.5,10.571428571428571,5,5,Medium
16.4,16,4,103,Ashish Nehra,Bowlers,Andre Russell,All-Rounders,1,False,-0.5,28,Chepauk,MA Chidambaram Stadium,Medium,False,True,100,16,16.666666666666668,99,5.94,20,135,36,3.333333333333332,10.800000000000004,5,5,Medium
16.5,16,5,104,Ashish Nehra,Bowlers,Ryan ten Doeschate,All-Rounders,0,True,5.0,28,Chepauk,MA Chidambaram Stadium,Medium,False,True,101,16,16.833333333333332,99,5.881188118811882,20,135,36,3.166666666666668,11.368421052631575,6,4,Medium
16.6,16,6,105,Ashish Nehra,Bowlers,Pat Cummins,Bowlers,1,False,-0.25,28,Chepauk,MA Chidambaram Stadium,Medium,False,True,102,16,17.0,100,5.882352941176471,20,135,35,3.0,11.666666666666666,6,4,Medium
17.1,17,1,106,Dwayne Bravo,All-Rounders,Pat Cummins,Bowlers,0,True,5.0,28,Chepauk,MA Chidambaram Stadium,Medium,False,True,103,17,17.166666666666668,100,5.825242718446601,20,135,35,2.833333333333332,12.352941176470594,7,3,Medium
17.2,17,2,107,Dwayne Bravo,All-Rounders,Ryan ten Doeschate,All-Rounders,2,False,-1.0,28,Chepauk,MA Chidambaram Stadium,Medium,False,True,104,17,17.333333333333332,102,5.884615384615385,20,135,33,2.666666666666668,12.374999999999996,7,3,Medium
17.3,17,3,108,Dwayne Bravo,All-Rounders,Ryan ten Doeschate,All-Rounders,1,False,-0.25,28,Chepauk,MA Chidambaram Stadium,Medium,False,True,105,17,17.5,103,5.885714285714286,20,135,32,2.5,12.8,7,3,Medium
17.4,17,4,109,Dwayne Bravo,All-Rounders,Piyush Chawla,All-Rounders,0,False,1.0,28,Chepauk,MA Chidambaram Stadium,Medium,False,True,106,17,17.666666666666668,103,5.830188679245283,20,135,32,2.333333333333332,13.71428571428572,7,3,Medium
17.5,17,5,110,Dwayne Bravo,All-Rounders,Piyush Chawla,All-Rounders,0,True,5.0,28,Chepauk,MA Chidambaram Stadium,Medium,False,True,107,17,17.833333333333332,103,5.775700934579439,20,135,32,2.166666666666668,14.76923076923076,8,2,Medium
17.6,17,6,111,Dwayne Bravo,All-Rounders,Ryan ten Doeschate,All-Rounders,1,False,-0.5,28,Chepauk,MA Chidambaram Stadium,Medium,False,True,108,17,18.0,104,5.777777777777778,20,135,31,2.0,15.5,8,2,Medium
18.1,18,1,112,Ashish Nehra,Bowlers,Ryan ten Doeschate,All-Rounders,0,False,1.0,28,Chepauk,MA Chidambaram Stadium,Medium,False,True,109,18,18.166666666666668,104,5.724770642201834,20,135,31,1.833333333333332,16.90909090909092,8,2,Medium
18.2,18,2,113,Ashish Nehra,Bowlers,Ryan ten Doeschate,All-Rounders,4,False,-2.0,28,Chepauk,MA Chidambaram Stadium,Medium,False,True,110,18,18.33333333333333,108,5.890909090909092,20,135,27,1.666666666666668,16.19999999999999,8,2,Medium
18.3,18,3,114,Ashish Nehra,Bowlers,Ryan ten Doeschate,All-Rounders,6,False,-3.0,28,Chepauk,MA Chidambaram Stadium,Medium,False,True,111,18,18.5,114,6.162162162162162,20,135,21,1.5,14.0,8,2,Medium
18.4,18,4,115,Ashish Nehra,Bowlers,Ryan ten Doeschate,All-Rounders,1,False,-0.5,28,Chepauk,MA Chidambaram Stadium,Medium,False,True,112,18,18.666666666666668,115,6.160714285714286,20,135,20,1.333333333333332,15.000000000000014,8,2,Medium
18.5,18,5,116,Ashish Nehra,Bowlers,Umesh Yadav,Bowlers,0,True,5.0,28,Chepauk,MA Chidambaram Stadium,Medium,False,True,113,18,18.83333333333333,115,6.106194690265487,20,135,20,1.166666666666668,17.142857142857125,9,1,Medium
18.6,18,6,117,Ashish Nehra,Bowlers,Brad Hogg,All-Rounders,2,False,-1.0,28,Chepauk,MA Chidambaram Stadium,Medium,False,True,114,18,19.0,117,6.157894736842105,20,135,18,1.0,18.0,9,1,Medium
19.1,19,1,118,Dwayne Bravo,All-Rounders,Ryan ten Doeschate,All-Rounders,0,False,1.0,28,Chepauk,MA Chidambaram Stadium,Medium,False,True,115,19,19.166666666666668,117,6.104347826086956,20,135,18,0.8333333333333321,21.60000000000003,9,1,Medium
19.2,19,2,119,Dwayne Bravo,All-Rounders,Ryan ten Doeschate,All-Rounders,0,False,1.0,28,Chepauk,MA Chidambaram Stadium,Medium,False,True,116,19,19.33333333333333,117,6.051724137931035,20,135,18,0.6666666666666679,26.99999999999996,9,1,Medium
19.3,19,3,120,Dwayne Bravo,All-Rounders,Ryan ten Doeschate,All-Rounders,0,False,1.0,28,Chepauk,MA Chidambaram Stadium,Medium,False,True,117,19,19.5,117,6.0,20,135,18,0.5,36.0,9,1,Medium
19.4,19,4,121,Dwayne Bravo,All-Rounders,Ryan ten Doeschate,All-Rounders,6,False,-3.0,28,Chepauk,MA Chidambaram Stadium,Medium,False,True,118,19,19.666666666666668,123,6.2542372881355925,20,135,12,0.3333333333333321,36.00000000000013,9,1,Medium
19.5,19,5,122,Dwayne Bravo,All-Rounders,Ryan ten Doeschate,All-Rounders,4,False,-2.0,28,Chepauk,MA Chidambaram Stadium,Medium,False,True,119,19,19.83333333333333,127,6.403361344537816,20,135,8,0.1666666666666678,47.99999999999966,9,1,Medium
19.6,19,6,123,Dwayne Bravo,All-Rounders,Ryan ten Doeschate,All-Rounders,4,False,-2.0,28,Chepauk,MA Chidambaram Stadium,Medium,False,True,120,19,20.0,131,6.55,20,135,4,0.0,inf,9,1,Medium
