Ball Number,over,ball,Ball,bowler,bowler_role,batsman,batsman_role,Runs,is_wicket,bowler_score,match_id,city,stadium,Stadium_Type,is_extra,legal_delivery,legal_deliveries_count,overs_completed,overs_bowled,total_runs,current_run_rate,total_overs,target,runs_needed,overs_remaining,required_run_rate,wickets_fallen,wickets_in_hand,Ground_Type
0.1,0,1,1,Pat Cummins,Bowlers,Chris Gayle,All-Rounders,1,False,-1.0,33,Bangalore,M Chinnaswamy Stadium,Medium,True,False,0,0,0.0,1,0.0,20,112,111,20.0,5.55,0,10,Medium
0.1,0,1,2,Pat Cummins,Bowlers,Chris Gayle,All-Rounders,1,False,-1.0,33,Bangalore,M Chinnaswamy Stadium,Medium,True,False,0,0,0.0,2,0.0,20,112,110,20.0,5.5,0,10,Medium
0.1,0,1,3,Pat Cummins,Bowlers,Chris Gayle,All-Rounders,1,False,-0.5,33,Bangalore,M Chinnaswamy Stadium,Medium,False,True,1,0,0.1666666666666666,3,18.0,20,112,109,19.83333333333333,5.495798319327731,0,10,Medium
0.2,0,2,4,Pat Cummins,Bowlers,Virat Kohli,Batters,0,False,1.0,33,Bangalore,M Chinnaswamy Stadium,Medium,False,True,2,0,0.3333333333333333,3,9.0,20,112,109,19.666666666666668,5.542372881355932,0,10,Medium
0.3,0,3,5,Pat Cummins,Bowlers,Virat Kohli,Batters,0,False,1.0,33,Bangalore,M Chinnaswamy Stadium,Medium,False,True,3,0,0.5,3,6.0,20,112,109,19.5,5.589743589743589,0,10,Medium
0.4,0,4,6,Pat Cummins,Bowlers,Virat Kohli,Batters,0,False,1.0,33,Bangalore,M Chinnaswamy Stadium,Medium,False,True,4,0,0.6666666666666666,3,4.5,20,112,109,19.33333333333333,5.637931034482759,0,10,Medium
0.5,0,5,7,Pat Cummins,Bowlers,Virat Kohli,Batters,0,False,1.0,33,Bangalore,M Chinnaswamy Stadium,Medium,False,True,5,0,0.8333333333333334,3,3.6,20,112,109,19.166666666666668,5.6869565217391305,0,10,Medium
0.6,0,6,8,Pat Cummins,Bowlers,Virat Kohli,Batters,1,False,-0.5,33,Bangalore,M Chinnaswamy Stadium,Medium,False,True,6,0,1.0,4,4.0,20,112,108,19.0,5.684210526315789,0,10,Medium
1.1,1,1,9,Umesh Yadav,Bowlers,Virat Kohli,Batters,6,False,-3.0,33,Bangalore,M Chinnaswamy Stadium,Medium,False,True,7,1,1.1666666666666667,10,8.571428571428571,20,112,102,18.83333333333333,5.415929203539823,0,10,Medium
1.2,1,2,10,Umesh Yadav,Bowlers,Virat Kohli,Batters,4,False,-2.0,33,Bangalore,M Chinnaswamy Stadium,Medium,False,True,8,1,1.3333333333333333,14,10.5,20,112,98,18.666666666666668,5.25,0,10,Medium
1.3,1,3,11,Umesh Yadav,Bowlers,Virat Kohli,Batters,0,False,1.0,33,Bangalore,M Chinnaswamy Stadium,Medium,False,True,9,1,1.5,14,9.333333333333334,20,112,98,18.5,5.297297297297297,0,10,Medium
1.4,1,4,12,Umesh Yadav,Bowlers,Virat Kohli,Batters,0,False,1.0,33,Bangalore,M Chinnaswamy Stadium,Medium,False,True,10,1,1.6666666666666663,14,8.4,20,112,98,18.33333333333333,5.345454545454546,0,10,Medium
1.5,1,5,13,Umesh Yadav,Bowlers,Virat Kohli,Batters,1,False,-0.5,33,Bangalore,M Chinnaswamy Stadium,Medium,False,True,11,1,1.8333333333333333,15,8.181818181818182,20,112,97,18.166666666666668,5.339449541284403,0,10,Medium
1.6,1,6,14,Umesh Yadav,Bowlers,Chris Gayle,All-Rounders,1,False,-1.0,33,Bangalore,M Chinnaswamy Stadium,Medium,True,False,11,1,1.8333333333333333,16,8.727272727272727,20,112,96,18.166666666666668,5.28440366972477,0,10,Medium
1.6,1,6,15,Umesh Yadav,Bowlers,Chris Gayle,All-Rounders,6,False,-3.0,33,Bangalore,M Chinnaswamy Stadium,Medium,False,True,12,1,2.0,22,11.0,20,112,90,18.0,5.0,0,10,Medium
2.1,2,1,16,Pat Cummins,Bowlers,Virat Kohli,Batters,4,False,-2.0,33,Bangalore,M Chinnaswamy Stadium,Medium,False,True,13,2,2.1666666666666665,26,12.0,20,112,86,17.833333333333332,4.822429906542056,0,10,Medium
2.2,2,2,17,Pat Cummins,Bowlers,Virat Kohli,Batters,1,False,-0.5,33,Bangalore,M Chinnaswamy Stadium,Medium,False,True,14,2,2.333333333333333,27,11.571428571428571,20,112,85,17.666666666666668,4.811320754716981,0,10,Medium
2.3,2,3,18,Pat Cummins,Bowlers,Chris Gayle,All-Rounders,1,False,-0.5,33,Bangalore,M Chinnaswamy Stadium,Medium,False,True,15,2,2.5,28,11.2,20,112,84,17.5,4.8,0,10,Medium
2.4,2,4,19,Pat Cummins,Bowlers,Virat Kohli,Batters,6,False,-3.0,33,Bangalore,M Chinnaswamy Stadium,Medium,False,True,16,2,2.6666666666666665,34,12.75,20,112,78,17.333333333333332,4.5,0,10,Medium
2.5,2,5,20,Pat Cummins,Bowlers,Virat Kohli,Batters,1,False,-0.5,33,Bangalore,M Chinnaswamy Stadium,Medium,False,True,17,2,2.833333333333333,35,12.352941176470589,20,112,77,17.166666666666668,4.485436893203883,0,10,Medium
2.6,2,6,21,Pat Cummins,Bowlers,Chris Gayle,All-Rounders,1,False,-0.5,33,Bangalore,M Chinnaswamy Stadium,Medium,False,True,18,2,3.0,36,12.0,20,112,76,17.0,4.470588235294118,0,10,Medium
3.1,3,1,22,Brad Hogg,All-Rounders,Chris Gayle,All-Rounders,6,False,-3.0,33,Bangalore,M Chinnaswamy Stadium,Medium,False,True,19,3,3.1666666666666665,42,13.263157894736842,20,112,70,16.833333333333332,4.158415841584159,0,10,Medium
3.2,3,2,23,Brad Hogg,All-Rounders,Chris Gayle,All-Rounders,0,False,1.0,33,Bangalore,M Chinnaswamy Stadium,Medium,False,True,20,3,3.333333333333333,42,12.6,20,112,70,16.666666666666668,4.199999999999999,0,10,Medium
3.3,3,3,24,Brad Hogg,All-Rounders,Chris Gayle,All-Rounders,6,False,-3.0,33,Bangalore,M Chinnaswamy Stadium,Medium,False,True,21,3,3.5,48,13.714285714285714,20,112,64,16.5,3.878787878787879,0,10,Medium
3.4,3,4,25,Brad Hogg,All-Rounders,Chris Gayle,All-Rounders,0,False,1.0,33,Bangalore,M Chinnaswamy Stadium,Medium,False,True,22,3,3.6666666666666665,48,13.090909090909092,20,112,64,16.333333333333332,3.918367346938776,0,10,Medium
3.5,3,5,26,Brad Hogg,All-Rounders,Chris Gayle,All-Rounders,0,True,5.0,33,Bangalore,M Chinnaswamy Stadium,Medium,False,True,23,3,3.8333333333333335,48,12.52173913043478,20,112,64,16.166666666666668,3.958762886597938,1,9,Medium
3.6,3,6,27,Brad Hogg,All-Rounders,AB de Villiers,Batters,1,False,-0.5,33,Bangalore,M Chinnaswamy Stadium,Medium,False,True,24,3,4.0,49,12.25,20,112,63,16.0,3.9375,1,9,Medium
4.1,4,1,28,Piyush Chawla,All-Rounders,AB de Villiers,Batters,0,False,1.0,33,Bangalore,M Chinnaswamy Stadium,Medium,False,True,25,4,4.166666666666667,49,11.76,20,112,63,15.833333333333332,3.978947368421053,1,9,Medium
4.2,4,2,29,Piyush Chawla,All-Rounders,AB de Villiers,Batters,1,False,-0.5,33,Bangalore,M Chinnaswamy Stadium,Medium,False,True,26,4,4.333333333333333,50,11.53846153846154,20,112,62,15.666666666666668,3.957446808510638,1,9,Medium
4.3,4,3,30,Piyush Chawla,All-Rounders,Virat Kohli,Batters,1,False,-0.5,33,Bangalore,M Chinnaswamy Stadium,Medium,False,True,27,4,4.5,51,11.333333333333334,20,112,61,15.5,3.935483870967742,1,9,Medium
4.4,4,4,31,Piyush Chawla,All-Rounders,AB de Villiers,Batters,0,True,5.0,33,Bangalore,M Chinnaswamy Stadium,Medium,False,True,28,4,4.666666666666667,51,10.928571428571429,20,112,61,15.333333333333332,3.9782608695652177,2,8,Medium
4.5,4,5,32,Piyush Chawla,All-Rounders,Mandeep Singh,All-Rounders,0,False,1.0,33,Bangalore,M Chinnaswamy Stadium,Medium,False,True,29,4,4.833333333333333,51,10.551724137931036,20,112,61,15.166666666666668,4.021978021978022,2,8,Medium
4.6,4,6,33,Piyush Chawla,All-Rounders,Mandeep Singh,All-Rounders,1,False,-0.5,33,Bangalore,M Chinnaswamy Stadium,Medium,False,True,30,4,5.0,52,10.4,20,112,60,15.0,4.0,2,8,Medium
5.1,5,1,34,Brad Hogg,All-Rounders,Mandeep Singh,All-Rounders,1,False,-0.5,33,Bangalore,M Chinnaswamy Stadium,Medium,False,True,31,5,5.166666666666667,53,10.258064516129032,20,112,59,14.833333333333332,3.977528089887641,2,8,Medium
5.2,5,2,35,Brad Hogg,All-Rounders,Virat Kohli,Batters,1,False,-0.5,33,Bangalore,M Chinnaswamy Stadium,Medium,False,True,32,5,5.333333333333333,54,10.125,20,112,58,14.666666666666668,3.954545454545454,2,8,Medium
5.3,5,3,36,Brad Hogg,All-Rounders,Mandeep Singh,All-Rounders,1,False,-0.5,33,Bangalore,M Chinnaswamy Stadium,Medium,False,True,33,5,5.5,55,10.0,20,112,57,14.5,3.931034482758621,2,8,Medium
5.4,5,4,37,Brad Hogg,All-Rounders,Virat Kohli,Batters,1,False,-0.5,33,Bangalore,M Chinnaswamy Stadium,Medium,False,True,34,5,5.666666666666667,56,9.88235294117647,20,112,56,14.333333333333332,3.906976744186047,2,8,Medium
5.5,5,5,38,Brad Hogg,All-Rounders,Mandeep Singh,All-Rounders,0,False,1.0,33,Bangalore,M Chinnaswamy Stadium,Medium,False,True,35,5,5.833333333333333,56,9.6,20,112,56,14.166666666666668,3.952941176470588,2,8,Medium
5.6,5,6,39,Brad Hogg,All-Rounders,Mandeep Singh,All-Rounders,6,False,-3.0,33,Bangalore,M Chinnaswamy Stadium,Medium,False,True,36,5,6.0,62,10.333333333333334,20,112,50,14.0,3.571428571428572,2,8,Medium
6.1,6,1,40,Piyush Chawla,All-Rounders,Virat Kohli,Batters,1,False,-0.5,33,Bangalore,M Chinnaswamy Stadium,Medium,False,True,37,6,6.166666666666667,63,10.216216216216216,20,112,49,13.833333333333332,3.542168674698796,2,8,Medium
6.2,6,2,41,Piyush Chawla,All-Rounders,Mandeep Singh,All-Rounders,4,False,-2.0,33,Bangalore,M Chinnaswamy Stadium,Medium,False,True,38,6,6.333333333333333,67,10.578947368421051,20,112,45,13.666666666666668,3.292682926829268,2,8,Medium
6.3,6,3,42,Piyush Chawla,All-Rounders,Mandeep Singh,All-Rounders,2,False,-1.0,33,Bangalore,M Chinnaswamy Stadium,Medium,False,True,39,6,6.5,69,10.615384615384617,20,112,43,13.5,3.185185185185185,2,8,Medium
6.4,6,4,43,Piyush Chawla,All-Rounders,Mandeep Singh,All-Rounders,4,False,-2.0,33,Bangalore,M Chinnaswamy Stadium,Medium,False,True,40,6,6.666666666666667,73,10.95,20,112,39,13.333333333333332,2.9250000000000003,2,8,Medium
6.5,6,5,44,Piyush Chawla,All-Rounders,Mandeep Singh,All-Rounders,1,False,-0.5,33,Bangalore,M Chinnaswamy Stadium,Medium,False,True,41,6,6.833333333333333,74,10.829268292682928,20,112,38,13.166666666666668,2.8860759493670884,2,8,Medium
6.6,6,6,45,Piyush Chawla,All-Rounders,Virat Kohli,Batters,6,False,-3.0,33,Bangalore,M Chinnaswamy Stadium,Medium,False,True,42,6,7.0,80,11.428571428571429,20,112,32,13.0,2.4615384615384617,2,8,Medium
7.1,7,1,46,Andre Russell,All-Rounders,Mandeep Singh,All-Rounders,1,False,-0.5,33,Bangalore,M Chinnaswamy Stadium,Medium,False,True,43,7,7.166666666666667,81,11.302325581395348,20,112,31,12.833333333333332,2.415584415584416,2,8,Medium
7.2,7,2,47,Andre Russell,All-Rounders,Virat Kohli,Batters,0,True,5.0,33,Bangalore,M Chinnaswamy Stadium,Medium,False,True,44,7,7.333333333333333,81,11.045454545454549,20,112,31,12.666666666666668,2.4473684210526314,3,7,Medium
7.3,7,3,48,Andre Russell,All-Rounders,David Wiese,All-Rounders,1,False,-1.0,33,Bangalore,M Chinnaswamy Stadium,Medium,True,False,44,7,7.333333333333333,82,11.181818181818182,20,112,30,12.666666666666668,2.3684210526315788,3,7,Medium
7.3,7,3,49,Andre Russell,All-Rounders,David Wiese,All-Rounders,1,False,-0.5,33,Bangalore,M Chinnaswamy Stadium,Medium,False,True,45,7,7.5,83,11.066666666666666,20,112,29,12.5,2.32,3,7,Medium
7.4,7,4,50,Andre Russell,All-Rounders,Mandeep Singh,All-Rounders,1,False,-0.5,33,Bangalore,M Chinnaswamy Stadium,Medium,False,True,46,7,7.666666666666667,84,10.956521739130434,20,112,28,12.333333333333332,2.2702702702702706,3,7,Medium
7.5,7,5,51,Andre Russell,All-Rounders,David Wiese,All-Rounders,2,False,-1.0,33,Bangalore,M Chinnaswamy Stadium,Medium,False,True,47,7,7.833333333333333,86,10.97872340425532,20,112,26,12.166666666666668,2.1369863013698627,3,7,Medium
7.6,7,6,52,Andre Russell,All-Rounders,David Wiese,All-Rounders,1,False,-0.5,33,Bangalore,M Chinnaswamy Stadium,Medium,False,True,48,7,8.0,87,10.875,20,112,25,12.0,2.083333333333333,3,7,Medium
8.1,8,1,53,Umesh Yadav,Bowlers,David Wiese,All-Rounders,2,False,-1.0,33,Bangalore,M Chinnaswamy Stadium,Medium,False,True,49,8,8.166666666666666,89,10.89795918367347,20,112,23,11.833333333333334,1.943661971830985,3,7,Medium
8.2,8,2,54,Umesh Yadav,Bowlers,David Wiese,All-Rounders,1,False,-0.5,33,Bangalore,M Chinnaswamy Stadium,Medium,False,True,50,8,8.333333333333334,90,10.8,20,112,22,11.666666666666666,1.885714285714286,3,7,Medium
8.3,8,3,55,Umesh Yadav,Bowlers,Mandeep Singh,All-Rounders,1,False,-0.5,33,Bangalore,M Chinnaswamy Stadium,Medium,False,True,51,8,8.5,91,10.705882352941176,20,112,21,11.5,1.826086956521739,3,7,Medium
8.4,8,4,56,Umesh Yadav,Bowlers,David Wiese,All-Rounders,1,False,-0.5,33,Bangalore,M Chinnaswamy Stadium,Medium,False,True,52,8,8.666666666666666,92,10.615384615384617,20,112,20,11.333333333333334,1.7647058823529411,3,7,Medium
8.5,8,5,57,Umesh Yadav,Bowlers,Mandeep Singh,All-Rounders,4,False,-2.0,33,Bangalore,M Chinnaswamy Stadium,Medium,False,True,53,8,8.833333333333334,96,10.867924528301886,20,112,16,11.166666666666666,1.4328358208955223,3,7,Medium
8.6,8,6,58,Umesh Yadav,Bowlers,Mandeep Singh,All-Rounders,4,False,-2.0,33,Bangalore,M Chinnaswamy Stadium,Medium,False,True,54,8,9.0,100,11.11111111111111,20,112,12,11.0,1.0909090909090908,3,7,Medium
9.1,9,1,59,Andre Russell,All-Rounders,David Wiese,All-Rounders,1,False,-0.5,33,Bangalore,M Chinnaswamy Stadium,Medium,False,True,55,9,9.166666666666666,101,11.01818181818182,20,112,11,10.833333333333334,1.015384615384615,3,7,Medium
9.2,9,2,60,Andre Russell,All-Rounders,Mandeep Singh,All-Rounders,2,False,-1.0,33,Bangalore,M Chinnaswamy Stadium,Medium,False,True,56,9,9.333333333333334,103,11.035714285714285,20,112,9,10.666666666666666,0.84375,3,7,Medium
9.3,9,3,61,Andre Russell,All-Rounders,Mandeep Singh,All-Rounders,6,False,-3.0,33,Bangalore,M Chinnaswamy Stadium,Medium,False,True,57,9,9.5,109,11.473684210526317,20,112,3,10.5,0.2857142857142857,3,7,Medium
9.4,9,4,62,Andre Russell,All-Rounders,Mandeep Singh,All-Rounders,6,False,-3.0,33,Bangalore,M Chinnaswamy Stadium,Medium,False,True,58,9,9.666666666666666,115,11.896551724137932,20,112,0,10.333333333333334,0.0,3,7,Medium
