Ball Number,over,ball,Ball,bowler,bowler_role,batsman,batsman_role,Runs,is_wicket,bowler_score,match_id,city,stadium,Stadium_Type,is_extra,legal_delivery,legal_deliveries_count,overs_completed,overs_bowled,total_runs,current_run_rate,total_overs,target,runs_needed,overs_remaining,required_run_rate,wickets_fallen,wickets_in_hand,Ground_Type
0.1,0,1,1,Mohit Sharma,Bowlers,David Warner,Batters,4,False,-2.0,34,Uppal,Rajiv Gandhi International Stadium,Medium,False,True,1,0,0.1666666666666666,4,24.0,20,193,189,19.83333333333333,9.529411764705882,0,10,Medium
0.2,0,2,2,Mohit Sharma,Bowlers,David Warner,Batters,0,False,1.0,34,Uppal,Rajiv Gandhi International Stadium,Medium,False,True,2,0,0.3333333333333333,4,12.0,20,193,189,19.666666666666668,9.610169491525424,0,10,Medium
0.3,0,3,3,Mohit Sharma,Bowlers,David Warner,Batters,1,False,-0.5,34,Uppal,Rajiv Gandhi International Stadium,Medium,False,True,3,0,0.5,5,10.0,20,193,188,19.5,9.64102564102564,0,10,Medium
0.4,0,4,4,Mohit Sharma,Bowlers,Shikhar Dhawan,Batters,0,False,1.0,34,Uppal,Rajiv Gandhi International Stadium,Medium,False,True,4,0,0.6666666666666666,5,7.5,20,193,188,19.33333333333333,9.724137931034484,0,10,Medium
0.5,0,5,5,Mohit Sharma,Bowlers,Shikhar Dhawan,Batters,1,False,-0.5,34,Uppal,Rajiv Gandhi International Stadium,Medium,False,True,5,0,0.8333333333333334,6,7.199999999999999,20,193,187,19.166666666666668,9.756521739130434,0,10,Medium
0.6,0,6,6,Mohit Sharma,Bowlers,David Warner,Batters,4,False,-2.0,34,Uppal,Rajiv Gandhi International Stadium,Medium,False,True,6,0,1.0,10,10.0,20,193,183,19.0,9.63157894736842,0,10,Medium
1.1,1,1,7,Ashish Nehra,Bowlers,Shikhar Dhawan,Batters,1,False,-0.5,34,Uppal,Rajiv Gandhi International Stadium,Medium,False,True,7,1,1.1666666666666667,11,9.428571428571429,20,193,182,18.83333333333333,9.663716814159292,0,10,Medium
1.2,1,2,8,Ashish Nehra,Bowlers,David Warner,Batters,1,False,-0.5,34,Uppal,Rajiv Gandhi International Stadium,Medium,False,True,8,1,1.3333333333333333,12,9.0,20,193,181,18.666666666666668,9.696428571428571,0,10,Medium
1.3,1,3,9,Ashish Nehra,Bowlers,Shikhar Dhawan,Batters,0,False,1.0,34,Uppal,Rajiv Gandhi International Stadium,Medium,False,True,9,1,1.5,12,8.0,20,193,181,18.5,9.783783783783784,0,10,Medium
1.4,1,4,10,Ashish Nehra,Bowlers,Shikhar Dhawan,Batters,0,False,1.0,34,Uppal,Rajiv Gandhi International Stadium,Medium,False,True,10,1,1.6666666666666663,12,7.200000000000001,20,193,181,18.33333333333333,9.872727272727271,0,10,Medium
1.5,1,5,11,Ashish Nehra,Bowlers,Shikhar Dhawan,Batters,0,False,1.0,34,Uppal,Rajiv Gandhi International Stadium,Medium,False,True,11,1,1.8333333333333333,12,6.545454545454545,20,193,181,18.166666666666668,9.963302752293576,0,10,Medium
1.6,1,6,12,Ashish Nehra,Bowlers,Shikhar Dhawan,Batters,1,False,-0.5,34,Uppal,Rajiv Gandhi International Stadium,Medium,False,True,12,1,2.0,13,6.5,20,193,180,18.0,10.0,0,10,Medium
2.1,2,1,13,Mohit Sharma,Bowlers,Shikhar Dhawan,Batters,1,False,-0.5,34,Uppal,Rajiv Gandhi International Stadium,Medium,False,True,13,2,2.1666666666666665,14,6.461538461538462,20,193,179,17.833333333333332,10.037383177570094,0,10,Medium
2.2,2,2,14,Mohit Sharma,Bowlers,David Warner,Batters,4,False,-2.0,34,Uppal,Rajiv Gandhi International Stadium,Medium,False,True,14,2,2.333333333333333,18,7.7142857142857135,20,193,175,17.666666666666668,9.90566037735849,0,10,Medium
2.3,2,3,15,Mohit Sharma,Bowlers,David Warner,Batters,6,False,-3.0,34,Uppal,Rajiv Gandhi International Stadium,Medium,True,False,14,2,2.333333333333333,24,10.285714285714285,20,193,169,17.666666666666668,9.566037735849056,0,10,Medium
2.3,2,3,16,Mohit Sharma,Bowlers,David Warner,Batters,1,False,-0.5,34,Uppal,Rajiv Gandhi International Stadium,Medium,False,True,15,2,2.5,25,10.0,20,193,168,17.5,9.6,0,10,Medium
2.4,2,4,17,Mohit Sharma,Bowlers,Shikhar Dhawan,Batters,1,False,-0.5,34,Uppal,Rajiv Gandhi International Stadium,Medium,False,True,16,2,2.6666666666666665,26,9.75,20,193,167,17.333333333333332,9.634615384615383,0,10,Medium
2.5,2,5,18,Mohit Sharma,Bowlers,David Warner,Batters,4,False,-2.0,34,Uppal,Rajiv Gandhi International Stadium,Medium,False,True,17,2,2.833333333333333,30,10.588235294117649,20,193,163,17.166666666666668,9.49514563106796,0,10,Medium
2.6,2,6,19,Mohit Sharma,Bowlers,David Warner,Batters,4,False,-2.0,34,Uppal,Rajiv Gandhi International Stadium,Medium,False,True,18,2,3.0,34,11.333333333333334,20,193,159,17.0,9.352941176470589,0,10,Medium
3.1,3,1,20,Ashish Nehra,Bowlers,Shikhar Dhawan,Batters,3,False,-1.5,34,Uppal,Rajiv Gandhi International Stadium,Medium,False,True,19,3,3.1666666666666665,37,11.68421052631579,20,193,156,16.833333333333332,9.267326732673268,0,10,Medium
3.2,3,2,21,Ashish Nehra,Bowlers,David Warner,Batters,0,False,1.0,34,Uppal,Rajiv Gandhi International Stadium,Medium,False,True,20,3,3.333333333333333,37,11.1,20,193,156,16.666666666666668,9.36,0,10,Medium
3.3,3,3,22,Ashish Nehra,Bowlers,David Warner,Batters,4,False,-2.0,34,Uppal,Rajiv Gandhi International Stadium,Medium,False,True,21,3,3.5,41,11.714285714285714,20,193,152,16.5,9.212121212121213,0,10,Medium
3.4,3,4,23,Ashish Nehra,Bowlers,David Warner,Batters,4,False,-2.0,34,Uppal,Rajiv Gandhi International Stadium,Medium,False,True,22,3,3.6666666666666665,45,12.272727272727272,20,193,148,16.333333333333332,9.06122448979592,0,10,Medium
3.5,3,5,24,Ashish Nehra,Bowlers,David Warner,Batters,0,False,1.0,34,Uppal,Rajiv Gandhi International Stadium,Medium,False,True,23,3,3.8333333333333335,45,11.739130434782608,20,193,148,16.166666666666668,9.154639175257731,0,10,Medium
3.6,3,6,25,Ashish Nehra,Bowlers,David Warner,Batters,1,False,-0.5,34,Uppal,Rajiv Gandhi International Stadium,Medium,False,True,24,3,4.0,46,11.5,20,193,147,16.0,9.1875,0,10,Medium
4.1,4,1,26,Ronit More,Bowlers,David Warner,Batters,4,False,-2.0,34,Uppal,Rajiv Gandhi International Stadium,Medium,False,True,25,4,4.166666666666667,50,12.0,20,193,143,15.833333333333332,9.031578947368422,0,10,Medium
4.2,4,2,27,Ronit More,Bowlers,David Warner,Batters,1,False,-0.5,34,Uppal,Rajiv Gandhi International Stadium,Medium,False,True,26,4,4.333333333333333,51,11.76923076923077,20,193,142,15.666666666666668,9.063829787234042,0,10,Medium
4.3,4,3,28,Ronit More,Bowlers,Shikhar Dhawan,Batters,4,False,-2.0,34,Uppal,Rajiv Gandhi International Stadium,Medium,False,True,27,4,4.5,55,12.22222222222222,20,193,138,15.5,8.903225806451612,0,10,Medium
4.4,4,4,29,Ronit More,Bowlers,Shikhar Dhawan,Batters,1,False,-0.5,34,Uppal,Rajiv Gandhi International Stadium,Medium,False,True,28,4,4.666666666666667,56,12.0,20,193,137,15.333333333333332,8.934782608695652,0,10,Medium
4.5,4,5,30,Ronit More,Bowlers,David Warner,Batters,4,False,-2.0,34,Uppal,Rajiv Gandhi International Stadium,Medium,False,True,29,4,4.833333333333333,60,12.413793103448276,20,193,133,15.166666666666668,8.769230769230768,0,10,Medium
4.6,4,6,31,Ronit More,Bowlers,David Warner,Batters,1,False,-0.5,34,Uppal,Rajiv Gandhi International Stadium,Medium,False,True,30,4,5.0,61,12.2,20,193,132,15.0,8.8,0,10,Medium
5.1,5,1,32,Ashish Nehra,Bowlers,David Warner,Batters,4,False,-2.0,34,Uppal,Rajiv Gandhi International Stadium,Medium,False,True,31,5,5.166666666666667,65,12.580645161290322,20,193,128,14.833333333333332,8.629213483146069,0,10,Medium
5.2,5,2,33,Ashish Nehra,Bowlers,David Warner,Batters,4,False,-2.0,34,Uppal,Rajiv Gandhi International Stadium,Medium,False,True,32,5,5.333333333333333,69,12.9375,20,193,124,14.666666666666668,8.454545454545453,0,10,Medium
5.3,5,3,34,Ashish Nehra,Bowlers,David Warner,Batters,1,False,-0.5,34,Uppal,Rajiv Gandhi International Stadium,Medium,False,True,33,5,5.5,70,12.727272727272728,20,193,123,14.5,8.482758620689655,0,10,Medium
5.4,5,4,35,Ashish Nehra,Bowlers,Shikhar Dhawan,Batters,2,False,-1.0,34,Uppal,Rajiv Gandhi International Stadium,Medium,False,True,34,5,5.666666666666667,72,12.705882352941176,20,193,121,14.333333333333332,8.44186046511628,0,10,Medium
5.5,5,5,36,Ashish Nehra,Bowlers,Shikhar Dhawan,Batters,1,False,-0.25,34,Uppal,Rajiv Gandhi International Stadium,Medium,False,True,35,5,5.833333333333333,73,12.514285714285714,20,193,120,14.166666666666668,8.470588235294118,0,10,Medium
5.6,5,6,37,Ashish Nehra,Bowlers,David Warner,Batters,2,False,-1.0,34,Uppal,Rajiv Gandhi International Stadium,Medium,False,True,36,5,6.0,75,12.5,20,193,118,14.0,8.428571428571429,0,10,Medium
6.1,6,1,38,Suresh Raina,,Shikhar Dhawan,Batters,0,False,1.0,34,Uppal,Rajiv Gandhi International Stadium,Medium,False,True,37,6,6.166666666666667,75,12.16216216216216,20,193,118,13.833333333333332,8.530120481927712,0,10,Medium
6.2,6,2,39,Suresh Raina,,Shikhar Dhawan,Batters,0,False,1.0,34,Uppal,Rajiv Gandhi International Stadium,Medium,False,True,38,6,6.333333333333333,75,11.842105263157896,20,193,118,13.666666666666668,8.634146341463413,0,10,Medium
6.3,6,3,40,Suresh Raina,,Shikhar Dhawan,Batters,1,False,-0.5,34,Uppal,Rajiv Gandhi International Stadium,Medium,False,True,39,6,6.5,76,11.692307692307692,20,193,117,13.5,8.666666666666666,0,10,Medium
6.4,6,4,41,Suresh Raina,,David Warner,Batters,1,False,-0.5,34,Uppal,Rajiv Gandhi International Stadium,Medium,False,True,40,6,6.666666666666667,77,11.55,20,193,116,13.333333333333332,8.700000000000001,0,10,Medium
6.5,6,5,42,Suresh Raina,,Shikhar Dhawan,Batters,1,False,-1.0,34,Uppal,Rajiv Gandhi International Stadium,Medium,True,False,40,6,6.666666666666667,78,11.7,20,193,115,13.333333333333332,8.625,0,10,Medium
6.5,6,5,43,Suresh Raina,,Shikhar Dhawan,Batters,1,False,-0.5,34,Uppal,Rajiv Gandhi International Stadium,Medium,False,True,41,6,6.833333333333333,79,11.5609756097561,20,193,114,13.166666666666668,8.658227848101266,0,10,Medium
6.6,6,6,44,Suresh Raina,,David Warner,Batters,0,False,1.0,34,Uppal,Rajiv Gandhi International Stadium,Medium,False,True,42,6,7.0,79,11.285714285714286,20,193,114,13.0,8.76923076923077,0,10,Medium
7.1,7,1,45,Dwayne Bravo,All-Rounders,Shikhar Dhawan,Batters,0,False,1.0,34,Uppal,Rajiv Gandhi International Stadium,Medium,False,True,43,7,7.166666666666667,79,11.023255813953488,20,193,114,12.833333333333332,8.883116883116884,0,10,Medium
7.2,7,2,46,Dwayne Bravo,All-Rounders,Shikhar Dhawan,Batters,4,False,-2.0,34,Uppal,Rajiv Gandhi International Stadium,Medium,False,True,44,7,7.333333333333333,83,11.318181818181818,20,193,110,12.666666666666668,8.68421052631579,0,10,Medium
7.3,7,3,47,Dwayne Bravo,All-Rounders,Shikhar Dhawan,Batters,0,False,1.0,34,Uppal,Rajiv Gandhi International Stadium,Medium,False,True,45,7,7.5,83,11.066666666666666,20,193,110,12.5,8.8,0,10,Medium
7.4,7,4,48,Dwayne Bravo,All-Rounders,Shikhar Dhawan,Batters,1,False,-0.5,34,Uppal,Rajiv Gandhi International Stadium,Medium,False,True,46,7,7.666666666666667,84,10.956521739130434,20,193,109,12.333333333333332,8.837837837837839,0,10,Medium
7.5,7,5,49,Dwayne Bravo,All-Rounders,David Warner,Batters,0,False,1.0,34,Uppal,Rajiv Gandhi International Stadium,Medium,False,True,47,7,7.833333333333333,84,10.72340425531915,20,193,109,12.166666666666668,8.95890410958904,0,10,Medium
7.6,7,6,50,Dwayne Bravo,All-Rounders,David Warner,Batters,1,False,-0.5,34,Uppal,Rajiv Gandhi International Stadium,Medium,False,True,48,7,8.0,85,10.625,20,193,108,12.0,9.0,0,10,Medium
8.1,8,1,51,Suresh Raina,,David Warner,Batters,0,True,5.0,34,Uppal,Rajiv Gandhi International Stadium,Medium,False,True,49,8,8.166666666666666,85,10.408163265306124,20,193,108,11.833333333333334,9.126760563380282,1,9,Medium
8.2,8,2,52,Suresh Raina,,Moises Henriques,All-Rounders,6,False,-3.0,34,Uppal,Rajiv Gandhi International Stadium,Medium,False,True,50,8,8.333333333333334,91,10.92,20,193,102,11.666666666666666,8.742857142857144,1,9,Medium
8.3,8,3,53,Suresh Raina,,Moises Henriques,All-Rounders,0,False,1.0,34,Uppal,Rajiv Gandhi International Stadium,Medium,False,True,51,8,8.5,91,10.705882352941176,20,193,102,11.5,8.869565217391305,1,9,Medium
8.4,8,4,54,Suresh Raina,,Moises Henriques,All-Rounders,6,False,-3.0,34,Uppal,Rajiv Gandhi International Stadium,Medium,False,True,52,8,8.666666666666666,97,11.192307692307692,20,193,96,11.333333333333334,8.470588235294118,1,9,Medium
8.5,8,5,55,Suresh Raina,,Moises Henriques,All-Rounders,0,False,1.0,34,Uppal,Rajiv Gandhi International Stadium,Medium,False,True,53,8,8.833333333333334,97,10.981132075471695,20,193,96,11.166666666666666,8.597014925373134,1,9,Medium
8.6,8,6,56,Suresh Raina,,Moises Henriques,All-Rounders,1,False,-0.5,34,Uppal,Rajiv Gandhi International Stadium,Medium,False,True,54,8,9.0,98,10.88888888888889,20,193,95,11.0,8.636363636363637,1,9,Medium
9.1,9,1,57,Pawan Negi,Bowlers,Moises Henriques,All-Rounders,1,False,-0.5,34,Uppal,Rajiv Gandhi International Stadium,Medium,False,True,55,9,9.166666666666666,99,10.8,20,193,94,10.833333333333334,8.676923076923076,1,9,Medium
9.2,9,2,58,Pawan Negi,Bowlers,Shikhar Dhawan,Batters,1,False,-0.5,34,Uppal,Rajiv Gandhi International Stadium,Medium,False,True,56,9,9.333333333333334,100,10.714285714285714,20,193,93,10.666666666666666,8.71875,1,9,Medium
9.3,9,3,59,Pawan Negi,Bowlers,Moises Henriques,All-Rounders,4,False,-2.0,34,Uppal,Rajiv Gandhi International Stadium,Medium,False,True,57,9,9.5,104,10.947368421052632,20,193,89,10.5,8.476190476190476,1,9,Medium
9.4,9,4,60,Pawan Negi,Bowlers,Moises Henriques,All-Rounders,1,False,-0.5,34,Uppal,Rajiv Gandhi International Stadium,Medium,False,True,58,9,9.666666666666666,105,10.862068965517242,20,193,88,10.333333333333334,8.516129032258064,1,9,Medium
9.5,9,5,61,Pawan Negi,Bowlers,Shikhar Dhawan,Batters,1,False,-0.5,34,Uppal,Rajiv Gandhi International Stadium,Medium,False,True,59,9,9.833333333333334,106,10.779661016949152,20,193,87,10.166666666666666,8.557377049180328,1,9,Medium
9.6,9,6,62,Pawan Negi,Bowlers,Moises Henriques,All-Rounders,0,True,5.0,34,Uppal,Rajiv Gandhi International Stadium,Medium,False,True,60,9,10.0,106,10.6,20,193,87,10.0,8.7,2,8,Medium
10.1,10,1,63,Suresh Raina,,Shikhar Dhawan,Batters,1,False,-0.5,34,Uppal,Rajiv Gandhi International Stadium,Medium,False,True,61,10,10.166666666666666,107,10.524590163934429,20,193,86,9.833333333333334,8.745762711864407,2,8,Medium
10.2,10,2,64,Suresh Raina,,Eoin Morgan,Batters,1,False,-0.5,34,Uppal,Rajiv Gandhi International Stadium,Medium,False,True,62,10,10.333333333333334,108,10.451612903225806,20,193,85,9.666666666666666,8.793103448275863,2,8,Medium
10.3,10,3,65,Suresh Raina,,Shikhar Dhawan,Batters,1,False,-1.0,34,Uppal,Rajiv Gandhi International Stadium,Medium,True,False,62,10,10.333333333333334,109,10.548387096774192,20,193,84,9.666666666666666,8.689655172413794,2,8,Medium
10.3,10,3,66,Suresh Raina,,Shikhar Dhawan,Batters,4,False,-2.0,34,Uppal,Rajiv Gandhi International Stadium,Medium,False,True,63,10,10.5,113,10.761904761904765,20,193,80,9.5,8.421052631578947,2,8,Medium
10.4,10,4,67,Suresh Raina,,Shikhar Dhawan,Batters,1,False,-0.5,34,Uppal,Rajiv Gandhi International Stadium,Medium,False,True,64,10,10.666666666666666,114,10.6875,20,193,79,9.333333333333334,8.464285714285714,2,8,Medium
10.5,10,5,68,Suresh Raina,,Eoin Morgan,Batters,0,False,1.0,34,Uppal,Rajiv Gandhi International Stadium,Medium,False,True,65,10,10.833333333333334,114,10.523076923076925,20,193,79,9.166666666666666,8.618181818181819,2,8,Medium
10.6,10,6,69,Suresh Raina,,Eoin Morgan,Batters,1,False,-0.5,34,Uppal,Rajiv Gandhi International Stadium,Medium,False,True,66,10,11.0,115,10.454545454545457,20,193,78,9.0,8.666666666666666,2,8,Medium
11.1,11,1,70,Pawan Negi,Bowlers,Eoin Morgan,Batters,0,False,1.0,34,Uppal,Rajiv Gandhi International Stadium,Medium,False,True,67,11,11.166666666666666,115,10.298507462686567,20,193,78,8.833333333333334,8.830188679245282,2,8,Medium
11.2,11,2,71,Pawan Negi,Bowlers,Eoin Morgan,Batters,1,False,-0.5,34,Uppal,Rajiv Gandhi International Stadium,Medium,False,True,68,11,11.333333333333334,116,10.235294117647058,20,193,77,8.666666666666666,8.884615384615385,2,8,Medium
11.3,11,3,72,Pawan Negi,Bowlers,Shikhar Dhawan,Batters,4,False,-2.0,34,Uppal,Rajiv Gandhi International Stadium,Medium,False,True,69,11,11.5,120,10.434782608695652,20,193,73,8.5,8.588235294117647,2,8,Medium
11.4,11,4,73,Pawan Negi,Bowlers,Shikhar Dhawan,Batters,0,False,1.0,34,Uppal,Rajiv Gandhi International Stadium,Medium,False,True,70,11,11.666666666666666,120,10.285714285714286,20,193,73,8.333333333333334,8.76,2,8,Medium
11.5,11,5,74,Pawan Negi,Bowlers,Shikhar Dhawan,Batters,1,False,-0.5,34,Uppal,Rajiv Gandhi International Stadium,Medium,False,True,71,11,11.833333333333334,121,10.225352112676056,20,193,72,8.166666666666666,8.816326530612246,2,8,Medium
11.6,11,6,75,Pawan Negi,Bowlers,Eoin Morgan,Batters,6,False,-3.0,34,Uppal,Rajiv Gandhi International Stadium,Medium,False,True,72,11,12.0,127,10.583333333333334,20,193,66,8.0,8.25,2,8,Medium
12.1,12,1,76,Suresh Raina,,Shikhar Dhawan,Batters,1,False,-0.5,34,Uppal,Rajiv Gandhi International Stadium,Medium,False,True,73,12,12.166666666666666,128,10.52054794520548,20,193,65,7.833333333333334,8.297872340425531,2,8,Medium
12.2,12,2,77,Suresh Raina,,Eoin Morgan,Batters,0,False,1.0,34,Uppal,Rajiv Gandhi International Stadium,Medium,False,True,74,12,12.333333333333334,128,10.378378378378375,20,193,65,7.666666666666666,8.478260869565219,2,8,Medium
12.3,12,3,78,Suresh Raina,,Eoin Morgan,Batters,0,False,1.0,34,Uppal,Rajiv Gandhi International Stadium,Medium,False,True,75,12,12.5,128,10.24,20,193,65,7.5,8.666666666666666,2,8,Medium
12.4,12,4,79,Suresh Raina,,Eoin Morgan,Batters,0,False,1.0,34,Uppal,Rajiv Gandhi International Stadium,Medium,False,True,76,12,12.666666666666666,128,10.105263157894738,20,193,65,7.333333333333334,8.863636363636363,2,8,Medium
12.5,12,5,80,Suresh Raina,,Eoin Morgan,Batters,1,False,-0.5,34,Uppal,Rajiv Gandhi International Stadium,Medium,False,True,77,12,12.833333333333334,129,10.05194805194805,20,193,64,7.166666666666666,8.930232558139535,2,8,Medium
12.6,12,6,81,Suresh Raina,,Shikhar Dhawan,Batters,0,True,5.0,34,Uppal,Rajiv Gandhi International Stadium,Medium,False,True,78,12,13.0,129,9.923076923076923,20,193,64,7.0,9.142857142857142,3,7,Medium
13.1,13,1,82,Dwayne Bravo,All-Rounders,Eoin Morgan,Batters,0,False,1.0,34,Uppal,Rajiv Gandhi International Stadium,Medium,False,True,79,13,13.166666666666666,129,9.79746835443038,20,193,64,6.833333333333334,9.365853658536585,3,7,Medium
13.2,13,2,83,Dwayne Bravo,All-Rounders,Eoin Morgan,Batters,1,False,-0.5,34,Uppal,Rajiv Gandhi International Stadium,Medium,False,True,80,13,13.333333333333334,130,9.75,20,193,63,6.666666666666666,9.45,3,7,Medium
13.3,13,3,84,Dwayne Bravo,All-Rounders,Naman Ojha,Batters,0,False,1.0,34,Uppal,Rajiv Gandhi International Stadium,Medium,False,True,81,13,13.5,130,9.62962962962963,20,193,63,6.5,9.692307692307692,3,7,Medium
13.4,13,4,85,Dwayne Bravo,All-Rounders,Naman Ojha,Batters,0,False,1.0,34,Uppal,Rajiv Gandhi International Stadium,Medium,False,True,82,13,13.666666666666666,130,9.51219512195122,20,193,63,6.333333333333334,9.94736842105263,3,7,Medium
13.5,13,5,86,Dwayne Bravo,All-Rounders,Naman Ojha,Batters,0,False,1.0,34,Uppal,Rajiv Gandhi International Stadium,Medium,False,True,83,13,13.833333333333334,130,9.397590361445785,20,193,63,6.166666666666666,10.216216216216218,3,7,Medium
13.6,13,6,87,Dwayne Bravo,All-Rounders,Naman Ojha,Batters,0,False,1.0,34,Uppal,Rajiv Gandhi International Stadium,Medium,False,True,84,13,14.0,130,9.285714285714286,20,193,63,6.0,10.5,3,7,Medium
14.1,14,1,88,Mohit Sharma,Bowlers,Eoin Morgan,Batters,1,False,-0.5,34,Uppal,Rajiv Gandhi International Stadium,Medium,False,True,85,14,14.166666666666666,131,9.247058823529413,20,193,62,5.833333333333334,10.628571428571428,3,7,Medium
14.2,14,2,89,Mohit Sharma,Bowlers,Naman Ojha,Batters,4,False,-2.0,34,Uppal,Rajiv Gandhi International Stadium,Medium,False,True,86,14,14.333333333333334,135,9.41860465116279,20,193,58,5.666666666666666,10.23529411764706,3,7,Medium
14.3,14,3,90,Mohit Sharma,Bowlers,Naman Ojha,Batters,4,False,-2.0,34,Uppal,Rajiv Gandhi International Stadium,Medium,False,True,87,14,14.5,139,9.586206896551724,20,193,54,5.5,9.818181818181818,3,7,Medium
14.4,14,4,91,Mohit Sharma,Bowlers,Naman Ojha,Batters,1,False,-0.5,34,Uppal,Rajiv Gandhi International Stadium,Medium,False,True,88,14,14.666666666666666,140,9.545454545454543,20,193,53,5.333333333333334,9.937499999999998,3,7,Medium
14.5,14,5,92,Mohit Sharma,Bowlers,Eoin Morgan,Batters,0,False,1.0,34,Uppal,Rajiv Gandhi International Stadium,Medium,False,True,89,14,14.833333333333334,140,9.438202247191011,20,193,53,5.166666666666666,10.258064516129034,3,7,Medium
14.6,14,6,93,Mohit Sharma,Bowlers,Eoin Morgan,Batters,1,False,-0.5,34,Uppal,Rajiv Gandhi International Stadium,Medium,False,True,90,14,15.0,141,9.4,20,193,52,5.0,10.4,3,7,Medium
15.1,15,1,94,Ronit More,Bowlers,Eoin Morgan,Batters,1,False,-0.5,34,Uppal,Rajiv Gandhi International Stadium,Medium,False,True,91,15,15.166666666666666,142,9.362637362637363,20,193,51,4.833333333333334,10.551724137931034,3,7,Medium
15.2,15,2,95,Ronit More,Bowlers,Naman Ojha,Batters,4,False,-2.0,34,Uppal,Rajiv Gandhi International Stadium,Medium,False,True,92,15,15.333333333333334,146,9.52173913043478,20,193,47,4.666666666666666,10.071428571428571,3,7,Medium
15.3,15,3,96,Ronit More,Bowlers,Naman Ojha,Batters,0,False,1.0,34,Uppal,Rajiv Gandhi International Stadium,Medium,False,True,93,15,15.5,146,9.419354838709678,20,193,47,4.5,10.444444444444445,3,7,Medium
15.3,15,3,97,Ronit More,Bowlers,Naman Ojha,Batters,1,False,-1.0,34,Uppal,Rajiv Gandhi International Stadium,Medium,True,False,93,15,15.5,147,9.483870967741936,20,193,46,4.5,10.22222222222222,3,7,Medium
15.4,15,4,98,Ronit More,Bowlers,Naman Ojha,Batters,6,False,-3.0,34,Uppal,Rajiv Gandhi International Stadium,Medium,False,True,94,15,15.666666666666666,153,9.76595744680851,20,193,40,4.333333333333334,9.23076923076923,3,7,Medium
15.5,15,5,99,Ronit More,Bowlers,Naman Ojha,Batters,1,False,-0.5,34,Uppal,Rajiv Gandhi International Stadium,Medium,False,True,95,15,15.833333333333334,154,9.726315789473684,20,193,39,4.166666666666666,9.36,3,7,Medium
15.6,15,6,100,Ronit More,Bowlers,Eoin Morgan,Batters,0,False,1.0,34,Uppal,Rajiv Gandhi International Stadium,Medium,False,True,96,15,16.0,154,9.625,20,193,39,4.0,9.75,3,7,Medium
16.1,16,1,101,Ashish Nehra,Bowlers,Naman Ojha,Batters,0,True,5.0,34,Uppal,Rajiv Gandhi International Stadium,Medium,False,True,97,16,16.166666666666668,154,9.525773195876289,20,193,39,3.833333333333332,10.173913043478263,4,6,Medium
16.2,16,2,102,Ashish Nehra,Bowlers,Ashish Nehra,Bowlers,0,False,1.0,34,Uppal,Rajiv Gandhi International Stadium,Medium,False,True,98,16,16.333333333333332,154,9.428571428571429,20,193,39,3.666666666666668,10.636363636363631,4,6,Medium
16.3,16,3,103,Ashish Nehra,Bowlers,Ashish Nehra,Bowlers,0,False,1.0,34,Uppal,Rajiv Gandhi International Stadium,Medium,False,True,99,16,16.5,154,9.333333333333334,20,193,39,3.5,11.142857142857142,4,6,Medium
16.4,16,4,104,Ashish Nehra,Bowlers,Ashish Nehra,Bowlers,1,False,-0.5,34,Uppal,Rajiv Gandhi International Stadium,Medium,False,True,100,16,16.666666666666668,155,9.3,20,193,38,3.333333333333332,11.400000000000004,4,6,Medium
16.5,16,5,105,Ashish Nehra,Bowlers,Eoin Morgan,Batters,1,False,-0.5,34,Uppal,Rajiv Gandhi International Stadium,Medium,False,True,101,16,16.833333333333332,156,9.267326732673268,20,193,37,3.166666666666668,11.684210526315786,4,6,Medium
16.6,16,6,106,Ashish Nehra,Bowlers,Ashish Nehra,Bowlers,1,False,-0.5,34,Uppal,Rajiv Gandhi International Stadium,Medium,False,True,102,16,17.0,157,9.235294117647058,20,193,36,3.0,12.0,4,6,Medium
17.1,17,1,107,Dwayne Bravo,All-Rounders,Ashish Nehra,Bowlers,4,False,-2.0,34,Uppal,Rajiv Gandhi International Stadium,Medium,False,True,103,17,17.166666666666668,161,9.378640776699028,20,193,32,2.833333333333332,11.294117647058828,4,6,Medium
17.2,17,2,108,Dwayne Bravo,All-Rounders,Ashish Nehra,Bowlers,0,True,5.0,34,Uppal,Rajiv Gandhi International Stadium,Medium,False,True,104,17,17.333333333333332,161,9.288461538461538,20,193,32,2.666666666666668,11.999999999999996,5,5,Medium
17.3,17,3,109,Dwayne Bravo,All-Rounders,Eoin Morgan,Batters,1,False,-0.5,34,Uppal,Rajiv Gandhi International Stadium,Medium,False,True,105,17,17.5,162,9.257142857142858,20,193,31,2.5,12.4,5,5,Medium
17.4,17,4,110,Dwayne Bravo,All-Rounders,Hanuma Vihari,All-Rounders,1,False,-0.5,34,Uppal,Rajiv Gandhi International Stadium,Medium,False,True,106,17,17.666666666666668,163,9.226415094339622,20,193,30,2.333333333333332,12.857142857142865,5,5,Medium
17.5,17,5,111,Dwayne Bravo,All-Rounders,Eoin Morgan,Batters,1,False,-0.5,34,Uppal,Rajiv Gandhi International Stadium,Medium,False,True,107,17,17.833333333333332,164,9.19626168224299,20,193,29,2.166666666666668,13.384615384615378,5,5,Medium
17.6,17,6,112,Dwayne Bravo,All-Rounders,Hanuma Vihari,All-Rounders,4,False,-2.0,34,Uppal,Rajiv Gandhi International Stadium,Medium,False,True,108,17,18.0,168,9.333333333333334,20,193,25,2.0,12.5,5,5,Medium
18.1,18,1,113,Mohit Sharma,Bowlers,Eoin Morgan,Batters,6,False,-3.0,34,Uppal,Rajiv Gandhi International Stadium,Medium,False,True,109,18,18.166666666666668,174,9.577981651376144,20,193,19,1.833333333333332,10.36363636363637,5,5,Medium
18.2,18,2,114,Mohit Sharma,Bowlers,Eoin Morgan,Batters,2,False,-1.0,34,Uppal,Rajiv Gandhi International Stadium,Medium,False,True,110,18,18.33333333333333,176,9.6,20,193,17,1.666666666666668,10.199999999999992,5,5,Medium
18.3,18,3,115,Mohit Sharma,Bowlers,Eoin Morgan,Batters,4,False,-2.0,34,Uppal,Rajiv Gandhi International Stadium,Medium,False,True,111,18,18.5,180,9.72972972972973,20,193,13,1.5,8.666666666666666,5,5,Medium
18.4,18,4,116,Mohit Sharma,Bowlers,Eoin Morgan,Batters,0,False,1.0,34,Uppal,Rajiv Gandhi International Stadium,Medium,False,True,112,18,18.666666666666668,180,9.642857142857142,20,193,13,1.333333333333332,9.750000000000009,5,5,Medium
18.5,18,5,117,Mohit Sharma,Bowlers,Eoin Morgan,Batters,1,False,-0.5,34,Uppal,Rajiv Gandhi International Stadium,Medium,False,True,113,18,18.83333333333333,181,9.610619469026547,20,193,12,1.166666666666668,10.285714285714276,5,5,Medium
18.6,18,6,118,Mohit Sharma,Bowlers,Hanuma Vihari,All-Rounders,2,False,-1.0,34,Uppal,Rajiv Gandhi International Stadium,Medium,False,True,114,18,19.0,183,9.63157894736842,20,193,10,1.0,10.0,5,5,Medium
19.1,19,1,119,Dwayne Bravo,All-Rounders,Eoin Morgan,Batters,1,False,-0.5,34,Uppal,Rajiv Gandhi International Stadium,Medium,False,True,115,19,19.166666666666668,184,9.6,20,193,9,0.8333333333333321,10.800000000000017,5,5,Medium
19.2,19,2,120,Dwayne Bravo,All-Rounders,Hanuma Vihari,All-Rounders,1,False,-0.5,34,Uppal,Rajiv Gandhi International Stadium,Medium,False,True,116,19,19.33333333333333,185,9.56896551724138,20,193,8,0.6666666666666679,11.99999999999998,5,5,Medium
19.3,19,3,121,Dwayne Bravo,All-Rounders,Eoin Morgan,Batters,1,False,-0.5,34,Uppal,Rajiv Gandhi International Stadium,Medium,False,True,117,19,19.5,186,9.538461538461538,20,193,7,0.5,14.0,5,5,Medium
19.4,19,4,122,Dwayne Bravo,All-Rounders,Hanuma Vihari,All-Rounders,0,True,5.0,34,Uppal,Rajiv Gandhi International Stadium,Medium,False,True,118,19,19.666666666666668,186,9.457627118644067,20,193,7,0.3333333333333321,21.000000000000075,6,4,Medium
19.5,19,5,123,Dwayne Bravo,All-Rounders,Karn Sharma,Bowlers,4,False,-2.0,34,Uppal,Rajiv Gandhi International Stadium,Medium,False,True,119,19,19.83333333333333,190,9.579831932773107,20,193,3,0.1666666666666678,17.999999999999872,6,4,Medium
19.6,19,6,124,Dwayne Bravo,All-Rounders,Karn Sharma,Bowlers,0,True,5.0,34,Uppal,Rajiv Gandhi International Stadium,Medium,False,True,120,19,20.0,190,9.5,20,193,3,0.0,inf,7,3,Medium
