Ball Number,over,ball,Ball,bowler,bowler_role,batsman,batsman_role,Runs,is_wicket,bowler_score,match_id,city,stadium,Stadium_Type,is_extra,legal_delivery,legal_deliveries_count,overs_completed,overs_bowled,total_runs,current_run_rate,total_overs,target,runs_needed,overs_remaining,required_run_rate,wickets_fallen,wickets_in_hand,Ground_Type
0.1,0,1,1,Trent Boult,Bowlers,Dwayne Smith,All-Rounders,0,False,1.0,34,Uppal,Rajiv Gandhi International Stadium,Medium,False,True,1,0,0.1666666666666666,0,0.0,20,193,193,19.83333333333333,9.73109243697479,0,10,Medium
0.2,0,2,2,Trent Boult,Bowlers,Dwayne Smith,All-Rounders,0,False,1.0,34,Uppal,Rajiv Gandhi International Stadium,Medium,False,True,2,0,0.3333333333333333,0,0.0,20,193,193,19.666666666666668,9.813559322033898,0,10,Medium
0.3,0,3,3,Trent Boult,Bowlers,Dwayne Smith,All-Rounders,1,False,-0.5,34,Uppal,Rajiv Gandhi International Stadium,Medium,False,True,3,0,0.5,1,2.0,20,193,192,19.5,9.846153846153848,0,10,Medium
0.4,0,4,4,Trent Boult,Bowlers,Brendon McCullum,Batters,4,False,-2.0,34,Uppal,Rajiv Gandhi International Stadium,Medium,False,True,4,0,0.6666666666666666,5,7.5,20,193,188,19.33333333333333,9.724137931034484,0,10,Medium
0.5,0,5,5,Trent Boult,Bowlers,Brendon McCullum,Batters,4,False,-2.0,34,Uppal,Rajiv Gandhi International Stadium,Medium,False,True,5,0,0.8333333333333334,9,10.8,20,193,184,19.166666666666668,9.6,0,10,Medium
0.6,0,6,6,Trent Boult,Bowlers,Brendon McCullum,Batters,4,False,-2.0,34,Uppal,Rajiv Gandhi International Stadium,Medium,False,True,6,0,1.0,13,13.0,20,193,180,19.0,9.473684210526317,0,10,Medium
1.1,1,1,7,Bhuvneshwar Kumar,Bowlers,Dwayne Smith,All-Rounders,0,False,1.0,34,Uppal,Rajiv Gandhi International Stadium,Medium,False,True,7,1,1.1666666666666667,13,11.142857142857142,20,193,180,18.83333333333333,9.557522123893806,0,10,Medium
1.2,1,2,8,Bhuvneshwar Kumar,Bowlers,Dwayne Smith,All-Rounders,0,False,1.0,34,Uppal,Rajiv Gandhi International Stadium,Medium,False,True,8,1,1.3333333333333333,13,9.75,20,193,180,18.666666666666668,9.642857142857142,0,10,Medium
1.3,1,3,9,Bhuvneshwar Kumar,Bowlers,Dwayne Smith,All-Rounders,1,False,-0.25,34,Uppal,Rajiv Gandhi International Stadium,Medium,False,True,9,1,1.5,14,9.333333333333334,20,193,179,18.5,9.675675675675675,0,10,Medium
1.4,1,4,10,Bhuvneshwar Kumar,Bowlers,Brendon McCullum,Batters,0,False,1.0,34,Uppal,Rajiv Gandhi International Stadium,Medium,False,True,10,1,1.6666666666666663,14,8.4,20,193,179,18.33333333333333,9.763636363636364,0,10,Medium
1.5,1,5,11,Bhuvneshwar Kumar,Bowlers,Brendon McCullum,Batters,0,True,5.0,34,Uppal,Rajiv Gandhi International Stadium,Medium,False,True,11,1,1.8333333333333333,14,7.636363636363636,20,193,179,18.166666666666668,9.853211009174313,1,9,Medium
1.6,1,6,12,Bhuvneshwar Kumar,Bowlers,Suresh Raina,Batters,0,False,1.0,34,Uppal,Rajiv Gandhi International Stadium,Medium,False,True,12,1,2.0,14,7.0,20,193,179,18.0,9.944444444444445,1,9,Medium
2.1,2,1,13,Trent Boult,Bowlers,Dwayne Smith,All-Rounders,0,False,1.0,34,Uppal,Rajiv Gandhi International Stadium,Medium,False,True,13,2,2.1666666666666665,14,6.461538461538462,20,193,179,17.833333333333332,10.037383177570094,1,9,Medium
2.2,2,2,14,Trent Boult,Bowlers,Dwayne Smith,All-Rounders,4,False,-2.0,34,Uppal,Rajiv Gandhi International Stadium,Medium,False,True,14,2,2.333333333333333,18,7.7142857142857135,20,193,175,17.666666666666668,9.90566037735849,1,9,Medium
2.3,2,3,15,Trent Boult,Bowlers,Dwayne Smith,All-Rounders,0,False,1.0,34,Uppal,Rajiv Gandhi International Stadium,Medium,False,True,15,2,2.5,18,7.2,20,193,175,17.5,10.0,1,9,Medium
2.4,2,4,16,Trent Boult,Bowlers,Dwayne Smith,All-Rounders,0,False,1.0,34,Uppal,Rajiv Gandhi International Stadium,Medium,False,True,16,2,2.6666666666666665,18,6.75,20,193,175,17.333333333333332,10.096153846153848,1,9,Medium
2.5,2,5,17,Trent Boult,Bowlers,Dwayne Smith,All-Rounders,0,False,1.0,34,Uppal,Rajiv Gandhi International Stadium,Medium,False,True,17,2,2.833333333333333,18,6.352941176470588,20,193,175,17.166666666666668,10.194174757281552,1,9,Medium
2.6,2,6,18,Trent Boult,Bowlers,Dwayne Smith,All-Rounders,4,False,-2.0,34,Uppal,Rajiv Gandhi International Stadium,Medium,False,True,18,2,3.0,22,7.333333333333333,20,193,171,17.0,10.058823529411764,1,9,Medium
3.1,3,1,19,Bhuvneshwar Kumar,Bowlers,Suresh Raina,Batters,6,False,-3.0,34,Uppal,Rajiv Gandhi International Stadium,Medium,False,True,19,3,3.1666666666666665,28,8.842105263157896,20,193,165,16.833333333333332,9.801980198019802,1,9,Medium
3.2,3,2,20,Bhuvneshwar Kumar,Bowlers,Suresh Raina,Batters,0,False,1.0,34,Uppal,Rajiv Gandhi International Stadium,Medium,False,True,20,3,3.333333333333333,28,8.4,20,193,165,16.666666666666668,9.9,1,9,Medium
3.3,3,3,21,Bhuvneshwar Kumar,Bowlers,Suresh Raina,Batters,1,False,-0.5,34,Uppal,Rajiv Gandhi International Stadium,Medium,False,True,21,3,3.5,29,8.285714285714286,20,193,164,16.5,9.93939393939394,1,9,Medium
3.4,3,4,22,Bhuvneshwar Kumar,Bowlers,Dwayne Smith,All-Rounders,1,False,-1.0,34,Uppal,Rajiv Gandhi International Stadium,Medium,True,False,21,3,3.5,30,8.571428571428571,20,193,163,16.5,9.87878787878788,1,9,Medium
3.4,3,4,23,Bhuvneshwar Kumar,Bowlers,Dwayne Smith,All-Rounders,6,False,-3.0,34,Uppal,Rajiv Gandhi International Stadium,Medium,False,True,22,3,3.6666666666666665,36,9.818181818181818,20,193,157,16.333333333333332,9.612244897959185,1,9,Medium
3.5,3,5,24,Bhuvneshwar Kumar,Bowlers,Dwayne Smith,All-Rounders,1,False,-0.5,34,Uppal,Rajiv Gandhi International Stadium,Medium,False,True,23,3,3.8333333333333335,37,9.652173913043478,20,193,156,16.166666666666668,9.649484536082474,1,9,Medium
3.6,3,6,25,Bhuvneshwar Kumar,Bowlers,Suresh Raina,Batters,0,False,1.0,34,Uppal,Rajiv Gandhi International Stadium,Medium,False,True,24,3,4.0,37,9.25,20,193,156,16.0,9.75,1,9,Medium
4.1,4,1,26,Praveen Kumar,Bowlers,Dwayne Smith,All-Rounders,0,False,1.0,34,Uppal,Rajiv Gandhi International Stadium,Medium,False,True,25,4,4.166666666666667,37,8.879999999999999,20,193,156,15.833333333333332,9.852631578947369,1,9,Medium
4.2,4,2,27,Praveen Kumar,Bowlers,Dwayne Smith,All-Rounders,4,False,-2.0,34,Uppal,Rajiv Gandhi International Stadium,Medium,False,True,26,4,4.333333333333333,41,9.461538461538462,20,193,152,15.666666666666668,9.702127659574469,1,9,Medium
4.3,4,3,28,Praveen Kumar,Bowlers,Dwayne Smith,All-Rounders,0,False,1.0,34,Uppal,Rajiv Gandhi International Stadium,Medium,False,True,27,4,4.5,41,9.11111111111111,20,193,152,15.5,9.806451612903226,1,9,Medium
4.4,4,4,29,Praveen Kumar,Bowlers,Dwayne Smith,All-Rounders,1,False,-0.5,34,Uppal,Rajiv Gandhi International Stadium,Medium,False,True,28,4,4.666666666666667,42,9.0,20,193,151,15.333333333333332,9.847826086956523,1,9,Medium
4.5,4,5,30,Praveen Kumar,Bowlers,Suresh Raina,Batters,0,False,1.0,34,Uppal,Rajiv Gandhi International Stadium,Medium,False,True,29,4,4.833333333333333,42,8.689655172413794,20,193,151,15.166666666666668,9.956043956043954,1,9,Medium
4.6,4,6,31,Praveen Kumar,Bowlers,Suresh Raina,Batters,6,False,-3.0,34,Uppal,Rajiv Gandhi International Stadium,Medium,False,True,30,4,5.0,48,9.6,20,193,145,15.0,9.666666666666666,1,9,Medium
5.1,5,1,32,Moises Henriques,All-Rounders,Dwayne Smith,All-Rounders,0,True,5.0,34,Uppal,Rajiv Gandhi International Stadium,Medium,False,True,31,5,5.166666666666667,48,9.29032258064516,20,193,145,14.833333333333332,9.775280898876405,2,8,Medium
5.2,5,2,33,Moises Henriques,All-Rounders,Faf du Plessis,Batters,0,False,1.0,34,Uppal,Rajiv Gandhi International Stadium,Medium,False,True,32,5,5.333333333333333,48,9.0,20,193,145,14.666666666666668,9.886363636363637,2,8,Medium
5.3,5,3,34,Moises Henriques,All-Rounders,Faf du Plessis,Batters,4,False,-2.0,34,Uppal,Rajiv Gandhi International Stadium,Medium,False,True,33,5,5.5,52,9.454545454545457,20,193,141,14.5,9.724137931034482,2,8,Medium
5.4,5,4,35,Moises Henriques,All-Rounders,Faf du Plessis,Batters,1,False,-0.5,34,Uppal,Rajiv Gandhi International Stadium,Medium,False,True,34,5,5.666666666666667,53,9.352941176470589,20,193,140,14.333333333333332,9.767441860465118,2,8,Medium
5.5,5,5,36,Moises Henriques,All-Rounders,Suresh Raina,Batters,0,False,1.0,34,Uppal,Rajiv Gandhi International Stadium,Medium,False,True,35,5,5.833333333333333,53,9.085714285714284,20,193,140,14.166666666666668,9.88235294117647,2,8,Medium
5.6,5,6,37,Moises Henriques,All-Rounders,Suresh Raina,Batters,1,False,-0.5,34,Uppal,Rajiv Gandhi International Stadium,Medium,False,True,36,5,6.0,54,9.0,20,193,139,14.0,9.928571428571429,2,8,Medium
6.1,6,1,38,Karn Sharma,Bowlers,Suresh Raina,Batters,1,False,-0.5,34,Uppal,Rajiv Gandhi International Stadium,Medium,False,True,37,6,6.166666666666667,55,8.91891891891892,20,193,138,13.833333333333332,9.975903614457833,2,8,Medium
6.2,6,2,39,Karn Sharma,Bowlers,Faf du Plessis,Batters,1,False,-0.5,34,Uppal,Rajiv Gandhi International Stadium,Medium,False,True,38,6,6.333333333333333,56,8.842105263157896,20,193,137,13.666666666666668,10.024390243902438,2,8,Medium
6.3,6,3,40,Karn Sharma,Bowlers,Suresh Raina,Batters,1,False,-0.5,34,Uppal,Rajiv Gandhi International Stadium,Medium,False,True,39,6,6.5,57,8.76923076923077,20,193,136,13.5,10.074074074074074,2,8,Medium
6.4,6,4,41,Karn Sharma,Bowlers,Faf du Plessis,Batters,1,False,-0.5,34,Uppal,Rajiv Gandhi International Stadium,Medium,False,True,40,6,6.666666666666667,58,8.7,20,193,135,13.333333333333332,10.125000000000002,2,8,Medium
6.5,6,5,42,Karn Sharma,Bowlers,Suresh Raina,Batters,6,False,-3.0,34,Uppal,Rajiv Gandhi International Stadium,Medium,False,True,41,6,6.833333333333333,64,9.365853658536588,20,193,129,13.166666666666668,9.79746835443038,2,8,Medium
6.6,6,6,43,Karn Sharma,Bowlers,Suresh Raina,Batters,0,False,1.0,34,Uppal,Rajiv Gandhi International Stadium,Medium,False,True,42,6,7.0,64,9.142857142857142,20,193,129,13.0,9.923076923076923,2,8,Medium
7.1,7,1,44,Moises Henriques,All-Rounders,Faf du Plessis,Batters,1,False,-1.0,34,Uppal,Rajiv Gandhi International Stadium,Medium,True,False,42,6,7.0,65,9.285714285714286,20,193,128,13.0,9.846153846153848,2,8,Medium
7.1,7,1,45,Moises Henriques,All-Rounders,Faf du Plessis,Batters,1,False,-0.5,34,Uppal,Rajiv Gandhi International Stadium,Medium,False,True,43,7,7.166666666666667,66,9.209302325581396,20,193,127,12.833333333333332,9.896103896103895,2,8,Medium
7.2,7,2,46,Moises Henriques,All-Rounders,Suresh Raina,Batters,1,False,-0.5,34,Uppal,Rajiv Gandhi International Stadium,Medium,False,True,44,7,7.333333333333333,67,9.136363636363637,20,193,126,12.666666666666668,9.94736842105263,2,8,Medium
7.3,7,3,47,Moises Henriques,All-Rounders,Faf du Plessis,Batters,1,False,-0.5,34,Uppal,Rajiv Gandhi International Stadium,Medium,False,True,45,7,7.5,68,9.066666666666666,20,193,125,12.5,10.0,2,8,Medium
7.4,7,4,48,Moises Henriques,All-Rounders,Suresh Raina,Batters,0,True,5.0,34,Uppal,Rajiv Gandhi International Stadium,Medium,False,True,46,7,7.666666666666667,68,8.869565217391305,20,193,125,12.333333333333332,10.135135135135137,3,7,Medium
7.5,7,5,49,Moises Henriques,All-Rounders,MS Dhoni,Batters,2,False,-1.0,34,Uppal,Rajiv Gandhi International Stadium,Medium,False,True,47,7,7.833333333333333,70,8.936170212765958,20,193,123,12.166666666666668,10.109589041095887,3,7,Medium
7.6,7,6,50,Moises Henriques,All-Rounders,MS Dhoni,Batters,1,False,-0.5,34,Uppal,Rajiv Gandhi International Stadium,Medium,False,True,48,7,8.0,71,8.875,20,193,122,12.0,10.166666666666666,3,7,Medium
8.1,8,1,51,Karn Sharma,Bowlers,MS Dhoni,Batters,1,False,-0.25,34,Uppal,Rajiv Gandhi International Stadium,Medium,False,True,49,8,8.166666666666666,72,8.816326530612246,20,193,121,11.833333333333334,10.225352112676056,3,7,Medium
8.2,8,2,52,Karn Sharma,Bowlers,Faf du Plessis,Batters,2,False,-1.0,34,Uppal,Rajiv Gandhi International Stadium,Medium,False,True,50,8,8.333333333333334,74,8.879999999999999,20,193,119,11.666666666666666,10.2,3,7,Medium
8.3,8,3,53,Karn Sharma,Bowlers,Faf du Plessis,Batters,1,False,-0.5,34,Uppal,Rajiv Gandhi International Stadium,Medium,False,True,51,8,8.5,75,8.823529411764707,20,193,118,11.5,10.26086956521739,3,7,Medium
8.4,8,4,54,Karn Sharma,Bowlers,MS Dhoni,Batters,4,False,-2.0,34,Uppal,Rajiv Gandhi International Stadium,Medium,False,True,52,8,8.666666666666666,79,9.115384615384617,20,193,114,11.333333333333334,10.058823529411764,3,7,Medium
8.5,8,5,55,Karn Sharma,Bowlers,MS Dhoni,Batters,1,False,-0.5,34,Uppal,Rajiv Gandhi International Stadium,Medium,False,True,53,8,8.833333333333334,80,9.056603773584904,20,193,113,11.166666666666666,10.119402985074627,3,7,Medium
8.6,8,6,56,Karn Sharma,Bowlers,Faf du Plessis,Batters,1,False,-0.5,34,Uppal,Rajiv Gandhi International Stadium,Medium,False,True,54,8,9.0,81,9.0,20,193,112,11.0,10.181818181818182,3,7,Medium
9.1,9,1,57,Moises Henriques,All-Rounders,Faf du Plessis,Batters,4,False,-2.0,34,Uppal,Rajiv Gandhi International Stadium,Medium,False,True,55,9,9.166666666666666,85,9.272727272727272,20,193,108,10.833333333333334,9.96923076923077,3,7,Medium
9.2,9,2,58,Moises Henriques,All-Rounders,Faf du Plessis,Batters,1,False,-0.5,34,Uppal,Rajiv Gandhi International Stadium,Medium,False,True,56,9,9.333333333333334,86,9.214285714285714,20,193,107,10.666666666666666,10.03125,3,7,Medium
9.3,9,3,59,Moises Henriques,All-Rounders,MS Dhoni,Batters,0,False,1.0,34,Uppal,Rajiv Gandhi International Stadium,Medium,False,True,57,9,9.5,86,9.052631578947368,20,193,107,10.5,10.19047619047619,3,7,Medium
9.4,9,4,60,Moises Henriques,All-Rounders,MS Dhoni,Batters,1,False,-0.5,34,Uppal,Rajiv Gandhi International Stadium,Medium,False,True,58,9,9.666666666666666,87,9.0,20,193,106,10.333333333333334,10.258064516129032,3,7,Medium
9.5,9,5,61,Moises Henriques,All-Rounders,Faf du Plessis,Batters,0,False,1.0,34,Uppal,Rajiv Gandhi International Stadium,Medium,False,True,59,9,9.833333333333334,87,8.847457627118644,20,193,106,10.166666666666666,10.42622950819672,3,7,Medium
9.6,9,6,62,Moises Henriques,All-Rounders,Faf du Plessis,Batters,0,False,1.0,34,Uppal,Rajiv Gandhi International Stadium,Medium,False,True,60,9,10.0,87,8.7,20,193,106,10.0,10.6,3,7,Medium
10.1,10,1,63,Trent Boult,Bowlers,MS Dhoni,Batters,4,False,-2.0,34,Uppal,Rajiv Gandhi International Stadium,Medium,False,True,61,10,10.166666666666666,91,8.950819672131148,20,193,102,9.833333333333334,10.372881355932202,3,7,Medium
10.2,10,2,64,Trent Boult,Bowlers,MS Dhoni,Batters,1,False,-0.5,34,Uppal,Rajiv Gandhi International Stadium,Medium,False,True,62,10,10.333333333333334,92,8.903225806451612,20,193,101,9.666666666666666,10.448275862068966,3,7,Medium
10.3,10,3,65,Trent Boult,Bowlers,Faf du Plessis,Batters,4,False,-2.0,34,Uppal,Rajiv Gandhi International Stadium,Medium,False,True,63,10,10.5,96,9.142857142857142,20,193,97,9.5,10.210526315789474,3,7,Medium
10.4,10,4,66,Trent Boult,Bowlers,Faf du Plessis,Batters,1,False,-0.5,34,Uppal,Rajiv Gandhi International Stadium,Medium,False,True,64,10,10.666666666666666,97,9.09375,20,193,96,9.333333333333334,10.285714285714285,3,7,Medium
10.5,10,5,67,Trent Boult,Bowlers,MS Dhoni,Batters,1,False,-0.5,34,Uppal,Rajiv Gandhi International Stadium,Medium,False,True,65,10,10.833333333333334,98,9.046153846153846,20,193,95,9.166666666666666,10.363636363636363,3,7,Medium
10.6,10,6,68,Trent Boult,Bowlers,Faf du Plessis,Batters,1,False,-0.5,34,Uppal,Rajiv Gandhi International Stadium,Medium,False,True,66,10,11.0,99,9.0,20,193,94,9.0,10.444444444444445,3,7,Medium
11.1,11,1,69,Praveen Kumar,Bowlers,Faf du Plessis,Batters,1,False,-0.5,34,Uppal,Rajiv Gandhi International Stadium,Medium,False,True,67,11,11.166666666666666,100,8.955223880597016,20,193,93,8.833333333333334,10.528301886792452,3,7,Medium
11.2,11,2,70,Praveen Kumar,Bowlers,MS Dhoni,Batters,1,False,-0.5,34,Uppal,Rajiv Gandhi International Stadium,Medium,False,True,68,11,11.333333333333334,101,8.911764705882353,20,193,92,8.666666666666666,10.615384615384617,3,7,Medium
11.3,11,3,71,Praveen Kumar,Bowlers,Faf du Plessis,Batters,1,False,-0.5,34,Uppal,Rajiv Gandhi International Stadium,Medium,False,True,69,11,11.5,102,8.869565217391305,20,193,91,8.5,10.705882352941176,3,7,Medium
11.4,11,4,72,Praveen Kumar,Bowlers,MS Dhoni,Batters,1,False,-0.5,34,Uppal,Rajiv Gandhi International Stadium,Medium,False,True,70,11,11.666666666666666,103,8.82857142857143,20,193,90,8.333333333333334,10.8,3,7,Medium
11.5,11,5,73,Praveen Kumar,Bowlers,Faf du Plessis,Batters,1,False,-1.0,34,Uppal,Rajiv Gandhi International Stadium,Medium,True,False,70,11,11.666666666666666,104,8.914285714285715,20,193,89,8.333333333333334,10.68,3,7,Medium
11.5,11,5,74,Praveen Kumar,Bowlers,Faf du Plessis,Batters,2,False,-1.0,34,Uppal,Rajiv Gandhi International Stadium,Medium,False,True,71,11,11.833333333333334,106,8.957746478873238,20,193,87,8.166666666666666,10.653061224489797,3,7,Medium
11.6,11,6,75,Praveen Kumar,Bowlers,Faf du Plessis,Batters,4,False,-2.0,34,Uppal,Rajiv Gandhi International Stadium,Medium,False,True,72,11,12.0,110,9.166666666666666,20,193,83,8.0,10.375,3,7,Medium
12.1,12,1,76,Ashish Nehra,Bowlers,MS Dhoni,Batters,2,False,-1.0,34,Uppal,Rajiv Gandhi International Stadium,Medium,False,True,73,12,12.166666666666666,112,9.205479452054796,20,193,81,7.833333333333334,10.340425531914892,3,7,Medium
12.2,12,2,77,Ashish Nehra,Bowlers,MS Dhoni,Batters,1,False,-0.5,34,Uppal,Rajiv Gandhi International Stadium,Medium,False,True,74,12,12.333333333333334,113,9.16216216216216,20,193,80,7.666666666666666,10.434782608695652,3,7,Medium
12.3,12,3,78,Ashish Nehra,Bowlers,Faf du Plessis,Batters,1,False,-0.5,34,Uppal,Rajiv Gandhi International Stadium,Medium,False,True,75,12,12.5,114,9.12,20,193,79,7.5,10.533333333333331,3,7,Medium
12.4,12,4,79,Ashish Nehra,Bowlers,MS Dhoni,Batters,0,True,5.0,34,Uppal,Rajiv Gandhi International Stadium,Medium,False,True,76,12,12.666666666666666,114,9.0,20,193,79,7.333333333333334,10.772727272727272,4,6,Medium
12.5,12,5,80,Ashish Nehra,Bowlers,MS Dhoni,Batters,0,True,5.0,34,Uppal,Rajiv Gandhi International Stadium,Medium,False,True,77,12,12.833333333333334,114,8.883116883116882,20,193,79,7.166666666666666,11.023255813953488,5,5,Medium
12.6,12,6,81,Ashish Nehra,Bowlers,Dwayne Bravo,All-Rounders,1,False,-0.5,34,Uppal,Rajiv Gandhi International Stadium,Medium,False,True,78,12,13.0,115,8.846153846153847,20,193,78,7.0,11.142857142857142,5,5,Medium
13.1,13,1,82,Moises Henriques,All-Rounders,Dwayne Bravo,All-Rounders,0,False,1.0,34,Uppal,Rajiv Gandhi International Stadium,Medium,False,True,79,13,13.166666666666666,115,8.734177215189874,20,193,78,6.833333333333334,11.414634146341465,5,5,Medium
13.2,13,2,83,Moises Henriques,All-Rounders,Dwayne Bravo,All-Rounders,0,False,1.0,34,Uppal,Rajiv Gandhi International Stadium,Medium,False,True,80,13,13.333333333333334,115,8.625,20,193,78,6.666666666666666,11.7,5,5,Medium
13.3,13,3,84,Moises Henriques,All-Rounders,Dwayne Bravo,All-Rounders,1,False,-0.5,34,Uppal,Rajiv Gandhi International Stadium,Medium,False,True,81,13,13.5,116,8.592592592592593,20,193,77,6.5,11.846153846153848,5,5,Medium
13.4,13,4,85,Moises Henriques,All-Rounders,Pawan Negi,Bowlers,0,False,1.0,34,Uppal,Rajiv Gandhi International Stadium,Medium,False,True,82,13,13.666666666666666,116,8.487804878048781,20,193,77,6.333333333333334,12.157894736842104,5,5,Medium
13.5,13,5,86,Moises Henriques,All-Rounders,Pawan Negi,Bowlers,0,False,1.0,34,Uppal,Rajiv Gandhi International Stadium,Medium,False,True,83,13,13.833333333333334,116,8.385542168674698,20,193,77,6.166666666666666,12.486486486486488,5,5,Medium
13.6,13,6,87,Moises Henriques,All-Rounders,Pawan Negi,Bowlers,0,False,1.0,34,Uppal,Rajiv Gandhi International Stadium,Medium,False,True,84,13,14.0,116,8.285714285714286,20,193,77,6.0,12.833333333333334,5,5,Medium
14.1,14,1,88,Ashish Nehra,Bowlers,Dwayne Bravo,All-Rounders,1,False,-0.5,34,Uppal,Rajiv Gandhi International Stadium,Medium,False,True,85,14,14.166666666666666,117,8.258823529411766,20,193,76,5.833333333333334,13.028571428571428,5,5,Medium
14.2,14,2,89,Ashish Nehra,Bowlers,Pawan Negi,Bowlers,1,False,-0.5,34,Uppal,Rajiv Gandhi International Stadium,Medium,False,True,86,14,14.333333333333334,118,8.232558139534884,20,193,75,5.666666666666666,13.23529411764706,5,5,Medium
14.3,14,3,90,Ashish Nehra,Bowlers,Dwayne Bravo,All-Rounders,1,False,-0.5,34,Uppal,Rajiv Gandhi International Stadium,Medium,False,True,87,14,14.5,119,8.206896551724139,20,193,74,5.5,13.454545454545457,5,5,Medium
14.4,14,4,91,Ashish Nehra,Bowlers,Pawan Negi,Bowlers,6,False,-3.0,34,Uppal,Rajiv Gandhi International Stadium,Medium,False,True,88,14,14.666666666666666,125,8.522727272727273,20,193,68,5.333333333333334,12.749999999999998,5,5,Medium
14.5,14,5,92,Ashish Nehra,Bowlers,Pawan Negi,Bowlers,4,False,-2.0,34,Uppal,Rajiv Gandhi International Stadium,Medium,False,True,89,14,14.833333333333334,129,8.696629213483146,20,193,64,5.166666666666666,12.38709677419355,5,5,Medium
14.6,14,6,93,Ashish Nehra,Bowlers,Pawan Negi,Bowlers,1,False,-0.5,34,Uppal,Rajiv Gandhi International Stadium,Medium,False,True,90,14,15.0,130,8.666666666666666,20,193,63,5.0,12.6,5,5,Medium
15.1,15,1,94,Praveen Kumar,Bowlers,Pawan Negi,Bowlers,1,False,-0.5,34,Uppal,Rajiv Gandhi International Stadium,Medium,False,True,91,15,15.166666666666666,131,8.637362637362637,20,193,62,4.833333333333334,12.82758620689655,5,5,Medium
15.2,15,2,95,Praveen Kumar,Bowlers,Dwayne Bravo,All-Rounders,1,False,-0.5,34,Uppal,Rajiv Gandhi International Stadium,Medium,False,True,92,15,15.333333333333334,132,8.608695652173912,20,193,61,4.666666666666666,13.071428571428571,5,5,Medium
15.3,15,3,96,Praveen Kumar,Bowlers,Pawan Negi,Bowlers,1,False,-0.5,34,Uppal,Rajiv Gandhi International Stadium,Medium,False,True,93,15,15.5,133,8.580645161290322,20,193,60,4.5,13.333333333333334,5,5,Medium
15.4,15,4,97,Praveen Kumar,Bowlers,Dwayne Bravo,All-Rounders,1,False,-0.5,34,Uppal,Rajiv Gandhi International Stadium,Medium,False,True,94,15,15.666666666666666,134,8.553191489361703,20,193,59,4.333333333333334,13.615384615384611,5,5,Medium
15.5,15,5,98,Praveen Kumar,Bowlers,Pawan Negi,Bowlers,1,False,-0.5,34,Uppal,Rajiv Gandhi International Stadium,Medium,False,True,95,15,15.833333333333334,135,8.526315789473683,20,193,58,4.166666666666666,13.920000000000002,5,5,Medium
15.6,15,6,99,Praveen Kumar,Bowlers,Dwayne Bravo,All-Rounders,1,False,-0.5,34,Uppal,Rajiv Gandhi International Stadium,Medium,False,True,96,15,16.0,136,8.5,20,193,57,4.0,14.25,5,5,Medium
16.1,16,1,100,Bhuvneshwar Kumar,Bowlers,Dwayne Bravo,All-Rounders,4,False,-2.0,34,Uppal,Rajiv Gandhi International Stadium,Medium,False,True,97,16,16.166666666666668,140,8.65979381443299,20,193,53,3.833333333333332,13.826086956521744,5,5,Medium
16.2,16,2,101,Bhuvneshwar Kumar,Bowlers,Dwayne Bravo,All-Rounders,1,False,-0.5,34,Uppal,Rajiv Gandhi International Stadium,Medium,False,True,98,16,16.333333333333332,141,8.63265306122449,20,193,52,3.666666666666668,14.181818181818178,5,5,Medium
16.3,16,3,102,Bhuvneshwar Kumar,Bowlers,Pawan Negi,Bowlers,0,True,5.0,34,Uppal,Rajiv Gandhi International Stadium,Medium,False,True,99,16,16.5,141,8.545454545454545,20,193,52,3.5,14.857142857142858,6,4,Medium
16.4,16,4,103,Bhuvneshwar Kumar,Bowlers,Ravindra Jadeja,All-Rounders,2,False,-1.0,34,Uppal,Rajiv Gandhi International Stadium,Medium,False,True,100,16,16.666666666666668,143,8.58,20,193,50,3.333333333333332,15.000000000000004,6,4,Medium
16.5,16,5,104,Bhuvneshwar Kumar,Bowlers,Ravindra Jadeja,All-Rounders,1,False,-0.5,34,Uppal,Rajiv Gandhi International Stadium,Medium,False,True,101,16,16.833333333333332,144,8.554455445544555,20,193,49,3.166666666666668,15.47368421052631,6,4,Medium
16.6,16,6,105,Bhuvneshwar Kumar,Bowlers,Dwayne Bravo,All-Rounders,0,False,1.0,34,Uppal,Rajiv Gandhi International Stadium,Medium,False,True,102,16,17.0,144,8.470588235294118,20,193,49,3.0,16.333333333333332,6,4,Medium
17.1,17,1,106,Trent Boult,Bowlers,Ravindra Jadeja,All-Rounders,1,False,-0.5,34,Uppal,Rajiv Gandhi International Stadium,Medium,False,True,103,17,17.166666666666668,145,8.446601941747572,20,193,48,2.833333333333332,16.941176470588243,6,4,Medium
17.2,17,2,107,Trent Boult,Bowlers,Dwayne Bravo,All-Rounders,1,False,-0.5,34,Uppal,Rajiv Gandhi International Stadium,Medium,False,True,104,17,17.333333333333332,146,8.423076923076923,20,193,47,2.666666666666668,17.624999999999993,6,4,Medium
17.3,17,3,108,Trent Boult,Bowlers,Ravindra Jadeja,All-Rounders,2,False,-1.0,34,Uppal,Rajiv Gandhi International Stadium,Medium,False,True,105,17,17.5,148,8.457142857142857,20,193,45,2.5,18.0,6,4,Medium
17.4,17,4,109,Trent Boult,Bowlers,Ravindra Jadeja,All-Rounders,2,False,-1.0,34,Uppal,Rajiv Gandhi International Stadium,Medium,False,True,106,17,17.666666666666668,150,8.490566037735848,20,193,43,2.333333333333332,18.42857142857144,6,4,Medium
17.5,17,5,110,Trent Boult,Bowlers,Ravindra Jadeja,All-Rounders,1,False,-0.5,34,Uppal,Rajiv Gandhi International Stadium,Medium,False,True,107,17,17.833333333333332,151,8.46728971962617,20,193,42,2.166666666666668,19.384615384615373,6,4,Medium
17.6,17,6,111,Trent Boult,Bowlers,Dwayne Bravo,All-Rounders,4,False,-2.0,34,Uppal,Rajiv Gandhi International Stadium,Medium,False,True,108,17,18.0,155,8.61111111111111,20,193,38,2.0,19.0,6,4,Medium
18.1,18,1,112,Bhuvneshwar Kumar,Bowlers,Ravindra Jadeja,All-Rounders,1,False,-0.5,34,Uppal,Rajiv Gandhi International Stadium,Medium,False,True,109,18,18.166666666666668,156,8.587155963302752,20,193,37,1.833333333333332,20.1818181818182,6,4,Medium
18.2,18,2,113,Bhuvneshwar Kumar,Bowlers,Dwayne Bravo,All-Rounders,1,False,-0.5,34,Uppal,Rajiv Gandhi International Stadium,Medium,False,True,110,18,18.33333333333333,157,8.563636363636364,20,193,36,1.666666666666668,21.599999999999984,6,4,Medium
18.3,18,3,114,Bhuvneshwar Kumar,Bowlers,Ravindra Jadeja,All-Rounders,1,False,-0.5,34,Uppal,Rajiv Gandhi International Stadium,Medium,False,True,111,18,18.5,158,8.54054054054054,20,193,35,1.5,23.33333333333333,6,4,Medium
18.4,18,4,115,Bhuvneshwar Kumar,Bowlers,Dwayne Bravo,All-Rounders,1,False,-0.5,34,Uppal,Rajiv Gandhi International Stadium,Medium,False,True,112,18,18.666666666666668,159,8.517857142857142,20,193,34,1.333333333333332,25.50000000000002,6,4,Medium
18.5,18,5,116,Bhuvneshwar Kumar,Bowlers,Ravindra Jadeja,All-Rounders,1,False,-0.5,34,Uppal,Rajiv Gandhi International Stadium,Medium,False,True,113,18,18.83333333333333,160,8.495575221238939,20,193,33,1.166666666666668,28.285714285714256,6,4,Medium
18.6,18,6,117,Bhuvneshwar Kumar,Bowlers,Dwayne Bravo,All-Rounders,4,False,-2.0,34,Uppal,Rajiv Gandhi International Stadium,Medium,False,True,114,18,19.0,164,8.631578947368421,20,193,29,1.0,29.0,6,4,Medium
19.1,19,1,118,Praveen Kumar,Bowlers,Ravindra Jadeja,All-Rounders,1,False,-0.25,34,Uppal,Rajiv Gandhi International Stadium,Medium,False,True,115,19,19.166666666666668,165,8.608695652173912,20,193,28,0.8333333333333321,33.60000000000005,6,4,Medium
19.2,19,2,119,Praveen Kumar,Bowlers,Dwayne Bravo,All-Rounders,1,False,-1.0,34,Uppal,Rajiv Gandhi International Stadium,Medium,True,False,115,19,19.166666666666668,166,8.660869565217391,20,193,27,0.8333333333333321,32.40000000000005,6,4,Medium
19.2,19,2,120,Praveen Kumar,Bowlers,Dwayne Bravo,All-Rounders,1,False,-0.5,34,Uppal,Rajiv Gandhi International Stadium,Medium,False,True,116,19,19.33333333333333,167,8.63793103448276,20,193,26,0.6666666666666679,38.99999999999993,6,4,Medium
19.3,19,3,121,Praveen Kumar,Bowlers,Ravindra Jadeja,All-Rounders,1,False,-0.5,34,Uppal,Rajiv Gandhi International Stadium,Medium,False,True,117,19,19.5,168,8.615384615384615,20,193,25,0.5,50.0,6,4,Medium
19.4,19,4,122,Praveen Kumar,Bowlers,Dwayne Bravo,All-Rounders,1,False,-0.5,34,Uppal,Rajiv Gandhi International Stadium,Medium,False,True,118,19,19.666666666666668,169,8.59322033898305,20,193,24,0.3333333333333321,72.00000000000026,6,4,Medium
19.5,19,5,123,Praveen Kumar,Bowlers,Ravindra Jadeja,All-Rounders,1,False,-0.5,34,Uppal,Rajiv Gandhi International Stadium,Medium,False,True,119,19,19.83333333333333,170,8.571428571428571,20,193,23,0.1666666666666678,137.99999999999903,6,4,Medium
19.6,19,6,124,Praveen Kumar,Bowlers,Dwayne Bravo,All-Rounders,0,False,1.0,34,Uppal,Rajiv Gandhi International Stadium,Medium,False,True,120,19,20.0,170,8.5,20,193,23,0.0,inf,6,4,Medium
