Ball Number,over,ball,Ball,bowler,bowler_role,batsman,batsman_role,Runs,is_wicket,bowler_score,match_id,city,stadium,Stadium_Type,is_extra,legal_delivery,legal_deliveries_count,overs_completed,overs_bowled,total_runs,current_run_rate,total_overs,target,runs_needed,overs_remaining,required_run_rate,wickets_fallen,wickets_in_hand,Ground_Type
0.1,0,1,1,Sandeep Sharma,Bowlers,Lendl Simmons,Batters,0,False,1.0,35,Mohali,Punjab Cricket Association Stadium,Medium,False,True,1,0,0.1666666666666666,0,0.0,20,173,173,19.83333333333333,8.722689075630253,0,10,Medium
0.2,0,2,2,Sandeep Sharma,Bowlers,Lendl Simmons,Batters,4,False,-2.0,35,Mohali,Punjab Cricket Association Stadium,Medium,False,True,2,0,0.3333333333333333,4,12.0,20,173,169,19.666666666666668,8.59322033898305,0,10,Medium
0.3,0,3,3,Sandeep Sharma,Bowlers,Lendl Simmons,Batters,4,False,-2.0,35,Mohali,Punjab Cricket Association Stadium,Medium,False,True,3,0,0.5,8,16.0,20,173,165,19.5,8.461538461538462,0,10,Medium
0.4,0,4,4,Sandeep Sharma,Bowlers,Lendl Simmons,Batters,1,False,-0.5,35,Mohali,Punjab Cricket Association Stadium,Medium,False,True,4,0,0.6666666666666666,9,13.5,20,173,164,19.33333333333333,8.482758620689655,0,10,Medium
0.5,0,5,5,Sandeep Sharma,Bowlers,Parthiv Patel,Batters,0,False,1.0,35,Mohali,Punjab Cricket Association Stadium,Medium,False,True,5,0,0.8333333333333334,9,10.8,20,173,164,19.166666666666668,8.556521739130435,0,10,Medium
0.6,0,6,6,Sandeep Sharma,Bowlers,Parthiv Patel,Batters,0,False,1.0,35,Mohali,Punjab Cricket Association Stadium,Medium,False,True,6,0,1.0,9,9.0,20,173,164,19.0,8.631578947368421,0,10,Medium
1.1,1,1,7,Anureet Singh,Bowlers,Lendl Simmons,Batters,0,False,1.0,35,Mohali,Punjab Cricket Association Stadium,Medium,False,True,7,1,1.1666666666666667,9,7.7142857142857135,20,173,164,18.83333333333333,8.707964601769913,0,10,Medium
1.2,1,2,8,Anureet Singh,Bowlers,Lendl Simmons,Batters,0,False,1.0,35,Mohali,Punjab Cricket Association Stadium,Medium,False,True,8,1,1.3333333333333333,9,6.75,20,173,164,18.666666666666668,8.785714285714285,0,10,Medium
1.3,1,3,9,Anureet Singh,Bowlers,Lendl Simmons,Batters,4,False,-2.0,35,Mohali,Punjab Cricket Association Stadium,Medium,False,True,9,1,1.5,13,8.666666666666666,20,173,160,18.5,8.64864864864865,0,10,Medium
1.4,1,4,10,Anureet Singh,Bowlers,Lendl Simmons,Batters,2,False,-1.0,35,Mohali,Punjab Cricket Association Stadium,Medium,False,True,10,1,1.6666666666666663,15,9.0,20,173,158,18.33333333333333,8.618181818181819,0,10,Medium
1.5,1,5,11,Anureet Singh,Bowlers,Lendl Simmons,Batters,0,False,1.0,35,Mohali,Punjab Cricket Association Stadium,Medium,False,True,11,1,1.8333333333333333,15,8.181818181818182,20,173,158,18.166666666666668,8.697247706422019,0,10,Medium
1.6,1,6,12,Anureet Singh,Bowlers,Lendl Simmons,Batters,1,False,-0.25,35,Mohali,Punjab Cricket Association Stadium,Medium,False,True,12,1,2.0,16,8.0,20,173,157,18.0,8.722222222222221,0,10,Medium
2.1,2,1,13,Sandeep Sharma,Bowlers,Lendl Simmons,Batters,1,False,-0.5,35,Mohali,Punjab Cricket Association Stadium,Medium,False,True,13,2,2.1666666666666665,17,7.846153846153847,20,173,156,17.833333333333332,8.74766355140187,0,10,Medium
2.2,2,2,14,Sandeep Sharma,Bowlers,Parthiv Patel,Batters,0,False,1.0,35,Mohali,Punjab Cricket Association Stadium,Medium,False,True,14,2,2.333333333333333,17,7.285714285714286,20,173,156,17.666666666666668,8.830188679245282,0,10,Medium
2.3,2,3,15,Sandeep Sharma,Bowlers,Parthiv Patel,Batters,0,False,1.0,35,Mohali,Punjab Cricket Association Stadium,Medium,False,True,15,2,2.5,17,6.8,20,173,156,17.5,8.914285714285715,0,10,Medium
2.4,2,4,16,Sandeep Sharma,Bowlers,Parthiv Patel,Batters,4,False,-2.0,35,Mohali,Punjab Cricket Association Stadium,Medium,False,True,16,2,2.6666666666666665,21,7.875,20,173,152,17.333333333333332,8.76923076923077,0,10,Medium
2.5,2,5,17,Sandeep Sharma,Bowlers,Parthiv Patel,Batters,0,False,1.0,35,Mohali,Punjab Cricket Association Stadium,Medium,False,True,17,2,2.833333333333333,21,7.411764705882352,20,173,152,17.166666666666668,8.854368932038835,0,10,Medium
2.6,2,6,18,Sandeep Sharma,Bowlers,Parthiv Patel,Batters,1,False,-0.5,35,Mohali,Punjab Cricket Association Stadium,Medium,False,True,18,2,3.0,22,7.333333333333333,20,173,151,17.0,8.882352941176471,0,10,Medium
3.1,3,1,19,Anureet Singh,Bowlers,Parthiv Patel,Batters,1,False,-0.25,35,Mohali,Punjab Cricket Association Stadium,Medium,False,True,19,3,3.1666666666666665,23,7.263157894736842,20,173,150,16.833333333333332,8.910891089108912,0,10,Medium
3.2,3,2,20,Anureet Singh,Bowlers,Lendl Simmons,Batters,4,False,-2.0,35,Mohali,Punjab Cricket Association Stadium,Medium,False,True,20,3,3.333333333333333,27,8.1,20,173,146,16.666666666666668,8.76,0,10,Medium
3.3,3,3,21,Anureet Singh,Bowlers,Lendl Simmons,Batters,0,False,1.0,35,Mohali,Punjab Cricket Association Stadium,Medium,False,True,21,3,3.5,27,7.714285714285714,20,173,146,16.5,8.848484848484848,0,10,Medium
3.4,3,4,22,Anureet Singh,Bowlers,Lendl Simmons,Batters,0,False,1.0,35,Mohali,Punjab Cricket Association Stadium,Medium,False,True,22,3,3.6666666666666665,27,7.363636363636364,20,173,146,16.333333333333332,8.938775510204083,0,10,Medium
3.5,3,5,23,Anureet Singh,Bowlers,Lendl Simmons,Batters,0,False,1.0,35,Mohali,Punjab Cricket Association Stadium,Medium,False,True,23,3,3.8333333333333335,27,7.0434782608695645,20,173,146,16.166666666666668,9.030927835051546,0,10,Medium
3.6,3,6,24,Anureet Singh,Bowlers,Lendl Simmons,Batters,1,False,-0.5,35,Mohali,Punjab Cricket Association Stadium,Medium,False,True,24,3,4.0,28,7.0,20,173,145,16.0,9.0625,0,10,Medium
4.1,4,1,25,Mitchell Johnson,Bowlers,Lendl Simmons,Batters,1,False,-0.5,35,Mohali,Punjab Cricket Association Stadium,Medium,False,True,25,4,4.166666666666667,29,6.959999999999999,20,173,144,15.833333333333332,9.094736842105265,0,10,Medium
4.2,4,2,26,Mitchell Johnson,Bowlers,Parthiv Patel,Batters,6,False,-3.0,35,Mohali,Punjab Cricket Association Stadium,Medium,False,True,26,4,4.333333333333333,35,8.076923076923077,20,173,138,15.666666666666668,8.808510638297872,0,10,Medium
4.3,4,3,27,Mitchell Johnson,Bowlers,Parthiv Patel,Batters,4,False,-2.0,35,Mohali,Punjab Cricket Association Stadium,Medium,False,True,27,4,4.5,39,8.666666666666666,20,173,134,15.5,8.64516129032258,0,10,Medium
4.4,4,4,28,Mitchell Johnson,Bowlers,Parthiv Patel,Batters,2,False,-1.0,35,Mohali,Punjab Cricket Association Stadium,Medium,False,True,28,4,4.666666666666667,41,8.785714285714285,20,173,132,15.333333333333332,8.608695652173914,0,10,Medium
4.5,4,5,29,Mitchell Johnson,Bowlers,Parthiv Patel,Batters,4,False,-2.0,35,Mohali,Punjab Cricket Association Stadium,Medium,False,True,29,4,4.833333333333333,45,9.310344827586208,20,173,128,15.166666666666668,8.43956043956044,0,10,Medium
4.6,4,6,30,Mitchell Johnson,Bowlers,Parthiv Patel,Batters,1,False,-0.5,35,Mohali,Punjab Cricket Association Stadium,Medium,False,True,30,4,5.0,46,9.2,20,173,127,15.0,8.466666666666667,0,10,Medium
5.1,5,1,31,Axar Patel,All-Rounders,Parthiv Patel,Batters,0,False,1.0,35,Mohali,Punjab Cricket Association Stadium,Medium,False,True,31,5,5.166666666666667,46,8.903225806451612,20,173,127,14.833333333333332,8.561797752808989,0,10,Medium
5.2,5,2,32,Axar Patel,All-Rounders,Parthiv Patel,Batters,1,False,-0.5,35,Mohali,Punjab Cricket Association Stadium,Medium,False,True,32,5,5.333333333333333,47,8.8125,20,173,126,14.666666666666668,8.59090909090909,0,10,Medium
5.3,5,3,33,Axar Patel,All-Rounders,Lendl Simmons,Batters,0,False,1.0,35,Mohali,Punjab Cricket Association Stadium,Medium,False,True,33,5,5.5,47,8.545454545454545,20,173,126,14.5,8.689655172413794,0,10,Medium
5.4,5,4,34,Axar Patel,All-Rounders,Lendl Simmons,Batters,1,False,-0.5,35,Mohali,Punjab Cricket Association Stadium,Medium,False,True,34,5,5.666666666666667,48,8.470588235294118,20,173,125,14.333333333333332,8.72093023255814,0,10,Medium
5.5,5,5,35,Axar Patel,All-Rounders,Parthiv Patel,Batters,1,False,-0.5,35,Mohali,Punjab Cricket Association Stadium,Medium,False,True,35,5,5.833333333333333,49,8.4,20,173,124,14.166666666666668,8.752941176470587,0,10,Medium
5.6,5,6,36,Axar Patel,All-Rounders,Lendl Simmons,Batters,2,False,-1.0,35,Mohali,Punjab Cricket Association Stadium,Medium,False,True,36,5,6.0,51,8.5,20,173,122,14.0,8.714285714285714,0,10,Medium
6.1,6,1,37,Karn Sharma,Bowlers,Parthiv Patel,Batters,2,False,-1.0,35,Mohali,Punjab Cricket Association Stadium,Medium,False,True,37,6,6.166666666666667,53,8.594594594594595,20,173,120,13.833333333333332,8.674698795180724,0,10,Medium
6.2,6,2,38,Karn Sharma,Bowlers,Parthiv Patel,Batters,0,False,1.0,35,Mohali,Punjab Cricket Association Stadium,Medium,False,True,38,6,6.333333333333333,53,8.368421052631579,20,173,120,13.666666666666668,8.780487804878048,0,10,Medium
6.3,6,3,39,Karn Sharma,Bowlers,Parthiv Patel,Batters,1,False,-0.5,35,Mohali,Punjab Cricket Association Stadium,Medium,False,True,39,6,6.5,54,8.307692307692308,20,173,119,13.5,8.814814814814815,0,10,Medium
6.4,6,4,40,Karn Sharma,Bowlers,Lendl Simmons,Batters,3,False,-1.5,35,Mohali,Punjab Cricket Association Stadium,Medium,False,True,40,6,6.666666666666667,57,8.549999999999999,20,173,116,13.333333333333332,8.700000000000001,0,10,Medium
6.5,6,5,41,Karn Sharma,Bowlers,Parthiv Patel,Batters,2,False,-1.0,35,Mohali,Punjab Cricket Association Stadium,Medium,False,True,41,6,6.833333333333333,59,8.634146341463415,20,173,114,13.166666666666668,8.658227848101266,0,10,Medium
6.6,6,6,42,Karn Sharma,Bowlers,Parthiv Patel,Batters,1,False,-0.5,35,Mohali,Punjab Cricket Association Stadium,Medium,False,True,42,6,7.0,60,8.571428571428571,20,173,113,13.0,8.692307692307692,0,10,Medium
7.1,7,1,43,Mitchell Johnson,Bowlers,Parthiv Patel,Batters,6,False,-3.0,35,Mohali,Punjab Cricket Association Stadium,Medium,False,True,43,7,7.166666666666667,66,9.209302325581396,20,173,107,12.833333333333332,8.337662337662339,0,10,Medium
7.2,7,2,44,Mitchell Johnson,Bowlers,Parthiv Patel,Batters,0,False,1.0,35,Mohali,Punjab Cricket Association Stadium,Medium,False,True,44,7,7.333333333333333,66,9.0,20,173,107,12.666666666666668,8.44736842105263,0,10,Medium
7.3,7,3,45,Mitchell Johnson,Bowlers,Parthiv Patel,Batters,1,False,-0.5,35,Mohali,Punjab Cricket Association Stadium,Medium,False,True,45,7,7.5,67,8.933333333333334,20,173,106,12.5,8.48,0,10,Medium
7.4,7,4,46,Mitchell Johnson,Bowlers,Lendl Simmons,Batters,0,False,1.0,35,Mohali,Punjab Cricket Association Stadium,Medium,False,True,46,7,7.666666666666667,67,8.739130434782608,20,173,106,12.333333333333332,8.594594594594595,0,10,Medium
7.5,7,5,47,Mitchell Johnson,Bowlers,Lendl Simmons,Batters,1,False,-0.5,35,Mohali,Punjab Cricket Association Stadium,Medium,False,True,47,7,7.833333333333333,68,8.680851063829788,20,173,105,12.166666666666668,8.63013698630137,0,10,Medium
7.6,7,6,48,Mitchell Johnson,Bowlers,Parthiv Patel,Batters,4,False,-2.0,35,Mohali,Punjab Cricket Association Stadium,Medium,False,True,48,7,8.0,72,9.0,20,173,101,12.0,8.416666666666666,0,10,Medium
8.1,8,1,49,Karn Sharma,Bowlers,Lendl Simmons,Batters,1,False,-0.5,35,Mohali,Punjab Cricket Association Stadium,Medium,False,True,49,8,8.166666666666666,73,8.938775510204083,20,173,100,11.833333333333334,8.450704225352112,0,10,Medium
8.2,8,2,50,Karn Sharma,Bowlers,Parthiv Patel,Batters,1,False,-0.5,35,Mohali,Punjab Cricket Association Stadium,Medium,False,True,50,8,8.333333333333334,74,8.879999999999999,20,173,99,11.666666666666666,8.485714285714286,0,10,Medium
8.3,8,3,51,Karn Sharma,Bowlers,Lendl Simmons,Batters,4,False,-2.0,35,Mohali,Punjab Cricket Association Stadium,Medium,False,True,51,8,8.5,78,9.176470588235292,20,173,95,11.5,8.26086956521739,0,10,Medium
8.4,8,4,52,Karn Sharma,Bowlers,Lendl Simmons,Batters,1,False,-0.5,35,Mohali,Punjab Cricket Association Stadium,Medium,False,True,52,8,8.666666666666666,79,9.115384615384617,20,173,94,11.333333333333334,8.294117647058822,0,10,Medium
8.5,8,5,53,Karn Sharma,Bowlers,Parthiv Patel,Batters,1,False,-0.5,35,Mohali,Punjab Cricket Association Stadium,Medium,False,True,53,8,8.833333333333334,80,9.056603773584904,20,173,93,11.166666666666666,8.328358208955224,0,10,Medium
8.6,8,6,54,Karn Sharma,Bowlers,Lendl Simmons,Batters,4,False,-2.0,35,Mohali,Punjab Cricket Association Stadium,Medium,False,True,54,8,9.0,84,9.333333333333334,20,173,89,11.0,8.090909090909092,0,10,Medium
9.1,9,1,55,Murali Vijay,,Parthiv Patel,Batters,1,False,-0.5,35,Mohali,Punjab Cricket Association Stadium,Medium,False,True,55,9,9.166666666666666,85,9.272727272727272,20,173,88,10.833333333333334,8.123076923076923,0,10,Medium
9.2,9,2,56,Murali Vijay,,Lendl Simmons,Batters,2,False,-1.0,35,Mohali,Punjab Cricket Association Stadium,Medium,False,True,56,9,9.333333333333334,87,9.321428571428571,20,173,86,10.666666666666666,8.0625,0,10,Medium
9.3,9,3,57,Murali Vijay,,Lendl Simmons,Batters,4,False,-2.0,35,Mohali,Punjab Cricket Association Stadium,Medium,False,True,57,9,9.5,91,9.578947368421051,20,173,82,10.5,7.809523809523809,0,10,Medium
9.4,9,4,58,,,,,0,False,0.0,35,Mohali,Punjab Cricket Association Stadium,Medium,False,True,58,9,9.666666666666666,91,9.413793103448276,20,173,82,10.333333333333334,7.935483870967741,0,10,Medium
9.5,9,5,59,Murali Vijay,,Parthiv Patel,Batters,4,False,-2.0,35,Mohali,Punjab Cricket Association Stadium,Medium,False,True,59,9,9.833333333333334,95,9.66101694915254,20,173,78,10.166666666666666,7.672131147540984,0,10,Medium
9.6,9,6,60,Murali Vijay,,Parthiv Patel,Batters,0,False,1.0,35,Mohali,Punjab Cricket Association Stadium,Medium,False,True,60,9,10.0,95,9.5,20,173,78,10.0,7.8,0,10,Medium
10.1,10,1,61,Axar Patel,All-Rounders,Lendl Simmons,Batters,1,False,-0.5,35,Mohali,Punjab Cricket Association Stadium,Medium,False,True,61,10,10.166666666666666,96,9.442622950819672,20,173,77,9.833333333333334,7.830508474576271,0,10,Medium
10.2,10,2,62,Axar Patel,All-Rounders,Parthiv Patel,Batters,1,False,-0.5,35,Mohali,Punjab Cricket Association Stadium,Medium,False,True,62,10,10.333333333333334,97,9.387096774193548,20,173,76,9.666666666666666,7.862068965517242,0,10,Medium
10.3,10,3,63,Axar Patel,All-Rounders,Lendl Simmons,Batters,1,False,-0.5,35,Mohali,Punjab Cricket Association Stadium,Medium,False,True,63,10,10.5,98,9.333333333333334,20,173,75,9.5,7.894736842105263,0,10,Medium
10.4,10,4,64,Axar Patel,All-Rounders,Parthiv Patel,Batters,2,False,-1.0,35,Mohali,Punjab Cricket Association Stadium,Medium,False,True,64,10,10.666666666666666,100,9.375,20,173,73,9.333333333333334,7.821428571428571,0,10,Medium
10.5,10,5,65,Axar Patel,All-Rounders,Parthiv Patel,Batters,1,False,-0.5,35,Mohali,Punjab Cricket Association Stadium,Medium,False,True,65,10,10.833333333333334,101,9.323076923076922,20,173,72,9.166666666666666,7.854545454545455,0,10,Medium
10.6,10,6,66,Axar Patel,All-Rounders,Lendl Simmons,Batters,0,False,1.0,35,Mohali,Punjab Cricket Association Stadium,Medium,False,True,66,10,11.0,101,9.181818181818182,20,173,72,9.0,8.0,0,10,Medium
11.1,11,1,67,Glenn Maxwell,All-Rounders,Parthiv Patel,Batters,1,False,-0.5,35,Mohali,Punjab Cricket Association Stadium,Medium,False,True,67,11,11.166666666666666,102,9.134328358208956,20,173,71,8.833333333333334,8.037735849056602,0,10,Medium
11.2,11,2,68,Glenn Maxwell,All-Rounders,Lendl Simmons,Batters,0,False,1.0,35,Mohali,Punjab Cricket Association Stadium,Medium,False,True,68,11,11.333333333333334,102,9.0,20,173,71,8.666666666666666,8.192307692307693,0,10,Medium
11.3,11,3,69,Glenn Maxwell,All-Rounders,Lendl Simmons,Batters,0,False,1.0,35,Mohali,Punjab Cricket Association Stadium,Medium,False,True,69,11,11.5,102,8.869565217391305,20,173,71,8.5,8.352941176470589,0,10,Medium
11.4,11,4,70,Glenn Maxwell,All-Rounders,Lendl Simmons,Batters,0,False,1.0,35,Mohali,Punjab Cricket Association Stadium,Medium,False,True,70,11,11.666666666666666,102,8.742857142857144,20,173,71,8.333333333333334,8.52,0,10,Medium
11.5,11,5,71,Glenn Maxwell,All-Rounders,Lendl Simmons,Batters,1,False,-0.5,35,Mohali,Punjab Cricket Association Stadium,Medium,False,True,71,11,11.833333333333334,103,8.704225352112676,20,173,70,8.166666666666666,8.571428571428571,0,10,Medium
11.6,11,6,72,Glenn Maxwell,All-Rounders,Parthiv Patel,Batters,6,False,-3.0,35,Mohali,Punjab Cricket Association Stadium,Medium,False,True,72,11,12.0,109,9.083333333333334,20,173,64,8.0,8.0,0,10,Medium
12.1,12,1,73,Karn Sharma,Bowlers,Lendl Simmons,Batters,1,False,-0.5,35,Mohali,Punjab Cricket Association Stadium,Medium,False,True,73,12,12.166666666666666,110,9.04109589041096,20,173,63,7.833333333333334,8.042553191489361,0,10,Medium
12.2,12,2,74,Karn Sharma,Bowlers,Parthiv Patel,Batters,0,True,5.0,35,Mohali,Punjab Cricket Association Stadium,Medium,False,True,74,12,12.333333333333334,110,8.91891891891892,20,173,63,7.666666666666666,8.217391304347826,1,9,Medium
12.3,12,3,75,Karn Sharma,Bowlers,Lendl Simmons,Batters,0,False,1.0,35,Mohali,Punjab Cricket Association Stadium,Medium,False,True,75,12,12.5,110,8.8,20,173,63,7.5,8.4,1,9,Medium
12.4,12,4,76,Karn Sharma,Bowlers,Lendl Simmons,Batters,0,False,1.0,35,Mohali,Punjab Cricket Association Stadium,Medium,False,True,76,12,12.666666666666666,110,8.68421052631579,20,173,63,7.333333333333334,8.59090909090909,1,9,Medium
12.5,12,5,77,Karn Sharma,Bowlers,Lendl Simmons,Batters,0,False,1.0,35,Mohali,Punjab Cricket Association Stadium,Medium,False,True,77,12,12.833333333333334,110,8.571428571428571,20,173,63,7.166666666666666,8.790697674418606,1,9,Medium
12.6,12,6,78,Karn Sharma,Bowlers,Lendl Simmons,Batters,4,False,-2.0,35,Mohali,Punjab Cricket Association Stadium,Medium,False,True,78,12,13.0,114,8.76923076923077,20,173,59,7.0,8.428571428571429,1,9,Medium
13.1,13,1,79,Mitchell Johnson,Bowlers,Rohit Sharma,Batters,1,False,-0.5,35,Mohali,Punjab Cricket Association Stadium,Medium,False,True,79,13,13.166666666666666,115,8.734177215189874,20,173,58,6.833333333333334,8.48780487804878,1,9,Medium
13.2,13,2,80,Mitchell Johnson,Bowlers,Lendl Simmons,Batters,0,False,1.0,35,Mohali,Punjab Cricket Association Stadium,Medium,False,True,80,13,13.333333333333334,115,8.625,20,173,58,6.666666666666666,8.700000000000001,1,9,Medium
13.3,13,3,81,Mitchell Johnson,Bowlers,Lendl Simmons,Batters,2,False,-1.0,35,Mohali,Punjab Cricket Association Stadium,Medium,False,True,81,13,13.5,117,8.666666666666666,20,173,56,6.5,8.615384615384615,1,9,Medium
13.4,13,4,82,Mitchell Johnson,Bowlers,Lendl Simmons,Batters,0,False,1.0,35,Mohali,Punjab Cricket Association Stadium,Medium,False,True,82,13,13.666666666666666,117,8.560975609756097,20,173,56,6.333333333333334,8.842105263157894,1,9,Medium
13.5,13,5,83,Mitchell Johnson,Bowlers,Lendl Simmons,Batters,0,False,1.0,35,Mohali,Punjab Cricket Association Stadium,Medium,False,True,83,13,13.833333333333334,117,8.457831325301205,20,173,56,6.166666666666666,9.081081081081082,1,9,Medium
13.6,13,6,84,Mitchell Johnson,Bowlers,Lendl Simmons,Batters,0,False,1.0,35,Mohali,Punjab Cricket Association Stadium,Medium,False,True,84,13,14.0,117,8.357142857142858,20,173,56,6.0,9.333333333333334,1,9,Medium
14.1,14,1,85,Karn Sharma,Bowlers,Rohit Sharma,Batters,2,False,-1.0,35,Mohali,Punjab Cricket Association Stadium,Medium,False,True,85,14,14.166666666666666,119,8.4,20,173,54,5.833333333333334,9.257142857142856,1,9,Medium
14.2,14,2,86,Karn Sharma,Bowlers,Rohit Sharma,Batters,0,False,1.0,35,Mohali,Punjab Cricket Association Stadium,Medium,False,True,86,14,14.333333333333334,119,8.30232558139535,20,173,54,5.666666666666666,9.529411764705884,1,9,Medium
14.3,14,3,87,Karn Sharma,Bowlers,Rohit Sharma,Batters,1,False,-0.5,35,Mohali,Punjab Cricket Association Stadium,Medium,False,True,87,14,14.5,120,8.275862068965518,20,173,53,5.5,9.636363636363637,1,9,Medium
14.4,14,4,88,Karn Sharma,Bowlers,Lendl Simmons,Batters,0,False,1.0,35,Mohali,Punjab Cricket Association Stadium,Medium,False,True,88,14,14.666666666666666,120,8.181818181818182,20,173,53,5.333333333333334,9.937499999999998,1,9,Medium
14.5,14,5,89,Karn Sharma,Bowlers,Lendl Simmons,Batters,1,False,-0.25,35,Mohali,Punjab Cricket Association Stadium,Medium,False,True,89,14,14.833333333333334,121,8.157303370786517,20,173,52,5.166666666666666,10.06451612903226,1,9,Medium
14.6,14,6,90,Karn Sharma,Bowlers,Rohit Sharma,Batters,1,False,-0.5,35,Mohali,Punjab Cricket Association Stadium,Medium,False,True,90,14,15.0,122,8.133333333333333,20,173,51,5.0,10.2,1,9,Medium
15.1,15,1,91,Axar Patel,All-Rounders,Rohit Sharma,Batters,1,False,-0.5,35,Mohali,Punjab Cricket Association Stadium,Medium,False,True,91,15,15.166666666666666,123,8.10989010989011,20,173,50,4.833333333333334,10.344827586206897,1,9,Medium
15.2,15,2,92,Axar Patel,All-Rounders,Lendl Simmons,Batters,1,False,-0.5,35,Mohali,Punjab Cricket Association Stadium,Medium,False,True,92,15,15.333333333333334,124,8.08695652173913,20,173,49,4.666666666666666,10.500000000000002,1,9,Medium
15.3,15,3,93,Axar Patel,All-Rounders,Rohit Sharma,Batters,2,False,-1.0,35,Mohali,Punjab Cricket Association Stadium,Medium,False,True,93,15,15.5,126,8.129032258064516,20,173,47,4.5,10.444444444444445,1,9,Medium
15.4,15,4,94,Axar Patel,All-Rounders,Rohit Sharma,Batters,1,False,-0.5,35,Mohali,Punjab Cricket Association Stadium,Medium,False,True,94,15,15.666666666666666,127,8.106382978723405,20,173,46,4.333333333333334,10.615384615384611,1,9,Medium
15.5,15,5,95,Axar Patel,All-Rounders,Lendl Simmons,Batters,6,False,-3.0,35,Mohali,Punjab Cricket Association Stadium,Medium,False,True,95,15,15.833333333333334,133,8.4,20,173,40,4.166666666666666,9.6,1,9,Medium
15.6,15,6,96,Axar Patel,All-Rounders,Lendl Simmons,Batters,2,False,-1.0,35,Mohali,Punjab Cricket Association Stadium,Medium,False,True,96,15,16.0,135,8.4375,20,173,38,4.0,9.5,1,9,Medium
16.1,16,1,97,Anureet Singh,Bowlers,Rohit Sharma,Batters,0,False,1.0,35,Mohali,Punjab Cricket Association Stadium,Medium,False,True,97,16,16.166666666666668,135,8.350515463917525,20,173,38,3.833333333333332,9.913043478260873,1,9,Medium
16.2,16,2,98,Anureet Singh,Bowlers,Rohit Sharma,Batters,4,False,-2.0,35,Mohali,Punjab Cricket Association Stadium,Medium,False,True,98,16,16.333333333333332,139,8.510204081632654,20,173,34,3.666666666666668,9.27272727272727,1,9,Medium
16.3,16,3,99,Anureet Singh,Bowlers,Rohit Sharma,Batters,2,False,-1.0,35,Mohali,Punjab Cricket Association Stadium,Medium,False,True,99,16,16.5,141,8.545454545454545,20,173,32,3.5,9.142857142857142,1,9,Medium
16.4,16,4,100,Anureet Singh,Bowlers,Rohit Sharma,Batters,2,False,-1.0,35,Mohali,Punjab Cricket Association Stadium,Medium,False,True,100,16,16.666666666666668,143,8.58,20,173,30,3.333333333333332,9.000000000000004,1,9,Medium
16.5,16,5,101,Anureet Singh,Bowlers,Rohit Sharma,Batters,1,False,-1.0,35,Mohali,Punjab Cricket Association Stadium,Medium,True,False,100,16,16.666666666666668,144,8.639999999999999,20,173,29,3.333333333333332,8.700000000000003,1,9,Medium
16.5,16,5,102,Anureet Singh,Bowlers,Rohit Sharma,Batters,0,False,1.0,35,Mohali,Punjab Cricket Association Stadium,Medium,False,True,101,16,16.833333333333332,144,8.554455445544555,20,173,29,3.166666666666668,9.157894736842104,1,9,Medium
16.6,16,6,103,Anureet Singh,Bowlers,Rohit Sharma,Batters,1,False,-0.5,35,Mohali,Punjab Cricket Association Stadium,Medium,False,True,102,16,17.0,145,8.529411764705882,20,173,28,3.0,9.333333333333334,1,9,Medium
17.1,17,1,104,Mitchell Johnson,Bowlers,Rohit Sharma,Batters,0,False,1.0,35,Mohali,Punjab Cricket Association Stadium,Medium,False,True,103,17,17.166666666666668,145,8.446601941747572,20,173,28,2.833333333333332,9.882352941176476,1,9,Medium
17.2,17,2,105,Mitchell Johnson,Bowlers,Rohit Sharma,Batters,4,False,-2.0,35,Mohali,Punjab Cricket Association Stadium,Medium,False,True,104,17,17.333333333333332,149,8.596153846153847,20,173,24,2.666666666666668,8.999999999999996,1,9,Medium
17.3,17,3,106,Mitchell Johnson,Bowlers,Rohit Sharma,Batters,0,False,1.0,35,Mohali,Punjab Cricket Association Stadium,Medium,False,True,105,17,17.5,149,8.514285714285714,20,173,24,2.5,9.6,1,9,Medium
17.4,17,4,107,Mitchell Johnson,Bowlers,Rohit Sharma,Batters,2,False,-1.0,35,Mohali,Punjab Cricket Association Stadium,Medium,False,True,106,17,17.666666666666668,151,8.547169811320755,20,173,22,2.333333333333332,9.428571428571434,1,9,Medium
17.5,17,5,108,Mitchell Johnson,Bowlers,Rohit Sharma,Batters,2,False,-1.0,35,Mohali,Punjab Cricket Association Stadium,Medium,False,True,107,17,17.833333333333332,153,8.57943925233645,20,173,20,2.166666666666668,9.230769230769226,1,9,Medium
17.6,17,6,109,Mitchell Johnson,Bowlers,Rohit Sharma,Batters,0,True,5.0,35,Mohali,Punjab Cricket Association Stadium,Medium,False,True,108,17,18.0,153,8.5,20,173,20,2.0,10.0,2,8,Medium
18.1,18,1,110,Sandeep Sharma,Bowlers,Kieron Pollard,All-Rounders,1,False,-0.5,35,Mohali,Punjab Cricket Association Stadium,Medium,False,True,109,18,18.166666666666668,154,8.477064220183486,20,173,19,1.833333333333332,10.36363636363637,2,8,Medium
18.2,18,2,111,Sandeep Sharma,Bowlers,Lendl Simmons,Batters,1,False,-0.5,35,Mohali,Punjab Cricket Association Stadium,Medium,False,True,110,18,18.33333333333333,155,8.454545454545455,20,173,18,1.666666666666668,10.799999999999992,2,8,Medium
18.3,18,3,112,Sandeep Sharma,Bowlers,Kieron Pollard,All-Rounders,1,False,-0.5,35,Mohali,Punjab Cricket Association Stadium,Medium,False,True,111,18,18.5,156,8.432432432432432,20,173,17,1.5,11.333333333333334,2,8,Medium
18.4,18,4,113,Sandeep Sharma,Bowlers,Lendl Simmons,Batters,4,False,-2.0,35,Mohali,Punjab Cricket Association Stadium,Medium,False,True,112,18,18.666666666666668,160,8.571428571428571,20,173,13,1.333333333333332,9.750000000000009,2,8,Medium
18.5,18,5,114,Sandeep Sharma,Bowlers,Lendl Simmons,Batters,1,False,-0.5,35,Mohali,Punjab Cricket Association Stadium,Medium,False,True,113,18,18.83333333333333,161,8.548672566371682,20,173,12,1.166666666666668,10.285714285714276,2,8,Medium
18.6,18,6,115,Sandeep Sharma,Bowlers,Kieron Pollard,All-Rounders,1,False,-0.5,35,Mohali,Punjab Cricket Association Stadium,Medium,False,True,114,18,19.0,162,8.526315789473685,20,173,11,1.0,11.0,2,8,Medium
19.1,19,1,116,Anureet Singh,Bowlers,Kieron Pollard,All-Rounders,2,False,-1.0,35,Mohali,Punjab Cricket Association Stadium,Medium,False,True,115,19,19.166666666666668,164,8.556521739130435,20,173,9,0.8333333333333321,10.800000000000017,2,8,Medium
19.2,19,2,117,Anureet Singh,Bowlers,Kieron Pollard,All-Rounders,1,False,-0.5,35,Mohali,Punjab Cricket Association Stadium,Medium,False,True,116,19,19.33333333333333,165,8.53448275862069,20,173,8,0.6666666666666679,11.99999999999998,2,8,Medium
19.3,19,3,118,Anureet Singh,Bowlers,Lendl Simmons,Batters,0,True,5.0,35,Mohali,Punjab Cricket Association Stadium,Medium,False,True,117,19,19.5,165,8.461538461538462,20,173,8,0.5,16.0,3,7,Medium
19.4,19,4,119,Anureet Singh,Bowlers,Kieron Pollard,All-Rounders,1,False,-1.0,35,Mohali,Punjab Cricket Association Stadium,Medium,True,False,117,19,19.5,166,8.512820512820513,20,173,7,0.5,14.0,3,7,Medium
19.4,19,4,120,Anureet Singh,Bowlers,Kieron Pollard,All-Rounders,0,False,1.0,35,Mohali,Punjab Cricket Association Stadium,Medium,False,True,118,19,19.666666666666668,166,8.440677966101694,20,173,7,0.3333333333333321,21.000000000000075,3,7,Medium
19.5,19,5,121,Anureet Singh,Bowlers,Kieron Pollard,All-Rounders,1,False,-0.5,35,Mohali,Punjab Cricket Association Stadium,Medium,False,True,119,19,19.83333333333333,167,8.420168067226891,20,173,6,0.1666666666666678,35.999999999999744,3,7,Medium
19.6,19,6,122,Anureet Singh,Bowlers,Ambati Rayudu,Batters,4,False,-2.0,35,Mohali,Punjab Cricket Association Stadium,Medium,False,True,120,19,20.0,171,8.55,20,173,2,0.0,inf,3,7,Medium
