Ball Number,over,ball,Ball,bowler,bowler_role,batsman,batsman_role,Runs,is_wicket,bowler_score,match_id,city,stadium,Stadium_Type,is_extra,legal_delivery,legal_deliveries_count,overs_completed,overs_bowled,total_runs,current_run_rate,total_overs,target,runs_needed,overs_remaining,required_run_rate,wickets_fallen,wickets_in_hand,Ground_Type
0.1,0,1,1,Ishwar Pandey,Bowlers,Nic Maddinson,Batters,0,False,1.0,37,Chepauk,MA Chidambaram Stadium,Medium,False,True,1,0,0.1666666666666666,0,0.0,20,149,149,19.83333333333333,7.512605042016808,0,10,Medium
0.2,0,2,2,Ishwar Pandey,Bowlers,Nic Maddinson,Batters,0,False,1.0,37,Chepauk,MA Chidambaram Stadium,Medium,False,True,2,0,0.3333333333333333,0,0.0,20,149,149,19.666666666666668,7.576271186440677,0,10,Medium
0.3,0,3,3,Ishwar Pandey,Bowlers,Nic Maddinson,Batters,4,False,-2.0,37,Chepauk,MA Chidambaram Stadium,Medium,False,True,3,0,0.5,4,8.0,20,149,145,19.5,7.435897435897436,0,10,Medium
0.4,0,4,4,Ishwar Pandey,Bowlers,Nic Maddinson,Batters,0,False,1.0,37,Chepauk,MA Chidambaram Stadium,Medium,False,True,4,0,0.6666666666666666,4,6.0,20,149,145,19.33333333333333,7.500000000000001,0,10,Medium
0.5,0,5,5,Ishwar Pandey,Bowlers,Nic Maddinson,Batters,0,False,1.0,37,Chepauk,MA Chidambaram Stadium,Medium,False,True,5,0,0.8333333333333334,4,4.8,20,149,145,19.166666666666668,7.565217391304348,0,10,Medium
0.6,0,6,6,Ishwar Pandey,Bowlers,Nic Maddinson,Batters,0,False,1.0,37,Chepauk,MA Chidambaram Stadium,Medium,False,True,6,0,1.0,4,4.0,20,149,145,19.0,7.631578947368421,0,10,Medium
1.1,1,1,7,Ashish Nehra,Bowlers,Virat Kohli,Batters,0,False,1.0,37,Chepauk,MA Chidambaram Stadium,Medium,False,True,7,1,1.1666666666666667,4,3.4285714285714284,20,149,145,18.83333333333333,7.6991150442477885,0,10,Medium
1.2,1,2,8,Ashish Nehra,Bowlers,Virat Kohli,Batters,0,False,1.0,37,Chepauk,MA Chidambaram Stadium,Medium,False,True,8,1,1.3333333333333333,4,3.0,20,149,145,18.666666666666668,7.767857142857142,0,10,Medium
1.3,1,3,9,Ashish Nehra,Bowlers,Virat Kohli,Batters,2,False,-1.0,37,Chepauk,MA Chidambaram Stadium,Medium,False,True,9,1,1.5,6,4.0,20,149,143,18.5,7.72972972972973,0,10,Medium
1.4,1,4,10,Ashish Nehra,Bowlers,Virat Kohli,Batters,4,False,-2.0,37,Chepauk,MA Chidambaram Stadium,Medium,False,True,10,1,1.6666666666666663,10,6.000000000000001,20,149,139,18.33333333333333,7.581818181818182,0,10,Medium
1.5,1,5,11,Ashish Nehra,Bowlers,Virat Kohli,Batters,0,False,1.0,37,Chepauk,MA Chidambaram Stadium,Medium,False,True,11,1,1.8333333333333333,10,5.454545454545454,20,149,139,18.166666666666668,7.651376146788991,0,10,Medium
1.6,1,6,12,Ashish Nehra,Bowlers,Virat Kohli,Batters,0,False,1.0,37,Chepauk,MA Chidambaram Stadium,Medium,False,True,12,1,2.0,10,5.0,20,149,139,18.0,7.722222222222222,0,10,Medium
2.1,2,1,13,Ishwar Pandey,Bowlers,Nic Maddinson,Batters,0,True,5.0,37,Chepauk,MA Chidambaram Stadium,Medium,False,True,13,2,2.1666666666666665,10,4.615384615384616,20,149,139,17.833333333333332,7.794392523364486,1,9,Medium
2.2,2,2,14,Ishwar Pandey,Bowlers,AB de Villiers,Batters,0,False,1.0,37,Chepauk,MA Chidambaram Stadium,Medium,False,True,14,2,2.333333333333333,10,4.285714285714286,20,149,139,17.666666666666668,7.867924528301886,1,9,Medium
2.3,2,3,15,Ishwar Pandey,Bowlers,AB de Villiers,Batters,4,False,-2.0,37,Chepauk,MA Chidambaram Stadium,Medium,False,True,15,2,2.5,14,5.6,20,149,135,17.5,7.714285714285714,1,9,Medium
2.4,2,4,16,Ishwar Pandey,Bowlers,AB de Villiers,Batters,0,False,1.0,37,Chepauk,MA Chidambaram Stadium,Medium,False,True,16,2,2.6666666666666665,14,5.25,20,149,135,17.333333333333332,7.788461538461539,1,9,Medium
2.5,2,5,17,Ishwar Pandey,Bowlers,AB de Villiers,Batters,4,False,-2.0,37,Chepauk,MA Chidambaram Stadium,Medium,False,True,17,2,2.833333333333333,18,6.352941176470588,20,149,131,17.166666666666668,7.631067961165048,1,9,Medium
2.6,2,6,18,Ishwar Pandey,Bowlers,AB de Villiers,Batters,0,False,1.0,37,Chepauk,MA Chidambaram Stadium,Medium,False,True,18,2,3.0,18,6.0,20,149,131,17.0,7.705882352941177,1,9,Medium
3.1,3,1,19,Ashish Nehra,Bowlers,Virat Kohli,Batters,1,False,-0.5,37,Chepauk,MA Chidambaram Stadium,Medium,False,True,19,3,3.1666666666666665,19,6.0,20,149,130,16.833333333333332,7.722772277227723,1,9,Medium
3.2,3,2,20,Ashish Nehra,Bowlers,AB de Villiers,Batters,0,False,1.0,37,Chepauk,MA Chidambaram Stadium,Medium,False,True,20,3,3.333333333333333,19,5.7,20,149,130,16.666666666666668,7.8,1,9,Medium
3.3,3,3,21,Ashish Nehra,Bowlers,AB de Villiers,Batters,1,False,-0.5,37,Chepauk,MA Chidambaram Stadium,Medium,False,True,21,3,3.5,20,5.714285714285714,20,149,129,16.5,7.818181818181818,1,9,Medium
3.4,3,4,22,Ashish Nehra,Bowlers,Virat Kohli,Batters,1,False,-0.5,37,Chepauk,MA Chidambaram Stadium,Medium,False,True,22,3,3.6666666666666665,21,5.727272727272728,20,149,128,16.333333333333332,7.836734693877552,1,9,Medium
3.5,3,5,23,Ashish Nehra,Bowlers,AB de Villiers,Batters,0,False,1.0,37,Chepauk,MA Chidambaram Stadium,Medium,False,True,23,3,3.8333333333333335,21,5.478260869565217,20,149,128,16.166666666666668,7.917525773195876,1,9,Medium
3.6,3,6,24,Ashish Nehra,Bowlers,AB de Villiers,Batters,4,False,-2.0,37,Chepauk,MA Chidambaram Stadium,Medium,False,True,24,3,4.0,25,6.25,20,149,124,16.0,7.75,1,9,Medium
4.1,4,1,25,Ishwar Pandey,Bowlers,Virat Kohli,Batters,1,False,-0.5,37,Chepauk,MA Chidambaram Stadium,Medium,False,True,25,4,4.166666666666667,26,6.239999999999999,20,149,123,15.833333333333332,7.768421052631579,1,9,Medium
4.2,4,2,26,Ishwar Pandey,Bowlers,AB de Villiers,Batters,4,False,-2.0,37,Chepauk,MA Chidambaram Stadium,Medium,False,True,26,4,4.333333333333333,30,6.923076923076923,20,149,119,15.666666666666668,7.595744680851063,1,9,Medium
4.3,4,3,27,Ishwar Pandey,Bowlers,AB de Villiers,Batters,0,False,1.0,37,Chepauk,MA Chidambaram Stadium,Medium,False,True,27,4,4.5,30,6.666666666666667,20,149,119,15.5,7.67741935483871,1,9,Medium
4.4,4,4,28,Ishwar Pandey,Bowlers,AB de Villiers,Batters,4,False,-2.0,37,Chepauk,MA Chidambaram Stadium,Medium,False,True,28,4,4.666666666666667,34,7.285714285714286,20,149,115,15.333333333333332,7.500000000000001,1,9,Medium
4.5,4,5,29,Ishwar Pandey,Bowlers,AB de Villiers,Batters,0,False,1.0,37,Chepauk,MA Chidambaram Stadium,Medium,False,True,29,4,4.833333333333333,34,7.03448275862069,20,149,115,15.166666666666668,7.582417582417582,1,9,Medium
4.6,4,6,30,Ishwar Pandey,Bowlers,AB de Villiers,Batters,0,True,5.0,37,Chepauk,MA Chidambaram Stadium,Medium,False,True,30,4,5.0,34,6.8,20,149,115,15.0,7.666666666666667,2,8,Medium
5.1,5,1,31,Mohit Sharma,Bowlers,Virat Kohli,Batters,0,False,1.0,37,Chepauk,MA Chidambaram Stadium,Medium,False,True,31,5,5.166666666666667,34,6.580645161290322,20,149,115,14.833333333333332,7.752808988764046,2,8,Medium
5.2,5,2,32,Mohit Sharma,Bowlers,Virat Kohli,Batters,0,True,5.0,37,Chepauk,MA Chidambaram Stadium,Medium,False,True,32,5,5.333333333333333,34,6.375,20,149,115,14.666666666666668,7.84090909090909,3,7,Medium
5.3,5,3,33,Mohit Sharma,Bowlers,Dinesh Karthik,Batters,1,False,-0.5,37,Chepauk,MA Chidambaram Stadium,Medium,False,True,33,5,5.5,35,6.363636363636363,20,149,114,14.5,7.862068965517241,3,7,Medium
5.4,5,4,34,Mohit Sharma,Bowlers,Virat Kohli,Batters,3,False,-1.5,37,Chepauk,MA Chidambaram Stadium,Medium,False,True,34,5,5.666666666666667,38,6.705882352941176,20,149,111,14.333333333333332,7.744186046511628,3,7,Medium
5.5,5,5,35,Mohit Sharma,Bowlers,Dinesh Karthik,Batters,0,False,1.0,37,Chepauk,MA Chidambaram Stadium,Medium,False,True,35,5,5.833333333333333,38,6.514285714285714,20,149,111,14.166666666666668,7.835294117647058,3,7,Medium
5.6,5,6,36,Mohit Sharma,Bowlers,Dinesh Karthik,Batters,4,False,-2.0,37,Chepauk,MA Chidambaram Stadium,Medium,False,True,36,5,6.0,42,7.0,20,149,107,14.0,7.642857142857143,3,7,Medium
6.1,6,1,37,Ishwar Pandey,Bowlers,Virat Kohli,Batters,1,False,-0.5,37,Chepauk,MA Chidambaram Stadium,Medium,False,True,37,6,6.166666666666667,43,6.972972972972973,20,149,106,13.833333333333332,7.662650602409639,3,7,Medium
6.2,6,2,38,Ishwar Pandey,Bowlers,Dinesh Karthik,Batters,1,False,-0.5,37,Chepauk,MA Chidambaram Stadium,Medium,False,True,38,6,6.333333333333333,44,6.947368421052632,20,149,105,13.666666666666668,7.682926829268292,3,7,Medium
6.3,6,3,39,Ishwar Pandey,Bowlers,Virat Kohli,Batters,1,False,-0.5,37,Chepauk,MA Chidambaram Stadium,Medium,False,True,39,6,6.5,45,6.923076923076923,20,149,104,13.5,7.703703703703703,3,7,Medium
6.4,6,4,40,Ishwar Pandey,Bowlers,Dinesh Karthik,Batters,0,False,1.0,37,Chepauk,MA Chidambaram Stadium,Medium,False,True,40,6,6.666666666666667,45,6.75,20,149,104,13.333333333333332,7.800000000000001,3,7,Medium
6.5,6,5,41,Ishwar Pandey,Bowlers,Dinesh Karthik,Batters,4,False,-2.0,37,Chepauk,MA Chidambaram Stadium,Medium,False,True,41,6,6.833333333333333,49,7.170731707317073,20,149,100,13.166666666666668,7.594936708860759,3,7,Medium
6.6,6,6,42,Ishwar Pandey,Bowlers,Dinesh Karthik,Batters,0,False,1.0,37,Chepauk,MA Chidambaram Stadium,Medium,False,True,42,6,7.0,49,7.0,20,149,100,13.0,7.6923076923076925,3,7,Medium
7.1,7,1,43,Mohit Sharma,Bowlers,Virat Kohli,Batters,0,False,1.0,37,Chepauk,MA Chidambaram Stadium,Medium,False,True,43,7,7.166666666666667,49,6.837209302325581,20,149,100,12.833333333333332,7.792207792207793,3,7,Medium
7.2,7,2,44,Mohit Sharma,Bowlers,Virat Kohli,Batters,1,False,-0.5,37,Chepauk,MA Chidambaram Stadium,Medium,False,True,44,7,7.333333333333333,50,6.818181818181818,20,149,99,12.666666666666668,7.81578947368421,3,7,Medium
7.3,7,3,45,Mohit Sharma,Bowlers,Dinesh Karthik,Batters,1,False,-0.5,37,Chepauk,MA Chidambaram Stadium,Medium,False,True,45,7,7.5,51,6.8,20,149,98,12.5,7.84,3,7,Medium
7.4,7,4,46,Mohit Sharma,Bowlers,Virat Kohli,Batters,1,False,-0.5,37,Chepauk,MA Chidambaram Stadium,Medium,False,True,46,7,7.666666666666667,52,6.782608695652174,20,149,97,12.333333333333332,7.864864864864866,3,7,Medium
7.5,7,5,47,Mohit Sharma,Bowlers,Dinesh Karthik,Batters,0,False,1.0,37,Chepauk,MA Chidambaram Stadium,Medium,False,True,47,7,7.833333333333333,52,6.638297872340425,20,149,97,12.166666666666668,7.972602739726026,3,7,Medium
7.6,7,6,48,Mohit Sharma,Bowlers,Dinesh Karthik,Batters,4,False,-2.0,37,Chepauk,MA Chidambaram Stadium,Medium,False,True,48,7,8.0,56,7.0,20,149,93,12.0,7.75,3,7,Medium
8.1,8,1,49,Ravindra Jadeja,All-Rounders,Virat Kohli,Batters,1,False,-0.5,37,Chepauk,MA Chidambaram Stadium,Medium,False,True,49,8,8.166666666666666,57,6.979591836734694,20,149,92,11.833333333333334,7.774647887323943,3,7,Medium
8.2,8,2,50,Ravindra Jadeja,All-Rounders,Dinesh Karthik,Batters,0,False,1.0,37,Chepauk,MA Chidambaram Stadium,Medium,False,True,50,8,8.333333333333334,57,6.84,20,149,92,11.666666666666666,7.885714285714286,3,7,Medium
8.3,8,3,51,Ravindra Jadeja,All-Rounders,Dinesh Karthik,Batters,1,False,-0.5,37,Chepauk,MA Chidambaram Stadium,Medium,False,True,51,8,8.5,58,6.823529411764706,20,149,91,11.5,7.913043478260869,3,7,Medium
8.4,8,4,52,Ravindra Jadeja,All-Rounders,Virat Kohli,Batters,4,False,-2.0,37,Chepauk,MA Chidambaram Stadium,Medium,False,True,52,8,8.666666666666666,62,7.153846153846154,20,149,87,11.333333333333334,7.676470588235293,3,7,Medium
8.5,8,5,53,Ravindra Jadeja,All-Rounders,Virat Kohli,Batters,2,False,-1.0,37,Chepauk,MA Chidambaram Stadium,Medium,False,True,53,8,8.833333333333334,64,7.245283018867924,20,149,85,11.166666666666666,7.611940298507463,3,7,Medium
8.6,8,6,54,Ravindra Jadeja,All-Rounders,Virat Kohli,Batters,1,False,-0.5,37,Chepauk,MA Chidambaram Stadium,Medium,False,True,54,8,9.0,65,7.222222222222222,20,149,84,11.0,7.636363636363637,3,7,Medium
9.1,9,1,55,Pawan Negi,Bowlers,Virat Kohli,Batters,0,False,1.0,37,Chepauk,MA Chidambaram Stadium,Medium,False,True,55,9,9.166666666666666,65,7.090909090909092,20,149,84,10.833333333333334,7.753846153846154,3,7,Medium
9.2,9,2,56,Pawan Negi,Bowlers,Virat Kohli,Batters,0,False,1.0,37,Chepauk,MA Chidambaram Stadium,Medium,False,True,56,9,9.333333333333334,65,6.9642857142857135,20,149,84,10.666666666666666,7.875,3,7,Medium
9.3,9,3,57,Pawan Negi,Bowlers,Virat Kohli,Batters,1,False,-0.5,37,Chepauk,MA Chidambaram Stadium,Medium,False,True,57,9,9.5,66,6.947368421052632,20,149,83,10.5,7.904761904761905,3,7,Medium
9.4,9,4,58,Pawan Negi,Bowlers,Dinesh Karthik,Batters,4,False,-2.0,37,Chepauk,MA Chidambaram Stadium,Medium,False,True,58,9,9.666666666666666,70,7.241379310344828,20,149,79,10.333333333333334,7.64516129032258,3,7,Medium
9.5,9,5,59,Pawan Negi,Bowlers,Dinesh Karthik,Batters,0,False,1.0,37,Chepauk,MA Chidambaram Stadium,Medium,False,True,59,9,9.833333333333334,70,7.11864406779661,20,149,79,10.166666666666666,7.770491803278689,3,7,Medium
9.6,9,6,60,Pawan Negi,Bowlers,Dinesh Karthik,Batters,1,False,-0.5,37,Chepauk,MA Chidambaram Stadium,Medium,False,True,60,9,10.0,71,7.1,20,149,78,10.0,7.8,3,7,Medium
10.1,10,1,61,Ravindra Jadeja,All-Rounders,Dinesh Karthik,Batters,1,False,-0.5,37,Chepauk,MA Chidambaram Stadium,Medium,False,True,61,10,10.166666666666666,72,7.081967213114755,20,149,77,9.833333333333334,7.830508474576271,3,7,Medium
10.2,10,2,62,Ravindra Jadeja,All-Rounders,Virat Kohli,Batters,0,False,1.0,37,Chepauk,MA Chidambaram Stadium,Medium,False,True,62,10,10.333333333333334,72,6.967741935483871,20,149,77,9.666666666666666,7.9655172413793105,3,7,Medium
10.3,10,3,63,Ravindra Jadeja,All-Rounders,Virat Kohli,Batters,0,False,1.0,37,Chepauk,MA Chidambaram Stadium,Medium,False,True,63,10,10.5,72,6.857142857142857,20,149,77,9.5,8.105263157894736,3,7,Medium
10.4,10,4,64,Ravindra Jadeja,All-Rounders,Virat Kohli,Batters,0,False,1.0,37,Chepauk,MA Chidambaram Stadium,Medium,False,True,64,10,10.666666666666666,72,6.75,20,149,77,9.333333333333334,8.25,3,7,Medium
10.5,10,5,65,Ravindra Jadeja,All-Rounders,Virat Kohli,Batters,0,False,1.0,37,Chepauk,MA Chidambaram Stadium,Medium,False,True,65,10,10.833333333333334,72,6.646153846153846,20,149,77,9.166666666666666,8.4,3,7,Medium
10.6,10,6,66,Ravindra Jadeja,All-Rounders,Virat Kohli,Batters,1,False,-0.5,37,Chepauk,MA Chidambaram Stadium,Medium,False,True,66,10,11.0,73,6.636363636363637,20,149,76,9.0,8.444444444444445,3,7,Medium
11.1,11,1,67,Pawan Negi,Bowlers,Virat Kohli,Batters,6,False,-3.0,37,Chepauk,MA Chidambaram Stadium,Medium,False,True,67,11,11.166666666666666,79,7.074626865671642,20,149,70,8.833333333333334,7.924528301886792,3,7,Medium
11.2,11,2,68,Pawan Negi,Bowlers,Virat Kohli,Batters,2,False,-1.0,37,Chepauk,MA Chidambaram Stadium,Medium,False,True,68,11,11.333333333333334,81,7.147058823529411,20,149,68,8.666666666666666,7.846153846153847,3,7,Medium
11.3,11,3,69,Pawan Negi,Bowlers,Virat Kohli,Batters,0,False,1.0,37,Chepauk,MA Chidambaram Stadium,Medium,False,True,69,11,11.5,81,7.043478260869565,20,149,68,8.5,8.0,3,7,Medium
11.4,11,4,70,Pawan Negi,Bowlers,Virat Kohli,Batters,2,False,-1.0,37,Chepauk,MA Chidambaram Stadium,Medium,False,True,70,11,11.666666666666666,83,7.114285714285715,20,149,66,8.333333333333334,7.919999999999999,3,7,Medium
11.5,11,5,71,Pawan Negi,Bowlers,Virat Kohli,Batters,2,False,-1.0,37,Chepauk,MA Chidambaram Stadium,Medium,False,True,71,11,11.833333333333334,85,7.183098591549295,20,149,64,8.166666666666666,7.836734693877552,3,7,Medium
11.6,11,6,72,Pawan Negi,Bowlers,Virat Kohli,Batters,1,False,-0.5,37,Chepauk,MA Chidambaram Stadium,Medium,False,True,72,11,12.0,86,7.166666666666667,20,149,63,8.0,7.875,3,7,Medium
12.1,12,1,73,Mohit Sharma,Bowlers,Virat Kohli,Batters,1,False,-0.5,37,Chepauk,MA Chidambaram Stadium,Medium,False,True,73,12,12.166666666666666,87,7.1506849315068495,20,149,62,7.833333333333334,7.914893617021276,3,7,Medium
12.2,12,2,74,Mohit Sharma,Bowlers,Dinesh Karthik,Batters,1,False,-0.5,37,Chepauk,MA Chidambaram Stadium,Medium,False,True,74,12,12.333333333333334,88,7.135135135135135,20,149,61,7.666666666666666,7.9565217391304355,3,7,Medium
12.3,12,3,75,Mohit Sharma,Bowlers,Virat Kohli,Batters,0,False,1.0,37,Chepauk,MA Chidambaram Stadium,Medium,False,True,75,12,12.5,88,7.04,20,149,61,7.5,8.133333333333333,3,7,Medium
12.4,12,4,76,Mohit Sharma,Bowlers,Virat Kohli,Batters,2,False,-1.0,37,Chepauk,MA Chidambaram Stadium,Medium,False,True,76,12,12.666666666666666,90,7.105263157894737,20,149,59,7.333333333333334,8.045454545454545,3,7,Medium
12.5,12,5,77,Mohit Sharma,Bowlers,Virat Kohli,Batters,2,False,-1.0,37,Chepauk,MA Chidambaram Stadium,Medium,False,True,77,12,12.833333333333334,92,7.1688311688311686,20,149,57,7.166666666666666,7.953488372093024,3,7,Medium
12.6,12,6,78,Mohit Sharma,Bowlers,Virat Kohli,Batters,1,False,-0.5,37,Chepauk,MA Chidambaram Stadium,Medium,False,True,78,12,13.0,93,7.153846153846154,20,149,56,7.0,8.0,3,7,Medium
13.1,13,1,79,Dwayne Bravo,All-Rounders,Virat Kohli,Batters,1,False,-0.5,37,Chepauk,MA Chidambaram Stadium,Medium,False,True,79,13,13.166666666666666,94,7.139240506329115,20,149,55,6.833333333333334,8.048780487804878,3,7,Medium
13.2,13,2,80,Dwayne Bravo,All-Rounders,Dinesh Karthik,Batters,0,False,1.0,37,Chepauk,MA Chidambaram Stadium,Medium,False,True,80,13,13.333333333333334,94,7.05,20,149,55,6.666666666666666,8.25,3,7,Medium
13.3,13,3,81,Dwayne Bravo,All-Rounders,Dinesh Karthik,Batters,1,False,-0.25,37,Chepauk,MA Chidambaram Stadium,Medium,False,True,81,13,13.5,95,7.037037037037037,20,149,54,6.5,8.307692307692308,3,7,Medium
13.4,13,4,82,Dwayne Bravo,All-Rounders,Virat Kohli,Batters,0,False,1.0,37,Chepauk,MA Chidambaram Stadium,Medium,False,True,82,13,13.666666666666666,95,6.951219512195122,20,149,54,6.333333333333334,8.526315789473683,3,7,Medium
13.5,13,5,83,Dwayne Bravo,All-Rounders,Virat Kohli,Batters,2,False,-1.0,37,Chepauk,MA Chidambaram Stadium,Medium,False,True,83,13,13.833333333333334,97,7.012048192771084,20,149,52,6.166666666666666,8.432432432432433,3,7,Medium
13.6,13,6,84,Dwayne Bravo,All-Rounders,Virat Kohli,Batters,0,True,5.0,37,Chepauk,MA Chidambaram Stadium,Medium,False,True,84,13,14.0,97,6.928571428571429,20,149,52,6.0,8.666666666666666,4,6,Medium
14.1,14,1,85,Ashish Nehra,Bowlers,Dinesh Karthik,Batters,0,True,5.0,37,Chepauk,MA Chidambaram Stadium,Medium,False,True,85,14,14.166666666666666,97,6.847058823529412,20,149,52,5.833333333333334,8.914285714285713,5,5,Medium
14.2,14,2,86,Ashish Nehra,Bowlers,David Wiese,All-Rounders,0,False,1.0,37,Chepauk,MA Chidambaram Stadium,Medium,False,True,86,14,14.333333333333334,97,6.767441860465116,20,149,52,5.666666666666666,9.176470588235295,5,5,Medium
14.3,14,3,87,Ashish Nehra,Bowlers,David Wiese,All-Rounders,1,False,-0.5,37,Chepauk,MA Chidambaram Stadium,Medium,False,True,87,14,14.5,98,6.758620689655173,20,149,51,5.5,9.272727272727272,5,5,Medium
14.4,14,4,88,Ashish Nehra,Bowlers,Sarfaraz Khan,Batters,1,False,-0.5,37,Chepauk,MA Chidambaram Stadium,Medium,False,True,88,14,14.666666666666666,99,6.75,20,149,50,5.333333333333334,9.374999999999998,5,5,Medium
14.5,14,5,89,Ashish Nehra,Bowlers,David Wiese,All-Rounders,0,False,1.0,37,Chepauk,MA Chidambaram Stadium,Medium,False,True,89,14,14.833333333333334,99,6.674157303370786,20,149,50,5.166666666666666,9.67741935483871,5,5,Medium
14.6,14,6,90,Ashish Nehra,Bowlers,David Wiese,All-Rounders,1,False,-0.5,37,Chepauk,MA Chidambaram Stadium,Medium,False,True,90,14,15.0,100,6.666666666666667,20,149,49,5.0,9.8,5,5,Medium
15.1,15,1,91,Dwayne Bravo,All-Rounders,David Wiese,All-Rounders,1,False,-0.5,37,Chepauk,MA Chidambaram Stadium,Medium,False,True,91,15,15.166666666666666,101,6.65934065934066,20,149,48,4.833333333333334,9.93103448275862,5,5,Medium
15.2,15,2,92,Dwayne Bravo,All-Rounders,Sarfaraz Khan,Batters,0,False,1.0,37,Chepauk,MA Chidambaram Stadium,Medium,False,True,92,15,15.333333333333334,101,6.58695652173913,20,149,48,4.666666666666666,10.285714285714286,5,5,Medium
15.3,15,3,93,Dwayne Bravo,All-Rounders,Sarfaraz Khan,Batters,4,False,-2.0,37,Chepauk,MA Chidambaram Stadium,Medium,False,True,93,15,15.5,105,6.774193548387097,20,149,44,4.5,9.77777777777778,5,5,Medium
15.4,15,4,94,Dwayne Bravo,All-Rounders,Sarfaraz Khan,Batters,2,False,-1.0,37,Chepauk,MA Chidambaram Stadium,Medium,False,True,94,15,15.666666666666666,107,6.829787234042554,20,149,42,4.333333333333334,9.692307692307692,5,5,Medium
15.5,15,5,95,Dwayne Bravo,All-Rounders,Sarfaraz Khan,Batters,1,False,-0.5,37,Chepauk,MA Chidambaram Stadium,Medium,False,True,95,15,15.833333333333334,108,6.821052631578947,20,149,41,4.166666666666666,9.840000000000002,5,5,Medium
15.6,15,6,96,Dwayne Bravo,All-Rounders,David Wiese,All-Rounders,1,False,-0.5,37,Chepauk,MA Chidambaram Stadium,Medium,False,True,96,15,16.0,109,6.8125,20,149,40,4.0,10.0,5,5,Medium
16.1,16,1,97,Ashish Nehra,Bowlers,David Wiese,All-Rounders,1,False,-1.0,37,Chepauk,MA Chidambaram Stadium,Medium,True,False,96,15,16.0,110,6.875,20,149,39,4.0,9.75,5,5,Medium
16.1,16,1,98,Ashish Nehra,Bowlers,David Wiese,All-Rounders,1,False,-0.5,37,Chepauk,MA Chidambaram Stadium,Medium,False,True,97,16,16.166666666666668,111,6.865979381443299,20,149,38,3.833333333333332,9.913043478260873,5,5,Medium
16.2,16,2,99,Ashish Nehra,Bowlers,Sarfaraz Khan,Batters,0,False,1.0,37,Chepauk,MA Chidambaram Stadium,Medium,False,True,98,16,16.333333333333332,111,6.795918367346939,20,149,38,3.666666666666668,10.36363636363636,5,5,Medium
16.3,16,3,100,Ashish Nehra,Bowlers,Sarfaraz Khan,Batters,0,False,1.0,37,Chepauk,MA Chidambaram Stadium,Medium,False,True,99,16,16.5,111,6.727272727272728,20,149,38,3.5,10.857142857142858,5,5,Medium
16.4,16,4,101,Ashish Nehra,Bowlers,Sarfaraz Khan,Batters,0,True,5.0,37,Chepauk,MA Chidambaram Stadium,Medium,False,True,100,16,16.666666666666668,111,6.659999999999999,20,149,38,3.333333333333332,11.400000000000004,6,4,Medium
16.5,16,5,102,Ashish Nehra,Bowlers,David Wiese,All-Rounders,1,False,-0.5,37,Chepauk,MA Chidambaram Stadium,Medium,False,True,101,16,16.833333333333332,112,6.653465346534654,20,149,37,3.166666666666668,11.684210526315786,6,4,Medium
16.6,16,6,103,Ashish Nehra,Bowlers,Harshal Patel,Bowlers,0,True,5.0,37,Chepauk,MA Chidambaram Stadium,Medium,False,True,102,16,17.0,112,6.588235294117647,20,149,37,3.0,12.333333333333334,7,3,Medium
17.1,17,1,104,Dwayne Bravo,All-Rounders,David Wiese,All-Rounders,4,False,-2.0,37,Chepauk,MA Chidambaram Stadium,Medium,False,True,103,17,17.166666666666668,116,6.757281553398058,20,149,33,2.833333333333332,11.647058823529417,7,3,Medium
17.2,17,2,105,Dwayne Bravo,All-Rounders,David Wiese,All-Rounders,1,False,-0.5,37,Chepauk,MA Chidambaram Stadium,Medium,False,True,104,17,17.333333333333332,117,6.750000000000001,20,149,32,2.666666666666668,11.999999999999996,7,3,Medium
17.3,17,3,106,Dwayne Bravo,All-Rounders,Mitchell Starc,Bowlers,0,False,1.0,37,Chepauk,MA Chidambaram Stadium,Medium,False,True,105,17,17.5,117,6.685714285714286,20,149,32,2.5,12.8,7,3,Medium
17.4,17,4,107,Dwayne Bravo,All-Rounders,Mitchell Starc,Bowlers,0,False,1.0,37,Chepauk,MA Chidambaram Stadium,Medium,False,True,106,17,17.666666666666668,117,6.6226415094339615,20,149,32,2.333333333333332,13.71428571428572,7,3,Medium
17.5,17,5,108,Dwayne Bravo,All-Rounders,Mitchell Starc,Bowlers,0,False,1.0,37,Chepauk,MA Chidambaram Stadium,Medium,False,True,107,17,17.833333333333332,117,6.560747663551402,20,149,32,2.166666666666668,14.76923076923076,7,3,Medium
17.6,17,6,109,Dwayne Bravo,All-Rounders,Mitchell Starc,Bowlers,0,False,1.0,37,Chepauk,MA Chidambaram Stadium,Medium,False,True,108,17,18.0,117,6.5,20,149,32,2.0,16.0,7,3,Medium
18.1,18,1,110,Mohit Sharma,Bowlers,David Wiese,All-Rounders,4,False,-2.0,37,Chepauk,MA Chidambaram Stadium,Medium,False,True,109,18,18.166666666666668,121,6.660550458715596,20,149,28,1.833333333333332,15.272727272727282,7,3,Medium
18.2,18,2,111,Mohit Sharma,Bowlers,David Wiese,All-Rounders,1,False,-0.5,37,Chepauk,MA Chidambaram Stadium,Medium,False,True,110,18,18.33333333333333,122,6.654545454545455,20,149,27,1.666666666666668,16.19999999999999,7,3,Medium
18.3,18,3,112,Mohit Sharma,Bowlers,Mitchell Starc,Bowlers,1,False,-0.5,37,Chepauk,MA Chidambaram Stadium,Medium,False,True,111,18,18.5,123,6.648648648648648,20,149,26,1.5,17.333333333333332,7,3,Medium
18.4,18,4,113,Mohit Sharma,Bowlers,David Wiese,All-Rounders,1,False,-0.5,37,Chepauk,MA Chidambaram Stadium,Medium,False,True,112,18,18.666666666666668,124,6.642857142857142,20,149,25,1.333333333333332,18.750000000000018,7,3,Medium
18.5,18,5,114,Mohit Sharma,Bowlers,Mitchell Starc,Bowlers,0,False,1.0,37,Chepauk,MA Chidambaram Stadium,Medium,False,True,113,18,18.83333333333333,124,6.5840707964601775,20,149,25,1.166666666666668,21.42857142857141,7,3,Medium
18.6,18,6,115,Mohit Sharma,Bowlers,Mitchell Starc,Bowlers,0,True,5.0,37,Chepauk,MA Chidambaram Stadium,Medium,False,True,114,18,19.0,124,6.526315789473684,20,149,25,1.0,25.0,8,2,Medium
19.1,19,1,116,Dwayne Bravo,All-Rounders,David Wiese,All-Rounders,0,True,5.0,37,Chepauk,MA Chidambaram Stadium,Medium,False,True,115,19,19.166666666666668,124,6.469565217391304,20,149,25,0.8333333333333321,30.000000000000043,9,1,Medium
19.2,19,2,117,Dwayne Bravo,All-Rounders,Iqbal Abdulla,All-Rounders,0,False,1.0,37,Chepauk,MA Chidambaram Stadium,Medium,False,True,116,19,19.33333333333333,124,6.413793103448277,20,149,25,0.6666666666666679,37.499999999999936,9,1,Medium
19.3,19,3,118,Dwayne Bravo,All-Rounders,Iqbal Abdulla,All-Rounders,0,False,1.0,37,Chepauk,MA Chidambaram Stadium,Medium,False,True,117,19,19.5,124,6.358974358974359,20,149,25,0.5,50.0,9,1,Medium
19.4,19,4,119,Dwayne Bravo,All-Rounders,Iqbal Abdulla,All-Rounders,0,True,5.0,37,Chepauk,MA Chidambaram Stadium,Medium,False,True,118,19,19.666666666666668,124,6.305084745762711,20,149,25,0.3333333333333321,75.00000000000027,10,0,Medium
