Ball Number,over,ball,Ball,bowler,bowler_role,batsman,batsman_role,Runs,is_wicket,bowler_score,match_id,city,stadium,Stadium_Type,is_extra,legal_delivery,legal_deliveries_count,overs_completed,overs_bowled,total_runs,current_run_rate,total_overs,target,runs_needed,overs_remaining,required_run_rate,wickets_fallen,wickets_in_hand,Ground_Type
0.1,0,1,1,Bhuvneshwar Kumar,Bowlers,Robin Uthappa,Batters,0,False,1.0,38,Kolkata,Eden Gardens,Large,False,True,1,0,0.1666666666666666,0,0.0,20,168,168,19.83333333333333,8.470588235294118,0,10,Large
0.2,0,2,2,Bhuvneshwar Kumar,Bowlers,Robin Uthappa,Batters,0,False,1.0,38,Kolkata,Eden Gardens,Large,False,True,2,0,0.3333333333333333,0,0.0,20,168,168,19.666666666666668,8.542372881355933,0,10,Large
0.3,0,3,3,Bhuvneshwar Kumar,Bowlers,Robin Uthappa,Batters,0,False,1.0,38,Kolkata,Eden Gardens,Large,False,True,3,0,0.5,0,0.0,20,168,168,19.5,8.615384615384615,0,10,Large
0.4,0,4,4,Bhuvneshwar Kumar,Bowlers,Robin Uthappa,Batters,5,False,-2.5,38,Kolkata,Eden Gardens,Large,False,True,4,0,0.6666666666666666,5,7.5,20,168,163,19.33333333333333,8.431034482758621,0,10,Large
0.5,0,5,5,Bhuvneshwar Kumar,Bowlers,Gautam Gambhir,Batters,0,False,1.0,38,Kolkata,Eden Gardens,Large,False,True,5,0,0.8333333333333334,5,6.0,20,168,163,19.166666666666668,8.504347826086956,0,10,Large
0.6,0,6,6,Bhuvneshwar Kumar,Bowlers,Gautam Gambhir,Batters,1,False,-0.5,38,Kolkata,Eden Gardens,Large,False,True,6,0,1.0,6,6.0,20,168,162,19.0,8.526315789473685,0,10,Large
1.1,1,1,7,Dale Steyn,Bowlers,Gautam Gambhir,Batters,2,False,-1.0,38,Kolkata,Eden Gardens,Large,False,True,7,1,1.1666666666666667,8,6.857142857142857,20,168,160,18.83333333333333,8.495575221238939,0,10,Large
1.2,1,2,8,Dale Steyn,Bowlers,Gautam Gambhir,Batters,0,False,1.0,38,Kolkata,Eden Gardens,Large,False,True,8,1,1.3333333333333333,8,6.0,20,168,160,18.666666666666668,8.571428571428571,0,10,Large
1.3,1,3,9,Dale Steyn,Bowlers,Gautam Gambhir,Batters,0,False,1.0,38,Kolkata,Eden Gardens,Large,False,True,9,1,1.5,8,5.333333333333333,20,168,160,18.5,8.64864864864865,0,10,Large
1.4,1,4,10,Dale Steyn,Bowlers,Gautam Gambhir,Batters,2,False,-1.0,38,Kolkata,Eden Gardens,Large,False,True,10,1,1.6666666666666663,10,6.000000000000001,20,168,158,18.33333333333333,8.618181818181819,0,10,Large
1.5,1,5,11,Dale Steyn,Bowlers,Gautam Gambhir,Batters,1,False,-0.5,38,Kolkata,Eden Gardens,Large,False,True,11,1,1.8333333333333333,11,5.999999999999999,20,168,157,18.166666666666668,8.642201834862385,0,10,Large
1.6,1,6,12,Dale Steyn,Bowlers,Robin Uthappa,Batters,4,False,-2.0,38,Kolkata,Eden Gardens,Large,False,True,12,1,2.0,15,7.5,20,168,153,18.0,8.5,0,10,Large
2.1,2,1,13,Bhuvneshwar Kumar,Bowlers,Gautam Gambhir,Batters,4,False,-2.0,38,Kolkata,Eden Gardens,Large,False,True,13,2,2.1666666666666665,19,8.76923076923077,20,168,149,17.833333333333332,8.355140186915888,0,10,Large
2.2,2,2,14,Bhuvneshwar Kumar,Bowlers,Gautam Gambhir,Batters,0,False,1.0,38,Kolkata,Eden Gardens,Large,False,True,14,2,2.333333333333333,19,8.142857142857142,20,168,149,17.666666666666668,8.433962264150942,0,10,Large
2.3,2,3,15,Bhuvneshwar Kumar,Bowlers,Gautam Gambhir,Batters,4,False,-2.0,38,Kolkata,Eden Gardens,Large,False,True,15,2,2.5,23,9.2,20,168,145,17.5,8.285714285714286,0,10,Large
2.4,2,4,16,Bhuvneshwar Kumar,Bowlers,Gautam Gambhir,Batters,1,False,-0.5,38,Kolkata,Eden Gardens,Large,False,True,16,2,2.6666666666666665,24,9.0,20,168,144,17.333333333333332,8.307692307692308,0,10,Large
2.5,2,5,17,Bhuvneshwar Kumar,Bowlers,Robin Uthappa,Batters,0,False,1.0,38,Kolkata,Eden Gardens,Large,False,True,17,2,2.833333333333333,24,8.470588235294118,20,168,144,17.166666666666668,8.388349514563107,0,10,Large
2.6,2,6,18,Bhuvneshwar Kumar,Bowlers,Robin Uthappa,Batters,1,False,-0.5,38,Kolkata,Eden Gardens,Large,False,True,18,2,3.0,25,8.333333333333334,20,168,143,17.0,8.411764705882353,0,10,Large
3.1,3,1,19,Praveen Kumar,Bowlers,Robin Uthappa,Batters,4,False,-2.0,38,Kolkata,Eden Gardens,Large,False,True,19,3,3.1666666666666665,29,9.157894736842106,20,168,139,16.833333333333332,8.257425742574258,0,10,Large
3.2,3,2,20,Praveen Kumar,Bowlers,Robin Uthappa,Batters,4,False,-2.0,38,Kolkata,Eden Gardens,Large,False,True,20,3,3.333333333333333,33,9.9,20,168,135,16.666666666666668,8.1,0,10,Large
3.3,3,3,21,Praveen Kumar,Bowlers,Robin Uthappa,Batters,0,False,1.0,38,Kolkata,Eden Gardens,Large,False,True,21,3,3.5,33,9.428571428571429,20,168,135,16.5,8.181818181818182,0,10,Large
3.4,3,4,22,Praveen Kumar,Bowlers,Robin Uthappa,Batters,1,False,-0.25,38,Kolkata,Eden Gardens,Large,False,True,22,3,3.6666666666666665,34,9.272727272727272,20,168,134,16.333333333333332,8.204081632653061,0,10,Large
3.5,3,5,23,Praveen Kumar,Bowlers,Gautam Gambhir,Batters,1,False,-0.5,38,Kolkata,Eden Gardens,Large,False,True,23,3,3.8333333333333335,35,9.130434782608695,20,168,133,16.166666666666668,8.22680412371134,0,10,Large
3.6,3,6,24,Praveen Kumar,Bowlers,Robin Uthappa,Batters,1,False,-0.5,38,Kolkata,Eden Gardens,Large,False,True,24,3,4.0,36,9.0,20,168,132,16.0,8.25,0,10,Large
4.1,4,1,25,Dale Steyn,Bowlers,Robin Uthappa,Batters,1,False,-0.5,38,Kolkata,Eden Gardens,Large,False,True,25,4,4.166666666666667,37,8.879999999999999,20,168,131,15.833333333333332,8.273684210526316,0,10,Large
4.2,4,2,26,Dale Steyn,Bowlers,Gautam Gambhir,Batters,4,False,-2.0,38,Kolkata,Eden Gardens,Large,False,True,26,4,4.333333333333333,41,9.461538461538462,20,168,127,15.666666666666668,8.106382978723405,0,10,Large
4.3,4,3,27,Dale Steyn,Bowlers,Gautam Gambhir,Batters,0,False,1.0,38,Kolkata,Eden Gardens,Large,False,True,27,4,4.5,41,9.11111111111111,20,168,127,15.5,8.193548387096774,0,10,Large
4.4,4,4,28,Dale Steyn,Bowlers,Gautam Gambhir,Batters,0,False,1.0,38,Kolkata,Eden Gardens,Large,False,True,28,4,4.666666666666667,41,8.785714285714285,20,168,127,15.333333333333332,8.282608695652174,0,10,Large
4.5,4,5,29,Dale Steyn,Bowlers,Gautam Gambhir,Batters,4,False,-2.0,38,Kolkata,Eden Gardens,Large,False,True,29,4,4.833333333333333,45,9.310344827586208,20,168,123,15.166666666666668,8.10989010989011,0,10,Large
4.6,4,6,30,Dale Steyn,Bowlers,Gautam Gambhir,Batters,0,False,1.0,38,Kolkata,Eden Gardens,Large,False,True,30,4,5.0,45,9.0,20,168,123,15.0,8.2,0,10,Large
5.1,5,1,31,Moises Henriques,All-Rounders,Robin Uthappa,Batters,1,False,-0.5,38,Kolkata,Eden Gardens,Large,False,True,31,5,5.166666666666667,46,8.903225806451612,20,168,122,14.833333333333332,8.224719101123597,0,10,Large
5.2,5,2,32,Moises Henriques,All-Rounders,Gautam Gambhir,Batters,0,False,1.0,38,Kolkata,Eden Gardens,Large,False,True,32,5,5.333333333333333,46,8.625,20,168,122,14.666666666666668,8.318181818181818,0,10,Large
5.3,5,3,33,Moises Henriques,All-Rounders,Gautam Gambhir,Batters,4,False,-2.0,38,Kolkata,Eden Gardens,Large,False,True,33,5,5.5,50,9.090909090909092,20,168,118,14.5,8.137931034482758,0,10,Large
5.4,5,4,34,Moises Henriques,All-Rounders,Gautam Gambhir,Batters,4,False,-0.25,38,Kolkata,Eden Gardens,Large,False,True,34,5,5.666666666666667,54,9.529411764705882,20,168,114,14.333333333333332,7.953488372093024,0,10,Large
5.5,5,5,35,Moises Henriques,All-Rounders,Gautam Gambhir,Batters,1,False,-0.5,38,Kolkata,Eden Gardens,Large,False,True,35,5,5.833333333333333,55,9.428571428571429,20,168,113,14.166666666666668,7.976470588235293,0,10,Large
5.6,5,6,36,Moises Henriques,All-Rounders,Robin Uthappa,Batters,0,False,1.0,38,Kolkata,Eden Gardens,Large,False,True,36,5,6.0,55,9.166666666666666,20,168,113,14.0,8.071428571428571,0,10,Large
6.1,6,1,37,Karn Sharma,Bowlers,Gautam Gambhir,Batters,2,False,-1.0,38,Kolkata,Eden Gardens,Large,False,True,37,6,6.166666666666667,57,9.243243243243242,20,168,111,13.833333333333332,8.024096385542169,0,10,Large
6.2,6,2,38,Karn Sharma,Bowlers,Gautam Gambhir,Batters,0,True,5.0,38,Kolkata,Eden Gardens,Large,False,True,38,6,6.333333333333333,57,9.0,20,168,111,13.666666666666668,8.121951219512194,1,9,Large
6.3,6,3,39,Karn Sharma,Bowlers,Robin Uthappa,Batters,2,False,-1.0,38,Kolkata,Eden Gardens,Large,False,True,39,6,6.5,59,9.076923076923077,20,168,109,13.5,8.074074074074074,1,9,Large
6.4,6,4,40,Karn Sharma,Bowlers,Robin Uthappa,Batters,1,False,-0.5,38,Kolkata,Eden Gardens,Large,False,True,40,6,6.666666666666667,60,9.0,20,168,108,13.333333333333332,8.100000000000001,1,9,Large
6.5,6,5,41,Karn Sharma,Bowlers,Manish Pandey,Batters,0,False,1.0,38,Kolkata,Eden Gardens,Large,False,True,41,6,6.833333333333333,60,8.78048780487805,20,168,108,13.166666666666668,8.20253164556962,1,9,Large
6.6,6,6,42,Karn Sharma,Bowlers,Manish Pandey,Batters,0,False,1.0,38,Kolkata,Eden Gardens,Large,False,True,42,6,7.0,60,8.571428571428571,20,168,108,13.0,8.307692307692308,1,9,Large
7.1,7,1,43,Bipul Sharma,All-Rounders,Robin Uthappa,Batters,1,False,-0.5,38,Kolkata,Eden Gardens,Large,False,True,43,7,7.166666666666667,61,8.511627906976743,20,168,107,12.833333333333332,8.337662337662339,1,9,Large
7.2,7,2,44,Bipul Sharma,All-Rounders,Manish Pandey,Batters,0,False,1.0,38,Kolkata,Eden Gardens,Large,False,True,44,7,7.333333333333333,61,8.318181818181818,20,168,107,12.666666666666668,8.44736842105263,1,9,Large
7.3,7,3,45,Bipul Sharma,All-Rounders,Manish Pandey,Batters,6,False,-3.0,38,Kolkata,Eden Gardens,Large,False,True,45,7,7.5,67,8.933333333333334,20,168,101,12.5,8.08,1,9,Large
7.4,7,4,46,Bipul Sharma,All-Rounders,Manish Pandey,Batters,0,False,1.0,38,Kolkata,Eden Gardens,Large,False,True,46,7,7.666666666666667,67,8.739130434782608,20,168,101,12.333333333333332,8.18918918918919,1,9,Large
7.5,7,5,47,Bipul Sharma,All-Rounders,Manish Pandey,Batters,1,False,-0.5,38,Kolkata,Eden Gardens,Large,False,True,47,7,7.833333333333333,68,8.680851063829788,20,168,100,12.166666666666668,8.21917808219178,1,9,Large
7.6,7,6,48,Bipul Sharma,All-Rounders,Robin Uthappa,Batters,0,False,1.0,38,Kolkata,Eden Gardens,Large,False,True,48,7,8.0,68,8.5,20,168,100,12.0,8.333333333333334,1,9,Large
8.1,8,1,49,Karn Sharma,Bowlers,Manish Pandey,Batters,0,False,1.0,38,Kolkata,Eden Gardens,Large,False,True,49,8,8.166666666666666,68,8.326530612244898,20,168,100,11.833333333333334,8.450704225352112,1,9,Large
8.2,8,2,50,Karn Sharma,Bowlers,Manish Pandey,Batters,0,False,1.0,38,Kolkata,Eden Gardens,Large,False,True,50,8,8.333333333333334,68,8.16,20,168,100,11.666666666666666,8.571428571428571,1,9,Large
8.3,8,3,51,Karn Sharma,Bowlers,Manish Pandey,Batters,2,False,-1.0,38,Kolkata,Eden Gardens,Large,False,True,51,8,8.5,70,8.235294117647058,20,168,98,11.5,8.521739130434783,1,9,Large
8.4,8,4,52,Karn Sharma,Bowlers,Manish Pandey,Batters,1,False,-0.5,38,Kolkata,Eden Gardens,Large,False,True,52,8,8.666666666666666,71,8.192307692307693,20,168,97,11.333333333333334,8.558823529411764,1,9,Large
8.5,8,5,53,Karn Sharma,Bowlers,Robin Uthappa,Batters,1,False,-0.5,38,Kolkata,Eden Gardens,Large,False,True,53,8,8.833333333333334,72,8.150943396226415,20,168,96,11.166666666666666,8.597014925373134,1,9,Large
8.6,8,6,54,Karn Sharma,Bowlers,Manish Pandey,Batters,1,False,-0.5,38,Kolkata,Eden Gardens,Large,False,True,54,8,9.0,73,8.11111111111111,20,168,95,11.0,8.636363636363637,1,9,Large
9.1,9,1,55,Bipul Sharma,All-Rounders,Manish Pandey,Batters,1,False,-0.5,38,Kolkata,Eden Gardens,Large,False,True,55,9,9.166666666666666,74,8.072727272727274,20,168,94,10.833333333333334,8.676923076923076,1,9,Large
9.2,9,2,56,Bipul Sharma,All-Rounders,Robin Uthappa,Batters,0,False,1.0,38,Kolkata,Eden Gardens,Large,False,True,56,9,9.333333333333334,74,7.928571428571428,20,168,94,10.666666666666666,8.8125,1,9,Large
9.3,9,3,57,Bipul Sharma,All-Rounders,Robin Uthappa,Batters,0,False,1.0,38,Kolkata,Eden Gardens,Large,False,True,57,9,9.5,74,7.7894736842105265,20,168,94,10.5,8.952380952380953,1,9,Large
9.4,9,4,58,Bipul Sharma,All-Rounders,Robin Uthappa,Batters,1,False,-0.5,38,Kolkata,Eden Gardens,Large,False,True,58,9,9.666666666666666,75,7.758620689655173,20,168,93,10.333333333333334,9.0,1,9,Large
9.5,9,5,59,Bipul Sharma,All-Rounders,Manish Pandey,Batters,1,False,-0.5,38,Kolkata,Eden Gardens,Large,False,True,59,9,9.833333333333334,76,7.728813559322034,20,168,92,10.166666666666666,9.049180327868854,1,9,Large
9.6,9,6,60,Bipul Sharma,All-Rounders,Robin Uthappa,Batters,1,False,-0.5,38,Kolkata,Eden Gardens,Large,False,True,60,9,10.0,77,7.7,20,168,91,10.0,9.1,1,9,Large
10.1,10,1,61,Karn Sharma,Bowlers,Robin Uthappa,Batters,1,False,-0.5,38,Kolkata,Eden Gardens,Large,False,True,61,10,10.166666666666666,78,7.672131147540984,20,168,90,9.833333333333334,9.152542372881356,1,9,Large
10.2,10,2,62,Karn Sharma,Bowlers,Manish Pandey,Batters,1,False,-0.5,38,Kolkata,Eden Gardens,Large,False,True,62,10,10.333333333333334,79,7.64516129032258,20,168,89,9.666666666666666,9.20689655172414,1,9,Large
10.3,10,3,63,Karn Sharma,Bowlers,Robin Uthappa,Batters,1,False,-0.5,38,Kolkata,Eden Gardens,Large,False,True,63,10,10.5,80,7.619047619047619,20,168,88,9.5,9.263157894736842,1,9,Large
10.4,10,4,64,Karn Sharma,Bowlers,Manish Pandey,Batters,0,False,1.0,38,Kolkata,Eden Gardens,Large,False,True,64,10,10.666666666666666,80,7.5,20,168,88,9.333333333333334,9.428571428571429,1,9,Large
10.5,10,5,65,Karn Sharma,Bowlers,Manish Pandey,Batters,1,False,-0.5,38,Kolkata,Eden Gardens,Large,False,True,65,10,10.833333333333334,81,7.476923076923076,20,168,87,9.166666666666666,9.490909090909092,1,9,Large
10.6,10,6,66,Karn Sharma,Bowlers,Robin Uthappa,Batters,0,True,5.0,38,Kolkata,Eden Gardens,Large,False,True,66,10,11.0,81,7.363636363636363,20,168,87,9.0,9.666666666666666,2,8,Large
11.1,11,1,67,Bipul Sharma,All-Rounders,Manish Pandey,Batters,1,False,-0.5,38,Kolkata,Eden Gardens,Large,False,True,67,11,11.166666666666666,82,7.343283582089553,20,168,86,8.833333333333334,9.735849056603772,2,8,Large
11.2,11,2,68,Bipul Sharma,All-Rounders,Andre Russell,All-Rounders,0,False,1.0,38,Kolkata,Eden Gardens,Large,False,True,68,11,11.333333333333334,82,7.235294117647059,20,168,86,8.666666666666666,9.923076923076923,2,8,Large
11.3,11,3,69,Bipul Sharma,All-Rounders,Andre Russell,All-Rounders,1,False,-0.5,38,Kolkata,Eden Gardens,Large,False,True,69,11,11.5,83,7.217391304347826,20,168,85,8.5,10.0,2,8,Large
11.4,11,4,70,Bipul Sharma,All-Rounders,Manish Pandey,Batters,2,False,-1.0,38,Kolkata,Eden Gardens,Large,False,True,70,11,11.666666666666666,85,7.2857142857142865,20,168,83,8.333333333333334,9.96,2,8,Large
11.5,11,5,71,Bipul Sharma,All-Rounders,Manish Pandey,Batters,1,False,-0.5,38,Kolkata,Eden Gardens,Large,False,True,71,11,11.833333333333334,86,7.267605633802816,20,168,82,8.166666666666666,10.040816326530614,2,8,Large
11.6,11,6,72,Bipul Sharma,All-Rounders,Andre Russell,All-Rounders,0,True,5.0,38,Kolkata,Eden Gardens,Large,False,True,72,11,12.0,86,7.166666666666667,20,168,82,8.0,10.25,3,7,Large
12.1,12,1,73,Karn Sharma,Bowlers,Manish Pandey,Batters,6,False,-3.0,38,Kolkata,Eden Gardens,Large,False,True,73,12,12.166666666666666,92,7.561643835616438,20,168,76,7.833333333333334,9.702127659574469,3,7,Large
12.2,12,2,74,Karn Sharma,Bowlers,Manish Pandey,Batters,4,False,-2.0,38,Kolkata,Eden Gardens,Large,False,True,74,12,12.333333333333334,96,7.783783783783783,20,168,72,7.666666666666666,9.391304347826088,3,7,Large
12.3,12,3,75,Karn Sharma,Bowlers,Manish Pandey,Batters,1,False,-0.5,38,Kolkata,Eden Gardens,Large,False,True,75,12,12.5,97,7.76,20,168,71,7.5,9.466666666666669,3,7,Large
12.4,12,4,76,Karn Sharma,Bowlers,Ryan ten Doeschate,All-Rounders,1,False,-0.5,38,Kolkata,Eden Gardens,Large,False,True,76,12,12.666666666666666,98,7.736842105263158,20,168,70,7.333333333333334,9.545454545454543,3,7,Large
12.5,12,5,77,Karn Sharma,Bowlers,Manish Pandey,Batters,1,False,-0.5,38,Kolkata,Eden Gardens,Large,False,True,77,12,12.833333333333334,99,7.7142857142857135,20,168,69,7.166666666666666,9.627906976744187,3,7,Large
12.6,12,6,78,Karn Sharma,Bowlers,Ryan ten Doeschate,All-Rounders,2,False,-1.0,38,Kolkata,Eden Gardens,Large,False,True,78,12,13.0,101,7.769230769230769,20,168,67,7.0,9.571428571428571,3,7,Large
13.1,13,1,79,Bipul Sharma,All-Rounders,Manish Pandey,Batters,1,False,-0.5,38,Kolkata,Eden Gardens,Large,False,True,79,13,13.166666666666666,102,7.746835443037975,20,168,66,6.833333333333334,9.658536585365852,3,7,Large
13.2,13,2,80,Bipul Sharma,All-Rounders,Ryan ten Doeschate,All-Rounders,1,False,-0.5,38,Kolkata,Eden Gardens,Large,False,True,80,13,13.333333333333334,103,7.725,20,168,65,6.666666666666666,9.75,3,7,Large
13.3,13,3,81,Bipul Sharma,All-Rounders,Manish Pandey,Batters,1,False,-0.5,38,Kolkata,Eden Gardens,Large,False,True,81,13,13.5,104,7.703703703703703,20,168,64,6.5,9.846153846153848,3,7,Large
13.4,13,4,82,,,,,0,False,0.0,38,Kolkata,Eden Gardens,Large,False,True,82,13,13.666666666666666,104,7.609756097560976,20,168,64,6.333333333333334,10.105263157894736,3,7,Large
13.5,13,5,83,Bipul Sharma,All-Rounders,Manish Pandey,Batters,0,True,5.0,38,Kolkata,Eden Gardens,Large,False,True,83,13,13.833333333333334,104,7.518072289156626,20,168,64,6.166666666666666,10.37837837837838,4,6,Large
13.6,13,6,84,Bipul Sharma,All-Rounders,Yusuf Pathan,All-Rounders,2,False,-1.0,38,Kolkata,Eden Gardens,Large,False,True,84,13,14.0,106,7.571428571428571,20,168,62,6.0,10.333333333333334,4,6,Large
14.1,14,1,85,Moises Henriques,All-Rounders,Ryan ten Doeschate,All-Rounders,2,False,-1.0,38,Kolkata,Eden Gardens,Large,False,True,85,14,14.166666666666666,108,7.623529411764706,20,168,60,5.833333333333334,10.285714285714285,4,6,Large
14.2,14,2,86,Moises Henriques,All-Rounders,Ryan ten Doeschate,All-Rounders,1,False,-0.5,38,Kolkata,Eden Gardens,Large,False,True,86,14,14.333333333333334,109,7.604651162790697,20,168,59,5.666666666666666,10.411764705882351,4,6,Large
14.3,14,3,87,Moises Henriques,All-Rounders,Yusuf Pathan,All-Rounders,0,False,1.0,38,Kolkata,Eden Gardens,Large,False,True,87,14,14.5,109,7.517241379310345,20,168,59,5.5,10.727272727272728,4,6,Large
14.4,14,4,88,Moises Henriques,All-Rounders,Yusuf Pathan,All-Rounders,0,False,1.0,38,Kolkata,Eden Gardens,Large,False,True,88,14,14.666666666666666,109,7.4318181818181825,20,168,59,5.333333333333334,11.062499999999998,4,6,Large
14.5,14,5,89,Moises Henriques,All-Rounders,Yusuf Pathan,All-Rounders,1,False,-0.5,38,Kolkata,Eden Gardens,Large,False,True,89,14,14.833333333333334,110,7.415730337078651,20,168,58,5.166666666666666,11.225806451612904,4,6,Large
14.6,14,6,90,Moises Henriques,All-Rounders,Ryan ten Doeschate,All-Rounders,0,True,5.0,38,Kolkata,Eden Gardens,Large,False,True,90,14,15.0,110,7.333333333333333,20,168,58,5.0,11.6,5,5,Large
15.1,15,1,91,Dale Steyn,Bowlers,Yusuf Pathan,All-Rounders,0,False,1.0,38,Kolkata,Eden Gardens,Large,False,True,91,15,15.166666666666666,110,7.252747252747253,20,168,58,4.833333333333334,11.999999999999998,5,5,Large
15.2,15,2,92,Dale Steyn,Bowlers,Yusuf Pathan,All-Rounders,4,False,-2.0,38,Kolkata,Eden Gardens,Large,False,True,92,15,15.333333333333334,114,7.434782608695652,20,168,54,4.666666666666666,11.571428571428571,5,5,Large
15.3,15,3,93,Dale Steyn,Bowlers,Yusuf Pathan,All-Rounders,0,False,1.0,38,Kolkata,Eden Gardens,Large,False,True,93,15,15.5,114,7.354838709677419,20,168,54,4.5,12.0,5,5,Large
15.3,15,3,94,Dale Steyn,Bowlers,Yusuf Pathan,All-Rounders,1,False,-1.0,38,Kolkata,Eden Gardens,Large,True,False,93,15,15.5,115,7.419354838709677,20,168,53,4.5,11.77777777777778,5,5,Large
15.4,15,4,95,Dale Steyn,Bowlers,Yusuf Pathan,All-Rounders,1,False,-0.5,38,Kolkata,Eden Gardens,Large,False,True,94,15,15.666666666666666,116,7.404255319148937,20,168,52,4.333333333333334,11.999999999999998,5,5,Large
15.5,15,5,96,Dale Steyn,Bowlers,Johan Botha,All-Rounders,0,False,1.0,38,Kolkata,Eden Gardens,Large,False,True,95,15,15.833333333333334,116,7.326315789473684,20,168,52,4.166666666666666,12.480000000000002,5,5,Large
15.6,15,6,97,Dale Steyn,Bowlers,Johan Botha,All-Rounders,4,False,-2.0,38,Kolkata,Eden Gardens,Large,False,True,96,15,16.0,120,7.5,20,168,48,4.0,12.0,5,5,Large
16.1,16,1,98,Moises Henriques,All-Rounders,Yusuf Pathan,All-Rounders,4,False,-2.0,38,Kolkata,Eden Gardens,Large,False,True,97,16,16.166666666666668,124,7.670103092783504,20,168,44,3.833333333333332,11.47826086956522,5,5,Large
16.2,16,2,99,Moises Henriques,All-Rounders,Yusuf Pathan,All-Rounders,1,False,-0.25,38,Kolkata,Eden Gardens,Large,False,True,98,16,16.333333333333332,125,7.653061224489797,20,168,43,3.666666666666668,11.727272727272725,5,5,Large
16.3,16,3,100,Moises Henriques,All-Rounders,Johan Botha,All-Rounders,1,False,-0.5,38,Kolkata,Eden Gardens,Large,False,True,99,16,16.5,126,7.636363636363637,20,168,42,3.5,12.0,5,5,Large
16.4,16,4,101,Moises Henriques,All-Rounders,Yusuf Pathan,All-Rounders,1,False,-0.5,38,Kolkata,Eden Gardens,Large,False,True,100,16,16.666666666666668,127,7.619999999999999,20,168,41,3.333333333333332,12.300000000000004,5,5,Large
16.5,16,5,102,Moises Henriques,All-Rounders,Johan Botha,All-Rounders,1,False,-0.5,38,Kolkata,Eden Gardens,Large,False,True,101,16,16.833333333333332,128,7.603960396039604,20,168,40,3.166666666666668,12.631578947368416,5,5,Large
16.6,16,6,103,Moises Henriques,All-Rounders,Yusuf Pathan,All-Rounders,3,False,-1.5,38,Kolkata,Eden Gardens,Large,False,True,102,16,17.0,131,7.705882352941177,20,168,37,3.0,12.333333333333334,5,5,Large
17.1,17,1,104,Bhuvneshwar Kumar,Bowlers,Yusuf Pathan,All-Rounders,1,False,-0.5,38,Kolkata,Eden Gardens,Large,False,True,103,17,17.166666666666668,132,7.689320388349514,20,168,36,2.833333333333332,12.70588235294118,5,5,Large
17.2,17,2,105,Bhuvneshwar Kumar,Bowlers,Johan Botha,All-Rounders,6,False,-3.0,38,Kolkata,Eden Gardens,Large,False,True,104,17,17.333333333333332,138,7.961538461538462,20,168,30,2.666666666666668,11.249999999999996,5,5,Large
17.3,17,3,106,Bhuvneshwar Kumar,Bowlers,Johan Botha,All-Rounders,0,True,5.0,38,Kolkata,Eden Gardens,Large,False,True,105,17,17.5,138,7.885714285714286,20,168,30,2.5,12.0,6,4,Large
17.4,17,4,107,Bhuvneshwar Kumar,Bowlers,Suryakumar Yadav,Batters,2,False,-1.0,38,Kolkata,Eden Gardens,Large,False,True,106,17,17.666666666666668,140,7.924528301886792,20,168,28,2.333333333333332,12.000000000000004,6,4,Large
17.5,17,5,108,Bhuvneshwar Kumar,Bowlers,Suryakumar Yadav,Batters,4,False,-2.0,38,Kolkata,Eden Gardens,Large,False,True,107,17,17.833333333333332,144,8.074766355140188,20,168,24,2.166666666666668,11.076923076923071,6,4,Large
17.6,17,6,109,Bhuvneshwar Kumar,Bowlers,Suryakumar Yadav,Batters,0,True,5.0,38,Kolkata,Eden Gardens,Large,False,True,108,17,18.0,144,8.0,20,168,24,2.0,12.0,7,3,Large
18.1,18,1,110,Dale Steyn,Bowlers,Piyush Chawla,All-Rounders,4,False,-2.0,38,Kolkata,Eden Gardens,Large,False,True,109,18,18.166666666666668,148,8.146788990825687,20,168,20,1.833333333333332,10.909090909090915,7,3,Large
18.2,18,2,111,Dale Steyn,Bowlers,Piyush Chawla,All-Rounders,1,False,-0.5,38,Kolkata,Eden Gardens,Large,False,True,110,18,18.33333333333333,149,8.127272727272727,20,168,19,1.666666666666668,11.399999999999991,7,3,Large
18.3,18,3,112,Dale Steyn,Bowlers,Yusuf Pathan,All-Rounders,1,False,-0.5,38,Kolkata,Eden Gardens,Large,False,True,111,18,18.5,150,8.108108108108109,20,168,18,1.5,12.0,7,3,Large
18.4,18,4,113,Dale Steyn,Bowlers,Piyush Chawla,All-Rounders,1,False,-0.5,38,Kolkata,Eden Gardens,Large,False,True,112,18,18.666666666666668,151,8.089285714285714,20,168,17,1.333333333333332,12.75000000000001,7,3,Large
18.5,18,5,114,Dale Steyn,Bowlers,Yusuf Pathan,All-Rounders,1,False,-0.5,38,Kolkata,Eden Gardens,Large,False,True,113,18,18.83333333333333,152,8.070796460176991,20,168,16,1.166666666666668,13.7142857142857,7,3,Large
18.6,18,6,115,Dale Steyn,Bowlers,Piyush Chawla,All-Rounders,1,False,-0.5,38,Kolkata,Eden Gardens,Large,False,True,114,18,19.0,153,8.052631578947368,20,168,15,1.0,15.0,7,3,Large
19.1,19,1,116,Bhuvneshwar Kumar,Bowlers,Piyush Chawla,All-Rounders,1,False,-0.5,38,Kolkata,Eden Gardens,Large,False,True,115,19,19.166666666666668,154,8.034782608695652,20,168,14,0.8333333333333321,16.800000000000026,7,3,Large
19.2,19,2,117,Bhuvneshwar Kumar,Bowlers,Yusuf Pathan,All-Rounders,1,False,-0.5,38,Kolkata,Eden Gardens,Large,False,True,116,19,19.33333333333333,155,8.017241379310345,20,168,13,0.6666666666666679,19.499999999999964,7,3,Large
19.3,19,3,118,Bhuvneshwar Kumar,Bowlers,Piyush Chawla,All-Rounders,1,False,-0.5,38,Kolkata,Eden Gardens,Large,False,True,117,19,19.5,156,8.0,20,168,12,0.5,24.0,7,3,Large
19.4,19,4,119,Bhuvneshwar Kumar,Bowlers,Yusuf Pathan,All-Rounders,4,False,-2.0,38,Kolkata,Eden Gardens,Large,False,True,118,19,19.666666666666668,160,8.135593220338983,20,168,8,0.3333333333333321,24.000000000000085,7,3,Large
19.5,19,5,120,Bhuvneshwar Kumar,Bowlers,Yusuf Pathan,All-Rounders,4,False,-2.0,38,Kolkata,Eden Gardens,Large,False,True,119,19,19.83333333333333,164,8.268907563025211,20,168,4,0.1666666666666678,23.99999999999983,7,3,Large
19.6,19,6,121,Bhuvneshwar Kumar,Bowlers,Yusuf Pathan,All-Rounders,2,False,-1.0,38,Kolkata,Eden Gardens,Large,False,True,120,19,20.0,166,8.3,20,168,2,0.0,inf,7,3,Large
