Ball Number,over,ball,Ball,bowler,bowler_role,batsman,batsman_role,Runs,is_wicket,bowler_score,match_id,city,stadium,Stadium_Type,is_extra,legal_delivery,legal_deliveries_count,overs_completed,overs_bowled,total_runs,current_run_rate,total_overs,target,runs_needed,overs_remaining,required_run_rate,wickets_fallen,wickets_in_hand,Ground_Type
0.1,0,1,1,Mitchell Starc,Bowlers,Murali Vijay,Batters,1,False,-0.5,40,Bangalore,M Chinnaswamy Stadium,Medium,False,True,1,0,0.1666666666666666,1,6.0,20,227,226,19.83333333333333,11.394957983193278,0,10,Medium
0.2,0,2,2,Mitchell Starc,Bowlers,Manan Vohra,Batters,3,False,-1.0,40,Bangalore,M Chinnaswamy Stadium,Medium,True,False,1,0,0.1666666666666666,4,24.0,20,227,223,19.83333333333333,11.243697478991598,0,10,Medium
0.2,0,2,3,Mitchell Starc,Bowlers,Manan Vohra,Batters,2,False,-1.0,40,Bangalore,M Chinnaswamy Stadium,Medium,False,True,2,0,0.3333333333333333,6,18.0,20,227,221,19.666666666666668,11.23728813559322,0,10,Medium
0.3,0,3,4,Mitchell Starc,Bowlers,Manan Vohra,Batters,0,False,1.0,40,Bangalore,M Chinnaswamy Stadium,Medium,False,True,3,0,0.5,6,12.0,20,227,221,19.5,11.333333333333334,0,10,Medium
0.4,0,4,5,Mitchell Starc,Bowlers,Manan Vohra,Batters,0,True,5.0,40,Bangalore,M Chinnaswamy Stadium,Medium,False,True,4,0,0.6666666666666666,6,9.0,20,227,221,19.33333333333333,11.43103448275862,1,9,Medium
0.5,0,5,6,Mitchell Starc,Bowlers,Wriddhiman Saha,Batters,0,False,1.0,40,Bangalore,M Chinnaswamy Stadium,Medium,False,True,5,0,0.8333333333333334,6,7.199999999999999,20,227,221,19.166666666666668,11.530434782608696,1,9,Medium
0.6,0,6,7,Mitchell Starc,Bowlers,Wriddhiman Saha,Batters,5,False,-0.25,40,Bangalore,M Chinnaswamy Stadium,Medium,False,True,6,0,1.0,11,11.0,20,227,216,19.0,11.36842105263158,1,9,Medium
1.1,1,1,8,Sreenath Aravind,Bowlers,Wriddhiman Saha,Batters,0,False,1.0,40,Bangalore,M Chinnaswamy Stadium,Medium,False,True,7,1,1.1666666666666667,11,9.428571428571429,20,227,216,18.83333333333333,11.469026548672566,1,9,Medium
1.2,1,2,9,Sreenath Aravind,Bowlers,Wriddhiman Saha,Batters,6,False,-3.0,40,Bangalore,M Chinnaswamy Stadium,Medium,False,True,8,1,1.3333333333333333,17,12.75,20,227,210,18.666666666666668,11.25,1,9,Medium
1.3,1,3,10,Sreenath Aravind,Bowlers,Wriddhiman Saha,Batters,1,False,-0.5,40,Bangalore,M Chinnaswamy Stadium,Medium,False,True,9,1,1.5,18,12.0,20,227,209,18.5,11.297297297297296,1,9,Medium
1.4,1,4,11,Sreenath Aravind,Bowlers,Murali Vijay,Batters,0,False,1.0,40,Bangalore,M Chinnaswamy Stadium,Medium,False,True,10,1,1.6666666666666663,18,10.8,20,227,209,18.33333333333333,11.4,1,9,Medium
1.5,1,5,12,Sreenath Aravind,Bowlers,Murali Vijay,Batters,0,False,1.0,40,Bangalore,M Chinnaswamy Stadium,Medium,False,True,11,1,1.8333333333333333,18,9.818181818181817,20,227,209,18.166666666666668,11.504587155963302,1,9,Medium
1.6,1,6,13,Sreenath Aravind,Bowlers,Murali Vijay,Batters,1,False,-0.5,40,Bangalore,M Chinnaswamy Stadium,Medium,False,True,12,1,2.0,19,9.5,20,227,208,18.0,11.555555555555555,1,9,Medium
2.1,2,1,14,Harshal Patel,Bowlers,Murali Vijay,Batters,0,False,1.0,40,Bangalore,M Chinnaswamy Stadium,Medium,False,True,13,2,2.1666666666666665,19,8.76923076923077,20,227,208,17.833333333333332,11.66355140186916,1,9,Medium
2.2,2,2,15,Harshal Patel,Bowlers,Murali Vijay,Batters,0,True,5.0,40,Bangalore,M Chinnaswamy Stadium,Medium,False,True,14,2,2.333333333333333,19,8.142857142857142,20,227,208,17.666666666666668,11.773584905660377,2,8,Medium
2.3,2,3,16,Harshal Patel,Bowlers,Glenn Maxwell,All-Rounders,0,False,1.0,40,Bangalore,M Chinnaswamy Stadium,Medium,False,True,15,2,2.5,19,7.6,20,227,208,17.5,11.885714285714286,2,8,Medium
2.4,2,4,17,Harshal Patel,Bowlers,Glenn Maxwell,All-Rounders,0,False,1.0,40,Bangalore,M Chinnaswamy Stadium,Medium,False,True,16,2,2.6666666666666665,19,7.125,20,227,208,17.333333333333332,12.0,2,8,Medium
2.5,2,5,18,Harshal Patel,Bowlers,Glenn Maxwell,All-Rounders,0,False,1.0,40,Bangalore,M Chinnaswamy Stadium,Medium,False,True,17,2,2.833333333333333,19,6.705882352941176,20,227,208,17.166666666666668,12.116504854368932,2,8,Medium
2.6,2,6,19,Harshal Patel,Bowlers,Glenn Maxwell,All-Rounders,1,False,-0.5,40,Bangalore,M Chinnaswamy Stadium,Medium,False,True,18,2,3.0,20,6.666666666666667,20,227,207,17.0,12.176470588235292,2,8,Medium
3.1,3,1,20,Sreenath Aravind,Bowlers,Glenn Maxwell,All-Rounders,0,True,5.0,40,Bangalore,M Chinnaswamy Stadium,Medium,False,True,19,3,3.1666666666666665,20,6.315789473684211,20,227,207,16.833333333333332,12.297029702970296,3,7,Medium
3.2,3,2,21,Sreenath Aravind,Bowlers,David Miller,Batters,0,False,1.0,40,Bangalore,M Chinnaswamy Stadium,Medium,False,True,20,3,3.333333333333333,20,6.0,20,227,207,16.666666666666668,12.42,3,7,Medium
3.3,3,3,22,Sreenath Aravind,Bowlers,David Miller,Batters,0,False,1.0,40,Bangalore,M Chinnaswamy Stadium,Medium,False,True,21,3,3.5,20,5.714285714285714,20,227,207,16.5,12.545454545454543,3,7,Medium
3.4,3,4,23,Sreenath Aravind,Bowlers,David Miller,Batters,0,False,1.0,40,Bangalore,M Chinnaswamy Stadium,Medium,False,True,22,3,3.6666666666666665,20,5.454545454545455,20,227,207,16.333333333333332,12.673469387755103,3,7,Medium
3.5,3,5,24,Sreenath Aravind,Bowlers,David Miller,Batters,4,False,-2.0,40,Bangalore,M Chinnaswamy Stadium,Medium,False,True,23,3,3.8333333333333335,24,6.260869565217391,20,227,203,16.166666666666668,12.556701030927837,3,7,Medium
3.6,3,6,25,Sreenath Aravind,Bowlers,David Miller,Batters,1,False,-0.5,40,Bangalore,M Chinnaswamy Stadium,Medium,False,True,24,3,4.0,25,6.25,20,227,202,16.0,12.625,3,7,Medium
4.1,4,1,26,Mitchell Starc,Bowlers,David Miller,Batters,1,False,-0.5,40,Bangalore,M Chinnaswamy Stadium,Medium,False,True,25,4,4.166666666666667,26,6.239999999999999,20,227,201,15.833333333333332,12.694736842105264,3,7,Medium
4.2,4,2,27,Mitchell Starc,Bowlers,Wriddhiman Saha,Batters,1,False,-0.5,40,Bangalore,M Chinnaswamy Stadium,Medium,False,True,26,4,4.333333333333333,27,6.230769230769231,20,227,200,15.666666666666668,12.76595744680851,3,7,Medium
4.3,4,3,28,Mitchell Starc,Bowlers,David Miller,Batters,0,False,1.0,40,Bangalore,M Chinnaswamy Stadium,Medium,False,True,27,4,4.5,27,6.0,20,227,200,15.5,12.903225806451612,3,7,Medium
4.4,4,4,29,Mitchell Starc,Bowlers,David Miller,Batters,1,False,-0.5,40,Bangalore,M Chinnaswamy Stadium,Medium,False,True,28,4,4.666666666666667,28,6.0,20,227,199,15.333333333333332,12.97826086956522,3,7,Medium
4.5,4,5,30,Mitchell Starc,Bowlers,Wriddhiman Saha,Batters,1,False,-0.5,40,Bangalore,M Chinnaswamy Stadium,Medium,False,True,29,4,4.833333333333333,29,6.0,20,227,198,15.166666666666668,13.054945054945057,3,7,Medium
4.6,4,6,31,Mitchell Starc,Bowlers,David Miller,Batters,0,False,1.0,40,Bangalore,M Chinnaswamy Stadium,Medium,False,True,30,4,5.0,29,5.8,20,227,198,15.0,13.2,3,7,Medium
5.1,5,1,32,Sreenath Aravind,Bowlers,Wriddhiman Saha,Batters,0,False,1.0,40,Bangalore,M Chinnaswamy Stadium,Medium,False,True,31,5,5.166666666666667,29,5.612903225806451,20,227,198,14.833333333333332,13.348314606741576,3,7,Medium
5.2,5,2,33,Sreenath Aravind,Bowlers,Wriddhiman Saha,Batters,4,False,-2.0,40,Bangalore,M Chinnaswamy Stadium,Medium,False,True,32,5,5.333333333333333,33,6.1875,20,227,194,14.666666666666668,13.227272727272728,3,7,Medium
5.3,5,3,34,Sreenath Aravind,Bowlers,Wriddhiman Saha,Batters,0,False,1.0,40,Bangalore,M Chinnaswamy Stadium,Medium,False,True,33,5,5.5,33,6.0,20,227,194,14.5,13.379310344827584,3,7,Medium
5.4,5,4,35,Sreenath Aravind,Bowlers,Wriddhiman Saha,Batters,0,True,5.0,40,Bangalore,M Chinnaswamy Stadium,Medium,False,True,34,5,5.666666666666667,33,5.823529411764706,20,227,194,14.333333333333332,13.534883720930234,4,6,Medium
5.5,5,5,36,Sreenath Aravind,Bowlers,George Bailey,Batters,1,False,-0.5,40,Bangalore,M Chinnaswamy Stadium,Medium,False,True,35,5,5.833333333333333,34,5.828571428571429,20,227,193,14.166666666666668,13.623529411764704,4,6,Medium
5.6,5,6,37,Sreenath Aravind,Bowlers,David Miller,Batters,0,True,5.0,40,Bangalore,M Chinnaswamy Stadium,Medium,False,True,36,5,6.0,34,5.666666666666667,20,227,193,14.0,13.785714285714286,5,5,Medium
6.1,6,1,38,Yuzvendra Chahal,Bowlers,George Bailey,Batters,0,False,1.0,40,Bangalore,M Chinnaswamy Stadium,Medium,False,True,37,6,6.166666666666667,34,5.513513513513513,20,227,193,13.833333333333332,13.951807228915664,5,5,Medium
6.2,6,2,39,Yuzvendra Chahal,Bowlers,George Bailey,Batters,1,False,-0.5,40,Bangalore,M Chinnaswamy Stadium,Medium,False,True,38,6,6.333333333333333,35,5.526315789473684,20,227,192,13.666666666666668,14.048780487804876,5,5,Medium
6.3,6,3,40,Yuzvendra Chahal,Bowlers,Axar Patel,All-Rounders,4,False,-2.0,40,Bangalore,M Chinnaswamy Stadium,Medium,False,True,39,6,6.5,39,6.0,20,227,188,13.5,13.925925925925926,5,5,Medium
6.4,6,4,41,Yuzvendra Chahal,Bowlers,Axar Patel,All-Rounders,0,False,1.0,40,Bangalore,M Chinnaswamy Stadium,Medium,False,True,40,6,6.666666666666667,39,5.85,20,227,188,13.333333333333332,14.1,5,5,Medium
6.5,6,5,42,Yuzvendra Chahal,Bowlers,Axar Patel,All-Rounders,0,False,1.0,40,Bangalore,M Chinnaswamy Stadium,Medium,False,True,41,6,6.833333333333333,39,5.707317073170732,20,227,188,13.166666666666668,14.278481012658226,5,5,Medium
6.6,6,6,43,Yuzvendra Chahal,Bowlers,Axar Patel,All-Rounders,0,False,1.0,40,Bangalore,M Chinnaswamy Stadium,Medium,False,True,42,6,7.0,39,5.571428571428571,20,227,188,13.0,14.461538461538462,5,5,Medium
7.1,7,1,44,Sreenath Aravind,Bowlers,George Bailey,Batters,0,True,5.0,40,Bangalore,M Chinnaswamy Stadium,Medium,False,True,43,7,7.166666666666667,39,5.441860465116279,20,227,188,12.833333333333332,14.649350649350652,6,4,Medium
7.2,7,2,45,Sreenath Aravind,Bowlers,Mitchell Johnson,Bowlers,0,False,1.0,40,Bangalore,M Chinnaswamy Stadium,Medium,False,True,44,7,7.333333333333333,39,5.318181818181818,20,227,188,12.666666666666668,14.842105263157894,6,4,Medium
7.3,7,3,46,Sreenath Aravind,Bowlers,Mitchell Johnson,Bowlers,1,False,-0.5,40,Bangalore,M Chinnaswamy Stadium,Medium,False,True,45,7,7.5,40,5.333333333333333,20,227,187,12.5,14.96,6,4,Medium
7.4,7,4,47,Sreenath Aravind,Bowlers,Axar Patel,All-Rounders,0,False,1.0,40,Bangalore,M Chinnaswamy Stadium,Medium,False,True,46,7,7.666666666666667,40,5.217391304347826,20,227,187,12.333333333333332,15.162162162162163,6,4,Medium
7.5,7,5,48,Sreenath Aravind,Bowlers,Axar Patel,All-Rounders,4,False,-2.0,40,Bangalore,M Chinnaswamy Stadium,Medium,False,True,47,7,7.833333333333333,44,5.617021276595745,20,227,183,12.166666666666668,15.041095890410958,6,4,Medium
7.6,7,6,49,Sreenath Aravind,Bowlers,Axar Patel,All-Rounders,4,False,-2.0,40,Bangalore,M Chinnaswamy Stadium,Medium,False,True,48,7,8.0,48,6.0,20,227,179,12.0,14.916666666666666,6,4,Medium
8.1,8,1,50,Mitchell Starc,Bowlers,Mitchell Johnson,Bowlers,0,False,1.0,40,Bangalore,M Chinnaswamy Stadium,Medium,False,True,49,8,8.166666666666666,48,5.877551020408164,20,227,179,11.833333333333334,15.12676056338028,6,4,Medium
8.2,8,2,51,Mitchell Starc,Bowlers,Mitchell Johnson,Bowlers,1,False,-1.0,40,Bangalore,M Chinnaswamy Stadium,Medium,True,False,49,8,8.166666666666666,49,6.0,20,227,178,11.833333333333334,15.04225352112676,6,4,Medium
8.2,8,2,52,Mitchell Starc,Bowlers,Mitchell Johnson,Bowlers,0,True,5.0,40,Bangalore,M Chinnaswamy Stadium,Medium,False,True,50,8,8.333333333333334,49,5.88,20,227,178,11.666666666666666,15.257142857142858,7,3,Medium
8.3,8,3,53,Mitchell Starc,Bowlers,Anureet Singh,Bowlers,0,False,1.0,40,Bangalore,M Chinnaswamy Stadium,Medium,False,True,51,8,8.5,49,5.764705882352941,20,227,178,11.5,15.478260869565217,7,3,Medium
8.4,8,4,54,Mitchell Starc,Bowlers,Anureet Singh,Bowlers,0,True,5.0,40,Bangalore,M Chinnaswamy Stadium,Medium,False,True,52,8,8.666666666666666,49,5.653846153846154,20,227,178,11.333333333333334,15.705882352941176,8,2,Medium
8.5,8,5,55,Mitchell Starc,Bowlers,Karn Sharma,Bowlers,2,False,-1.0,40,Bangalore,M Chinnaswamy Stadium,Medium,False,True,53,8,8.833333333333334,51,5.773584905660377,20,227,176,11.166666666666666,15.761194029850747,8,2,Medium
8.6,8,6,56,Mitchell Starc,Bowlers,Karn Sharma,Bowlers,0,False,1.0,40,Bangalore,M Chinnaswamy Stadium,Medium,False,True,54,8,9.0,51,5.666666666666667,20,227,176,11.0,16.0,8,2,Medium
9.1,9,1,57,Harshal Patel,Bowlers,Axar Patel,All-Rounders,0,False,1.0,40,Bangalore,M Chinnaswamy Stadium,Medium,False,True,55,9,9.166666666666666,51,5.563636363636364,20,227,176,10.833333333333334,16.246153846153845,8,2,Medium
9.2,9,2,58,Harshal Patel,Bowlers,Axar Patel,All-Rounders,1,False,-0.5,40,Bangalore,M Chinnaswamy Stadium,Medium,False,True,56,9,9.333333333333334,52,5.571428571428571,20,227,175,10.666666666666666,16.40625,8,2,Medium
9.3,9,3,59,Harshal Patel,Bowlers,Karn Sharma,Bowlers,0,False,1.0,40,Bangalore,M Chinnaswamy Stadium,Medium,False,True,57,9,9.5,52,5.473684210526316,20,227,175,10.5,16.666666666666668,8,2,Medium
9.4,9,4,60,Harshal Patel,Bowlers,Karn Sharma,Bowlers,1,False,-0.5,40,Bangalore,M Chinnaswamy Stadium,Medium,False,True,58,9,9.666666666666666,53,5.482758620689656,20,227,174,10.333333333333334,16.838709677419352,8,2,Medium
9.5,9,5,61,Harshal Patel,Bowlers,Axar Patel,All-Rounders,6,False,-3.0,40,Bangalore,M Chinnaswamy Stadium,Medium,False,True,59,9,9.833333333333334,59,6.0,20,227,168,10.166666666666666,16.524590163934427,8,2,Medium
9.6,9,6,62,Harshal Patel,Bowlers,Axar Patel,All-Rounders,4,False,-2.0,40,Bangalore,M Chinnaswamy Stadium,Medium,False,True,60,9,10.0,63,6.3,20,227,164,10.0,16.4,8,2,Medium
10.1,10,1,63,Mitchell Starc,Bowlers,Karn Sharma,Bowlers,1,False,-0.5,40,Bangalore,M Chinnaswamy Stadium,Medium,False,True,61,10,10.166666666666666,64,6.295081967213116,20,227,163,9.833333333333334,16.576271186440678,8,2,Medium
10.2,10,2,64,Mitchell Starc,Bowlers,Axar Patel,All-Rounders,1,False,-0.5,40,Bangalore,M Chinnaswamy Stadium,Medium,False,True,62,10,10.333333333333334,65,6.290322580645161,20,227,162,9.666666666666666,16.758620689655174,8,2,Medium
10.3,10,3,65,Mitchell Starc,Bowlers,Karn Sharma,Bowlers,0,False,1.0,40,Bangalore,M Chinnaswamy Stadium,Medium,False,True,63,10,10.5,65,6.190476190476191,20,227,162,9.5,17.05263157894737,8,2,Medium
10.4,10,4,66,Mitchell Starc,Bowlers,Karn Sharma,Bowlers,0,True,5.0,40,Bangalore,M Chinnaswamy Stadium,Medium,False,True,64,10,10.666666666666666,65,6.09375,20,227,162,9.333333333333334,17.357142857142858,9,1,Medium
10.5,10,5,67,Mitchell Starc,Bowlers,Sandeep Sharma,Bowlers,0,False,1.0,40,Bangalore,M Chinnaswamy Stadium,Medium,False,True,65,10,10.833333333333334,65,6.0,20,227,162,9.166666666666666,17.672727272727276,9,1,Medium
10.6,10,6,68,Mitchell Starc,Bowlers,Sandeep Sharma,Bowlers,0,False,1.0,40,Bangalore,M Chinnaswamy Stadium,Medium,False,True,66,10,11.0,65,5.909090909090909,20,227,162,9.0,18.0,9,1,Medium
11.1,11,1,69,Yuzvendra Chahal,Bowlers,Axar Patel,All-Rounders,2,False,-1.0,40,Bangalore,M Chinnaswamy Stadium,Medium,False,True,67,11,11.166666666666666,67,6.0,20,227,160,8.833333333333334,18.11320754716981,9,1,Medium
11.2,11,2,70,Yuzvendra Chahal,Bowlers,Axar Patel,All-Rounders,0,False,1.0,40,Bangalore,M Chinnaswamy Stadium,Medium,False,True,68,11,11.333333333333334,67,5.911764705882352,20,227,160,8.666666666666666,18.461538461538463,9,1,Medium
11.3,11,3,71,Yuzvendra Chahal,Bowlers,Axar Patel,All-Rounders,4,False,-2.0,40,Bangalore,M Chinnaswamy Stadium,Medium,False,True,69,11,11.5,71,6.173913043478261,20,227,156,8.5,18.352941176470587,9,1,Medium
11.4,11,4,72,Yuzvendra Chahal,Bowlers,Axar Patel,All-Rounders,0,False,1.0,40,Bangalore,M Chinnaswamy Stadium,Medium,False,True,70,11,11.666666666666666,71,6.085714285714286,20,227,156,8.333333333333334,18.72,9,1,Medium
11.5,11,5,73,Yuzvendra Chahal,Bowlers,Axar Patel,All-Rounders,6,False,-3.0,40,Bangalore,M Chinnaswamy Stadium,Medium,False,True,71,11,11.833333333333334,77,6.507042253521126,20,227,150,8.166666666666666,18.367346938775512,9,1,Medium
11.6,11,6,74,Yuzvendra Chahal,Bowlers,Axar Patel,All-Rounders,1,False,-0.5,40,Bangalore,M Chinnaswamy Stadium,Medium,False,True,72,11,12.0,78,6.5,20,227,149,8.0,18.625,9,1,Medium
12.1,12,1,75,David Wiese,All-Rounders,Axar Patel,All-Rounders,1,False,-0.5,40,Bangalore,M Chinnaswamy Stadium,Medium,False,True,73,12,12.166666666666666,79,6.493150684931507,20,227,148,7.833333333333334,18.8936170212766,9,1,Medium
12.2,12,2,76,David Wiese,All-Rounders,Sandeep Sharma,Bowlers,0,False,1.0,40,Bangalore,M Chinnaswamy Stadium,Medium,False,True,74,12,12.333333333333334,79,6.405405405405405,20,227,148,7.666666666666666,19.30434782608696,9,1,Medium
12.3,12,3,77,David Wiese,All-Rounders,Sandeep Sharma,Bowlers,0,False,1.0,40,Bangalore,M Chinnaswamy Stadium,Medium,False,True,75,12,12.5,79,6.32,20,227,148,7.5,19.73333333333333,9,1,Medium
12.4,12,4,78,David Wiese,All-Rounders,Sandeep Sharma,Bowlers,1,False,-0.5,40,Bangalore,M Chinnaswamy Stadium,Medium,False,True,76,12,12.666666666666666,80,6.315789473684211,20,227,147,7.333333333333334,20.045454545454543,9,1,Medium
12.5,12,5,79,David Wiese,All-Rounders,Axar Patel,All-Rounders,1,False,-0.5,40,Bangalore,M Chinnaswamy Stadium,Medium,False,True,77,12,12.833333333333334,81,6.311688311688312,20,227,146,7.166666666666666,20.37209302325581,9,1,Medium
12.6,12,6,80,David Wiese,All-Rounders,Sandeep Sharma,Bowlers,1,False,-0.5,40,Bangalore,M Chinnaswamy Stadium,Medium,False,True,78,12,13.0,82,6.307692307692308,20,227,145,7.0,20.714285714285715,9,1,Medium
13.1,13,1,81,Yuzvendra Chahal,Bowlers,Sandeep Sharma,Bowlers,4,False,-2.0,40,Bangalore,M Chinnaswamy Stadium,Medium,False,True,79,13,13.166666666666666,86,6.531645569620253,20,227,141,6.833333333333334,20.634146341463413,9,1,Medium
13.2,13,2,82,Yuzvendra Chahal,Bowlers,Sandeep Sharma,Bowlers,1,False,-0.5,40,Bangalore,M Chinnaswamy Stadium,Medium,False,True,80,13,13.333333333333334,87,6.525,20,227,140,6.666666666666666,21.000000000000004,9,1,Medium
13.3,13,3,83,Yuzvendra Chahal,Bowlers,Axar Patel,All-Rounders,1,False,-0.5,40,Bangalore,M Chinnaswamy Stadium,Medium,False,True,81,13,13.5,88,6.518518518518518,20,227,139,6.5,21.384615384615383,9,1,Medium
13.4,13,4,84,Yuzvendra Chahal,Bowlers,Sandeep Sharma,Bowlers,0,True,5.0,40,Bangalore,M Chinnaswamy Stadium,Medium,False,True,82,13,13.666666666666666,88,6.439024390243903,20,227,139,6.333333333333334,21.94736842105263,10,0,Medium
