Ball Number,over,ball,Ball,bowler,bowler_role,batsman,batsman_role,Runs,is_wicket,bowler_score,match_id,city,stadium,Stadium_Type,is_extra,legal_delivery,legal_deliveries_count,overs_completed,overs_bowled,total_runs,current_run_rate,total_overs,target,runs_needed,overs_remaining,required_run_rate,wickets_fallen,wickets_in_hand,Ground_Type
0.1,0,1,1,Deepak Hooda,All-Rounders,Shikhar Dhawan,Batters,0,False,1.0,41,Mumbai,Brabourne Stadium,Small,False,True,1,0,0.1666666666666666,0,0.0,20,202,202,19.83333333333333,10.184873949579831,0,10,Small
0.2,0,2,2,Deepak Hooda,All-Rounders,Shikhar Dhawan,Batters,4,False,-2.0,41,Mumbai,Brabourne Stadium,Small,False,True,2,0,0.3333333333333333,4,12.0,20,202,198,19.666666666666668,10.067796610169491,0,10,Small
0.3,0,3,3,Deepak Hooda,All-Rounders,Shikhar Dhawan,Batters,1,False,-0.5,41,Mumbai,Brabourne Stadium,Small,False,True,3,0,0.5,5,10.0,20,202,197,19.5,10.102564102564102,0,10,Small
0.4,0,4,4,Deepak Hooda,All-Rounders,David Warner,Batters,0,False,1.0,41,Mumbai,Brabourne Stadium,Small,False,True,4,0,0.6666666666666666,5,7.5,20,202,197,19.33333333333333,10.189655172413794,0,10,Small
0.5,0,5,5,Deepak Hooda,All-Rounders,David Warner,Batters,4,False,-2.0,41,Mumbai,Brabourne Stadium,Small,False,True,5,0,0.8333333333333334,9,10.8,20,202,193,19.166666666666668,10.069565217391304,0,10,Small
0.6,0,6,6,Deepak Hooda,All-Rounders,David Warner,Batters,4,False,-2.0,41,Mumbai,Brabourne Stadium,Small,False,True,6,0,1.0,13,13.0,20,202,189,19.0,9.947368421052632,0,10,Small
1.1,1,1,7,Chris Morris,All-Rounders,Shikhar Dhawan,Batters,4,False,-0.25,41,Mumbai,Brabourne Stadium,Small,False,True,7,1,1.1666666666666667,17,14.571428571428571,20,202,185,18.83333333333333,9.823008849557525,0,10,Small
1.2,1,2,8,Chris Morris,All-Rounders,Shikhar Dhawan,Batters,1,False,-0.5,41,Mumbai,Brabourne Stadium,Small,False,True,8,1,1.3333333333333333,18,13.5,20,202,184,18.666666666666668,9.857142857142856,0,10,Small
1.3,1,3,9,Chris Morris,All-Rounders,David Warner,Batters,0,False,1.0,41,Mumbai,Brabourne Stadium,Small,False,True,9,1,1.5,18,12.0,20,202,184,18.5,9.945945945945946,0,10,Small
1.4,1,4,10,Chris Morris,All-Rounders,David Warner,Batters,0,False,1.0,41,Mumbai,Brabourne Stadium,Small,False,True,10,1,1.6666666666666663,18,10.8,20,202,184,18.33333333333333,10.036363636363635,0,10,Small
1.5,1,5,11,Chris Morris,All-Rounders,David Warner,Batters,0,False,1.0,41,Mumbai,Brabourne Stadium,Small,False,True,11,1,1.8333333333333333,18,9.818181818181817,20,202,184,18.166666666666668,10.128440366972477,0,10,Small
1.6,1,6,12,Chris Morris,All-Rounders,David Warner,Batters,0,False,1.0,41,Mumbai,Brabourne Stadium,Small,False,True,12,1,2.0,18,9.0,20,202,184,18.0,10.22222222222222,0,10,Small
2.1,2,1,13,Dhawal Kulkarni,Bowlers,Shikhar Dhawan,Batters,0,False,1.0,41,Mumbai,Brabourne Stadium,Small,False,True,13,2,2.1666666666666665,18,8.307692307692308,20,202,184,17.833333333333332,10.317757009345796,0,10,Small
2.2,2,2,14,Dhawal Kulkarni,Bowlers,Shikhar Dhawan,Batters,4,False,-2.0,41,Mumbai,Brabourne Stadium,Small,False,True,14,2,2.333333333333333,22,9.428571428571429,20,202,180,17.666666666666668,10.188679245283016,0,10,Small
2.3,2,3,15,Dhawal Kulkarni,Bowlers,Shikhar Dhawan,Batters,1,False,-0.5,41,Mumbai,Brabourne Stadium,Small,False,True,15,2,2.5,23,9.2,20,202,179,17.5,10.228571428571428,0,10,Small
2.4,2,4,16,Dhawal Kulkarni,Bowlers,David Warner,Batters,0,False,1.0,41,Mumbai,Brabourne Stadium,Small,False,True,16,2,2.6666666666666665,23,8.625,20,202,179,17.333333333333332,10.326923076923078,0,10,Small
2.5,2,5,17,Dhawal Kulkarni,Bowlers,David Warner,Batters,1,False,-0.5,41,Mumbai,Brabourne Stadium,Small,False,True,17,2,2.833333333333333,24,8.470588235294118,20,202,178,17.166666666666668,10.36893203883495,0,10,Small
2.6,2,6,18,Dhawal Kulkarni,Bowlers,Shikhar Dhawan,Batters,4,False,-2.0,41,Mumbai,Brabourne Stadium,Small,False,True,18,2,3.0,28,9.333333333333334,20,202,174,17.0,10.235294117647058,0,10,Small
3.1,3,1,19,Chris Morris,All-Rounders,David Warner,Batters,0,False,1.0,41,Mumbai,Brabourne Stadium,Small,False,True,19,3,3.1666666666666665,28,8.842105263157896,20,202,174,16.833333333333332,10.336633663366335,0,10,Small
3.2,3,2,20,Chris Morris,All-Rounders,David Warner,Batters,2,False,-1.0,41,Mumbai,Brabourne Stadium,Small,False,True,20,3,3.333333333333333,30,9.0,20,202,172,16.666666666666668,10.32,0,10,Small
3.3,3,3,21,Chris Morris,All-Rounders,David Warner,Batters,0,False,1.0,41,Mumbai,Brabourne Stadium,Small,False,True,21,3,3.5,30,8.571428571428571,20,202,172,16.5,10.424242424242424,0,10,Small
3.4,3,4,22,Chris Morris,All-Rounders,David Warner,Batters,4,False,-2.0,41,Mumbai,Brabourne Stadium,Small,False,True,22,3,3.6666666666666665,34,9.272727272727272,20,202,168,16.333333333333332,10.285714285714286,0,10,Small
3.5,3,5,23,Chris Morris,All-Rounders,David Warner,Batters,0,False,1.0,41,Mumbai,Brabourne Stadium,Small,False,True,23,3,3.8333333333333335,34,8.869565217391305,20,202,168,16.166666666666668,10.391752577319586,0,10,Small
3.6,3,6,24,Chris Morris,All-Rounders,David Warner,Batters,5,False,-1.0,41,Mumbai,Brabourne Stadium,Small,True,False,23,3,3.8333333333333335,39,10.17391304347826,20,202,163,16.166666666666668,10.082474226804123,0,10,Small
3.6,3,6,25,Chris Morris,All-Rounders,David Warner,Batters,1,False,-0.5,41,Mumbai,Brabourne Stadium,Small,False,True,24,3,4.0,40,10.0,20,202,162,16.0,10.125,0,10,Small
4.1,4,1,26,Shane Watson,All-Rounders,David Warner,Batters,4,False,-2.0,41,Mumbai,Brabourne Stadium,Small,False,True,25,4,4.166666666666667,44,10.56,20,202,158,15.833333333333332,9.978947368421052,0,10,Small
4.2,4,2,27,Shane Watson,All-Rounders,David Warner,Batters,4,False,-2.0,41,Mumbai,Brabourne Stadium,Small,False,True,26,4,4.333333333333333,48,11.076923076923078,20,202,154,15.666666666666668,9.829787234042552,0,10,Small
4.3,4,3,28,Shane Watson,All-Rounders,David Warner,Batters,0,True,5.0,41,Mumbai,Brabourne Stadium,Small,False,True,27,4,4.5,48,10.666666666666666,20,202,154,15.5,9.935483870967742,1,9,Small
4.4,4,4,29,Shane Watson,All-Rounders,Moises Henriques,All-Rounders,0,False,1.0,41,Mumbai,Brabourne Stadium,Small,False,True,28,4,4.666666666666667,48,10.285714285714285,20,202,154,15.333333333333332,10.043478260869566,1,9,Small
4.5,4,5,30,Shane Watson,All-Rounders,Moises Henriques,All-Rounders,0,False,1.0,41,Mumbai,Brabourne Stadium,Small,False,True,29,4,4.833333333333333,48,9.93103448275862,20,202,154,15.166666666666668,10.153846153846152,1,9,Small
4.6,4,6,31,Shane Watson,All-Rounders,Moises Henriques,All-Rounders,1,False,-0.5,41,Mumbai,Brabourne Stadium,Small,False,True,30,4,5.0,49,9.8,20,202,153,15.0,10.2,1,9,Small
5.1,5,1,32,James Faulkner,All-Rounders,Moises Henriques,All-Rounders,4,False,-2.0,41,Mumbai,Brabourne Stadium,Small,False,True,31,5,5.166666666666667,53,10.258064516129032,20,202,149,14.833333333333332,10.04494382022472,1,9,Small
5.2,5,2,33,James Faulkner,All-Rounders,Moises Henriques,All-Rounders,1,False,-0.5,41,Mumbai,Brabourne Stadium,Small,False,True,32,5,5.333333333333333,54,10.125,20,202,148,14.666666666666668,10.09090909090909,1,9,Small
5.3,5,3,34,James Faulkner,All-Rounders,Shikhar Dhawan,Batters,0,False,1.0,41,Mumbai,Brabourne Stadium,Small,False,True,33,5,5.5,54,9.818181818181818,20,202,148,14.5,10.20689655172414,1,9,Small
5.4,5,4,35,James Faulkner,All-Rounders,Shikhar Dhawan,Batters,0,False,1.0,41,Mumbai,Brabourne Stadium,Small,False,True,34,5,5.666666666666667,54,9.529411764705882,20,202,148,14.333333333333332,10.325581395348838,1,9,Small
5.5,5,5,36,James Faulkner,All-Rounders,Shikhar Dhawan,Batters,2,False,-1.0,41,Mumbai,Brabourne Stadium,Small,False,True,35,5,5.833333333333333,56,9.6,20,202,146,14.166666666666668,10.305882352941175,1,9,Small
5.6,5,6,37,James Faulkner,All-Rounders,Shikhar Dhawan,Batters,0,False,1.0,41,Mumbai,Brabourne Stadium,Small,False,True,36,5,6.0,56,9.333333333333334,20,202,146,14.0,10.428571428571429,1,9,Small
6.1,6,1,38,Pravin Tambe,Bowlers,Moises Henriques,All-Rounders,0,False,1.0,41,Mumbai,Brabourne Stadium,Small,False,True,37,6,6.166666666666667,56,9.08108108108108,20,202,146,13.833333333333332,10.55421686746988,1,9,Small
6.2,6,2,39,Pravin Tambe,Bowlers,Moises Henriques,All-Rounders,0,False,1.0,41,Mumbai,Brabourne Stadium,Small,False,True,38,6,6.333333333333333,56,8.842105263157896,20,202,146,13.666666666666668,10.682926829268292,1,9,Small
6.3,6,3,40,Pravin Tambe,Bowlers,Moises Henriques,All-Rounders,0,False,1.0,41,Mumbai,Brabourne Stadium,Small,False,True,39,6,6.5,56,8.615384615384615,20,202,146,13.5,10.814814814814817,1,9,Small
6.4,6,4,41,Pravin Tambe,Bowlers,Moises Henriques,All-Rounders,0,False,1.0,41,Mumbai,Brabourne Stadium,Small,False,True,40,6,6.666666666666667,56,8.4,20,202,146,13.333333333333332,10.95,1,9,Small
6.5,6,5,42,Pravin Tambe,Bowlers,Moises Henriques,All-Rounders,1,False,-0.5,41,Mumbai,Brabourne Stadium,Small,False,True,41,6,6.833333333333333,57,8.341463414634147,20,202,145,13.166666666666668,11.0126582278481,1,9,Small
6.6,6,6,43,Pravin Tambe,Bowlers,Shikhar Dhawan,Batters,1,False,-0.5,41,Mumbai,Brabourne Stadium,Small,False,True,42,6,7.0,58,8.285714285714286,20,202,144,13.0,11.076923076923077,1,9,Small
7.1,7,1,44,Dhawal Kulkarni,Bowlers,Shikhar Dhawan,Batters,0,False,1.0,41,Mumbai,Brabourne Stadium,Small,False,True,43,7,7.166666666666667,58,8.093023255813954,20,202,144,12.833333333333332,11.22077922077922,1,9,Small
7.2,7,2,45,Dhawal Kulkarni,Bowlers,Shikhar Dhawan,Batters,4,False,-2.0,41,Mumbai,Brabourne Stadium,Small,False,True,44,7,7.333333333333333,62,8.454545454545455,20,202,140,12.666666666666668,11.052631578947368,1,9,Small
7.3,7,3,46,Dhawal Kulkarni,Bowlers,Shikhar Dhawan,Batters,1,False,-1.0,41,Mumbai,Brabourne Stadium,Small,True,False,44,7,7.333333333333333,63,8.590909090909092,20,202,139,12.666666666666668,10.973684210526317,1,9,Small
7.3,7,3,47,Dhawal Kulkarni,Bowlers,Shikhar Dhawan,Batters,0,False,1.0,41,Mumbai,Brabourne Stadium,Small,False,True,45,7,7.5,63,8.4,20,202,139,12.5,11.12,1,9,Small
7.4,7,4,48,Dhawal Kulkarni,Bowlers,Shikhar Dhawan,Batters,0,False,1.0,41,Mumbai,Brabourne Stadium,Small,False,True,46,7,7.666666666666667,63,8.217391304347826,20,202,139,12.333333333333332,11.270270270270272,1,9,Small
7.5,7,5,49,Dhawal Kulkarni,Bowlers,Shikhar Dhawan,Batters,4,False,-2.0,41,Mumbai,Brabourne Stadium,Small,False,True,47,7,7.833333333333333,67,8.553191489361703,20,202,135,12.166666666666668,11.095890410958903,1,9,Small
7.6,7,6,50,Dhawal Kulkarni,Bowlers,Shikhar Dhawan,Batters,0,False,1.0,41,Mumbai,Brabourne Stadium,Small,False,True,48,7,8.0,67,8.375,20,202,135,12.0,11.25,1,9,Small
8.1,8,1,51,Pravin Tambe,Bowlers,Moises Henriques,All-Rounders,0,False,1.0,41,Mumbai,Brabourne Stadium,Small,False,True,49,8,8.166666666666666,67,8.204081632653061,20,202,135,11.833333333333334,11.408450704225352,1,9,Small
8.2,8,2,52,Pravin Tambe,Bowlers,Moises Henriques,All-Rounders,0,False,1.0,41,Mumbai,Brabourne Stadium,Small,False,True,50,8,8.333333333333334,67,8.04,20,202,135,11.666666666666666,11.571428571428571,1,9,Small
8.3,8,3,53,Pravin Tambe,Bowlers,Moises Henriques,All-Rounders,1,False,-0.5,41,Mumbai,Brabourne Stadium,Small,False,True,51,8,8.5,68,8.0,20,202,134,11.5,11.652173913043478,1,9,Small
8.4,8,4,54,Pravin Tambe,Bowlers,Shikhar Dhawan,Batters,6,False,-3.0,41,Mumbai,Brabourne Stadium,Small,False,True,52,8,8.666666666666666,74,8.538461538461538,20,202,128,11.333333333333334,11.294117647058822,1,9,Small
8.5,8,5,55,Pravin Tambe,Bowlers,Shikhar Dhawan,Batters,1,False,-0.5,41,Mumbai,Brabourne Stadium,Small,False,True,53,8,8.833333333333334,75,8.490566037735848,20,202,127,11.166666666666666,11.37313432835821,1,9,Small
8.6,8,6,56,Pravin Tambe,Bowlers,Moises Henriques,All-Rounders,1,False,-0.5,41,Mumbai,Brabourne Stadium,Small,False,True,54,8,9.0,76,8.444444444444445,20,202,126,11.0,11.454545454545457,1,9,Small
9.1,9,1,57,James Faulkner,All-Rounders,Moises Henriques,All-Rounders,4,False,-2.0,41,Mumbai,Brabourne Stadium,Small,False,True,55,9,9.166666666666666,80,8.727272727272728,20,202,122,10.833333333333334,11.26153846153846,1,9,Small
9.2,9,2,58,James Faulkner,All-Rounders,Moises Henriques,All-Rounders,1,False,-0.5,41,Mumbai,Brabourne Stadium,Small,False,True,56,9,9.333333333333334,81,8.678571428571429,20,202,121,10.666666666666666,11.34375,1,9,Small
9.3,9,3,59,James Faulkner,All-Rounders,Shikhar Dhawan,Batters,1,False,-0.5,41,Mumbai,Brabourne Stadium,Small,False,True,57,9,9.5,82,8.631578947368421,20,202,120,10.5,11.428571428571429,1,9,Small
9.4,9,4,60,James Faulkner,All-Rounders,Moises Henriques,All-Rounders,4,False,-2.0,41,Mumbai,Brabourne Stadium,Small,False,True,58,9,9.666666666666666,86,8.896551724137932,20,202,116,10.333333333333334,11.225806451612902,1,9,Small
9.5,9,5,61,James Faulkner,All-Rounders,Moises Henriques,All-Rounders,2,False,-1.0,41,Mumbai,Brabourne Stadium,Small,False,True,59,9,9.833333333333334,88,8.94915254237288,20,202,114,10.166666666666666,11.213114754098362,1,9,Small
9.6,9,6,62,James Faulkner,All-Rounders,Moises Henriques,All-Rounders,0,False,1.0,41,Mumbai,Brabourne Stadium,Small,False,True,60,9,10.0,88,8.8,20,202,114,10.0,11.4,1,9,Small
10.1,10,1,63,Pravin Tambe,Bowlers,Shikhar Dhawan,Batters,1,False,-0.5,41,Mumbai,Brabourne Stadium,Small,False,True,61,10,10.166666666666666,89,8.754098360655739,20,202,113,9.833333333333334,11.491525423728811,1,9,Small
10.2,10,2,64,Pravin Tambe,Bowlers,Moises Henriques,All-Rounders,0,False,1.0,41,Mumbai,Brabourne Stadium,Small,False,True,62,10,10.333333333333334,89,8.612903225806452,20,202,113,9.666666666666666,11.689655172413794,1,9,Small
10.3,10,3,65,Pravin Tambe,Bowlers,Moises Henriques,All-Rounders,0,True,5.0,41,Mumbai,Brabourne Stadium,Small,False,True,63,10,10.5,89,8.476190476190476,20,202,113,9.5,11.894736842105264,2,8,Small
10.4,10,4,66,Pravin Tambe,Bowlers,Eoin Morgan,Batters,1,False,-0.5,41,Mumbai,Brabourne Stadium,Small,False,True,64,10,10.666666666666666,90,8.4375,20,202,112,9.333333333333334,12.0,2,8,Small
10.5,10,5,67,Pravin Tambe,Bowlers,Shikhar Dhawan,Batters,1,False,-0.5,41,Mumbai,Brabourne Stadium,Small,False,True,65,10,10.833333333333334,91,8.4,20,202,111,9.166666666666666,12.10909090909091,2,8,Small
10.6,10,6,68,Pravin Tambe,Bowlers,Eoin Morgan,Batters,0,False,1.0,41,Mumbai,Brabourne Stadium,Small,False,True,66,10,11.0,91,8.272727272727273,20,202,111,9.0,12.333333333333334,2,8,Small
11.1,11,1,69,Deepak Hooda,All-Rounders,Shikhar Dhawan,Batters,1,False,-0.5,41,Mumbai,Brabourne Stadium,Small,False,True,67,11,11.166666666666666,92,8.238805970149254,20,202,110,8.833333333333334,12.452830188679243,2,8,Small
11.2,11,2,70,Deepak Hooda,All-Rounders,Eoin Morgan,Batters,0,False,1.0,41,Mumbai,Brabourne Stadium,Small,False,True,68,11,11.333333333333334,92,8.117647058823529,20,202,110,8.666666666666666,12.692307692307692,2,8,Small
11.3,11,3,71,Deepak Hooda,All-Rounders,Eoin Morgan,Batters,1,False,-0.5,41,Mumbai,Brabourne Stadium,Small,False,True,69,11,11.5,93,8.08695652173913,20,202,109,8.5,12.823529411764708,2,8,Small
11.4,11,4,72,Deepak Hooda,All-Rounders,Shikhar Dhawan,Batters,1,False,-0.5,41,Mumbai,Brabourne Stadium,Small,False,True,70,11,11.666666666666666,94,8.057142857142857,20,202,108,8.333333333333334,12.96,2,8,Small
11.5,11,5,73,Deepak Hooda,All-Rounders,Eoin Morgan,Batters,1,False,-0.25,41,Mumbai,Brabourne Stadium,Small,False,True,71,11,11.833333333333334,95,8.028169014084506,20,202,107,8.166666666666666,13.102040816326532,2,8,Small
11.6,11,6,74,Deepak Hooda,All-Rounders,Shikhar Dhawan,Batters,1,False,-0.5,41,Mumbai,Brabourne Stadium,Small,False,True,72,11,12.0,96,8.0,20,202,106,8.0,13.25,2,8,Small
12.1,12,1,75,Shane Watson,All-Rounders,Shikhar Dhawan,Batters,1,False,-0.5,41,Mumbai,Brabourne Stadium,Small,False,True,73,12,12.166666666666666,97,7.972602739726028,20,202,105,7.833333333333334,13.404255319148936,2,8,Small
12.2,12,2,76,Shane Watson,All-Rounders,Eoin Morgan,Batters,1,False,-0.5,41,Mumbai,Brabourne Stadium,Small,False,True,74,12,12.333333333333334,98,7.945945945945946,20,202,104,7.666666666666666,13.56521739130435,2,8,Small
12.3,12,3,77,Shane Watson,All-Rounders,Shikhar Dhawan,Batters,1,False,-0.5,41,Mumbai,Brabourne Stadium,Small,False,True,75,12,12.5,99,7.92,20,202,103,7.5,13.733333333333333,2,8,Small
12.4,12,4,78,Shane Watson,All-Rounders,Eoin Morgan,Batters,0,False,1.0,41,Mumbai,Brabourne Stadium,Small,False,True,76,12,12.666666666666666,99,7.815789473684211,20,202,103,7.333333333333334,14.045454545454543,2,8,Small
12.5,12,5,79,Shane Watson,All-Rounders,Eoin Morgan,Batters,4,False,-2.0,41,Mumbai,Brabourne Stadium,Small,False,True,77,12,12.833333333333334,103,8.025974025974026,20,202,99,7.166666666666666,13.813953488372094,2,8,Small
12.6,12,6,80,Shane Watson,All-Rounders,Eoin Morgan,Batters,6,False,-3.0,41,Mumbai,Brabourne Stadium,Small,False,True,78,12,13.0,109,8.384615384615385,20,202,93,7.0,13.285714285714286,2,8,Small
13.1,13,1,81,Deepak Hooda,All-Rounders,Shikhar Dhawan,Batters,2,False,-1.0,41,Mumbai,Brabourne Stadium,Small,False,True,79,13,13.166666666666666,111,8.430379746835444,20,202,91,6.833333333333334,13.317073170731708,2,8,Small
13.2,13,2,82,,,,,0,False,0.0,41,Mumbai,Brabourne Stadium,Small,False,True,80,13,13.333333333333334,111,8.325,20,202,91,6.666666666666666,13.65,2,8,Small
13.3,13,3,83,Deepak Hooda,All-Rounders,Eoin Morgan,Batters,2,False,-1.0,41,Mumbai,Brabourne Stadium,Small,False,True,81,13,13.5,113,8.37037037037037,20,202,89,6.5,13.692307692307692,2,8,Small
13.4,13,4,84,Deepak Hooda,All-Rounders,Eoin Morgan,Batters,1,False,-1.0,41,Mumbai,Brabourne Stadium,Small,True,False,81,13,13.5,114,8.444444444444445,20,202,88,6.5,13.538461538461538,2,8,Small
13.4,13,4,85,Deepak Hooda,All-Rounders,Eoin Morgan,Batters,1,False,-0.5,41,Mumbai,Brabourne Stadium,Small,False,True,82,13,13.666666666666666,115,8.414634146341463,20,202,87,6.333333333333334,13.736842105263156,2,8,Small
13.5,13,5,86,Deepak Hooda,All-Rounders,Shikhar Dhawan,Batters,6,False,-3.0,41,Mumbai,Brabourne Stadium,Small,False,True,83,13,13.833333333333334,121,8.74698795180723,20,202,81,6.166666666666666,13.135135135135137,2,8,Small
13.6,13,6,87,Deepak Hooda,All-Rounders,Shikhar Dhawan,Batters,4,False,-2.0,41,Mumbai,Brabourne Stadium,Small,False,True,84,13,14.0,125,8.928571428571429,20,202,77,6.0,12.833333333333334,2,8,Small
14.1,14,1,88,James Faulkner,All-Rounders,Eoin Morgan,Batters,1,False,-0.5,41,Mumbai,Brabourne Stadium,Small,False,True,85,14,14.166666666666666,126,8.894117647058824,20,202,76,5.833333333333334,13.028571428571428,2,8,Small
14.2,14,2,89,James Faulkner,All-Rounders,Shikhar Dhawan,Batters,0,True,5.0,41,Mumbai,Brabourne Stadium,Small,False,True,86,14,14.333333333333334,126,8.790697674418604,20,202,76,5.666666666666666,13.411764705882357,3,7,Small
14.3,14,3,90,James Faulkner,All-Rounders,Ravi Bopara,All-Rounders,1,False,-0.5,41,Mumbai,Brabourne Stadium,Small,False,True,87,14,14.5,127,8.758620689655173,20,202,75,5.5,13.636363636363637,3,7,Small
14.4,14,4,91,James Faulkner,All-Rounders,Eoin Morgan,Batters,1,False,-0.5,41,Mumbai,Brabourne Stadium,Small,False,True,88,14,14.666666666666666,128,8.727272727272728,20,202,74,5.333333333333334,13.874999999999998,3,7,Small
14.5,14,5,92,James Faulkner,All-Rounders,Ravi Bopara,All-Rounders,0,False,1.0,41,Mumbai,Brabourne Stadium,Small,False,True,89,14,14.833333333333334,128,8.629213483146067,20,202,74,5.166666666666666,14.322580645161292,3,7,Small
14.6,14,6,93,James Faulkner,All-Rounders,Ravi Bopara,All-Rounders,4,False,-2.0,41,Mumbai,Brabourne Stadium,Small,False,True,90,14,15.0,132,8.8,20,202,70,5.0,14.0,3,7,Small
15.1,15,1,94,Pravin Tambe,Bowlers,Eoin Morgan,Batters,0,False,1.0,41,Mumbai,Brabourne Stadium,Small,False,True,91,15,15.166666666666666,132,8.703296703296704,20,202,70,4.833333333333334,14.482758620689651,3,7,Small
15.2,15,2,95,Pravin Tambe,Bowlers,Eoin Morgan,Batters,0,False,1.0,41,Mumbai,Brabourne Stadium,Small,False,True,92,15,15.333333333333334,132,8.608695652173912,20,202,70,4.666666666666666,15.000000000000002,3,7,Small
15.3,15,3,96,Pravin Tambe,Bowlers,Eoin Morgan,Batters,6,False,-3.0,41,Mumbai,Brabourne Stadium,Small,False,True,93,15,15.5,138,8.903225806451612,20,202,64,4.5,14.22222222222222,3,7,Small
15.4,15,4,97,Pravin Tambe,Bowlers,Eoin Morgan,Batters,2,False,-1.0,41,Mumbai,Brabourne Stadium,Small,False,True,94,15,15.666666666666666,140,8.936170212765958,20,202,62,4.333333333333334,14.307692307692308,3,7,Small
15.5,15,5,98,Pravin Tambe,Bowlers,Eoin Morgan,Batters,4,False,-2.0,41,Mumbai,Brabourne Stadium,Small,False,True,95,15,15.833333333333334,144,9.094736842105265,20,202,58,4.166666666666666,13.920000000000002,3,7,Small
15.6,15,6,99,Pravin Tambe,Bowlers,Eoin Morgan,Batters,6,False,-3.0,41,Mumbai,Brabourne Stadium,Small,False,True,96,15,16.0,150,9.375,20,202,52,4.0,13.0,3,7,Small
16.1,16,1,100,Chris Morris,All-Rounders,Ravi Bopara,All-Rounders,1,False,-0.5,41,Mumbai,Brabourne Stadium,Small,False,True,97,16,16.166666666666668,151,9.340206185567007,20,202,51,3.833333333333332,13.30434782608696,3,7,Small
16.2,16,2,101,Chris Morris,All-Rounders,Eoin Morgan,Batters,4,False,-2.0,41,Mumbai,Brabourne Stadium,Small,False,True,98,16,16.333333333333332,155,9.489795918367347,20,202,47,3.666666666666668,12.818181818181817,3,7,Small
16.3,16,3,102,Chris Morris,All-Rounders,Eoin Morgan,Batters,1,False,-1.0,41,Mumbai,Brabourne Stadium,Small,True,False,98,16,16.333333333333332,156,9.551020408163266,20,202,46,3.666666666666668,12.54545454545454,3,7,Small
16.3,16,3,103,Chris Morris,All-Rounders,Eoin Morgan,Batters,2,False,-1.0,41,Mumbai,Brabourne Stadium,Small,False,True,99,16,16.5,158,9.575757575757576,20,202,44,3.5,12.571428571428571,3,7,Small
16.4,16,4,104,Chris Morris,All-Rounders,Eoin Morgan,Batters,6,False,-3.0,41,Mumbai,Brabourne Stadium,Small,False,True,100,16,16.666666666666668,164,9.84,20,202,38,3.333333333333332,11.400000000000004,3,7,Small
16.5,16,5,105,Chris Morris,All-Rounders,Eoin Morgan,Batters,4,False,-2.0,41,Mumbai,Brabourne Stadium,Small,False,True,101,16,16.833333333333332,168,9.98019801980198,20,202,34,3.166666666666668,10.736842105263154,3,7,Small
16.6,16,6,106,Chris Morris,All-Rounders,Eoin Morgan,Batters,1,False,-0.5,41,Mumbai,Brabourne Stadium,Small,False,True,102,16,17.0,169,9.941176470588236,20,202,33,3.0,11.0,3,7,Small
17.1,17,1,107,Shane Watson,All-Rounders,Eoin Morgan,Batters,2,False,-1.0,41,Mumbai,Brabourne Stadium,Small,False,True,103,17,17.166666666666668,171,9.96116504854369,20,202,31,2.833333333333332,10.94117647058824,3,7,Small
17.2,17,2,108,Shane Watson,All-Rounders,Eoin Morgan,Batters,2,False,-1.0,41,Mumbai,Brabourne Stadium,Small,False,True,104,17,17.333333333333332,173,9.980769230769232,20,202,29,2.666666666666668,10.874999999999996,3,7,Small
17.3,17,3,109,Shane Watson,All-Rounders,Eoin Morgan,Batters,6,False,-3.0,41,Mumbai,Brabourne Stadium,Small,False,True,105,17,17.5,179,10.228571428571428,20,202,23,2.5,9.2,3,7,Small
17.4,17,4,110,Shane Watson,All-Rounders,Eoin Morgan,Batters,0,True,5.0,41,Mumbai,Brabourne Stadium,Small,False,True,106,17,17.666666666666668,179,10.132075471698112,20,202,23,2.333333333333332,9.857142857142865,4,6,Small
17.5,17,5,111,Shane Watson,All-Rounders,Ravi Bopara,All-Rounders,3,False,-1.5,41,Mumbai,Brabourne Stadium,Small,False,True,107,17,17.833333333333332,182,10.205607476635514,20,202,20,2.166666666666668,9.230769230769226,4,6,Small
17.6,17,6,112,Shane Watson,All-Rounders,Naman Ojha,Batters,1,False,-0.5,41,Mumbai,Brabourne Stadium,Small,False,True,108,17,18.0,183,10.166666666666666,20,202,19,2.0,9.5,4,6,Small
18.1,18,1,113,James Faulkner,All-Rounders,Naman Ojha,Batters,1,False,-0.5,41,Mumbai,Brabourne Stadium,Small,False,True,109,18,18.166666666666668,184,10.128440366972477,20,202,18,1.833333333333332,9.818181818181824,4,6,Small
18.1,18,1,114,James Faulkner,All-Rounders,Naman Ojha,Batters,1,False,-1.0,41,Mumbai,Brabourne Stadium,Small,True,False,109,18,18.166666666666668,185,10.18348623853211,20,202,17,1.833333333333332,9.27272727272728,4,6,Small
18.2,18,2,115,James Faulkner,All-Rounders,Ravi Bopara,All-Rounders,0,False,1.0,41,Mumbai,Brabourne Stadium,Small,False,True,110,18,18.33333333333333,185,10.090909090909092,20,202,17,1.666666666666668,10.199999999999992,4,6,Small
18.3,18,3,116,James Faulkner,All-Rounders,Ravi Bopara,All-Rounders,4,False,-2.0,41,Mumbai,Brabourne Stadium,Small,False,True,111,18,18.5,189,10.216216216216216,20,202,13,1.5,8.666666666666666,4,6,Small
18.4,18,4,117,James Faulkner,All-Rounders,Ravi Bopara,All-Rounders,0,False,1.0,41,Mumbai,Brabourne Stadium,Small,False,True,112,18,18.666666666666668,189,10.125,20,202,13,1.333333333333332,9.750000000000009,4,6,Small
18.5,18,5,118,James Faulkner,All-Rounders,Ravi Bopara,All-Rounders,1,False,-0.5,41,Mumbai,Brabourne Stadium,Small,False,True,113,18,18.83333333333333,190,10.08849557522124,20,202,12,1.166666666666668,10.285714285714276,4,6,Small
18.6,18,6,119,James Faulkner,All-Rounders,Naman Ojha,Batters,4,False,-2.0,41,Mumbai,Brabourne Stadium,Small,False,True,114,18,19.0,194,10.210526315789474,20,202,8,1.0,8.0,4,6,Small
19.1,19,1,120,Chris Morris,All-Rounders,Ravi Bopara,All-Rounders,1,False,-0.5,41,Mumbai,Brabourne Stadium,Small,False,True,115,19,19.166666666666668,195,10.17391304347826,20,202,7,0.8333333333333321,8.400000000000013,4,6,Small
19.2,19,2,121,Chris Morris,All-Rounders,Naman Ojha,Batters,1,False,-0.5,41,Mumbai,Brabourne Stadium,Small,False,True,116,19,19.33333333333333,196,10.13793103448276,20,202,6,0.6666666666666679,8.999999999999984,4,6,Small
19.3,19,3,122,Chris Morris,All-Rounders,Ravi Bopara,All-Rounders,1,False,-1.0,41,Mumbai,Brabourne Stadium,Small,True,False,116,19,19.33333333333333,197,10.189655172413794,20,202,5,0.6666666666666679,7.499999999999987,4,6,Small
19.3,19,3,123,Chris Morris,All-Rounders,Ravi Bopara,All-Rounders,1,False,-0.5,41,Mumbai,Brabourne Stadium,Small,False,True,117,19,19.5,198,10.153846153846152,20,202,4,0.5,8.0,4,6,Small
19.4,19,4,124,Chris Morris,All-Rounders,Naman Ojha,Batters,0,False,1.0,41,Mumbai,Brabourne Stadium,Small,False,True,118,19,19.666666666666668,198,10.067796610169491,20,202,4,0.3333333333333321,12.000000000000044,4,6,Small
19.5,19,5,125,Chris Morris,All-Rounders,Naman Ojha,Batters,1,False,-0.5,41,Mumbai,Brabourne Stadium,Small,False,True,119,19,19.83333333333333,199,10.033613445378151,20,202,3,0.1666666666666678,17.999999999999872,4,6,Small
19.6,19,6,126,Chris Morris,All-Rounders,Ravi Bopara,All-Rounders,1,False,-0.5,41,Mumbai,Brabourne Stadium,Small,False,True,120,19,20.0,200,10.0,20,202,2,0.0,inf,4,6,Small
