Ball Number,over,ball,Ball,bowler,bowler_role,batsman,batsman_role,Runs,is_wicket,bowler_score,match_id,city,stadium,Stadium_Type,is_extra,legal_delivery,legal_deliveries_count,overs_completed,overs_bowled,total_runs,current_run_rate,total_overs,target,runs_needed,overs_remaining,required_run_rate,wickets_fallen,wickets_in_hand,Ground_Type
0.1,0,1,1,Umesh Yadav,Bowlers,Saurabh Tiwary,Batters,0,False,1.0,42,Kolkata,Eden Gardens,Large,False,True,1,0,0.1666666666666666,0,0.0,20,172,172,19.83333333333333,8.672268907563026,0,10,Large
0.2,0,2,2,Umesh Yadav,Bowlers,Saurabh Tiwary,Batters,0,False,1.0,42,Kolkata,Eden Gardens,Large,False,True,2,0,0.3333333333333333,0,0.0,20,172,172,19.666666666666668,8.745762711864407,0,10,Large
0.3,0,3,3,Umesh Yadav,Bowlers,Saurabh Tiwary,Batters,0,False,1.0,42,Kolkata,Eden Gardens,Large,False,True,3,0,0.5,0,0.0,20,172,172,19.5,8.820512820512821,0,10,Large
0.4,0,4,4,Umesh Yadav,Bowlers,Saurabh Tiwary,Batters,0,False,1.0,42,Kolkata,Eden Gardens,Large,False,True,4,0,0.6666666666666666,0,0.0,20,172,172,19.33333333333333,8.896551724137932,0,10,Large
0.5,0,5,5,Umesh Yadav,Bowlers,Saurabh Tiwary,Batters,0,False,1.0,42,Kolkata,Eden Gardens,Large,False,True,5,0,0.8333333333333334,0,0.0,20,172,172,19.166666666666668,8.97391304347826,0,10,Large
0.6,0,6,6,Umesh Yadav,Bowlers,Saurabh Tiwary,Batters,4,False,-2.0,42,Kolkata,Eden Gardens,Large,False,True,6,0,1.0,4,4.0,20,172,168,19.0,8.842105263157896,0,10,Large
1.1,1,1,7,Andre Russell,All-Rounders,Shreyas Iyer,Batters,0,False,1.0,42,Kolkata,Eden Gardens,Large,False,True,7,1,1.1666666666666667,4,3.4285714285714284,20,172,168,18.83333333333333,8.920353982300886,0,10,Large
1.2,1,2,8,Andre Russell,All-Rounders,Shreyas Iyer,Batters,2,False,-1.0,42,Kolkata,Eden Gardens,Large,False,True,8,1,1.3333333333333333,6,4.5,20,172,166,18.666666666666668,8.892857142857142,0,10,Large
1.3,1,3,9,Andre Russell,All-Rounders,Shreyas Iyer,Batters,4,False,-2.0,42,Kolkata,Eden Gardens,Large,False,True,9,1,1.5,10,6.666666666666667,20,172,162,18.5,8.756756756756756,0,10,Large
1.4,1,4,10,Andre Russell,All-Rounders,Shreyas Iyer,Batters,0,False,1.0,42,Kolkata,Eden Gardens,Large,False,True,10,1,1.6666666666666663,10,6.000000000000001,20,172,162,18.33333333333333,8.836363636363638,0,10,Large
1.5,1,5,11,Andre Russell,All-Rounders,Shreyas Iyer,Batters,0,False,1.0,42,Kolkata,Eden Gardens,Large,False,True,11,1,1.8333333333333333,10,5.454545454545454,20,172,162,18.166666666666668,8.91743119266055,0,10,Large
1.6,1,6,12,Andre Russell,All-Rounders,Shreyas Iyer,Batters,1,False,-0.5,42,Kolkata,Eden Gardens,Large,False,True,12,1,2.0,11,5.5,20,172,161,18.0,8.944444444444445,0,10,Large
2.1,2,1,13,Umesh Yadav,Bowlers,Shreyas Iyer,Batters,1,False,-1.0,42,Kolkata,Eden Gardens,Large,True,False,12,1,2.0,12,6.0,20,172,160,18.0,8.88888888888889,0,10,Large
2.1,2,1,14,Umesh Yadav,Bowlers,Shreyas Iyer,Batters,0,False,1.0,42,Kolkata,Eden Gardens,Large,False,True,13,2,2.1666666666666665,12,5.538461538461539,20,172,160,17.833333333333332,8.971962616822431,0,10,Large
2.2,2,2,15,Umesh Yadav,Bowlers,Shreyas Iyer,Batters,1,False,-0.5,42,Kolkata,Eden Gardens,Large,False,True,14,2,2.333333333333333,13,5.571428571428571,20,172,159,17.666666666666668,9.0,0,10,Large
2.3,2,3,16,Umesh Yadav,Bowlers,Saurabh Tiwary,Batters,0,False,1.0,42,Kolkata,Eden Gardens,Large,False,True,15,2,2.5,13,5.2,20,172,159,17.5,9.085714285714284,0,10,Large
2.4,2,4,17,Umesh Yadav,Bowlers,Saurabh Tiwary,Batters,1,False,-0.25,42,Kolkata,Eden Gardens,Large,False,True,16,2,2.6666666666666665,14,5.25,20,172,158,17.333333333333332,9.115384615384617,0,10,Large
2.5,2,5,18,Umesh Yadav,Bowlers,Shreyas Iyer,Batters,1,False,-0.5,42,Kolkata,Eden Gardens,Large,False,True,17,2,2.833333333333333,15,5.294117647058823,20,172,157,17.166666666666668,9.145631067961164,0,10,Large
2.6,2,6,19,Umesh Yadav,Bowlers,Saurabh Tiwary,Batters,0,False,1.0,42,Kolkata,Eden Gardens,Large,False,True,18,2,3.0,15,5.0,20,172,157,17.0,9.235294117647058,0,10,Large
3.1,3,1,20,Andre Russell,All-Rounders,Shreyas Iyer,Batters,0,False,1.0,42,Kolkata,Eden Gardens,Large,False,True,19,3,3.1666666666666665,15,4.736842105263158,20,172,157,16.833333333333332,9.326732673267328,0,10,Large
3.2,3,2,21,Andre Russell,All-Rounders,Shreyas Iyer,Batters,6,False,-3.0,42,Kolkata,Eden Gardens,Large,False,True,20,3,3.333333333333333,21,6.3,20,172,151,16.666666666666668,9.06,0,10,Large
3.3,3,3,22,Andre Russell,All-Rounders,Shreyas Iyer,Batters,1,False,-0.5,42,Kolkata,Eden Gardens,Large,False,True,21,3,3.5,22,6.285714285714286,20,172,150,16.5,9.090909090909092,0,10,Large
3.4,3,4,23,Andre Russell,All-Rounders,Saurabh Tiwary,Batters,0,False,1.0,42,Kolkata,Eden Gardens,Large,False,True,22,3,3.6666666666666665,22,6.0,20,172,150,16.333333333333332,9.183673469387756,0,10,Large
3.5,3,5,24,Andre Russell,All-Rounders,Saurabh Tiwary,Batters,0,False,1.0,42,Kolkata,Eden Gardens,Large,False,True,23,3,3.8333333333333335,22,5.739130434782608,20,172,150,16.166666666666668,9.278350515463917,0,10,Large
3.6,3,6,25,Andre Russell,All-Rounders,Saurabh Tiwary,Batters,1,False,-1.0,42,Kolkata,Eden Gardens,Large,True,False,23,3,3.8333333333333335,23,6.0,20,172,149,16.166666666666668,9.216494845360824,0,10,Large
3.6,3,6,26,Andre Russell,All-Rounders,Saurabh Tiwary,Batters,1,False,-0.5,42,Kolkata,Eden Gardens,Large,False,True,24,3,4.0,24,6.0,20,172,148,16.0,9.25,0,10,Large
4.1,4,1,27,Sunil Narine,All-Rounders,Saurabh Tiwary,Batters,0,False,1.0,42,Kolkata,Eden Gardens,Large,False,True,25,4,4.166666666666667,24,5.76,20,172,148,15.833333333333332,9.347368421052632,0,10,Large
4.2,4,2,28,Sunil Narine,All-Rounders,Saurabh Tiwary,Batters,1,False,-0.5,42,Kolkata,Eden Gardens,Large,False,True,26,4,4.333333333333333,25,5.76923076923077,20,172,147,15.666666666666668,9.382978723404255,0,10,Large
4.3,4,3,29,Sunil Narine,All-Rounders,Shreyas Iyer,Batters,0,False,1.0,42,Kolkata,Eden Gardens,Large,False,True,27,4,4.5,25,5.555555555555555,20,172,147,15.5,9.483870967741936,0,10,Large
4.4,4,4,30,Sunil Narine,All-Rounders,Shreyas Iyer,Batters,1,False,-0.5,42,Kolkata,Eden Gardens,Large,False,True,28,4,4.666666666666667,26,5.571428571428571,20,172,146,15.333333333333332,9.521739130434783,0,10,Large
4.5,4,5,31,Sunil Narine,All-Rounders,Saurabh Tiwary,Batters,4,False,-2.0,42,Kolkata,Eden Gardens,Large,False,True,29,4,4.833333333333333,30,6.206896551724138,20,172,142,15.166666666666668,9.36263736263736,0,10,Large
4.6,4,6,32,Sunil Narine,All-Rounders,Saurabh Tiwary,Batters,4,False,-2.0,42,Kolkata,Eden Gardens,Large,False,True,30,4,5.0,34,6.8,20,172,138,15.0,9.2,0,10,Large
5.1,5,1,33,Andre Russell,All-Rounders,Shreyas Iyer,Batters,0,False,1.0,42,Kolkata,Eden Gardens,Large,False,True,31,5,5.166666666666667,34,6.580645161290322,20,172,138,14.833333333333332,9.303370786516854,0,10,Large
5.2,5,2,34,Andre Russell,All-Rounders,Shreyas Iyer,Batters,0,False,1.0,42,Kolkata,Eden Gardens,Large,False,True,32,5,5.333333333333333,34,6.375,20,172,138,14.666666666666668,9.409090909090908,0,10,Large
5.3,5,3,35,Andre Russell,All-Rounders,Shreyas Iyer,Batters,0,False,1.0,42,Kolkata,Eden Gardens,Large,False,True,33,5,5.5,34,6.181818181818182,20,172,138,14.5,9.517241379310343,0,10,Large
5.4,5,4,36,Andre Russell,All-Rounders,Shreyas Iyer,Batters,1,False,-0.5,42,Kolkata,Eden Gardens,Large,False,True,34,5,5.666666666666667,35,6.1764705882352935,20,172,137,14.333333333333332,9.558139534883722,0,10,Large
5.5,5,5,37,Andre Russell,All-Rounders,Saurabh Tiwary,Batters,0,False,1.0,42,Kolkata,Eden Gardens,Large,False,True,35,5,5.833333333333333,35,6.0,20,172,137,14.166666666666668,9.670588235294115,0,10,Large
5.6,5,6,38,Andre Russell,All-Rounders,Saurabh Tiwary,Batters,1,False,-0.5,42,Kolkata,Eden Gardens,Large,False,True,36,5,6.0,36,6.0,20,172,136,14.0,9.714285714285714,0,10,Large
6.1,6,1,39,Sunil Narine,All-Rounders,Saurabh Tiwary,Batters,0,False,1.0,42,Kolkata,Eden Gardens,Large,False,True,37,6,6.166666666666667,36,5.837837837837838,20,172,136,13.833333333333332,9.83132530120482,0,10,Large
6.2,6,2,40,Sunil Narine,All-Rounders,Saurabh Tiwary,Batters,1,False,-0.5,42,Kolkata,Eden Gardens,Large,False,True,38,6,6.333333333333333,37,5.842105263157895,20,172,135,13.666666666666668,9.878048780487804,0,10,Large
6.3,6,3,41,Sunil Narine,All-Rounders,Shreyas Iyer,Batters,0,False,1.0,42,Kolkata,Eden Gardens,Large,False,True,39,6,6.5,37,5.6923076923076925,20,172,135,13.5,10.0,0,10,Large
6.4,6,4,42,Sunil Narine,All-Rounders,Shreyas Iyer,Batters,0,False,1.0,42,Kolkata,Eden Gardens,Large,False,True,40,6,6.666666666666667,37,5.55,20,172,135,13.333333333333332,10.125000000000002,0,10,Large
6.5,6,5,43,Sunil Narine,All-Rounders,Shreyas Iyer,Batters,1,False,-0.5,42,Kolkata,Eden Gardens,Large,False,True,41,6,6.833333333333333,38,5.560975609756098,20,172,134,13.166666666666668,10.177215189873415,0,10,Large
6.6,6,6,44,Sunil Narine,All-Rounders,Saurabh Tiwary,Batters,0,False,1.0,42,Kolkata,Eden Gardens,Large,False,True,42,6,7.0,38,5.428571428571429,20,172,134,13.0,10.307692307692308,0,10,Large
7.1,7,1,45,Piyush Chawla,All-Rounders,Shreyas Iyer,Batters,6,False,-3.0,42,Kolkata,Eden Gardens,Large,False,True,43,7,7.166666666666667,44,6.13953488372093,20,172,128,12.833333333333332,9.974025974025976,0,10,Large
7.2,7,2,46,Piyush Chawla,All-Rounders,Shreyas Iyer,Batters,4,False,-2.0,42,Kolkata,Eden Gardens,Large,False,True,44,7,7.333333333333333,48,6.545454545454546,20,172,124,12.666666666666668,9.789473684210526,0,10,Large
7.3,7,3,47,Piyush Chawla,All-Rounders,Shreyas Iyer,Batters,0,False,1.0,42,Kolkata,Eden Gardens,Large,False,True,45,7,7.5,48,6.4,20,172,124,12.5,9.92,0,10,Large
7.4,7,4,48,Piyush Chawla,All-Rounders,Shreyas Iyer,Batters,1,False,-0.5,42,Kolkata,Eden Gardens,Large,False,True,46,7,7.666666666666667,49,6.391304347826087,20,172,123,12.333333333333332,9.972972972972974,0,10,Large
7.5,7,5,49,Piyush Chawla,All-Rounders,Saurabh Tiwary,Batters,1,False,-0.5,42,Kolkata,Eden Gardens,Large,False,True,47,7,7.833333333333333,50,6.382978723404255,20,172,122,12.166666666666668,10.027397260273972,0,10,Large
7.6,7,6,50,Piyush Chawla,All-Rounders,Shreyas Iyer,Batters,1,False,-0.5,42,Kolkata,Eden Gardens,Large,False,True,48,7,8.0,51,6.375,20,172,121,12.0,10.083333333333334,0,10,Large
8.1,8,1,51,Brad Hogg,All-Rounders,Shreyas Iyer,Batters,0,False,1.0,42,Kolkata,Eden Gardens,Large,False,True,49,8,8.166666666666666,51,6.244897959183674,20,172,121,11.833333333333334,10.225352112676056,0,10,Large
8.2,8,2,52,Brad Hogg,All-Rounders,Shreyas Iyer,Batters,1,False,-0.5,42,Kolkata,Eden Gardens,Large,False,True,50,8,8.333333333333334,52,6.239999999999999,20,172,120,11.666666666666666,10.285714285714286,0,10,Large
8.3,8,3,53,Brad Hogg,All-Rounders,Saurabh Tiwary,Batters,1,False,-0.5,42,Kolkata,Eden Gardens,Large,False,True,51,8,8.5,53,6.235294117647059,20,172,119,11.5,10.347826086956522,0,10,Large
8.4,8,4,54,Brad Hogg,All-Rounders,Shreyas Iyer,Batters,1,False,-0.5,42,Kolkata,Eden Gardens,Large,False,True,52,8,8.666666666666666,54,6.230769230769231,20,172,118,11.333333333333334,10.411764705882351,0,10,Large
8.5,8,5,55,Brad Hogg,All-Rounders,Saurabh Tiwary,Batters,0,False,1.0,42,Kolkata,Eden Gardens,Large,False,True,53,8,8.833333333333334,54,6.113207547169811,20,172,118,11.166666666666666,10.56716417910448,0,10,Large
8.6,8,6,56,Brad Hogg,All-Rounders,Saurabh Tiwary,Batters,0,False,1.0,42,Kolkata,Eden Gardens,Large,False,True,54,8,9.0,54,6.0,20,172,118,11.0,10.727272727272728,0,10,Large
9.1,9,1,57,Piyush Chawla,All-Rounders,Shreyas Iyer,Batters,1,False,-0.5,42,Kolkata,Eden Gardens,Large,False,True,55,9,9.166666666666666,55,6.0,20,172,117,10.833333333333334,10.8,0,10,Large
9.2,9,2,58,Piyush Chawla,All-Rounders,Saurabh Tiwary,Batters,6,False,-3.0,42,Kolkata,Eden Gardens,Large,False,True,56,9,9.333333333333334,61,6.535714285714286,20,172,111,10.666666666666666,10.40625,0,10,Large
9.3,9,3,59,Piyush Chawla,All-Rounders,Saurabh Tiwary,Batters,1,False,-0.5,42,Kolkata,Eden Gardens,Large,False,True,57,9,9.5,62,6.526315789473684,20,172,110,10.5,10.476190476190476,0,10,Large
9.4,9,4,60,Piyush Chawla,All-Rounders,Shreyas Iyer,Batters,1,False,-0.5,42,Kolkata,Eden Gardens,Large,False,True,58,9,9.666666666666666,63,6.517241379310345,20,172,109,10.333333333333334,10.548387096774192,0,10,Large
9.5,9,5,61,Piyush Chawla,All-Rounders,Saurabh Tiwary,Batters,0,True,5.0,42,Kolkata,Eden Gardens,Large,False,True,59,9,9.833333333333334,63,6.406779661016949,20,172,109,10.166666666666666,10.721311475409836,1,9,Large
9.6,9,6,62,Piyush Chawla,All-Rounders,Jean-Paul Duminy,All-Rounders,1,False,-0.5,42,Kolkata,Eden Gardens,Large,False,True,60,9,10.0,64,6.4,20,172,108,10.0,10.8,1,9,Large
10.1,10,1,63,Brad Hogg,All-Rounders,Jean-Paul Duminy,All-Rounders,1,False,-0.5,42,Kolkata,Eden Gardens,Large,False,True,61,10,10.166666666666666,65,6.39344262295082,20,172,107,9.833333333333334,10.88135593220339,1,9,Large
10.2,10,2,64,Brad Hogg,All-Rounders,Shreyas Iyer,Batters,1,False,-0.5,42,Kolkata,Eden Gardens,Large,False,True,62,10,10.333333333333334,66,6.387096774193548,20,172,106,9.666666666666666,10.965517241379311,1,9,Large
10.3,10,3,65,Brad Hogg,All-Rounders,Jean-Paul Duminy,All-Rounders,1,False,-0.5,42,Kolkata,Eden Gardens,Large,False,True,63,10,10.5,67,6.380952380952381,20,172,105,9.5,11.052631578947368,1,9,Large
10.4,10,4,66,Brad Hogg,All-Rounders,Shreyas Iyer,Batters,0,False,1.0,42,Kolkata,Eden Gardens,Large,False,True,64,10,10.666666666666666,67,6.28125,20,172,105,9.333333333333334,11.25,1,9,Large
10.5,10,5,67,Brad Hogg,All-Rounders,Shreyas Iyer,Batters,4,False,-2.0,42,Kolkata,Eden Gardens,Large,False,True,65,10,10.833333333333334,71,6.553846153846154,20,172,101,9.166666666666666,11.01818181818182,1,9,Large
10.6,10,6,68,Brad Hogg,All-Rounders,Shreyas Iyer,Batters,0,True,5.0,42,Kolkata,Eden Gardens,Large,False,True,66,10,11.0,71,6.454545454545454,20,172,101,9.0,11.22222222222222,2,8,Large
11.1,11,1,69,Johan Botha,All-Rounders,Jean-Paul Duminy,All-Rounders,1,False,-0.5,42,Kolkata,Eden Gardens,Large,False,True,67,11,11.166666666666666,72,6.447761194029851,20,172,100,8.833333333333334,11.320754716981131,2,8,Large
11.2,11,2,70,Johan Botha,All-Rounders,Kedar Jadhav,All-Rounders,1,False,-0.5,42,Kolkata,Eden Gardens,Large,False,True,68,11,11.333333333333334,73,6.441176470588235,20,172,99,8.666666666666666,11.423076923076923,2,8,Large
11.3,11,3,71,Johan Botha,All-Rounders,Jean-Paul Duminy,All-Rounders,1,False,-0.5,42,Kolkata,Eden Gardens,Large,False,True,69,11,11.5,74,6.434782608695652,20,172,98,8.5,11.529411764705882,2,8,Large
11.4,11,4,72,Johan Botha,All-Rounders,Kedar Jadhav,All-Rounders,6,False,-3.0,42,Kolkata,Eden Gardens,Large,False,True,70,11,11.666666666666666,80,6.857142857142858,20,172,92,8.333333333333334,11.04,2,8,Large
11.5,11,5,73,Johan Botha,All-Rounders,Kedar Jadhav,All-Rounders,1,False,-0.5,42,Kolkata,Eden Gardens,Large,False,True,71,11,11.833333333333334,81,6.845070422535211,20,172,91,8.166666666666666,11.142857142857144,2,8,Large
11.6,11,6,74,Johan Botha,All-Rounders,Jean-Paul Duminy,All-Rounders,4,False,-2.0,42,Kolkata,Eden Gardens,Large,False,True,72,11,12.0,85,7.083333333333333,20,172,87,8.0,10.875,2,8,Large
12.1,12,1,75,Sunil Narine,All-Rounders,Kedar Jadhav,All-Rounders,1,False,-0.5,42,Kolkata,Eden Gardens,Large,False,True,73,12,12.166666666666666,86,7.068493150684932,20,172,86,7.833333333333334,10.978723404255318,2,8,Large
12.2,12,2,76,Sunil Narine,All-Rounders,Jean-Paul Duminy,All-Rounders,6,False,-3.0,42,Kolkata,Eden Gardens,Large,False,True,74,12,12.333333333333334,92,7.459459459459459,20,172,80,7.666666666666666,10.434782608695652,2,8,Large
12.3,12,3,77,Sunil Narine,All-Rounders,Jean-Paul Duminy,All-Rounders,1,False,-0.5,42,Kolkata,Eden Gardens,Large,False,True,75,12,12.5,93,7.44,20,172,79,7.5,10.533333333333331,2,8,Large
12.4,12,4,78,Sunil Narine,All-Rounders,Kedar Jadhav,All-Rounders,1,False,-0.5,42,Kolkata,Eden Gardens,Large,False,True,76,12,12.666666666666666,94,7.421052631578948,20,172,78,7.333333333333334,10.636363636363637,2,8,Large
12.5,12,5,79,Sunil Narine,All-Rounders,Jean-Paul Duminy,All-Rounders,0,False,1.0,42,Kolkata,Eden Gardens,Large,False,True,77,12,12.833333333333334,94,7.324675324675324,20,172,78,7.166666666666666,10.88372093023256,2,8,Large
12.6,12,6,80,Sunil Narine,All-Rounders,Jean-Paul Duminy,All-Rounders,1,False,-0.5,42,Kolkata,Eden Gardens,Large,False,True,78,12,13.0,95,7.3076923076923075,20,172,77,7.0,11.0,2,8,Large
13.1,13,1,81,Piyush Chawla,All-Rounders,Jean-Paul Duminy,All-Rounders,1,False,-0.5,42,Kolkata,Eden Gardens,Large,False,True,79,13,13.166666666666666,96,7.29113924050633,20,172,76,6.833333333333334,11.121951219512194,2,8,Large
13.2,13,2,82,Piyush Chawla,All-Rounders,Kedar Jadhav,All-Rounders,0,True,5.0,42,Kolkata,Eden Gardens,Large,False,True,80,13,13.333333333333334,96,7.199999999999999,20,172,76,6.666666666666666,11.4,3,7,Large
13.3,13,3,83,Piyush Chawla,All-Rounders,Yuvraj Singh,Batters,0,False,1.0,42,Kolkata,Eden Gardens,Large,False,True,81,13,13.5,96,7.111111111111111,20,172,76,6.5,11.692307692307692,3,7,Large
13.4,13,4,84,Piyush Chawla,All-Rounders,Yuvraj Singh,Batters,0,False,1.0,42,Kolkata,Eden Gardens,Large,False,True,82,13,13.666666666666666,96,7.024390243902439,20,172,76,6.333333333333334,11.999999999999998,3,7,Large
13.5,13,5,85,Piyush Chawla,All-Rounders,Yuvraj Singh,Batters,0,True,5.0,42,Kolkata,Eden Gardens,Large,False,True,83,13,13.833333333333334,96,6.9397590361445785,20,172,76,6.166666666666666,12.324324324324326,4,6,Large
13.6,13,6,86,Piyush Chawla,All-Rounders,Jean-Paul Duminy,All-Rounders,1,False,-0.5,42,Kolkata,Eden Gardens,Large,False,True,84,13,14.0,97,6.928571428571429,20,172,75,6.0,12.5,4,6,Large
14.1,14,1,87,Sunil Narine,All-Rounders,Jean-Paul Duminy,All-Rounders,1,False,-0.5,42,Kolkata,Eden Gardens,Large,False,True,85,14,14.166666666666666,98,6.91764705882353,20,172,74,5.833333333333334,12.685714285714283,4,6,Large
14.2,14,2,88,Sunil Narine,All-Rounders,Angelo Mathews,All-Rounders,1,False,-0.5,42,Kolkata,Eden Gardens,Large,False,True,86,14,14.333333333333334,99,6.906976744186046,20,172,73,5.666666666666666,12.882352941176473,4,6,Large
14.3,14,3,89,Sunil Narine,All-Rounders,Jean-Paul Duminy,All-Rounders,1,False,-1.0,42,Kolkata,Eden Gardens,Large,True,False,86,14,14.333333333333334,100,6.976744186046512,20,172,72,5.666666666666666,12.705882352941178,4,6,Large
14.3,14,3,90,Sunil Narine,All-Rounders,Jean-Paul Duminy,All-Rounders,1,False,-0.5,42,Kolkata,Eden Gardens,Large,False,True,87,14,14.5,101,6.965517241379311,20,172,71,5.5,12.909090909090908,4,6,Large
14.4,14,4,91,Sunil Narine,All-Rounders,Angelo Mathews,All-Rounders,0,False,1.0,42,Kolkata,Eden Gardens,Large,False,True,88,14,14.666666666666666,101,6.886363636363637,20,172,71,5.333333333333334,13.312499999999998,4,6,Large
14.5,14,5,92,Sunil Narine,All-Rounders,Angelo Mathews,All-Rounders,1,False,-0.25,42,Kolkata,Eden Gardens,Large,False,True,89,14,14.833333333333334,102,6.876404494382022,20,172,70,5.166666666666666,13.548387096774196,4,6,Large
14.6,14,6,93,Sunil Narine,All-Rounders,Jean-Paul Duminy,All-Rounders,4,False,-2.0,42,Kolkata,Eden Gardens,Large,False,True,90,14,15.0,106,7.066666666666666,20,172,66,5.0,13.2,4,6,Large
15.1,15,1,94,Piyush Chawla,All-Rounders,Angelo Mathews,All-Rounders,4,False,-2.0,42,Kolkata,Eden Gardens,Large,False,True,91,15,15.166666666666666,110,7.252747252747253,20,172,62,4.833333333333334,12.82758620689655,4,6,Large
15.2,15,2,95,Piyush Chawla,All-Rounders,Angelo Mathews,All-Rounders,1,False,-0.5,42,Kolkata,Eden Gardens,Large,False,True,92,15,15.333333333333334,111,7.239130434782608,20,172,61,4.666666666666666,13.071428571428571,4,6,Large
15.3,15,3,96,Piyush Chawla,All-Rounders,Jean-Paul Duminy,All-Rounders,0,True,5.0,42,Kolkata,Eden Gardens,Large,False,True,93,15,15.5,111,7.161290322580645,20,172,61,4.5,13.555555555555555,5,5,Large
15.4,15,4,97,Piyush Chawla,All-Rounders,Angelo Mathews,All-Rounders,1,False,-0.5,42,Kolkata,Eden Gardens,Large,False,True,94,15,15.666666666666666,112,7.148936170212767,20,172,60,4.333333333333334,13.846153846153843,5,5,Large
15.5,15,5,98,Piyush Chawla,All-Rounders,Saurabh Tiwary,Batters,0,False,1.0,42,Kolkata,Eden Gardens,Large,False,True,95,15,15.833333333333334,112,7.073684210526316,20,172,60,4.166666666666666,14.400000000000002,5,5,Large
15.6,15,6,99,Piyush Chawla,All-Rounders,Saurabh Tiwary,Batters,1,False,-0.5,42,Kolkata,Eden Gardens,Large,False,True,96,15,16.0,113,7.0625,20,172,59,4.0,14.75,5,5,Large
16.1,16,1,100,Brad Hogg,All-Rounders,Saurabh Tiwary,Batters,1,False,-0.5,42,Kolkata,Eden Gardens,Large,False,True,97,16,16.166666666666668,114,7.051546391752577,20,172,58,3.833333333333332,15.1304347826087,5,5,Large
16.2,16,2,101,Brad Hogg,All-Rounders,Angelo Mathews,All-Rounders,2,False,-1.0,42,Kolkata,Eden Gardens,Large,False,True,98,16,16.333333333333332,116,7.102040816326531,20,172,56,3.666666666666668,15.272727272727268,5,5,Large
16.3,16,3,102,Brad Hogg,All-Rounders,Angelo Mathews,All-Rounders,6,False,-3.0,42,Kolkata,Eden Gardens,Large,False,True,99,16,16.5,122,7.393939393939394,20,172,50,3.5,14.285714285714286,5,5,Large
16.4,16,4,103,Brad Hogg,All-Rounders,Angelo Mathews,All-Rounders,1,False,-0.5,42,Kolkata,Eden Gardens,Large,False,True,100,16,16.666666666666668,123,7.38,20,172,49,3.333333333333332,14.700000000000005,5,5,Large
16.5,16,5,104,Brad Hogg,All-Rounders,Saurabh Tiwary,Batters,6,False,-3.0,42,Kolkata,Eden Gardens,Large,False,True,101,16,16.833333333333332,129,7.663366336633664,20,172,43,3.166666666666668,13.578947368421048,5,5,Large
16.6,16,6,105,Brad Hogg,All-Rounders,Saurabh Tiwary,Batters,1,False,-0.5,42,Kolkata,Eden Gardens,Large,False,True,102,16,17.0,130,7.647058823529412,20,172,42,3.0,14.0,5,5,Large
17.1,17,1,106,Umesh Yadav,Bowlers,Saurabh Tiwary,Batters,1,False,-1.0,42,Kolkata,Eden Gardens,Large,True,False,102,16,17.0,131,7.705882352941177,20,172,41,3.0,13.666666666666666,5,5,Large
17.1,17,1,107,Umesh Yadav,Bowlers,Saurabh Tiwary,Batters,0,False,1.0,42,Kolkata,Eden Gardens,Large,False,True,103,17,17.166666666666668,131,7.631067961165048,20,172,41,2.833333333333332,14.470588235294125,5,5,Large
17.2,17,2,108,Umesh Yadav,Bowlers,Saurabh Tiwary,Batters,0,False,1.0,42,Kolkata,Eden Gardens,Large,False,True,104,17,17.333333333333332,131,7.557692307692308,20,172,41,2.666666666666668,15.374999999999991,5,5,Large
17.3,17,3,109,Umesh Yadav,Bowlers,Saurabh Tiwary,Batters,4,False,-2.0,42,Kolkata,Eden Gardens,Large,False,True,105,17,17.5,135,7.714285714285714,20,172,37,2.5,14.8,5,5,Large
17.4,17,4,110,Umesh Yadav,Bowlers,Saurabh Tiwary,Batters,1,False,-0.5,42,Kolkata,Eden Gardens,Large,False,True,106,17,17.666666666666668,136,7.698113207547169,20,172,36,2.333333333333332,15.428571428571436,5,5,Large
17.5,17,5,111,Umesh Yadav,Bowlers,Angelo Mathews,All-Rounders,0,False,1.0,42,Kolkata,Eden Gardens,Large,False,True,107,17,17.833333333333332,136,7.626168224299066,20,172,36,2.166666666666668,16.615384615384606,5,5,Large
17.6,17,6,112,Umesh Yadav,Bowlers,Angelo Mathews,All-Rounders,1,False,-0.5,42,Kolkata,Eden Gardens,Large,False,True,108,17,18.0,137,7.611111111111111,20,172,35,2.0,17.5,5,5,Large
18.1,18,1,113,Andre Russell,All-Rounders,Angelo Mathews,All-Rounders,0,False,1.0,42,Kolkata,Eden Gardens,Large,False,True,109,18,18.166666666666668,137,7.541284403669724,20,172,35,1.833333333333332,19.090909090909104,5,5,Large
18.2,18,2,114,Andre Russell,All-Rounders,Angelo Mathews,All-Rounders,1,False,-0.5,42,Kolkata,Eden Gardens,Large,False,True,110,18,18.33333333333333,138,7.527272727272727,20,172,34,1.666666666666668,20.399999999999984,5,5,Large
18.3,18,3,115,Andre Russell,All-Rounders,Saurabh Tiwary,Batters,0,False,1.0,42,Kolkata,Eden Gardens,Large,False,True,111,18,18.5,138,7.45945945945946,20,172,34,1.5,22.666666666666668,5,5,Large
18.4,18,4,116,Andre Russell,All-Rounders,Saurabh Tiwary,Batters,1,False,-0.5,42,Kolkata,Eden Gardens,Large,False,True,112,18,18.666666666666668,139,7.446428571428571,20,172,33,1.333333333333332,24.75000000000002,5,5,Large
18.5,18,5,117,Andre Russell,All-Rounders,Angelo Mathews,All-Rounders,4,False,-2.0,42,Kolkata,Eden Gardens,Large,False,True,113,18,18.83333333333333,143,7.592920353982302,20,172,29,1.166666666666668,24.85714285714284,5,5,Large
18.6,18,6,118,Andre Russell,All-Rounders,Angelo Mathews,All-Rounders,0,True,5.0,42,Kolkata,Eden Gardens,Large,False,True,114,18,19.0,143,7.526315789473684,20,172,29,1.0,29.0,6,4,Large
19.1,19,1,119,Umesh Yadav,Bowlers,Saurabh Tiwary,Batters,1,False,-0.5,42,Kolkata,Eden Gardens,Large,False,True,115,19,19.166666666666668,144,7.513043478260869,20,172,28,0.8333333333333321,33.60000000000005,6,4,Large
19.2,19,2,120,Umesh Yadav,Bowlers,Albie Morkel,All-Rounders,1,False,-1.0,42,Kolkata,Eden Gardens,Large,True,False,115,19,19.166666666666668,145,7.565217391304348,20,172,27,0.8333333333333321,32.40000000000005,6,4,Large
19.2,19,2,121,Umesh Yadav,Bowlers,Albie Morkel,All-Rounders,4,False,-2.0,42,Kolkata,Eden Gardens,Large,False,True,116,19,19.33333333333333,149,7.706896551724139,20,172,23,0.6666666666666679,34.499999999999936,6,4,Large
19.3,19,3,122,Umesh Yadav,Bowlers,Albie Morkel,All-Rounders,1,False,-0.5,42,Kolkata,Eden Gardens,Large,False,True,117,19,19.5,150,7.6923076923076925,20,172,22,0.5,44.0,6,4,Large
19.4,19,4,123,Umesh Yadav,Bowlers,Saurabh Tiwary,Batters,4,False,-2.0,42,Kolkata,Eden Gardens,Large,False,True,118,19,19.666666666666668,154,7.830508474576271,20,172,18,0.3333333333333321,54.00000000000019,6,4,Large
19.5,19,5,124,Umesh Yadav,Bowlers,Saurabh Tiwary,Batters,0,False,1.0,42,Kolkata,Eden Gardens,Large,False,True,119,19,19.83333333333333,154,7.764705882352942,20,172,18,0.1666666666666678,107.99999999999925,6,4,Large
19.6,19,6,125,Umesh Yadav,Bowlers,Saurabh Tiwary,Batters,4,False,-2.0,42,Kolkata,Eden Gardens,Large,False,True,120,19,20.0,158,7.9,20,172,14,0.0,inf,6,4,Large
