Ball Number,over,ball,Ball,bowler,bowler_role,batsman,batsman_role,Runs,is_wicket,bowler_score,match_id,city,stadium,Stadium_Type,is_extra,legal_delivery,legal_deliveries_count,overs_completed,overs_bowled,total_runs,current_run_rate,total_overs,target,runs_needed,overs_remaining,required_run_rate,wickets_fallen,wickets_in_hand,Ground_Type
0.1,0,1,1,Jayant Yadav,Bowlers,Shikhar Dhawan,Batters,1,False,-0.5,45,Raipur,Shaheed Veer Narayan Singh International Stadium,Large,False,True,1,0,0.1666666666666666,1,6.0,20,164,163,19.83333333333333,8.218487394957984,0,10,Large
0.2,0,2,2,Jayant Yadav,Bowlers,David Warner,Batters,1,False,-0.5,45,Raipur,Shaheed Veer Narayan Singh International Stadium,Large,False,True,2,0,0.3333333333333333,2,6.0,20,164,162,19.666666666666668,8.23728813559322,0,10,Large
0.3,0,3,3,Jayant Yadav,Bowlers,Shikhar Dhawan,Batters,1,False,-0.5,45,Raipur,Shaheed Veer Narayan Singh International Stadium,Large,False,True,3,0,0.5,3,6.0,20,164,161,19.5,8.256410256410257,0,10,Large
0.4,0,4,4,Jayant Yadav,Bowlers,David Warner,Batters,0,False,1.0,45,Raipur,Shaheed Veer Narayan Singh International Stadium,Large,False,True,4,0,0.6666666666666666,3,4.5,20,164,161,19.33333333333333,8.327586206896552,0,10,Large
0.5,0,5,5,Jayant Yadav,Bowlers,David Warner,Batters,4,False,-2.0,45,Raipur,Shaheed Veer Narayan Singh International Stadium,Large,False,True,5,0,0.8333333333333334,7,8.4,20,164,157,19.166666666666668,8.191304347826087,0,10,Large
0.6,0,6,6,Jayant Yadav,Bowlers,David Warner,Batters,1,False,-0.5,45,Raipur,Shaheed Veer Narayan Singh International Stadium,Large,False,True,6,0,1.0,8,8.0,20,164,156,19.0,8.210526315789474,0,10,Large
1.1,1,1,7,Zaheer Khan,Bowlers,David Warner,Batters,0,False,1.0,45,Raipur,Shaheed Veer Narayan Singh International Stadium,Large,False,True,7,1,1.1666666666666667,8,6.857142857142857,20,164,156,18.83333333333333,8.283185840707965,0,10,Large
1.2,1,2,8,Zaheer Khan,Bowlers,David Warner,Batters,0,False,1.0,45,Raipur,Shaheed Veer Narayan Singh International Stadium,Large,False,True,8,1,1.3333333333333333,8,6.0,20,164,156,18.666666666666668,8.357142857142856,0,10,Large
1.3,1,3,9,Zaheer Khan,Bowlers,David Warner,Batters,0,False,1.0,45,Raipur,Shaheed Veer Narayan Singh International Stadium,Large,False,True,9,1,1.5,8,5.333333333333333,20,164,156,18.5,8.432432432432432,0,10,Large
1.4,1,4,10,Zaheer Khan,Bowlers,David Warner,Batters,3,False,-1.5,45,Raipur,Shaheed Veer Narayan Singh International Stadium,Large,False,True,10,1,1.6666666666666663,11,6.6000000000000005,20,164,153,18.33333333333333,8.345454545454546,0,10,Large
1.5,1,5,11,Zaheer Khan,Bowlers,Shikhar Dhawan,Batters,4,False,-2.0,45,Raipur,Shaheed Veer Narayan Singh International Stadium,Large,False,True,11,1,1.8333333333333333,15,8.181818181818182,20,164,149,18.166666666666668,8.20183486238532,0,10,Large
1.6,1,6,12,Zaheer Khan,Bowlers,Shikhar Dhawan,Batters,0,False,1.0,45,Raipur,Shaheed Veer Narayan Singh International Stadium,Large,False,True,12,1,2.0,15,7.5,20,164,149,18.0,8.277777777777779,0,10,Large
2.1,2,1,13,Nathan Coulter-Nile,All-Rounders,David Warner,Batters,0,False,1.0,45,Raipur,Shaheed Veer Narayan Singh International Stadium,Large,False,True,13,2,2.1666666666666665,15,6.923076923076923,20,164,149,17.833333333333332,8.355140186915888,0,10,Large
2.2,2,2,14,Nathan Coulter-Nile,All-Rounders,David Warner,Batters,0,False,1.0,45,Raipur,Shaheed Veer Narayan Singh International Stadium,Large,False,True,14,2,2.333333333333333,15,6.428571428571428,20,164,149,17.666666666666668,8.433962264150942,0,10,Large
2.3,2,3,15,Nathan Coulter-Nile,All-Rounders,David Warner,Batters,6,False,-3.0,45,Raipur,Shaheed Veer Narayan Singh International Stadium,Large,False,True,15,2,2.5,21,8.4,20,164,143,17.5,8.17142857142857,0,10,Large
2.4,2,4,16,Nathan Coulter-Nile,All-Rounders,David Warner,Batters,0,False,1.0,45,Raipur,Shaheed Veer Narayan Singh International Stadium,Large,False,True,16,2,2.6666666666666665,21,7.875,20,164,143,17.333333333333332,8.25,0,10,Large
2.5,2,5,17,Nathan Coulter-Nile,All-Rounders,David Warner,Batters,1,False,-0.5,45,Raipur,Shaheed Veer Narayan Singh International Stadium,Large,False,True,17,2,2.833333333333333,22,7.764705882352941,20,164,142,17.166666666666668,8.271844660194175,0,10,Large
2.6,2,6,18,Nathan Coulter-Nile,All-Rounders,Shikhar Dhawan,Batters,3,False,-1.5,45,Raipur,Shaheed Veer Narayan Singh International Stadium,Large,False,True,18,2,3.0,25,8.333333333333334,20,164,139,17.0,8.176470588235293,0,10,Large
3.1,3,1,19,Zaheer Khan,Bowlers,Shikhar Dhawan,Batters,0,False,1.0,45,Raipur,Shaheed Veer Narayan Singh International Stadium,Large,False,True,19,3,3.1666666666666665,25,7.894736842105264,20,164,139,16.833333333333332,8.257425742574258,0,10,Large
3.2,3,2,20,Zaheer Khan,Bowlers,Shikhar Dhawan,Batters,4,False,-2.0,45,Raipur,Shaheed Veer Narayan Singh International Stadium,Large,False,True,20,3,3.333333333333333,29,8.7,20,164,135,16.666666666666668,8.1,0,10,Large
3.3,3,3,21,Zaheer Khan,Bowlers,Shikhar Dhawan,Batters,0,False,1.0,45,Raipur,Shaheed Veer Narayan Singh International Stadium,Large,False,True,21,3,3.5,29,8.285714285714286,20,164,135,16.5,8.181818181818182,0,10,Large
3.4,3,4,22,Zaheer Khan,Bowlers,Shikhar Dhawan,Batters,0,False,1.0,45,Raipur,Shaheed Veer Narayan Singh International Stadium,Large,False,True,22,3,3.6666666666666665,29,7.909090909090909,20,164,135,16.333333333333332,8.26530612244898,0,10,Large
3.5,3,5,23,Zaheer Khan,Bowlers,Shikhar Dhawan,Batters,0,True,5.0,45,Raipur,Shaheed Veer Narayan Singh International Stadium,Large,False,True,23,3,3.8333333333333335,29,7.565217391304348,20,164,135,16.166666666666668,8.350515463917525,1,9,Large
3.6,3,6,24,Zaheer Khan,Bowlers,David Warner,Batters,1,False,-1.0,45,Raipur,Shaheed Veer Narayan Singh International Stadium,Large,True,False,23,3,3.8333333333333335,30,7.826086956521739,20,164,134,16.166666666666668,8.288659793814432,1,9,Large
3.6,3,6,25,Zaheer Khan,Bowlers,David Warner,Batters,1,False,-0.5,45,Raipur,Shaheed Veer Narayan Singh International Stadium,Large,False,True,24,3,4.0,31,7.75,20,164,133,16.0,8.3125,1,9,Large
4.1,4,1,26,Nathan Coulter-Nile,All-Rounders,David Warner,Batters,0,True,5.0,45,Raipur,Shaheed Veer Narayan Singh International Stadium,Large,False,True,25,4,4.166666666666667,31,7.439999999999999,20,164,133,15.833333333333332,8.4,2,8,Large
4.2,4,2,27,Nathan Coulter-Nile,All-Rounders,Eoin Morgan,Batters,0,False,1.0,45,Raipur,Shaheed Veer Narayan Singh International Stadium,Large,False,True,26,4,4.333333333333333,31,7.153846153846154,20,164,133,15.666666666666668,8.48936170212766,2,8,Large
4.3,4,3,28,Nathan Coulter-Nile,All-Rounders,Eoin Morgan,Batters,0,False,1.0,45,Raipur,Shaheed Veer Narayan Singh International Stadium,Large,False,True,27,4,4.5,31,6.888888888888889,20,164,133,15.5,8.580645161290322,2,8,Large
4.4,4,4,29,Nathan Coulter-Nile,All-Rounders,Eoin Morgan,Batters,0,False,1.0,45,Raipur,Shaheed Veer Narayan Singh International Stadium,Large,False,True,28,4,4.666666666666667,31,6.642857142857142,20,164,133,15.333333333333332,8.673913043478262,2,8,Large
4.5,4,5,30,Nathan Coulter-Nile,All-Rounders,Eoin Morgan,Batters,0,False,1.0,45,Raipur,Shaheed Veer Narayan Singh International Stadium,Large,False,True,29,4,4.833333333333333,31,6.413793103448277,20,164,133,15.166666666666668,8.769230769230768,2,8,Large
4.6,4,6,31,Nathan Coulter-Nile,All-Rounders,Eoin Morgan,Batters,1,False,-0.5,45,Raipur,Shaheed Veer Narayan Singh International Stadium,Large,False,True,30,4,5.0,32,6.4,20,164,132,15.0,8.8,2,8,Large
5.1,5,1,32,Zaheer Khan,Bowlers,Eoin Morgan,Batters,1,False,-0.5,45,Raipur,Shaheed Veer Narayan Singh International Stadium,Large,False,True,31,5,5.166666666666667,33,6.387096774193548,20,164,131,14.833333333333332,8.831460674157304,2,8,Large
5.2,5,2,33,Zaheer Khan,Bowlers,Moises Henriques,All-Rounders,1,False,-0.5,45,Raipur,Shaheed Veer Narayan Singh International Stadium,Large,False,True,32,5,5.333333333333333,34,6.375,20,164,130,14.666666666666668,8.863636363636363,2,8,Large
5.2,5,2,34,Zaheer Khan,Bowlers,Moises Henriques,All-Rounders,1,False,-1.0,45,Raipur,Shaheed Veer Narayan Singh International Stadium,Large,True,False,32,5,5.333333333333333,35,6.5625,20,164,129,14.666666666666668,8.795454545454545,2,8,Large
5.3,5,3,35,Zaheer Khan,Bowlers,Eoin Morgan,Batters,1,False,-0.5,45,Raipur,Shaheed Veer Narayan Singh International Stadium,Large,False,True,33,5,5.5,36,6.545454545454546,20,164,128,14.5,8.827586206896552,2,8,Large
5.4,5,4,36,Zaheer Khan,Bowlers,Moises Henriques,All-Rounders,1,False,-0.5,45,Raipur,Shaheed Veer Narayan Singh International Stadium,Large,False,True,34,5,5.666666666666667,37,6.529411764705882,20,164,127,14.333333333333332,8.860465116279071,2,8,Large
5.5,5,5,37,Zaheer Khan,Bowlers,Eoin Morgan,Batters,0,False,1.0,45,Raipur,Shaheed Veer Narayan Singh International Stadium,Large,False,True,35,5,5.833333333333333,37,6.342857142857143,20,164,127,14.166666666666668,8.964705882352941,2,8,Large
5.6,5,6,38,Zaheer Khan,Bowlers,Eoin Morgan,Batters,4,False,-2.0,45,Raipur,Shaheed Veer Narayan Singh International Stadium,Large,False,True,36,5,6.0,41,6.833333333333333,20,164,123,14.0,8.785714285714286,2,8,Large
6.1,6,1,39,Jayant Yadav,Bowlers,Moises Henriques,All-Rounders,0,False,1.0,45,Raipur,Shaheed Veer Narayan Singh International Stadium,Large,False,True,37,6,6.166666666666667,41,6.648648648648648,20,164,123,13.833333333333332,8.891566265060241,2,8,Large
6.2,6,2,40,Jayant Yadav,Bowlers,Moises Henriques,All-Rounders,1,False,-0.5,45,Raipur,Shaheed Veer Narayan Singh International Stadium,Large,False,True,38,6,6.333333333333333,42,6.631578947368421,20,164,122,13.666666666666668,8.926829268292682,2,8,Large
6.3,6,3,41,Jayant Yadav,Bowlers,Eoin Morgan,Batters,1,False,-0.5,45,Raipur,Shaheed Veer Narayan Singh International Stadium,Large,False,True,39,6,6.5,43,6.615384615384615,20,164,121,13.5,8.962962962962964,2,8,Large
6.4,6,4,42,Jayant Yadav,Bowlers,Moises Henriques,All-Rounders,1,False,-0.5,45,Raipur,Shaheed Veer Narayan Singh International Stadium,Large,False,True,40,6,6.666666666666667,44,6.6,20,164,120,13.333333333333332,9.0,2,8,Large
6.5,6,5,43,Jayant Yadav,Bowlers,Eoin Morgan,Batters,2,False,-1.0,45,Raipur,Shaheed Veer Narayan Singh International Stadium,Large,False,True,41,6,6.833333333333333,46,6.731707317073171,20,164,118,13.166666666666668,8.962025316455696,2,8,Large
6.6,6,6,44,Jayant Yadav,Bowlers,Eoin Morgan,Batters,1,False,-0.5,45,Raipur,Shaheed Veer Narayan Singh International Stadium,Large,False,True,42,6,7.0,47,6.714285714285714,20,164,117,13.0,9.0,2,8,Large
7.1,7,1,45,Jean-Paul Duminy,All-Rounders,Eoin Morgan,Batters,1,False,-0.5,45,Raipur,Shaheed Veer Narayan Singh International Stadium,Large,False,True,43,7,7.166666666666667,48,6.697674418604651,20,164,116,12.833333333333332,9.03896103896104,2,8,Large
7.2,7,2,46,Jean-Paul Duminy,All-Rounders,Moises Henriques,All-Rounders,1,False,-0.5,45,Raipur,Shaheed Veer Narayan Singh International Stadium,Large,False,True,44,7,7.333333333333333,49,6.681818181818182,20,164,115,12.666666666666668,9.078947368421051,2,8,Large
7.3,7,3,47,Jean-Paul Duminy,All-Rounders,Eoin Morgan,Batters,4,False,-2.0,45,Raipur,Shaheed Veer Narayan Singh International Stadium,Large,False,True,45,7,7.5,53,7.066666666666666,20,164,111,12.5,8.88,2,8,Large
7.4,7,4,48,Jean-Paul Duminy,All-Rounders,Eoin Morgan,Batters,0,False,1.0,45,Raipur,Shaheed Veer Narayan Singh International Stadium,Large,False,True,46,7,7.666666666666667,53,6.913043478260869,20,164,111,12.333333333333332,9.0,2,8,Large
7.5,7,5,49,Jean-Paul Duminy,All-Rounders,Eoin Morgan,Batters,0,False,1.0,45,Raipur,Shaheed Veer Narayan Singh International Stadium,Large,False,True,47,7,7.833333333333333,53,6.765957446808511,20,164,111,12.166666666666668,9.123287671232877,2,8,Large
7.6,7,6,50,Jean-Paul Duminy,All-Rounders,Eoin Morgan,Batters,1,False,-0.5,45,Raipur,Shaheed Veer Narayan Singh International Stadium,Large,False,True,48,7,8.0,54,6.75,20,164,110,12.0,9.166666666666666,2,8,Large
8.1,8,1,51,Jayant Yadav,Bowlers,Eoin Morgan,Batters,1,False,-0.5,45,Raipur,Shaheed Veer Narayan Singh International Stadium,Large,False,True,49,8,8.166666666666666,55,6.734693877551021,20,164,109,11.833333333333334,9.211267605633802,2,8,Large
8.2,8,2,52,Jayant Yadav,Bowlers,Moises Henriques,All-Rounders,0,False,1.0,45,Raipur,Shaheed Veer Narayan Singh International Stadium,Large,False,True,50,8,8.333333333333334,55,6.6,20,164,109,11.666666666666666,9.342857142857143,2,8,Large
8.3,8,3,53,Jayant Yadav,Bowlers,Moises Henriques,All-Rounders,2,False,-1.0,45,Raipur,Shaheed Veer Narayan Singh International Stadium,Large,False,True,51,8,8.5,57,6.705882352941177,20,164,107,11.5,9.304347826086955,2,8,Large
8.4,8,4,54,Jayant Yadav,Bowlers,Moises Henriques,All-Rounders,0,False,1.0,45,Raipur,Shaheed Veer Narayan Singh International Stadium,Large,False,True,52,8,8.666666666666666,57,6.5769230769230775,20,164,107,11.333333333333334,9.441176470588236,2,8,Large
8.5,8,5,55,Jayant Yadav,Bowlers,Moises Henriques,All-Rounders,0,False,1.0,45,Raipur,Shaheed Veer Narayan Singh International Stadium,Large,False,True,53,8,8.833333333333334,57,6.452830188679245,20,164,107,11.166666666666666,9.582089552238806,2,8,Large
8.6,8,6,56,Jayant Yadav,Bowlers,Moises Henriques,All-Rounders,0,False,1.0,45,Raipur,Shaheed Veer Narayan Singh International Stadium,Large,False,True,54,8,9.0,57,6.333333333333333,20,164,107,11.0,9.727272727272728,2,8,Large
9.1,9,1,57,Amit Mishra,Bowlers,Eoin Morgan,Batters,1,False,-0.5,45,Raipur,Shaheed Veer Narayan Singh International Stadium,Large,False,True,55,9,9.166666666666666,58,6.327272727272728,20,164,106,10.833333333333334,9.784615384615384,2,8,Large
9.2,9,2,58,Amit Mishra,Bowlers,Moises Henriques,All-Rounders,1,False,-0.5,45,Raipur,Shaheed Veer Narayan Singh International Stadium,Large,False,True,56,9,9.333333333333334,59,6.321428571428571,20,164,105,10.666666666666666,9.84375,2,8,Large
9.3,9,3,59,Amit Mishra,Bowlers,Eoin Morgan,Batters,0,False,1.0,45,Raipur,Shaheed Veer Narayan Singh International Stadium,Large,False,True,57,9,9.5,59,6.2105263157894735,20,164,105,10.5,10.0,2,8,Large
9.4,9,4,60,Amit Mishra,Bowlers,Eoin Morgan,Batters,1,False,-0.5,45,Raipur,Shaheed Veer Narayan Singh International Stadium,Large,False,True,58,9,9.666666666666666,60,6.206896551724138,20,164,104,10.333333333333334,10.064516129032258,2,8,Large
9.5,9,5,61,Amit Mishra,Bowlers,Moises Henriques,All-Rounders,1,False,-0.5,45,Raipur,Shaheed Veer Narayan Singh International Stadium,Large,False,True,59,9,9.833333333333334,61,6.203389830508474,20,164,103,10.166666666666666,10.131147540983608,2,8,Large
9.6,9,6,62,Amit Mishra,Bowlers,Eoin Morgan,Batters,1,False,-0.5,45,Raipur,Shaheed Veer Narayan Singh International Stadium,Large,False,True,60,9,10.0,62,6.2,20,164,102,10.0,10.2,2,8,Large
10.1,10,1,63,Jayant Yadav,Bowlers,Eoin Morgan,Batters,1,False,-0.5,45,Raipur,Shaheed Veer Narayan Singh International Stadium,Large,False,True,61,10,10.166666666666666,63,6.19672131147541,20,164,101,9.833333333333334,10.271186440677964,2,8,Large
10.2,10,2,64,Jayant Yadav,Bowlers,Moises Henriques,All-Rounders,1,False,-0.5,45,Raipur,Shaheed Veer Narayan Singh International Stadium,Large,False,True,62,10,10.333333333333334,64,6.193548387096774,20,164,100,9.666666666666666,10.344827586206897,2,8,Large
10.3,10,3,65,Jayant Yadav,Bowlers,Eoin Morgan,Batters,0,False,1.0,45,Raipur,Shaheed Veer Narayan Singh International Stadium,Large,False,True,63,10,10.5,64,6.095238095238095,20,164,100,9.5,10.526315789473683,2,8,Large
10.4,10,4,66,Jayant Yadav,Bowlers,Eoin Morgan,Batters,0,True,5.0,45,Raipur,Shaheed Veer Narayan Singh International Stadium,Large,False,True,64,10,10.666666666666666,64,6.0,20,164,100,9.333333333333334,10.714285714285714,3,7,Large
10.5,10,5,67,Jayant Yadav,Bowlers,Moises Henriques,All-Rounders,0,False,1.0,45,Raipur,Shaheed Veer Narayan Singh International Stadium,Large,False,True,65,10,10.833333333333334,64,5.907692307692307,20,164,100,9.166666666666666,10.90909090909091,3,7,Large
10.6,10,6,68,Jayant Yadav,Bowlers,Moises Henriques,All-Rounders,0,False,1.0,45,Raipur,Shaheed Veer Narayan Singh International Stadium,Large,False,True,66,10,11.0,64,5.818181818181818,20,164,100,9.0,11.11111111111111,3,7,Large
11.1,11,1,69,Amit Mishra,Bowlers,Karn Sharma,Bowlers,2,False,-1.0,45,Raipur,Shaheed Veer Narayan Singh International Stadium,Large,False,True,67,11,11.166666666666666,66,5.91044776119403,20,164,98,8.833333333333334,11.094339622641508,3,7,Large
11.2,11,2,70,Amit Mishra,Bowlers,Karn Sharma,Bowlers,4,False,-2.0,45,Raipur,Shaheed Veer Narayan Singh International Stadium,Large,False,True,68,11,11.333333333333334,70,6.1764705882352935,20,164,94,8.666666666666666,10.846153846153848,3,7,Large
11.3,11,3,71,Amit Mishra,Bowlers,Karn Sharma,Bowlers,1,False,-0.25,45,Raipur,Shaheed Veer Narayan Singh International Stadium,Large,False,True,69,11,11.5,71,6.173913043478261,20,164,93,8.5,10.941176470588236,3,7,Large
11.4,11,4,72,Amit Mishra,Bowlers,Moises Henriques,All-Rounders,2,False,-1.0,45,Raipur,Shaheed Veer Narayan Singh International Stadium,Large,False,True,70,11,11.666666666666666,73,6.257142857142857,20,164,91,8.333333333333334,10.92,3,7,Large
11.5,11,5,73,Amit Mishra,Bowlers,Moises Henriques,All-Rounders,6,False,-3.0,45,Raipur,Shaheed Veer Narayan Singh International Stadium,Large,False,True,71,11,11.833333333333334,79,6.676056338028169,20,164,85,8.166666666666666,10.408163265306124,3,7,Large
11.6,11,6,74,Amit Mishra,Bowlers,Moises Henriques,All-Rounders,0,False,1.0,45,Raipur,Shaheed Veer Narayan Singh International Stadium,Large,False,True,72,11,12.0,79,6.583333333333333,20,164,85,8.0,10.625,3,7,Large
12.1,12,1,75,Nathan Coulter-Nile,All-Rounders,Karn Sharma,Bowlers,4,False,-2.0,45,Raipur,Shaheed Veer Narayan Singh International Stadium,Large,False,True,73,12,12.166666666666666,83,6.821917808219179,20,164,81,7.833333333333334,10.340425531914892,3,7,Large
12.2,12,2,76,Nathan Coulter-Nile,All-Rounders,Karn Sharma,Bowlers,0,False,1.0,45,Raipur,Shaheed Veer Narayan Singh International Stadium,Large,False,True,74,12,12.333333333333334,83,6.72972972972973,20,164,81,7.666666666666666,10.56521739130435,3,7,Large
12.3,12,3,77,Nathan Coulter-Nile,All-Rounders,Karn Sharma,Bowlers,1,False,-0.5,45,Raipur,Shaheed Veer Narayan Singh International Stadium,Large,False,True,75,12,12.5,84,6.72,20,164,80,7.5,10.666666666666666,3,7,Large
12.4,12,4,78,Nathan Coulter-Nile,All-Rounders,Moises Henriques,All-Rounders,1,False,-0.5,45,Raipur,Shaheed Veer Narayan Singh International Stadium,Large,False,True,76,12,12.666666666666666,85,6.710526315789474,20,164,79,7.333333333333334,10.772727272727272,3,7,Large
12.5,12,5,79,Nathan Coulter-Nile,All-Rounders,Karn Sharma,Bowlers,0,False,1.0,45,Raipur,Shaheed Veer Narayan Singh International Stadium,Large,False,True,77,12,12.833333333333334,85,6.623376623376623,20,164,79,7.166666666666666,11.023255813953488,3,7,Large
12.6,12,6,80,Nathan Coulter-Nile,All-Rounders,Karn Sharma,Bowlers,1,False,-0.5,45,Raipur,Shaheed Veer Narayan Singh International Stadium,Large,False,True,78,12,13.0,86,6.615384615384615,20,164,78,7.0,11.142857142857142,3,7,Large
13.1,13,1,81,Albie Morkel,All-Rounders,Karn Sharma,Bowlers,2,False,-1.0,45,Raipur,Shaheed Veer Narayan Singh International Stadium,Large,False,True,79,13,13.166666666666666,88,6.6835443037974684,20,164,76,6.833333333333334,11.121951219512194,3,7,Large
13.2,13,2,82,Albie Morkel,All-Rounders,Karn Sharma,Bowlers,1,False,-0.5,45,Raipur,Shaheed Veer Narayan Singh International Stadium,Large,False,True,80,13,13.333333333333334,89,6.675,20,164,75,6.666666666666666,11.250000000000002,3,7,Large
13.3,13,3,83,Albie Morkel,All-Rounders,Moises Henriques,All-Rounders,0,False,1.0,45,Raipur,Shaheed Veer Narayan Singh International Stadium,Large,False,True,81,13,13.5,89,6.592592592592593,20,164,75,6.5,11.538461538461538,3,7,Large
13.4,13,4,84,Albie Morkel,All-Rounders,Moises Henriques,All-Rounders,2,False,-1.0,45,Raipur,Shaheed Veer Narayan Singh International Stadium,Large,False,True,82,13,13.666666666666666,91,6.658536585365854,20,164,73,6.333333333333334,11.526315789473683,3,7,Large
13.5,13,5,85,Albie Morkel,All-Rounders,Moises Henriques,All-Rounders,1,False,-0.5,45,Raipur,Shaheed Veer Narayan Singh International Stadium,Large,False,True,83,13,13.833333333333334,92,6.650602409638554,20,164,72,6.166666666666666,11.675675675675675,3,7,Large
13.6,13,6,86,Albie Morkel,All-Rounders,Karn Sharma,Bowlers,0,False,1.0,45,Raipur,Shaheed Veer Narayan Singh International Stadium,Large,False,True,84,13,14.0,92,6.571428571428571,20,164,72,6.0,12.0,3,7,Large
14.1,14,1,87,Nathan Coulter-Nile,All-Rounders,Moises Henriques,All-Rounders,0,False,1.0,45,Raipur,Shaheed Veer Narayan Singh International Stadium,Large,False,True,85,14,14.166666666666666,92,6.494117647058824,20,164,72,5.833333333333334,12.342857142857142,3,7,Large
14.2,14,2,88,Nathan Coulter-Nile,All-Rounders,Moises Henriques,All-Rounders,4,False,-2.0,45,Raipur,Shaheed Veer Narayan Singh International Stadium,Large,False,True,86,14,14.333333333333334,96,6.697674418604651,20,164,68,5.666666666666666,12.000000000000002,3,7,Large
14.3,14,3,89,Nathan Coulter-Nile,All-Rounders,Moises Henriques,All-Rounders,1,False,-0.5,45,Raipur,Shaheed Veer Narayan Singh International Stadium,Large,False,True,87,14,14.5,97,6.689655172413793,20,164,67,5.5,12.181818181818182,3,7,Large
14.4,14,4,90,Nathan Coulter-Nile,All-Rounders,Karn Sharma,Bowlers,1,False,-0.5,45,Raipur,Shaheed Veer Narayan Singh International Stadium,Large,False,True,88,14,14.666666666666666,98,6.681818181818182,20,164,66,5.333333333333334,12.374999999999998,3,7,Large
14.5,14,5,91,Nathan Coulter-Nile,All-Rounders,Moises Henriques,All-Rounders,1,False,-0.5,45,Raipur,Shaheed Veer Narayan Singh International Stadium,Large,False,True,89,14,14.833333333333334,99,6.674157303370786,20,164,65,5.166666666666666,12.580645161290324,3,7,Large
14.6,14,6,92,Nathan Coulter-Nile,All-Rounders,Karn Sharma,Bowlers,0,True,5.0,45,Raipur,Shaheed Veer Narayan Singh International Stadium,Large,False,True,90,14,15.0,99,6.6,20,164,65,5.0,13.0,4,6,Large
15.1,15,1,93,Amit Mishra,Bowlers,Ravi Bopara,All-Rounders,2,False,-1.0,45,Raipur,Shaheed Veer Narayan Singh International Stadium,Large,False,True,91,15,15.166666666666666,101,6.65934065934066,20,164,63,4.833333333333334,13.034482758620689,4,6,Large
15.2,15,2,94,Amit Mishra,Bowlers,Ravi Bopara,All-Rounders,1,False,-0.5,45,Raipur,Shaheed Veer Narayan Singh International Stadium,Large,False,True,92,15,15.333333333333334,102,6.652173913043478,20,164,62,4.666666666666666,13.285714285714288,4,6,Large
15.3,15,3,95,Amit Mishra,Bowlers,Moises Henriques,All-Rounders,6,False,-3.0,45,Raipur,Shaheed Veer Narayan Singh International Stadium,Large,False,True,93,15,15.5,108,6.967741935483871,20,164,56,4.5,12.444444444444445,4,6,Large
15.4,15,4,96,Amit Mishra,Bowlers,Moises Henriques,All-Rounders,2,False,-1.0,45,Raipur,Shaheed Veer Narayan Singh International Stadium,Large,False,True,94,15,15.666666666666666,110,7.021276595744681,20,164,54,4.333333333333334,12.46153846153846,4,6,Large
15.5,15,5,97,Amit Mishra,Bowlers,Moises Henriques,All-Rounders,2,False,-1.0,45,Raipur,Shaheed Veer Narayan Singh International Stadium,Large,False,True,95,15,15.833333333333334,112,7.073684210526316,20,164,52,4.166666666666666,12.480000000000002,4,6,Large
15.6,15,6,98,Amit Mishra,Bowlers,Moises Henriques,All-Rounders,2,False,-1.0,45,Raipur,Shaheed Veer Narayan Singh International Stadium,Large,False,True,96,15,16.0,114,7.125,20,164,50,4.0,12.5,4,6,Large
16.1,16,1,99,Albie Morkel,All-Rounders,Ravi Bopara,All-Rounders,2,False,-1.0,45,Raipur,Shaheed Veer Narayan Singh International Stadium,Large,False,True,97,16,16.166666666666668,116,7.175257731958762,20,164,48,3.833333333333332,12.521739130434788,4,6,Large
16.2,16,2,100,Albie Morkel,All-Rounders,Ravi Bopara,All-Rounders,1,False,-0.5,45,Raipur,Shaheed Veer Narayan Singh International Stadium,Large,False,True,98,16,16.333333333333332,117,7.163265306122449,20,164,47,3.666666666666668,12.818181818181817,4,6,Large
16.3,16,3,101,Albie Morkel,All-Rounders,Moises Henriques,All-Rounders,1,False,-0.5,45,Raipur,Shaheed Veer Narayan Singh International Stadium,Large,False,True,99,16,16.5,118,7.151515151515151,20,164,46,3.5,13.142857142857142,4,6,Large
16.4,16,4,102,Albie Morkel,All-Rounders,Ravi Bopara,All-Rounders,1,False,-0.5,45,Raipur,Shaheed Veer Narayan Singh International Stadium,Large,False,True,100,16,16.666666666666668,119,7.14,20,164,45,3.333333333333332,13.500000000000004,4,6,Large
16.5,16,5,103,Albie Morkel,All-Rounders,Moises Henriques,All-Rounders,2,False,-1.0,45,Raipur,Shaheed Veer Narayan Singh International Stadium,Large,False,True,101,16,16.833333333333332,121,7.188118811881188,20,164,43,3.166666666666668,13.578947368421048,4,6,Large
16.6,16,6,104,Albie Morkel,All-Rounders,Moises Henriques,All-Rounders,1,False,-0.5,45,Raipur,Shaheed Veer Narayan Singh International Stadium,Large,False,True,102,16,17.0,122,7.176470588235294,20,164,42,3.0,14.0,4,6,Large
17.1,17,1,105,Jean-Paul Duminy,All-Rounders,Moises Henriques,All-Rounders,0,False,1.0,45,Raipur,Shaheed Veer Narayan Singh International Stadium,Large,False,True,103,17,17.166666666666668,122,7.106796116504854,20,164,42,2.833333333333332,14.823529411764712,4,6,Large
17.2,17,2,106,Jean-Paul Duminy,All-Rounders,Moises Henriques,All-Rounders,2,False,-1.0,45,Raipur,Shaheed Veer Narayan Singh International Stadium,Large,False,True,104,17,17.333333333333332,124,7.153846153846154,20,164,40,2.666666666666668,14.999999999999991,4,6,Large
17.3,17,3,107,Jean-Paul Duminy,All-Rounders,Moises Henriques,All-Rounders,1,False,-0.5,45,Raipur,Shaheed Veer Narayan Singh International Stadium,Large,False,True,105,17,17.5,125,7.142857142857143,20,164,39,2.5,15.6,4,6,Large
17.4,17,4,108,Jean-Paul Duminy,All-Rounders,Ravi Bopara,All-Rounders,1,False,-0.5,45,Raipur,Shaheed Veer Narayan Singh International Stadium,Large,False,True,106,17,17.666666666666668,126,7.132075471698113,20,164,38,2.333333333333332,16.285714285714295,4,6,Large
17.5,17,5,109,Jean-Paul Duminy,All-Rounders,Moises Henriques,All-Rounders,2,False,-1.0,45,Raipur,Shaheed Veer Narayan Singh International Stadium,Large,False,True,107,17,17.833333333333332,128,7.177570093457945,20,164,36,2.166666666666668,16.615384615384606,4,6,Large
17.6,17,6,110,Jean-Paul Duminy,All-Rounders,Moises Henriques,All-Rounders,1,False,-1.0,45,Raipur,Shaheed Veer Narayan Singh International Stadium,Large,True,False,107,17,17.833333333333332,129,7.233644859813085,20,164,35,2.166666666666668,16.153846153846146,4,6,Large
17.6,17,6,111,Jean-Paul Duminy,All-Rounders,Moises Henriques,All-Rounders,2,False,-1.0,45,Raipur,Shaheed Veer Narayan Singh International Stadium,Large,False,True,108,17,18.0,131,7.277777777777778,20,164,33,2.0,16.5,4,6,Large
18.1,18,1,112,Albie Morkel,All-Rounders,Ravi Bopara,All-Rounders,4,False,-2.0,45,Raipur,Shaheed Veer Narayan Singh International Stadium,Large,False,True,109,18,18.166666666666668,135,7.431192660550458,20,164,29,1.833333333333332,15.818181818181827,4,6,Large
18.2,18,2,113,Albie Morkel,All-Rounders,Ravi Bopara,All-Rounders,2,False,-1.0,45,Raipur,Shaheed Veer Narayan Singh International Stadium,Large,False,True,110,18,18.33333333333333,137,7.4727272727272736,20,164,27,1.666666666666668,16.19999999999999,4,6,Large
18.3,18,3,114,Albie Morkel,All-Rounders,Ravi Bopara,All-Rounders,1,False,-0.5,45,Raipur,Shaheed Veer Narayan Singh International Stadium,Large,False,True,111,18,18.5,138,7.45945945945946,20,164,26,1.5,17.333333333333332,4,6,Large
18.4,18,4,115,Albie Morkel,All-Rounders,Moises Henriques,All-Rounders,2,False,-1.0,45,Raipur,Shaheed Veer Narayan Singh International Stadium,Large,False,True,112,18,18.666666666666668,140,7.499999999999999,20,164,24,1.333333333333332,18.000000000000018,4,6,Large
18.5,18,5,116,Albie Morkel,All-Rounders,Moises Henriques,All-Rounders,6,False,-3.0,45,Raipur,Shaheed Veer Narayan Singh International Stadium,Large,False,True,113,18,18.83333333333333,146,7.7522123893805315,20,164,18,1.166666666666668,15.428571428571413,4,6,Large
18.6,18,6,117,Albie Morkel,All-Rounders,Moises Henriques,All-Rounders,6,False,-3.0,45,Raipur,Shaheed Veer Narayan Singh International Stadium,Large,False,True,114,18,19.0,152,8.0,20,164,12,1.0,12.0,4,6,Large
19.1,19,1,118,Zaheer Khan,Bowlers,Ravi Bopara,All-Rounders,1,False,-0.5,45,Raipur,Shaheed Veer Narayan Singh International Stadium,Large,False,True,115,19,19.166666666666668,153,7.982608695652173,20,164,11,0.8333333333333321,13.20000000000002,4,6,Large
19.2,19,2,119,Zaheer Khan,Bowlers,Moises Henriques,All-Rounders,0,False,1.0,45,Raipur,Shaheed Veer Narayan Singh International Stadium,Large,False,True,116,19,19.33333333333333,153,7.913793103448277,20,164,11,0.6666666666666679,16.49999999999997,4,6,Large
19.3,19,3,120,Zaheer Khan,Bowlers,Moises Henriques,All-Rounders,6,False,-3.0,45,Raipur,Shaheed Veer Narayan Singh International Stadium,Large,False,True,117,19,19.5,159,8.153846153846153,20,164,5,0.5,10.0,4,6,Large
19.4,19,4,121,Zaheer Khan,Bowlers,Moises Henriques,All-Rounders,2,False,-1.0,45,Raipur,Shaheed Veer Narayan Singh International Stadium,Large,False,True,118,19,19.666666666666668,161,8.186440677966102,20,164,3,0.3333333333333321,9.000000000000032,4,6,Large
19.5,19,5,122,Zaheer Khan,Bowlers,Moises Henriques,All-Rounders,1,False,-0.5,45,Raipur,Shaheed Veer Narayan Singh International Stadium,Large,False,True,119,19,19.83333333333333,162,8.168067226890757,20,164,2,0.1666666666666678,11.999999999999917,4,6,Large
19.6,19,6,123,Zaheer Khan,Bowlers,Ravi Bopara,All-Rounders,1,False,-0.5,45,Raipur,Shaheed Veer Narayan Singh International Stadium,Large,False,True,120,19,20.0,163,8.15,20,164,1,0.0,inf,4,6,Large
