Ball Number,over,ball,Ball,bowler,bowler_role,batsman,batsman_role,Runs,is_wicket,bowler_score,match_id,city,stadium,Stadium_Type,is_extra,legal_delivery,legal_deliveries_count,overs_completed,overs_bowled,total_runs,current_run_rate,total_overs,target,runs_needed,overs_remaining,required_run_rate,wickets_fallen,wickets_in_hand,Ground_Type
0.1,0,1,1,Ashish Nehra,Bowlers,David Warner,Batters,1,False,-0.5,4,Chepauk,MA Chidambaram Stadium,Medium,False,True,1,0,0.1666666666666666,1,6.0,20,210,209,19.83333333333333,10.53781512605042,0,10,Medium
0.2,0,2,2,Ashish Nehra,Bowlers,Shikhar Dhawan,Batters,4,False,-2.0,4,Chepauk,MA Chidambaram Stadium,Medium,False,True,2,0,0.3333333333333333,5,15.0,20,210,205,19.666666666666668,10.423728813559322,0,10,Medium
0.3,0,3,3,Ashish Nehra,Bowlers,Shikhar Dhawan,Batters,0,False,1.0,4,Chepauk,MA Chidambaram Stadium,Medium,False,True,3,0,0.5,5,10.0,20,210,205,19.5,10.512820512820513,0,10,Medium
0.4,0,4,4,Ashish Nehra,Bowlers,Shikhar Dhawan,Batters,0,False,1.0,4,Chepauk,MA Chidambaram Stadium,Medium,False,True,4,0,0.6666666666666666,5,7.5,20,210,205,19.33333333333333,10.60344827586207,0,10,Medium
0.5,0,5,5,Ashish Nehra,Bowlers,Shikhar Dhawan,Batters,4,False,-2.0,4,Chepauk,MA Chidambaram Stadium,Medium,False,True,5,0,0.8333333333333334,9,10.8,20,210,201,19.166666666666668,10.48695652173913,0,10,Medium
0.6,0,6,6,Ashish Nehra,Bowlers,Shikhar Dhawan,Batters,1,False,-0.5,4,Chepauk,MA Chidambaram Stadium,Medium,False,True,6,0,1.0,10,10.0,20,210,200,19.0,10.526315789473683,0,10,Medium
1.1,1,1,7,Mohit Sharma,Bowlers,Shikhar Dhawan,Batters,0,False,1.0,4,Chepauk,MA Chidambaram Stadium,Medium,False,True,7,1,1.1666666666666667,10,8.571428571428571,20,210,200,18.83333333333333,10.619469026548671,0,10,Medium
1.2,1,2,8,Mohit Sharma,Bowlers,Shikhar Dhawan,Batters,4,False,-2.0,4,Chepauk,MA Chidambaram Stadium,Medium,False,True,8,1,1.3333333333333333,14,10.5,20,210,196,18.666666666666668,10.5,0,10,Medium
1.3,1,3,9,Mohit Sharma,Bowlers,Shikhar Dhawan,Batters,0,False,1.0,4,Chepauk,MA Chidambaram Stadium,Medium,False,True,9,1,1.5,14,9.333333333333334,20,210,196,18.5,10.594594594594597,0,10,Medium
1.4,1,4,10,Mohit Sharma,Bowlers,Shikhar Dhawan,Batters,0,False,1.0,4,Chepauk,MA Chidambaram Stadium,Medium,False,True,10,1,1.6666666666666663,14,8.4,20,210,196,18.33333333333333,10.690909090909091,0,10,Medium
1.5,1,5,11,Mohit Sharma,Bowlers,Shikhar Dhawan,Batters,0,False,1.0,4,Chepauk,MA Chidambaram Stadium,Medium,False,True,11,1,1.8333333333333333,14,7.636363636363636,20,210,196,18.166666666666668,10.788990825688073,0,10,Medium
1.6,1,6,12,Mohit Sharma,Bowlers,Shikhar Dhawan,Batters,1,False,-0.5,4,Chepauk,MA Chidambaram Stadium,Medium,False,True,12,1,2.0,15,7.5,20,210,195,18.0,10.833333333333334,0,10,Medium
2.1,2,1,13,Ashish Nehra,Bowlers,Shikhar Dhawan,Batters,1,False,-0.5,4,Chepauk,MA Chidambaram Stadium,Medium,False,True,13,2,2.1666666666666665,16,7.384615384615385,20,210,194,17.833333333333332,10.878504672897195,0,10,Medium
2.2,2,2,14,Ashish Nehra,Bowlers,David Warner,Batters,1,False,-0.5,4,Chepauk,MA Chidambaram Stadium,Medium,False,True,14,2,2.333333333333333,17,7.285714285714286,20,210,193,17.666666666666668,10.924528301886792,0,10,Medium
2.3,2,3,15,Ashish Nehra,Bowlers,Shikhar Dhawan,Batters,1,False,-0.5,4,Chepauk,MA Chidambaram Stadium,Medium,False,True,15,2,2.5,18,7.2,20,210,192,17.5,10.971428571428572,0,10,Medium
2.4,2,4,16,Ashish Nehra,Bowlers,David Warner,Batters,1,False,-0.5,4,Chepauk,MA Chidambaram Stadium,Medium,False,True,16,2,2.6666666666666665,19,7.125,20,210,191,17.333333333333332,11.01923076923077,0,10,Medium
2.5,2,5,17,Ashish Nehra,Bowlers,Shikhar Dhawan,Batters,4,False,-2.0,4,Chepauk,MA Chidambaram Stadium,Medium,False,True,17,2,2.833333333333333,23,8.117647058823529,20,210,187,17.166666666666668,10.893203883495143,0,10,Medium
2.6,2,6,18,Ashish Nehra,Bowlers,Shikhar Dhawan,Batters,1,False,-0.5,4,Chepauk,MA Chidambaram Stadium,Medium,False,True,18,2,3.0,24,8.0,20,210,186,17.0,10.941176470588236,0,10,Medium
3.1,3,1,19,Mohit Sharma,Bowlers,Shikhar Dhawan,Batters,4,False,-2.0,4,Chepauk,MA Chidambaram Stadium,Medium,False,True,19,3,3.1666666666666665,28,8.842105263157896,20,210,182,16.833333333333332,10.811881188118813,0,10,Medium
3.2,3,2,20,Mohit Sharma,Bowlers,Shikhar Dhawan,Batters,1,False,-0.5,4,Chepauk,MA Chidambaram Stadium,Medium,False,True,20,3,3.333333333333333,29,8.7,20,210,181,16.666666666666668,10.86,0,10,Medium
3.3,3,3,21,Mohit Sharma,Bowlers,David Warner,Batters,1,False,-0.5,4,Chepauk,MA Chidambaram Stadium,Medium,False,True,21,3,3.5,30,8.571428571428571,20,210,180,16.5,10.909090909090908,0,10,Medium
3.4,3,4,22,Mohit Sharma,Bowlers,Shikhar Dhawan,Batters,0,True,5.0,4,Chepauk,MA Chidambaram Stadium,Medium,False,True,22,3,3.6666666666666665,30,8.181818181818182,20,210,180,16.333333333333332,11.020408163265309,1,9,Medium
3.5,3,5,23,Mohit Sharma,Bowlers,KL Rahul,Batters,1,False,-0.5,4,Chepauk,MA Chidambaram Stadium,Medium,False,True,23,3,3.8333333333333335,31,8.08695652173913,20,210,179,16.166666666666668,11.072164948453608,1,9,Medium
3.6,3,6,24,Mohit Sharma,Bowlers,David Warner,Batters,1,False,-0.5,4,Chepauk,MA Chidambaram Stadium,Medium,False,True,24,3,4.0,32,8.0,20,210,178,16.0,11.125,1,9,Medium
4.1,4,1,25,Ashish Nehra,Bowlers,David Warner,Batters,1,False,-0.5,4,Chepauk,MA Chidambaram Stadium,Medium,False,True,25,4,4.166666666666667,33,7.919999999999999,20,210,177,15.833333333333332,11.178947368421053,1,9,Medium
4.2,4,2,26,Ashish Nehra,Bowlers,KL Rahul,Batters,0,False,1.0,4,Chepauk,MA Chidambaram Stadium,Medium,False,True,26,4,4.333333333333333,33,7.615384615384616,20,210,177,15.666666666666668,11.297872340425531,1,9,Medium
4.3,4,3,27,Ashish Nehra,Bowlers,KL Rahul,Batters,4,False,-2.0,4,Chepauk,MA Chidambaram Stadium,Medium,False,True,27,4,4.5,37,8.222222222222221,20,210,173,15.5,11.161290322580646,1,9,Medium
4.4,4,4,28,Ashish Nehra,Bowlers,KL Rahul,Batters,0,False,1.0,4,Chepauk,MA Chidambaram Stadium,Medium,False,True,28,4,4.666666666666667,37,7.928571428571428,20,210,173,15.333333333333332,11.282608695652176,1,9,Medium
4.5,4,5,29,Ashish Nehra,Bowlers,KL Rahul,Batters,0,False,1.0,4,Chepauk,MA Chidambaram Stadium,Medium,False,True,29,4,4.833333333333333,37,7.655172413793104,20,210,173,15.166666666666668,11.406593406593403,1,9,Medium
4.6,4,6,30,Ashish Nehra,Bowlers,KL Rahul,Batters,0,False,1.0,4,Chepauk,MA Chidambaram Stadium,Medium,False,True,30,4,5.0,37,7.4,20,210,173,15.0,11.533333333333331,1,9,Medium
5.1,5,1,31,Mohit Sharma,Bowlers,David Warner,Batters,0,False,1.0,4,Chepauk,MA Chidambaram Stadium,Medium,False,True,31,5,5.166666666666667,37,7.161290322580645,20,210,173,14.833333333333332,11.662921348314608,1,9,Medium
5.2,5,2,32,Mohit Sharma,Bowlers,David Warner,Batters,6,False,-3.0,4,Chepauk,MA Chidambaram Stadium,Medium,False,True,32,5,5.333333333333333,43,8.0625,20,210,167,14.666666666666668,11.386363636363637,1,9,Medium
5.3,5,3,33,Mohit Sharma,Bowlers,David Warner,Batters,2,False,-1.0,4,Chepauk,MA Chidambaram Stadium,Medium,False,True,33,5,5.5,45,8.181818181818182,20,210,165,14.5,11.379310344827584,1,9,Medium
5.4,5,4,34,Mohit Sharma,Bowlers,David Warner,Batters,1,False,-0.5,4,Chepauk,MA Chidambaram Stadium,Medium,False,True,34,5,5.666666666666667,46,8.117647058823529,20,210,164,14.333333333333332,11.44186046511628,1,9,Medium
5.5,5,5,35,Mohit Sharma,Bowlers,KL Rahul,Batters,0,False,1.0,4,Chepauk,MA Chidambaram Stadium,Medium,False,True,35,5,5.833333333333333,46,7.885714285714286,20,210,164,14.166666666666668,11.576470588235294,1,9,Medium
5.6,5,6,36,Mohit Sharma,Bowlers,KL Rahul,Batters,0,True,5.0,4,Chepauk,MA Chidambaram Stadium,Medium,False,True,36,5,6.0,46,7.666666666666667,20,210,164,14.0,11.714285714285714,2,8,Medium
6.1,6,1,37,Ishwar Pandey,Bowlers,David Warner,Batters,6,False,-3.0,4,Chepauk,MA Chidambaram Stadium,Medium,False,True,37,6,6.166666666666667,52,8.432432432432432,20,210,158,13.833333333333332,11.421686746987952,2,8,Medium
6.2,6,2,38,Ishwar Pandey,Bowlers,David Warner,Batters,0,False,1.0,4,Chepauk,MA Chidambaram Stadium,Medium,False,True,38,6,6.333333333333333,52,8.210526315789474,20,210,158,13.666666666666668,11.560975609756095,2,8,Medium
6.3,6,3,39,Ishwar Pandey,Bowlers,David Warner,Batters,1,False,-0.25,4,Chepauk,MA Chidambaram Stadium,Medium,False,True,39,6,6.5,53,8.153846153846153,20,210,157,13.5,11.62962962962963,2,8,Medium
6.4,6,4,40,Ishwar Pandey,Bowlers,Naman Ojha,Batters,1,False,-0.5,4,Chepauk,MA Chidambaram Stadium,Medium,False,True,40,6,6.666666666666667,54,8.1,20,210,156,13.333333333333332,11.7,2,8,Medium
6.5,6,5,41,Ishwar Pandey,Bowlers,David Warner,Batters,0,False,1.0,4,Chepauk,MA Chidambaram Stadium,Medium,False,True,41,6,6.833333333333333,54,7.902439024390244,20,210,156,13.166666666666668,11.848101265822784,2,8,Medium
6.6,6,6,42,Ishwar Pandey,Bowlers,David Warner,Batters,4,False,-0.25,4,Chepauk,MA Chidambaram Stadium,Medium,False,True,42,6,7.0,58,8.285714285714286,20,210,152,13.0,11.692307692307692,2,8,Medium
7.1,7,1,43,Ravichandran Ashwin,All-Rounders,Naman Ojha,Batters,1,False,-0.5,4,Chepauk,MA Chidambaram Stadium,Medium,False,True,43,7,7.166666666666667,59,8.232558139534884,20,210,151,12.833333333333332,11.766233766233768,2,8,Medium
7.2,7,2,44,Ravichandran Ashwin,All-Rounders,David Warner,Batters,1,False,-0.5,4,Chepauk,MA Chidambaram Stadium,Medium,False,True,44,7,7.333333333333333,60,8.181818181818182,20,210,150,12.666666666666668,11.842105263157894,2,8,Medium
7.3,7,3,45,Ravichandran Ashwin,All-Rounders,Naman Ojha,Batters,1,False,-0.5,4,Chepauk,MA Chidambaram Stadium,Medium,False,True,45,7,7.5,61,8.133333333333333,20,210,149,12.5,11.92,2,8,Medium
7.4,7,4,46,Ravichandran Ashwin,All-Rounders,David Warner,Batters,0,False,1.0,4,Chepauk,MA Chidambaram Stadium,Medium,False,True,46,7,7.666666666666667,61,7.956521739130435,20,210,149,12.333333333333332,12.081081081081082,2,8,Medium
7.5,7,5,47,Ravichandran Ashwin,All-Rounders,David Warner,Batters,0,False,1.0,4,Chepauk,MA Chidambaram Stadium,Medium,False,True,47,7,7.833333333333333,61,7.787234042553192,20,210,149,12.166666666666668,12.246575342465752,2,8,Medium
7.6,7,6,48,Ravichandran Ashwin,All-Rounders,David Warner,Batters,1,False,-0.5,4,Chepauk,MA Chidambaram Stadium,Medium,False,True,48,7,8.0,62,7.75,20,210,148,12.0,12.333333333333334,2,8,Medium
8.1,8,1,49,Dwayne Bravo,All-Rounders,David Warner,Batters,2,False,-1.0,4,Chepauk,MA Chidambaram Stadium,Medium,False,True,49,8,8.166666666666666,64,7.836734693877552,20,210,146,11.833333333333334,12.338028169014084,2,8,Medium
8.2,8,2,50,Dwayne Bravo,All-Rounders,David Warner,Batters,1,False,-0.5,4,Chepauk,MA Chidambaram Stadium,Medium,False,True,50,8,8.333333333333334,65,7.8,20,210,145,11.666666666666666,12.428571428571429,2,8,Medium
8.3,8,3,51,Dwayne Bravo,All-Rounders,Naman Ojha,Batters,1,False,-0.5,4,Chepauk,MA Chidambaram Stadium,Medium,False,True,51,8,8.5,66,7.764705882352941,20,210,144,11.5,12.521739130434783,2,8,Medium
8.4,8,4,52,Dwayne Bravo,All-Rounders,David Warner,Batters,2,False,-1.0,4,Chepauk,MA Chidambaram Stadium,Medium,False,True,52,8,8.666666666666666,68,7.846153846153847,20,210,142,11.333333333333334,12.529411764705882,2,8,Medium
8.5,8,5,53,Dwayne Bravo,All-Rounders,David Warner,Batters,1,False,-0.5,4,Chepauk,MA Chidambaram Stadium,Medium,False,True,53,8,8.833333333333334,69,7.811320754716981,20,210,141,11.166666666666666,12.626865671641792,2,8,Medium
8.6,8,6,54,Dwayne Bravo,All-Rounders,Naman Ojha,Batters,0,False,1.0,4,Chepauk,MA Chidambaram Stadium,Medium,False,True,54,8,9.0,69,7.666666666666667,20,210,141,11.0,12.818181818181818,2,8,Medium
9.1,9,1,55,Ravichandran Ashwin,All-Rounders,David Warner,Batters,1,False,-0.25,4,Chepauk,MA Chidambaram Stadium,Medium,False,True,55,9,9.166666666666666,70,7.636363636363637,20,210,140,10.833333333333334,12.923076923076922,2,8,Medium
9.2,9,2,56,Ravichandran Ashwin,All-Rounders,Naman Ojha,Batters,0,False,1.0,4,Chepauk,MA Chidambaram Stadium,Medium,False,True,56,9,9.333333333333334,70,7.499999999999999,20,210,140,10.666666666666666,13.125,2,8,Medium
9.3,9,3,57,Ravichandran Ashwin,All-Rounders,Naman Ojha,Batters,1,False,-0.5,4,Chepauk,MA Chidambaram Stadium,Medium,False,True,57,9,9.5,71,7.473684210526316,20,210,139,10.5,13.238095238095235,2,8,Medium
9.4,9,4,58,Ravichandran Ashwin,All-Rounders,David Warner,Batters,1,False,-0.5,4,Chepauk,MA Chidambaram Stadium,Medium,False,True,58,9,9.666666666666666,72,7.448275862068966,20,210,138,10.333333333333334,13.354838709677418,2,8,Medium
9.5,9,5,59,Ravichandran Ashwin,All-Rounders,Naman Ojha,Batters,2,False,-1.0,4,Chepauk,MA Chidambaram Stadium,Medium,False,True,59,9,9.833333333333334,74,7.525423728813559,20,210,136,10.166666666666666,13.37704918032787,2,8,Medium
9.6,9,6,60,Ravichandran Ashwin,All-Rounders,Naman Ojha,Batters,6,False,-3.0,4,Chepauk,MA Chidambaram Stadium,Medium,False,True,60,9,10.0,80,8.0,20,210,130,10.0,13.0,2,8,Medium
10.1,10,1,61,Dwayne Bravo,All-Rounders,David Warner,Batters,2,False,-1.0,4,Chepauk,MA Chidambaram Stadium,Medium,False,True,61,10,10.166666666666666,82,8.065573770491804,20,210,128,9.833333333333334,13.016949152542372,2,8,Medium
10.2,10,2,62,Dwayne Bravo,All-Rounders,David Warner,Batters,0,False,1.0,4,Chepauk,MA Chidambaram Stadium,Medium,False,True,62,10,10.333333333333334,82,7.935483870967741,20,210,128,9.666666666666666,13.24137931034483,2,8,Medium
10.3,10,3,63,Dwayne Bravo,All-Rounders,David Warner,Batters,1,False,-1.0,4,Chepauk,MA Chidambaram Stadium,Medium,True,False,62,10,10.333333333333334,83,8.032258064516128,20,210,127,9.666666666666666,13.13793103448276,2,8,Medium
10.3,10,3,64,Dwayne Bravo,All-Rounders,David Warner,Batters,2,False,-1.0,4,Chepauk,MA Chidambaram Stadium,Medium,False,True,63,10,10.5,85,8.095238095238095,20,210,125,9.5,13.157894736842104,2,8,Medium
10.4,10,4,65,Dwayne Bravo,All-Rounders,David Warner,Batters,0,False,1.0,4,Chepauk,MA Chidambaram Stadium,Medium,False,True,64,10,10.666666666666666,85,7.96875,20,210,125,9.333333333333334,13.392857142857142,2,8,Medium
10.5,10,5,66,Dwayne Bravo,All-Rounders,David Warner,Batters,1,False,-0.5,4,Chepauk,MA Chidambaram Stadium,Medium,False,True,65,10,10.833333333333334,86,7.938461538461538,20,210,124,9.166666666666666,13.527272727272727,2,8,Medium
10.6,10,6,67,Dwayne Bravo,All-Rounders,Naman Ojha,Batters,2,False,-1.0,4,Chepauk,MA Chidambaram Stadium,Medium,False,True,66,10,11.0,88,8.0,20,210,122,9.0,13.555555555555555,2,8,Medium
11.1,11,1,68,Ravichandran Ashwin,All-Rounders,David Warner,Batters,2,False,-1.0,4,Chepauk,MA Chidambaram Stadium,Medium,False,True,67,11,11.166666666666666,90,8.059701492537314,20,210,120,8.833333333333334,13.584905660377355,2,8,Medium
11.2,11,2,69,Ravichandran Ashwin,All-Rounders,David Warner,Batters,1,False,-0.5,4,Chepauk,MA Chidambaram Stadium,Medium,False,True,68,11,11.333333333333334,91,8.029411764705882,20,210,119,8.666666666666666,13.730769230769232,2,8,Medium
11.3,11,3,70,Ravichandran Ashwin,All-Rounders,Naman Ojha,Batters,0,True,5.0,4,Chepauk,MA Chidambaram Stadium,Medium,False,True,69,11,11.5,91,7.913043478260869,20,210,119,8.5,14.0,3,7,Medium
11.4,11,4,71,Ravichandran Ashwin,All-Rounders,David Warner,Batters,1,False,-0.5,4,Chepauk,MA Chidambaram Stadium,Medium,False,True,70,11,11.666666666666666,92,7.885714285714286,20,210,118,8.333333333333334,14.159999999999998,3,7,Medium
11.5,11,5,72,Ravichandran Ashwin,All-Rounders,Ravi Bopara,All-Rounders,0,False,1.0,4,Chepauk,MA Chidambaram Stadium,Medium,False,True,71,11,11.833333333333334,92,7.774647887323943,20,210,118,8.166666666666666,14.448979591836736,3,7,Medium
11.6,11,6,73,Ravichandran Ashwin,All-Rounders,Ravi Bopara,All-Rounders,1,False,-0.5,4,Chepauk,MA Chidambaram Stadium,Medium,False,True,72,11,12.0,93,7.75,20,210,117,8.0,14.625,3,7,Medium
12.1,12,1,74,Ishwar Pandey,Bowlers,Ravi Bopara,All-Rounders,2,False,-1.0,4,Chepauk,MA Chidambaram Stadium,Medium,False,True,73,12,12.166666666666666,95,7.808219178082192,20,210,115,7.833333333333334,14.680851063829786,3,7,Medium
12.2,12,2,75,Ishwar Pandey,Bowlers,Ravi Bopara,All-Rounders,0,False,1.0,4,Chepauk,MA Chidambaram Stadium,Medium,False,True,74,12,12.333333333333334,95,7.702702702702703,20,210,115,7.666666666666666,15.000000000000002,3,7,Medium
12.3,12,3,76,Ishwar Pandey,Bowlers,Ravi Bopara,All-Rounders,1,False,-0.5,4,Chepauk,MA Chidambaram Stadium,Medium,False,True,75,12,12.5,96,7.68,20,210,114,7.5,15.2,3,7,Medium
12.4,12,4,77,Ishwar Pandey,Bowlers,David Warner,Batters,0,False,1.0,4,Chepauk,MA Chidambaram Stadium,Medium,False,True,76,12,12.666666666666666,96,7.578947368421053,20,210,114,7.333333333333334,15.545454545454543,3,7,Medium
12.5,12,5,78,Ishwar Pandey,Bowlers,David Warner,Batters,1,False,-0.5,4,Chepauk,MA Chidambaram Stadium,Medium,False,True,77,12,12.833333333333334,97,7.558441558441558,20,210,113,7.166666666666666,15.767441860465118,3,7,Medium
12.6,12,6,79,Ishwar Pandey,Bowlers,Ravi Bopara,All-Rounders,2,False,-1.0,4,Chepauk,MA Chidambaram Stadium,Medium,False,True,78,12,13.0,99,7.615384615384615,20,210,111,7.0,15.857142857142858,3,7,Medium
13.1,13,1,80,Ravichandran Ashwin,All-Rounders,David Warner,Batters,0,False,1.0,4,Chepauk,MA Chidambaram Stadium,Medium,False,True,79,13,13.166666666666666,99,7.518987341772152,20,210,111,6.833333333333334,16.24390243902439,3,7,Medium
13.2,13,2,81,Ravichandran Ashwin,All-Rounders,David Warner,Batters,1,False,-0.5,4,Chepauk,MA Chidambaram Stadium,Medium,False,True,80,13,13.333333333333334,100,7.5,20,210,110,6.666666666666666,16.5,3,7,Medium
13.3,13,3,82,Ravichandran Ashwin,All-Rounders,Ravi Bopara,All-Rounders,0,False,1.0,4,Chepauk,MA Chidambaram Stadium,Medium,False,True,81,13,13.5,100,7.407407407407407,20,210,110,6.5,16.923076923076923,3,7,Medium
13.4,13,4,83,Ravichandran Ashwin,All-Rounders,Ravi Bopara,All-Rounders,0,False,1.0,4,Chepauk,MA Chidambaram Stadium,Medium,False,True,82,13,13.666666666666666,100,7.317073170731708,20,210,110,6.333333333333334,17.36842105263158,3,7,Medium
13.5,13,5,84,Ravichandran Ashwin,All-Rounders,Ravi Bopara,All-Rounders,1,False,-0.5,4,Chepauk,MA Chidambaram Stadium,Medium,False,True,83,13,13.833333333333334,101,7.301204819277108,20,210,109,6.166666666666666,17.675675675675677,3,7,Medium
13.6,13,6,85,Ravichandran Ashwin,All-Rounders,David Warner,Batters,1,False,-0.5,4,Chepauk,MA Chidambaram Stadium,Medium,False,True,84,13,14.0,102,7.285714285714286,20,210,108,6.0,18.0,3,7,Medium
14.1,14,1,86,Ishwar Pandey,Bowlers,David Warner,Batters,1,False,-0.5,4,Chepauk,MA Chidambaram Stadium,Medium,False,True,85,14,14.166666666666666,103,7.270588235294118,20,210,107,5.833333333333334,18.34285714285714,3,7,Medium
14.2,14,2,87,Ishwar Pandey,Bowlers,Ravi Bopara,All-Rounders,1,False,-0.5,4,Chepauk,MA Chidambaram Stadium,Medium,False,True,86,14,14.333333333333334,104,7.255813953488372,20,210,106,5.666666666666666,18.705882352941178,3,7,Medium
14.3,14,3,88,Ishwar Pandey,Bowlers,David Warner,Batters,4,False,-2.0,4,Chepauk,MA Chidambaram Stadium,Medium,False,True,87,14,14.5,108,7.448275862068965,20,210,102,5.5,18.545454545454547,3,7,Medium
14.4,14,4,89,Ishwar Pandey,Bowlers,David Warner,Batters,6,False,-3.0,4,Chepauk,MA Chidambaram Stadium,Medium,False,True,88,14,14.666666666666666,114,7.772727272727273,20,210,96,5.333333333333334,17.999999999999996,3,7,Medium
14.5,14,5,90,Ishwar Pandey,Bowlers,David Warner,Batters,0,True,5.0,4,Chepauk,MA Chidambaram Stadium,Medium,False,True,89,14,14.833333333333334,114,7.685393258426966,20,210,96,5.166666666666666,18.580645161290324,4,6,Medium
14.6,14,6,91,Ishwar Pandey,Bowlers,Kane Williamson,Batters,1,False,-0.5,4,Chepauk,MA Chidambaram Stadium,Medium,False,True,90,14,15.0,115,7.666666666666667,20,210,95,5.0,19.0,4,6,Medium
15.1,15,1,92,Ravindra Jadeja,All-Rounders,Kane Williamson,Batters,2,False,-1.0,4,Chepauk,MA Chidambaram Stadium,Medium,False,True,91,15,15.166666666666666,117,7.714285714285714,20,210,93,4.833333333333334,19.241379310344826,4,6,Medium
15.2,15,2,93,Ravindra Jadeja,All-Rounders,Kane Williamson,Batters,1,False,-0.5,4,Chepauk,MA Chidambaram Stadium,Medium,False,True,92,15,15.333333333333334,118,7.695652173913043,20,210,92,4.666666666666666,19.714285714285715,4,6,Medium
15.3,15,3,94,Ravindra Jadeja,All-Rounders,Ravi Bopara,All-Rounders,6,False,-3.0,4,Chepauk,MA Chidambaram Stadium,Medium,False,True,93,15,15.5,124,8.0,20,210,86,4.5,19.11111111111111,4,6,Medium
15.4,15,4,95,Ravindra Jadeja,All-Rounders,Ravi Bopara,All-Rounders,6,False,-3.0,4,Chepauk,MA Chidambaram Stadium,Medium,False,True,94,15,15.666666666666666,130,8.297872340425533,20,210,80,4.333333333333334,18.46153846153846,4,6,Medium
15.5,15,5,96,Ravindra Jadeja,All-Rounders,Ravi Bopara,All-Rounders,1,False,-0.5,4,Chepauk,MA Chidambaram Stadium,Medium,False,True,95,15,15.833333333333334,131,8.273684210526316,20,210,79,4.166666666666666,18.960000000000004,4,6,Medium
15.6,15,6,97,Ravindra Jadeja,All-Rounders,Kane Williamson,Batters,1,False,-0.5,4,Chepauk,MA Chidambaram Stadium,Medium,False,True,96,15,16.0,132,8.25,20,210,78,4.0,19.5,4,6,Medium
16.1,16,1,98,Dwayne Bravo,All-Rounders,Kane Williamson,Batters,1,False,-1.0,4,Chepauk,MA Chidambaram Stadium,Medium,True,False,96,15,16.0,133,8.3125,20,210,77,4.0,19.25,4,6,Medium
16.1,16,1,99,Dwayne Bravo,All-Rounders,Kane Williamson,Batters,1,False,-0.25,4,Chepauk,MA Chidambaram Stadium,Medium,False,True,97,16,16.166666666666668,134,8.288659793814432,20,210,76,3.833333333333332,19.826086956521745,4,6,Medium
16.2,16,2,100,Dwayne Bravo,All-Rounders,Ravi Bopara,All-Rounders,1,False,-0.5,4,Chepauk,MA Chidambaram Stadium,Medium,False,True,98,16,16.333333333333332,135,8.26530612244898,20,210,75,3.666666666666668,20.45454545454545,4,6,Medium
16.3,16,3,101,Dwayne Bravo,All-Rounders,Kane Williamson,Batters,1,False,-0.5,4,Chepauk,MA Chidambaram Stadium,Medium,False,True,99,16,16.5,136,8.242424242424242,20,210,74,3.5,21.142857142857142,4,6,Medium
16.4,16,4,102,Dwayne Bravo,All-Rounders,Ravi Bopara,All-Rounders,0,True,5.0,4,Chepauk,MA Chidambaram Stadium,Medium,False,True,100,16,16.666666666666668,136,8.16,20,210,74,3.333333333333332,22.200000000000006,5,5,Medium
16.5,16,5,103,Dwayne Bravo,All-Rounders,Karn Sharma,Bowlers,1,False,-0.5,4,Chepauk,MA Chidambaram Stadium,Medium,False,True,101,16,16.833333333333332,137,8.138613861386139,20,210,73,3.166666666666668,23.05263157894736,5,5,Medium
16.6,16,6,104,Dwayne Bravo,All-Rounders,Kane Williamson,Batters,1,False,-0.5,4,Chepauk,MA Chidambaram Stadium,Medium,False,True,102,16,17.0,138,8.117647058823529,20,210,72,3.0,24.0,5,5,Medium
17.1,17,1,105,Ashish Nehra,Bowlers,Kane Williamson,Batters,1,False,-1.0,4,Chepauk,MA Chidambaram Stadium,Medium,True,False,102,16,17.0,139,8.176470588235293,20,210,71,3.0,23.666666666666668,5,5,Medium
17.1,17,1,106,Ashish Nehra,Bowlers,Kane Williamson,Batters,1,False,-0.5,4,Chepauk,MA Chidambaram Stadium,Medium,False,True,103,17,17.166666666666668,140,8.155339805825243,20,210,70,2.833333333333332,24.705882352941188,5,5,Medium
17.2,17,2,107,Ashish Nehra,Bowlers,Karn Sharma,Bowlers,1,False,-1.0,4,Chepauk,MA Chidambaram Stadium,Medium,True,False,103,17,17.166666666666668,141,8.213592233009708,20,210,69,2.833333333333332,24.3529411764706,5,5,Medium
17.2,17,2,108,Ashish Nehra,Bowlers,Karn Sharma,Bowlers,1,False,-0.5,4,Chepauk,MA Chidambaram Stadium,Medium,False,True,104,17,17.333333333333332,142,8.192307692307693,20,210,68,2.666666666666668,25.49999999999999,5,5,Medium
17.3,17,3,109,Ashish Nehra,Bowlers,Kane Williamson,Batters,0,False,1.0,4,Chepauk,MA Chidambaram Stadium,Medium,False,True,105,17,17.5,142,8.114285714285714,20,210,68,2.5,27.2,5,5,Medium
17.4,17,4,110,Ashish Nehra,Bowlers,Kane Williamson,Batters,2,False,-1.0,4,Chepauk,MA Chidambaram Stadium,Medium,False,True,106,17,17.666666666666668,144,8.150943396226415,20,210,66,2.333333333333332,28.2857142857143,5,5,Medium
17.5,17,5,111,Ashish Nehra,Bowlers,Kane Williamson,Batters,1,False,-0.5,4,Chepauk,MA Chidambaram Stadium,Medium,False,True,107,17,17.833333333333332,145,8.130841121495328,20,210,65,2.166666666666668,29.999999999999982,5,5,Medium
17.6,17,6,112,Ashish Nehra,Bowlers,Karn Sharma,Bowlers,0,False,1.0,4,Chepauk,MA Chidambaram Stadium,Medium,False,True,108,17,18.0,145,8.055555555555555,20,210,65,2.0,32.5,5,5,Medium
18.1,18,1,113,Dwayne Bravo,All-Rounders,Kane Williamson,Batters,1,False,-0.5,4,Chepauk,MA Chidambaram Stadium,Medium,False,True,109,18,18.166666666666668,146,8.036697247706421,20,210,64,1.833333333333332,34.909090909090935,5,5,Medium
18.2,18,2,114,Dwayne Bravo,All-Rounders,Karn Sharma,Bowlers,1,False,-0.5,4,Chepauk,MA Chidambaram Stadium,Medium,False,True,110,18,18.33333333333333,147,8.01818181818182,20,210,63,1.666666666666668,37.799999999999976,5,5,Medium
18.3,18,3,115,Dwayne Bravo,All-Rounders,Kane Williamson,Batters,1,False,-0.5,4,Chepauk,MA Chidambaram Stadium,Medium,False,True,111,18,18.5,148,8.0,20,210,62,1.5,41.333333333333336,5,5,Medium
18.4,18,4,116,Dwayne Bravo,All-Rounders,Karn Sharma,Bowlers,1,False,-0.5,4,Chepauk,MA Chidambaram Stadium,Medium,False,True,112,18,18.666666666666668,149,7.982142857142857,20,210,61,1.333333333333332,45.75000000000004,5,5,Medium
18.5,18,5,117,Dwayne Bravo,All-Rounders,Kane Williamson,Batters,1,False,-0.5,4,Chepauk,MA Chidambaram Stadium,Medium,False,True,113,18,18.83333333333333,150,7.964601769911505,20,210,60,1.166666666666668,51.428571428571374,5,5,Medium
18.6,18,6,118,Dwayne Bravo,All-Rounders,Karn Sharma,Bowlers,0,True,5.0,4,Chepauk,MA Chidambaram Stadium,Medium,False,True,114,18,19.0,150,7.894736842105263,20,210,60,1.0,60.0,6,4,Medium
19.1,19,1,119,Mohit Sharma,Bowlers,Parvez Rasool,All-Rounders,1,False,-0.5,4,Chepauk,MA Chidambaram Stadium,Medium,False,True,115,19,19.166666666666668,151,7.878260869565217,20,210,59,0.8333333333333321,70.8000000000001,6,4,Medium
19.2,19,2,120,Mohit Sharma,Bowlers,Kane Williamson,Batters,4,False,-2.0,4,Chepauk,MA Chidambaram Stadium,Medium,False,True,116,19,19.33333333333333,155,8.017241379310345,20,210,55,0.6666666666666679,82.49999999999986,6,4,Medium
19.3,19,3,121,Mohit Sharma,Bowlers,Kane Williamson,Batters,1,False,-0.5,4,Chepauk,MA Chidambaram Stadium,Medium,False,True,117,19,19.5,156,8.0,20,210,54,0.5,108.0,6,4,Medium
19.4,19,4,122,Mohit Sharma,Bowlers,Parvez Rasool,All-Rounders,1,False,-0.5,4,Chepauk,MA Chidambaram Stadium,Medium,False,True,118,19,19.666666666666668,157,7.983050847457626,20,210,53,0.3333333333333321,159.00000000000057,6,4,Medium
19.5,19,5,123,Mohit Sharma,Bowlers,Kane Williamson,Batters,6,False,-3.0,4,Chepauk,MA Chidambaram Stadium,Medium,False,True,119,19,19.83333333333333,163,8.218487394957984,20,210,47,0.1666666666666678,281.999999999998,6,4,Medium
19.6,19,6,124,Mohit Sharma,Bowlers,Kane Williamson,Batters,1,False,-0.5,4,Chepauk,MA Chidambaram Stadium,Medium,False,True,120,19,20.0,164,8.2,20,210,46,0.0,inf,6,4,Medium
