Ball Number,over,ball,Ball,bowler,bowler_role,batsman,batsman_role,Runs,is_wicket,bowler_score,match_id,city,stadium,Stadium_Type,is_extra,legal_delivery,legal_deliveries_count,overs_completed,overs_bowled,total_runs,current_run_rate,total_overs,target,runs_needed,overs_remaining,required_run_rate,wickets_fallen,wickets_in_hand,Ground_Type
0.1,0,1,1,Dale Steyn,Bowlers,Chris Gayle,All-Rounders,4,False,-2.0,52,Uppal,Rajiv Gandhi International Stadium,Medium,False,True,1,0,0.1666666666666666,4,24.0,20,81,77,19.83333333333333,3.882352941176471,0,10,Medium
0.2,0,2,2,Dale Steyn,Bowlers,Chris Gayle,All-Rounders,6,False,-3.0,52,Uppal,Rajiv Gandhi International Stadium,Medium,False,True,2,0,0.3333333333333333,10,30.0,20,81,71,19.666666666666668,3.610169491525424,0,10,Medium
0.3,0,3,3,Dale Steyn,Bowlers,Chris Gayle,All-Rounders,1,False,-0.5,52,Uppal,Rajiv Gandhi International Stadium,Medium,False,True,3,0,0.5,11,22.0,20,81,70,19.5,3.58974358974359,0,10,Medium
0.4,0,4,4,Dale Steyn,Bowlers,Virat Kohli,Batters,4,False,-2.0,52,Uppal,Rajiv Gandhi International Stadium,Medium,False,True,4,0,0.6666666666666666,15,22.5,20,81,66,19.33333333333333,3.413793103448276,0,10,Medium
0.5,0,5,5,Dale Steyn,Bowlers,Virat Kohli,Batters,2,False,-1.0,52,Uppal,Rajiv Gandhi International Stadium,Medium,False,True,5,0,0.8333333333333334,17,20.4,20,81,64,19.166666666666668,3.3391304347826085,0,10,Medium
0.6,0,6,6,Dale Steyn,Bowlers,Virat Kohli,Batters,0,False,1.0,52,Uppal,Rajiv Gandhi International Stadium,Medium,False,True,6,0,1.0,17,17.0,20,81,64,19.0,3.3684210526315788,0,10,Medium
1.1,1,1,7,Bhuvneshwar Kumar,Bowlers,Chris Gayle,All-Rounders,4,False,-2.0,52,Uppal,Rajiv Gandhi International Stadium,Medium,False,True,7,1,1.1666666666666667,21,18.0,20,81,60,18.83333333333333,3.185840707964602,0,10,Medium
1.2,1,2,8,Bhuvneshwar Kumar,Bowlers,Chris Gayle,All-Rounders,4,False,-2.0,52,Uppal,Rajiv Gandhi International Stadium,Medium,False,True,8,1,1.3333333333333333,25,18.75,20,81,56,18.666666666666668,3.0,0,10,Medium
1.3,1,3,9,Bhuvneshwar Kumar,Bowlers,Chris Gayle,All-Rounders,0,False,1.0,52,Uppal,Rajiv Gandhi International Stadium,Medium,False,True,9,1,1.5,25,16.666666666666668,20,81,56,18.5,3.027027027027027,0,10,Medium
1.4,1,4,10,Bhuvneshwar Kumar,Bowlers,Chris Gayle,All-Rounders,6,False,-3.0,52,Uppal,Rajiv Gandhi International Stadium,Medium,False,True,10,1,1.6666666666666663,31,18.6,20,81,50,18.33333333333333,2.7272727272727275,0,10,Medium
1.5,1,5,11,Bhuvneshwar Kumar,Bowlers,Chris Gayle,All-Rounders,4,False,-2.0,52,Uppal,Rajiv Gandhi International Stadium,Medium,False,True,11,1,1.8333333333333333,35,19.09090909090909,20,81,46,18.166666666666668,2.532110091743119,0,10,Medium
1.6,1,6,12,Bhuvneshwar Kumar,Bowlers,Chris Gayle,All-Rounders,6,False,-3.0,52,Uppal,Rajiv Gandhi International Stadium,Medium,False,True,12,1,2.0,41,20.5,20,81,40,18.0,2.2222222222222223,0,10,Medium
2.1,2,1,13,Moises Henriques,All-Rounders,Virat Kohli,Batters,0,False,1.0,52,Uppal,Rajiv Gandhi International Stadium,Medium,False,True,13,2,2.1666666666666665,41,18.923076923076923,20,81,40,17.833333333333332,2.242990654205608,0,10,Medium
2.2,2,2,14,Moises Henriques,All-Rounders,Virat Kohli,Batters,1,False,-0.5,52,Uppal,Rajiv Gandhi International Stadium,Medium,False,True,14,2,2.333333333333333,42,18.0,20,81,39,17.666666666666668,2.2075471698113205,0,10,Medium
2.3,2,3,15,Moises Henriques,All-Rounders,Chris Gayle,All-Rounders,1,False,-1.0,52,Uppal,Rajiv Gandhi International Stadium,Medium,True,False,14,2,2.333333333333333,43,18.428571428571427,20,81,38,17.666666666666668,2.150943396226415,0,10,Medium
2.3,2,3,16,Moises Henriques,All-Rounders,Chris Gayle,All-Rounders,0,True,5.0,52,Uppal,Rajiv Gandhi International Stadium,Medium,False,True,15,2,2.5,43,17.2,20,81,38,17.5,2.171428571428572,1,9,Medium
2.4,2,4,17,Moises Henriques,All-Rounders,AB de Villiers,Batters,0,True,5.0,52,Uppal,Rajiv Gandhi International Stadium,Medium,False,True,16,2,2.6666666666666665,43,16.125,20,81,38,17.333333333333332,2.1923076923076925,2,8,Medium
2.5,2,5,18,Moises Henriques,All-Rounders,Virat Kohli,Batters,1,False,-0.5,52,Uppal,Rajiv Gandhi International Stadium,Medium,False,True,17,2,2.833333333333333,44,15.529411764705882,20,81,37,17.166666666666668,2.155339805825242,2,8,Medium
2.6,2,6,19,Moises Henriques,All-Rounders,Mandeep Singh,All-Rounders,0,False,1.0,52,Uppal,Rajiv Gandhi International Stadium,Medium,False,True,18,2,3.0,44,14.666666666666666,20,81,37,17.0,2.176470588235294,2,8,Medium
3.1,3,1,20,Karn Sharma,Bowlers,Virat Kohli,Batters,2,False,-1.0,52,Uppal,Rajiv Gandhi International Stadium,Medium,False,True,19,3,3.1666666666666665,46,14.526315789473683,20,81,35,16.833333333333332,2.07920792079208,2,8,Medium
3.2,3,2,21,Karn Sharma,Bowlers,Virat Kohli,Batters,1,False,-0.5,52,Uppal,Rajiv Gandhi International Stadium,Medium,False,True,20,3,3.333333333333333,47,14.1,20,81,34,16.666666666666668,2.04,2,8,Medium
3.3,3,3,22,Karn Sharma,Bowlers,Mandeep Singh,All-Rounders,1,False,-0.5,52,Uppal,Rajiv Gandhi International Stadium,Medium,False,True,21,3,3.5,48,13.714285714285714,20,81,33,16.5,2.0,2,8,Medium
3.4,3,4,23,Karn Sharma,Bowlers,Virat Kohli,Batters,2,False,-1.0,52,Uppal,Rajiv Gandhi International Stadium,Medium,False,True,22,3,3.6666666666666665,50,13.636363636363637,20,81,31,16.333333333333332,1.8979591836734693,2,8,Medium
3.5,3,5,24,Karn Sharma,Bowlers,Virat Kohli,Batters,2,False,-1.0,52,Uppal,Rajiv Gandhi International Stadium,Medium,False,True,23,3,3.8333333333333335,52,13.565217391304348,20,81,29,16.166666666666668,1.7938144329896906,2,8,Medium
3.6,3,6,25,Karn Sharma,Bowlers,Virat Kohli,Batters,6,False,-3.0,52,Uppal,Rajiv Gandhi International Stadium,Medium,False,True,24,3,4.0,58,14.5,20,81,23,16.0,1.4375,2,8,Medium
4.1,4,1,26,Praveen Kumar,Bowlers,Mandeep Singh,All-Rounders,0,True,5.0,52,Uppal,Rajiv Gandhi International Stadium,Medium,False,True,25,4,4.166666666666667,58,13.919999999999998,20,81,23,15.833333333333332,1.4526315789473685,3,7,Medium
4.2,4,2,27,Praveen Kumar,Bowlers,Virat Kohli,Batters,0,False,1.0,52,Uppal,Rajiv Gandhi International Stadium,Medium,False,True,26,4,4.333333333333333,58,13.384615384615383,20,81,23,15.666666666666668,1.4680851063829785,3,7,Medium
4.3,4,3,28,Praveen Kumar,Bowlers,Virat Kohli,Batters,2,False,-1.0,52,Uppal,Rajiv Gandhi International Stadium,Medium,False,True,27,4,4.5,60,13.333333333333334,20,81,21,15.5,1.3548387096774193,3,7,Medium
4.4,4,4,29,Praveen Kumar,Bowlers,Virat Kohli,Batters,6,False,-3.0,52,Uppal,Rajiv Gandhi International Stadium,Medium,False,True,28,4,4.666666666666667,66,14.142857142857142,20,81,15,15.333333333333332,0.9782608695652176,3,7,Medium
4.5,4,5,30,Praveen Kumar,Bowlers,Virat Kohli,Batters,1,False,-0.5,52,Uppal,Rajiv Gandhi International Stadium,Medium,False,True,29,4,4.833333333333333,67,13.862068965517242,20,81,14,15.166666666666668,0.923076923076923,3,7,Medium
4.6,4,6,31,Praveen Kumar,Bowlers,Dinesh Karthik,Batters,1,False,-0.5,52,Uppal,Rajiv Gandhi International Stadium,Medium,False,True,30,4,5.0,68,13.6,20,81,13,15.0,0.8666666666666667,3,7,Medium
5.1,5,1,32,Bhuvneshwar Kumar,Bowlers,Dinesh Karthik,Batters,1,False,-0.5,52,Uppal,Rajiv Gandhi International Stadium,Medium,False,True,31,5,5.166666666666667,69,13.354838709677418,20,81,12,14.833333333333332,0.8089887640449439,3,7,Medium
5.2,5,2,33,Bhuvneshwar Kumar,Bowlers,Virat Kohli,Batters,0,True,5.0,52,Uppal,Rajiv Gandhi International Stadium,Medium,False,True,32,5,5.333333333333333,69,12.9375,20,81,12,14.666666666666668,0.8181818181818181,4,6,Medium
5.3,5,3,34,Bhuvneshwar Kumar,Bowlers,Virat Kohli,Batters,4,False,-2.0,52,Uppal,Rajiv Gandhi International Stadium,Medium,False,True,33,5,5.5,73,13.272727272727272,20,81,8,14.5,0.5517241379310345,4,6,Medium
5.4,5,4,35,Bhuvneshwar Kumar,Bowlers,Virat Kohli,Batters,4,False,-2.0,52,Uppal,Rajiv Gandhi International Stadium,Medium,False,True,34,5,5.666666666666667,77,13.588235294117649,20,81,4,14.333333333333332,0.2790697674418604,4,6,Medium
5.5,5,5,36,Bhuvneshwar Kumar,Bowlers,Virat Kohli,Batters,6,False,-3.0,52,Uppal,Rajiv Gandhi International Stadium,Medium,False,True,35,5,5.833333333333333,83,14.22857142857143,20,81,0,14.166666666666668,0.0,4,6,Medium
