Ball Number,over,ball,Ball,bowler,bowler_role,batsman,batsman_role,Runs,is_wicket,bowler_score,match_id,city,stadium,Stadium_Type,is_extra,legal_delivery,legal_deliveries_count,overs_completed,overs_bowled,total_runs,current_run_rate,total_overs,target,runs_needed,overs_remaining,required_run_rate,wickets_fallen,wickets_in_hand,Ground_Type
0.1,0,1,1,Sean Abbott,All-Rounders,Robin Uthappa,Batters,4,False,-2.0,5,Kolkata,Eden Gardens,Large,False,True,1,0,0.1666666666666666,4,24.0,20,178,174,19.83333333333333,8.77310924369748,0,10,Large
0.2,0,2,2,Sean Abbott,All-Rounders,Robin Uthappa,Batters,1,False,-0.5,5,Kolkata,Eden Gardens,Large,False,True,2,0,0.3333333333333333,5,15.0,20,178,173,19.666666666666668,8.796610169491524,0,10,Large
0.3,0,3,3,Sean Abbott,All-Rounders,Gautam Gambhir,Batters,4,False,-2.0,5,Kolkata,Eden Gardens,Large,False,True,3,0,0.5,9,18.0,20,178,169,19.5,8.666666666666666,0,10,Large
0.4,0,4,4,Sean Abbott,All-Rounders,Gautam Gambhir,Batters,1,False,-0.5,5,Kolkata,Eden Gardens,Large,False,True,4,0,0.6666666666666666,10,15.0,20,178,168,19.33333333333333,8.689655172413794,0,10,Large
0.5,0,5,5,Sean Abbott,All-Rounders,Robin Uthappa,Batters,2,False,-1.0,5,Kolkata,Eden Gardens,Large,False,True,5,0,0.8333333333333334,12,14.4,20,178,166,19.166666666666668,8.660869565217391,0,10,Large
0.6,0,6,6,Sean Abbott,All-Rounders,Robin Uthappa,Batters,1,False,-0.5,5,Kolkata,Eden Gardens,Large,False,True,6,0,1.0,13,13.0,20,178,165,19.0,8.68421052631579,0,10,Large
1.1,1,1,7,Harshal Patel,Bowlers,Robin Uthappa,Batters,4,False,-2.0,5,Kolkata,Eden Gardens,Large,False,True,7,1,1.1666666666666667,17,14.571428571428571,20,178,161,18.83333333333333,8.548672566371682,0,10,Large
1.2,1,2,8,Harshal Patel,Bowlers,Robin Uthappa,Batters,1,False,-0.5,5,Kolkata,Eden Gardens,Large,False,True,8,1,1.3333333333333333,18,13.5,20,178,160,18.666666666666668,8.571428571428571,0,10,Large
1.3,1,3,9,Harshal Patel,Bowlers,Gautam Gambhir,Batters,0,False,1.0,5,Kolkata,Eden Gardens,Large,False,True,9,1,1.5,18,12.0,20,178,160,18.5,8.64864864864865,0,10,Large
1.4,1,4,10,Harshal Patel,Bowlers,Gautam Gambhir,Batters,0,False,1.0,5,Kolkata,Eden Gardens,Large,False,True,10,1,1.6666666666666663,18,10.8,20,178,160,18.33333333333333,8.727272727272728,0,10,Large
1.5,1,5,11,Harshal Patel,Bowlers,Gautam Gambhir,Batters,0,False,1.0,5,Kolkata,Eden Gardens,Large,False,True,11,1,1.8333333333333333,18,9.818181818181817,20,178,160,18.166666666666668,8.807339449541283,0,10,Large
1.6,1,6,12,Harshal Patel,Bowlers,Gautam Gambhir,Batters,1,False,-0.5,5,Kolkata,Eden Gardens,Large,False,True,12,1,2.0,19,9.5,20,178,159,18.0,8.833333333333334,0,10,Large
2.1,2,1,13,Sean Abbott,All-Rounders,Gautam Gambhir,Batters,6,False,-3.0,5,Kolkata,Eden Gardens,Large,False,True,13,2,2.1666666666666665,25,11.53846153846154,20,178,153,17.833333333333332,8.57943925233645,0,10,Large
2.2,2,2,14,Sean Abbott,All-Rounders,Gautam Gambhir,Batters,1,False,-0.5,5,Kolkata,Eden Gardens,Large,False,True,14,2,2.333333333333333,26,11.142857142857142,20,178,152,17.666666666666668,8.60377358490566,0,10,Large
2.3,2,3,15,Sean Abbott,All-Rounders,Robin Uthappa,Batters,0,False,1.0,5,Kolkata,Eden Gardens,Large,False,True,15,2,2.5,26,10.4,20,178,152,17.5,8.685714285714285,0,10,Large
2.4,2,4,16,Sean Abbott,All-Rounders,Robin Uthappa,Batters,1,False,-0.5,5,Kolkata,Eden Gardens,Large,False,True,16,2,2.6666666666666665,27,10.125,20,178,151,17.333333333333332,8.711538461538462,0,10,Large
2.5,2,5,17,Sean Abbott,All-Rounders,Gautam Gambhir,Batters,0,False,1.0,5,Kolkata,Eden Gardens,Large,False,True,17,2,2.833333333333333,27,9.529411764705882,20,178,151,17.166666666666668,8.796116504854368,0,10,Large
2.6,2,6,18,Sean Abbott,All-Rounders,Gautam Gambhir,Batters,1,False,-0.5,5,Kolkata,Eden Gardens,Large,False,True,18,2,3.0,28,9.333333333333334,20,178,150,17.0,8.823529411764707,0,10,Large
3.1,3,1,19,Harshal Patel,Bowlers,Gautam Gambhir,Batters,1,False,-0.5,5,Kolkata,Eden Gardens,Large,False,True,19,3,3.1666666666666665,29,9.157894736842106,20,178,149,16.833333333333332,8.851485148514852,0,10,Large
3.1,3,1,20,Harshal Patel,Bowlers,Gautam Gambhir,Batters,1,False,-1.0,5,Kolkata,Eden Gardens,Large,True,False,19,3,3.1666666666666665,30,9.473684210526317,20,178,148,16.833333333333332,8.792079207920793,0,10,Large
3.2,3,2,21,Harshal Patel,Bowlers,Robin Uthappa,Batters,4,False,-2.0,5,Kolkata,Eden Gardens,Large,False,True,20,3,3.333333333333333,34,10.2,20,178,144,16.666666666666668,8.639999999999999,0,10,Large
3.3,3,3,22,Harshal Patel,Bowlers,Robin Uthappa,Batters,1,False,-0.5,5,Kolkata,Eden Gardens,Large,False,True,21,3,3.5,35,10.0,20,178,143,16.5,8.666666666666666,0,10,Large
3.4,3,4,23,Harshal Patel,Bowlers,Gautam Gambhir,Batters,1,False,-0.5,5,Kolkata,Eden Gardens,Large,False,True,22,3,3.6666666666666665,36,9.818181818181818,20,178,142,16.333333333333332,8.693877551020408,0,10,Large
3.5,3,5,24,Harshal Patel,Bowlers,Robin Uthappa,Batters,0,False,1.0,5,Kolkata,Eden Gardens,Large,False,True,23,3,3.8333333333333335,36,9.391304347826086,20,178,142,16.166666666666668,8.783505154639174,0,10,Large
3.6,3,6,25,Harshal Patel,Bowlers,Robin Uthappa,Batters,4,False,-2.0,5,Kolkata,Eden Gardens,Large,False,True,24,3,4.0,40,10.0,20,178,138,16.0,8.625,0,10,Large
4.1,4,1,26,Varun Aaron,Bowlers,Gautam Gambhir,Batters,1,False,-0.5,5,Kolkata,Eden Gardens,Large,False,True,25,4,4.166666666666667,41,9.84,20,178,137,15.833333333333332,8.65263157894737,0,10,Large
4.2,4,2,27,Varun Aaron,Bowlers,Robin Uthappa,Batters,1,False,-0.5,5,Kolkata,Eden Gardens,Large,False,True,26,4,4.333333333333333,42,9.692307692307692,20,178,136,15.666666666666668,8.680851063829786,0,10,Large
4.3,4,3,28,Varun Aaron,Bowlers,Gautam Gambhir,Batters,0,False,1.0,5,Kolkata,Eden Gardens,Large,False,True,27,4,4.5,42,9.333333333333334,20,178,136,15.5,8.774193548387096,0,10,Large
4.4,4,4,29,Varun Aaron,Bowlers,Gautam Gambhir,Batters,0,False,1.0,5,Kolkata,Eden Gardens,Large,False,True,28,4,4.666666666666667,42,9.0,20,178,136,15.333333333333332,8.869565217391305,0,10,Large
4.5,4,5,30,Varun Aaron,Bowlers,Gautam Gambhir,Batters,4,False,-2.0,5,Kolkata,Eden Gardens,Large,False,True,29,4,4.833333333333333,46,9.517241379310343,20,178,132,15.166666666666668,8.703296703296703,0,10,Large
4.6,4,6,31,Varun Aaron,Bowlers,Gautam Gambhir,Batters,0,False,1.0,5,Kolkata,Eden Gardens,Large,False,True,30,4,5.0,46,9.2,20,178,132,15.0,8.8,0,10,Large
5.1,5,1,32,Shahbaz Ahmed,,Robin Uthappa,Batters,1,False,-0.5,5,Kolkata,Eden Gardens,Large,False,True,31,5,5.166666666666667,47,9.096774193548386,20,178,131,14.833333333333332,8.831460674157304,0,10,Large
5.2,5,2,33,Shahbaz Ahmed,,Gautam Gambhir,Batters,4,False,-2.0,5,Kolkata,Eden Gardens,Large,False,True,32,5,5.333333333333333,51,9.5625,20,178,127,14.666666666666668,8.659090909090908,0,10,Large
5.3,5,3,34,Shahbaz Ahmed,,Gautam Gambhir,Batters,0,False,1.0,5,Kolkata,Eden Gardens,Large,False,True,33,5,5.5,51,9.272727272727272,20,178,127,14.5,8.758620689655173,0,10,Large
5.4,5,4,35,Shahbaz Ahmed,,Gautam Gambhir,Batters,0,False,1.0,5,Kolkata,Eden Gardens,Large,False,True,34,5,5.666666666666667,51,9.0,20,178,127,14.333333333333332,8.860465116279071,0,10,Large
5.5,5,5,36,Shahbaz Ahmed,,Gautam Gambhir,Batters,1,False,-0.5,5,Kolkata,Eden Gardens,Large,False,True,35,5,5.833333333333333,52,8.914285714285715,20,178,126,14.166666666666668,8.894117647058822,0,10,Large
5.6,5,6,37,Shahbaz Ahmed,,Robin Uthappa,Batters,1,False,-0.5,5,Kolkata,Eden Gardens,Large,False,True,36,5,6.0,53,8.833333333333334,20,178,125,14.0,8.928571428571429,0,10,Large
6.1,6,1,38,Varun Aaron,Bowlers,Robin Uthappa,Batters,0,False,1.0,5,Kolkata,Eden Gardens,Large,False,True,37,6,6.166666666666667,53,8.594594594594595,20,178,125,13.833333333333332,9.036144578313252,0,10,Large
6.2,6,2,39,Varun Aaron,Bowlers,Robin Uthappa,Batters,1,False,-0.5,5,Kolkata,Eden Gardens,Large,False,True,38,6,6.333333333333333,54,8.526315789473685,20,178,124,13.666666666666668,9.073170731707316,0,10,Large
6.3,6,3,40,Varun Aaron,Bowlers,Gautam Gambhir,Batters,0,False,1.0,5,Kolkata,Eden Gardens,Large,False,True,39,6,6.5,54,8.307692307692308,20,178,124,13.5,9.185185185185183,0,10,Large
6.4,6,4,41,Varun Aaron,Bowlers,Gautam Gambhir,Batters,0,False,1.0,5,Kolkata,Eden Gardens,Large,False,True,40,6,6.666666666666667,54,8.1,20,178,124,13.333333333333332,9.3,0,10,Large
6.5,6,5,42,Varun Aaron,Bowlers,Gautam Gambhir,Batters,4,False,-2.0,5,Kolkata,Eden Gardens,Large,False,True,41,6,6.833333333333333,58,8.487804878048781,20,178,120,13.166666666666668,9.11392405063291,0,10,Large
6.6,6,6,43,Varun Aaron,Bowlers,Gautam Gambhir,Batters,0,False,1.0,5,Kolkata,Eden Gardens,Large,False,True,42,6,7.0,58,8.285714285714286,20,178,120,13.0,9.23076923076923,0,10,Large
7.1,7,1,44,Shahbaz Ahmed,,Robin Uthappa,Batters,1,False,-0.5,5,Kolkata,Eden Gardens,Large,False,True,43,7,7.166666666666667,59,8.232558139534884,20,178,119,12.833333333333332,9.272727272727272,0,10,Large
7.2,7,2,45,Shahbaz Ahmed,,Gautam Gambhir,Batters,1,False,-0.5,5,Kolkata,Eden Gardens,Large,False,True,44,7,7.333333333333333,60,8.181818181818182,20,178,118,12.666666666666668,9.315789473684209,0,10,Large
7.3,7,3,46,Shahbaz Ahmed,,Robin Uthappa,Batters,0,False,1.0,5,Kolkata,Eden Gardens,Large,False,True,45,7,7.5,60,8.0,20,178,118,12.5,9.44,0,10,Large
7.4,7,4,47,Shahbaz Ahmed,,Robin Uthappa,Batters,0,False,1.0,5,Kolkata,Eden Gardens,Large,False,True,46,7,7.666666666666667,60,7.826086956521739,20,178,118,12.333333333333332,9.567567567567568,0,10,Large
7.5,7,5,48,Shahbaz Ahmed,,Robin Uthappa,Batters,1,False,-0.5,5,Kolkata,Eden Gardens,Large,False,True,47,7,7.833333333333333,61,7.787234042553192,20,178,117,12.166666666666668,9.616438356164382,0,10,Large
7.6,7,6,49,Shahbaz Ahmed,,Gautam Gambhir,Batters,1,False,-0.5,5,Kolkata,Eden Gardens,Large,False,True,48,7,8.0,62,7.75,20,178,116,12.0,9.666666666666666,0,10,Large
8.1,8,1,50,Daren Sammy,All-Rounders,Gautam Gambhir,Batters,1,False,-0.5,5,Kolkata,Eden Gardens,Large,False,True,49,8,8.166666666666666,63,7.714285714285714,20,178,115,11.833333333333334,9.71830985915493,0,10,Large
8.2,8,2,51,Daren Sammy,All-Rounders,Robin Uthappa,Batters,1,False,-0.5,5,Kolkata,Eden Gardens,Large,False,True,50,8,8.333333333333334,64,7.68,20,178,114,11.666666666666666,9.771428571428572,0,10,Large
8.3,8,3,52,Daren Sammy,All-Rounders,Gautam Gambhir,Batters,1,False,-0.5,5,Kolkata,Eden Gardens,Large,False,True,51,8,8.5,65,7.647058823529412,20,178,113,11.5,9.826086956521738,0,10,Large
8.4,8,4,53,Daren Sammy,All-Rounders,Robin Uthappa,Batters,1,False,-0.25,5,Kolkata,Eden Gardens,Large,False,True,52,8,8.666666666666666,66,7.615384615384616,20,178,112,11.333333333333334,9.88235294117647,0,10,Large
8.5,8,5,54,Daren Sammy,All-Rounders,Gautam Gambhir,Batters,0,False,1.0,5,Kolkata,Eden Gardens,Large,False,True,53,8,8.833333333333334,66,7.471698113207546,20,178,112,11.166666666666666,10.029850746268655,0,10,Large
8.6,8,6,55,Daren Sammy,All-Rounders,Gautam Gambhir,Batters,4,False,-2.0,5,Kolkata,Eden Gardens,Large,False,True,54,8,9.0,70,7.777777777777778,20,178,108,11.0,9.818181818181818,0,10,Large
9.1,9,1,56,Yuzvendra Chahal,Bowlers,Robin Uthappa,Batters,1,False,-0.5,5,Kolkata,Eden Gardens,Large,False,True,55,9,9.166666666666666,71,7.745454545454546,20,178,107,10.833333333333334,9.876923076923076,0,10,Large
9.2,9,2,57,Yuzvendra Chahal,Bowlers,Gautam Gambhir,Batters,0,False,1.0,5,Kolkata,Eden Gardens,Large,False,True,56,9,9.333333333333334,71,7.607142857142857,20,178,107,10.666666666666666,10.03125,0,10,Large
9.3,9,3,58,Yuzvendra Chahal,Bowlers,Gautam Gambhir,Batters,1,False,-0.5,5,Kolkata,Eden Gardens,Large,False,True,57,9,9.5,72,7.578947368421052,20,178,106,10.5,10.095238095238097,0,10,Large
9.4,9,4,59,Yuzvendra Chahal,Bowlers,Robin Uthappa,Batters,1,False,-0.5,5,Kolkata,Eden Gardens,Large,False,True,58,9,9.666666666666666,73,7.551724137931035,20,178,105,10.333333333333334,10.161290322580644,0,10,Large
9.5,9,5,60,Yuzvendra Chahal,Bowlers,Gautam Gambhir,Batters,0,False,1.0,5,Kolkata,Eden Gardens,Large,False,True,59,9,9.833333333333334,73,7.423728813559322,20,178,105,10.166666666666666,10.327868852459018,0,10,Large
9.6,9,6,61,Yuzvendra Chahal,Bowlers,Gautam Gambhir,Batters,4,False,-2.0,5,Kolkata,Eden Gardens,Large,False,True,60,9,10.0,77,7.7,20,178,101,10.0,10.1,0,10,Large
10.1,10,1,62,Shahbaz Ahmed,,Robin Uthappa,Batters,1,False,-0.5,5,Kolkata,Eden Gardens,Large,False,True,61,10,10.166666666666666,78,7.672131147540984,20,178,100,9.833333333333334,10.169491525423728,0,10,Large
10.2,10,2,63,Shahbaz Ahmed,,Gautam Gambhir,Batters,1,False,-0.5,5,Kolkata,Eden Gardens,Large,False,True,62,10,10.333333333333334,79,7.64516129032258,20,178,99,9.666666666666666,10.241379310344827,0,10,Large
10.3,10,3,64,Shahbaz Ahmed,,Robin Uthappa,Batters,2,False,-1.0,5,Kolkata,Eden Gardens,Large,False,True,63,10,10.5,81,7.714285714285714,20,178,97,9.5,10.210526315789474,0,10,Large
10.4,10,4,65,Shahbaz Ahmed,,Robin Uthappa,Batters,0,True,5.0,5,Kolkata,Eden Gardens,Large,False,True,64,10,10.666666666666666,81,7.59375,20,178,97,9.333333333333334,10.392857142857142,1,9,Large
10.5,10,5,66,Shahbaz Ahmed,,Gautam Gambhir,Batters,1,False,-0.5,5,Kolkata,Eden Gardens,Large,False,True,65,10,10.833333333333334,82,7.569230769230769,20,178,96,9.166666666666666,10.472727272727273,1,9,Large
10.6,10,6,67,Shahbaz Ahmed,,Manish Pandey,Batters,0,False,1.0,5,Kolkata,Eden Gardens,Large,False,True,66,10,11.0,82,7.454545454545454,20,178,96,9.0,10.666666666666666,1,9,Large
11.1,11,1,68,Yuzvendra Chahal,Bowlers,Gautam Gambhir,Batters,2,False,-1.0,5,Kolkata,Eden Gardens,Large,False,True,67,11,11.166666666666666,84,7.522388059701493,20,178,94,8.833333333333334,10.641509433962264,1,9,Large
11.2,11,2,69,Yuzvendra Chahal,Bowlers,Gautam Gambhir,Batters,1,False,-0.5,5,Kolkata,Eden Gardens,Large,False,True,68,11,11.333333333333334,85,7.5,20,178,93,8.666666666666666,10.730769230769232,1,9,Large
11.3,11,3,70,Yuzvendra Chahal,Bowlers,Manish Pandey,Batters,1,False,-0.5,5,Kolkata,Eden Gardens,Large,False,True,69,11,11.5,86,7.478260869565218,20,178,92,8.5,10.823529411764708,1,9,Large
11.4,11,4,71,Yuzvendra Chahal,Bowlers,Gautam Gambhir,Batters,1,False,-0.5,5,Kolkata,Eden Gardens,Large,False,True,70,11,11.666666666666666,87,7.457142857142857,20,178,91,8.333333333333334,10.92,1,9,Large
11.5,11,5,72,Yuzvendra Chahal,Bowlers,Manish Pandey,Batters,0,False,1.0,5,Kolkata,Eden Gardens,Large,False,True,71,11,11.833333333333334,87,7.352112676056338,20,178,91,8.166666666666666,11.142857142857144,1,9,Large
11.6,11,6,73,Yuzvendra Chahal,Bowlers,Manish Pandey,Batters,0,False,1.0,5,Kolkata,Eden Gardens,Large,False,True,72,11,12.0,87,7.25,20,178,91,8.0,11.375,1,9,Large
12.1,12,1,74,Varun Aaron,Bowlers,Gautam Gambhir,Batters,1,False,-0.5,5,Kolkata,Eden Gardens,Large,False,True,73,12,12.166666666666666,88,7.232876712328768,20,178,90,7.833333333333334,11.489361702127658,1,9,Large
12.2,12,2,75,Varun Aaron,Bowlers,Manish Pandey,Batters,4,False,-2.0,5,Kolkata,Eden Gardens,Large,False,True,74,12,12.333333333333334,92,7.459459459459459,20,178,86,7.666666666666666,11.217391304347826,1,9,Large
12.3,12,3,76,Varun Aaron,Bowlers,Manish Pandey,Batters,1,False,-0.5,5,Kolkata,Eden Gardens,Large,False,True,75,12,12.5,93,7.44,20,178,85,7.5,11.333333333333334,1,9,Large
12.4,12,4,77,Varun Aaron,Bowlers,Gautam Gambhir,Batters,4,False,-2.0,5,Kolkata,Eden Gardens,Large,False,True,76,12,12.666666666666666,97,7.657894736842105,20,178,81,7.333333333333334,11.045454545454543,1,9,Large
12.5,12,5,78,Varun Aaron,Bowlers,Gautam Gambhir,Batters,2,False,-1.0,5,Kolkata,Eden Gardens,Large,False,True,77,12,12.833333333333334,99,7.7142857142857135,20,178,79,7.166666666666666,11.023255813953488,1,9,Large
12.5,12,5,79,Varun Aaron,Bowlers,Gautam Gambhir,Batters,1,False,-1.0,5,Kolkata,Eden Gardens,Large,True,False,77,12,12.833333333333334,100,7.792207792207792,20,178,78,7.166666666666666,10.88372093023256,1,9,Large
12.6,12,6,80,Varun Aaron,Bowlers,Gautam Gambhir,Batters,1,False,-0.25,5,Kolkata,Eden Gardens,Large,False,True,78,12,13.0,101,7.769230769230769,20,178,77,7.0,11.0,1,9,Large
13.1,13,1,81,Yuzvendra Chahal,Bowlers,Gautam Gambhir,Batters,2,False,-1.0,5,Kolkata,Eden Gardens,Large,False,True,79,13,13.166666666666666,103,7.822784810126582,20,178,75,6.833333333333334,10.97560975609756,1,9,Large
13.2,13,2,82,Yuzvendra Chahal,Bowlers,Gautam Gambhir,Batters,0,True,5.0,5,Kolkata,Eden Gardens,Large,False,True,80,13,13.333333333333334,103,7.725,20,178,75,6.666666666666666,11.250000000000002,2,8,Large
13.3,13,3,83,Yuzvendra Chahal,Bowlers,Manish Pandey,Batters,0,False,1.0,5,Kolkata,Eden Gardens,Large,False,True,81,13,13.5,103,7.62962962962963,20,178,75,6.5,11.538461538461538,2,8,Large
13.4,13,4,84,Yuzvendra Chahal,Bowlers,Manish Pandey,Batters,4,False,-2.0,5,Kolkata,Eden Gardens,Large,False,True,82,13,13.666666666666666,107,7.829268292682928,20,178,71,6.333333333333334,11.210526315789473,2,8,Large
13.5,13,5,85,Yuzvendra Chahal,Bowlers,Manish Pandey,Batters,1,False,-0.5,5,Kolkata,Eden Gardens,Large,False,True,83,13,13.833333333333334,108,7.80722891566265,20,178,70,6.166666666666666,11.351351351351353,2,8,Large
13.6,13,6,86,Yuzvendra Chahal,Bowlers,Suryakumar Yadav,Batters,0,False,1.0,5,Kolkata,Eden Gardens,Large,False,True,84,13,14.0,108,7.714285714285714,20,178,70,6.0,11.666666666666666,2,8,Large
14.1,14,1,87,Sean Abbott,All-Rounders,Manish Pandey,Batters,1,False,-0.5,5,Kolkata,Eden Gardens,Large,False,True,85,14,14.166666666666666,109,7.694117647058824,20,178,69,5.833333333333334,11.828571428571427,2,8,Large
14.2,14,2,88,Sean Abbott,All-Rounders,Suryakumar Yadav,Batters,0,False,1.0,5,Kolkata,Eden Gardens,Large,False,True,86,14,14.333333333333334,109,7.604651162790697,20,178,69,5.666666666666666,12.176470588235295,2,8,Large
14.3,14,3,89,Sean Abbott,All-Rounders,Suryakumar Yadav,Batters,4,False,-2.0,5,Kolkata,Eden Gardens,Large,False,True,87,14,14.5,113,7.793103448275862,20,178,65,5.5,11.818181818181818,2,8,Large
14.4,14,4,90,Sean Abbott,All-Rounders,Suryakumar Yadav,Batters,1,False,-0.5,5,Kolkata,Eden Gardens,Large,False,True,88,14,14.666666666666666,114,7.772727272727273,20,178,64,5.333333333333334,11.999999999999998,2,8,Large
14.5,14,5,91,Sean Abbott,All-Rounders,Manish Pandey,Batters,4,False,-2.0,5,Kolkata,Eden Gardens,Large,False,True,89,14,14.833333333333334,118,7.955056179775281,20,178,60,5.166666666666666,11.612903225806454,2,8,Large
14.6,14,6,92,Sean Abbott,All-Rounders,Manish Pandey,Batters,4,False,-2.0,5,Kolkata,Eden Gardens,Large,False,True,90,14,15.0,122,8.133333333333333,20,178,56,5.0,11.2,2,8,Large
15.1,15,1,93,Yuzvendra Chahal,Bowlers,Suryakumar Yadav,Batters,1,False,-0.5,5,Kolkata,Eden Gardens,Large,False,True,91,15,15.166666666666666,123,8.10989010989011,20,178,55,4.833333333333334,11.379310344827584,2,8,Large
15.2,15,2,94,Yuzvendra Chahal,Bowlers,Manish Pandey,Batters,1,False,-0.5,5,Kolkata,Eden Gardens,Large,False,True,92,15,15.333333333333334,124,8.08695652173913,20,178,54,4.666666666666666,11.571428571428571,2,8,Large
15.3,15,3,95,Yuzvendra Chahal,Bowlers,Suryakumar Yadav,Batters,0,False,1.0,5,Kolkata,Eden Gardens,Large,False,True,93,15,15.5,124,8.0,20,178,54,4.5,12.0,2,8,Large
15.4,15,4,96,Yuzvendra Chahal,Bowlers,Suryakumar Yadav,Batters,4,False,-2.0,5,Kolkata,Eden Gardens,Large,False,True,94,15,15.666666666666666,128,8.170212765957448,20,178,50,4.333333333333334,11.538461538461537,2,8,Large
15.5,15,5,97,Yuzvendra Chahal,Bowlers,Suryakumar Yadav,Batters,1,False,-0.5,5,Kolkata,Eden Gardens,Large,False,True,95,15,15.833333333333334,129,8.147368421052631,20,178,49,4.166666666666666,11.760000000000002,2,8,Large
15.6,15,6,98,Yuzvendra Chahal,Bowlers,Manish Pandey,Batters,2,False,-1.0,5,Kolkata,Eden Gardens,Large,False,True,96,15,16.0,131,8.1875,20,178,47,4.0,11.75,2,8,Large
16.1,16,1,99,Harshal Patel,Bowlers,Suryakumar Yadav,Batters,0,True,5.0,5,Kolkata,Eden Gardens,Large,False,True,97,16,16.166666666666668,131,8.103092783505154,20,178,47,3.833333333333332,12.260869565217394,3,7,Large
16.2,16,2,100,Harshal Patel,Bowlers,Manish Pandey,Batters,0,True,5.0,5,Kolkata,Eden Gardens,Large,False,True,98,16,16.333333333333332,131,8.020408163265307,20,178,47,3.666666666666668,12.818181818181817,4,6,Large
16.3,16,3,101,Harshal Patel,Bowlers,Andre Russell,All-Rounders,0,False,1.0,5,Kolkata,Eden Gardens,Large,False,True,99,16,16.5,131,7.9393939393939394,20,178,47,3.5,13.428571428571429,4,6,Large
16.4,16,4,102,Harshal Patel,Bowlers,Andre Russell,All-Rounders,4,False,-2.0,5,Kolkata,Eden Gardens,Large,False,True,100,16,16.666666666666668,135,8.1,20,178,43,3.333333333333332,12.900000000000004,4,6,Large
16.5,16,5,103,Harshal Patel,Bowlers,Andre Russell,All-Rounders,1,False,-0.5,5,Kolkata,Eden Gardens,Large,False,True,101,16,16.833333333333332,136,8.07920792079208,20,178,42,3.166666666666668,13.263157894736835,4,6,Large
16.6,16,6,104,Harshal Patel,Bowlers,Yusuf Pathan,All-Rounders,1,False,-0.5,5,Kolkata,Eden Gardens,Large,False,True,102,16,17.0,137,8.058823529411764,20,178,41,3.0,13.666666666666666,4,6,Large
17.1,17,1,105,Shahbaz Ahmed,,Yusuf Pathan,All-Rounders,1,False,-0.5,5,Kolkata,Eden Gardens,Large,False,True,103,17,17.166666666666668,138,8.03883495145631,20,178,40,2.833333333333332,14.117647058823536,4,6,Large
17.2,17,2,106,Shahbaz Ahmed,,Andre Russell,All-Rounders,0,False,1.0,5,Kolkata,Eden Gardens,Large,False,True,104,17,17.333333333333332,138,7.961538461538462,20,178,40,2.666666666666668,14.999999999999991,4,6,Large
17.3,17,3,107,Shahbaz Ahmed,,Andre Russell,All-Rounders,4,False,-2.0,5,Kolkata,Eden Gardens,Large,False,True,105,17,17.5,142,8.114285714285714,20,178,36,2.5,14.4,4,6,Large
17.4,17,4,108,Shahbaz Ahmed,,Andre Russell,All-Rounders,0,False,1.0,5,Kolkata,Eden Gardens,Large,False,True,106,17,17.666666666666668,142,8.037735849056602,20,178,36,2.333333333333332,15.428571428571436,4,6,Large
17.5,17,5,109,Shahbaz Ahmed,,Andre Russell,All-Rounders,6,False,-3.0,5,Kolkata,Eden Gardens,Large,False,True,107,17,17.833333333333332,148,8.299065420560748,20,178,30,2.166666666666668,13.846153846153838,4,6,Large
17.6,17,6,110,Shahbaz Ahmed,,Andre Russell,All-Rounders,1,False,-0.5,5,Kolkata,Eden Gardens,Large,False,True,108,17,18.0,149,8.277777777777779,20,178,29,2.0,14.5,4,6,Large
18.1,18,1,111,Harshal Patel,Bowlers,Andre Russell,All-Rounders,6,False,-3.0,5,Kolkata,Eden Gardens,Large,False,True,109,18,18.166666666666668,155,8.53211009174312,20,178,23,1.833333333333332,12.545454545454554,4,6,Large
18.2,18,2,112,Harshal Patel,Bowlers,Andre Russell,All-Rounders,2,False,-1.0,5,Kolkata,Eden Gardens,Large,False,True,110,18,18.33333333333333,157,8.563636363636364,20,178,21,1.666666666666668,12.59999999999999,4,6,Large
18.3,18,3,113,Harshal Patel,Bowlers,Andre Russell,All-Rounders,1,False,-0.25,5,Kolkata,Eden Gardens,Large,False,True,111,18,18.5,158,8.54054054054054,20,178,20,1.5,13.333333333333334,4,6,Large
18.4,18,4,114,Harshal Patel,Bowlers,Yusuf Pathan,All-Rounders,1,False,-0.5,5,Kolkata,Eden Gardens,Large,False,True,112,18,18.666666666666668,159,8.517857142857142,20,178,19,1.333333333333332,14.250000000000012,4,6,Large
18.5,18,5,115,Harshal Patel,Bowlers,Andre Russell,All-Rounders,0,False,1.0,5,Kolkata,Eden Gardens,Large,False,True,113,18,18.83333333333333,159,8.442477876106196,20,178,19,1.166666666666668,16.28571428571427,4,6,Large
18.6,18,6,116,Harshal Patel,Bowlers,Andre Russell,All-Rounders,4,False,-2.0,5,Kolkata,Eden Gardens,Large,False,True,114,18,19.0,163,8.578947368421053,20,178,15,1.0,15.0,4,6,Large
19.1,19,1,117,Varun Aaron,Bowlers,Yusuf Pathan,All-Rounders,0,True,5.0,5,Kolkata,Eden Gardens,Large,False,True,115,19,19.166666666666668,163,8.504347826086956,20,178,15,0.8333333333333321,18.000000000000025,5,5,Large
19.2,19,2,118,Varun Aaron,Bowlers,Andre Russell,All-Rounders,4,False,-2.0,5,Kolkata,Eden Gardens,Large,False,True,116,19,19.33333333333333,167,8.63793103448276,20,178,11,0.6666666666666679,16.49999999999997,5,5,Large
19.3,19,3,119,Varun Aaron,Bowlers,Andre Russell,All-Rounders,4,False,-2.0,5,Kolkata,Eden Gardens,Large,False,True,117,19,19.5,171,8.76923076923077,20,178,7,0.5,14.0,5,5,Large
19.4,19,4,120,Varun Aaron,Bowlers,Andre Russell,All-Rounders,1,False,-0.5,5,Kolkata,Eden Gardens,Large,False,True,118,19,19.666666666666668,172,8.745762711864407,20,178,6,0.3333333333333321,18.000000000000064,5,5,Large
19.5,19,5,121,Varun Aaron,Bowlers,Shakib Al Hasan,All-Rounders,0,False,1.0,5,Kolkata,Eden Gardens,Large,False,True,119,19,19.83333333333333,172,8.672268907563026,20,178,6,0.1666666666666678,35.999999999999744,5,5,Large
19.6,19,6,122,Varun Aaron,Bowlers,Shakib Al Hasan,All-Rounders,0,True,5.0,5,Kolkata,Eden Gardens,Large,True,False,119,19,19.83333333333333,172,8.672268907563026,20,178,6,0.1666666666666678,35.999999999999744,6,4,Large
19.6,19,6,123,Varun Aaron,Bowlers,Andre Russell,All-Rounders,4,False,-2.0,5,Kolkata,Eden Gardens,Large,False,True,120,19,20.0,176,8.8,20,178,2,0.0,inf,6,4,Large
