Ball Number,over,ball,Ball,bowler,bowler_role,batsman,batsman_role,Runs,is_wicket,bowler_score,match_id,city,stadium,Stadium_Type,is_extra,legal_delivery,legal_deliveries_count,overs_completed,overs_bowled,total_runs,current_run_rate,total_overs,target,runs_needed,overs_remaining,required_run_rate,wickets_fallen,wickets_in_hand,Ground_Type
0.1,0,1,1,Sean Abbott,All-Rounders,David Warner,Batters,4,False,-2.0,8,Bangalore,M Chinnaswamy Stadium,Medium,False,True,1,0,0.1666666666666666,4,24.0,20,167,163,19.83333333333333,8.218487394957984,0,10,Medium
0.2,0,2,2,Sean Abbott,All-Rounders,David Warner,Batters,2,False,-1.0,8,Bangalore,M Chinnaswamy Stadium,Medium,False,True,2,0,0.3333333333333333,6,18.0,20,167,161,19.666666666666668,8.186440677966102,0,10,Medium
0.3,0,3,3,Sean Abbott,All-Rounders,David Warner,Batters,1,False,-0.5,8,Bangalore,M Chinnaswamy Stadium,Medium,False,True,3,0,0.5,7,14.0,20,167,160,19.5,8.205128205128204,0,10,Medium
0.4,0,4,4,Sean Abbott,All-Rounders,Shikhar Dhawan,Batters,4,False,-2.0,8,Bangalore,M Chinnaswamy Stadium,Medium,False,True,4,0,0.6666666666666666,11,16.5,20,167,156,19.33333333333333,8.068965517241379,0,10,Medium
0.5,0,5,5,Sean Abbott,All-Rounders,Shikhar Dhawan,Batters,4,False,-2.0,8,Bangalore,M Chinnaswamy Stadium,Medium,False,True,5,0,0.8333333333333334,15,18.0,20,167,152,19.166666666666668,7.930434782608695,0,10,Medium
0.6,0,6,6,Sean Abbott,All-Rounders,Shikhar Dhawan,Batters,1,False,-0.5,8,Bangalore,M Chinnaswamy Stadium,Medium,False,True,6,0,1.0,16,16.0,20,167,151,19.0,7.947368421052632,0,10,Medium
1.1,1,1,7,Harshal Patel,Bowlers,Shikhar Dhawan,Batters,1,False,-0.5,8,Bangalore,M Chinnaswamy Stadium,Medium,False,True,7,1,1.1666666666666667,17,14.571428571428571,20,167,150,18.83333333333333,7.964601769911505,0,10,Medium
1.2,1,2,8,Harshal Patel,Bowlers,David Warner,Batters,4,False,-2.0,8,Bangalore,M Chinnaswamy Stadium,Medium,False,True,8,1,1.3333333333333333,21,15.75,20,167,146,18.666666666666668,7.821428571428571,0,10,Medium
1.3,1,3,9,Harshal Patel,Bowlers,David Warner,Batters,4,False,-2.0,8,Bangalore,M Chinnaswamy Stadium,Medium,False,True,9,1,1.5,25,16.666666666666668,20,167,142,18.5,7.675675675675675,0,10,Medium
1.4,1,4,10,Harshal Patel,Bowlers,David Warner,Batters,1,False,-1.0,8,Bangalore,M Chinnaswamy Stadium,Medium,True,False,9,1,1.5,26,17.333333333333332,20,167,141,18.5,7.621621621621622,0,10,Medium
1.4,1,4,11,Harshal Patel,Bowlers,David Warner,Batters,0,False,1.0,8,Bangalore,M Chinnaswamy Stadium,Medium,False,True,10,1,1.6666666666666663,26,15.6,20,167,141,18.33333333333333,7.690909090909091,0,10,Medium
1.5,1,5,12,Harshal Patel,Bowlers,David Warner,Batters,4,False,-2.0,8,Bangalore,M Chinnaswamy Stadium,Medium,False,True,11,1,1.8333333333333333,30,16.363636363636363,20,167,137,18.166666666666668,7.541284403669724,0,10,Medium
1.6,1,6,13,Harshal Patel,Bowlers,David Warner,Batters,6,False,-3.0,8,Bangalore,M Chinnaswamy Stadium,Medium,False,True,12,1,2.0,36,18.0,20,167,131,18.0,7.277777777777778,0,10,Medium
2.1,2,1,14,Varun Aaron,Bowlers,Shikhar Dhawan,Batters,0,False,1.0,8,Bangalore,M Chinnaswamy Stadium,Medium,False,True,13,2,2.1666666666666665,36,16.615384615384617,20,167,131,17.833333333333332,7.345794392523365,0,10,Medium
2.2,2,2,15,Varun Aaron,Bowlers,Shikhar Dhawan,Batters,4,False,-2.0,8,Bangalore,M Chinnaswamy Stadium,Medium,False,True,14,2,2.333333333333333,40,17.142857142857142,20,167,127,17.666666666666668,7.188679245283018,0,10,Medium
2.3,2,3,16,Varun Aaron,Bowlers,Shikhar Dhawan,Batters,0,False,1.0,8,Bangalore,M Chinnaswamy Stadium,Medium,False,True,15,2,2.5,40,16.0,20,167,127,17.5,7.257142857142857,0,10,Medium
2.4,2,4,17,Varun Aaron,Bowlers,Shikhar Dhawan,Batters,1,False,-0.5,8,Bangalore,M Chinnaswamy Stadium,Medium,False,True,16,2,2.6666666666666665,41,15.375,20,167,126,17.333333333333332,7.26923076923077,0,10,Medium
2.5,2,5,18,Varun Aaron,Bowlers,David Warner,Batters,0,False,1.0,8,Bangalore,M Chinnaswamy Stadium,Medium,False,True,17,2,2.833333333333333,41,14.470588235294118,20,167,126,17.166666666666668,7.339805825242718,0,10,Medium
2.6,2,6,19,Varun Aaron,Bowlers,David Warner,Batters,0,False,1.0,8,Bangalore,M Chinnaswamy Stadium,Medium,False,True,18,2,3.0,41,13.666666666666666,20,167,126,17.0,7.411764705882353,0,10,Medium
3.1,3,1,20,Shahbaz Ahmed,,Shikhar Dhawan,Batters,0,False,1.0,8,Bangalore,M Chinnaswamy Stadium,Medium,False,True,19,3,3.1666666666666665,41,12.947368421052632,20,167,126,16.833333333333332,7.485148514851486,0,10,Medium
3.2,3,2,21,Shahbaz Ahmed,,Shikhar Dhawan,Batters,1,False,-0.5,8,Bangalore,M Chinnaswamy Stadium,Medium,False,True,20,3,3.333333333333333,42,12.6,20,167,125,16.666666666666668,7.499999999999999,0,10,Medium
3.3,3,3,22,Shahbaz Ahmed,,David Warner,Batters,0,False,1.0,8,Bangalore,M Chinnaswamy Stadium,Medium,False,True,21,3,3.5,42,12.0,20,167,125,16.5,7.575757575757576,0,10,Medium
3.4,3,4,23,Shahbaz Ahmed,,David Warner,Batters,1,False,-0.5,8,Bangalore,M Chinnaswamy Stadium,Medium,False,True,22,3,3.6666666666666665,43,11.727272727272728,20,167,124,16.333333333333332,7.591836734693878,0,10,Medium
3.5,3,5,24,Shahbaz Ahmed,,Shikhar Dhawan,Batters,0,False,1.0,8,Bangalore,M Chinnaswamy Stadium,Medium,False,True,23,3,3.8333333333333335,43,11.217391304347826,20,167,124,16.166666666666668,7.670103092783504,0,10,Medium
3.6,3,6,25,Shahbaz Ahmed,,Shikhar Dhawan,Batters,0,False,1.0,8,Bangalore,M Chinnaswamy Stadium,Medium,False,True,24,3,4.0,43,10.75,20,167,124,16.0,7.75,0,10,Medium
4.1,4,1,26,Varun Aaron,Bowlers,David Warner,Batters,4,False,-2.0,8,Bangalore,M Chinnaswamy Stadium,Medium,False,True,25,4,4.166666666666667,47,11.28,20,167,120,15.833333333333332,7.578947368421053,0,10,Medium
4.2,4,2,27,Varun Aaron,Bowlers,David Warner,Batters,4,False,-2.0,8,Bangalore,M Chinnaswamy Stadium,Medium,False,True,26,4,4.333333333333333,51,11.76923076923077,20,167,116,15.666666666666668,7.404255319148936,0,10,Medium
4.3,4,3,28,Varun Aaron,Bowlers,David Warner,Batters,6,False,-3.0,8,Bangalore,M Chinnaswamy Stadium,Medium,False,True,27,4,4.5,57,12.666666666666666,20,167,110,15.5,7.096774193548387,0,10,Medium
4.4,4,4,29,Varun Aaron,Bowlers,David Warner,Batters,0,False,1.0,8,Bangalore,M Chinnaswamy Stadium,Medium,False,True,28,4,4.666666666666667,57,12.214285714285714,20,167,110,15.333333333333332,7.173913043478262,0,10,Medium
4.5,4,5,30,Varun Aaron,Bowlers,David Warner,Batters,1,False,-0.5,8,Bangalore,M Chinnaswamy Stadium,Medium,False,True,29,4,4.833333333333333,58,12.0,20,167,109,15.166666666666668,7.186813186813186,0,10,Medium
4.6,4,6,31,Varun Aaron,Bowlers,Shikhar Dhawan,Batters,0,False,1.0,8,Bangalore,M Chinnaswamy Stadium,Medium,False,True,30,4,5.0,58,11.6,20,167,109,15.0,7.266666666666667,0,10,Medium
5.1,5,1,32,Shahbaz Ahmed,,David Warner,Batters,0,False,1.0,8,Bangalore,M Chinnaswamy Stadium,Medium,False,True,31,5,5.166666666666667,58,11.225806451612902,20,167,109,14.833333333333332,7.348314606741574,0,10,Medium
5.2,5,2,33,Shahbaz Ahmed,,David Warner,Batters,0,False,1.0,8,Bangalore,M Chinnaswamy Stadium,Medium,False,True,32,5,5.333333333333333,58,10.875,20,167,109,14.666666666666668,7.431818181818182,0,10,Medium
5.3,5,3,34,Shahbaz Ahmed,,David Warner,Batters,6,False,-3.0,8,Bangalore,M Chinnaswamy Stadium,Medium,False,True,33,5,5.5,64,11.636363636363637,20,167,103,14.5,7.103448275862069,0,10,Medium
5.4,5,4,35,Shahbaz Ahmed,,David Warner,Batters,0,False,1.0,8,Bangalore,M Chinnaswamy Stadium,Medium,False,True,34,5,5.666666666666667,64,11.294117647058822,20,167,103,14.333333333333332,7.186046511627907,0,10,Medium
5.5,5,5,36,Shahbaz Ahmed,,David Warner,Batters,1,False,-0.5,8,Bangalore,M Chinnaswamy Stadium,Medium,False,True,35,5,5.833333333333333,65,11.142857142857144,20,167,102,14.166666666666668,7.199999999999999,0,10,Medium
5.6,5,6,37,Shahbaz Ahmed,,Shikhar Dhawan,Batters,0,False,1.0,8,Bangalore,M Chinnaswamy Stadium,Medium,False,True,36,5,6.0,65,10.833333333333334,20,167,102,14.0,7.285714285714286,0,10,Medium
6.1,6,1,38,Daren Sammy,All-Rounders,David Warner,Batters,1,False,-0.5,8,Bangalore,M Chinnaswamy Stadium,Medium,False,True,37,6,6.166666666666667,66,10.702702702702702,20,167,101,13.833333333333332,7.301204819277109,0,10,Medium
6.2,6,2,39,Daren Sammy,All-Rounders,Shikhar Dhawan,Batters,0,False,1.0,8,Bangalore,M Chinnaswamy Stadium,Medium,False,True,38,6,6.333333333333333,66,10.421052631578949,20,167,101,13.666666666666668,7.390243902439024,0,10,Medium
6.3,6,3,40,Daren Sammy,All-Rounders,Shikhar Dhawan,Batters,1,False,-0.5,8,Bangalore,M Chinnaswamy Stadium,Medium,False,True,39,6,6.5,67,10.307692307692308,20,167,100,13.5,7.407407407407407,0,10,Medium
6.4,6,4,41,Daren Sammy,All-Rounders,David Warner,Batters,1,False,-0.5,8,Bangalore,M Chinnaswamy Stadium,Medium,False,True,40,6,6.666666666666667,68,10.2,20,167,99,13.333333333333332,7.425000000000001,0,10,Medium
6.5,6,5,42,Daren Sammy,All-Rounders,Shikhar Dhawan,Batters,4,False,-2.0,8,Bangalore,M Chinnaswamy Stadium,Medium,False,True,41,6,6.833333333333333,72,10.53658536585366,20,167,95,13.166666666666668,7.215189873417721,0,10,Medium
6.6,6,6,43,Daren Sammy,All-Rounders,Shikhar Dhawan,Batters,1,False,-0.5,8,Bangalore,M Chinnaswamy Stadium,Medium,False,True,42,6,7.0,73,10.428571428571429,20,167,94,13.0,7.230769230769231,0,10,Medium
7.1,7,1,44,Yuzvendra Chahal,Bowlers,Shikhar Dhawan,Batters,1,False,-0.5,8,Bangalore,M Chinnaswamy Stadium,Medium,False,True,43,7,7.166666666666667,74,10.325581395348836,20,167,93,12.833333333333332,7.246753246753247,0,10,Medium
7.2,7,2,45,Yuzvendra Chahal,Bowlers,David Warner,Batters,6,False,-3.0,8,Bangalore,M Chinnaswamy Stadium,Medium,False,True,44,7,7.333333333333333,80,10.90909090909091,20,167,87,12.666666666666668,6.868421052631578,0,10,Medium
7.3,7,3,46,Yuzvendra Chahal,Bowlers,David Warner,Batters,1,False,-0.5,8,Bangalore,M Chinnaswamy Stadium,Medium,False,True,45,7,7.5,81,10.8,20,167,86,12.5,6.88,0,10,Medium
7.4,7,4,47,Yuzvendra Chahal,Bowlers,Shikhar Dhawan,Batters,1,False,-0.5,8,Bangalore,M Chinnaswamy Stadium,Medium,False,True,46,7,7.666666666666667,82,10.695652173913045,20,167,85,12.333333333333332,6.891891891891893,0,10,Medium
7.5,7,5,48,Yuzvendra Chahal,Bowlers,David Warner,Batters,0,True,5.0,8,Bangalore,M Chinnaswamy Stadium,Medium,False,True,47,7,7.833333333333333,82,10.46808510638298,20,167,85,12.166666666666668,6.986301369863013,1,9,Medium
7.6,7,6,49,Yuzvendra Chahal,Bowlers,Kane Williamson,Batters,1,False,-0.5,8,Bangalore,M Chinnaswamy Stadium,Medium,False,True,48,7,8.0,83,10.375,20,167,84,12.0,7.0,1,9,Medium
8.1,8,1,50,Harshal Patel,Bowlers,Kane Williamson,Batters,0,False,1.0,8,Bangalore,M Chinnaswamy Stadium,Medium,False,True,49,8,8.166666666666666,83,10.16326530612245,20,167,84,11.833333333333334,7.098591549295774,1,9,Medium
8.2,8,2,51,Harshal Patel,Bowlers,Kane Williamson,Batters,4,False,-0.25,8,Bangalore,M Chinnaswamy Stadium,Medium,False,True,50,8,8.333333333333334,87,10.44,20,167,80,11.666666666666666,6.857142857142858,1,9,Medium
8.3,8,3,52,Harshal Patel,Bowlers,Kane Williamson,Batters,0,False,1.0,8,Bangalore,M Chinnaswamy Stadium,Medium,False,True,51,8,8.5,87,10.235294117647058,20,167,80,11.5,6.956521739130435,1,9,Medium
8.4,8,4,53,Harshal Patel,Bowlers,Kane Williamson,Batters,1,False,-0.5,8,Bangalore,M Chinnaswamy Stadium,Medium,False,True,52,8,8.666666666666666,88,10.153846153846157,20,167,79,11.333333333333334,6.970588235294117,1,9,Medium
8.5,8,5,54,Harshal Patel,Bowlers,Shikhar Dhawan,Batters,1,False,-0.5,8,Bangalore,M Chinnaswamy Stadium,Medium,False,True,53,8,8.833333333333334,89,10.075471698113208,20,167,78,11.166666666666666,6.985074626865672,1,9,Medium
8.6,8,6,55,Harshal Patel,Bowlers,Kane Williamson,Batters,1,False,-0.5,8,Bangalore,M Chinnaswamy Stadium,Medium,False,True,54,8,9.0,90,10.0,20,167,77,11.0,7.0,1,9,Medium
9.1,9,1,56,Yuzvendra Chahal,Bowlers,Kane Williamson,Batters,1,False,-0.5,8,Bangalore,M Chinnaswamy Stadium,Medium,False,True,55,9,9.166666666666666,91,9.927272727272728,20,167,76,10.833333333333334,7.015384615384615,1,9,Medium
9.2,9,2,57,Yuzvendra Chahal,Bowlers,Shikhar Dhawan,Batters,1,False,-0.5,8,Bangalore,M Chinnaswamy Stadium,Medium,False,True,56,9,9.333333333333334,92,9.857142857142856,20,167,75,10.666666666666666,7.03125,1,9,Medium
9.3,9,3,58,Yuzvendra Chahal,Bowlers,Kane Williamson,Batters,1,False,-0.5,8,Bangalore,M Chinnaswamy Stadium,Medium,False,True,57,9,9.5,93,9.789473684210526,20,167,74,10.5,7.047619047619048,1,9,Medium
9.4,9,4,59,Yuzvendra Chahal,Bowlers,Shikhar Dhawan,Batters,1,False,-0.5,8,Bangalore,M Chinnaswamy Stadium,Medium,False,True,58,9,9.666666666666666,94,9.724137931034484,20,167,73,10.333333333333334,7.064516129032258,1,9,Medium
9.5,9,5,60,Yuzvendra Chahal,Bowlers,Kane Williamson,Batters,0,True,5.0,8,Bangalore,M Chinnaswamy Stadium,Medium,False,True,59,9,9.833333333333334,94,9.559322033898304,20,167,73,10.166666666666666,7.180327868852459,2,8,Medium
9.6,9,6,61,Yuzvendra Chahal,Bowlers,KL Rahul,Batters,1,False,-0.5,8,Bangalore,M Chinnaswamy Stadium,Medium,False,True,60,9,10.0,95,9.5,20,167,72,10.0,7.2,2,8,Medium
10.1,10,1,62,Daren Sammy,All-Rounders,KL Rahul,Batters,2,False,-1.0,8,Bangalore,M Chinnaswamy Stadium,Medium,False,True,61,10,10.166666666666666,97,9.540983606557376,20,167,70,9.833333333333334,7.11864406779661,2,8,Medium
10.2,10,2,63,Daren Sammy,All-Rounders,KL Rahul,Batters,1,False,-0.5,8,Bangalore,M Chinnaswamy Stadium,Medium,False,True,62,10,10.333333333333334,98,9.483870967741934,20,167,69,9.666666666666666,7.137931034482759,2,8,Medium
10.3,10,3,64,Daren Sammy,All-Rounders,Shikhar Dhawan,Batters,1,False,-0.5,8,Bangalore,M Chinnaswamy Stadium,Medium,False,True,63,10,10.5,99,9.428571428571429,20,167,68,9.5,7.157894736842105,2,8,Medium
10.4,10,4,65,Daren Sammy,All-Rounders,KL Rahul,Batters,1,False,-0.5,8,Bangalore,M Chinnaswamy Stadium,Medium,False,True,64,10,10.666666666666666,100,9.375,20,167,67,9.333333333333334,7.178571428571428,2,8,Medium
10.5,10,5,66,Daren Sammy,All-Rounders,Shikhar Dhawan,Batters,1,False,-0.5,8,Bangalore,M Chinnaswamy Stadium,Medium,False,True,65,10,10.833333333333334,101,9.323076923076922,20,167,66,9.166666666666666,7.2,2,8,Medium
10.6,10,6,67,Daren Sammy,All-Rounders,KL Rahul,Batters,4,False,-2.0,8,Bangalore,M Chinnaswamy Stadium,Medium,False,True,66,10,11.0,105,9.545454545454543,20,167,62,9.0,6.888888888888889,2,8,Medium
11.1,11,1,68,Yuzvendra Chahal,Bowlers,Shikhar Dhawan,Batters,1,False,-0.5,8,Bangalore,M Chinnaswamy Stadium,Medium,False,True,67,11,11.166666666666666,106,9.492537313432836,20,167,61,8.833333333333334,6.90566037735849,2,8,Medium
11.2,11,2,69,Yuzvendra Chahal,Bowlers,KL Rahul,Batters,4,False,-2.0,8,Bangalore,M Chinnaswamy Stadium,Medium,False,True,68,11,11.333333333333334,110,9.705882352941176,20,167,57,8.666666666666666,6.5769230769230775,2,8,Medium
11.3,11,3,70,Yuzvendra Chahal,Bowlers,KL Rahul,Batters,0,False,1.0,8,Bangalore,M Chinnaswamy Stadium,Medium,False,True,69,11,11.5,110,9.565217391304348,20,167,57,8.5,6.705882352941177,2,8,Medium
11.4,11,4,71,Yuzvendra Chahal,Bowlers,KL Rahul,Batters,1,False,-0.5,8,Bangalore,M Chinnaswamy Stadium,Medium,False,True,70,11,11.666666666666666,111,9.514285714285714,20,167,56,8.333333333333334,6.72,2,8,Medium
11.5,11,5,72,Yuzvendra Chahal,Bowlers,Shikhar Dhawan,Batters,1,False,-0.5,8,Bangalore,M Chinnaswamy Stadium,Medium,False,True,71,11,11.833333333333334,112,9.464788732394366,20,167,55,8.166666666666666,6.734693877551021,2,8,Medium
11.6,11,6,73,Yuzvendra Chahal,Bowlers,KL Rahul,Batters,1,False,-0.5,8,Bangalore,M Chinnaswamy Stadium,Medium,False,True,72,11,12.0,113,9.416666666666666,20,167,54,8.0,6.75,2,8,Medium
12.1,12,1,74,Varun Aaron,Bowlers,KL Rahul,Batters,1,False,-0.5,8,Bangalore,M Chinnaswamy Stadium,Medium,False,True,73,12,12.166666666666666,114,9.36986301369863,20,167,53,7.833333333333334,6.76595744680851,2,8,Medium
12.2,12,2,75,Varun Aaron,Bowlers,Shikhar Dhawan,Batters,1,False,-0.5,8,Bangalore,M Chinnaswamy Stadium,Medium,False,True,74,12,12.333333333333334,115,9.324324324324325,20,167,52,7.666666666666666,6.782608695652175,2,8,Medium
12.3,12,3,76,Varun Aaron,Bowlers,KL Rahul,Batters,1,False,-1.0,8,Bangalore,M Chinnaswamy Stadium,Medium,True,False,74,12,12.333333333333334,116,9.405405405405403,20,167,51,7.666666666666666,6.652173913043479,2,8,Medium
12.3,12,3,77,Varun Aaron,Bowlers,KL Rahul,Batters,1,False,-0.5,8,Bangalore,M Chinnaswamy Stadium,Medium,False,True,75,12,12.5,117,9.36,20,167,50,7.5,6.666666666666667,2,8,Medium
12.4,12,4,78,Varun Aaron,Bowlers,Shikhar Dhawan,Batters,0,False,1.0,8,Bangalore,M Chinnaswamy Stadium,Medium,False,True,76,12,12.666666666666666,117,9.236842105263158,20,167,50,7.333333333333334,6.8181818181818175,2,8,Medium
12.5,12,5,79,Varun Aaron,Bowlers,Shikhar Dhawan,Batters,1,False,-0.5,8,Bangalore,M Chinnaswamy Stadium,Medium,False,True,77,12,12.833333333333334,118,9.194805194805197,20,167,49,7.166666666666666,6.837209302325582,2,8,Medium
12.6,12,6,80,Varun Aaron,Bowlers,KL Rahul,Batters,1,False,-0.5,8,Bangalore,M Chinnaswamy Stadium,Medium,False,True,78,12,13.0,119,9.153846153846152,20,167,48,7.0,6.857142857142857,2,8,Medium
13.1,13,1,81,Sean Abbott,All-Rounders,KL Rahul,Batters,0,False,1.0,8,Bangalore,M Chinnaswamy Stadium,Medium,False,True,79,13,13.166666666666666,119,9.037974683544304,20,167,48,6.833333333333334,7.024390243902438,2,8,Medium
13.2,13,2,82,Sean Abbott,All-Rounders,KL Rahul,Batters,1,False,-1.0,8,Bangalore,M Chinnaswamy Stadium,Medium,True,False,79,13,13.166666666666666,120,9.113924050632912,20,167,47,6.833333333333334,6.878048780487804,2,8,Medium
13.2,13,2,83,Sean Abbott,All-Rounders,KL Rahul,Batters,1,False,-1.0,8,Bangalore,M Chinnaswamy Stadium,Medium,True,False,79,13,13.166666666666666,121,9.18987341772152,20,167,46,6.833333333333334,6.7317073170731705,2,8,Medium
13.2,13,2,84,Sean Abbott,All-Rounders,KL Rahul,Batters,1,False,-0.5,8,Bangalore,M Chinnaswamy Stadium,Medium,False,True,80,13,13.333333333333334,122,9.15,20,167,45,6.666666666666666,6.750000000000001,2,8,Medium
13.3,13,3,85,Sean Abbott,All-Rounders,Shikhar Dhawan,Batters,0,False,1.0,8,Bangalore,M Chinnaswamy Stadium,Medium,False,True,81,13,13.5,122,9.037037037037036,20,167,45,6.5,6.923076923076923,2,8,Medium
13.4,13,4,86,Sean Abbott,All-Rounders,Shikhar Dhawan,Batters,1,False,-0.5,8,Bangalore,M Chinnaswamy Stadium,Medium,False,True,82,13,13.666666666666666,123,9.0,20,167,44,6.333333333333334,6.947368421052631,2,8,Medium
13.5,13,5,87,Sean Abbott,All-Rounders,KL Rahul,Batters,1,False,-0.5,8,Bangalore,M Chinnaswamy Stadium,Medium,False,True,83,13,13.833333333333334,124,8.963855421686747,20,167,43,6.166666666666666,6.972972972972974,2,8,Medium
13.6,13,6,88,Sean Abbott,All-Rounders,Shikhar Dhawan,Batters,0,False,1.0,8,Bangalore,M Chinnaswamy Stadium,Medium,False,True,84,13,14.0,124,8.857142857142858,20,167,43,6.0,7.166666666666667,2,8,Medium
14.1,14,1,89,Shahbaz Ahmed,,KL Rahul,Batters,2,False,-1.0,8,Bangalore,M Chinnaswamy Stadium,Medium,False,True,85,14,14.166666666666666,126,8.894117647058824,20,167,41,5.833333333333334,7.028571428571428,2,8,Medium
14.2,14,2,90,Shahbaz Ahmed,,KL Rahul,Batters,4,False,-2.0,8,Bangalore,M Chinnaswamy Stadium,Medium,False,True,86,14,14.333333333333334,130,9.069767441860463,20,167,37,5.666666666666666,6.529411764705883,2,8,Medium
14.3,14,3,91,Shahbaz Ahmed,,KL Rahul,Batters,1,False,-0.25,8,Bangalore,M Chinnaswamy Stadium,Medium,False,True,87,14,14.5,131,9.03448275862069,20,167,36,5.5,6.545454545454546,2,8,Medium
14.4,14,4,92,Shahbaz Ahmed,,Shikhar Dhawan,Batters,0,False,1.0,8,Bangalore,M Chinnaswamy Stadium,Medium,False,True,88,14,14.666666666666666,131,8.931818181818182,20,167,36,5.333333333333334,6.749999999999999,2,8,Medium
14.5,14,5,93,Shahbaz Ahmed,,Shikhar Dhawan,Batters,6,False,-3.0,8,Bangalore,M Chinnaswamy Stadium,Medium,False,True,89,14,14.833333333333334,137,9.235955056179774,20,167,30,5.166666666666666,5.806451612903227,2,8,Medium
14.6,14,6,94,Shahbaz Ahmed,,Shikhar Dhawan,Batters,0,False,1.0,8,Bangalore,M Chinnaswamy Stadium,Medium,False,True,90,14,15.0,137,9.133333333333333,20,167,30,5.0,6.0,2,8,Medium
15.1,15,1,95,Yuzvendra Chahal,Bowlers,KL Rahul,Batters,0,False,1.0,8,Bangalore,M Chinnaswamy Stadium,Medium,False,True,91,15,15.166666666666666,137,9.032967032967033,20,167,30,4.833333333333334,6.206896551724137,2,8,Medium
15.2,15,2,96,Yuzvendra Chahal,Bowlers,KL Rahul,Batters,1,False,-0.5,8,Bangalore,M Chinnaswamy Stadium,Medium,False,True,92,15,15.333333333333334,138,9.0,20,167,29,4.666666666666666,6.214285714285715,2,8,Medium
15.3,15,3,97,Yuzvendra Chahal,Bowlers,Shikhar Dhawan,Batters,1,False,-0.5,8,Bangalore,M Chinnaswamy Stadium,Medium,False,True,93,15,15.5,139,8.96774193548387,20,167,28,4.5,6.222222222222222,2,8,Medium
15.4,15,4,98,Yuzvendra Chahal,Bowlers,KL Rahul,Batters,1,False,-0.5,8,Bangalore,M Chinnaswamy Stadium,Medium,False,True,94,15,15.666666666666666,140,8.936170212765958,20,167,27,4.333333333333334,6.23076923076923,2,8,Medium
15.5,15,5,99,Yuzvendra Chahal,Bowlers,Shikhar Dhawan,Batters,1,False,-0.5,8,Bangalore,M Chinnaswamy Stadium,Medium,False,True,95,15,15.833333333333334,141,8.905263157894737,20,167,26,4.166666666666666,6.240000000000001,2,8,Medium
15.6,15,6,100,Yuzvendra Chahal,Bowlers,KL Rahul,Batters,1,False,-0.5,8,Bangalore,M Chinnaswamy Stadium,Medium,False,True,96,15,16.0,142,8.875,20,167,25,4.0,6.25,2,8,Medium
16.1,16,1,101,Shahbaz Ahmed,,KL Rahul,Batters,1,False,-0.5,8,Bangalore,M Chinnaswamy Stadium,Medium,False,True,97,16,16.166666666666668,143,8.845360824742267,20,167,24,3.833333333333332,6.260869565217393,2,8,Medium
16.2,16,2,102,Shahbaz Ahmed,,Shikhar Dhawan,Batters,1,False,-0.5,8,Bangalore,M Chinnaswamy Stadium,Medium,False,True,98,16,16.333333333333332,144,8.816326530612246,20,167,23,3.666666666666668,6.272727272727271,2,8,Medium
16.3,16,3,103,Shahbaz Ahmed,,KL Rahul,Batters,2,False,-1.0,8,Bangalore,M Chinnaswamy Stadium,Medium,False,True,99,16,16.5,146,8.848484848484848,20,167,21,3.5,6.0,2,8,Medium
16.4,16,4,104,Shahbaz Ahmed,,KL Rahul,Batters,5,False,-1.0,8,Bangalore,M Chinnaswamy Stadium,Medium,True,False,99,16,16.5,151,9.151515151515152,20,167,16,3.5,4.571428571428571,2,8,Medium
16.4,16,4,105,Shahbaz Ahmed,,KL Rahul,Batters,1,False,-0.5,8,Bangalore,M Chinnaswamy Stadium,Medium,False,True,100,16,16.666666666666668,152,9.12,20,167,15,3.333333333333332,4.500000000000002,2,8,Medium
16.5,16,5,106,Shahbaz Ahmed,,Shikhar Dhawan,Batters,1,False,-0.5,8,Bangalore,M Chinnaswamy Stadium,Medium,False,True,101,16,16.833333333333332,153,9.08910891089109,20,167,14,3.166666666666668,4.421052631578946,2,8,Medium
16.6,16,6,107,Shahbaz Ahmed,,KL Rahul,Batters,2,False,-1.0,8,Bangalore,M Chinnaswamy Stadium,Medium,True,False,101,16,16.833333333333332,155,9.207920792079207,20,167,12,3.166666666666668,3.7894736842105248,2,8,Medium
16.6,16,6,108,Shahbaz Ahmed,,Shikhar Dhawan,Batters,6,False,-3.0,8,Bangalore,M Chinnaswamy Stadium,Medium,True,False,101,16,16.833333333333332,161,9.564356435643566,20,167,6,3.166666666666668,1.8947368421052624,2,8,Medium
16.6,16,6,109,Shahbaz Ahmed,,Shikhar Dhawan,Batters,0,False,1.0,8,Bangalore,M Chinnaswamy Stadium,Medium,False,True,102,16,17.0,161,9.470588235294118,20,167,6,3.0,2.0,2,8,Medium
17.1,17,1,110,Varun Aaron,Bowlers,KL Rahul,Batters,4,False,-2.0,8,Bangalore,M Chinnaswamy Stadium,Medium,False,True,103,17,17.166666666666668,165,9.611650485436892,20,167,2,2.833333333333332,0.7058823529411767,2,8,Medium
17.2,17,2,111,Varun Aaron,Bowlers,KL Rahul,Batters,6,False,-3.0,8,Bangalore,M Chinnaswamy Stadium,Medium,False,True,104,17,17.333333333333332,171,9.865384615384617,20,167,0,2.666666666666668,0.0,2,8,Medium
