Ball Number,over,ball,Ball,bowler,batsman,Runs,is_wicket,bowler_score,match_id,city,stadium,is_extra,legal_delivery,legal_deliveries_count,overs_completed,overs_bowled,total_runs,current_run_rate,total_overs,target,runs_needed,overs_remaining,required_run_rate,wickets_fallen,wickets_in_hand
0.1,0,1,1,Bhuvneshwar Kumar,Martin Guptill,0,False,1.0,12,Uppal,Rajiv Gandhi International Stadium,False,True,1,0,0.16666666666666666,0,0.0,20,143,143,19.833333333333332,7.2100840336134455,0,10
0.2,0,2,2,Bhuvneshwar Kumar,Martin Guptill,2,False,-1.0,12,Uppal,Rajiv Gandhi International Stadium,False,True,2,0,0.3333333333333333,2,6.0,20,143,141,19.666666666666668,7.169491525423728,0,10
0.3,0,3,3,Bhuvneshwar Kumar,Martin Guptill,0,False,1.0,12,Uppal,Rajiv Gandhi International Stadium,False,True,3,0,0.5,2,4.0,20,143,141,19.5,7.230769230769231,0,10
0.4,0,4,4,Bhuvneshwar Kumar,Martin Guptill,0,True,5.0,12,Uppal,Rajiv Gandhi International Stadium,False,True,4,0,0.6666666666666666,2,3.0,20,143,141,19.333333333333332,7.293103448275862,1,9
0.5,0,5,5,Bhuvneshwar Kumar,Ambati Rayudu,0,False,1.0,12,Uppal,Rajiv Gandhi International Stadium,False,True,5,0,0.8333333333333334,2,2.4,20,143,141,19.166666666666668,7.356521739130434,1,9
0.6,0,6,6,Bhuvneshwar Kumar,Ambati Rayudu,0,False,1.0,12,Uppal,Rajiv Gandhi International Stadium,False,True,6,0,1.0,2,2.0,20,143,141,19.0,7.421052631578948,1,9
1.1,1,1,7,Barinder Sran,Parthiv Patel,1,False,-0.5,12,Uppal,Rajiv Gandhi International Stadium,False,True,7,1,1.1666666666666667,3,2.571428571428571,20,143,140,18.833333333333332,7.433628318584072,1,9
1.2,1,2,8,Barinder Sran,Ambati Rayudu,4,False,-2.0,12,Uppal,Rajiv Gandhi International Stadium,False,True,8,1,1.3333333333333333,7,5.25,20,143,136,18.666666666666668,7.285714285714286,1,9
1.3,1,3,9,Barinder Sran,Ambati Rayudu,0,False,1.0,12,Uppal,Rajiv Gandhi International Stadium,False,True,9,1,1.5,7,4.666666666666667,20,143,136,18.5,7.351351351351352,1,9
1.4,1,4,10,Barinder Sran,Ambati Rayudu,2,False,-1.0,12,Uppal,Rajiv Gandhi International Stadium,False,True,10,1,1.6666666666666665,9,5.4,20,143,134,18.333333333333332,7.3090909090909095,1,9
1.5,1,5,11,Barinder Sran,Ambati Rayudu,1,False,-0.5,12,Uppal,Rajiv Gandhi International Stadium,False,True,11,1,1.8333333333333335,10,5.454545454545454,20,143,133,18.166666666666668,7.321100917431192,1,9
1.6,1,6,12,Barinder Sran,Parthiv Patel,0,False,1.0,12,Uppal,Rajiv Gandhi International Stadium,False,True,12,1,2.0,10,5.0,20,143,133,18.0,7.388888888888889,1,9
2.1,2,1,13,Bhuvneshwar Kumar,Ambati Rayudu,1,False,-0.5,12,Uppal,Rajiv Gandhi International Stadium,False,True,13,2,2.1666666666666665,11,5.0769230769230775,20,143,132,17.833333333333332,7.4018691588785055,1,9
2.2,2,2,14,Bhuvneshwar Kumar,Parthiv Patel,0,False,1.0,12,Uppal,Rajiv Gandhi International Stadium,False,True,14,2,2.3333333333333335,11,4.714285714285714,20,143,132,17.666666666666668,7.471698113207546,1,9
2.3,2,3,15,Bhuvneshwar Kumar,Parthiv Patel,0,False,1.0,12,Uppal,Rajiv Gandhi International Stadium,False,True,15,2,2.5,11,4.4,20,143,132,17.5,7.542857142857143,1,9
2.4,2,4,16,Bhuvneshwar Kumar,Parthiv Patel,0,False,1.0,12,Uppal,Rajiv Gandhi International Stadium,False,True,16,2,2.6666666666666665,11,4.125,20,143,132,17.333333333333332,7.615384615384616,1,9
2.5,2,5,17,Bhuvneshwar Kumar,Parthiv Patel,1,False,-0.5,12,Uppal,Rajiv Gandhi International Stadium,False,True,17,2,2.8333333333333335,12,4.235294117647059,20,143,131,17.166666666666668,7.631067961165048,1,9
2.6,2,6,18,Bhuvneshwar Kumar,Ambati Rayudu,0,False,1.0,12,Uppal,Rajiv Gandhi International Stadium,False,True,18,2,3.0,12,4.0,20,143,131,17.0,7.705882352941177,1,9
3.1,3,1,19,Barinder Sran,Parthiv Patel,0,False,1.0,12,Uppal,Rajiv Gandhi International Stadium,False,True,19,3,3.1666666666666665,12,3.7894736842105265,20,143,131,16.833333333333332,7.782178217821783,1,9
3.2,3,2,20,Barinder Sran,Parthiv Patel,4,False,-2.0,12,Uppal,Rajiv Gandhi International Stadium,False,True,20,3,3.3333333333333335,16,4.8,20,143,127,16.666666666666668,7.619999999999999,1,9
3.3,3,3,21,Barinder Sran,Parthiv Patel,0,False,1.0,12,Uppal,Rajiv Gandhi International Stadium,False,True,21,3,3.5,16,4.571428571428571,20,143,127,16.5,7.696969696969697,1,9
3.4,3,4,22,Barinder Sran,Parthiv Patel,1,False,-1.0,12,Uppal,Rajiv Gandhi International Stadium,True,False,21,3,3.5,17,4.857142857142857,20,143,126,16.5,7.636363636363637,1,9
3.4,3,4,23,Barinder Sran,Parthiv Patel,0,False,1.0,12,Uppal,Rajiv Gandhi International Stadium,False,True,22,3,3.6666666666666665,17,4.636363636363637,20,143,126,16.333333333333332,7.714285714285714,1,9
3.5,3,5,24,Barinder Sran,Parthiv Patel,1,False,-1.0,12,Uppal,Rajiv Gandhi International Stadium,True,False,22,3,3.6666666666666665,18,4.909090909090909,20,143,125,16.333333333333332,7.653061224489797,1,9
3.5,3,5,25,Barinder Sran,Parthiv Patel,4,False,-2.0,12,Uppal,Rajiv Gandhi International Stadium,False,True,23,3,3.8333333333333335,22,5.739130434782608,20,143,121,16.166666666666668,7.484536082474226,1,9
3.6,3,6,26,Barinder Sran,Parthiv Patel,1,False,-1.0,12,Uppal,Rajiv Gandhi International Stadium,True,False,23,3,3.8333333333333335,23,6.0,20,143,120,16.166666666666668,7.422680412371133,1,9
3.6,3,6,27,Barinder Sran,Parthiv Patel,0,True,5.0,12,Uppal,Rajiv Gandhi International Stadium,False,True,24,3,4.0,23,5.75,20,143,120,16.0,7.5,2,8
4.1,4,1,28,Moises Henriques,Ambati Rayudu,0,False,1.0,12,Uppal,Rajiv Gandhi International Stadium,False,True,25,4,4.166666666666667,23,5.52,20,143,120,15.833333333333332,7.578947368421053,2,8
4.2,4,2,29,Moises Henriques,Ambati Rayudu,0,False,1.0,12,Uppal,Rajiv Gandhi International Stadium,False,True,26,4,4.333333333333333,23,5.307692307692308,20,143,120,15.666666666666668,7.659574468085106,2,8
4.3,4,3,30,Moises Henriques,Ambati Rayudu,0,False,1.0,12,Uppal,Rajiv Gandhi International Stadium,False,True,27,4,4.5,23,5.111111111111111,20,143,120,15.5,7.741935483870968,2,8
4.4,4,4,31,Moises Henriques,Ambati Rayudu,1,False,-0.5,12,Uppal,Rajiv Gandhi International Stadium,False,True,28,4,4.666666666666667,24,5.142857142857142,20,143,119,15.333333333333332,7.760869565217392,2,8
4.5,4,5,32,Moises Henriques,Rohit Sharma,1,False,-0.5,12,Uppal,Rajiv Gandhi International Stadium,False,True,29,4,4.833333333333333,25,5.172413793103448,20,143,118,15.166666666666668,7.780219780219779,2,8
4.6,4,6,33,Moises Henriques,Ambati Rayudu,6,False,-3.0,12,Uppal,Rajiv Gandhi International Stadium,False,True,30,4,5.0,31,6.2,20,143,112,15.0,7.466666666666667,2,8
5.1,5,1,34,Mustafizur Rahman,Rohit Sharma,1,False,-0.5,12,Uppal,Rajiv Gandhi International Stadium,False,True,31,5,5.166666666666667,32,6.193548387096774,20,143,111,14.833333333333332,7.483146067415731,2,8
5.2,5,2,35,Mustafizur Rahman,Ambati Rayudu,4,False,-2.0,12,Uppal,Rajiv Gandhi International Stadium,False,True,32,5,5.333333333333333,36,6.75,20,143,107,14.666666666666668,7.295454545454545,2,8
5.3,5,3,36,Mustafizur Rahman,Ambati Rayudu,2,False,-1.0,12,Uppal,Rajiv Gandhi International Stadium,False,True,33,5,5.5,38,6.909090909090909,20,143,105,14.5,7.241379310344827,2,8
5.4,5,4,37,Mustafizur Rahman,Ambati Rayudu,1,False,-0.5,12,Uppal,Rajiv Gandhi International Stadium,False,True,34,5,5.666666666666667,39,6.88235294117647,20,143,104,14.333333333333332,7.2558139534883725,2,8
5.5,5,5,38,Mustafizur Rahman,Rohit Sharma,1,False,-0.5,12,Uppal,Rajiv Gandhi International Stadium,False,True,35,5,5.833333333333333,40,6.857142857142858,20,143,103,14.166666666666668,7.270588235294117,2,8
5.6,5,6,39,Mustafizur Rahman,Ambati Rayudu,0,False,1.0,12,Uppal,Rajiv Gandhi International Stadium,False,True,36,5,6.0,40,6.666666666666667,20,143,103,14.0,7.357142857142857,2,8
6.1,6,1,40,Moises Henriques,Rohit Sharma,0,False,1.0,12,Uppal,Rajiv Gandhi International Stadium,False,True,37,6,6.166666666666667,40,6.486486486486486,20,143,103,13.833333333333332,7.445783132530121,2,8
6.2,6,2,41,Moises Henriques,Rohit Sharma,0,False,1.0,12,Uppal,Rajiv Gandhi International Stadium,False,True,38,6,6.333333333333333,40,6.315789473684211,20,143,103,13.666666666666668,7.536585365853658,2,8
6.3,6,3,42,Moises Henriques,Rohit Sharma,1,False,-0.5,12,Uppal,Rajiv Gandhi International Stadium,False,True,39,6,6.5,41,6.3076923076923075,20,143,102,13.5,7.555555555555555,2,8
6.4,6,4,43,Moises Henriques,Ambati Rayudu,1,False,-0.5,12,Uppal,Rajiv Gandhi International Stadium,False,True,40,6,6.666666666666667,42,6.3,20,143,101,13.333333333333332,7.575000000000001,2,8
6.5,6,5,44,Moises Henriques,Rohit Sharma,1,False,-0.5,12,Uppal,Rajiv Gandhi International Stadium,False,True,41,6,6.833333333333333,43,6.2926829268292686,20,143,100,13.166666666666668,7.594936708860759,2,8
6.6,6,6,45,Moises Henriques,Ambati Rayudu,0,False,1.0,12,Uppal,Rajiv Gandhi International Stadium,False,True,42,6,7.0,43,6.142857142857143,20,143,100,13.0,7.6923076923076925,2,8
7.1,7,1,46,Bipul Sharma,Rohit Sharma,0,True,5.0,12,Uppal,Rajiv Gandhi International Stadium,False,True,43,7,7.166666666666667,43,6.0,20,143,100,12.833333333333332,7.792207792207793,3,7
7.2,7,2,47,Bipul Sharma,Jos Buttler,0,False,1.0,12,Uppal,Rajiv Gandhi International Stadium,False,True,44,7,7.333333333333333,43,5.863636363636364,20,143,100,12.666666666666668,7.894736842105263,3,7
7.3,7,3,48,Bipul Sharma,Jos Buttler,2,False,-1.0,12,Uppal,Rajiv Gandhi International Stadium,False,True,45,7,7.5,45,6.0,20,143,98,12.5,7.84,3,7
7.4,7,4,49,Bipul Sharma,Jos Buttler,1,False,-0.5,12,Uppal,Rajiv Gandhi International Stadium,False,True,46,7,7.666666666666667,46,6.0,20,143,97,12.333333333333332,7.864864864864866,3,7
7.5,7,5,50,Bipul Sharma,Ambati Rayudu,0,False,1.0,12,Uppal,Rajiv Gandhi International Stadium,False,True,47,7,7.833333333333333,46,5.872340425531915,20,143,97,12.166666666666668,7.972602739726026,3,7
7.6,7,6,51,Bipul Sharma,Ambati Rayudu,1,False,-0.5,12,Uppal,Rajiv Gandhi International Stadium,False,True,48,7,8.0,47,5.875,20,143,96,12.0,8.0,3,7
8.1,8,1,52,Moises Henriques,Ambati Rayudu,1,False,-0.5,12,Uppal,Rajiv Gandhi International Stadium,False,True,49,8,8.166666666666666,48,5.877551020408164,20,143,95,11.833333333333334,8.028169014084506,3,7
8.2,8,2,53,Moises Henriques,Jos Buttler,4,False,-2.0,12,Uppal,Rajiv Gandhi International Stadium,False,True,50,8,8.333333333333334,52,6.239999999999999,20,143,91,11.666666666666666,7.800000000000001,3,7
8.3,8,3,54,Moises Henriques,Jos Buttler,1,False,-0.5,12,Uppal,Rajiv Gandhi International Stadium,False,True,51,8,8.5,53,6.235294117647059,20,143,90,11.5,7.826086956521739,3,7
8.4,8,4,55,Moises Henriques,Ambati Rayudu,0,False,1.0,12,Uppal,Rajiv Gandhi International Stadium,False,True,52,8,8.666666666666666,53,6.115384615384616,20,143,90,11.333333333333334,7.941176470588235,3,7
8.5,8,5,56,Moises Henriques,Ambati Rayudu,1,False,-0.5,12,Uppal,Rajiv Gandhi International Stadium,False,True,53,8,8.833333333333334,54,6.113207547169811,20,143,89,11.166666666666666,7.970149253731344,3,7
8.6,8,6,57,Moises Henriques,Jos Buttler,0,False,1.0,12,Uppal,Rajiv Gandhi International Stadium,False,True,54,8,9.0,54,6.0,20,143,89,11.0,8.090909090909092,3,7
9.1,9,1,58,Bipul Sharma,Ambati Rayudu,0,False,1.0,12,Uppal,Rajiv Gandhi International Stadium,False,True,55,9,9.166666666666666,54,5.8909090909090915,20,143,89,10.833333333333334,8.215384615384615,3,7
9.2,9,2,59,Bipul Sharma,Ambati Rayudu,1,False,-0.5,12,Uppal,Rajiv Gandhi International Stadium,False,True,56,9,9.333333333333334,55,5.892857142857142,20,143,88,10.666666666666666,8.25,3,7
9.3,9,3,60,Bipul Sharma,Jos Buttler,1,False,-0.5,12,Uppal,Rajiv Gandhi International Stadium,False,True,57,9,9.5,56,5.894736842105263,20,143,87,10.5,8.285714285714286,3,7
9.4,9,4,61,Bipul Sharma,Ambati Rayudu,1,False,-0.5,12,Uppal,Rajiv Gandhi International Stadium,False,True,58,9,9.666666666666666,57,5.8965517241379315,20,143,86,10.333333333333334,8.32258064516129,3,7
9.5,9,5,62,Bipul Sharma,Jos Buttler,1,False,-0.5,12,Uppal,Rajiv Gandhi International Stadium,False,True,59,9,9.833333333333334,58,5.898305084745762,20,143,85,10.166666666666666,8.360655737704919,3,7
9.6,9,6,63,Bipul Sharma,Ambati Rayudu,0,False,1.0,12,Uppal,Rajiv Gandhi International Stadium,False,True,60,9,10.0,58,5.8,20,143,85,10.0,8.5,3,7
10.1,10,1,64,Barinder Sran,Jos Buttler,0,False,1.0,12,Uppal,Rajiv Gandhi International Stadium,False,True,61,10,10.166666666666666,58,5.704918032786885,20,143,85,9.833333333333334,8.64406779661017,3,7
10.2,10,2,65,Barinder Sran,Jos Buttler,1,False,-0.5,12,Uppal,Rajiv Gandhi International Stadium,False,True,62,10,10.333333333333334,59,5.709677419354838,20,143,84,9.666666666666666,8.689655172413794,3,7
10.3,10,3,66,Barinder Sran,Ambati Rayudu,1,False,-0.25,12,Uppal,Rajiv Gandhi International Stadium,False,True,63,10,10.5,60,5.714285714285714,20,143,83,9.5,8.736842105263158,3,7
10.4,10,4,67,Barinder Sran,Jos Buttler,0,True,5.0,12,Uppal,Rajiv Gandhi International Stadium,False,True,64,10,10.666666666666666,60,5.625,20,143,83,9.333333333333334,8.892857142857142,4,6
10.5,10,5,68,Barinder Sran,Krunal Pandya,0,False,1.0,12,Uppal,Rajiv Gandhi International Stadium,False,True,65,10,10.833333333333334,60,5.538461538461538,20,143,83,9.166666666666666,9.054545454545455,4,6
10.6,10,6,69,Barinder Sran,Krunal Pandya,1,False,-0.5,12,Uppal,Rajiv Gandhi International Stadium,False,True,66,10,11.0,61,5.545454545454546,20,143,82,9.0,9.11111111111111,4,6
11.1,11,1,70,Bipul Sharma,Krunal Pandya,1,False,-0.5,12,Uppal,Rajiv Gandhi International Stadium,False,True,67,11,11.166666666666666,62,5.552238805970149,20,143,81,8.833333333333334,9.169811320754716,4,6
11.2,11,2,71,Bipul Sharma,Ambati Rayudu,0,False,1.0,12,Uppal,Rajiv Gandhi International Stadium,False,True,68,11,11.333333333333334,62,5.470588235294118,20,143,81,8.666666666666666,9.346153846153847,4,6
11.3,11,3,72,Bipul Sharma,Ambati Rayudu,2,False,-1.0,12,Uppal,Rajiv Gandhi International Stadium,False,True,69,11,11.5,64,5.565217391304348,20,143,79,8.5,9.294117647058824,4,6
11.4,11,4,73,Bipul Sharma,Ambati Rayudu,1,False,-0.5,12,Uppal,Rajiv Gandhi International Stadium,False,True,70,11,11.666666666666666,65,5.571428571428572,20,143,78,8.333333333333334,9.36,4,6
11.5,11,5,74,Bipul Sharma,Krunal Pandya,1,False,-0.5,12,Uppal,Rajiv Gandhi International Stadium,False,True,71,11,11.833333333333334,66,5.577464788732394,20,143,77,8.166666666666666,9.428571428571429,4,6
11.6,11,6,75,Bipul Sharma,Ambati Rayudu,1,False,-0.5,12,Uppal,Rajiv Gandhi International Stadium,False,True,72,11,12.0,67,5.583333333333333,20,143,76,8.0,9.5,4,6
12.1,12,1,76,Moises Henriques,Ambati Rayudu,0,False,1.0,12,Uppal,Rajiv Gandhi International Stadium,False,True,73,12,12.166666666666666,67,5.506849315068494,20,143,76,7.833333333333334,9.702127659574467,4,6
12.2,12,2,77,Moises Henriques,Ambati Rayudu,1,False,-0.5,12,Uppal,Rajiv Gandhi International Stadium,False,True,74,12,12.333333333333334,68,5.513513513513513,20,143,75,7.666666666666666,9.782608695652174,4,6
12.3,12,3,78,Moises Henriques,Krunal Pandya,0,False,1.0,12,Uppal,Rajiv Gandhi International Stadium,False,True,75,12,12.5,68,5.44,20,143,75,7.5,10.0,4,6
12.4,12,4,79,Moises Henriques,Krunal Pandya,1,False,-0.5,12,Uppal,Rajiv Gandhi International Stadium,False,True,76,12,12.666666666666666,69,5.447368421052632,20,143,74,7.333333333333334,10.09090909090909,4,6
12.5,12,5,80,Moises Henriques,Ambati Rayudu,1,False,-0.5,12,Uppal,Rajiv Gandhi International Stadium,False,True,77,12,12.833333333333334,70,5.454545454545454,20,143,73,7.166666666666666,10.186046511627907,4,6
12.5,12,5,81,Moises Henriques,Ambati Rayudu,1,False,-1.0,12,Uppal,Rajiv Gandhi International Stadium,True,False,77,12,12.833333333333334,71,5.532467532467532,20,143,72,7.166666666666666,10.046511627906977,4,6
12.6,12,6,82,Moises Henriques,Krunal Pandya,1,False,-0.5,12,Uppal,Rajiv Gandhi International Stadium,False,True,78,12,13.0,72,5.538461538461538,20,143,71,7.0,10.142857142857142,4,6
13.1,13,1,83,Bipul Sharma,Krunal Pandya,1,False,-0.5,12,Uppal,Rajiv Gandhi International Stadium,False,True,79,13,13.166666666666666,73,5.544303797468355,20,143,70,6.833333333333334,10.243902439024389,4,6
13.2,13,2,84,Bipul Sharma,Ambati Rayudu,6,False,-3.0,12,Uppal,Rajiv Gandhi International Stadium,False,True,80,13,13.333333333333334,79,5.925,20,143,64,6.666666666666666,9.600000000000001,4,6
13.3,13,3,85,Bipul Sharma,Ambati Rayudu,1,False,-0.5,12,Uppal,Rajiv Gandhi International Stadium,False,True,81,13,13.5,80,5.925925925925926,20,143,63,6.5,9.692307692307692,4,6
13.4,13,4,86,Bipul Sharma,Krunal Pandya,6,False,-3.0,12,Uppal,Rajiv Gandhi International Stadium,False,True,82,13,13.666666666666666,86,6.2926829268292686,20,143,57,6.333333333333334,9.0,4,6
13.5,13,5,87,Bipul Sharma,Krunal Pandya,6,False,-3.0,12,Uppal,Rajiv Gandhi International Stadium,False,True,83,13,13.833333333333334,92,6.650602409638554,20,143,51,6.166666666666666,8.270270270270272,4,6
13.6,13,6,88,Bipul Sharma,Krunal Pandya,6,False,-3.0,12,Uppal,Rajiv Gandhi International Stadium,False,True,84,13,14.0,98,7.0,20,143,45,6.0,7.5,4,6
14.1,14,1,89,Mustafizur Rahman,Ambati Rayudu,2,False,-1.0,12,Uppal,Rajiv Gandhi International Stadium,False,True,85,14,14.166666666666666,100,7.058823529411765,20,143,43,5.833333333333334,7.371428571428571,4,6
14.2,14,2,90,Mustafizur Rahman,Ambati Rayudu,4,False,-2.0,12,Uppal,Rajiv Gandhi International Stadium,False,True,86,14,14.333333333333334,104,7.255813953488372,20,143,39,5.666666666666666,6.882352941176471,4,6
14.3,14,3,91,Mustafizur Rahman,Ambati Rayudu,1,False,-0.5,12,Uppal,Rajiv Gandhi International Stadium,False,True,87,14,14.5,105,7.241379310344827,20,143,38,5.5,6.909090909090909,4,6
14.4,14,4,92,Mustafizur Rahman,Krunal Pandya,1,False,-0.5,12,Uppal,Rajiv Gandhi International Stadium,False,True,88,14,14.666666666666666,106,7.2272727272727275,20,143,37,5.333333333333334,6.937499999999999,4,6
14.5,14,5,93,Mustafizur Rahman,Ambati Rayudu,1,False,-0.5,12,Uppal,Rajiv Gandhi International Stadium,False,True,89,14,14.833333333333334,107,7.213483146067415,20,143,36,5.166666666666666,6.967741935483872,4,6
14.6,14,6,94,Mustafizur Rahman,Krunal Pandya,4,False,-2.0,12,Uppal,Rajiv Gandhi International Stadium,False,True,90,14,15.0,111,7.4,20,143,32,5.0,6.4,4,6
15.1,15,1,95,Bhuvneshwar Kumar,Ambati Rayudu,1,False,-0.5,12,Uppal,Rajiv Gandhi International Stadium,False,True,91,15,15.166666666666666,112,7.384615384615385,20,143,31,4.833333333333334,6.413793103448275,4,6
15.2,15,2,96,Bhuvneshwar Kumar,Krunal Pandya,0,False,1.0,12,Uppal,Rajiv Gandhi International Stadium,False,True,92,15,15.333333333333334,112,7.304347826086956,20,143,31,4.666666666666666,6.642857142857144,4,6
15.3,15,3,97,Bhuvneshwar Kumar,Krunal Pandya,4,False,-2.0,12,Uppal,Rajiv Gandhi International Stadium,False,True,93,15,15.5,116,7.483870967741935,20,143,27,4.5,6.0,4,6
15.4,15,4,98,Bhuvneshwar Kumar,Krunal Pandya,2,False,-1.0,12,Uppal,Rajiv Gandhi International Stadium,False,True,94,15,15.666666666666666,118,7.531914893617022,20,143,25,4.333333333333334,5.769230769230768,4,6
15.5,15,5,99,Bhuvneshwar Kumar,Krunal Pandya,0,False,1.0,12,Uppal,Rajiv Gandhi International Stadium,False,True,95,15,15.833333333333334,118,7.4526315789473685,20,143,25,4.166666666666666,6.000000000000001,4,6
15.6,15,6,100,Bhuvneshwar Kumar,Krunal Pandya,0,False,1.0,12,Uppal,Rajiv Gandhi International Stadium,False,True,96,15,16.0,118,7.375,20,143,25,4.0,6.25,4,6
16.1,16,1,101,Mustafizur Rahman,Ambati Rayudu,1,False,-0.5,12,Uppal,Rajiv Gandhi International Stadium,False,True,97,16,16.166666666666668,119,7.360824742268041,20,143,24,3.833333333333332,6.260869565217393,4,6
16.2,16,2,102,Mustafizur Rahman,Krunal Pandya,1,False,-0.25,12,Uppal,Rajiv Gandhi International Stadium,False,True,98,16,16.333333333333332,120,7.346938775510204,20,143,23,3.666666666666668,6.272727272727271,4,6
16.3,16,3,103,Mustafizur Rahman,Ambati Rayudu,0,False,1.0,12,Uppal,Rajiv Gandhi International Stadium,False,True,99,16,16.5,120,7.2727272727272725,20,143,23,3.5,6.571428571428571,4,6
16.4,16,4,104,Mustafizur Rahman,Ambati Rayudu,2,False,-1.0,12,Uppal,Rajiv Gandhi International Stadium,False,True,100,16,16.666666666666668,122,7.319999999999999,20,143,21,3.333333333333332,6.3000000000000025,4,6
16.5,16,5,105,Mustafizur Rahman,Ambati Rayudu,0,False,1.0,12,Uppal,Rajiv Gandhi International Stadium,False,True,101,16,16.833333333333332,122,7.247524752475248,20,143,21,3.166666666666668,6.631578947368419,4,6
16.6,16,6,106,Mustafizur Rahman,Ambati Rayudu,1,False,-0.5,12,Uppal,Rajiv Gandhi International Stadium,False,True,102,16,17.0,123,7.235294117647059,20,143,20,3.0,6.666666666666667,4,6
17.1,17,1,107,Barinder Sran,Ambati Rayudu,0,True,5.0,12,Uppal,Rajiv Gandhi International Stadium,False,True,103,17,17.166666666666668,123,7.16504854368932,20,143,20,2.833333333333332,7.058823529411768,5,5
17.2,17,2,108,Barinder Sran,Hardik Pandya,1,False,-0.5,12,Uppal,Rajiv Gandhi International Stadium,False,True,104,17,17.333333333333332,124,7.153846153846154,20,143,19,2.666666666666668,7.1249999999999964,5,5
17.3,17,3,109,Barinder Sran,Krunal Pandya,4,False,-2.0,12,Uppal,Rajiv Gandhi International Stadium,False,True,105,17,17.5,128,7.314285714285714,20,143,15,2.5,6.0,5,5
17.4,17,4,110,Barinder Sran,Krunal Pandya,1,False,-1.0,12,Uppal,Rajiv Gandhi International Stadium,True,False,105,17,17.5,129,7.371428571428571,20,143,14,2.5,5.6,5,5
17.4,17,4,111,Barinder Sran,Krunal Pandya,1,False,-0.5,12,Uppal,Rajiv Gandhi International Stadium,False,True,106,17,17.666666666666668,130,7.3584905660377355,20,143,13,2.333333333333332,5.571428571428574,5,5
17.5,17,5,112,Barinder Sran,Hardik Pandya,0,False,1.0,12,Uppal,Rajiv Gandhi International Stadium,False,True,107,17,17.833333333333332,130,7.289719626168225,20,143,13,2.166666666666668,5.9999999999999964,5,5
17.6,17,6,113,Barinder Sran,Hardik Pandya,0,False,1.0,12,Uppal,Rajiv Gandhi International Stadium,False,True,108,17,18.0,130,7.222222222222222,20,143,13,2.0,6.5,5,5
18.1,18,1,114,Mustafizur Rahman,Krunal Pandya,2,False,-1.0,12,Uppal,Rajiv Gandhi International Stadium,False,True,109,18,18.166666666666668,132,7.26605504587156,20,143,11,1.8333333333333321,6.0000000000000036,5,5
18.2,18,2,115,Mustafizur Rahman,Krunal Pandya,1,False,-0.5,12,Uppal,Rajiv Gandhi International Stadium,False,True,110,18,18.333333333333332,133,7.254545454545455,20,143,10,1.6666666666666679,5.999999999999996,5,5
18.3,18,3,116,Mustafizur Rahman,Hardik Pandya,1,False,-0.5,12,Uppal,Rajiv Gandhi International Stadium,False,True,111,18,18.5,134,7.243243243243243,20,143,9,1.5,6.0,5,5
18.4,18,4,117,Mustafizur Rahman,Krunal Pandya,1,False,-0.5,12,Uppal,Rajiv Gandhi International Stadium,False,True,112,18,18.666666666666668,135,7.232142857142857,20,143,8,1.3333333333333321,6.000000000000005,5,5
18.5,18,5,118,Mustafizur Rahman,Hardik Pandya,0,True,5.0,12,Uppal,Rajiv Gandhi International Stadium,False,True,113,18,18.833333333333332,135,7.168141592920354,20,143,8,1.1666666666666679,6.8571428571428505,6,4
18.6,18,6,119,Mustafizur Rahman,Harbhajan Singh,1,False,-1.0,12,Uppal,Rajiv Gandhi International Stadium,True,False,113,18,18.833333333333332,136,7.221238938053098,20,143,7,1.1666666666666679,5.999999999999994,6,4
18.6,18,6,120,Mustafizur Rahman,Harbhajan Singh,0,False,1.0,12,Uppal,Rajiv Gandhi International Stadium,False,True,114,18,19.0,136,7.157894736842105,20,143,7,1.0,7.0,6,4
19.1,19,1,121,Bhuvneshwar Kumar,Krunal Pandya,2,False,-1.0,12,Uppal,Rajiv Gandhi International Stadium,False,True,115,19,19.166666666666668,138,7.199999999999999,20,143,5,0.8333333333333321,6.000000000000009,6,4
19.2,19,2,122,Bhuvneshwar Kumar,Krunal Pandya,1,False,-0.5,12,Uppal,Rajiv Gandhi International Stadium,False,True,116,19,19.333333333333332,139,7.189655172413794,20,143,4,0.6666666666666679,5.999999999999989,6,4
19.3,19,3,123,Bhuvneshwar Kumar,Harbhajan Singh,0,False,1.0,12,Uppal,Rajiv Gandhi International Stadium,False,True,117,19,19.5,139,7.128205128205129,20,143,4,0.5,8.0,6,4
19.4,19,4,124,Bhuvneshwar Kumar,Harbhajan Singh,1,False,-0.5,12,Uppal,Rajiv Gandhi International Stadium,False,True,118,19,19.666666666666668,140,7.11864406779661,20,143,3,0.33333333333333215,9.000000000000032,6,4
19.5,19,5,125,Bhuvneshwar Kumar,Krunal Pandya,2,False,-1.0,12,Uppal,Rajiv Gandhi International Stadium,False,True,119,19,19.833333333333332,142,7.159663865546219,20,143,1,0.16666666666666785,5.999999999999957,6,4
19.6,19,6,126,Bhuvneshwar Kumar,Krunal Pandya,0,False,1.0,12,Uppal,Rajiv Gandhi International Stadium,False,True,120,19,20.0,142,7.1,20,143,1,0.0,inf,6,4
