Ball Number,over,ball,Ball,bowler,batsman,Runs,is_wicket,bowler_score,match_id,city,stadium,is_extra,legal_delivery,legal_deliveries_count,overs_completed,overs_bowled,total_runs,current_run_rate,total_overs,target,runs_needed,overs_remaining,required_run_rate,wickets_fallen,wickets_in_hand
0.1,0,1,1,Stuart Binny,Ajinkya Rahane,0,False,1.0,16,Pune,Maharashtra Cricket Association Stadium,False,True,1,0,0.16666666666666666,0,0.0,20,186,186,19.833333333333332,9.378151260504202,0,10
0.2,0,2,2,Stuart Binny,Ajinkya Rahane,4,False,-2.0,16,Pune,Maharashtra Cricket Association Stadium,False,True,2,0,0.3333333333333333,4,12.0,20,186,182,19.666666666666668,9.254237288135593,0,10
0.3,0,3,3,Stuart Binny,Ajinkya Rahane,0,False,1.0,16,Pune,Maharashtra Cricket Association Stadium,False,True,3,0,0.5,4,8.0,20,186,182,19.5,9.333333333333334,0,10
0.4,0,4,4,Stuart Binny,Ajinkya Rahane,4,False,-2.0,16,Pune,Maharashtra Cricket Association Stadium,False,True,4,0,0.6666666666666666,8,12.0,20,186,178,19.333333333333332,9.206896551724139,0,10
0.5,0,5,5,Stuart Binny,Ajinkya Rahane,1,False,-0.5,16,Pune,Maharashtra Cricket Association Stadium,False,True,5,0,0.8333333333333334,9,10.799999999999999,20,186,177,19.166666666666668,9.234782608695651,0,10
0.6,0,6,6,Stuart Binny,du Plessis,2,False,-1.0,16,Pune,Maharashtra Cricket Association Stadium,False,True,6,0,1.0,11,11.0,20,186,175,19.0,9.210526315789474,0,10
1.1,1,1,7,Kane Richardson,Ajinkya Rahane,0,False,1.0,16,Pune,Maharashtra Cricket Association Stadium,False,True,7,1,1.1666666666666667,11,9.428571428571429,20,186,175,18.833333333333332,9.29203539823009,0,10
1.2,1,2,8,Kane Richardson,Ajinkya Rahane,1,False,-0.5,16,Pune,Maharashtra Cricket Association Stadium,False,True,8,1,1.3333333333333333,12,9.0,20,186,174,18.666666666666668,9.321428571428571,0,10
1.3,1,3,9,Kane Richardson,du Plessis,0,False,1.0,16,Pune,Maharashtra Cricket Association Stadium,False,True,9,1,1.5,12,8.0,20,186,174,18.5,9.405405405405405,0,10
1.4,1,4,10,Kane Richardson,du Plessis,0,True,5.0,16,Pune,Maharashtra Cricket Association Stadium,False,True,10,1,1.6666666666666665,12,7.200000000000001,20,186,174,18.333333333333332,9.490909090909092,1,9
1.5,1,5,11,Kane Richardson,Kevin Pietersen,0,False,1.0,16,Pune,Maharashtra Cricket Association Stadium,False,True,11,1,1.8333333333333335,12,6.545454545454545,20,186,174,18.166666666666668,9.577981651376145,1,9
1.6,1,6,12,Kane Richardson,Steven Smith,0,False,1.0,16,Pune,Maharashtra Cricket Association Stadium,False,True,12,1,2.0,12,6.0,20,186,174,18.0,9.666666666666666,1,9
2.1,2,1,13,Harshal Patel,Ajinkya Rahane,1,False,-0.5,16,Pune,Maharashtra Cricket Association Stadium,False,True,13,2,2.1666666666666665,13,6.0,20,186,173,17.833333333333332,9.700934579439252,1,9
2.2,2,2,14,Harshal Patel,Steven Smith,4,False,-2.0,16,Pune,Maharashtra Cricket Association Stadium,False,True,14,2,2.3333333333333335,17,7.285714285714286,20,186,169,17.666666666666668,9.566037735849056,1,9
2.3,2,3,15,Harshal Patel,Steven Smith,1,False,-1.0,16,Pune,Maharashtra Cricket Association Stadium,True,False,14,2,2.3333333333333335,18,7.7142857142857135,20,186,168,17.666666666666668,9.50943396226415,1,9
2.3,2,3,16,Harshal Patel,Steven Smith,0,True,5.0,16,Pune,Maharashtra Cricket Association Stadium,False,True,15,2,2.5,18,7.2,20,186,168,17.5,9.6,2,8
2.4,2,4,17,Harshal Patel,MS Dhoni,0,False,1.0,16,Pune,Maharashtra Cricket Association Stadium,False,True,16,2,2.6666666666666665,18,6.75,20,186,168,17.333333333333332,9.692307692307693,2,8
2.5,2,5,18,Harshal Patel,MS Dhoni,0,False,1.0,16,Pune,Maharashtra Cricket Association Stadium,False,True,17,2,2.8333333333333335,18,6.352941176470588,20,186,168,17.166666666666668,9.78640776699029,2,8
2.6,2,6,19,Harshal Patel,MS Dhoni,0,False,1.0,16,Pune,Maharashtra Cricket Association Stadium,False,True,18,2,3.0,18,6.0,20,186,168,17.0,9.882352941176471,2,8
3.1,3,1,20,Kane Richardson,Ajinkya Rahane,0,False,1.0,16,Pune,Maharashtra Cricket Association Stadium,False,True,19,3,3.1666666666666665,18,5.684210526315789,20,186,168,16.833333333333332,9.98019801980198,2,8
3.2,3,2,21,Kane Richardson,Ajinkya Rahane,4,False,-2.0,16,Pune,Maharashtra Cricket Association Stadium,False,True,20,3,3.3333333333333335,22,6.6,20,186,164,16.666666666666668,9.84,2,8
3.3,3,3,22,Kane Richardson,Ajinkya Rahane,0,False,1.0,16,Pune,Maharashtra Cricket Association Stadium,False,True,21,3,3.5,22,6.285714285714286,20,186,164,16.5,9.93939393939394,2,8
3.4,3,4,23,Kane Richardson,Ajinkya Rahane,1,False,-0.5,16,Pune,Maharashtra Cricket Association Stadium,False,True,22,3,3.6666666666666665,23,6.272727272727273,20,186,163,16.333333333333332,9.979591836734695,2,8
3.5,3,5,24,Kane Richardson,MS Dhoni,0,False,1.0,16,Pune,Maharashtra Cricket Association Stadium,False,True,23,3,3.8333333333333335,23,6.0,20,186,163,16.166666666666668,10.082474226804123,2,8
3.6,3,6,25,Kane Richardson,MS Dhoni,0,False,1.0,16,Pune,Maharashtra Cricket Association Stadium,False,True,24,3,4.0,23,5.75,20,186,163,16.0,10.1875,2,8
4.1,4,1,26,Harshal Patel,Ajinkya Rahane,1,False,-0.5,16,Pune,Maharashtra Cricket Association Stadium,False,True,25,4,4.166666666666667,24,5.76,20,186,162,15.833333333333332,10.231578947368423,2,8
4.2,4,2,27,Harshal Patel,MS Dhoni,4,False,-2.0,16,Pune,Maharashtra Cricket Association Stadium,False,True,26,4,4.333333333333333,28,6.461538461538462,20,186,158,15.666666666666668,10.085106382978722,2,8
4.3,4,3,28,Harshal Patel,MS Dhoni,1,False,-1.0,16,Pune,Maharashtra Cricket Association Stadium,True,False,26,4,4.333333333333333,29,6.6923076923076925,20,186,157,15.666666666666668,10.02127659574468,2,8
4.3,4,3,29,Harshal Patel,MS Dhoni,1,False,-0.5,16,Pune,Maharashtra Cricket Association Stadium,False,True,27,4,4.5,30,6.666666666666667,20,186,156,15.5,10.064516129032258,2,8
4.4,4,4,30,Harshal Patel,Ajinkya Rahane,1,False,-0.5,16,Pune,Maharashtra Cricket Association Stadium,False,True,28,4,4.666666666666667,31,6.642857142857142,20,186,155,15.333333333333332,10.108695652173914,2,8
4.5,4,5,31,Harshal Patel,MS Dhoni,1,False,-0.5,16,Pune,Maharashtra Cricket Association Stadium,False,True,29,4,4.833333333333333,32,6.620689655172415,20,186,154,15.166666666666668,10.153846153846153,2,8
4.6,4,6,32,Harshal Patel,Ajinkya Rahane,0,False,1.0,16,Pune,Maharashtra Cricket Association Stadium,False,True,30,4,5.0,32,6.4,20,186,154,15.0,10.266666666666667,2,8
5.1,5,1,33,Shane Watson,MS Dhoni,0,False,1.0,16,Pune,Maharashtra Cricket Association Stadium,False,True,31,5,5.166666666666667,32,6.193548387096774,20,186,154,14.833333333333332,10.382022471910114,2,8
5.2,5,2,34,Shane Watson,MS Dhoni,1,False,-0.5,16,Pune,Maharashtra Cricket Association Stadium,False,True,32,5,5.333333333333333,33,6.1875,20,186,153,14.666666666666668,10.431818181818182,2,8
5.3,5,3,35,Shane Watson,Ajinkya Rahane,1,False,-0.5,16,Pune,Maharashtra Cricket Association Stadium,False,True,33,5,5.5,34,6.181818181818182,20,186,152,14.5,10.482758620689655,2,8
5.4,5,4,36,Shane Watson,MS Dhoni,0,False,1.0,16,Pune,Maharashtra Cricket Association Stadium,False,True,34,5,5.666666666666667,34,6.0,20,186,152,14.333333333333332,10.604651162790699,2,8
5.5,5,5,37,Shane Watson,MS Dhoni,1,False,-0.5,16,Pune,Maharashtra Cricket Association Stadium,False,True,35,5,5.833333333333333,35,6.0,20,186,151,14.166666666666668,10.658823529411764,2,8
5.6,5,6,38,Shane Watson,Ajinkya Rahane,1,False,-0.5,16,Pune,Maharashtra Cricket Association Stadium,False,True,36,5,6.0,36,6.0,20,186,150,14.0,10.714285714285714,2,8
6.1,6,1,39,Tabraiz Shamsi,Ajinkya Rahane,1,False,-0.5,16,Pune,Maharashtra Cricket Association Stadium,False,True,37,6,6.166666666666667,37,6.0,20,186,149,13.833333333333332,10.771084337349398,2,8
6.2,6,2,40,Tabraiz Shamsi,MS Dhoni,1,False,-0.5,16,Pune,Maharashtra Cricket Association Stadium,False,True,38,6,6.333333333333333,38,6.0,20,186,148,13.666666666666668,10.829268292682926,2,8
6.3,6,3,41,Tabraiz Shamsi,Ajinkya Rahane,1,False,-0.5,16,Pune,Maharashtra Cricket Association Stadium,False,True,39,6,6.5,39,6.0,20,186,147,13.5,10.88888888888889,2,8
6.4,6,4,42,Tabraiz Shamsi,MS Dhoni,0,False,1.0,16,Pune,Maharashtra Cricket Association Stadium,False,True,40,6,6.666666666666667,39,5.85,20,186,147,13.333333333333332,11.025,2,8
6.5,6,5,43,Tabraiz Shamsi,MS Dhoni,1,False,-0.5,16,Pune,Maharashtra Cricket Association Stadium,False,True,41,6,6.833333333333333,40,5.853658536585366,20,186,146,13.166666666666668,11.088607594936708,2,8
6.6,6,6,44,Tabraiz Shamsi,Ajinkya Rahane,1,False,-0.25,16,Pune,Maharashtra Cricket Association Stadium,False,True,42,6,7.0,41,5.857142857142857,20,186,145,13.0,11.153846153846153,2,8
7.1,7,1,45,Stuart Binny,Ajinkya Rahane,1,False,-0.5,16,Pune,Maharashtra Cricket Association Stadium,False,True,43,7,7.166666666666667,42,5.8604651162790695,20,186,144,12.833333333333332,11.220779220779221,2,8
7.2,7,2,46,Stuart Binny,MS Dhoni,1,False,-0.5,16,Pune,Maharashtra Cricket Association Stadium,False,True,44,7,7.333333333333333,43,5.863636363636364,20,186,143,12.666666666666668,11.289473684210526,2,8
7.3,7,3,47,Stuart Binny,Ajinkya Rahane,4,False,-2.0,16,Pune,Maharashtra Cricket Association Stadium,False,True,45,7,7.5,47,6.266666666666667,20,186,139,12.5,11.12,2,8
7.4,7,4,48,Stuart Binny,Ajinkya Rahane,1,False,-0.5,16,Pune,Maharashtra Cricket Association Stadium,False,True,46,7,7.666666666666667,48,6.260869565217391,20,186,138,12.333333333333332,11.18918918918919,2,8
7.5,7,5,49,Stuart Binny,MS Dhoni,1,False,-0.5,16,Pune,Maharashtra Cricket Association Stadium,False,True,47,7,7.833333333333333,49,6.25531914893617,20,186,137,12.166666666666668,11.26027397260274,2,8
7.6,7,6,50,Stuart Binny,Ajinkya Rahane,4,False,-2.0,16,Pune,Maharashtra Cricket Association Stadium,False,True,48,7,8.0,53,6.625,20,186,133,12.0,11.083333333333334,2,8
8.1,8,1,51,Tabraiz Shamsi,MS Dhoni,2,False,-1.0,16,Pune,Maharashtra Cricket Association Stadium,False,True,49,8,8.166666666666666,55,6.734693877551021,20,186,131,11.833333333333334,11.070422535211266,2,8
8.2,8,2,52,Tabraiz Shamsi,MS Dhoni,1,False,-0.5,16,Pune,Maharashtra Cricket Association Stadium,False,True,50,8,8.333333333333334,56,6.72,20,186,130,11.666666666666666,11.142857142857144,2,8
8.3,8,3,53,Tabraiz Shamsi,Ajinkya Rahane,0,False,1.0,16,Pune,Maharashtra Cricket Association Stadium,False,True,51,8,8.5,56,6.588235294117647,20,186,130,11.5,11.304347826086957,2,8
8.4,8,4,54,Tabraiz Shamsi,Ajinkya Rahane,4,False,-2.0,16,Pune,Maharashtra Cricket Association Stadium,False,True,52,8,8.666666666666666,60,6.923076923076923,20,186,126,11.333333333333334,11.117647058823529,2,8
8.5,8,5,55,Tabraiz Shamsi,Ajinkya Rahane,1,False,-0.5,16,Pune,Maharashtra Cricket Association Stadium,False,True,53,8,8.833333333333334,61,6.90566037735849,20,186,125,11.166666666666666,11.194029850746269,2,8
8.6,8,6,56,Tabraiz Shamsi,MS Dhoni,4,False,-2.0,16,Pune,Maharashtra Cricket Association Stadium,False,True,54,8,9.0,65,7.222222222222222,20,186,121,11.0,11.0,2,8
9.1,9,1,57,Iqbal Abdulla,Ajinkya Rahane,2,False,-1.0,16,Pune,Maharashtra Cricket Association Stadium,False,True,55,9,9.166666666666666,67,7.3090909090909095,20,186,119,10.833333333333334,10.984615384615385,2,8
9.2,9,2,58,Iqbal Abdulla,Ajinkya Rahane,1,False,-0.5,16,Pune,Maharashtra Cricket Association Stadium,False,True,56,9,9.333333333333334,68,7.285714285714286,20,186,118,10.666666666666666,11.0625,2,8
9.3,9,3,59,Iqbal Abdulla,MS Dhoni,1,False,-0.5,16,Pune,Maharashtra Cricket Association Stadium,False,True,57,9,9.5,69,7.2631578947368425,20,186,117,10.5,11.142857142857142,2,8
9.4,9,4,60,Iqbal Abdulla,Ajinkya Rahane,1,False,-0.5,16,Pune,Maharashtra Cricket Association Stadium,False,True,58,9,9.666666666666666,70,7.241379310344828,20,186,116,10.333333333333334,11.225806451612902,2,8
9.5,9,5,61,Iqbal Abdulla,MS Dhoni,1,False,-0.5,16,Pune,Maharashtra Cricket Association Stadium,False,True,59,9,9.833333333333334,71,7.220338983050847,20,186,115,10.166666666666666,11.311475409836067,2,8
9.6,9,6,62,Iqbal Abdulla,Ajinkya Rahane,2,False,-1.0,16,Pune,Maharashtra Cricket Association Stadium,False,True,60,9,10.0,73,7.3,20,186,113,10.0,11.3,2,8
10.1,10,1,63,Tabraiz Shamsi,MS Dhoni,1,False,-0.5,16,Pune,Maharashtra Cricket Association Stadium,False,True,61,10,10.166666666666666,74,7.278688524590164,20,186,112,9.833333333333334,11.389830508474576,2,8
10.2,10,2,64,Tabraiz Shamsi,Ajinkya Rahane,1,False,-0.5,16,Pune,Maharashtra Cricket Association Stadium,False,True,62,10,10.333333333333334,75,7.258064516129032,20,186,111,9.666666666666666,11.482758620689657,2,8
10.3,10,3,65,Tabraiz Shamsi,MS Dhoni,1,False,-0.5,16,Pune,Maharashtra Cricket Association Stadium,False,True,63,10,10.5,76,7.238095238095238,20,186,110,9.5,11.578947368421053,2,8
10.4,10,4,66,Tabraiz Shamsi,Ajinkya Rahane,4,False,-2.0,16,Pune,Maharashtra Cricket Association Stadium,False,True,64,10,10.666666666666666,80,7.5,20,186,106,9.333333333333334,11.357142857142856,2,8
10.5,10,5,67,Tabraiz Shamsi,Ajinkya Rahane,0,False,1.0,16,Pune,Maharashtra Cricket Association Stadium,False,True,65,10,10.833333333333334,80,7.384615384615384,20,186,106,9.166666666666666,11.563636363636364,2,8
10.6,10,6,68,Tabraiz Shamsi,Ajinkya Rahane,0,False,1.0,16,Pune,Maharashtra Cricket Association Stadium,False,True,66,10,11.0,80,7.2727272727272725,20,186,106,9.0,11.777777777777779,2,8
11.1,11,1,69,Iqbal Abdulla,MS Dhoni,1,False,-0.5,16,Pune,Maharashtra Cricket Association Stadium,False,True,67,11,11.166666666666666,81,7.253731343283582,20,186,105,8.833333333333334,11.886792452830187,2,8
11.2,11,2,70,Iqbal Abdulla,Ajinkya Rahane,1,False,-0.5,16,Pune,Maharashtra Cricket Association Stadium,False,True,68,11,11.333333333333334,82,7.235294117647059,20,186,104,8.666666666666666,12.0,2,8
11.3,11,3,71,Iqbal Abdulla,MS Dhoni,1,False,-0.5,16,Pune,Maharashtra Cricket Association Stadium,False,True,69,11,11.5,83,7.217391304347826,20,186,103,8.5,12.117647058823529,2,8
11.4,11,4,72,Iqbal Abdulla,Ajinkya Rahane,1,False,-0.5,16,Pune,Maharashtra Cricket Association Stadium,False,True,70,11,11.666666666666666,84,7.2,20,186,102,8.333333333333334,12.239999999999998,2,8
11.5,11,5,73,Iqbal Abdulla,MS Dhoni,1,False,-0.5,16,Pune,Maharashtra Cricket Association Stadium,False,True,71,11,11.833333333333334,85,7.183098591549295,20,186,101,8.166666666666666,12.367346938775512,2,8
11.6,11,6,74,Iqbal Abdulla,Ajinkya Rahane,1,False,-0.5,16,Pune,Maharashtra Cricket Association Stadium,False,True,72,11,12.0,86,7.166666666666667,20,186,100,8.0,12.5,2,8
12.1,12,1,75,Shane Watson,Ajinkya Rahane,2,False,-1.0,16,Pune,Maharashtra Cricket Association Stadium,False,True,73,12,12.166666666666666,88,7.232876712328768,20,186,98,7.833333333333334,12.51063829787234,2,8
12.2,12,2,76,Shane Watson,Ajinkya Rahane,1,False,-0.5,16,Pune,Maharashtra Cricket Association Stadium,False,True,74,12,12.333333333333334,89,7.216216216216216,20,186,97,7.666666666666666,12.652173913043478,2,8
12.3,12,3,77,Shane Watson,MS Dhoni,1,False,-0.5,16,Pune,Maharashtra Cricket Association Stadium,False,True,75,12,12.5,90,7.2,20,186,96,7.5,12.8,2,8
12.4,12,4,78,Shane Watson,Ajinkya Rahane,0,False,1.0,16,Pune,Maharashtra Cricket Association Stadium,False,True,76,12,12.666666666666666,90,7.105263157894737,20,186,96,7.333333333333334,13.09090909090909,2,8
12.5,12,5,79,Shane Watson,Ajinkya Rahane,0,False,1.0,16,Pune,Maharashtra Cricket Association Stadium,False,True,77,12,12.833333333333334,90,7.012987012987013,20,186,96,7.166666666666666,13.395348837209303,2,8
12.6,12,6,80,Shane Watson,Ajinkya Rahane,4,False,-2.0,16,Pune,Maharashtra Cricket Association Stadium,False,True,78,12,13.0,94,7.230769230769231,20,186,92,7.0,13.142857142857142,2,8
13.1,13,1,81,Iqbal Abdulla,MS Dhoni,2,False,-1.0,16,Pune,Maharashtra Cricket Association Stadium,False,True,79,13,13.166666666666666,96,7.29113924050633,20,186,90,6.833333333333334,13.170731707317072,2,8
13.2,13,2,82,Iqbal Abdulla,MS Dhoni,1,False,-0.5,16,Pune,Maharashtra Cricket Association Stadium,False,True,80,13,13.333333333333334,97,7.2749999999999995,20,186,89,6.666666666666666,13.350000000000001,2,8
13.3,13,3,83,Iqbal Abdulla,Ajinkya Rahane,1,False,-0.5,16,Pune,Maharashtra Cricket Association Stadium,False,True,81,13,13.5,98,7.2592592592592595,20,186,88,6.5,13.538461538461538,2,8
13.4,13,4,84,Iqbal Abdulla,MS Dhoni,1,False,-0.5,16,Pune,Maharashtra Cricket Association Stadium,False,True,82,13,13.666666666666666,99,7.2439024390243905,20,186,87,6.333333333333334,13.736842105263156,2,8
13.5,13,5,85,Iqbal Abdulla,Ajinkya Rahane,1,False,-1.0,16,Pune,Maharashtra Cricket Association Stadium,True,False,82,13,13.666666666666666,100,7.317073170731708,20,186,86,6.333333333333334,13.578947368421051,2,8
13.5,13,5,86,Iqbal Abdulla,Ajinkya Rahane,1,False,-0.5,16,Pune,Maharashtra Cricket Association Stadium,False,True,83,13,13.833333333333334,101,7.301204819277108,20,186,85,6.166666666666666,13.783783783783786,2,8
13.6,13,6,87,Iqbal Abdulla,MS Dhoni,1,False,-0.5,16,Pune,Maharashtra Cricket Association Stadium,False,True,84,13,14.0,102,7.285714285714286,20,186,84,6.0,14.0,2,8
14.1,14,1,88,Tabraiz Shamsi,MS Dhoni,4,False,-2.0,16,Pune,Maharashtra Cricket Association Stadium,False,True,85,14,14.166666666666666,106,7.482352941176471,20,186,80,5.833333333333334,13.714285714285714,2,8
14.2,14,2,89,Tabraiz Shamsi,MS Dhoni,2,False,-1.0,16,Pune,Maharashtra Cricket Association Stadium,False,True,86,14,14.333333333333334,108,7.534883720930233,20,186,78,5.666666666666666,13.764705882352942,2,8
14.3,14,3,90,Tabraiz Shamsi,MS Dhoni,1,False,-0.5,16,Pune,Maharashtra Cricket Association Stadium,False,True,87,14,14.5,109,7.517241379310345,20,186,77,5.5,14.0,2,8
14.4,14,4,91,Tabraiz Shamsi,Ajinkya Rahane,0,True,5.0,16,Pune,Maharashtra Cricket Association Stadium,False,True,88,14,14.666666666666666,109,7.4318181818181825,20,186,77,5.333333333333334,14.437499999999998,3,7
14.5,14,5,92,Tabraiz Shamsi,Thisara Perera,0,False,1.0,16,Pune,Maharashtra Cricket Association Stadium,False,True,89,14,14.833333333333334,109,7.348314606741573,20,186,77,5.166666666666666,14.903225806451614,3,7
14.6,14,6,93,Tabraiz Shamsi,Thisara Perera,6,False,-3.0,16,Pune,Maharashtra Cricket Association Stadium,False,True,90,14,15.0,115,7.666666666666667,20,186,71,5.0,14.2,3,7
15.1,15,1,94,Harshal Patel,MS Dhoni,1,False,-0.5,16,Pune,Maharashtra Cricket Association Stadium,False,True,91,15,15.166666666666666,116,7.648351648351649,20,186,70,4.833333333333334,14.482758620689653,3,7
15.2,15,2,95,Harshal Patel,Thisara Perera,1,False,-0.5,16,Pune,Maharashtra Cricket Association Stadium,False,True,92,15,15.333333333333334,117,7.630434782608695,20,186,69,4.666666666666666,14.785714285714288,3,7
15.3,15,3,96,Harshal Patel,MS Dhoni,1,False,-0.5,16,Pune,Maharashtra Cricket Association Stadium,False,True,93,15,15.5,118,7.612903225806452,20,186,68,4.5,15.11111111111111,3,7
15.4,15,4,97,Harshal Patel,Thisara Perera,1,False,-0.5,16,Pune,Maharashtra Cricket Association Stadium,False,True,94,15,15.666666666666666,119,7.595744680851064,20,186,67,4.333333333333334,15.46153846153846,3,7
15.5,15,5,98,Harshal Patel,MS Dhoni,1,False,-1.0,16,Pune,Maharashtra Cricket Association Stadium,True,False,94,15,15.666666666666666,120,7.659574468085107,20,186,66,4.333333333333334,15.230769230769228,3,7
15.5,15,5,99,Harshal Patel,MS Dhoni,0,True,5.0,16,Pune,Maharashtra Cricket Association Stadium,False,True,95,15,15.833333333333334,120,7.578947368421052,20,186,66,4.166666666666666,15.840000000000002,4,6
15.6,15,6,100,Harshal Patel,Rajat Bhatia,1,False,-0.5,16,Pune,Maharashtra Cricket Association Stadium,False,True,96,15,16.0,121,7.5625,20,186,65,4.0,16.25,4,6
16.1,16,1,101,Shane Watson,Rajat Bhatia,4,False,-2.0,16,Pune,Maharashtra Cricket Association Stadium,False,True,97,16,16.166666666666668,125,7.731958762886597,20,186,61,3.833333333333332,15.913043478260875,4,6
16.2,16,2,102,Shane Watson,Rajat Bhatia,1,False,-0.5,16,Pune,Maharashtra Cricket Association Stadium,False,True,98,16,16.333333333333332,126,7.714285714285714,20,186,60,3.666666666666668,16.36363636363636,4,6
16.3,16,3,103,Shane Watson,Thisara Perera,6,False,-3.0,16,Pune,Maharashtra Cricket Association Stadium,False,True,99,16,16.5,132,8.0,20,186,54,3.5,15.428571428571429,4,6
16.4,16,4,104,Shane Watson,Thisara Perera,0,False,1.0,16,Pune,Maharashtra Cricket Association Stadium,False,True,100,16,16.666666666666668,132,7.919999999999999,20,186,54,3.333333333333332,16.200000000000006,4,6
16.5,16,5,105,Shane Watson,Thisara Perera,2,False,-1.0,16,Pune,Maharashtra Cricket Association Stadium,False,True,101,16,16.833333333333332,134,7.960396039603961,20,186,52,3.166666666666668,16.42105263157894,4,6
16.6,16,6,106,Shane Watson,Thisara Perera,1,False,-1.0,16,Pune,Maharashtra Cricket Association Stadium,True,False,101,16,16.833333333333332,135,8.01980198019802,20,186,51,3.166666666666668,16.10526315789473,4,6
16.6,16,6,107,Shane Watson,Thisara Perera,1,False,-1.0,16,Pune,Maharashtra Cricket Association Stadium,True,False,101,16,16.833333333333332,136,8.07920792079208,20,186,50,3.166666666666668,15.78947368421052,4,6
16.6,16,6,108,Shane Watson,Thisara Perera,0,False,1.0,16,Pune,Maharashtra Cricket Association Stadium,False,True,102,16,17.0,136,8.0,20,186,50,3.0,16.666666666666668,4,6
17.1,17,1,109,Harshal Patel,Rajat Bhatia,6,False,-3.0,16,Pune,Maharashtra Cricket Association Stadium,False,True,103,17,17.166666666666668,142,8.271844660194175,20,186,44,2.833333333333332,15.52941176470589,4,6
17.2,17,2,110,Harshal Patel,Rajat Bhatia,1,False,-0.5,16,Pune,Maharashtra Cricket Association Stadium,False,True,104,17,17.333333333333332,143,8.25,20,186,43,2.666666666666668,16.124999999999993,4,6
17.3,17,3,111,Harshal Patel,Thisara Perera,4,False,-2.0,16,Pune,Maharashtra Cricket Association Stadium,False,True,105,17,17.5,147,8.4,20,186,39,2.5,15.6,4,6
17.4,17,4,112,Harshal Patel,Thisara Perera,4,False,-2.0,16,Pune,Maharashtra Cricket Association Stadium,False,True,106,17,17.666666666666668,151,8.547169811320755,20,186,35,2.333333333333332,15.000000000000007,4,6
17.5,17,5,113,Harshal Patel,Thisara Perera,4,False,-2.0,16,Pune,Maharashtra Cricket Association Stadium,False,True,107,17,17.833333333333332,155,8.69158878504673,20,186,31,2.166666666666668,14.3076923076923,4,6
17.6,17,6,114,Harshal Patel,Thisara Perera,6,False,-3.0,16,Pune,Maharashtra Cricket Association Stadium,False,True,108,17,18.0,161,8.944444444444445,20,186,25,2.0,12.5,4,6
18.1,18,1,115,Shane Watson,Rajat Bhatia,2,False,-1.0,16,Pune,Maharashtra Cricket Association Stadium,False,True,109,18,18.166666666666668,163,8.972477064220183,20,186,23,1.8333333333333321,12.545454545454554,4,6
18.2,18,2,116,Shane Watson,Rajat Bhatia,1,False,-0.5,16,Pune,Maharashtra Cricket Association Stadium,False,True,110,18,18.333333333333332,164,8.945454545454545,20,186,22,1.6666666666666679,13.19999999999999,4,6
18.3,18,3,117,Shane Watson,Thisara Perera,0,True,5.0,16,Pune,Maharashtra Cricket Association Stadium,False,True,111,18,18.5,164,8.864864864864865,20,186,22,1.5,14.666666666666666,5,5
18.4,18,4,118,Shane Watson,Rajat Bhatia,1,False,-0.5,16,Pune,Maharashtra Cricket Association Stadium,False,True,112,18,18.666666666666668,165,8.839285714285714,20,186,21,1.3333333333333321,15.750000000000014,5,5
18.5,18,5,119,Shane Watson,Murugan Ashwin,0,True,5.0,16,Pune,Maharashtra Cricket Association Stadium,False,True,113,18,18.833333333333332,165,8.761061946902656,20,186,21,1.1666666666666679,17.999999999999982,6,4
18.6,18,6,120,Shane Watson,Ankit Sharma,0,False,1.0,16,Pune,Maharashtra Cricket Association Stadium,False,True,114,18,19.0,165,8.68421052631579,20,186,21,1.0,21.0,6,4
19.1,19,1,121,Kane Richardson,Rajat Bhatia,2,False,-1.0,16,Pune,Maharashtra Cricket Association Stadium,False,True,115,19,19.166666666666668,167,8.71304347826087,20,186,19,0.8333333333333321,22.800000000000033,6,4
19.2,19,2,122,Kane Richardson,Rajat Bhatia,2,False,-1.0,16,Pune,Maharashtra Cricket Association Stadium,False,True,116,19,19.333333333333332,169,8.741379310344827,20,186,17,0.6666666666666679,25.499999999999954,6,4
19.3,19,3,123,Kane Richardson,Rajat Bhatia,0,True,5.0,16,Pune,Maharashtra Cricket Association Stadium,False,True,117,19,19.5,169,8.666666666666666,20,186,17,0.5,34.0,7,3
19.4,19,4,124,Kane Richardson,M Ashwin,0,True,5.0,16,Pune,Maharashtra Cricket Association Stadium,False,True,118,19,19.666666666666668,169,8.59322033898305,20,186,17,0.33333333333333215,51.000000000000185,8,2
19.5,19,5,125,Kane Richardson,Ankit Sharma,2,False,-1.0,16,Pune,Maharashtra Cricket Association Stadium,False,True,119,19,19.833333333333332,171,8.6218487394958,20,186,15,0.16666666666666785,89.99999999999936,8,2
19.6,19,6,126,Kane Richardson,Ankit Sharma,1,False,-0.5,16,Pune,Maharashtra Cricket Association Stadium,False,True,120,19,20.0,172,8.6,20,186,14,0.0,inf,8,2
