Ball Number,over,ball,Ball,bowler,batsman,Runs,is_wicket,bowler_score,match_id,city,stadium,is_extra,legal_delivery,legal_deliveries_count,overs_completed,overs_bowled,total_runs,current_run_rate,total_overs,target,runs_needed,overs_remaining,required_run_rate,wickets_fallen,wickets_in_hand
0.1,0,1,1,Sandeep Sharma,David Warner,1,False,-0.5,18,Uppal,Rajiv Gandhi International Stadium,False,True,1,0,0.16666666666666666,1,6.0,20,144,143,19.833333333333332,7.2100840336134455,0,10
0.2,0,2,2,Sandeep Sharma,S Dhawan,0,False,1.0,18,Uppal,Rajiv Gandhi International Stadium,False,True,2,0,0.3333333333333333,1,3.0,20,144,143,19.666666666666668,7.271186440677965,0,10
0.3,0,3,3,Sandeep Sharma,S Dhawan,0,False,1.0,18,Uppal,Rajiv Gandhi International Stadium,False,True,3,0,0.5,1,2.0,20,144,143,19.5,7.333333333333333,0,10
0.4,0,4,4,Sandeep Sharma,S Dhawan,4,False,-2.0,18,Uppal,Rajiv Gandhi International Stadium,False,True,4,0,0.6666666666666666,5,7.5,20,144,139,19.333333333333332,7.189655172413794,0,10
0.5,0,5,5,Sandeep Sharma,S Dhawan,1,False,-0.5,18,Uppal,Rajiv Gandhi International Stadium,False,True,5,0,0.8333333333333334,6,7.199999999999999,20,144,138,19.166666666666668,7.199999999999999,0,10
0.6,0,6,6,Sandeep Sharma,David Warner,0,False,1.0,18,Uppal,Rajiv Gandhi International Stadium,False,True,6,0,1.0,6,6.0,20,144,138,19.0,7.2631578947368425,0,10
1.1,1,1,7,Kyle Abbott,S Dhawan,0,False,1.0,18,Uppal,Rajiv Gandhi International Stadium,False,True,7,1,1.1666666666666667,6,5.142857142857142,20,144,138,18.833333333333332,7.327433628318585,0,10
1.2,1,2,8,Kyle Abbott,S Dhawan,1,False,-0.5,18,Uppal,Rajiv Gandhi International Stadium,False,True,8,1,1.3333333333333333,7,5.25,20,144,137,18.666666666666668,7.3392857142857135,0,10
1.3,1,3,9,Kyle Abbott,David Warner,0,False,1.0,18,Uppal,Rajiv Gandhi International Stadium,False,True,9,1,1.5,7,4.666666666666667,20,144,137,18.5,7.405405405405405,0,10
1.4,1,4,10,Kyle Abbott,David Warner,1,False,-0.5,18,Uppal,Rajiv Gandhi International Stadium,False,True,10,1,1.6666666666666665,8,4.800000000000001,20,144,136,18.333333333333332,7.418181818181819,0,10
1.5,1,5,11,Kyle Abbott,S Dhawan,0,False,1.0,18,Uppal,Rajiv Gandhi International Stadium,False,True,11,1,1.8333333333333335,8,4.363636363636363,20,144,136,18.166666666666668,7.486238532110091,0,10
1.6,1,6,12,Kyle Abbott,S Dhawan,4,False,-2.0,18,Uppal,Rajiv Gandhi International Stadium,False,True,12,1,2.0,12,6.0,20,144,132,18.0,7.333333333333333,0,10
2.1,2,1,13,Sandeep Sharma,David Warner,6,False,-3.0,18,Uppal,Rajiv Gandhi International Stadium,False,True,13,2,2.1666666666666665,18,8.307692307692308,20,144,126,17.833333333333332,7.065420560747664,0,10
2.2,2,2,14,Sandeep Sharma,David Warner,0,False,1.0,18,Uppal,Rajiv Gandhi International Stadium,False,True,14,2,2.3333333333333335,18,7.7142857142857135,20,144,126,17.666666666666668,7.132075471698113,0,10
2.3,2,3,15,Sandeep Sharma,David Warner,0,False,1.0,18,Uppal,Rajiv Gandhi International Stadium,False,True,15,2,2.5,18,7.2,20,144,126,17.5,7.2,0,10
2.4,2,4,16,Sandeep Sharma,David Warner,6,False,-3.0,18,Uppal,Rajiv Gandhi International Stadium,False,True,16,2,2.6666666666666665,24,9.0,20,144,120,17.333333333333332,6.923076923076923,0,10
2.5,2,5,17,Sandeep Sharma,David Warner,2,False,-1.0,18,Uppal,Rajiv Gandhi International Stadium,False,True,17,2,2.8333333333333335,26,9.176470588235293,20,144,118,17.166666666666668,6.87378640776699,0,10
2.6,2,6,18,Sandeep Sharma,David Warner,4,False,-2.0,18,Uppal,Rajiv Gandhi International Stadium,False,True,18,2,3.0,30,10.0,20,144,114,17.0,6.705882352941177,0,10
3.1,3,1,19,Kyle Abbott,S Dhawan,2,False,-1.0,18,Uppal,Rajiv Gandhi International Stadium,False,True,19,3,3.1666666666666665,32,10.105263157894738,20,144,112,16.833333333333332,6.653465346534654,0,10
3.2,3,2,20,Kyle Abbott,S Dhawan,1,False,-0.5,18,Uppal,Rajiv Gandhi International Stadium,False,True,20,3,3.3333333333333335,33,9.9,20,144,111,16.666666666666668,6.659999999999999,0,10
3.3,3,3,21,Kyle Abbott,David Warner,4,False,-2.0,18,Uppal,Rajiv Gandhi International Stadium,False,True,21,3,3.5,37,10.571428571428571,20,144,107,16.5,6.484848484848484,0,10
3.4,3,4,22,Kyle Abbott,David Warner,1,False,-0.5,18,Uppal,Rajiv Gandhi International Stadium,False,True,22,3,3.6666666666666665,38,10.363636363636363,20,144,106,16.333333333333332,6.4897959183673475,0,10
3.5,3,5,23,Kyle Abbott,S Dhawan,5,False,-2.5,18,Uppal,Rajiv Gandhi International Stadium,False,True,23,3,3.8333333333333335,43,11.217391304347826,20,144,101,16.166666666666668,6.24742268041237,0,10
3.6,3,6,24,Kyle Abbott,David Warner,4,False,-2.0,18,Uppal,Rajiv Gandhi International Stadium,False,True,24,3,4.0,47,11.75,20,144,97,16.0,6.0625,0,10
4.1,4,1,25,Glenn Maxwell,S Dhawan,0,False,1.0,18,Uppal,Rajiv Gandhi International Stadium,False,True,25,4,4.166666666666667,47,11.28,20,144,97,15.833333333333332,6.126315789473685,0,10
4.2,4,2,26,Glenn Maxwell,S Dhawan,1,False,-0.5,18,Uppal,Rajiv Gandhi International Stadium,False,True,26,4,4.333333333333333,48,11.076923076923078,20,144,96,15.666666666666668,6.127659574468085,0,10
4.3,4,3,27,Glenn Maxwell,David Warner,6,False,-3.0,18,Uppal,Rajiv Gandhi International Stadium,False,True,27,4,4.5,54,12.0,20,144,90,15.5,5.806451612903226,0,10
4.4,4,4,28,Glenn Maxwell,David Warner,4,False,-2.0,18,Uppal,Rajiv Gandhi International Stadium,False,True,28,4,4.666666666666667,58,12.428571428571427,20,144,86,15.333333333333332,5.608695652173913,0,10
4.5,4,5,29,Glenn Maxwell,David Warner,0,False,1.0,18,Uppal,Rajiv Gandhi International Stadium,False,True,29,4,4.833333333333333,58,12.0,20,144,86,15.166666666666668,5.67032967032967,0,10
4.6,4,6,30,Glenn Maxwell,David Warner,0,False,1.0,18,Uppal,Rajiv Gandhi International Stadium,False,True,30,4,5.0,58,11.6,20,144,86,15.0,5.733333333333333,0,10
5.1,5,1,31,Mohit Sharma,S Dhawan,1,False,-0.5,18,Uppal,Rajiv Gandhi International Stadium,False,True,31,5,5.166666666666667,59,11.419354838709676,20,144,85,14.833333333333332,5.730337078651686,0,10
5.2,5,2,32,Mohit Sharma,David Warner,1,False,-0.5,18,Uppal,Rajiv Gandhi International Stadium,False,True,32,5,5.333333333333333,60,11.25,20,144,84,14.666666666666668,5.727272727272727,0,10
5.3,5,3,33,Mohit Sharma,S Dhawan,0,False,1.0,18,Uppal,Rajiv Gandhi International Stadium,False,True,33,5,5.5,60,10.909090909090908,20,144,84,14.5,5.793103448275862,0,10
5.4,5,4,34,Mohit Sharma,S Dhawan,1,False,-0.5,18,Uppal,Rajiv Gandhi International Stadium,False,True,34,5,5.666666666666667,61,10.76470588235294,20,144,83,14.333333333333332,5.790697674418605,0,10
5.5,5,5,35,Mohit Sharma,David Warner,4,False,-2.0,18,Uppal,Rajiv Gandhi International Stadium,False,True,35,5,5.833333333333333,65,11.142857142857144,20,144,79,14.166666666666668,5.576470588235294,0,10
5.6,5,6,36,Mohit Sharma,David Warner,0,False,1.0,18,Uppal,Rajiv Gandhi International Stadium,False,True,36,5,6.0,65,10.833333333333334,20,144,79,14.0,5.642857142857143,0,10
6.1,6,1,37,R Dhawan,S Dhawan,1,False,-0.5,18,Uppal,Rajiv Gandhi International Stadium,False,True,37,6,6.166666666666667,66,10.702702702702702,20,144,78,13.833333333333332,5.638554216867471,0,10
6.2,6,2,38,R Dhawan,David Warner,4,False,-2.0,18,Uppal,Rajiv Gandhi International Stadium,False,True,38,6,6.333333333333333,70,11.052631578947368,20,144,74,13.666666666666668,5.414634146341463,0,10
6.3,6,3,39,R Dhawan,David Warner,1,False,-0.5,18,Uppal,Rajiv Gandhi International Stadium,False,True,39,6,6.5,71,10.923076923076923,20,144,73,13.5,5.407407407407407,0,10
6.4,6,4,40,R Dhawan,S Dhawan,1,False,-0.5,18,Uppal,Rajiv Gandhi International Stadium,False,True,40,6,6.666666666666667,72,10.799999999999999,20,144,72,13.333333333333332,5.4,0,10
6.5,6,5,41,R Dhawan,David Warner,1,False,-0.5,18,Uppal,Rajiv Gandhi International Stadium,False,True,41,6,6.833333333333333,73,10.682926829268293,20,144,71,13.166666666666668,5.392405063291139,0,10
6.6,6,6,42,R Dhawan,S Dhawan,1,False,-1.0,18,Uppal,Rajiv Gandhi International Stadium,True,False,41,6,6.833333333333333,74,10.829268292682928,20,144,70,13.166666666666668,5.3164556962025316,0,10
6.6,6,6,43,R Dhawan,S Dhawan,1,False,-0.5,18,Uppal,Rajiv Gandhi International Stadium,False,True,42,6,7.0,75,10.714285714285714,20,144,69,13.0,5.3076923076923075,0,10
7.1,7,1,44,Mohit Sharma,S Dhawan,0,False,1.0,18,Uppal,Rajiv Gandhi International Stadium,False,True,43,7,7.166666666666667,75,10.465116279069766,20,144,69,12.833333333333332,5.376623376623377,0,10
7.1,7,1,45,Mohit Sharma,S Dhawan,1,False,-1.0,18,Uppal,Rajiv Gandhi International Stadium,True,False,43,7,7.166666666666667,76,10.604651162790697,20,144,68,12.833333333333332,5.2987012987013,0,10
7.2,7,2,46,Mohit Sharma,S Dhawan,0,False,1.0,18,Uppal,Rajiv Gandhi International Stadium,False,True,44,7,7.333333333333333,76,10.363636363636363,20,144,68,12.666666666666668,5.368421052631579,0,10
7.3,7,3,47,Mohit Sharma,S Dhawan,0,False,1.0,18,Uppal,Rajiv Gandhi International Stadium,False,True,45,7,7.5,76,10.133333333333333,20,144,68,12.5,5.44,0,10
7.4,7,4,48,Mohit Sharma,S Dhawan,1,False,-0.5,18,Uppal,Rajiv Gandhi International Stadium,False,True,46,7,7.666666666666667,77,10.043478260869565,20,144,67,12.333333333333332,5.432432432432433,0,10
7.5,7,5,49,Mohit Sharma,David Warner,1,False,-0.5,18,Uppal,Rajiv Gandhi International Stadium,False,True,47,7,7.833333333333333,78,9.957446808510639,20,144,66,12.166666666666668,5.424657534246575,0,10
7.6,7,6,50,Mohit Sharma,S Dhawan,0,False,1.0,18,Uppal,Rajiv Gandhi International Stadium,False,True,48,7,8.0,78,9.75,20,144,66,12.0,5.5,0,10
8.1,8,1,51,R Dhawan,David Warner,0,False,1.0,18,Uppal,Rajiv Gandhi International Stadium,False,True,49,8,8.166666666666666,78,9.551020408163266,20,144,66,11.833333333333334,5.577464788732394,0,10
8.2,8,2,52,R Dhawan,David Warner,4,False,-2.0,18,Uppal,Rajiv Gandhi International Stadium,False,True,50,8,8.333333333333334,82,9.84,20,144,62,11.666666666666666,5.314285714285715,0,10
8.3,8,3,53,R Dhawan,David Warner,1,False,-1.0,18,Uppal,Rajiv Gandhi International Stadium,True,False,50,8,8.333333333333334,83,9.959999999999999,20,144,61,11.666666666666666,5.228571428571429,0,10
8.3,8,3,54,R Dhawan,David Warner,2,False,-1.0,18,Uppal,Rajiv Gandhi International Stadium,False,True,51,8,8.5,85,10.0,20,144,59,11.5,5.130434782608695,0,10
8.4,8,4,55,R Dhawan,David Warner,0,False,1.0,18,Uppal,Rajiv Gandhi International Stadium,False,True,52,8,8.666666666666666,85,9.807692307692308,20,144,59,11.333333333333334,5.205882352941177,0,10
8.5,8,5,56,R Dhawan,David Warner,1,False,-0.5,18,Uppal,Rajiv Gandhi International Stadium,False,True,53,8,8.833333333333334,86,9.735849056603772,20,144,58,11.166666666666666,5.1940298507462686,0,10
8.6,8,6,57,R Dhawan,S Dhawan,1,False,-0.5,18,Uppal,Rajiv Gandhi International Stadium,False,True,54,8,9.0,87,9.666666666666666,20,144,57,11.0,5.181818181818182,0,10
9.1,9,1,58,Sandeep Sharma,S Dhawan,0,False,1.0,18,Uppal,Rajiv Gandhi International Stadium,False,True,55,9,9.166666666666666,87,9.490909090909092,20,144,57,10.833333333333334,5.2615384615384615,0,10
9.2,9,2,59,Sandeep Sharma,S Dhawan,1,False,-0.5,18,Uppal,Rajiv Gandhi International Stadium,False,True,56,9,9.333333333333334,88,9.428571428571429,20,144,56,10.666666666666666,5.25,0,10
9.3,9,3,60,Sandeep Sharma,David Warner,1,False,-0.5,18,Uppal,Rajiv Gandhi International Stadium,False,True,57,9,9.5,89,9.368421052631579,20,144,55,10.5,5.238095238095238,0,10
9.4,9,4,61,Sandeep Sharma,S Dhawan,1,False,-0.5,18,Uppal,Rajiv Gandhi International Stadium,False,True,58,9,9.666666666666666,90,9.310344827586208,20,144,54,10.333333333333334,5.225806451612903,0,10
9.5,9,5,62,Sandeep Sharma,David Warner,0,True,5.0,18,Uppal,Rajiv Gandhi International Stadium,False,True,59,9,9.833333333333334,90,9.152542372881355,20,144,54,10.166666666666666,5.311475409836066,1,9
9.6,9,6,63,Sandeep Sharma,Aditya Tare,0,True,5.0,18,Uppal,Rajiv Gandhi International Stadium,False,True,60,9,10.0,90,9.0,20,144,54,10.0,5.4,2,8
10.1,10,1,64,Glenn Maxwell,S Dhawan,1,False,-0.5,18,Uppal,Rajiv Gandhi International Stadium,False,True,61,10,10.166666666666666,91,8.950819672131148,20,144,53,9.833333333333334,5.389830508474576,2,8
10.2,10,2,65,Glenn Maxwell,Eoin Morgan,1,False,-0.5,18,Uppal,Rajiv Gandhi International Stadium,False,True,62,10,10.333333333333334,92,8.903225806451612,20,144,52,9.666666666666666,5.379310344827586,2,8
10.3,10,3,66,Glenn Maxwell,S Dhawan,1,False,-0.5,18,Uppal,Rajiv Gandhi International Stadium,False,True,63,10,10.5,93,8.857142857142858,20,144,51,9.5,5.368421052631579,2,8
10.4,10,4,67,Glenn Maxwell,Eoin Morgan,0,False,1.0,18,Uppal,Rajiv Gandhi International Stadium,False,True,64,10,10.666666666666666,93,8.71875,20,144,51,9.333333333333334,5.4642857142857135,2,8
10.5,10,5,68,Glenn Maxwell,Eoin Morgan,1,False,-0.5,18,Uppal,Rajiv Gandhi International Stadium,False,True,65,10,10.833333333333334,94,8.676923076923076,20,144,50,9.166666666666666,5.454545454545455,2,8
10.6,10,6,69,Glenn Maxwell,S Dhawan,1,False,-0.5,18,Uppal,Rajiv Gandhi International Stadium,False,True,66,10,11.0,95,8.636363636363637,20,144,49,9.0,5.444444444444445,2,8
11.1,11,1,70,Sandeep Sharma,S Dhawan,0,False,1.0,18,Uppal,Rajiv Gandhi International Stadium,False,True,67,11,11.166666666666666,95,8.507462686567164,20,144,49,8.833333333333334,5.547169811320754,2,8
11.2,11,2,71,Sandeep Sharma,S Dhawan,0,False,1.0,18,Uppal,Rajiv Gandhi International Stadium,False,True,68,11,11.333333333333334,95,8.382352941176471,20,144,49,8.666666666666666,5.653846153846154,2,8
11.3,11,3,72,Sandeep Sharma,S Dhawan,0,False,1.0,18,Uppal,Rajiv Gandhi International Stadium,False,True,69,11,11.5,95,8.26086956521739,20,144,49,8.5,5.764705882352941,2,8
11.4,11,4,73,Sandeep Sharma,S Dhawan,0,False,1.0,18,Uppal,Rajiv Gandhi International Stadium,False,True,70,11,11.666666666666666,95,8.142857142857144,20,144,49,8.333333333333334,5.88,2,8
11.5,11,5,74,Sandeep Sharma,S Dhawan,2,False,-1.0,18,Uppal,Rajiv Gandhi International Stadium,False,True,71,11,11.833333333333334,97,8.197183098591548,20,144,47,8.166666666666666,5.755102040816327,2,8
11.6,11,6,75,Sandeep Sharma,S Dhawan,1,False,-0.5,18,Uppal,Rajiv Gandhi International Stadium,False,True,72,11,12.0,98,8.166666666666666,20,144,46,8.0,5.75,2,8
12.1,12,1,76,Kyle Abbott,S Dhawan,4,False,-2.0,18,Uppal,Rajiv Gandhi International Stadium,False,True,73,12,12.166666666666666,102,8.383561643835616,20,144,42,7.833333333333334,5.361702127659574,2,8
12.2,12,2,77,Kyle Abbott,S Dhawan,1,False,-0.5,18,Uppal,Rajiv Gandhi International Stadium,False,True,74,12,12.333333333333334,103,8.35135135135135,20,144,41,7.666666666666666,5.347826086956522,2,8
12.3,12,3,78,Kyle Abbott,Eoin Morgan,4,False,-2.0,18,Uppal,Rajiv Gandhi International Stadium,False,True,75,12,12.5,107,8.56,20,144,37,7.5,4.933333333333334,2,8
12.4,12,4,79,Kyle Abbott,Eoin Morgan,1,False,-0.5,18,Uppal,Rajiv Gandhi International Stadium,False,True,76,12,12.666666666666666,108,8.526315789473685,20,144,36,7.333333333333334,4.909090909090908,2,8
12.5,12,5,80,Kyle Abbott,S Dhawan,1,False,-0.5,18,Uppal,Rajiv Gandhi International Stadium,False,True,77,12,12.833333333333334,109,8.493506493506493,20,144,35,7.166666666666666,4.883720930232559,2,8
12.6,12,6,81,Kyle Abbott,Eoin Morgan,0,False,1.0,18,Uppal,Rajiv Gandhi International Stadium,False,True,78,12,13.0,109,8.384615384615385,20,144,35,7.0,5.0,2,8
13.1,13,1,82,R Dhawan,S Dhawan,1,False,-0.5,18,Uppal,Rajiv Gandhi International Stadium,False,True,79,13,13.166666666666666,110,8.354430379746836,20,144,34,6.833333333333334,4.975609756097561,2,8
13.2,13,2,83,R Dhawan,Eoin Morgan,0,False,1.0,18,Uppal,Rajiv Gandhi International Stadium,False,True,80,13,13.333333333333334,110,8.25,20,144,34,6.666666666666666,5.1000000000000005,2,8
13.3,13,3,84,R Dhawan,Eoin Morgan,1,False,-0.5,18,Uppal,Rajiv Gandhi International Stadium,False,True,81,13,13.5,111,8.222222222222221,20,144,33,6.5,5.076923076923077,2,8
13.4,13,4,85,R Dhawan,S Dhawan,4,False,-2.0,18,Uppal,Rajiv Gandhi International Stadium,False,True,82,13,13.666666666666666,115,8.414634146341463,20,144,29,6.333333333333334,4.578947368421052,2,8
13.5,13,5,86,N/A,N/A,0,False,0.0,18,Uppal,Rajiv Gandhi International Stadium,False,True,83,13,13.833333333333334,115,8.313253012048193,20,144,29,6.166666666666666,4.7027027027027035,2,8
13.6,13,6,87,R Dhawan,S Dhawan,0,True,5.0,18,Uppal,Rajiv Gandhi International Stadium,False,True,84,13,14.0,115,8.214285714285714,20,144,29,6.0,4.833333333333333,3,7
14.1,14,1,88,Axar Patel,Eoin Morgan,1,False,-0.5,18,Uppal,Rajiv Gandhi International Stadium,False,True,85,14,14.166666666666666,116,8.188235294117648,20,144,28,5.833333333333334,4.8,3,7
14.2,14,2,89,Axar Patel,Deepak Hooda,1,False,-0.5,18,Uppal,Rajiv Gandhi International Stadium,False,True,86,14,14.333333333333334,117,8.162790697674419,20,144,27,5.666666666666666,4.764705882352942,3,7
14.3,14,3,90,Axar Patel,Eoin Morgan,0,False,1.0,18,Uppal,Rajiv Gandhi International Stadium,False,True,87,14,14.5,117,8.068965517241379,20,144,27,5.5,4.909090909090909,3,7
14.4,14,4,91,Axar Patel,Eoin Morgan,0,False,1.0,18,Uppal,Rajiv Gandhi International Stadium,False,True,88,14,14.666666666666666,117,7.9772727272727275,20,144,27,5.333333333333334,5.062499999999999,3,7
14.5,14,5,92,Axar Patel,Eoin Morgan,0,False,1.0,18,Uppal,Rajiv Gandhi International Stadium,False,True,89,14,14.833333333333334,117,7.8876404494382015,20,144,27,5.166666666666666,5.225806451612904,3,7
14.6,14,6,93,Axar Patel,Eoin Morgan,2,False,-1.0,18,Uppal,Rajiv Gandhi International Stadium,False,True,90,14,15.0,119,7.933333333333334,20,144,25,5.0,5.0,3,7
15.1,15,1,94,R Dhawan,Deepak Hooda,0,False,1.0,18,Uppal,Rajiv Gandhi International Stadium,False,True,91,15,15.166666666666666,119,7.846153846153847,20,144,25,4.833333333333334,5.1724137931034475,3,7
15.2,15,2,95,R Dhawan,Deepak Hooda,1,False,-0.5,18,Uppal,Rajiv Gandhi International Stadium,False,True,92,15,15.333333333333334,120,7.826086956521739,20,144,24,4.666666666666666,5.142857142857143,3,7
15.3,15,3,96,R Dhawan,Eoin Morgan,0,False,1.0,18,Uppal,Rajiv Gandhi International Stadium,False,True,93,15,15.5,120,7.741935483870968,20,144,24,4.5,5.333333333333333,3,7
15.4,15,4,97,R Dhawan,Eoin Morgan,2,False,-1.0,18,Uppal,Rajiv Gandhi International Stadium,False,True,94,15,15.666666666666666,122,7.787234042553192,20,144,22,4.333333333333334,5.076923076923077,3,7
15.5,15,5,98,R Dhawan,Eoin Morgan,6,False,-3.0,18,Uppal,Rajiv Gandhi International Stadium,False,True,95,15,15.833333333333334,128,8.08421052631579,20,144,16,4.166666666666666,3.8400000000000007,3,7
15.6,15,6,99,R Dhawan,Eoin Morgan,1,False,-0.5,18,Uppal,Rajiv Gandhi International Stadium,False,True,96,15,16.0,129,8.0625,20,144,15,4.0,3.75,3,7
16.1,16,1,100,Mohit Sharma,Eoin Morgan,1,False,-0.5,18,Uppal,Rajiv Gandhi International Stadium,False,True,97,16,16.166666666666668,130,8.041237113402062,20,144,14,3.833333333333332,3.6521739130434794,3,7
16.2,16,2,101,Mohit Sharma,Deepak Hooda,1,False,-1.0,18,Uppal,Rajiv Gandhi International Stadium,True,False,97,16,16.166666666666668,131,8.103092783505154,20,144,13,3.833333333333332,3.391304347826088,3,7
16.2,16,2,102,Mohit Sharma,Deepak Hooda,2,False,-1.0,18,Uppal,Rajiv Gandhi International Stadium,False,True,98,16,16.333333333333332,133,8.142857142857144,20,144,11,3.666666666666668,2.999999999999999,3,7
16.2,16,2,103,Mohit Sharma,Deepak Hooda,1,False,-1.0,18,Uppal,Rajiv Gandhi International Stadium,True,False,98,16,16.333333333333332,134,8.204081632653061,20,144,10,3.666666666666668,2.727272727272726,3,7
16.3,16,3,104,Mohit Sharma,Deepak Hooda,1,False,-0.5,18,Uppal,Rajiv Gandhi International Stadium,False,True,99,16,16.5,135,8.181818181818182,20,144,9,3.5,2.5714285714285716,3,7
16.4,16,4,105,Mohit Sharma,Eoin Morgan,4,False,-2.0,18,Uppal,Rajiv Gandhi International Stadium,False,True,100,16,16.666666666666668,139,8.34,20,144,5,3.333333333333332,1.5000000000000004,3,7
16.5,16,5,106,Mohit Sharma,Eoin Morgan,0,True,5.0,18,Uppal,Rajiv Gandhi International Stadium,False,True,101,16,16.833333333333332,139,8.257425742574258,20,144,5,3.166666666666668,1.578947368421052,4,6
16.6,16,6,107,Mohit Sharma,Moises Henriques,0,True,5.0,18,Uppal,Rajiv Gandhi International Stadium,False,True,102,16,17.0,139,8.176470588235293,20,144,5,3.0,1.6666666666666667,5,5
17.1,17,1,108,Axar Patel,Naman Ojha,1,False,-0.5,18,Uppal,Rajiv Gandhi International Stadium,False,True,103,17,17.166666666666668,140,8.155339805825243,20,144,4,2.833333333333332,1.4117647058823535,5,5
17.2,17,2,109,Axar Patel,Moises Henriques,0,False,1.0,18,Uppal,Rajiv Gandhi International Stadium,False,True,104,17,17.333333333333332,140,8.076923076923077,20,144,4,2.666666666666668,1.4999999999999993,5,5
17.3,17,3,110,Axar Patel,Moises Henriques,1,False,-0.5,18,Uppal,Rajiv Gandhi International Stadium,False,True,105,17,17.5,141,8.057142857142857,20,144,3,2.5,1.2,5,5
17.4,17,4,111,Axar Patel,Naman Ojha,1,False,-0.5,18,Uppal,Rajiv Gandhi International Stadium,False,True,106,17,17.666666666666668,142,8.037735849056602,20,144,2,2.333333333333332,0.8571428571428575,5,5
17.5,17,5,112,Axar Patel,Moises Henriques,4,False,-2.0,18,Uppal,Rajiv Gandhi International Stadium,False,True,107,17,17.833333333333332,146,8.186915887850468,20,144,0,2.166666666666668,0.0,5,5
