Ball Number,over,ball,Ball,bowler,batsman,Runs,is_wicket,bowler_score,match_id,city,stadium,is_extra,legal_delivery,legal_deliveries_count,overs_completed,overs_bowled,total_runs,current_run_rate,total_overs,target,runs_needed,overs_remaining,required_run_rate,wickets_fallen,wickets_in_hand
0.1,0,1,1,Sandeep Sharma,Rohit Sharma,0,False,1.0,21,Mohali,Punjab Cricket Association IS Bindra Stadium,False,True,1,0,0.16666666666666666,0,0.0,20,190,190,19.833333333333332,9.579831932773109,0,10
0.2,0,2,2,Sandeep Sharma,Rohit Sharma,0,True,5.0,21,Mohali,Punjab Cricket Association IS Bindra Stadium,False,True,2,0,0.3333333333333333,0,0.0,20,190,190,19.666666666666668,9.661016949152541,1,9
0.3,0,3,3,Sandeep Sharma,Ambati Rayudu,1,False,-0.5,21,Mohali,Punjab Cricket Association IS Bindra Stadium,False,True,3,0,0.5,1,2.0,20,190,189,19.5,9.692307692307692,1,9
0.4,0,4,4,Sandeep Sharma,Parthiv Patel,0,False,1.0,21,Mohali,Punjab Cricket Association IS Bindra Stadium,False,True,4,0,0.6666666666666666,1,1.5,20,190,189,19.333333333333332,9.775862068965518,1,9
0.5,0,5,5,Sandeep Sharma,Parthiv Patel,0,False,1.0,21,Mohali,Punjab Cricket Association IS Bindra Stadium,False,True,5,0,0.8333333333333334,1,1.2,20,190,189,19.166666666666668,9.86086956521739,1,9
0.6,0,6,6,Sandeep Sharma,Parthiv Patel,1,False,-0.5,21,Mohali,Punjab Cricket Association IS Bindra Stadium,False,True,6,0,1.0,2,2.0,20,190,188,19.0,9.894736842105264,1,9
1.1,1,1,7,Mitchell Johnson,Parthiv Patel,0,False,1.0,21,Mohali,Punjab Cricket Association IS Bindra Stadium,False,True,7,1,1.1666666666666667,2,1.7142857142857142,20,190,188,18.833333333333332,9.982300884955754,1,9
1.2,1,2,8,Mitchell Johnson,Parthiv Patel,4,False,-2.0,21,Mohali,Punjab Cricket Association IS Bindra Stadium,False,True,8,1,1.3333333333333333,6,4.5,20,190,184,18.666666666666668,9.857142857142856,1,9
1.3,1,3,9,Mitchell Johnson,Parthiv Patel,4,False,-2.0,21,Mohali,Punjab Cricket Association IS Bindra Stadium,False,True,9,1,1.5,10,6.666666666666667,20,190,180,18.5,9.72972972972973,1,9
1.4,1,4,10,Mitchell Johnson,Parthiv Patel,1,False,-0.5,21,Mohali,Punjab Cricket Association IS Bindra Stadium,False,True,10,1,1.6666666666666665,11,6.6000000000000005,20,190,179,18.333333333333332,9.763636363636364,1,9
1.5,1,5,11,Mitchell Johnson,Ambati Rayudu,0,False,1.0,21,Mohali,Punjab Cricket Association IS Bindra Stadium,False,True,11,1,1.8333333333333335,11,5.999999999999999,20,190,179,18.166666666666668,9.853211009174311,1,9
1.6,1,6,12,Mitchell Johnson,Ambati Rayudu,0,False,1.0,21,Mohali,Punjab Cricket Association IS Bindra Stadium,False,True,12,1,2.0,11,5.5,20,190,179,18.0,9.944444444444445,1,9
2.1,2,1,13,Sandeep Sharma,Parthiv Patel,0,False,1.0,21,Mohali,Punjab Cricket Association IS Bindra Stadium,False,True,13,2,2.1666666666666665,11,5.0769230769230775,20,190,179,17.833333333333332,10.037383177570094,1,9
2.2,2,2,14,Sandeep Sharma,Parthiv Patel,0,False,1.0,21,Mohali,Punjab Cricket Association IS Bindra Stadium,False,True,14,2,2.3333333333333335,11,4.714285714285714,20,190,179,17.666666666666668,10.132075471698112,1,9
2.3,2,3,15,Sandeep Sharma,Parthiv Patel,0,False,1.0,21,Mohali,Punjab Cricket Association IS Bindra Stadium,False,True,15,2,2.5,11,4.4,20,190,179,17.5,10.228571428571428,1,9
2.4,2,4,16,Sandeep Sharma,Parthiv Patel,2,False,-1.0,21,Mohali,Punjab Cricket Association IS Bindra Stadium,False,True,16,2,2.6666666666666665,13,4.875,20,190,177,17.333333333333332,10.211538461538462,1,9
2.5,2,5,17,Sandeep Sharma,Parthiv Patel,0,False,1.0,21,Mohali,Punjab Cricket Association IS Bindra Stadium,False,True,17,2,2.8333333333333335,13,4.588235294117647,20,190,177,17.166666666666668,10.310679611650485,1,9
2.6,2,6,18,Sandeep Sharma,Parthiv Patel,0,False,1.0,21,Mohali,Punjab Cricket Association IS Bindra Stadium,False,True,18,2,3.0,13,4.333333333333333,20,190,177,17.0,10.411764705882353,1,9
3.1,3,1,19,Axar Patel,Ambati Rayudu,1,False,-0.5,21,Mohali,Punjab Cricket Association IS Bindra Stadium,False,True,19,3,3.1666666666666665,14,4.421052631578948,20,190,176,16.833333333333332,10.455445544554456,1,9
3.2,3,2,20,Axar Patel,Parthiv Patel,1,False,-0.5,21,Mohali,Punjab Cricket Association IS Bindra Stadium,False,True,20,3,3.3333333333333335,15,4.5,20,190,175,16.666666666666668,10.5,1,9
3.3,3,3,21,Axar Patel,Ambati Rayudu,1,False,-0.5,21,Mohali,Punjab Cricket Association IS Bindra Stadium,False,True,21,3,3.5,16,4.571428571428571,20,190,174,16.5,10.545454545454545,1,9
3.4,3,4,22,Axar Patel,Parthiv Patel,0,False,1.0,21,Mohali,Punjab Cricket Association IS Bindra Stadium,False,True,22,3,3.6666666666666665,16,4.363636363636364,20,190,174,16.333333333333332,10.653061224489797,1,9
3.5,3,5,23,Axar Patel,Parthiv Patel,1,False,-0.5,21,Mohali,Punjab Cricket Association IS Bindra Stadium,False,True,23,3,3.8333333333333335,17,4.434782608695652,20,190,173,16.166666666666668,10.70103092783505,1,9
3.6,3,6,24,Axar Patel,Ambati Rayudu,1,False,-0.5,21,Mohali,Punjab Cricket Association IS Bindra Stadium,False,True,24,3,4.0,18,4.5,20,190,172,16.0,10.75,1,9
4.1,4,1,25,Sandeep Sharma,Ambati Rayudu,1,False,-0.5,21,Mohali,Punjab Cricket Association IS Bindra Stadium,False,True,25,4,4.166666666666667,19,4.56,20,190,171,15.833333333333332,10.8,1,9
4.2,4,2,26,Sandeep Sharma,Parthiv Patel,0,False,1.0,21,Mohali,Punjab Cricket Association IS Bindra Stadium,False,True,26,4,4.333333333333333,19,4.384615384615385,20,190,171,15.666666666666668,10.914893617021276,1,9
4.3,4,3,27,Sandeep Sharma,Parthiv Patel,0,False,1.0,21,Mohali,Punjab Cricket Association IS Bindra Stadium,False,True,27,4,4.5,19,4.222222222222222,20,190,171,15.5,11.03225806451613,1,9
4.4,4,4,28,Sandeep Sharma,Parthiv Patel,1,False,-0.5,21,Mohali,Punjab Cricket Association IS Bindra Stadium,False,True,28,4,4.666666666666667,20,4.285714285714286,20,190,170,15.333333333333332,11.08695652173913,1,9
4.5,4,5,29,Sandeep Sharma,Ambati Rayudu,4,False,-2.0,21,Mohali,Punjab Cricket Association IS Bindra Stadium,False,True,29,4,4.833333333333333,24,4.9655172413793105,20,190,166,15.166666666666668,10.945054945054943,1,9
4.6,4,6,30,Sandeep Sharma,Ambati Rayudu,1,False,-0.5,21,Mohali,Punjab Cricket Association IS Bindra Stadium,False,True,30,4,5.0,25,5.0,20,190,165,15.0,11.0,1,9
5.1,5,1,31,Mitchell Johnson,Ambati Rayudu,4,False,-2.0,21,Mohali,Punjab Cricket Association IS Bindra Stadium,False,True,31,5,5.166666666666667,29,5.612903225806451,20,190,161,14.833333333333332,10.853932584269664,1,9
5.2,5,2,32,Mitchell Johnson,Ambati Rayudu,1,False,-0.5,21,Mohali,Punjab Cricket Association IS Bindra Stadium,False,True,32,5,5.333333333333333,30,5.625,20,190,160,14.666666666666668,10.909090909090908,1,9
5.3,5,3,33,Mitchell Johnson,Parthiv Patel,0,False,1.0,21,Mohali,Punjab Cricket Association IS Bindra Stadium,False,True,33,5,5.5,30,5.454545454545454,20,190,160,14.5,11.03448275862069,1,9
5.3,5,3,34,Mitchell Johnson,Parthiv Patel,1,False,-1.0,21,Mohali,Punjab Cricket Association IS Bindra Stadium,True,False,33,5,5.5,31,5.636363636363637,20,190,159,14.5,10.96551724137931,1,9
5.4,5,4,35,Mitchell Johnson,Parthiv Patel,4,False,-2.0,21,Mohali,Punjab Cricket Association IS Bindra Stadium,False,True,34,5,5.666666666666667,35,6.1764705882352935,20,190,155,14.333333333333332,10.813953488372094,1,9
5.5,5,5,36,Mitchell Johnson,Parthiv Patel,4,False,-2.0,21,Mohali,Punjab Cricket Association IS Bindra Stadium,False,True,35,5,5.833333333333333,39,6.685714285714286,20,190,151,14.166666666666668,10.658823529411764,1,9
5.6,5,6,37,Mitchell Johnson,Parthiv Patel,0,False,1.0,21,Mohali,Punjab Cricket Association IS Bindra Stadium,False,True,36,5,6.0,39,6.5,20,190,151,14.0,10.785714285714286,1,9
6.1,6,1,38,Mohit Sharma,Ambati Rayudu,1,False,-0.5,21,Mohali,Punjab Cricket Association IS Bindra Stadium,False,True,37,6,6.166666666666667,40,6.486486486486486,20,190,150,13.833333333333332,10.843373493975905,1,9
6.2,6,2,39,Mohit Sharma,Parthiv Patel,1,False,-0.5,21,Mohali,Punjab Cricket Association IS Bindra Stadium,False,True,38,6,6.333333333333333,41,6.473684210526316,20,190,149,13.666666666666668,10.902439024390244,1,9
6.3,6,3,40,Mohit Sharma,Ambati Rayudu,1,False,-0.5,21,Mohali,Punjab Cricket Association IS Bindra Stadium,False,True,39,6,6.5,42,6.461538461538462,20,190,148,13.5,10.962962962962964,1,9
6.4,6,4,41,Mohit Sharma,Parthiv Patel,4,False,-2.0,21,Mohali,Punjab Cricket Association IS Bindra Stadium,False,True,40,6,6.666666666666667,46,6.8999999999999995,20,190,144,13.333333333333332,10.8,1,9
6.5,6,5,42,Mohit Sharma,Parthiv Patel,1,False,-1.0,21,Mohali,Punjab Cricket Association IS Bindra Stadium,True,False,40,6,6.666666666666667,47,7.05,20,190,143,13.333333333333332,10.725000000000001,1,9
6.5,6,5,43,Mohit Sharma,Parthiv Patel,1,False,-0.5,21,Mohali,Punjab Cricket Association IS Bindra Stadium,False,True,41,6,6.833333333333333,48,7.024390243902439,20,190,142,13.166666666666668,10.784810126582277,1,9
6.6,6,6,44,Mohit Sharma,Ambati Rayudu,1,False,-0.5,21,Mohali,Punjab Cricket Association IS Bindra Stadium,False,True,42,6,7.0,49,7.0,20,190,141,13.0,10.846153846153847,1,9
7.1,7,1,45,Glenn Maxwell,Ambati Rayudu,1,False,-0.5,21,Mohali,Punjab Cricket Association IS Bindra Stadium,False,True,43,7,7.166666666666667,50,6.976744186046512,20,190,140,12.833333333333332,10.90909090909091,1,9
7.2,7,2,46,Glenn Maxwell,Parthiv Patel,1,False,-0.5,21,Mohali,Punjab Cricket Association IS Bindra Stadium,False,True,44,7,7.333333333333333,51,6.954545454545455,20,190,139,12.666666666666668,10.973684210526315,1,9
7.3,7,3,47,Glenn Maxwell,Ambati Rayudu,0,False,1.0,21,Mohali,Punjab Cricket Association IS Bindra Stadium,False,True,45,7,7.5,51,6.8,20,190,139,12.5,11.12,1,9
7.4,7,4,48,Glenn Maxwell,Ambati Rayudu,6,False,-3.0,21,Mohali,Punjab Cricket Association IS Bindra Stadium,False,True,46,7,7.666666666666667,57,7.434782608695652,20,190,133,12.333333333333332,10.783783783783784,1,9
7.5,7,5,49,Glenn Maxwell,Ambati Rayudu,2,False,-1.0,21,Mohali,Punjab Cricket Association IS Bindra Stadium,False,True,47,7,7.833333333333333,59,7.531914893617022,20,190,131,12.166666666666668,10.767123287671232,1,9
7.6,7,6,50,Glenn Maxwell,Ambati Rayudu,1,False,-0.5,21,Mohali,Punjab Cricket Association IS Bindra Stadium,False,True,48,7,8.0,60,7.5,20,190,130,12.0,10.833333333333334,1,9
8.1,8,1,51,Pardeep Sahu,Ambati Rayudu,1,False,-0.5,21,Mohali,Punjab Cricket Association IS Bindra Stadium,False,True,49,8,8.166666666666666,61,7.469387755102042,20,190,129,11.833333333333334,10.901408450704224,1,9
8.2,8,2,52,Pardeep Sahu,Parthiv Patel,1,False,-0.5,21,Mohali,Punjab Cricket Association IS Bindra Stadium,False,True,50,8,8.333333333333334,62,7.4399999999999995,20,190,128,11.666666666666666,10.971428571428572,1,9
8.3,8,3,53,Pardeep Sahu,Ambati Rayudu,4,False,-2.0,21,Mohali,Punjab Cricket Association IS Bindra Stadium,False,True,51,8,8.5,66,7.764705882352941,20,190,124,11.5,10.782608695652174,1,9
8.4,8,4,54,Pardeep Sahu,Ambati Rayudu,1,False,-0.5,21,Mohali,Punjab Cricket Association IS Bindra Stadium,False,True,52,8,8.666666666666666,67,7.730769230769232,20,190,123,11.333333333333334,10.852941176470587,1,9
8.5,8,5,55,Pardeep Sahu,Parthiv Patel,1,False,-0.5,21,Mohali,Punjab Cricket Association IS Bindra Stadium,False,True,53,8,8.833333333333334,68,7.698113207547169,20,190,122,11.166666666666666,10.925373134328359,1,9
8.6,8,6,56,Pardeep Sahu,Ambati Rayudu,1,False,-0.5,21,Mohali,Punjab Cricket Association IS Bindra Stadium,False,True,54,8,9.0,69,7.666666666666667,20,190,121,11.0,11.0,1,9
9.1,9,1,57,Axar Patel,Ambati Rayudu,1,False,-0.5,21,Mohali,Punjab Cricket Association IS Bindra Stadium,False,True,55,9,9.166666666666666,70,7.636363636363637,20,190,120,10.833333333333334,11.076923076923077,1,9
9.2,9,2,58,Axar Patel,Parthiv Patel,0,False,1.0,21,Mohali,Punjab Cricket Association IS Bindra Stadium,False,True,56,9,9.333333333333334,70,7.499999999999999,20,190,120,10.666666666666666,11.25,1,9
9.3,9,3,59,Axar Patel,Parthiv Patel,1,False,-0.5,21,Mohali,Punjab Cricket Association IS Bindra Stadium,False,True,57,9,9.5,71,7.473684210526316,20,190,119,10.5,11.333333333333334,1,9
9.4,9,4,60,Axar Patel,Ambati Rayudu,1,False,-0.5,21,Mohali,Punjab Cricket Association IS Bindra Stadium,False,True,58,9,9.666666666666666,72,7.448275862068966,20,190,118,10.333333333333334,11.419354838709676,1,9
9.5,9,5,61,Axar Patel,Parthiv Patel,4,False,-2.0,21,Mohali,Punjab Cricket Association IS Bindra Stadium,False,True,59,9,9.833333333333334,76,7.728813559322034,20,190,114,10.166666666666666,11.213114754098362,1,9
9.6,9,6,62,Axar Patel,Parthiv Patel,1,False,-0.5,21,Mohali,Punjab Cricket Association IS Bindra Stadium,False,True,60,9,10.0,77,7.7,20,190,113,10.0,11.3,1,9
10.1,10,1,63,Pardeep Sahu,Parthiv Patel,1,False,-0.5,21,Mohali,Punjab Cricket Association IS Bindra Stadium,False,True,61,10,10.166666666666666,78,7.672131147540984,20,190,112,9.833333333333334,11.389830508474576,1,9
10.2,10,2,64,Pardeep Sahu,Ambati Rayudu,0,False,1.0,21,Mohali,Punjab Cricket Association IS Bindra Stadium,False,True,62,10,10.333333333333334,78,7.548387096774193,20,190,112,9.666666666666666,11.586206896551724,1,9
10.3,10,3,65,Pardeep Sahu,Ambati Rayudu,1,False,-0.5,21,Mohali,Punjab Cricket Association IS Bindra Stadium,False,True,63,10,10.5,79,7.523809523809524,20,190,111,9.5,11.68421052631579,1,9
10.4,10,4,66,Pardeep Sahu,Parthiv Patel,1,False,-0.5,21,Mohali,Punjab Cricket Association IS Bindra Stadium,False,True,64,10,10.666666666666666,80,7.5,20,190,110,9.333333333333334,11.785714285714285,1,9
10.5,10,5,67,Pardeep Sahu,Ambati Rayudu,1,False,-0.5,21,Mohali,Punjab Cricket Association IS Bindra Stadium,False,True,65,10,10.833333333333334,81,7.476923076923076,20,190,109,9.166666666666666,11.890909090909092,1,9
10.6,10,6,68,Pardeep Sahu,Parthiv Patel,6,False,-3.0,21,Mohali,Punjab Cricket Association IS Bindra Stadium,False,True,66,10,11.0,87,7.909090909090909,20,190,103,9.0,11.444444444444445,1,9
11.1,11,1,69,Axar Patel,Ambati Rayudu,6,False,-3.0,21,Mohali,Punjab Cricket Association IS Bindra Stadium,False,True,67,11,11.166666666666666,93,8.328358208955224,20,190,97,8.833333333333334,10.981132075471697,1,9
11.2,11,2,70,Axar Patel,Ambati Rayudu,4,False,-2.0,21,Mohali,Punjab Cricket Association IS Bindra Stadium,False,True,68,11,11.333333333333334,97,8.558823529411764,20,190,93,8.666666666666666,10.730769230769232,1,9
11.3,11,3,71,Axar Patel,Ambati Rayudu,1,False,-0.5,21,Mohali,Punjab Cricket Association IS Bindra Stadium,False,True,69,11,11.5,98,8.521739130434783,20,190,92,8.5,10.823529411764707,1,9
11.4,11,4,72,Axar Patel,Parthiv Patel,1,False,-0.25,21,Mohali,Punjab Cricket Association IS Bindra Stadium,False,True,70,11,11.666666666666666,99,8.485714285714286,20,190,91,8.333333333333334,10.92,1,9
11.5,11,5,73,Axar Patel,Ambati Rayudu,1,False,-0.5,21,Mohali,Punjab Cricket Association IS Bindra Stadium,False,True,71,11,11.833333333333334,100,8.450704225352112,20,190,90,8.166666666666666,11.020408163265307,1,9
11.6,11,6,74,Axar Patel,Parthiv Patel,1,False,-0.5,21,Mohali,Punjab Cricket Association IS Bindra Stadium,False,True,72,11,12.0,101,8.416666666666666,20,190,89,8.0,11.125,1,9
12.1,12,1,75,Mohit Sharma,Parthiv Patel,2,False,-1.0,21,Mohali,Punjab Cricket Association IS Bindra Stadium,False,True,73,12,12.166666666666666,103,8.465753424657535,20,190,87,7.833333333333334,11.106382978723403,1,9
12.2,12,2,76,Mohit Sharma,Parthiv Patel,1,False,-0.5,21,Mohali,Punjab Cricket Association IS Bindra Stadium,False,True,74,12,12.333333333333334,104,8.432432432432432,20,190,86,7.666666666666666,11.217391304347826,1,9
12.3,12,3,77,Mohit Sharma,Ambati Rayudu,1,False,-0.5,21,Mohali,Punjab Cricket Association IS Bindra Stadium,False,True,75,12,12.5,105,8.4,20,190,85,7.5,11.333333333333334,1,9
12.4,12,4,78,Mohit Sharma,Parthiv Patel,0,False,1.0,21,Mohali,Punjab Cricket Association IS Bindra Stadium,False,True,76,12,12.666666666666666,105,8.289473684210527,20,190,85,7.333333333333334,11.59090909090909,1,9
12.5,12,5,79,Mohit Sharma,Parthiv Patel,4,False,-2.0,21,Mohali,Punjab Cricket Association IS Bindra Stadium,False,True,77,12,12.833333333333334,109,8.493506493506493,20,190,81,7.166666666666666,11.30232558139535,1,9
12.5,12,5,80,Mohit Sharma,Parthiv Patel,1,False,-1.0,21,Mohali,Punjab Cricket Association IS Bindra Stadium,True,False,77,12,12.833333333333334,110,8.571428571428571,20,190,80,7.166666666666666,11.162790697674419,1,9
12.6,12,6,81,Mohit Sharma,Parthiv Patel,4,False,-2.0,21,Mohali,Punjab Cricket Association IS Bindra Stadium,False,True,78,12,13.0,114,8.76923076923077,20,190,76,7.0,10.857142857142858,1,9
13.1,13,1,82,Mitchell Johnson,Ambati Rayudu,1,False,-0.5,21,Mohali,Punjab Cricket Association IS Bindra Stadium,False,True,79,13,13.166666666666666,115,8.734177215189874,20,190,75,6.833333333333334,10.97560975609756,1,9
13.2,13,2,83,Mitchell Johnson,Parthiv Patel,4,False,-2.0,21,Mohali,Punjab Cricket Association IS Bindra Stadium,False,True,80,13,13.333333333333334,119,8.924999999999999,20,190,71,6.666666666666666,10.65,1,9
13.3,13,3,84,Mitchell Johnson,Parthiv Patel,0,False,1.0,21,Mohali,Punjab Cricket Association IS Bindra Stadium,False,True,81,13,13.5,119,8.814814814814815,20,190,71,6.5,10.923076923076923,1,9
13.4,13,4,85,Mitchell Johnson,Parthiv Patel,4,False,-2.0,21,Mohali,Punjab Cricket Association IS Bindra Stadium,False,True,82,13,13.666666666666666,123,9.0,20,190,67,6.333333333333334,10.578947368421051,1,9
13.5,13,5,86,Mitchell Johnson,Parthiv Patel,2,False,-1.0,21,Mohali,Punjab Cricket Association IS Bindra Stadium,False,True,83,13,13.833333333333334,125,9.036144578313253,20,190,65,6.166666666666666,10.540540540540542,1,9
13.6,13,6,87,Mitchell Johnson,Parthiv Patel,0,False,1.0,21,Mohali,Punjab Cricket Association IS Bindra Stadium,False,True,84,13,14.0,125,8.928571428571429,20,190,65,6.0,10.833333333333334,1,9
14.1,14,1,88,Axar Patel,Ambati Rayudu,6,False,-3.0,21,Mohali,Punjab Cricket Association IS Bindra Stadium,False,True,85,14,14.166666666666666,131,9.247058823529413,20,190,59,5.833333333333334,10.114285714285714,1,9
14.2,14,2,89,Axar Patel,Ambati Rayudu,6,False,-3.0,21,Mohali,Punjab Cricket Association IS Bindra Stadium,False,True,86,14,14.333333333333334,137,9.55813953488372,20,190,53,5.666666666666666,9.352941176470589,1,9
14.3,14,3,90,Axar Patel,Ambati Rayudu,0,True,5.0,21,Mohali,Punjab Cricket Association IS Bindra Stadium,False,True,87,14,14.5,137,9.448275862068966,20,190,53,5.5,9.636363636363637,2,8
14.4,14,4,91,Axar Patel,Parthiv Patel,1,False,-0.5,21,Mohali,Punjab Cricket Association IS Bindra Stadium,False,True,88,14,14.666666666666666,138,9.40909090909091,20,190,52,5.333333333333334,9.749999999999998,2,8
14.5,14,5,92,Axar Patel,Jos Buttler,1,False,-0.5,21,Mohali,Punjab Cricket Association IS Bindra Stadium,False,True,89,14,14.833333333333334,139,9.370786516853933,20,190,51,5.166666666666666,9.870967741935486,2,8
14.6,14,6,93,Axar Patel,Parthiv Patel,1,False,-0.5,21,Mohali,Punjab Cricket Association IS Bindra Stadium,False,True,90,14,15.0,140,9.333333333333334,20,190,50,5.0,10.0,2,8
15.1,15,1,94,Pardeep Sahu,Parthiv Patel,6,False,-3.0,21,Mohali,Punjab Cricket Association IS Bindra Stadium,False,True,91,15,15.166666666666666,146,9.626373626373626,20,190,44,4.833333333333334,9.103448275862068,2,8
15.2,15,2,95,Pardeep Sahu,Parthiv Patel,1,False,-0.5,21,Mohali,Punjab Cricket Association IS Bindra Stadium,False,True,92,15,15.333333333333334,147,9.58695652173913,20,190,43,4.666666666666666,9.214285714285715,2,8
15.3,15,3,96,Pardeep Sahu,Jos Buttler,6,False,-3.0,21,Mohali,Punjab Cricket Association IS Bindra Stadium,False,True,93,15,15.5,153,9.870967741935484,20,190,37,4.5,8.222222222222221,2,8
15.4,15,4,97,Pardeep Sahu,Jos Buttler,1,False,-0.5,21,Mohali,Punjab Cricket Association IS Bindra Stadium,False,True,94,15,15.666666666666666,154,9.829787234042554,20,190,36,4.333333333333334,8.307692307692307,2,8
15.5,15,5,98,Pardeep Sahu,Parthiv Patel,1,False,-0.5,21,Mohali,Punjab Cricket Association IS Bindra Stadium,False,True,95,15,15.833333333333334,155,9.789473684210526,20,190,35,4.166666666666666,8.4,2,8
15.6,15,6,99,Pardeep Sahu,Jos Buttler,1,False,-0.5,21,Mohali,Punjab Cricket Association IS Bindra Stadium,False,True,96,15,16.0,156,9.75,20,190,34,4.0,8.5,2,8
16.1,16,1,100,Sandeep Sharma,Jos Buttler,0,False,1.0,21,Mohali,Punjab Cricket Association IS Bindra Stadium,False,True,97,16,16.166666666666668,156,9.649484536082474,20,190,34,3.833333333333332,8.869565217391306,2,8
16.2,16,2,101,Sandeep Sharma,Jos Buttler,4,False,-2.0,21,Mohali,Punjab Cricket Association IS Bindra Stadium,False,True,98,16,16.333333333333332,160,9.795918367346939,20,190,30,3.666666666666668,8.18181818181818,2,8
16.3,16,3,102,Sandeep Sharma,Jos Buttler,0,False,1.0,21,Mohali,Punjab Cricket Association IS Bindra Stadium,False,True,99,16,16.5,160,9.696969696969697,20,190,30,3.5,8.571428571428571,2,8
16.4,16,4,103,Sandeep Sharma,Jos Buttler,1,False,-1.0,21,Mohali,Punjab Cricket Association IS Bindra Stadium,True,False,99,16,16.5,161,9.757575757575758,20,190,29,3.5,8.285714285714286,2,8
16.4,16,4,104,Sandeep Sharma,Jos Buttler,1,False,-0.5,21,Mohali,Punjab Cricket Association IS Bindra Stadium,False,True,100,16,16.666666666666668,162,9.719999999999999,20,190,28,3.333333333333332,8.400000000000002,2,8
16.5,16,5,105,Sandeep Sharma,Parthiv Patel,1,False,-0.5,21,Mohali,Punjab Cricket Association IS Bindra Stadium,False,True,101,16,16.833333333333332,163,9.683168316831685,20,190,27,3.166666666666668,8.526315789473681,2,8
16.6,16,6,106,Sandeep Sharma,Jos Buttler,2,False,-1.0,21,Mohali,Punjab Cricket Association IS Bindra Stadium,False,True,102,16,17.0,165,9.705882352941176,20,190,25,3.0,8.333333333333334,2,8
17.1,17,1,107,Mohit Sharma,Parthiv Patel,1,False,-0.5,21,Mohali,Punjab Cricket Association IS Bindra Stadium,False,True,103,17,17.166666666666668,166,9.669902912621358,20,190,24,2.833333333333332,8.470588235294121,2,8
17.2,17,2,108,Mohit Sharma,Jos Buttler,4,False,-2.0,21,Mohali,Punjab Cricket Association IS Bindra Stadium,False,True,104,17,17.333333333333332,170,9.807692307692308,20,190,20,2.666666666666668,7.4999999999999964,2,8
17.3,17,3,109,Mohit Sharma,Jos Buttler,4,False,-2.0,21,Mohali,Punjab Cricket Association IS Bindra Stadium,False,True,105,17,17.5,174,9.942857142857143,20,190,16,2.5,6.4,2,8
17.4,17,4,110,Mohit Sharma,Jos Buttler,0,False,1.0,21,Mohali,Punjab Cricket Association IS Bindra Stadium,False,True,106,17,17.666666666666668,174,9.849056603773585,20,190,16,2.333333333333332,6.85714285714286,2,8
17.5,17,5,111,Mohit Sharma,Jos Buttler,0,True,5.0,21,Mohali,Punjab Cricket Association IS Bindra Stadium,False,True,107,17,17.833333333333332,174,9.757009345794394,20,190,16,2.166666666666668,7.384615384615381,3,7
17.6,17,6,112,Mohit Sharma,Kieron Pollard,2,False,-1.0,21,Mohali,Punjab Cricket Association IS Bindra Stadium,False,True,108,17,18.0,176,9.777777777777779,20,190,14,2.0,7.0,3,7
18.1,18,1,113,Mitchell Johnson,Parthiv Patel,1,False,-0.5,21,Mohali,Punjab Cricket Association IS Bindra Stadium,False,True,109,18,18.166666666666668,177,9.743119266055045,20,190,13,1.8333333333333321,7.090909090909095,3,7
18.2,18,2,114,Mitchell Johnson,Kieron Pollard,2,False,-1.0,21,Mohali,Punjab Cricket Association IS Bindra Stadium,False,True,110,18,18.333333333333332,179,9.763636363636364,20,190,11,1.6666666666666679,6.599999999999995,3,7
18.3,18,3,115,Mitchell Johnson,Kieron Pollard,1,False,-0.5,21,Mohali,Punjab Cricket Association IS Bindra Stadium,False,True,111,18,18.5,180,9.72972972972973,20,190,10,1.5,6.666666666666667,3,7
18.4,18,4,116,Mitchell Johnson,Parthiv Patel,0,True,5.0,21,Mohali,Punjab Cricket Association IS Bindra Stadium,False,True,112,18,18.666666666666668,180,9.642857142857142,20,190,10,1.3333333333333321,7.500000000000007,4,6
18.5,18,5,117,Mitchell Johnson,Kieron Pollard,1,False,-0.5,21,Mohali,Punjab Cricket Association IS Bindra Stadium,False,True,113,18,18.833333333333332,181,9.610619469026549,20,190,9,1.1666666666666679,7.714285714285706,4,6
18.6,18,6,118,Mitchell Johnson,Hardik Pandya,4,False,-2.0,21,Mohali,Punjab Cricket Association IS Bindra Stadium,False,True,114,18,19.0,185,9.736842105263158,20,190,5,1.0,5.0,4,6
19.1,19,1,119,Mohit Sharma,Kieron Pollard,2,False,-1.0,21,Mohali,Punjab Cricket Association IS Bindra Stadium,False,True,115,19,19.166666666666668,187,9.756521739130434,20,190,3,0.8333333333333321,3.600000000000005,4,6
19.2,19,2,120,Mohit Sharma,Kieron Pollard,2,False,-1.0,21,Mohali,Punjab Cricket Association IS Bindra Stadium,False,True,116,19,19.333333333333332,189,9.775862068965518,20,190,1,0.6666666666666679,1.4999999999999973,4,6
19.3,19,3,121,Mohit Sharma,Kieron Pollard,0,False,1.0,21,Mohali,Punjab Cricket Association IS Bindra Stadium,False,True,117,19,19.5,189,9.692307692307692,20,190,1,0.5,2.0,4,6
19.4,19,4,122,Mohit Sharma,Kieron Pollard,0,False,1.0,21,Mohali,Punjab Cricket Association IS Bindra Stadium,False,True,118,19,19.666666666666668,189,9.610169491525424,20,190,1,0.33333333333333215,3.0000000000000107,4,6
19.5,19,5,123,Mohit Sharma,Kieron Pollard,0,True,5.0,21,Mohali,Punjab Cricket Association IS Bindra Stadium,False,True,119,19,19.833333333333332,189,9.529411764705882,20,190,1,0.16666666666666785,5.999999999999957,5,5
19.6,19,6,124,Mohit Sharma,Hardik Pandya,0,True,5.0,21,Mohali,Punjab Cricket Association IS Bindra Stadium,False,True,120,19,20.0,189,9.45,20,190,1,0.0,inf,6,4
