Ball Number,over,ball,Ball,bowler,batsman,Runs,is_wicket,bowler_score,match_id,city,stadium,is_extra,legal_delivery,legal_deliveries_count,overs_completed,overs_bowled,total_runs,current_run_rate,total_overs,target,runs_needed,overs_remaining,required_run_rate,wickets_fallen,wickets_in_hand
0.1,0,1,1,Tim Southee,Murali Vijay,0,False,1.0,21,Mohali,Punjab Cricket Association IS Bindra Stadium,False,True,1,0,0.16666666666666666,0,0.0,20,190,190,19.833333333333332,9.579831932773109,0,10
0.2,0,2,2,Tim Southee,Murali Vijay,0,False,1.0,21,Mohali,Punjab Cricket Association IS Bindra Stadium,False,True,2,0,0.3333333333333333,0,0.0,20,190,190,19.666666666666668,9.661016949152541,0,10
0.3,0,3,3,Tim Southee,Murali Vijay,1,False,-0.5,21,Mohali,Punjab Cricket Association IS Bindra Stadium,False,True,3,0,0.5,1,2.0,20,190,189,19.5,9.692307692307692,0,10
0.4,0,4,4,Tim Southee,Manan Vohra,0,False,1.0,21,Mohali,Punjab Cricket Association IS Bindra Stadium,False,True,4,0,0.6666666666666666,1,1.5,20,190,189,19.333333333333332,9.775862068965518,0,10
0.5,0,5,5,Tim Southee,Manan Vohra,0,False,1.0,21,Mohali,Punjab Cricket Association IS Bindra Stadium,False,True,5,0,0.8333333333333334,1,1.2,20,190,189,19.166666666666668,9.86086956521739,0,10
0.6,0,6,6,Tim Southee,Manan Vohra,0,False,1.0,21,Mohali,Punjab Cricket Association IS Bindra Stadium,False,True,6,0,1.0,1,1.0,20,190,189,19.0,9.947368421052632,0,10
1.1,1,1,7,Mitchell McClenaghan,Murali Vijay,4,False,-2.0,21,Mohali,Punjab Cricket Association IS Bindra Stadium,False,True,7,1,1.1666666666666667,5,4.285714285714286,20,190,185,18.833333333333332,9.823008849557523,0,10
1.2,1,2,8,Mitchell McClenaghan,Murali Vijay,0,False,1.0,21,Mohali,Punjab Cricket Association IS Bindra Stadium,False,True,8,1,1.3333333333333333,5,3.75,20,190,185,18.666666666666668,9.910714285714285,0,10
1.3,1,3,9,Mitchell McClenaghan,Murali Vijay,0,False,1.0,21,Mohali,Punjab Cricket Association IS Bindra Stadium,False,True,9,1,1.5,5,3.3333333333333335,20,190,185,18.5,10.0,0,10
1.4,1,4,10,Mitchell McClenaghan,Murali Vijay,0,False,1.0,21,Mohali,Punjab Cricket Association IS Bindra Stadium,False,True,10,1,1.6666666666666665,5,3.0000000000000004,20,190,185,18.333333333333332,10.090909090909092,0,10
1.5,1,5,11,Mitchell McClenaghan,Murali Vijay,4,False,-2.0,21,Mohali,Punjab Cricket Association IS Bindra Stadium,False,True,11,1,1.8333333333333335,9,4.909090909090908,20,190,181,18.166666666666668,9.963302752293577,0,10
1.6,1,6,12,Mitchell McClenaghan,Murali Vijay,1,False,-0.5,21,Mohali,Punjab Cricket Association IS Bindra Stadium,False,True,12,1,2.0,10,5.0,20,190,180,18.0,10.0,0,10
2.1,2,1,13,Tim Southee,Murali Vijay,1,False,-0.5,21,Mohali,Punjab Cricket Association IS Bindra Stadium,False,True,13,2,2.1666666666666665,11,5.0769230769230775,20,190,179,17.833333333333332,10.037383177570094,0,10
2.2,2,2,14,Tim Southee,Manan Vohra,1,False,-0.5,21,Mohali,Punjab Cricket Association IS Bindra Stadium,False,True,14,2,2.3333333333333335,12,5.142857142857142,20,190,178,17.666666666666668,10.075471698113207,0,10
2.3,2,3,15,Tim Southee,Murali Vijay,2,False,-1.0,21,Mohali,Punjab Cricket Association IS Bindra Stadium,False,True,15,2,2.5,14,5.6,20,190,176,17.5,10.057142857142857,0,10
2.4,2,4,16,Tim Southee,Murali Vijay,6,False,-3.0,21,Mohali,Punjab Cricket Association IS Bindra Stadium,False,True,16,2,2.6666666666666665,20,7.5,20,190,170,17.333333333333332,9.807692307692308,0,10
2.5,2,5,17,Tim Southee,Murali Vijay,0,True,5.0,21,Mohali,Punjab Cricket Association IS Bindra Stadium,False,True,17,2,2.8333333333333335,20,7.0588235294117645,20,190,170,17.166666666666668,9.902912621359222,1,9
2.6,2,6,18,Tim Southee,Manan Vohra,1,False,-0.5,21,Mohali,Punjab Cricket Association IS Bindra Stadium,False,True,18,2,3.0,21,7.0,20,190,169,17.0,9.941176470588236,1,9
3.1,3,1,19,Mitchell McClenaghan,Manan Vohra,1,False,-0.5,21,Mohali,Punjab Cricket Association IS Bindra Stadium,False,True,19,3,3.1666666666666665,22,6.947368421052632,20,190,168,16.833333333333332,9.98019801980198,1,9
3.2,3,2,20,Mitchell McClenaghan,Shaun Marsh,1,False,-0.5,21,Mohali,Punjab Cricket Association IS Bindra Stadium,False,True,20,3,3.3333333333333335,23,6.8999999999999995,20,190,167,16.666666666666668,10.02,1,9
3.3,3,3,21,Mitchell McClenaghan,Manan Vohra,1,False,-0.5,21,Mohali,Punjab Cricket Association IS Bindra Stadium,False,True,21,3,3.5,24,6.857142857142857,20,190,166,16.5,10.06060606060606,1,9
3.4,3,4,22,Mitchell McClenaghan,Shaun Marsh,2,False,-1.0,21,Mohali,Punjab Cricket Association IS Bindra Stadium,False,True,22,3,3.6666666666666665,26,7.090909090909091,20,190,164,16.333333333333332,10.040816326530614,1,9
3.5,3,5,23,Mitchell McClenaghan,Shaun Marsh,1,False,-0.5,21,Mohali,Punjab Cricket Association IS Bindra Stadium,False,True,23,3,3.8333333333333335,27,7.0434782608695645,20,190,163,16.166666666666668,10.082474226804123,1,9
3.6,3,6,24,Mitchell McClenaghan,Manan Vohra,1,False,-0.5,21,Mohali,Punjab Cricket Association IS Bindra Stadium,False,True,24,3,4.0,28,7.0,20,190,162,16.0,10.125,1,9
4.1,4,1,25,Jasprit Bumrah,Manan Vohra,1,False,-0.5,21,Mohali,Punjab Cricket Association IS Bindra Stadium,False,True,25,4,4.166666666666667,29,6.959999999999999,20,190,161,15.833333333333332,10.16842105263158,1,9
4.2,4,2,26,Jasprit Bumrah,Shaun Marsh,1,False,-0.5,21,Mohali,Punjab Cricket Association IS Bindra Stadium,False,True,26,4,4.333333333333333,30,6.923076923076923,20,190,160,15.666666666666668,10.212765957446807,1,9
4.3,4,3,27,Jasprit Bumrah,Manan Vohra,1,False,-0.5,21,Mohali,Punjab Cricket Association IS Bindra Stadium,False,True,27,4,4.5,31,6.888888888888889,20,190,159,15.5,10.258064516129032,1,9
4.4,4,4,28,Jasprit Bumrah,Shaun Marsh,1,False,-0.5,21,Mohali,Punjab Cricket Association IS Bindra Stadium,False,True,28,4,4.666666666666667,32,6.857142857142857,20,190,158,15.333333333333332,10.304347826086957,1,9
4.5,4,5,29,Jasprit Bumrah,Manan Vohra,0,True,5.0,21,Mohali,Punjab Cricket Association IS Bindra Stadium,False,True,29,4,4.833333333333333,32,6.620689655172415,20,190,158,15.166666666666668,10.417582417582416,2,8
4.6,4,6,30,Jasprit Bumrah,Glenn Maxwell,1,False,-0.5,21,Mohali,Punjab Cricket Association IS Bindra Stadium,False,True,30,4,5.0,33,6.6,20,190,157,15.0,10.466666666666667,2,8
5.1,5,1,31,Tim Southee,Glenn Maxwell,0,False,1.0,21,Mohali,Punjab Cricket Association IS Bindra Stadium,False,True,31,5,5.166666666666667,33,6.387096774193548,20,190,157,14.833333333333332,10.584269662921349,2,8
5.2,5,2,32,Tim Southee,Glenn Maxwell,0,False,1.0,21,Mohali,Punjab Cricket Association IS Bindra Stadium,False,True,32,5,5.333333333333333,33,6.1875,20,190,157,14.666666666666668,10.704545454545453,2,8
5.3,5,3,33,Tim Southee,Glenn Maxwell,4,False,-2.0,21,Mohali,Punjab Cricket Association IS Bindra Stadium,False,True,33,5,5.5,37,6.7272727272727275,20,190,153,14.5,10.551724137931034,2,8
5.4,5,4,34,Tim Southee,Glenn Maxwell,2,False,-1.0,21,Mohali,Punjab Cricket Association IS Bindra Stadium,False,True,34,5,5.666666666666667,39,6.88235294117647,20,190,151,14.333333333333332,10.534883720930234,2,8
5.5,5,5,35,Tim Southee,Glenn Maxwell,1,False,-0.5,21,Mohali,Punjab Cricket Association IS Bindra Stadium,False,True,35,5,5.833333333333333,40,6.857142857142858,20,190,150,14.166666666666668,10.588235294117647,2,8
5.6,5,6,36,Tim Southee,Shaun Marsh,0,False,1.0,21,Mohali,Punjab Cricket Association IS Bindra Stadium,False,True,36,5,6.0,40,6.666666666666667,20,190,150,14.0,10.714285714285714,2,8
6.1,6,1,37,Krunal Pandya,Glenn Maxwell,0,False,1.0,21,Mohali,Punjab Cricket Association IS Bindra Stadium,False,True,37,6,6.166666666666667,40,6.486486486486486,20,190,150,13.833333333333332,10.843373493975905,2,8
6.2,6,2,38,Krunal Pandya,Glenn Maxwell,2,False,-1.0,21,Mohali,Punjab Cricket Association IS Bindra Stadium,False,True,38,6,6.333333333333333,42,6.631578947368421,20,190,148,13.666666666666668,10.829268292682926,2,8
6.3,6,3,39,Krunal Pandya,Glenn Maxwell,1,False,-0.25,21,Mohali,Punjab Cricket Association IS Bindra Stadium,False,True,39,6,6.5,43,6.615384615384615,20,190,147,13.5,10.88888888888889,2,8
6.4,6,4,40,Krunal Pandya,Shaun Marsh,4,False,-2.0,21,Mohali,Punjab Cricket Association IS Bindra Stadium,False,True,40,6,6.666666666666667,47,7.05,20,190,143,13.333333333333332,10.725000000000001,2,8
6.5,6,5,41,Krunal Pandya,Shaun Marsh,2,False,-1.0,21,Mohali,Punjab Cricket Association IS Bindra Stadium,False,True,41,6,6.833333333333333,49,7.170731707317073,20,190,141,13.166666666666668,10.70886075949367,2,8
6.6,6,6,42,Krunal Pandya,Shaun Marsh,1,False,-0.5,21,Mohali,Punjab Cricket Association IS Bindra Stadium,False,True,42,6,7.0,50,7.142857142857143,20,190,140,13.0,10.76923076923077,2,8
7.1,7,1,43,Harbhajan Singh,Shaun Marsh,1,False,-0.5,21,Mohali,Punjab Cricket Association IS Bindra Stadium,False,True,43,7,7.166666666666667,51,7.116279069767441,20,190,139,12.833333333333332,10.831168831168831,2,8
7.2,7,2,44,Harbhajan Singh,Glenn Maxwell,1,False,-0.5,21,Mohali,Punjab Cricket Association IS Bindra Stadium,False,True,44,7,7.333333333333333,52,7.090909090909091,20,190,138,12.666666666666668,10.894736842105262,2,8
7.3,7,3,45,Harbhajan Singh,Shaun Marsh,4,False,-2.0,21,Mohali,Punjab Cricket Association IS Bindra Stadium,False,True,45,7,7.5,56,7.466666666666667,20,190,134,12.5,10.72,2,8
7.4,7,4,46,Harbhajan Singh,Shaun Marsh,0,False,1.0,21,Mohali,Punjab Cricket Association IS Bindra Stadium,False,True,46,7,7.666666666666667,56,7.304347826086956,20,190,134,12.333333333333332,10.864864864864867,2,8
7.5,7,5,47,Harbhajan Singh,Shaun Marsh,1,False,-0.5,21,Mohali,Punjab Cricket Association IS Bindra Stadium,False,True,47,7,7.833333333333333,57,7.276595744680852,20,190,133,12.166666666666668,10.931506849315067,2,8
7.6,7,6,48,Harbhajan Singh,Glenn Maxwell,0,False,1.0,21,Mohali,Punjab Cricket Association IS Bindra Stadium,False,True,48,7,8.0,57,7.125,20,190,133,12.0,11.083333333333334,2,8
8.1,8,1,49,Krunal Pandya,Shaun Marsh,2,False,-1.0,21,Mohali,Punjab Cricket Association IS Bindra Stadium,False,True,49,8,8.166666666666666,59,7.224489795918368,20,190,131,11.833333333333334,11.070422535211266,2,8
8.2,8,2,50,Krunal Pandya,Shaun Marsh,1,False,-0.5,21,Mohali,Punjab Cricket Association IS Bindra Stadium,False,True,50,8,8.333333333333334,60,7.199999999999999,20,190,130,11.666666666666666,11.142857142857144,2,8
8.3,8,3,51,Krunal Pandya,Glenn Maxwell,2,False,-1.0,21,Mohali,Punjab Cricket Association IS Bindra Stadium,False,True,51,8,8.5,62,7.294117647058823,20,190,128,11.5,11.130434782608695,2,8
8.4,8,4,52,Krunal Pandya,Glenn Maxwell,1,False,-0.5,21,Mohali,Punjab Cricket Association IS Bindra Stadium,False,True,52,8,8.666666666666666,63,7.26923076923077,20,190,127,11.333333333333334,11.205882352941176,2,8
8.5,8,5,53,Krunal Pandya,Shaun Marsh,4,False,-2.0,21,Mohali,Punjab Cricket Association IS Bindra Stadium,False,True,53,8,8.833333333333334,67,7.584905660377358,20,190,123,11.166666666666666,11.014925373134329,2,8
8.6,8,6,54,Krunal Pandya,Shaun Marsh,1,False,-0.5,21,Mohali,Punjab Cricket Association IS Bindra Stadium,False,True,54,8,9.0,68,7.555555555555555,20,190,122,11.0,11.090909090909092,2,8
9.1,9,1,55,Harbhajan Singh,Shaun Marsh,1,False,-0.5,21,Mohali,Punjab Cricket Association IS Bindra Stadium,False,True,55,9,9.166666666666666,69,7.527272727272727,20,190,121,10.833333333333334,11.169230769230769,2,8
9.2,9,2,56,Harbhajan Singh,Glenn Maxwell,0,False,1.0,21,Mohali,Punjab Cricket Association IS Bindra Stadium,False,True,56,9,9.333333333333334,69,7.392857142857142,20,190,121,10.666666666666666,11.34375,2,8
9.3,9,3,57,Harbhajan Singh,Glenn Maxwell,1,False,-0.5,21,Mohali,Punjab Cricket Association IS Bindra Stadium,False,True,57,9,9.5,70,7.368421052631579,20,190,120,10.5,11.428571428571429,2,8
9.4,9,4,58,Harbhajan Singh,Shaun Marsh,0,False,1.0,21,Mohali,Punjab Cricket Association IS Bindra Stadium,False,True,58,9,9.666666666666666,70,7.241379310344828,20,190,120,10.333333333333334,11.61290322580645,2,8
9.5,9,5,59,Harbhajan Singh,Shaun Marsh,1,False,-0.5,21,Mohali,Punjab Cricket Association IS Bindra Stadium,False,True,59,9,9.833333333333334,71,7.220338983050847,20,190,119,10.166666666666666,11.704918032786885,2,8
9.6,9,6,60,Harbhajan Singh,Glenn Maxwell,4,False,-2.0,21,Mohali,Punjab Cricket Association IS Bindra Stadium,False,True,60,9,10.0,75,7.5,20,190,115,10.0,11.5,2,8
10.1,10,1,61,Kieron Pollard,Shaun Marsh,1,False,-0.5,21,Mohali,Punjab Cricket Association IS Bindra Stadium,False,True,61,10,10.166666666666666,76,7.475409836065574,20,190,114,9.833333333333334,11.59322033898305,2,8
10.2,10,2,62,Kieron Pollard,Glenn Maxwell,4,False,-2.0,21,Mohali,Punjab Cricket Association IS Bindra Stadium,False,True,62,10,10.333333333333334,80,7.741935483870967,20,190,110,9.666666666666666,11.379310344827587,2,8
10.3,10,3,63,Kieron Pollard,Glenn Maxwell,4,False,-2.0,21,Mohali,Punjab Cricket Association IS Bindra Stadium,False,True,63,10,10.5,84,8.0,20,190,106,9.5,11.157894736842104,2,8
10.4,10,4,64,Kieron Pollard,Glenn Maxwell,1,False,-0.5,21,Mohali,Punjab Cricket Association IS Bindra Stadium,False,True,64,10,10.666666666666666,85,7.96875,20,190,105,9.333333333333334,11.25,2,8
10.5,10,5,65,Kieron Pollard,Shaun Marsh,2,False,-1.0,21,Mohali,Punjab Cricket Association IS Bindra Stadium,False,True,65,10,10.833333333333334,87,8.03076923076923,20,190,103,9.166666666666666,11.236363636363636,2,8
10.6,10,6,66,Kieron Pollard,Shaun Marsh,1,False,-0.5,21,Mohali,Punjab Cricket Association IS Bindra Stadium,False,True,66,10,11.0,88,8.0,20,190,102,9.0,11.333333333333334,2,8
11.1,11,1,67,Harbhajan Singh,Shaun Marsh,0,False,1.0,21,Mohali,Punjab Cricket Association IS Bindra Stadium,False,True,67,11,11.166666666666666,88,7.880597014925374,20,190,102,8.833333333333334,11.547169811320755,2,8
11.2,11,2,68,Harbhajan Singh,Shaun Marsh,0,False,1.0,21,Mohali,Punjab Cricket Association IS Bindra Stadium,False,True,68,11,11.333333333333334,88,7.764705882352941,20,190,102,8.666666666666666,11.76923076923077,2,8
11.3,11,3,69,Harbhajan Singh,Shaun Marsh,1,False,-0.5,21,Mohali,Punjab Cricket Association IS Bindra Stadium,False,True,69,11,11.5,89,7.739130434782608,20,190,101,8.5,11.882352941176471,2,8
11.4,11,4,70,Harbhajan Singh,Glenn Maxwell,2,False,-1.0,21,Mohali,Punjab Cricket Association IS Bindra Stadium,False,True,70,11,11.666666666666666,91,7.800000000000001,20,190,99,8.333333333333334,11.879999999999999,2,8
11.5,11,5,71,Harbhajan Singh,Glenn Maxwell,0,False,1.0,21,Mohali,Punjab Cricket Association IS Bindra Stadium,False,True,71,11,11.833333333333334,91,7.690140845070422,20,190,99,8.166666666666666,12.122448979591837,2,8
11.6,11,6,72,Harbhajan Singh,Glenn Maxwell,4,False,-2.0,21,Mohali,Punjab Cricket Association IS Bindra Stadium,False,True,72,11,12.0,95,7.916666666666667,20,190,95,8.0,11.875,2,8
12.1,12,1,73,Jasprit Bumrah,Shaun Marsh,1,False,-0.25,21,Mohali,Punjab Cricket Association IS Bindra Stadium,False,True,73,12,12.166666666666666,96,7.89041095890411,20,190,94,7.833333333333334,11.999999999999998,2,8
12.2,12,2,74,Jasprit Bumrah,Glenn Maxwell,2,False,-1.0,21,Mohali,Punjab Cricket Association IS Bindra Stadium,False,True,74,12,12.333333333333334,98,7.945945945945946,20,190,92,7.666666666666666,12.000000000000002,2,8
12.3,12,3,75,Jasprit Bumrah,Glenn Maxwell,1,False,-0.5,21,Mohali,Punjab Cricket Association IS Bindra Stadium,False,True,75,12,12.5,99,7.92,20,190,91,7.5,12.133333333333333,2,8
12.4,12,4,76,Jasprit Bumrah,Shaun Marsh,1,False,-0.5,21,Mohali,Punjab Cricket Association IS Bindra Stadium,False,True,76,12,12.666666666666666,100,7.894736842105264,20,190,90,7.333333333333334,12.272727272727272,2,8
12.5,12,5,77,Jasprit Bumrah,Glenn Maxwell,1,False,-0.5,21,Mohali,Punjab Cricket Association IS Bindra Stadium,False,True,77,12,12.833333333333334,101,7.87012987012987,20,190,89,7.166666666666666,12.418604651162791,2,8
12.6,12,6,78,Jasprit Bumrah,Shaun Marsh,1,False,-0.5,21,Mohali,Punjab Cricket Association IS Bindra Stadium,False,True,78,12,13.0,102,7.846153846153846,20,190,88,7.0,12.571428571428571,2,8
13.1,13,1,79,Harbhajan Singh,Shaun Marsh,1,False,-0.5,21,Mohali,Punjab Cricket Association IS Bindra Stadium,False,True,79,13,13.166666666666666,103,7.822784810126582,20,190,87,6.833333333333334,12.73170731707317,2,8
13.2,13,2,80,Harbhajan Singh,Glenn Maxwell,0,False,1.0,21,Mohali,Punjab Cricket Association IS Bindra Stadium,False,True,80,13,13.333333333333334,103,7.725,20,190,87,6.666666666666666,13.05,2,8
13.3,13,3,81,Harbhajan Singh,Glenn Maxwell,1,False,-0.5,21,Mohali,Punjab Cricket Association IS Bindra Stadium,False,True,81,13,13.5,104,7.703703703703703,20,190,86,6.5,13.23076923076923,2,8
13.4,13,4,82,Harbhajan Singh,Shaun Marsh,1,False,-0.5,21,Mohali,Punjab Cricket Association IS Bindra Stadium,False,True,82,13,13.666666666666666,105,7.682926829268293,20,190,85,6.333333333333334,13.421052631578947,2,8
13.5,13,5,83,Harbhajan Singh,Glenn Maxwell,1,False,-0.5,21,Mohali,Punjab Cricket Association IS Bindra Stadium,False,True,83,13,13.833333333333334,106,7.662650602409638,20,190,84,6.166666666666666,13.621621621621623,2,8
13.6,13,6,84,Harbhajan Singh,Shaun Marsh,6,False,-3.0,21,Mohali,Punjab Cricket Association IS Bindra Stadium,False,True,84,13,14.0,112,8.0,20,190,78,6.0,13.0,2,8
14.1,14,1,85,Tim Southee,Glenn Maxwell,0,False,1.0,21,Mohali,Punjab Cricket Association IS Bindra Stadium,False,True,85,14,14.166666666666666,112,7.905882352941177,20,190,78,5.833333333333334,13.37142857142857,2,8
14.2,14,2,86,Tim Southee,Glenn Maxwell,6,False,-3.0,21,Mohali,Punjab Cricket Association IS Bindra Stadium,False,True,86,14,14.333333333333334,118,8.232558139534884,20,190,72,5.666666666666666,12.705882352941178,2,8
14.3,14,3,87,Tim Southee,Glenn Maxwell,1,False,-0.5,21,Mohali,Punjab Cricket Association IS Bindra Stadium,False,True,87,14,14.5,119,8.206896551724139,20,190,71,5.5,12.909090909090908,2,8
14.4,14,4,88,Tim Southee,Shaun Marsh,1,False,-0.5,21,Mohali,Punjab Cricket Association IS Bindra Stadium,False,True,88,14,14.666666666666666,120,8.181818181818182,20,190,70,5.333333333333334,13.124999999999998,2,8
14.5,14,5,89,Tim Southee,Glenn Maxwell,1,False,-0.5,21,Mohali,Punjab Cricket Association IS Bindra Stadium,False,True,89,14,14.833333333333334,121,8.157303370786517,20,190,69,5.166666666666666,13.354838709677422,2,8
14.6,14,6,90,Tim Southee,Shaun Marsh,0,True,5.0,21,Mohali,Punjab Cricket Association IS Bindra Stadium,False,True,90,14,15.0,121,8.066666666666666,20,190,69,5.0,13.8,3,7
15.1,15,1,91,Kieron Pollard,Glenn Maxwell,2,False,-1.0,21,Mohali,Punjab Cricket Association IS Bindra Stadium,False,True,91,15,15.166666666666666,123,8.10989010989011,20,190,67,4.833333333333334,13.86206896551724,3,7
15.2,15,2,92,Kieron Pollard,Glenn Maxwell,1,False,-0.5,21,Mohali,Punjab Cricket Association IS Bindra Stadium,False,True,92,15,15.333333333333334,124,8.08695652173913,20,190,66,4.666666666666666,14.142857142857144,3,7
15.3,15,3,93,Kieron Pollard,David Miller,1,False,-0.5,21,Mohali,Punjab Cricket Association IS Bindra Stadium,False,True,93,15,15.5,125,8.064516129032258,20,190,65,4.5,14.444444444444445,3,7
15.4,15,4,94,Kieron Pollard,Glenn Maxwell,1,False,-0.5,21,Mohali,Punjab Cricket Association IS Bindra Stadium,False,True,94,15,15.666666666666666,126,8.042553191489363,20,190,64,4.333333333333334,14.769230769230766,3,7
15.5,15,5,95,Kieron Pollard,David Miller,6,False,-3.0,21,Mohali,Punjab Cricket Association IS Bindra Stadium,False,True,95,15,15.833333333333334,132,8.336842105263157,20,190,58,4.166666666666666,13.920000000000002,3,7
15.6,15,6,96,Kieron Pollard,David Miller,1,False,-0.5,21,Mohali,Punjab Cricket Association IS Bindra Stadium,False,True,96,15,16.0,133,8.3125,20,190,57,4.0,14.25,3,7
16.1,16,1,97,Mitchell McClenaghan,David Miller,0,False,1.0,21,Mohali,Punjab Cricket Association IS Bindra Stadium,False,True,97,16,16.166666666666668,133,8.22680412371134,20,190,57,3.833333333333332,14.869565217391308,3,7
16.2,16,2,98,Mitchell McClenaghan,David Miller,1,False,-0.5,21,Mohali,Punjab Cricket Association IS Bindra Stadium,False,True,98,16,16.333333333333332,134,8.204081632653061,20,190,56,3.666666666666668,15.272727272727268,3,7
16.3,16,3,99,Mitchell McClenaghan,Glenn Maxwell,2,False,-1.0,21,Mohali,Punjab Cricket Association IS Bindra Stadium,False,True,99,16,16.5,136,8.242424242424242,20,190,54,3.5,15.428571428571429,3,7
16.4,16,4,100,Mitchell McClenaghan,Glenn Maxwell,1,False,-0.5,21,Mohali,Punjab Cricket Association IS Bindra Stadium,False,True,100,16,16.666666666666668,137,8.219999999999999,20,190,53,3.333333333333332,15.900000000000006,3,7
16.5,16,5,101,Mitchell McClenaghan,David Miller,1,False,-0.5,21,Mohali,Punjab Cricket Association IS Bindra Stadium,False,True,101,16,16.833333333333332,138,8.198019801980198,20,190,52,3.166666666666668,16.42105263157894,3,7
16.6,16,6,102,Mitchell McClenaghan,Glenn Maxwell,1,False,-0.5,21,Mohali,Punjab Cricket Association IS Bindra Stadium,False,True,102,16,17.0,139,8.176470588235293,20,190,51,3.0,17.0,3,7
17.1,17,1,103,Jasprit Bumrah,Glenn Maxwell,0,True,5.0,21,Mohali,Punjab Cricket Association IS Bindra Stadium,False,True,103,17,17.166666666666668,139,8.097087378640776,20,190,51,2.833333333333332,18.000000000000007,4,6
17.2,17,2,104,Jasprit Bumrah,Nikhil Naik,0,False,1.0,21,Mohali,Punjab Cricket Association IS Bindra Stadium,False,True,104,17,17.333333333333332,139,8.01923076923077,20,190,51,2.666666666666668,19.124999999999993,4,6
17.3,17,3,105,Jasprit Bumrah,Nikhil Naik,1,False,-0.5,21,Mohali,Punjab Cricket Association IS Bindra Stadium,False,True,105,17,17.5,140,8.0,20,190,50,2.5,20.0,4,6
17.4,17,4,106,Jasprit Bumrah,David Miller,1,False,-0.5,21,Mohali,Punjab Cricket Association IS Bindra Stadium,False,True,106,17,17.666666666666668,141,7.981132075471698,20,190,49,2.333333333333332,21.00000000000001,4,6
17.5,17,5,107,Jasprit Bumrah,Nikhil Naik,0,True,5.0,21,Mohali,Punjab Cricket Association IS Bindra Stadium,False,True,107,17,17.833333333333332,141,7.906542056074767,20,190,49,2.166666666666668,22.615384615384603,5,5
17.6,17,6,108,Jasprit Bumrah,Axar Patel,0,False,1.0,21,Mohali,Punjab Cricket Association IS Bindra Stadium,False,True,108,17,18.0,141,7.833333333333333,20,190,49,2.0,24.5,5,5
18.1,18,1,109,Mitchell McClenaghan,David Miller,0,False,1.0,21,Mohali,Punjab Cricket Association IS Bindra Stadium,False,True,109,18,18.166666666666668,141,7.761467889908256,20,190,49,1.8333333333333321,26.727272727272744,5,5
18.1,18,1,110,Mitchell McClenaghan,David Miller,4,False,-2.0,21,Mohali,Punjab Cricket Association IS Bindra Stadium,True,False,109,18,18.166666666666668,145,7.981651376146789,20,190,45,1.8333333333333321,24.54545454545456,5,5
18.1,18,1,111,Mitchell McClenaghan,David Miller,1,False,-1.0,21,Mohali,Punjab Cricket Association IS Bindra Stadium,True,False,109,18,18.166666666666668,146,8.036697247706421,20,190,44,1.8333333333333321,24.000000000000014,5,5
18.2,18,2,112,Mitchell McClenaghan,David Miller,1,False,-1.0,21,Mohali,Punjab Cricket Association IS Bindra Stadium,True,False,109,18,18.166666666666668,147,8.091743119266054,20,190,43,1.8333333333333321,23.45454545454547,5,5
18.2,18,2,113,Mitchell McClenaghan,David Miller,1,False,-0.5,21,Mohali,Punjab Cricket Association IS Bindra Stadium,False,True,110,18,18.333333333333332,148,8.072727272727274,20,190,42,1.6666666666666679,25.19999999999998,5,5
18.3,18,3,114,Mitchell McClenaghan,Axar Patel,0,True,5.0,21,Mohali,Punjab Cricket Association IS Bindra Stadium,False,True,111,18,18.5,148,8.0,20,190,42,1.5,28.0,6,4
18.4,18,4,115,Mitchell McClenaghan,Mitchell Johnson,1,False,-0.5,21,Mohali,Punjab Cricket Association IS Bindra Stadium,False,True,112,18,18.666666666666668,149,7.982142857142857,20,190,41,1.3333333333333321,30.75000000000003,6,4
18.5,18,5,116,Mitchell McClenaghan,David Miller,1,False,-0.5,21,Mohali,Punjab Cricket Association IS Bindra Stadium,False,True,113,18,18.833333333333332,150,7.964601769911505,20,190,40,1.1666666666666679,34.28571428571425,6,4
18.6,18,6,117,Mitchell McClenaghan,Mitchell Johnson,0,True,5.0,21,Mohali,Punjab Cricket Association IS Bindra Stadium,False,True,114,18,19.0,150,7.894736842105263,20,190,40,1.0,40.0,7,3
19.1,19,1,118,Jasprit Bumrah,David Miller,2,False,-1.0,21,Mohali,Punjab Cricket Association IS Bindra Stadium,False,True,115,19,19.166666666666668,152,7.930434782608695,20,190,38,0.8333333333333321,45.600000000000065,7,3
19.2,19,2,119,Jasprit Bumrah,David Miller,2,False,-1.0,21,Mohali,Punjab Cricket Association IS Bindra Stadium,False,True,116,19,19.333333333333332,154,7.9655172413793105,20,190,36,0.6666666666666679,53.99999999999991,7,3
19.3,19,3,120,Jasprit Bumrah,David Miller,0,False,1.0,21,Mohali,Punjab Cricket Association IS Bindra Stadium,False,True,117,19,19.5,154,7.897435897435898,20,190,36,0.5,72.0,7,3
19.4,19,4,121,Jasprit Bumrah,David Miller,6,False,-3.0,21,Mohali,Punjab Cricket Association IS Bindra Stadium,False,True,118,19,19.666666666666668,160,8.135593220338983,20,190,30,0.33333333333333215,90.00000000000033,7,3
19.5,19,5,122,Jasprit Bumrah,David Miller,2,False,-1.0,21,Mohali,Punjab Cricket Association IS Bindra Stadium,False,True,119,19,19.833333333333332,162,8.168067226890757,20,190,28,0.16666666666666785,167.9999999999988,7,3
19.6,19,6,123,Jasprit Bumrah,David Miller,1,False,-0.5,21,Mohali,Punjab Cricket Association IS Bindra Stadium,False,True,120,19,20.0,163,8.15,20,190,27,0.0,inf,7,3
