Ball Number,over,ball,Ball,bowler,batsman,Runs,is_wicket,bowler_score,match_id,city,stadium,is_extra,legal_delivery,legal_deliveries_count,overs_completed,overs_bowled,total_runs,current_run_rate,total_overs,target,runs_needed,overs_remaining,required_run_rate,wickets_fallen,wickets_in_hand
0.1,0,1,1,Ashok Dinda,David Warner,0,False,1.0,22,Uppal,Rajiv Gandhi International Stadium,False,True,1,0,0.16666666666666666,0,0.0,20,61,61,19.833333333333332,3.0756302521008405,0,10
0.2,0,2,2,Ashok Dinda,David Warner,0,False,1.0,22,Uppal,Rajiv Gandhi International Stadium,False,True,2,0,0.3333333333333333,0,0.0,20,61,61,19.666666666666668,3.101694915254237,0,10
0.3,0,3,3,Ashok Dinda,David Warner,0,False,1.0,22,Uppal,Rajiv Gandhi International Stadium,False,True,3,0,0.5,0,0.0,20,61,61,19.5,3.128205128205128,0,10
0.4,0,4,4,Ashok Dinda,David Warner,0,True,5.0,22,Uppal,Rajiv Gandhi International Stadium,False,True,4,0,0.6666666666666666,0,0.0,20,61,61,19.333333333333332,3.1551724137931036,1,9
0.5,0,5,5,Ashok Dinda,Aditya Tare,4,False,-0.25,22,Uppal,Rajiv Gandhi International Stadium,False,True,5,0,0.8333333333333334,4,4.8,20,61,57,19.166666666666668,2.9739130434782606,1,9
0.6,0,6,6,Ashok Dinda,Aditya Tare,0,False,1.0,22,Uppal,Rajiv Gandhi International Stadium,False,True,6,0,1.0,4,4.0,20,61,57,19.0,3.0,1,9
1.1,1,1,7,Mitchell Marsh,S Dhawan,2,False,-1.0,22,Uppal,Rajiv Gandhi International Stadium,False,True,7,1,1.1666666666666667,6,5.142857142857142,20,61,55,18.833333333333332,2.920353982300885,1,9
1.2,1,2,8,Mitchell Marsh,S Dhawan,0,False,1.0,22,Uppal,Rajiv Gandhi International Stadium,False,True,8,1,1.3333333333333333,6,4.5,20,61,55,18.666666666666668,2.946428571428571,1,9
1.3,1,3,9,Mitchell Marsh,S Dhawan,0,False,1.0,22,Uppal,Rajiv Gandhi International Stadium,False,True,9,1,1.5,6,4.0,20,61,55,18.5,2.972972972972973,1,9
1.4,1,4,10,Mitchell Marsh,S Dhawan,1,False,-0.5,22,Uppal,Rajiv Gandhi International Stadium,False,True,10,1,1.6666666666666665,7,4.2,20,61,54,18.333333333333332,2.9454545454545458,1,9
1.5,1,5,11,Mitchell Marsh,Aditya Tare,0,False,1.0,22,Uppal,Rajiv Gandhi International Stadium,False,True,11,1,1.8333333333333335,7,3.818181818181818,20,61,54,18.166666666666668,2.9724770642201834,1,9
1.6,1,6,12,Mitchell Marsh,Aditya Tare,0,False,1.0,22,Uppal,Rajiv Gandhi International Stadium,False,True,12,1,2.0,7,3.5,20,61,54,18.0,3.0,1,9
2.1,2,1,13,Thisara Perera,S Dhawan,1,False,-0.5,22,Uppal,Rajiv Gandhi International Stadium,False,True,13,2,2.1666666666666665,8,3.6923076923076925,20,61,53,17.833333333333332,2.97196261682243,1,9
2.2,2,2,14,Thisara Perera,Aditya Tare,1,False,-0.5,22,Uppal,Rajiv Gandhi International Stadium,False,True,14,2,2.3333333333333335,9,3.8571428571428568,20,61,52,17.666666666666668,2.943396226415094,1,9
2.3,2,3,15,Thisara Perera,S Dhawan,0,False,1.0,22,Uppal,Rajiv Gandhi International Stadium,False,True,15,2,2.5,9,3.6,20,61,52,17.5,2.9714285714285715,1,9
2.4,2,4,16,Thisara Perera,S Dhawan,3,False,-1.5,22,Uppal,Rajiv Gandhi International Stadium,False,True,16,2,2.6666666666666665,12,4.5,20,61,49,17.333333333333332,2.826923076923077,1,9
2.5,2,5,17,Thisara Perera,Aditya Tare,0,False,1.0,22,Uppal,Rajiv Gandhi International Stadium,False,True,17,2,2.8333333333333335,12,4.235294117647059,20,61,49,17.166666666666668,2.8543689320388346,1,9
2.6,2,6,18,Thisara Perera,Aditya Tare,1,False,-0.5,22,Uppal,Rajiv Gandhi International Stadium,False,True,18,2,3.0,13,4.333333333333333,20,61,48,17.0,2.823529411764706,1,9
3.1,3,1,19,Mitchell Marsh,Aditya Tare,0,False,1.0,22,Uppal,Rajiv Gandhi International Stadium,False,True,19,3,3.1666666666666665,13,4.105263157894737,20,61,48,16.833333333333332,2.851485148514852,1,9
3.2,3,2,20,Mitchell Marsh,Aditya Tare,0,False,1.0,22,Uppal,Rajiv Gandhi International Stadium,False,True,20,3,3.3333333333333335,13,3.9,20,61,48,16.666666666666668,2.88,1,9
3.3,3,3,21,Mitchell Marsh,Aditya Tare,0,False,1.0,22,Uppal,Rajiv Gandhi International Stadium,False,True,21,3,3.5,13,3.7142857142857144,20,61,48,16.5,2.909090909090909,1,9
3.4,3,4,22,Mitchell Marsh,Aditya Tare,4,False,-2.0,22,Uppal,Rajiv Gandhi International Stadium,False,True,22,3,3.6666666666666665,17,4.636363636363637,20,61,44,16.333333333333332,2.6938775510204085,1,9
3.5,3,5,23,Mitchell Marsh,Aditya Tare,0,False,1.0,22,Uppal,Rajiv Gandhi International Stadium,False,True,23,3,3.8333333333333335,17,4.434782608695652,20,61,44,16.166666666666668,2.721649484536082,1,9
3.6,3,6,24,Mitchell Marsh,Aditya Tare,2,False,-1.0,22,Uppal,Rajiv Gandhi International Stadium,False,True,24,3,4.0,19,4.75,20,61,42,16.0,2.625,1,9
4.1,4,1,25,Ashok Dinda,S Dhawan,4,False,-2.0,22,Uppal,Rajiv Gandhi International Stadium,False,True,25,4,4.166666666666667,23,5.52,20,61,38,15.833333333333332,2.4000000000000004,1,9
4.2,4,2,26,Ashok Dinda,S Dhawan,0,False,1.0,22,Uppal,Rajiv Gandhi International Stadium,False,True,26,4,4.333333333333333,23,5.307692307692308,20,61,38,15.666666666666668,2.4255319148936167,1,9
4.3,4,3,27,Ashok Dinda,S Dhawan,0,False,1.0,22,Uppal,Rajiv Gandhi International Stadium,False,True,27,4,4.5,23,5.111111111111111,20,61,38,15.5,2.4516129032258065,1,9
4.4,4,4,28,Ashok Dinda,S Dhawan,2,False,-1.0,22,Uppal,Rajiv Gandhi International Stadium,False,True,28,4,4.666666666666667,25,5.357142857142857,20,61,36,15.333333333333332,2.347826086956522,1,9
4.5,4,5,29,Ashok Dinda,S Dhawan,1,False,-0.5,22,Uppal,Rajiv Gandhi International Stadium,False,True,29,4,4.833333333333333,26,5.379310344827586,20,61,35,15.166666666666668,2.3076923076923075,1,9
4.6,4,6,30,Ashok Dinda,Aditya Tare,0,True,5.0,22,Uppal,Rajiv Gandhi International Stadium,False,True,30,4,5.0,26,5.2,20,61,35,15.0,2.3333333333333335,2,8
5.1,5,1,31,Mitchell Marsh,S Dhawan,1,False,-0.5,22,Uppal,Rajiv Gandhi International Stadium,False,True,31,5,5.166666666666667,27,5.225806451612903,20,61,34,14.833333333333332,2.2921348314606744,2,8
5.2,5,2,32,Mitchell Marsh,Eoin Morgan,0,False,1.0,22,Uppal,Rajiv Gandhi International Stadium,False,True,32,5,5.333333333333333,27,5.0625,20,61,34,14.666666666666668,2.318181818181818,2,8
5.3,5,3,33,Mitchell Marsh,Eoin Morgan,0,True,5.0,22,Uppal,Rajiv Gandhi International Stadium,False,True,33,5,5.5,27,4.909090909090909,20,61,34,14.5,2.3448275862068964,3,7
5.4,5,4,34,Mitchell Marsh,Deepak Hooda,0,False,1.0,22,Uppal,Rajiv Gandhi International Stadium,False,True,34,5,5.666666666666667,27,4.764705882352941,20,61,34,14.333333333333332,2.372093023255814,3,7
5.5,5,5,35,Mitchell Marsh,Deepak Hooda,0,False,1.0,22,Uppal,Rajiv Gandhi International Stadium,False,True,35,5,5.833333333333333,27,4.628571428571429,20,61,34,14.166666666666668,2.4,3,7
5.6,5,6,36,Mitchell Marsh,Deepak Hooda,0,False,1.0,22,Uppal,Rajiv Gandhi International Stadium,False,True,36,5,6.0,27,4.5,20,61,34,14.0,2.4285714285714284,3,7
6.1,6,1,37,Thisara Perera,S Dhawan,1,False,-0.5,22,Uppal,Rajiv Gandhi International Stadium,False,True,37,6,6.166666666666667,28,4.54054054054054,20,61,33,13.833333333333332,2.385542168674699,3,7
6.2,6,2,38,Thisara Perera,Deepak Hooda,0,False,1.0,22,Uppal,Rajiv Gandhi International Stadium,False,True,38,6,6.333333333333333,28,4.421052631578948,20,61,33,13.666666666666668,2.4146341463414633,3,7
6.3,6,3,39,Thisara Perera,Deepak Hooda,0,False,1.0,22,Uppal,Rajiv Gandhi International Stadium,False,True,39,6,6.5,28,4.3076923076923075,20,61,33,13.5,2.4444444444444446,3,7
6.4,6,4,40,Thisara Perera,Deepak Hooda,0,False,1.0,22,Uppal,Rajiv Gandhi International Stadium,False,True,40,6,6.666666666666667,28,4.2,20,61,33,13.333333333333332,2.475,3,7
6.5,6,5,41,Thisara Perera,Deepak Hooda,0,False,1.0,22,Uppal,Rajiv Gandhi International Stadium,False,True,41,6,6.833333333333333,28,4.097560975609756,20,61,33,13.166666666666668,2.5063291139240502,3,7
6.6,6,6,42,Thisara Perera,Deepak Hooda,1,False,-0.5,22,Uppal,Rajiv Gandhi International Stadium,False,True,42,6,7.0,29,4.142857142857143,20,61,32,13.0,2.4615384615384617,3,7
7.1,7,1,43,Murugan Ashwin,Deepak Hooda,0,True,5.0,22,Uppal,Rajiv Gandhi International Stadium,False,True,43,7,7.166666666666667,29,4.046511627906977,20,61,32,12.833333333333332,2.493506493506494,4,6
7.2,7,2,44,Murugan Ashwin,Moises Henriques,0,False,1.0,22,Uppal,Rajiv Gandhi International Stadium,False,True,44,7,7.333333333333333,29,3.9545454545454546,20,61,32,12.666666666666668,2.526315789473684,4,6
7.3,7,3,45,Murugan Ashwin,Moises Henriques,1,False,-0.25,22,Uppal,Rajiv Gandhi International Stadium,False,True,45,7,7.5,30,4.0,20,61,31,12.5,2.48,4,6
7.4,7,4,46,Murugan Ashwin,S Dhawan,0,False,1.0,22,Uppal,Rajiv Gandhi International Stadium,False,True,46,7,7.666666666666667,30,3.9130434782608696,20,61,31,12.333333333333332,2.5135135135135136,4,6
7.5,7,5,47,Murugan Ashwin,S Dhawan,1,False,-0.5,22,Uppal,Rajiv Gandhi International Stadium,False,True,47,7,7.833333333333333,31,3.9574468085106385,20,61,30,12.166666666666668,2.465753424657534,4,6
7.6,7,6,48,Murugan Ashwin,Moises Henriques,1,False,-0.5,22,Uppal,Rajiv Gandhi International Stadium,False,True,48,7,8.0,32,4.0,20,61,29,12.0,2.4166666666666665,4,6
8.1,8,1,49,Mitchell Marsh,Moises Henriques,0,True,5.0,22,Uppal,Rajiv Gandhi International Stadium,False,True,49,8,8.166666666666666,32,3.918367346938776,20,61,29,11.833333333333334,2.4507042253521125,5,5
8.2,8,2,50,Mitchell Marsh,Naman Ojha,0,False,1.0,22,Uppal,Rajiv Gandhi International Stadium,False,True,50,8,8.333333333333334,32,3.84,20,61,29,11.666666666666666,2.4857142857142858,5,5
8.3,8,3,51,Mitchell Marsh,Naman Ojha,1,False,-0.5,22,Uppal,Rajiv Gandhi International Stadium,False,True,51,8,8.5,33,3.8823529411764706,20,61,28,11.5,2.4347826086956523,5,5
8.4,8,4,52,Mitchell Marsh,S Dhawan,1,False,-0.5,22,Uppal,Rajiv Gandhi International Stadium,False,True,52,8,8.666666666666666,34,3.9230769230769234,20,61,27,11.333333333333334,2.3823529411764706,5,5
8.5,8,5,53,Mitchell Marsh,Naman Ojha,1,False,-0.5,22,Uppal,Rajiv Gandhi International Stadium,False,True,53,8,8.833333333333334,35,3.962264150943396,20,61,26,11.166666666666666,2.328358208955224,5,5
8.6,8,6,54,Mitchell Marsh,S Dhawan,1,False,-0.5,22,Uppal,Rajiv Gandhi International Stadium,False,True,54,8,9.0,36,4.0,20,61,25,11.0,2.272727272727273,5,5
9.1,9,1,55,Murugan Ashwin,S Dhawan,0,False,1.0,22,Uppal,Rajiv Gandhi International Stadium,False,True,55,9,9.166666666666666,36,3.9272727272727277,20,61,25,10.833333333333334,2.3076923076923075,5,5
9.2,9,2,56,Murugan Ashwin,S Dhawan,2,False,-1.0,22,Uppal,Rajiv Gandhi International Stadium,False,True,56,9,9.333333333333334,38,4.071428571428571,20,61,23,10.666666666666666,2.15625,5,5
9.3,9,3,57,Murugan Ashwin,S Dhawan,0,False,1.0,22,Uppal,Rajiv Gandhi International Stadium,False,True,57,9,9.5,38,4.0,20,61,23,10.5,2.1904761904761907,5,5
9.4,9,4,58,N/A,N/A,0,False,0.0,22,Uppal,Rajiv Gandhi International Stadium,False,True,58,9,9.666666666666666,38,3.931034482758621,20,61,23,10.333333333333334,2.225806451612903,5,5
9.5,9,5,59,Murugan Ashwin,S Dhawan,1,False,-0.5,22,Uppal,Rajiv Gandhi International Stadium,False,True,59,9,9.833333333333334,39,3.966101694915254,20,61,22,10.166666666666666,2.1639344262295084,5,5
9.6,9,6,60,Murugan Ashwin,Naman Ojha,0,False,1.0,22,Uppal,Rajiv Gandhi International Stadium,False,True,60,9,10.0,39,3.9,20,61,22,10.0,2.2,5,5
10.1,10,1,61,Rajat Bhatia,S Dhawan,0,False,1.0,22,Uppal,Rajiv Gandhi International Stadium,False,True,61,10,10.166666666666666,39,3.836065573770492,20,61,22,9.833333333333334,2.23728813559322,5,5
10.2,10,2,62,Rajat Bhatia,S Dhawan,0,False,1.0,22,Uppal,Rajiv Gandhi International Stadium,False,True,62,10,10.333333333333334,39,3.7741935483870965,20,61,22,9.666666666666666,2.2758620689655173,5,5
10.3,10,3,63,Rajat Bhatia,S Dhawan,1,False,-0.5,22,Uppal,Rajiv Gandhi International Stadium,False,True,63,10,10.5,40,3.8095238095238093,20,61,21,9.5,2.210526315789474,5,5
10.4,10,4,64,Rajat Bhatia,Naman Ojha,1,False,-0.5,22,Uppal,Rajiv Gandhi International Stadium,False,True,64,10,10.666666666666666,41,3.84375,20,61,20,9.333333333333334,2.142857142857143,5,5
10.5,10,5,65,Rajat Bhatia,S Dhawan,0,False,1.0,22,Uppal,Rajiv Gandhi International Stadium,False,True,65,10,10.833333333333334,41,3.7846153846153845,20,61,20,9.166666666666666,2.181818181818182,5,5
10.6,10,6,66,Rajat Bhatia,S Dhawan,1,False,-0.5,22,Uppal,Rajiv Gandhi International Stadium,False,True,66,10,11.0,42,3.8181818181818183,20,61,19,9.0,2.111111111111111,5,5
11.1,11,1,67,Murugan Ashwin,S Dhawan,1,False,-0.5,22,Uppal,Rajiv Gandhi International Stadium,False,True,67,11,11.166666666666666,43,3.8507462686567164,20,61,18,8.833333333333334,2.0377358490566038,5,5
11.2,11,2,68,Murugan Ashwin,Naman Ojha,0,False,1.0,22,Uppal,Rajiv Gandhi International Stadium,False,True,68,11,11.333333333333334,43,3.7941176470588234,20,61,18,8.666666666666666,2.076923076923077,5,5
11.3,11,3,69,Murugan Ashwin,Naman Ojha,1,False,-0.5,22,Uppal,Rajiv Gandhi International Stadium,False,True,69,11,11.5,44,3.8260869565217392,20,61,17,8.5,2.0,5,5
11.4,11,4,70,Murugan Ashwin,S Dhawan,0,False,1.0,22,Uppal,Rajiv Gandhi International Stadium,False,True,70,11,11.666666666666666,44,3.771428571428572,20,61,17,8.333333333333334,2.04,5,5
11.5,11,5,71,Murugan Ashwin,S Dhawan,1,False,-0.5,22,Uppal,Rajiv Gandhi International Stadium,False,True,71,11,11.833333333333334,45,3.8028169014084505,20,61,16,8.166666666666666,1.959183673469388,5,5
11.6,11,6,72,Murugan Ashwin,Naman Ojha,0,False,1.0,22,Uppal,Rajiv Gandhi International Stadium,False,True,72,11,12.0,45,3.75,20,61,16,8.0,2.0,5,5
12.1,12,1,73,Rajat Bhatia,S Dhawan,4,False,-2.0,22,Uppal,Rajiv Gandhi International Stadium,False,True,73,12,12.166666666666666,49,4.027397260273973,20,61,12,7.833333333333334,1.5319148936170213,5,5
12.2,12,2,74,Rajat Bhatia,S Dhawan,1,False,-0.5,22,Uppal,Rajiv Gandhi International Stadium,False,True,74,12,12.333333333333334,50,4.0540540540540535,20,61,11,7.666666666666666,1.4347826086956523,5,5
12.3,12,3,75,Rajat Bhatia,Naman Ojha,1,False,-0.5,22,Uppal,Rajiv Gandhi International Stadium,False,True,75,12,12.5,51,4.08,20,61,10,7.5,1.3333333333333333,5,5
12.4,12,4,76,Rajat Bhatia,S Dhawan,1,False,-0.5,22,Uppal,Rajiv Gandhi International Stadium,False,True,76,12,12.666666666666666,52,4.105263157894737,20,61,9,7.333333333333334,1.227272727272727,5,5
12.5,12,5,77,Rajat Bhatia,Naman Ojha,0,False,1.0,22,Uppal,Rajiv Gandhi International Stadium,False,True,77,12,12.833333333333334,52,4.0519480519480515,20,61,9,7.166666666666666,1.255813953488372,5,5
12.6,12,6,78,Rajat Bhatia,Naman Ojha,1,False,-0.5,22,Uppal,Rajiv Gandhi International Stadium,False,True,78,12,13.0,53,4.076923076923077,20,61,8,7.0,1.1428571428571428,5,5
13.1,13,1,79,Murugan Ashwin,Naman Ojha,1,False,-0.5,22,Uppal,Rajiv Gandhi International Stadium,False,True,79,13,13.166666666666666,54,4.101265822784811,20,61,7,6.833333333333334,1.024390243902439,5,5
13.2,13,2,80,Murugan Ashwin,S Dhawan,1,False,-0.5,22,Uppal,Rajiv Gandhi International Stadium,False,True,80,13,13.333333333333334,55,4.125,20,61,6,6.666666666666666,0.9000000000000001,5,5
13.3,13,3,81,Murugan Ashwin,Naman Ojha,0,False,1.0,22,Uppal,Rajiv Gandhi International Stadium,False,True,81,13,13.5,55,4.074074074074074,20,61,6,6.5,0.9230769230769231,5,5
13.4,13,4,82,Murugan Ashwin,Naman Ojha,1,False,-0.5,22,Uppal,Rajiv Gandhi International Stadium,False,True,82,13,13.666666666666666,56,4.097560975609756,20,61,5,6.333333333333334,0.7894736842105262,5,5
13.5,13,5,83,Murugan Ashwin,S Dhawan,2,False,-1.0,22,Uppal,Rajiv Gandhi International Stadium,False,True,83,13,13.833333333333334,58,4.192771084337349,20,61,3,6.166666666666666,0.4864864864864865,5,5
13.6,13,6,84,Murugan Ashwin,S Dhawan,1,False,-0.5,22,Uppal,Rajiv Gandhi International Stadium,False,True,84,13,14.0,59,4.214285714285714,20,61,2,6.0,0.3333333333333333,5,5
14.1,14,1,85,Rajat Bhatia,S Dhawan,2,False,-1.0,22,Uppal,Rajiv Gandhi International Stadium,False,True,85,14,14.166666666666666,61,4.305882352941176,20,61,0,5.833333333333334,0.0,5,5
14.2,14,2,86,Rajat Bhatia,S Dhawan,1,False,-0.5,22,Uppal,Rajiv Gandhi International Stadium,False,True,86,14,14.333333333333334,62,4.325581395348837,20,61,0,5.666666666666666,0.0,5,5
14.3,14,3,87,Rajat Bhatia,Naman Ojha,6,False,-3.0,22,Uppal,Rajiv Gandhi International Stadium,False,True,87,14,14.5,68,4.689655172413793,20,61,0,5.5,0.0,5,5
14.4,14,4,88,N/A,N/A,0,False,0.0,22,Uppal,Rajiv Gandhi International Stadium,False,True,88,14,14.666666666666666,68,4.636363636363637,20,61,0,5.333333333333334,0.0,5,5
14.5,14,5,89,Rajat Bhatia,S Dhawan,1,False,-1.0,22,Uppal,Rajiv Gandhi International Stadium,True,False,88,14,14.666666666666666,69,4.704545454545455,20,61,0,5.333333333333334,0.0,5,5
14.5,14,5,90,Rajat Bhatia,S Dhawan,1,False,-0.5,22,Uppal,Rajiv Gandhi International Stadium,False,True,89,14,14.833333333333334,70,4.719101123595506,20,61,0,5.166666666666666,0.0,5,5
14.6,14,6,91,Rajat Bhatia,Naman Ojha,1,False,-0.5,22,Uppal,Rajiv Gandhi International Stadium,False,True,90,14,15.0,71,4.733333333333333,20,61,0,5.0,0.0,5,5
15.1,15,1,92,M Ashwin,Naman Ojha,1,False,-0.5,22,Uppal,Rajiv Gandhi International Stadium,False,True,91,15,15.166666666666666,72,4.747252747252747,20,61,0,4.833333333333334,0.0,5,5
15.2,15,2,93,M Ashwin,S Dhawan,1,False,-0.5,22,Uppal,Rajiv Gandhi International Stadium,False,True,92,15,15.333333333333334,73,4.760869565217391,20,61,0,4.666666666666666,0.0,5,5
15.3,15,3,94,M Ashwin,Naman Ojha,1,False,-0.5,22,Uppal,Rajiv Gandhi International Stadium,False,True,93,15,15.5,74,4.774193548387097,20,61,0,4.5,0.0,5,5
15.4,15,4,95,M Ashwin,S Dhawan,2,False,-1.0,22,Uppal,Rajiv Gandhi International Stadium,False,True,94,15,15.666666666666666,76,4.851063829787234,20,61,0,4.333333333333334,0.0,5,5
15.5,15,5,96,M Ashwin,S Dhawan,0,False,1.0,22,Uppal,Rajiv Gandhi International Stadium,False,True,95,15,15.833333333333334,76,4.8,20,61,0,4.166666666666666,0.0,5,5
15.6,15,6,97,M Ashwin,S Dhawan,1,False,-0.5,22,Uppal,Rajiv Gandhi International Stadium,False,True,96,15,16.0,77,4.8125,20,61,0,4.0,0.0,5,5
16.1,16,1,98,Ashok Dinda,S Dhawan,0,False,1.0,22,Uppal,Rajiv Gandhi International Stadium,False,True,97,16,16.166666666666668,77,4.762886597938144,20,61,0,3.833333333333332,0.0,5,5
16.2,16,2,99,Ashok Dinda,S Dhawan,1,False,-0.5,22,Uppal,Rajiv Gandhi International Stadium,False,True,98,16,16.333333333333332,78,4.775510204081633,20,61,0,3.666666666666668,0.0,5,5
16.3,16,3,100,Ashok Dinda,Naman Ojha,0,False,1.0,22,Uppal,Rajiv Gandhi International Stadium,False,True,99,16,16.5,78,4.7272727272727275,20,61,0,3.5,0.0,5,5
16.4,16,4,101,Ashok Dinda,Naman Ojha,0,True,5.0,22,Uppal,Rajiv Gandhi International Stadium,False,True,100,16,16.666666666666668,78,4.68,20,61,0,3.333333333333332,0.0,6,4
16.5,16,5,102,Ashok Dinda,Bipul Sharma,0,False,1.0,22,Uppal,Rajiv Gandhi International Stadium,False,True,101,16,16.833333333333332,78,4.633663366336634,20,61,0,3.166666666666668,0.0,6,4
16.6,16,6,103,Ashok Dinda,Bipul Sharma,2,False,-1.0,22,Uppal,Rajiv Gandhi International Stadium,False,True,102,16,17.0,80,4.705882352941177,20,61,0,3.0,0.0,6,4
17.1,17,1,104,Thisara Perera,S Dhawan,1,False,-0.5,22,Uppal,Rajiv Gandhi International Stadium,False,True,103,17,17.166666666666668,81,4.718446601941747,20,61,0,2.833333333333332,0.0,6,4
17.2,17,2,105,Thisara Perera,Bipul Sharma,2,False,-1.0,22,Uppal,Rajiv Gandhi International Stadium,False,True,104,17,17.333333333333332,83,4.788461538461539,20,61,0,2.666666666666668,0.0,6,4
17.3,17,3,106,Thisara Perera,Bipul Sharma,1,False,-0.5,22,Uppal,Rajiv Gandhi International Stadium,False,True,105,17,17.5,84,4.8,20,61,0,2.5,0.0,6,4
17.4,17,4,107,Thisara Perera,S Dhawan,6,False,-3.0,22,Uppal,Rajiv Gandhi International Stadium,False,True,106,17,17.666666666666668,90,5.094339622641509,20,61,0,2.333333333333332,0.0,6,4
17.5,17,5,108,Thisara Perera,S Dhawan,1,False,-0.5,22,Uppal,Rajiv Gandhi International Stadium,False,True,107,17,17.833333333333332,91,5.102803738317757,20,61,0,2.166666666666668,0.0,6,4
17.6,17,6,109,Thisara Perera,Bipul Sharma,0,False,1.0,22,Uppal,Rajiv Gandhi International Stadium,False,True,108,17,18.0,91,5.055555555555555,20,61,0,2.0,0.0,6,4
18.1,18,1,110,Ashok Dinda,S Dhawan,0,True,5.0,22,Uppal,Rajiv Gandhi International Stadium,False,True,109,18,18.166666666666668,91,5.009174311926605,20,61,0,1.8333333333333321,0.0,7,3
18.2,18,2,111,Ashok Dinda,Bhuvneshwar Kumar,4,False,-2.0,22,Uppal,Rajiv Gandhi International Stadium,False,True,110,18,18.333333333333332,95,5.1818181818181825,20,61,0,1.6666666666666679,0.0,7,3
18.2,18,2,112,Ashok Dinda,Bhuvneshwar Kumar,1,False,-1.0,22,Uppal,Rajiv Gandhi International Stadium,True,False,110,18,18.333333333333332,96,5.236363636363636,20,61,0,1.6666666666666679,0.0,7,3
18.3,18,3,113,Ashok Dinda,Bhuvneshwar Kumar,0,False,1.0,22,Uppal,Rajiv Gandhi International Stadium,False,True,111,18,18.5,96,5.1891891891891895,20,61,0,1.5,0.0,7,3
18.4,18,4,114,Ashok Dinda,Bhuvneshwar Kumar,6,False,-3.0,22,Uppal,Rajiv Gandhi International Stadium,False,True,112,18,18.666666666666668,102,5.4642857142857135,20,61,0,1.3333333333333321,0.0,7,3
18.5,18,5,115,Ashok Dinda,Bhuvneshwar Kumar,1,False,-0.5,22,Uppal,Rajiv Gandhi International Stadium,False,True,113,18,18.833333333333332,103,5.469026548672566,20,61,0,1.1666666666666679,0.0,7,3
18.6,18,6,116,Ashok Dinda,S Dhawan,1,False,-1.0,22,Uppal,Rajiv Gandhi International Stadium,True,False,113,18,18.833333333333332,104,5.52212389380531,20,61,0,1.1666666666666679,0.0,7,3
18.6,18,6,117,Ashok Dinda,S Dhawan,0,False,1.0,22,Uppal,Rajiv Gandhi International Stadium,False,True,114,18,19.0,104,5.473684210526316,20,61,0,1.0,0.0,7,3
19.1,19,1,118,Thisara Perera,Bhuvneshwar Kumar,4,False,-2.0,22,Uppal,Rajiv Gandhi International Stadium,False,True,115,19,19.166666666666668,108,5.634782608695652,20,61,0,0.8333333333333321,0.0,7,3
19.2,19,2,119,Thisara Perera,Bhuvneshwar Kumar,4,False,-2.0,22,Uppal,Rajiv Gandhi International Stadium,False,True,116,19,19.333333333333332,112,5.793103448275862,20,61,0,0.6666666666666679,0.0,7,3
19.3,19,3,120,Thisara Perera,Bhuvneshwar Kumar,2,False,-1.0,22,Uppal,Rajiv Gandhi International Stadium,False,True,117,19,19.5,114,5.846153846153846,20,61,0,0.5,0.0,7,3
19.4,19,4,121,Thisara Perera,Bhuvneshwar Kumar,0,True,5.0,22,Uppal,Rajiv Gandhi International Stadium,False,True,118,19,19.666666666666668,114,5.796610169491525,20,61,0,0.33333333333333215,0.0,8,2
19.5,19,5,122,Thisara Perera,S Dhawan,2,False,-1.0,22,Uppal,Rajiv Gandhi International Stadium,False,True,119,19,19.833333333333332,116,5.84873949579832,20,61,0,0.16666666666666785,0.0,8,2
19.6,19,6,123,Thisara Perera,S Dhawan,1,False,-0.5,22,Uppal,Rajiv Gandhi International Stadium,False,True,120,19,20.0,117,5.85,20,61,0,0.0,inf,8,2
