Ball Number,over,ball,Ball,bowler,batsman,Runs,is_wicket,bowler_score,match_id,city,stadium,is_extra,legal_delivery,legal_deliveries_count,overs_completed,overs_bowled,total_runs,current_run_rate,total_overs,target,runs_needed,overs_remaining,required_run_rate,wickets_fallen,wickets_in_hand
0.1,0,1,1,Zaheer Khan,Robin Uthappa,0,False,1.0,26,Delhi,Feroz Shah Kotla,False,True,1,0,0.16666666666666666,0,0.0,20,187,187,19.833333333333332,9.428571428571429,0,10
0.2,0,2,2,Zaheer Khan,Robin Uthappa,2,False,-1.0,26,Delhi,Feroz Shah Kotla,False,True,2,0,0.3333333333333333,2,6.0,20,187,185,19.666666666666668,9.406779661016948,0,10
0.3,0,3,3,Zaheer Khan,Robin Uthappa,1,False,-0.5,26,Delhi,Feroz Shah Kotla,False,True,3,0,0.5,3,6.0,20,187,184,19.5,9.435897435897436,0,10
0.4,0,4,4,Zaheer Khan,Gautam Gambhir,0,False,1.0,26,Delhi,Feroz Shah Kotla,False,True,4,0,0.6666666666666666,3,4.5,20,187,184,19.333333333333332,9.517241379310345,0,10
0.5,0,5,5,Zaheer Khan,Gautam Gambhir,0,False,1.0,26,Delhi,Feroz Shah Kotla,False,True,5,0,0.8333333333333334,3,3.5999999999999996,20,187,184,19.166666666666668,9.6,0,10
0.6,0,6,6,Zaheer Khan,Gautam Gambhir,2,False,-1.0,26,Delhi,Feroz Shah Kotla,False,True,6,0,1.0,5,5.0,20,187,182,19.0,9.578947368421053,0,10
1.1,1,1,7,Mohammed Shami,Robin Uthappa,0,False,1.0,26,Delhi,Feroz Shah Kotla,False,True,7,1,1.1666666666666667,5,4.285714285714286,20,187,182,18.833333333333332,9.663716814159292,0,10
1.2,1,2,8,Mohammed Shami,Robin Uthappa,1,False,-0.5,26,Delhi,Feroz Shah Kotla,False,True,8,1,1.3333333333333333,6,4.5,20,187,181,18.666666666666668,9.696428571428571,0,10
1.3,1,3,9,Mohammed Shami,Gautam Gambhir,1,False,-0.5,26,Delhi,Feroz Shah Kotla,False,True,9,1,1.5,7,4.666666666666667,20,187,180,18.5,9.72972972972973,0,10
1.4,1,4,10,Mohammed Shami,Robin Uthappa,1,False,-0.5,26,Delhi,Feroz Shah Kotla,False,True,10,1,1.6666666666666665,8,4.800000000000001,20,187,179,18.333333333333332,9.763636363636364,0,10
1.5,1,5,11,Mohammed Shami,Gautam Gambhir,1,False,-0.5,26,Delhi,Feroz Shah Kotla,False,True,11,1,1.8333333333333335,9,4.909090909090908,20,187,178,18.166666666666668,9.798165137614678,0,10
1.6,1,6,12,Mohammed Shami,Robin Uthappa,4,False,-2.0,26,Delhi,Feroz Shah Kotla,False,True,12,1,2.0,13,6.5,20,187,174,18.0,9.666666666666666,0,10
2.1,2,1,13,Zaheer Khan,Gautam Gambhir,1,False,-0.5,26,Delhi,Feroz Shah Kotla,False,True,13,2,2.1666666666666665,14,6.461538461538462,20,187,173,17.833333333333332,9.700934579439252,0,10
2.2,2,2,14,Zaheer Khan,Robin Uthappa,1,False,-0.5,26,Delhi,Feroz Shah Kotla,False,True,14,2,2.3333333333333335,15,6.428571428571428,20,187,172,17.666666666666668,9.735849056603772,0,10
2.3,2,3,15,Zaheer Khan,Gautam Gambhir,1,False,-0.5,26,Delhi,Feroz Shah Kotla,False,True,15,2,2.5,16,6.4,20,187,171,17.5,9.771428571428572,0,10
2.4,2,4,16,Zaheer Khan,Robin Uthappa,4,False,-2.0,26,Delhi,Feroz Shah Kotla,False,True,16,2,2.6666666666666665,20,7.5,20,187,167,17.333333333333332,9.634615384615385,0,10
2.5,2,5,17,Zaheer Khan,Robin Uthappa,1,False,-0.5,26,Delhi,Feroz Shah Kotla,False,True,17,2,2.8333333333333335,21,7.411764705882352,20,187,166,17.166666666666668,9.669902912621358,0,10
2.6,2,6,18,Zaheer Khan,Gautam Gambhir,0,True,5.0,26,Delhi,Feroz Shah Kotla,False,True,18,2,3.0,21,7.0,20,187,166,17.0,9.764705882352942,1,9
3.1,3,1,19,Mohammed Shami,Robin Uthappa,1,False,-0.5,26,Delhi,Feroz Shah Kotla,False,True,19,3,3.1666666666666665,22,6.947368421052632,20,187,165,16.833333333333332,9.801980198019802,1,9
3.2,3,2,20,Mohammed Shami,Piyush Chawla,1,False,-0.25,26,Delhi,Feroz Shah Kotla,False,True,20,3,3.3333333333333335,23,6.8999999999999995,20,187,164,16.666666666666668,9.84,1,9
3.3,3,3,21,Mohammed Shami,Robin Uthappa,0,False,1.0,26,Delhi,Feroz Shah Kotla,False,True,21,3,3.5,23,6.571428571428571,20,187,164,16.5,9.93939393939394,1,9
3.4,3,4,22,Mohammed Shami,Robin Uthappa,1,False,-0.5,26,Delhi,Feroz Shah Kotla,False,True,22,3,3.6666666666666665,24,6.545454545454546,20,187,163,16.333333333333332,9.979591836734695,1,9
3.5,3,5,23,Mohammed Shami,Piyush Chawla,4,False,-2.0,26,Delhi,Feroz Shah Kotla,False,True,23,3,3.8333333333333335,28,7.304347826086956,20,187,159,16.166666666666668,9.835051546391751,1,9
3.6,3,6,24,Mohammed Shami,Piyush Chawla,0,False,1.0,26,Delhi,Feroz Shah Kotla,False,True,24,3,4.0,28,7.0,20,187,159,16.0,9.9375,1,9
4.1,4,1,25,Zaheer Khan,Robin Uthappa,0,False,1.0,26,Delhi,Feroz Shah Kotla,False,True,25,4,4.166666666666667,28,6.72,20,187,159,15.833333333333332,10.042105263157895,1,9
4.2,4,2,26,Zaheer Khan,Robin Uthappa,1,False,-0.5,26,Delhi,Feroz Shah Kotla,False,True,26,4,4.333333333333333,29,6.6923076923076925,20,187,158,15.666666666666668,10.085106382978722,1,9
4.3,4,3,27,Zaheer Khan,Piyush Chawla,4,False,-2.0,26,Delhi,Feroz Shah Kotla,False,True,27,4,4.5,33,7.333333333333333,20,187,154,15.5,9.935483870967742,1,9
4.4,4,4,28,Zaheer Khan,Piyush Chawla,0,True,5.0,26,Delhi,Feroz Shah Kotla,False,True,28,4,4.666666666666667,33,7.071428571428571,20,187,154,15.333333333333332,10.043478260869566,2,8
4.5,4,5,29,Zaheer Khan,Yusuf Pathan,0,False,1.0,26,Delhi,Feroz Shah Kotla,False,True,29,4,4.833333333333333,33,6.8275862068965525,20,187,154,15.166666666666668,10.153846153846153,2,8
4.6,4,6,30,Zaheer Khan,Yusuf Pathan,0,False,1.0,26,Delhi,Feroz Shah Kotla,False,True,30,4,5.0,33,6.6,20,187,154,15.0,10.266666666666667,2,8
5.1,5,1,31,Mohammed Shami,Robin Uthappa,1,False,-0.5,26,Delhi,Feroz Shah Kotla,False,True,31,5,5.166666666666667,34,6.580645161290322,20,187,153,14.833333333333332,10.314606741573035,2,8
5.2,5,2,32,Mohammed Shami,Yusuf Pathan,1,False,-0.5,26,Delhi,Feroz Shah Kotla,False,True,32,5,5.333333333333333,35,6.5625,20,187,152,14.666666666666668,10.363636363636363,2,8
5.3,5,3,33,Mohammed Shami,Robin Uthappa,1,False,-0.5,26,Delhi,Feroz Shah Kotla,False,True,33,5,5.5,36,6.545454545454546,20,187,151,14.5,10.413793103448276,2,8
5.4,5,4,34,Mohammed Shami,Yusuf Pathan,2,False,-1.0,26,Delhi,Feroz Shah Kotla,False,True,34,5,5.666666666666667,38,6.705882352941176,20,187,149,14.333333333333332,10.395348837209303,2,8
5.5,5,5,35,Mohammed Shami,Yusuf Pathan,4,False,-2.0,26,Delhi,Feroz Shah Kotla,False,True,35,5,5.833333333333333,42,7.2,20,187,145,14.166666666666668,10.235294117647058,2,8
5.6,5,6,36,Mohammed Shami,Yusuf Pathan,1,False,-0.5,26,Delhi,Feroz Shah Kotla,False,True,36,5,6.0,43,7.166666666666667,20,187,144,14.0,10.285714285714286,2,8
6.1,6,1,37,Chris Morris,Yusuf Pathan,1,False,-0.5,26,Delhi,Feroz Shah Kotla,False,True,37,6,6.166666666666667,44,7.135135135135135,20,187,143,13.833333333333332,10.337349397590362,2,8
6.2,6,2,38,Chris Morris,Robin Uthappa,0,False,1.0,26,Delhi,Feroz Shah Kotla,False,True,38,6,6.333333333333333,44,6.947368421052632,20,187,143,13.666666666666668,10.463414634146341,2,8
6.3,6,3,39,Chris Morris,Robin Uthappa,4,False,-2.0,26,Delhi,Feroz Shah Kotla,False,True,39,6,6.5,48,7.384615384615385,20,187,139,13.5,10.296296296296296,2,8
6.4,6,4,40,Chris Morris,Robin Uthappa,2,False,-1.0,26,Delhi,Feroz Shah Kotla,False,True,40,6,6.666666666666667,50,7.5,20,187,137,13.333333333333332,10.275,2,8
6.5,6,5,41,Chris Morris,Robin Uthappa,0,False,1.0,26,Delhi,Feroz Shah Kotla,False,True,41,6,6.833333333333333,50,7.317073170731708,20,187,137,13.166666666666668,10.40506329113924,2,8
6.6,6,6,42,Chris Morris,Robin Uthappa,1,False,-0.25,26,Delhi,Feroz Shah Kotla,False,True,42,6,7.0,51,7.285714285714286,20,187,136,13.0,10.461538461538462,2,8
7.1,7,1,43,Carlos Brathwaite,Robin Uthappa,1,False,-0.5,26,Delhi,Feroz Shah Kotla,False,True,43,7,7.166666666666667,52,7.255813953488372,20,187,135,12.833333333333332,10.51948051948052,2,8
7.2,7,2,44,Carlos Brathwaite,Yusuf Pathan,1,False,-0.5,26,Delhi,Feroz Shah Kotla,False,True,44,7,7.333333333333333,53,7.2272727272727275,20,187,134,12.666666666666668,10.578947368421051,2,8
7.3,7,3,45,Carlos Brathwaite,Robin Uthappa,4,False,-2.0,26,Delhi,Feroz Shah Kotla,False,True,45,7,7.5,57,7.6,20,187,130,12.5,10.4,2,8
7.4,7,4,46,Carlos Brathwaite,Robin Uthappa,1,False,-0.5,26,Delhi,Feroz Shah Kotla,False,True,46,7,7.666666666666667,58,7.565217391304348,20,187,129,12.333333333333332,10.45945945945946,2,8
7.5,7,5,47,Carlos Brathwaite,Yusuf Pathan,0,True,5.0,26,Delhi,Feroz Shah Kotla,False,True,47,7,7.833333333333333,58,7.404255319148937,20,187,129,12.166666666666668,10.602739726027396,3,7
7.6,7,6,48,Carlos Brathwaite,Suryakumar Yadav,1,False,-0.5,26,Delhi,Feroz Shah Kotla,False,True,48,7,8.0,59,7.375,20,187,128,12.0,10.666666666666666,3,7
8.1,8,1,49,Chris Morris,Suryakumar Yadav,2,False,-1.0,26,Delhi,Feroz Shah Kotla,False,True,49,8,8.166666666666666,61,7.469387755102042,20,187,126,11.833333333333334,10.647887323943662,3,7
8.2,8,2,50,Chris Morris,Suryakumar Yadav,1,False,-0.5,26,Delhi,Feroz Shah Kotla,False,True,50,8,8.333333333333334,62,7.4399999999999995,20,187,125,11.666666666666666,10.714285714285715,3,7
8.3,8,3,51,Chris Morris,Robin Uthappa,1,False,-0.5,26,Delhi,Feroz Shah Kotla,False,True,51,8,8.5,63,7.411764705882353,20,187,124,11.5,10.782608695652174,3,7
8.4,8,4,52,Chris Morris,Suryakumar Yadav,1,False,-0.5,26,Delhi,Feroz Shah Kotla,False,True,52,8,8.666666666666666,64,7.384615384615385,20,187,123,11.333333333333334,10.852941176470587,3,7
8.5,8,5,53,Chris Morris,Robin Uthappa,1,False,-0.5,26,Delhi,Feroz Shah Kotla,False,True,53,8,8.833333333333334,65,7.3584905660377355,20,187,122,11.166666666666666,10.925373134328359,3,7
8.6,8,6,54,Chris Morris,Suryakumar Yadav,1,False,-0.5,26,Delhi,Feroz Shah Kotla,False,True,54,8,9.0,66,7.333333333333333,20,187,121,11.0,11.0,3,7
9.1,9,1,55,Carlos Brathwaite,Suryakumar Yadav,1,False,-0.5,26,Delhi,Feroz Shah Kotla,False,True,55,9,9.166666666666666,67,7.3090909090909095,20,187,120,10.833333333333334,11.076923076923077,3,7
9.2,9,2,56,Carlos Brathwaite,Robin Uthappa,1,False,-0.5,26,Delhi,Feroz Shah Kotla,False,True,56,9,9.333333333333334,68,7.285714285714286,20,187,119,10.666666666666666,11.15625,3,7
9.3,9,3,57,Carlos Brathwaite,Suryakumar Yadav,4,False,-2.0,26,Delhi,Feroz Shah Kotla,False,True,57,9,9.5,72,7.578947368421052,20,187,115,10.5,10.952380952380953,3,7
9.4,9,4,58,Carlos Brathwaite,Suryakumar Yadav,1,False,-0.5,26,Delhi,Feroz Shah Kotla,False,True,58,9,9.666666666666666,73,7.551724137931035,20,187,114,10.333333333333334,11.032258064516128,3,7
9.5,9,5,59,Carlos Brathwaite,Robin Uthappa,1,False,-0.5,26,Delhi,Feroz Shah Kotla,False,True,59,9,9.833333333333334,74,7.525423728813559,20,187,113,10.166666666666666,11.114754098360656,3,7
9.6,9,6,60,Carlos Brathwaite,Suryakumar Yadav,1,False,-1.0,26,Delhi,Feroz Shah Kotla,True,False,59,9,9.833333333333334,75,7.627118644067796,20,187,112,10.166666666666666,11.01639344262295,3,7
9.6,9,6,61,Carlos Brathwaite,Suryakumar Yadav,3,False,-1.0,26,Delhi,Feroz Shah Kotla,True,False,59,9,9.833333333333334,78,7.932203389830508,20,187,109,10.166666666666666,10.721311475409836,3,7
9.6,9,6,62,Carlos Brathwaite,Suryakumar Yadav,6,False,-3.0,26,Delhi,Feroz Shah Kotla,False,True,60,9,10.0,84,8.4,20,187,103,10.0,10.3,3,7
10.1,10,1,63,Amit Mishra,Robin Uthappa,0,False,1.0,26,Delhi,Feroz Shah Kotla,False,True,61,10,10.166666666666666,84,8.262295081967213,20,187,103,9.833333333333334,10.47457627118644,3,7
10.2,10,2,64,Amit Mishra,Robin Uthappa,2,False,-1.0,26,Delhi,Feroz Shah Kotla,False,True,62,10,10.333333333333334,86,8.32258064516129,20,187,101,9.666666666666666,10.448275862068966,3,7
10.3,10,3,65,Amit Mishra,Robin Uthappa,1,False,-0.5,26,Delhi,Feroz Shah Kotla,False,True,63,10,10.5,87,8.285714285714286,20,187,100,9.5,10.526315789473685,3,7
10.4,10,4,66,Amit Mishra,Suryakumar Yadav,1,False,-0.5,26,Delhi,Feroz Shah Kotla,False,True,64,10,10.666666666666666,88,8.25,20,187,99,9.333333333333334,10.607142857142856,3,7
10.5,10,5,67,Amit Mishra,Robin Uthappa,0,False,1.0,26,Delhi,Feroz Shah Kotla,False,True,65,10,10.833333333333334,88,8.123076923076923,20,187,99,9.166666666666666,10.8,3,7
10.6,10,6,68,Amit Mishra,Robin Uthappa,1,False,-0.25,26,Delhi,Feroz Shah Kotla,False,True,66,10,11.0,89,8.090909090909092,20,187,98,9.0,10.88888888888889,3,7
11.1,11,1,69,Carlos Brathwaite,Robin Uthappa,1,False,-0.5,26,Delhi,Feroz Shah Kotla,False,True,67,11,11.166666666666666,90,8.059701492537314,20,187,97,8.833333333333334,10.981132075471697,3,7
11.2,11,2,70,Carlos Brathwaite,Suryakumar Yadav,0,True,5.0,26,Delhi,Feroz Shah Kotla,False,True,68,11,11.333333333333334,90,7.941176470588235,20,187,97,8.666666666666666,11.192307692307693,4,6
11.3,11,3,71,Carlos Brathwaite,Robin Uthappa,1,False,-0.5,26,Delhi,Feroz Shah Kotla,False,True,69,11,11.5,91,7.913043478260869,20,187,96,8.5,11.294117647058824,4,6
11.4,11,4,72,Carlos Brathwaite,Rajagopal Sathish,1,False,-0.5,26,Delhi,Feroz Shah Kotla,False,True,70,11,11.666666666666666,92,7.885714285714286,20,187,95,8.333333333333334,11.399999999999999,4,6
11.5,11,5,73,Carlos Brathwaite,Robin Uthappa,2,False,-1.0,26,Delhi,Feroz Shah Kotla,False,True,71,11,11.833333333333334,94,7.943661971830985,20,187,93,8.166666666666666,11.387755102040817,4,6
11.6,11,6,74,Carlos Brathwaite,Robin Uthappa,1,False,-0.5,26,Delhi,Feroz Shah Kotla,False,True,72,11,12.0,95,7.916666666666667,20,187,92,8.0,11.5,4,6
12.1,12,1,75,Amit Mishra,Robin Uthappa,1,False,-0.5,26,Delhi,Feroz Shah Kotla,False,True,73,12,12.166666666666666,96,7.89041095890411,20,187,91,7.833333333333334,11.617021276595743,4,6
12.2,12,2,76,Amit Mishra,Rajagopal Sathish,0,False,1.0,26,Delhi,Feroz Shah Kotla,False,True,74,12,12.333333333333334,96,7.783783783783783,20,187,91,7.666666666666666,11.869565217391305,4,6
12.3,12,3,77,Amit Mishra,Rajagopal Sathish,0,False,1.0,26,Delhi,Feroz Shah Kotla,False,True,75,12,12.5,96,7.68,20,187,91,7.5,12.133333333333333,4,6
12.4,12,4,78,Amit Mishra,Rajagopal Sathish,1,False,-0.5,26,Delhi,Feroz Shah Kotla,False,True,76,12,12.666666666666666,97,7.657894736842105,20,187,90,7.333333333333334,12.272727272727272,4,6
12.5,12,5,79,Amit Mishra,Robin Uthappa,1,False,-0.5,26,Delhi,Feroz Shah Kotla,False,True,77,12,12.833333333333334,98,7.636363636363636,20,187,89,7.166666666666666,12.418604651162791,4,6
12.6,12,6,80,Amit Mishra,Rajagopal Sathish,0,False,1.0,26,Delhi,Feroz Shah Kotla,False,True,78,12,13.0,98,7.538461538461538,20,187,89,7.0,12.714285714285714,4,6
13.1,13,1,81,Carlos Brathwaite,Robin Uthappa,1,False,-0.5,26,Delhi,Feroz Shah Kotla,False,True,79,13,13.166666666666666,99,7.518987341772152,20,187,88,6.833333333333334,12.878048780487804,4,6
13.2,13,2,82,Carlos Brathwaite,Rajagopal Sathish,4,False,-2.0,26,Delhi,Feroz Shah Kotla,False,True,80,13,13.333333333333334,103,7.725,20,187,84,6.666666666666666,12.600000000000001,4,6
13.3,13,3,83,Carlos Brathwaite,Rajagopal Sathish,0,True,5.0,26,Delhi,Feroz Shah Kotla,False,True,81,13,13.5,103,7.62962962962963,20,187,84,6.5,12.923076923076923,5,5
13.4,13,4,84,Carlos Brathwaite,Andre Russell,1,False,-0.5,26,Delhi,Feroz Shah Kotla,False,True,82,13,13.666666666666666,104,7.609756097560976,20,187,83,6.333333333333334,13.105263157894736,5,5
13.5,13,5,85,Carlos Brathwaite,Robin Uthappa,1,False,-0.5,26,Delhi,Feroz Shah Kotla,False,True,83,13,13.833333333333334,105,7.590361445783132,20,187,82,6.166666666666666,13.297297297297298,5,5
13.6,13,6,86,Carlos Brathwaite,Andre Russell,4,False,-2.0,26,Delhi,Feroz Shah Kotla,False,True,84,13,14.0,109,7.785714285714286,20,187,78,6.0,13.0,5,5
14.1,14,1,87,Amit Mishra,Robin Uthappa,1,False,-1.0,26,Delhi,Feroz Shah Kotla,True,False,84,13,14.0,110,7.857142857142857,20,187,77,6.0,12.833333333333334,5,5
14.1,14,1,88,Amit Mishra,Robin Uthappa,6,False,-3.0,26,Delhi,Feroz Shah Kotla,False,True,85,14,14.166666666666666,116,8.188235294117648,20,187,71,5.833333333333334,12.17142857142857,5,5
14.2,14,2,89,Amit Mishra,Robin Uthappa,0,False,1.0,26,Delhi,Feroz Shah Kotla,False,True,86,14,14.333333333333334,116,8.093023255813954,20,187,71,5.666666666666666,12.529411764705884,5,5
14.3,14,3,90,Amit Mishra,Robin Uthappa,1,False,-0.5,26,Delhi,Feroz Shah Kotla,False,True,87,14,14.5,117,8.068965517241379,20,187,70,5.5,12.727272727272727,5,5
14.4,14,4,91,Amit Mishra,Andre Russell,1,False,-1.0,26,Delhi,Feroz Shah Kotla,True,False,87,14,14.5,118,8.137931034482758,20,187,69,5.5,12.545454545454545,5,5
14.4,14,4,92,Amit Mishra,Andre Russell,0,False,1.0,26,Delhi,Feroz Shah Kotla,False,True,88,14,14.666666666666666,118,8.045454545454545,20,187,69,5.333333333333334,12.937499999999998,5,5
14.5,14,5,93,Amit Mishra,Andre Russell,1,False,-0.5,26,Delhi,Feroz Shah Kotla,False,True,89,14,14.833333333333334,119,8.02247191011236,20,187,68,5.166666666666666,13.161290322580646,5,5
14.6,14,6,94,Amit Mishra,Robin Uthappa,4,False,-2.0,26,Delhi,Feroz Shah Kotla,False,True,90,14,15.0,123,8.2,20,187,64,5.0,12.8,5,5
15.1,15,1,95,Mohammed Shami,Andre Russell,0,False,1.0,26,Delhi,Feroz Shah Kotla,False,True,91,15,15.166666666666666,123,8.10989010989011,20,187,64,4.833333333333334,13.241379310344826,5,5
15.2,15,2,96,Mohammed Shami,Andre Russell,0,False,1.0,26,Delhi,Feroz Shah Kotla,False,True,92,15,15.333333333333334,123,8.021739130434783,20,187,64,4.666666666666666,13.714285714285715,5,5
15.3,15,3,97,Mohammed Shami,Andre Russell,0,False,1.0,26,Delhi,Feroz Shah Kotla,False,True,93,15,15.5,123,7.935483870967742,20,187,64,4.5,14.222222222222221,5,5
15.4,15,4,98,Mohammed Shami,Andre Russell,6,False,-3.0,26,Delhi,Feroz Shah Kotla,False,True,94,15,15.666666666666666,129,8.23404255319149,20,187,58,4.333333333333334,13.384615384615383,5,5
15.5,15,5,99,Mohammed Shami,Andre Russell,1,False,-1.0,26,Delhi,Feroz Shah Kotla,True,False,94,15,15.666666666666666,130,8.297872340425533,20,187,57,4.333333333333334,13.153846153846152,5,5
15.5,15,5,100,Mohammed Shami,Andre Russell,1,False,-0.5,26,Delhi,Feroz Shah Kotla,False,True,95,15,15.833333333333334,131,8.273684210526316,20,187,56,4.166666666666666,13.440000000000001,5,5
15.6,15,6,101,Mohammed Shami,Robin Uthappa,1,False,-0.5,26,Delhi,Feroz Shah Kotla,False,True,96,15,16.0,132,8.25,20,187,55,4.0,13.75,5,5
16.1,16,1,102,Amit Mishra,Robin Uthappa,6,False,-3.0,26,Delhi,Feroz Shah Kotla,False,True,97,16,16.166666666666668,138,8.536082474226804,20,187,49,3.833333333333332,12.782608695652177,5,5
16.2,16,2,103,Amit Mishra,Robin Uthappa,4,False,-2.0,26,Delhi,Feroz Shah Kotla,False,True,98,16,16.333333333333332,142,8.693877551020408,20,187,45,3.666666666666668,12.272727272727268,5,5
16.3,16,3,104,Amit Mishra,Robin Uthappa,1,False,-0.5,26,Delhi,Feroz Shah Kotla,False,True,99,16,16.5,143,8.666666666666666,20,187,44,3.5,12.571428571428571,5,5
16.4,16,4,105,Amit Mishra,Andre Russell,0,False,1.0,26,Delhi,Feroz Shah Kotla,False,True,100,16,16.666666666666668,143,8.58,20,187,44,3.333333333333332,13.200000000000005,5,5
16.5,16,5,106,Amit Mishra,Andre Russell,4,False,-2.0,26,Delhi,Feroz Shah Kotla,False,True,101,16,16.833333333333332,147,8.732673267326733,20,187,40,3.166666666666668,12.631578947368416,5,5
16.6,16,6,107,Amit Mishra,Andre Russell,0,True,5.0,26,Delhi,Feroz Shah Kotla,False,True,102,16,17.0,147,8.647058823529411,20,187,40,3.0,13.333333333333334,6,4
17.1,17,1,108,Chris Morris,Robin Uthappa,1,False,-0.5,26,Delhi,Feroz Shah Kotla,False,True,103,17,17.166666666666668,148,8.62135922330097,20,187,39,2.833333333333332,13.764705882352947,6,4
17.2,17,2,109,Chris Morris,Jason Holder,0,True,5.0,26,Delhi,Feroz Shah Kotla,False,True,104,17,17.333333333333332,148,8.538461538461538,20,187,39,2.666666666666668,14.624999999999993,7,3
17.3,17,3,110,Chris Morris,Umesh Yadav,1,False,-0.5,26,Delhi,Feroz Shah Kotla,False,True,105,17,17.5,149,8.514285714285714,20,187,38,2.5,15.2,7,3
17.4,17,4,111,Chris Morris,Robin Uthappa,0,True,5.0,26,Delhi,Feroz Shah Kotla,False,True,106,17,17.666666666666668,149,8.433962264150942,20,187,38,2.333333333333332,16.285714285714295,8,2
17.5,17,5,112,Chris Morris,Sunil Narine,2,False,-1.0,26,Delhi,Feroz Shah Kotla,False,True,107,17,17.833333333333332,151,8.46728971962617,20,187,36,2.166666666666668,16.615384615384606,8,2
17.6,17,6,113,Chris Morris,Sunil Narine,1,False,-0.5,26,Delhi,Feroz Shah Kotla,False,True,108,17,18.0,152,8.444444444444445,20,187,35,2.0,17.5,8,2
18.1,18,1,114,Zaheer Khan,Sunil Narine,1,False,-1.0,26,Delhi,Feroz Shah Kotla,True,False,108,17,18.0,153,8.5,20,187,34,2.0,17.0,8,2
18.1,18,1,115,Zaheer Khan,Sunil Narine,1,False,-0.5,26,Delhi,Feroz Shah Kotla,False,True,109,18,18.166666666666668,154,8.477064220183486,20,187,33,1.8333333333333321,18.00000000000001,8,2
18.2,18,2,116,Zaheer Khan,Umesh Yadav,0,True,5.0,26,Delhi,Feroz Shah Kotla,False,True,110,18,18.333333333333332,154,8.4,20,187,33,1.6666666666666679,19.799999999999986,9,1
18.3,18,3,117,Zaheer Khan,Umesh Yadav,0,True,5.0,26,Delhi,Feroz Shah Kotla,False,True,111,18,18.5,154,8.324324324324325,20,187,33,1.5,22.0,10,0
