Ball Number,over,ball,Ball,bowler,batsman,Runs,is_wicket,bowler_score,match_id,city,stadium,is_extra,legal_delivery,legal_deliveries_count,overs_completed,overs_bowled,total_runs,current_run_rate,total_overs,target,runs_needed,overs_remaining,required_run_rate,wickets_fallen,wickets_in_hand
0.1,0,1,1,Andre Russell,Agarwal,4,False,-2.0,2,Kolkata,Eden Gardens,False,True,1,0,0.16666666666666666,4,24.0,20,99,95,19.833333333333332,4.7899159663865545,0,10
0.2,0,2,2,Andre Russell,Agarwal,0,False,1.0,2,Kolkata,Eden Gardens,False,True,2,0,0.3333333333333333,4,12.0,20,99,95,19.666666666666668,4.830508474576271,0,10
0.3,0,3,3,Andre Russell,Agarwal,1,False,-0.5,2,Kolkata,Eden Gardens,False,True,3,0,0.5,5,10.0,20,99,94,19.5,4.82051282051282,0,10
0.3,0,3,4,Andre Russell,Agarwal,1,False,-1.0,2,Kolkata,Eden Gardens,True,False,3,0,0.5,6,12.0,20,99,93,19.5,4.769230769230769,0,10
0.4,0,4,5,Andre Russell,de Kock,0,False,1.0,2,Kolkata,Eden Gardens,False,True,4,0,0.6666666666666666,6,9.0,20,99,93,19.333333333333332,4.810344827586207,0,10
0.5,0,5,6,Andre Russell,de Kock,2,False,-1.0,2,Kolkata,Eden Gardens,False,True,5,0,0.8333333333333334,8,9.6,20,99,91,19.166666666666668,4.747826086956522,0,10
0.6,0,6,7,Andre Russell,de Kock,5,False,-2.5,2,Kolkata,Eden Gardens,False,True,6,0,1.0,13,13.0,20,99,86,19.0,4.526315789473684,0,10
1.1,1,1,8,Umesh Yadav,de Kock,0,False,1.0,2,Kolkata,Eden Gardens,False,True,7,1,1.1666666666666667,13,11.142857142857142,20,99,86,18.833333333333332,4.566371681415929,0,10
1.2,1,2,9,Umesh Yadav,de Kock,0,False,1.0,2,Kolkata,Eden Gardens,False,True,8,1,1.3333333333333333,13,9.75,20,99,86,18.666666666666668,4.607142857142857,0,10
1.3,1,3,10,Umesh Yadav,de Kock,0,False,1.0,2,Kolkata,Eden Gardens,False,True,9,1,1.5,13,8.666666666666666,20,99,86,18.5,4.648648648648648,0,10
1.4,1,4,11,Umesh Yadav,de Kock,4,False,-2.0,2,Kolkata,Eden Gardens,False,True,10,1,1.6666666666666665,17,10.200000000000001,20,99,82,18.333333333333332,4.472727272727273,0,10
1.5,1,5,12,Umesh Yadav,de Kock,6,False,-3.0,2,Kolkata,Eden Gardens,False,True,11,1,1.8333333333333335,23,12.545454545454545,20,99,76,18.166666666666668,4.18348623853211,0,10
1.6,1,6,13,Umesh Yadav,de Kock,0,False,1.0,2,Kolkata,Eden Gardens,False,True,12,1,2.0,23,11.5,20,99,76,18.0,4.222222222222222,0,10
2.1,2,1,14,Andre Russell,Agarwal,1,False,-0.5,2,Kolkata,Eden Gardens,False,True,13,2,2.1666666666666665,24,11.076923076923078,20,99,75,17.833333333333332,4.205607476635515,0,10
2.2,2,2,15,Andre Russell,de Kock,0,True,5.0,2,Kolkata,Eden Gardens,False,True,14,2,2.3333333333333335,24,10.285714285714285,20,99,75,17.666666666666668,4.245283018867924,1,9
2.3,2,3,16,Andre Russell,Agarwal,1,False,-0.5,2,Kolkata,Eden Gardens,False,True,15,2,2.5,25,10.0,20,99,74,17.5,4.228571428571429,1,9
2.4,2,4,17,Andre Russell,Shreyas Iyer,0,False,1.0,2,Kolkata,Eden Gardens,False,True,16,2,2.6666666666666665,25,9.375,20,99,74,17.333333333333332,4.269230769230769,1,9
2.5,2,5,18,Andre Russell,Shreyas Iyer,0,False,1.0,2,Kolkata,Eden Gardens,False,True,17,2,2.8333333333333335,25,8.823529411764705,20,99,74,17.166666666666668,4.310679611650485,1,9
2.6,2,6,19,Andre Russell,Shreyas Iyer,0,True,5.0,2,Kolkata,Eden Gardens,False,True,18,2,3.0,25,8.333333333333334,20,99,74,17.0,4.352941176470588,2,8
3.1,3,1,20,John Hastings,Agarwal,0,False,1.0,2,Kolkata,Eden Gardens,False,True,19,3,3.1666666666666665,25,7.894736842105264,20,99,74,16.833333333333332,4.396039603960396,2,8
3.2,3,2,21,John Hastings,Agarwal,0,False,1.0,2,Kolkata,Eden Gardens,False,True,20,3,3.3333333333333335,25,7.5,20,99,74,16.666666666666668,4.4399999999999995,2,8
3.3,3,3,22,John Hastings,Agarwal,0,False,1.0,2,Kolkata,Eden Gardens,False,True,21,3,3.5,25,7.142857142857143,20,99,74,16.5,4.484848484848484,2,8
3.4,3,4,23,John Hastings,Agarwal,1,False,-0.5,2,Kolkata,Eden Gardens,False,True,22,3,3.6666666666666665,26,7.090909090909091,20,99,73,16.333333333333332,4.469387755102042,2,8
3.5,3,5,24,John Hastings,Karun Nair,0,False,1.0,2,Kolkata,Eden Gardens,False,True,23,3,3.8333333333333335,26,6.782608695652174,20,99,73,16.166666666666668,4.515463917525773,2,8
3.6,3,6,25,John Hastings,Karun Nair,0,False,1.0,2,Kolkata,Eden Gardens,False,True,24,3,4.0,26,6.5,20,99,73,16.0,4.5625,2,8
4.1,4,1,26,Andre Russell,Agarwal,1,False,-0.5,2,Kolkata,Eden Gardens,False,True,25,4,4.166666666666667,27,6.4799999999999995,20,99,72,15.833333333333332,4.5473684210526315,2,8
4.2,4,2,27,Andre Russell,Karun Nair,1,False,-1.0,2,Kolkata,Eden Gardens,True,False,25,4,4.166666666666667,28,6.72,20,99,71,15.833333333333332,4.48421052631579,2,8
4.2,4,2,28,Andre Russell,Karun Nair,2,False,-1.0,2,Kolkata,Eden Gardens,False,True,26,4,4.333333333333333,30,6.923076923076923,20,99,69,15.666666666666668,4.404255319148936,2,8
4.3,4,3,29,Andre Russell,Karun Nair,0,False,1.0,2,Kolkata,Eden Gardens,False,True,27,4,4.5,30,6.666666666666667,20,99,69,15.5,4.451612903225806,2,8
4.4,4,4,30,Andre Russell,Karun Nair,1,False,-0.5,2,Kolkata,Eden Gardens,False,True,28,4,4.666666666666667,31,6.642857142857142,20,99,68,15.333333333333332,4.434782608695652,2,8
4.5,4,5,31,Andre Russell,Agarwal,0,True,5.0,2,Kolkata,Eden Gardens,False,True,29,4,4.833333333333333,31,6.413793103448277,20,99,68,15.166666666666668,4.483516483516484,3,7
4.6,4,6,32,Andre Russell,Sanju Samson,4,False,-2.0,2,Kolkata,Eden Gardens,False,True,30,4,5.0,35,7.0,20,99,64,15.0,4.266666666666667,3,7
5.1,5,1,33,John Hastings,Karun Nair,0,False,1.0,2,Kolkata,Eden Gardens,False,True,31,5,5.166666666666667,35,6.774193548387096,20,99,64,14.833333333333332,4.3146067415730345,3,7
5.2,5,2,34,John Hastings,Karun Nair,0,False,1.0,2,Kolkata,Eden Gardens,False,True,32,5,5.333333333333333,35,6.5625,20,99,64,14.666666666666668,4.363636363636363,3,7
5.3,5,3,35,John Hastings,Karun Nair,0,True,5.0,2,Kolkata,Eden Gardens,False,True,33,5,5.5,35,6.363636363636363,20,99,64,14.5,4.413793103448276,4,6
5.4,5,4,36,John Hastings,Pawan Negi,0,False,1.0,2,Kolkata,Eden Gardens,False,True,34,5,5.666666666666667,35,6.1764705882352935,20,99,64,14.333333333333332,4.465116279069767,4,6
5.5,5,5,37,John Hastings,Pawan Negi,0,False,1.0,2,Kolkata,Eden Gardens,False,True,35,5,5.833333333333333,35,6.0,20,99,64,14.166666666666668,4.517647058823529,4,6
5.6,5,6,38,John Hastings,Pawan Negi,0,False,1.0,2,Kolkata,Eden Gardens,False,True,36,5,6.0,35,5.833333333333333,20,99,64,14.0,4.571428571428571,4,6
6.1,6,1,39,Umesh Yadav,Sanju Samson,4,False,-2.0,2,Kolkata,Eden Gardens,False,True,37,6,6.166666666666667,39,6.324324324324324,20,99,60,13.833333333333332,4.337349397590362,4,6
6.2,6,2,40,Umesh Yadav,Sanju Samson,1,False,-0.5,2,Kolkata,Eden Gardens,False,True,38,6,6.333333333333333,40,6.315789473684211,20,99,59,13.666666666666668,4.317073170731707,4,6
6.3,6,3,41,Umesh Yadav,Pawan Negi,0,False,1.0,2,Kolkata,Eden Gardens,False,True,39,6,6.5,40,6.153846153846154,20,99,59,13.5,4.37037037037037,4,6
6.4,6,4,42,Umesh Yadav,Pawan Negi,1,False,-0.5,2,Kolkata,Eden Gardens,False,True,40,6,6.666666666666667,41,6.1499999999999995,20,99,58,13.333333333333332,4.3500000000000005,4,6
6.5,6,5,43,Umesh Yadav,Sanju Samson,0,False,1.0,2,Kolkata,Eden Gardens,False,True,41,6,6.833333333333333,41,6.0,20,99,58,13.166666666666668,4.40506329113924,4,6
6.6,6,6,44,Umesh Yadav,Sanju Samson,1,False,-0.5,2,Kolkata,Eden Gardens,False,True,42,6,7.0,42,6.0,20,99,57,13.0,4.384615384615385,4,6
7.1,7,1,45,Colin Munro,Sanju Samson,1,False,-0.5,2,Kolkata,Eden Gardens,False,True,43,7,7.166666666666667,43,6.0,20,99,56,12.833333333333332,4.363636363636364,4,6
7.2,7,2,46,Colin Munro,Pawan Negi,0,False,1.0,2,Kolkata,Eden Gardens,False,True,44,7,7.333333333333333,43,5.863636363636364,20,99,56,12.666666666666668,4.421052631578947,4,6
7.3,7,3,47,Colin Munro,Pawan Negi,0,False,1.0,2,Kolkata,Eden Gardens,False,True,45,7,7.5,43,5.733333333333333,20,99,56,12.5,4.48,4,6
7.4,7,4,48,Colin Munro,Pawan Negi,6,False,-3.0,2,Kolkata,Eden Gardens,False,True,46,7,7.666666666666667,49,6.391304347826087,20,99,50,12.333333333333332,4.054054054054054,4,6
7.5,7,5,49,Colin Munro,Pawan Negi,0,False,1.0,2,Kolkata,Eden Gardens,False,True,47,7,7.833333333333333,49,6.25531914893617,20,99,50,12.166666666666668,4.10958904109589,4,6
7.6,7,6,50,Colin Munro,Pawan Negi,0,False,1.0,2,Kolkata,Eden Gardens,False,True,48,7,8.0,49,6.125,20,99,50,12.0,4.166666666666667,4,6
8.1,8,1,51,Umesh Yadav,Sanju Samson,1,False,-0.5,2,Kolkata,Eden Gardens,False,True,49,8,8.166666666666666,50,6.122448979591837,20,99,49,11.833333333333334,4.140845070422535,4,6
8.2,8,2,52,Umesh Yadav,Pawan Negi,2,False,-1.0,2,Kolkata,Eden Gardens,False,True,50,8,8.333333333333334,52,6.239999999999999,20,99,47,11.666666666666666,4.0285714285714285,4,6
8.3,8,3,53,Umesh Yadav,Pawan Negi,0,False,1.0,2,Kolkata,Eden Gardens,False,True,51,8,8.5,52,6.117647058823529,20,99,47,11.5,4.086956521739131,4,6
8.4,8,4,54,Umesh Yadav,Pawan Negi,0,False,1.0,2,Kolkata,Eden Gardens,False,True,52,8,8.666666666666666,52,6.0,20,99,47,11.333333333333334,4.147058823529411,4,6
8.5,8,5,55,Umesh Yadav,Pawan Negi,0,False,1.0,2,Kolkata,Eden Gardens,False,True,53,8,8.833333333333334,52,5.886792452830188,20,99,47,11.166666666666666,4.208955223880597,4,6
8.6,8,6,56,Umesh Yadav,Pawan Negi,1,False,-0.5,2,Kolkata,Eden Gardens,False,True,54,8,9.0,53,5.888888888888889,20,99,46,11.0,4.181818181818182,4,6
9.1,9,1,57,Brad Hogg,Pawan Negi,0,False,1.0,2,Kolkata,Eden Gardens,False,True,55,9,9.166666666666666,53,5.781818181818182,20,99,46,10.833333333333334,4.246153846153846,4,6
9.2,9,2,58,Brad Hogg,Pawan Negi,1,False,-0.5,2,Kolkata,Eden Gardens,False,True,56,9,9.333333333333334,54,5.785714285714286,20,99,45,10.666666666666666,4.21875,4,6
9.3,9,3,59,Brad Hogg,Sanju Samson,0,False,1.0,2,Kolkata,Eden Gardens,False,True,57,9,9.5,54,5.684210526315789,20,99,45,10.5,4.285714285714286,4,6
9.4,9,4,60,Brad Hogg,Sanju Samson,1,False,-0.5,2,Kolkata,Eden Gardens,False,True,58,9,9.666666666666666,55,5.689655172413794,20,99,44,10.333333333333334,4.258064516129032,4,6
9.5,9,5,61,Brad Hogg,Pawan Negi,0,False,1.0,2,Kolkata,Eden Gardens,False,True,59,9,9.833333333333334,55,5.59322033898305,20,99,44,10.166666666666666,4.327868852459017,4,6
9.6,9,6,62,Brad Hogg,Pawan Negi,0,True,5.0,2,Kolkata,Eden Gardens,False,True,60,9,10.0,55,5.5,20,99,44,10.0,4.4,5,5
10.1,10,1,63,Piyush Chawla,Sanju Samson,1,False,-0.5,2,Kolkata,Eden Gardens,False,True,61,10,10.166666666666666,56,5.508196721311475,20,99,43,9.833333333333334,4.372881355932203,5,5
10.2,10,2,64,Piyush Chawla,Carlos Brathwaite,5,False,-1.0,2,Kolkata,Eden Gardens,True,False,61,10,10.166666666666666,61,6.0,20,99,38,9.833333333333334,3.864406779661017,5,5
10.2,10,2,65,Piyush Chawla,Carlos Brathwaite,6,False,-3.0,2,Kolkata,Eden Gardens,False,True,62,10,10.333333333333334,67,6.483870967741935,20,99,32,9.666666666666666,3.3103448275862073,5,5
10.3,10,3,66,Piyush Chawla,Carlos Brathwaite,0,False,1.0,2,Kolkata,Eden Gardens,False,True,63,10,10.5,67,6.380952380952381,20,99,32,9.5,3.3684210526315788,5,5
10.4,10,4,67,Piyush Chawla,Carlos Brathwaite,0,False,1.0,2,Kolkata,Eden Gardens,False,True,64,10,10.666666666666666,67,6.28125,20,99,32,9.333333333333334,3.4285714285714284,5,5
10.5,10,5,68,Piyush Chawla,Carlos Brathwaite,0,True,5.0,2,Kolkata,Eden Gardens,False,True,65,10,10.833333333333334,67,6.184615384615384,20,99,32,9.166666666666666,3.490909090909091,6,4
10.6,10,6,69,Piyush Chawla,Chris Morris,1,False,-0.5,2,Kolkata,Eden Gardens,False,True,66,10,11.0,68,6.181818181818182,20,99,31,9.0,3.4444444444444446,6,4
11.1,11,1,70,Brad Hogg,Chris Morris,4,False,-2.0,2,Kolkata,Eden Gardens,False,True,67,11,11.166666666666666,72,6.447761194029851,20,99,27,8.833333333333334,3.0566037735849054,6,4
11.2,11,2,71,Brad Hogg,Chris Morris,0,False,1.0,2,Kolkata,Eden Gardens,False,True,68,11,11.333333333333334,72,6.352941176470588,20,99,27,8.666666666666666,3.1153846153846154,6,4
11.3,11,3,72,Brad Hogg,Chris Morris,1,False,-0.5,2,Kolkata,Eden Gardens,False,True,69,11,11.5,73,6.3478260869565215,20,99,26,8.5,3.0588235294117645,6,4
11.4,11,4,73,Brad Hogg,Sanju Samson,0,False,1.0,2,Kolkata,Eden Gardens,False,True,70,11,11.666666666666666,73,6.257142857142857,20,99,26,8.333333333333334,3.1199999999999997,6,4
11.5,11,5,74,Brad Hogg,Sanju Samson,1,False,-0.5,2,Kolkata,Eden Gardens,False,True,71,11,11.833333333333334,74,6.253521126760563,20,99,25,8.166666666666666,3.0612244897959187,6,4
11.6,11,6,75,Brad Hogg,Chris Morris,5,False,-1.0,2,Kolkata,Eden Gardens,True,False,71,11,11.833333333333334,79,6.676056338028169,20,99,20,8.166666666666666,2.4489795918367347,6,4
11.6,11,6,76,Brad Hogg,Chris Morris,1,False,-0.5,2,Kolkata,Eden Gardens,False,True,72,11,12.0,80,6.666666666666667,20,99,19,8.0,2.375,6,4
12.1,12,1,77,Piyush Chawla,Chris Morris,0,False,1.0,2,Kolkata,Eden Gardens,False,True,73,12,12.166666666666666,80,6.575342465753425,20,99,19,7.833333333333334,2.4255319148936167,6,4
12.2,12,2,78,Piyush Chawla,Chris Morris,0,False,1.0,2,Kolkata,Eden Gardens,False,True,74,12,12.333333333333334,80,6.486486486486486,20,99,19,7.666666666666666,2.4782608695652177,6,4
12.3,12,3,79,Piyush Chawla,Chris Morris,4,False,-2.0,2,Kolkata,Eden Gardens,False,True,75,12,12.5,84,6.72,20,99,15,7.5,2.0,6,4
12.4,12,4,80,Piyush Chawla,Chris Morris,0,True,5.0,2,Kolkata,Eden Gardens,False,True,76,12,12.666666666666666,84,6.631578947368421,20,99,15,7.333333333333334,2.0454545454545454,7,3
12.5,12,5,81,Piyush Chawla,Nathan Coulter-Nile,0,False,1.0,2,Kolkata,Eden Gardens,False,True,77,12,12.833333333333334,84,6.545454545454545,20,99,15,7.166666666666666,2.0930232558139537,7,3
12.6,12,6,82,Piyush Chawla,Nathan Coulter-Nile,0,False,1.0,2,Kolkata,Eden Gardens,False,True,78,12,13.0,84,6.461538461538462,20,99,15,7.0,2.142857142857143,7,3
13.1,13,1,83,Brad Hogg,Sanju Samson,0,True,5.0,2,Kolkata,Eden Gardens,False,True,79,13,13.166666666666666,84,6.379746835443038,20,99,15,6.833333333333334,2.195121951219512,8,2
13.2,13,2,84,Brad Hogg,Amit Mishra,0,False,1.0,2,Kolkata,Eden Gardens,False,True,80,13,13.333333333333334,84,6.3,20,99,15,6.666666666666666,2.25,8,2
13.3,13,3,85,Brad Hogg,Amit Mishra,1,False,-0.5,2,Kolkata,Eden Gardens,False,True,81,13,13.5,85,6.296296296296297,20,99,14,6.5,2.1538461538461537,8,2
13.4,13,4,86,Brad Hogg,Nathan Coulter-Nile,0,False,1.0,2,Kolkata,Eden Gardens,False,True,82,13,13.666666666666666,85,6.219512195121951,20,99,14,6.333333333333334,2.2105263157894735,8,2
13.5,13,5,87,Brad Hogg,Nathan Coulter-Nile,4,False,-2.0,2,Kolkata,Eden Gardens,False,True,83,13,13.833333333333334,89,6.433734939759036,20,99,10,6.166666666666666,1.6216216216216217,8,2
13.6,13,6,88,Brad Hogg,Nathan Coulter-Nile,0,False,1.0,2,Kolkata,Eden Gardens,False,True,84,13,14.0,89,6.357142857142857,20,99,10,6.0,1.6666666666666667,8,2
14.1,14,1,89,Piyush Chawla,Amit Mishra,0,False,1.0,2,Kolkata,Eden Gardens,False,True,85,14,14.166666666666666,89,6.2823529411764705,20,99,10,5.833333333333334,1.7142857142857142,8,2
14.2,14,2,90,Piyush Chawla,Amit Mishra,1,False,-0.5,2,Kolkata,Eden Gardens,False,True,86,14,14.333333333333334,90,6.27906976744186,20,99,9,5.666666666666666,1.5882352941176472,8,2
14.3,14,3,91,Piyush Chawla,Nathan Coulter-Nile,0,False,1.0,2,Kolkata,Eden Gardens,False,True,87,14,14.5,90,6.206896551724138,20,99,9,5.5,1.6363636363636365,8,2
14.4,14,4,92,Piyush Chawla,Nathan Coulter-Nile,1,False,-0.5,2,Kolkata,Eden Gardens,False,True,88,14,14.666666666666666,91,6.204545454545455,20,99,8,5.333333333333334,1.4999999999999998,8,2
14.5,14,5,93,Piyush Chawla,Amit Mishra,1,False,-0.5,2,Kolkata,Eden Gardens,False,True,89,14,14.833333333333334,92,6.202247191011236,20,99,7,5.166666666666666,1.3548387096774195,8,2
14.6,14,6,94,Piyush Chawla,Nathan Coulter-Nile,0,False,1.0,2,Kolkata,Eden Gardens,False,True,90,14,15.0,92,6.133333333333334,20,99,7,5.0,1.4,8,2
15.1,15,1,95,Brad Hogg,Amit Mishra,0,False,1.0,2,Kolkata,Eden Gardens,False,True,91,15,15.166666666666666,92,6.065934065934067,20,99,7,4.833333333333334,1.4482758620689653,8,2
15.2,15,2,96,Brad Hogg,Amit Mishra,0,False,1.0,2,Kolkata,Eden Gardens,False,True,92,15,15.333333333333334,92,6.0,20,99,7,4.666666666666666,1.5000000000000002,8,2
15.3,15,3,97,Brad Hogg,Amit Mishra,0,False,1.0,2,Kolkata,Eden Gardens,False,True,93,15,15.5,92,5.935483870967742,20,99,7,4.5,1.5555555555555556,8,2
15.4,15,4,98,Brad Hogg,Amit Mishra,0,True,5.0,2,Kolkata,Eden Gardens,False,True,94,15,15.666666666666666,92,5.872340425531915,20,99,7,4.333333333333334,1.6153846153846152,9,1
15.5,15,5,99,Brad Hogg,Zaheer Khan,0,False,1.0,2,Kolkata,Eden Gardens,False,True,95,15,15.833333333333334,92,5.810526315789473,20,99,7,4.166666666666666,1.6800000000000002,9,1
15.6,15,6,100,Brad Hogg,Zaheer Khan,0,False,1.0,2,Kolkata,Eden Gardens,False,True,96,15,16.0,92,5.75,20,99,7,4.0,1.75,9,1
16.1,16,1,101,Piyush Chawla,Nathan Coulter-Nile,0,False,1.0,2,Kolkata,Eden Gardens,False,True,97,16,16.166666666666668,92,5.690721649484535,20,99,7,3.833333333333332,1.8260869565217397,9,1
16.2,16,2,102,Piyush Chawla,Nathan Coulter-Nile,1,False,-0.5,2,Kolkata,Eden Gardens,False,True,98,16,16.333333333333332,93,5.6938775510204085,20,99,6,3.666666666666668,1.6363636363636358,9,1
16.3,16,3,103,Piyush Chawla,Zaheer Khan,0,False,1.0,2,Kolkata,Eden Gardens,False,True,99,16,16.5,93,5.636363636363637,20,99,6,3.5,1.7142857142857142,9,1
16.4,16,4,104,Piyush Chawla,Zaheer Khan,0,False,1.0,2,Kolkata,Eden Gardens,False,True,100,16,16.666666666666668,93,5.579999999999999,20,99,6,3.333333333333332,1.8000000000000007,9,1
16.5,16,5,105,Piyush Chawla,Zaheer Khan,0,False,1.0,2,Kolkata,Eden Gardens,False,True,101,16,16.833333333333332,93,5.524752475247525,20,99,6,3.166666666666668,1.8947368421052624,9,1
16.6,16,6,106,Piyush Chawla,Zaheer Khan,0,False,1.0,2,Kolkata,Eden Gardens,False,True,102,16,17.0,93,5.470588235294118,20,99,6,3.0,2.0,9,1
17.1,17,1,107,John Hastings,Nathan Coulter-Nile,1,False,-0.5,2,Kolkata,Eden Gardens,False,True,103,17,17.166666666666668,94,5.475728155339805,20,99,5,2.833333333333332,1.764705882352942,9,1
17.2,17,2,108,John Hastings,Zaheer Khan,0,False,1.0,2,Kolkata,Eden Gardens,False,True,104,17,17.333333333333332,94,5.423076923076923,20,99,5,2.666666666666668,1.8749999999999991,9,1
17.3,17,3,109,John Hastings,Zaheer Khan,4,False,-2.0,2,Kolkata,Eden Gardens,False,True,105,17,17.5,98,5.6,20,99,1,2.5,0.4,9,1
17.4,17,4,110,John Hastings,Zaheer Khan,0,True,5.0,2,Kolkata,Eden Gardens,False,True,106,17,17.666666666666668,98,5.547169811320754,20,99,1,2.333333333333332,0.42857142857142877,10,0
