Ball Number,over,ball,Ball,bowler,batsman,Runs,is_wicket,bowler_score,match_id,city,stadium,is_extra,legal_delivery,legal_deliveries_count,overs_completed,overs_bowled,total_runs,current_run_rate,total_overs,target,runs_needed,overs_remaining,required_run_rate,wickets_fallen,wickets_in_hand
0.1,0,1,1,Jayant Yadav,Ajinkya Rahane,0,False,1.0,33,Delhi,Feroz Shah Kotla,False,True,1,0,0.16666666666666666,0,0.0,20,163,163,19.833333333333332,8.218487394957984,0,10
0.2,0,2,2,Jayant Yadav,Ajinkya Rahane,4,False,-2.0,33,Delhi,Feroz Shah Kotla,False,True,2,0,0.3333333333333333,4,12.0,20,163,159,19.666666666666668,8.084745762711863,0,10
0.3,0,3,3,Jayant Yadav,Ajinkya Rahane,0,False,1.0,33,Delhi,Feroz Shah Kotla,False,True,3,0,0.5,4,8.0,20,163,159,19.5,8.153846153846153,0,10
0.4,0,4,4,Jayant Yadav,Ajinkya Rahane,1,False,-0.5,33,Delhi,Feroz Shah Kotla,False,True,4,0,0.6666666666666666,5,7.5,20,163,158,19.333333333333332,8.172413793103448,0,10
0.5,0,5,5,Jayant Yadav,Usman Khawaja,1,False,-0.5,33,Delhi,Feroz Shah Kotla,False,True,5,0,0.8333333333333334,6,7.199999999999999,20,163,157,19.166666666666668,8.191304347826087,0,10
0.6,0,6,6,Jayant Yadav,Ajinkya Rahane,0,False,1.0,33,Delhi,Feroz Shah Kotla,False,True,6,0,1.0,6,6.0,20,163,157,19.0,8.263157894736842,0,10
1.1,1,1,7,Carlos Brathwaite,Usman Khawaja,0,False,1.0,33,Delhi,Feroz Shah Kotla,False,True,7,1,1.1666666666666667,6,5.142857142857142,20,163,157,18.833333333333332,8.336283185840708,0,10
1.2,1,2,8,Carlos Brathwaite,Usman Khawaja,0,False,1.0,33,Delhi,Feroz Shah Kotla,False,True,8,1,1.3333333333333333,6,4.5,20,163,157,18.666666666666668,8.410714285714285,0,10
1.3,1,3,9,Carlos Brathwaite,Usman Khawaja,4,False,-2.0,33,Delhi,Feroz Shah Kotla,False,True,9,1,1.5,10,6.666666666666667,20,163,153,18.5,8.27027027027027,0,10
1.4,1,4,10,Carlos Brathwaite,Usman Khawaja,1,False,-0.5,33,Delhi,Feroz Shah Kotla,False,True,10,1,1.6666666666666665,11,6.6000000000000005,20,163,152,18.333333333333332,8.290909090909091,0,10
1.5,1,5,11,Carlos Brathwaite,Ajinkya Rahane,1,False,-0.5,33,Delhi,Feroz Shah Kotla,False,True,11,1,1.8333333333333335,12,6.545454545454545,20,163,151,18.166666666666668,8.311926605504587,0,10
1.6,1,6,12,Carlos Brathwaite,Usman Khawaja,1,False,-0.5,33,Delhi,Feroz Shah Kotla,False,True,12,1,2.0,13,6.5,20,163,150,18.0,8.333333333333334,0,10
2.1,2,1,13,Jayant Yadav,Usman Khawaja,0,False,1.0,33,Delhi,Feroz Shah Kotla,False,True,13,2,2.1666666666666665,13,6.0,20,163,150,17.833333333333332,8.41121495327103,0,10
2.2,2,2,14,Jayant Yadav,Usman Khawaja,1,False,-0.5,33,Delhi,Feroz Shah Kotla,False,True,14,2,2.3333333333333335,14,6.0,20,163,149,17.666666666666668,8.433962264150942,0,10
2.3,2,3,15,Jayant Yadav,Ajinkya Rahane,1,False,-0.5,33,Delhi,Feroz Shah Kotla,False,True,15,2,2.5,15,6.0,20,163,148,17.5,8.457142857142857,0,10
2.4,2,4,16,Jayant Yadav,Usman Khawaja,1,False,-0.5,33,Delhi,Feroz Shah Kotla,False,True,16,2,2.6666666666666665,16,6.0,20,163,147,17.333333333333332,8.480769230769232,0,10
2.5,2,5,17,Jayant Yadav,Ajinkya Rahane,0,False,1.0,33,Delhi,Feroz Shah Kotla,False,True,17,2,2.8333333333333335,16,5.647058823529411,20,163,147,17.166666666666668,8.563106796116504,0,10
2.6,2,6,18,Jayant Yadav,Ajinkya Rahane,0,False,1.0,33,Delhi,Feroz Shah Kotla,False,True,18,2,3.0,16,5.333333333333333,20,163,147,17.0,8.647058823529411,0,10
3.1,3,1,19,Mohammed Shami,Usman Khawaja,1,False,-0.5,33,Delhi,Feroz Shah Kotla,False,True,19,3,3.1666666666666665,17,5.368421052631579,20,163,146,16.833333333333332,8.673267326732674,0,10
3.2,3,2,20,Mohammed Shami,Ajinkya Rahane,4,False,-2.0,33,Delhi,Feroz Shah Kotla,False,True,20,3,3.3333333333333335,21,6.3,20,163,142,16.666666666666668,8.52,0,10
3.3,3,3,21,Mohammed Shami,Ajinkya Rahane,0,False,1.0,33,Delhi,Feroz Shah Kotla,False,True,21,3,3.5,21,6.0,20,163,142,16.5,8.606060606060606,0,10
3.4,3,4,22,Mohammed Shami,Ajinkya Rahane,2,False,-1.0,33,Delhi,Feroz Shah Kotla,False,True,22,3,3.6666666666666665,23,6.272727272727273,20,163,140,16.333333333333332,8.571428571428571,0,10
3.5,3,5,23,Mohammed Shami,Ajinkya Rahane,1,False,-0.5,33,Delhi,Feroz Shah Kotla,False,True,23,3,3.8333333333333335,24,6.260869565217391,20,163,139,16.166666666666668,8.597938144329897,0,10
3.6,3,6,24,Mohammed Shami,Usman Khawaja,4,False,-2.0,33,Delhi,Feroz Shah Kotla,False,True,24,3,4.0,28,7.0,20,163,135,16.0,8.4375,0,10
4.1,4,1,25,Jayant Yadav,Ajinkya Rahane,0,False,1.0,33,Delhi,Feroz Shah Kotla,False,True,25,4,4.166666666666667,28,6.72,20,163,135,15.833333333333332,8.526315789473685,0,10
4.2,4,2,26,Jayant Yadav,Ajinkya Rahane,1,False,-0.5,33,Delhi,Feroz Shah Kotla,False,True,26,4,4.333333333333333,29,6.6923076923076925,20,163,134,15.666666666666668,8.553191489361701,0,10
4.3,4,3,27,Jayant Yadav,Usman Khawaja,1,False,-0.5,33,Delhi,Feroz Shah Kotla,False,True,27,4,4.5,30,6.666666666666667,20,163,133,15.5,8.580645161290322,0,10
4.4,4,4,28,Jayant Yadav,Ajinkya Rahane,1,False,-0.5,33,Delhi,Feroz Shah Kotla,False,True,28,4,4.666666666666667,31,6.642857142857142,20,163,132,15.333333333333332,8.608695652173914,0,10
4.5,4,5,29,Jayant Yadav,Usman Khawaja,6,False,-3.0,33,Delhi,Feroz Shah Kotla,False,True,29,4,4.833333333333333,37,7.655172413793104,20,163,126,15.166666666666668,8.307692307692307,0,10
4.6,4,6,30,Jayant Yadav,Usman Khawaja,1,False,-0.5,33,Delhi,Feroz Shah Kotla,False,True,30,4,5.0,38,7.6,20,163,125,15.0,8.333333333333334,0,10
5.1,5,1,31,Mohammed Shami,Usman Khawaja,1,False,-0.5,33,Delhi,Feroz Shah Kotla,False,True,31,5,5.166666666666667,39,7.548387096774193,20,163,124,14.833333333333332,8.359550561797754,0,10
5.2,5,2,32,Mohammed Shami,Ajinkya Rahane,4,False,-2.0,33,Delhi,Feroz Shah Kotla,False,True,32,5,5.333333333333333,43,8.0625,20,163,120,14.666666666666668,8.181818181818182,0,10
5.3,5,3,33,Mohammed Shami,Ajinkya Rahane,4,False,-2.0,33,Delhi,Feroz Shah Kotla,False,True,33,5,5.5,47,8.545454545454545,20,163,116,14.5,8.0,0,10
5.4,5,4,34,Mohammed Shami,Ajinkya Rahane,1,False,-0.5,33,Delhi,Feroz Shah Kotla,False,True,34,5,5.666666666666667,48,8.470588235294118,20,163,115,14.333333333333332,8.023255813953488,0,10
5.5,5,5,35,Mohammed Shami,Usman Khawaja,0,False,1.0,33,Delhi,Feroz Shah Kotla,False,True,35,5,5.833333333333333,48,8.22857142857143,20,163,115,14.166666666666668,8.117647058823529,0,10
5.6,5,6,36,Mohammed Shami,Usman Khawaja,2,False,-1.0,33,Delhi,Feroz Shah Kotla,False,True,36,5,6.0,50,8.333333333333334,20,163,113,14.0,8.071428571428571,0,10
6.1,6,1,37,Amit Mishra,Ajinkya Rahane,1,False,-0.5,33,Delhi,Feroz Shah Kotla,False,True,37,6,6.166666666666667,51,8.27027027027027,20,163,112,13.833333333333332,8.096385542168676,0,10
6.2,6,2,38,Amit Mishra,Usman Khawaja,1,False,-0.5,33,Delhi,Feroz Shah Kotla,False,True,38,6,6.333333333333333,52,8.210526315789474,20,163,111,13.666666666666668,8.121951219512194,0,10
6.3,6,3,39,Amit Mishra,Ajinkya Rahane,1,False,-0.5,33,Delhi,Feroz Shah Kotla,False,True,39,6,6.5,53,8.153846153846153,20,163,110,13.5,8.148148148148149,0,10
6.4,6,4,40,Amit Mishra,Usman Khawaja,0,False,1.0,33,Delhi,Feroz Shah Kotla,False,True,40,6,6.666666666666667,53,7.949999999999999,20,163,110,13.333333333333332,8.25,0,10
6.5,6,5,41,Amit Mishra,Usman Khawaja,0,False,1.0,33,Delhi,Feroz Shah Kotla,False,True,41,6,6.833333333333333,53,7.75609756097561,20,163,110,13.166666666666668,8.354430379746836,0,10
6.6,6,6,42,Amit Mishra,Usman Khawaja,0,False,1.0,33,Delhi,Feroz Shah Kotla,False,True,42,6,7.0,53,7.571428571428571,20,163,110,13.0,8.461538461538462,0,10
7.1,7,1,43,Jayant Yadav,Ajinkya Rahane,1,False,-0.5,33,Delhi,Feroz Shah Kotla,False,True,43,7,7.166666666666667,54,7.534883720930233,20,163,109,12.833333333333332,8.493506493506494,0,10
7.2,7,2,44,Jayant Yadav,Usman Khawaja,1,False,-0.5,33,Delhi,Feroz Shah Kotla,False,True,44,7,7.333333333333333,55,7.5,20,163,108,12.666666666666668,8.526315789473683,0,10
7.3,7,3,45,Jayant Yadav,Ajinkya Rahane,1,False,-0.5,33,Delhi,Feroz Shah Kotla,False,True,45,7,7.5,56,7.466666666666667,20,163,107,12.5,8.56,0,10
7.4,7,4,46,Jayant Yadav,Usman Khawaja,0,False,1.0,33,Delhi,Feroz Shah Kotla,False,True,46,7,7.666666666666667,56,7.304347826086956,20,163,107,12.333333333333332,8.675675675675677,0,10
7.5,7,5,47,Jayant Yadav,Usman Khawaja,2,False,-1.0,33,Delhi,Feroz Shah Kotla,False,True,47,7,7.833333333333333,58,7.404255319148937,20,163,105,12.166666666666668,8.63013698630137,0,10
7.6,7,6,48,Jayant Yadav,Usman Khawaja,1,False,-0.5,33,Delhi,Feroz Shah Kotla,False,True,48,7,8.0,59,7.375,20,163,104,12.0,8.666666666666666,0,10
8.1,8,1,49,Amit Mishra,Usman Khawaja,0,False,1.0,33,Delhi,Feroz Shah Kotla,False,True,49,8,8.166666666666666,59,7.224489795918368,20,163,104,11.833333333333334,8.788732394366196,0,10
8.2,8,2,50,Amit Mishra,Usman Khawaja,0,True,5.0,33,Delhi,Feroz Shah Kotla,False,True,50,8,8.333333333333334,59,7.079999999999999,20,163,104,11.666666666666666,8.914285714285715,1,9
8.3,8,3,51,Amit Mishra,Saurabh Tiwary,4,False,-2.0,33,Delhi,Feroz Shah Kotla,False,True,51,8,8.5,63,7.411764705882353,20,163,100,11.5,8.695652173913043,1,9
8.4,8,4,52,Amit Mishra,Saurabh Tiwary,1,False,-0.5,33,Delhi,Feroz Shah Kotla,False,True,52,8,8.666666666666666,64,7.384615384615385,20,163,99,11.333333333333334,8.735294117647058,1,9
8.5,8,5,53,Amit Mishra,Ajinkya Rahane,1,False,-0.5,33,Delhi,Feroz Shah Kotla,False,True,53,8,8.833333333333334,65,7.3584905660377355,20,163,98,11.166666666666666,8.776119402985076,1,9
8.6,8,6,54,Amit Mishra,Saurabh Tiwary,0,False,1.0,33,Delhi,Feroz Shah Kotla,False,True,54,8,9.0,65,7.222222222222222,20,163,98,11.0,8.909090909090908,1,9
9.1,9,1,55,Jean-Paul Duminy,Ajinkya Rahane,1,False,-0.5,33,Delhi,Feroz Shah Kotla,False,True,55,9,9.166666666666666,66,7.2,20,163,97,10.833333333333334,8.953846153846154,1,9
9.2,9,2,56,Jean-Paul Duminy,Saurabh Tiwary,1,False,-0.5,33,Delhi,Feroz Shah Kotla,False,True,56,9,9.333333333333334,67,7.178571428571428,20,163,96,10.666666666666666,9.0,1,9
9.3,9,3,57,Jean-Paul Duminy,Ajinkya Rahane,4,False,-2.0,33,Delhi,Feroz Shah Kotla,False,True,57,9,9.5,71,7.473684210526316,20,163,92,10.5,8.761904761904763,1,9
9.4,9,4,58,Jean-Paul Duminy,Ajinkya Rahane,1,False,-0.5,33,Delhi,Feroz Shah Kotla,False,True,58,9,9.666666666666666,72,7.448275862068966,20,163,91,10.333333333333334,8.806451612903226,1,9
9.5,9,5,59,Jean-Paul Duminy,Saurabh Tiwary,1,False,-0.5,33,Delhi,Feroz Shah Kotla,False,True,59,9,9.833333333333334,73,7.423728813559322,20,163,90,10.166666666666666,8.852459016393443,1,9
9.6,9,6,60,Jean-Paul Duminy,Ajinkya Rahane,1,False,-0.5,33,Delhi,Feroz Shah Kotla,False,True,60,9,10.0,74,7.4,20,163,89,10.0,8.9,1,9
10.1,10,1,61,Amit Mishra,Ajinkya Rahane,1,False,-1.0,33,Delhi,Feroz Shah Kotla,True,False,60,9,10.0,75,7.5,20,163,88,10.0,8.8,1,9
10.1,10,1,62,Amit Mishra,Ajinkya Rahane,1,False,-0.5,33,Delhi,Feroz Shah Kotla,False,True,61,10,10.166666666666666,76,7.475409836065574,20,163,87,9.833333333333334,8.847457627118644,1,9
10.2,10,2,63,Amit Mishra,Saurabh Tiwary,0,False,1.0,33,Delhi,Feroz Shah Kotla,False,True,62,10,10.333333333333334,76,7.354838709677419,20,163,87,9.666666666666666,9.0,1,9
10.3,10,3,64,Amit Mishra,Saurabh Tiwary,6,False,-3.0,33,Delhi,Feroz Shah Kotla,False,True,63,10,10.5,82,7.809523809523809,20,163,81,9.5,8.526315789473685,1,9
10.4,10,4,65,Amit Mishra,Saurabh Tiwary,1,False,-1.0,33,Delhi,Feroz Shah Kotla,True,False,63,10,10.5,83,7.904761904761905,20,163,80,9.5,8.421052631578947,1,9
10.4,10,4,66,Amit Mishra,Saurabh Tiwary,2,False,-1.0,33,Delhi,Feroz Shah Kotla,True,False,63,10,10.5,85,8.095238095238095,20,163,78,9.5,8.210526315789474,1,9
10.4,10,4,67,Amit Mishra,Ajinkya Rahane,1,False,-0.5,33,Delhi,Feroz Shah Kotla,False,True,64,10,10.666666666666666,86,8.0625,20,163,77,9.333333333333334,8.25,1,9
10.5,10,5,68,Amit Mishra,Saurabh Tiwary,0,False,1.0,33,Delhi,Feroz Shah Kotla,False,True,65,10,10.833333333333334,86,7.938461538461538,20,163,77,9.166666666666666,8.4,1,9
10.6,10,6,69,Amit Mishra,Saurabh Tiwary,1,False,-0.5,33,Delhi,Feroz Shah Kotla,False,True,66,10,11.0,87,7.909090909090909,20,163,76,9.0,8.444444444444445,1,9
11.1,11,1,70,Imran Tahir,Saurabh Tiwary,2,False,-1.0,33,Delhi,Feroz Shah Kotla,False,True,67,11,11.166666666666666,89,7.970149253731344,20,163,74,8.833333333333334,8.377358490566037,1,9
11.2,11,2,71,Imran Tahir,Saurabh Tiwary,1,False,-0.5,33,Delhi,Feroz Shah Kotla,False,True,68,11,11.333333333333334,90,7.941176470588235,20,163,73,8.666666666666666,8.423076923076923,1,9
11.3,11,3,72,Imran Tahir,Ajinkya Rahane,0,False,1.0,33,Delhi,Feroz Shah Kotla,False,True,69,11,11.5,90,7.826086956521739,20,163,73,8.5,8.588235294117647,1,9
11.4,11,4,73,Imran Tahir,Ajinkya Rahane,1,False,-0.5,33,Delhi,Feroz Shah Kotla,False,True,70,11,11.666666666666666,91,7.800000000000001,20,163,72,8.333333333333334,8.639999999999999,1,9
11.5,11,5,74,Imran Tahir,Saurabh Tiwary,1,False,-0.5,33,Delhi,Feroz Shah Kotla,False,True,71,11,11.833333333333334,92,7.774647887323943,20,163,71,8.166666666666666,8.693877551020408,1,9
11.6,11,6,75,Imran Tahir,Ajinkya Rahane,1,False,-1.0,33,Delhi,Feroz Shah Kotla,True,False,71,11,11.833333333333334,93,7.859154929577464,20,163,70,8.166666666666666,8.571428571428571,1,9
11.6,11,6,76,Imran Tahir,Ajinkya Rahane,1,False,-0.5,33,Delhi,Feroz Shah Kotla,False,True,72,11,12.0,94,7.833333333333333,20,163,69,8.0,8.625,1,9
12.1,12,1,77,Carlos Brathwaite,Ajinkya Rahane,1,False,-0.5,33,Delhi,Feroz Shah Kotla,False,True,73,12,12.166666666666666,95,7.808219178082192,20,163,68,7.833333333333334,8.680851063829786,1,9
12.2,12,2,78,Carlos Brathwaite,Saurabh Tiwary,1,False,-0.5,33,Delhi,Feroz Shah Kotla,False,True,74,12,12.333333333333334,96,7.783783783783783,20,163,67,7.666666666666666,8.73913043478261,1,9
12.3,12,3,79,Carlos Brathwaite,Ajinkya Rahane,1,False,-0.5,33,Delhi,Feroz Shah Kotla,False,True,75,12,12.5,97,7.76,20,163,66,7.5,8.8,1,9
12.4,12,4,80,Carlos Brathwaite,Saurabh Tiwary,1,False,-0.5,33,Delhi,Feroz Shah Kotla,False,True,76,12,12.666666666666666,98,7.736842105263158,20,163,65,7.333333333333334,8.863636363636363,1,9
12.5,12,5,81,Carlos Brathwaite,Ajinkya Rahane,4,False,-2.0,33,Delhi,Feroz Shah Kotla,False,True,77,12,12.833333333333334,102,7.948051948051948,20,163,61,7.166666666666666,8.511627906976745,1,9
12.6,12,6,82,Carlos Brathwaite,Ajinkya Rahane,2,False,-1.0,33,Delhi,Feroz Shah Kotla,False,True,78,12,13.0,104,8.0,20,163,59,7.0,8.428571428571429,1,9
13.1,13,1,83,Imran Tahir,Saurabh Tiwary,0,False,1.0,33,Delhi,Feroz Shah Kotla,False,True,79,13,13.166666666666666,104,7.89873417721519,20,163,59,6.833333333333334,8.634146341463413,1,9
13.2,13,2,84,Imran Tahir,Saurabh Tiwary,0,True,5.0,33,Delhi,Feroz Shah Kotla,False,True,80,13,13.333333333333334,104,7.8,20,163,59,6.666666666666666,8.850000000000001,2,8
13.3,13,3,85,Imran Tahir,MS Dhoni,0,False,1.0,33,Delhi,Feroz Shah Kotla,False,True,81,13,13.5,104,7.703703703703703,20,163,59,6.5,9.076923076923077,2,8
13.4,13,4,86,Imran Tahir,MS Dhoni,0,False,1.0,33,Delhi,Feroz Shah Kotla,False,True,82,13,13.666666666666666,104,7.609756097560976,20,163,59,6.333333333333334,9.315789473684209,2,8
13.5,13,5,87,Imran Tahir,MS Dhoni,1,False,-0.5,33,Delhi,Feroz Shah Kotla,False,True,83,13,13.833333333333334,105,7.590361445783132,20,163,58,6.166666666666666,9.405405405405407,2,8
13.6,13,6,88,Imran Tahir,Ajinkya Rahane,1,False,-0.5,33,Delhi,Feroz Shah Kotla,False,True,84,13,14.0,106,7.571428571428571,20,163,57,6.0,9.5,2,8
14.1,14,1,89,Pawan Negi,Ajinkya Rahane,1,False,-0.5,33,Delhi,Feroz Shah Kotla,False,True,85,14,14.166666666666666,107,7.552941176470589,20,163,56,5.833333333333334,9.6,2,8
14.2,14,2,90,Pawan Negi,MS Dhoni,6,False,-3.0,33,Delhi,Feroz Shah Kotla,False,True,86,14,14.333333333333334,113,7.883720930232558,20,163,50,5.666666666666666,8.823529411764707,2,8
14.3,14,3,91,Pawan Negi,MS Dhoni,0,False,1.0,33,Delhi,Feroz Shah Kotla,False,True,87,14,14.5,113,7.793103448275862,20,163,50,5.5,9.090909090909092,2,8
14.4,14,4,92,Pawan Negi,MS Dhoni,1,False,-0.5,33,Delhi,Feroz Shah Kotla,False,True,88,14,14.666666666666666,114,7.772727272727273,20,163,49,5.333333333333334,9.187499999999998,2,8
14.5,14,5,93,Pawan Negi,Ajinkya Rahane,1,False,-0.5,33,Delhi,Feroz Shah Kotla,False,True,89,14,14.833333333333334,115,7.752808988764045,20,163,48,5.166666666666666,9.290322580645162,2,8
14.6,14,6,94,Pawan Negi,MS Dhoni,1,False,-0.5,33,Delhi,Feroz Shah Kotla,False,True,90,14,15.0,116,7.733333333333333,20,163,47,5.0,9.4,2,8
15.1,15,1,95,Imran Tahir,MS Dhoni,1,False,-0.5,33,Delhi,Feroz Shah Kotla,False,True,91,15,15.166666666666666,117,7.714285714285714,20,163,46,4.833333333333334,9.517241379310343,2,8
15.2,15,2,96,Imran Tahir,Ajinkya Rahane,1,False,-0.5,33,Delhi,Feroz Shah Kotla,False,True,92,15,15.333333333333334,118,7.695652173913043,20,163,45,4.666666666666666,9.642857142857144,2,8
15.3,15,3,97,Imran Tahir,MS Dhoni,0,False,1.0,33,Delhi,Feroz Shah Kotla,False,True,93,15,15.5,118,7.612903225806452,20,163,45,4.5,10.0,2,8
15.4,15,4,98,Imran Tahir,MS Dhoni,1,False,-0.25,33,Delhi,Feroz Shah Kotla,False,True,94,15,15.666666666666666,119,7.595744680851064,20,163,44,4.333333333333334,10.153846153846153,2,8
15.5,15,5,99,Imran Tahir,Ajinkya Rahane,1,False,-0.5,33,Delhi,Feroz Shah Kotla,False,True,95,15,15.833333333333334,120,7.578947368421052,20,163,43,4.166666666666666,10.320000000000002,2,8
15.6,15,6,100,Imran Tahir,MS Dhoni,0,False,1.0,33,Delhi,Feroz Shah Kotla,False,True,96,15,16.0,120,7.5,20,163,43,4.0,10.75,2,8
16.1,16,1,101,Amit Mishra,Ajinkya Rahane,1,False,-0.5,33,Delhi,Feroz Shah Kotla,False,True,97,16,16.166666666666668,121,7.484536082474226,20,163,42,3.833333333333332,10.956521739130439,2,8
16.2,16,2,102,Amit Mishra,MS Dhoni,1,False,-0.5,33,Delhi,Feroz Shah Kotla,False,True,98,16,16.333333333333332,122,7.469387755102042,20,163,41,3.666666666666668,11.181818181818178,2,8
16.3,16,3,103,Amit Mishra,Ajinkya Rahane,1,False,-0.5,33,Delhi,Feroz Shah Kotla,False,True,99,16,16.5,123,7.454545454545454,20,163,40,3.5,11.428571428571429,2,8
16.4,16,4,104,Amit Mishra,MS Dhoni,1,False,-0.5,33,Delhi,Feroz Shah Kotla,False,True,100,16,16.666666666666668,124,7.4399999999999995,20,163,39,3.333333333333332,11.700000000000005,2,8
16.5,16,5,105,Amit Mishra,Ajinkya Rahane,1,False,-0.5,33,Delhi,Feroz Shah Kotla,False,True,101,16,16.833333333333332,125,7.425742574257426,20,163,38,3.166666666666668,11.999999999999995,2,8
16.6,16,6,106,Amit Mishra,MS Dhoni,1,False,-0.5,33,Delhi,Feroz Shah Kotla,False,True,102,16,17.0,126,7.411764705882353,20,163,37,3.0,12.333333333333334,2,8
17.1,17,1,107,Mohammed Shami,MS Dhoni,1,False,-0.5,33,Delhi,Feroz Shah Kotla,False,True,103,17,17.166666666666668,127,7.398058252427184,20,163,36,2.833333333333332,12.705882352941181,2,8
17.2,17,2,108,Mohammed Shami,Ajinkya Rahane,5,False,-1.0,33,Delhi,Feroz Shah Kotla,True,False,103,17,17.166666666666668,132,7.689320388349514,20,163,31,2.833333333333332,10.941176470588239,2,8
17.2,17,2,109,Mohammed Shami,Ajinkya Rahane,1,False,-0.5,33,Delhi,Feroz Shah Kotla,False,True,104,17,17.333333333333332,133,7.673076923076923,20,163,30,2.666666666666668,11.249999999999995,2,8
17.3,17,3,110,Mohammed Shami,MS Dhoni,4,False,-2.0,33,Delhi,Feroz Shah Kotla,False,True,105,17,17.5,137,7.828571428571428,20,163,26,2.5,10.4,2,8
17.4,17,4,111,Mohammed Shami,MS Dhoni,6,False,-3.0,33,Delhi,Feroz Shah Kotla,False,True,106,17,17.666666666666668,143,8.09433962264151,20,163,20,2.333333333333332,8.571428571428577,2,8
17.5,17,5,112,Mohammed Shami,MS Dhoni,2,False,-1.0,33,Delhi,Feroz Shah Kotla,False,True,107,17,17.833333333333332,145,8.130841121495328,20,163,18,2.166666666666668,8.307692307692303,2,8
17.6,17,6,113,Mohammed Shami,MS Dhoni,1,False,-0.5,33,Delhi,Feroz Shah Kotla,False,True,108,17,18.0,146,8.11111111111111,20,163,17,2.0,8.5,2,8
18.1,18,1,114,Imran Tahir,MS Dhoni,0,True,5.0,33,Delhi,Feroz Shah Kotla,False,True,109,18,18.166666666666668,146,8.036697247706421,20,163,17,1.8333333333333321,9.272727272727279,3,7
18.2,18,2,115,Imran Tahir,Ajinkya Rahane,1,False,-0.5,33,Delhi,Feroz Shah Kotla,False,True,110,18,18.333333333333332,147,8.01818181818182,20,163,16,1.6666666666666679,9.599999999999993,3,7
18.3,18,3,116,Imran Tahir,Thisara Perera,6,False,-3.0,33,Delhi,Feroz Shah Kotla,False,True,111,18,18.5,153,8.27027027027027,20,163,10,1.5,6.666666666666667,3,7
18.4,18,4,117,Imran Tahir,Thisara Perera,0,False,1.0,33,Delhi,Feroz Shah Kotla,False,True,112,18,18.666666666666668,153,8.196428571428571,20,163,10,1.3333333333333321,7.500000000000007,3,7
18.5,18,5,118,Imran Tahir,Thisara Perera,6,False,-3.0,33,Delhi,Feroz Shah Kotla,False,True,113,18,18.833333333333332,159,8.442477876106196,20,163,4,1.1666666666666679,3.4285714285714253,3,7
18.6,18,6,119,Imran Tahir,Thisara Perera,1,False,-0.5,33,Delhi,Feroz Shah Kotla,False,True,114,18,19.0,160,8.421052631578947,20,163,3,1.0,3.0,3,7
19.1,19,1,120,Mohammed Shami,Thisara Perera,2,False,-1.0,33,Delhi,Feroz Shah Kotla,True,False,114,18,19.0,162,8.526315789473685,20,163,1,1.0,1.0,3,7
19.1,19,1,121,Mohammed Shami,Ajinkya Rahane,4,False,-2.0,33,Delhi,Feroz Shah Kotla,False,True,115,19,19.166666666666668,166,8.660869565217391,20,163,0,0.8333333333333321,0.0,3,7
