Ball Number,over,ball,Ball,bowler,batsman,Runs,is_wicket,bowler_score,match_id,city,stadium,is_extra,legal_delivery,legal_deliveries_count,overs_completed,overs_bowled,total_runs,current_run_rate,total_overs,target,runs_needed,overs_remaining,required_run_rate,wickets_fallen,wickets_in_hand
0.1,0,1,1,Bhuvneshwar Kumar,Dwayne Smith,0,False,1.0,34,Uppal,Rajiv Gandhi International Stadium,False,True,1,0,0.16666666666666666,0,0.0,20,127,127,19.833333333333332,6.4033613445378155,0,10
0.2,0,2,2,Bhuvneshwar Kumar,Dwayne Smith,0,False,1.0,34,Uppal,Rajiv Gandhi International Stadium,False,True,2,0,0.3333333333333333,0,0.0,20,127,127,19.666666666666668,6.4576271186440675,0,10
0.3,0,3,3,Bhuvneshwar Kumar,Dwayne Smith,0,False,1.0,34,Uppal,Rajiv Gandhi International Stadium,False,True,3,0,0.5,0,0.0,20,127,127,19.5,6.512820512820513,0,10
0.4,0,4,4,Bhuvneshwar Kumar,Dwayne Smith,0,False,1.0,34,Uppal,Rajiv Gandhi International Stadium,False,True,4,0,0.6666666666666666,0,0.0,20,127,127,19.333333333333332,6.56896551724138,0,10
0.5,0,5,5,Bhuvneshwar Kumar,Dwayne Smith,0,False,1.0,34,Uppal,Rajiv Gandhi International Stadium,False,True,5,0,0.8333333333333334,0,0.0,20,127,127,19.166666666666668,6.626086956521739,0,10
0.6,0,6,6,Bhuvneshwar Kumar,Dwayne Smith,0,False,1.0,34,Uppal,Rajiv Gandhi International Stadium,False,True,6,0,1.0,0,0.0,20,127,127,19.0,6.684210526315789,0,10
1.1,1,1,7,Ashish Nehra,Brendon McCullum,0,False,1.0,34,Uppal,Rajiv Gandhi International Stadium,False,True,7,1,1.1666666666666667,0,0.0,20,127,127,18.833333333333332,6.743362831858407,0,10
1.2,1,2,8,Ashish Nehra,Brendon McCullum,0,False,1.0,34,Uppal,Rajiv Gandhi International Stadium,False,True,8,1,1.3333333333333333,0,0.0,20,127,127,18.666666666666668,6.803571428571428,0,10
1.3,1,3,9,Ashish Nehra,Brendon McCullum,0,False,1.0,34,Uppal,Rajiv Gandhi International Stadium,False,True,9,1,1.5,0,0.0,20,127,127,18.5,6.864864864864865,0,10
1.4,1,4,10,Ashish Nehra,Brendon McCullum,0,False,1.0,34,Uppal,Rajiv Gandhi International Stadium,False,True,10,1,1.6666666666666665,0,0.0,20,127,127,18.333333333333332,6.927272727272728,0,10
1.5,1,5,11,Ashish Nehra,Brendon McCullum,0,False,1.0,34,Uppal,Rajiv Gandhi International Stadium,False,True,11,1,1.8333333333333335,0,0.0,20,127,127,18.166666666666668,6.990825688073394,0,10
1.6,1,6,12,Ashish Nehra,Brendon McCullum,0,False,1.0,34,Uppal,Rajiv Gandhi International Stadium,False,True,12,1,2.0,0,0.0,20,127,127,18.0,7.055555555555555,0,10
2.1,2,1,13,Bhuvneshwar Kumar,Dwayne Smith,0,False,1.0,34,Uppal,Rajiv Gandhi International Stadium,False,True,13,2,2.1666666666666665,0,0.0,20,127,127,17.833333333333332,7.121495327102804,0,10
2.2,2,2,14,Bhuvneshwar Kumar,Dwayne Smith,1,False,-0.5,34,Uppal,Rajiv Gandhi International Stadium,False,True,14,2,2.3333333333333335,1,0.42857142857142855,20,127,126,17.666666666666668,7.132075471698113,0,10
2.3,2,3,15,Bhuvneshwar Kumar,Brendon McCullum,1,False,-0.5,34,Uppal,Rajiv Gandhi International Stadium,False,True,15,2,2.5,2,0.8,20,127,125,17.5,7.142857142857143,0,10
2.4,2,4,16,Bhuvneshwar Kumar,Dwayne Smith,0,True,5.0,34,Uppal,Rajiv Gandhi International Stadium,False,True,16,2,2.6666666666666665,2,0.75,20,127,125,17.333333333333332,7.211538461538462,1,9
2.5,2,5,17,Bhuvneshwar Kumar,Suresh Raina,1,False,-0.5,34,Uppal,Rajiv Gandhi International Stadium,False,True,17,2,2.8333333333333335,3,1.0588235294117647,20,127,124,17.166666666666668,7.223300970873786,1,9
2.6,2,6,18,Bhuvneshwar Kumar,Brendon McCullum,0,False,1.0,34,Uppal,Rajiv Gandhi International Stadium,False,True,18,2,3.0,3,1.0,20,127,124,17.0,7.294117647058823,1,9
3.1,3,1,19,Ashish Nehra,Suresh Raina,0,False,1.0,34,Uppal,Rajiv Gandhi International Stadium,False,True,19,3,3.1666666666666665,3,0.9473684210526316,20,127,124,16.833333333333332,7.366336633663367,1,9
3.2,3,2,20,Ashish Nehra,Suresh Raina,0,False,1.0,34,Uppal,Rajiv Gandhi International Stadium,False,True,20,3,3.3333333333333335,3,0.8999999999999999,20,127,124,16.666666666666668,7.4399999999999995,1,9
3.3,3,3,21,Ashish Nehra,Suresh Raina,1,False,-0.5,34,Uppal,Rajiv Gandhi International Stadium,False,True,21,3,3.5,4,1.1428571428571428,20,127,123,16.5,7.454545454545454,1,9
3.4,3,4,22,Ashish Nehra,Brendon McCullum,0,False,1.0,34,Uppal,Rajiv Gandhi International Stadium,False,True,22,3,3.6666666666666665,4,1.090909090909091,20,127,123,16.333333333333332,7.530612244897959,1,9
3.5,3,5,23,Ashish Nehra,Brendon McCullum,1,False,-0.5,34,Uppal,Rajiv Gandhi International Stadium,False,True,23,3,3.8333333333333335,5,1.3043478260869565,20,127,122,16.166666666666668,7.546391752577319,1,9
3.6,3,6,24,Ashish Nehra,Suresh Raina,6,False,-3.0,34,Uppal,Rajiv Gandhi International Stadium,False,True,24,3,4.0,11,2.75,20,127,116,16.0,7.25,1,9
4.1,4,1,25,Bhuvneshwar Kumar,Brendon McCullum,1,False,-0.5,34,Uppal,Rajiv Gandhi International Stadium,False,True,25,4,4.166666666666667,12,2.88,20,127,115,15.833333333333332,7.2631578947368425,1,9
4.2,4,2,26,Bhuvneshwar Kumar,Suresh Raina,2,False,-1.0,34,Uppal,Rajiv Gandhi International Stadium,False,True,26,4,4.333333333333333,14,3.230769230769231,20,127,113,15.666666666666668,7.212765957446808,1,9
4.3,4,3,27,Bhuvneshwar Kumar,Suresh Raina,6,False,-3.0,34,Uppal,Rajiv Gandhi International Stadium,False,True,27,4,4.5,20,4.444444444444445,20,127,107,15.5,6.903225806451613,1,9
4.4,4,4,28,Bhuvneshwar Kumar,Suresh Raina,4,False,-2.0,34,Uppal,Rajiv Gandhi International Stadium,False,True,28,4,4.666666666666667,24,5.142857142857142,20,127,103,15.333333333333332,6.717391304347826,1,9
4.5,4,5,29,Bhuvneshwar Kumar,Suresh Raina,0,False,1.0,34,Uppal,Rajiv Gandhi International Stadium,False,True,29,4,4.833333333333333,24,4.9655172413793105,20,127,103,15.166666666666668,6.791208791208791,1,9
4.6,4,6,30,Bhuvneshwar Kumar,Suresh Raina,0,True,5.0,34,Uppal,Rajiv Gandhi International Stadium,False,True,30,4,5.0,24,4.8,20,127,103,15.0,6.866666666666666,2,8
5.1,5,1,31,Mustafizur Rahman,Brendon McCullum,1,False,-0.5,34,Uppal,Rajiv Gandhi International Stadium,False,True,31,5,5.166666666666667,25,4.838709677419355,20,127,102,14.833333333333332,6.876404494382023,2,8
5.2,5,2,32,Mustafizur Rahman,Dinesh Karthik,0,False,1.0,34,Uppal,Rajiv Gandhi International Stadium,False,True,32,5,5.333333333333333,25,4.6875,20,127,102,14.666666666666668,6.954545454545454,2,8
5.3,5,3,33,Mustafizur Rahman,Dinesh Karthik,0,False,1.0,34,Uppal,Rajiv Gandhi International Stadium,False,True,33,5,5.5,25,4.545454545454546,20,127,102,14.5,7.0344827586206895,2,8
5.4,5,4,34,Mustafizur Rahman,Dinesh Karthik,0,True,5.0,34,Uppal,Rajiv Gandhi International Stadium,False,True,34,5,5.666666666666667,25,4.411764705882352,20,127,102,14.333333333333332,7.116279069767442,3,7
5.5,5,5,35,Mustafizur Rahman,Aaron Finch,0,False,1.0,34,Uppal,Rajiv Gandhi International Stadium,False,True,35,5,5.833333333333333,25,4.285714285714286,20,127,102,14.166666666666668,7.199999999999999,3,7
5.6,5,6,36,Mustafizur Rahman,Aaron Finch,1,False,-0.5,34,Uppal,Rajiv Gandhi International Stadium,False,True,36,5,6.0,26,4.333333333333333,20,127,101,14.0,7.214285714285714,3,7
6.1,6,1,37,Barinder Sran,Aaron Finch,1,False,-0.5,34,Uppal,Rajiv Gandhi International Stadium,False,True,37,6,6.166666666666667,27,4.378378378378378,20,127,100,13.833333333333332,7.228915662650603,3,7
6.2,6,2,38,Barinder Sran,Brendon McCullum,1,False,-0.5,34,Uppal,Rajiv Gandhi International Stadium,False,True,38,6,6.333333333333333,28,4.421052631578948,20,127,99,13.666666666666668,7.24390243902439,3,7
6.3,6,3,39,Barinder Sran,Aaron Finch,1,False,-0.5,34,Uppal,Rajiv Gandhi International Stadium,False,True,39,6,6.5,29,4.461538461538462,20,127,98,13.5,7.2592592592592595,3,7
6.4,6,4,40,Barinder Sran,Brendon McCullum,1,False,-1.0,34,Uppal,Rajiv Gandhi International Stadium,True,False,39,6,6.5,30,4.615384615384615,20,127,97,13.5,7.185185185185185,3,7
6.4,6,4,41,Barinder Sran,Brendon McCullum,0,False,1.0,34,Uppal,Rajiv Gandhi International Stadium,False,True,40,6,6.666666666666667,30,4.5,20,127,97,13.333333333333332,7.275,3,7
6.5,6,5,42,Barinder Sran,Brendon McCullum,0,False,1.0,34,Uppal,Rajiv Gandhi International Stadium,False,True,41,6,6.833333333333333,30,4.390243902439025,20,127,97,13.166666666666668,7.367088607594936,3,7
6.6,6,6,43,Barinder Sran,Brendon McCullum,1,False,-1.0,34,Uppal,Rajiv Gandhi International Stadium,True,False,41,6,6.833333333333333,31,4.536585365853659,20,127,96,13.166666666666668,7.291139240506329,3,7
6.6,6,6,44,Barinder Sran,Brendon McCullum,1,False,-0.5,34,Uppal,Rajiv Gandhi International Stadium,False,True,42,6,7.0,32,4.571428571428571,20,127,95,13.0,7.3076923076923075,3,7
7.1,7,1,45,Moises Henriques,Brendon McCullum,1,False,-0.5,34,Uppal,Rajiv Gandhi International Stadium,False,True,43,7,7.166666666666667,33,4.604651162790698,20,127,94,12.833333333333332,7.324675324675326,3,7
7.2,7,2,46,Moises Henriques,Aaron Finch,1,False,-0.5,34,Uppal,Rajiv Gandhi International Stadium,False,True,44,7,7.333333333333333,34,4.636363636363637,20,127,93,12.666666666666668,7.342105263157894,3,7
7.3,7,3,47,Moises Henriques,Brendon McCullum,0,False,1.0,34,Uppal,Rajiv Gandhi International Stadium,False,True,45,7,7.5,34,4.533333333333333,20,127,93,12.5,7.44,3,7
7.4,7,4,48,Moises Henriques,Brendon McCullum,0,True,5.0,34,Uppal,Rajiv Gandhi International Stadium,False,True,46,7,7.666666666666667,34,4.434782608695652,20,127,93,12.333333333333332,7.540540540540541,4,6
7.5,7,5,49,Moises Henriques,Aaron Finch,4,False,-2.0,34,Uppal,Rajiv Gandhi International Stadium,False,True,47,7,7.833333333333333,38,4.851063829787234,20,127,89,12.166666666666668,7.315068493150684,4,6
7.6,7,6,50,Moises Henriques,Aaron Finch,1,False,-0.5,34,Uppal,Rajiv Gandhi International Stadium,False,True,48,7,8.0,39,4.875,20,127,88,12.0,7.333333333333333,4,6
8.1,8,1,51,Yuvraj Singh,Aaron Finch,1,False,-1.0,34,Uppal,Rajiv Gandhi International Stadium,True,False,48,7,8.0,40,5.0,20,127,87,12.0,7.25,4,6
8.1,8,1,52,Yuvraj Singh,Aaron Finch,1,False,-0.5,34,Uppal,Rajiv Gandhi International Stadium,False,True,49,8,8.166666666666666,41,5.020408163265307,20,127,86,11.833333333333334,7.267605633802816,4,6
8.2,8,2,53,Yuvraj Singh,Dwayne Bravo,1,False,-0.5,34,Uppal,Rajiv Gandhi International Stadium,False,True,50,8,8.333333333333334,42,5.04,20,127,85,11.666666666666666,7.2857142857142865,4,6
8.3,8,3,54,Yuvraj Singh,Aaron Finch,1,False,-0.5,34,Uppal,Rajiv Gandhi International Stadium,False,True,51,8,8.5,43,5.0588235294117645,20,127,84,11.5,7.304347826086956,4,6
8.4,8,4,55,Yuvraj Singh,Dwayne Bravo,2,False,-1.0,34,Uppal,Rajiv Gandhi International Stadium,False,True,52,8,8.666666666666666,45,5.1923076923076925,20,127,82,11.333333333333334,7.235294117647059,4,6
8.5,8,5,56,Yuvraj Singh,Dwayne Bravo,0,False,1.0,34,Uppal,Rajiv Gandhi International Stadium,False,True,53,8,8.833333333333334,45,5.094339622641509,20,127,82,11.166666666666666,7.343283582089553,4,6
8.6,8,6,57,Yuvraj Singh,Dwayne Bravo,0,False,1.0,34,Uppal,Rajiv Gandhi International Stadium,False,True,54,8,9.0,45,5.0,20,127,82,11.0,7.454545454545454,4,6
9.1,9,1,58,Moises Henriques,Aaron Finch,1,False,-0.5,34,Uppal,Rajiv Gandhi International Stadium,False,True,55,9,9.166666666666666,46,5.0181818181818185,20,127,81,10.833333333333334,7.476923076923076,4,6
9.2,9,2,59,Moises Henriques,Dwayne Bravo,1,False,-1.0,34,Uppal,Rajiv Gandhi International Stadium,True,False,55,9,9.166666666666666,47,5.127272727272728,20,127,80,10.833333333333334,7.384615384615384,4,6
9.2,9,2,60,Moises Henriques,Dwayne Bravo,1,False,-1.0,34,Uppal,Rajiv Gandhi International Stadium,True,False,55,9,9.166666666666666,48,5.236363636363636,20,127,79,10.833333333333334,7.292307692307692,4,6
9.2,9,2,61,Moises Henriques,Dwayne Bravo,0,False,1.0,34,Uppal,Rajiv Gandhi International Stadium,False,True,56,9,9.333333333333334,48,5.142857142857142,20,127,79,10.666666666666666,7.40625,4,6
9.3,9,3,62,Moises Henriques,Dwayne Bravo,1,False,-0.5,34,Uppal,Rajiv Gandhi International Stadium,False,True,57,9,9.5,49,5.157894736842105,20,127,78,10.5,7.428571428571429,4,6
9.4,9,4,63,Moises Henriques,Aaron Finch,4,False,-2.0,34,Uppal,Rajiv Gandhi International Stadium,False,True,58,9,9.666666666666666,53,5.482758620689656,20,127,74,10.333333333333334,7.161290322580645,4,6
9.5,9,5,64,Moises Henriques,Aaron Finch,0,False,1.0,34,Uppal,Rajiv Gandhi International Stadium,False,True,59,9,9.833333333333334,53,5.389830508474576,20,127,74,10.166666666666666,7.278688524590164,4,6
9.6,9,6,65,Moises Henriques,Aaron Finch,1,False,-0.5,34,Uppal,Rajiv Gandhi International Stadium,False,True,60,9,10.0,54,5.4,20,127,73,10.0,7.3,4,6
10.1,10,1,66,Yuvraj Singh,Aaron Finch,1,False,-0.5,34,Uppal,Rajiv Gandhi International Stadium,False,True,61,10,10.166666666666666,55,5.409836065573771,20,127,72,9.833333333333334,7.322033898305084,4,6
10.2,10,2,67,Yuvraj Singh,Dwayne Bravo,2,False,-1.0,34,Uppal,Rajiv Gandhi International Stadium,False,True,62,10,10.333333333333334,57,5.516129032258064,20,127,70,9.666666666666666,7.241379310344828,4,6
10.3,10,3,68,Yuvraj Singh,Dwayne Bravo,1,False,-0.5,34,Uppal,Rajiv Gandhi International Stadium,False,True,63,10,10.5,58,5.523809523809524,20,127,69,9.5,7.2631578947368425,4,6
10.4,10,4,69,Yuvraj Singh,Aaron Finch,1,False,-0.5,34,Uppal,Rajiv Gandhi International Stadium,False,True,64,10,10.666666666666666,59,5.53125,20,127,68,9.333333333333334,7.285714285714286,4,6
10.5,10,5,70,Yuvraj Singh,Dwayne Bravo,1,False,-0.5,34,Uppal,Rajiv Gandhi International Stadium,False,True,65,10,10.833333333333334,60,5.538461538461538,20,127,67,9.166666666666666,7.3090909090909095,4,6
10.6,10,6,71,Yuvraj Singh,Aaron Finch,1,False,-0.5,34,Uppal,Rajiv Gandhi International Stadium,False,True,66,10,11.0,61,5.545454545454546,20,127,66,9.0,7.333333333333333,4,6
11.1,11,1,72,Barinder Sran,Aaron Finch,4,False,-2.0,34,Uppal,Rajiv Gandhi International Stadium,False,True,67,11,11.166666666666666,65,5.82089552238806,20,127,62,8.833333333333334,7.018867924528301,4,6
11.2,11,2,73,Barinder Sran,Aaron Finch,1,False,-0.5,34,Uppal,Rajiv Gandhi International Stadium,False,True,68,11,11.333333333333334,66,5.823529411764706,20,127,61,8.666666666666666,7.038461538461539,4,6
11.3,11,3,74,Barinder Sran,Dwayne Bravo,1,False,-0.5,34,Uppal,Rajiv Gandhi International Stadium,False,True,69,11,11.5,67,5.826086956521739,20,127,60,8.5,7.0588235294117645,4,6
11.4,11,4,75,Barinder Sran,Aaron Finch,1,False,-0.5,34,Uppal,Rajiv Gandhi International Stadium,False,True,70,11,11.666666666666666,68,5.828571428571429,20,127,59,8.333333333333334,7.079999999999999,4,6
11.5,11,5,76,Barinder Sran,Dwayne Bravo,1,False,-0.5,34,Uppal,Rajiv Gandhi International Stadium,False,True,71,11,11.833333333333334,69,5.830985915492957,20,127,58,8.166666666666666,7.102040816326531,4,6
11.6,11,6,77,Barinder Sran,Aaron Finch,1,False,-0.5,34,Uppal,Rajiv Gandhi International Stadium,False,True,72,11,12.0,70,5.833333333333333,20,127,57,8.0,7.125,4,6
12.1,12,1,78,Ashish Nehra,Aaron Finch,1,False,-0.5,34,Uppal,Rajiv Gandhi International Stadium,False,True,73,12,12.166666666666666,71,5.835616438356165,20,127,56,7.833333333333334,7.148936170212766,4,6
12.2,12,2,79,Ashish Nehra,Dwayne Bravo,4,False,-2.0,34,Uppal,Rajiv Gandhi International Stadium,False,True,74,12,12.333333333333334,75,6.081081081081081,20,127,52,7.666666666666666,6.782608695652175,4,6
12.3,12,3,80,Ashish Nehra,Dwayne Bravo,0,False,1.0,34,Uppal,Rajiv Gandhi International Stadium,False,True,75,12,12.5,75,6.0,20,127,52,7.5,6.933333333333334,4,6
12.4,12,4,81,Ashish Nehra,Dwayne Bravo,2,False,-1.0,34,Uppal,Rajiv Gandhi International Stadium,False,True,76,12,12.666666666666666,77,6.078947368421053,20,127,50,7.333333333333334,6.8181818181818175,4,6
12.5,12,5,82,Ashish Nehra,Dwayne Bravo,1,False,-0.5,34,Uppal,Rajiv Gandhi International Stadium,False,True,77,12,12.833333333333334,78,6.077922077922078,20,127,49,7.166666666666666,6.837209302325582,4,6
12.6,12,6,83,Ashish Nehra,Aaron Finch,0,False,1.0,34,Uppal,Rajiv Gandhi International Stadium,False,True,78,12,13.0,78,6.0,20,127,49,7.0,7.0,4,6
13.1,13,1,84,Mustafizur Rahman,Dwayne Bravo,0,False,1.0,34,Uppal,Rajiv Gandhi International Stadium,False,True,79,13,13.166666666666666,78,5.924050632911393,20,127,49,6.833333333333334,7.170731707317072,4,6
13.2,13,2,85,Mustafizur Rahman,Dwayne Bravo,0,False,1.0,34,Uppal,Rajiv Gandhi International Stadium,False,True,80,13,13.333333333333334,78,5.85,20,127,49,6.666666666666666,7.3500000000000005,4,6
13.3,13,3,86,Mustafizur Rahman,Dwayne Bravo,0,False,1.0,34,Uppal,Rajiv Gandhi International Stadium,False,True,81,13,13.5,78,5.777777777777778,20,127,49,6.5,7.538461538461538,4,6
13.4,13,4,87,Mustafizur Rahman,Dwayne Bravo,1,False,-0.5,34,Uppal,Rajiv Gandhi International Stadium,False,True,82,13,13.666666666666666,79,5.7804878048780495,20,127,48,6.333333333333334,7.578947368421052,4,6
13.5,13,5,88,Mustafizur Rahman,Aaron Finch,0,False,1.0,34,Uppal,Rajiv Gandhi International Stadium,False,True,83,13,13.833333333333334,79,5.710843373493976,20,127,48,6.166666666666666,7.783783783783784,4,6
13.6,13,6,89,Mustafizur Rahman,Aaron Finch,0,False,1.0,34,Uppal,Rajiv Gandhi International Stadium,False,True,84,13,14.0,79,5.642857142857143,20,127,48,6.0,8.0,4,6
14.1,14,1,90,Barinder Sran,Dwayne Bravo,0,True,5.0,34,Uppal,Rajiv Gandhi International Stadium,False,True,85,14,14.166666666666666,79,5.576470588235295,20,127,48,5.833333333333334,8.228571428571428,5,5
14.2,14,2,91,Barinder Sran,Aaron Finch,1,False,-0.5,34,Uppal,Rajiv Gandhi International Stadium,False,True,86,14,14.333333333333334,80,5.5813953488372094,20,127,47,5.666666666666666,8.294117647058824,5,5
14.3,14,3,92,Barinder Sran,Ravindra Jadeja,2,False,-1.0,34,Uppal,Rajiv Gandhi International Stadium,False,True,87,14,14.5,82,5.655172413793103,20,127,45,5.5,8.181818181818182,5,5
14.4,14,4,93,Barinder Sran,Ravindra Jadeja,0,False,1.0,34,Uppal,Rajiv Gandhi International Stadium,False,True,88,14,14.666666666666666,82,5.590909090909091,20,127,45,5.333333333333334,8.437499999999998,5,5
14.5,14,5,94,Barinder Sran,Ravindra Jadeja,2,False,-1.0,34,Uppal,Rajiv Gandhi International Stadium,False,True,89,14,14.833333333333334,84,5.662921348314606,20,127,43,5.166666666666666,8.322580645161292,5,5
14.6,14,6,95,Barinder Sran,Ravindra Jadeja,1,False,-0.5,34,Uppal,Rajiv Gandhi International Stadium,False,True,90,14,15.0,85,5.666666666666667,20,127,42,5.0,8.4,5,5
15.1,15,1,96,Moises Henriques,Ravindra Jadeja,0,False,1.0,34,Uppal,Rajiv Gandhi International Stadium,False,True,91,15,15.166666666666666,85,5.604395604395605,20,127,42,4.833333333333334,8.689655172413792,5,5
15.2,15,2,97,Moises Henriques,Ravindra Jadeja,1,False,-0.5,34,Uppal,Rajiv Gandhi International Stadium,False,True,92,15,15.333333333333334,86,5.608695652173913,20,127,41,4.666666666666666,8.785714285714286,5,5
15.3,15,3,98,Moises Henriques,Aaron Finch,1,False,-0.5,34,Uppal,Rajiv Gandhi International Stadium,False,True,93,15,15.5,87,5.612903225806452,20,127,40,4.5,8.88888888888889,5,5
15.4,15,4,99,Moises Henriques,Ravindra Jadeja,1,False,-0.5,34,Uppal,Rajiv Gandhi International Stadium,False,True,94,15,15.666666666666666,88,5.617021276595745,20,127,39,4.333333333333334,8.999999999999998,5,5
15.5,15,5,100,Moises Henriques,Aaron Finch,1,False,-0.5,34,Uppal,Rajiv Gandhi International Stadium,False,True,95,15,15.833333333333334,89,5.621052631578947,20,127,38,4.166666666666666,9.120000000000001,5,5
15.6,15,6,101,Moises Henriques,Ravindra Jadeja,4,False,-2.0,34,Uppal,Rajiv Gandhi International Stadium,False,True,96,15,16.0,93,5.8125,20,127,34,4.0,8.5,5,5
16.1,16,1,102,Mustafizur Rahman,Aaron Finch,0,False,1.0,34,Uppal,Rajiv Gandhi International Stadium,False,True,97,16,16.166666666666668,93,5.752577319587629,20,127,34,3.833333333333332,8.869565217391306,5,5
16.2,16,2,103,Mustafizur Rahman,Aaron Finch,2,False,-1.0,34,Uppal,Rajiv Gandhi International Stadium,False,True,98,16,16.333333333333332,95,5.816326530612245,20,127,32,3.666666666666668,8.727272727272725,5,5
16.3,16,3,104,Mustafizur Rahman,Aaron Finch,2,False,-1.0,34,Uppal,Rajiv Gandhi International Stadium,False,True,99,16,16.5,97,5.878787878787879,20,127,30,3.5,8.571428571428571,5,5
16.4,16,4,105,Mustafizur Rahman,Aaron Finch,0,False,1.0,34,Uppal,Rajiv Gandhi International Stadium,False,True,100,16,16.666666666666668,97,5.819999999999999,20,127,30,3.333333333333332,9.000000000000004,5,5
16.5,16,5,106,Mustafizur Rahman,Aaron Finch,1,False,-0.5,34,Uppal,Rajiv Gandhi International Stadium,False,True,101,16,16.833333333333332,98,5.8217821782178225,20,127,29,3.166666666666668,9.157894736842103,5,5
16.6,16,6,107,Mustafizur Rahman,Ravindra Jadeja,1,False,-0.5,34,Uppal,Rajiv Gandhi International Stadium,False,True,102,16,17.0,99,5.823529411764706,20,127,28,3.0,9.333333333333334,5,5
17.1,17,1,108,Ashish Nehra,Ravindra Jadeja,1,False,-0.5,34,Uppal,Rajiv Gandhi International Stadium,False,True,103,17,17.166666666666668,100,5.825242718446601,20,127,27,2.833333333333332,9.529411764705886,5,5
17.2,17,2,109,Ashish Nehra,Aaron Finch,0,False,1.0,34,Uppal,Rajiv Gandhi International Stadium,False,True,104,17,17.333333333333332,100,5.76923076923077,20,127,27,2.666666666666668,10.124999999999995,5,5
17.3,17,3,110,Ashish Nehra,Aaron Finch,0,False,1.0,34,Uppal,Rajiv Gandhi International Stadium,False,True,105,17,17.5,100,5.714285714285714,20,127,27,2.5,10.8,5,5
17.4,17,4,111,Ashish Nehra,Aaron Finch,1,False,-0.5,34,Uppal,Rajiv Gandhi International Stadium,False,True,106,17,17.666666666666668,101,5.716981132075471,20,127,26,2.333333333333332,11.142857142857148,5,5
17.5,17,5,112,Ashish Nehra,Ravindra Jadeja,4,False,-2.0,34,Uppal,Rajiv Gandhi International Stadium,False,True,107,17,17.833333333333332,105,5.88785046728972,20,127,22,2.166666666666668,10.153846153846148,5,5
17.6,17,6,113,Ashish Nehra,Ravindra Jadeja,1,False,-0.5,34,Uppal,Rajiv Gandhi International Stadium,False,True,108,17,18.0,106,5.888888888888889,20,127,21,2.0,10.5,5,5
18.1,18,1,114,Mustafizur Rahman,Ravindra Jadeja,0,True,5.0,34,Uppal,Rajiv Gandhi International Stadium,False,True,109,18,18.166666666666668,106,5.834862385321101,20,127,21,1.8333333333333321,11.454545454545462,6,4
18.2,18,2,115,Mustafizur Rahman,Praveen Kumar,0,False,1.0,34,Uppal,Rajiv Gandhi International Stadium,False,True,110,18,18.333333333333332,106,5.781818181818182,20,127,21,1.6666666666666679,12.59999999999999,6,4
18.3,18,3,116,Mustafizur Rahman,Praveen Kumar,1,False,-0.5,34,Uppal,Rajiv Gandhi International Stadium,False,True,111,18,18.5,107,5.783783783783784,20,127,20,1.5,13.333333333333334,6,4
18.4,18,4,117,Mustafizur Rahman,Aaron Finch,0,False,1.0,34,Uppal,Rajiv Gandhi International Stadium,False,True,112,18,18.666666666666668,107,5.732142857142857,20,127,20,1.3333333333333321,15.000000000000014,6,4
18.5,18,5,118,Mustafizur Rahman,Aaron Finch,6,False,-3.0,34,Uppal,Rajiv Gandhi International Stadium,False,True,113,18,18.833333333333332,113,6.0,20,127,14,1.1666666666666679,11.999999999999988,6,4
18.6,18,6,119,Mustafizur Rahman,Aaron Finch,1,False,-0.5,34,Uppal,Rajiv Gandhi International Stadium,False,True,114,18,19.0,114,6.0,20,127,13,1.0,13.0,6,4
19.1,19,1,120,Bhuvneshwar Kumar,Aaron Finch,2,False,-1.0,34,Uppal,Rajiv Gandhi International Stadium,False,True,115,19,19.166666666666668,116,6.052173913043478,20,127,11,0.8333333333333321,13.200000000000019,6,4
19.2,19,2,121,Bhuvneshwar Kumar,Aaron Finch,1,False,-0.5,34,Uppal,Rajiv Gandhi International Stadium,False,True,116,19,19.333333333333332,117,6.051724137931035,20,127,10,0.6666666666666679,14.999999999999973,6,4
19.3,19,3,122,Bhuvneshwar Kumar,Praveen Kumar,4,False,-2.0,34,Uppal,Rajiv Gandhi International Stadium,False,True,117,19,19.5,121,6.205128205128205,20,127,6,0.5,12.0,6,4
19.4,19,4,123,Bhuvneshwar Kumar,Praveen Kumar,1,False,-0.5,34,Uppal,Rajiv Gandhi International Stadium,False,True,118,19,19.666666666666668,122,6.203389830508474,20,127,5,0.33333333333333215,15.000000000000053,6,4
19.5,19,5,124,Bhuvneshwar Kumar,Aaron Finch,2,False,-1.0,34,Uppal,Rajiv Gandhi International Stadium,False,True,119,19,19.833333333333332,124,6.2521008403361344,20,127,3,0.16666666666666785,17.999999999999872,6,4
19.6,19,6,125,Bhuvneshwar Kumar,Aaron Finch,2,False,-1.0,34,Uppal,Rajiv Gandhi International Stadium,False,True,120,19,20.0,126,6.3,20,127,1,0.0,inf,6,4
