Ball Number,over,ball,Ball,bowler,batsman,Runs,is_wicket,bowler_score,match_id,city,stadium,is_extra,legal_delivery,legal_deliveries_count,overs_completed,overs_bowled,total_runs,current_run_rate,total_overs,target,runs_needed,overs_remaining,required_run_rate,wickets_fallen,wickets_in_hand
0.1,0,1,1,Ashok Dinda,Virat Kohli,2,False,-1.0,35,Bangalore,M Chinnaswamy Stadium,False,True,1,0,0.16666666666666666,2,12.0,20,192,190,19.833333333333332,9.579831932773109,0,10
0.2,0,2,2,Ashok Dinda,Virat Kohli,0,False,1.0,35,Bangalore,M Chinnaswamy Stadium,False,True,2,0,0.3333333333333333,2,6.0,20,192,190,19.666666666666668,9.661016949152541,0,10
0.3,0,3,3,Ashok Dinda,Virat Kohli,1,False,-0.5,35,Bangalore,M Chinnaswamy Stadium,False,True,3,0,0.5,3,6.0,20,192,189,19.5,9.692307692307692,0,10
0.4,0,4,4,Ashok Dinda,KL Rahul,0,False,1.0,35,Bangalore,M Chinnaswamy Stadium,False,True,4,0,0.6666666666666666,3,4.5,20,192,189,19.333333333333332,9.775862068965518,0,10
0.5,0,5,5,Ashok Dinda,KL Rahul,1,False,-0.5,35,Bangalore,M Chinnaswamy Stadium,False,True,5,0,0.8333333333333334,4,4.8,20,192,188,19.166666666666668,9.808695652173913,0,10
0.6,0,6,6,Ashok Dinda,Virat Kohli,0,False,1.0,35,Bangalore,M Chinnaswamy Stadium,False,True,6,0,1.0,4,4.0,20,192,188,19.0,9.894736842105264,0,10
1.1,1,1,7,RP Singh,KL Rahul,1,False,-0.5,35,Bangalore,M Chinnaswamy Stadium,False,True,7,1,1.1666666666666667,5,4.285714285714286,20,192,187,18.833333333333332,9.929203539823009,0,10
1.2,1,2,8,RP Singh,Virat Kohli,0,False,1.0,35,Bangalore,M Chinnaswamy Stadium,False,True,8,1,1.3333333333333333,5,3.75,20,192,187,18.666666666666668,10.017857142857142,0,10
1.3,1,3,9,RP Singh,Virat Kohli,1,False,-0.5,35,Bangalore,M Chinnaswamy Stadium,False,True,9,1,1.5,6,4.0,20,192,186,18.5,10.054054054054054,0,10
1.4,1,4,10,RP Singh,KL Rahul,0,False,1.0,35,Bangalore,M Chinnaswamy Stadium,False,True,10,1,1.6666666666666665,6,3.6000000000000005,20,192,186,18.333333333333332,10.145454545454546,0,10
1.5,1,5,11,RP Singh,KL Rahul,0,False,1.0,35,Bangalore,M Chinnaswamy Stadium,False,True,11,1,1.8333333333333335,6,3.2727272727272725,20,192,186,18.166666666666668,10.238532110091743,0,10
1.6,1,6,12,RP Singh,KL Rahul,1,False,-0.25,35,Bangalore,M Chinnaswamy Stadium,False,True,12,1,2.0,7,3.5,20,192,185,18.0,10.277777777777779,0,10
2.1,2,1,13,Ashok Dinda,KL Rahul,0,False,1.0,35,Bangalore,M Chinnaswamy Stadium,False,True,13,2,2.1666666666666665,7,3.230769230769231,20,192,185,17.833333333333332,10.373831775700936,0,10
2.2,2,2,14,Ashok Dinda,KL Rahul,1,False,-0.5,35,Bangalore,M Chinnaswamy Stadium,False,True,14,2,2.3333333333333335,8,3.4285714285714284,20,192,184,17.666666666666668,10.415094339622641,0,10
2.3,2,3,15,Ashok Dinda,Virat Kohli,1,False,-0.5,35,Bangalore,M Chinnaswamy Stadium,False,True,15,2,2.5,9,3.6,20,192,183,17.5,10.457142857142857,0,10
2.4,2,4,16,Ashok Dinda,KL Rahul,1,False,-0.5,35,Bangalore,M Chinnaswamy Stadium,False,True,16,2,2.6666666666666665,10,3.75,20,192,182,17.333333333333332,10.5,0,10
2.5,2,5,17,Ashok Dinda,Virat Kohli,0,False,1.0,35,Bangalore,M Chinnaswamy Stadium,False,True,17,2,2.8333333333333335,10,3.5294117647058822,20,192,182,17.166666666666668,10.601941747572814,0,10
2.6,2,6,18,Ashok Dinda,Virat Kohli,0,False,1.0,35,Bangalore,M Chinnaswamy Stadium,False,True,18,2,3.0,10,3.3333333333333335,20,192,182,17.0,10.705882352941176,0,10
3.1,3,1,19,RP Singh,KL Rahul,0,False,1.0,35,Bangalore,M Chinnaswamy Stadium,False,True,19,3,3.1666666666666665,10,3.1578947368421053,20,192,182,16.833333333333332,10.811881188118813,0,10
3.2,3,2,20,RP Singh,KL Rahul,6,False,-3.0,35,Bangalore,M Chinnaswamy Stadium,False,True,20,3,3.3333333333333335,16,4.8,20,192,176,16.666666666666668,10.559999999999999,0,10
3.3,3,3,21,RP Singh,KL Rahul,1,False,-0.25,35,Bangalore,M Chinnaswamy Stadium,False,True,21,3,3.5,17,4.857142857142857,20,192,175,16.5,10.606060606060606,0,10
3.4,3,4,22,RP Singh,Virat Kohli,6,False,-3.0,35,Bangalore,M Chinnaswamy Stadium,False,True,22,3,3.6666666666666665,23,6.272727272727273,20,192,169,16.333333333333332,10.346938775510205,0,10
3.5,3,5,23,RP Singh,Virat Kohli,1,False,-0.5,35,Bangalore,M Chinnaswamy Stadium,False,True,23,3,3.8333333333333335,24,6.260869565217391,20,192,168,16.166666666666668,10.391752577319586,0,10
3.6,3,6,24,RP Singh,KL Rahul,1,False,-0.5,35,Bangalore,M Chinnaswamy Stadium,False,True,24,3,4.0,25,6.25,20,192,167,16.0,10.4375,0,10
4.1,4,1,25,Ashok Dinda,KL Rahul,4,False,-2.0,35,Bangalore,M Chinnaswamy Stadium,False,True,25,4,4.166666666666667,29,6.959999999999999,20,192,163,15.833333333333332,10.294736842105264,0,10
4.2,4,2,26,Ashok Dinda,KL Rahul,2,False,-1.0,35,Bangalore,M Chinnaswamy Stadium,False,True,26,4,4.333333333333333,31,7.153846153846154,20,192,161,15.666666666666668,10.27659574468085,0,10
4.3,4,3,27,Ashok Dinda,KL Rahul,2,False,-1.0,35,Bangalore,M Chinnaswamy Stadium,False,True,27,4,4.5,33,7.333333333333333,20,192,159,15.5,10.258064516129032,0,10
4.4,4,4,28,Ashok Dinda,KL Rahul,1,False,-0.5,35,Bangalore,M Chinnaswamy Stadium,False,True,28,4,4.666666666666667,34,7.285714285714286,20,192,158,15.333333333333332,10.304347826086957,0,10
4.5,4,5,29,Ashok Dinda,Virat Kohli,1,False,-0.5,35,Bangalore,M Chinnaswamy Stadium,False,True,29,4,4.833333333333333,35,7.241379310344828,20,192,157,15.166666666666668,10.35164835164835,0,10
4.6,4,6,30,Ashok Dinda,KL Rahul,2,False,-1.0,35,Bangalore,M Chinnaswamy Stadium,False,True,30,4,5.0,37,7.4,20,192,155,15.0,10.333333333333334,0,10
5.1,5,1,31,Thisara Perera,Virat Kohli,0,False,1.0,35,Bangalore,M Chinnaswamy Stadium,False,True,31,5,5.166666666666667,37,7.161290322580645,20,192,155,14.833333333333332,10.449438202247192,0,10
5.2,5,2,32,Thisara Perera,Virat Kohli,6,False,-3.0,35,Bangalore,M Chinnaswamy Stadium,False,True,32,5,5.333333333333333,43,8.0625,20,192,149,14.666666666666668,10.159090909090908,0,10
5.3,5,3,33,Thisara Perera,Virat Kohli,1,False,-0.5,35,Bangalore,M Chinnaswamy Stadium,False,True,33,5,5.5,44,8.0,20,192,148,14.5,10.206896551724139,0,10
5.4,5,4,34,Thisara Perera,KL Rahul,1,False,-0.5,35,Bangalore,M Chinnaswamy Stadium,False,True,34,5,5.666666666666667,45,7.941176470588235,20,192,147,14.333333333333332,10.255813953488373,0,10
5.5,5,5,35,Thisara Perera,Virat Kohli,1,False,-0.5,35,Bangalore,M Chinnaswamy Stadium,False,True,35,5,5.833333333333333,46,7.885714285714286,20,192,146,14.166666666666668,10.305882352941175,0,10
5.6,5,6,36,Thisara Perera,KL Rahul,0,False,1.0,35,Bangalore,M Chinnaswamy Stadium,False,True,36,5,6.0,46,7.666666666666667,20,192,146,14.0,10.428571428571429,0,10
6.1,6,1,37,Adam Zampa,Virat Kohli,1,False,-0.5,35,Bangalore,M Chinnaswamy Stadium,False,True,37,6,6.166666666666667,47,7.621621621621621,20,192,145,13.833333333333332,10.481927710843374,0,10
6.2,6,2,38,Adam Zampa,KL Rahul,0,False,1.0,35,Bangalore,M Chinnaswamy Stadium,False,True,38,6,6.333333333333333,47,7.421052631578948,20,192,145,13.666666666666668,10.609756097560975,0,10
6.3,6,3,39,Adam Zampa,KL Rahul,0,False,1.0,35,Bangalore,M Chinnaswamy Stadium,False,True,39,6,6.5,47,7.230769230769231,20,192,145,13.5,10.74074074074074,0,10
6.4,6,4,40,Adam Zampa,KL Rahul,1,False,-0.5,35,Bangalore,M Chinnaswamy Stadium,False,True,40,6,6.666666666666667,48,7.199999999999999,20,192,144,13.333333333333332,10.8,0,10
6.5,6,5,41,Adam Zampa,Virat Kohli,1,False,-0.5,35,Bangalore,M Chinnaswamy Stadium,False,True,41,6,6.833333333333333,49,7.170731707317073,20,192,143,13.166666666666668,10.860759493670885,0,10
6.6,6,6,42,Adam Zampa,KL Rahul,1,False,-0.5,35,Bangalore,M Chinnaswamy Stadium,False,True,42,6,7.0,50,7.142857142857143,20,192,142,13.0,10.923076923076923,0,10
7.1,7,1,43,Rajat Bhatia,KL Rahul,1,False,-0.5,35,Bangalore,M Chinnaswamy Stadium,False,True,43,7,7.166666666666667,51,7.116279069767441,20,192,141,12.833333333333332,10.987012987012989,0,10
7.2,7,2,44,Rajat Bhatia,Virat Kohli,0,False,1.0,35,Bangalore,M Chinnaswamy Stadium,False,True,44,7,7.333333333333333,51,6.954545454545455,20,192,141,12.666666666666668,11.13157894736842,0,10
7.3,7,3,45,Rajat Bhatia,Virat Kohli,1,False,-0.5,35,Bangalore,M Chinnaswamy Stadium,False,True,45,7,7.5,52,6.933333333333334,20,192,140,12.5,11.2,0,10
7.4,7,4,46,Rajat Bhatia,KL Rahul,1,False,-0.25,35,Bangalore,M Chinnaswamy Stadium,False,True,46,7,7.666666666666667,53,6.913043478260869,20,192,139,12.333333333333332,11.270270270270272,0,10
7.5,7,5,47,Rajat Bhatia,Virat Kohli,6,False,-3.0,35,Bangalore,M Chinnaswamy Stadium,False,True,47,7,7.833333333333333,59,7.531914893617022,20,192,133,12.166666666666668,10.931506849315067,0,10
7.6,7,6,48,Rajat Bhatia,Virat Kohli,0,False,1.0,35,Bangalore,M Chinnaswamy Stadium,False,True,48,7,8.0,59,7.375,20,192,133,12.0,11.083333333333334,0,10
8.1,8,1,49,Adam Zampa,KL Rahul,1,False,-0.5,35,Bangalore,M Chinnaswamy Stadium,False,True,49,8,8.166666666666666,60,7.346938775510204,20,192,132,11.833333333333334,11.154929577464788,0,10
8.2,8,2,50,Adam Zampa,Virat Kohli,4,False,-2.0,35,Bangalore,M Chinnaswamy Stadium,False,True,50,8,8.333333333333334,64,7.68,20,192,128,11.666666666666666,10.971428571428572,0,10
8.3,8,3,51,Adam Zampa,Virat Kohli,0,False,1.0,35,Bangalore,M Chinnaswamy Stadium,False,True,51,8,8.5,64,7.529411764705882,20,192,128,11.5,11.130434782608695,0,10
8.4,8,4,52,Adam Zampa,Virat Kohli,4,False,-2.0,35,Bangalore,M Chinnaswamy Stadium,False,True,52,8,8.666666666666666,68,7.846153846153847,20,192,124,11.333333333333334,10.941176470588236,0,10
8.5,8,5,53,Adam Zampa,Virat Kohli,1,False,-0.5,35,Bangalore,M Chinnaswamy Stadium,False,True,53,8,8.833333333333334,69,7.811320754716981,20,192,123,11.166666666666666,11.014925373134329,0,10
8.6,8,6,54,Adam Zampa,KL Rahul,1,False,-0.25,35,Bangalore,M Chinnaswamy Stadium,False,True,54,8,9.0,70,7.777777777777778,20,192,122,11.0,11.090909090909092,0,10
9.1,9,1,55,Thisara Perera,KL Rahul,6,False,-3.0,35,Bangalore,M Chinnaswamy Stadium,False,True,55,9,9.166666666666666,76,8.290909090909091,20,192,116,10.833333333333334,10.707692307692307,0,10
9.2,9,2,56,Thisara Perera,KL Rahul,1,False,-0.5,35,Bangalore,M Chinnaswamy Stadium,False,True,56,9,9.333333333333334,77,8.25,20,192,115,10.666666666666666,10.78125,0,10
9.3,9,3,57,Thisara Perera,Virat Kohli,1,False,-0.5,35,Bangalore,M Chinnaswamy Stadium,False,True,57,9,9.5,78,8.210526315789474,20,192,114,10.5,10.857142857142858,0,10
9.4,9,4,58,Thisara Perera,KL Rahul,1,False,-0.5,35,Bangalore,M Chinnaswamy Stadium,False,True,58,9,9.666666666666666,79,8.172413793103448,20,192,113,10.333333333333334,10.935483870967742,0,10
9.5,9,5,59,Thisara Perera,Virat Kohli,1,False,-0.5,35,Bangalore,M Chinnaswamy Stadium,False,True,59,9,9.833333333333334,80,8.135593220338983,20,192,112,10.166666666666666,11.01639344262295,0,10
9.6,9,6,60,Thisara Perera,KL Rahul,1,False,-0.5,35,Bangalore,M Chinnaswamy Stadium,False,True,60,9,10.0,81,8.1,20,192,111,10.0,11.1,0,10
10.1,10,1,61,Rajat Bhatia,KL Rahul,1,False,-0.5,35,Bangalore,M Chinnaswamy Stadium,False,True,61,10,10.166666666666666,82,8.065573770491804,20,192,110,9.833333333333334,11.1864406779661,0,10
10.2,10,2,62,Rajat Bhatia,Virat Kohli,4,False,-2.0,35,Bangalore,M Chinnaswamy Stadium,False,True,62,10,10.333333333333334,86,8.32258064516129,20,192,106,9.666666666666666,10.965517241379311,0,10
10.3,10,3,63,Rajat Bhatia,Virat Kohli,4,False,-2.0,35,Bangalore,M Chinnaswamy Stadium,False,True,63,10,10.5,90,8.571428571428571,20,192,102,9.5,10.736842105263158,0,10
10.4,10,4,64,Rajat Bhatia,Virat Kohli,2,False,-1.0,35,Bangalore,M Chinnaswamy Stadium,False,True,64,10,10.666666666666666,92,8.625,20,192,100,9.333333333333334,10.714285714285714,0,10
10.5,10,5,65,Rajat Bhatia,Virat Kohli,1,False,-0.5,35,Bangalore,M Chinnaswamy Stadium,False,True,65,10,10.833333333333334,93,8.584615384615384,20,192,99,9.166666666666666,10.8,0,10
10.6,10,6,66,Rajat Bhatia,KL Rahul,1,False,-0.5,35,Bangalore,M Chinnaswamy Stadium,False,True,66,10,11.0,94,8.545454545454545,20,192,98,9.0,10.88888888888889,0,10
11.1,11,1,67,Adam Zampa,KL Rahul,0,True,5.0,35,Bangalore,M Chinnaswamy Stadium,False,True,67,11,11.166666666666666,94,8.417910447761194,20,192,98,8.833333333333334,11.094339622641508,1,9
11.2,11,2,68,Adam Zampa,Virat Kohli,1,False,-0.5,35,Bangalore,M Chinnaswamy Stadium,False,True,68,11,11.333333333333334,95,8.382352941176471,20,192,97,8.666666666666666,11.192307692307693,1,9
11.3,11,3,69,Adam Zampa,de Villiers,1,False,-0.5,35,Bangalore,M Chinnaswamy Stadium,False,True,69,11,11.5,96,8.347826086956522,20,192,96,8.5,11.294117647058824,1,9
11.4,11,4,70,Adam Zampa,Virat Kohli,1,False,-0.5,35,Bangalore,M Chinnaswamy Stadium,False,True,70,11,11.666666666666666,97,8.314285714285715,20,192,95,8.333333333333334,11.399999999999999,1,9
11.5,11,5,71,Adam Zampa,de Villiers,0,False,1.0,35,Bangalore,M Chinnaswamy Stadium,False,True,71,11,11.833333333333334,97,8.197183098591548,20,192,95,8.166666666666666,11.63265306122449,1,9
11.6,11,6,72,Adam Zampa,de Villiers,0,True,5.0,35,Bangalore,M Chinnaswamy Stadium,False,True,72,11,12.0,97,8.083333333333334,20,192,95,8.0,11.875,2,8
12.1,12,1,73,Rajat Bhatia,Virat Kohli,1,False,-0.5,35,Bangalore,M Chinnaswamy Stadium,False,True,73,12,12.166666666666666,98,8.054794520547945,20,192,94,7.833333333333334,11.999999999999998,2,8
12.2,12,2,74,Rajat Bhatia,Shane Watson,1,False,-0.5,35,Bangalore,M Chinnaswamy Stadium,False,True,74,12,12.333333333333334,99,8.027027027027026,20,192,93,7.666666666666666,12.130434782608697,2,8
12.3,12,3,75,Rajat Bhatia,Virat Kohli,1,False,-0.5,35,Bangalore,M Chinnaswamy Stadium,False,True,75,12,12.5,100,8.0,20,192,92,7.5,12.266666666666667,2,8
12.4,12,4,76,Rajat Bhatia,Shane Watson,1,False,-0.5,35,Bangalore,M Chinnaswamy Stadium,False,True,76,12,12.666666666666666,101,7.973684210526316,20,192,91,7.333333333333334,12.409090909090908,2,8
12.5,12,5,77,Rajat Bhatia,Virat Kohli,1,False,-0.25,35,Bangalore,M Chinnaswamy Stadium,False,True,77,12,12.833333333333334,102,7.948051948051948,20,192,90,7.166666666666666,12.558139534883722,2,8
12.6,12,6,78,Rajat Bhatia,Shane Watson,1,False,-0.5,35,Bangalore,M Chinnaswamy Stadium,False,True,78,12,13.0,103,7.923076923076923,20,192,89,7.0,12.714285714285714,2,8
13.1,13,1,79,Thisara Perera,Shane Watson,4,False,-2.0,35,Bangalore,M Chinnaswamy Stadium,False,True,79,13,13.166666666666666,107,8.126582278481013,20,192,85,6.833333333333334,12.439024390243901,2,8
13.2,13,2,80,Thisara Perera,Shane Watson,4,False,-2.0,35,Bangalore,M Chinnaswamy Stadium,False,True,80,13,13.333333333333334,111,8.325,20,192,81,6.666666666666666,12.15,2,8
13.3,13,3,81,Thisara Perera,Shane Watson,4,False,-2.0,35,Bangalore,M Chinnaswamy Stadium,False,True,81,13,13.5,115,8.518518518518519,20,192,77,6.5,11.846153846153847,2,8
13.4,13,4,82,Thisara Perera,Shane Watson,0,False,1.0,35,Bangalore,M Chinnaswamy Stadium,False,True,82,13,13.666666666666666,115,8.414634146341463,20,192,77,6.333333333333334,12.157894736842104,2,8
13.5,13,5,83,Thisara Perera,Shane Watson,4,False,-2.0,35,Bangalore,M Chinnaswamy Stadium,False,True,83,13,13.833333333333334,119,8.602409638554217,20,192,73,6.166666666666666,11.837837837837839,2,8
13.6,13,6,84,Thisara Perera,Shane Watson,4,False,-2.0,35,Bangalore,M Chinnaswamy Stadium,False,True,84,13,14.0,123,8.785714285714286,20,192,69,6.0,11.5,2,8
14.1,14,1,85,Rajat Bhatia,Virat Kohli,4,False,-2.0,35,Bangalore,M Chinnaswamy Stadium,False,True,85,14,14.166666666666666,127,8.964705882352941,20,192,65,5.833333333333334,11.142857142857142,2,8
14.2,14,2,86,Rajat Bhatia,Virat Kohli,1,False,-0.5,35,Bangalore,M Chinnaswamy Stadium,False,True,86,14,14.333333333333334,128,8.930232558139535,20,192,64,5.666666666666666,11.294117647058824,2,8
14.3,14,3,87,Rajat Bhatia,Shane Watson,6,False,-3.0,35,Bangalore,M Chinnaswamy Stadium,False,True,87,14,14.5,134,9.241379310344827,20,192,58,5.5,10.545454545454545,2,8
14.4,14,4,88,Rajat Bhatia,Shane Watson,6,False,-3.0,35,Bangalore,M Chinnaswamy Stadium,False,True,88,14,14.666666666666666,140,9.545454545454545,20,192,52,5.333333333333334,9.749999999999998,2,8
14.5,14,5,89,Rajat Bhatia,Shane Watson,1,False,-0.5,35,Bangalore,M Chinnaswamy Stadium,False,True,89,14,14.833333333333334,141,9.50561797752809,20,192,51,5.166666666666666,9.870967741935486,2,8
14.6,14,6,90,Rajat Bhatia,Virat Kohli,1,False,-0.5,35,Bangalore,M Chinnaswamy Stadium,False,True,90,14,15.0,142,9.466666666666667,20,192,50,5.0,10.0,2,8
15.1,15,1,91,RP Singh,Virat Kohli,0,False,1.0,35,Bangalore,M Chinnaswamy Stadium,False,True,91,15,15.166666666666666,142,9.362637362637363,20,192,50,4.833333333333334,10.344827586206895,2,8
15.2,15,2,92,RP Singh,Virat Kohli,1,False,-0.5,35,Bangalore,M Chinnaswamy Stadium,False,True,92,15,15.333333333333334,143,9.326086956521738,20,192,49,4.666666666666666,10.500000000000002,2,8
15.3,15,3,93,RP Singh,Shane Watson,0,True,5.0,35,Bangalore,M Chinnaswamy Stadium,False,True,93,15,15.5,143,9.225806451612904,20,192,49,4.5,10.88888888888889,3,7
15.4,15,4,94,RP Singh,Travis Head,0,False,1.0,35,Bangalore,M Chinnaswamy Stadium,False,True,94,15,15.666666666666666,143,9.127659574468085,20,192,49,4.333333333333334,11.307692307692307,3,7
15.5,15,5,95,RP Singh,Travis Head,1,False,-0.5,35,Bangalore,M Chinnaswamy Stadium,False,True,95,15,15.833333333333334,144,9.094736842105263,20,192,48,4.166666666666666,11.520000000000001,3,7
15.6,15,6,96,RP Singh,Virat Kohli,1,False,-0.5,35,Bangalore,M Chinnaswamy Stadium,False,True,96,15,16.0,145,9.0625,20,192,47,4.0,11.75,3,7
16.1,16,1,97,Ravichandran Ashwin,Virat Kohli,0,False,1.0,35,Bangalore,M Chinnaswamy Stadium,False,True,97,16,16.166666666666668,145,8.969072164948454,20,192,47,3.833333333333332,12.260869565217394,3,7
16.2,16,2,98,Ravichandran Ashwin,Virat Kohli,4,False,-2.0,35,Bangalore,M Chinnaswamy Stadium,False,True,98,16,16.333333333333332,149,9.122448979591837,20,192,43,3.666666666666668,11.727272727272723,3,7
16.3,16,3,99,Ravichandran Ashwin,Virat Kohli,1,False,-0.5,35,Bangalore,M Chinnaswamy Stadium,False,True,99,16,16.5,150,9.090909090909092,20,192,42,3.5,12.0,3,7
16.4,16,4,100,Ravichandran Ashwin,Travis Head,0,False,1.0,35,Bangalore,M Chinnaswamy Stadium,False,True,100,16,16.666666666666668,150,9.0,20,192,42,3.333333333333332,12.600000000000005,3,7
16.5,16,5,101,Ravichandran Ashwin,Travis Head,1,False,-0.5,35,Bangalore,M Chinnaswamy Stadium,False,True,101,16,16.833333333333332,151,8.970297029702971,20,192,41,3.166666666666668,12.947368421052627,3,7
16.6,16,6,102,Ravichandran Ashwin,Virat Kohli,1,False,-0.5,35,Bangalore,M Chinnaswamy Stadium,False,True,102,16,17.0,152,8.941176470588236,20,192,40,3.0,13.333333333333334,3,7
17.1,17,1,103,Adam Zampa,Virat Kohli,6,False,-3.0,35,Bangalore,M Chinnaswamy Stadium,False,True,103,17,17.166666666666668,158,9.20388349514563,20,192,34,2.833333333333332,12.000000000000005,3,7
17.2,17,2,104,Adam Zampa,Virat Kohli,6,False,-3.0,35,Bangalore,M Chinnaswamy Stadium,False,True,104,17,17.333333333333332,164,9.461538461538462,20,192,28,2.666666666666668,10.499999999999995,3,7
17.3,17,3,105,Adam Zampa,Virat Kohli,0,False,1.0,35,Bangalore,M Chinnaswamy Stadium,False,True,105,17,17.5,164,9.371428571428572,20,192,28,2.5,11.2,3,7
17.4,17,4,106,Adam Zampa,Virat Kohli,4,False,-2.0,35,Bangalore,M Chinnaswamy Stadium,False,True,106,17,17.666666666666668,168,9.50943396226415,20,192,24,2.333333333333332,10.285714285714292,3,7
17.5,17,5,107,Adam Zampa,Virat Kohli,1,False,-0.5,35,Bangalore,M Chinnaswamy Stadium,False,True,107,17,17.833333333333332,169,9.476635514018692,20,192,23,2.166666666666668,10.61538461538461,3,7
17.6,17,6,108,Adam Zampa,Travis Head,1,False,-0.5,35,Bangalore,M Chinnaswamy Stadium,False,True,108,17,18.0,170,9.444444444444445,20,192,22,2.0,11.0,3,7
18.1,18,1,109,RP Singh,Travis Head,2,False,-1.0,35,Bangalore,M Chinnaswamy Stadium,True,False,108,17,18.0,172,9.555555555555555,20,192,20,2.0,10.0,3,7
18.1,18,1,110,RP Singh,Virat Kohli,2,False,-1.0,35,Bangalore,M Chinnaswamy Stadium,False,True,109,18,18.166666666666668,174,9.577981651376145,20,192,18,1.8333333333333321,9.818181818181824,3,7
18.2,18,2,111,RP Singh,Virat Kohli,1,False,-0.5,35,Bangalore,M Chinnaswamy Stadium,False,True,110,18,18.333333333333332,175,9.545454545454547,20,192,17,1.6666666666666679,10.199999999999992,3,7
18.3,18,3,112,RP Singh,Travis Head,0,False,1.0,35,Bangalore,M Chinnaswamy Stadium,False,True,111,18,18.5,175,9.45945945945946,20,192,17,1.5,11.333333333333334,3,7
18.4,18,4,113,RP Singh,Travis Head,1,False,-0.5,35,Bangalore,M Chinnaswamy Stadium,False,True,112,18,18.666666666666668,176,9.428571428571429,20,192,16,1.3333333333333321,12.00000000000001,3,7
18.5,18,5,114,RP Singh,Virat Kohli,6,False,-3.0,35,Bangalore,M Chinnaswamy Stadium,False,True,113,18,18.833333333333332,182,9.663716814159292,20,192,10,1.1666666666666679,8.571428571428562,3,7
18.6,18,6,115,RP Singh,Virat Kohli,6,False,-3.0,35,Bangalore,M Chinnaswamy Stadium,False,True,114,18,19.0,188,9.894736842105264,20,192,4,1.0,4.0,3,7
19.1,19,1,116,Ashok Dinda,Travis Head,1,False,-0.5,35,Bangalore,M Chinnaswamy Stadium,False,True,115,19,19.166666666666668,189,9.86086956521739,20,192,3,0.8333333333333321,3.600000000000005,3,7
19.2,19,2,117,Ashok Dinda,Virat Kohli,2,False,-1.0,35,Bangalore,M Chinnaswamy Stadium,False,True,116,19,19.333333333333332,191,9.879310344827587,20,192,1,0.6666666666666679,1.4999999999999973,3,7
19.3,19,3,118,Ashok Dinda,Virat Kohli,4,False,-2.0,35,Bangalore,M Chinnaswamy Stadium,False,True,117,19,19.5,195,10.0,20,192,0,0.5,0.0,3,7
