Ball Number,over,ball,Ball,bowler,batsman,Runs,is_wicket,bowler_score,match_id,city,stadium,is_extra,legal_delivery,legal_deliveries_count,overs_completed,overs_bowled,total_runs,current_run_rate,total_overs,target,runs_needed,overs_remaining,required_run_rate,wickets_fallen,wickets_in_hand
0.1,0,1,1,Sandeep Sharma,de Kock,0,False,1.0,36,Mohali,Punjab Cricket Association IS Bindra Stadium,False,True,1,0,0.16666666666666666,0,0.0,20,182,182,19.833333333333332,9.176470588235295,0,10
0.2,0,2,2,Sandeep Sharma,de Kock,0,False,1.0,36,Mohali,Punjab Cricket Association IS Bindra Stadium,False,True,2,0,0.3333333333333333,0,0.0,20,182,182,19.666666666666668,9.254237288135593,0,10
0.3,0,3,3,Sandeep Sharma,de Kock,1,False,-0.5,36,Mohali,Punjab Cricket Association IS Bindra Stadium,False,True,3,0,0.5,1,2.0,20,182,181,19.5,9.282051282051283,0,10
0.4,0,4,4,Sandeep Sharma,Sanju Samson,0,False,1.0,36,Mohali,Punjab Cricket Association IS Bindra Stadium,False,True,4,0,0.6666666666666666,1,1.5,20,182,181,19.333333333333332,9.362068965517242,0,10
0.5,0,5,5,Sandeep Sharma,Sanju Samson,1,False,-0.25,36,Mohali,Punjab Cricket Association IS Bindra Stadium,False,True,5,0,0.8333333333333334,2,2.4,20,182,180,19.166666666666668,9.391304347826086,0,10
0.6,0,6,6,Sandeep Sharma,de Kock,1,False,-0.5,36,Mohali,Punjab Cricket Association IS Bindra Stadium,False,True,6,0,1.0,3,3.0,20,182,179,19.0,9.421052631578947,0,10
1.1,1,1,7,Mohit Sharma,de Kock,1,False,-0.5,36,Mohali,Punjab Cricket Association IS Bindra Stadium,False,True,7,1,1.1666666666666667,4,3.4285714285714284,20,182,178,18.833333333333332,9.45132743362832,0,10
1.2,1,2,8,Mohit Sharma,Sanju Samson,0,False,1.0,36,Mohali,Punjab Cricket Association IS Bindra Stadium,False,True,8,1,1.3333333333333333,4,3.0,20,182,178,18.666666666666668,9.535714285714285,0,10
1.3,1,3,9,Mohit Sharma,Sanju Samson,0,False,1.0,36,Mohali,Punjab Cricket Association IS Bindra Stadium,False,True,9,1,1.5,4,2.6666666666666665,20,182,178,18.5,9.621621621621621,0,10
1.4,1,4,10,Mohit Sharma,Sanju Samson,4,False,-2.0,36,Mohali,Punjab Cricket Association IS Bindra Stadium,False,True,10,1,1.6666666666666665,8,4.800000000000001,20,182,174,18.333333333333332,9.490909090909092,0,10
1.5,1,5,11,Mohit Sharma,Sanju Samson,2,False,-1.0,36,Mohali,Punjab Cricket Association IS Bindra Stadium,False,True,11,1,1.8333333333333335,10,5.454545454545454,20,182,172,18.166666666666668,9.46788990825688,0,10
1.6,1,6,12,Mohit Sharma,Sanju Samson,0,False,1.0,36,Mohali,Punjab Cricket Association IS Bindra Stadium,False,True,12,1,2.0,10,5.0,20,182,172,18.0,9.555555555555555,0,10
2.1,2,1,13,KC Cariappa,de Kock,0,False,1.0,36,Mohali,Punjab Cricket Association IS Bindra Stadium,False,True,13,2,2.1666666666666665,10,4.615384615384616,20,182,172,17.833333333333332,9.644859813084112,0,10
2.2,2,2,14,KC Cariappa,de Kock,1,False,-0.5,36,Mohali,Punjab Cricket Association IS Bindra Stadium,False,True,14,2,2.3333333333333335,11,4.714285714285714,20,182,171,17.666666666666668,9.679245283018867,0,10
2.3,2,3,15,KC Cariappa,Sanju Samson,0,False,1.0,36,Mohali,Punjab Cricket Association IS Bindra Stadium,False,True,15,2,2.5,11,4.4,20,182,171,17.5,9.771428571428572,0,10
2.4,2,4,16,KC Cariappa,Sanju Samson,1,False,-0.5,36,Mohali,Punjab Cricket Association IS Bindra Stadium,False,True,16,2,2.6666666666666665,12,4.5,20,182,170,17.333333333333332,9.807692307692308,0,10
2.5,2,5,17,KC Cariappa,de Kock,4,False,-2.0,36,Mohali,Punjab Cricket Association IS Bindra Stadium,False,True,17,2,2.8333333333333335,16,5.647058823529411,20,182,166,17.166666666666668,9.669902912621358,0,10
2.6,2,6,18,KC Cariappa,de Kock,0,False,1.0,36,Mohali,Punjab Cricket Association IS Bindra Stadium,False,True,18,2,3.0,16,5.333333333333333,20,182,166,17.0,9.764705882352942,0,10
3.1,3,1,19,Mohit Sharma,Sanju Samson,1,False,-0.5,36,Mohali,Punjab Cricket Association IS Bindra Stadium,False,True,19,3,3.1666666666666665,17,5.368421052631579,20,182,165,16.833333333333332,9.801980198019802,0,10
3.2,3,2,20,Mohit Sharma,de Kock,0,False,1.0,36,Mohali,Punjab Cricket Association IS Bindra Stadium,False,True,20,3,3.3333333333333335,17,5.1,20,182,165,16.666666666666668,9.899999999999999,0,10
3.3,3,3,21,Mohit Sharma,de Kock,4,False,-2.0,36,Mohali,Punjab Cricket Association IS Bindra Stadium,False,True,21,3,3.5,21,6.0,20,182,161,16.5,9.757575757575758,0,10
3.4,3,4,22,Mohit Sharma,de Kock,1,False,-0.5,36,Mohali,Punjab Cricket Association IS Bindra Stadium,False,True,22,3,3.6666666666666665,22,6.0,20,182,160,16.333333333333332,9.795918367346939,0,10
3.5,3,5,23,Mohit Sharma,Sanju Samson,1,False,-0.5,36,Mohali,Punjab Cricket Association IS Bindra Stadium,False,True,23,3,3.8333333333333335,23,6.0,20,182,159,16.166666666666668,9.835051546391751,0,10
3.6,3,6,24,Mohit Sharma,de Kock,0,False,1.0,36,Mohali,Punjab Cricket Association IS Bindra Stadium,False,True,24,3,4.0,23,5.75,20,182,159,16.0,9.9375,0,10
4.1,4,1,25,Marcus Stoinis,Sanju Samson,1,False,-0.5,36,Mohali,Punjab Cricket Association IS Bindra Stadium,False,True,25,4,4.166666666666667,24,5.76,20,182,158,15.833333333333332,9.978947368421053,0,10
4.2,4,2,26,Marcus Stoinis,de Kock,4,False,-2.0,36,Mohali,Punjab Cricket Association IS Bindra Stadium,False,True,26,4,4.333333333333333,28,6.461538461538462,20,182,154,15.666666666666668,9.829787234042552,0,10
4.3,4,3,27,Marcus Stoinis,de Kock,4,False,-2.0,36,Mohali,Punjab Cricket Association IS Bindra Stadium,False,True,27,4,4.5,32,7.111111111111111,20,182,150,15.5,9.67741935483871,0,10
4.4,4,4,28,Marcus Stoinis,de Kock,1,False,-0.5,36,Mohali,Punjab Cricket Association IS Bindra Stadium,False,True,28,4,4.666666666666667,33,7.071428571428571,20,182,149,15.333333333333332,9.717391304347826,0,10
4.5,4,5,29,Marcus Stoinis,Sanju Samson,1,False,-0.5,36,Mohali,Punjab Cricket Association IS Bindra Stadium,False,True,29,4,4.833333333333333,34,7.03448275862069,20,182,148,15.166666666666668,9.758241758241757,0,10
4.6,4,6,30,Marcus Stoinis,de Kock,1,False,-0.25,36,Mohali,Punjab Cricket Association IS Bindra Stadium,False,True,30,4,5.0,35,7.0,20,182,147,15.0,9.8,0,10
5.1,5,1,31,Axar Patel,de Kock,2,False,-1.0,36,Mohali,Punjab Cricket Association IS Bindra Stadium,False,True,31,5,5.166666666666667,37,7.161290322580645,20,182,145,14.833333333333332,9.775280898876405,0,10
5.2,5,2,32,Axar Patel,de Kock,2,False,-1.0,36,Mohali,Punjab Cricket Association IS Bindra Stadium,False,True,32,5,5.333333333333333,39,7.3125,20,182,143,14.666666666666668,9.75,0,10
5.3,5,3,33,Axar Patel,de Kock,6,False,-3.0,36,Mohali,Punjab Cricket Association IS Bindra Stadium,False,True,33,5,5.5,45,8.181818181818182,20,182,137,14.5,9.448275862068966,0,10
5.4,5,4,34,Axar Patel,de Kock,4,False,-2.0,36,Mohali,Punjab Cricket Association IS Bindra Stadium,False,True,34,5,5.666666666666667,49,8.647058823529411,20,182,133,14.333333333333332,9.279069767441861,0,10
5.5,5,5,35,Axar Patel,de Kock,1,False,-0.5,36,Mohali,Punjab Cricket Association IS Bindra Stadium,False,True,35,5,5.833333333333333,50,8.571428571428571,20,182,132,14.166666666666668,9.317647058823528,0,10
5.6,5,6,36,Axar Patel,Sanju Samson,1,False,-0.5,36,Mohali,Punjab Cricket Association IS Bindra Stadium,False,True,36,5,6.0,51,8.5,20,182,131,14.0,9.357142857142858,0,10
6.1,6,1,37,KC Cariappa,Sanju Samson,1,False,-0.5,36,Mohali,Punjab Cricket Association IS Bindra Stadium,False,True,37,6,6.166666666666667,52,8.432432432432432,20,182,130,13.833333333333332,9.397590361445785,0,10
6.2,6,2,38,KC Cariappa,de Kock,1,False,-0.5,36,Mohali,Punjab Cricket Association IS Bindra Stadium,False,True,38,6,6.333333333333333,53,8.368421052631579,20,182,129,13.666666666666668,9.439024390243901,0,10
6.3,6,3,39,KC Cariappa,Sanju Samson,1,False,-0.5,36,Mohali,Punjab Cricket Association IS Bindra Stadium,False,True,39,6,6.5,54,8.307692307692308,20,182,128,13.5,9.481481481481481,0,10
6.4,6,4,40,KC Cariappa,de Kock,0,False,1.0,36,Mohali,Punjab Cricket Association IS Bindra Stadium,False,True,40,6,6.666666666666667,54,8.1,20,182,128,13.333333333333332,9.600000000000001,0,10
6.5,6,5,41,KC Cariappa,de Kock,4,False,-2.0,36,Mohali,Punjab Cricket Association IS Bindra Stadium,False,True,41,6,6.833333333333333,58,8.487804878048781,20,182,124,13.166666666666668,9.41772151898734,0,10
6.6,6,6,42,KC Cariappa,de Kock,1,False,-1.0,36,Mohali,Punjab Cricket Association IS Bindra Stadium,True,False,41,6,6.833333333333333,59,8.634146341463415,20,182,123,13.166666666666668,9.341772151898734,0,10
6.6,6,6,43,KC Cariappa,de Kock,3,False,-1.5,36,Mohali,Punjab Cricket Association IS Bindra Stadium,False,True,42,6,7.0,62,8.857142857142858,20,182,120,13.0,9.23076923076923,0,10
7.1,7,1,44,Marcus Stoinis,de Kock,6,False,-3.0,36,Mohali,Punjab Cricket Association IS Bindra Stadium,False,True,43,7,7.166666666666667,68,9.488372093023255,20,182,114,12.833333333333332,8.883116883116884,0,10
7.2,7,2,45,Marcus Stoinis,de Kock,0,False,1.0,36,Mohali,Punjab Cricket Association IS Bindra Stadium,False,True,44,7,7.333333333333333,68,9.272727272727273,20,182,114,12.666666666666668,9.0,0,10
7.3,7,3,46,Marcus Stoinis,de Kock,1,False,-0.5,36,Mohali,Punjab Cricket Association IS Bindra Stadium,False,True,45,7,7.5,69,9.2,20,182,113,12.5,9.04,0,10
7.4,7,4,47,Marcus Stoinis,Sanju Samson,1,False,-0.5,36,Mohali,Punjab Cricket Association IS Bindra Stadium,False,True,46,7,7.666666666666667,70,9.130434782608695,20,182,112,12.333333333333332,9.081081081081082,0,10
7.5,7,5,48,Marcus Stoinis,de Kock,0,True,5.0,36,Mohali,Punjab Cricket Association IS Bindra Stadium,False,True,47,7,7.833333333333333,70,8.936170212765958,20,182,112,12.166666666666668,9.205479452054794,1,9
7.6,7,6,49,Marcus Stoinis,Karun Nair,1,False,-0.5,36,Mohali,Punjab Cricket Association IS Bindra Stadium,False,True,48,7,8.0,71,8.875,20,182,111,12.0,9.25,1,9
8.1,8,1,50,Axar Patel,Karun Nair,0,False,1.0,36,Mohali,Punjab Cricket Association IS Bindra Stadium,False,True,49,8,8.166666666666666,71,8.693877551020408,20,182,111,11.833333333333334,9.380281690140844,1,9
8.2,8,2,51,Axar Patel,Karun Nair,1,False,-0.5,36,Mohali,Punjab Cricket Association IS Bindra Stadium,False,True,50,8,8.333333333333334,72,8.639999999999999,20,182,110,11.666666666666666,9.428571428571429,1,9
8.3,8,3,52,Axar Patel,Sanju Samson,1,False,-0.5,36,Mohali,Punjab Cricket Association IS Bindra Stadium,False,True,51,8,8.5,73,8.588235294117647,20,182,109,11.5,9.478260869565217,1,9
8.4,8,4,53,Axar Patel,Karun Nair,1,False,-0.5,36,Mohali,Punjab Cricket Association IS Bindra Stadium,False,True,52,8,8.666666666666666,74,8.538461538461538,20,182,108,11.333333333333334,9.529411764705882,1,9
8.5,8,5,54,Axar Patel,Sanju Samson,1,False,-0.5,36,Mohali,Punjab Cricket Association IS Bindra Stadium,False,True,53,8,8.833333333333334,75,8.490566037735848,20,182,107,11.166666666666666,9.582089552238806,1,9
8.6,8,6,55,Axar Patel,Karun Nair,1,False,-0.5,36,Mohali,Punjab Cricket Association IS Bindra Stadium,False,True,54,8,9.0,76,8.444444444444445,20,182,106,11.0,9.636363636363637,1,9
9.1,9,1,56,KC Cariappa,Karun Nair,2,False,-1.0,36,Mohali,Punjab Cricket Association IS Bindra Stadium,False,True,55,9,9.166666666666666,78,8.50909090909091,20,182,104,10.833333333333334,9.6,1,9
9.2,9,2,57,KC Cariappa,Karun Nair,1,False,-0.5,36,Mohali,Punjab Cricket Association IS Bindra Stadium,False,True,56,9,9.333333333333334,79,8.464285714285714,20,182,103,10.666666666666666,9.65625,1,9
9.3,9,3,58,KC Cariappa,Sanju Samson,6,False,-3.0,36,Mohali,Punjab Cricket Association IS Bindra Stadium,False,True,57,9,9.5,85,8.947368421052632,20,182,97,10.5,9.238095238095237,1,9
9.4,9,4,59,KC Cariappa,Sanju Samson,1,False,-0.5,36,Mohali,Punjab Cricket Association IS Bindra Stadium,False,True,58,9,9.666666666666666,86,8.896551724137932,20,182,96,10.333333333333334,9.29032258064516,1,9
9.5,9,5,60,KC Cariappa,Karun Nair,1,False,-0.5,36,Mohali,Punjab Cricket Association IS Bindra Stadium,False,True,59,9,9.833333333333334,87,8.847457627118644,20,182,95,10.166666666666666,9.344262295081968,1,9
9.6,9,6,61,KC Cariappa,Sanju Samson,4,False,-2.0,36,Mohali,Punjab Cricket Association IS Bindra Stadium,False,True,60,9,10.0,91,9.1,20,182,91,10.0,9.1,1,9
10.1,10,1,62,Axar Patel,Karun Nair,2,False,-1.0,36,Mohali,Punjab Cricket Association IS Bindra Stadium,False,True,61,10,10.166666666666666,93,9.147540983606557,20,182,89,9.833333333333334,9.050847457627118,1,9
10.2,10,2,63,Axar Patel,Karun Nair,2,False,-1.0,36,Mohali,Punjab Cricket Association IS Bindra Stadium,False,True,62,10,10.333333333333334,95,9.193548387096774,20,182,87,9.666666666666666,9.0,1,9
10.3,10,3,64,Axar Patel,Karun Nair,1,False,-0.5,36,Mohali,Punjab Cricket Association IS Bindra Stadium,False,True,63,10,10.5,96,9.142857142857142,20,182,86,9.5,9.052631578947368,1,9
10.4,10,4,65,Axar Patel,Sanju Samson,0,False,1.0,36,Mohali,Punjab Cricket Association IS Bindra Stadium,False,True,64,10,10.666666666666666,96,9.0,20,182,86,9.333333333333334,9.214285714285714,1,9
10.5,10,5,66,Axar Patel,Sanju Samson,1,False,-0.5,36,Mohali,Punjab Cricket Association IS Bindra Stadium,False,True,65,10,10.833333333333334,97,8.953846153846154,20,182,85,9.166666666666666,9.272727272727273,1,9
10.6,10,6,67,Axar Patel,Karun Nair,0,False,1.0,36,Mohali,Punjab Cricket Association IS Bindra Stadium,False,True,66,10,11.0,97,8.818181818181818,20,182,85,9.0,9.444444444444445,1,9
11.1,11,1,68,Sandeep Sharma,Sanju Samson,1,False,-0.5,36,Mohali,Punjab Cricket Association IS Bindra Stadium,False,True,67,11,11.166666666666666,98,8.776119402985076,20,182,84,8.833333333333334,9.50943396226415,1,9
11.2,11,2,69,Sandeep Sharma,Karun Nair,1,False,-0.25,36,Mohali,Punjab Cricket Association IS Bindra Stadium,False,True,68,11,11.333333333333334,99,8.735294117647058,20,182,83,8.666666666666666,9.576923076923078,1,9
11.3,11,3,70,Sandeep Sharma,Sanju Samson,2,False,-1.0,36,Mohali,Punjab Cricket Association IS Bindra Stadium,False,True,69,11,11.5,101,8.782608695652174,20,182,81,8.5,9.529411764705882,1,9
11.4,11,4,71,Sandeep Sharma,Sanju Samson,1,False,-0.5,36,Mohali,Punjab Cricket Association IS Bindra Stadium,False,True,70,11,11.666666666666666,102,8.742857142857144,20,182,80,8.333333333333334,9.6,1,9
11.5,11,5,72,Sandeep Sharma,Karun Nair,1,False,-0.5,36,Mohali,Punjab Cricket Association IS Bindra Stadium,False,True,71,11,11.833333333333334,103,8.704225352112676,20,182,79,8.166666666666666,9.673469387755103,1,9
11.6,11,6,73,Sandeep Sharma,Sanju Samson,2,False,-1.0,36,Mohali,Punjab Cricket Association IS Bindra Stadium,False,True,72,11,12.0,105,8.75,20,182,77,8.0,9.625,1,9
12.1,12,1,74,Axar Patel,Karun Nair,1,False,-0.5,36,Mohali,Punjab Cricket Association IS Bindra Stadium,False,True,73,12,12.166666666666666,106,8.712328767123289,20,182,76,7.833333333333334,9.702127659574467,1,9
12.2,12,2,75,Axar Patel,Sanju Samson,2,False,-1.0,36,Mohali,Punjab Cricket Association IS Bindra Stadium,False,True,74,12,12.333333333333334,108,8.756756756756756,20,182,74,7.666666666666666,9.652173913043478,1,9
12.3,12,3,76,Axar Patel,Sanju Samson,1,False,-0.5,36,Mohali,Punjab Cricket Association IS Bindra Stadium,False,True,75,12,12.5,109,8.72,20,182,73,7.5,9.733333333333333,1,9
12.4,12,4,77,Axar Patel,Karun Nair,1,False,-0.25,36,Mohali,Punjab Cricket Association IS Bindra Stadium,False,True,76,12,12.666666666666666,110,8.68421052631579,20,182,72,7.333333333333334,9.818181818181817,1,9
12.5,12,5,78,Axar Patel,Sanju Samson,1,False,-0.5,36,Mohali,Punjab Cricket Association IS Bindra Stadium,False,True,77,12,12.833333333333334,111,8.64935064935065,20,182,71,7.166666666666666,9.906976744186048,1,9
12.6,12,6,79,Axar Patel,Karun Nair,0,False,1.0,36,Mohali,Punjab Cricket Association IS Bindra Stadium,False,True,78,12,13.0,111,8.538461538461538,20,182,71,7.0,10.142857142857142,1,9
13.1,13,1,80,Marcus Stoinis,Sanju Samson,2,False,-1.0,36,Mohali,Punjab Cricket Association IS Bindra Stadium,False,True,79,13,13.166666666666666,113,8.582278481012658,20,182,69,6.833333333333334,10.097560975609754,1,9
13.2,13,2,81,Marcus Stoinis,Sanju Samson,4,False,-2.0,36,Mohali,Punjab Cricket Association IS Bindra Stadium,False,True,80,13,13.333333333333334,117,8.775,20,182,65,6.666666666666666,9.75,1,9
13.3,13,3,82,Marcus Stoinis,Sanju Samson,4,False,-2.0,36,Mohali,Punjab Cricket Association IS Bindra Stadium,False,True,81,13,13.5,121,8.962962962962964,20,182,61,6.5,9.384615384615385,1,9
13.4,13,4,83,Marcus Stoinis,Sanju Samson,0,True,5.0,36,Mohali,Punjab Cricket Association IS Bindra Stadium,False,True,82,13,13.666666666666666,121,8.853658536585366,20,182,61,6.333333333333334,9.63157894736842,2,8
13.5,13,5,84,Marcus Stoinis,Karun Nair,2,False,-1.0,36,Mohali,Punjab Cricket Association IS Bindra Stadium,True,False,82,13,13.666666666666666,123,9.0,20,182,59,6.333333333333334,9.315789473684209,2,8
13.5,13,5,85,Marcus Stoinis,Sam Billings,1,False,-0.5,36,Mohali,Punjab Cricket Association IS Bindra Stadium,False,True,83,13,13.833333333333334,124,8.963855421686747,20,182,58,6.166666666666666,9.405405405405407,2,8
13.6,13,6,86,Marcus Stoinis,Karun Nair,4,False,-2.0,36,Mohali,Punjab Cricket Association IS Bindra Stadium,False,True,84,13,14.0,128,9.142857142857142,20,182,54,6.0,9.0,2,8
14.1,14,1,87,Mohit Sharma,Sam Billings,1,False,-0.5,36,Mohali,Punjab Cricket Association IS Bindra Stadium,False,True,85,14,14.166666666666666,129,9.105882352941176,20,182,53,5.833333333333334,9.085714285714285,2,8
14.2,14,2,88,Mohit Sharma,Karun Nair,0,False,1.0,36,Mohali,Punjab Cricket Association IS Bindra Stadium,False,True,86,14,14.333333333333334,129,9.0,20,182,53,5.666666666666666,9.352941176470589,2,8
14.3,14,3,89,Mohit Sharma,Karun Nair,0,False,1.0,36,Mohali,Punjab Cricket Association IS Bindra Stadium,False,True,87,14,14.5,129,8.89655172413793,20,182,53,5.5,9.636363636363637,2,8
14.4,14,4,90,Mohit Sharma,Karun Nair,0,False,1.0,36,Mohali,Punjab Cricket Association IS Bindra Stadium,False,True,88,14,14.666666666666666,129,8.795454545454545,20,182,53,5.333333333333334,9.937499999999998,2,8
14.5,14,5,91,Mohit Sharma,Karun Nair,2,False,-1.0,36,Mohali,Punjab Cricket Association IS Bindra Stadium,False,True,89,14,14.833333333333334,131,8.831460674157302,20,182,51,5.166666666666666,9.870967741935486,2,8
14.6,14,6,92,Mohit Sharma,Karun Nair,1,False,-0.5,36,Mohali,Punjab Cricket Association IS Bindra Stadium,False,True,90,14,15.0,132,8.8,20,182,50,5.0,10.0,2,8
15.1,15,1,93,KC Cariappa,Karun Nair,1,False,-0.5,36,Mohali,Punjab Cricket Association IS Bindra Stadium,False,True,91,15,15.166666666666666,133,8.76923076923077,20,182,49,4.833333333333334,10.137931034482758,2,8
15.2,15,2,94,KC Cariappa,Sam Billings,1,False,-0.25,36,Mohali,Punjab Cricket Association IS Bindra Stadium,False,True,92,15,15.333333333333334,134,8.739130434782608,20,182,48,4.666666666666666,10.285714285714286,2,8
15.3,15,3,95,KC Cariappa,Karun Nair,0,True,5.0,36,Mohali,Punjab Cricket Association IS Bindra Stadium,False,True,93,15,15.5,134,8.64516129032258,20,182,48,4.5,10.666666666666666,3,7
15.4,15,4,96,KC Cariappa,Sam Billings,0,False,1.0,36,Mohali,Punjab Cricket Association IS Bindra Stadium,False,True,94,15,15.666666666666666,134,8.553191489361703,20,182,48,4.333333333333334,11.076923076923075,3,7
15.5,15,5,97,KC Cariappa,Sam Billings,2,False,-1.0,36,Mohali,Punjab Cricket Association IS Bindra Stadium,False,True,95,15,15.833333333333334,136,8.589473684210526,20,182,46,4.166666666666666,11.040000000000001,3,7
15.6,15,6,98,KC Cariappa,Sam Billings,2,False,-1.0,36,Mohali,Punjab Cricket Association IS Bindra Stadium,False,True,96,15,16.0,138,8.625,20,182,44,4.0,11.0,3,7
16.1,16,1,99,Marcus Stoinis,Carlos Brathwaite,2,False,-1.0,36,Mohali,Punjab Cricket Association IS Bindra Stadium,False,True,97,16,16.166666666666668,140,8.65979381443299,20,182,42,3.833333333333332,10.956521739130439,3,7
16.2,16,2,100,Marcus Stoinis,Carlos Brathwaite,1,False,-0.25,36,Mohali,Punjab Cricket Association IS Bindra Stadium,False,True,98,16,16.333333333333332,141,8.63265306122449,20,182,41,3.666666666666668,11.181818181818178,3,7
16.3,16,3,101,Marcus Stoinis,Sam Billings,0,False,1.0,36,Mohali,Punjab Cricket Association IS Bindra Stadium,False,True,99,16,16.5,141,8.545454545454545,20,182,41,3.5,11.714285714285714,3,7
16.4,16,4,102,Marcus Stoinis,Sam Billings,0,False,1.0,36,Mohali,Punjab Cricket Association IS Bindra Stadium,False,True,100,16,16.666666666666668,141,8.459999999999999,20,182,41,3.333333333333332,12.300000000000004,3,7
16.5,16,5,103,Marcus Stoinis,Sam Billings,0,True,5.0,36,Mohali,Punjab Cricket Association IS Bindra Stadium,False,True,101,16,16.833333333333332,141,8.376237623762377,20,182,41,3.166666666666668,12.947368421052627,4,6
16.6,16,6,104,Marcus Stoinis,Chris Morris,1,False,-0.5,36,Mohali,Punjab Cricket Association IS Bindra Stadium,False,True,102,16,17.0,142,8.352941176470589,20,182,40,3.0,13.333333333333334,4,6
17.1,17,1,105,Sandeep Sharma,Chris Morris,1,False,-0.5,36,Mohali,Punjab Cricket Association IS Bindra Stadium,False,True,103,17,17.166666666666668,143,8.33009708737864,20,182,39,2.833333333333332,13.764705882352947,4,6
17.2,17,2,106,Sandeep Sharma,Carlos Brathwaite,4,False,-2.0,36,Mohali,Punjab Cricket Association IS Bindra Stadium,False,True,104,17,17.333333333333332,147,8.480769230769232,20,182,35,2.666666666666668,13.124999999999995,4,6
17.3,17,3,107,Sandeep Sharma,Carlos Brathwaite,0,False,1.0,36,Mohali,Punjab Cricket Association IS Bindra Stadium,False,True,105,17,17.5,147,8.4,20,182,35,2.5,14.0,4,6
17.4,17,4,108,Sandeep Sharma,Carlos Brathwaite,6,False,-3.0,36,Mohali,Punjab Cricket Association IS Bindra Stadium,False,True,106,17,17.666666666666668,153,8.660377358490566,20,182,29,2.333333333333332,12.428571428571434,4,6
17.5,17,5,109,Sandeep Sharma,Carlos Brathwaite,0,True,5.0,36,Mohali,Punjab Cricket Association IS Bindra Stadium,False,True,107,17,17.833333333333332,153,8.57943925233645,20,182,29,2.166666666666668,13.384615384615378,5,5
17.6,17,6,110,Sandeep Sharma,Chris Morris,1,False,-0.5,36,Mohali,Punjab Cricket Association IS Bindra Stadium,False,True,108,17,18.0,154,8.555555555555555,20,182,28,2.0,14.0,5,5
18.1,18,1,111,Mohit Sharma,Chris Morris,2,False,-1.0,36,Mohali,Punjab Cricket Association IS Bindra Stadium,False,True,109,18,18.166666666666668,156,8.587155963302752,20,182,26,1.8333333333333321,14.18181818181819,5,5
18.2,18,2,112,Mohit Sharma,Chris Morris,0,False,1.0,36,Mohali,Punjab Cricket Association IS Bindra Stadium,False,True,110,18,18.333333333333332,156,8.50909090909091,20,182,26,1.6666666666666679,15.599999999999989,5,5
18.3,18,3,113,Mohit Sharma,Chris Morris,0,False,1.0,36,Mohali,Punjab Cricket Association IS Bindra Stadium,False,True,111,18,18.5,156,8.432432432432432,20,182,26,1.5,17.333333333333332,5,5
18.4,18,4,114,Mohit Sharma,Chris Morris,1,False,-0.5,36,Mohali,Punjab Cricket Association IS Bindra Stadium,False,True,112,18,18.666666666666668,157,8.410714285714285,20,182,25,1.3333333333333321,18.750000000000018,5,5
18.5,18,5,115,Mohit Sharma,Rishabh Pant,0,False,1.0,36,Mohali,Punjab Cricket Association IS Bindra Stadium,False,True,113,18,18.833333333333332,157,8.336283185840708,20,182,25,1.1666666666666679,21.428571428571406,5,5
18.6,18,6,116,Mohit Sharma,Rishabh Pant,0,False,1.0,36,Mohali,Punjab Cricket Association IS Bindra Stadium,False,True,114,18,19.0,157,8.263157894736842,20,182,25,1.0,25.0,5,5
19.1,19,1,117,Sandeep Sharma,Chris Morris,0,False,1.0,36,Mohali,Punjab Cricket Association IS Bindra Stadium,False,True,115,19,19.166666666666668,157,8.191304347826087,20,182,25,0.8333333333333321,30.000000000000043,5,5
19.2,19,2,118,Sandeep Sharma,Chris Morris,2,False,-1.0,36,Mohali,Punjab Cricket Association IS Bindra Stadium,False,True,116,19,19.333333333333332,159,8.224137931034484,20,182,23,0.6666666666666679,34.499999999999936,5,5
19.3,19,3,119,Sandeep Sharma,Chris Morris,2,False,-1.0,36,Mohali,Punjab Cricket Association IS Bindra Stadium,False,True,117,19,19.5,161,8.256410256410257,20,182,21,0.5,42.0,5,5
19.4,19,4,120,Sandeep Sharma,Chris Morris,6,False,-3.0,36,Mohali,Punjab Cricket Association IS Bindra Stadium,False,True,118,19,19.666666666666668,167,8.491525423728813,20,182,15,0.33333333333333215,45.00000000000016,5,5
19.5,19,5,121,Sandeep Sharma,Chris Morris,1,False,-0.5,36,Mohali,Punjab Cricket Association IS Bindra Stadium,False,True,119,19,19.833333333333332,168,8.470588235294118,20,182,14,0.16666666666666785,83.9999999999994,5,5
19.6,19,6,122,Sandeep Sharma,Rishabh Pant,4,False,-2.0,36,Mohali,Punjab Cricket Association IS Bindra Stadium,False,True,120,19,20.0,172,8.6,20,182,10,0.0,inf,5,5
