Ball Number,over,ball,Ball,bowler,batsman,Runs,is_wicket,bowler_score,match_id,city,stadium,is_extra,legal_delivery,legal_deliveries_count,overs_completed,overs_bowled,total_runs,current_run_rate,total_overs,target,runs_needed,overs_remaining,required_run_rate,wickets_fallen,wickets_in_hand
0.1,0,1,1,Tim Southee,David Warner,4,False,-2.0,37,Visakhapatnam,Dr. Y.S. Rajasekhara Reddy ACA-VDCA Cricket Stadium,False,True,1,0,0.16666666666666666,4,24.0,20,178,174,19.833333333333332,8.77310924369748,0,10
0.2,0,2,2,Tim Southee,David Warner,1,False,-0.25,37,Visakhapatnam,Dr. Y.S. Rajasekhara Reddy ACA-VDCA Cricket Stadium,False,True,2,0,0.3333333333333333,5,15.0,20,178,173,19.666666666666668,8.796610169491524,0,10
0.3,0,3,3,Tim Southee,S Dhawan,0,False,1.0,37,Visakhapatnam,Dr. Y.S. Rajasekhara Reddy ACA-VDCA Cricket Stadium,False,True,3,0,0.5,5,10.0,20,178,173,19.5,8.871794871794872,0,10
0.4,0,4,4,Tim Southee,S Dhawan,1,False,-0.5,37,Visakhapatnam,Dr. Y.S. Rajasekhara Reddy ACA-VDCA Cricket Stadium,False,True,4,0,0.6666666666666666,6,9.0,20,178,172,19.333333333333332,8.896551724137932,0,10
0.5,0,5,5,Tim Southee,David Warner,1,False,-0.5,37,Visakhapatnam,Dr. Y.S. Rajasekhara Reddy ACA-VDCA Cricket Stadium,False,True,5,0,0.8333333333333334,7,8.4,20,178,171,19.166666666666668,8.921739130434782,0,10
0.6,0,6,6,Tim Southee,S Dhawan,0,False,1.0,37,Visakhapatnam,Dr. Y.S. Rajasekhara Reddy ACA-VDCA Cricket Stadium,False,True,6,0,1.0,7,7.0,20,178,171,19.0,9.0,0,10
1.1,1,1,7,Mitchell McClenaghan,David Warner,0,False,1.0,37,Visakhapatnam,Dr. Y.S. Rajasekhara Reddy ACA-VDCA Cricket Stadium,False,True,7,1,1.1666666666666667,7,6.0,20,178,171,18.833333333333332,9.079646017699115,0,10
1.2,1,2,8,Mitchell McClenaghan,David Warner,1,False,-0.5,37,Visakhapatnam,Dr. Y.S. Rajasekhara Reddy ACA-VDCA Cricket Stadium,False,True,8,1,1.3333333333333333,8,6.0,20,178,170,18.666666666666668,9.107142857142856,0,10
1.3,1,3,9,Mitchell McClenaghan,S Dhawan,0,False,1.0,37,Visakhapatnam,Dr. Y.S. Rajasekhara Reddy ACA-VDCA Cricket Stadium,False,True,9,1,1.5,8,5.333333333333333,20,178,170,18.5,9.18918918918919,0,10
1.4,1,4,10,Mitchell McClenaghan,S Dhawan,1,False,-0.5,37,Visakhapatnam,Dr. Y.S. Rajasekhara Reddy ACA-VDCA Cricket Stadium,False,True,10,1,1.6666666666666665,9,5.4,20,178,169,18.333333333333332,9.218181818181819,0,10
1.5,1,5,11,Mitchell McClenaghan,David Warner,1,False,-0.5,37,Visakhapatnam,Dr. Y.S. Rajasekhara Reddy ACA-VDCA Cricket Stadium,False,True,11,1,1.8333333333333335,10,5.454545454545454,20,178,168,18.166666666666668,9.247706422018348,0,10
1.6,1,6,12,Mitchell McClenaghan,S Dhawan,4,False,-2.0,37,Visakhapatnam,Dr. Y.S. Rajasekhara Reddy ACA-VDCA Cricket Stadium,False,True,12,1,2.0,14,7.0,20,178,164,18.0,9.11111111111111,0,10
2.1,2,1,13,Tim Southee,David Warner,1,False,-0.5,37,Visakhapatnam,Dr. Y.S. Rajasekhara Reddy ACA-VDCA Cricket Stadium,False,True,13,2,2.1666666666666665,15,6.923076923076923,20,178,163,17.833333333333332,9.14018691588785,0,10
2.2,2,2,14,Tim Southee,S Dhawan,3,False,-1.5,37,Visakhapatnam,Dr. Y.S. Rajasekhara Reddy ACA-VDCA Cricket Stadium,False,True,14,2,2.3333333333333335,18,7.7142857142857135,20,178,160,17.666666666666668,9.056603773584905,0,10
2.3,2,3,15,Tim Southee,David Warner,1,False,-0.5,37,Visakhapatnam,Dr. Y.S. Rajasekhara Reddy ACA-VDCA Cricket Stadium,False,True,15,2,2.5,19,7.6,20,178,159,17.5,9.085714285714285,0,10
2.4,2,4,16,Tim Southee,S Dhawan,1,False,-0.5,37,Visakhapatnam,Dr. Y.S. Rajasekhara Reddy ACA-VDCA Cricket Stadium,False,True,16,2,2.6666666666666665,20,7.5,20,178,158,17.333333333333332,9.115384615384617,0,10
2.5,2,5,17,Tim Southee,David Warner,2,False,-1.0,37,Visakhapatnam,Dr. Y.S. Rajasekhara Reddy ACA-VDCA Cricket Stadium,False,True,17,2,2.8333333333333335,22,7.764705882352941,20,178,156,17.166666666666668,9.087378640776699,0,10
2.6,2,6,18,Tim Southee,David Warner,1,False,-0.5,37,Visakhapatnam,Dr. Y.S. Rajasekhara Reddy ACA-VDCA Cricket Stadium,False,True,18,2,3.0,23,7.666666666666667,20,178,155,17.0,9.117647058823529,0,10
3.1,3,1,19,Harbhajan Singh,David Warner,0,False,1.0,37,Visakhapatnam,Dr. Y.S. Rajasekhara Reddy ACA-VDCA Cricket Stadium,False,True,19,3,3.1666666666666665,23,7.2631578947368425,20,178,155,16.833333333333332,9.207920792079209,0,10
3.2,3,2,20,Harbhajan Singh,David Warner,6,False,-3.0,37,Visakhapatnam,Dr. Y.S. Rajasekhara Reddy ACA-VDCA Cricket Stadium,False,True,20,3,3.3333333333333335,29,8.7,20,178,149,16.666666666666668,8.94,0,10
3.3,3,3,21,Harbhajan Singh,David Warner,0,False,1.0,37,Visakhapatnam,Dr. Y.S. Rajasekhara Reddy ACA-VDCA Cricket Stadium,False,True,21,3,3.5,29,8.285714285714286,20,178,149,16.5,9.030303030303031,0,10
3.4,3,4,22,Harbhajan Singh,David Warner,4,False,-2.0,37,Visakhapatnam,Dr. Y.S. Rajasekhara Reddy ACA-VDCA Cricket Stadium,False,True,22,3,3.6666666666666665,33,9.0,20,178,145,16.333333333333332,8.877551020408164,0,10
3.5,3,5,23,Harbhajan Singh,David Warner,0,False,1.0,37,Visakhapatnam,Dr. Y.S. Rajasekhara Reddy ACA-VDCA Cricket Stadium,False,True,23,3,3.8333333333333335,33,8.608695652173912,20,178,145,16.166666666666668,8.969072164948454,0,10
3.6,3,6,24,Harbhajan Singh,David Warner,1,False,-0.5,37,Visakhapatnam,Dr. Y.S. Rajasekhara Reddy ACA-VDCA Cricket Stadium,False,True,24,3,4.0,34,8.5,20,178,144,16.0,9.0,0,10
4.1,4,1,25,Jasprit Bumrah,David Warner,4,False,-2.0,37,Visakhapatnam,Dr. Y.S. Rajasekhara Reddy ACA-VDCA Cricket Stadium,False,True,25,4,4.166666666666667,38,9.12,20,178,140,15.833333333333332,8.842105263157896,0,10
4.2,4,2,26,Jasprit Bumrah,David Warner,1,False,-0.5,37,Visakhapatnam,Dr. Y.S. Rajasekhara Reddy ACA-VDCA Cricket Stadium,False,True,26,4,4.333333333333333,39,9.0,20,178,139,15.666666666666668,8.872340425531915,0,10
4.3,4,3,27,Jasprit Bumrah,S Dhawan,0,False,1.0,37,Visakhapatnam,Dr. Y.S. Rajasekhara Reddy ACA-VDCA Cricket Stadium,False,True,27,4,4.5,39,8.666666666666666,20,178,139,15.5,8.96774193548387,0,10
4.4,4,4,28,Jasprit Bumrah,S Dhawan,0,False,1.0,37,Visakhapatnam,Dr. Y.S. Rajasekhara Reddy ACA-VDCA Cricket Stadium,False,True,28,4,4.666666666666667,39,8.357142857142856,20,178,139,15.333333333333332,9.065217391304348,0,10
4.5,4,5,29,Jasprit Bumrah,S Dhawan,0,False,1.0,37,Visakhapatnam,Dr. Y.S. Rajasekhara Reddy ACA-VDCA Cricket Stadium,False,True,29,4,4.833333333333333,39,8.068965517241379,20,178,139,15.166666666666668,9.164835164835164,0,10
4.6,4,6,30,Jasprit Bumrah,S Dhawan,1,False,-0.5,37,Visakhapatnam,Dr. Y.S. Rajasekhara Reddy ACA-VDCA Cricket Stadium,False,True,30,4,5.0,40,8.0,20,178,138,15.0,9.2,0,10
5.1,5,1,31,Mitchell McClenaghan,S Dhawan,1,False,-0.5,37,Visakhapatnam,Dr. Y.S. Rajasekhara Reddy ACA-VDCA Cricket Stadium,False,True,31,5,5.166666666666667,41,7.935483870967741,20,178,137,14.833333333333332,9.235955056179776,0,10
5.2,5,2,32,Mitchell McClenaghan,David Warner,0,False,1.0,37,Visakhapatnam,Dr. Y.S. Rajasekhara Reddy ACA-VDCA Cricket Stadium,False,True,32,5,5.333333333333333,41,7.6875,20,178,137,14.666666666666668,9.34090909090909,0,10
5.3,5,3,33,Mitchell McClenaghan,David Warner,4,False,-2.0,37,Visakhapatnam,Dr. Y.S. Rajasekhara Reddy ACA-VDCA Cricket Stadium,False,True,33,5,5.5,45,8.181818181818182,20,178,133,14.5,9.172413793103448,0,10
5.4,5,4,34,Mitchell McClenaghan,David Warner,4,False,-2.0,37,Visakhapatnam,Dr. Y.S. Rajasekhara Reddy ACA-VDCA Cricket Stadium,False,True,34,5,5.666666666666667,49,8.647058823529411,20,178,129,14.333333333333332,9.0,0,10
5.5,5,5,35,Mitchell McClenaghan,David Warner,1,False,-0.5,37,Visakhapatnam,Dr. Y.S. Rajasekhara Reddy ACA-VDCA Cricket Stadium,False,True,35,5,5.833333333333333,50,8.571428571428571,20,178,128,14.166666666666668,9.035294117647059,0,10
5.6,5,6,36,Mitchell McClenaghan,S Dhawan,1,False,-0.5,37,Visakhapatnam,Dr. Y.S. Rajasekhara Reddy ACA-VDCA Cricket Stadium,False,True,36,5,6.0,51,8.5,20,178,127,14.0,9.071428571428571,0,10
6.1,6,1,37,Hardik Pandya,S Dhawan,0,False,1.0,37,Visakhapatnam,Dr. Y.S. Rajasekhara Reddy ACA-VDCA Cricket Stadium,False,True,37,6,6.166666666666667,51,8.27027027027027,20,178,127,13.833333333333332,9.180722891566266,0,10
6.2,6,2,38,Hardik Pandya,S Dhawan,2,False,-1.0,37,Visakhapatnam,Dr. Y.S. Rajasekhara Reddy ACA-VDCA Cricket Stadium,False,True,38,6,6.333333333333333,53,8.368421052631579,20,178,125,13.666666666666668,9.146341463414632,0,10
6.3,6,3,39,Hardik Pandya,S Dhawan,0,False,1.0,37,Visakhapatnam,Dr. Y.S. Rajasekhara Reddy ACA-VDCA Cricket Stadium,False,True,39,6,6.5,53,8.153846153846153,20,178,125,13.5,9.25925925925926,0,10
6.4,6,4,40,Hardik Pandya,S Dhawan,4,False,-2.0,37,Visakhapatnam,Dr. Y.S. Rajasekhara Reddy ACA-VDCA Cricket Stadium,False,True,40,6,6.666666666666667,57,8.549999999999999,20,178,121,13.333333333333332,9.075000000000001,0,10
6.5,6,5,41,Hardik Pandya,S Dhawan,2,False,-1.0,37,Visakhapatnam,Dr. Y.S. Rajasekhara Reddy ACA-VDCA Cricket Stadium,False,True,41,6,6.833333333333333,59,8.634146341463415,20,178,119,13.166666666666668,9.037974683544302,0,10
6.6,6,6,42,Hardik Pandya,S Dhawan,2,False,-1.0,37,Visakhapatnam,Dr. Y.S. Rajasekhara Reddy ACA-VDCA Cricket Stadium,False,True,42,6,7.0,61,8.714285714285714,20,178,117,13.0,9.0,0,10
7.1,7,1,43,Harbhajan Singh,David Warner,0,False,1.0,37,Visakhapatnam,Dr. Y.S. Rajasekhara Reddy ACA-VDCA Cricket Stadium,False,True,43,7,7.166666666666667,61,8.511627906976743,20,178,117,12.833333333333332,9.116883116883118,0,10
7.2,7,2,44,Harbhajan Singh,David Warner,0,False,1.0,37,Visakhapatnam,Dr. Y.S. Rajasekhara Reddy ACA-VDCA Cricket Stadium,False,True,44,7,7.333333333333333,61,8.318181818181818,20,178,117,12.666666666666668,9.236842105263158,0,10
7.3,7,3,45,Harbhajan Singh,David Warner,0,False,1.0,37,Visakhapatnam,Dr. Y.S. Rajasekhara Reddy ACA-VDCA Cricket Stadium,False,True,45,7,7.5,61,8.133333333333333,20,178,117,12.5,9.36,0,10
7.4,7,4,46,Harbhajan Singh,David Warner,1,False,-0.5,37,Visakhapatnam,Dr. Y.S. Rajasekhara Reddy ACA-VDCA Cricket Stadium,False,True,46,7,7.666666666666667,62,8.08695652173913,20,178,116,12.333333333333332,9.405405405405407,0,10
7.5,7,5,47,Harbhajan Singh,S Dhawan,4,False,-2.0,37,Visakhapatnam,Dr. Y.S. Rajasekhara Reddy ACA-VDCA Cricket Stadium,False,True,47,7,7.833333333333333,66,8.425531914893618,20,178,112,12.166666666666668,9.205479452054794,0,10
7.6,7,6,48,Harbhajan Singh,S Dhawan,1,False,-0.5,37,Visakhapatnam,Dr. Y.S. Rajasekhara Reddy ACA-VDCA Cricket Stadium,False,True,48,7,8.0,67,8.375,20,178,111,12.0,9.25,0,10
8.1,8,1,49,Kieron Pollard,S Dhawan,0,False,1.0,37,Visakhapatnam,Dr. Y.S. Rajasekhara Reddy ACA-VDCA Cricket Stadium,False,True,49,8,8.166666666666666,67,8.204081632653061,20,178,111,11.833333333333334,9.380281690140844,0,10
8.2,8,2,50,Kieron Pollard,S Dhawan,1,False,-0.5,37,Visakhapatnam,Dr. Y.S. Rajasekhara Reddy ACA-VDCA Cricket Stadium,False,True,50,8,8.333333333333334,68,8.16,20,178,110,11.666666666666666,9.428571428571429,0,10
8.3,8,3,51,Kieron Pollard,David Warner,1,False,-0.5,37,Visakhapatnam,Dr. Y.S. Rajasekhara Reddy ACA-VDCA Cricket Stadium,False,True,51,8,8.5,69,8.117647058823529,20,178,109,11.5,9.478260869565217,0,10
8.4,8,4,52,Kieron Pollard,S Dhawan,4,False,-2.0,37,Visakhapatnam,Dr. Y.S. Rajasekhara Reddy ACA-VDCA Cricket Stadium,False,True,52,8,8.666666666666666,73,8.423076923076923,20,178,105,11.333333333333334,9.26470588235294,0,10
8.5,8,5,53,Kieron Pollard,S Dhawan,1,False,-0.5,37,Visakhapatnam,Dr. Y.S. Rajasekhara Reddy ACA-VDCA Cricket Stadium,False,True,53,8,8.833333333333334,74,8.377358490566037,20,178,104,11.166666666666666,9.313432835820896,0,10
8.6,8,6,54,Kieron Pollard,David Warner,1,False,-1.0,37,Visakhapatnam,Dr. Y.S. Rajasekhara Reddy ACA-VDCA Cricket Stadium,True,False,53,8,8.833333333333334,75,8.490566037735848,20,178,103,11.166666666666666,9.223880597014926,0,10
8.6,8,6,55,Kieron Pollard,David Warner,1,False,-0.5,37,Visakhapatnam,Dr. Y.S. Rajasekhara Reddy ACA-VDCA Cricket Stadium,False,True,54,8,9.0,76,8.444444444444445,20,178,102,11.0,9.272727272727273,0,10
9.1,9,1,56,Harbhajan Singh,David Warner,0,False,1.0,37,Visakhapatnam,Dr. Y.S. Rajasekhara Reddy ACA-VDCA Cricket Stadium,False,True,55,9,9.166666666666666,76,8.290909090909091,20,178,102,10.833333333333334,9.415384615384616,0,10
9.2,9,2,57,Harbhajan Singh,David Warner,1,False,-1.0,37,Visakhapatnam,Dr. Y.S. Rajasekhara Reddy ACA-VDCA Cricket Stadium,True,False,55,9,9.166666666666666,77,8.4,20,178,101,10.833333333333334,9.323076923076922,0,10
9.2,9,2,58,Harbhajan Singh,David Warner,4,False,-2.0,37,Visakhapatnam,Dr. Y.S. Rajasekhara Reddy ACA-VDCA Cricket Stadium,False,True,56,9,9.333333333333334,81,8.678571428571429,20,178,97,10.666666666666666,9.09375,0,10
9.3,9,3,59,Harbhajan Singh,David Warner,0,False,1.0,37,Visakhapatnam,Dr. Y.S. Rajasekhara Reddy ACA-VDCA Cricket Stadium,False,True,57,9,9.5,81,8.526315789473685,20,178,97,10.5,9.238095238095237,0,10
9.4,9,4,60,Harbhajan Singh,David Warner,4,False,-2.0,37,Visakhapatnam,Dr. Y.S. Rajasekhara Reddy ACA-VDCA Cricket Stadium,False,True,58,9,9.666666666666666,85,8.793103448275863,20,178,93,10.333333333333334,9.0,0,10
9.5,9,5,61,Harbhajan Singh,David Warner,0,True,5.0,37,Visakhapatnam,Dr. Y.S. Rajasekhara Reddy ACA-VDCA Cricket Stadium,False,True,59,9,9.833333333333334,85,8.64406779661017,20,178,93,10.166666666666666,9.147540983606557,1,9
9.6,9,6,62,Harbhajan Singh,Kane Williamson,0,False,1.0,37,Visakhapatnam,Dr. Y.S. Rajasekhara Reddy ACA-VDCA Cricket Stadium,False,True,60,9,10.0,85,8.5,20,178,93,10.0,9.3,1,9
10.1,10,1,63,Krunal Pandya,S Dhawan,1,False,-0.5,37,Visakhapatnam,Dr. Y.S. Rajasekhara Reddy ACA-VDCA Cricket Stadium,False,True,61,10,10.166666666666666,86,8.459016393442623,20,178,92,9.833333333333334,9.35593220338983,1,9
10.2,10,2,64,Krunal Pandya,Kane Williamson,1,False,-0.5,37,Visakhapatnam,Dr. Y.S. Rajasekhara Reddy ACA-VDCA Cricket Stadium,False,True,62,10,10.333333333333334,87,8.419354838709676,20,178,91,9.666666666666666,9.413793103448276,1,9
10.3,10,3,65,Krunal Pandya,S Dhawan,1,False,-0.5,37,Visakhapatnam,Dr. Y.S. Rajasekhara Reddy ACA-VDCA Cricket Stadium,False,True,63,10,10.5,88,8.380952380952381,20,178,90,9.5,9.473684210526315,1,9
10.4,10,4,66,Krunal Pandya,Kane Williamson,1,False,-0.5,37,Visakhapatnam,Dr. Y.S. Rajasekhara Reddy ACA-VDCA Cricket Stadium,False,True,64,10,10.666666666666666,89,8.34375,20,178,89,9.333333333333334,9.535714285714285,1,9
10.5,10,5,67,Krunal Pandya,S Dhawan,0,False,1.0,37,Visakhapatnam,Dr. Y.S. Rajasekhara Reddy ACA-VDCA Cricket Stadium,False,True,65,10,10.833333333333334,89,8.215384615384615,20,178,89,9.166666666666666,9.709090909090909,1,9
10.6,10,6,68,Krunal Pandya,S Dhawan,1,False,-0.5,37,Visakhapatnam,Dr. Y.S. Rajasekhara Reddy ACA-VDCA Cricket Stadium,False,True,66,10,11.0,90,8.181818181818182,20,178,88,9.0,9.777777777777779,1,9
11.1,11,1,69,Harbhajan Singh,S Dhawan,1,False,-0.5,37,Visakhapatnam,Dr. Y.S. Rajasekhara Reddy ACA-VDCA Cricket Stadium,False,True,67,11,11.166666666666666,91,8.149253731343284,20,178,87,8.833333333333334,9.849056603773585,1,9
11.2,11,2,70,Harbhajan Singh,Kane Williamson,0,False,1.0,37,Visakhapatnam,Dr. Y.S. Rajasekhara Reddy ACA-VDCA Cricket Stadium,False,True,68,11,11.333333333333334,91,8.029411764705882,20,178,87,8.666666666666666,10.038461538461538,1,9
11.3,11,3,71,Harbhajan Singh,Kane Williamson,0,True,5.0,37,Visakhapatnam,Dr. Y.S. Rajasekhara Reddy ACA-VDCA Cricket Stadium,False,True,69,11,11.5,91,7.913043478260869,20,178,87,8.5,10.235294117647058,2,8
11.4,11,4,72,Harbhajan Singh,Yuvraj Singh,1,False,-0.5,37,Visakhapatnam,Dr. Y.S. Rajasekhara Reddy ACA-VDCA Cricket Stadium,False,True,70,11,11.666666666666666,92,7.885714285714286,20,178,86,8.333333333333334,10.319999999999999,2,8
11.5,11,5,73,Harbhajan Singh,S Dhawan,0,False,1.0,37,Visakhapatnam,Dr. Y.S. Rajasekhara Reddy ACA-VDCA Cricket Stadium,False,True,71,11,11.833333333333334,92,7.774647887323943,20,178,86,8.166666666666666,10.53061224489796,2,8
11.6,11,6,74,Harbhajan Singh,S Dhawan,1,False,-0.5,37,Visakhapatnam,Dr. Y.S. Rajasekhara Reddy ACA-VDCA Cricket Stadium,False,True,72,11,12.0,93,7.75,20,178,85,8.0,10.625,2,8
12.1,12,1,75,Jasprit Bumrah,S Dhawan,1,False,-0.5,37,Visakhapatnam,Dr. Y.S. Rajasekhara Reddy ACA-VDCA Cricket Stadium,False,True,73,12,12.166666666666666,94,7.726027397260275,20,178,84,7.833333333333334,10.723404255319148,2,8
12.2,12,2,76,Jasprit Bumrah,Yuvraj Singh,1,False,-0.5,37,Visakhapatnam,Dr. Y.S. Rajasekhara Reddy ACA-VDCA Cricket Stadium,False,True,74,12,12.333333333333334,95,7.702702702702703,20,178,83,7.666666666666666,10.82608695652174,2,8
12.3,12,3,77,Jasprit Bumrah,S Dhawan,0,False,1.0,37,Visakhapatnam,Dr. Y.S. Rajasekhara Reddy ACA-VDCA Cricket Stadium,False,True,75,12,12.5,95,7.6,20,178,83,7.5,11.066666666666666,2,8
12.4,12,4,78,Jasprit Bumrah,S Dhawan,1,False,-0.5,37,Visakhapatnam,Dr. Y.S. Rajasekhara Reddy ACA-VDCA Cricket Stadium,False,True,76,12,12.666666666666666,96,7.578947368421053,20,178,82,7.333333333333334,11.181818181818182,2,8
12.5,12,5,79,Jasprit Bumrah,Yuvraj Singh,0,False,1.0,37,Visakhapatnam,Dr. Y.S. Rajasekhara Reddy ACA-VDCA Cricket Stadium,False,True,77,12,12.833333333333334,96,7.48051948051948,20,178,82,7.166666666666666,11.44186046511628,2,8
12.6,12,6,80,Jasprit Bumrah,Yuvraj Singh,0,False,1.0,37,Visakhapatnam,Dr. Y.S. Rajasekhara Reddy ACA-VDCA Cricket Stadium,False,True,78,12,13.0,96,7.384615384615385,20,178,82,7.0,11.714285714285714,2,8
13.1,13,1,81,Tim Southee,S Dhawan,1,False,-0.5,37,Visakhapatnam,Dr. Y.S. Rajasekhara Reddy ACA-VDCA Cricket Stadium,False,True,79,13,13.166666666666666,97,7.367088607594937,20,178,81,6.833333333333334,11.853658536585364,2,8
13.2,13,2,82,Tim Southee,Yuvraj Singh,2,False,-1.0,37,Visakhapatnam,Dr. Y.S. Rajasekhara Reddy ACA-VDCA Cricket Stadium,False,True,80,13,13.333333333333334,99,7.425,20,178,79,6.666666666666666,11.850000000000001,2,8
13.3,13,3,83,Tim Southee,Yuvraj Singh,0,False,1.0,37,Visakhapatnam,Dr. Y.S. Rajasekhara Reddy ACA-VDCA Cricket Stadium,False,True,81,13,13.5,99,7.333333333333333,20,178,79,6.5,12.153846153846153,2,8
13.4,13,4,84,Tim Southee,Yuvraj Singh,1,False,-0.5,37,Visakhapatnam,Dr. Y.S. Rajasekhara Reddy ACA-VDCA Cricket Stadium,False,True,82,13,13.666666666666666,100,7.317073170731708,20,178,78,6.333333333333334,12.315789473684209,2,8
13.5,13,5,85,Tim Southee,S Dhawan,2,False,-1.0,37,Visakhapatnam,Dr. Y.S. Rajasekhara Reddy ACA-VDCA Cricket Stadium,False,True,83,13,13.833333333333334,102,7.373493975903614,20,178,76,6.166666666666666,12.324324324324326,2,8
13.6,13,6,86,Tim Southee,S Dhawan,0,False,1.0,37,Visakhapatnam,Dr. Y.S. Rajasekhara Reddy ACA-VDCA Cricket Stadium,False,True,84,13,14.0,102,7.285714285714286,20,178,76,6.0,12.666666666666666,2,8
14.1,14,1,87,Kieron Pollard,Yuvraj Singh,4,False,-2.0,37,Visakhapatnam,Dr. Y.S. Rajasekhara Reddy ACA-VDCA Cricket Stadium,False,True,85,14,14.166666666666666,106,7.482352941176471,20,178,72,5.833333333333334,12.342857142857142,2,8
14.2,14,2,88,Kieron Pollard,Yuvraj Singh,6,False,-3.0,37,Visakhapatnam,Dr. Y.S. Rajasekhara Reddy ACA-VDCA Cricket Stadium,False,True,86,14,14.333333333333334,112,7.813953488372093,20,178,66,5.666666666666666,11.647058823529413,2,8
14.3,14,3,89,Kieron Pollard,Yuvraj Singh,1,False,-0.5,37,Visakhapatnam,Dr. Y.S. Rajasekhara Reddy ACA-VDCA Cricket Stadium,False,True,87,14,14.5,113,7.793103448275862,20,178,65,5.5,11.818181818181818,2,8
14.4,14,4,90,Kieron Pollard,S Dhawan,1,False,-0.5,37,Visakhapatnam,Dr. Y.S. Rajasekhara Reddy ACA-VDCA Cricket Stadium,False,True,88,14,14.666666666666666,114,7.772727272727273,20,178,64,5.333333333333334,11.999999999999998,2,8
14.5,14,5,91,Kieron Pollard,Yuvraj Singh,2,False,-1.0,37,Visakhapatnam,Dr. Y.S. Rajasekhara Reddy ACA-VDCA Cricket Stadium,False,True,89,14,14.833333333333334,116,7.820224719101123,20,178,62,5.166666666666666,12.000000000000002,2,8
14.6,14,6,92,Kieron Pollard,Yuvraj Singh,0,False,1.0,37,Visakhapatnam,Dr. Y.S. Rajasekhara Reddy ACA-VDCA Cricket Stadium,False,True,90,14,15.0,116,7.733333333333333,20,178,62,5.0,12.4,2,8
15.1,15,1,93,Mitchell McClenaghan,S Dhawan,1,False,-0.25,37,Visakhapatnam,Dr. Y.S. Rajasekhara Reddy ACA-VDCA Cricket Stadium,False,True,91,15,15.166666666666666,117,7.714285714285714,20,178,61,4.833333333333334,12.620689655172413,2,8
15.2,15,2,94,Mitchell McClenaghan,Yuvraj Singh,1,False,-0.5,37,Visakhapatnam,Dr. Y.S. Rajasekhara Reddy ACA-VDCA Cricket Stadium,False,True,92,15,15.333333333333334,118,7.695652173913043,20,178,60,4.666666666666666,12.85714285714286,2,8
15.3,15,3,95,Mitchell McClenaghan,S Dhawan,4,False,-2.0,37,Visakhapatnam,Dr. Y.S. Rajasekhara Reddy ACA-VDCA Cricket Stadium,False,True,93,15,15.5,122,7.870967741935484,20,178,56,4.5,12.444444444444445,2,8
15.4,15,4,96,Mitchell McClenaghan,S Dhawan,1,False,-0.5,37,Visakhapatnam,Dr. Y.S. Rajasekhara Reddy ACA-VDCA Cricket Stadium,False,True,94,15,15.666666666666666,123,7.851063829787234,20,178,55,4.333333333333334,12.69230769230769,2,8
15.5,15,5,97,Mitchell McClenaghan,Yuvraj Singh,1,False,-1.0,37,Visakhapatnam,Dr. Y.S. Rajasekhara Reddy ACA-VDCA Cricket Stadium,True,False,94,15,15.666666666666666,124,7.914893617021277,20,178,54,4.333333333333334,12.46153846153846,2,8
15.5,15,5,98,Mitchell McClenaghan,Yuvraj Singh,4,False,-2.0,37,Visakhapatnam,Dr. Y.S. Rajasekhara Reddy ACA-VDCA Cricket Stadium,False,True,95,15,15.833333333333334,128,8.08421052631579,20,178,50,4.166666666666666,12.000000000000002,2,8
15.6,15,6,99,Mitchell McClenaghan,Yuvraj Singh,2,False,-1.0,37,Visakhapatnam,Dr. Y.S. Rajasekhara Reddy ACA-VDCA Cricket Stadium,False,True,96,15,16.0,130,8.125,20,178,48,4.0,12.0,2,8
16.1,16,1,100,Jasprit Bumrah,S Dhawan,4,False,-2.0,37,Visakhapatnam,Dr. Y.S. Rajasekhara Reddy ACA-VDCA Cricket Stadium,False,True,97,16,16.166666666666668,134,8.288659793814432,20,178,44,3.833333333333332,11.47826086956522,2,8
16.2,16,2,101,Jasprit Bumrah,S Dhawan,0,False,1.0,37,Visakhapatnam,Dr. Y.S. Rajasekhara Reddy ACA-VDCA Cricket Stadium,False,True,98,16,16.333333333333332,134,8.204081632653061,20,178,44,3.666666666666668,11.999999999999996,2,8
16.3,16,3,102,Jasprit Bumrah,S Dhawan,4,False,-2.0,37,Visakhapatnam,Dr. Y.S. Rajasekhara Reddy ACA-VDCA Cricket Stadium,False,True,99,16,16.5,138,8.363636363636363,20,178,40,3.5,11.428571428571429,2,8
16.4,16,4,103,Jasprit Bumrah,S Dhawan,4,False,-2.0,37,Visakhapatnam,Dr. Y.S. Rajasekhara Reddy ACA-VDCA Cricket Stadium,False,True,100,16,16.666666666666668,142,8.52,20,178,36,3.333333333333332,10.800000000000004,2,8
16.5,16,5,104,Jasprit Bumrah,S Dhawan,0,False,1.0,37,Visakhapatnam,Dr. Y.S. Rajasekhara Reddy ACA-VDCA Cricket Stadium,False,True,101,16,16.833333333333332,142,8.435643564356436,20,178,36,3.166666666666668,11.368421052631575,2,8
16.6,16,6,105,Jasprit Bumrah,S Dhawan,1,False,-0.5,37,Visakhapatnam,Dr. Y.S. Rajasekhara Reddy ACA-VDCA Cricket Stadium,False,True,102,16,17.0,143,8.411764705882353,20,178,35,3.0,11.666666666666666,2,8
17.1,17,1,106,Tim Southee,S Dhawan,2,False,-1.0,37,Visakhapatnam,Dr. Y.S. Rajasekhara Reddy ACA-VDCA Cricket Stadium,False,True,103,17,17.166666666666668,145,8.446601941747572,20,178,33,2.833333333333332,11.647058823529417,2,8
17.2,17,2,107,Tim Southee,S Dhawan,1,False,-0.5,37,Visakhapatnam,Dr. Y.S. Rajasekhara Reddy ACA-VDCA Cricket Stadium,False,True,104,17,17.333333333333332,146,8.423076923076923,20,178,32,2.666666666666668,11.999999999999995,2,8
17.3,17,3,108,Tim Southee,Yuvraj Singh,6,False,-3.0,37,Visakhapatnam,Dr. Y.S. Rajasekhara Reddy ACA-VDCA Cricket Stadium,False,True,105,17,17.5,152,8.685714285714285,20,178,26,2.5,10.4,2,8
17.4,17,4,109,Tim Southee,Yuvraj Singh,1,False,-0.5,37,Visakhapatnam,Dr. Y.S. Rajasekhara Reddy ACA-VDCA Cricket Stadium,False,True,106,17,17.666666666666668,153,8.660377358490566,20,178,25,2.333333333333332,10.714285714285719,2,8
17.5,17,5,110,Tim Southee,S Dhawan,4,False,-2.0,37,Visakhapatnam,Dr. Y.S. Rajasekhara Reddy ACA-VDCA Cricket Stadium,False,True,107,17,17.833333333333332,157,8.80373831775701,20,178,21,2.166666666666668,9.692307692307686,2,8
17.6,17,6,111,Tim Southee,S Dhawan,0,False,1.0,37,Visakhapatnam,Dr. Y.S. Rajasekhara Reddy ACA-VDCA Cricket Stadium,False,True,108,17,18.0,157,8.722222222222221,20,178,21,2.0,10.5,2,8
18.1,18,1,112,Jasprit Bumrah,Yuvraj Singh,1,False,-0.5,37,Visakhapatnam,Dr. Y.S. Rajasekhara Reddy ACA-VDCA Cricket Stadium,False,True,109,18,18.166666666666668,158,8.697247706422019,20,178,20,1.8333333333333321,10.909090909090915,2,8
18.2,18,2,113,Jasprit Bumrah,S Dhawan,1,False,-0.5,37,Visakhapatnam,Dr. Y.S. Rajasekhara Reddy ACA-VDCA Cricket Stadium,False,True,110,18,18.333333333333332,159,8.672727272727274,20,178,19,1.6666666666666679,11.399999999999991,2,8
18.3,18,3,114,Jasprit Bumrah,Yuvraj Singh,0,False,1.0,37,Visakhapatnam,Dr. Y.S. Rajasekhara Reddy ACA-VDCA Cricket Stadium,False,True,111,18,18.5,159,8.594594594594595,20,178,19,1.5,12.666666666666666,2,8
18.4,18,4,115,Jasprit Bumrah,Yuvraj Singh,1,False,-0.5,37,Visakhapatnam,Dr. Y.S. Rajasekhara Reddy ACA-VDCA Cricket Stadium,False,True,112,18,18.666666666666668,160,8.571428571428571,20,178,18,1.3333333333333321,13.500000000000012,2,8
18.5,18,5,116,Jasprit Bumrah,S Dhawan,6,False,-3.0,37,Visakhapatnam,Dr. Y.S. Rajasekhara Reddy ACA-VDCA Cricket Stadium,False,True,113,18,18.833333333333332,166,8.814159292035399,20,178,12,1.1666666666666679,10.285714285714276,2,8
18.6,18,6,117,Jasprit Bumrah,S Dhawan,4,False,-2.0,37,Visakhapatnam,Dr. Y.S. Rajasekhara Reddy ACA-VDCA Cricket Stadium,False,True,114,18,19.0,170,8.947368421052632,20,178,8,1.0,8.0,2,8
19.1,19,1,118,Mitchell McClenaghan,Yuvraj Singh,4,False,-2.0,37,Visakhapatnam,Dr. Y.S. Rajasekhara Reddy ACA-VDCA Cricket Stadium,False,True,115,19,19.166666666666668,174,9.078260869565216,20,178,4,0.8333333333333321,4.800000000000007,2,8
19.2,19,2,119,Mitchell McClenaghan,Yuvraj Singh,1,False,-0.5,37,Visakhapatnam,Dr. Y.S. Rajasekhara Reddy ACA-VDCA Cricket Stadium,False,True,116,19,19.333333333333332,175,9.051724137931036,20,178,3,0.6666666666666679,4.499999999999992,2,8
19.3,19,3,120,Mitchell McClenaghan,S Dhawan,1,False,-0.5,37,Visakhapatnam,Dr. Y.S. Rajasekhara Reddy ACA-VDCA Cricket Stadium,False,True,117,19,19.5,176,9.025641025641026,20,178,2,0.5,4.0,2,8
19.4,19,4,121,Mitchell McClenaghan,Yuvraj Singh,0,True,5.0,37,Visakhapatnam,Dr. Y.S. Rajasekhara Reddy ACA-VDCA Cricket Stadium,False,True,118,19,19.666666666666668,176,8.94915254237288,20,178,2,0.33333333333333215,6.000000000000021,3,7
19.5,19,5,122,Mitchell McClenaghan,Moises Henriques,0,False,1.0,37,Visakhapatnam,Dr. Y.S. Rajasekhara Reddy ACA-VDCA Cricket Stadium,False,True,119,19,19.833333333333332,176,8.873949579831933,20,178,2,0.16666666666666785,11.999999999999915,3,7
19.6,19,6,123,Mitchell McClenaghan,Moises Henriques,1,False,-0.5,37,Visakhapatnam,Dr. Y.S. Rajasekhara Reddy ACA-VDCA Cricket Stadium,False,True,120,19,20.0,177,8.85,20,178,1,0.0,inf,3,7
