Ball Number,over,ball,Ball,bowler,batsman,Runs,is_wicket,bowler_score,match_id,city,stadium,is_extra,legal_delivery,legal_deliveries_count,overs_completed,overs_bowled,total_runs,current_run_rate,total_overs,target,runs_needed,overs_remaining,required_run_rate,wickets_fallen,wickets_in_hand
0.1,0,1,1,Praveen Kumar,Murali Vijay,1,False,-0.5,3,Mohali,Punjab Cricket Association IS Bindra Stadium,False,True,1,0,0.16666666666666666,1,6.0,20,162,161,19.833333333333332,8.11764705882353,0,10
0.2,0,2,2,Praveen Kumar,Manan Vohra,0,False,1.0,3,Mohali,Punjab Cricket Association IS Bindra Stadium,False,True,2,0,0.3333333333333333,1,3.0,20,162,161,19.666666666666668,8.186440677966102,0,10
0.3,0,3,3,Praveen Kumar,Manan Vohra,0,False,1.0,3,Mohali,Punjab Cricket Association IS Bindra Stadium,False,True,3,0,0.5,1,2.0,20,162,161,19.5,8.256410256410257,0,10
0.4,0,4,4,Praveen Kumar,Manan Vohra,1,False,-0.5,3,Mohali,Punjab Cricket Association IS Bindra Stadium,False,True,4,0,0.6666666666666666,2,3.0,20,162,160,19.333333333333332,8.275862068965518,0,10
0.5,0,5,5,Praveen Kumar,Murali Vijay,0,False,1.0,3,Mohali,Punjab Cricket Association IS Bindra Stadium,False,True,5,0,0.8333333333333334,2,2.4,20,162,160,19.166666666666668,8.347826086956522,0,10
0.6,0,6,6,Praveen Kumar,Murali Vijay,1,False,-0.5,3,Mohali,Punjab Cricket Association IS Bindra Stadium,False,True,6,0,1.0,3,3.0,20,162,159,19.0,8.368421052631579,0,10
1.1,1,1,7,Pradeep Sangwan,Murali Vijay,0,False,1.0,3,Mohali,Punjab Cricket Association IS Bindra Stadium,False,True,7,1,1.1666666666666667,3,2.571428571428571,20,162,159,18.833333333333332,8.442477876106196,0,10
1.2,1,2,8,Pradeep Sangwan,Murali Vijay,0,False,1.0,3,Mohali,Punjab Cricket Association IS Bindra Stadium,False,True,8,1,1.3333333333333333,3,2.25,20,162,159,18.666666666666668,8.517857142857142,0,10
1.3,1,3,9,Pradeep Sangwan,Murali Vijay,0,False,1.0,3,Mohali,Punjab Cricket Association IS Bindra Stadium,False,True,9,1,1.5,3,2.0,20,162,159,18.5,8.594594594594595,0,10
1.4,1,4,10,Pradeep Sangwan,Murali Vijay,0,False,1.0,3,Mohali,Punjab Cricket Association IS Bindra Stadium,False,True,10,1,1.6666666666666665,3,1.8000000000000003,20,162,159,18.333333333333332,8.672727272727274,0,10
1.5,1,5,11,Pradeep Sangwan,Murali Vijay,6,False,-3.0,3,Mohali,Punjab Cricket Association IS Bindra Stadium,False,True,11,1,1.8333333333333335,9,4.909090909090908,20,162,153,18.166666666666668,8.422018348623853,0,10
1.6,1,6,12,Pradeep Sangwan,Murali Vijay,4,False,-2.0,3,Mohali,Punjab Cricket Association IS Bindra Stadium,False,True,12,1,2.0,13,6.5,20,162,149,18.0,8.277777777777779,0,10
2.1,2,1,13,N/A,N/A,0,False,0.0,3,Mohali,Punjab Cricket Association IS Bindra Stadium,False,True,13,2,2.1666666666666665,13,6.0,20,162,149,17.833333333333332,8.355140186915888,0,10
2.2,2,2,14,Praveen Kumar,Murali Vijay,1,False,-0.5,3,Mohali,Punjab Cricket Association IS Bindra Stadium,False,True,14,2,2.3333333333333335,14,6.0,20,162,148,17.666666666666668,8.377358490566037,0,10
2.3,2,3,15,Praveen Kumar,Manan Vohra,0,False,1.0,3,Mohali,Punjab Cricket Association IS Bindra Stadium,False,True,15,2,2.5,14,5.6,20,162,148,17.5,8.457142857142857,0,10
2.4,2,4,16,Praveen Kumar,Manan Vohra,1,False,-0.5,3,Mohali,Punjab Cricket Association IS Bindra Stadium,False,True,16,2,2.6666666666666665,15,5.625,20,162,147,17.333333333333332,8.480769230769232,0,10
2.5,2,5,17,Praveen Kumar,Murali Vijay,4,False,-2.0,3,Mohali,Punjab Cricket Association IS Bindra Stadium,False,True,17,2,2.8333333333333335,19,6.705882352941176,20,162,143,17.166666666666668,8.33009708737864,0,10
2.6,2,6,18,Praveen Kumar,Murali Vijay,0,False,1.0,3,Mohali,Punjab Cricket Association IS Bindra Stadium,False,True,18,2,3.0,19,6.333333333333333,20,162,143,17.0,8.411764705882353,0,10
3.1,3,1,19,Pradeep Sangwan,Manan Vohra,1,False,-0.5,3,Mohali,Punjab Cricket Association IS Bindra Stadium,False,True,19,3,3.1666666666666665,20,6.315789473684211,20,162,142,16.833333333333332,8.435643564356436,0,10
3.2,3,2,20,Pradeep Sangwan,Murali Vijay,0,False,1.0,3,Mohali,Punjab Cricket Association IS Bindra Stadium,False,True,20,3,3.3333333333333335,20,6.0,20,162,142,16.666666666666668,8.52,0,10
3.3,3,3,21,Pradeep Sangwan,Murali Vijay,4,False,-2.0,3,Mohali,Punjab Cricket Association IS Bindra Stadium,False,True,21,3,3.5,24,6.857142857142857,20,162,138,16.5,8.363636363636363,0,10
3.4,3,4,22,Pradeep Sangwan,Murali Vijay,2,False,-1.0,3,Mohali,Punjab Cricket Association IS Bindra Stadium,False,True,22,3,3.6666666666666665,26,7.090909090909091,20,162,136,16.333333333333332,8.326530612244898,0,10
3.5,3,5,23,Pradeep Sangwan,Murali Vijay,4,False,-2.0,3,Mohali,Punjab Cricket Association IS Bindra Stadium,False,True,23,3,3.8333333333333335,30,7.826086956521739,20,162,132,16.166666666666668,8.164948453608247,0,10
3.6,3,6,24,Pradeep Sangwan,Murali Vijay,0,False,1.0,3,Mohali,Punjab Cricket Association IS Bindra Stadium,False,True,24,3,4.0,30,7.5,20,162,132,16.0,8.25,0,10
4.1,4,1,25,James Faulkner,Manan Vohra,4,False,-2.0,3,Mohali,Punjab Cricket Association IS Bindra Stadium,False,True,25,4,4.166666666666667,34,8.16,20,162,128,15.833333333333332,8.08421052631579,0,10
4.2,4,2,26,James Faulkner,Manan Vohra,2,False,-1.0,3,Mohali,Punjab Cricket Association IS Bindra Stadium,False,True,26,4,4.333333333333333,36,8.307692307692308,20,162,126,15.666666666666668,8.042553191489361,0,10
4.3,4,3,27,James Faulkner,Manan Vohra,0,False,1.0,3,Mohali,Punjab Cricket Association IS Bindra Stadium,False,True,27,4,4.5,36,8.0,20,162,126,15.5,8.129032258064516,0,10
4.4,4,4,28,James Faulkner,Manan Vohra,0,False,1.0,3,Mohali,Punjab Cricket Association IS Bindra Stadium,False,True,28,4,4.666666666666667,36,7.7142857142857135,20,162,126,15.333333333333332,8.217391304347826,0,10
4.5,4,5,29,James Faulkner,Manan Vohra,4,False,-2.0,3,Mohali,Punjab Cricket Association IS Bindra Stadium,False,True,29,4,4.833333333333333,40,8.275862068965518,20,162,122,15.166666666666668,8.043956043956044,0,10
4.6,4,6,30,James Faulkner,Manan Vohra,4,False,-2.0,3,Mohali,Punjab Cricket Association IS Bindra Stadium,False,True,30,4,5.0,44,8.8,20,162,118,15.0,7.866666666666666,0,10
5.1,5,1,31,Sarabjit Ladda,Murali Vijay,0,False,1.0,3,Mohali,Punjab Cricket Association IS Bindra Stadium,False,True,31,5,5.166666666666667,44,8.516129032258064,20,162,118,14.833333333333332,7.955056179775282,0,10
5.2,5,2,32,Sarabjit Ladda,Murali Vijay,1,False,-0.5,3,Mohali,Punjab Cricket Association IS Bindra Stadium,False,True,32,5,5.333333333333333,45,8.4375,20,162,117,14.666666666666668,7.977272727272727,0,10
5.3,5,3,33,Sarabjit Ladda,Manan Vohra,1,False,-0.5,3,Mohali,Punjab Cricket Association IS Bindra Stadium,False,True,33,5,5.5,46,8.363636363636363,20,162,116,14.5,8.0,0,10
5.4,5,4,34,Sarabjit Ladda,Murali Vijay,4,False,-2.0,3,Mohali,Punjab Cricket Association IS Bindra Stadium,False,True,34,5,5.666666666666667,50,8.823529411764705,20,162,112,14.333333333333332,7.813953488372094,0,10
5.5,5,5,35,Sarabjit Ladda,Murali Vijay,0,False,1.0,3,Mohali,Punjab Cricket Association IS Bindra Stadium,False,True,35,5,5.833333333333333,50,8.571428571428571,20,162,112,14.166666666666668,7.905882352941176,0,10
5.6,5,6,36,Sarabjit Ladda,Murali Vijay,1,False,-0.5,3,Mohali,Punjab Cricket Association IS Bindra Stadium,False,True,36,5,6.0,51,8.5,20,162,111,14.0,7.928571428571429,0,10
6.1,6,1,37,Ravindra Jadeja,Murali Vijay,1,False,-0.25,3,Mohali,Punjab Cricket Association IS Bindra Stadium,False,True,37,6,6.166666666666667,52,8.432432432432432,20,162,110,13.833333333333332,7.951807228915663,0,10
6.2,6,2,38,Ravindra Jadeja,Manan Vohra,0,False,1.0,3,Mohali,Punjab Cricket Association IS Bindra Stadium,False,True,38,6,6.333333333333333,52,8.210526315789474,20,162,110,13.666666666666668,8.048780487804878,0,10
6.3,6,3,39,Ravindra Jadeja,Manan Vohra,0,False,1.0,3,Mohali,Punjab Cricket Association IS Bindra Stadium,False,True,39,6,6.5,52,8.0,20,162,110,13.5,8.148148148148149,0,10
6.4,6,4,40,Ravindra Jadeja,Manan Vohra,1,False,-0.25,3,Mohali,Punjab Cricket Association IS Bindra Stadium,False,True,40,6,6.666666666666667,53,7.949999999999999,20,162,109,13.333333333333332,8.175,0,10
6.5,6,5,41,Ravindra Jadeja,Murali Vijay,1,False,-0.5,3,Mohali,Punjab Cricket Association IS Bindra Stadium,False,True,41,6,6.833333333333333,54,7.902439024390244,20,162,108,13.166666666666668,8.20253164556962,0,10
6.6,6,6,42,Ravindra Jadeja,Manan Vohra,2,False,-1.0,3,Mohali,Punjab Cricket Association IS Bindra Stadium,False,True,42,6,7.0,56,8.0,20,162,106,13.0,8.153846153846153,0,10
7.1,7,1,43,Sarabjit Ladda,Murali Vijay,0,False,1.0,3,Mohali,Punjab Cricket Association IS Bindra Stadium,False,True,43,7,7.166666666666667,56,7.813953488372093,20,162,106,12.833333333333332,8.25974025974026,0,10
7.2,7,2,44,Sarabjit Ladda,Murali Vijay,2,False,-1.0,3,Mohali,Punjab Cricket Association IS Bindra Stadium,False,True,44,7,7.333333333333333,58,7.909090909090909,20,162,104,12.666666666666668,8.210526315789473,0,10
7.3,7,3,45,Sarabjit Ladda,Murali Vijay,1,False,-0.5,3,Mohali,Punjab Cricket Association IS Bindra Stadium,False,True,45,7,7.5,59,7.866666666666666,20,162,103,12.5,8.24,0,10
7.4,7,4,46,Sarabjit Ladda,Manan Vohra,6,False,-3.0,3,Mohali,Punjab Cricket Association IS Bindra Stadium,False,True,46,7,7.666666666666667,65,8.478260869565217,20,162,97,12.333333333333332,7.864864864864866,0,10
7.5,7,5,47,Sarabjit Ladda,Manan Vohra,4,False,-2.0,3,Mohali,Punjab Cricket Association IS Bindra Stadium,False,True,47,7,7.833333333333333,69,8.808510638297873,20,162,93,12.166666666666668,7.643835616438356,0,10
7.6,7,6,48,Sarabjit Ladda,Manan Vohra,1,False,-0.5,3,Mohali,Punjab Cricket Association IS Bindra Stadium,False,True,48,7,8.0,70,8.75,20,162,92,12.0,7.666666666666667,0,10
8.1,8,1,49,Ravindra Jadeja,Manan Vohra,6,False,-3.0,3,Mohali,Punjab Cricket Association IS Bindra Stadium,False,True,49,8,8.166666666666666,76,9.306122448979593,20,162,86,11.833333333333334,7.267605633802816,0,10
8.1,8,1,50,Ravindra Jadeja,Manan Vohra,1,False,-1.0,3,Mohali,Punjab Cricket Association IS Bindra Stadium,True,False,49,8,8.166666666666666,77,9.428571428571429,20,162,85,11.833333333333334,7.183098591549295,0,10
8.2,8,2,51,Ravindra Jadeja,Manan Vohra,0,True,5.0,3,Mohali,Punjab Cricket Association IS Bindra Stadium,False,True,50,8,8.333333333333334,77,9.24,20,162,85,11.666666666666666,7.2857142857142865,1,9
8.3,8,3,52,Ravindra Jadeja,David Miller,0,False,1.0,3,Mohali,Punjab Cricket Association IS Bindra Stadium,False,True,51,8,8.5,77,9.058823529411764,20,162,85,11.5,7.391304347826087,1,9
8.4,8,4,53,Ravindra Jadeja,David Miller,4,False,-2.0,3,Mohali,Punjab Cricket Association IS Bindra Stadium,False,True,52,8,8.666666666666666,81,9.346153846153847,20,162,81,11.333333333333334,7.147058823529411,1,9
8.5,8,5,54,Ravindra Jadeja,David Miller,0,False,1.0,3,Mohali,Punjab Cricket Association IS Bindra Stadium,False,True,53,8,8.833333333333334,81,9.169811320754716,20,162,81,11.166666666666666,7.253731343283582,1,9
8.6,8,6,55,Ravindra Jadeja,David Miller,0,False,1.0,3,Mohali,Punjab Cricket Association IS Bindra Stadium,False,True,54,8,9.0,81,9.0,20,162,81,11.0,7.363636363636363,1,9
9.1,9,1,56,Dwayne Bravo,Murali Vijay,1,False,-0.5,3,Mohali,Punjab Cricket Association IS Bindra Stadium,False,True,55,9,9.166666666666666,82,8.945454545454545,20,162,80,10.833333333333334,7.384615384615384,1,9
9.2,9,2,57,Dwayne Bravo,David Miller,1,False,-0.5,3,Mohali,Punjab Cricket Association IS Bindra Stadium,False,True,56,9,9.333333333333334,83,8.892857142857142,20,162,79,10.666666666666666,7.40625,1,9
9.3,9,3,58,Dwayne Bravo,Murali Vijay,0,False,1.0,3,Mohali,Punjab Cricket Association IS Bindra Stadium,False,True,57,9,9.5,83,8.736842105263158,20,162,79,10.5,7.523809523809524,1,9
9.4,9,4,59,Dwayne Bravo,Murali Vijay,2,False,-1.0,3,Mohali,Punjab Cricket Association IS Bindra Stadium,False,True,58,9,9.666666666666666,85,8.793103448275863,20,162,77,10.333333333333334,7.451612903225806,1,9
9.5,9,5,60,Dwayne Bravo,Murali Vijay,0,False,1.0,3,Mohali,Punjab Cricket Association IS Bindra Stadium,False,True,59,9,9.833333333333334,85,8.64406779661017,20,162,77,10.166666666666666,7.5737704918032795,1,9
9.6,9,6,61,Dwayne Bravo,Murali Vijay,1,False,-0.5,3,Mohali,Punjab Cricket Association IS Bindra Stadium,False,True,60,9,10.0,86,8.6,20,162,76,10.0,7.6,1,9
10.1,10,1,62,Ravindra Jadeja,Murali Vijay,1,False,-0.5,3,Mohali,Punjab Cricket Association IS Bindra Stadium,False,True,61,10,10.166666666666666,87,8.557377049180328,20,162,75,9.833333333333334,7.627118644067796,1,9
10.2,10,2,63,Ravindra Jadeja,David Miller,2,False,-1.0,3,Mohali,Punjab Cricket Association IS Bindra Stadium,False,True,62,10,10.333333333333334,89,8.612903225806452,20,162,73,9.666666666666666,7.551724137931035,1,9
10.3,10,3,64,Ravindra Jadeja,David Miller,1,False,-0.5,3,Mohali,Punjab Cricket Association IS Bindra Stadium,False,True,63,10,10.5,90,8.571428571428571,20,162,72,9.5,7.578947368421052,1,9
10.4,10,4,65,Ravindra Jadeja,Murali Vijay,0,True,5.0,3,Mohali,Punjab Cricket Association IS Bindra Stadium,False,True,64,10,10.666666666666666,90,8.4375,20,162,72,9.333333333333334,7.7142857142857135,2,8
10.5,10,5,66,Ravindra Jadeja,Glenn Maxwell,1,False,-0.5,3,Mohali,Punjab Cricket Association IS Bindra Stadium,False,True,65,10,10.833333333333334,91,8.4,20,162,71,9.166666666666666,7.745454545454546,2,8
10.6,10,6,67,Ravindra Jadeja,David Miller,6,False,-3.0,3,Mohali,Punjab Cricket Association IS Bindra Stadium,False,True,66,10,11.0,97,8.818181818181818,20,162,65,9.0,7.222222222222222,2,8
11.1,11,1,68,Dwayne Bravo,Glenn Maxwell,1,False,-0.5,3,Mohali,Punjab Cricket Association IS Bindra Stadium,False,True,67,11,11.166666666666666,98,8.776119402985076,20,162,64,8.833333333333334,7.245283018867924,2,8
11.2,11,2,69,Dwayne Bravo,David Miller,1,False,-1.0,3,Mohali,Punjab Cricket Association IS Bindra Stadium,True,False,67,11,11.166666666666666,99,8.865671641791046,20,162,63,8.833333333333334,7.132075471698113,2,8
11.2,11,2,70,Dwayne Bravo,David Miller,1,False,-0.5,3,Mohali,Punjab Cricket Association IS Bindra Stadium,False,True,68,11,11.333333333333334,100,8.823529411764705,20,162,62,8.666666666666666,7.153846153846154,2,8
11.3,11,3,71,Dwayne Bravo,Glenn Maxwell,0,False,1.0,3,Mohali,Punjab Cricket Association IS Bindra Stadium,False,True,69,11,11.5,100,8.695652173913043,20,162,62,8.5,7.294117647058823,2,8
11.4,11,4,72,Dwayne Bravo,Glenn Maxwell,0,True,5.0,3,Mohali,Punjab Cricket Association IS Bindra Stadium,False,True,70,11,11.666666666666666,100,8.571428571428571,20,162,62,8.333333333333334,7.4399999999999995,3,7
11.5,11,5,73,Dwayne Bravo,Wriddhiman Saha,1,False,-0.5,3,Mohali,Punjab Cricket Association IS Bindra Stadium,False,True,71,11,11.833333333333334,101,8.535211267605634,20,162,61,8.166666666666666,7.469387755102042,3,7
11.6,11,6,74,Dwayne Bravo,David Miller,0,True,5.0,3,Mohali,Punjab Cricket Association IS Bindra Stadium,False,True,72,11,12.0,101,8.416666666666666,20,162,61,8.0,7.625,4,6
12.1,12,1,75,Ravindra Jadeja,Wriddhiman Saha,0,False,1.0,3,Mohali,Punjab Cricket Association IS Bindra Stadium,False,True,73,12,12.166666666666666,101,8.301369863013699,20,162,61,7.833333333333334,7.787234042553191,4,6
12.2,12,2,76,Ravindra Jadeja,Wriddhiman Saha,1,False,-0.5,3,Mohali,Punjab Cricket Association IS Bindra Stadium,False,True,74,12,12.333333333333334,102,8.27027027027027,20,162,60,7.666666666666666,7.82608695652174,4,6
12.3,12,3,77,Ravindra Jadeja,Marcus Stoinis,1,False,-0.5,3,Mohali,Punjab Cricket Association IS Bindra Stadium,False,True,75,12,12.5,103,8.24,20,162,59,7.5,7.866666666666666,4,6
12.4,12,4,78,Ravindra Jadeja,Wriddhiman Saha,1,False,-0.5,3,Mohali,Punjab Cricket Association IS Bindra Stadium,False,True,76,12,12.666666666666666,104,8.210526315789474,20,162,58,7.333333333333334,7.909090909090908,4,6
12.5,12,5,79,Ravindra Jadeja,Marcus Stoinis,1,False,-0.5,3,Mohali,Punjab Cricket Association IS Bindra Stadium,False,True,77,12,12.833333333333334,105,8.181818181818182,20,162,57,7.166666666666666,7.953488372093024,4,6
12.6,12,6,80,Ravindra Jadeja,Wriddhiman Saha,1,False,-0.5,3,Mohali,Punjab Cricket Association IS Bindra Stadium,False,True,78,12,13.0,106,8.153846153846153,20,162,56,7.0,8.0,4,6
13.1,13,1,81,Dwayne Bravo,Wriddhiman Saha,1,False,-0.5,3,Mohali,Punjab Cricket Association IS Bindra Stadium,False,True,79,13,13.166666666666666,107,8.126582278481013,20,162,55,6.833333333333334,8.048780487804878,4,6
13.2,13,2,82,Dwayne Bravo,Marcus Stoinis,1,False,-0.5,3,Mohali,Punjab Cricket Association IS Bindra Stadium,False,True,80,13,13.333333333333334,108,8.1,20,162,54,6.666666666666666,8.100000000000001,4,6
13.3,13,3,83,Dwayne Bravo,Wriddhiman Saha,1,False,-0.5,3,Mohali,Punjab Cricket Association IS Bindra Stadium,False,True,81,13,13.5,109,8.074074074074074,20,162,53,6.5,8.153846153846153,4,6
13.4,13,4,84,Dwayne Bravo,Marcus Stoinis,0,False,1.0,3,Mohali,Punjab Cricket Association IS Bindra Stadium,False,True,82,13,13.666666666666666,109,7.975609756097561,20,162,53,6.333333333333334,8.368421052631579,4,6
13.5,13,5,85,Dwayne Bravo,Marcus Stoinis,4,False,-2.0,3,Mohali,Punjab Cricket Association IS Bindra Stadium,False,True,83,13,13.833333333333334,113,8.168674698795181,20,162,49,6.166666666666666,7.9459459459459465,4,6
13.6,13,6,86,Dwayne Bravo,Marcus Stoinis,0,False,1.0,3,Mohali,Punjab Cricket Association IS Bindra Stadium,False,True,84,13,14.0,113,8.071428571428571,20,162,49,6.0,8.166666666666666,4,6
14.1,14,1,87,James Faulkner,Wriddhiman Saha,1,False,-0.5,3,Mohali,Punjab Cricket Association IS Bindra Stadium,False,True,85,14,14.166666666666666,114,8.047058823529412,20,162,48,5.833333333333334,8.228571428571428,4,6
14.2,14,2,88,James Faulkner,Marcus Stoinis,1,False,-1.0,3,Mohali,Punjab Cricket Association IS Bindra Stadium,True,False,85,14,14.166666666666666,115,8.117647058823529,20,162,47,5.833333333333334,8.057142857142857,4,6
14.2,14,2,89,James Faulkner,Marcus Stoinis,2,False,-1.0,3,Mohali,Punjab Cricket Association IS Bindra Stadium,False,True,86,14,14.333333333333334,117,8.162790697674419,20,162,45,5.666666666666666,7.941176470588236,4,6
14.3,14,3,90,James Faulkner,Marcus Stoinis,4,False,-2.0,3,Mohali,Punjab Cricket Association IS Bindra Stadium,False,True,87,14,14.5,121,8.344827586206897,20,162,41,5.5,7.454545454545454,4,6
14.4,14,4,91,James Faulkner,Marcus Stoinis,0,False,1.0,3,Mohali,Punjab Cricket Association IS Bindra Stadium,False,True,88,14,14.666666666666666,121,8.25,20,162,41,5.333333333333334,7.687499999999999,4,6
14.5,14,5,92,James Faulkner,Marcus Stoinis,1,False,-0.5,3,Mohali,Punjab Cricket Association IS Bindra Stadium,False,True,89,14,14.833333333333334,122,8.224719101123595,20,162,40,5.166666666666666,7.741935483870969,4,6
14.6,14,6,93,James Faulkner,Wriddhiman Saha,1,False,-1.0,3,Mohali,Punjab Cricket Association IS Bindra Stadium,True,False,89,14,14.833333333333334,123,8.292134831460674,20,162,39,5.166666666666666,7.548387096774195,4,6
14.6,14,6,94,James Faulkner,Wriddhiman Saha,1,False,-0.5,3,Mohali,Punjab Cricket Association IS Bindra Stadium,False,True,90,14,15.0,124,8.266666666666667,20,162,38,5.0,7.6,4,6
15.1,15,1,95,Praveen Kumar,Wriddhiman Saha,1,False,-0.5,3,Mohali,Punjab Cricket Association IS Bindra Stadium,False,True,91,15,15.166666666666666,125,8.241758241758243,20,162,37,4.833333333333334,7.655172413793102,4,6
15.2,15,2,96,Praveen Kumar,Marcus Stoinis,1,False,-0.5,3,Mohali,Punjab Cricket Association IS Bindra Stadium,False,True,92,15,15.333333333333334,126,8.217391304347826,20,162,36,4.666666666666666,7.714285714285715,4,6
15.3,15,3,97,Praveen Kumar,Wriddhiman Saha,0,False,1.0,3,Mohali,Punjab Cricket Association IS Bindra Stadium,False,True,93,15,15.5,126,8.129032258064516,20,162,36,4.5,8.0,4,6
15.4,15,4,98,Praveen Kumar,Wriddhiman Saha,0,False,1.0,3,Mohali,Punjab Cricket Association IS Bindra Stadium,False,True,94,15,15.666666666666666,126,8.042553191489363,20,162,36,4.333333333333334,8.307692307692307,4,6
15.5,15,5,99,Praveen Kumar,Wriddhiman Saha,1,False,-0.5,3,Mohali,Punjab Cricket Association IS Bindra Stadium,False,True,95,15,15.833333333333334,127,8.021052631578947,20,162,35,4.166666666666666,8.4,4,6
15.6,15,6,100,Praveen Kumar,Marcus Stoinis,2,False,-1.0,3,Mohali,Punjab Cricket Association IS Bindra Stadium,False,True,96,15,16.0,129,8.0625,20,162,33,4.0,8.25,4,6
16.1,16,1,101,James Faulkner,Wriddhiman Saha,0,False,1.0,3,Mohali,Punjab Cricket Association IS Bindra Stadium,False,True,97,16,16.166666666666668,129,7.979381443298968,20,162,33,3.833333333333332,8.608695652173916,4,6
16.2,16,2,102,James Faulkner,Wriddhiman Saha,1,False,-0.5,3,Mohali,Punjab Cricket Association IS Bindra Stadium,False,True,98,16,16.333333333333332,130,7.959183673469388,20,162,32,3.666666666666668,8.727272727272725,4,6
16.3,16,3,103,James Faulkner,Marcus Stoinis,1,False,-0.25,3,Mohali,Punjab Cricket Association IS Bindra Stadium,False,True,99,16,16.5,131,7.9393939393939394,20,162,31,3.5,8.857142857142858,4,6
16.4,16,4,104,James Faulkner,Wriddhiman Saha,1,False,-0.5,3,Mohali,Punjab Cricket Association IS Bindra Stadium,False,True,100,16,16.666666666666668,132,7.919999999999999,20,162,30,3.333333333333332,9.000000000000004,4,6
16.5,16,5,105,James Faulkner,Marcus Stoinis,2,False,-1.0,3,Mohali,Punjab Cricket Association IS Bindra Stadium,False,True,101,16,16.833333333333332,134,7.960396039603961,20,162,28,3.166666666666668,8.842105263157892,4,6
16.6,16,6,106,James Faulkner,Marcus Stoinis,1,False,-0.5,3,Mohali,Punjab Cricket Association IS Bindra Stadium,False,True,102,16,17.0,135,7.9411764705882355,20,162,27,3.0,9.0,4,6
17.1,17,1,107,Praveen Kumar,Marcus Stoinis,1,False,-0.5,3,Mohali,Punjab Cricket Association IS Bindra Stadium,False,True,103,17,17.166666666666668,136,7.922330097087378,20,162,26,2.833333333333332,9.176470588235299,4,6
17.2,17,2,108,Praveen Kumar,Wriddhiman Saha,1,False,-0.5,3,Mohali,Punjab Cricket Association IS Bindra Stadium,False,True,104,17,17.333333333333332,137,7.903846153846154,20,162,25,2.666666666666668,9.374999999999996,4,6
17.3,17,3,109,Praveen Kumar,Marcus Stoinis,1,False,-0.5,3,Mohali,Punjab Cricket Association IS Bindra Stadium,False,True,105,17,17.5,138,7.885714285714286,20,162,24,2.5,9.6,4,6
17.4,17,4,110,Praveen Kumar,Wriddhiman Saha,1,False,-0.5,3,Mohali,Punjab Cricket Association IS Bindra Stadium,False,True,106,17,17.666666666666668,139,7.867924528301886,20,162,23,2.333333333333332,9.857142857142863,4,6
17.5,17,5,111,Praveen Kumar,Marcus Stoinis,2,False,-1.0,3,Mohali,Punjab Cricket Association IS Bindra Stadium,False,True,107,17,17.833333333333332,141,7.906542056074767,20,162,21,2.166666666666668,9.692307692307686,4,6
17.6,17,6,112,Praveen Kumar,Marcus Stoinis,4,False,-2.0,3,Mohali,Punjab Cricket Association IS Bindra Stadium,False,True,108,17,18.0,145,8.055555555555555,20,162,17,2.0,8.5,4,6
18.1,18,1,113,James Faulkner,Wriddhiman Saha,2,False,-1.0,3,Mohali,Punjab Cricket Association IS Bindra Stadium,False,True,109,18,18.166666666666668,147,8.091743119266054,20,162,15,1.8333333333333321,8.181818181818187,4,6
18.2,18,2,114,James Faulkner,Wriddhiman Saha,0,False,1.0,3,Mohali,Punjab Cricket Association IS Bindra Stadium,False,True,110,18,18.333333333333332,147,8.01818181818182,20,162,15,1.6666666666666679,8.999999999999993,4,6
18.3,18,3,115,James Faulkner,Wriddhiman Saha,2,False,-1.0,3,Mohali,Punjab Cricket Association IS Bindra Stadium,False,True,111,18,18.5,149,8.054054054054054,20,162,13,1.5,8.666666666666666,4,6
18.4,18,4,116,James Faulkner,Wriddhiman Saha,0,False,1.0,3,Mohali,Punjab Cricket Association IS Bindra Stadium,False,True,112,18,18.666666666666668,149,7.982142857142857,20,162,13,1.3333333333333321,9.750000000000009,4,6
18.5,18,5,117,James Faulkner,Wriddhiman Saha,1,False,-0.5,3,Mohali,Punjab Cricket Association IS Bindra Stadium,False,True,113,18,18.833333333333332,150,7.964601769911505,20,162,12,1.1666666666666679,10.285714285714276,4,6
18.6,18,6,118,James Faulkner,Marcus Stoinis,4,False,-2.0,3,Mohali,Punjab Cricket Association IS Bindra Stadium,False,True,114,18,19.0,154,8.105263157894736,20,162,8,1.0,8.0,4,6
19.1,19,1,119,Dwayne Bravo,Wriddhiman Saha,1,False,-0.5,3,Mohali,Punjab Cricket Association IS Bindra Stadium,False,True,115,19,19.166666666666668,155,8.08695652173913,20,162,7,0.8333333333333321,8.400000000000013,4,6
19.2,19,2,120,Dwayne Bravo,Marcus Stoinis,1,False,-0.5,3,Mohali,Punjab Cricket Association IS Bindra Stadium,False,True,116,19,19.333333333333332,156,8.068965517241379,20,162,6,0.6666666666666679,8.999999999999984,4,6
19.3,19,3,121,Dwayne Bravo,Wriddhiman Saha,0,True,5.0,3,Mohali,Punjab Cricket Association IS Bindra Stadium,False,True,117,19,19.5,156,8.0,20,162,6,0.5,12.0,5,5
19.4,19,4,122,Dwayne Bravo,Marcus Stoinis,0,True,5.0,3,Mohali,Punjab Cricket Association IS Bindra Stadium,False,True,118,19,19.666666666666668,156,7.932203389830508,20,162,6,0.33333333333333215,18.000000000000064,6,4
19.5,19,5,123,Dwayne Bravo,Axar Patel,2,False,-1.0,3,Mohali,Punjab Cricket Association IS Bindra Stadium,False,True,119,19,19.833333333333332,158,7.966386554621849,20,162,4,0.16666666666666785,23.99999999999983,6,4
19.6,19,6,124,Dwayne Bravo,Axar Patel,2,False,-1.0,3,Mohali,Punjab Cricket Association IS Bindra Stadium,False,True,120,19,20.0,160,8.0,20,162,2,0.0,inf,6,4
