Ball Number,over,ball,Ball,bowler,batsman,Runs,is_wicket,bowler_score,match_id,city,stadium,is_extra,legal_delivery,legal_deliveries_count,overs_completed,overs_bowled,total_runs,current_run_rate,total_overs,target,runs_needed,overs_remaining,required_run_rate,wickets_fallen,wickets_in_hand
0.1,0,1,1,Bhuvneshwar Kumar,Hashim Amla,0,False,1.0,46,Mohali,Punjab Cricket Association IS Bindra Stadium,False,True,1,0,0.16666666666666666,0,0.0,20,180,180,19.833333333333332,9.07563025210084,0,10
0.2,0,2,2,Bhuvneshwar Kumar,Hashim Amla,4,False,-2.0,46,Mohali,Punjab Cricket Association IS Bindra Stadium,False,True,2,0,0.3333333333333333,4,12.0,20,180,176,19.666666666666668,8.94915254237288,0,10
0.3,0,3,3,Bhuvneshwar Kumar,Hashim Amla,1,False,-0.5,46,Mohali,Punjab Cricket Association IS Bindra Stadium,False,True,3,0,0.5,5,10.0,20,180,175,19.5,8.974358974358974,0,10
0.4,0,4,4,Bhuvneshwar Kumar,Murali Vijay,0,False,1.0,46,Mohali,Punjab Cricket Association IS Bindra Stadium,False,True,4,0,0.6666666666666666,5,7.5,20,180,175,19.333333333333332,9.051724137931036,0,10
0.5,0,5,5,Bhuvneshwar Kumar,Murali Vijay,1,False,-0.5,46,Mohali,Punjab Cricket Association IS Bindra Stadium,False,True,5,0,0.8333333333333334,6,7.199999999999999,20,180,174,19.166666666666668,9.078260869565216,0,10
0.6,0,6,6,Bhuvneshwar Kumar,Hashim Amla,1,False,-0.25,46,Mohali,Punjab Cricket Association IS Bindra Stadium,False,True,6,0,1.0,7,7.0,20,180,173,19.0,9.105263157894736,0,10
1.1,1,1,7,Ashish Nehra,Hashim Amla,0,False,1.0,46,Mohali,Punjab Cricket Association IS Bindra Stadium,False,True,7,1,1.1666666666666667,7,6.0,20,180,173,18.833333333333332,9.185840707964603,0,10
1.2,1,2,8,Ashish Nehra,Hashim Amla,4,False,-2.0,46,Mohali,Punjab Cricket Association IS Bindra Stadium,False,True,8,1,1.3333333333333333,11,8.25,20,180,169,18.666666666666668,9.053571428571429,0,10
1.3,1,3,9,Ashish Nehra,Hashim Amla,4,False,-2.0,46,Mohali,Punjab Cricket Association IS Bindra Stadium,False,True,9,1,1.5,15,10.0,20,180,165,18.5,8.91891891891892,0,10
1.4,1,4,10,Ashish Nehra,Hashim Amla,0,False,1.0,46,Mohali,Punjab Cricket Association IS Bindra Stadium,False,True,10,1,1.6666666666666665,15,9.0,20,180,165,18.333333333333332,9.0,0,10
1.5,1,5,11,Ashish Nehra,Hashim Amla,0,False,1.0,46,Mohali,Punjab Cricket Association IS Bindra Stadium,False,True,11,1,1.8333333333333335,15,8.181818181818182,20,180,165,18.166666666666668,9.082568807339449,0,10
1.6,1,6,12,Ashish Nehra,Hashim Amla,4,False,-2.0,46,Mohali,Punjab Cricket Association IS Bindra Stadium,False,True,12,1,2.0,19,9.5,20,180,161,18.0,8.944444444444445,0,10
2.1,2,1,13,Bhuvneshwar Kumar,Murali Vijay,1,False,-0.5,46,Mohali,Punjab Cricket Association IS Bindra Stadium,False,True,13,2,2.1666666666666665,20,9.230769230769232,20,180,160,17.833333333333332,8.971962616822431,0,10
2.2,2,2,14,Bhuvneshwar Kumar,Hashim Amla,1,False,-0.5,46,Mohali,Punjab Cricket Association IS Bindra Stadium,False,True,14,2,2.3333333333333335,21,9.0,20,180,159,17.666666666666668,9.0,0,10
2.3,2,3,15,Bhuvneshwar Kumar,Murali Vijay,0,False,1.0,46,Mohali,Punjab Cricket Association IS Bindra Stadium,False,True,15,2,2.5,21,8.4,20,180,159,17.5,9.085714285714285,0,10
2.4,2,4,16,Bhuvneshwar Kumar,Murali Vijay,0,False,1.0,46,Mohali,Punjab Cricket Association IS Bindra Stadium,False,True,16,2,2.6666666666666665,21,7.875,20,180,159,17.333333333333332,9.173076923076923,0,10
2.5,2,5,17,Bhuvneshwar Kumar,Murali Vijay,0,False,1.0,46,Mohali,Punjab Cricket Association IS Bindra Stadium,False,True,17,2,2.8333333333333335,21,7.411764705882352,20,180,159,17.166666666666668,9.262135922330096,0,10
2.6,2,6,18,Bhuvneshwar Kumar,Murali Vijay,1,False,-0.5,46,Mohali,Punjab Cricket Association IS Bindra Stadium,False,True,18,2,3.0,22,7.333333333333333,20,180,158,17.0,9.294117647058824,0,10
3.1,3,1,19,Ashish Nehra,Murali Vijay,1,False,-0.5,46,Mohali,Punjab Cricket Association IS Bindra Stadium,False,True,19,3,3.1666666666666665,23,7.2631578947368425,20,180,157,16.833333333333332,9.326732673267328,0,10
3.2,3,2,20,Ashish Nehra,Hashim Amla,1,False,-0.5,46,Mohali,Punjab Cricket Association IS Bindra Stadium,False,True,20,3,3.3333333333333335,24,7.199999999999999,20,180,156,16.666666666666668,9.36,0,10
3.3,3,3,21,Ashish Nehra,Murali Vijay,1,False,-0.5,46,Mohali,Punjab Cricket Association IS Bindra Stadium,False,True,21,3,3.5,25,7.142857142857143,20,180,155,16.5,9.393939393939394,0,10
3.4,3,4,22,Ashish Nehra,Hashim Amla,6,False,-3.0,46,Mohali,Punjab Cricket Association IS Bindra Stadium,False,True,22,3,3.6666666666666665,31,8.454545454545455,20,180,149,16.333333333333332,9.122448979591837,0,10
3.5,3,5,23,Ashish Nehra,Hashim Amla,1,False,-0.5,46,Mohali,Punjab Cricket Association IS Bindra Stadium,False,True,23,3,3.8333333333333335,32,8.347826086956522,20,180,148,16.166666666666668,9.154639175257731,0,10
3.6,3,6,24,Ashish Nehra,Murali Vijay,1,False,-0.5,46,Mohali,Punjab Cricket Association IS Bindra Stadium,False,True,24,3,4.0,33,8.25,20,180,147,16.0,9.1875,0,10
4.1,4,1,25,Mustafizur Rahman,Murali Vijay,0,False,1.0,46,Mohali,Punjab Cricket Association IS Bindra Stadium,False,True,25,4,4.166666666666667,33,7.919999999999999,20,180,147,15.833333333333332,9.28421052631579,0,10
4.2,4,2,26,Mustafizur Rahman,Murali Vijay,0,True,5.0,46,Mohali,Punjab Cricket Association IS Bindra Stadium,False,True,26,4,4.333333333333333,33,7.615384615384616,20,180,147,15.666666666666668,9.382978723404255,1,9
4.3,4,3,27,Mustafizur Rahman,Hashim Amla,1,False,-0.5,46,Mohali,Punjab Cricket Association IS Bindra Stadium,False,True,27,4,4.5,34,7.555555555555555,20,180,146,15.5,9.419354838709678,1,9
4.4,4,4,28,Mustafizur Rahman,Wriddhiman Saha,0,False,1.0,46,Mohali,Punjab Cricket Association IS Bindra Stadium,False,True,28,4,4.666666666666667,34,7.285714285714286,20,180,146,15.333333333333332,9.521739130434783,1,9
4.5,4,5,29,Mustafizur Rahman,Wriddhiman Saha,2,False,-1.0,46,Mohali,Punjab Cricket Association IS Bindra Stadium,False,True,29,4,4.833333333333333,36,7.448275862068966,20,180,144,15.166666666666668,9.494505494505495,1,9
4.6,4,6,30,Mustafizur Rahman,Wriddhiman Saha,1,False,-0.5,46,Mohali,Punjab Cricket Association IS Bindra Stadium,False,True,30,4,5.0,37,7.4,20,180,143,15.0,9.533333333333333,1,9
5.1,5,1,31,Ben Cutting,Wriddhiman Saha,4,False,-2.0,46,Mohali,Punjab Cricket Association IS Bindra Stadium,False,True,31,5,5.166666666666667,41,7.935483870967741,20,180,139,14.833333333333332,9.370786516853933,1,9
5.2,5,2,32,Ben Cutting,Wriddhiman Saha,0,False,1.0,46,Mohali,Punjab Cricket Association IS Bindra Stadium,False,True,32,5,5.333333333333333,41,7.6875,20,180,139,14.666666666666668,9.477272727272727,1,9
5.3,5,3,33,Ben Cutting,Wriddhiman Saha,1,False,-0.5,46,Mohali,Punjab Cricket Association IS Bindra Stadium,False,True,33,5,5.5,42,7.636363636363637,20,180,138,14.5,9.517241379310345,1,9
5.4,5,4,34,Ben Cutting,Hashim Amla,4,False,-2.0,46,Mohali,Punjab Cricket Association IS Bindra Stadium,False,True,34,5,5.666666666666667,46,8.117647058823529,20,180,134,14.333333333333332,9.348837209302326,1,9
5.5,5,5,35,Ben Cutting,Hashim Amla,0,False,1.0,46,Mohali,Punjab Cricket Association IS Bindra Stadium,False,True,35,5,5.833333333333333,46,7.885714285714286,20,180,134,14.166666666666668,9.458823529411763,1,9
5.6,5,6,36,Ben Cutting,Hashim Amla,1,False,-0.5,46,Mohali,Punjab Cricket Association IS Bindra Stadium,False,True,36,5,6.0,47,7.833333333333333,20,180,133,14.0,9.5,1,9
6.1,6,1,37,Karn Sharma,Hashim Amla,1,False,-0.5,46,Mohali,Punjab Cricket Association IS Bindra Stadium,False,True,37,6,6.166666666666667,48,7.783783783783783,20,180,132,13.833333333333332,9.542168674698797,1,9
6.2,6,2,38,Karn Sharma,Wriddhiman Saha,0,False,1.0,46,Mohali,Punjab Cricket Association IS Bindra Stadium,False,True,38,6,6.333333333333333,48,7.578947368421053,20,180,132,13.666666666666668,9.658536585365853,1,9
6.3,6,3,39,Karn Sharma,Wriddhiman Saha,1,False,-0.5,46,Mohali,Punjab Cricket Association IS Bindra Stadium,False,True,39,6,6.5,49,7.538461538461538,20,180,131,13.5,9.703703703703704,1,9
6.4,6,4,40,Karn Sharma,Hashim Amla,1,False,-0.5,46,Mohali,Punjab Cricket Association IS Bindra Stadium,False,True,40,6,6.666666666666667,50,7.5,20,180,130,13.333333333333332,9.75,1,9
6.5,6,5,41,Karn Sharma,Wriddhiman Saha,1,False,-0.5,46,Mohali,Punjab Cricket Association IS Bindra Stadium,False,True,41,6,6.833333333333333,51,7.463414634146342,20,180,129,13.166666666666668,9.797468354430379,1,9
6.6,6,6,42,Karn Sharma,Hashim Amla,0,False,1.0,46,Mohali,Punjab Cricket Association IS Bindra Stadium,False,True,42,6,7.0,51,7.285714285714286,20,180,129,13.0,9.923076923076923,1,9
7.1,7,1,43,Moises Henriques,Wriddhiman Saha,1,False,-0.5,46,Mohali,Punjab Cricket Association IS Bindra Stadium,False,True,43,7,7.166666666666667,52,7.255813953488372,20,180,128,12.833333333333332,9.974025974025976,1,9
7.2,7,2,44,Moises Henriques,Hashim Amla,2,False,-1.0,46,Mohali,Punjab Cricket Association IS Bindra Stadium,False,True,44,7,7.333333333333333,54,7.363636363636364,20,180,126,12.666666666666668,9.94736842105263,1,9
7.3,7,3,45,Moises Henriques,Hashim Amla,4,False,-2.0,46,Mohali,Punjab Cricket Association IS Bindra Stadium,False,True,45,7,7.5,58,7.733333333333333,20,180,122,12.5,9.76,1,9
7.4,7,4,46,Moises Henriques,Hashim Amla,1,False,-0.5,46,Mohali,Punjab Cricket Association IS Bindra Stadium,False,True,46,7,7.666666666666667,59,7.695652173913043,20,180,121,12.333333333333332,9.810810810810812,1,9
7.5,7,5,47,Moises Henriques,Wriddhiman Saha,1,False,-0.5,46,Mohali,Punjab Cricket Association IS Bindra Stadium,False,True,47,7,7.833333333333333,60,7.659574468085107,20,180,120,12.166666666666668,9.863013698630136,1,9
7.6,7,6,48,Moises Henriques,Hashim Amla,1,False,-0.5,46,Mohali,Punjab Cricket Association IS Bindra Stadium,False,True,48,7,8.0,61,7.625,20,180,119,12.0,9.916666666666666,1,9
8.1,8,1,49,Karn Sharma,Hashim Amla,1,False,-0.5,46,Mohali,Punjab Cricket Association IS Bindra Stadium,False,True,49,8,8.166666666666666,62,7.591836734693878,20,180,118,11.833333333333334,9.971830985915492,1,9
8.2,8,2,50,Karn Sharma,Wriddhiman Saha,0,False,1.0,46,Mohali,Punjab Cricket Association IS Bindra Stadium,False,True,50,8,8.333333333333334,62,7.4399999999999995,20,180,118,11.666666666666666,10.114285714285716,1,9
8.3,8,3,51,Karn Sharma,Wriddhiman Saha,0,False,1.0,46,Mohali,Punjab Cricket Association IS Bindra Stadium,False,True,51,8,8.5,62,7.294117647058823,20,180,118,11.5,10.26086956521739,1,9
8.4,8,4,52,Karn Sharma,Wriddhiman Saha,2,False,-1.0,46,Mohali,Punjab Cricket Association IS Bindra Stadium,False,True,52,8,8.666666666666666,64,7.384615384615385,20,180,116,11.333333333333334,10.235294117647058,1,9
8.5,8,5,53,Karn Sharma,Wriddhiman Saha,2,False,-1.0,46,Mohali,Punjab Cricket Association IS Bindra Stadium,False,True,53,8,8.833333333333334,66,7.471698113207546,20,180,114,11.166666666666666,10.208955223880597,1,9
8.6,8,6,54,Karn Sharma,Wriddhiman Saha,0,False,1.0,46,Mohali,Punjab Cricket Association IS Bindra Stadium,False,True,54,8,9.0,66,7.333333333333333,20,180,114,11.0,10.363636363636363,1,9
9.1,9,1,55,Yuvraj Singh,Hashim Amla,1,False,-0.5,46,Mohali,Punjab Cricket Association IS Bindra Stadium,False,True,55,9,9.166666666666666,67,7.3090909090909095,20,180,113,10.833333333333334,10.430769230769231,1,9
9.2,9,2,56,Yuvraj Singh,Wriddhiman Saha,0,False,1.0,46,Mohali,Punjab Cricket Association IS Bindra Stadium,False,True,56,9,9.333333333333334,67,7.178571428571428,20,180,113,10.666666666666666,10.59375,1,9
9.3,9,3,57,Yuvraj Singh,Wriddhiman Saha,1,False,-0.5,46,Mohali,Punjab Cricket Association IS Bindra Stadium,False,True,57,9,9.5,68,7.157894736842105,20,180,112,10.5,10.666666666666666,1,9
9.4,9,4,58,Yuvraj Singh,Hashim Amla,4,False,-2.0,46,Mohali,Punjab Cricket Association IS Bindra Stadium,False,True,58,9,9.666666666666666,72,7.448275862068966,20,180,108,10.333333333333334,10.451612903225806,1,9
9.5,9,5,59,Yuvraj Singh,Hashim Amla,1,False,-0.5,46,Mohali,Punjab Cricket Association IS Bindra Stadium,False,True,59,9,9.833333333333334,73,7.423728813559322,20,180,107,10.166666666666666,10.524590163934427,1,9
9.6,9,6,60,Yuvraj Singh,Wriddhiman Saha,4,False,-2.0,46,Mohali,Punjab Cricket Association IS Bindra Stadium,False,True,60,9,10.0,77,7.7,20,180,103,10.0,10.3,1,9
10.1,10,1,61,Karn Sharma,Hashim Amla,1,False,-0.5,46,Mohali,Punjab Cricket Association IS Bindra Stadium,False,True,61,10,10.166666666666666,78,7.672131147540984,20,180,102,9.833333333333334,10.372881355932202,1,9
10.2,10,2,62,Karn Sharma,Wriddhiman Saha,1,False,-0.5,46,Mohali,Punjab Cricket Association IS Bindra Stadium,False,True,62,10,10.333333333333334,79,7.64516129032258,20,180,101,9.666666666666666,10.448275862068966,1,9
10.3,10,3,63,Karn Sharma,Hashim Amla,2,False,-1.0,46,Mohali,Punjab Cricket Association IS Bindra Stadium,False,True,63,10,10.5,81,7.714285714285714,20,180,99,9.5,10.421052631578947,1,9
10.4,10,4,64,Karn Sharma,Hashim Amla,1,False,-0.5,46,Mohali,Punjab Cricket Association IS Bindra Stadium,False,True,64,10,10.666666666666666,82,7.6875,20,180,98,9.333333333333334,10.5,1,9
10.5,10,5,65,Karn Sharma,Wriddhiman Saha,4,False,-2.0,46,Mohali,Punjab Cricket Association IS Bindra Stadium,False,True,65,10,10.833333333333334,86,7.938461538461538,20,180,94,9.166666666666666,10.254545454545456,1,9
10.6,10,6,66,Karn Sharma,Wriddhiman Saha,1,False,-0.5,46,Mohali,Punjab Cricket Association IS Bindra Stadium,False,True,66,10,11.0,87,7.909090909090909,20,180,93,9.0,10.333333333333334,1,9
11.1,11,1,67,Moises Henriques,Wriddhiman Saha,0,True,5.0,46,Mohali,Punjab Cricket Association IS Bindra Stadium,False,True,67,11,11.166666666666666,87,7.791044776119404,20,180,93,8.833333333333334,10.528301886792452,2,8
11.2,11,2,68,Moises Henriques,Hashim Amla,1,False,-0.5,46,Mohali,Punjab Cricket Association IS Bindra Stadium,False,True,68,11,11.333333333333334,88,7.764705882352941,20,180,92,8.666666666666666,10.615384615384617,2,8
11.3,11,3,69,Moises Henriques,Gurkeerat Singh Mann,0,False,1.0,46,Mohali,Punjab Cricket Association IS Bindra Stadium,False,True,69,11,11.5,88,7.6521739130434785,20,180,92,8.5,10.823529411764707,2,8
11.4,11,4,70,Moises Henriques,Gurkeerat Singh Mann,4,False,-2.0,46,Mohali,Punjab Cricket Association IS Bindra Stadium,False,True,70,11,11.666666666666666,92,7.885714285714286,20,180,88,8.333333333333334,10.559999999999999,2,8
11.5,11,5,71,Moises Henriques,Gurkeerat Singh Mann,1,False,-0.5,46,Mohali,Punjab Cricket Association IS Bindra Stadium,False,True,71,11,11.833333333333334,93,7.859154929577464,20,180,87,8.166666666666666,10.653061224489797,2,8
11.6,11,6,72,Moises Henriques,Hashim Amla,0,False,1.0,46,Mohali,Punjab Cricket Association IS Bindra Stadium,False,True,72,11,12.0,93,7.75,20,180,87,8.0,10.875,2,8
12.1,12,1,73,Karn Sharma,Gurkeerat Singh Mann,1,False,-0.5,46,Mohali,Punjab Cricket Association IS Bindra Stadium,False,True,73,12,12.166666666666666,94,7.726027397260275,20,180,86,7.833333333333334,10.978723404255318,2,8
12.2,12,2,74,Karn Sharma,Hashim Amla,2,False,-0.25,46,Mohali,Punjab Cricket Association IS Bindra Stadium,False,True,74,12,12.333333333333334,96,7.783783783783783,20,180,84,7.666666666666666,10.956521739130435,2,8
12.3,12,3,75,Karn Sharma,Hashim Amla,1,False,-0.5,46,Mohali,Punjab Cricket Association IS Bindra Stadium,False,True,75,12,12.5,97,7.76,20,180,83,7.5,11.066666666666666,2,8
12.4,12,4,76,Karn Sharma,Gurkeerat Singh Mann,1,False,-0.5,46,Mohali,Punjab Cricket Association IS Bindra Stadium,False,True,76,12,12.666666666666666,98,7.736842105263158,20,180,82,7.333333333333334,11.181818181818182,2,8
12.5,12,5,77,Karn Sharma,Hashim Amla,4,False,-2.0,46,Mohali,Punjab Cricket Association IS Bindra Stadium,False,True,77,12,12.833333333333334,102,7.948051948051948,20,180,78,7.166666666666666,10.88372093023256,2,8
12.6,12,6,78,Karn Sharma,Hashim Amla,0,False,1.0,46,Mohali,Punjab Cricket Association IS Bindra Stadium,False,True,78,12,13.0,102,7.846153846153846,20,180,78,7.0,11.142857142857142,2,8
13.1,13,1,79,Ashish Nehra,Gurkeerat Singh Mann,1,False,-0.5,46,Mohali,Punjab Cricket Association IS Bindra Stadium,False,True,79,13,13.166666666666666,103,7.822784810126582,20,180,77,6.833333333333334,11.268292682926829,2,8
13.2,13,2,80,Ashish Nehra,Hashim Amla,4,False,-2.0,46,Mohali,Punjab Cricket Association IS Bindra Stadium,False,True,80,13,13.333333333333334,107,8.025,20,180,73,6.666666666666666,10.950000000000001,2,8
13.3,13,3,81,Ashish Nehra,Hashim Amla,1,False,-0.5,46,Mohali,Punjab Cricket Association IS Bindra Stadium,False,True,81,13,13.5,108,8.0,20,180,72,6.5,11.076923076923077,2,8
13.4,13,4,82,Ashish Nehra,Gurkeerat Singh Mann,2,False,-1.0,46,Mohali,Punjab Cricket Association IS Bindra Stadium,False,True,82,13,13.666666666666666,110,8.048780487804878,20,180,70,6.333333333333334,11.052631578947368,2,8
13.5,13,5,83,Ashish Nehra,Gurkeerat Singh Mann,4,False,-2.0,46,Mohali,Punjab Cricket Association IS Bindra Stadium,False,True,83,13,13.833333333333334,114,8.240963855421686,20,180,66,6.166666666666666,10.702702702702704,2,8
13.6,13,6,84,Ben Cutting,Gurkeerat Singh Mann,1,False,-0.5,46,Mohali,Punjab Cricket Association IS Bindra Stadium,False,True,84,13,14.0,115,8.214285714285714,20,180,65,6.0,10.833333333333334,2,8
14.1,14,1,85,Mustafizur Rahman,Gurkeerat Singh Mann,4,False,-2.0,46,Mohali,Punjab Cricket Association IS Bindra Stadium,False,True,85,14,14.166666666666666,119,8.4,20,180,61,5.833333333333334,10.457142857142856,2,8
14.2,14,2,86,Mustafizur Rahman,Gurkeerat Singh Mann,0,False,1.0,46,Mohali,Punjab Cricket Association IS Bindra Stadium,False,True,86,14,14.333333333333334,119,8.30232558139535,20,180,61,5.666666666666666,10.764705882352942,2,8
14.3,14,3,87,Mustafizur Rahman,Gurkeerat Singh Mann,0,False,1.0,46,Mohali,Punjab Cricket Association IS Bindra Stadium,False,True,87,14,14.5,119,8.206896551724139,20,180,61,5.5,11.090909090909092,2,8
14.4,14,4,88,Mustafizur Rahman,Gurkeerat Singh Mann,0,False,1.0,46,Mohali,Punjab Cricket Association IS Bindra Stadium,False,True,88,14,14.666666666666666,119,8.113636363636363,20,180,61,5.333333333333334,11.437499999999998,2,8
14.5,14,5,89,Mustafizur Rahman,Gurkeerat Singh Mann,2,False,-1.0,46,Mohali,Punjab Cricket Association IS Bindra Stadium,False,True,89,14,14.833333333333334,121,8.157303370786517,20,180,59,5.166666666666666,11.419354838709678,2,8
14.6,14,6,90,Mustafizur Rahman,Gurkeerat Singh Mann,0,False,1.0,46,Mohali,Punjab Cricket Association IS Bindra Stadium,False,True,90,14,15.0,121,8.066666666666666,20,180,59,5.0,11.8,2,8
15.1,15,1,91,Moises Henriques,Hashim Amla,4,False,-2.0,46,Mohali,Punjab Cricket Association IS Bindra Stadium,False,True,91,15,15.166666666666666,125,8.241758241758243,20,180,55,4.833333333333334,11.379310344827585,2,8
15.2,15,2,92,Moises Henriques,Hashim Amla,1,False,-0.5,46,Mohali,Punjab Cricket Association IS Bindra Stadium,False,True,92,15,15.333333333333334,126,8.217391304347826,20,180,54,4.666666666666666,11.571428571428573,2,8
15.3,15,3,93,Moises Henriques,Gurkeerat Singh Mann,0,False,1.0,46,Mohali,Punjab Cricket Association IS Bindra Stadium,False,True,93,15,15.5,126,8.129032258064516,20,180,54,4.5,12.0,2,8
15.4,15,4,94,Moises Henriques,Gurkeerat Singh Mann,1,False,-0.5,46,Mohali,Punjab Cricket Association IS Bindra Stadium,False,True,94,15,15.666666666666666,127,8.106382978723405,20,180,53,4.333333333333334,12.23076923076923,2,8
15.5,15,5,95,Moises Henriques,Hashim Amla,6,False,-3.0,46,Mohali,Punjab Cricket Association IS Bindra Stadium,False,True,95,15,15.833333333333334,133,8.4,20,180,47,4.166666666666666,11.280000000000001,2,8
15.6,15,6,96,Moises Henriques,Hashim Amla,1,False,-0.5,46,Mohali,Punjab Cricket Association IS Bindra Stadium,False,True,96,15,16.0,134,8.375,20,180,46,4.0,11.5,2,8
16.1,16,1,97,Mustafizur Rahman,Hashim Amla,4,False,-2.0,46,Mohali,Punjab Cricket Association IS Bindra Stadium,False,True,97,16,16.166666666666668,138,8.536082474226804,20,180,42,3.833333333333332,10.956521739130439,2,8
16.2,16,2,98,Mustafizur Rahman,Hashim Amla,4,False,-2.0,46,Mohali,Punjab Cricket Association IS Bindra Stadium,False,True,98,16,16.333333333333332,142,8.693877551020408,20,180,38,3.666666666666668,10.36363636363636,2,8
16.3,16,3,99,Mustafizur Rahman,Hashim Amla,0,False,1.0,46,Mohali,Punjab Cricket Association IS Bindra Stadium,False,True,99,16,16.5,142,8.606060606060606,20,180,38,3.5,10.857142857142858,2,8
16.4,16,4,100,Mustafizur Rahman,Hashim Amla,1,False,-0.5,46,Mohali,Punjab Cricket Association IS Bindra Stadium,False,True,100,16,16.666666666666668,143,8.58,20,180,37,3.333333333333332,11.100000000000003,2,8
16.5,16,5,101,Mustafizur Rahman,Gurkeerat Singh Mann,1,False,-0.5,46,Mohali,Punjab Cricket Association IS Bindra Stadium,False,True,101,16,16.833333333333332,144,8.554455445544555,20,180,36,3.166666666666668,11.368421052631575,2,8
16.6,16,6,102,Mustafizur Rahman,Hashim Amla,4,False,-2.0,46,Mohali,Punjab Cricket Association IS Bindra Stadium,False,True,102,16,17.0,148,8.705882352941176,20,180,32,3.0,10.666666666666666,2,8
17.1,17,1,103,Bhuvneshwar Kumar,Gurkeerat Singh Mann,4,False,-2.0,46,Mohali,Punjab Cricket Association IS Bindra Stadium,False,True,103,17,17.166666666666668,152,8.854368932038835,20,180,28,2.833333333333332,9.882352941176475,2,8
17.2,17,2,104,Bhuvneshwar Kumar,Gurkeerat Singh Mann,0,True,5.0,46,Mohali,Punjab Cricket Association IS Bindra Stadium,False,True,104,17,17.333333333333332,152,8.76923076923077,20,180,28,2.666666666666668,10.499999999999995,3,7
17.3,17,3,105,Bhuvneshwar Kumar,David Miller,1,False,-0.5,46,Mohali,Punjab Cricket Association IS Bindra Stadium,False,True,105,17,17.5,153,8.742857142857142,20,180,27,2.5,10.8,3,7
17.4,17,4,106,Bhuvneshwar Kumar,Hashim Amla,4,False,-2.0,46,Mohali,Punjab Cricket Association IS Bindra Stadium,False,True,106,17,17.666666666666668,157,8.886792452830187,20,180,23,2.333333333333332,9.857142857142863,3,7
17.5,17,5,107,Bhuvneshwar Kumar,Hashim Amla,1,False,-0.5,46,Mohali,Punjab Cricket Association IS Bindra Stadium,False,True,107,17,17.833333333333332,158,8.859813084112151,20,180,22,2.166666666666668,10.153846153846148,3,7
17.6,17,6,108,Bhuvneshwar Kumar,David Miller,2,False,-1.0,46,Mohali,Punjab Cricket Association IS Bindra Stadium,False,True,108,17,18.0,160,8.88888888888889,20,180,20,2.0,10.0,3,7
18.1,18,1,109,Mustafizur Rahman,Hashim Amla,1,False,-0.5,46,Mohali,Punjab Cricket Association IS Bindra Stadium,False,True,109,18,18.166666666666668,161,8.862385321100916,20,180,19,1.8333333333333321,10.36363636363637,3,7
18.2,18,2,110,Mustafizur Rahman,David Miller,1,False,-0.5,46,Mohali,Punjab Cricket Association IS Bindra Stadium,False,True,110,18,18.333333333333332,162,8.836363636363638,20,180,18,1.6666666666666679,10.799999999999992,3,7
18.3,18,3,111,Mustafizur Rahman,Hashim Amla,1,False,-0.5,46,Mohali,Punjab Cricket Association IS Bindra Stadium,False,True,111,18,18.5,163,8.81081081081081,20,180,17,1.5,11.333333333333334,3,7
18.4,18,4,112,Mustafizur Rahman,David Miller,4,False,-2.0,46,Mohali,Punjab Cricket Association IS Bindra Stadium,False,True,112,18,18.666666666666668,167,8.946428571428571,20,180,13,1.3333333333333321,9.750000000000009,3,7
18.5,18,5,113,Mustafizur Rahman,David Miller,1,False,-0.5,46,Mohali,Punjab Cricket Association IS Bindra Stadium,False,True,113,18,18.833333333333332,168,8.920353982300886,20,180,12,1.1666666666666679,10.285714285714276,3,7
18.6,18,6,114,Mustafizur Rahman,Hashim Amla,0,False,1.0,46,Mohali,Punjab Cricket Association IS Bindra Stadium,False,True,114,18,19.0,168,8.842105263157896,20,180,12,1.0,12.0,3,7
19.1,19,1,115,Bhuvneshwar Kumar,David Miller,4,False,-2.0,46,Mohali,Punjab Cricket Association IS Bindra Stadium,False,True,115,19,19.166666666666668,172,8.97391304347826,20,180,8,0.8333333333333321,9.600000000000014,3,7
19.2,19,2,116,Bhuvneshwar Kumar,David Miller,1,False,-0.5,46,Mohali,Punjab Cricket Association IS Bindra Stadium,False,True,116,19,19.333333333333332,173,8.948275862068966,20,180,7,0.6666666666666679,10.499999999999982,3,7
19.3,19,3,117,Bhuvneshwar Kumar,Hashim Amla,0,False,1.0,46,Mohali,Punjab Cricket Association IS Bindra Stadium,False,True,117,19,19.5,173,8.871794871794872,20,180,7,0.5,14.0,3,7
19.4,19,4,118,Bhuvneshwar Kumar,Hashim Amla,0,True,5.0,46,Mohali,Punjab Cricket Association IS Bindra Stadium,False,True,118,19,19.666666666666668,173,8.796610169491524,20,180,7,0.33333333333333215,21.000000000000075,4,6
19.5,19,5,119,Bhuvneshwar Kumar,David Miller,0,False,1.0,46,Mohali,Punjab Cricket Association IS Bindra Stadium,False,True,119,19,19.833333333333332,173,8.722689075630253,20,180,7,0.16666666666666785,41.9999999999997,4,6
19.6,19,6,120,Bhuvneshwar Kumar,David Miller,6,False,-3.0,46,Mohali,Punjab Cricket Association IS Bindra Stadium,False,True,120,19,20.0,179,8.95,20,180,1,0.0,inf,4,6
