Ball Number,over,ball,Ball,bowler,batsman,Runs,is_wicket,bowler_score,match_id,city,stadium,is_extra,legal_delivery,legal_deliveries_count,overs_completed,overs_bowled,total_runs,current_run_rate,total_overs,target,runs_needed,overs_remaining,required_run_rate,wickets_fallen,wickets_in_hand
0.1,0,1,1,Harbhajan Singh,Agarwal,1,False,-0.5,47,Visakhapatnam,Dr. Y.S. Rajasekhara Reddy ACA-VDCA Cricket Stadium,False,True,1,0,0.16666666666666666,1,6.0,20,207,206,19.833333333333332,10.38655462184874,0,10
0.2,0,2,2,Harbhajan Singh,de Kock,1,False,-0.5,47,Visakhapatnam,Dr. Y.S. Rajasekhara Reddy ACA-VDCA Cricket Stadium,False,True,2,0,0.3333333333333333,2,6.0,20,207,205,19.666666666666668,10.423728813559322,0,10
0.3,0,3,3,Harbhajan Singh,Agarwal,0,False,1.0,47,Visakhapatnam,Dr. Y.S. Rajasekhara Reddy ACA-VDCA Cricket Stadium,False,True,3,0,0.5,2,4.0,20,207,205,19.5,10.512820512820513,0,10
0.4,0,4,4,Harbhajan Singh,Agarwal,6,False,-3.0,47,Visakhapatnam,Dr. Y.S. Rajasekhara Reddy ACA-VDCA Cricket Stadium,False,True,4,0,0.6666666666666666,8,12.0,20,207,199,19.333333333333332,10.293103448275863,0,10
0.5,0,5,5,Harbhajan Singh,Agarwal,1,False,-0.5,47,Visakhapatnam,Dr. Y.S. Rajasekhara Reddy ACA-VDCA Cricket Stadium,False,True,5,0,0.8333333333333334,9,10.799999999999999,20,207,198,19.166666666666668,10.330434782608695,0,10
0.6,0,6,6,Harbhajan Singh,de Kock,1,False,-0.5,47,Visakhapatnam,Dr. Y.S. Rajasekhara Reddy ACA-VDCA Cricket Stadium,False,True,6,0,1.0,10,10.0,20,207,197,19.0,10.368421052631579,0,10
1.1,1,1,7,Vinay Kumar,de Kock,0,False,1.0,47,Visakhapatnam,Dr. Y.S. Rajasekhara Reddy ACA-VDCA Cricket Stadium,False,True,7,1,1.1666666666666667,10,8.571428571428571,20,207,197,18.833333333333332,10.460176991150442,0,10
1.2,1,2,8,Vinay Kumar,de Kock,1,False,-0.5,47,Visakhapatnam,Dr. Y.S. Rajasekhara Reddy ACA-VDCA Cricket Stadium,False,True,8,1,1.3333333333333333,11,8.25,20,207,196,18.666666666666668,10.5,0,10
1.3,1,3,9,Vinay Kumar,Agarwal,0,True,5.0,47,Visakhapatnam,Dr. Y.S. Rajasekhara Reddy ACA-VDCA Cricket Stadium,False,True,9,1,1.5,11,7.333333333333333,20,207,196,18.5,10.594594594594595,1,9
1.4,1,4,10,Vinay Kumar,Karun Nair,0,False,1.0,47,Visakhapatnam,Dr. Y.S. Rajasekhara Reddy ACA-VDCA Cricket Stadium,False,True,10,1,1.6666666666666665,11,6.6000000000000005,20,207,196,18.333333333333332,10.690909090909091,1,9
1.5,1,5,11,Vinay Kumar,Karun Nair,1,False,-0.5,47,Visakhapatnam,Dr. Y.S. Rajasekhara Reddy ACA-VDCA Cricket Stadium,False,True,11,1,1.8333333333333335,12,6.545454545454545,20,207,195,18.166666666666668,10.73394495412844,1,9
1.6,1,6,12,Vinay Kumar,de Kock,1,False,-0.5,47,Visakhapatnam,Dr. Y.S. Rajasekhara Reddy ACA-VDCA Cricket Stadium,False,True,12,1,2.0,13,6.5,20,207,194,18.0,10.777777777777779,1,9
2.1,2,1,13,Mitchell McClenaghan,de Kock,0,False,1.0,47,Visakhapatnam,Dr. Y.S. Rajasekhara Reddy ACA-VDCA Cricket Stadium,False,True,13,2,2.1666666666666665,13,6.0,20,207,194,17.833333333333332,10.878504672897197,1,9
2.2,2,2,14,Mitchell McClenaghan,de Kock,6,False,-3.0,47,Visakhapatnam,Dr. Y.S. Rajasekhara Reddy ACA-VDCA Cricket Stadium,False,True,14,2,2.3333333333333335,19,8.142857142857142,20,207,188,17.666666666666668,10.641509433962263,1,9
2.3,2,3,15,Mitchell McClenaghan,de Kock,0,False,1.0,47,Visakhapatnam,Dr. Y.S. Rajasekhara Reddy ACA-VDCA Cricket Stadium,False,True,15,2,2.5,19,7.6,20,207,188,17.5,10.742857142857142,1,9
2.4,2,4,16,Mitchell McClenaghan,de Kock,0,False,1.0,47,Visakhapatnam,Dr. Y.S. Rajasekhara Reddy ACA-VDCA Cricket Stadium,False,True,16,2,2.6666666666666665,19,7.125,20,207,188,17.333333333333332,10.846153846153847,1,9
2.5,2,5,17,Mitchell McClenaghan,de Kock,1,False,-0.5,47,Visakhapatnam,Dr. Y.S. Rajasekhara Reddy ACA-VDCA Cricket Stadium,False,True,17,2,2.8333333333333335,20,7.0588235294117645,20,207,187,17.166666666666668,10.893203883495145,1,9
2.6,2,6,18,Mitchell McClenaghan,Karun Nair,1,False,-0.5,47,Visakhapatnam,Dr. Y.S. Rajasekhara Reddy ACA-VDCA Cricket Stadium,False,True,18,2,3.0,21,7.0,20,207,186,17.0,10.941176470588236,1,9
3.1,3,1,19,Vinay Kumar,Karun Nair,0,False,1.0,47,Visakhapatnam,Dr. Y.S. Rajasekhara Reddy ACA-VDCA Cricket Stadium,False,True,19,3,3.1666666666666665,21,6.631578947368421,20,207,186,16.833333333333332,11.04950495049505,1,9
3.2,3,2,20,Vinay Kumar,Karun Nair,1,False,-0.5,47,Visakhapatnam,Dr. Y.S. Rajasekhara Reddy ACA-VDCA Cricket Stadium,False,True,20,3,3.3333333333333335,22,6.6,20,207,185,16.666666666666668,11.1,1,9
3.3,3,3,21,Vinay Kumar,de Kock,4,False,-2.0,47,Visakhapatnam,Dr. Y.S. Rajasekhara Reddy ACA-VDCA Cricket Stadium,False,True,21,3,3.5,26,7.428571428571429,20,207,181,16.5,10.969696969696969,1,9
3.4,3,4,22,Vinay Kumar,de Kock,6,False,-3.0,47,Visakhapatnam,Dr. Y.S. Rajasekhara Reddy ACA-VDCA Cricket Stadium,False,True,22,3,3.6666666666666665,32,8.727272727272728,20,207,175,16.333333333333332,10.714285714285715,1,9
3.5,3,5,23,Vinay Kumar,de Kock,4,False,-2.0,47,Visakhapatnam,Dr. Y.S. Rajasekhara Reddy ACA-VDCA Cricket Stadium,False,True,23,3,3.8333333333333335,36,9.391304347826086,20,207,171,16.166666666666668,10.577319587628866,1,9
3.6,3,6,24,Vinay Kumar,de Kock,4,False,-2.0,47,Visakhapatnam,Dr. Y.S. Rajasekhara Reddy ACA-VDCA Cricket Stadium,False,True,24,3,4.0,40,10.0,20,207,167,16.0,10.4375,1,9
4.1,4,1,25,Harbhajan Singh,Karun Nair,1,False,-0.5,47,Visakhapatnam,Dr. Y.S. Rajasekhara Reddy ACA-VDCA Cricket Stadium,False,True,25,4,4.166666666666667,41,9.84,20,207,166,15.833333333333332,10.48421052631579,1,9
4.2,4,2,26,Harbhajan Singh,de Kock,1,False,-0.5,47,Visakhapatnam,Dr. Y.S. Rajasekhara Reddy ACA-VDCA Cricket Stadium,False,True,26,4,4.333333333333333,42,9.692307692307693,20,207,165,15.666666666666668,10.53191489361702,1,9
4.3,4,3,27,Harbhajan Singh,Karun Nair,4,False,-2.0,47,Visakhapatnam,Dr. Y.S. Rajasekhara Reddy ACA-VDCA Cricket Stadium,False,True,27,4,4.5,46,10.222222222222221,20,207,161,15.5,10.387096774193548,1,9
4.4,4,4,28,Harbhajan Singh,Karun Nair,0,True,5.0,47,Visakhapatnam,Dr. Y.S. Rajasekhara Reddy ACA-VDCA Cricket Stadium,False,True,28,4,4.666666666666667,46,9.857142857142856,20,207,161,15.333333333333332,10.5,2,8
4.5,4,5,29,Harbhajan Singh,Sanju Samson,0,False,1.0,47,Visakhapatnam,Dr. Y.S. Rajasekhara Reddy ACA-VDCA Cricket Stadium,False,True,29,4,4.833333333333333,46,9.517241379310345,20,207,161,15.166666666666668,10.615384615384615,2,8
4.6,4,6,30,Harbhajan Singh,Sanju Samson,1,False,-0.5,47,Visakhapatnam,Dr. Y.S. Rajasekhara Reddy ACA-VDCA Cricket Stadium,False,True,30,4,5.0,47,9.4,20,207,160,15.0,10.666666666666666,2,8
5.1,5,1,31,Jasprit Bumrah,Sanju Samson,0,False,1.0,47,Visakhapatnam,Dr. Y.S. Rajasekhara Reddy ACA-VDCA Cricket Stadium,False,True,31,5,5.166666666666667,47,9.096774193548386,20,207,160,14.833333333333332,10.786516853932586,2,8
5.2,5,2,32,Jasprit Bumrah,Sanju Samson,1,False,-0.5,47,Visakhapatnam,Dr. Y.S. Rajasekhara Reddy ACA-VDCA Cricket Stadium,False,True,32,5,5.333333333333333,48,9.0,20,207,159,14.666666666666668,10.84090909090909,2,8
5.3,5,3,33,Jasprit Bumrah,de Kock,1,False,-0.5,47,Visakhapatnam,Dr. Y.S. Rajasekhara Reddy ACA-VDCA Cricket Stadium,False,True,33,5,5.5,49,8.909090909090908,20,207,158,14.5,10.89655172413793,2,8
5.4,5,4,34,Jasprit Bumrah,Sanju Samson,0,False,1.0,47,Visakhapatnam,Dr. Y.S. Rajasekhara Reddy ACA-VDCA Cricket Stadium,False,True,34,5,5.666666666666667,49,8.647058823529411,20,207,158,14.333333333333332,11.023255813953488,2,8
5.5,5,5,35,Jasprit Bumrah,Sanju Samson,0,False,1.0,47,Visakhapatnam,Dr. Y.S. Rajasekhara Reddy ACA-VDCA Cricket Stadium,False,True,35,5,5.833333333333333,49,8.4,20,207,158,14.166666666666668,11.152941176470588,2,8
5.6,5,6,36,Jasprit Bumrah,Sanju Samson,0,False,1.0,47,Visakhapatnam,Dr. Y.S. Rajasekhara Reddy ACA-VDCA Cricket Stadium,False,True,36,5,6.0,49,8.166666666666666,20,207,158,14.0,11.285714285714286,2,8
6.1,6,1,37,Harbhajan Singh,de Kock,1,False,-0.5,47,Visakhapatnam,Dr. Y.S. Rajasekhara Reddy ACA-VDCA Cricket Stadium,False,True,37,6,6.166666666666667,50,8.108108108108107,20,207,157,13.833333333333332,11.349397590361447,2,8
6.2,6,2,38,Harbhajan Singh,Sanju Samson,1,False,-0.5,47,Visakhapatnam,Dr. Y.S. Rajasekhara Reddy ACA-VDCA Cricket Stadium,False,True,38,6,6.333333333333333,51,8.052631578947368,20,207,156,13.666666666666668,11.414634146341463,2,8
6.3,6,3,39,Harbhajan Singh,de Kock,0,False,1.0,47,Visakhapatnam,Dr. Y.S. Rajasekhara Reddy ACA-VDCA Cricket Stadium,False,True,39,6,6.5,51,7.846153846153846,20,207,156,13.5,11.555555555555555,2,8
6.4,6,4,40,Harbhajan Singh,de Kock,0,False,1.0,47,Visakhapatnam,Dr. Y.S. Rajasekhara Reddy ACA-VDCA Cricket Stadium,False,True,40,6,6.666666666666667,51,7.6499999999999995,20,207,156,13.333333333333332,11.700000000000001,2,8
6.5,6,5,41,Harbhajan Singh,de Kock,4,False,-2.0,47,Visakhapatnam,Dr. Y.S. Rajasekhara Reddy ACA-VDCA Cricket Stadium,False,True,41,6,6.833333333333333,55,8.048780487804878,20,207,152,13.166666666666668,11.544303797468354,2,8
6.6,6,6,42,Harbhajan Singh,de Kock,1,False,-0.5,47,Visakhapatnam,Dr. Y.S. Rajasekhara Reddy ACA-VDCA Cricket Stadium,False,True,42,6,7.0,56,8.0,20,207,151,13.0,11.615384615384615,2,8
7.1,7,1,43,Krunal Pandya,de Kock,1,False,-0.5,47,Visakhapatnam,Dr. Y.S. Rajasekhara Reddy ACA-VDCA Cricket Stadium,False,True,43,7,7.166666666666667,57,7.953488372093023,20,207,150,12.833333333333332,11.688311688311689,2,8
7.2,7,2,44,Krunal Pandya,Sanju Samson,0,False,1.0,47,Visakhapatnam,Dr. Y.S. Rajasekhara Reddy ACA-VDCA Cricket Stadium,False,True,44,7,7.333333333333333,57,7.772727272727273,20,207,150,12.666666666666668,11.842105263157894,2,8
7.3,7,3,45,Krunal Pandya,Sanju Samson,2,False,-1.0,47,Visakhapatnam,Dr. Y.S. Rajasekhara Reddy ACA-VDCA Cricket Stadium,False,True,45,7,7.5,59,7.866666666666666,20,207,148,12.5,11.84,2,8
7.4,7,4,46,Krunal Pandya,Sanju Samson,1,False,-0.5,47,Visakhapatnam,Dr. Y.S. Rajasekhara Reddy ACA-VDCA Cricket Stadium,False,True,46,7,7.666666666666667,60,7.826086956521739,20,207,147,12.333333333333332,11.91891891891892,2,8
7.5,7,5,47,Krunal Pandya,de Kock,0,True,5.0,47,Visakhapatnam,Dr. Y.S. Rajasekhara Reddy ACA-VDCA Cricket Stadium,False,True,47,7,7.833333333333333,60,7.659574468085107,20,207,147,12.166666666666668,12.082191780821917,3,7
7.6,7,6,48,Krunal Pandya,de Kock,0,False,1.0,47,Visakhapatnam,Dr. Y.S. Rajasekhara Reddy ACA-VDCA Cricket Stadium,False,True,48,7,8.0,60,7.5,20,207,147,12.0,12.25,3,7
8.1,8,1,49,Harbhajan Singh,Rishabh Pant,1,False,-0.5,47,Visakhapatnam,Dr. Y.S. Rajasekhara Reddy ACA-VDCA Cricket Stadium,False,True,49,8,8.166666666666666,61,7.469387755102042,20,207,146,11.833333333333334,12.338028169014084,3,7
8.2,8,2,50,Harbhajan Singh,de Kock,1,False,-0.5,47,Visakhapatnam,Dr. Y.S. Rajasekhara Reddy ACA-VDCA Cricket Stadium,False,True,50,8,8.333333333333334,62,7.4399999999999995,20,207,145,11.666666666666666,12.428571428571429,3,7
8.3,8,3,51,Harbhajan Singh,Rishabh Pant,6,False,-3.0,47,Visakhapatnam,Dr. Y.S. Rajasekhara Reddy ACA-VDCA Cricket Stadium,False,True,51,8,8.5,68,8.0,20,207,139,11.5,12.08695652173913,3,7
8.4,8,4,52,Harbhajan Singh,Rishabh Pant,0,False,1.0,47,Visakhapatnam,Dr. Y.S. Rajasekhara Reddy ACA-VDCA Cricket Stadium,False,True,52,8,8.666666666666666,68,7.846153846153847,20,207,139,11.333333333333334,12.26470588235294,3,7
8.5,8,5,53,Harbhajan Singh,Rishabh Pant,1,False,-0.5,47,Visakhapatnam,Dr. Y.S. Rajasekhara Reddy ACA-VDCA Cricket Stadium,False,True,53,8,8.833333333333334,69,7.811320754716981,20,207,138,11.166666666666666,12.358208955223882,3,7
8.6,8,6,54,Harbhajan Singh,de Kock,1,False,-0.5,47,Visakhapatnam,Dr. Y.S. Rajasekhara Reddy ACA-VDCA Cricket Stadium,False,True,54,8,9.0,70,7.777777777777778,20,207,137,11.0,12.454545454545455,3,7
9.1,9,1,55,Krunal Pandya,de Kock,0,False,1.0,47,Visakhapatnam,Dr. Y.S. Rajasekhara Reddy ACA-VDCA Cricket Stadium,False,True,55,9,9.166666666666666,70,7.636363636363637,20,207,137,10.833333333333334,12.646153846153846,3,7
9.2,9,2,56,Krunal Pandya,de Kock,1,False,-1.0,47,Visakhapatnam,Dr. Y.S. Rajasekhara Reddy ACA-VDCA Cricket Stadium,True,False,55,9,9.166666666666666,71,7.745454545454546,20,207,136,10.833333333333334,12.553846153846154,3,7
9.2,9,2,57,Krunal Pandya,de Kock,0,True,5.0,47,Visakhapatnam,Dr. Y.S. Rajasekhara Reddy ACA-VDCA Cricket Stadium,False,True,56,9,9.333333333333334,71,7.607142857142857,20,207,136,10.666666666666666,12.75,4,6
9.3,9,3,58,Krunal Pandya,Jean-Paul Duminy,1,False,-0.5,47,Visakhapatnam,Dr. Y.S. Rajasekhara Reddy ACA-VDCA Cricket Stadium,False,True,57,9,9.5,72,7.578947368421052,20,207,135,10.5,12.857142857142858,4,6
9.4,9,4,59,Krunal Pandya,Rishabh Pant,4,False,-2.0,47,Visakhapatnam,Dr. Y.S. Rajasekhara Reddy ACA-VDCA Cricket Stadium,False,True,58,9,9.666666666666666,76,7.862068965517242,20,207,131,10.333333333333334,12.677419354838708,4,6
9.5,9,5,60,Krunal Pandya,Rishabh Pant,4,False,-2.0,47,Visakhapatnam,Dr. Y.S. Rajasekhara Reddy ACA-VDCA Cricket Stadium,False,True,59,9,9.833333333333334,80,8.135593220338983,20,207,127,10.166666666666666,12.491803278688526,4,6
9.6,9,6,61,Krunal Pandya,Rishabh Pant,1,False,-0.5,47,Visakhapatnam,Dr. Y.S. Rajasekhara Reddy ACA-VDCA Cricket Stadium,False,True,60,9,10.0,81,8.1,20,207,126,10.0,12.6,4,6
10.1,10,1,62,Nitish Rana,Rishabh Pant,0,False,1.0,47,Visakhapatnam,Dr. Y.S. Rajasekhara Reddy ACA-VDCA Cricket Stadium,False,True,61,10,10.166666666666666,81,7.967213114754099,20,207,126,9.833333333333334,12.813559322033898,4,6
10.2,10,2,63,Nitish Rana,Rishabh Pant,1,False,-0.5,47,Visakhapatnam,Dr. Y.S. Rajasekhara Reddy ACA-VDCA Cricket Stadium,False,True,62,10,10.333333333333334,82,7.935483870967741,20,207,125,9.666666666666666,12.931034482758621,4,6
10.3,10,3,64,Nitish Rana,Jean-Paul Duminy,0,False,1.0,47,Visakhapatnam,Dr. Y.S. Rajasekhara Reddy ACA-VDCA Cricket Stadium,False,True,63,10,10.5,82,7.809523809523809,20,207,125,9.5,13.157894736842104,4,6
10.4,10,4,65,Nitish Rana,Jean-Paul Duminy,0,False,1.0,47,Visakhapatnam,Dr. Y.S. Rajasekhara Reddy ACA-VDCA Cricket Stadium,False,True,64,10,10.666666666666666,82,7.6875,20,207,125,9.333333333333334,13.392857142857142,4,6
10.5,10,5,66,Nitish Rana,Jean-Paul Duminy,1,False,-0.5,47,Visakhapatnam,Dr. Y.S. Rajasekhara Reddy ACA-VDCA Cricket Stadium,False,True,65,10,10.833333333333334,83,7.661538461538461,20,207,124,9.166666666666666,13.527272727272727,4,6
10.6,10,6,67,Nitish Rana,Rishabh Pant,1,False,-0.5,47,Visakhapatnam,Dr. Y.S. Rajasekhara Reddy ACA-VDCA Cricket Stadium,False,True,66,10,11.0,84,7.636363636363637,20,207,123,9.0,13.666666666666666,4,6
11.1,11,1,68,Mitchell McClenaghan,Rishabh Pant,0,False,1.0,47,Visakhapatnam,Dr. Y.S. Rajasekhara Reddy ACA-VDCA Cricket Stadium,False,True,67,11,11.166666666666666,84,7.522388059701493,20,207,123,8.833333333333334,13.924528301886792,4,6
11.2,11,2,69,Mitchell McClenaghan,Rishabh Pant,0,False,1.0,47,Visakhapatnam,Dr. Y.S. Rajasekhara Reddy ACA-VDCA Cricket Stadium,False,True,68,11,11.333333333333334,84,7.411764705882352,20,207,123,8.666666666666666,14.192307692307693,4,6
11.3,11,3,70,Mitchell McClenaghan,Rishabh Pant,0,False,1.0,47,Visakhapatnam,Dr. Y.S. Rajasekhara Reddy ACA-VDCA Cricket Stadium,False,True,69,11,11.5,84,7.304347826086956,20,207,123,8.5,14.470588235294118,4,6
11.4,11,4,71,Mitchell McClenaghan,Rishabh Pant,1,False,-0.5,47,Visakhapatnam,Dr. Y.S. Rajasekhara Reddy ACA-VDCA Cricket Stadium,False,True,70,11,11.666666666666666,85,7.2857142857142865,20,207,122,8.333333333333334,14.639999999999999,4,6
11.5,11,5,72,Mitchell McClenaghan,Jean-Paul Duminy,4,False,-2.0,47,Visakhapatnam,Dr. Y.S. Rajasekhara Reddy ACA-VDCA Cricket Stadium,False,True,71,11,11.833333333333334,89,7.52112676056338,20,207,118,8.166666666666666,14.448979591836736,4,6
11.6,11,6,73,Mitchell McClenaghan,Jean-Paul Duminy,1,False,-0.25,47,Visakhapatnam,Dr. Y.S. Rajasekhara Reddy ACA-VDCA Cricket Stadium,False,True,72,11,12.0,90,7.5,20,207,117,8.0,14.625,4,6
12.1,12,1,74,Jasprit Bumrah,Jean-Paul Duminy,2,False,-1.0,47,Visakhapatnam,Dr. Y.S. Rajasekhara Reddy ACA-VDCA Cricket Stadium,False,True,73,12,12.166666666666666,92,7.561643835616438,20,207,115,7.833333333333334,14.680851063829786,4,6
12.2,12,2,75,Jasprit Bumrah,Jean-Paul Duminy,1,False,-0.5,47,Visakhapatnam,Dr. Y.S. Rajasekhara Reddy ACA-VDCA Cricket Stadium,False,True,74,12,12.333333333333334,93,7.54054054054054,20,207,114,7.666666666666666,14.869565217391305,4,6
12.3,12,3,76,Jasprit Bumrah,Rishabh Pant,2,False,-1.0,47,Visakhapatnam,Dr. Y.S. Rajasekhara Reddy ACA-VDCA Cricket Stadium,False,True,75,12,12.5,95,7.6,20,207,112,7.5,14.933333333333334,4,6
12.4,12,4,77,Jasprit Bumrah,Rishabh Pant,1,False,-0.5,47,Visakhapatnam,Dr. Y.S. Rajasekhara Reddy ACA-VDCA Cricket Stadium,False,True,76,12,12.666666666666666,96,7.578947368421053,20,207,111,7.333333333333334,15.136363636363635,4,6
12.5,12,5,78,Jasprit Bumrah,Jean-Paul Duminy,0,True,5.0,47,Visakhapatnam,Dr. Y.S. Rajasekhara Reddy ACA-VDCA Cricket Stadium,False,True,77,12,12.833333333333334,96,7.48051948051948,20,207,111,7.166666666666666,15.488372093023257,5,5
12.6,12,6,79,Jasprit Bumrah,Rishabh Pant,0,True,5.0,47,Visakhapatnam,Dr. Y.S. Rajasekhara Reddy ACA-VDCA Cricket Stadium,False,True,78,12,13.0,96,7.384615384615385,20,207,111,7.0,15.857142857142858,6,4
13.1,13,1,80,Mitchell McClenaghan,Chris Morris,0,False,1.0,47,Visakhapatnam,Dr. Y.S. Rajasekhara Reddy ACA-VDCA Cricket Stadium,False,True,79,13,13.166666666666666,96,7.29113924050633,20,207,111,6.833333333333334,16.24390243902439,6,4
13.2,13,2,81,Mitchell McClenaghan,Chris Morris,4,False,-2.0,47,Visakhapatnam,Dr. Y.S. Rajasekhara Reddy ACA-VDCA Cricket Stadium,False,True,80,13,13.333333333333334,100,7.5,20,207,107,6.666666666666666,16.05,6,4
13.3,13,3,82,Mitchell McClenaghan,Chris Morris,0,False,1.0,47,Visakhapatnam,Dr. Y.S. Rajasekhara Reddy ACA-VDCA Cricket Stadium,False,True,81,13,13.5,100,7.407407407407407,20,207,107,6.5,16.46153846153846,6,4
13.4,13,4,83,Mitchell McClenaghan,Chris Morris,4,False,-2.0,47,Visakhapatnam,Dr. Y.S. Rajasekhara Reddy ACA-VDCA Cricket Stadium,False,True,82,13,13.666666666666666,104,7.609756097560976,20,207,103,6.333333333333334,16.26315789473684,6,4
13.5,13,5,84,Mitchell McClenaghan,Chris Morris,1,False,-0.5,47,Visakhapatnam,Dr. Y.S. Rajasekhara Reddy ACA-VDCA Cricket Stadium,False,True,83,13,13.833333333333334,105,7.590361445783132,20,207,102,6.166666666666666,16.540540540540544,6,4
13.6,13,6,85,Mitchell McClenaghan,Amit Mishra,0,False,1.0,47,Visakhapatnam,Dr. Y.S. Rajasekhara Reddy ACA-VDCA Cricket Stadium,False,True,84,13,14.0,105,7.5,20,207,102,6.0,17.0,6,4
14.1,14,1,86,Vinay Kumar,Chris Morris,0,False,1.0,47,Visakhapatnam,Dr. Y.S. Rajasekhara Reddy ACA-VDCA Cricket Stadium,False,True,85,14,14.166666666666666,105,7.411764705882353,20,207,102,5.833333333333334,17.485714285714284,6,4
14.2,14,2,87,Vinay Kumar,Chris Morris,0,False,1.0,47,Visakhapatnam,Dr. Y.S. Rajasekhara Reddy ACA-VDCA Cricket Stadium,False,True,86,14,14.333333333333334,105,7.325581395348837,20,207,102,5.666666666666666,18.000000000000004,6,4
14.3,14,3,88,Vinay Kumar,Chris Morris,1,False,-0.5,47,Visakhapatnam,Dr. Y.S. Rajasekhara Reddy ACA-VDCA Cricket Stadium,False,True,87,14,14.5,106,7.310344827586207,20,207,101,5.5,18.363636363636363,6,4
14.4,14,4,89,Vinay Kumar,Amit Mishra,0,False,1.0,47,Visakhapatnam,Dr. Y.S. Rajasekhara Reddy ACA-VDCA Cricket Stadium,False,True,88,14,14.666666666666666,106,7.2272727272727275,20,207,101,5.333333333333334,18.937499999999996,6,4
14.5,14,5,90,Vinay Kumar,Amit Mishra,1,False,-0.5,47,Visakhapatnam,Dr. Y.S. Rajasekhara Reddy ACA-VDCA Cricket Stadium,False,True,89,14,14.833333333333334,107,7.213483146067415,20,207,100,5.166666666666666,19.35483870967742,6,4
14.6,14,6,91,Vinay Kumar,Chris Morris,1,False,-0.5,47,Visakhapatnam,Dr. Y.S. Rajasekhara Reddy ACA-VDCA Cricket Stadium,False,True,90,14,15.0,108,7.2,20,207,99,5.0,19.8,6,4
15.1,15,1,92,Jasprit Bumrah,Chris Morris,1,False,-0.5,47,Visakhapatnam,Dr. Y.S. Rajasekhara Reddy ACA-VDCA Cricket Stadium,False,True,91,15,15.166666666666666,109,7.186813186813187,20,207,98,4.833333333333334,20.275862068965516,6,4
15.2,15,2,93,Jasprit Bumrah,Amit Mishra,0,False,1.0,47,Visakhapatnam,Dr. Y.S. Rajasekhara Reddy ACA-VDCA Cricket Stadium,False,True,92,15,15.333333333333334,109,7.108695652173913,20,207,98,4.666666666666666,21.000000000000004,6,4
15.3,15,3,94,Jasprit Bumrah,Amit Mishra,0,True,5.0,47,Visakhapatnam,Dr. Y.S. Rajasekhara Reddy ACA-VDCA Cricket Stadium,False,True,93,15,15.5,109,7.032258064516129,20,207,98,4.5,21.77777777777778,7,3
15.4,15,4,95,Jasprit Bumrah,Shahbaz Nadeem,1,False,-0.25,47,Visakhapatnam,Dr. Y.S. Rajasekhara Reddy ACA-VDCA Cricket Stadium,False,True,94,15,15.666666666666666,110,7.021276595744681,20,207,97,4.333333333333334,22.384615384615383,7,3
15.5,15,5,96,Jasprit Bumrah,Chris Morris,0,False,1.0,47,Visakhapatnam,Dr. Y.S. Rajasekhara Reddy ACA-VDCA Cricket Stadium,False,True,95,15,15.833333333333334,110,6.947368421052631,20,207,97,4.166666666666666,23.280000000000005,7,3
15.6,15,6,97,Jasprit Bumrah,Chris Morris,1,False,-0.5,47,Visakhapatnam,Dr. Y.S. Rajasekhara Reddy ACA-VDCA Cricket Stadium,False,True,96,15,16.0,111,6.9375,20,207,96,4.0,24.0,7,3
16.1,16,1,98,Vinay Kumar,Chris Morris,0,False,1.0,47,Visakhapatnam,Dr. Y.S. Rajasekhara Reddy ACA-VDCA Cricket Stadium,False,True,97,16,16.166666666666668,111,6.865979381443299,20,207,96,3.833333333333332,25.043478260869573,7,3
16.2,16,2,99,Vinay Kumar,Chris Morris,6,False,-3.0,47,Visakhapatnam,Dr. Y.S. Rajasekhara Reddy ACA-VDCA Cricket Stadium,False,True,98,16,16.333333333333332,117,7.163265306122449,20,207,90,3.666666666666668,24.545454545454536,7,3
16.3,16,3,100,Vinay Kumar,Chris Morris,0,False,1.0,47,Visakhapatnam,Dr. Y.S. Rajasekhara Reddy ACA-VDCA Cricket Stadium,False,True,99,16,16.5,117,7.090909090909091,20,207,90,3.5,25.714285714285715,7,3
16.4,16,4,101,Vinay Kumar,Chris Morris,0,True,5.0,47,Visakhapatnam,Dr. Y.S. Rajasekhara Reddy ACA-VDCA Cricket Stadium,False,True,100,16,16.666666666666668,117,7.02,20,207,90,3.333333333333332,27.00000000000001,8,2
16.5,16,5,102,Vinay Kumar,Imran Tahir,1,False,-0.5,47,Visakhapatnam,Dr. Y.S. Rajasekhara Reddy ACA-VDCA Cricket Stadium,False,True,101,16,16.833333333333332,118,7.009900990099011,20,207,89,3.166666666666668,28.105263157894726,8,2
16.6,16,6,103,Vinay Kumar,Shahbaz Nadeem,0,False,1.0,47,Visakhapatnam,Dr. Y.S. Rajasekhara Reddy ACA-VDCA Cricket Stadium,False,True,102,16,17.0,118,6.9411764705882355,20,207,89,3.0,29.666666666666668,8,2
17.1,17,1,104,Mitchell McClenaghan,Imran Tahir,0,False,1.0,47,Visakhapatnam,Dr. Y.S. Rajasekhara Reddy ACA-VDCA Cricket Stadium,False,True,103,17,17.166666666666668,118,6.87378640776699,20,207,89,2.833333333333332,31.411764705882366,8,2
17.2,17,2,105,Mitchell McClenaghan,Imran Tahir,0,False,1.0,47,Visakhapatnam,Dr. Y.S. Rajasekhara Reddy ACA-VDCA Cricket Stadium,False,True,104,17,17.333333333333332,118,6.807692307692308,20,207,89,2.666666666666668,33.374999999999986,8,2
17.3,17,3,106,Mitchell McClenaghan,Imran Tahir,0,False,1.0,47,Visakhapatnam,Dr. Y.S. Rajasekhara Reddy ACA-VDCA Cricket Stadium,False,True,105,17,17.5,118,6.742857142857143,20,207,89,2.5,35.6,8,2
17.4,17,4,107,Mitchell McClenaghan,Imran Tahir,0,False,1.0,47,Visakhapatnam,Dr. Y.S. Rajasekhara Reddy ACA-VDCA Cricket Stadium,False,True,106,17,17.666666666666668,118,6.679245283018868,20,207,89,2.333333333333332,38.14285714285716,8,2
17.5,17,5,108,Mitchell McClenaghan,Imran Tahir,4,False,-2.0,47,Visakhapatnam,Dr. Y.S. Rajasekhara Reddy ACA-VDCA Cricket Stadium,False,True,107,17,17.833333333333332,122,6.841121495327103,20,207,85,2.166666666666668,39.23076923076921,8,2
17.6,17,6,109,Mitchell McClenaghan,Imran Tahir,0,True,5.0,47,Visakhapatnam,Dr. Y.S. Rajasekhara Reddy ACA-VDCA Cricket Stadium,False,True,108,17,18.0,122,6.777777777777778,20,207,85,2.0,42.5,9,1
18.1,18,1,110,Jasprit Bumrah,Zaheer Khan,0,False,1.0,47,Visakhapatnam,Dr. Y.S. Rajasekhara Reddy ACA-VDCA Cricket Stadium,False,True,109,18,18.166666666666668,122,6.715596330275229,20,207,85,1.8333333333333321,46.363636363636395,9,1
18.2,18,2,111,Jasprit Bumrah,Zaheer Khan,1,False,-0.5,47,Visakhapatnam,Dr. Y.S. Rajasekhara Reddy ACA-VDCA Cricket Stadium,False,True,110,18,18.333333333333332,123,6.70909090909091,20,207,84,1.6666666666666679,50.39999999999996,9,1
18.3,18,3,112,Jasprit Bumrah,Shahbaz Nadeem,1,False,-0.5,47,Visakhapatnam,Dr. Y.S. Rajasekhara Reddy ACA-VDCA Cricket Stadium,False,True,111,18,18.5,124,6.702702702702703,20,207,83,1.5,55.333333333333336,9,1
18.4,18,4,113,Jasprit Bumrah,Zaheer Khan,1,False,-0.5,47,Visakhapatnam,Dr. Y.S. Rajasekhara Reddy ACA-VDCA Cricket Stadium,False,True,112,18,18.666666666666668,125,6.696428571428571,20,207,82,1.3333333333333321,61.50000000000006,9,1
18.5,18,5,114,Jasprit Bumrah,Shahbaz Nadeem,0,False,1.0,47,Visakhapatnam,Dr. Y.S. Rajasekhara Reddy ACA-VDCA Cricket Stadium,False,True,113,18,18.833333333333332,125,6.6371681415929205,20,207,82,1.1666666666666679,70.28571428571422,9,1
18.6,18,6,115,Jasprit Bumrah,Shahbaz Nadeem,0,False,1.0,47,Visakhapatnam,Dr. Y.S. Rajasekhara Reddy ACA-VDCA Cricket Stadium,False,True,114,18,19.0,125,6.578947368421052,20,207,82,1.0,82.0,9,1
19.1,19,1,116,Krunal Pandya,Zaheer Khan,0,True,5.0,47,Visakhapatnam,Dr. Y.S. Rajasekhara Reddy ACA-VDCA Cricket Stadium,False,True,115,19,19.166666666666668,125,6.521739130434782,20,207,82,0.8333333333333321,98.40000000000013,10,0
