Ball Number,over,ball,Ball,bowler,batsman,Runs,is_wicket,bowler_score,match_id,city,stadium,is_extra,legal_delivery,legal_deliveries_count,overs_completed,overs_bowled,total_runs,current_run_rate,total_overs,target,runs_needed,overs_remaining,required_run_rate,wickets_fallen,wickets_in_hand
0.1,0,1,1,Stuart Binny,Robin Uthappa,1,False,-0.5,48,Kolkata,Eden Gardens,False,True,1,0,0.16666666666666666,1,6.0,20,184,183,19.833333333333332,9.226890756302522,0,10
0.2,0,2,2,Stuart Binny,Gautam Gambhir,0,False,1.0,48,Kolkata,Eden Gardens,False,True,2,0,0.3333333333333333,1,3.0,20,184,183,19.666666666666668,9.305084745762711,0,10
0.3,0,3,3,Stuart Binny,Gautam Gambhir,0,False,1.0,48,Kolkata,Eden Gardens,False,True,3,0,0.5,1,2.0,20,184,183,19.5,9.384615384615385,0,10
0.4,0,4,4,Stuart Binny,Gautam Gambhir,2,False,-1.0,48,Kolkata,Eden Gardens,False,True,4,0,0.6666666666666666,3,4.5,20,184,181,19.333333333333332,9.362068965517242,0,10
0.5,0,5,5,Stuart Binny,Gautam Gambhir,4,False,-2.0,48,Kolkata,Eden Gardens,False,True,5,0,0.8333333333333334,7,8.4,20,184,177,19.166666666666668,9.234782608695651,0,10
0.6,0,6,6,Stuart Binny,Gautam Gambhir,1,False,-0.5,48,Kolkata,Eden Gardens,False,True,6,0,1.0,8,8.0,20,184,176,19.0,9.263157894736842,0,10
1.1,1,1,7,Sreenath Aravind,Gautam Gambhir,0,False,1.0,48,Kolkata,Eden Gardens,False,True,7,1,1.1666666666666667,8,6.857142857142857,20,184,176,18.833333333333332,9.345132743362832,0,10
1.2,1,2,8,Sreenath Aravind,Gautam Gambhir,1,False,-0.5,48,Kolkata,Eden Gardens,False,True,8,1,1.3333333333333333,9,6.75,20,184,175,18.666666666666668,9.375,0,10
1.3,1,3,9,Sreenath Aravind,Robin Uthappa,1,False,-0.5,48,Kolkata,Eden Gardens,False,True,9,1,1.5,10,6.666666666666667,20,184,174,18.5,9.405405405405405,0,10
1.4,1,4,10,Sreenath Aravind,Gautam Gambhir,0,False,1.0,48,Kolkata,Eden Gardens,False,True,10,1,1.6666666666666665,10,6.000000000000001,20,184,174,18.333333333333332,9.490909090909092,0,10
1.5,1,5,11,Sreenath Aravind,Gautam Gambhir,0,False,1.0,48,Kolkata,Eden Gardens,False,True,11,1,1.8333333333333335,10,5.454545454545454,20,184,174,18.166666666666668,9.577981651376145,0,10
1.6,1,6,12,Sreenath Aravind,Gautam Gambhir,4,False,-2.0,48,Kolkata,Eden Gardens,False,True,12,1,2.0,14,7.0,20,184,170,18.0,9.444444444444445,0,10
2.1,2,1,13,Iqbal Abdulla,Robin Uthappa,0,False,1.0,48,Kolkata,Eden Gardens,False,True,13,2,2.1666666666666665,14,6.461538461538462,20,184,170,17.833333333333332,9.532710280373832,0,10
2.2,2,2,14,Iqbal Abdulla,Robin Uthappa,0,True,5.0,48,Kolkata,Eden Gardens,False,True,14,2,2.3333333333333335,14,6.0,20,184,170,17.666666666666668,9.622641509433961,1,9
2.3,2,3,15,Iqbal Abdulla,Manish Pandey,4,False,-2.0,48,Kolkata,Eden Gardens,False,True,15,2,2.5,18,7.2,20,184,166,17.5,9.485714285714286,1,9
2.4,2,4,16,Iqbal Abdulla,Manish Pandey,0,False,1.0,48,Kolkata,Eden Gardens,False,True,16,2,2.6666666666666665,18,6.75,20,184,166,17.333333333333332,9.576923076923078,1,9
2.5,2,5,17,Iqbal Abdulla,Manish Pandey,0,False,1.0,48,Kolkata,Eden Gardens,False,True,17,2,2.8333333333333335,18,6.352941176470588,20,184,166,17.166666666666668,9.669902912621358,1,9
2.6,2,6,18,Iqbal Abdulla,Manish Pandey,0,False,1.0,48,Kolkata,Eden Gardens,False,True,18,2,3.0,18,6.0,20,184,166,17.0,9.764705882352942,1,9
3.1,3,1,19,Sreenath Aravind,Gautam Gambhir,1,False,-0.5,48,Kolkata,Eden Gardens,False,True,19,3,3.1666666666666665,19,6.0,20,184,165,16.833333333333332,9.801980198019802,1,9
3.2,3,2,20,Sreenath Aravind,Manish Pandey,1,False,-0.5,48,Kolkata,Eden Gardens,False,True,20,3,3.3333333333333335,20,6.0,20,184,164,16.666666666666668,9.84,1,9
3.3,3,3,21,Sreenath Aravind,Gautam Gambhir,4,False,-2.0,48,Kolkata,Eden Gardens,False,True,21,3,3.5,24,6.857142857142857,20,184,160,16.5,9.696969696969697,1,9
3.4,3,4,22,Sreenath Aravind,Gautam Gambhir,1,False,-0.5,48,Kolkata,Eden Gardens,False,True,22,3,3.6666666666666665,25,6.818181818181818,20,184,159,16.333333333333332,9.73469387755102,1,9
3.5,3,5,23,Sreenath Aravind,Manish Pandey,4,False,-2.0,48,Kolkata,Eden Gardens,False,True,23,3,3.8333333333333335,29,7.565217391304348,20,184,155,16.166666666666668,9.587628865979381,1,9
3.6,3,6,24,Sreenath Aravind,Manish Pandey,4,False,-2.0,48,Kolkata,Eden Gardens,False,True,24,3,4.0,33,8.25,20,184,151,16.0,9.4375,1,9
4.1,4,1,25,Iqbal Abdulla,Gautam Gambhir,1,False,-0.5,48,Kolkata,Eden Gardens,False,True,25,4,4.166666666666667,34,8.16,20,184,150,15.833333333333332,9.473684210526317,1,9
4.2,4,2,26,Iqbal Abdulla,Manish Pandey,1,False,-0.5,48,Kolkata,Eden Gardens,False,True,26,4,4.333333333333333,35,8.076923076923077,20,184,149,15.666666666666668,9.51063829787234,1,9
4.3,4,3,27,Iqbal Abdulla,Gautam Gambhir,1,False,-0.5,48,Kolkata,Eden Gardens,False,True,27,4,4.5,36,8.0,20,184,148,15.5,9.548387096774194,1,9
4.4,4,4,28,Iqbal Abdulla,Manish Pandey,1,False,-0.5,48,Kolkata,Eden Gardens,False,True,28,4,4.666666666666667,37,7.928571428571428,20,184,147,15.333333333333332,9.58695652173913,1,9
4.5,4,5,29,Iqbal Abdulla,Gautam Gambhir,4,False,-2.0,48,Kolkata,Eden Gardens,False,True,29,4,4.833333333333333,41,8.482758620689655,20,184,143,15.166666666666668,9.428571428571427,1,9
4.6,4,6,30,Iqbal Abdulla,Gautam Gambhir,1,False,-0.5,48,Kolkata,Eden Gardens,False,True,30,4,5.0,42,8.4,20,184,142,15.0,9.466666666666667,1,9
5.1,5,1,31,Shane Watson,Gautam Gambhir,0,False,1.0,48,Kolkata,Eden Gardens,False,True,31,5,5.166666666666667,42,8.129032258064516,20,184,142,14.833333333333332,9.57303370786517,1,9
5.2,5,2,32,Shane Watson,Gautam Gambhir,0,False,1.0,48,Kolkata,Eden Gardens,False,True,32,5,5.333333333333333,42,7.875,20,184,142,14.666666666666668,9.681818181818182,1,9
5.3,5,3,33,Shane Watson,Gautam Gambhir,4,False,-2.0,48,Kolkata,Eden Gardens,False,True,33,5,5.5,46,8.363636363636363,20,184,138,14.5,9.517241379310345,1,9
5.4,5,4,34,Shane Watson,Gautam Gambhir,1,False,-0.5,48,Kolkata,Eden Gardens,False,True,34,5,5.666666666666667,47,8.294117647058822,20,184,137,14.333333333333332,9.558139534883722,1,9
5.5,5,5,35,Shane Watson,Manish Pandey,0,False,1.0,48,Kolkata,Eden Gardens,False,True,35,5,5.833333333333333,47,8.057142857142857,20,184,137,14.166666666666668,9.670588235294117,1,9
5.6,5,6,36,Shane Watson,Manish Pandey,4,False,-2.0,48,Kolkata,Eden Gardens,False,True,36,5,6.0,51,8.5,20,184,133,14.0,9.5,1,9
6.1,6,1,37,Yuzvendra Chahal,Gautam Gambhir,1,False,-0.5,48,Kolkata,Eden Gardens,False,True,37,6,6.166666666666667,52,8.432432432432432,20,184,132,13.833333333333332,9.542168674698797,1,9
6.2,6,2,38,Yuzvendra Chahal,Manish Pandey,6,False,-3.0,48,Kolkata,Eden Gardens,False,True,38,6,6.333333333333333,58,9.157894736842106,20,184,126,13.666666666666668,9.21951219512195,1,9
6.3,6,3,39,Yuzvendra Chahal,Manish Pandey,0,False,1.0,48,Kolkata,Eden Gardens,False,True,39,6,6.5,58,8.923076923076923,20,184,126,13.5,9.333333333333334,1,9
6.4,6,4,40,Yuzvendra Chahal,Manish Pandey,1,False,-0.5,48,Kolkata,Eden Gardens,False,True,40,6,6.666666666666667,59,8.85,20,184,125,13.333333333333332,9.375,1,9
6.5,6,5,41,Yuzvendra Chahal,Gautam Gambhir,4,False,-2.0,48,Kolkata,Eden Gardens,False,True,41,6,6.833333333333333,63,9.219512195121952,20,184,121,13.166666666666668,9.189873417721518,1,9
6.6,6,6,42,Yuzvendra Chahal,Gautam Gambhir,4,False,-2.0,48,Kolkata,Eden Gardens,False,True,42,6,7.0,67,9.571428571428571,20,184,117,13.0,9.0,1,9
7.1,7,1,43,Chris Jordan,Manish Pandey,1,False,-0.5,48,Kolkata,Eden Gardens,False,True,43,7,7.166666666666667,68,9.488372093023255,20,184,116,12.833333333333332,9.03896103896104,1,9
7.2,7,2,44,Chris Jordan,Gautam Gambhir,2,False,-1.0,48,Kolkata,Eden Gardens,False,True,44,7,7.333333333333333,70,9.545454545454545,20,184,114,12.666666666666668,9.0,1,9
7.3,7,3,45,Chris Jordan,Gautam Gambhir,1,False,-0.5,48,Kolkata,Eden Gardens,False,True,45,7,7.5,71,9.466666666666667,20,184,113,12.5,9.04,1,9
7.4,7,4,46,Chris Jordan,Manish Pandey,1,False,-0.5,48,Kolkata,Eden Gardens,False,True,46,7,7.666666666666667,72,9.391304347826086,20,184,112,12.333333333333332,9.081081081081082,1,9
7.5,7,5,47,Chris Jordan,Gautam Gambhir,1,False,-0.5,48,Kolkata,Eden Gardens,False,True,47,7,7.833333333333333,73,9.319148936170214,20,184,111,12.166666666666668,9.123287671232875,1,9
7.6,7,6,48,Chris Jordan,Manish Pandey,1,False,-0.5,48,Kolkata,Eden Gardens,False,True,48,7,8.0,74,9.25,20,184,110,12.0,9.166666666666666,1,9
8.1,8,1,49,Yuzvendra Chahal,Manish Pandey,0,False,1.0,48,Kolkata,Eden Gardens,False,True,49,8,8.166666666666666,74,9.061224489795919,20,184,110,11.833333333333334,9.295774647887324,1,9
8.2,8,2,50,Yuzvendra Chahal,Manish Pandey,1,False,-1.0,48,Kolkata,Eden Gardens,True,False,49,8,8.166666666666666,75,9.183673469387756,20,184,109,11.833333333333334,9.211267605633802,1,9
8.2,8,2,51,Yuzvendra Chahal,Manish Pandey,1,False,-0.5,48,Kolkata,Eden Gardens,False,True,50,8,8.333333333333334,76,9.12,20,184,108,11.666666666666666,9.257142857142858,1,9
8.3,8,3,52,Yuzvendra Chahal,Gautam Gambhir,2,False,-1.0,48,Kolkata,Eden Gardens,False,True,51,8,8.5,78,9.176470588235293,20,184,106,11.5,9.217391304347826,1,9
8.4,8,4,53,Yuzvendra Chahal,Gautam Gambhir,1,False,-0.5,48,Kolkata,Eden Gardens,False,True,52,8,8.666666666666666,79,9.115384615384617,20,184,105,11.333333333333334,9.26470588235294,1,9
8.5,8,5,54,Yuzvendra Chahal,Manish Pandey,1,False,-1.0,48,Kolkata,Eden Gardens,True,False,52,8,8.666666666666666,80,9.230769230769232,20,184,104,11.333333333333334,9.176470588235293,1,9
8.5,8,5,55,Yuzvendra Chahal,Manish Pandey,2,False,-1.0,48,Kolkata,Eden Gardens,False,True,53,8,8.833333333333334,82,9.283018867924527,20,184,102,11.166666666666666,9.134328358208956,1,9
8.6,8,6,56,Yuzvendra Chahal,Manish Pandey,0,False,1.0,48,Kolkata,Eden Gardens,False,True,54,8,9.0,82,9.11111111111111,20,184,102,11.0,9.272727272727273,1,9
9.1,9,1,57,Chris Jordan,Gautam Gambhir,1,False,-0.5,48,Kolkata,Eden Gardens,False,True,55,9,9.166666666666666,83,9.054545454545455,20,184,101,10.833333333333334,9.323076923076922,1,9
9.2,9,2,58,Chris Jordan,Manish Pandey,1,False,-0.5,48,Kolkata,Eden Gardens,False,True,56,9,9.333333333333334,84,9.0,20,184,100,10.666666666666666,9.375,1,9
9.3,9,3,59,Chris Jordan,Gautam Gambhir,2,False,-1.0,48,Kolkata,Eden Gardens,False,True,57,9,9.5,86,9.052631578947368,20,184,98,10.5,9.333333333333334,1,9
9.4,9,4,60,Chris Jordan,Gautam Gambhir,1,False,-0.5,48,Kolkata,Eden Gardens,False,True,58,9,9.666666666666666,87,9.0,20,184,97,10.333333333333334,9.387096774193548,1,9
9.5,9,5,61,Chris Jordan,Manish Pandey,0,False,1.0,48,Kolkata,Eden Gardens,False,True,59,9,9.833333333333334,87,8.847457627118644,20,184,97,10.166666666666666,9.540983606557377,1,9
9.6,9,6,62,Chris Jordan,Manish Pandey,0,False,1.0,48,Kolkata,Eden Gardens,False,True,60,9,10.0,87,8.7,20,184,97,10.0,9.7,1,9
10.1,10,1,63,Iqbal Abdulla,Gautam Gambhir,1,False,-0.5,48,Kolkata,Eden Gardens,False,True,61,10,10.166666666666666,88,8.655737704918034,20,184,96,9.833333333333334,9.762711864406779,1,9
10.2,10,2,64,Iqbal Abdulla,Manish Pandey,1,False,-0.5,48,Kolkata,Eden Gardens,False,True,62,10,10.333333333333334,89,8.612903225806452,20,184,95,9.666666666666666,9.827586206896552,1,9
10.2,10,2,65,Iqbal Abdulla,Manish Pandey,1,False,-1.0,48,Kolkata,Eden Gardens,True,False,62,10,10.333333333333334,90,8.709677419354838,20,184,94,9.666666666666666,9.724137931034484,1,9
10.3,10,3,66,Iqbal Abdulla,Gautam Gambhir,0,True,5.0,48,Kolkata,Eden Gardens,False,True,63,10,10.5,90,8.571428571428571,20,184,94,9.5,9.894736842105264,2,8
10.4,10,4,67,Iqbal Abdulla,Manish Pandey,1,False,-0.5,48,Kolkata,Eden Gardens,False,True,64,10,10.666666666666666,91,8.53125,20,184,93,9.333333333333334,9.964285714285714,2,8
10.5,10,5,68,Iqbal Abdulla,Yusuf Pathan,0,False,1.0,48,Kolkata,Eden Gardens,False,True,65,10,10.833333333333334,91,8.4,20,184,93,9.166666666666666,10.145454545454546,2,8
10.6,10,6,69,Iqbal Abdulla,Yusuf Pathan,0,False,1.0,48,Kolkata,Eden Gardens,False,True,66,10,11.0,91,8.272727272727273,20,184,93,9.0,10.333333333333334,2,8
11.1,11,1,70,Shane Watson,Manish Pandey,1,False,-0.5,48,Kolkata,Eden Gardens,False,True,67,11,11.166666666666666,92,8.238805970149254,20,184,92,8.833333333333334,10.415094339622641,2,8
11.2,11,2,71,Shane Watson,Yusuf Pathan,1,False,-0.5,48,Kolkata,Eden Gardens,False,True,68,11,11.333333333333334,93,8.205882352941176,20,184,91,8.666666666666666,10.5,2,8
11.3,11,3,72,Shane Watson,Manish Pandey,6,False,-3.0,48,Kolkata,Eden Gardens,False,True,69,11,11.5,99,8.608695652173912,20,184,85,8.5,10.0,2,8
11.4,11,4,73,Shane Watson,Manish Pandey,1,False,-0.5,48,Kolkata,Eden Gardens,False,True,70,11,11.666666666666666,100,8.571428571428571,20,184,84,8.333333333333334,10.08,2,8
11.5,11,5,74,Shane Watson,Yusuf Pathan,0,False,1.0,48,Kolkata,Eden Gardens,False,True,71,11,11.833333333333334,100,8.450704225352112,20,184,84,8.166666666666666,10.285714285714286,2,8
11.6,11,6,75,Shane Watson,Yusuf Pathan,0,False,1.0,48,Kolkata,Eden Gardens,False,True,72,11,12.0,100,8.333333333333334,20,184,84,8.0,10.5,2,8
12.1,12,1,76,Iqbal Abdulla,Manish Pandey,1,False,-0.5,48,Kolkata,Eden Gardens,False,True,73,12,12.166666666666666,101,8.301369863013699,20,184,83,7.833333333333334,10.595744680851062,2,8
12.2,12,2,77,Iqbal Abdulla,Yusuf Pathan,1,False,-0.25,48,Kolkata,Eden Gardens,False,True,74,12,12.333333333333334,102,8.27027027027027,20,184,82,7.666666666666666,10.695652173913045,2,8
12.3,12,3,78,Iqbal Abdulla,Manish Pandey,1,False,-0.25,48,Kolkata,Eden Gardens,False,True,75,12,12.5,103,8.24,20,184,81,7.5,10.8,2,8
12.4,12,4,79,Iqbal Abdulla,Yusuf Pathan,1,False,-0.5,48,Kolkata,Eden Gardens,False,True,76,12,12.666666666666666,104,8.210526315789474,20,184,80,7.333333333333334,10.909090909090908,2,8
12.5,12,5,80,Iqbal Abdulla,Manish Pandey,1,False,-0.5,48,Kolkata,Eden Gardens,False,True,77,12,12.833333333333334,105,8.181818181818182,20,184,79,7.166666666666666,11.023255813953488,2,8
12.6,12,6,81,Iqbal Abdulla,Yusuf Pathan,2,False,-1.0,48,Kolkata,Eden Gardens,False,True,78,12,13.0,107,8.23076923076923,20,184,77,7.0,11.0,2,8
13.1,13,1,82,Sreenath Aravind,Manish Pandey,4,False,-2.0,48,Kolkata,Eden Gardens,False,True,79,13,13.166666666666666,111,8.430379746835444,20,184,73,6.833333333333334,10.682926829268292,2,8
13.2,13,2,83,Sreenath Aravind,Manish Pandey,1,False,-0.5,48,Kolkata,Eden Gardens,False,True,80,13,13.333333333333334,112,8.4,20,184,72,6.666666666666666,10.8,2,8
13.3,13,3,84,Sreenath Aravind,Yusuf Pathan,1,False,-0.5,48,Kolkata,Eden Gardens,False,True,81,13,13.5,113,8.37037037037037,20,184,71,6.5,10.923076923076923,2,8
13.4,13,4,85,Sreenath Aravind,Manish Pandey,0,True,5.0,48,Kolkata,Eden Gardens,False,True,82,13,13.666666666666666,113,8.26829268292683,20,184,71,6.333333333333334,11.210526315789473,3,7
13.5,13,5,86,Sreenath Aravind,Yusuf Pathan,4,False,-0.25,48,Kolkata,Eden Gardens,False,True,83,13,13.833333333333334,117,8.457831325301205,20,184,67,6.166666666666666,10.864864864864867,3,7
13.6,13,6,87,Sreenath Aravind,Yusuf Pathan,1,False,-0.5,48,Kolkata,Eden Gardens,False,True,84,13,14.0,118,8.428571428571429,20,184,66,6.0,11.0,3,7
14.1,14,1,88,Yuzvendra Chahal,Yusuf Pathan,0,True,5.0,48,Kolkata,Eden Gardens,False,True,85,14,14.166666666666666,118,8.329411764705883,20,184,66,5.833333333333334,11.314285714285713,4,6
14.2,14,2,89,Yuzvendra Chahal,Suryakumar Yadav,0,False,1.0,48,Kolkata,Eden Gardens,False,True,86,14,14.333333333333334,118,8.232558139534884,20,184,66,5.666666666666666,11.647058823529413,4,6
14.3,14,3,90,Yuzvendra Chahal,Suryakumar Yadav,4,False,-2.0,48,Kolkata,Eden Gardens,False,True,87,14,14.5,122,8.413793103448276,20,184,62,5.5,11.272727272727273,4,6
14.4,14,4,91,Yuzvendra Chahal,Suryakumar Yadav,0,False,1.0,48,Kolkata,Eden Gardens,False,True,88,14,14.666666666666666,122,8.318181818181818,20,184,62,5.333333333333334,11.624999999999998,4,6
14.5,14,5,92,Yuzvendra Chahal,Suryakumar Yadav,1,False,-0.5,48,Kolkata,Eden Gardens,False,True,89,14,14.833333333333334,123,8.292134831460674,20,184,61,5.166666666666666,11.806451612903228,4,6
14.6,14,6,93,Yuzvendra Chahal,Andre Russell,1,False,-0.5,48,Kolkata,Eden Gardens,False,True,90,14,15.0,124,8.266666666666667,20,184,60,5.0,12.0,4,6
15.1,15,1,94,Sreenath Aravind,Andre Russell,1,False,-0.5,48,Kolkata,Eden Gardens,False,True,91,15,15.166666666666666,125,8.241758241758243,20,184,59,4.833333333333334,12.206896551724137,4,6
15.2,15,2,95,Sreenath Aravind,Suryakumar Yadav,0,True,5.0,48,Kolkata,Eden Gardens,False,True,92,15,15.333333333333334,125,8.152173913043478,20,184,59,4.666666666666666,12.642857142857144,5,5
15.3,15,3,96,Sreenath Aravind,Andre Russell,6,False,-3.0,48,Kolkata,Eden Gardens,False,True,93,15,15.5,131,8.451612903225806,20,184,53,4.5,11.777777777777779,5,5
15.4,15,4,97,Sreenath Aravind,Andre Russell,1,False,-0.5,48,Kolkata,Eden Gardens,False,True,94,15,15.666666666666666,132,8.425531914893618,20,184,52,4.333333333333334,11.999999999999998,5,5
15.5,15,5,98,Sreenath Aravind,Shakib Al Hasan,4,False,-2.0,48,Kolkata,Eden Gardens,False,True,95,15,15.833333333333334,136,8.589473684210526,20,184,48,4.166666666666666,11.520000000000001,5,5
15.6,15,6,99,Sreenath Aravind,Shakib Al Hasan,1,False,-0.5,48,Kolkata,Eden Gardens,False,True,96,15,16.0,137,8.5625,20,184,47,4.0,11.75,5,5
16.1,16,1,100,Yuzvendra Chahal,Shakib Al Hasan,1,False,-0.5,48,Kolkata,Eden Gardens,False,True,97,16,16.166666666666668,138,8.536082474226804,20,184,46,3.833333333333332,12.000000000000004,5,5
16.2,16,2,101,Yuzvendra Chahal,Andre Russell,0,False,1.0,48,Kolkata,Eden Gardens,False,True,98,16,16.333333333333332,138,8.448979591836736,20,184,46,3.666666666666668,12.545454545454541,5,5
16.3,16,3,102,Yuzvendra Chahal,Andre Russell,4,False,-2.0,48,Kolkata,Eden Gardens,False,True,99,16,16.5,142,8.606060606060606,20,184,42,3.5,12.0,5,5
16.4,16,4,103,Yuzvendra Chahal,Andre Russell,0,False,1.0,48,Kolkata,Eden Gardens,False,True,100,16,16.666666666666668,142,8.52,20,184,42,3.333333333333332,12.600000000000005,5,5
16.5,16,5,104,Yuzvendra Chahal,Andre Russell,2,False,-1.0,48,Kolkata,Eden Gardens,False,True,101,16,16.833333333333332,144,8.554455445544555,20,184,40,3.166666666666668,12.631578947368416,5,5
16.6,16,6,105,Yuzvendra Chahal,Andre Russell,1,False,-0.5,48,Kolkata,Eden Gardens,False,True,102,16,17.0,145,8.529411764705882,20,184,39,3.0,13.0,5,5
17.1,17,1,106,Shane Watson,Andre Russell,1,False,-0.5,48,Kolkata,Eden Gardens,False,True,103,17,17.166666666666668,146,8.504854368932039,20,184,38,2.833333333333332,13.411764705882359,5,5
17.2,17,2,107,Shane Watson,Shakib Al Hasan,6,False,-3.0,48,Kolkata,Eden Gardens,False,True,104,17,17.333333333333332,152,8.76923076923077,20,184,32,2.666666666666668,11.999999999999995,5,5
17.3,17,3,108,Shane Watson,Shakib Al Hasan,1,False,-0.5,48,Kolkata,Eden Gardens,False,True,105,17,17.5,153,8.742857142857142,20,184,31,2.5,12.4,5,5
17.4,17,4,109,Shane Watson,Andre Russell,6,False,-3.0,48,Kolkata,Eden Gardens,False,True,106,17,17.666666666666668,159,9.0,20,184,25,2.333333333333332,10.714285714285719,5,5
17.5,17,5,110,Shane Watson,Andre Russell,1,False,-0.5,48,Kolkata,Eden Gardens,False,True,107,17,17.833333333333332,160,8.971962616822431,20,184,24,2.166666666666668,11.076923076923071,5,5
17.6,17,6,111,Shane Watson,Shakib Al Hasan,1,False,-0.5,48,Kolkata,Eden Gardens,False,True,108,17,18.0,161,8.944444444444445,20,184,23,2.0,11.5,5,5
18.1,18,1,112,Chris Jordan,Shakib Al Hasan,0,False,1.0,48,Kolkata,Eden Gardens,False,True,109,18,18.166666666666668,161,8.862385321100916,20,184,23,1.8333333333333321,12.545454545454554,5,5
18.2,18,2,113,Chris Jordan,Shakib Al Hasan,1,False,-0.5,48,Kolkata,Eden Gardens,False,True,110,18,18.333333333333332,162,8.836363636363638,20,184,22,1.6666666666666679,13.19999999999999,5,5
18.3,18,3,114,Chris Jordan,Andre Russell,1,False,-1.0,48,Kolkata,Eden Gardens,True,False,110,18,18.333333333333332,163,8.89090909090909,20,184,21,1.6666666666666679,12.59999999999999,5,5
18.3,18,3,115,Chris Jordan,Andre Russell,1,False,-0.5,48,Kolkata,Eden Gardens,False,True,111,18,18.5,164,8.864864864864865,20,184,20,1.5,13.333333333333334,5,5
18.4,18,4,116,Chris Jordan,Shakib Al Hasan,1,False,-0.5,48,Kolkata,Eden Gardens,False,True,112,18,18.666666666666668,165,8.839285714285714,20,184,19,1.3333333333333321,14.250000000000012,5,5
18.5,18,5,117,Chris Jordan,Andre Russell,0,False,1.0,48,Kolkata,Eden Gardens,False,True,113,18,18.833333333333332,165,8.761061946902656,20,184,19,1.1666666666666679,16.28571428571427,5,5
18.6,18,6,118,Chris Jordan,Andre Russell,6,False,-3.0,48,Kolkata,Eden Gardens,False,True,114,18,19.0,171,9.0,20,184,13,1.0,13.0,5,5
19.1,19,1,119,Shane Watson,Shakib Al Hasan,1,False,-0.5,48,Kolkata,Eden Gardens,False,True,115,19,19.166666666666668,172,8.97391304347826,20,184,12,0.8333333333333321,14.40000000000002,5,5
19.2,19,2,120,Shane Watson,Andre Russell,1,False,-0.5,48,Kolkata,Eden Gardens,False,True,116,19,19.333333333333332,173,8.948275862068966,20,184,11,0.6666666666666679,16.49999999999997,5,5
19.3,19,3,121,Shane Watson,Shakib Al Hasan,1,False,-0.5,48,Kolkata,Eden Gardens,False,True,117,19,19.5,174,8.923076923076923,20,184,10,0.5,20.0,5,5
19.4,19,4,122,Shane Watson,Andre Russell,4,False,-2.0,48,Kolkata,Eden Gardens,False,True,118,19,19.666666666666668,178,9.050847457627118,20,184,6,0.33333333333333215,18.000000000000064,5,5
19.5,19,5,123,Shane Watson,Andre Russell,1,False,-0.5,48,Kolkata,Eden Gardens,False,True,119,19,19.833333333333332,179,9.025210084033613,20,184,5,0.16666666666666785,29.999999999999787,5,5
19.6,19,6,124,Shane Watson,Shakib Al Hasan,2,False,-1.0,48,Kolkata,Eden Gardens,True,False,119,19,19.833333333333332,181,9.126050420168069,20,184,3,0.16666666666666785,17.999999999999872,5,5
19.6,19,6,125,Shane Watson,Andre Russell,2,False,-1.0,48,Kolkata,Eden Gardens,False,True,120,19,20.0,183,9.15,20,184,1,0.0,inf,5,5
