Ball Number,over,ball,Ball,bowler,batsman,Runs,is_wicket,bowler_score,match_id,city,stadium,is_extra,legal_delivery,legal_deliveries_count,overs_completed,overs_bowled,total_runs,current_run_rate,total_overs,target,runs_needed,overs_remaining,required_run_rate,wickets_fallen,wickets_in_hand
0.1,0,1,1,Vinay Kumar,Aaron Finch,0,False,1.0,54,Kanpur,Green Park,False,True,1,0,0.16666666666666666,0,0.0,20,173,173,19.833333333333332,8.722689075630253,0,10
0.2,0,2,2,Vinay Kumar,Aaron Finch,0,True,5.0,54,Kanpur,Green Park,False,True,2,0,0.3333333333333333,0,0.0,20,173,173,19.666666666666668,8.796610169491524,1,9
0.3,0,3,3,Vinay Kumar,Suresh Raina,0,False,1.0,54,Kanpur,Green Park,False,True,3,0,0.5,0,0.0,20,173,173,19.5,8.871794871794872,1,9
0.4,0,4,4,Vinay Kumar,Suresh Raina,0,False,1.0,54,Kanpur,Green Park,False,True,4,0,0.6666666666666666,0,0.0,20,173,173,19.333333333333332,8.948275862068966,1,9
0.5,0,5,5,Vinay Kumar,Suresh Raina,0,False,1.0,54,Kanpur,Green Park,False,True,5,0,0.8333333333333334,0,0.0,20,173,173,19.166666666666668,9.02608695652174,1,9
0.6,0,6,6,Vinay Kumar,Suresh Raina,0,False,1.0,54,Kanpur,Green Park,False,True,6,0,1.0,0,0.0,20,173,173,19.0,9.105263157894736,1,9
1.1,1,1,7,Jasprit Bumrah,Brendon McCullum,1,False,-1.0,54,Kanpur,Green Park,True,False,6,0,1.0,1,1.0,20,173,172,19.0,9.052631578947368,1,9
1.1,1,1,8,Jasprit Bumrah,Brendon McCullum,0,False,1.0,54,Kanpur,Green Park,False,True,7,1,1.1666666666666667,1,0.8571428571428571,20,173,172,18.833333333333332,9.132743362831858,1,9
1.2,1,2,9,Jasprit Bumrah,Brendon McCullum,0,False,1.0,54,Kanpur,Green Park,False,True,8,1,1.3333333333333333,1,0.75,20,173,172,18.666666666666668,9.214285714285714,1,9
1.3,1,3,10,Jasprit Bumrah,Brendon McCullum,4,False,-2.0,54,Kanpur,Green Park,False,True,9,1,1.5,5,3.3333333333333335,20,173,168,18.5,9.08108108108108,1,9
1.4,1,4,11,Jasprit Bumrah,Brendon McCullum,1,False,-1.0,54,Kanpur,Green Park,True,False,9,1,1.5,6,4.0,20,173,167,18.5,9.027027027027026,1,9
1.4,1,4,12,Jasprit Bumrah,Brendon McCullum,0,False,1.0,54,Kanpur,Green Park,False,True,10,1,1.6666666666666665,6,3.6000000000000005,20,173,167,18.333333333333332,9.10909090909091,1,9
1.5,1,5,13,Jasprit Bumrah,Brendon McCullum,1,False,-0.5,54,Kanpur,Green Park,False,True,11,1,1.8333333333333335,7,3.818181818181818,20,173,166,18.166666666666668,9.137614678899082,1,9
1.6,1,6,14,Jasprit Bumrah,Suresh Raina,1,False,-0.5,54,Kanpur,Green Park,False,True,12,1,2.0,8,4.0,20,173,165,18.0,9.166666666666666,1,9
2.1,2,1,15,Mitchell McClenaghan,Suresh Raina,4,False,-2.0,54,Kanpur,Green Park,False,True,13,2,2.1666666666666665,12,5.538461538461539,20,173,161,17.833333333333332,9.02803738317757,1,9
2.2,2,2,16,Mitchell McClenaghan,Suresh Raina,0,False,1.0,54,Kanpur,Green Park,False,True,14,2,2.3333333333333335,12,5.142857142857142,20,173,161,17.666666666666668,9.11320754716981,1,9
2.3,2,3,17,Mitchell McClenaghan,Suresh Raina,0,False,1.0,54,Kanpur,Green Park,False,True,15,2,2.5,12,4.8,20,173,161,17.5,9.2,1,9
2.4,2,4,18,Mitchell McClenaghan,Suresh Raina,4,False,-2.0,54,Kanpur,Green Park,False,True,16,2,2.6666666666666665,16,6.0,20,173,157,17.333333333333332,9.057692307692308,1,9
2.5,2,5,19,Mitchell McClenaghan,Suresh Raina,4,False,-2.0,54,Kanpur,Green Park,False,True,17,2,2.8333333333333335,20,7.0588235294117645,20,173,153,17.166666666666668,8.9126213592233,1,9
2.6,2,6,20,Mitchell McClenaghan,Suresh Raina,6,False,-3.0,54,Kanpur,Green Park,False,True,18,2,3.0,26,8.666666666666666,20,173,147,17.0,8.647058823529411,1,9
3.1,3,1,21,Vinay Kumar,Brendon McCullum,0,False,1.0,54,Kanpur,Green Park,False,True,19,3,3.1666666666666665,26,8.210526315789474,20,173,147,16.833333333333332,8.732673267326733,1,9
3.2,3,2,22,Vinay Kumar,Brendon McCullum,4,False,-2.0,54,Kanpur,Green Park,False,True,20,3,3.3333333333333335,30,9.0,20,173,143,16.666666666666668,8.58,1,9
3.3,3,3,23,Vinay Kumar,Brendon McCullum,0,False,1.0,54,Kanpur,Green Park,False,True,21,3,3.5,30,8.571428571428571,20,173,143,16.5,8.666666666666666,1,9
3.4,3,4,24,Vinay Kumar,Brendon McCullum,1,False,-0.5,54,Kanpur,Green Park,False,True,22,3,3.6666666666666665,31,8.454545454545455,20,173,142,16.333333333333332,8.693877551020408,1,9
3.5,3,5,25,Vinay Kumar,Suresh Raina,1,False,-0.5,54,Kanpur,Green Park,False,True,23,3,3.8333333333333335,32,8.347826086956522,20,173,141,16.166666666666668,8.721649484536082,1,9
3.6,3,6,26,Vinay Kumar,Brendon McCullum,1,False,-0.5,54,Kanpur,Green Park,False,True,24,3,4.0,33,8.25,20,173,140,16.0,8.75,1,9
4.1,4,1,27,Krunal Pandya,Brendon McCullum,4,False,-2.0,54,Kanpur,Green Park,False,True,25,4,4.166666666666667,37,8.879999999999999,20,173,136,15.833333333333332,8.589473684210526,1,9
4.2,4,2,28,Krunal Pandya,Brendon McCullum,2,False,-1.0,54,Kanpur,Green Park,False,True,26,4,4.333333333333333,39,9.0,20,173,134,15.666666666666668,8.553191489361701,1,9
4.3,4,3,29,Krunal Pandya,Brendon McCullum,4,False,-2.0,54,Kanpur,Green Park,False,True,27,4,4.5,43,9.555555555555555,20,173,130,15.5,8.387096774193548,1,9
4.4,4,4,30,Krunal Pandya,Brendon McCullum,1,False,-0.5,54,Kanpur,Green Park,False,True,28,4,4.666666666666667,44,9.428571428571429,20,173,129,15.333333333333332,8.413043478260871,1,9
4.5,4,5,31,Krunal Pandya,Suresh Raina,1,False,-0.5,54,Kanpur,Green Park,False,True,29,4,4.833333333333333,45,9.310344827586208,20,173,128,15.166666666666668,8.43956043956044,1,9
4.6,4,6,32,Krunal Pandya,Brendon McCullum,6,False,-3.0,54,Kanpur,Green Park,False,True,30,4,5.0,51,10.2,20,173,122,15.0,8.133333333333333,1,9
5.1,5,1,33,Jasprit Bumrah,Suresh Raina,4,False,-2.0,54,Kanpur,Green Park,False,True,31,5,5.166666666666667,55,10.64516129032258,20,173,118,14.833333333333332,7.955056179775282,1,9
5.2,5,2,34,Jasprit Bumrah,Suresh Raina,0,False,1.0,54,Kanpur,Green Park,False,True,32,5,5.333333333333333,55,10.3125,20,173,118,14.666666666666668,8.045454545454545,1,9
5.3,5,3,35,Jasprit Bumrah,Suresh Raina,6,False,-3.0,54,Kanpur,Green Park,False,True,33,5,5.5,61,11.090909090909092,20,173,112,14.5,7.724137931034483,1,9
5.4,5,4,36,Jasprit Bumrah,Suresh Raina,1,False,-0.5,54,Kanpur,Green Park,False,True,34,5,5.666666666666667,62,10.941176470588236,20,173,111,14.333333333333332,7.744186046511628,1,9
5.5,5,5,37,Jasprit Bumrah,Brendon McCullum,4,False,-2.0,54,Kanpur,Green Park,False,True,35,5,5.833333333333333,66,11.314285714285715,20,173,107,14.166666666666668,7.552941176470588,1,9
5.6,5,6,38,Jasprit Bumrah,Brendon McCullum,4,False,-2.0,54,Kanpur,Green Park,False,True,36,5,6.0,70,11.666666666666666,20,173,103,14.0,7.357142857142857,1,9
6.1,6,1,39,Krunal Pandya,Suresh Raina,4,False,-2.0,54,Kanpur,Green Park,False,True,37,6,6.166666666666667,74,12.0,20,173,99,13.833333333333332,7.156626506024097,1,9
6.2,6,2,40,Krunal Pandya,Suresh Raina,4,False,-2.0,54,Kanpur,Green Park,False,True,38,6,6.333333333333333,78,12.31578947368421,20,173,95,13.666666666666668,6.951219512195121,1,9
6.3,6,3,41,Krunal Pandya,Suresh Raina,1,False,-0.5,54,Kanpur,Green Park,False,True,39,6,6.5,79,12.153846153846153,20,173,94,13.5,6.962962962962963,1,9
6.4,6,4,42,Krunal Pandya,Brendon McCullum,0,False,1.0,54,Kanpur,Green Park,False,True,40,6,6.666666666666667,79,11.85,20,173,94,13.333333333333332,7.050000000000001,1,9
6.5,6,5,43,Krunal Pandya,Brendon McCullum,1,False,-0.5,54,Kanpur,Green Park,False,True,41,6,6.833333333333333,80,11.707317073170731,20,173,93,13.166666666666668,7.063291139240506,1,9
6.6,6,6,44,Krunal Pandya,Suresh Raina,0,False,1.0,54,Kanpur,Green Park,False,True,42,6,7.0,80,11.428571428571429,20,173,93,13.0,7.153846153846154,1,9
7.1,7,1,45,Harbhajan Singh,Brendon McCullum,4,False,-2.0,54,Kanpur,Green Park,False,True,43,7,7.166666666666667,84,11.720930232558139,20,173,89,12.833333333333332,6.935064935064935,1,9
7.2,7,2,46,Harbhajan Singh,Brendon McCullum,4,False,-2.0,54,Kanpur,Green Park,False,True,44,7,7.333333333333333,88,12.0,20,173,85,12.666666666666668,6.7105263157894735,1,9
7.3,7,3,47,Harbhajan Singh,Brendon McCullum,1,False,-0.5,54,Kanpur,Green Park,False,True,45,7,7.5,89,11.866666666666667,20,173,84,12.5,6.72,1,9
7.4,7,4,48,Harbhajan Singh,Suresh Raina,0,False,1.0,54,Kanpur,Green Park,False,True,46,7,7.666666666666667,89,11.608695652173912,20,173,84,12.333333333333332,6.810810810810811,1,9
7.5,7,5,49,Harbhajan Singh,Suresh Raina,0,False,1.0,54,Kanpur,Green Park,False,True,47,7,7.833333333333333,89,11.361702127659575,20,173,84,12.166666666666668,6.904109589041095,1,9
7.6,7,6,50,Harbhajan Singh,Suresh Raina,1,False,-0.5,54,Kanpur,Green Park,False,True,48,7,8.0,90,11.25,20,173,83,12.0,6.916666666666667,1,9
8.1,8,1,51,Mitchell McClenaghan,Suresh Raina,1,False,-0.5,54,Kanpur,Green Park,False,True,49,8,8.166666666666666,91,11.142857142857144,20,173,82,11.833333333333334,6.929577464788732,1,9
8.2,8,2,52,Mitchell McClenaghan,Brendon McCullum,1,False,-0.5,54,Kanpur,Green Park,False,True,50,8,8.333333333333334,92,11.04,20,173,81,11.666666666666666,6.942857142857143,1,9
8.3,8,3,53,Mitchell McClenaghan,Suresh Raina,1,False,-0.5,54,Kanpur,Green Park,False,True,51,8,8.5,93,10.941176470588236,20,173,80,11.5,6.956521739130435,1,9
8.4,8,4,54,Mitchell McClenaghan,Brendon McCullum,1,False,-0.5,54,Kanpur,Green Park,False,True,52,8,8.666666666666666,94,10.846153846153847,20,173,79,11.333333333333334,6.970588235294117,1,9
8.5,8,5,55,Mitchell McClenaghan,Suresh Raina,1,False,-0.5,54,Kanpur,Green Park,False,True,53,8,8.833333333333334,95,10.754716981132075,20,173,78,11.166666666666666,6.985074626865672,1,9
8.6,8,6,56,Mitchell McClenaghan,Brendon McCullum,1,False,-0.25,54,Kanpur,Green Park,False,True,54,8,9.0,96,10.666666666666666,20,173,77,11.0,7.0,1,9
9.1,9,1,57,Harbhajan Singh,Brendon McCullum,0,False,1.0,54,Kanpur,Green Park,False,True,55,9,9.166666666666666,96,10.472727272727273,20,173,77,10.833333333333334,7.107692307692307,1,9
9.2,9,2,58,Harbhajan Singh,Brendon McCullum,0,True,5.0,54,Kanpur,Green Park,False,True,56,9,9.333333333333334,96,10.285714285714285,20,173,77,10.666666666666666,7.21875,2,8
9.3,9,3,59,Harbhajan Singh,Dinesh Karthik,1,False,-0.5,54,Kanpur,Green Park,False,True,57,9,9.5,97,10.210526315789474,20,173,76,10.5,7.238095238095238,2,8
9.4,9,4,60,Harbhajan Singh,Suresh Raina,1,False,-0.5,54,Kanpur,Green Park,False,True,58,9,9.666666666666666,98,10.13793103448276,20,173,75,10.333333333333334,7.258064516129032,2,8
9.5,9,5,61,Harbhajan Singh,Dinesh Karthik,1,False,-0.5,54,Kanpur,Green Park,False,True,59,9,9.833333333333334,99,10.067796610169491,20,173,74,10.166666666666666,7.278688524590164,2,8
9.6,9,6,62,Harbhajan Singh,Suresh Raina,1,False,-0.5,54,Kanpur,Green Park,False,True,60,9,10.0,100,10.0,20,173,73,10.0,7.3,2,8
10.1,10,1,63,Vinay Kumar,Suresh Raina,4,False,-2.0,54,Kanpur,Green Park,False,True,61,10,10.166666666666666,104,10.229508196721312,20,173,69,9.833333333333334,7.016949152542373,2,8
10.2,10,2,64,Vinay Kumar,Suresh Raina,4,False,-2.0,54,Kanpur,Green Park,False,True,62,10,10.333333333333334,108,10.451612903225806,20,173,65,9.666666666666666,6.724137931034483,2,8
10.3,10,3,65,Vinay Kumar,Suresh Raina,1,False,-0.5,54,Kanpur,Green Park,False,True,63,10,10.5,109,10.380952380952381,20,173,64,9.5,6.7368421052631575,2,8
10.4,10,4,66,Vinay Kumar,Dinesh Karthik,1,False,-0.5,54,Kanpur,Green Park,False,True,64,10,10.666666666666666,110,10.3125,20,173,63,9.333333333333334,6.75,2,8
10.5,10,5,67,Vinay Kumar,Suresh Raina,1,False,-0.25,54,Kanpur,Green Park,False,True,65,10,10.833333333333334,111,10.246153846153845,20,173,62,9.166666666666666,6.763636363636364,2,8
10.6,10,6,68,Vinay Kumar,Dinesh Karthik,0,True,5.0,54,Kanpur,Green Park,False,True,66,10,11.0,111,10.090909090909092,20,173,62,9.0,6.888888888888889,3,7
11.1,11,1,69,Harbhajan Singh,Suresh Raina,1,False,-0.5,54,Kanpur,Green Park,False,True,67,11,11.166666666666666,112,10.029850746268657,20,173,61,8.833333333333334,6.90566037735849,3,7
11.2,11,2,70,Harbhajan Singh,Dwayne Smith,0,False,1.0,54,Kanpur,Green Park,False,True,68,11,11.333333333333334,112,9.88235294117647,20,173,61,8.666666666666666,7.038461538461539,3,7
11.3,11,3,71,Harbhajan Singh,Dwayne Smith,6,False,-3.0,54,Kanpur,Green Park,False,True,69,11,11.5,118,10.26086956521739,20,173,55,8.5,6.470588235294118,3,7
11.4,11,4,72,Harbhajan Singh,Dwayne Smith,1,False,-0.5,54,Kanpur,Green Park,False,True,70,11,11.666666666666666,119,10.200000000000001,20,173,54,8.333333333333334,6.4799999999999995,3,7
11.5,11,5,73,Harbhajan Singh,Suresh Raina,1,False,-0.5,54,Kanpur,Green Park,False,True,71,11,11.833333333333334,120,10.140845070422534,20,173,53,8.166666666666666,6.4897959183673475,3,7
11.6,11,6,74,Harbhajan Singh,Dwayne Smith,1,False,-0.5,54,Kanpur,Green Park,False,True,72,11,12.0,121,10.083333333333334,20,173,52,8.0,6.5,3,7
12.1,12,1,75,Jasprit Bumrah,Dwayne Smith,1,False,-0.5,54,Kanpur,Green Park,False,True,73,12,12.166666666666666,122,10.027397260273974,20,173,51,7.833333333333334,6.51063829787234,3,7
12.2,12,2,76,Jasprit Bumrah,Suresh Raina,0,True,5.0,54,Kanpur,Green Park,False,True,74,12,12.333333333333334,122,9.891891891891891,20,173,51,7.666666666666666,6.6521739130434785,4,6
12.3,12,3,77,Jasprit Bumrah,Dwayne Smith,0,False,1.0,54,Kanpur,Green Park,False,True,75,12,12.5,122,9.76,20,173,51,7.5,6.8,4,6
12.4,12,4,78,Jasprit Bumrah,Dwayne Smith,4,False,-2.0,54,Kanpur,Green Park,False,True,76,12,12.666666666666666,126,9.947368421052632,20,173,47,7.333333333333334,6.409090909090908,4,6
12.5,12,5,79,Jasprit Bumrah,Dwayne Smith,0,False,1.0,54,Kanpur,Green Park,False,True,77,12,12.833333333333334,126,9.818181818181818,20,173,47,7.166666666666666,6.558139534883721,4,6
12.6,12,6,80,Jasprit Bumrah,Dwayne Smith,0,False,1.0,54,Kanpur,Green Park,False,True,78,12,13.0,126,9.692307692307692,20,173,47,7.0,6.714285714285714,4,6
13.1,13,1,81,Harbhajan Singh,Ravindra Jadeja,0,False,1.0,54,Kanpur,Green Park,False,True,79,13,13.166666666666666,126,9.569620253164558,20,173,47,6.833333333333334,6.878048780487804,4,6
13.2,13,2,82,Harbhajan Singh,Ravindra Jadeja,0,False,1.0,54,Kanpur,Green Park,False,True,80,13,13.333333333333334,126,9.45,20,173,47,6.666666666666666,7.050000000000001,4,6
13.3,13,3,83,Harbhajan Singh,Ravindra Jadeja,1,False,-0.5,54,Kanpur,Green Park,False,True,81,13,13.5,127,9.407407407407407,20,173,46,6.5,7.076923076923077,4,6
13.4,13,4,84,Harbhajan Singh,Dwayne Smith,6,False,-3.0,54,Kanpur,Green Park,False,True,82,13,13.666666666666666,133,9.731707317073171,20,173,40,6.333333333333334,6.31578947368421,4,6
13.5,13,5,85,Harbhajan Singh,Dwayne Smith,4,False,-2.0,54,Kanpur,Green Park,False,True,83,13,13.833333333333334,137,9.903614457831324,20,173,36,6.166666666666666,5.837837837837839,4,6
13.6,13,6,86,Harbhajan Singh,Dwayne Smith,1,False,-0.5,54,Kanpur,Green Park,False,True,84,13,14.0,138,9.857142857142858,20,173,35,6.0,5.833333333333333,4,6
14.1,14,1,87,Mitchell McClenaghan,Dwayne Smith,4,False,-2.0,54,Kanpur,Green Park,False,True,85,14,14.166666666666666,142,10.023529411764706,20,173,31,5.833333333333334,5.314285714285714,4,6
14.2,14,2,88,Mitchell McClenaghan,Dwayne Smith,0,False,1.0,54,Kanpur,Green Park,False,True,86,14,14.333333333333334,142,9.906976744186046,20,173,31,5.666666666666666,5.470588235294119,4,6
14.3,14,3,89,Mitchell McClenaghan,Dwayne Smith,0,False,1.0,54,Kanpur,Green Park,False,True,87,14,14.5,142,9.793103448275861,20,173,31,5.5,5.636363636363637,4,6
14.4,14,4,90,Mitchell McClenaghan,Dwayne Smith,0,False,1.0,54,Kanpur,Green Park,False,True,88,14,14.666666666666666,142,9.681818181818182,20,173,31,5.333333333333334,5.812499999999999,4,6
14.5,14,5,91,Mitchell McClenaghan,Dwayne Smith,1,False,-0.5,54,Kanpur,Green Park,False,True,89,14,14.833333333333334,143,9.640449438202246,20,173,30,5.166666666666666,5.806451612903227,4,6
14.6,14,6,92,Mitchell McClenaghan,Ravindra Jadeja,4,False,-2.0,54,Kanpur,Green Park,False,True,90,14,15.0,147,9.8,20,173,26,5.0,5.2,4,6
15.1,15,1,93,Hardik Pandya,Dwayne Smith,4,False,-2.0,54,Kanpur,Green Park,False,True,91,15,15.166666666666666,151,9.956043956043956,20,173,22,4.833333333333334,4.551724137931034,4,6
15.2,15,2,94,Hardik Pandya,Dwayne Smith,0,False,1.0,54,Kanpur,Green Park,False,True,92,15,15.333333333333334,151,9.847826086956522,20,173,22,4.666666666666666,4.714285714285715,4,6
15.3,15,3,95,Hardik Pandya,Dwayne Smith,1,False,-0.5,54,Kanpur,Green Park,False,True,93,15,15.5,152,9.806451612903226,20,173,21,4.5,4.666666666666667,4,6
15.4,15,4,96,Hardik Pandya,Ravindra Jadeja,1,False,-1.0,54,Kanpur,Green Park,True,False,93,15,15.5,153,9.870967741935484,20,173,20,4.5,4.444444444444445,4,6
15.4,15,4,97,Hardik Pandya,Ravindra Jadeja,0,False,1.0,54,Kanpur,Green Park,False,True,94,15,15.666666666666666,153,9.76595744680851,20,173,20,4.333333333333334,4.615384615384615,4,6
15.5,15,5,98,Hardik Pandya,Ravindra Jadeja,4,False,-2.0,54,Kanpur,Green Park,False,True,95,15,15.833333333333334,157,9.91578947368421,20,173,16,4.166666666666666,3.8400000000000007,4,6
15.6,15,6,99,Hardik Pandya,Ravindra Jadeja,0,False,1.0,54,Kanpur,Green Park,False,True,96,15,16.0,157,9.8125,20,173,16,4.0,4.0,4,6
16.1,16,1,100,Jasprit Bumrah,Dwayne Smith,1,False,-0.5,54,Kanpur,Green Park,False,True,97,16,16.166666666666668,158,9.773195876288659,20,173,15,3.833333333333332,3.913043478260871,4,6
16.2,16,2,101,Jasprit Bumrah,Ravindra Jadeja,2,False,-1.0,54,Kanpur,Green Park,False,True,98,16,16.333333333333332,160,9.795918367346939,20,173,13,3.666666666666668,3.5454545454545445,4,6
16.3,16,3,102,Jasprit Bumrah,Ravindra Jadeja,4,False,-2.0,54,Kanpur,Green Park,False,True,99,16,16.5,164,9.93939393939394,20,173,9,3.5,2.5714285714285716,4,6
16.4,16,4,103,Jasprit Bumrah,Ravindra Jadeja,1,False,-0.5,54,Kanpur,Green Park,False,True,100,16,16.666666666666668,165,9.899999999999999,20,173,8,3.333333333333332,2.400000000000001,4,6
16.5,16,5,104,Jasprit Bumrah,Dwayne Smith,1,False,-0.5,54,Kanpur,Green Park,False,True,101,16,16.833333333333332,166,9.861386138613861,20,173,7,3.166666666666668,2.210526315789473,4,6
16.6,16,6,105,Jasprit Bumrah,Ravindra Jadeja,1,False,-1.0,54,Kanpur,Green Park,True,False,101,16,16.833333333333332,167,9.92079207920792,20,173,6,3.166666666666668,1.8947368421052624,4,6
16.6,16,6,106,Jasprit Bumrah,Ravindra Jadeja,0,False,1.0,54,Kanpur,Green Park,False,True,102,16,17.0,167,9.823529411764707,20,173,6,3.0,2.0,4,6
17.1,17,1,107,Mitchell McClenaghan,Dwayne Smith,1,False,-0.5,54,Kanpur,Green Park,False,True,103,17,17.166666666666668,168,9.78640776699029,20,173,5,2.833333333333332,1.764705882352942,4,6
17.2,17,2,108,Mitchell McClenaghan,Ravindra Jadeja,0,False,1.0,54,Kanpur,Green Park,False,True,104,17,17.333333333333332,168,9.692307692307693,20,173,5,2.666666666666668,1.8749999999999991,4,6
17.3,17,3,109,Mitchell McClenaghan,Ravindra Jadeja,0,False,1.0,54,Kanpur,Green Park,False,True,105,17,17.5,168,9.6,20,173,5,2.5,2.0,4,6
17.4,17,4,110,Mitchell McClenaghan,Ravindra Jadeja,4,False,-2.0,54,Kanpur,Green Park,False,True,106,17,17.666666666666668,172,9.735849056603772,20,173,1,2.333333333333332,0.42857142857142877,4,6
17.5,17,5,111,Mitchell McClenaghan,Ravindra Jadeja,1,False,-0.5,54,Kanpur,Green Park,False,True,107,17,17.833333333333332,173,9.700934579439252,20,173,0,2.166666666666668,0.0,4,6
