Ball Number,over,ball,Ball,bowler,batsman,Runs,is_wicket,bowler_score,match_id,city,stadium,is_extra,legal_delivery,legal_deliveries_count,overs_completed,overs_bowled,total_runs,current_run_rate,total_overs,target,runs_needed,overs_remaining,required_run_rate,wickets_fallen,wickets_in_hand
0.1,0,1,1,RP Singh,Aaron Finch,0,False,1.0,6,Rajkot,Saurashtra Cricket Association Stadium,False,True,1,0,0.16666666666666666,0,0.0,20,164,164,19.833333333333332,8.268907563025211,0,10
0.2,0,2,2,RP Singh,Aaron Finch,0,False,1.0,6,Rajkot,Saurashtra Cricket Association Stadium,False,True,2,0,0.3333333333333333,0,0.0,20,164,164,19.666666666666668,8.338983050847457,0,10
0.3,0,3,3,RP Singh,Aaron Finch,1,False,-0.25,6,Rajkot,Saurashtra Cricket Association Stadium,False,True,3,0,0.5,1,2.0,20,164,163,19.5,8.35897435897436,0,10
0.4,0,4,4,RP Singh,Brendon McCullum,4,False,-2.0,6,Rajkot,Saurashtra Cricket Association Stadium,False,True,4,0,0.6666666666666666,5,7.5,20,164,159,19.333333333333332,8.224137931034484,0,10
0.5,0,5,5,RP Singh,Brendon McCullum,1,False,-0.5,6,Rajkot,Saurashtra Cricket Association Stadium,False,True,5,0,0.8333333333333334,6,7.199999999999999,20,164,158,19.166666666666668,8.243478260869566,0,10
0.6,0,6,6,RP Singh,Aaron Finch,1,False,-0.5,6,Rajkot,Saurashtra Cricket Association Stadium,False,True,6,0,1.0,7,7.0,20,164,157,19.0,8.263157894736842,0,10
1.1,1,1,7,Ishant Sharma,Aaron Finch,4,False,-2.0,6,Rajkot,Saurashtra Cricket Association Stadium,False,True,7,1,1.1666666666666667,11,9.428571428571429,20,164,153,18.833333333333332,8.123893805309734,0,10
1.2,1,2,8,Ishant Sharma,Aaron Finch,0,False,1.0,6,Rajkot,Saurashtra Cricket Association Stadium,False,True,8,1,1.3333333333333333,11,8.25,20,164,153,18.666666666666668,8.196428571428571,0,10
1.3,1,3,9,Ishant Sharma,Aaron Finch,0,False,1.0,6,Rajkot,Saurashtra Cricket Association Stadium,False,True,9,1,1.5,11,7.333333333333333,20,164,153,18.5,8.27027027027027,0,10
1.4,1,4,10,Ishant Sharma,Aaron Finch,1,False,-0.5,6,Rajkot,Saurashtra Cricket Association Stadium,False,True,10,1,1.6666666666666665,12,7.200000000000001,20,164,152,18.333333333333332,8.290909090909091,0,10
1.5,1,5,11,Ishant Sharma,Brendon McCullum,1,False,-0.25,6,Rajkot,Saurashtra Cricket Association Stadium,False,True,11,1,1.8333333333333335,13,7.09090909090909,20,164,151,18.166666666666668,8.311926605504587,0,10
1.6,1,6,12,Ishant Sharma,Aaron Finch,0,False,1.0,6,Rajkot,Saurashtra Cricket Association Stadium,False,True,12,1,2.0,13,6.5,20,164,151,18.0,8.38888888888889,0,10
2.1,2,1,13,RP Singh,Brendon McCullum,0,False,1.0,6,Rajkot,Saurashtra Cricket Association Stadium,False,True,13,2,2.1666666666666665,13,6.0,20,164,151,17.833333333333332,8.46728971962617,0,10
2.2,2,2,14,RP Singh,Brendon McCullum,6,False,-3.0,6,Rajkot,Saurashtra Cricket Association Stadium,False,True,14,2,2.3333333333333335,19,8.142857142857142,20,164,145,17.666666666666668,8.20754716981132,0,10
2.3,2,3,15,RP Singh,Brendon McCullum,0,False,1.0,6,Rajkot,Saurashtra Cricket Association Stadium,False,True,15,2,2.5,19,7.6,20,164,145,17.5,8.285714285714286,0,10
2.4,2,4,16,RP Singh,Brendon McCullum,6,False,-3.0,6,Rajkot,Saurashtra Cricket Association Stadium,False,True,16,2,2.6666666666666665,25,9.375,20,164,139,17.333333333333332,8.01923076923077,0,10
2.5,2,5,17,RP Singh,Brendon McCullum,1,False,-0.5,6,Rajkot,Saurashtra Cricket Association Stadium,False,True,17,2,2.8333333333333335,26,9.176470588235293,20,164,138,17.166666666666668,8.03883495145631,0,10
2.6,2,6,18,RP Singh,Aaron Finch,1,False,-0.5,6,Rajkot,Saurashtra Cricket Association Stadium,False,True,18,2,3.0,27,9.0,20,164,137,17.0,8.058823529411764,0,10
3.1,3,1,19,Ishant Sharma,Aaron Finch,4,False,-2.0,6,Rajkot,Saurashtra Cricket Association Stadium,False,True,19,3,3.1666666666666665,31,9.789473684210527,20,164,133,16.833333333333332,7.900990099009902,0,10
3.2,3,2,20,Ishant Sharma,Aaron Finch,1,False,-0.5,6,Rajkot,Saurashtra Cricket Association Stadium,False,True,20,3,3.3333333333333335,32,9.6,20,164,132,16.666666666666668,7.919999999999999,0,10
3.3,3,3,21,Ishant Sharma,Brendon McCullum,1,False,-0.5,6,Rajkot,Saurashtra Cricket Association Stadium,False,True,21,3,3.5,33,9.428571428571429,20,164,131,16.5,7.9393939393939394,0,10
3.4,3,4,22,Ishant Sharma,Aaron Finch,4,False,-2.0,6,Rajkot,Saurashtra Cricket Association Stadium,False,True,22,3,3.6666666666666665,37,10.090909090909092,20,164,127,16.333333333333332,7.775510204081633,0,10
3.5,3,5,23,Ishant Sharma,Aaron Finch,0,False,1.0,6,Rajkot,Saurashtra Cricket Association Stadium,False,True,23,3,3.8333333333333335,37,9.652173913043478,20,164,127,16.166666666666668,7.855670103092783,0,10
3.6,3,6,24,Ishant Sharma,Aaron Finch,1,False,-0.5,6,Rajkot,Saurashtra Cricket Association Stadium,False,True,24,3,4.0,38,9.5,20,164,126,16.0,7.875,0,10
4.1,4,1,25,Murugan Ashwin,Aaron Finch,1,False,-0.5,6,Rajkot,Saurashtra Cricket Association Stadium,False,True,25,4,4.166666666666667,39,9.36,20,164,125,15.833333333333332,7.894736842105264,0,10
4.2,4,2,26,Murugan Ashwin,Brendon McCullum,3,False,-1.5,6,Rajkot,Saurashtra Cricket Association Stadium,False,True,26,4,4.333333333333333,42,9.692307692307693,20,164,122,15.666666666666668,7.787234042553191,0,10
4.3,4,3,27,Murugan Ashwin,Aaron Finch,0,False,1.0,6,Rajkot,Saurashtra Cricket Association Stadium,False,True,27,4,4.5,42,9.333333333333334,20,164,122,15.5,7.870967741935484,0,10
4.4,4,4,28,Murugan Ashwin,Aaron Finch,0,False,1.0,6,Rajkot,Saurashtra Cricket Association Stadium,False,True,28,4,4.666666666666667,42,9.0,20,164,122,15.333333333333332,7.9565217391304355,0,10
4.5,4,5,29,Murugan Ashwin,Aaron Finch,0,False,1.0,6,Rajkot,Saurashtra Cricket Association Stadium,False,True,29,4,4.833333333333333,42,8.689655172413794,20,164,122,15.166666666666668,8.043956043956044,0,10
4.6,4,6,30,Murugan Ashwin,Aaron Finch,0,False,1.0,6,Rajkot,Saurashtra Cricket Association Stadium,False,True,30,4,5.0,42,8.4,20,164,122,15.0,8.133333333333333,0,10
5.1,5,1,31,M Ashwin,Brendon McCullum,1,False,-0.25,6,Rajkot,Saurashtra Cricket Association Stadium,False,True,31,5,5.166666666666667,43,8.32258064516129,20,164,121,14.833333333333332,8.157303370786517,0,10
5.2,5,2,32,M Ashwin,Aaron Finch,4,False,-2.0,6,Rajkot,Saurashtra Cricket Association Stadium,False,True,32,5,5.333333333333333,47,8.8125,20,164,117,14.666666666666668,7.977272727272727,0,10
5.3,5,3,33,M Ashwin,Aaron Finch,4,False,-2.0,6,Rajkot,Saurashtra Cricket Association Stadium,False,True,33,5,5.5,51,9.272727272727273,20,164,113,14.5,7.793103448275862,0,10
5.4,5,4,34,M Ashwin,Aaron Finch,3,False,-1.0,6,Rajkot,Saurashtra Cricket Association Stadium,True,False,33,5,5.5,54,9.818181818181818,20,164,110,14.5,7.586206896551724,0,10
5.4,5,4,35,M Ashwin,Aaron Finch,4,False,-2.0,6,Rajkot,Saurashtra Cricket Association Stadium,False,True,34,5,5.666666666666667,58,10.235294117647058,20,164,106,14.333333333333332,7.395348837209303,0,10
5.5,5,5,36,M Ashwin,Aaron Finch,0,False,1.0,6,Rajkot,Saurashtra Cricket Association Stadium,False,True,35,5,5.833333333333333,58,9.942857142857143,20,164,106,14.166666666666668,7.48235294117647,0,10
5.6,5,6,37,M Ashwin,Aaron Finch,4,False,-2.0,6,Rajkot,Saurashtra Cricket Association Stadium,False,True,36,5,6.0,62,10.333333333333334,20,164,102,14.0,7.285714285714286,0,10
6.1,6,1,38,Rajat Bhatia,Brendon McCullum,1,False,-0.5,6,Rajkot,Saurashtra Cricket Association Stadium,False,True,37,6,6.166666666666667,63,10.216216216216216,20,164,101,13.833333333333332,7.301204819277109,0,10
6.2,6,2,39,Rajat Bhatia,Aaron Finch,0,False,1.0,6,Rajkot,Saurashtra Cricket Association Stadium,False,True,38,6,6.333333333333333,63,9.947368421052632,20,164,101,13.666666666666668,7.390243902439024,0,10
6.3,6,3,40,Rajat Bhatia,Aaron Finch,6,False,-3.0,6,Rajkot,Saurashtra Cricket Association Stadium,False,True,39,6,6.5,69,10.615384615384615,20,164,95,13.5,7.037037037037037,0,10
6.4,6,4,41,Rajat Bhatia,Aaron Finch,0,False,1.0,6,Rajkot,Saurashtra Cricket Association Stadium,False,True,40,6,6.666666666666667,69,10.35,20,164,95,13.333333333333332,7.125000000000001,0,10
6.5,6,5,42,Rajat Bhatia,Aaron Finch,0,False,1.0,6,Rajkot,Saurashtra Cricket Association Stadium,False,True,41,6,6.833333333333333,69,10.097560975609756,20,164,95,13.166666666666668,7.215189873417721,0,10
6.6,6,6,43,Rajat Bhatia,Aaron Finch,6,False,-3.0,6,Rajkot,Saurashtra Cricket Association Stadium,False,True,42,6,7.0,75,10.714285714285714,20,164,89,13.0,6.846153846153846,0,10
7.1,7,1,44,Mitchell Marsh,Brendon McCullum,1,False,-0.5,6,Rajkot,Saurashtra Cricket Association Stadium,False,True,43,7,7.166666666666667,76,10.604651162790697,20,164,88,12.833333333333332,6.857142857142858,0,10
7.2,7,2,45,Mitchell Marsh,Aaron Finch,2,False,-1.0,6,Rajkot,Saurashtra Cricket Association Stadium,False,True,44,7,7.333333333333333,78,10.636363636363637,20,164,86,12.666666666666668,6.789473684210526,0,10
7.3,7,3,46,Mitchell Marsh,Aaron Finch,1,False,-0.5,6,Rajkot,Saurashtra Cricket Association Stadium,False,True,45,7,7.5,79,10.533333333333333,20,164,85,12.5,6.8,0,10
7.4,7,4,47,Mitchell Marsh,Brendon McCullum,4,False,-2.0,6,Rajkot,Saurashtra Cricket Association Stadium,False,True,46,7,7.666666666666667,83,10.826086956521738,20,164,81,12.333333333333332,6.567567567567568,0,10
7.5,7,5,48,Mitchell Marsh,Brendon McCullum,1,False,-0.5,6,Rajkot,Saurashtra Cricket Association Stadium,False,True,47,7,7.833333333333333,84,10.72340425531915,20,164,80,12.166666666666668,6.575342465753424,0,10
7.6,7,6,49,Mitchell Marsh,Aaron Finch,1,False,-0.5,6,Rajkot,Saurashtra Cricket Association Stadium,False,True,48,7,8.0,85,10.625,20,164,79,12.0,6.583333333333333,0,10
8.1,8,1,50,M Ashwin,Aaron Finch,0,False,1.0,6,Rajkot,Saurashtra Cricket Association Stadium,False,True,49,8,8.166666666666666,85,10.408163265306124,20,164,79,11.833333333333334,6.676056338028169,0,10
8.2,8,2,51,M Ashwin,Aaron Finch,0,False,1.0,6,Rajkot,Saurashtra Cricket Association Stadium,False,True,50,8,8.333333333333334,85,10.2,20,164,79,11.666666666666666,6.771428571428571,0,10
8.3,8,3,52,M Ashwin,Aaron Finch,0,True,5.0,6,Rajkot,Saurashtra Cricket Association Stadium,False,True,51,8,8.5,85,10.0,20,164,79,11.5,6.869565217391305,1,9
8.4,8,4,53,M Ashwin,Suresh Raina,1,False,-0.5,6,Rajkot,Saurashtra Cricket Association Stadium,False,True,52,8,8.666666666666666,86,9.923076923076923,20,164,78,11.333333333333334,6.88235294117647,1,9
8.5,8,5,54,M Ashwin,Brendon McCullum,1,False,-0.5,6,Rajkot,Saurashtra Cricket Association Stadium,False,True,53,8,8.833333333333334,87,9.849056603773585,20,164,77,11.166666666666666,6.895522388059702,1,9
8.6,8,6,55,M Ashwin,Suresh Raina,0,False,1.0,6,Rajkot,Saurashtra Cricket Association Stadium,False,True,54,8,9.0,87,9.666666666666666,20,164,77,11.0,7.0,1,9
9.1,9,1,56,Murugan Ashwin,Brendon McCullum,0,False,1.0,6,Rajkot,Saurashtra Cricket Association Stadium,False,True,55,9,9.166666666666666,87,9.490909090909092,20,164,77,10.833333333333334,7.107692307692307,1,9
9.2,9,2,57,Murugan Ashwin,Brendon McCullum,1,False,-0.5,6,Rajkot,Saurashtra Cricket Association Stadium,False,True,56,9,9.333333333333334,88,9.428571428571429,20,164,76,10.666666666666666,7.125,1,9
9.3,9,3,58,Murugan Ashwin,Suresh Raina,2,False,-1.0,6,Rajkot,Saurashtra Cricket Association Stadium,False,True,57,9,9.5,90,9.473684210526315,20,164,74,10.5,7.0476190476190474,1,9
9.4,9,4,59,Murugan Ashwin,Suresh Raina,2,False,-1.0,6,Rajkot,Saurashtra Cricket Association Stadium,True,False,57,9,9.5,92,9.68421052631579,20,164,72,10.5,6.857142857142857,1,9
9.4,9,4,60,Murugan Ashwin,Brendon McCullum,1,False,-0.5,6,Rajkot,Saurashtra Cricket Association Stadium,False,True,58,9,9.666666666666666,93,9.620689655172415,20,164,71,10.333333333333334,6.870967741935483,1,9
9.5,9,5,61,Murugan Ashwin,Suresh Raina,0,False,1.0,6,Rajkot,Saurashtra Cricket Association Stadium,False,True,59,9,9.833333333333334,93,9.457627118644067,20,164,71,10.166666666666666,6.983606557377049,1,9
9.6,9,6,62,Murugan Ashwin,Suresh Raina,0,False,1.0,6,Rajkot,Saurashtra Cricket Association Stadium,False,True,60,9,10.0,93,9.3,20,164,71,10.0,7.1,1,9
10.1,10,1,63,M Ashwin,Brendon McCullum,1,False,-0.5,6,Rajkot,Saurashtra Cricket Association Stadium,False,True,61,10,10.166666666666666,94,9.245901639344263,20,164,70,9.833333333333334,7.11864406779661,1,9
10.2,10,2,64,M Ashwin,Suresh Raina,2,False,-1.0,6,Rajkot,Saurashtra Cricket Association Stadium,False,True,62,10,10.333333333333334,96,9.29032258064516,20,164,68,9.666666666666666,7.03448275862069,1,9
10.3,10,3,65,M Ashwin,Suresh Raina,1,False,-0.5,6,Rajkot,Saurashtra Cricket Association Stadium,False,True,63,10,10.5,97,9.238095238095237,20,164,67,9.5,7.052631578947368,1,9
10.4,10,4,66,M Ashwin,Brendon McCullum,1,False,-0.5,6,Rajkot,Saurashtra Cricket Association Stadium,False,True,64,10,10.666666666666666,98,9.1875,20,164,66,9.333333333333334,7.071428571428571,1,9
10.5,10,5,67,M Ashwin,Suresh Raina,1,False,-0.5,6,Rajkot,Saurashtra Cricket Association Stadium,False,True,65,10,10.833333333333334,99,9.138461538461538,20,164,65,9.166666666666666,7.090909090909092,1,9
10.6,10,6,68,M Ashwin,Brendon McCullum,2,False,-0.25,6,Rajkot,Saurashtra Cricket Association Stadium,False,True,66,10,11.0,101,9.181818181818182,20,164,63,9.0,7.0,1,9
11.1,11,1,69,Murugan Ashwin,Suresh Raina,1,False,-0.5,6,Rajkot,Saurashtra Cricket Association Stadium,False,True,67,11,11.166666666666666,102,9.134328358208956,20,164,62,8.833333333333334,7.018867924528301,1,9
11.2,11,2,70,Murugan Ashwin,Brendon McCullum,2,False,-1.0,6,Rajkot,Saurashtra Cricket Association Stadium,False,True,68,11,11.333333333333334,104,9.176470588235293,20,164,60,8.666666666666666,6.923076923076923,1,9
11.3,11,3,71,Murugan Ashwin,Brendon McCullum,0,False,1.0,6,Rajkot,Saurashtra Cricket Association Stadium,False,True,69,11,11.5,104,9.043478260869565,20,164,60,8.5,7.0588235294117645,1,9
11.4,11,4,72,Murugan Ashwin,Brendon McCullum,4,False,-2.0,6,Rajkot,Saurashtra Cricket Association Stadium,False,True,70,11,11.666666666666666,108,9.257142857142858,20,164,56,8.333333333333334,6.72,1,9
11.5,11,5,73,Murugan Ashwin,Brendon McCullum,6,False,-3.0,6,Rajkot,Saurashtra Cricket Association Stadium,False,True,71,11,11.833333333333334,114,9.633802816901408,20,164,50,8.166666666666666,6.122448979591837,1,9
11.6,11,6,74,Murugan Ashwin,Brendon McCullum,0,False,1.0,6,Rajkot,Saurashtra Cricket Association Stadium,False,True,72,11,12.0,114,9.5,20,164,50,8.0,6.25,1,9
12.1,12,1,75,Rajat Bhatia,Suresh Raina,1,False,-0.5,6,Rajkot,Saurashtra Cricket Association Stadium,False,True,73,12,12.166666666666666,115,9.452054794520548,20,164,49,7.833333333333334,6.25531914893617,1,9
12.2,12,2,76,Rajat Bhatia,Brendon McCullum,1,False,-0.5,6,Rajkot,Saurashtra Cricket Association Stadium,False,True,74,12,12.333333333333334,116,9.405405405405405,20,164,48,7.666666666666666,6.260869565217392,1,9
12.3,12,3,77,Rajat Bhatia,Suresh Raina,1,False,-0.5,6,Rajkot,Saurashtra Cricket Association Stadium,False,True,75,12,12.5,117,9.36,20,164,47,7.5,6.266666666666667,1,9
12.4,12,4,78,Rajat Bhatia,Brendon McCullum,1,False,-0.5,6,Rajkot,Saurashtra Cricket Association Stadium,False,True,76,12,12.666666666666666,118,9.31578947368421,20,164,46,7.333333333333334,6.2727272727272725,1,9
12.5,12,5,79,Rajat Bhatia,Suresh Raina,1,False,-0.5,6,Rajkot,Saurashtra Cricket Association Stadium,False,True,77,12,12.833333333333334,119,9.272727272727272,20,164,45,7.166666666666666,6.279069767441861,1,9
12.6,12,6,80,Rajat Bhatia,Brendon McCullum,1,False,-0.5,6,Rajkot,Saurashtra Cricket Association Stadium,False,True,78,12,13.0,120,9.23076923076923,20,164,44,7.0,6.285714285714286,1,9
13.1,13,1,81,Ishant Sharma,Brendon McCullum,0,True,5.0,6,Rajkot,Saurashtra Cricket Association Stadium,False,True,79,13,13.166666666666666,120,9.113924050632912,20,164,44,6.833333333333334,6.439024390243902,2,8
13.2,13,2,82,Ishant Sharma,Suresh Raina,2,False,-1.0,6,Rajkot,Saurashtra Cricket Association Stadium,False,True,80,13,13.333333333333334,122,9.15,20,164,42,6.666666666666666,6.300000000000001,2,8
13.3,13,3,83,Ishant Sharma,Suresh Raina,1,False,-0.5,6,Rajkot,Saurashtra Cricket Association Stadium,False,True,81,13,13.5,123,9.11111111111111,20,164,41,6.5,6.3076923076923075,2,8
13.4,13,4,84,Ishant Sharma,Dwayne Bravo,1,False,-0.25,6,Rajkot,Saurashtra Cricket Association Stadium,False,True,82,13,13.666666666666666,124,9.073170731707318,20,164,40,6.333333333333334,6.31578947368421,2,8
13.5,13,5,85,Ishant Sharma,Suresh Raina,4,False,-2.0,6,Rajkot,Saurashtra Cricket Association Stadium,False,True,83,13,13.833333333333334,128,9.25301204819277,20,164,36,6.166666666666666,5.837837837837839,2,8
13.6,13,6,86,Ishant Sharma,Suresh Raina,1,False,-0.5,6,Rajkot,Saurashtra Cricket Association Stadium,False,True,84,13,14.0,129,9.214285714285714,20,164,35,6.0,5.833333333333333,2,8
14.1,14,1,87,Murugan Ashwin,Suresh Raina,0,False,1.0,6,Rajkot,Saurashtra Cricket Association Stadium,False,True,85,14,14.166666666666666,129,9.105882352941176,20,164,35,5.833333333333334,5.999999999999999,2,8
14.2,14,2,88,Murugan Ashwin,Suresh Raina,0,False,1.0,6,Rajkot,Saurashtra Cricket Association Stadium,False,True,86,14,14.333333333333334,129,9.0,20,164,35,5.666666666666666,6.176470588235294,2,8
14.3,14,3,89,Murugan Ashwin,Suresh Raina,0,False,1.0,6,Rajkot,Saurashtra Cricket Association Stadium,False,True,87,14,14.5,129,8.89655172413793,20,164,35,5.5,6.363636363636363,2,8
14.4,14,4,90,Murugan Ashwin,Suresh Raina,2,False,-1.0,6,Rajkot,Saurashtra Cricket Association Stadium,False,True,88,14,14.666666666666666,131,8.931818181818182,20,164,33,5.333333333333334,6.187499999999999,2,8
14.5,14,5,91,Murugan Ashwin,Suresh Raina,1,False,-0.5,6,Rajkot,Saurashtra Cricket Association Stadium,False,True,89,14,14.833333333333334,132,8.898876404494382,20,164,32,5.166666666666666,6.193548387096775,2,8
14.6,14,6,92,Murugan Ashwin,Dwayne Bravo,0,False,1.0,6,Rajkot,Saurashtra Cricket Association Stadium,False,True,90,14,15.0,132,8.8,20,164,32,5.0,6.4,2,8
15.1,15,1,93,Ishant Sharma,Suresh Raina,1,False,-0.5,6,Rajkot,Saurashtra Cricket Association Stadium,False,True,91,15,15.166666666666666,133,8.76923076923077,20,164,31,4.833333333333334,6.413793103448275,2,8
15.2,15,2,94,Ishant Sharma,Dwayne Bravo,4,False,-2.0,6,Rajkot,Saurashtra Cricket Association Stadium,False,True,92,15,15.333333333333334,137,8.934782608695652,20,164,27,4.666666666666666,5.7857142857142865,2,8
15.3,15,3,95,Ishant Sharma,Dwayne Bravo,4,False,-2.0,6,Rajkot,Saurashtra Cricket Association Stadium,False,True,93,15,15.5,141,9.096774193548388,20,164,23,4.5,5.111111111111111,2,8
15.4,15,4,96,Ishant Sharma,Dwayne Bravo,4,False,-2.0,6,Rajkot,Saurashtra Cricket Association Stadium,False,True,94,15,15.666666666666666,145,9.25531914893617,20,164,19,4.333333333333334,4.384615384615384,2,8
15.5,15,5,97,Ishant Sharma,Dwayne Bravo,1,False,-0.5,6,Rajkot,Saurashtra Cricket Association Stadium,False,True,95,15,15.833333333333334,146,9.221052631578948,20,164,18,4.166666666666666,4.32,2,8
15.6,15,6,98,Ishant Sharma,Suresh Raina,1,False,-0.5,6,Rajkot,Saurashtra Cricket Association Stadium,False,True,96,15,16.0,147,9.1875,20,164,17,4.0,4.25,2,8
16.1,16,1,99,M Ashwin,Suresh Raina,0,True,5.0,6,Rajkot,Saurashtra Cricket Association Stadium,False,True,97,16,16.166666666666668,147,9.092783505154639,20,164,17,3.833333333333332,4.434782608695653,3,7
16.2,16,2,100,M Ashwin,Ravindra Jadeja,0,False,1.0,6,Rajkot,Saurashtra Cricket Association Stadium,False,True,98,16,16.333333333333332,147,9.0,20,164,17,3.666666666666668,4.636363636363635,3,7
16.3,16,3,101,M Ashwin,Ravindra Jadeja,1,False,-1.0,6,Rajkot,Saurashtra Cricket Association Stadium,True,False,98,16,16.333333333333332,148,9.061224489795919,20,164,16,3.666666666666668,4.363636363636362,3,7
16.3,16,3,102,M Ashwin,Ravindra Jadeja,1,False,-0.5,6,Rajkot,Saurashtra Cricket Association Stadium,False,True,99,16,16.5,149,9.030303030303031,20,164,15,3.5,4.285714285714286,3,7
16.4,16,4,103,M Ashwin,Dwayne Bravo,1,False,-0.5,6,Rajkot,Saurashtra Cricket Association Stadium,False,True,100,16,16.666666666666668,150,9.0,20,164,14,3.333333333333332,4.200000000000001,3,7
16.5,16,5,104,M Ashwin,Ravindra Jadeja,0,False,1.0,6,Rajkot,Saurashtra Cricket Association Stadium,False,True,101,16,16.833333333333332,150,8.910891089108912,20,164,14,3.166666666666668,4.421052631578946,3,7
16.6,16,6,105,M Ashwin,Ravindra Jadeja,1,False,-0.5,6,Rajkot,Saurashtra Cricket Association Stadium,False,True,102,16,17.0,151,8.882352941176471,20,164,13,3.0,4.333333333333333,3,7
17.1,17,1,106,Rajat Bhatia,Ravindra Jadeja,0,False,1.0,6,Rajkot,Saurashtra Cricket Association Stadium,False,True,103,17,17.166666666666668,151,8.796116504854368,20,164,13,2.833333333333332,4.588235294117649,3,7
17.2,17,2,107,Rajat Bhatia,Ravindra Jadeja,1,False,-0.5,6,Rajkot,Saurashtra Cricket Association Stadium,False,True,104,17,17.333333333333332,152,8.76923076923077,20,164,12,2.666666666666668,4.499999999999998,3,7
17.3,17,3,108,Rajat Bhatia,Dwayne Bravo,1,False,-0.25,6,Rajkot,Saurashtra Cricket Association Stadium,False,True,105,17,17.5,153,8.742857142857142,20,164,11,2.5,4.4,3,7
17.4,17,4,109,Rajat Bhatia,Ravindra Jadeja,0,False,1.0,6,Rajkot,Saurashtra Cricket Association Stadium,False,True,106,17,17.666666666666668,153,8.660377358490566,20,164,11,2.333333333333332,4.714285714285717,3,7
17.5,17,5,110,Rajat Bhatia,Ravindra Jadeja,2,False,-1.0,6,Rajkot,Saurashtra Cricket Association Stadium,True,False,106,17,17.666666666666668,155,8.773584905660377,20,164,9,2.333333333333332,3.857142857142859,3,7
17.5,17,5,111,Rajat Bhatia,Dwayne Bravo,2,False,-1.0,6,Rajkot,Saurashtra Cricket Association Stadium,False,True,107,17,17.833333333333332,157,8.80373831775701,20,164,7,2.166666666666668,3.230769230769229,3,7
17.6,17,6,112,Rajat Bhatia,Dwayne Bravo,6,False,-3.0,6,Rajkot,Saurashtra Cricket Association Stadium,False,True,108,17,18.0,163,9.055555555555555,20,164,1,2.0,0.5,3,7
18.1,18,1,113,RP Singh,Ravindra Jadeja,1,False,-1.0,6,Rajkot,Saurashtra Cricket Association Stadium,True,False,108,17,18.0,164,9.11111111111111,20,164,0,2.0,0.0,3,7
