Ball Number,over,ball,Ball,bowler,batsman,Runs,is_wicket,bowler_score,match_id,city,stadium,is_extra,legal_delivery,legal_deliveries_count,overs_completed,overs_bowled,total_runs,current_run_rate,total_overs,target,runs_needed,overs_remaining,required_run_rate,wickets_fallen,wickets_in_hand
0.1,0,1,1,Jasprit Bumrah,Virat Kohli,0,False,1.0,14,Mumbai,Wankhede Stadium,False,True,1,0,0.16666666666666666,0,0.0,20,214,214,19.833333333333332,10.789915966386555,0,10
0.2,0,2,2,Jasprit Bumrah,Virat Kohli,1,False,-0.5,14,Mumbai,Wankhede Stadium,False,True,2,0,0.3333333333333333,1,3.0,20,214,213,19.666666666666668,10.83050847457627,0,10
0.3,0,3,3,Jasprit Bumrah,de Kock,0,False,1.0,14,Mumbai,Wankhede Stadium,False,True,3,0,0.5,1,2.0,20,214,213,19.5,10.923076923076923,0,10
0.4,0,4,4,Jasprit Bumrah,de Kock,1,False,-1.0,14,Mumbai,Wankhede Stadium,True,False,3,0,0.5,2,4.0,20,214,212,19.5,10.871794871794872,0,10
0.4,0,4,5,Jasprit Bumrah,de Kock,1,False,-0.25,14,Mumbai,Wankhede Stadium,False,True,4,0,0.6666666666666666,3,4.5,20,214,211,19.333333333333332,10.913793103448276,0,10
0.5,0,5,6,Jasprit Bumrah,Virat Kohli,0,False,1.0,14,Mumbai,Wankhede Stadium,False,True,5,0,0.8333333333333334,3,3.5999999999999996,20,214,211,19.166666666666668,11.008695652173913,0,10
0.6,0,6,7,Jasprit Bumrah,Virat Kohli,4,False,-2.0,14,Mumbai,Wankhede Stadium,False,True,6,0,1.0,7,7.0,20,214,207,19.0,10.894736842105264,0,10
1.1,1,1,8,Krunal Pandya,de Kock,4,False,-2.0,14,Mumbai,Wankhede Stadium,False,True,7,1,1.1666666666666667,11,9.428571428571429,20,214,203,18.833333333333332,10.778761061946904,0,10
1.2,1,2,9,Krunal Pandya,de Kock,1,False,-0.5,14,Mumbai,Wankhede Stadium,False,True,8,1,1.3333333333333333,12,9.0,20,214,202,18.666666666666668,10.821428571428571,0,10
1.3,1,3,10,Krunal Pandya,Virat Kohli,4,False,-2.0,14,Mumbai,Wankhede Stadium,False,True,9,1,1.5,16,10.666666666666666,20,214,198,18.5,10.702702702702704,0,10
1.4,1,4,11,Krunal Pandya,Virat Kohli,0,False,1.0,14,Mumbai,Wankhede Stadium,False,True,10,1,1.6666666666666665,16,9.600000000000001,20,214,198,18.333333333333332,10.8,0,10
1.5,1,5,12,Krunal Pandya,Virat Kohli,4,False,-2.0,14,Mumbai,Wankhede Stadium,False,True,11,1,1.8333333333333335,20,10.909090909090908,20,214,194,18.166666666666668,10.678899082568806,0,10
1.6,1,6,13,Krunal Pandya,Virat Kohli,0,False,1.0,14,Mumbai,Wankhede Stadium,False,True,12,1,2.0,20,10.0,20,214,194,18.0,10.777777777777779,0,10
2.1,2,1,14,Mitchell McClenaghan,de Kock,1,False,-0.5,14,Mumbai,Wankhede Stadium,False,True,13,2,2.1666666666666665,21,9.692307692307693,20,214,193,17.833333333333332,10.822429906542057,0,10
2.2,2,2,15,Mitchell McClenaghan,Virat Kohli,0,False,1.0,14,Mumbai,Wankhede Stadium,False,True,14,2,2.3333333333333335,21,9.0,20,214,193,17.666666666666668,10.924528301886792,0,10
2.3,2,3,16,Mitchell McClenaghan,Virat Kohli,1,False,-0.5,14,Mumbai,Wankhede Stadium,False,True,15,2,2.5,22,8.8,20,214,192,17.5,10.971428571428572,0,10
2.4,2,4,17,Mitchell McClenaghan,de Kock,0,False,1.0,14,Mumbai,Wankhede Stadium,False,True,16,2,2.6666666666666665,22,8.25,20,214,192,17.333333333333332,11.076923076923078,0,10
2.5,2,5,18,Mitchell McClenaghan,de Kock,1,False,-0.5,14,Mumbai,Wankhede Stadium,False,True,17,2,2.8333333333333335,23,8.117647058823529,20,214,191,17.166666666666668,11.12621359223301,0,10
2.6,2,6,19,Mitchell McClenaghan,Virat Kohli,4,False,-2.0,14,Mumbai,Wankhede Stadium,False,True,18,2,3.0,27,9.0,20,214,187,17.0,11.0,0,10
3.1,3,1,20,Mustafizur Rahman,de Kock,4,False,-2.0,14,Mumbai,Wankhede Stadium,False,True,19,3,3.1666666666666665,31,9.789473684210527,20,214,183,16.833333333333332,10.871287128712872,0,10
3.2,3,2,21,Mustafizur Rahman,de Kock,1,False,-0.5,14,Mumbai,Wankhede Stadium,False,True,20,3,3.3333333333333335,32,9.6,20,214,182,16.666666666666668,10.92,0,10
3.3,3,3,22,Mustafizur Rahman,Virat Kohli,0,False,1.0,14,Mumbai,Wankhede Stadium,False,True,21,3,3.5,32,9.142857142857142,20,214,182,16.5,11.030303030303031,0,10
3.4,3,4,23,Mustafizur Rahman,Virat Kohli,1,False,-0.5,14,Mumbai,Wankhede Stadium,False,True,22,3,3.6666666666666665,33,9.0,20,214,181,16.333333333333332,11.081632653061225,0,10
3.5,3,5,24,Mustafizur Rahman,de Kock,6,False,-3.0,14,Mumbai,Wankhede Stadium,False,True,23,3,3.8333333333333335,39,10.17391304347826,20,214,175,16.166666666666668,10.824742268041236,0,10
3.6,3,6,25,Mustafizur Rahman,de Kock,1,False,-0.5,14,Mumbai,Wankhede Stadium,False,True,24,3,4.0,40,10.0,20,214,174,16.0,10.875,0,10
4.1,4,1,26,Mitchell McClenaghan,de Kock,0,True,5.0,14,Mumbai,Wankhede Stadium,False,True,25,4,4.166666666666667,40,9.6,20,214,174,15.833333333333332,10.989473684210527,1,9
4.2,4,2,27,Mitchell McClenaghan,de Villiers,1,False,-0.5,14,Mumbai,Wankhede Stadium,False,True,26,4,4.333333333333333,41,9.461538461538462,20,214,173,15.666666666666668,11.042553191489361,1,9
4.3,4,3,28,Mitchell McClenaghan,Virat Kohli,1,False,-0.5,14,Mumbai,Wankhede Stadium,False,True,27,4,4.5,42,9.333333333333334,20,214,172,15.5,11.096774193548388,1,9
4.4,4,4,29,Mitchell McClenaghan,de Villiers,0,True,5.0,14,Mumbai,Wankhede Stadium,False,True,28,4,4.666666666666667,42,9.0,20,214,172,15.333333333333332,11.217391304347826,2,8
4.5,4,5,30,Mitchell McClenaghan,Mandeep Singh,1,False,-0.5,14,Mumbai,Wankhede Stadium,False,True,29,4,4.833333333333333,43,8.896551724137932,20,214,171,15.166666666666668,11.274725274725274,2,8
4.6,4,6,31,Mitchell McClenaghan,Virat Kohli,1,False,-0.5,14,Mumbai,Wankhede Stadium,False,True,30,4,5.0,44,8.8,20,214,170,15.0,11.333333333333334,2,8
5.1,5,1,32,Mustafizur Rahman,Virat Kohli,4,False,-2.0,14,Mumbai,Wankhede Stadium,False,True,31,5,5.166666666666667,48,9.29032258064516,20,214,166,14.833333333333332,11.191011235955058,2,8
5.2,5,2,33,Mustafizur Rahman,Virat Kohli,1,False,-0.5,14,Mumbai,Wankhede Stadium,False,True,32,5,5.333333333333333,49,9.1875,20,214,165,14.666666666666668,11.249999999999998,2,8
5.3,5,3,34,Mustafizur Rahman,Mandeep Singh,4,False,-2.0,14,Mumbai,Wankhede Stadium,False,True,33,5,5.5,53,9.636363636363637,20,214,161,14.5,11.10344827586207,2,8
5.4,5,4,35,Mustafizur Rahman,Mandeep Singh,0,False,1.0,14,Mumbai,Wankhede Stadium,False,True,34,5,5.666666666666667,53,9.352941176470587,20,214,161,14.333333333333332,11.232558139534884,2,8
5.5,5,5,36,Mustafizur Rahman,Mandeep Singh,1,False,-0.5,14,Mumbai,Wankhede Stadium,False,True,35,5,5.833333333333333,54,9.257142857142858,20,214,160,14.166666666666668,11.294117647058822,2,8
5.6,5,6,37,Mustafizur Rahman,Virat Kohli,1,False,-0.5,14,Mumbai,Wankhede Stadium,False,True,36,5,6.0,55,9.166666666666666,20,214,159,14.0,11.357142857142858,2,8
6.1,6,1,38,Mayank Markande,Virat Kohli,0,False,1.0,14,Mumbai,Wankhede Stadium,False,True,37,6,6.166666666666667,55,8.91891891891892,20,214,159,13.833333333333332,11.493975903614459,2,8
6.2,6,2,39,Mayank Markande,Virat Kohli,0,False,1.0,14,Mumbai,Wankhede Stadium,False,True,38,6,6.333333333333333,55,8.68421052631579,20,214,159,13.666666666666668,11.634146341463413,2,8
6.3,6,3,40,Mayank Markande,Virat Kohli,1,False,-0.5,14,Mumbai,Wankhede Stadium,False,True,39,6,6.5,56,8.615384615384615,20,214,158,13.5,11.703703703703704,2,8
6.4,6,4,41,Mayank Markande,Mandeep Singh,1,False,-0.5,14,Mumbai,Wankhede Stadium,False,True,40,6,6.666666666666667,57,8.549999999999999,20,214,157,13.333333333333332,11.775,2,8
6.5,6,5,42,Mayank Markande,Virat Kohli,1,False,-0.5,14,Mumbai,Wankhede Stadium,False,True,41,6,6.833333333333333,58,8.487804878048781,20,214,156,13.166666666666668,11.848101265822784,2,8
6.6,6,6,43,Mayank Markande,Mandeep Singh,1,False,-0.25,14,Mumbai,Wankhede Stadium,False,True,42,6,7.0,59,8.428571428571429,20,214,155,13.0,11.923076923076923,2,8
7.1,7,1,44,Krunal Pandya,Mandeep Singh,1,False,-0.5,14,Mumbai,Wankhede Stadium,False,True,43,7,7.166666666666667,60,8.372093023255813,20,214,154,12.833333333333332,12.000000000000002,2,8
7.2,7,2,45,Krunal Pandya,Virat Kohli,1,False,-0.5,14,Mumbai,Wankhede Stadium,False,True,44,7,7.333333333333333,61,8.318181818181818,20,214,153,12.666666666666668,12.078947368421051,2,8
7.3,7,3,46,Krunal Pandya,Mandeep Singh,1,False,-0.5,14,Mumbai,Wankhede Stadium,False,True,45,7,7.5,62,8.266666666666667,20,214,152,12.5,12.16,2,8
7.4,7,4,47,Krunal Pandya,Virat Kohli,1,False,-0.5,14,Mumbai,Wankhede Stadium,False,True,46,7,7.666666666666667,63,8.217391304347826,20,214,151,12.333333333333332,12.243243243243244,2,8
7.5,7,5,48,Krunal Pandya,Mandeep Singh,0,False,1.0,14,Mumbai,Wankhede Stadium,False,True,47,7,7.833333333333333,63,8.042553191489363,20,214,151,12.166666666666668,12.410958904109588,2,8
7.6,7,6,49,Krunal Pandya,Mandeep Singh,2,False,-1.0,14,Mumbai,Wankhede Stadium,False,True,48,7,8.0,65,8.125,20,214,149,12.0,12.416666666666666,2,8
8.1,8,1,50,Mayank Markande,Virat Kohli,0,False,1.0,14,Mumbai,Wankhede Stadium,False,True,49,8,8.166666666666666,65,7.959183673469388,20,214,149,11.833333333333334,12.591549295774648,2,8
8.2,8,2,51,Mayank Markande,Virat Kohli,0,False,1.0,14,Mumbai,Wankhede Stadium,False,True,50,8,8.333333333333334,65,7.8,20,214,149,11.666666666666666,12.771428571428572,2,8
8.3,8,3,52,Mayank Markande,Virat Kohli,1,False,-0.5,14,Mumbai,Wankhede Stadium,False,True,51,8,8.5,66,7.764705882352941,20,214,148,11.5,12.869565217391305,2,8
8.4,8,4,53,Mayank Markande,Mandeep Singh,1,False,-1.0,14,Mumbai,Wankhede Stadium,True,False,51,8,8.5,67,7.882352941176471,20,214,147,11.5,12.782608695652174,2,8
8.4,8,4,54,Mayank Markande,Mandeep Singh,1,False,-0.5,14,Mumbai,Wankhede Stadium,False,True,52,8,8.666666666666666,68,7.846153846153847,20,214,146,11.333333333333334,12.88235294117647,2,8
8.5,8,5,55,Mayank Markande,Virat Kohli,1,False,-0.5,14,Mumbai,Wankhede Stadium,False,True,53,8,8.833333333333334,69,7.811320754716981,20,214,145,11.166666666666666,12.985074626865673,2,8
8.6,8,6,56,Mayank Markande,Mandeep Singh,1,False,-0.5,14,Mumbai,Wankhede Stadium,False,True,54,8,9.0,70,7.777777777777778,20,214,144,11.0,13.090909090909092,2,8
9.1,9,1,57,Krunal Pandya,Mandeep Singh,2,False,-1.0,14,Mumbai,Wankhede Stadium,False,True,55,9,9.166666666666666,72,7.854545454545455,20,214,142,10.833333333333334,13.107692307692307,2,8
9.2,9,2,58,Krunal Pandya,Mandeep Singh,1,False,-0.5,14,Mumbai,Wankhede Stadium,False,True,56,9,9.333333333333334,73,7.821428571428571,20,214,141,10.666666666666666,13.21875,2,8
9.3,9,3,59,Krunal Pandya,Virat Kohli,1,False,-0.5,14,Mumbai,Wankhede Stadium,False,True,57,9,9.5,74,7.7894736842105265,20,214,140,10.5,13.333333333333334,2,8
9.4,9,4,60,Krunal Pandya,Mandeep Singh,0,True,5.0,14,Mumbai,Wankhede Stadium,True,False,57,9,9.5,74,7.7894736842105265,20,214,140,10.5,13.333333333333334,3,7
9.4,9,4,61,Krunal Pandya,Corey Anderson,0,True,5.0,14,Mumbai,Wankhede Stadium,False,True,58,9,9.666666666666666,74,7.655172413793104,20,214,140,10.333333333333334,13.548387096774192,4,6
9.5,9,5,62,Krunal Pandya,Virat Kohli,1,False,-0.5,14,Mumbai,Wankhede Stadium,False,True,59,9,9.833333333333334,75,7.627118644067796,20,214,139,10.166666666666666,13.672131147540984,4,6
9.6,9,6,63,Krunal Pandya,Washington Sundar,0,False,1.0,14,Mumbai,Wankhede Stadium,False,True,60,9,10.0,75,7.5,20,214,139,10.0,13.9,4,6
10.1,10,1,64,Mayank Markande,Virat Kohli,1,False,-0.5,14,Mumbai,Wankhede Stadium,False,True,61,10,10.166666666666666,76,7.475409836065574,20,214,138,9.833333333333334,14.033898305084746,4,6
10.2,10,2,65,Mayank Markande,Washington Sundar,0,False,1.0,14,Mumbai,Wankhede Stadium,False,True,62,10,10.333333333333334,76,7.354838709677419,20,214,138,9.666666666666666,14.275862068965518,4,6
10.3,10,3,66,Mayank Markande,Washington Sundar,4,False,-2.0,14,Mumbai,Wankhede Stadium,False,True,63,10,10.5,80,7.619047619047619,20,214,134,9.5,14.105263157894736,4,6
10.4,10,4,67,Mayank Markande,Washington Sundar,1,False,-0.5,14,Mumbai,Wankhede Stadium,False,True,64,10,10.666666666666666,81,7.59375,20,214,133,9.333333333333334,14.249999999999998,4,6
10.5,10,5,68,Mayank Markande,Virat Kohli,1,False,-0.5,14,Mumbai,Wankhede Stadium,False,True,65,10,10.833333333333334,82,7.569230769230769,20,214,132,9.166666666666666,14.4,4,6
10.6,10,6,69,Mayank Markande,Washington Sundar,1,False,-0.25,14,Mumbai,Wankhede Stadium,False,True,66,10,11.0,83,7.545454545454546,20,214,131,9.0,14.555555555555555,4,6
11.1,11,1,70,Krunal Pandya,Washington Sundar,2,False,-1.0,14,Mumbai,Wankhede Stadium,False,True,67,11,11.166666666666666,85,7.611940298507463,20,214,129,8.833333333333334,14.60377358490566,4,6
11.2,11,2,71,Krunal Pandya,Washington Sundar,0,False,1.0,14,Mumbai,Wankhede Stadium,False,True,68,11,11.333333333333334,85,7.5,20,214,129,8.666666666666666,14.884615384615385,4,6
11.3,11,3,72,Krunal Pandya,Washington Sundar,0,True,5.0,14,Mumbai,Wankhede Stadium,False,True,69,11,11.5,85,7.391304347826087,20,214,129,8.5,15.176470588235293,5,5
11.4,11,4,73,Krunal Pandya,Virat Kohli,1,False,-0.5,14,Mumbai,Wankhede Stadium,False,True,70,11,11.666666666666666,86,7.371428571428572,20,214,128,8.333333333333334,15.36,5,5
11.5,11,5,74,Krunal Pandya,Sarfaraz Khan,0,False,1.0,14,Mumbai,Wankhede Stadium,False,True,71,11,11.833333333333334,86,7.267605633802816,20,214,128,8.166666666666666,15.673469387755103,5,5
11.6,11,6,75,Krunal Pandya,Sarfaraz Khan,0,False,1.0,14,Mumbai,Wankhede Stadium,False,True,72,11,12.0,86,7.166666666666667,20,214,128,8.0,16.0,5,5
12.1,12,1,76,Jasprit Bumrah,Virat Kohli,0,False,1.0,14,Mumbai,Wankhede Stadium,False,True,73,12,12.166666666666666,86,7.068493150684932,20,214,128,7.833333333333334,16.340425531914892,5,5
12.2,12,2,77,Jasprit Bumrah,Virat Kohli,1,False,-0.5,14,Mumbai,Wankhede Stadium,False,True,74,12,12.333333333333334,87,7.0540540540540535,20,214,127,7.666666666666666,16.565217391304348,5,5
12.3,12,3,78,Jasprit Bumrah,Sarfaraz Khan,1,False,-0.5,14,Mumbai,Wankhede Stadium,False,True,75,12,12.5,88,7.04,20,214,126,7.5,16.8,5,5
12.4,12,4,79,Jasprit Bumrah,Virat Kohli,1,False,-0.5,14,Mumbai,Wankhede Stadium,False,True,76,12,12.666666666666666,89,7.026315789473685,20,214,125,7.333333333333334,17.045454545454543,5,5
12.5,12,5,80,Jasprit Bumrah,Sarfaraz Khan,0,False,1.0,14,Mumbai,Wankhede Stadium,False,True,77,12,12.833333333333334,89,6.9350649350649345,20,214,125,7.166666666666666,17.44186046511628,5,5
12.6,12,6,81,Jasprit Bumrah,Sarfaraz Khan,4,False,-2.0,14,Mumbai,Wankhede Stadium,False,True,78,12,13.0,93,7.153846153846154,20,214,121,7.0,17.285714285714285,5,5
13.1,13,1,82,Mayank Markande,Virat Kohli,6,False,-3.0,14,Mumbai,Wankhede Stadium,False,True,79,13,13.166666666666666,99,7.518987341772152,20,214,115,6.833333333333334,16.829268292682926,5,5
13.2,13,2,83,Mayank Markande,Virat Kohli,0,False,1.0,14,Mumbai,Wankhede Stadium,False,True,80,13,13.333333333333334,99,7.425,20,214,115,6.666666666666666,17.25,5,5
13.3,13,3,84,Mayank Markande,Virat Kohli,2,False,-1.0,14,Mumbai,Wankhede Stadium,False,True,81,13,13.5,101,7.481481481481482,20,214,113,6.5,17.384615384615383,5,5
13.4,13,4,85,Mayank Markande,Virat Kohli,1,False,-0.5,14,Mumbai,Wankhede Stadium,False,True,82,13,13.666666666666666,102,7.463414634146342,20,214,112,6.333333333333334,17.684210526315788,5,5
13.5,13,5,86,Mayank Markande,Sarfaraz Khan,0,True,5.0,14,Mumbai,Wankhede Stadium,False,True,83,13,13.833333333333334,102,7.373493975903614,20,214,112,6.166666666666666,18.162162162162165,6,4
13.6,13,6,87,Mayank Markande,Chris Woakes,1,False,-0.5,14,Mumbai,Wankhede Stadium,False,True,84,13,14.0,103,7.357142857142857,20,214,111,6.0,18.5,6,4
14.1,14,1,88,Hardik Pandya,Chris Woakes,0,False,1.0,14,Mumbai,Wankhede Stadium,False,True,85,14,14.166666666666666,103,7.270588235294118,20,214,111,5.833333333333334,19.028571428571425,6,4
14.2,14,2,89,Hardik Pandya,Chris Woakes,1,False,-0.5,14,Mumbai,Wankhede Stadium,False,True,86,14,14.333333333333334,104,7.255813953488372,20,214,110,5.666666666666666,19.411764705882355,6,4
14.3,14,3,90,Hardik Pandya,Virat Kohli,1,False,-0.5,14,Mumbai,Wankhede Stadium,False,True,87,14,14.5,105,7.241379310344827,20,214,109,5.5,19.818181818181817,6,4
14.4,14,4,91,Hardik Pandya,Chris Woakes,1,False,-0.5,14,Mumbai,Wankhede Stadium,False,True,88,14,14.666666666666666,106,7.2272727272727275,20,214,108,5.333333333333334,20.249999999999996,6,4
14.5,14,5,92,Hardik Pandya,Virat Kohli,1,False,-0.5,14,Mumbai,Wankhede Stadium,False,True,89,14,14.833333333333334,107,7.213483146067415,20,214,107,5.166666666666666,20.70967741935484,6,4
14.6,14,6,93,Hardik Pandya,Chris Woakes,0,False,1.0,14,Mumbai,Wankhede Stadium,False,True,90,14,15.0,107,7.133333333333334,20,214,107,5.0,21.4,6,4
15.1,15,1,94,Mustafizur Rahman,Virat Kohli,1,False,-0.5,14,Mumbai,Wankhede Stadium,False,True,91,15,15.166666666666666,108,7.120879120879121,20,214,106,4.833333333333334,21.93103448275862,6,4
15.2,15,2,95,Mustafizur Rahman,Chris Woakes,1,False,-0.5,14,Mumbai,Wankhede Stadium,False,True,92,15,15.333333333333334,109,7.108695652173913,20,214,105,4.666666666666666,22.500000000000004,6,4
15.3,15,3,96,Mustafizur Rahman,Virat Kohli,4,False,-2.0,14,Mumbai,Wankhede Stadium,False,True,93,15,15.5,113,7.290322580645161,20,214,101,4.5,22.444444444444443,6,4
15.4,15,4,97,Mustafizur Rahman,Virat Kohli,1,False,-0.5,14,Mumbai,Wankhede Stadium,False,True,94,15,15.666666666666666,114,7.276595744680852,20,214,100,4.333333333333334,23.076923076923073,6,4
15.5,15,5,98,Mustafizur Rahman,Chris Woakes,6,False,-3.0,14,Mumbai,Wankhede Stadium,False,True,95,15,15.833333333333334,120,7.578947368421052,20,214,94,4.166666666666666,22.560000000000002,6,4
15.6,15,6,99,Mustafizur Rahman,Chris Woakes,0,False,1.0,14,Mumbai,Wankhede Stadium,False,True,96,15,16.0,120,7.5,20,214,94,4.0,23.5,6,4
16.1,16,1,100,Mitchell McClenaghan,Virat Kohli,6,False,-3.0,14,Mumbai,Wankhede Stadium,False,True,97,16,16.166666666666668,126,7.793814432989691,20,214,88,3.833333333333332,22.95652173913044,6,4
16.2,16,2,101,Mitchell McClenaghan,Virat Kohli,1,False,-0.5,14,Mumbai,Wankhede Stadium,False,True,98,16,16.333333333333332,127,7.775510204081633,20,214,87,3.666666666666668,23.72727272727272,6,4
16.3,16,3,102,Mitchell McClenaghan,Chris Woakes,1,False,-0.5,14,Mumbai,Wankhede Stadium,False,True,99,16,16.5,128,7.757575757575758,20,214,86,3.5,24.571428571428573,6,4
16.4,16,4,103,Mitchell McClenaghan,Virat Kohli,2,False,-1.0,14,Mumbai,Wankhede Stadium,False,True,100,16,16.666666666666668,130,7.8,20,214,84,3.333333333333332,25.20000000000001,6,4
16.5,16,5,104,Mitchell McClenaghan,Virat Kohli,2,False,-1.0,14,Mumbai,Wankhede Stadium,False,True,101,16,16.833333333333332,132,7.841584158415842,20,214,82,3.166666666666668,25.894736842105253,6,4
16.6,16,6,105,Mitchell McClenaghan,Virat Kohli,1,False,-0.5,14,Mumbai,Wankhede Stadium,False,True,102,16,17.0,133,7.823529411764706,20,214,81,3.0,27.0,6,4
17.1,17,1,106,Jasprit Bumrah,Virat Kohli,1,False,-0.5,14,Mumbai,Wankhede Stadium,False,True,103,17,17.166666666666668,134,7.805825242718446,20,214,80,2.833333333333332,28.235294117647072,6,4
17.2,17,2,107,Jasprit Bumrah,Chris Woakes,0,False,1.0,14,Mumbai,Wankhede Stadium,False,True,104,17,17.333333333333332,134,7.730769230769232,20,214,80,2.666666666666668,29.999999999999986,6,4
17.3,17,3,108,Jasprit Bumrah,Chris Woakes,0,True,5.0,14,Mumbai,Wankhede Stadium,False,True,105,17,17.5,134,7.6571428571428575,20,214,80,2.5,32.0,7,3
17.4,17,4,109,Jasprit Bumrah,Umesh Yadav,1,False,-0.5,14,Mumbai,Wankhede Stadium,False,True,106,17,17.666666666666668,135,7.641509433962264,20,214,79,2.333333333333332,33.857142857142875,7,3
17.5,17,5,110,Jasprit Bumrah,Virat Kohli,1,False,-0.5,14,Mumbai,Wankhede Stadium,False,True,107,17,17.833333333333332,136,7.626168224299066,20,214,78,2.166666666666668,35.99999999999998,7,3
17.6,17,6,111,Jasprit Bumrah,Umesh Yadav,0,True,5.0,14,Mumbai,Wankhede Stadium,False,True,108,17,18.0,136,7.555555555555555,20,214,78,2.0,39.0,8,2
18.1,18,1,112,Mustafizur Rahman,Virat Kohli,6,False,-3.0,14,Mumbai,Wankhede Stadium,False,True,109,18,18.166666666666668,142,7.816513761467889,20,214,72,1.8333333333333321,39.272727272727295,8,2
18.2,18,2,113,Mustafizur Rahman,Virat Kohli,2,False,-1.0,14,Mumbai,Wankhede Stadium,True,False,109,18,18.166666666666668,144,7.9266055045871555,20,214,70,1.8333333333333321,38.18181818181821,8,2
18.2,18,2,114,Mustafizur Rahman,Mohammed Siraj,1,False,-0.5,14,Mumbai,Wankhede Stadium,False,True,110,18,18.333333333333332,145,7.909090909090909,20,214,69,1.6666666666666679,41.39999999999997,8,2
18.3,18,3,115,Mustafizur Rahman,Virat Kohli,1,False,-0.5,14,Mumbai,Wankhede Stadium,False,True,111,18,18.5,146,7.891891891891892,20,214,68,1.5,45.333333333333336,8,2
18.4,18,4,116,Mustafizur Rahman,Mohammed Siraj,6,False,-3.0,14,Mumbai,Wankhede Stadium,False,True,112,18,18.666666666666668,152,8.142857142857142,20,214,62,1.3333333333333321,46.50000000000004,8,2
18.5,18,5,117,Mustafizur Rahman,Mohammed Siraj,1,False,-0.5,14,Mumbai,Wankhede Stadium,False,True,113,18,18.833333333333332,153,8.123893805309734,20,214,61,1.1666666666666679,52.285714285714235,8,2
18.6,18,6,118,Mustafizur Rahman,Virat Kohli,1,False,-0.5,14,Mumbai,Wankhede Stadium,False,True,114,18,19.0,154,8.105263157894736,20,214,60,1.0,60.0,8,2
19.1,19,1,119,Jasprit Bumrah,Virat Kohli,2,False,-1.0,14,Mumbai,Wankhede Stadium,False,True,115,19,19.166666666666668,156,8.139130434782608,20,214,58,0.8333333333333321,69.6000000000001,8,2
19.2,19,2,120,Jasprit Bumrah,Virat Kohli,4,False,-2.0,14,Mumbai,Wankhede Stadium,False,True,116,19,19.333333333333332,160,8.275862068965518,20,214,54,0.6666666666666679,80.99999999999986,8,2
19.3,19,3,121,Jasprit Bumrah,Virat Kohli,0,False,1.0,14,Mumbai,Wankhede Stadium,False,True,117,19,19.5,160,8.205128205128204,20,214,54,0.5,108.0,8,2
19.4,19,4,122,Jasprit Bumrah,Virat Kohli,6,False,-3.0,14,Mumbai,Wankhede Stadium,False,True,118,19,19.666666666666668,166,8.440677966101694,20,214,48,0.33333333333333215,144.0000000000005,8,2
19.5,19,5,123,Jasprit Bumrah,Virat Kohli,0,False,1.0,14,Mumbai,Wankhede Stadium,False,True,119,19,19.833333333333332,166,8.369747899159664,20,214,48,0.16666666666666785,287.99999999999795,8,2
19.6,19,6,124,Jasprit Bumrah,Virat Kohli,0,False,1.0,14,Mumbai,Wankhede Stadium,False,True,120,19,20.0,166,8.3,20,214,48,0.0,inf,8,2
