Ball Number,over,ball,Ball,bowler,batsman,Runs,is_wicket,bowler_score,match_id,city,stadium,is_extra,legal_delivery,legal_deliveries_count,overs_completed,overs_bowled,total_runs,current_run_rate,total_overs,target,runs_needed,overs_remaining,required_run_rate,wickets_fallen,wickets_in_hand
0.1,0,1,1,Ankit Rajpoot,Chris Lynn,1,False,-0.5,18,Kolkata,Eden Gardens,False,True,1,0,0.16666666666666666,1,6.0,20,125,124,19.833333333333332,6.2521008403361344,0,10
0.2,0,2,2,Ankit Rajpoot,Sunil Narine,1,False,-0.5,18,Kolkata,Eden Gardens,False,True,2,0,0.3333333333333333,2,6.0,20,125,123,19.666666666666668,6.2542372881355925,0,10
0.3,0,3,3,Ankit Rajpoot,Chris Lynn,1,False,-0.5,18,Kolkata,Eden Gardens,False,True,3,0,0.5,3,6.0,20,125,122,19.5,6.256410256410256,0,10
0.4,0,4,4,Ankit Rajpoot,Sunil Narine,1,False,-0.25,18,Kolkata,Eden Gardens,False,True,4,0,0.6666666666666666,4,6.0,20,125,121,19.333333333333332,6.258620689655173,0,10
0.5,0,5,5,Ankit Rajpoot,Chris Lynn,0,False,1.0,18,Kolkata,Eden Gardens,False,True,5,0,0.8333333333333334,4,4.8,20,125,121,19.166666666666668,6.3130434782608695,0,10
0.6,0,6,6,Ankit Rajpoot,Chris Lynn,1,False,-0.5,18,Kolkata,Eden Gardens,False,True,6,0,1.0,5,5.0,20,125,120,19.0,6.315789473684211,0,10
1.1,1,1,7,Mujeeb Ur Rahman,Chris Lynn,1,False,-0.5,18,Kolkata,Eden Gardens,False,True,7,1,1.1666666666666667,6,5.142857142857142,20,125,119,18.833333333333332,6.318584070796461,0,10
1.2,1,2,8,Mujeeb Ur Rahman,Sunil Narine,0,False,1.0,18,Kolkata,Eden Gardens,False,True,8,1,1.3333333333333333,6,4.5,20,125,119,18.666666666666668,6.375,0,10
1.3,1,3,9,Mujeeb Ur Rahman,Sunil Narine,0,True,5.0,18,Kolkata,Eden Gardens,False,True,9,1,1.5,6,4.0,20,125,119,18.5,6.4324324324324325,1,9
1.4,1,4,10,N/A,N/A,0,False,0.0,18,Kolkata,Eden Gardens,False,True,10,1,1.6666666666666665,6,3.6000000000000005,20,125,119,18.333333333333332,6.490909090909091,1,9
1.5,1,5,11,Mujeeb Ur Rahman,Chris Lynn,4,False,-2.0,18,Kolkata,Eden Gardens,False,True,11,1,1.8333333333333335,10,5.454545454545454,20,125,115,18.166666666666668,6.330275229357798,1,9
1.6,1,6,12,Mujeeb Ur Rahman,Chris Lynn,0,False,1.0,18,Kolkata,Eden Gardens,False,True,12,1,2.0,10,5.0,20,125,115,18.0,6.388888888888889,1,9
2.1,2,1,13,Ankit Rajpoot,Robin Uthappa,4,False,-2.0,18,Kolkata,Eden Gardens,False,True,13,2,2.1666666666666665,14,6.461538461538462,20,125,111,17.833333333333332,6.224299065420561,1,9
2.2,2,2,14,Ankit Rajpoot,Robin Uthappa,0,False,1.0,18,Kolkata,Eden Gardens,False,True,14,2,2.3333333333333335,14,6.0,20,125,111,17.666666666666668,6.283018867924528,1,9
2.3,2,3,15,Ankit Rajpoot,Robin Uthappa,0,False,1.0,18,Kolkata,Eden Gardens,False,True,15,2,2.5,14,5.6,20,125,111,17.5,6.3428571428571425,1,9
2.4,2,4,16,Ankit Rajpoot,Robin Uthappa,0,False,1.0,18,Kolkata,Eden Gardens,False,True,16,2,2.6666666666666665,14,5.25,20,125,111,17.333333333333332,6.403846153846154,1,9
2.5,2,5,17,Ankit Rajpoot,Robin Uthappa,1,False,-0.5,18,Kolkata,Eden Gardens,False,True,17,2,2.8333333333333335,15,5.294117647058823,20,125,110,17.166666666666668,6.407766990291262,1,9
2.6,2,6,18,Ankit Rajpoot,Chris Lynn,6,False,-3.0,18,Kolkata,Eden Gardens,False,True,18,2,3.0,21,7.0,20,125,104,17.0,6.117647058823529,1,9
3.1,3,1,19,Mujeeb Ur Rahman,Robin Uthappa,0,False,1.0,18,Kolkata,Eden Gardens,False,True,19,3,3.1666666666666665,21,6.631578947368421,20,125,104,16.833333333333332,6.178217821782178,1,9
3.2,3,2,20,Mujeeb Ur Rahman,Robin Uthappa,4,False,-2.0,18,Kolkata,Eden Gardens,False,True,20,3,3.3333333333333335,25,7.5,20,125,100,16.666666666666668,6.0,1,9
3.3,3,3,21,Mujeeb Ur Rahman,Robin Uthappa,4,False,-2.0,18,Kolkata,Eden Gardens,False,True,21,3,3.5,29,8.285714285714286,20,125,96,16.5,5.818181818181818,1,9
3.4,3,4,22,Mujeeb Ur Rahman,Robin Uthappa,4,False,-2.0,18,Kolkata,Eden Gardens,False,True,22,3,3.6666666666666665,33,9.0,20,125,92,16.333333333333332,5.63265306122449,1,9
3.5,3,5,23,Mujeeb Ur Rahman,Robin Uthappa,1,False,-1.0,18,Kolkata,Eden Gardens,True,False,22,3,3.6666666666666665,34,9.272727272727273,20,125,91,16.333333333333332,5.571428571428572,1,9
3.5,3,5,24,Mujeeb Ur Rahman,Robin Uthappa,1,False,-0.5,18,Kolkata,Eden Gardens,False,True,23,3,3.8333333333333335,35,9.130434782608695,20,125,90,16.166666666666668,5.56701030927835,1,9
3.6,3,6,25,Mujeeb Ur Rahman,Chris Lynn,1,False,-0.5,18,Kolkata,Eden Gardens,False,True,24,3,4.0,36,9.0,20,125,89,16.0,5.5625,1,9
4.1,4,1,26,Barinder Sran,Chris Lynn,2,False,-1.0,18,Kolkata,Eden Gardens,False,True,25,4,4.166666666666667,38,9.12,20,125,87,15.833333333333332,5.494736842105263,1,9
4.2,4,2,27,Barinder Sran,Chris Lynn,0,False,1.0,18,Kolkata,Eden Gardens,False,True,26,4,4.333333333333333,38,8.76923076923077,20,125,87,15.666666666666668,5.553191489361701,1,9
4.3,4,3,28,Barinder Sran,Chris Lynn,4,False,-2.0,18,Kolkata,Eden Gardens,False,True,27,4,4.5,42,9.333333333333334,20,125,83,15.5,5.354838709677419,1,9
4.4,4,4,29,Barinder Sran,Chris Lynn,0,False,1.0,18,Kolkata,Eden Gardens,False,True,28,4,4.666666666666667,42,9.0,20,125,83,15.333333333333332,5.41304347826087,1,9
4.5,4,5,30,Barinder Sran,Chris Lynn,0,False,1.0,18,Kolkata,Eden Gardens,False,True,29,4,4.833333333333333,42,8.689655172413794,20,125,83,15.166666666666668,5.472527472527472,1,9
4.6,4,6,31,Barinder Sran,Chris Lynn,0,False,1.0,18,Kolkata,Eden Gardens,False,True,30,4,5.0,42,8.4,20,125,83,15.0,5.533333333333333,1,9
5.1,5,1,32,Andrew Tye,Chris Lynn,1,False,-0.5,18,Kolkata,Eden Gardens,False,True,31,5,5.166666666666667,43,8.32258064516129,20,125,82,14.833333333333332,5.52808988764045,1,9
5.1,5,1,33,Andrew Tye,Robin Uthappa,2,False,-1.0,18,Kolkata,Eden Gardens,True,False,31,5,5.166666666666667,45,8.709677419354838,20,125,80,14.833333333333332,5.393258426966293,1,9
5.2,5,2,34,Andrew Tye,Robin Uthappa,0,False,1.0,18,Kolkata,Eden Gardens,False,True,32,5,5.333333333333333,45,8.4375,20,125,80,14.666666666666668,5.454545454545454,1,9
5.3,5,3,35,Andrew Tye,Robin Uthappa,0,False,1.0,18,Kolkata,Eden Gardens,False,True,33,5,5.5,45,8.181818181818182,20,125,80,14.5,5.517241379310345,1,9
5.4,5,4,36,Andrew Tye,Robin Uthappa,0,False,1.0,18,Kolkata,Eden Gardens,False,True,34,5,5.666666666666667,45,7.941176470588235,20,125,80,14.333333333333332,5.5813953488372094,1,9
5.5,5,5,37,Andrew Tye,Robin Uthappa,4,False,-2.0,18,Kolkata,Eden Gardens,False,True,35,5,5.833333333333333,49,8.4,20,125,76,14.166666666666668,5.364705882352941,1,9
5.6,5,6,38,Andrew Tye,Robin Uthappa,1,False,-0.5,18,Kolkata,Eden Gardens,False,True,36,5,6.0,50,8.333333333333334,20,125,75,14.0,5.357142857142857,1,9
6.1,6,1,39,Ravichandran Ashwin,Robin Uthappa,1,False,-0.5,18,Kolkata,Eden Gardens,False,True,37,6,6.166666666666667,51,8.27027027027027,20,125,74,13.833333333333332,5.349397590361447,1,9
6.2,6,2,40,Ravichandran Ashwin,Chris Lynn,1,False,-0.5,18,Kolkata,Eden Gardens,False,True,38,6,6.333333333333333,52,8.210526315789474,20,125,73,13.666666666666668,5.341463414634146,1,9
6.3,6,3,41,Ravichandran Ashwin,Robin Uthappa,1,False,-0.5,18,Kolkata,Eden Gardens,False,True,39,6,6.5,53,8.153846153846153,20,125,72,13.5,5.333333333333333,1,9
6.4,6,4,42,Ravichandran Ashwin,Chris Lynn,1,False,-0.5,18,Kolkata,Eden Gardens,False,True,40,6,6.666666666666667,54,8.1,20,125,71,13.333333333333332,5.325,1,9
6.5,6,5,43,N/A,N/A,0,False,0.0,18,Kolkata,Eden Gardens,False,True,41,6,6.833333333333333,54,7.902439024390244,20,125,71,13.166666666666668,5.392405063291139,1,9
6.6,6,6,44,Ravichandran Ashwin,Robin Uthappa,1,False,-0.5,18,Kolkata,Eden Gardens,False,True,42,6,7.0,55,7.857142857142857,20,125,70,13.0,5.384615384615385,1,9
7.1,7,1,45,Barinder Sran,Robin Uthappa,6,False,-3.0,18,Kolkata,Eden Gardens,False,True,43,7,7.166666666666667,61,8.511627906976743,20,125,64,12.833333333333332,4.987012987012988,1,9
7.2,7,2,46,Barinder Sran,Robin Uthappa,1,False,-0.5,18,Kolkata,Eden Gardens,False,True,44,7,7.333333333333333,62,8.454545454545455,20,125,63,12.666666666666668,4.973684210526315,1,9
7.3,7,3,47,Barinder Sran,Chris Lynn,4,False,-2.0,18,Kolkata,Eden Gardens,False,True,45,7,7.5,66,8.8,20,125,59,12.5,4.72,1,9
7.4,7,4,48,Barinder Sran,Chris Lynn,6,False,-3.0,18,Kolkata,Eden Gardens,False,True,46,7,7.666666666666667,72,9.391304347826086,20,125,53,12.333333333333332,4.297297297297297,1,9
7.5,7,5,49,Barinder Sran,Chris Lynn,0,False,1.0,18,Kolkata,Eden Gardens,False,True,47,7,7.833333333333333,72,9.191489361702128,20,125,53,12.166666666666668,4.3561643835616435,1,9
7.6,7,6,50,Barinder Sran,Chris Lynn,6,False,-3.0,18,Kolkata,Eden Gardens,False,True,48,7,8.0,78,9.75,20,125,47,12.0,3.9166666666666665,1,9
8.1,8,1,51,Ravichandran Ashwin,Robin Uthappa,0,True,5.0,18,Kolkata,Eden Gardens,False,True,49,8,8.166666666666666,78,9.551020408163266,20,125,47,11.833333333333334,3.9718309859154926,2,8
8.2,8,2,52,Ravichandran Ashwin,Nitish Rana,1,False,-0.5,18,Kolkata,Eden Gardens,False,True,50,8,8.333333333333334,79,9.479999999999999,20,125,46,11.666666666666666,3.942857142857143,2,8
8.3,8,3,53,Ravichandran Ashwin,Chris Lynn,2,False,-1.0,18,Kolkata,Eden Gardens,False,True,51,8,8.5,81,9.529411764705882,20,125,44,11.5,3.8260869565217392,2,8
8.4,8,4,54,Ravichandran Ashwin,Chris Lynn,1,False,-0.5,18,Kolkata,Eden Gardens,False,True,52,8,8.666666666666666,82,9.461538461538462,20,125,43,11.333333333333334,3.7941176470588234,2,8
8.5,8,5,55,Ravichandran Ashwin,Nitish Rana,1,False,-0.5,18,Kolkata,Eden Gardens,False,True,53,8,8.833333333333334,83,9.39622641509434,20,125,42,11.166666666666666,3.7611940298507465,2,8
8.6,8,6,56,Ravichandran Ashwin,Chris Lynn,0,False,1.0,18,Kolkata,Eden Gardens,False,True,54,8,9.0,83,9.222222222222221,20,125,42,11.0,3.8181818181818183,2,8
9.1,9,1,57,Mujeeb Ur Rahman,Nitish Rana,1,False,-0.5,18,Kolkata,Eden Gardens,False,True,55,9,9.166666666666666,84,9.163636363636364,20,125,41,10.833333333333334,3.7846153846153845,2,8
9.2,9,2,58,Mujeeb Ur Rahman,Chris Lynn,1,False,-0.5,18,Kolkata,Eden Gardens,False,True,56,9,9.333333333333334,85,9.107142857142856,20,125,40,10.666666666666666,3.75,2,8
9.3,9,3,59,Mujeeb Ur Rahman,Nitish Rana,0,False,1.0,18,Kolkata,Eden Gardens,False,True,57,9,9.5,85,8.947368421052632,20,125,40,10.5,3.8095238095238093,2,8
9.4,9,4,60,Mujeeb Ur Rahman,Nitish Rana,0,True,5.0,18,Kolkata,Eden Gardens,False,True,58,9,9.666666666666666,85,8.793103448275863,20,125,40,10.333333333333334,3.8709677419354835,3,7
9.5,9,5,61,Mujeeb Ur Rahman,Dinesh Karthik,0,False,1.0,18,Kolkata,Eden Gardens,False,True,59,9,9.833333333333334,85,8.64406779661017,20,125,40,10.166666666666666,3.934426229508197,3,7
9.6,9,6,62,Mujeeb Ur Rahman,Dinesh Karthik,1,False,-0.5,18,Kolkata,Eden Gardens,False,True,60,9,10.0,86,8.6,20,125,39,10.0,3.9,3,7
10.1,10,1,63,Ravichandran Ashwin,Dinesh Karthik,0,False,1.0,18,Kolkata,Eden Gardens,False,True,61,10,10.166666666666666,86,8.459016393442623,20,125,39,9.833333333333334,3.966101694915254,3,7
10.2,10,2,64,Ravichandran Ashwin,Dinesh Karthik,4,False,-2.0,18,Kolkata,Eden Gardens,False,True,62,10,10.333333333333334,90,8.709677419354838,20,125,35,9.666666666666666,3.620689655172414,3,7
10.3,10,3,65,Ravichandran Ashwin,Dinesh Karthik,4,False,-2.0,18,Kolkata,Eden Gardens,False,True,63,10,10.5,94,8.952380952380953,20,125,31,9.5,3.263157894736842,3,7
10.4,10,4,66,Ravichandran Ashwin,Dinesh Karthik,2,False,-1.0,18,Kolkata,Eden Gardens,False,True,64,10,10.666666666666666,96,9.0,20,125,29,9.333333333333334,3.1071428571428568,3,7
10.5,10,5,67,Ravichandran Ashwin,Dinesh Karthik,2,False,-1.0,18,Kolkata,Eden Gardens,False,True,65,10,10.833333333333334,98,9.046153846153846,20,125,27,9.166666666666666,2.9454545454545458,3,7
10.6,10,6,68,Ravichandran Ashwin,Dinesh Karthik,1,False,-0.5,18,Kolkata,Eden Gardens,False,True,66,10,11.0,99,9.0,20,125,26,9.0,2.888888888888889,3,7
11.1,11,1,69,Yuvraj Singh,Dinesh Karthik,4,False,-2.0,18,Kolkata,Eden Gardens,False,True,67,11,11.166666666666666,103,9.223880597014926,20,125,22,8.833333333333334,2.490566037735849,3,7
11.2,11,2,70,Yuvraj Singh,Dinesh Karthik,1,False,-0.5,18,Kolkata,Eden Gardens,False,True,68,11,11.333333333333334,104,9.176470588235293,20,125,21,8.666666666666666,2.4230769230769234,3,7
11.3,11,3,71,Yuvraj Singh,Chris Lynn,4,False,-2.0,18,Kolkata,Eden Gardens,False,True,69,11,11.5,108,9.391304347826088,20,125,17,8.5,2.0,3,7
11.4,11,4,72,Yuvraj Singh,Chris Lynn,1,False,-0.5,18,Kolkata,Eden Gardens,False,True,70,11,11.666666666666666,109,9.342857142857143,20,125,16,8.333333333333334,1.92,3,7
11.5,11,5,73,Yuvraj Singh,Dinesh Karthik,1,False,-0.5,18,Kolkata,Eden Gardens,False,True,71,11,11.833333333333334,110,9.295774647887324,20,125,15,8.166666666666666,1.836734693877551,3,7
11.6,11,6,74,Yuvraj Singh,Chris Lynn,2,False,-1.0,18,Kolkata,Eden Gardens,False,True,72,11,12.0,112,9.333333333333334,20,125,13,8.0,1.625,3,7
12.1,12,1,75,Andrew Tye,Dinesh Karthik,1,False,-0.5,18,Kolkata,Eden Gardens,False,True,73,12,12.166666666666666,113,9.287671232876713,20,125,12,7.833333333333334,1.5319148936170213,3,7
12.2,12,2,76,Andrew Tye,Chris Lynn,6,False,-3.0,18,Kolkata,Eden Gardens,False,True,74,12,12.333333333333334,119,9.648648648648647,20,125,6,7.666666666666666,0.782608695652174,3,7
12.3,12,3,77,Andrew Tye,Chris Lynn,4,False,-2.0,18,Kolkata,Eden Gardens,False,True,75,12,12.5,123,9.84,20,125,2,7.5,0.26666666666666666,3,7
12.4,12,4,78,Andrew Tye,Chris Lynn,1,False,-0.5,18,Kolkata,Eden Gardens,False,True,76,12,12.666666666666666,124,9.789473684210527,20,125,1,7.333333333333334,0.13636363636363635,3,7
12.5,12,5,79,Andrew Tye,Dinesh Karthik,1,False,-0.5,18,Kolkata,Eden Gardens,False,True,77,12,12.833333333333334,125,9.74025974025974,20,125,0,7.166666666666666,0.0,3,7
12.6,12,6,80,Andrew Tye,Chris Lynn,2,False,-1.0,18,Kolkata,Eden Gardens,False,True,78,12,13.0,127,9.76923076923077,20,125,0,7.0,0.0,3,7
13.1,13,1,81,Mujeeb Ur Rahman,Dinesh Karthik,4,False,-2.0,18,Kolkata,Eden Gardens,False,True,79,13,13.166666666666666,131,9.949367088607595,20,125,0,6.833333333333334,0.0,3,7
13.2,13,2,82,Mujeeb Ur Rahman,Dinesh Karthik,1,False,-0.5,18,Kolkata,Eden Gardens,False,True,80,13,13.333333333333334,132,9.9,20,125,0,6.666666666666666,0.0,3,7
13.3,13,3,83,Mujeeb Ur Rahman,Chris Lynn,1,False,-0.5,18,Kolkata,Eden Gardens,False,True,81,13,13.5,133,9.851851851851851,20,125,0,6.5,0.0,3,7
13.4,13,4,84,Mujeeb Ur Rahman,Dinesh Karthik,1,False,-0.5,18,Kolkata,Eden Gardens,False,True,82,13,13.666666666666666,134,9.804878048780488,20,125,0,6.333333333333334,0.0,3,7
13.5,13,5,85,Mujeeb Ur Rahman,Chris Lynn,0,False,1.0,18,Kolkata,Eden Gardens,False,True,83,13,13.833333333333334,134,9.686746987951807,20,125,0,6.166666666666666,0.0,3,7
13.6,13,6,86,Mujeeb Ur Rahman,Chris Lynn,2,False,-1.0,18,Kolkata,Eden Gardens,False,True,84,13,14.0,136,9.714285714285714,20,125,0,6.0,0.0,3,7
14.1,14,1,87,Ravichandran Ashwin,Dinesh Karthik,1,False,-1.0,18,Kolkata,Eden Gardens,True,False,84,13,14.0,137,9.785714285714286,20,125,0,6.0,0.0,3,7
14.1,14,1,88,Ravichandran Ashwin,Dinesh Karthik,0,False,1.0,18,Kolkata,Eden Gardens,False,True,85,14,14.166666666666666,137,9.670588235294119,20,125,0,5.833333333333334,0.0,3,7
14.2,14,2,89,Ravichandran Ashwin,Dinesh Karthik,1,False,-0.5,18,Kolkata,Eden Gardens,False,True,86,14,14.333333333333334,138,9.627906976744185,20,125,0,5.666666666666666,0.0,3,7
14.3,14,3,90,Ravichandran Ashwin,Chris Lynn,1,False,-0.5,18,Kolkata,Eden Gardens,False,True,87,14,14.5,139,9.586206896551724,20,125,0,5.5,0.0,3,7
14.4,14,4,91,Ravichandran Ashwin,Dinesh Karthik,1,False,-0.5,18,Kolkata,Eden Gardens,False,True,88,14,14.666666666666666,140,9.545454545454545,20,125,0,5.333333333333334,0.0,3,7
14.5,14,5,92,Ravichandran Ashwin,Chris Lynn,4,False,-2.0,18,Kolkata,Eden Gardens,False,True,89,14,14.833333333333334,144,9.707865168539325,20,125,0,5.166666666666666,0.0,3,7
14.6,14,6,93,Ravichandran Ashwin,Chris Lynn,2,False,-1.0,18,Kolkata,Eden Gardens,False,True,90,14,15.0,146,9.733333333333333,20,125,0,5.0,0.0,3,7
15.1,15,1,94,Andrew Tye,Dinesh Karthik,1,False,-0.5,18,Kolkata,Eden Gardens,False,True,91,15,15.166666666666666,147,9.692307692307693,20,125,0,4.833333333333334,0.0,3,7
15.2,15,2,95,Andrew Tye,Chris Lynn,0,True,5.0,18,Kolkata,Eden Gardens,False,True,92,15,15.333333333333334,147,9.58695652173913,20,125,0,4.666666666666666,0.0,4,6
15.3,15,3,96,Andrew Tye,Andre Russell,0,False,1.0,18,Kolkata,Eden Gardens,False,True,93,15,15.5,147,9.483870967741936,20,125,0,4.5,0.0,4,6
15.4,15,4,97,Andrew Tye,Andre Russell,0,False,1.0,18,Kolkata,Eden Gardens,False,True,94,15,15.666666666666666,147,9.382978723404255,20,125,0,4.333333333333334,0.0,4,6
15.5,15,5,98,Andrew Tye,Andre Russell,1,False,-0.5,18,Kolkata,Eden Gardens,False,True,95,15,15.833333333333334,148,9.34736842105263,20,125,0,4.166666666666666,0.0,4,6
15.6,15,6,99,Andrew Tye,Dinesh Karthik,0,False,1.0,18,Kolkata,Eden Gardens,False,True,96,15,16.0,148,9.25,20,125,0,4.0,0.0,4,6
16.1,16,1,100,Barinder Sran,Andre Russell,1,False,-0.5,18,Kolkata,Eden Gardens,False,True,97,16,16.166666666666668,149,9.216494845360824,20,125,0,3.833333333333332,0.0,4,6
16.2,16,2,101,Barinder Sran,Dinesh Karthik,1,False,-0.5,18,Kolkata,Eden Gardens,False,True,98,16,16.333333333333332,150,9.183673469387756,20,125,0,3.666666666666668,0.0,4,6
16.3,16,3,102,Barinder Sran,Andre Russell,4,False,-2.0,18,Kolkata,Eden Gardens,False,True,99,16,16.5,154,9.333333333333334,20,125,0,3.5,0.0,4,6
16.4,16,4,103,Barinder Sran,Andre Russell,4,False,-2.0,18,Kolkata,Eden Gardens,False,True,100,16,16.666666666666668,158,9.479999999999999,20,125,0,3.333333333333332,0.0,4,6
16.5,16,5,104,Barinder Sran,Andre Russell,1,False,-1.0,18,Kolkata,Eden Gardens,True,False,100,16,16.666666666666668,159,9.54,20,125,0,3.333333333333332,0.0,4,6
16.5,16,5,105,Barinder Sran,Andre Russell,0,True,5.0,18,Kolkata,Eden Gardens,False,True,101,16,16.833333333333332,159,9.445544554455447,20,125,0,3.166666666666668,0.0,5,5
16.6,16,6,106,Barinder Sran,Shubman Gill,4,False,-2.0,18,Kolkata,Eden Gardens,False,True,102,16,17.0,163,9.588235294117647,20,125,0,3.0,0.0,5,5
17.1,17,1,107,Ankit Rajpoot,Dinesh Karthik,4,False,-2.0,18,Kolkata,Eden Gardens,False,True,103,17,17.166666666666668,167,9.728155339805825,20,125,0,2.833333333333332,0.0,5,5
17.2,17,2,108,Ankit Rajpoot,Dinesh Karthik,4,False,-2.0,18,Kolkata,Eden Gardens,False,True,104,17,17.333333333333332,171,9.865384615384617,20,125,0,2.666666666666668,0.0,5,5
17.3,17,3,109,Ankit Rajpoot,Dinesh Karthik,1,False,-0.5,18,Kolkata,Eden Gardens,False,True,105,17,17.5,172,9.82857142857143,20,125,0,2.5,0.0,5,5
17.4,17,4,110,Ankit Rajpoot,Shubman Gill,0,False,1.0,18,Kolkata,Eden Gardens,False,True,106,17,17.666666666666668,172,9.735849056603772,20,125,0,2.333333333333332,0.0,5,5
17.5,17,5,111,Ankit Rajpoot,Shubman Gill,1,False,-1.0,18,Kolkata,Eden Gardens,True,False,106,17,17.666666666666668,173,9.792452830188678,20,125,0,2.333333333333332,0.0,5,5
17.5,17,5,112,Ankit Rajpoot,Shubman Gill,1,False,-1.0,18,Kolkata,Eden Gardens,True,False,106,17,17.666666666666668,174,9.849056603773585,20,125,0,2.333333333333332,0.0,5,5
17.5,17,5,113,Ankit Rajpoot,Shubman Gill,2,False,-1.0,18,Kolkata,Eden Gardens,False,True,107,17,17.833333333333332,176,9.869158878504674,20,125,0,2.166666666666668,0.0,5,5
17.6,17,6,114,Ankit Rajpoot,Shubman Gill,4,False,-2.0,18,Kolkata,Eden Gardens,False,True,108,17,18.0,180,10.0,20,125,0,2.0,0.0,5,5
18.1,18,1,115,Barinder Sran,Dinesh Karthik,1,False,-0.5,18,Kolkata,Eden Gardens,False,True,109,18,18.166666666666668,181,9.963302752293577,20,125,0,1.8333333333333321,0.0,5,5
18.2,18,2,116,Barinder Sran,Shubman Gill,1,False,-0.5,18,Kolkata,Eden Gardens,False,True,110,18,18.333333333333332,182,9.927272727272728,20,125,0,1.6666666666666679,0.0,5,5
18.3,18,3,117,Barinder Sran,Dinesh Karthik,1,False,-0.5,18,Kolkata,Eden Gardens,False,True,111,18,18.5,183,9.891891891891891,20,125,0,1.5,0.0,5,5
18.4,18,4,118,Barinder Sran,Shubman Gill,1,False,-0.5,18,Kolkata,Eden Gardens,False,True,112,18,18.666666666666668,184,9.857142857142856,20,125,0,1.3333333333333321,0.0,5,5
18.5,18,5,119,Barinder Sran,Dinesh Karthik,1,False,-1.0,18,Kolkata,Eden Gardens,True,False,112,18,18.666666666666668,185,9.910714285714285,20,125,0,1.3333333333333321,0.0,5,5
18.5,18,5,120,Barinder Sran,Dinesh Karthik,0,True,5.0,18,Kolkata,Eden Gardens,False,True,113,18,18.833333333333332,185,9.823008849557523,20,125,0,1.1666666666666679,0.0,6,4
18.6,18,6,121,Barinder Sran,Tom Curran,1,False,-0.5,18,Kolkata,Eden Gardens,False,True,114,18,19.0,186,9.789473684210526,20,125,0,1.0,0.0,6,4
19.1,19,1,122,Andrew Tye,Tom Curran,0,False,1.0,18,Kolkata,Eden Gardens,False,True,115,19,19.166666666666668,186,9.704347826086956,20,125,0,0.8333333333333321,0.0,6,4
19.2,19,2,123,Andrew Tye,Tom Curran,0,True,5.0,18,Kolkata,Eden Gardens,False,True,116,19,19.333333333333332,186,9.620689655172415,20,125,0,0.6666666666666679,0.0,7,3
19.3,19,3,124,Andrew Tye,Piyush Chawla,1,False,-1.0,18,Kolkata,Eden Gardens,True,False,116,19,19.333333333333332,187,9.672413793103448,20,125,0,0.6666666666666679,0.0,7,3
19.3,19,3,125,Andrew Tye,Piyush Chawla,1,False,-0.5,18,Kolkata,Eden Gardens,False,True,117,19,19.5,188,9.64102564102564,20,125,0,0.5,0.0,7,3
19.4,19,4,126,Andrew Tye,Shubman Gill,1,False,-0.5,18,Kolkata,Eden Gardens,False,True,118,19,19.666666666666668,189,9.610169491525424,20,125,0,0.33333333333333215,0.0,7,3
19.5,19,5,127,Andrew Tye,Piyush Chawla,1,False,-0.5,18,Kolkata,Eden Gardens,False,True,119,19,19.833333333333332,190,9.579831932773109,20,125,0,0.16666666666666785,0.0,7,3
19.6,19,6,128,Andrew Tye,Shubman Gill,1,False,-0.5,18,Kolkata,Eden Gardens,False,True,120,19,20.0,191,9.55,20,125,0,0.0,inf,7,3
