Ball Number,over,ball,Ball,bowler,batsman,Runs,is_wicket,bowler_score,match_id,city,stadium,is_extra,legal_delivery,legal_deliveries_count,overs_completed,overs_bowled,total_runs,current_run_rate,total_overs,target,runs_needed,overs_remaining,required_run_rate,wickets_fallen,wickets_in_hand
0.1,0,1,1,Bhuvneshwar Kumar,Shane Watson,0,False,1.0,20,Uppal,Rajiv Gandhi International Stadium,False,True,1,0,0.16666666666666666,0,0.0,20,183,183,19.833333333333332,9.226890756302522,0,10
0.2,0,2,2,Bhuvneshwar Kumar,Shane Watson,1,False,-0.5,20,Uppal,Rajiv Gandhi International Stadium,False,True,2,0,0.3333333333333333,1,3.0,20,183,182,19.666666666666668,9.254237288135593,0,10
0.3,0,3,3,Bhuvneshwar Kumar,du Plessis,0,False,1.0,20,Uppal,Rajiv Gandhi International Stadium,False,True,3,0,0.5,1,2.0,20,183,182,19.5,9.333333333333334,0,10
0.4,0,4,4,Bhuvneshwar Kumar,du Plessis,1,False,-0.5,20,Uppal,Rajiv Gandhi International Stadium,False,True,4,0,0.6666666666666666,2,3.0,20,183,181,19.333333333333332,9.362068965517242,0,10
0.5,0,5,5,Bhuvneshwar Kumar,Shane Watson,0,False,1.0,20,Uppal,Rajiv Gandhi International Stadium,False,True,5,0,0.8333333333333334,2,2.4,20,183,181,19.166666666666668,9.443478260869565,0,10
0.6,0,6,6,Bhuvneshwar Kumar,Shane Watson,0,False,1.0,20,Uppal,Rajiv Gandhi International Stadium,False,True,6,0,1.0,2,2.0,20,183,181,19.0,9.526315789473685,0,10
1.1,1,1,7,Billy Stanlake,du Plessis,1,False,-0.5,20,Uppal,Rajiv Gandhi International Stadium,False,True,7,1,1.1666666666666667,3,2.571428571428571,20,183,180,18.833333333333332,9.557522123893806,0,10
1.2,1,2,8,Billy Stanlake,Shane Watson,0,False,1.0,20,Uppal,Rajiv Gandhi International Stadium,False,True,8,1,1.3333333333333333,3,2.25,20,183,180,18.666666666666668,9.642857142857142,0,10
1.3,1,3,9,Billy Stanlake,Shane Watson,0,False,1.0,20,Uppal,Rajiv Gandhi International Stadium,False,True,9,1,1.5,3,2.0,20,183,180,18.5,9.72972972972973,0,10
1.4,1,4,10,Billy Stanlake,Shane Watson,1,False,-1.0,20,Uppal,Rajiv Gandhi International Stadium,True,False,9,1,1.5,4,2.6666666666666665,20,183,179,18.5,9.675675675675675,0,10
1.4,1,4,11,Billy Stanlake,Shane Watson,0,False,1.0,20,Uppal,Rajiv Gandhi International Stadium,False,True,10,1,1.6666666666666665,4,2.4000000000000004,20,183,179,18.333333333333332,9.763636363636364,0,10
1.5,1,5,12,Billy Stanlake,Shane Watson,0,False,1.0,20,Uppal,Rajiv Gandhi International Stadium,False,True,11,1,1.8333333333333335,4,2.1818181818181817,20,183,179,18.166666666666668,9.853211009174311,0,10
1.6,1,6,13,Billy Stanlake,Shane Watson,0,False,1.0,20,Uppal,Rajiv Gandhi International Stadium,False,True,12,1,2.0,4,2.0,20,183,179,18.0,9.944444444444445,0,10
2.1,2,1,14,Shakib Al Hasan,du Plessis,0,False,1.0,20,Uppal,Rajiv Gandhi International Stadium,False,True,13,2,2.1666666666666665,4,1.8461538461538463,20,183,179,17.833333333333332,10.037383177570094,0,10
2.2,2,2,15,Shakib Al Hasan,du Plessis,1,False,-0.5,20,Uppal,Rajiv Gandhi International Stadium,False,True,14,2,2.3333333333333335,5,2.142857142857143,20,183,178,17.666666666666668,10.075471698113207,0,10
2.3,2,3,16,Shakib Al Hasan,Shane Watson,1,False,-0.5,20,Uppal,Rajiv Gandhi International Stadium,False,True,15,2,2.5,6,2.4,20,183,177,17.5,10.114285714285714,0,10
2.4,2,4,17,Shakib Al Hasan,du Plessis,1,False,-0.5,20,Uppal,Rajiv Gandhi International Stadium,False,True,16,2,2.6666666666666665,7,2.625,20,183,176,17.333333333333332,10.153846153846155,0,10
2.5,2,5,18,Shakib Al Hasan,Shane Watson,0,False,1.0,20,Uppal,Rajiv Gandhi International Stadium,False,True,17,2,2.8333333333333335,7,2.4705882352941173,20,183,176,17.166666666666668,10.252427184466018,0,10
2.6,2,6,19,Shakib Al Hasan,Shane Watson,1,False,-0.5,20,Uppal,Rajiv Gandhi International Stadium,False,True,18,2,3.0,8,2.6666666666666665,20,183,175,17.0,10.294117647058824,0,10
3.1,3,1,20,Bhuvneshwar Kumar,Shane Watson,0,False,1.0,20,Uppal,Rajiv Gandhi International Stadium,False,True,19,3,3.1666666666666665,8,2.5263157894736845,20,183,175,16.833333333333332,10.396039603960396,0,10
3.2,3,2,21,Bhuvneshwar Kumar,Shane Watson,6,False,-3.0,20,Uppal,Rajiv Gandhi International Stadium,False,True,20,3,3.3333333333333335,14,4.2,20,183,169,16.666666666666668,10.139999999999999,0,10
3.3,3,3,22,Bhuvneshwar Kumar,Shane Watson,0,True,5.0,20,Uppal,Rajiv Gandhi International Stadium,False,True,21,3,3.5,14,4.0,20,183,169,16.5,10.242424242424242,1,9
3.4,3,4,23,Bhuvneshwar Kumar,Suresh Raina,0,False,1.0,20,Uppal,Rajiv Gandhi International Stadium,False,True,22,3,3.6666666666666665,14,3.8181818181818183,20,183,169,16.333333333333332,10.346938775510205,1,9
3.5,3,5,24,Bhuvneshwar Kumar,Suresh Raina,0,False,1.0,20,Uppal,Rajiv Gandhi International Stadium,False,True,23,3,3.8333333333333335,14,3.652173913043478,20,183,169,16.166666666666668,10.453608247422679,1,9
3.6,3,6,25,Bhuvneshwar Kumar,Suresh Raina,1,False,-0.5,20,Uppal,Rajiv Gandhi International Stadium,False,True,24,3,4.0,15,3.75,20,183,168,16.0,10.5,1,9
4.1,4,1,26,Billy Stanlake,Suresh Raina,0,False,1.0,20,Uppal,Rajiv Gandhi International Stadium,False,True,25,4,4.166666666666667,15,3.5999999999999996,20,183,168,15.833333333333332,10.610526315789475,1,9
4.2,4,2,27,Billy Stanlake,Suresh Raina,0,False,1.0,20,Uppal,Rajiv Gandhi International Stadium,False,True,26,4,4.333333333333333,15,3.4615384615384617,20,183,168,15.666666666666668,10.723404255319148,1,9
4.3,4,3,28,Billy Stanlake,Suresh Raina,4,False,-2.0,20,Uppal,Rajiv Gandhi International Stadium,False,True,27,4,4.5,19,4.222222222222222,20,183,164,15.5,10.580645161290322,1,9
4.4,4,4,29,Billy Stanlake,Suresh Raina,0,False,1.0,20,Uppal,Rajiv Gandhi International Stadium,False,True,28,4,4.666666666666667,19,4.071428571428571,20,183,164,15.333333333333332,10.695652173913045,1,9
4.5,4,5,30,Billy Stanlake,Suresh Raina,2,False,-1.0,20,Uppal,Rajiv Gandhi International Stadium,False,True,29,4,4.833333333333333,21,4.344827586206897,20,183,162,15.166666666666668,10.68131868131868,1,9
4.6,4,6,31,Billy Stanlake,Suresh Raina,0,False,1.0,20,Uppal,Rajiv Gandhi International Stadium,False,True,30,4,5.0,21,4.2,20,183,162,15.0,10.8,1,9
5.1,5,1,32,Siddarth Kaul,du Plessis,4,False,-2.0,20,Uppal,Rajiv Gandhi International Stadium,False,True,31,5,5.166666666666667,25,4.838709677419355,20,183,158,14.833333333333332,10.651685393258427,1,9
5.2,5,2,33,Siddarth Kaul,du Plessis,0,False,1.0,20,Uppal,Rajiv Gandhi International Stadium,False,True,32,5,5.333333333333333,25,4.6875,20,183,158,14.666666666666668,10.772727272727272,1,9
5.3,5,3,34,Siddarth Kaul,du Plessis,0,False,1.0,20,Uppal,Rajiv Gandhi International Stadium,False,True,33,5,5.5,25,4.545454545454546,20,183,158,14.5,10.89655172413793,1,9
5.4,5,4,35,Siddarth Kaul,du Plessis,1,False,-0.5,20,Uppal,Rajiv Gandhi International Stadium,False,True,34,5,5.666666666666667,26,4.588235294117647,20,183,157,14.333333333333332,10.953488372093025,1,9
5.5,5,5,36,Siddarth Kaul,Suresh Raina,0,False,1.0,20,Uppal,Rajiv Gandhi International Stadium,False,True,35,5,5.833333333333333,26,4.457142857142857,20,183,157,14.166666666666668,11.08235294117647,1,9
5.6,5,6,37,Siddarth Kaul,Suresh Raina,1,False,-0.5,20,Uppal,Rajiv Gandhi International Stadium,False,True,36,5,6.0,27,4.5,20,183,156,14.0,11.142857142857142,1,9
6.1,6,1,38,Shakib Al Hasan,Suresh Raina,0,False,1.0,20,Uppal,Rajiv Gandhi International Stadium,False,True,37,6,6.166666666666667,27,4.378378378378378,20,183,156,13.833333333333332,11.277108433734941,1,9
6.2,6,2,39,Shakib Al Hasan,Suresh Raina,1,False,-0.5,20,Uppal,Rajiv Gandhi International Stadium,False,True,38,6,6.333333333333333,28,4.421052631578948,20,183,155,13.666666666666668,11.341463414634145,1,9
6.3,6,3,40,Shakib Al Hasan,du Plessis,1,False,-0.5,20,Uppal,Rajiv Gandhi International Stadium,False,True,39,6,6.5,29,4.461538461538462,20,183,154,13.5,11.407407407407407,1,9
6.4,6,4,41,Shakib Al Hasan,Suresh Raina,0,False,1.0,20,Uppal,Rajiv Gandhi International Stadium,False,True,40,6,6.666666666666667,29,4.35,20,183,154,13.333333333333332,11.55,1,9
6.5,6,5,42,Shakib Al Hasan,Suresh Raina,1,False,-1.0,20,Uppal,Rajiv Gandhi International Stadium,True,False,40,6,6.666666666666667,30,4.5,20,183,153,13.333333333333332,11.475000000000001,1,9
6.5,6,5,43,Shakib Al Hasan,Suresh Raina,1,False,-0.5,20,Uppal,Rajiv Gandhi International Stadium,False,True,41,6,6.833333333333333,31,4.536585365853659,20,183,152,13.166666666666668,11.544303797468354,1,9
6.6,6,6,44,Shakib Al Hasan,du Plessis,1,False,-0.5,20,Uppal,Rajiv Gandhi International Stadium,False,True,42,6,7.0,32,4.571428571428571,20,183,151,13.0,11.615384615384615,1,9
7.1,7,1,45,Rashid Khan,du Plessis,0,True,5.0,20,Uppal,Rajiv Gandhi International Stadium,False,True,43,7,7.166666666666667,32,4.465116279069767,20,183,151,12.833333333333332,11.766233766233768,2,8
7.2,7,2,46,Rashid Khan,Ambati Rayudu,0,False,1.0,20,Uppal,Rajiv Gandhi International Stadium,False,True,44,7,7.333333333333333,32,4.363636363636364,20,183,151,12.666666666666668,11.921052631578947,2,8
7.3,7,3,47,Rashid Khan,Ambati Rayudu,4,False,-2.0,20,Uppal,Rajiv Gandhi International Stadium,False,True,45,7,7.5,36,4.8,20,183,147,12.5,11.76,2,8
7.4,7,4,48,Rashid Khan,Ambati Rayudu,0,False,1.0,20,Uppal,Rajiv Gandhi International Stadium,False,True,46,7,7.666666666666667,36,4.695652173913043,20,183,147,12.333333333333332,11.91891891891892,2,8
7.5,7,5,49,Rashid Khan,Ambati Rayudu,1,False,-0.5,20,Uppal,Rajiv Gandhi International Stadium,False,True,47,7,7.833333333333333,37,4.723404255319149,20,183,146,12.166666666666668,11.999999999999998,2,8
7.6,7,6,50,Rashid Khan,Suresh Raina,0,False,1.0,20,Uppal,Rajiv Gandhi International Stadium,False,True,48,7,8.0,37,4.625,20,183,146,12.0,12.166666666666666,2,8
8.1,8,1,51,Siddarth Kaul,Ambati Rayudu,1,False,-0.5,20,Uppal,Rajiv Gandhi International Stadium,False,True,49,8,8.166666666666666,38,4.653061224489797,20,183,145,11.833333333333334,12.253521126760562,2,8
8.2,8,2,52,Siddarth Kaul,Suresh Raina,0,False,1.0,20,Uppal,Rajiv Gandhi International Stadium,False,True,50,8,8.333333333333334,38,4.56,20,183,145,11.666666666666666,12.428571428571429,2,8
8.3,8,3,53,Siddarth Kaul,Suresh Raina,0,False,1.0,20,Uppal,Rajiv Gandhi International Stadium,False,True,51,8,8.5,38,4.470588235294118,20,183,145,11.5,12.608695652173912,2,8
8.4,8,4,54,Siddarth Kaul,Suresh Raina,0,False,1.0,20,Uppal,Rajiv Gandhi International Stadium,False,True,52,8,8.666666666666666,38,4.384615384615385,20,183,145,11.333333333333334,12.794117647058822,2,8
8.5,8,5,55,Siddarth Kaul,Suresh Raina,1,False,-0.5,20,Uppal,Rajiv Gandhi International Stadium,False,True,53,8,8.833333333333334,39,4.415094339622641,20,183,144,11.166666666666666,12.895522388059701,2,8
8.6,8,6,56,Siddarth Kaul,Ambati Rayudu,1,False,-1.0,20,Uppal,Rajiv Gandhi International Stadium,True,False,53,8,8.833333333333334,40,4.528301886792453,20,183,143,11.166666666666666,12.805970149253731,2,8
8.6,8,6,57,Siddarth Kaul,Ambati Rayudu,1,False,-0.5,20,Uppal,Rajiv Gandhi International Stadium,False,True,54,8,9.0,41,4.555555555555555,20,183,142,11.0,12.909090909090908,2,8
9.1,9,1,58,Bhuvneshwar Kumar,Ambati Rayudu,0,False,1.0,20,Uppal,Rajiv Gandhi International Stadium,False,True,55,9,9.166666666666666,41,4.472727272727273,20,183,142,10.833333333333334,13.107692307692307,2,8
9.2,9,2,59,Bhuvneshwar Kumar,Ambati Rayudu,6,False,-3.0,20,Uppal,Rajiv Gandhi International Stadium,False,True,56,9,9.333333333333334,47,5.035714285714286,20,183,136,10.666666666666666,12.75,2,8
9.3,9,3,60,Bhuvneshwar Kumar,Ambati Rayudu,1,False,-0.5,20,Uppal,Rajiv Gandhi International Stadium,False,True,57,9,9.5,48,5.052631578947368,20,183,135,10.5,12.857142857142858,2,8
9.4,9,4,61,Bhuvneshwar Kumar,Suresh Raina,1,False,-0.5,20,Uppal,Rajiv Gandhi International Stadium,False,True,58,9,9.666666666666666,49,5.06896551724138,20,183,134,10.333333333333334,12.96774193548387,2,8
9.5,9,5,62,Bhuvneshwar Kumar,Ambati Rayudu,1,False,-0.5,20,Uppal,Rajiv Gandhi International Stadium,False,True,59,9,9.833333333333334,50,5.084745762711864,20,183,133,10.166666666666666,13.081967213114755,2,8
9.6,9,6,63,Bhuvneshwar Kumar,Suresh Raina,4,False,-2.0,20,Uppal,Rajiv Gandhi International Stadium,False,True,60,9,10.0,54,5.4,20,183,129,10.0,12.9,2,8
10.1,10,1,64,Deepak Hooda,Ambati Rayudu,4,False,-2.0,20,Uppal,Rajiv Gandhi International Stadium,False,True,61,10,10.166666666666666,58,5.704918032786885,20,183,125,9.833333333333334,12.711864406779661,2,8
10.2,10,2,65,Deepak Hooda,Ambati Rayudu,1,False,-0.5,20,Uppal,Rajiv Gandhi International Stadium,False,True,62,10,10.333333333333334,59,5.709677419354838,20,183,124,9.666666666666666,12.827586206896553,2,8
10.3,10,3,66,Deepak Hooda,Suresh Raina,0,False,1.0,20,Uppal,Rajiv Gandhi International Stadium,False,True,63,10,10.5,59,5.619047619047619,20,183,124,9.5,13.052631578947368,2,8
10.4,10,4,67,Deepak Hooda,Suresh Raina,1,False,-0.5,20,Uppal,Rajiv Gandhi International Stadium,False,True,64,10,10.666666666666666,60,5.625,20,183,123,9.333333333333334,13.178571428571427,2,8
10.5,10,5,68,Deepak Hooda,Ambati Rayudu,1,False,-0.5,20,Uppal,Rajiv Gandhi International Stadium,False,True,65,10,10.833333333333334,61,5.63076923076923,20,183,122,9.166666666666666,13.30909090909091,2,8
10.6,10,6,69,Deepak Hooda,Suresh Raina,1,False,-0.5,20,Uppal,Rajiv Gandhi International Stadium,False,True,66,10,11.0,62,5.636363636363637,20,183,121,9.0,13.444444444444445,2,8
11.1,11,1,70,Rashid Khan,Suresh Raina,1,False,-0.5,20,Uppal,Rajiv Gandhi International Stadium,False,True,67,11,11.166666666666666,63,5.64179104477612,20,183,120,8.833333333333334,13.584905660377357,2,8
11.2,11,2,71,Rashid Khan,Ambati Rayudu,1,False,-0.5,20,Uppal,Rajiv Gandhi International Stadium,False,True,68,11,11.333333333333334,64,5.647058823529411,20,183,119,8.666666666666666,13.730769230769232,2,8
11.3,11,3,72,Rashid Khan,Suresh Raina,1,False,-0.5,20,Uppal,Rajiv Gandhi International Stadium,False,True,69,11,11.5,65,5.6521739130434785,20,183,118,8.5,13.882352941176471,2,8
11.4,11,4,73,Rashid Khan,Ambati Rayudu,1,False,-0.5,20,Uppal,Rajiv Gandhi International Stadium,False,True,70,11,11.666666666666666,66,5.6571428571428575,20,183,117,8.333333333333334,14.04,2,8
11.5,11,5,74,Rashid Khan,Suresh Raina,6,False,-3.0,20,Uppal,Rajiv Gandhi International Stadium,False,True,71,11,11.833333333333334,72,6.084507042253521,20,183,111,8.166666666666666,13.591836734693878,2,8
11.6,11,6,75,Rashid Khan,Suresh Raina,6,False,-3.0,20,Uppal,Rajiv Gandhi International Stadium,False,True,72,11,12.0,78,6.5,20,183,105,8.0,13.125,2,8
12.1,12,1,76,Shakib Al Hasan,Ambati Rayudu,2,False,-1.0,20,Uppal,Rajiv Gandhi International Stadium,False,True,73,12,12.166666666666666,80,6.575342465753425,20,183,103,7.833333333333334,13.148936170212766,2,8
12.2,12,2,77,Shakib Al Hasan,Ambati Rayudu,1,False,-0.5,20,Uppal,Rajiv Gandhi International Stadium,False,True,74,12,12.333333333333334,81,6.5675675675675675,20,183,102,7.666666666666666,13.304347826086957,2,8
12.3,12,3,78,Shakib Al Hasan,Suresh Raina,1,False,-0.5,20,Uppal,Rajiv Gandhi International Stadium,False,True,75,12,12.5,82,6.56,20,183,101,7.5,13.466666666666667,2,8
12.4,12,4,79,N/A,N/A,0,False,0.0,20,Uppal,Rajiv Gandhi International Stadium,False,True,76,12,12.666666666666666,82,6.473684210526316,20,183,101,7.333333333333334,13.772727272727272,2,8
12.5,12,5,80,Shakib Al Hasan,Ambati Rayudu,4,False,-2.0,20,Uppal,Rajiv Gandhi International Stadium,False,True,77,12,12.833333333333334,86,6.701298701298701,20,183,97,7.166666666666666,13.534883720930234,2,8
12.6,12,6,81,Shakib Al Hasan,Ambati Rayudu,1,False,-0.5,20,Uppal,Rajiv Gandhi International Stadium,False,True,78,12,13.0,87,6.6923076923076925,20,183,96,7.0,13.714285714285714,2,8
13.1,13,1,82,Billy Stanlake,Ambati Rayudu,0,False,1.0,20,Uppal,Rajiv Gandhi International Stadium,False,True,79,13,13.166666666666666,87,6.607594936708861,20,183,96,6.833333333333334,14.048780487804876,2,8
13.2,13,2,83,Billy Stanlake,Ambati Rayudu,4,False,-2.0,20,Uppal,Rajiv Gandhi International Stadium,False,True,80,13,13.333333333333334,91,6.824999999999999,20,183,92,6.666666666666666,13.8,2,8
13.3,13,3,84,Billy Stanlake,Ambati Rayudu,0,False,1.0,20,Uppal,Rajiv Gandhi International Stadium,False,True,81,13,13.5,91,6.7407407407407405,20,183,92,6.5,14.153846153846153,2,8
13.4,13,4,85,Billy Stanlake,Ambati Rayudu,4,False,-2.0,20,Uppal,Rajiv Gandhi International Stadium,False,True,82,13,13.666666666666666,95,6.951219512195122,20,183,88,6.333333333333334,13.894736842105262,2,8
13.5,13,5,86,Billy Stanlake,Ambati Rayudu,1,False,-1.0,20,Uppal,Rajiv Gandhi International Stadium,True,False,82,13,13.666666666666666,96,7.024390243902439,20,183,87,6.333333333333334,13.736842105263156,2,8
13.5,13,5,87,Billy Stanlake,Ambati Rayudu,6,False,-3.0,20,Uppal,Rajiv Gandhi International Stadium,False,True,83,13,13.833333333333334,102,7.373493975903614,20,183,81,6.166666666666666,13.135135135135137,2,8
13.6,13,6,88,Billy Stanlake,Ambati Rayudu,4,False,-2.0,20,Uppal,Rajiv Gandhi International Stadium,False,True,84,13,14.0,106,7.571428571428571,20,183,77,6.0,12.833333333333334,2,8
14.1,14,1,89,Shakib Al Hasan,Suresh Raina,1,False,-0.5,20,Uppal,Rajiv Gandhi International Stadium,False,True,85,14,14.166666666666666,107,7.552941176470589,20,183,76,5.833333333333334,13.028571428571427,2,8
14.2,14,2,90,Shakib Al Hasan,Ambati Rayudu,1,False,-0.5,20,Uppal,Rajiv Gandhi International Stadium,False,True,86,14,14.333333333333334,108,7.534883720930233,20,183,75,5.666666666666666,13.23529411764706,2,8
14.3,14,3,91,Shakib Al Hasan,Suresh Raina,1,False,-0.5,20,Uppal,Rajiv Gandhi International Stadium,False,True,87,14,14.5,109,7.517241379310345,20,183,74,5.5,13.454545454545455,2,8
14.4,14,4,92,Shakib Al Hasan,Ambati Rayudu,6,False,-3.0,20,Uppal,Rajiv Gandhi International Stadium,False,True,88,14,14.666666666666666,115,7.840909090909091,20,183,68,5.333333333333334,12.749999999999998,2,8
14.5,14,5,93,Shakib Al Hasan,Ambati Rayudu,4,False,-2.0,20,Uppal,Rajiv Gandhi International Stadium,False,True,89,14,14.833333333333334,119,8.02247191011236,20,183,64,5.166666666666666,12.38709677419355,2,8
14.6,14,6,94,Shakib Al Hasan,Ambati Rayudu,1,False,-0.5,20,Uppal,Rajiv Gandhi International Stadium,False,True,90,14,15.0,120,8.0,20,183,63,5.0,12.6,2,8
15.1,15,1,95,Rashid Khan,Ambati Rayudu,1,False,-0.5,20,Uppal,Rajiv Gandhi International Stadium,False,True,91,15,15.166666666666666,121,7.978021978021978,20,183,62,4.833333333333334,12.82758620689655,2,8
15.2,15,2,96,Rashid Khan,Suresh Raina,1,False,-0.5,20,Uppal,Rajiv Gandhi International Stadium,False,True,92,15,15.333333333333334,122,7.956521739130435,20,183,61,4.666666666666666,13.071428571428573,2,8
15.3,15,3,97,Rashid Khan,Ambati Rayudu,4,False,-2.0,20,Uppal,Rajiv Gandhi International Stadium,False,True,93,15,15.5,126,8.129032258064516,20,183,57,4.5,12.666666666666666,2,8
15.4,15,4,98,Rashid Khan,Ambati Rayudu,6,False,-3.0,20,Uppal,Rajiv Gandhi International Stadium,False,True,94,15,15.666666666666666,132,8.425531914893618,20,183,51,4.333333333333334,11.769230769230768,2,8
15.5,15,5,99,Rashid Khan,Ambati Rayudu,1,False,-0.5,20,Uppal,Rajiv Gandhi International Stadium,False,True,95,15,15.833333333333334,133,8.4,20,183,50,4.166666666666666,12.000000000000002,2,8
15.6,15,6,100,Rashid Khan,Suresh Raina,4,False,-2.0,20,Uppal,Rajiv Gandhi International Stadium,False,True,96,15,16.0,137,8.5625,20,183,46,4.0,11.5,2,8
16.1,16,1,101,Siddarth Kaul,Ambati Rayudu,1,False,-0.5,20,Uppal,Rajiv Gandhi International Stadium,False,True,97,16,16.166666666666668,138,8.536082474226804,20,183,45,3.833333333333332,11.739130434782613,2,8
16.2,16,2,102,Siddarth Kaul,Suresh Raina,1,False,-0.5,20,Uppal,Rajiv Gandhi International Stadium,False,True,98,16,16.333333333333332,139,8.510204081632654,20,183,44,3.666666666666668,11.999999999999996,2,8
16.3,16,3,103,Siddarth Kaul,Ambati Rayudu,4,False,-2.0,20,Uppal,Rajiv Gandhi International Stadium,False,True,99,16,16.5,143,8.666666666666666,20,183,40,3.5,11.428571428571429,2,8
16.4,16,4,104,Siddarth Kaul,Ambati Rayudu,0,True,5.0,20,Uppal,Rajiv Gandhi International Stadium,False,True,100,16,16.666666666666668,143,8.58,20,183,40,3.333333333333332,12.000000000000004,3,7
16.5,16,5,105,Siddarth Kaul,Suresh Raina,1,False,-0.5,20,Uppal,Rajiv Gandhi International Stadium,False,True,101,16,16.833333333333332,144,8.554455445544555,20,183,39,3.166666666666668,12.315789473684205,3,7
16.6,16,6,106,Siddarth Kaul,MS Dhoni,1,False,-0.5,20,Uppal,Rajiv Gandhi International Stadium,False,True,102,16,17.0,145,8.529411764705882,20,183,38,3.0,12.666666666666666,3,7
17.1,17,1,107,Rashid Khan,MS Dhoni,0,False,1.0,20,Uppal,Rajiv Gandhi International Stadium,False,True,103,17,17.166666666666668,145,8.446601941747572,20,183,38,2.833333333333332,13.411764705882359,3,7
17.2,17,2,108,Rashid Khan,MS Dhoni,4,False,-2.0,20,Uppal,Rajiv Gandhi International Stadium,False,True,104,17,17.333333333333332,149,8.596153846153847,20,183,34,2.666666666666668,12.749999999999995,3,7
17.3,17,3,109,Rashid Khan,MS Dhoni,1,False,-0.5,20,Uppal,Rajiv Gandhi International Stadium,False,True,105,17,17.5,150,8.571428571428571,20,183,33,2.5,13.2,3,7
17.4,17,4,110,Rashid Khan,Suresh Raina,1,False,-0.5,20,Uppal,Rajiv Gandhi International Stadium,False,True,106,17,17.666666666666668,151,8.547169811320755,20,183,32,2.333333333333332,13.71428571428572,3,7
17.5,17,5,111,Rashid Khan,MS Dhoni,1,False,-0.5,20,Uppal,Rajiv Gandhi International Stadium,False,True,107,17,17.833333333333332,152,8.52336448598131,20,183,31,2.166666666666668,14.3076923076923,3,7
17.6,17,6,112,Rashid Khan,Suresh Raina,4,False,-2.0,20,Uppal,Rajiv Gandhi International Stadium,False,True,108,17,18.0,156,8.666666666666666,20,183,27,2.0,13.5,3,7
18.1,18,1,113,Siddarth Kaul,MS Dhoni,4,False,-2.0,20,Uppal,Rajiv Gandhi International Stadium,False,True,109,18,18.166666666666668,160,8.807339449541283,20,183,23,1.8333333333333321,12.545454545454554,3,7
18.2,18,2,114,Siddarth Kaul,MS Dhoni,1,False,-0.5,20,Uppal,Rajiv Gandhi International Stadium,False,True,110,18,18.333333333333332,161,8.781818181818183,20,183,22,1.6666666666666679,13.19999999999999,3,7
18.3,18,3,115,Siddarth Kaul,Suresh Raina,4,False,-2.0,20,Uppal,Rajiv Gandhi International Stadium,False,True,111,18,18.5,165,8.91891891891892,20,183,18,1.5,12.0,3,7
18.4,18,4,116,Siddarth Kaul,Suresh Raina,1,False,-0.5,20,Uppal,Rajiv Gandhi International Stadium,False,True,112,18,18.666666666666668,166,8.892857142857142,20,183,17,1.3333333333333321,12.75000000000001,3,7
18.5,18,5,117,Siddarth Kaul,MS Dhoni,4,False,-2.0,20,Uppal,Rajiv Gandhi International Stadium,False,True,113,18,18.833333333333332,170,9.026548672566372,20,183,13,1.1666666666666679,11.142857142857132,3,7
18.6,18,6,118,Siddarth Kaul,MS Dhoni,0,False,1.0,20,Uppal,Rajiv Gandhi International Stadium,False,True,114,18,19.0,170,8.947368421052632,20,183,13,1.0,13.0,3,7
19.1,19,1,119,Billy Stanlake,Suresh Raina,1,False,-0.5,20,Uppal,Rajiv Gandhi International Stadium,False,True,115,19,19.166666666666668,171,8.921739130434782,20,183,12,0.8333333333333321,14.40000000000002,3,7
19.2,19,2,120,Billy Stanlake,MS Dhoni,6,False,-3.0,20,Uppal,Rajiv Gandhi International Stadium,False,True,116,19,19.333333333333332,177,9.155172413793103,20,183,6,0.6666666666666679,8.999999999999984,3,7
19.3,19,3,121,Billy Stanlake,MS Dhoni,1,False,-0.5,20,Uppal,Rajiv Gandhi International Stadium,False,True,117,19,19.5,178,9.128205128205128,20,183,5,0.5,10.0,3,7
19.4,19,4,122,Billy Stanlake,Suresh Raina,0,False,1.0,20,Uppal,Rajiv Gandhi International Stadium,False,True,118,19,19.666666666666668,178,9.050847457627118,20,183,5,0.33333333333333215,15.000000000000053,3,7
19.5,19,5,123,Billy Stanlake,Suresh Raina,1,False,-0.5,20,Uppal,Rajiv Gandhi International Stadium,False,True,119,19,19.833333333333332,179,9.025210084033613,20,183,4,0.16666666666666785,23.99999999999983,3,7
19.6,19,6,124,Billy Stanlake,MS Dhoni,2,False,-1.0,20,Uppal,Rajiv Gandhi International Stadium,False,True,120,19,20.0,181,9.05,20,183,2,0.0,inf,3,7
