Ball Number,over,ball,Ball,bowler,batsman,Runs,is_wicket,bowler_score,match_id,city,stadium,is_extra,legal_delivery,legal_deliveries_count,overs_completed,overs_bowled,total_runs,current_run_rate,total_overs,target,runs_needed,overs_remaining,required_run_rate,wickets_fallen,wickets_in_hand
0.1,0,1,1,Deepak Chahar,Ricky Bhui,0,False,1.0,20,Uppal,Rajiv Gandhi International Stadium,False,True,1,0,0.16666666666666666,0,0.0,20,183,183,19.833333333333332,9.226890756302522,0,10
0.2,0,2,2,Deepak Chahar,Ricky Bhui,0,False,1.0,20,Uppal,Rajiv Gandhi International Stadium,False,True,2,0,0.3333333333333333,0,0.0,20,183,183,19.666666666666668,9.305084745762711,0,10
0.3,0,3,3,Deepak Chahar,Ricky Bhui,0,False,1.0,20,Uppal,Rajiv Gandhi International Stadium,False,True,3,0,0.5,0,0.0,20,183,183,19.5,9.384615384615385,0,10
0.4,0,4,4,Deepak Chahar,Ricky Bhui,0,False,1.0,20,Uppal,Rajiv Gandhi International Stadium,False,True,4,0,0.6666666666666666,0,0.0,20,183,183,19.333333333333332,9.465517241379311,0,10
0.5,0,5,5,Deepak Chahar,Ricky Bhui,0,True,5.0,20,Uppal,Rajiv Gandhi International Stadium,False,True,5,0,0.8333333333333334,0,0.0,20,183,183,19.166666666666668,9.54782608695652,1,9
0.6,0,6,6,Deepak Chahar,Manish Pandey,0,False,1.0,20,Uppal,Rajiv Gandhi International Stadium,False,True,6,0,1.0,0,0.0,20,183,183,19.0,9.631578947368421,1,9
1.1,1,1,7,Shardul Thakur,Kane Williamson,0,False,1.0,20,Uppal,Rajiv Gandhi International Stadium,False,True,7,1,1.1666666666666667,0,0.0,20,183,183,18.833333333333332,9.716814159292037,1,9
1.2,1,2,8,Shardul Thakur,Kane Williamson,2,False,-1.0,20,Uppal,Rajiv Gandhi International Stadium,False,True,8,1,1.3333333333333333,2,1.5,20,183,181,18.666666666666668,9.696428571428571,1,9
1.3,1,3,9,N/A,N/A,0,False,0.0,20,Uppal,Rajiv Gandhi International Stadium,False,True,9,1,1.5,2,1.3333333333333333,20,183,181,18.5,9.783783783783784,1,9
1.4,1,4,10,Shardul Thakur,Kane Williamson,4,False,-2.0,20,Uppal,Rajiv Gandhi International Stadium,False,True,10,1,1.6666666666666665,6,3.6000000000000005,20,183,177,18.333333333333332,9.654545454545454,1,9
1.5,1,5,11,Shardul Thakur,Kane Williamson,0,False,1.0,20,Uppal,Rajiv Gandhi International Stadium,False,True,11,1,1.8333333333333335,6,3.2727272727272725,20,183,177,18.166666666666668,9.743119266055045,1,9
1.6,1,6,12,Shardul Thakur,Kane Williamson,4,False,-2.0,20,Uppal,Rajiv Gandhi International Stadium,False,True,12,1,2.0,10,5.0,20,183,173,18.0,9.61111111111111,1,9
2.1,2,1,13,Deepak Chahar,Manish Pandey,0,True,5.0,20,Uppal,Rajiv Gandhi International Stadium,False,True,13,2,2.1666666666666665,10,4.615384615384616,20,183,173,17.833333333333332,9.700934579439252,2,8
2.2,2,2,14,Deepak Chahar,Kane Williamson,1,False,-0.5,20,Uppal,Rajiv Gandhi International Stadium,False,True,14,2,2.3333333333333335,11,4.714285714285714,20,183,172,17.666666666666668,9.735849056603772,2,8
2.3,2,3,15,Deepak Chahar,Deepak Hooda,0,False,1.0,20,Uppal,Rajiv Gandhi International Stadium,False,True,15,2,2.5,11,4.4,20,183,172,17.5,9.82857142857143,2,8
2.4,2,4,16,Deepak Chahar,Deepak Hooda,0,False,1.0,20,Uppal,Rajiv Gandhi International Stadium,False,True,16,2,2.6666666666666665,11,4.125,20,183,172,17.333333333333332,9.923076923076923,2,8
2.5,2,5,17,Deepak Chahar,Deepak Hooda,0,False,1.0,20,Uppal,Rajiv Gandhi International Stadium,False,True,17,2,2.8333333333333335,11,3.8823529411764706,20,183,172,17.166666666666668,10.019417475728154,2,8
2.6,2,6,18,Deepak Chahar,Deepak Hooda,0,False,1.0,20,Uppal,Rajiv Gandhi International Stadium,False,True,18,2,3.0,11,3.6666666666666665,20,183,172,17.0,10.117647058823529,2,8
3.1,3,1,19,Shardul Thakur,Kane Williamson,1,False,-0.5,20,Uppal,Rajiv Gandhi International Stadium,False,True,19,3,3.1666666666666665,12,3.7894736842105265,20,183,171,16.833333333333332,10.158415841584159,2,8
3.1,3,1,20,Shardul Thakur,Kane Williamson,1,False,-1.0,20,Uppal,Rajiv Gandhi International Stadium,True,False,19,3,3.1666666666666665,13,4.105263157894737,20,183,170,16.833333333333332,10.099009900990099,2,8
3.2,3,2,21,N/A,N/A,0,False,0.0,20,Uppal,Rajiv Gandhi International Stadium,False,True,20,3,3.3333333333333335,13,3.9,20,183,170,16.666666666666668,10.2,2,8
3.3,3,3,22,Shardul Thakur,Kane Williamson,0,False,1.0,20,Uppal,Rajiv Gandhi International Stadium,False,True,21,3,3.5,13,3.7142857142857144,20,183,170,16.5,10.303030303030303,2,8
3.4,3,4,23,Shardul Thakur,Kane Williamson,4,False,-2.0,20,Uppal,Rajiv Gandhi International Stadium,False,True,22,3,3.6666666666666665,17,4.636363636363637,20,183,166,16.333333333333332,10.16326530612245,2,8
3.5,3,5,24,Shardul Thakur,Kane Williamson,0,False,1.0,20,Uppal,Rajiv Gandhi International Stadium,False,True,23,3,3.8333333333333335,17,4.434782608695652,20,183,166,16.166666666666668,10.268041237113401,2,8
3.6,3,6,25,Shardul Thakur,Kane Williamson,4,False,-2.0,20,Uppal,Rajiv Gandhi International Stadium,False,True,24,3,4.0,21,5.25,20,183,162,16.0,10.125,2,8
4.1,4,1,26,Deepak Chahar,Deepak Hooda,0,False,1.0,20,Uppal,Rajiv Gandhi International Stadium,False,True,25,4,4.166666666666667,21,5.04,20,183,162,15.833333333333332,10.231578947368423,2,8
4.2,4,2,27,Deepak Chahar,Deepak Hooda,0,True,5.0,20,Uppal,Rajiv Gandhi International Stadium,False,True,26,4,4.333333333333333,21,4.846153846153847,20,183,162,15.666666666666668,10.340425531914892,3,7
4.3,4,3,28,Deepak Chahar,Kane Williamson,0,False,1.0,20,Uppal,Rajiv Gandhi International Stadium,False,True,27,4,4.5,21,4.666666666666667,20,183,162,15.5,10.451612903225806,3,7
4.4,4,4,29,Deepak Chahar,Kane Williamson,6,False,-3.0,20,Uppal,Rajiv Gandhi International Stadium,False,True,28,4,4.666666666666667,27,5.785714285714286,20,183,156,15.333333333333332,10.173913043478262,3,7
4.5,4,5,30,Deepak Chahar,Kane Williamson,0,False,1.0,20,Uppal,Rajiv Gandhi International Stadium,False,True,29,4,4.833333333333333,27,5.586206896551724,20,183,156,15.166666666666668,10.285714285714285,3,7
4.6,4,6,31,Deepak Chahar,Kane Williamson,0,False,1.0,20,Uppal,Rajiv Gandhi International Stadium,False,True,30,4,5.0,27,5.4,20,183,156,15.0,10.4,3,7
5.1,5,1,32,Shane Watson,Shakib Al Hasan,0,False,1.0,20,Uppal,Rajiv Gandhi International Stadium,False,True,31,5,5.166666666666667,27,5.225806451612903,20,183,156,14.833333333333332,10.51685393258427,3,7
5.2,5,2,33,Shane Watson,Shakib Al Hasan,4,False,-2.0,20,Uppal,Rajiv Gandhi International Stadium,False,True,32,5,5.333333333333333,31,5.8125,20,183,152,14.666666666666668,10.363636363636363,3,7
5.3,5,3,34,Shane Watson,Shakib Al Hasan,1,False,-0.5,20,Uppal,Rajiv Gandhi International Stadium,False,True,33,5,5.5,32,5.818181818181818,20,183,151,14.5,10.413793103448276,3,7
5.4,5,4,35,Shane Watson,Kane Williamson,1,False,-0.5,20,Uppal,Rajiv Gandhi International Stadium,False,True,34,5,5.666666666666667,33,5.823529411764706,20,183,150,14.333333333333332,10.465116279069768,3,7
5.5,5,5,36,Shane Watson,Shakib Al Hasan,0,False,1.0,20,Uppal,Rajiv Gandhi International Stadium,False,True,35,5,5.833333333333333,33,5.6571428571428575,20,183,150,14.166666666666668,10.588235294117647,3,7
5.6,5,6,37,Shane Watson,Shakib Al Hasan,6,False,-3.0,20,Uppal,Rajiv Gandhi International Stadium,False,True,36,5,6.0,39,6.5,20,183,144,14.0,10.285714285714286,3,7
6.1,6,1,38,Ravindra Jadeja,Kane Williamson,1,False,-0.5,20,Uppal,Rajiv Gandhi International Stadium,False,True,37,6,6.166666666666667,40,6.486486486486486,20,183,143,13.833333333333332,10.337349397590362,3,7
6.2,6,2,39,Ravindra Jadeja,Shakib Al Hasan,1,False,-0.5,20,Uppal,Rajiv Gandhi International Stadium,False,True,38,6,6.333333333333333,41,6.473684210526316,20,183,142,13.666666666666668,10.390243902439023,3,7
6.3,6,3,40,Ravindra Jadeja,Kane Williamson,0,False,1.0,20,Uppal,Rajiv Gandhi International Stadium,False,True,39,6,6.5,41,6.3076923076923075,20,183,142,13.5,10.518518518518519,3,7
6.4,6,4,41,Ravindra Jadeja,Kane Williamson,0,False,1.0,20,Uppal,Rajiv Gandhi International Stadium,False,True,40,6,6.666666666666667,41,6.1499999999999995,20,183,142,13.333333333333332,10.65,3,7
6.5,6,5,42,Ravindra Jadeja,Kane Williamson,1,False,-0.5,20,Uppal,Rajiv Gandhi International Stadium,False,True,41,6,6.833333333333333,42,6.146341463414634,20,183,141,13.166666666666668,10.70886075949367,3,7
6.6,6,6,43,Ravindra Jadeja,Shakib Al Hasan,0,False,1.0,20,Uppal,Rajiv Gandhi International Stadium,False,True,42,6,7.0,42,6.0,20,183,141,13.0,10.846153846153847,3,7
7.1,7,1,44,Deepak Chahar,Kane Williamson,1,False,-0.5,20,Uppal,Rajiv Gandhi International Stadium,False,True,43,7,7.166666666666667,43,6.0,20,183,140,12.833333333333332,10.90909090909091,3,7
7.2,7,2,45,Deepak Chahar,Shakib Al Hasan,1,False,-0.5,20,Uppal,Rajiv Gandhi International Stadium,False,True,44,7,7.333333333333333,44,6.0,20,183,139,12.666666666666668,10.973684210526315,3,7
7.3,7,3,46,Deepak Chahar,Kane Williamson,1,False,-0.5,20,Uppal,Rajiv Gandhi International Stadium,False,True,45,7,7.5,45,6.0,20,183,138,12.5,11.04,3,7
7.4,7,4,47,Deepak Chahar,Shakib Al Hasan,0,False,1.0,20,Uppal,Rajiv Gandhi International Stadium,False,True,46,7,7.666666666666667,45,5.869565217391304,20,183,138,12.333333333333332,11.18918918918919,3,7
7.5,7,5,48,Deepak Chahar,Shakib Al Hasan,4,False,-2.0,20,Uppal,Rajiv Gandhi International Stadium,False,True,47,7,7.833333333333333,49,6.25531914893617,20,183,134,12.166666666666668,11.013698630136986,3,7
7.6,7,6,49,Deepak Chahar,Shakib Al Hasan,1,False,-0.5,20,Uppal,Rajiv Gandhi International Stadium,False,True,48,7,8.0,50,6.25,20,183,133,12.0,11.083333333333334,3,7
8.1,8,1,50,Ravindra Jadeja,Shakib Al Hasan,1,False,-0.5,20,Uppal,Rajiv Gandhi International Stadium,False,True,49,8,8.166666666666666,51,6.244897959183674,20,183,132,11.833333333333334,11.154929577464788,3,7
8.2,8,2,51,Ravindra Jadeja,Kane Williamson,4,False,-2.0,20,Uppal,Rajiv Gandhi International Stadium,False,True,50,8,8.333333333333334,55,6.6,20,183,128,11.666666666666666,10.971428571428572,3,7
8.3,8,3,52,Ravindra Jadeja,Kane Williamson,0,False,1.0,20,Uppal,Rajiv Gandhi International Stadium,False,True,51,8,8.5,55,6.470588235294118,20,183,128,11.5,11.130434782608695,3,7
8.4,8,4,53,Ravindra Jadeja,Kane Williamson,2,False,-1.0,20,Uppal,Rajiv Gandhi International Stadium,False,True,52,8,8.666666666666666,57,6.5769230769230775,20,183,126,11.333333333333334,11.117647058823529,3,7
8.5,8,5,54,Ravindra Jadeja,Kane Williamson,1,False,-0.5,20,Uppal,Rajiv Gandhi International Stadium,False,True,53,8,8.833333333333334,58,6.566037735849056,20,183,125,11.166666666666666,11.194029850746269,3,7
8.6,8,6,55,Ravindra Jadeja,Shakib Al Hasan,1,False,-0.5,20,Uppal,Rajiv Gandhi International Stadium,False,True,54,8,9.0,59,6.555555555555555,20,183,124,11.0,11.272727272727273,3,7
9.1,9,1,56,Shane Watson,Shakib Al Hasan,1,False,-0.5,20,Uppal,Rajiv Gandhi International Stadium,False,True,55,9,9.166666666666666,60,6.545454545454546,20,183,123,10.833333333333334,11.353846153846153,3,7
9.2,9,2,57,Shane Watson,Kane Williamson,4,False,-2.0,20,Uppal,Rajiv Gandhi International Stadium,False,True,56,9,9.333333333333334,64,6.857142857142857,20,183,119,10.666666666666666,11.15625,3,7
9.3,9,3,58,N/A,N/A,0,False,0.0,20,Uppal,Rajiv Gandhi International Stadium,False,True,57,9,9.5,64,6.7368421052631575,20,183,119,10.5,11.333333333333334,3,7
9.4,9,4,59,Shane Watson,Kane Williamson,1,False,-0.5,20,Uppal,Rajiv Gandhi International Stadium,False,True,58,9,9.666666666666666,65,6.724137931034483,20,183,118,10.333333333333334,11.419354838709676,3,7
9.5,9,5,60,Shane Watson,Shakib Al Hasan,2,False,-1.0,20,Uppal,Rajiv Gandhi International Stadium,False,True,59,9,9.833333333333334,67,6.813559322033898,20,183,116,10.166666666666666,11.40983606557377,3,7
9.6,9,6,61,Shane Watson,Shakib Al Hasan,1,False,-0.5,20,Uppal,Rajiv Gandhi International Stadium,False,True,60,9,10.0,68,6.8,20,183,115,10.0,11.5,3,7
10.1,10,1,62,Karn Sharma,Shakib Al Hasan,0,False,1.0,20,Uppal,Rajiv Gandhi International Stadium,False,True,61,10,10.166666666666666,68,6.688524590163935,20,183,115,9.833333333333334,11.694915254237287,3,7
10.2,10,2,63,Karn Sharma,Shakib Al Hasan,0,False,1.0,20,Uppal,Rajiv Gandhi International Stadium,False,True,62,10,10.333333333333334,68,6.580645161290322,20,183,115,9.666666666666666,11.896551724137932,3,7
10.3,10,3,64,Karn Sharma,Shakib Al Hasan,0,True,5.0,20,Uppal,Rajiv Gandhi International Stadium,False,True,63,10,10.5,68,6.476190476190476,20,183,115,9.5,12.105263157894736,4,6
10.4,10,4,65,Karn Sharma,Yusuf Pathan,0,False,1.0,20,Uppal,Rajiv Gandhi International Stadium,False,True,64,10,10.666666666666666,68,6.375,20,183,115,9.333333333333334,12.321428571428571,4,6
10.5,10,5,66,Karn Sharma,Yusuf Pathan,1,False,-0.5,20,Uppal,Rajiv Gandhi International Stadium,False,True,65,10,10.833333333333334,69,6.369230769230769,20,183,114,9.166666666666666,12.436363636363637,4,6
10.6,10,6,67,Karn Sharma,Kane Williamson,1,False,-0.5,20,Uppal,Rajiv Gandhi International Stadium,False,True,66,10,11.0,70,6.363636363636363,20,183,113,9.0,12.555555555555555,4,6
11.1,11,1,68,Ravindra Jadeja,Kane Williamson,1,False,-0.5,20,Uppal,Rajiv Gandhi International Stadium,False,True,67,11,11.166666666666666,71,6.358208955223881,20,183,112,8.833333333333334,12.679245283018867,4,6
11.2,11,2,69,Ravindra Jadeja,Yusuf Pathan,1,False,-0.5,20,Uppal,Rajiv Gandhi International Stadium,False,True,68,11,11.333333333333334,72,6.352941176470588,20,183,111,8.666666666666666,12.807692307692308,4,6
11.3,11,3,70,Ravindra Jadeja,Kane Williamson,1,False,-0.5,20,Uppal,Rajiv Gandhi International Stadium,False,True,69,11,11.5,73,6.3478260869565215,20,183,110,8.5,12.941176470588236,4,6
11.4,11,4,71,Ravindra Jadeja,Yusuf Pathan,1,False,-0.5,20,Uppal,Rajiv Gandhi International Stadium,False,True,70,11,11.666666666666666,74,6.342857142857143,20,183,109,8.333333333333334,13.079999999999998,4,6
11.5,11,5,72,Ravindra Jadeja,Kane Williamson,1,False,-0.5,20,Uppal,Rajiv Gandhi International Stadium,False,True,71,11,11.833333333333334,75,6.338028169014084,20,183,108,8.166666666666666,13.224489795918368,4,6
11.6,11,6,73,Ravindra Jadeja,Yusuf Pathan,0,False,1.0,20,Uppal,Rajiv Gandhi International Stadium,False,True,72,11,12.0,75,6.25,20,183,108,8.0,13.5,4,6
12.1,12,1,74,Karn Sharma,Kane Williamson,1,False,-0.5,20,Uppal,Rajiv Gandhi International Stadium,False,True,73,12,12.166666666666666,76,6.2465753424657535,20,183,107,7.833333333333334,13.659574468085106,4,6
12.2,12,2,75,Karn Sharma,Yusuf Pathan,0,False,1.0,20,Uppal,Rajiv Gandhi International Stadium,False,True,74,12,12.333333333333334,76,6.162162162162162,20,183,107,7.666666666666666,13.956521739130435,4,6
12.3,12,3,76,Karn Sharma,Yusuf Pathan,1,False,-0.5,20,Uppal,Rajiv Gandhi International Stadium,False,True,75,12,12.5,77,6.16,20,183,106,7.5,14.133333333333333,4,6
12.4,12,4,77,Karn Sharma,Kane Williamson,1,False,-0.5,20,Uppal,Rajiv Gandhi International Stadium,False,True,76,12,12.666666666666666,78,6.157894736842105,20,183,105,7.333333333333334,14.318181818181817,4,6
12.5,12,5,78,Karn Sharma,Yusuf Pathan,2,False,-1.0,20,Uppal,Rajiv Gandhi International Stadium,False,True,77,12,12.833333333333334,80,6.233766233766233,20,183,103,7.166666666666666,14.372093023255815,4,6
12.6,12,6,79,Karn Sharma,Yusuf Pathan,1,False,-0.5,20,Uppal,Rajiv Gandhi International Stadium,False,True,78,12,13.0,81,6.230769230769231,20,183,102,7.0,14.571428571428571,4,6
13.1,13,1,80,Ravindra Jadeja,Yusuf Pathan,1,False,-0.5,20,Uppal,Rajiv Gandhi International Stadium,False,True,79,13,13.166666666666666,82,6.227848101265823,20,183,101,6.833333333333334,14.780487804878048,4,6
13.2,13,2,81,Ravindra Jadeja,Kane Williamson,1,False,-0.5,20,Uppal,Rajiv Gandhi International Stadium,False,True,80,13,13.333333333333334,83,6.225,20,183,100,6.666666666666666,15.000000000000002,4,6
13.3,13,3,82,Ravindra Jadeja,Yusuf Pathan,1,False,-1.0,20,Uppal,Rajiv Gandhi International Stadium,True,False,80,13,13.333333333333334,84,6.3,20,183,99,6.666666666666666,14.850000000000001,4,6
13.3,13,3,83,Ravindra Jadeja,Yusuf Pathan,1,False,-0.5,20,Uppal,Rajiv Gandhi International Stadium,False,True,81,13,13.5,85,6.296296296296297,20,183,98,6.5,15.076923076923077,4,6
13.4,13,4,84,Ravindra Jadeja,Kane Williamson,0,False,1.0,20,Uppal,Rajiv Gandhi International Stadium,False,True,82,13,13.666666666666666,85,6.219512195121951,20,183,98,6.333333333333334,15.473684210526315,4,6
13.5,13,5,85,Ravindra Jadeja,Kane Williamson,6,False,-3.0,20,Uppal,Rajiv Gandhi International Stadium,False,True,83,13,13.833333333333334,91,6.578313253012048,20,183,92,6.166666666666666,14.918918918918921,4,6
13.6,13,6,86,N/A,N/A,0,False,0.0,20,Uppal,Rajiv Gandhi International Stadium,False,True,84,13,14.0,91,6.5,20,183,92,6.0,15.333333333333334,4,6
14.1,14,1,87,Karn Sharma,Kane Williamson,2,False,-1.0,20,Uppal,Rajiv Gandhi International Stadium,False,True,85,14,14.166666666666666,93,6.564705882352942,20,183,90,5.833333333333334,15.428571428571427,4,6
14.2,14,2,88,Karn Sharma,Kane Williamson,6,False,-3.0,20,Uppal,Rajiv Gandhi International Stadium,False,True,86,14,14.333333333333334,99,6.906976744186046,20,183,84,5.666666666666666,14.823529411764708,4,6
14.3,14,3,89,Karn Sharma,Kane Williamson,1,False,-0.5,20,Uppal,Rajiv Gandhi International Stadium,False,True,87,14,14.5,100,6.896551724137931,20,183,83,5.5,15.090909090909092,4,6
14.4,14,4,90,Karn Sharma,Yusuf Pathan,1,False,-0.5,20,Uppal,Rajiv Gandhi International Stadium,False,True,88,14,14.666666666666666,101,6.886363636363637,20,183,82,5.333333333333334,15.374999999999998,4,6
14.5,14,5,91,Karn Sharma,Kane Williamson,6,False,-3.0,20,Uppal,Rajiv Gandhi International Stadium,False,True,89,14,14.833333333333334,107,7.213483146067415,20,183,76,5.166666666666666,14.70967741935484,4,6
14.6,14,6,92,Karn Sharma,Kane Williamson,6,False,-3.0,20,Uppal,Rajiv Gandhi International Stadium,False,True,90,14,15.0,113,7.533333333333333,20,183,70,5.0,14.0,4,6
15.1,15,1,93,Dwayne Bravo,Yusuf Pathan,1,False,-0.5,20,Uppal,Rajiv Gandhi International Stadium,False,True,91,15,15.166666666666666,114,7.516483516483516,20,183,69,4.833333333333334,14.275862068965516,4,6
15.2,15,2,94,Dwayne Bravo,Kane Williamson,1,False,-0.5,20,Uppal,Rajiv Gandhi International Stadium,False,True,92,15,15.333333333333334,115,7.5,20,183,68,4.666666666666666,14.571428571428573,4,6
15.3,15,3,95,Dwayne Bravo,Yusuf Pathan,0,False,1.0,20,Uppal,Rajiv Gandhi International Stadium,False,True,93,15,15.5,115,7.419354838709677,20,183,68,4.5,15.11111111111111,4,6
15.4,15,4,96,Dwayne Bravo,Yusuf Pathan,6,False,-3.0,20,Uppal,Rajiv Gandhi International Stadium,False,True,94,15,15.666666666666666,121,7.723404255319149,20,183,62,4.333333333333334,14.307692307692307,4,6
15.5,15,5,97,Dwayne Bravo,Yusuf Pathan,0,False,1.0,20,Uppal,Rajiv Gandhi International Stadium,False,True,95,15,15.833333333333334,121,7.6421052631578945,20,183,62,4.166666666666666,14.880000000000003,4,6
15.6,15,6,98,Dwayne Bravo,Yusuf Pathan,6,False,-3.0,20,Uppal,Rajiv Gandhi International Stadium,False,True,96,15,16.0,127,7.9375,20,183,56,4.0,14.0,4,6
16.1,16,1,99,Shardul Thakur,Kane Williamson,2,False,-1.0,20,Uppal,Rajiv Gandhi International Stadium,False,True,97,16,16.166666666666668,129,7.979381443298968,20,183,54,3.833333333333332,14.086956521739134,4,6
16.2,16,2,100,Shardul Thakur,Kane Williamson,1,False,-0.5,20,Uppal,Rajiv Gandhi International Stadium,False,True,98,16,16.333333333333332,130,7.959183673469388,20,183,53,3.666666666666668,14.45454545454545,4,6
16.3,16,3,101,Shardul Thakur,Yusuf Pathan,6,False,-3.0,20,Uppal,Rajiv Gandhi International Stadium,False,True,99,16,16.5,136,8.242424242424242,20,183,47,3.5,13.428571428571429,4,6
16.4,16,4,102,Shardul Thakur,Yusuf Pathan,1,False,-0.5,20,Uppal,Rajiv Gandhi International Stadium,False,True,100,16,16.666666666666668,137,8.219999999999999,20,183,46,3.333333333333332,13.800000000000004,4,6
16.5,16,5,103,Shardul Thakur,Kane Williamson,0,False,1.0,20,Uppal,Rajiv Gandhi International Stadium,False,True,101,16,16.833333333333332,137,8.138613861386139,20,183,46,3.166666666666668,14.52631578947368,4,6
16.6,16,6,104,Shardul Thakur,Kane Williamson,0,False,1.0,20,Uppal,Rajiv Gandhi International Stadium,False,True,102,16,17.0,137,8.058823529411764,20,183,46,3.0,15.333333333333334,4,6
17.1,17,1,105,Dwayne Bravo,Yusuf Pathan,4,False,-2.0,20,Uppal,Rajiv Gandhi International Stadium,False,True,103,17,17.166666666666668,141,8.213592233009708,20,183,42,2.833333333333332,14.823529411764712,4,6
17.2,17,2,106,Dwayne Bravo,Yusuf Pathan,0,False,1.0,20,Uppal,Rajiv Gandhi International Stadium,False,True,104,17,17.333333333333332,141,8.134615384615385,20,183,42,2.666666666666668,15.749999999999993,4,6
17.3,17,3,107,Dwayne Bravo,Yusuf Pathan,2,False,-1.0,20,Uppal,Rajiv Gandhi International Stadium,False,True,105,17,17.5,143,8.17142857142857,20,183,40,2.5,16.0,4,6
17.4,17,4,108,Dwayne Bravo,Yusuf Pathan,2,False,-1.0,20,Uppal,Rajiv Gandhi International Stadium,False,True,106,17,17.666666666666668,145,8.20754716981132,20,183,38,2.333333333333332,16.285714285714295,4,6
17.5,17,5,109,Dwayne Bravo,Yusuf Pathan,1,False,-0.5,20,Uppal,Rajiv Gandhi International Stadium,False,True,107,17,17.833333333333332,146,8.186915887850468,20,183,37,2.166666666666668,17.076923076923066,4,6
17.6,17,6,110,Dwayne Bravo,Kane Williamson,0,True,5.0,20,Uppal,Rajiv Gandhi International Stadium,False,True,108,17,18.0,146,8.11111111111111,20,183,37,2.0,18.5,5,5
18.1,18,1,111,Shardul Thakur,Wriddhiman Saha,1,False,-0.5,20,Uppal,Rajiv Gandhi International Stadium,False,True,109,18,18.166666666666668,147,8.091743119266054,20,183,36,1.8333333333333321,19.636363636363647,5,5
18.2,18,2,112,Shardul Thakur,Yusuf Pathan,6,False,-3.0,20,Uppal,Rajiv Gandhi International Stadium,False,True,110,18,18.333333333333332,153,8.345454545454546,20,183,30,1.6666666666666679,17.999999999999986,5,5
18.3,18,3,113,Shardul Thakur,Yusuf Pathan,0,False,1.0,20,Uppal,Rajiv Gandhi International Stadium,False,True,111,18,18.5,153,8.27027027027027,20,183,30,1.5,20.0,5,5
18.4,18,4,114,Shardul Thakur,Yusuf Pathan,0,True,5.0,20,Uppal,Rajiv Gandhi International Stadium,False,True,112,18,18.666666666666668,153,8.196428571428571,20,183,30,1.3333333333333321,22.50000000000002,6,4
18.5,18,5,115,Shardul Thakur,Wriddhiman Saha,1,False,-0.5,20,Uppal,Rajiv Gandhi International Stadium,False,True,113,18,18.833333333333332,154,8.176991150442479,20,183,29,1.1666666666666679,24.857142857142833,6,4
18.6,18,6,116,Shardul Thakur,Rashid Khan,6,False,-3.0,20,Uppal,Rajiv Gandhi International Stadium,False,True,114,18,19.0,160,8.421052631578947,20,183,23,1.0,23.0,6,4
19.1,19,1,117,Dwayne Bravo,Wriddhiman Saha,0,False,1.0,20,Uppal,Rajiv Gandhi International Stadium,False,True,115,19,19.166666666666668,160,8.347826086956522,20,183,23,0.8333333333333321,27.60000000000004,6,4
19.2,19,2,118,Dwayne Bravo,Wriddhiman Saha,2,False,-1.0,20,Uppal,Rajiv Gandhi International Stadium,False,True,116,19,19.333333333333332,162,8.379310344827587,20,183,21,0.6666666666666679,31.499999999999943,6,4
19.3,19,3,119,Dwayne Bravo,Wriddhiman Saha,1,False,-0.5,20,Uppal,Rajiv Gandhi International Stadium,False,True,117,19,19.5,163,8.35897435897436,20,183,20,0.5,40.0,6,4
19.4,19,4,120,Dwayne Bravo,Rashid Khan,6,False,-3.0,20,Uppal,Rajiv Gandhi International Stadium,False,True,118,19,19.666666666666668,169,8.59322033898305,20,183,14,0.33333333333333215,42.00000000000015,6,4
19.5,19,5,121,Dwayne Bravo,Rashid Khan,4,False,-2.0,20,Uppal,Rajiv Gandhi International Stadium,False,True,119,19,19.833333333333332,173,8.722689075630253,20,183,10,0.16666666666666785,59.999999999999574,6,4
19.6,19,6,122,Dwayne Bravo,Rashid Khan,1,False,-0.5,20,Uppal,Rajiv Gandhi International Stadium,False,True,120,19,20.0,174,8.7,20,183,9,0.0,inf,6,4
