Ball Number,over,ball,Ball,bowler,batsman,Runs,is_wicket,bowler_score,match_id,city,stadium,is_extra,legal_delivery,legal_deliveries_count,overs_completed,overs_bowled,total_runs,current_run_rate,total_overs,target,runs_needed,overs_remaining,required_run_rate,wickets_fallen,wickets_in_hand
0.1,0,1,1,Pawan Negi,Shane Watson,1,False,-0.5,24,Bengaluru,M Chinnaswamy Stadium,False,True,1,0,0.16666666666666666,1,6.0,20,206,205,19.833333333333332,10.336134453781513,0,10
0.2,0,2,2,Pawan Negi,Ambati Rayudu,0,False,1.0,24,Bengaluru,M Chinnaswamy Stadium,False,True,2,0,0.3333333333333333,1,3.0,20,206,205,19.666666666666668,10.423728813559322,0,10
0.3,0,3,3,Pawan Negi,Ambati Rayudu,1,False,-0.5,24,Bengaluru,M Chinnaswamy Stadium,False,True,3,0,0.5,2,4.0,20,206,204,19.5,10.461538461538462,0,10
0.4,0,4,4,Pawan Negi,Shane Watson,0,False,1.0,24,Bengaluru,M Chinnaswamy Stadium,False,True,4,0,0.6666666666666666,2,3.0,20,206,204,19.333333333333332,10.551724137931036,0,10
0.5,0,5,5,Pawan Negi,Shane Watson,6,False,-3.0,24,Bengaluru,M Chinnaswamy Stadium,False,True,5,0,0.8333333333333334,8,9.6,20,206,198,19.166666666666668,10.330434782608695,0,10
0.6,0,6,6,Pawan Negi,Shane Watson,0,True,5.0,24,Bengaluru,M Chinnaswamy Stadium,False,True,6,0,1.0,8,8.0,20,206,198,19.0,10.421052631578947,1,9
1.1,1,1,7,Umesh Yadav,Ambati Rayudu,0,False,1.0,24,Bengaluru,M Chinnaswamy Stadium,False,True,7,1,1.1666666666666667,8,6.857142857142857,20,206,198,18.833333333333332,10.513274336283187,1,9
1.2,1,2,8,Umesh Yadav,Ambati Rayudu,0,False,1.0,24,Bengaluru,M Chinnaswamy Stadium,False,True,8,1,1.3333333333333333,8,6.0,20,206,198,18.666666666666668,10.607142857142856,1,9
1.3,1,3,9,Umesh Yadav,Ambati Rayudu,1,False,-0.5,24,Bengaluru,M Chinnaswamy Stadium,False,True,9,1,1.5,9,6.0,20,206,197,18.5,10.64864864864865,1,9
1.4,1,4,10,Umesh Yadav,Suresh Raina,0,False,1.0,24,Bengaluru,M Chinnaswamy Stadium,False,True,10,1,1.6666666666666665,9,5.4,20,206,197,18.333333333333332,10.745454545454546,1,9
1.5,1,5,11,Umesh Yadav,Suresh Raina,0,False,1.0,24,Bengaluru,M Chinnaswamy Stadium,False,True,11,1,1.8333333333333335,9,4.909090909090908,20,206,197,18.166666666666668,10.844036697247706,1,9
1.6,1,6,12,Umesh Yadav,Suresh Raina,1,False,-0.5,24,Bengaluru,M Chinnaswamy Stadium,False,True,12,1,2.0,10,5.0,20,206,196,18.0,10.88888888888889,1,9
2.1,2,1,13,Washington Sundar,Suresh Raina,1,False,-0.5,24,Bengaluru,M Chinnaswamy Stadium,False,True,13,2,2.1666666666666665,11,5.0769230769230775,20,206,195,17.833333333333332,10.934579439252337,1,9
2.2,2,2,14,Washington Sundar,Ambati Rayudu,0,False,1.0,24,Bengaluru,M Chinnaswamy Stadium,False,True,14,2,2.3333333333333335,11,4.714285714285714,20,206,195,17.666666666666668,11.037735849056602,1,9
2.3,2,3,15,Washington Sundar,Ambati Rayudu,6,False,-3.0,24,Bengaluru,M Chinnaswamy Stadium,False,True,15,2,2.5,17,6.8,20,206,189,17.5,10.8,1,9
2.4,2,4,16,Washington Sundar,Ambati Rayudu,6,False,-3.0,24,Bengaluru,M Chinnaswamy Stadium,False,True,16,2,2.6666666666666665,23,8.625,20,206,183,17.333333333333332,10.557692307692308,1,9
2.5,2,5,17,Washington Sundar,Ambati Rayudu,0,False,1.0,24,Bengaluru,M Chinnaswamy Stadium,False,True,17,2,2.8333333333333335,23,8.117647058823529,20,206,183,17.166666666666668,10.660194174757281,1,9
2.6,2,6,18,Washington Sundar,Ambati Rayudu,1,False,-0.5,24,Bengaluru,M Chinnaswamy Stadium,False,True,18,2,3.0,24,8.0,20,206,182,17.0,10.705882352941176,1,9
3.1,3,1,19,Umesh Yadav,Ambati Rayudu,6,False,-3.0,24,Bengaluru,M Chinnaswamy Stadium,False,True,19,3,3.1666666666666665,30,9.473684210526317,20,206,176,16.833333333333332,10.455445544554456,1,9
3.2,3,2,20,Umesh Yadav,Ambati Rayudu,0,False,1.0,24,Bengaluru,M Chinnaswamy Stadium,False,True,20,3,3.3333333333333335,30,9.0,20,206,176,16.666666666666668,10.559999999999999,1,9
3.3,3,3,21,Umesh Yadav,Ambati Rayudu,0,False,1.0,24,Bengaluru,M Chinnaswamy Stadium,False,True,21,3,3.5,30,8.571428571428571,20,206,176,16.5,10.666666666666666,1,9
3.4,3,4,22,Umesh Yadav,Ambati Rayudu,1,False,-0.5,24,Bengaluru,M Chinnaswamy Stadium,False,True,22,3,3.6666666666666665,31,8.454545454545455,20,206,175,16.333333333333332,10.714285714285715,1,9
3.5,3,5,23,Umesh Yadav,Suresh Raina,4,False,-2.0,24,Bengaluru,M Chinnaswamy Stadium,False,True,23,3,3.8333333333333335,35,9.130434782608695,20,206,171,16.166666666666668,10.577319587628866,1,9
3.6,3,6,24,Umesh Yadav,Suresh Raina,0,False,1.0,24,Bengaluru,M Chinnaswamy Stadium,False,True,24,3,4.0,35,8.75,20,206,171,16.0,10.6875,1,9
4.1,4,1,25,Mohammed Siraj,Ambati Rayudu,0,False,1.0,24,Bengaluru,M Chinnaswamy Stadium,False,True,25,4,4.166666666666667,35,8.399999999999999,20,206,171,15.833333333333332,10.8,1,9
4.2,4,2,26,Mohammed Siraj,Ambati Rayudu,4,False,-2.0,24,Bengaluru,M Chinnaswamy Stadium,False,True,26,4,4.333333333333333,39,9.0,20,206,167,15.666666666666668,10.659574468085106,1,9
4.3,4,3,27,Mohammed Siraj,Ambati Rayudu,1,False,-0.5,24,Bengaluru,M Chinnaswamy Stadium,False,True,27,4,4.5,40,8.88888888888889,20,206,166,15.5,10.709677419354838,1,9
4.4,4,4,28,Mohammed Siraj,Suresh Raina,1,False,-1.0,24,Bengaluru,M Chinnaswamy Stadium,True,False,27,4,4.5,41,9.11111111111111,20,206,165,15.5,10.64516129032258,1,9
4.4,4,4,29,Mohammed Siraj,Suresh Raina,4,False,-2.0,24,Bengaluru,M Chinnaswamy Stadium,False,True,28,4,4.666666666666667,45,9.642857142857142,20,206,161,15.333333333333332,10.5,1,9
4.5,4,5,30,Mohammed Siraj,Suresh Raina,1,False,-0.5,24,Bengaluru,M Chinnaswamy Stadium,False,True,29,4,4.833333333333333,46,9.517241379310345,20,206,160,15.166666666666668,10.54945054945055,1,9
4.6,4,6,31,Mohammed Siraj,Ambati Rayudu,4,False,-2.0,24,Bengaluru,M Chinnaswamy Stadium,False,True,30,4,5.0,50,10.0,20,206,156,15.0,10.4,1,9
5.1,5,1,32,Umesh Yadav,Suresh Raina,0,True,5.0,24,Bengaluru,M Chinnaswamy Stadium,False,True,31,5,5.166666666666667,50,9.67741935483871,20,206,156,14.833333333333332,10.51685393258427,2,8
5.2,5,2,33,Umesh Yadav,Sam Billings,0,False,1.0,24,Bengaluru,M Chinnaswamy Stadium,False,True,32,5,5.333333333333333,50,9.375,20,206,156,14.666666666666668,10.636363636363635,2,8
5.3,5,3,34,Umesh Yadav,Sam Billings,4,False,-2.0,24,Bengaluru,M Chinnaswamy Stadium,False,True,33,5,5.5,54,9.818181818181818,20,206,152,14.5,10.482758620689655,2,8
5.4,5,4,35,Umesh Yadav,Sam Billings,0,False,1.0,24,Bengaluru,M Chinnaswamy Stadium,False,True,34,5,5.666666666666667,54,9.529411764705882,20,206,152,14.333333333333332,10.604651162790699,2,8
5.5,5,5,36,Umesh Yadav,Sam Billings,0,False,1.0,24,Bengaluru,M Chinnaswamy Stadium,False,True,35,5,5.833333333333333,54,9.257142857142858,20,206,152,14.166666666666668,10.729411764705882,2,8
5.6,5,6,37,Umesh Yadav,Sam Billings,1,False,-0.5,24,Bengaluru,M Chinnaswamy Stadium,False,True,36,5,6.0,55,9.166666666666666,20,206,151,14.0,10.785714285714286,2,8
6.1,6,1,38,Yuzvendra Chahal,Sam Billings,4,False,-2.0,24,Bengaluru,M Chinnaswamy Stadium,False,True,37,6,6.166666666666667,59,9.567567567567567,20,206,147,13.833333333333332,10.626506024096386,2,8
6.2,6,2,39,Yuzvendra Chahal,Sam Billings,0,True,5.0,24,Bengaluru,M Chinnaswamy Stadium,False,True,38,6,6.333333333333333,59,9.31578947368421,20,206,147,13.666666666666668,10.75609756097561,3,7
6.3,6,3,40,Yuzvendra Chahal,Ravindra Jadeja,1,False,-0.5,24,Bengaluru,M Chinnaswamy Stadium,False,True,39,6,6.5,60,9.23076923076923,20,206,146,13.5,10.814814814814815,3,7
6.4,6,4,41,Yuzvendra Chahal,Ambati Rayudu,0,False,1.0,24,Bengaluru,M Chinnaswamy Stadium,False,True,40,6,6.666666666666667,60,9.0,20,206,146,13.333333333333332,10.950000000000001,3,7
6.5,6,5,42,Yuzvendra Chahal,Ambati Rayudu,0,False,1.0,24,Bengaluru,M Chinnaswamy Stadium,False,True,41,6,6.833333333333333,60,8.78048780487805,20,206,146,13.166666666666668,11.088607594936708,3,7
6.6,6,6,43,Yuzvendra Chahal,Ambati Rayudu,1,False,-0.5,24,Bengaluru,M Chinnaswamy Stadium,False,True,42,6,7.0,61,8.714285714285714,20,206,145,13.0,11.153846153846153,3,7
7.1,7,1,44,Umesh Yadav,Ambati Rayudu,1,False,-0.5,24,Bengaluru,M Chinnaswamy Stadium,False,True,43,7,7.166666666666667,62,8.651162790697674,20,206,144,12.833333333333332,11.220779220779221,3,7
7.2,7,2,45,Umesh Yadav,Ravindra Jadeja,0,False,1.0,24,Bengaluru,M Chinnaswamy Stadium,False,True,44,7,7.333333333333333,62,8.454545454545455,20,206,144,12.666666666666668,11.368421052631579,3,7
7.3,7,3,46,Umesh Yadav,Ravindra Jadeja,1,False,-0.5,24,Bengaluru,M Chinnaswamy Stadium,False,True,45,7,7.5,63,8.4,20,206,143,12.5,11.44,3,7
7.4,7,4,47,Umesh Yadav,Ambati Rayudu,1,False,-0.5,24,Bengaluru,M Chinnaswamy Stadium,False,True,46,7,7.666666666666667,64,8.347826086956522,20,206,142,12.333333333333332,11.513513513513514,3,7
7.5,7,5,48,Umesh Yadav,Ravindra Jadeja,1,False,-0.5,24,Bengaluru,M Chinnaswamy Stadium,False,True,47,7,7.833333333333333,65,8.297872340425533,20,206,141,12.166666666666668,11.58904109589041,3,7
7.6,7,6,49,Umesh Yadav,Ambati Rayudu,1,False,-0.5,24,Bengaluru,M Chinnaswamy Stadium,False,True,48,7,8.0,66,8.25,20,206,140,12.0,11.666666666666666,3,7
8.1,8,1,50,Yuzvendra Chahal,Ambati Rayudu,0,False,1.0,24,Bengaluru,M Chinnaswamy Stadium,False,True,49,8,8.166666666666666,66,8.081632653061225,20,206,140,11.833333333333334,11.830985915492958,3,7
8.2,8,2,51,Yuzvendra Chahal,Ambati Rayudu,0,False,1.0,24,Bengaluru,M Chinnaswamy Stadium,False,True,50,8,8.333333333333334,66,7.919999999999999,20,206,140,11.666666666666666,12.0,3,7
8.3,8,3,52,Yuzvendra Chahal,Ambati Rayudu,6,False,-3.0,24,Bengaluru,M Chinnaswamy Stadium,False,True,51,8,8.5,72,8.470588235294118,20,206,134,11.5,11.652173913043478,3,7
8.4,8,4,53,Yuzvendra Chahal,Ambati Rayudu,0,False,1.0,24,Bengaluru,M Chinnaswamy Stadium,False,True,52,8,8.666666666666666,72,8.307692307692308,20,206,134,11.333333333333334,11.823529411764705,3,7
8.5,8,5,54,Yuzvendra Chahal,Ambati Rayudu,1,False,-0.5,24,Bengaluru,M Chinnaswamy Stadium,False,True,53,8,8.833333333333334,73,8.264150943396226,20,206,133,11.166666666666666,11.91044776119403,3,7
8.6,8,6,55,Yuzvendra Chahal,Ravindra Jadeja,1,False,-1.0,24,Bengaluru,M Chinnaswamy Stadium,True,False,53,8,8.833333333333334,74,8.377358490566037,20,206,132,11.166666666666666,11.82089552238806,3,7
8.6,8,6,56,Yuzvendra Chahal,Ravindra Jadeja,0,True,5.0,24,Bengaluru,M Chinnaswamy Stadium,False,True,54,8,9.0,74,8.222222222222221,20,206,132,11.0,12.0,4,6
9.1,9,1,57,Pawan Negi,Ambati Rayudu,1,False,-0.5,24,Bengaluru,M Chinnaswamy Stadium,False,True,55,9,9.166666666666666,75,8.181818181818182,20,206,131,10.833333333333334,12.092307692307692,4,6
9.2,9,2,58,Pawan Negi,MS Dhoni,0,False,1.0,24,Bengaluru,M Chinnaswamy Stadium,False,True,56,9,9.333333333333334,75,8.035714285714285,20,206,131,10.666666666666666,12.28125,4,6
9.3,9,3,59,Pawan Negi,MS Dhoni,6,False,-3.0,24,Bengaluru,M Chinnaswamy Stadium,False,True,57,9,9.5,81,8.526315789473685,20,206,125,10.5,11.904761904761905,4,6
9.4,9,4,60,Pawan Negi,MS Dhoni,1,False,-0.5,24,Bengaluru,M Chinnaswamy Stadium,False,True,58,9,9.666666666666666,82,8.482758620689655,20,206,124,10.333333333333334,12.0,4,6
9.5,9,5,61,Pawan Negi,Ambati Rayudu,1,False,-0.5,24,Bengaluru,M Chinnaswamy Stadium,False,True,59,9,9.833333333333334,83,8.440677966101694,20,206,123,10.166666666666666,12.098360655737705,4,6
9.6,9,6,62,Pawan Negi,MS Dhoni,0,False,1.0,24,Bengaluru,M Chinnaswamy Stadium,False,True,60,9,10.0,83,8.3,20,206,123,10.0,12.3,4,6
10.1,10,1,63,Yuzvendra Chahal,Ambati Rayudu,1,False,-0.5,24,Bengaluru,M Chinnaswamy Stadium,False,True,61,10,10.166666666666666,84,8.262295081967213,20,206,122,9.833333333333334,12.406779661016948,4,6
10.2,10,2,64,Yuzvendra Chahal,MS Dhoni,2,False,-1.0,24,Bengaluru,M Chinnaswamy Stadium,False,True,62,10,10.333333333333334,86,8.32258064516129,20,206,120,9.666666666666666,12.413793103448276,4,6
10.3,10,3,65,Yuzvendra Chahal,MS Dhoni,2,False,-1.0,24,Bengaluru,M Chinnaswamy Stadium,False,True,63,10,10.5,88,8.380952380952381,20,206,118,9.5,12.421052631578947,4,6
10.4,10,4,66,Yuzvendra Chahal,MS Dhoni,0,False,1.0,24,Bengaluru,M Chinnaswamy Stadium,False,True,64,10,10.666666666666666,88,8.25,20,206,118,9.333333333333334,12.642857142857142,4,6
10.5,10,5,67,Yuzvendra Chahal,MS Dhoni,1,False,-0.5,24,Bengaluru,M Chinnaswamy Stadium,False,True,65,10,10.833333333333334,89,8.215384615384615,20,206,117,9.166666666666666,12.763636363636364,4,6
10.6,10,6,68,Yuzvendra Chahal,Ambati Rayudu,1,False,-1.0,24,Bengaluru,M Chinnaswamy Stadium,True,False,65,10,10.833333333333334,90,8.307692307692307,20,206,116,9.166666666666666,12.654545454545456,4,6
10.6,10,6,69,Yuzvendra Chahal,Ambati Rayudu,0,False,1.0,24,Bengaluru,M Chinnaswamy Stadium,False,True,66,10,11.0,90,8.181818181818182,20,206,116,9.0,12.88888888888889,4,6
11.1,11,1,70,Corey Anderson,MS Dhoni,1,False,-0.5,24,Bengaluru,M Chinnaswamy Stadium,False,True,67,11,11.166666666666666,91,8.149253731343284,20,206,115,8.833333333333334,13.018867924528301,4,6
11.2,11,2,71,Corey Anderson,Ambati Rayudu,1,False,-0.5,24,Bengaluru,M Chinnaswamy Stadium,False,True,68,11,11.333333333333334,92,8.117647058823529,20,206,114,8.666666666666666,13.153846153846155,4,6
11.3,11,3,72,Corey Anderson,MS Dhoni,1,False,-0.5,24,Bengaluru,M Chinnaswamy Stadium,False,True,69,11,11.5,93,8.08695652173913,20,206,113,8.5,13.294117647058824,4,6
11.4,11,4,73,Corey Anderson,Ambati Rayudu,1,False,-0.25,24,Bengaluru,M Chinnaswamy Stadium,False,True,70,11,11.666666666666666,94,8.057142857142857,20,206,112,8.333333333333334,13.44,4,6
11.5,11,5,74,Corey Anderson,MS Dhoni,6,False,-3.0,24,Bengaluru,M Chinnaswamy Stadium,False,True,71,11,11.833333333333334,100,8.450704225352112,20,206,106,8.166666666666666,12.979591836734695,4,6
11.6,11,6,75,Corey Anderson,MS Dhoni,1,False,-0.5,24,Bengaluru,M Chinnaswamy Stadium,False,True,72,11,12.0,101,8.416666666666666,20,206,105,8.0,13.125,4,6
12.1,12,1,76,Yuzvendra Chahal,MS Dhoni,1,False,-0.25,24,Bengaluru,M Chinnaswamy Stadium,False,True,73,12,12.166666666666666,102,8.383561643835616,20,206,104,7.833333333333334,13.27659574468085,4,6
12.2,12,2,77,Yuzvendra Chahal,Ambati Rayudu,1,False,-0.5,24,Bengaluru,M Chinnaswamy Stadium,False,True,74,12,12.333333333333334,103,8.35135135135135,20,206,103,7.666666666666666,13.434782608695652,4,6
12.3,12,3,78,Yuzvendra Chahal,MS Dhoni,1,False,-0.5,24,Bengaluru,M Chinnaswamy Stadium,False,True,75,12,12.5,104,8.32,20,206,102,7.5,13.6,4,6
12.4,12,4,79,Yuzvendra Chahal,Ambati Rayudu,0,False,1.0,24,Bengaluru,M Chinnaswamy Stadium,False,True,76,12,12.666666666666666,104,8.210526315789474,20,206,102,7.333333333333334,13.909090909090908,4,6
12.5,12,5,80,Yuzvendra Chahal,Ambati Rayudu,1,False,-0.5,24,Bengaluru,M Chinnaswamy Stadium,False,True,77,12,12.833333333333334,105,8.181818181818182,20,206,101,7.166666666666666,14.093023255813955,4,6
12.6,12,6,81,Yuzvendra Chahal,MS Dhoni,1,False,-0.5,24,Bengaluru,M Chinnaswamy Stadium,False,True,78,12,13.0,106,8.153846153846153,20,206,100,7.0,14.285714285714286,4,6
12.6,12,6,82,Yuzvendra Chahal,MS Dhoni,1,False,-1.0,24,Bengaluru,M Chinnaswamy Stadium,True,False,78,12,13.0,107,8.23076923076923,20,206,99,7.0,14.142857142857142,4,6
13.1,13,1,83,Pawan Negi,MS Dhoni,6,False,-3.0,24,Bengaluru,M Chinnaswamy Stadium,False,True,79,13,13.166666666666666,113,8.582278481012658,20,206,93,6.833333333333334,13.609756097560975,4,6
13.2,13,2,84,Pawan Negi,MS Dhoni,6,False,-3.0,24,Bengaluru,M Chinnaswamy Stadium,False,True,80,13,13.333333333333334,119,8.924999999999999,20,206,87,6.666666666666666,13.05,4,6
13.3,13,3,85,Pawan Negi,MS Dhoni,0,False,1.0,24,Bengaluru,M Chinnaswamy Stadium,False,True,81,13,13.5,119,8.814814814814815,20,206,87,6.5,13.384615384615385,4,6
13.4,13,4,86,Pawan Negi,MS Dhoni,1,False,-0.5,24,Bengaluru,M Chinnaswamy Stadium,False,True,82,13,13.666666666666666,120,8.78048780487805,20,206,86,6.333333333333334,13.578947368421051,4,6
13.5,13,5,87,Pawan Negi,Ambati Rayudu,6,False,-3.0,24,Bengaluru,M Chinnaswamy Stadium,False,True,83,13,13.833333333333334,126,9.108433734939759,20,206,80,6.166666666666666,12.972972972972974,4,6
13.6,13,6,88,Pawan Negi,Ambati Rayudu,0,False,1.0,24,Bengaluru,M Chinnaswamy Stadium,False,True,84,13,14.0,126,9.0,20,206,80,6.0,13.333333333333334,4,6
14.1,14,1,89,Mohammed Siraj,MS Dhoni,1,False,-0.5,24,Bengaluru,M Chinnaswamy Stadium,False,True,85,14,14.166666666666666,127,8.964705882352941,20,206,79,5.833333333333334,13.542857142857141,4,6
14.2,14,2,90,Mohammed Siraj,Ambati Rayudu,0,False,1.0,24,Bengaluru,M Chinnaswamy Stadium,False,True,86,14,14.333333333333334,127,8.86046511627907,20,206,79,5.666666666666666,13.941176470588237,4,6
14.3,14,3,91,Mohammed Siraj,Ambati Rayudu,6,False,-3.0,24,Bengaluru,M Chinnaswamy Stadium,False,True,87,14,14.5,133,9.172413793103448,20,206,73,5.5,13.272727272727273,4,6
14.4,14,4,92,Mohammed Siraj,Ambati Rayudu,1,False,-0.5,24,Bengaluru,M Chinnaswamy Stadium,False,True,88,14,14.666666666666666,134,9.136363636363637,20,206,72,5.333333333333334,13.499999999999998,4,6
14.5,14,5,93,Mohammed Siraj,MS Dhoni,0,False,1.0,24,Bengaluru,M Chinnaswamy Stadium,False,True,89,14,14.833333333333334,134,9.03370786516854,20,206,72,5.166666666666666,13.935483870967744,4,6
14.6,14,6,94,Mohammed Siraj,MS Dhoni,1,False,-0.5,24,Bengaluru,M Chinnaswamy Stadium,False,True,90,14,15.0,135,9.0,20,206,71,5.0,14.2,4,6
15.1,15,1,95,Corey Anderson,MS Dhoni,1,False,-0.5,24,Bengaluru,M Chinnaswamy Stadium,False,True,91,15,15.166666666666666,136,8.967032967032967,20,206,70,4.833333333333334,14.482758620689653,4,6
15.2,15,2,96,Corey Anderson,Ambati Rayudu,0,False,1.0,24,Bengaluru,M Chinnaswamy Stadium,False,True,92,15,15.333333333333334,136,8.869565217391305,20,206,70,4.666666666666666,15.000000000000002,4,6
15.3,15,3,97,Corey Anderson,Ambati Rayudu,1,False,-0.5,24,Bengaluru,M Chinnaswamy Stadium,False,True,93,15,15.5,137,8.838709677419354,20,206,69,4.5,15.333333333333334,4,6
15.4,15,4,98,Corey Anderson,MS Dhoni,1,False,-0.5,24,Bengaluru,M Chinnaswamy Stadium,False,True,94,15,15.666666666666666,138,8.808510638297873,20,206,68,4.333333333333334,15.69230769230769,4,6
15.5,15,5,99,Corey Anderson,Ambati Rayudu,1,False,-1.0,24,Bengaluru,M Chinnaswamy Stadium,True,False,94,15,15.666666666666666,139,8.872340425531915,20,206,67,4.333333333333334,15.46153846153846,4,6
15.5,15,5,100,Corey Anderson,Ambati Rayudu,6,False,-3.0,24,Bengaluru,M Chinnaswamy Stadium,False,True,95,15,15.833333333333334,145,9.157894736842104,20,206,61,4.166666666666666,14.640000000000002,4,6
15.6,15,6,101,Corey Anderson,Ambati Rayudu,6,False,-3.0,24,Bengaluru,M Chinnaswamy Stadium,False,True,96,15,16.0,151,9.4375,20,206,55,4.0,13.75,4,6
16.1,16,1,102,Mohammed Siraj,MS Dhoni,1,False,-0.5,24,Bengaluru,M Chinnaswamy Stadium,False,True,97,16,16.166666666666668,152,9.402061855670102,20,206,54,3.833333333333332,14.086956521739134,4,6
16.2,16,2,103,Mohammed Siraj,Ambati Rayudu,1,False,-0.5,24,Bengaluru,M Chinnaswamy Stadium,False,True,98,16,16.333333333333332,153,9.36734693877551,20,206,53,3.666666666666668,14.45454545454545,4,6
16.3,16,3,104,Mohammed Siraj,MS Dhoni,2,False,-1.0,24,Bengaluru,M Chinnaswamy Stadium,False,True,99,16,16.5,155,9.393939393939394,20,206,51,3.5,14.571428571428571,4,6
16.4,16,4,105,Mohammed Siraj,MS Dhoni,1,False,-0.5,24,Bengaluru,M Chinnaswamy Stadium,False,True,100,16,16.666666666666668,156,9.36,20,206,50,3.333333333333332,15.000000000000005,4,6
16.5,16,5,106,Mohammed Siraj,Ambati Rayudu,1,False,-0.5,24,Bengaluru,M Chinnaswamy Stadium,False,True,101,16,16.833333333333332,157,9.326732673267328,20,206,49,3.166666666666668,15.47368421052631,4,6
16.6,16,6,107,Mohammed Siraj,MS Dhoni,4,False,-2.0,24,Bengaluru,M Chinnaswamy Stadium,False,True,102,16,17.0,161,9.470588235294118,20,206,45,3.0,15.0,4,6
17.1,17,1,108,Corey Anderson,Ambati Rayudu,1,False,-0.5,24,Bengaluru,M Chinnaswamy Stadium,False,True,103,17,17.166666666666668,162,9.436893203883495,20,206,44,2.833333333333332,15.52941176470589,4,6
17.2,17,2,109,Corey Anderson,MS Dhoni,1,False,-1.0,24,Bengaluru,M Chinnaswamy Stadium,True,False,103,17,17.166666666666668,163,9.495145631067961,20,206,43,2.833333333333332,15.1764705882353,4,6
17.2,17,2,110,Corey Anderson,MS Dhoni,6,False,-3.0,24,Bengaluru,M Chinnaswamy Stadium,False,True,104,17,17.333333333333332,169,9.75,20,206,37,2.666666666666668,13.874999999999995,4,6
17.3,17,3,111,Corey Anderson,MS Dhoni,1,False,-0.5,24,Bengaluru,M Chinnaswamy Stadium,False,True,105,17,17.5,170,9.714285714285714,20,206,36,2.5,14.4,4,6
17.4,17,4,112,Corey Anderson,Ambati Rayudu,4,False,-2.0,24,Bengaluru,M Chinnaswamy Stadium,False,True,106,17,17.666666666666668,174,9.849056603773585,20,206,32,2.333333333333332,13.71428571428572,4,6
17.5,17,5,113,Corey Anderson,Ambati Rayudu,0,True,5.0,24,Bengaluru,M Chinnaswamy Stadium,False,True,107,17,17.833333333333332,174,9.757009345794394,20,206,32,2.166666666666668,14.769230769230761,5,5
17.6,17,6,114,Corey Anderson,Dwayne Bravo,1,False,-0.5,24,Bengaluru,M Chinnaswamy Stadium,False,True,108,17,18.0,175,9.722222222222221,20,206,31,2.0,15.5,5,5
18.1,18,1,115,Mohammed Siraj,Dwayne Bravo,0,False,1.0,24,Bengaluru,M Chinnaswamy Stadium,False,True,109,18,18.166666666666668,175,9.633027522935778,20,206,31,1.8333333333333321,16.90909090909092,5,5
18.2,18,2,116,Mohammed Siraj,Dwayne Bravo,1,False,-0.5,24,Bengaluru,M Chinnaswamy Stadium,False,True,110,18,18.333333333333332,176,9.600000000000001,20,206,30,1.6666666666666679,17.999999999999986,5,5
18.3,18,3,117,Mohammed Siraj,MS Dhoni,1,False,-0.5,24,Bengaluru,M Chinnaswamy Stadium,False,True,111,18,18.5,177,9.567567567567568,20,206,29,1.5,19.333333333333332,5,5
18.4,18,4,118,Mohammed Siraj,Dwayne Bravo,1,False,-0.5,24,Bengaluru,M Chinnaswamy Stadium,False,True,112,18,18.666666666666668,178,9.535714285714285,20,206,28,1.3333333333333321,21.000000000000018,5,5
18.5,18,5,119,Mohammed Siraj,MS Dhoni,6,False,-3.0,24,Bengaluru,M Chinnaswamy Stadium,False,True,113,18,18.833333333333332,184,9.76991150442478,20,206,22,1.1666666666666679,18.857142857142836,5,5
18.6,18,6,120,Mohammed Siraj,MS Dhoni,1,False,-1.0,24,Bengaluru,M Chinnaswamy Stadium,True,False,113,18,18.833333333333332,185,9.823008849557523,20,206,21,1.1666666666666679,17.999999999999982,5,5
18.6,18,6,121,Mohammed Siraj,MS Dhoni,1,False,-1.0,24,Bengaluru,M Chinnaswamy Stadium,True,False,113,18,18.833333333333332,186,9.876106194690266,20,206,20,1.1666666666666679,17.142857142857125,5,5
18.6,18,6,122,Mohammed Siraj,MS Dhoni,1,False,-1.0,24,Bengaluru,M Chinnaswamy Stadium,True,False,113,18,18.833333333333332,187,9.929203539823009,20,206,19,1.1666666666666679,16.28571428571427,5,5
18.6,18,6,123,Mohammed Siraj,MS Dhoni,2,False,-1.0,24,Bengaluru,M Chinnaswamy Stadium,False,True,114,18,19.0,189,9.947368421052632,20,206,17,1.0,17.0,5,5
19.1,19,1,124,Corey Anderson,Dwayne Bravo,4,False,-2.0,24,Bengaluru,M Chinnaswamy Stadium,False,True,115,19,19.166666666666668,193,10.069565217391304,20,206,13,0.8333333333333321,15.600000000000023,5,5
19.2,19,2,125,Corey Anderson,Dwayne Bravo,6,False,-3.0,24,Bengaluru,M Chinnaswamy Stadium,False,True,116,19,19.333333333333332,199,10.293103448275863,20,206,7,0.6666666666666679,10.499999999999982,5,5
19.3,19,3,126,Corey Anderson,Dwayne Bravo,1,False,-0.5,24,Bengaluru,M Chinnaswamy Stadium,False,True,117,19,19.5,200,10.256410256410257,20,206,6,0.5,12.0,5,5
19.4,19,4,127,Corey Anderson,MS Dhoni,6,False,-3.0,24,Bengaluru,M Chinnaswamy Stadium,False,True,118,19,19.666666666666668,206,10.47457627118644,20,206,0,0.33333333333333215,0.0,5,5
