Ball Number,over,ball,Ball,bowler,batsman,Runs,is_wicket,bowler_score,match_id,city,stadium,is_extra,legal_delivery,legal_deliveries_count,overs_completed,overs_bowled,total_runs,current_run_rate,total_overs,target,runs_needed,overs_remaining,required_run_rate,wickets_fallen,wickets_in_hand
0.1,0,1,1,Tim Southee,Chris Lynn,0,False,1.0,29,Bengaluru,M Chinnaswamy Stadium,False,True,1,0,0.16666666666666666,0,0.0,20,176,176,19.833333333333332,8.873949579831933,0,10
0.2,0,2,2,Tim Southee,Chris Lynn,1,False,-0.5,29,Bengaluru,M Chinnaswamy Stadium,False,True,2,0,0.3333333333333333,1,3.0,20,176,175,19.666666666666668,8.898305084745763,0,10
0.3,0,3,3,Tim Southee,Sunil Narine,1,False,-0.5,29,Bengaluru,M Chinnaswamy Stadium,False,True,3,0,0.5,2,4.0,20,176,174,19.5,8.923076923076923,0,10
0.4,0,4,4,Tim Southee,Chris Lynn,1,False,-0.5,29,Bengaluru,M Chinnaswamy Stadium,False,True,4,0,0.6666666666666666,3,4.5,20,176,173,19.333333333333332,8.948275862068966,0,10
0.5,0,5,5,Tim Southee,Sunil Narine,0,False,1.0,29,Bengaluru,M Chinnaswamy Stadium,False,True,5,0,0.8333333333333334,3,3.5999999999999996,20,176,173,19.166666666666668,9.02608695652174,0,10
0.6,0,6,6,Tim Southee,Sunil Narine,1,False,-1.0,29,Bengaluru,M Chinnaswamy Stadium,True,False,5,0,0.8333333333333334,4,4.8,20,176,172,19.166666666666668,8.97391304347826,0,10
0.6,0,6,7,Tim Southee,Sunil Narine,1,False,-0.5,29,Bengaluru,M Chinnaswamy Stadium,False,True,6,0,1.0,5,5.0,20,176,171,19.0,9.0,0,10
1.1,1,1,8,Umesh Yadav,Sunil Narine,6,False,-3.0,29,Bengaluru,M Chinnaswamy Stadium,False,True,7,1,1.1666666666666667,11,9.428571428571429,20,176,165,18.833333333333332,8.761061946902656,0,10
1.2,1,2,9,Umesh Yadav,Sunil Narine,4,False,-2.0,29,Bengaluru,M Chinnaswamy Stadium,False,True,8,1,1.3333333333333333,15,11.25,20,176,161,18.666666666666668,8.625,0,10
1.3,1,3,10,Umesh Yadav,Sunil Narine,1,False,-0.5,29,Bengaluru,M Chinnaswamy Stadium,False,True,9,1,1.5,16,10.666666666666666,20,176,160,18.5,8.64864864864865,0,10
1.4,1,4,11,Umesh Yadav,Chris Lynn,1,False,-0.5,29,Bengaluru,M Chinnaswamy Stadium,False,True,10,1,1.6666666666666665,17,10.200000000000001,20,176,159,18.333333333333332,8.672727272727274,0,10
1.5,1,5,12,Umesh Yadav,Sunil Narine,0,False,1.0,29,Bengaluru,M Chinnaswamy Stadium,False,True,11,1,1.8333333333333335,17,9.272727272727272,20,176,159,18.166666666666668,8.75229357798165,0,10
1.6,1,6,13,Umesh Yadav,Sunil Narine,1,False,-0.5,29,Bengaluru,M Chinnaswamy Stadium,False,True,12,1,2.0,18,9.0,20,176,158,18.0,8.777777777777779,0,10
2.1,2,1,14,Tim Southee,Sunil Narine,4,False,-2.0,29,Bengaluru,M Chinnaswamy Stadium,False,True,13,2,2.1666666666666665,22,10.153846153846155,20,176,154,17.833333333333332,8.63551401869159,0,10
2.2,2,2,15,Tim Southee,Sunil Narine,4,False,-2.0,29,Bengaluru,M Chinnaswamy Stadium,False,True,14,2,2.3333333333333335,26,11.142857142857142,20,176,150,17.666666666666668,8.490566037735848,0,10
2.3,2,3,16,Tim Southee,Sunil Narine,0,False,1.0,29,Bengaluru,M Chinnaswamy Stadium,False,True,15,2,2.5,26,10.4,20,176,150,17.5,8.571428571428571,0,10
2.4,2,4,17,Tim Southee,Sunil Narine,0,False,1.0,29,Bengaluru,M Chinnaswamy Stadium,False,True,16,2,2.6666666666666665,26,9.75,20,176,150,17.333333333333332,8.653846153846155,0,10
2.4,2,4,18,Tim Southee,Sunil Narine,1,False,-1.0,29,Bengaluru,M Chinnaswamy Stadium,True,False,16,2,2.6666666666666665,27,10.125,20,176,149,17.333333333333332,8.596153846153847,0,10
2.5,2,5,19,Tim Southee,Sunil Narine,2,False,-1.0,29,Bengaluru,M Chinnaswamy Stadium,False,True,17,2,2.8333333333333335,29,10.235294117647058,20,176,147,17.166666666666668,8.563106796116504,0,10
2.6,2,6,20,Tim Southee,Sunil Narine,0,False,1.0,29,Bengaluru,M Chinnaswamy Stadium,False,True,18,2,3.0,29,9.666666666666666,20,176,147,17.0,8.647058823529411,0,10
3.1,3,1,21,Yuzvendra Chahal,Chris Lynn,4,False,-2.0,29,Bengaluru,M Chinnaswamy Stadium,False,True,19,3,3.1666666666666665,33,10.421052631578949,20,176,143,16.833333333333332,8.495049504950495,0,10
3.2,3,2,22,Yuzvendra Chahal,Chris Lynn,0,False,1.0,29,Bengaluru,M Chinnaswamy Stadium,False,True,20,3,3.3333333333333335,33,9.9,20,176,143,16.666666666666668,8.58,0,10
3.3,3,3,23,Yuzvendra Chahal,Chris Lynn,0,False,1.0,29,Bengaluru,M Chinnaswamy Stadium,False,True,21,3,3.5,33,9.428571428571429,20,176,143,16.5,8.666666666666666,0,10
3.4,3,4,24,Yuzvendra Chahal,Chris Lynn,1,False,-0.5,29,Bengaluru,M Chinnaswamy Stadium,False,True,22,3,3.6666666666666665,34,9.272727272727273,20,176,142,16.333333333333332,8.693877551020408,0,10
3.5,3,5,25,Yuzvendra Chahal,Sunil Narine,1,False,-0.5,29,Bengaluru,M Chinnaswamy Stadium,False,True,23,3,3.8333333333333335,35,9.130434782608695,20,176,141,16.166666666666668,8.721649484536082,0,10
3.6,3,6,26,Yuzvendra Chahal,Chris Lynn,1,False,-0.5,29,Bengaluru,M Chinnaswamy Stadium,False,True,24,3,4.0,36,9.0,20,176,140,16.0,8.75,0,10
4.1,4,1,27,Umesh Yadav,Chris Lynn,4,False,-2.0,29,Bengaluru,M Chinnaswamy Stadium,False,True,25,4,4.166666666666667,40,9.6,20,176,136,15.833333333333332,8.589473684210526,0,10
4.2,4,2,28,Umesh Yadav,Chris Lynn,0,False,1.0,29,Bengaluru,M Chinnaswamy Stadium,False,True,26,4,4.333333333333333,40,9.230769230769232,20,176,136,15.666666666666668,8.680851063829786,0,10
4.3,4,3,29,Umesh Yadav,Chris Lynn,0,False,1.0,29,Bengaluru,M Chinnaswamy Stadium,False,True,27,4,4.5,40,8.88888888888889,20,176,136,15.5,8.774193548387096,0,10
4.4,4,4,30,Umesh Yadav,Chris Lynn,6,False,-3.0,29,Bengaluru,M Chinnaswamy Stadium,False,True,28,4,4.666666666666667,46,9.857142857142856,20,176,130,15.333333333333332,8.478260869565219,0,10
4.5,4,5,31,Umesh Yadav,Chris Lynn,1,False,-0.5,29,Bengaluru,M Chinnaswamy Stadium,False,True,29,4,4.833333333333333,47,9.724137931034484,20,176,129,15.166666666666668,8.505494505494505,0,10
4.6,4,6,32,Umesh Yadav,Sunil Narine,0,False,1.0,29,Bengaluru,M Chinnaswamy Stadium,False,True,30,4,5.0,47,9.4,20,176,129,15.0,8.6,0,10
5.1,5,1,33,Yuzvendra Chahal,Chris Lynn,0,False,1.0,29,Bengaluru,M Chinnaswamy Stadium,False,True,31,5,5.166666666666667,47,9.096774193548386,20,176,129,14.833333333333332,8.696629213483147,0,10
5.2,5,2,34,Yuzvendra Chahal,Chris Lynn,0,False,1.0,29,Bengaluru,M Chinnaswamy Stadium,False,True,32,5,5.333333333333333,47,8.8125,20,176,129,14.666666666666668,8.795454545454545,0,10
5.3,5,3,35,Yuzvendra Chahal,Chris Lynn,0,False,1.0,29,Bengaluru,M Chinnaswamy Stadium,False,True,33,5,5.5,47,8.545454545454545,20,176,129,14.5,8.89655172413793,0,10
5.4,5,4,36,Yuzvendra Chahal,Chris Lynn,4,False,-2.0,29,Bengaluru,M Chinnaswamy Stadium,False,True,34,5,5.666666666666667,51,9.0,20,176,125,14.333333333333332,8.72093023255814,0,10
5.5,5,5,37,Yuzvendra Chahal,Chris Lynn,0,False,1.0,29,Bengaluru,M Chinnaswamy Stadium,False,True,35,5,5.833333333333333,51,8.742857142857144,20,176,125,14.166666666666668,8.823529411764705,0,10
5.6,5,6,38,Yuzvendra Chahal,Chris Lynn,0,False,1.0,29,Bengaluru,M Chinnaswamy Stadium,False,True,36,5,6.0,51,8.5,20,176,125,14.0,8.928571428571429,0,10
6.1,6,1,39,Mohammed Siraj,Sunil Narine,1,False,-1.0,29,Bengaluru,M Chinnaswamy Stadium,True,False,36,5,6.0,52,8.666666666666666,20,176,124,14.0,8.857142857142858,0,10
6.1,6,1,40,Mohammed Siraj,Sunil Narine,1,False,-0.5,29,Bengaluru,M Chinnaswamy Stadium,False,True,37,6,6.166666666666667,53,8.594594594594595,20,176,123,13.833333333333332,8.891566265060241,0,10
6.2,6,2,41,Mohammed Siraj,Chris Lynn,1,False,-0.5,29,Bengaluru,M Chinnaswamy Stadium,False,True,38,6,6.333333333333333,54,8.526315789473685,20,176,122,13.666666666666668,8.926829268292682,0,10
6.3,6,3,42,Mohammed Siraj,Sunil Narine,1,False,-0.5,29,Bengaluru,M Chinnaswamy Stadium,False,True,39,6,6.5,55,8.461538461538462,20,176,121,13.5,8.962962962962964,0,10
6.4,6,4,43,Mohammed Siraj,Chris Lynn,0,False,1.0,29,Bengaluru,M Chinnaswamy Stadium,False,True,40,6,6.666666666666667,55,8.25,20,176,121,13.333333333333332,9.075000000000001,0,10
6.5,6,5,44,Mohammed Siraj,Chris Lynn,4,False,-2.0,29,Bengaluru,M Chinnaswamy Stadium,False,True,41,6,6.833333333333333,59,8.634146341463415,20,176,117,13.166666666666668,8.886075949367088,0,10
6.6,6,6,45,Mohammed Siraj,Chris Lynn,0,False,1.0,29,Bengaluru,M Chinnaswamy Stadium,False,True,42,6,7.0,59,8.428571428571429,20,176,117,13.0,9.0,0,10
7.1,7,1,46,M Ashwin,Sunil Narine,0,True,5.0,29,Bengaluru,M Chinnaswamy Stadium,False,True,43,7,7.166666666666667,59,8.232558139534884,20,176,117,12.833333333333332,9.116883116883118,1,9
7.2,7,2,47,M Ashwin,Robin Uthappa,1,False,-0.5,29,Bengaluru,M Chinnaswamy Stadium,False,True,44,7,7.333333333333333,60,8.181818181818182,20,176,116,12.666666666666668,9.157894736842104,1,9
7.3,7,3,48,M Ashwin,Chris Lynn,1,False,-0.5,29,Bengaluru,M Chinnaswamy Stadium,False,True,45,7,7.5,61,8.133333333333333,20,176,115,12.5,9.2,1,9
7.4,7,4,49,M Ashwin,Robin Uthappa,0,False,1.0,29,Bengaluru,M Chinnaswamy Stadium,False,True,46,7,7.666666666666667,61,7.956521739130435,20,176,115,12.333333333333332,9.324324324324325,1,9
7.5,7,5,50,M Ashwin,Robin Uthappa,6,False,-3.0,29,Bengaluru,M Chinnaswamy Stadium,False,True,47,7,7.833333333333333,67,8.553191489361703,20,176,109,12.166666666666668,8.95890410958904,1,9
7.6,7,6,51,M Ashwin,Robin Uthappa,0,False,1.0,29,Bengaluru,M Chinnaswamy Stadium,False,True,48,7,8.0,67,8.375,20,176,109,12.0,9.083333333333334,1,9
8.1,8,1,52,Mohammed Siraj,Chris Lynn,1,False,-1.0,29,Bengaluru,M Chinnaswamy Stadium,True,False,48,7,8.0,68,8.5,20,176,108,12.0,9.0,1,9
8.1,8,1,53,Mohammed Siraj,Chris Lynn,1,False,-0.5,29,Bengaluru,M Chinnaswamy Stadium,False,True,49,8,8.166666666666666,69,8.448979591836736,20,176,107,11.833333333333334,9.04225352112676,1,9
8.2,8,2,54,Mohammed Siraj,Robin Uthappa,0,False,1.0,29,Bengaluru,M Chinnaswamy Stadium,False,True,50,8,8.333333333333334,69,8.28,20,176,107,11.666666666666666,9.171428571428573,1,9
8.3,8,3,55,Mohammed Siraj,Robin Uthappa,0,False,1.0,29,Bengaluru,M Chinnaswamy Stadium,False,True,51,8,8.5,69,8.117647058823529,20,176,107,11.5,9.304347826086957,1,9
8.4,8,4,56,Mohammed Siraj,Robin Uthappa,4,False,-2.0,29,Bengaluru,M Chinnaswamy Stadium,False,True,52,8,8.666666666666666,73,8.423076923076923,20,176,103,11.333333333333334,9.088235294117647,1,9
8.5,8,5,57,Mohammed Siraj,Robin Uthappa,1,False,-0.5,29,Bengaluru,M Chinnaswamy Stadium,False,True,53,8,8.833333333333334,74,8.377358490566037,20,176,102,11.166666666666666,9.134328358208956,1,9
8.6,8,6,58,Mohammed Siraj,Chris Lynn,0,False,1.0,29,Bengaluru,M Chinnaswamy Stadium,False,True,54,8,9.0,74,8.222222222222221,20,176,102,11.0,9.272727272727273,1,9
9.1,9,1,59,M Ashwin,Robin Uthappa,0,False,1.0,29,Bengaluru,M Chinnaswamy Stadium,False,True,55,9,9.166666666666666,74,8.072727272727274,20,176,102,10.833333333333334,9.415384615384616,1,9
9.2,9,2,60,M Ashwin,Robin Uthappa,4,False,-2.0,29,Bengaluru,M Chinnaswamy Stadium,False,True,56,9,9.333333333333334,78,8.357142857142856,20,176,98,10.666666666666666,9.1875,1,9
9.3,9,3,61,M Ashwin,Robin Uthappa,4,False,-2.0,29,Bengaluru,M Chinnaswamy Stadium,False,True,57,9,9.5,82,8.631578947368421,20,176,94,10.5,8.952380952380953,1,9
9.4,9,4,62,M Ashwin,Robin Uthappa,1,False,-0.5,29,Bengaluru,M Chinnaswamy Stadium,False,True,58,9,9.666666666666666,83,8.586206896551724,20,176,93,10.333333333333334,9.0,1,9
9.5,9,5,63,M Ashwin,Chris Lynn,4,False,-2.0,29,Bengaluru,M Chinnaswamy Stadium,False,True,59,9,9.833333333333334,87,8.847457627118644,20,176,89,10.166666666666666,8.754098360655739,1,9
9.6,9,6,64,M Ashwin,Chris Lynn,1,False,-0.5,29,Bengaluru,M Chinnaswamy Stadium,False,True,60,9,10.0,88,8.8,20,176,88,10.0,8.8,1,9
10.1,10,1,65,Yuzvendra Chahal,Chris Lynn,1,False,-0.5,29,Bengaluru,M Chinnaswamy Stadium,False,True,61,10,10.166666666666666,89,8.754098360655739,20,176,87,9.833333333333334,8.847457627118644,1,9
10.2,10,2,66,Yuzvendra Chahal,Robin Uthappa,6,False,-3.0,29,Bengaluru,M Chinnaswamy Stadium,False,True,62,10,10.333333333333334,95,9.193548387096774,20,176,81,9.666666666666666,8.379310344827587,1,9
10.3,10,3,67,Yuzvendra Chahal,Robin Uthappa,1,False,-0.5,29,Bengaluru,M Chinnaswamy Stadium,False,True,63,10,10.5,96,9.142857142857142,20,176,80,9.5,8.421052631578947,1,9
10.4,10,4,68,Yuzvendra Chahal,Chris Lynn,1,False,-0.5,29,Bengaluru,M Chinnaswamy Stadium,False,True,64,10,10.666666666666666,97,9.09375,20,176,79,9.333333333333334,8.464285714285714,1,9
10.5,10,5,69,Yuzvendra Chahal,Robin Uthappa,0,False,1.0,29,Bengaluru,M Chinnaswamy Stadium,False,True,65,10,10.833333333333334,97,8.953846153846154,20,176,79,9.166666666666666,8.618181818181819,1,9
10.6,10,6,70,Yuzvendra Chahal,Robin Uthappa,1,False,-0.5,29,Bengaluru,M Chinnaswamy Stadium,False,True,66,10,11.0,98,8.909090909090908,20,176,78,9.0,8.666666666666666,1,9
11.1,11,1,71,Umesh Yadav,Robin Uthappa,0,False,1.0,29,Bengaluru,M Chinnaswamy Stadium,False,True,67,11,11.166666666666666,98,8.776119402985076,20,176,78,8.833333333333334,8.830188679245282,1,9
11.2,11,2,72,Umesh Yadav,Robin Uthappa,1,False,-0.5,29,Bengaluru,M Chinnaswamy Stadium,False,True,68,11,11.333333333333334,99,8.735294117647058,20,176,77,8.666666666666666,8.884615384615385,1,9
11.3,11,3,73,Umesh Yadav,Chris Lynn,0,False,1.0,29,Bengaluru,M Chinnaswamy Stadium,False,True,69,11,11.5,99,8.608695652173912,20,176,77,8.5,9.058823529411764,1,9
11.4,11,4,74,Umesh Yadav,Chris Lynn,1,False,-0.5,29,Bengaluru,M Chinnaswamy Stadium,False,True,70,11,11.666666666666666,100,8.571428571428571,20,176,76,8.333333333333334,9.12,1,9
11.5,11,5,75,Umesh Yadav,Robin Uthappa,0,False,1.0,29,Bengaluru,M Chinnaswamy Stadium,False,True,71,11,11.833333333333334,100,8.450704225352112,20,176,76,8.166666666666666,9.306122448979593,1,9
11.6,11,6,76,Umesh Yadav,Robin Uthappa,6,False,-3.0,29,Bengaluru,M Chinnaswamy Stadium,False,True,72,11,12.0,106,8.833333333333334,20,176,70,8.0,8.75,1,9
12.1,12,1,77,M Ashwin,Chris Lynn,1,False,-0.5,29,Bengaluru,M Chinnaswamy Stadium,False,True,73,12,12.166666666666666,107,8.794520547945206,20,176,69,7.833333333333334,8.808510638297872,1,9
12.2,12,2,78,M Ashwin,Robin Uthappa,0,True,5.0,29,Bengaluru,M Chinnaswamy Stadium,False,True,74,12,12.333333333333334,107,8.675675675675675,20,176,69,7.666666666666666,9.0,2,8
12.2,12,2,79,M Ashwin,Robin Uthappa,1,False,-1.0,29,Bengaluru,M Chinnaswamy Stadium,True,False,74,12,12.333333333333334,108,8.756756756756756,20,176,68,7.666666666666666,8.869565217391305,2,8
12.3,12,3,80,M Ashwin,Nitish Rana,1,False,-0.5,29,Bengaluru,M Chinnaswamy Stadium,False,True,75,12,12.5,109,8.72,20,176,67,7.5,8.933333333333334,2,8
12.4,12,4,81,M Ashwin,Chris Lynn,2,False,-1.0,29,Bengaluru,M Chinnaswamy Stadium,False,True,76,12,12.666666666666666,111,8.763157894736842,20,176,65,7.333333333333334,8.863636363636363,2,8
12.5,12,5,82,M Ashwin,Chris Lynn,0,False,1.0,29,Bengaluru,M Chinnaswamy Stadium,False,True,77,12,12.833333333333334,111,8.64935064935065,20,176,65,7.166666666666666,9.069767441860465,2,8
12.6,12,6,83,M Ashwin,Chris Lynn,1,False,-0.5,29,Bengaluru,M Chinnaswamy Stadium,False,True,78,12,13.0,112,8.615384615384615,20,176,64,7.0,9.142857142857142,2,8
13.1,13,1,84,Yuzvendra Chahal,Chris Lynn,4,False,-2.0,29,Bengaluru,M Chinnaswamy Stadium,False,True,79,13,13.166666666666666,116,8.810126582278482,20,176,60,6.833333333333334,8.780487804878048,2,8
13.2,13,2,85,Yuzvendra Chahal,Chris Lynn,0,False,1.0,29,Bengaluru,M Chinnaswamy Stadium,False,True,80,13,13.333333333333334,116,8.7,20,176,60,6.666666666666666,9.0,2,8
13.3,13,3,86,Yuzvendra Chahal,Chris Lynn,0,False,1.0,29,Bengaluru,M Chinnaswamy Stadium,False,True,81,13,13.5,116,8.592592592592593,20,176,60,6.5,9.23076923076923,2,8
13.4,13,4,87,Yuzvendra Chahal,Chris Lynn,2,False,-1.0,29,Bengaluru,M Chinnaswamy Stadium,False,True,82,13,13.666666666666666,118,8.634146341463415,20,176,58,6.333333333333334,9.157894736842104,2,8
13.5,13,5,88,Yuzvendra Chahal,Chris Lynn,1,False,-0.5,29,Bengaluru,M Chinnaswamy Stadium,False,True,83,13,13.833333333333334,119,8.602409638554217,20,176,57,6.166666666666666,9.243243243243244,2,8
13.6,13,6,89,Yuzvendra Chahal,Nitish Rana,1,False,-0.5,29,Bengaluru,M Chinnaswamy Stadium,False,True,84,13,14.0,120,8.571428571428571,20,176,56,6.0,9.333333333333334,2,8
14.1,14,1,90,Tim Southee,Nitish Rana,0,False,1.0,29,Bengaluru,M Chinnaswamy Stadium,False,True,85,14,14.166666666666666,120,8.470588235294118,20,176,56,5.833333333333334,9.6,2,8
14.2,14,2,91,Tim Southee,Nitish Rana,1,False,-0.5,29,Bengaluru,M Chinnaswamy Stadium,False,True,86,14,14.333333333333334,121,8.441860465116278,20,176,55,5.666666666666666,9.705882352941178,2,8
14.3,14,3,92,Tim Southee,Chris Lynn,1,False,-0.5,29,Bengaluru,M Chinnaswamy Stadium,False,True,87,14,14.5,122,8.413793103448276,20,176,54,5.5,9.818181818181818,2,8
14.4,14,4,93,Tim Southee,Nitish Rana,1,False,-0.5,29,Bengaluru,M Chinnaswamy Stadium,False,True,88,14,14.666666666666666,123,8.386363636363637,20,176,53,5.333333333333334,9.937499999999998,2,8
14.5,14,5,94,Tim Southee,Chris Lynn,1,False,-0.5,29,Bengaluru,M Chinnaswamy Stadium,False,True,89,14,14.833333333333334,124,8.359550561797752,20,176,52,5.166666666666666,10.06451612903226,2,8
14.6,14,6,95,Tim Southee,Nitish Rana,0,False,1.0,29,Bengaluru,M Chinnaswamy Stadium,False,True,90,14,15.0,124,8.266666666666667,20,176,52,5.0,10.4,2,8
15.1,15,1,96,M Ashwin,Chris Lynn,0,False,1.0,29,Bengaluru,M Chinnaswamy Stadium,False,True,91,15,15.166666666666666,124,8.175824175824177,20,176,52,4.833333333333334,10.75862068965517,2,8
15.2,15,2,97,M Ashwin,Chris Lynn,1,False,-0.5,29,Bengaluru,M Chinnaswamy Stadium,False,True,92,15,15.333333333333334,125,8.152173913043478,20,176,51,4.666666666666666,10.92857142857143,2,8
15.3,15,3,98,M Ashwin,Nitish Rana,2,False,-1.0,29,Bengaluru,M Chinnaswamy Stadium,False,True,93,15,15.5,127,8.193548387096774,20,176,49,4.5,10.88888888888889,2,8
15.4,15,4,99,N/A,N/A,0,False,0.0,29,Bengaluru,M Chinnaswamy Stadium,False,True,94,15,15.666666666666666,127,8.106382978723405,20,176,49,4.333333333333334,11.307692307692307,2,8
15.5,15,5,100,M Ashwin,Chris Lynn,1,False,-0.25,29,Bengaluru,M Chinnaswamy Stadium,False,True,95,15,15.833333333333334,128,8.08421052631579,20,176,48,4.166666666666666,11.520000000000001,2,8
15.6,15,6,101,M Ashwin,Nitish Rana,4,False,-2.0,29,Bengaluru,M Chinnaswamy Stadium,False,True,96,15,16.0,132,8.25,20,176,44,4.0,11.0,2,8
16.1,16,1,102,Mohammed Siraj,Chris Lynn,1,False,-1.0,29,Bengaluru,M Chinnaswamy Stadium,True,False,96,15,16.0,133,8.3125,20,176,43,4.0,10.75,2,8
16.1,16,1,103,Mohammed Siraj,Chris Lynn,1,False,-0.5,29,Bengaluru,M Chinnaswamy Stadium,False,True,97,16,16.166666666666668,134,8.288659793814432,20,176,42,3.833333333333332,10.956521739130439,2,8
16.2,16,2,104,Mohammed Siraj,Nitish Rana,4,False,-2.0,29,Bengaluru,M Chinnaswamy Stadium,False,True,98,16,16.333333333333332,138,8.448979591836736,20,176,38,3.666666666666668,10.36363636363636,2,8
16.3,16,3,105,Mohammed Siraj,Andre Russell,0,True,5.0,29,Bengaluru,M Chinnaswamy Stadium,False,True,99,16,16.5,138,8.363636363636363,20,176,38,3.5,10.857142857142858,3,7
16.4,16,4,106,Mohammed Siraj,Chris Lynn,1,False,-1.0,29,Bengaluru,M Chinnaswamy Stadium,True,False,99,16,16.5,139,8.424242424242424,20,176,37,3.5,10.571428571428571,3,7
16.4,16,4,107,Mohammed Siraj,Chris Lynn,1,False,-0.5,29,Bengaluru,M Chinnaswamy Stadium,False,True,100,16,16.666666666666668,140,8.399999999999999,20,176,36,3.333333333333332,10.800000000000004,3,7
16.5,16,5,108,Mohammed Siraj,Dinesh Karthik,2,False,-1.0,29,Bengaluru,M Chinnaswamy Stadium,False,True,101,16,16.833333333333332,142,8.435643564356436,20,176,34,3.166666666666668,10.736842105263154,3,7
16.6,16,6,109,Mohammed Siraj,Dinesh Karthik,4,False,-2.0,29,Bengaluru,M Chinnaswamy Stadium,False,True,102,16,17.0,146,8.588235294117647,20,176,30,3.0,10.0,3,7
17.1,17,1,110,Tim Southee,Chris Lynn,4,False,-2.0,29,Bengaluru,M Chinnaswamy Stadium,False,True,103,17,17.166666666666668,150,8.737864077669903,20,176,26,2.833333333333332,9.176470588235299,3,7
17.2,17,2,111,Tim Southee,Chris Lynn,1,False,-0.5,29,Bengaluru,M Chinnaswamy Stadium,False,True,104,17,17.333333333333332,151,8.711538461538462,20,176,25,2.666666666666668,9.374999999999996,3,7
17.3,17,3,112,Tim Southee,Dinesh Karthik,2,False,-1.0,29,Bengaluru,M Chinnaswamy Stadium,False,True,105,17,17.5,153,8.742857142857142,20,176,23,2.5,9.2,3,7
17.4,17,4,113,Tim Southee,Dinesh Karthik,4,False,-2.0,29,Bengaluru,M Chinnaswamy Stadium,False,True,106,17,17.666666666666668,157,8.886792452830187,20,176,19,2.333333333333332,8.142857142857148,3,7
17.5,17,5,114,Tim Southee,Dinesh Karthik,1,False,-0.5,29,Bengaluru,M Chinnaswamy Stadium,False,True,107,17,17.833333333333332,158,8.859813084112151,20,176,18,2.166666666666668,8.307692307692303,3,7
17.6,17,6,115,Tim Southee,Chris Lynn,2,False,-1.0,29,Bengaluru,M Chinnaswamy Stadium,False,True,108,17,18.0,160,8.88888888888889,20,176,16,2.0,8.0,3,7
18.1,18,1,116,Mohammed Siraj,Dinesh Karthik,2,False,-1.0,29,Bengaluru,M Chinnaswamy Stadium,False,True,109,18,18.166666666666668,162,8.91743119266055,20,176,14,1.8333333333333321,7.636363636363641,3,7
18.2,18,2,117,Mohammed Siraj,Dinesh Karthik,6,False,-3.0,29,Bengaluru,M Chinnaswamy Stadium,False,True,110,18,18.333333333333332,168,9.163636363636364,20,176,8,1.6666666666666679,4.799999999999996,3,7
18.3,18,3,118,Mohammed Siraj,Dinesh Karthik,2,False,-1.0,29,Bengaluru,M Chinnaswamy Stadium,False,True,111,18,18.5,170,9.18918918918919,20,176,6,1.5,4.0,3,7
18.4,18,4,119,Mohammed Siraj,Dinesh Karthik,0,False,1.0,29,Bengaluru,M Chinnaswamy Stadium,False,True,112,18,18.666666666666668,170,9.107142857142856,20,176,6,1.3333333333333321,4.500000000000004,3,7
18.5,18,5,120,Mohammed Siraj,Dinesh Karthik,0,True,5.0,29,Bengaluru,M Chinnaswamy Stadium,False,True,113,18,18.833333333333332,170,9.026548672566372,20,176,6,1.1666666666666679,5.142857142857138,4,6
18.6,18,6,121,Mohammed Siraj,Shubman Gill,1,False,-0.5,29,Bengaluru,M Chinnaswamy Stadium,False,True,114,18,19.0,171,9.0,20,176,5,1.0,5.0,4,6
19.1,19,1,122,Umesh Yadav,Shubman Gill,4,False,-2.0,29,Bengaluru,M Chinnaswamy Stadium,False,True,115,19,19.166666666666668,175,9.130434782608695,20,176,1,0.8333333333333321,1.2000000000000017,4,6
