Ball Number,over,ball,Ball,bowler,batsman,Runs,is_wicket,bowler_score,match_id,city,stadium,is_extra,legal_delivery,legal_deliveries_count,overs_completed,overs_bowled,total_runs,current_run_rate,total_overs,target,runs_needed,overs_remaining,required_run_rate,wickets_fallen,wickets_in_hand
0.1,0,1,1,Trent Boult,KL Rahul,0,False,1.0,2,Mohali,Punjab Cricket Association IS Bindra Stadium,False,True,1,0,0.16666666666666666,0,0.0,20,167,167,19.833333333333332,8.420168067226891,0,10
0.2,0,2,2,Trent Boult,KL Rahul,2,False,-1.0,2,Mohali,Punjab Cricket Association IS Bindra Stadium,False,True,2,0,0.3333333333333333,2,6.0,20,167,165,19.666666666666668,8.389830508474576,0,10
0.3,0,3,3,Trent Boult,KL Rahul,0,False,1.0,2,Mohali,Punjab Cricket Association IS Bindra Stadium,False,True,3,0,0.5,2,4.0,20,167,165,19.5,8.461538461538462,0,10
0.4,0,4,4,Trent Boult,KL Rahul,6,False,-3.0,2,Mohali,Punjab Cricket Association IS Bindra Stadium,False,True,4,0,0.6666666666666666,8,12.0,20,167,159,19.333333333333332,8.224137931034484,0,10
0.5,0,5,5,Trent Boult,KL Rahul,4,False,-2.0,2,Mohali,Punjab Cricket Association IS Bindra Stadium,False,True,5,0,0.8333333333333334,12,14.399999999999999,20,167,155,19.166666666666668,8.08695652173913,0,10
0.6,0,6,6,Trent Boult,KL Rahul,4,False,-2.0,2,Mohali,Punjab Cricket Association IS Bindra Stadium,False,True,6,0,1.0,16,16.0,20,167,151,19.0,7.947368421052632,0,10
1.1,1,1,7,Mohammed Shami,Agarwal,0,False,1.0,2,Mohali,Punjab Cricket Association IS Bindra Stadium,False,True,7,1,1.1666666666666667,16,13.714285714285714,20,167,151,18.833333333333332,8.017699115044248,0,10
1.2,1,2,8,Mohammed Shami,Agarwal,1,False,-0.5,2,Mohali,Punjab Cricket Association IS Bindra Stadium,False,True,8,1,1.3333333333333333,17,12.75,20,167,150,18.666666666666668,8.035714285714285,0,10
1.3,1,3,9,Mohammed Shami,KL Rahul,6,False,-3.0,2,Mohali,Punjab Cricket Association IS Bindra Stadium,False,True,9,1,1.5,23,15.333333333333334,20,167,144,18.5,7.783783783783784,0,10
1.4,1,4,10,Mohammed Shami,KL Rahul,4,False,-2.0,2,Mohali,Punjab Cricket Association IS Bindra Stadium,False,True,10,1,1.6666666666666665,27,16.200000000000003,20,167,140,18.333333333333332,7.636363636363637,0,10
1.5,1,5,11,Mohammed Shami,KL Rahul,1,False,-0.5,2,Mohali,Punjab Cricket Association IS Bindra Stadium,False,True,11,1,1.8333333333333335,28,15.272727272727272,20,167,139,18.166666666666668,7.651376146788991,0,10
1.6,1,6,12,Mohammed Shami,Agarwal,0,False,1.0,2,Mohali,Punjab Cricket Association IS Bindra Stadium,False,True,12,1,2.0,28,14.0,20,167,139,18.0,7.722222222222222,0,10
2.1,2,1,13,Amit Mishra,KL Rahul,4,False,-2.0,2,Mohali,Punjab Cricket Association IS Bindra Stadium,False,True,13,2,2.1666666666666665,32,14.76923076923077,20,167,135,17.833333333333332,7.570093457943925,0,10
2.2,2,2,14,Amit Mishra,KL Rahul,6,False,-3.0,2,Mohali,Punjab Cricket Association IS Bindra Stadium,False,True,14,2,2.3333333333333335,38,16.285714285714285,20,167,129,17.666666666666668,7.30188679245283,0,10
2.3,2,3,15,Amit Mishra,KL Rahul,6,False,-3.0,2,Mohali,Punjab Cricket Association IS Bindra Stadium,False,True,15,2,2.5,44,17.6,20,167,123,17.5,7.0285714285714285,0,10
2.4,2,4,16,Amit Mishra,KL Rahul,4,False,-2.0,2,Mohali,Punjab Cricket Association IS Bindra Stadium,False,True,16,2,2.6666666666666665,48,18.0,20,167,119,17.333333333333332,6.865384615384616,0,10
2.5,2,5,17,Amit Mishra,KL Rahul,4,False,-2.0,2,Mohali,Punjab Cricket Association IS Bindra Stadium,False,True,17,2,2.8333333333333335,52,18.352941176470587,20,167,115,17.166666666666668,6.699029126213592,0,10
2.6,2,6,18,Amit Mishra,KL Rahul,0,False,1.0,2,Mohali,Punjab Cricket Association IS Bindra Stadium,False,True,18,2,3.0,52,17.333333333333332,20,167,115,17.0,6.764705882352941,0,10
3.1,3,1,19,Chris Morris,Agarwal,6,False,-3.0,2,Mohali,Punjab Cricket Association IS Bindra Stadium,False,True,19,3,3.1666666666666665,58,18.315789473684212,20,167,109,16.833333333333332,6.475247524752476,0,10
3.2,3,2,20,Chris Morris,Agarwal,0,True,5.0,2,Mohali,Punjab Cricket Association IS Bindra Stadium,False,True,20,3,3.3333333333333335,58,17.4,20,167,109,16.666666666666668,6.539999999999999,1,9
3.3,3,3,21,Chris Morris,Yuvraj Singh,0,False,1.0,2,Mohali,Punjab Cricket Association IS Bindra Stadium,False,True,21,3,3.5,58,16.571428571428573,20,167,109,16.5,6.606060606060606,1,9
3.4,3,4,22,Chris Morris,Yuvraj Singh,4,False,-2.0,2,Mohali,Punjab Cricket Association IS Bindra Stadium,False,True,22,3,3.6666666666666665,62,16.90909090909091,20,167,105,16.333333333333332,6.428571428571429,1,9
3.5,3,5,23,Chris Morris,Yuvraj Singh,0,False,1.0,2,Mohali,Punjab Cricket Association IS Bindra Stadium,False,True,23,3,3.8333333333333335,62,16.17391304347826,20,167,105,16.166666666666668,6.494845360824741,1,9
3.6,3,6,24,Chris Morris,Yuvraj Singh,1,False,-0.5,2,Mohali,Punjab Cricket Association IS Bindra Stadium,False,True,24,3,4.0,63,15.75,20,167,104,16.0,6.5,1,9
4.1,4,1,25,Trent Boult,Yuvraj Singh,0,False,1.0,2,Mohali,Punjab Cricket Association IS Bindra Stadium,False,True,25,4,4.166666666666667,63,15.12,20,167,104,15.833333333333332,6.56842105263158,1,9
4.2,4,2,26,Trent Boult,Yuvraj Singh,0,False,1.0,2,Mohali,Punjab Cricket Association IS Bindra Stadium,False,True,26,4,4.333333333333333,63,14.53846153846154,20,167,104,15.666666666666668,6.638297872340425,1,9
4.3,4,3,27,Trent Boult,Yuvraj Singh,0,False,1.0,2,Mohali,Punjab Cricket Association IS Bindra Stadium,False,True,27,4,4.5,63,14.0,20,167,104,15.5,6.709677419354839,1,9
4.4,4,4,28,Trent Boult,Yuvraj Singh,1,False,-0.5,2,Mohali,Punjab Cricket Association IS Bindra Stadium,False,True,28,4,4.666666666666667,64,13.714285714285714,20,167,103,15.333333333333332,6.717391304347826,1,9
4.5,4,5,29,Trent Boult,KL Rahul,0,True,5.0,2,Mohali,Punjab Cricket Association IS Bindra Stadium,False,True,29,4,4.833333333333333,64,13.24137931034483,20,167,103,15.166666666666668,6.791208791208791,2,8
4.6,4,6,30,Trent Boult,Yuvraj Singh,0,False,1.0,2,Mohali,Punjab Cricket Association IS Bindra Stadium,False,True,30,4,5.0,64,12.8,20,167,103,15.0,6.866666666666666,2,8
5.1,5,1,31,Chris Morris,Karun Nair,4,False,-2.0,2,Mohali,Punjab Cricket Association IS Bindra Stadium,False,True,31,5,5.166666666666667,68,13.161290322580644,20,167,99,14.833333333333332,6.674157303370787,2,8
5.2,5,2,32,Chris Morris,Karun Nair,0,False,1.0,2,Mohali,Punjab Cricket Association IS Bindra Stadium,False,True,32,5,5.333333333333333,68,12.75,20,167,99,14.666666666666668,6.749999999999999,2,8
5.3,5,3,33,Chris Morris,Karun Nair,1,False,-0.5,2,Mohali,Punjab Cricket Association IS Bindra Stadium,False,True,33,5,5.5,69,12.545454545454545,20,167,98,14.5,6.758620689655173,2,8
5.4,5,4,34,Chris Morris,Yuvraj Singh,4,False,-2.0,2,Mohali,Punjab Cricket Association IS Bindra Stadium,False,True,34,5,5.666666666666667,73,12.88235294117647,20,167,94,14.333333333333332,6.558139534883721,2,8
5.5,5,5,35,Chris Morris,Yuvraj Singh,0,False,1.0,2,Mohali,Punjab Cricket Association IS Bindra Stadium,False,True,35,5,5.833333333333333,73,12.514285714285714,20,167,94,14.166666666666668,6.635294117647058,2,8
5.6,5,6,36,Chris Morris,Yuvraj Singh,0,False,1.0,2,Mohali,Punjab Cricket Association IS Bindra Stadium,False,True,36,5,6.0,73,12.166666666666666,20,167,94,14.0,6.714285714285714,2,8
6.1,6,1,37,Trent Boult,Karun Nair,0,False,1.0,2,Mohali,Punjab Cricket Association IS Bindra Stadium,False,True,37,6,6.166666666666667,73,11.837837837837837,20,167,94,13.833333333333332,6.795180722891567,2,8
6.2,6,2,38,Trent Boult,Karun Nair,6,False,-3.0,2,Mohali,Punjab Cricket Association IS Bindra Stadium,False,True,38,6,6.333333333333333,79,12.473684210526317,20,167,88,13.666666666666668,6.439024390243902,2,8
6.3,6,3,39,Trent Boult,Karun Nair,1,False,-0.5,2,Mohali,Punjab Cricket Association IS Bindra Stadium,False,True,39,6,6.5,80,12.307692307692308,20,167,87,13.5,6.444444444444445,2,8
6.4,6,4,40,Trent Boult,Yuvraj Singh,0,False,1.0,2,Mohali,Punjab Cricket Association IS Bindra Stadium,False,True,40,6,6.666666666666667,80,12.0,20,167,87,13.333333333333332,6.525,2,8
6.5,6,5,41,Trent Boult,Yuvraj Singh,0,False,1.0,2,Mohali,Punjab Cricket Association IS Bindra Stadium,False,True,41,6,6.833333333333333,80,11.707317073170731,20,167,87,13.166666666666668,6.6075949367088604,2,8
6.6,6,6,42,Trent Boult,Yuvraj Singh,0,False,1.0,2,Mohali,Punjab Cricket Association IS Bindra Stadium,False,True,42,6,7.0,80,11.428571428571429,20,167,87,13.0,6.6923076923076925,2,8
7.1,7,1,43,Dan Christian,Karun Nair,1,False,-0.5,2,Mohali,Punjab Cricket Association IS Bindra Stadium,False,True,43,7,7.166666666666667,81,11.302325581395348,20,167,86,12.833333333333332,6.701298701298702,2,8
7.2,7,2,44,Dan Christian,Yuvraj Singh,1,False,-0.5,2,Mohali,Punjab Cricket Association IS Bindra Stadium,False,True,44,7,7.333333333333333,82,11.181818181818182,20,167,85,12.666666666666668,6.7105263157894735,2,8
7.3,7,3,45,Dan Christian,Karun Nair,1,False,-0.5,2,Mohali,Punjab Cricket Association IS Bindra Stadium,False,True,45,7,7.5,83,11.066666666666666,20,167,84,12.5,6.72,2,8
7.4,7,4,46,Dan Christian,Yuvraj Singh,0,False,1.0,2,Mohali,Punjab Cricket Association IS Bindra Stadium,False,True,46,7,7.666666666666667,83,10.826086956521738,20,167,84,12.333333333333332,6.810810810810811,2,8
7.5,7,5,47,Dan Christian,Yuvraj Singh,0,False,1.0,2,Mohali,Punjab Cricket Association IS Bindra Stadium,False,True,47,7,7.833333333333333,83,10.595744680851064,20,167,84,12.166666666666668,6.904109589041095,2,8
7.6,7,6,48,Dan Christian,Yuvraj Singh,0,False,1.0,2,Mohali,Punjab Cricket Association IS Bindra Stadium,False,True,48,7,8.0,83,10.375,20,167,84,12.0,7.0,2,8
8.1,8,1,49,Mohammed Shami,Karun Nair,1,False,-0.5,2,Mohali,Punjab Cricket Association IS Bindra Stadium,False,True,49,8,8.166666666666666,84,10.285714285714286,20,167,83,11.833333333333334,7.014084507042253,2,8
8.2,8,2,50,Mohammed Shami,Yuvraj Singh,1,False,-0.5,2,Mohali,Punjab Cricket Association IS Bindra Stadium,False,True,50,8,8.333333333333334,85,10.2,20,167,82,11.666666666666666,7.028571428571429,2,8
8.3,8,3,51,Mohammed Shami,Karun Nair,4,False,-2.0,2,Mohali,Punjab Cricket Association IS Bindra Stadium,False,True,51,8,8.5,89,10.470588235294118,20,167,78,11.5,6.782608695652174,2,8
8.4,8,4,52,Mohammed Shami,Karun Nair,4,False,-2.0,2,Mohali,Punjab Cricket Association IS Bindra Stadium,False,True,52,8,8.666666666666666,93,10.730769230769232,20,167,74,11.333333333333334,6.529411764705882,2,8
8.5,8,5,53,Mohammed Shami,Karun Nair,4,False,-2.0,2,Mohali,Punjab Cricket Association IS Bindra Stadium,False,True,53,8,8.833333333333334,97,10.981132075471697,20,167,70,11.166666666666666,6.268656716417911,2,8
8.6,8,6,54,Mohammed Shami,Karun Nair,0,False,1.0,2,Mohali,Punjab Cricket Association IS Bindra Stadium,False,True,54,8,9.0,97,10.777777777777779,20,167,70,11.0,6.363636363636363,2,8
9.1,9,1,55,Rahul Tewatia,Yuvraj Singh,0,False,1.0,2,Mohali,Punjab Cricket Association IS Bindra Stadium,False,True,55,9,9.166666666666666,97,10.581818181818182,20,167,70,10.833333333333334,6.461538461538461,2,8
9.2,9,2,56,Rahul Tewatia,Yuvraj Singh,0,True,5.0,2,Mohali,Punjab Cricket Association IS Bindra Stadium,False,True,56,9,9.333333333333334,97,10.392857142857142,20,167,70,10.666666666666666,6.5625,3,7
9.3,9,3,57,Rahul Tewatia,David Miller,0,False,1.0,2,Mohali,Punjab Cricket Association IS Bindra Stadium,False,True,57,9,9.5,97,10.210526315789474,20,167,70,10.5,6.666666666666667,3,7
9.4,9,4,58,Rahul Tewatia,David Miller,1,False,-0.5,2,Mohali,Punjab Cricket Association IS Bindra Stadium,False,True,58,9,9.666666666666666,98,10.13793103448276,20,167,69,10.333333333333334,6.677419354838709,3,7
9.5,9,5,59,Rahul Tewatia,Karun Nair,0,False,1.0,2,Mohali,Punjab Cricket Association IS Bindra Stadium,False,True,59,9,9.833333333333334,98,9.966101694915254,20,167,69,10.166666666666666,6.786885245901639,3,7
9.6,9,6,60,Rahul Tewatia,Karun Nair,1,False,-0.5,2,Mohali,Punjab Cricket Association IS Bindra Stadium,False,True,60,9,10.0,99,9.9,20,167,68,10.0,6.8,3,7
10.1,10,1,61,Amit Mishra,Karun Nair,4,False,-2.0,2,Mohali,Punjab Cricket Association IS Bindra Stadium,False,True,61,10,10.166666666666666,103,10.131147540983607,20,167,64,9.833333333333334,6.508474576271186,3,7
10.2,10,2,62,Amit Mishra,Karun Nair,1,False,-0.5,2,Mohali,Punjab Cricket Association IS Bindra Stadium,False,True,62,10,10.333333333333334,104,10.064516129032258,20,167,63,9.666666666666666,6.517241379310345,3,7
10.3,10,3,63,Amit Mishra,David Miller,1,False,-0.5,2,Mohali,Punjab Cricket Association IS Bindra Stadium,False,True,63,10,10.5,105,10.0,20,167,62,9.5,6.526315789473684,3,7
10.4,10,4,64,Amit Mishra,Karun Nair,2,False,-1.0,2,Mohali,Punjab Cricket Association IS Bindra Stadium,False,True,64,10,10.666666666666666,107,10.03125,20,167,60,9.333333333333334,6.428571428571428,3,7
10.5,10,5,65,Amit Mishra,Karun Nair,1,False,-0.5,2,Mohali,Punjab Cricket Association IS Bindra Stadium,False,True,65,10,10.833333333333334,108,9.96923076923077,20,167,59,9.166666666666666,6.4363636363636365,3,7
10.6,10,6,66,Amit Mishra,David Miller,1,False,-0.5,2,Mohali,Punjab Cricket Association IS Bindra Stadium,False,True,66,10,11.0,109,9.909090909090908,20,167,58,9.0,6.444444444444445,3,7
11.1,11,1,67,Rahul Tewatia,David Miller,4,False,-2.0,2,Mohali,Punjab Cricket Association IS Bindra Stadium,False,True,67,11,11.166666666666666,113,10.119402985074627,20,167,54,8.833333333333334,6.113207547169811,3,7
11.2,11,2,68,Rahul Tewatia,David Miller,0,False,1.0,2,Mohali,Punjab Cricket Association IS Bindra Stadium,False,True,68,11,11.333333333333334,113,9.970588235294118,20,167,54,8.666666666666666,6.230769230769231,3,7
11.3,11,3,69,Rahul Tewatia,David Miller,0,False,1.0,2,Mohali,Punjab Cricket Association IS Bindra Stadium,False,True,69,11,11.5,113,9.826086956521738,20,167,54,8.5,6.352941176470588,3,7
11.4,11,4,70,Rahul Tewatia,David Miller,0,False,1.0,2,Mohali,Punjab Cricket Association IS Bindra Stadium,False,True,70,11,11.666666666666666,113,9.685714285714287,20,167,54,8.333333333333334,6.4799999999999995,3,7
11.5,11,5,71,Rahul Tewatia,David Miller,1,False,-0.5,2,Mohali,Punjab Cricket Association IS Bindra Stadium,False,True,71,11,11.833333333333334,114,9.633802816901408,20,167,53,8.166666666666666,6.4897959183673475,3,7
11.6,11,6,72,Rahul Tewatia,Karun Nair,1,False,-0.5,2,Mohali,Punjab Cricket Association IS Bindra Stadium,False,True,72,11,12.0,115,9.583333333333334,20,167,52,8.0,6.5,3,7
12.1,12,1,73,Amit Mishra,Karun Nair,1,False,-0.5,2,Mohali,Punjab Cricket Association IS Bindra Stadium,False,True,73,12,12.166666666666666,116,9.534246575342467,20,167,51,7.833333333333334,6.51063829787234,3,7
12.2,12,2,74,Amit Mishra,David Miller,1,False,-0.5,2,Mohali,Punjab Cricket Association IS Bindra Stadium,False,True,74,12,12.333333333333334,117,9.486486486486486,20,167,50,7.666666666666666,6.521739130434783,3,7
12.3,12,3,75,Amit Mishra,Karun Nair,0,False,1.0,2,Mohali,Punjab Cricket Association IS Bindra Stadium,False,True,75,12,12.5,117,9.36,20,167,50,7.5,6.666666666666667,3,7
12.4,12,4,76,Amit Mishra,Karun Nair,2,False,-1.0,2,Mohali,Punjab Cricket Association IS Bindra Stadium,False,True,76,12,12.666666666666666,119,9.394736842105264,20,167,48,7.333333333333334,6.545454545454545,3,7
12.5,12,5,77,Amit Mishra,Karun Nair,1,False,-0.5,2,Mohali,Punjab Cricket Association IS Bindra Stadium,False,True,77,12,12.833333333333334,120,9.35064935064935,20,167,47,7.166666666666666,6.558139534883721,3,7
12.6,12,6,78,Amit Mishra,David Miller,1,False,-0.5,2,Mohali,Punjab Cricket Association IS Bindra Stadium,False,True,78,12,13.0,121,9.307692307692308,20,167,46,7.0,6.571428571428571,3,7
13.1,13,1,79,Rahul Tewatia,David Miller,1,False,-0.5,2,Mohali,Punjab Cricket Association IS Bindra Stadium,False,True,79,13,13.166666666666666,122,9.265822784810126,20,167,45,6.833333333333334,6.585365853658536,3,7
13.2,13,2,80,Rahul Tewatia,Karun Nair,0,False,1.0,2,Mohali,Punjab Cricket Association IS Bindra Stadium,False,True,80,13,13.333333333333334,122,9.15,20,167,45,6.666666666666666,6.750000000000001,3,7
13.3,13,3,81,Rahul Tewatia,Karun Nair,1,False,-0.5,2,Mohali,Punjab Cricket Association IS Bindra Stadium,False,True,81,13,13.5,123,9.11111111111111,20,167,44,6.5,6.769230769230769,3,7
13.4,13,4,82,Rahul Tewatia,David Miller,1,False,-0.5,2,Mohali,Punjab Cricket Association IS Bindra Stadium,False,True,82,13,13.666666666666666,124,9.073170731707318,20,167,43,6.333333333333334,6.789473684210526,3,7
13.5,13,5,83,Rahul Tewatia,Karun Nair,1,False,-0.5,2,Mohali,Punjab Cricket Association IS Bindra Stadium,False,True,83,13,13.833333333333334,125,9.036144578313253,20,167,42,6.166666666666666,6.810810810810811,3,7
13.6,13,6,84,Rahul Tewatia,David Miller,1,False,-0.5,2,Mohali,Punjab Cricket Association IS Bindra Stadium,False,True,84,13,14.0,126,9.0,20,167,41,6.0,6.833333333333333,3,7
14.1,14,1,85,Amit Mishra,David Miller,0,False,1.0,2,Mohali,Punjab Cricket Association IS Bindra Stadium,False,True,85,14,14.166666666666666,126,8.894117647058824,20,167,41,5.833333333333334,7.028571428571428,3,7
14.2,14,2,86,Amit Mishra,David Miller,1,False,-0.5,2,Mohali,Punjab Cricket Association IS Bindra Stadium,False,True,86,14,14.333333333333334,127,8.86046511627907,20,167,40,5.666666666666666,7.058823529411765,3,7
14.3,14,3,87,Amit Mishra,Karun Nair,0,False,1.0,2,Mohali,Punjab Cricket Association IS Bindra Stadium,False,True,87,14,14.5,127,8.758620689655173,20,167,40,5.5,7.2727272727272725,3,7
14.4,14,4,88,Amit Mishra,Karun Nair,1,False,-0.5,2,Mohali,Punjab Cricket Association IS Bindra Stadium,False,True,88,14,14.666666666666666,128,8.727272727272728,20,167,39,5.333333333333334,7.312499999999999,3,7
14.5,14,5,89,Amit Mishra,David Miller,2,False,-1.0,2,Mohali,Punjab Cricket Association IS Bindra Stadium,False,True,89,14,14.833333333333334,130,8.764044943820224,20,167,37,5.166666666666666,7.161290322580646,3,7
14.6,14,6,90,Amit Mishra,David Miller,2,False,-1.0,2,Mohali,Punjab Cricket Association IS Bindra Stadium,False,True,90,14,15.0,132,8.8,20,167,35,5.0,7.0,3,7
15.1,15,1,91,Dan Christian,Karun Nair,0,False,1.0,2,Mohali,Punjab Cricket Association IS Bindra Stadium,False,True,91,15,15.166666666666666,132,8.703296703296704,20,167,35,4.833333333333334,7.2413793103448265,3,7
15.2,15,2,92,Dan Christian,Karun Nair,6,False,-3.0,2,Mohali,Punjab Cricket Association IS Bindra Stadium,False,True,92,15,15.333333333333334,138,9.0,20,167,29,4.666666666666666,6.214285714285715,3,7
15.3,15,3,93,Dan Christian,Karun Nair,0,False,1.0,2,Mohali,Punjab Cricket Association IS Bindra Stadium,False,True,93,15,15.5,138,8.903225806451612,20,167,29,4.5,6.444444444444445,3,7
15.4,15,4,94,Dan Christian,Karun Nair,0,True,5.0,2,Mohali,Punjab Cricket Association IS Bindra Stadium,False,True,94,15,15.666666666666666,138,8.808510638297873,20,167,29,4.333333333333334,6.692307692307692,4,6
15.5,15,5,95,Dan Christian,Marcus Stoinis,2,False,-1.0,2,Mohali,Punjab Cricket Association IS Bindra Stadium,False,True,95,15,15.833333333333334,140,8.842105263157894,20,167,27,4.166666666666666,6.480000000000001,4,6
15.6,15,6,96,Dan Christian,Marcus Stoinis,1,False,-0.5,2,Mohali,Punjab Cricket Association IS Bindra Stadium,False,True,96,15,16.0,141,8.8125,20,167,26,4.0,6.5,4,6
16.1,16,1,97,Rahul Tewatia,Marcus Stoinis,2,False,-1.0,2,Mohali,Punjab Cricket Association IS Bindra Stadium,False,True,97,16,16.166666666666668,143,8.845360824742267,20,167,24,3.833333333333332,6.260869565217393,4,6
16.2,16,2,98,Rahul Tewatia,Marcus Stoinis,1,False,-0.5,2,Mohali,Punjab Cricket Association IS Bindra Stadium,False,True,98,16,16.333333333333332,144,8.816326530612246,20,167,23,3.666666666666668,6.272727272727271,4,6
16.3,16,3,99,Rahul Tewatia,David Miller,1,False,-0.5,2,Mohali,Punjab Cricket Association IS Bindra Stadium,False,True,99,16,16.5,145,8.787878787878787,20,167,22,3.5,6.285714285714286,4,6
16.4,16,4,100,Rahul Tewatia,Marcus Stoinis,0,False,1.0,2,Mohali,Punjab Cricket Association IS Bindra Stadium,False,True,100,16,16.666666666666668,145,8.7,20,167,22,3.333333333333332,6.600000000000002,4,6
16.5,16,5,101,Rahul Tewatia,Marcus Stoinis,4,False,-2.0,2,Mohali,Punjab Cricket Association IS Bindra Stadium,False,True,101,16,16.833333333333332,149,8.851485148514852,20,167,18,3.166666666666668,5.684210526315788,4,6
16.6,16,6,102,Rahul Tewatia,Marcus Stoinis,3,False,-1.5,2,Mohali,Punjab Cricket Association IS Bindra Stadium,False,True,102,16,17.0,152,8.941176470588236,20,167,15,3.0,5.0,4,6
17.1,17,1,103,Chris Morris,Marcus Stoinis,0,False,1.0,2,Mohali,Punjab Cricket Association IS Bindra Stadium,False,True,103,17,17.166666666666668,152,8.854368932038835,20,167,15,2.833333333333332,5.294117647058826,4,6
17.2,17,2,104,Chris Morris,Marcus Stoinis,0,False,1.0,2,Mohali,Punjab Cricket Association IS Bindra Stadium,False,True,104,17,17.333333333333332,152,8.76923076923077,20,167,15,2.666666666666668,5.624999999999997,4,6
17.3,17,3,105,Chris Morris,Marcus Stoinis,1,False,-0.5,2,Mohali,Punjab Cricket Association IS Bindra Stadium,False,True,105,17,17.5,153,8.742857142857142,20,167,14,2.5,5.6,4,6
17.4,17,4,106,Chris Morris,David Miller,1,False,-0.5,2,Mohali,Punjab Cricket Association IS Bindra Stadium,False,True,106,17,17.666666666666668,154,8.716981132075471,20,167,13,2.333333333333332,5.571428571428574,4,6
17.5,17,5,107,Chris Morris,Marcus Stoinis,1,False,-0.5,2,Mohali,Punjab Cricket Association IS Bindra Stadium,False,True,107,17,17.833333333333332,155,8.69158878504673,20,167,12,2.166666666666668,5.538461538461536,4,6
17.6,17,6,108,Chris Morris,David Miller,2,False,-1.0,2,Mohali,Punjab Cricket Association IS Bindra Stadium,False,True,108,17,18.0,157,8.722222222222221,20,167,10,2.0,5.0,4,6
18.1,18,1,109,Trent Boult,Marcus Stoinis,2,False,-1.0,2,Mohali,Punjab Cricket Association IS Bindra Stadium,True,False,108,17,18.0,159,8.833333333333334,20,167,8,2.0,4.0,4,6
18.1,18,1,110,Trent Boult,David Miller,1,False,-0.5,2,Mohali,Punjab Cricket Association IS Bindra Stadium,False,True,109,18,18.166666666666668,160,8.807339449541283,20,167,7,1.8333333333333321,3.8181818181818206,4,6
18.2,18,2,111,Trent Boult,Marcus Stoinis,1,False,-0.5,2,Mohali,Punjab Cricket Association IS Bindra Stadium,False,True,110,18,18.333333333333332,161,8.781818181818183,20,167,6,1.6666666666666679,3.5999999999999974,4,6
18.3,18,3,112,Trent Boult,David Miller,1,False,-0.5,2,Mohali,Punjab Cricket Association IS Bindra Stadium,False,True,111,18,18.5,162,8.756756756756756,20,167,5,1.5,3.3333333333333335,4,6
18.4,18,4,113,Trent Boult,Marcus Stoinis,4,False,-2.0,2,Mohali,Punjab Cricket Association IS Bindra Stadium,False,True,112,18,18.666666666666668,166,8.892857142857142,20,167,1,1.3333333333333321,0.7500000000000007,4,6
18.5,18,5,114,Trent Boult,Marcus Stoinis,1,False,-0.5,2,Mohali,Punjab Cricket Association IS Bindra Stadium,False,True,113,18,18.833333333333332,167,8.867256637168142,20,167,0,1.1666666666666679,0.0,4,6
