Ball Number,over,ball,Ball,bowler,batsman,Runs,is_wicket,bowler_score,match_id,city,stadium,is_extra,legal_delivery,legal_deliveries_count,overs_completed,overs_bowled,total_runs,current_run_rate,total_overs,target,runs_needed,overs_remaining,required_run_rate,wickets_fallen,wickets_in_hand
0.1,0,1,1,Dhawal Kulkarni,Prithvi Shaw,0,False,1.0,32,Delhi,Feroz Shah Kotla,False,True,1,0,0.16666666666666666,0,0.0,20,151,151,19.833333333333332,7.613445378151261,0,10
0.2,0,2,2,Dhawal Kulkarni,Prithvi Shaw,0,False,1.0,32,Delhi,Feroz Shah Kotla,False,True,2,0,0.3333333333333333,0,0.0,20,151,151,19.666666666666668,7.677966101694915,0,10
0.3,0,3,3,Dhawal Kulkarni,Prithvi Shaw,1,False,-0.5,32,Delhi,Feroz Shah Kotla,False,True,3,0,0.5,1,2.0,20,151,150,19.5,7.6923076923076925,0,10
0.4,0,4,4,Dhawal Kulkarni,Colin Munro,0,True,5.0,32,Delhi,Feroz Shah Kotla,False,True,4,0,0.6666666666666666,1,1.5,20,151,150,19.333333333333332,7.758620689655173,1,9
0.5,0,5,5,Dhawal Kulkarni,Shreyas Iyer,0,False,1.0,32,Delhi,Feroz Shah Kotla,False,True,5,0,0.8333333333333334,1,1.2,20,151,150,19.166666666666668,7.826086956521738,1,9
0.6,0,6,6,Dhawal Kulkarni,Shreyas Iyer,0,False,1.0,32,Delhi,Feroz Shah Kotla,False,True,6,0,1.0,1,1.0,20,151,150,19.0,7.894736842105263,1,9
1.1,1,1,7,Jofra Archer,Prithvi Shaw,0,False,1.0,32,Delhi,Feroz Shah Kotla,False,True,7,1,1.1666666666666667,1,0.8571428571428571,20,151,150,18.833333333333332,7.964601769911505,1,9
1.2,1,2,8,Jofra Archer,Prithvi Shaw,0,False,1.0,32,Delhi,Feroz Shah Kotla,False,True,8,1,1.3333333333333333,1,0.75,20,151,150,18.666666666666668,8.035714285714285,1,9
1.3,1,3,9,Jofra Archer,Prithvi Shaw,1,False,-0.5,32,Delhi,Feroz Shah Kotla,False,True,9,1,1.5,2,1.3333333333333333,20,151,149,18.5,8.054054054054054,1,9
1.4,1,4,10,Jofra Archer,Shreyas Iyer,4,False,-2.0,32,Delhi,Feroz Shah Kotla,False,True,10,1,1.6666666666666665,6,3.6000000000000005,20,151,145,18.333333333333332,7.909090909090909,1,9
1.5,1,5,11,Jofra Archer,Shreyas Iyer,0,False,1.0,32,Delhi,Feroz Shah Kotla,False,True,11,1,1.8333333333333335,6,3.2727272727272725,20,151,145,18.166666666666668,7.981651376146789,1,9
1.6,1,6,12,Jofra Archer,Shreyas Iyer,0,False,1.0,32,Delhi,Feroz Shah Kotla,False,True,12,1,2.0,6,3.0,20,151,145,18.0,8.055555555555555,1,9
2.1,2,1,13,Dhawal Kulkarni,Prithvi Shaw,6,False,-3.0,32,Delhi,Feroz Shah Kotla,False,True,13,2,2.1666666666666665,12,5.538461538461539,20,151,139,17.833333333333332,7.794392523364486,1,9
2.2,2,2,14,Dhawal Kulkarni,Prithvi Shaw,0,False,1.0,32,Delhi,Feroz Shah Kotla,False,True,14,2,2.3333333333333335,12,5.142857142857142,20,151,139,17.666666666666668,7.867924528301886,1,9
2.3,2,3,15,Dhawal Kulkarni,Prithvi Shaw,6,False,-3.0,32,Delhi,Feroz Shah Kotla,False,True,15,2,2.5,18,7.2,20,151,133,17.5,7.6,1,9
2.4,2,4,16,Dhawal Kulkarni,Prithvi Shaw,0,False,1.0,32,Delhi,Feroz Shah Kotla,False,True,16,2,2.6666666666666665,18,6.75,20,151,133,17.333333333333332,7.673076923076923,1,9
2.5,2,5,17,Dhawal Kulkarni,Prithvi Shaw,4,False,-2.0,32,Delhi,Feroz Shah Kotla,False,True,17,2,2.8333333333333335,22,7.764705882352941,20,151,129,17.166666666666668,7.514563106796116,1,9
2.6,2,6,18,Dhawal Kulkarni,Prithvi Shaw,0,False,1.0,32,Delhi,Feroz Shah Kotla,False,True,18,2,3.0,22,7.333333333333333,20,151,129,17.0,7.588235294117647,1,9
3.1,3,1,19,Krishnappa Gowtham,Shreyas Iyer,1,False,-0.5,32,Delhi,Feroz Shah Kotla,False,True,19,3,3.1666666666666665,23,7.2631578947368425,20,151,128,16.833333333333332,7.6039603960396045,1,9
3.2,3,2,20,Krishnappa Gowtham,Prithvi Shaw,4,False,-2.0,32,Delhi,Feroz Shah Kotla,False,True,20,3,3.3333333333333335,27,8.1,20,151,124,16.666666666666668,7.4399999999999995,1,9
3.3,3,3,21,Krishnappa Gowtham,Prithvi Shaw,1,False,-0.5,32,Delhi,Feroz Shah Kotla,False,True,21,3,3.5,28,8.0,20,151,123,16.5,7.454545454545454,1,9
3.4,3,4,22,Krishnappa Gowtham,Shreyas Iyer,4,False,-2.0,32,Delhi,Feroz Shah Kotla,False,True,22,3,3.6666666666666665,32,8.727272727272728,20,151,119,16.333333333333332,7.2857142857142865,1,9
3.5,3,5,23,Krishnappa Gowtham,Shreyas Iyer,1,False,-0.5,32,Delhi,Feroz Shah Kotla,False,True,23,3,3.8333333333333335,33,8.608695652173912,20,151,118,16.166666666666668,7.298969072164948,1,9
3.6,3,6,24,Krishnappa Gowtham,Prithvi Shaw,0,False,1.0,32,Delhi,Feroz Shah Kotla,False,True,24,3,4.0,33,8.25,20,151,118,16.0,7.375,1,9
4.1,4,1,25,Jaydev Unadkat,Shreyas Iyer,0,False,1.0,32,Delhi,Feroz Shah Kotla,False,True,25,4,4.166666666666667,33,7.919999999999999,20,151,118,15.833333333333332,7.452631578947369,1,9
4.2,4,2,26,Jaydev Unadkat,Shreyas Iyer,0,False,1.0,32,Delhi,Feroz Shah Kotla,False,True,26,4,4.333333333333333,33,7.615384615384616,20,151,118,15.666666666666668,7.531914893617021,1,9
4.3,4,3,27,Jaydev Unadkat,Shreyas Iyer,1,False,-0.5,32,Delhi,Feroz Shah Kotla,False,True,27,4,4.5,34,7.555555555555555,20,151,117,15.5,7.548387096774194,1,9
4.4,4,4,28,Jaydev Unadkat,Prithvi Shaw,4,False,-2.0,32,Delhi,Feroz Shah Kotla,False,True,28,4,4.666666666666667,38,8.142857142857142,20,151,113,15.333333333333332,7.369565217391305,1,9
4.5,4,5,29,Jaydev Unadkat,Prithvi Shaw,4,False,-2.0,32,Delhi,Feroz Shah Kotla,False,True,29,4,4.833333333333333,42,8.689655172413794,20,151,109,15.166666666666668,7.186813186813186,1,9
4.6,4,6,30,Jaydev Unadkat,Prithvi Shaw,6,False,-3.0,32,Delhi,Feroz Shah Kotla,False,True,30,4,5.0,48,9.6,20,151,103,15.0,6.866666666666666,1,9
5.1,5,1,31,Shreyas Gopal,Shreyas Iyer,1,False,-0.5,32,Delhi,Feroz Shah Kotla,False,True,31,5,5.166666666666667,49,9.483870967741934,20,151,102,14.833333333333332,6.876404494382023,1,9
5.2,5,2,32,Shreyas Gopal,Prithvi Shaw,1,False,-0.5,32,Delhi,Feroz Shah Kotla,False,True,32,5,5.333333333333333,50,9.375,20,151,101,14.666666666666668,6.886363636363636,1,9
5.3,5,3,33,Shreyas Gopal,Shreyas Iyer,0,False,1.0,32,Delhi,Feroz Shah Kotla,False,True,33,5,5.5,50,9.090909090909092,20,151,101,14.5,6.9655172413793105,1,9
5.4,5,4,34,Shreyas Gopal,Shreyas Iyer,0,False,1.0,32,Delhi,Feroz Shah Kotla,False,True,34,5,5.666666666666667,50,8.823529411764705,20,151,101,14.333333333333332,7.046511627906978,1,9
5.5,5,5,35,Shreyas Gopal,Shreyas Iyer,6,False,-3.0,32,Delhi,Feroz Shah Kotla,False,True,35,5,5.833333333333333,56,9.6,20,151,95,14.166666666666668,6.705882352941176,1,9
5.6,5,6,36,Shreyas Gopal,Shreyas Iyer,6,False,-3.0,32,Delhi,Feroz Shah Kotla,False,True,36,5,6.0,62,10.333333333333334,20,151,89,14.0,6.357142857142857,1,9
6.1,6,1,37,Ben Stokes,Prithvi Shaw,0,False,1.0,32,Delhi,Feroz Shah Kotla,False,True,37,6,6.166666666666667,62,10.054054054054054,20,151,89,13.833333333333332,6.433734939759037,1,9
6.2,6,2,38,Ben Stokes,Prithvi Shaw,1,False,-0.5,32,Delhi,Feroz Shah Kotla,False,True,38,6,6.333333333333333,63,9.947368421052632,20,151,88,13.666666666666668,6.439024390243902,1,9
6.3,6,3,39,Ben Stokes,Shreyas Iyer,1,False,-0.5,32,Delhi,Feroz Shah Kotla,False,True,39,6,6.5,64,9.846153846153847,20,151,87,13.5,6.444444444444445,1,9
6.4,6,4,40,Ben Stokes,Prithvi Shaw,1,False,-0.5,32,Delhi,Feroz Shah Kotla,False,True,40,6,6.666666666666667,65,9.75,20,151,86,13.333333333333332,6.45,1,9
6.5,6,5,41,Ben Stokes,Shreyas Iyer,1,False,-0.5,32,Delhi,Feroz Shah Kotla,False,True,41,6,6.833333333333333,66,9.658536585365853,20,151,85,13.166666666666668,6.455696202531645,1,9
6.6,6,6,42,Ben Stokes,Prithvi Shaw,1,False,-0.5,32,Delhi,Feroz Shah Kotla,False,True,42,6,7.0,67,9.571428571428571,20,151,84,13.0,6.461538461538462,1,9
6.6,6,6,43,Ben Stokes,Prithvi Shaw,1,False,-1.0,32,Delhi,Feroz Shah Kotla,True,False,42,6,7.0,68,9.714285714285714,20,151,83,13.0,6.384615384615385,1,9
7.1,7,1,44,Shreyas Gopal,Prithvi Shaw,6,False,-3.0,32,Delhi,Feroz Shah Kotla,False,True,43,7,7.166666666666667,74,10.325581395348836,20,151,77,12.833333333333332,6.000000000000001,1,9
7.2,7,2,45,Shreyas Gopal,Prithvi Shaw,0,True,5.0,32,Delhi,Feroz Shah Kotla,False,True,44,7,7.333333333333333,74,10.090909090909092,20,151,77,12.666666666666668,6.078947368421052,2,8
7.3,7,3,46,Shreyas Gopal,Rishabh Pant,0,False,1.0,32,Delhi,Feroz Shah Kotla,False,True,45,7,7.5,74,9.866666666666667,20,151,77,12.5,6.16,2,8
7.4,7,4,47,Shreyas Gopal,Rishabh Pant,0,False,1.0,32,Delhi,Feroz Shah Kotla,False,True,46,7,7.666666666666667,74,9.652173913043478,20,151,77,12.333333333333332,6.243243243243244,2,8
7.5,7,5,48,Shreyas Gopal,Rishabh Pant,0,False,1.0,32,Delhi,Feroz Shah Kotla,False,True,47,7,7.833333333333333,74,9.446808510638299,20,151,77,12.166666666666668,6.328767123287671,2,8
7.6,7,6,49,Shreyas Gopal,Rishabh Pant,6,False,-3.0,32,Delhi,Feroz Shah Kotla,False,True,48,7,8.0,80,10.0,20,151,71,12.0,5.916666666666667,2,8
8.1,8,1,50,Ben Stokes,Shreyas Iyer,1,False,-0.5,32,Delhi,Feroz Shah Kotla,False,True,49,8,8.166666666666666,81,9.918367346938776,20,151,70,11.833333333333334,5.915492957746479,2,8
8.2,8,2,51,Ben Stokes,Rishabh Pant,1,False,-0.25,32,Delhi,Feroz Shah Kotla,False,True,50,8,8.333333333333334,82,9.84,20,151,69,11.666666666666666,5.914285714285715,2,8
8.3,8,3,52,Ben Stokes,Shreyas Iyer,1,False,-0.5,32,Delhi,Feroz Shah Kotla,False,True,51,8,8.5,83,9.764705882352942,20,151,68,11.5,5.913043478260869,2,8
8.4,8,4,53,Ben Stokes,Rishabh Pant,0,False,1.0,32,Delhi,Feroz Shah Kotla,False,True,52,8,8.666666666666666,83,9.576923076923078,20,151,68,11.333333333333334,6.0,2,8
8.5,8,5,54,Ben Stokes,Rishabh Pant,0,False,1.0,32,Delhi,Feroz Shah Kotla,False,True,53,8,8.833333333333334,83,9.39622641509434,20,151,68,11.166666666666666,6.089552238805971,2,8
8.6,8,6,55,Ben Stokes,Rishabh Pant,1,False,-1.0,32,Delhi,Feroz Shah Kotla,True,False,53,8,8.833333333333334,84,9.50943396226415,20,151,67,11.166666666666666,6.0,2,8
8.6,8,6,56,Ben Stokes,Rishabh Pant,4,False,-2.0,32,Delhi,Feroz Shah Kotla,False,True,54,8,9.0,88,9.777777777777779,20,151,63,11.0,5.7272727272727275,2,8
9.1,9,1,57,Jofra Archer,Shreyas Iyer,0,False,1.0,32,Delhi,Feroz Shah Kotla,False,True,55,9,9.166666666666666,88,9.600000000000001,20,151,63,10.833333333333334,5.815384615384615,2,8
9.2,9,2,58,Jofra Archer,Shreyas Iyer,0,False,1.0,32,Delhi,Feroz Shah Kotla,False,True,56,9,9.333333333333334,88,9.428571428571429,20,151,63,10.666666666666666,5.90625,2,8
9.3,9,3,59,Jofra Archer,Shreyas Iyer,4,False,-2.0,32,Delhi,Feroz Shah Kotla,False,True,57,9,9.5,92,9.68421052631579,20,151,59,10.5,5.619047619047619,2,8
9.4,9,4,60,Jofra Archer,Shreyas Iyer,1,False,-0.5,32,Delhi,Feroz Shah Kotla,False,True,58,9,9.666666666666666,93,9.620689655172415,20,151,58,10.333333333333334,5.612903225806451,2,8
9.5,9,5,61,Jofra Archer,Rishabh Pant,0,False,1.0,32,Delhi,Feroz Shah Kotla,False,True,59,9,9.833333333333334,93,9.457627118644067,20,151,58,10.166666666666666,5.704918032786885,2,8
9.6,9,6,62,Jofra Archer,Rishabh Pant,6,False,-3.0,32,Delhi,Feroz Shah Kotla,False,True,60,9,10.0,99,9.9,20,151,52,10.0,5.2,2,8
10.1,10,1,63,Jaydev Unadkat,Shreyas Iyer,1,False,-0.5,32,Delhi,Feroz Shah Kotla,False,True,61,10,10.166666666666666,100,9.836065573770492,20,151,51,9.833333333333334,5.186440677966101,2,8
10.2,10,2,64,Jaydev Unadkat,Rishabh Pant,4,False,-2.0,32,Delhi,Feroz Shah Kotla,False,True,62,10,10.333333333333334,104,10.064516129032258,20,151,47,9.666666666666666,4.862068965517242,2,8
10.3,10,3,65,Jaydev Unadkat,Rishabh Pant,1,False,-0.5,32,Delhi,Feroz Shah Kotla,False,True,63,10,10.5,105,10.0,20,151,46,9.5,4.842105263157895,2,8
10.4,10,4,66,Jaydev Unadkat,Shreyas Iyer,2,False,-1.0,32,Delhi,Feroz Shah Kotla,False,True,64,10,10.666666666666666,107,10.03125,20,151,44,9.333333333333334,4.714285714285714,2,8
10.5,10,5,67,Jaydev Unadkat,Shreyas Iyer,1,False,-0.5,32,Delhi,Feroz Shah Kotla,False,True,65,10,10.833333333333334,108,9.96923076923077,20,151,43,9.166666666666666,4.690909090909091,2,8
10.6,10,6,68,Jaydev Unadkat,Rishabh Pant,1,False,-0.5,32,Delhi,Feroz Shah Kotla,False,True,66,10,11.0,109,9.909090909090908,20,151,42,9.0,4.666666666666667,2,8
11.1,11,1,69,Krishnappa Gowtham,Rishabh Pant,1,False,-0.5,32,Delhi,Feroz Shah Kotla,False,True,67,11,11.166666666666666,110,9.850746268656717,20,151,41,8.833333333333334,4.641509433962264,2,8
11.2,11,2,70,Krishnappa Gowtham,Shreyas Iyer,6,False,-3.0,32,Delhi,Feroz Shah Kotla,False,True,68,11,11.333333333333334,116,10.235294117647058,20,151,35,8.666666666666666,4.038461538461538,2,8
11.3,11,3,71,Krishnappa Gowtham,Shreyas Iyer,1,False,-0.5,32,Delhi,Feroz Shah Kotla,False,True,69,11,11.5,117,10.173913043478262,20,151,34,8.5,4.0,2,8
11.4,11,4,72,Krishnappa Gowtham,Rishabh Pant,4,False,-2.0,32,Delhi,Feroz Shah Kotla,False,True,70,11,11.666666666666666,121,10.371428571428572,20,151,30,8.333333333333334,3.5999999999999996,2,8
11.5,11,5,73,Krishnappa Gowtham,Rishabh Pant,4,False,-2.0,32,Delhi,Feroz Shah Kotla,False,True,71,11,11.833333333333334,125,10.56338028169014,20,151,26,8.166666666666666,3.1836734693877555,2,8
11.6,11,6,74,Krishnappa Gowtham,Rishabh Pant,0,False,1.0,32,Delhi,Feroz Shah Kotla,False,True,72,11,12.0,125,10.416666666666666,20,151,26,8.0,3.25,2,8
12.1,12,1,75,Dhawal Kulkarni,Shreyas Iyer,2,False,-1.0,32,Delhi,Feroz Shah Kotla,False,True,73,12,12.166666666666666,127,10.438356164383562,20,151,24,7.833333333333334,3.0638297872340425,2,8
12.2,12,2,76,Dhawal Kulkarni,Shreyas Iyer,1,False,-0.5,32,Delhi,Feroz Shah Kotla,False,True,74,12,12.333333333333334,128,10.378378378378377,20,151,23,7.666666666666666,3.0000000000000004,2,8
12.3,12,3,77,Dhawal Kulkarni,Rishabh Pant,6,False,-3.0,32,Delhi,Feroz Shah Kotla,False,True,75,12,12.5,134,10.72,20,151,17,7.5,2.2666666666666666,2,8
12.4,12,4,78,Dhawal Kulkarni,Rishabh Pant,0,False,1.0,32,Delhi,Feroz Shah Kotla,False,True,76,12,12.666666666666666,134,10.578947368421053,20,151,17,7.333333333333334,2.318181818181818,2,8
12.5,12,5,79,Dhawal Kulkarni,Rishabh Pant,1,False,-1.0,32,Delhi,Feroz Shah Kotla,True,False,76,12,12.666666666666666,135,10.657894736842106,20,151,16,7.333333333333334,2.1818181818181817,2,8
12.5,12,5,80,Dhawal Kulkarni,Rishabh Pant,1,False,-1.0,32,Delhi,Feroz Shah Kotla,True,False,76,12,12.666666666666666,136,10.736842105263158,20,151,15,7.333333333333334,2.0454545454545454,2,8
12.5,12,5,81,Dhawal Kulkarni,Rishabh Pant,1,False,-1.0,32,Delhi,Feroz Shah Kotla,True,False,76,12,12.666666666666666,137,10.81578947368421,20,151,14,7.333333333333334,1.909090909090909,2,8
12.5,12,5,82,Dhawal Kulkarni,Rishabh Pant,4,False,-2.0,32,Delhi,Feroz Shah Kotla,False,True,77,12,12.833333333333334,141,10.987012987012987,20,151,10,7.166666666666666,1.3953488372093024,2,8
12.6,12,6,83,Dhawal Kulkarni,Rishabh Pant,4,False,-2.0,32,Delhi,Feroz Shah Kotla,False,True,78,12,13.0,145,11.153846153846153,20,151,6,7.0,0.8571428571428571,2,8
13.1,13,1,84,Ben Stokes,Shreyas Iyer,1,False,-0.5,32,Delhi,Feroz Shah Kotla,False,True,79,13,13.166666666666666,146,11.08860759493671,20,151,5,6.833333333333334,0.7317073170731707,2,8
13.2,13,2,85,Ben Stokes,Rishabh Pant,4,False,-2.0,32,Delhi,Feroz Shah Kotla,False,True,80,13,13.333333333333334,150,11.25,20,151,1,6.666666666666666,0.15000000000000002,2,8
13.3,13,3,86,Ben Stokes,Rishabh Pant,1,False,-0.5,32,Delhi,Feroz Shah Kotla,False,True,81,13,13.5,151,11.185185185185185,20,151,0,6.5,0.0,2,8
13.4,13,4,87,Ben Stokes,Shreyas Iyer,1,False,-0.5,32,Delhi,Feroz Shah Kotla,False,True,82,13,13.666666666666666,152,11.121951219512196,20,151,0,6.333333333333334,0.0,2,8
13.5,13,5,88,Ben Stokes,Rishabh Pant,2,False,-1.0,32,Delhi,Feroz Shah Kotla,False,True,83,13,13.833333333333334,154,11.132530120481928,20,151,0,6.166666666666666,0.0,2,8
13.6,13,6,89,Ben Stokes,Rishabh Pant,6,False,-3.0,32,Delhi,Feroz Shah Kotla,False,True,84,13,14.0,160,11.428571428571429,20,151,0,6.0,0.0,2,8
14.1,14,1,90,Jaydev Unadkat,Shreyas Iyer,1,False,-0.5,32,Delhi,Feroz Shah Kotla,False,True,85,14,14.166666666666666,161,11.364705882352942,20,151,0,5.833333333333334,0.0,2,8
14.2,14,2,91,Jaydev Unadkat,Rishabh Pant,5,False,-2.5,32,Delhi,Feroz Shah Kotla,False,True,86,14,14.333333333333334,166,11.581395348837209,20,151,0,5.666666666666666,0.0,2,8
14.3,14,3,92,Jaydev Unadkat,Shreyas Iyer,0,True,5.0,32,Delhi,Feroz Shah Kotla,False,True,87,14,14.5,166,11.448275862068966,20,151,0,5.5,0.0,3,7
14.4,14,4,93,Jaydev Unadkat,Rishabh Pant,6,False,-3.0,32,Delhi,Feroz Shah Kotla,False,True,88,14,14.666666666666666,172,11.727272727272728,20,151,0,5.333333333333334,0.0,3,7
14.5,14,5,94,Jaydev Unadkat,Rishabh Pant,0,False,1.0,32,Delhi,Feroz Shah Kotla,False,True,89,14,14.833333333333334,172,11.595505617977528,20,151,0,5.166666666666666,0.0,3,7
14.6,14,6,95,Jaydev Unadkat,Rishabh Pant,0,True,5.0,32,Delhi,Feroz Shah Kotla,False,True,90,14,15.0,172,11.466666666666667,20,151,0,5.0,0.0,4,6
15.1,15,1,96,Jofra Archer,Glenn Maxwell,1,False,-0.5,32,Delhi,Feroz Shah Kotla,False,True,91,15,15.166666666666666,173,11.406593406593407,20,151,0,4.833333333333334,0.0,4,6
15.2,15,2,97,Jofra Archer,Vijay Shankar,2,False,-1.0,32,Delhi,Feroz Shah Kotla,False,True,92,15,15.333333333333334,175,11.41304347826087,20,151,0,4.666666666666666,0.0,4,6
15.3,15,3,98,Jofra Archer,Vijay Shankar,6,False,-3.0,32,Delhi,Feroz Shah Kotla,False,True,93,15,15.5,181,11.67741935483871,20,151,0,4.5,0.0,4,6
15.4,15,4,99,Jofra Archer,Vijay Shankar,4,False,-2.0,32,Delhi,Feroz Shah Kotla,False,True,94,15,15.666666666666666,185,11.808510638297873,20,151,0,4.333333333333334,0.0,4,6
15.5,15,5,100,Jofra Archer,Vijay Shankar,1,False,-1.0,32,Delhi,Feroz Shah Kotla,True,False,94,15,15.666666666666666,186,11.872340425531915,20,151,0,4.333333333333334,0.0,4,6
15.5,15,5,101,Jofra Archer,Vijay Shankar,1,False,-0.5,32,Delhi,Feroz Shah Kotla,False,True,95,15,15.833333333333334,187,11.810526315789474,20,151,0,4.166666666666666,0.0,4,6
15.6,15,6,102,Jofra Archer,Glenn Maxwell,0,False,1.0,32,Delhi,Feroz Shah Kotla,False,True,96,15,16.0,187,11.6875,20,151,0,4.0,0.0,4,6
16.1,16,1,103,Jaydev Unadkat,Vijay Shankar,4,False,-2.0,32,Delhi,Feroz Shah Kotla,False,True,97,16,16.166666666666668,191,11.81443298969072,20,151,0,3.833333333333332,0.0,4,6
16.2,16,2,104,Jaydev Unadkat,Vijay Shankar,0,True,5.0,32,Delhi,Feroz Shah Kotla,False,True,98,16,16.333333333333332,191,11.693877551020408,20,151,0,3.666666666666668,0.0,5,5
16.3,16,3,105,Jaydev Unadkat,Glenn Maxwell,3,False,-1.5,32,Delhi,Feroz Shah Kotla,False,True,99,16,16.5,194,11.757575757575758,20,151,0,3.5,0.0,5,5
16.4,16,4,106,Jaydev Unadkat,Liam Plunkett,0,False,1.0,32,Delhi,Feroz Shah Kotla,False,True,100,16,16.666666666666668,194,11.639999999999999,20,151,0,3.333333333333332,0.0,5,5
16.5,16,5,107,Jaydev Unadkat,Liam Plunkett,1,False,-0.5,32,Delhi,Feroz Shah Kotla,False,True,101,16,16.833333333333332,195,11.584158415841586,20,151,0,3.166666666666668,0.0,5,5
16.6,16,6,108,Jaydev Unadkat,Glenn Maxwell,1,False,-0.5,32,Delhi,Feroz Shah Kotla,False,True,102,16,17.0,196,11.529411764705882,20,151,0,3.0,0.0,5,5
17.1,17,1,109,Jofra Archer,Glenn Maxwell,0,True,5.0,32,Delhi,Feroz Shah Kotla,False,True,103,17,17.166666666666668,196,11.417475728155338,20,151,0,2.833333333333332,0.0,6,4
