Ball Number,over,ball,Ball,bowler,batsman,Runs,is_wicket,bowler_score,match_id,city,stadium,is_extra,legal_delivery,legal_deliveries_count,overs_completed,overs_bowled,total_runs,current_run_rate,total_overs,target,runs_needed,overs_remaining,required_run_rate,wickets_fallen,wickets_in_hand
0.1,0,1,1,David Willey,Parthiv Patel,0,False,1.0,35,Pune,Maharashtra Cricket Association Stadium,False,True,1,0,0.16666666666666666,0,0.0,20,128,128,19.833333333333332,6.453781512605042,0,10
0.2,0,2,2,David Willey,Parthiv Patel,0,False,1.0,35,Pune,Maharashtra Cricket Association Stadium,False,True,2,0,0.3333333333333333,0,0.0,20,128,128,19.666666666666668,6.508474576271186,0,10
0.3,0,3,3,David Willey,Parthiv Patel,1,False,-0.5,35,Pune,Maharashtra Cricket Association Stadium,False,True,3,0,0.5,1,2.0,20,128,127,19.5,6.512820512820513,0,10
0.4,0,4,4,David Willey,Brendon McCullum,1,False,-0.5,35,Pune,Maharashtra Cricket Association Stadium,False,True,4,0,0.6666666666666666,2,3.0,20,128,126,19.333333333333332,6.517241379310345,0,10
0.5,0,5,5,David Willey,Parthiv Patel,1,False,-0.25,35,Pune,Maharashtra Cricket Association Stadium,False,True,5,0,0.8333333333333334,3,3.5999999999999996,20,128,125,19.166666666666668,6.521739130434782,0,10
0.6,0,6,6,David Willey,Brendon McCullum,4,False,-2.0,35,Pune,Maharashtra Cricket Association Stadium,False,True,6,0,1.0,7,7.0,20,128,121,19.0,6.368421052631579,0,10
1.1,1,1,7,Lungi Ngidi,Parthiv Patel,1,False,-0.5,35,Pune,Maharashtra Cricket Association Stadium,False,True,7,1,1.1666666666666667,8,6.857142857142857,20,128,120,18.833333333333332,6.371681415929204,0,10
1.2,1,2,8,Lungi Ngidi,Brendon McCullum,1,False,-1.0,35,Pune,Maharashtra Cricket Association Stadium,True,False,7,1,1.1666666666666667,9,7.7142857142857135,20,128,119,18.833333333333332,6.318584070796461,0,10
1.2,1,2,9,Lungi Ngidi,Brendon McCullum,0,True,5.0,35,Pune,Maharashtra Cricket Association Stadium,False,True,8,1,1.3333333333333333,9,6.75,20,128,119,18.666666666666668,6.375,1,9
1.3,1,3,10,Lungi Ngidi,Parthiv Patel,0,False,1.0,35,Pune,Maharashtra Cricket Association Stadium,False,True,9,1,1.5,9,6.0,20,128,119,18.5,6.4324324324324325,1,9
1.4,1,4,11,Lungi Ngidi,Parthiv Patel,4,False,-2.0,35,Pune,Maharashtra Cricket Association Stadium,False,True,10,1,1.6666666666666665,13,7.800000000000001,20,128,115,18.333333333333332,6.272727272727273,1,9
1.5,1,5,12,Lungi Ngidi,Parthiv Patel,4,False,-2.0,35,Pune,Maharashtra Cricket Association Stadium,False,True,11,1,1.8333333333333335,17,9.272727272727272,20,128,111,18.166666666666668,6.110091743119265,1,9
1.6,1,6,13,Lungi Ngidi,Parthiv Patel,0,False,1.0,35,Pune,Maharashtra Cricket Association Stadium,False,True,12,1,2.0,17,8.5,20,128,111,18.0,6.166666666666667,1,9
2.1,2,1,14,David Willey,Virat Kohli,0,False,1.0,35,Pune,Maharashtra Cricket Association Stadium,False,True,13,2,2.1666666666666665,17,7.846153846153847,20,128,111,17.833333333333332,6.224299065420561,1,9
2.2,2,2,15,David Willey,Virat Kohli,1,False,-0.5,35,Pune,Maharashtra Cricket Association Stadium,False,True,14,2,2.3333333333333335,18,7.7142857142857135,20,128,110,17.666666666666668,6.226415094339623,1,9
2.3,2,3,16,David Willey,Parthiv Patel,1,False,-0.5,35,Pune,Maharashtra Cricket Association Stadium,False,True,15,2,2.5,19,7.6,20,128,109,17.5,6.228571428571429,1,9
2.4,2,4,17,David Willey,Virat Kohli,0,False,1.0,35,Pune,Maharashtra Cricket Association Stadium,False,True,16,2,2.6666666666666665,19,7.125,20,128,109,17.333333333333332,6.288461538461539,1,9
2.5,2,5,18,David Willey,Virat Kohli,1,False,-0.5,35,Pune,Maharashtra Cricket Association Stadium,False,True,17,2,2.8333333333333335,20,7.0588235294117645,20,128,108,17.166666666666668,6.29126213592233,1,9
2.6,2,6,19,David Willey,Parthiv Patel,6,False,-3.0,35,Pune,Maharashtra Cricket Association Stadium,False,True,18,2,3.0,26,8.666666666666666,20,128,102,17.0,6.0,1,9
3.1,3,1,20,Lungi Ngidi,Virat Kohli,1,False,-0.25,35,Pune,Maharashtra Cricket Association Stadium,False,True,19,3,3.1666666666666665,27,8.526315789473685,20,128,101,16.833333333333332,6.0,1,9
3.2,3,2,21,Lungi Ngidi,Parthiv Patel,0,False,1.0,35,Pune,Maharashtra Cricket Association Stadium,False,True,20,3,3.3333333333333335,27,8.1,20,128,101,16.666666666666668,6.06,1,9
3.3,3,3,22,Lungi Ngidi,Parthiv Patel,0,False,1.0,35,Pune,Maharashtra Cricket Association Stadium,False,True,21,3,3.5,27,7.714285714285714,20,128,101,16.5,6.121212121212121,1,9
3.4,3,4,23,Lungi Ngidi,Parthiv Patel,0,False,1.0,35,Pune,Maharashtra Cricket Association Stadium,False,True,22,3,3.6666666666666665,27,7.363636363636364,20,128,101,16.333333333333332,6.183673469387756,1,9
3.5,3,5,24,Lungi Ngidi,Parthiv Patel,1,False,-0.5,35,Pune,Maharashtra Cricket Association Stadium,False,True,23,3,3.8333333333333335,28,7.304347826086956,20,128,100,16.166666666666668,6.185567010309278,1,9
3.6,3,6,25,Lungi Ngidi,Virat Kohli,1,False,-0.5,35,Pune,Maharashtra Cricket Association Stadium,False,True,24,3,4.0,29,7.25,20,128,99,16.0,6.1875,1,9
4.1,4,1,26,Shardul Thakur,Virat Kohli,0,False,1.0,35,Pune,Maharashtra Cricket Association Stadium,False,True,25,4,4.166666666666667,29,6.959999999999999,20,128,99,15.833333333333332,6.252631578947369,1,9
4.2,4,2,27,Shardul Thakur,Virat Kohli,4,False,-2.0,35,Pune,Maharashtra Cricket Association Stadium,False,True,26,4,4.333333333333333,33,7.615384615384616,20,128,95,15.666666666666668,6.0638297872340425,1,9
4.3,4,3,28,Shardul Thakur,Virat Kohli,0,False,1.0,35,Pune,Maharashtra Cricket Association Stadium,False,True,27,4,4.5,33,7.333333333333333,20,128,95,15.5,6.129032258064516,1,9
4.4,4,4,29,Shardul Thakur,Virat Kohli,1,False,-0.5,35,Pune,Maharashtra Cricket Association Stadium,False,True,28,4,4.666666666666667,34,7.285714285714286,20,128,94,15.333333333333332,6.130434782608696,1,9
4.5,4,5,30,Shardul Thakur,Parthiv Patel,2,False,-1.0,35,Pune,Maharashtra Cricket Association Stadium,False,True,29,4,4.833333333333333,36,7.448275862068966,20,128,92,15.166666666666668,6.065934065934066,1,9
4.6,4,6,31,Shardul Thakur,Parthiv Patel,1,False,-0.5,35,Pune,Maharashtra Cricket Association Stadium,False,True,30,4,5.0,37,7.4,20,128,91,15.0,6.066666666666666,1,9
5.1,5,1,32,Lungi Ngidi,Parthiv Patel,0,False,1.0,35,Pune,Maharashtra Cricket Association Stadium,False,True,31,5,5.166666666666667,37,7.161290322580645,20,128,91,14.833333333333332,6.134831460674158,1,9
5.2,5,2,33,Lungi Ngidi,Parthiv Patel,6,False,-3.0,35,Pune,Maharashtra Cricket Association Stadium,False,True,32,5,5.333333333333333,43,8.0625,20,128,85,14.666666666666668,5.795454545454545,1,9
5.3,5,3,34,Lungi Ngidi,Parthiv Patel,0,False,1.0,35,Pune,Maharashtra Cricket Association Stadium,False,True,33,5,5.5,43,7.818181818181818,20,128,85,14.5,5.862068965517241,1,9
5.4,5,4,35,Lungi Ngidi,Parthiv Patel,0,False,1.0,35,Pune,Maharashtra Cricket Association Stadium,False,True,34,5,5.666666666666667,43,7.588235294117647,20,128,85,14.333333333333332,5.930232558139536,1,9
5.5,5,5,36,Lungi Ngidi,Parthiv Patel,0,False,1.0,35,Pune,Maharashtra Cricket Association Stadium,False,True,35,5,5.833333333333333,43,7.371428571428572,20,128,85,14.166666666666668,5.999999999999999,1,9
5.6,5,6,37,Lungi Ngidi,Parthiv Patel,4,False,-2.0,35,Pune,Maharashtra Cricket Association Stadium,False,True,36,5,6.0,47,7.833333333333333,20,128,81,14.0,5.785714285714286,1,9
6.1,6,1,38,Ravindra Jadeja,Virat Kohli,0,True,5.0,35,Pune,Maharashtra Cricket Association Stadium,False,True,37,6,6.166666666666667,47,7.621621621621621,20,128,81,13.833333333333332,5.855421686746989,2,8
6.2,6,2,39,Ravindra Jadeja,de Villiers,1,False,-0.5,35,Pune,Maharashtra Cricket Association Stadium,False,True,38,6,6.333333333333333,48,7.578947368421053,20,128,80,13.666666666666668,5.853658536585366,2,8
6.3,6,3,40,Ravindra Jadeja,Parthiv Patel,2,False,-1.0,35,Pune,Maharashtra Cricket Association Stadium,False,True,39,6,6.5,50,7.6923076923076925,20,128,78,13.5,5.777777777777778,2,8
6.4,6,4,41,Ravindra Jadeja,Parthiv Patel,1,False,-0.5,35,Pune,Maharashtra Cricket Association Stadium,False,True,40,6,6.666666666666667,51,7.6499999999999995,20,128,77,13.333333333333332,5.775,2,8
6.5,6,5,42,Ravindra Jadeja,de Villiers,0,False,1.0,35,Pune,Maharashtra Cricket Association Stadium,False,True,41,6,6.833333333333333,51,7.463414634146342,20,128,77,13.166666666666668,5.848101265822784,2,8
6.6,6,6,43,Ravindra Jadeja,de Villiers,0,False,1.0,35,Pune,Maharashtra Cricket Association Stadium,False,True,42,6,7.0,51,7.285714285714286,20,128,77,13.0,5.923076923076923,2,8
7.1,7,1,44,Harbhajan Singh,Parthiv Patel,4,False,-2.0,35,Pune,Maharashtra Cricket Association Stadium,False,True,43,7,7.166666666666667,55,7.674418604651162,20,128,73,12.833333333333332,5.688311688311689,2,8
7.2,7,2,45,Harbhajan Singh,Parthiv Patel,1,False,-0.5,35,Pune,Maharashtra Cricket Association Stadium,False,True,44,7,7.333333333333333,56,7.636363636363637,20,128,72,12.666666666666668,5.684210526315789,2,8
7.3,7,3,46,Harbhajan Singh,de Villiers,0,True,5.0,35,Pune,Maharashtra Cricket Association Stadium,False,True,45,7,7.5,56,7.466666666666667,20,128,72,12.5,5.76,3,7
7.4,7,4,47,Harbhajan Singh,Mandeep Singh,0,False,1.0,35,Pune,Maharashtra Cricket Association Stadium,False,True,46,7,7.666666666666667,56,7.304347826086956,20,128,72,12.333333333333332,5.837837837837839,3,7
7.5,7,5,48,Harbhajan Singh,Mandeep Singh,0,False,1.0,35,Pune,Maharashtra Cricket Association Stadium,False,True,47,7,7.833333333333333,56,7.1489361702127665,20,128,72,12.166666666666668,5.917808219178082,3,7
7.6,7,6,49,Harbhajan Singh,Mandeep Singh,1,False,-0.5,35,Pune,Maharashtra Cricket Association Stadium,False,True,48,7,8.0,57,7.125,20,128,71,12.0,5.916666666666667,3,7
8.1,8,1,50,Ravindra Jadeja,Mandeep Singh,1,False,-0.5,35,Pune,Maharashtra Cricket Association Stadium,False,True,49,8,8.166666666666666,58,7.102040816326531,20,128,70,11.833333333333334,5.915492957746479,3,7
8.2,8,2,51,Ravindra Jadeja,Parthiv Patel,1,False,-0.5,35,Pune,Maharashtra Cricket Association Stadium,False,True,50,8,8.333333333333334,59,7.079999999999999,20,128,69,11.666666666666666,5.914285714285715,3,7
8.3,8,3,52,Ravindra Jadeja,Mandeep Singh,0,False,1.0,35,Pune,Maharashtra Cricket Association Stadium,False,True,51,8,8.5,59,6.9411764705882355,20,128,69,11.5,6.0,3,7
8.4,8,4,53,Ravindra Jadeja,Mandeep Singh,0,False,1.0,35,Pune,Maharashtra Cricket Association Stadium,False,True,52,8,8.666666666666666,59,6.807692307692308,20,128,69,11.333333333333334,6.088235294117647,3,7
8.5,8,5,54,Ravindra Jadeja,Mandeep Singh,1,False,-0.5,35,Pune,Maharashtra Cricket Association Stadium,False,True,53,8,8.833333333333334,60,6.792452830188679,20,128,68,11.166666666666666,6.089552238805971,3,7
8.6,8,6,55,Ravindra Jadeja,Parthiv Patel,1,False,-0.5,35,Pune,Maharashtra Cricket Association Stadium,False,True,54,8,9.0,61,6.777777777777778,20,128,67,11.0,6.090909090909091,3,7
9.1,9,1,56,Harbhajan Singh,Parthiv Patel,4,False,-2.0,35,Pune,Maharashtra Cricket Association Stadium,False,True,55,9,9.166666666666666,65,7.090909090909092,20,128,63,10.833333333333334,5.815384615384615,3,7
9.2,9,2,57,Harbhajan Singh,Parthiv Patel,1,False,-0.5,35,Pune,Maharashtra Cricket Association Stadium,False,True,56,9,9.333333333333334,66,7.071428571428571,20,128,62,10.666666666666666,5.8125,3,7
9.3,9,3,58,Harbhajan Singh,Mandeep Singh,1,False,-0.5,35,Pune,Maharashtra Cricket Association Stadium,False,True,57,9,9.5,67,7.052631578947368,20,128,61,10.5,5.809523809523809,3,7
9.4,9,4,59,Harbhajan Singh,Parthiv Patel,1,False,-0.5,35,Pune,Maharashtra Cricket Association Stadium,False,True,58,9,9.666666666666666,68,7.03448275862069,20,128,60,10.333333333333334,5.806451612903225,3,7
9.5,9,5,60,Harbhajan Singh,Mandeep Singh,0,False,1.0,35,Pune,Maharashtra Cricket Association Stadium,False,True,59,9,9.833333333333334,68,6.915254237288135,20,128,60,10.166666666666666,5.901639344262295,3,7
9.6,9,6,61,Harbhajan Singh,Mandeep Singh,0,False,1.0,35,Pune,Maharashtra Cricket Association Stadium,False,True,60,9,10.0,68,6.8,20,128,60,10.0,6.0,3,7
10.1,10,1,62,Ravindra Jadeja,Parthiv Patel,1,False,-0.5,35,Pune,Maharashtra Cricket Association Stadium,False,True,61,10,10.166666666666666,69,6.786885245901639,20,128,59,9.833333333333334,6.0,3,7
10.2,10,2,63,Ravindra Jadeja,Mandeep Singh,1,False,-0.5,35,Pune,Maharashtra Cricket Association Stadium,False,True,62,10,10.333333333333334,70,6.774193548387096,20,128,58,9.666666666666666,6.0,3,7
10.3,10,3,64,Ravindra Jadeja,Parthiv Patel,0,False,1.0,35,Pune,Maharashtra Cricket Association Stadium,False,True,63,10,10.5,70,6.666666666666667,20,128,58,9.5,6.105263157894737,3,7
10.4,10,4,65,Ravindra Jadeja,Parthiv Patel,1,False,-0.5,35,Pune,Maharashtra Cricket Association Stadium,False,True,64,10,10.666666666666666,71,6.65625,20,128,57,9.333333333333334,6.107142857142857,3,7
10.5,10,5,66,Ravindra Jadeja,Mandeep Singh,2,False,-1.0,35,Pune,Maharashtra Cricket Association Stadium,False,True,65,10,10.833333333333334,73,6.7384615384615385,20,128,55,9.166666666666666,6.0,3,7
10.6,10,6,67,Ravindra Jadeja,Mandeep Singh,0,True,5.0,35,Pune,Maharashtra Cricket Association Stadium,False,True,66,10,11.0,73,6.636363636363637,20,128,55,9.0,6.111111111111111,4,6
11.1,11,1,68,Harbhajan Singh,Parthiv Patel,0,False,1.0,35,Pune,Maharashtra Cricket Association Stadium,False,True,67,11,11.166666666666666,73,6.537313432835822,20,128,55,8.833333333333334,6.226415094339623,4,6
11.2,11,2,69,Harbhajan Singh,Parthiv Patel,1,False,-0.5,35,Pune,Maharashtra Cricket Association Stadium,False,True,68,11,11.333333333333334,74,6.529411764705882,20,128,54,8.666666666666666,6.230769230769231,4,6
11.3,11,3,70,Harbhajan Singh,de Grandhomme,0,False,1.0,35,Pune,Maharashtra Cricket Association Stadium,False,True,69,11,11.5,74,6.434782608695652,20,128,54,8.5,6.352941176470588,4,6
11.4,11,4,71,Harbhajan Singh,de Grandhomme,1,False,-0.5,35,Pune,Maharashtra Cricket Association Stadium,False,True,70,11,11.666666666666666,75,6.428571428571429,20,128,53,8.333333333333334,6.359999999999999,4,6
11.5,11,5,72,Harbhajan Singh,Parthiv Patel,1,False,-0.5,35,Pune,Maharashtra Cricket Association Stadium,False,True,71,11,11.833333333333334,76,6.422535211267605,20,128,52,8.166666666666666,6.367346938775511,4,6
11.6,11,6,73,Harbhajan Singh,de Grandhomme,4,False,-2.0,35,Pune,Maharashtra Cricket Association Stadium,False,True,72,11,12.0,80,6.666666666666667,20,128,48,8.0,6.0,4,6
12.1,12,1,74,Ravindra Jadeja,Parthiv Patel,1,False,-0.5,35,Pune,Maharashtra Cricket Association Stadium,False,True,73,12,12.166666666666666,81,6.657534246575342,20,128,47,7.833333333333334,5.999999999999999,4,6
12.2,12,2,75,Ravindra Jadeja,de Grandhomme,1,False,-0.5,35,Pune,Maharashtra Cricket Association Stadium,False,True,74,12,12.333333333333334,82,6.648648648648648,20,128,46,7.666666666666666,6.000000000000001,4,6
12.3,12,3,76,Ravindra Jadeja,Parthiv Patel,1,False,-0.5,35,Pune,Maharashtra Cricket Association Stadium,False,True,75,12,12.5,83,6.64,20,128,45,7.5,6.0,4,6
12.4,12,4,77,Ravindra Jadeja,de Grandhomme,1,False,-0.5,35,Pune,Maharashtra Cricket Association Stadium,False,True,76,12,12.666666666666666,84,6.631578947368421,20,128,44,7.333333333333334,5.999999999999999,4,6
12.5,12,5,78,Ravindra Jadeja,Parthiv Patel,0,True,5.0,35,Pune,Maharashtra Cricket Association Stadium,False,True,77,12,12.833333333333334,84,6.545454545454545,20,128,44,7.166666666666666,6.1395348837209305,5,5
12.6,12,6,79,Ravindra Jadeja,M Ashwin,1,False,-0.5,35,Pune,Maharashtra Cricket Association Stadium,False,True,78,12,13.0,85,6.538461538461538,20,128,43,7.0,6.142857142857143,5,5
13.1,13,1,80,Harbhajan Singh,M Ashwin,0,True,5.0,35,Pune,Maharashtra Cricket Association Stadium,False,True,79,13,13.166666666666666,85,6.455696202531646,20,128,43,6.833333333333334,6.292682926829268,6,4
13.2,13,2,81,Harbhajan Singh,Tim Southee,0,False,1.0,35,Pune,Maharashtra Cricket Association Stadium,False,True,80,13,13.333333333333334,85,6.375,20,128,43,6.666666666666666,6.45,6,4
13.3,13,3,82,Harbhajan Singh,Tim Southee,0,False,1.0,35,Pune,Maharashtra Cricket Association Stadium,False,True,81,13,13.5,85,6.296296296296297,20,128,43,6.5,6.615384615384615,6,4
13.4,13,4,83,Harbhajan Singh,Tim Southee,1,False,-0.5,35,Pune,Maharashtra Cricket Association Stadium,False,True,82,13,13.666666666666666,86,6.2926829268292686,20,128,42,6.333333333333334,6.63157894736842,6,4
13.5,13,5,84,Harbhajan Singh,de Grandhomme,0,False,1.0,35,Pune,Maharashtra Cricket Association Stadium,False,True,83,13,13.833333333333334,86,6.216867469879518,20,128,42,6.166666666666666,6.810810810810811,6,4
13.6,13,6,85,Harbhajan Singh,de Grandhomme,1,False,-0.5,35,Pune,Maharashtra Cricket Association Stadium,False,True,84,13,14.0,87,6.214285714285714,20,128,41,6.0,6.833333333333333,6,4
14.1,14,1,86,David Willey,de Grandhomme,0,True,5.0,35,Pune,Maharashtra Cricket Association Stadium,False,True,85,14,14.166666666666666,87,6.141176470588236,20,128,41,5.833333333333334,7.028571428571428,7,3
14.2,14,2,87,David Willey,Tim Southee,1,False,-0.5,35,Pune,Maharashtra Cricket Association Stadium,False,True,86,14,14.333333333333334,88,6.13953488372093,20,128,40,5.666666666666666,7.058823529411765,7,3
14.3,14,3,88,David Willey,Umesh Yadav,0,False,1.0,35,Pune,Maharashtra Cricket Association Stadium,False,True,87,14,14.5,88,6.068965517241379,20,128,40,5.5,7.2727272727272725,7,3
14.4,14,4,89,David Willey,Umesh Yadav,0,False,1.0,35,Pune,Maharashtra Cricket Association Stadium,False,True,88,14,14.666666666666666,88,6.0,20,128,40,5.333333333333334,7.499999999999999,7,3
14.5,14,5,90,David Willey,Umesh Yadav,0,False,1.0,35,Pune,Maharashtra Cricket Association Stadium,False,True,89,14,14.833333333333334,88,5.932584269662921,20,128,40,5.166666666666666,7.741935483870969,7,3
14.6,14,6,91,David Willey,Umesh Yadav,1,False,-0.5,35,Pune,Maharashtra Cricket Association Stadium,False,True,90,14,15.0,89,5.933333333333334,20,128,39,5.0,7.8,7,3
15.1,15,1,92,Lungi Ngidi,Umesh Yadav,0,True,5.0,35,Pune,Maharashtra Cricket Association Stadium,False,True,91,15,15.166666666666666,89,5.868131868131869,20,128,39,4.833333333333334,8.068965517241379,8,2
15.2,15,2,93,Lungi Ngidi,Tim Southee,1,False,-0.5,35,Pune,Maharashtra Cricket Association Stadium,False,True,92,15,15.333333333333334,90,5.869565217391304,20,128,38,4.666666666666666,8.142857142857144,8,2
15.3,15,3,94,Lungi Ngidi,Mohammed Siraj,0,False,1.0,35,Pune,Maharashtra Cricket Association Stadium,False,True,93,15,15.5,90,5.806451612903226,20,128,38,4.5,8.444444444444445,8,2
15.4,15,4,95,Lungi Ngidi,Mohammed Siraj,0,False,1.0,35,Pune,Maharashtra Cricket Association Stadium,False,True,94,15,15.666666666666666,90,5.74468085106383,20,128,38,4.333333333333334,8.769230769230768,8,2
15.5,15,5,96,Lungi Ngidi,Mohammed Siraj,1,False,-0.25,35,Pune,Maharashtra Cricket Association Stadium,False,True,95,15,15.833333333333334,91,5.747368421052632,20,128,37,4.166666666666666,8.88,8,2
15.6,15,6,97,Lungi Ngidi,Tim Southee,1,False,-0.5,35,Pune,Maharashtra Cricket Association Stadium,False,True,96,15,16.0,92,5.75,20,128,36,4.0,9.0,8,2
16.1,16,1,98,David Willey,Tim Southee,0,False,1.0,35,Pune,Maharashtra Cricket Association Stadium,False,True,97,16,16.166666666666668,92,5.690721649484535,20,128,36,3.833333333333332,9.39130434782609,8,2
16.2,16,2,99,David Willey,Tim Southee,2,False,-1.0,35,Pune,Maharashtra Cricket Association Stadium,False,True,98,16,16.333333333333332,94,5.755102040816327,20,128,34,3.666666666666668,9.27272727272727,8,2
16.3,16,3,100,David Willey,Tim Southee,0,False,1.0,35,Pune,Maharashtra Cricket Association Stadium,False,True,99,16,16.5,94,5.696969696969697,20,128,34,3.5,9.714285714285714,8,2
16.4,16,4,101,David Willey,Tim Southee,4,False,-2.0,35,Pune,Maharashtra Cricket Association Stadium,False,True,100,16,16.666666666666668,98,5.88,20,128,30,3.333333333333332,9.000000000000004,8,2
16.5,16,5,102,David Willey,Tim Southee,0,False,1.0,35,Pune,Maharashtra Cricket Association Stadium,False,True,101,16,16.833333333333332,98,5.8217821782178225,20,128,30,3.166666666666668,9.473684210526311,8,2
16.6,16,6,103,David Willey,Tim Southee,1,False,-0.5,35,Pune,Maharashtra Cricket Association Stadium,False,True,102,16,17.0,99,5.823529411764706,20,128,29,3.0,9.666666666666666,8,2
17.1,17,1,104,Dwayne Bravo,Tim Southee,4,False,-2.0,35,Pune,Maharashtra Cricket Association Stadium,False,True,103,17,17.166666666666668,103,6.0,20,128,25,2.833333333333332,8.82352941176471,8,2
17.2,17,2,105,Dwayne Bravo,Tim Southee,1,False,-0.5,35,Pune,Maharashtra Cricket Association Stadium,False,True,104,17,17.333333333333332,104,6.0,20,128,24,2.666666666666668,8.999999999999996,8,2
17.3,17,3,106,Dwayne Bravo,Mohammed Siraj,1,False,-0.5,35,Pune,Maharashtra Cricket Association Stadium,False,True,105,17,17.5,105,6.0,20,128,23,2.5,9.2,8,2
17.4,17,4,107,Dwayne Bravo,Tim Southee,1,False,-0.5,35,Pune,Maharashtra Cricket Association Stadium,False,True,106,17,17.666666666666668,106,6.0,20,128,22,2.333333333333332,9.428571428571434,8,2
17.5,17,5,108,Dwayne Bravo,Mohammed Siraj,1,False,-0.5,35,Pune,Maharashtra Cricket Association Stadium,False,True,107,17,17.833333333333332,107,6.0,20,128,21,2.166666666666668,9.692307692307686,8,2
17.6,17,6,109,Dwayne Bravo,Tim Southee,5,False,-2.5,35,Pune,Maharashtra Cricket Association Stadium,False,True,108,17,18.0,112,6.222222222222222,20,128,16,2.0,8.0,8,2
18.1,18,1,110,Shardul Thakur,Tim Southee,0,False,1.0,35,Pune,Maharashtra Cricket Association Stadium,False,True,109,18,18.166666666666668,112,6.1651376146788985,20,128,16,1.8333333333333321,8.727272727272734,8,2
18.2,18,2,111,Shardul Thakur,Tim Southee,6,False,-3.0,35,Pune,Maharashtra Cricket Association Stadium,False,True,110,18,18.333333333333332,118,6.4363636363636365,20,128,10,1.6666666666666679,5.999999999999996,8,2
18.3,18,3,112,Shardul Thakur,Tim Southee,4,False,-2.0,35,Pune,Maharashtra Cricket Association Stadium,False,True,111,18,18.5,122,6.594594594594595,20,128,6,1.5,4.0,8,2
18.4,18,4,113,Shardul Thakur,Tim Southee,0,False,1.0,35,Pune,Maharashtra Cricket Association Stadium,False,True,112,18,18.666666666666668,122,6.535714285714286,20,128,6,1.3333333333333321,4.500000000000004,8,2
18.5,18,5,114,Shardul Thakur,Tim Southee,1,False,-0.5,35,Pune,Maharashtra Cricket Association Stadium,False,True,113,18,18.833333333333332,123,6.5309734513274345,20,128,5,1.1666666666666679,4.285714285714281,8,2
18.6,18,6,115,Shardul Thakur,Mohammed Siraj,0,False,1.0,35,Pune,Maharashtra Cricket Association Stadium,False,True,114,18,19.0,123,6.473684210526316,20,128,5,1.0,5.0,8,2
19.1,19,1,116,Dwayne Bravo,Tim Southee,0,False,1.0,35,Pune,Maharashtra Cricket Association Stadium,False,True,115,19,19.166666666666668,123,6.4173913043478255,20,128,5,0.8333333333333321,6.000000000000009,8,2
19.2,19,2,117,Dwayne Bravo,Tim Southee,0,False,1.0,35,Pune,Maharashtra Cricket Association Stadium,False,True,116,19,19.333333333333332,123,6.362068965517242,20,128,5,0.6666666666666679,7.499999999999987,8,2
19.3,19,3,118,Dwayne Bravo,Tim Southee,2,False,-1.0,35,Pune,Maharashtra Cricket Association Stadium,False,True,117,19,19.5,125,6.410256410256411,20,128,3,0.5,6.0,8,2
19.4,19,4,119,Dwayne Bravo,Tim Southee,0,False,1.0,35,Pune,Maharashtra Cricket Association Stadium,False,True,118,19,19.666666666666668,125,6.3559322033898304,20,128,3,0.33333333333333215,9.000000000000032,8,2
19.5,19,5,120,Dwayne Bravo,Tim Southee,1,False,-0.5,35,Pune,Maharashtra Cricket Association Stadium,False,True,119,19,19.833333333333332,126,6.352941176470589,20,128,2,0.16666666666666785,11.999999999999915,8,2
19.6,19,6,121,Dwayne Bravo,Mohammed Siraj,0,True,5.0,35,Pune,Maharashtra Cricket Association Stadium,False,True,120,19,20.0,126,6.3,20,128,2,0.0,inf,9,1
