Ball Number,over,ball,Ball,bowler,batsman,Runs,is_wicket,bowler_score,match_id,city,stadium,is_extra,legal_delivery,legal_deliveries_count,overs_completed,overs_bowled,total_runs,current_run_rate,total_overs,target,runs_needed,overs_remaining,required_run_rate,wickets_fallen,wickets_in_hand
0.1,0,1,1,Mitchell McClenaghan,Sunil Narine,4,False,-2.0,41,Kolkata,Eden Gardens,False,True,1,0,0.16666666666666666,4,24.0,20,211,207,19.833333333333332,10.436974789915967,0,10
0.2,0,2,2,Mitchell McClenaghan,Sunil Narine,0,True,5.0,41,Kolkata,Eden Gardens,False,True,2,0,0.3333333333333333,4,12.0,20,211,207,19.666666666666668,10.525423728813559,1,9
0.3,0,3,3,Mitchell McClenaghan,Chris Lynn,0,False,1.0,41,Kolkata,Eden Gardens,False,True,3,0,0.5,4,8.0,20,211,207,19.5,10.615384615384615,1,9
0.4,0,4,4,Mitchell McClenaghan,Chris Lynn,4,False,-2.0,41,Kolkata,Eden Gardens,False,True,4,0,0.6666666666666666,8,12.0,20,211,203,19.333333333333332,10.5,1,9
0.5,0,5,5,Mitchell McClenaghan,Chris Lynn,4,False,-2.0,41,Kolkata,Eden Gardens,False,True,5,0,0.8333333333333334,12,14.399999999999999,20,211,199,19.166666666666668,10.382608695652173,1,9
0.6,0,6,6,Mitchell McClenaghan,Chris Lynn,0,False,1.0,41,Kolkata,Eden Gardens,False,True,6,0,1.0,12,12.0,20,211,199,19.0,10.473684210526315,1,9
1.1,1,1,7,Krunal Pandya,Robin Uthappa,0,False,1.0,41,Kolkata,Eden Gardens,False,True,7,1,1.1666666666666667,12,10.285714285714285,20,211,199,18.833333333333332,10.56637168141593,1,9
1.2,1,2,8,Krunal Pandya,Robin Uthappa,0,False,1.0,41,Kolkata,Eden Gardens,False,True,8,1,1.3333333333333333,12,9.0,20,211,199,18.666666666666668,10.660714285714285,1,9
1.3,1,3,9,Krunal Pandya,Robin Uthappa,1,False,-0.5,41,Kolkata,Eden Gardens,False,True,9,1,1.5,13,8.666666666666666,20,211,198,18.5,10.702702702702704,1,9
1.4,1,4,10,Krunal Pandya,Chris Lynn,0,False,1.0,41,Kolkata,Eden Gardens,False,True,10,1,1.6666666666666665,13,7.800000000000001,20,211,198,18.333333333333332,10.8,1,9
1.5,1,5,11,Krunal Pandya,Chris Lynn,1,False,-0.5,41,Kolkata,Eden Gardens,False,True,11,1,1.8333333333333335,14,7.636363636363636,20,211,197,18.166666666666668,10.844036697247706,1,9
1.6,1,6,12,Krunal Pandya,Robin Uthappa,0,False,1.0,41,Kolkata,Eden Gardens,False,True,12,1,2.0,14,7.0,20,211,197,18.0,10.944444444444445,1,9
2.1,2,1,13,Mitchell McClenaghan,Chris Lynn,0,False,1.0,41,Kolkata,Eden Gardens,False,True,13,2,2.1666666666666665,14,6.461538461538462,20,211,197,17.833333333333332,11.046728971962617,1,9
2.2,2,2,14,Mitchell McClenaghan,Chris Lynn,0,False,1.0,41,Kolkata,Eden Gardens,False,True,14,2,2.3333333333333335,14,6.0,20,211,197,17.666666666666668,11.150943396226415,1,9
2.3,2,3,15,Mitchell McClenaghan,Chris Lynn,6,False,-3.0,41,Kolkata,Eden Gardens,False,True,15,2,2.5,20,8.0,20,211,191,17.5,10.914285714285715,1,9
2.4,2,4,16,Mitchell McClenaghan,Chris Lynn,4,False,-2.0,41,Kolkata,Eden Gardens,False,True,16,2,2.6666666666666665,24,9.0,20,211,187,17.333333333333332,10.788461538461538,1,9
2.5,2,5,17,Mitchell McClenaghan,Chris Lynn,0,False,1.0,41,Kolkata,Eden Gardens,False,True,17,2,2.8333333333333335,24,8.470588235294118,20,211,187,17.166666666666668,10.893203883495145,1,9
2.6,2,6,18,Mitchell McClenaghan,Chris Lynn,1,False,-0.5,41,Kolkata,Eden Gardens,False,True,18,2,3.0,25,8.333333333333334,20,211,186,17.0,10.941176470588236,1,9
3.1,3,1,19,Krunal Pandya,Chris Lynn,0,False,1.0,41,Kolkata,Eden Gardens,False,True,19,3,3.1666666666666665,25,7.894736842105264,20,211,186,16.833333333333332,11.04950495049505,1,9
3.2,3,2,20,Krunal Pandya,Chris Lynn,0,False,1.0,41,Kolkata,Eden Gardens,False,True,20,3,3.3333333333333335,25,7.5,20,211,186,16.666666666666668,11.159999999999998,1,9
3.3,3,3,21,Krunal Pandya,Chris Lynn,1,False,-0.5,41,Kolkata,Eden Gardens,False,True,21,3,3.5,26,7.428571428571429,20,211,185,16.5,11.212121212121213,1,9
3.4,3,4,22,Krunal Pandya,Robin Uthappa,0,False,1.0,41,Kolkata,Eden Gardens,False,True,22,3,3.6666666666666665,26,7.090909090909091,20,211,185,16.333333333333332,11.326530612244898,1,9
3.5,3,5,23,Krunal Pandya,Robin Uthappa,6,False,-3.0,41,Kolkata,Eden Gardens,False,True,23,3,3.8333333333333335,32,8.347826086956522,20,211,179,16.166666666666668,11.072164948453608,1,9
3.6,3,6,24,Krunal Pandya,Robin Uthappa,0,True,5.0,41,Kolkata,Eden Gardens,False,True,24,3,4.0,32,8.0,20,211,179,16.0,11.1875,2,8
4.1,4,1,25,Jasprit Bumrah,Nitish Rana,0,False,1.0,41,Kolkata,Eden Gardens,False,True,25,4,4.166666666666667,32,7.68,20,211,179,15.833333333333332,11.305263157894737,2,8
4.2,4,2,26,Jasprit Bumrah,Nitish Rana,0,False,1.0,41,Kolkata,Eden Gardens,False,True,26,4,4.333333333333333,32,7.384615384615385,20,211,179,15.666666666666668,11.425531914893616,2,8
4.3,4,3,27,Jasprit Bumrah,Nitish Rana,1,False,-0.5,41,Kolkata,Eden Gardens,False,True,27,4,4.5,33,7.333333333333333,20,211,178,15.5,11.483870967741936,2,8
4.4,4,4,28,Jasprit Bumrah,Robin Uthappa,6,False,-3.0,41,Kolkata,Eden Gardens,False,True,28,4,4.666666666666667,39,8.357142857142856,20,211,172,15.333333333333332,11.217391304347826,2,8
4.5,4,5,29,Jasprit Bumrah,Robin Uthappa,0,False,1.0,41,Kolkata,Eden Gardens,False,True,29,4,4.833333333333333,39,8.068965517241379,20,211,172,15.166666666666668,11.34065934065934,2,8
4.6,4,6,30,Jasprit Bumrah,Robin Uthappa,0,False,1.0,41,Kolkata,Eden Gardens,False,True,30,4,5.0,39,7.8,20,211,172,15.0,11.466666666666667,2,8
5.1,5,1,31,Hardik Pandya,Nitish Rana,4,False,-2.0,41,Kolkata,Eden Gardens,False,True,31,5,5.166666666666667,43,8.32258064516129,20,211,168,14.833333333333332,11.325842696629215,2,8
5.2,5,2,32,Hardik Pandya,Nitish Rana,0,False,1.0,41,Kolkata,Eden Gardens,False,True,32,5,5.333333333333333,43,8.0625,20,211,168,14.666666666666668,11.454545454545453,2,8
5.3,5,3,33,Hardik Pandya,Nitish Rana,4,False,-2.0,41,Kolkata,Eden Gardens,False,True,33,5,5.5,47,8.545454545454545,20,211,164,14.5,11.310344827586206,2,8
5.4,5,4,34,Hardik Pandya,Nitish Rana,0,False,1.0,41,Kolkata,Eden Gardens,False,True,34,5,5.666666666666667,47,8.294117647058822,20,211,164,14.333333333333332,11.44186046511628,2,8
5.5,5,5,35,Hardik Pandya,Nitish Rana,0,False,1.0,41,Kolkata,Eden Gardens,False,True,35,5,5.833333333333333,47,8.057142857142857,20,211,164,14.166666666666668,11.576470588235294,2,8
5.6,5,6,36,Hardik Pandya,Nitish Rana,0,False,1.0,41,Kolkata,Eden Gardens,False,True,36,5,6.0,47,7.833333333333333,20,211,164,14.0,11.714285714285714,2,8
6.1,6,1,37,Mayank Markande,Robin Uthappa,0,False,1.0,41,Kolkata,Eden Gardens,False,True,37,6,6.166666666666667,47,7.621621621621621,20,211,164,13.833333333333332,11.85542168674699,2,8
6.2,6,2,38,Mayank Markande,Robin Uthappa,1,False,-0.5,41,Kolkata,Eden Gardens,False,True,38,6,6.333333333333333,48,7.578947368421053,20,211,163,13.666666666666668,11.926829268292682,2,8
6.3,6,3,39,Mayank Markande,Nitish Rana,1,False,-0.5,41,Kolkata,Eden Gardens,False,True,39,6,6.5,49,7.538461538461538,20,211,162,13.5,12.0,2,8
6.4,6,4,40,Mayank Markande,Robin Uthappa,0,True,5.0,41,Kolkata,Eden Gardens,False,True,40,6,6.666666666666667,49,7.35,20,211,162,13.333333333333332,12.15,3,7
6.5,6,5,41,Mayank Markande,Andre Russell,1,False,-0.5,41,Kolkata,Eden Gardens,False,True,41,6,6.833333333333333,50,7.317073170731708,20,211,161,13.166666666666668,12.227848101265822,3,7
6.6,6,6,42,Mayank Markande,Nitish Rana,1,False,-0.5,41,Kolkata,Eden Gardens,False,True,42,6,7.0,51,7.285714285714286,20,211,160,13.0,12.307692307692308,3,7
7.1,7,1,43,Hardik Pandya,Nitish Rana,0,False,1.0,41,Kolkata,Eden Gardens,False,True,43,7,7.166666666666667,51,7.116279069767441,20,211,160,12.833333333333332,12.467532467532468,3,7
7.2,7,2,44,Hardik Pandya,Nitish Rana,1,False,-0.5,41,Kolkata,Eden Gardens,False,True,44,7,7.333333333333333,52,7.090909090909091,20,211,159,12.666666666666668,12.552631578947366,3,7
7.3,7,3,45,Hardik Pandya,Andre Russell,1,False,-0.5,41,Kolkata,Eden Gardens,False,True,45,7,7.5,53,7.066666666666666,20,211,158,12.5,12.64,3,7
7.4,7,4,46,Hardik Pandya,Nitish Rana,1,False,-0.5,41,Kolkata,Eden Gardens,False,True,46,7,7.666666666666667,54,7.0434782608695645,20,211,157,12.333333333333332,12.729729729729732,3,7
7.5,7,5,47,Hardik Pandya,Andre Russell,0,False,1.0,41,Kolkata,Eden Gardens,False,True,47,7,7.833333333333333,54,6.893617021276596,20,211,157,12.166666666666668,12.904109589041095,3,7
7.6,7,6,48,Hardik Pandya,Andre Russell,0,True,5.0,41,Kolkata,Eden Gardens,False,True,48,7,8.0,54,6.75,20,211,157,12.0,13.083333333333334,4,6
8.1,8,1,49,Mayank Markande,Nitish Rana,1,False,-0.5,41,Kolkata,Eden Gardens,False,True,49,8,8.166666666666666,55,6.734693877551021,20,211,156,11.833333333333334,13.183098591549296,4,6
8.2,8,2,50,Mayank Markande,Dinesh Karthik,0,False,1.0,41,Kolkata,Eden Gardens,False,True,50,8,8.333333333333334,55,6.6,20,211,156,11.666666666666666,13.371428571428572,4,6
8.3,8,3,51,Mayank Markande,Dinesh Karthik,1,False,-0.5,41,Kolkata,Eden Gardens,False,True,51,8,8.5,56,6.588235294117647,20,211,155,11.5,13.478260869565217,4,6
8.4,8,4,52,Mayank Markande,Nitish Rana,6,False,-3.0,41,Kolkata,Eden Gardens,False,True,52,8,8.666666666666666,62,7.153846153846154,20,211,149,11.333333333333334,13.147058823529411,4,6
8.5,8,5,53,Mayank Markande,Nitish Rana,1,False,-0.5,41,Kolkata,Eden Gardens,False,True,53,8,8.833333333333334,63,7.132075471698113,20,211,148,11.166666666666666,13.253731343283583,4,6
8.6,8,6,54,Mayank Markande,Dinesh Karthik,4,False,-2.0,41,Kolkata,Eden Gardens,False,True,54,8,9.0,67,7.444444444444445,20,211,144,11.0,13.090909090909092,4,6
9.1,9,1,55,Hardik Pandya,Nitish Rana,0,True,5.0,41,Kolkata,Eden Gardens,False,True,55,9,9.166666666666666,67,7.3090909090909095,20,211,144,10.833333333333334,13.292307692307691,5,5
9.2,9,2,56,Hardik Pandya,Nitish Rana,0,True,5.0,41,Kolkata,Eden Gardens,False,True,56,9,9.333333333333334,67,7.178571428571428,20,211,144,10.666666666666666,13.5,6,4
9.3,9,3,57,Hardik Pandya,Rinku Singh,1,False,-0.5,41,Kolkata,Eden Gardens,False,True,57,9,9.5,68,7.157894736842105,20,211,143,10.5,13.619047619047619,6,4
9.4,9,4,58,Hardik Pandya,Tom Curran,0,False,1.0,41,Kolkata,Eden Gardens,False,True,58,9,9.666666666666666,68,7.03448275862069,20,211,143,10.333333333333334,13.838709677419354,6,4
9.5,9,5,59,Hardik Pandya,Tom Curran,0,False,1.0,41,Kolkata,Eden Gardens,False,True,59,9,9.833333333333334,68,6.915254237288135,20,211,143,10.166666666666666,14.065573770491804,6,4
9.6,9,6,60,Hardik Pandya,Tom Curran,4,False,-2.0,41,Kolkata,Eden Gardens,False,True,60,9,10.0,72,7.2,20,211,139,10.0,13.9,6,4
10.1,10,1,61,Jasprit Bumrah,Rinku Singh,4,False,-2.0,41,Kolkata,Eden Gardens,False,True,61,10,10.166666666666666,76,7.475409836065574,20,211,135,9.833333333333334,13.728813559322033,6,4
10.2,10,2,62,Jasprit Bumrah,Rinku Singh,0,True,5.0,41,Kolkata,Eden Gardens,False,True,62,10,10.333333333333334,76,7.354838709677419,20,211,135,9.666666666666666,13.965517241379311,7,3
10.3,10,3,63,Jasprit Bumrah,Piyush Chawla,0,False,1.0,41,Kolkata,Eden Gardens,False,True,63,10,10.5,76,7.238095238095238,20,211,135,9.5,14.210526315789474,7,3
10.4,10,4,64,Jasprit Bumrah,Piyush Chawla,0,False,1.0,41,Kolkata,Eden Gardens,False,True,64,10,10.666666666666666,76,7.125,20,211,135,9.333333333333334,14.464285714285714,7,3
10.5,10,5,65,Jasprit Bumrah,Piyush Chawla,1,False,-0.5,41,Kolkata,Eden Gardens,False,True,65,10,10.833333333333334,77,7.107692307692307,20,211,134,9.166666666666666,14.618181818181819,7,3
10.6,10,6,66,Jasprit Bumrah,Tom Curran,0,False,1.0,41,Kolkata,Eden Gardens,False,True,66,10,11.0,77,7.0,20,211,134,9.0,14.88888888888889,7,3
11.1,11,1,67,Ben Cutting,Piyush Chawla,0,False,1.0,41,Kolkata,Eden Gardens,False,True,67,11,11.166666666666666,77,6.895522388059702,20,211,134,8.833333333333334,15.169811320754716,7,3
11.2,11,2,68,Ben Cutting,Piyush Chawla,0,False,1.0,41,Kolkata,Eden Gardens,False,True,68,11,11.333333333333334,77,6.794117647058823,20,211,134,8.666666666666666,15.461538461538463,7,3
11.3,11,3,69,Ben Cutting,Piyush Chawla,1,False,-0.5,41,Kolkata,Eden Gardens,False,True,69,11,11.5,78,6.782608695652174,20,211,133,8.5,15.647058823529411,7,3
11.4,11,4,70,Ben Cutting,Tom Curran,0,False,1.0,41,Kolkata,Eden Gardens,False,True,70,11,11.666666666666666,78,6.685714285714286,20,211,133,8.333333333333334,15.959999999999999,7,3
11.5,11,5,71,Ben Cutting,Tom Curran,4,False,-2.0,41,Kolkata,Eden Gardens,False,True,71,11,11.833333333333334,82,6.929577464788732,20,211,129,8.166666666666666,15.79591836734694,7,3
11.6,11,6,72,Ben Cutting,Tom Curran,0,False,1.0,41,Kolkata,Eden Gardens,False,True,72,11,12.0,82,6.833333333333333,20,211,129,8.0,16.125,7,3
12.1,12,1,73,Jasprit Bumrah,Piyush Chawla,2,False,-1.0,41,Kolkata,Eden Gardens,False,True,73,12,12.166666666666666,84,6.904109589041096,20,211,127,7.833333333333334,16.21276595744681,7,3
12.2,12,2,74,Jasprit Bumrah,Piyush Chawla,0,False,1.0,41,Kolkata,Eden Gardens,False,True,74,12,12.333333333333334,84,6.8108108108108105,20,211,127,7.666666666666666,16.565217391304348,7,3
12.3,12,3,75,Jasprit Bumrah,Piyush Chawla,1,False,-0.5,41,Kolkata,Eden Gardens,False,True,75,12,12.5,85,6.8,20,211,126,7.5,16.8,7,3
12.4,12,4,76,Jasprit Bumrah,Tom Curran,0,False,1.0,41,Kolkata,Eden Gardens,False,True,76,12,12.666666666666666,85,6.710526315789474,20,211,126,7.333333333333334,17.18181818181818,7,3
12.5,12,5,77,Jasprit Bumrah,Tom Curran,1,False,-0.5,41,Kolkata,Eden Gardens,False,True,77,12,12.833333333333334,86,6.701298701298701,20,211,125,7.166666666666666,17.44186046511628,7,3
12.6,12,6,78,Jasprit Bumrah,Piyush Chawla,1,False,-0.5,41,Kolkata,Eden Gardens,False,True,78,12,13.0,87,6.6923076923076925,20,211,124,7.0,17.714285714285715,7,3
13.1,13,1,79,Ben Cutting,Piyush Chawla,1,False,-0.5,41,Kolkata,Eden Gardens,False,True,79,13,13.166666666666666,88,6.6835443037974684,20,211,123,6.833333333333334,18.0,7,3
13.2,13,2,80,Ben Cutting,Tom Curran,0,False,1.0,41,Kolkata,Eden Gardens,False,True,80,13,13.333333333333334,88,6.6,20,211,123,6.666666666666666,18.450000000000003,7,3
13.3,13,3,81,Ben Cutting,Tom Curran,1,False,-0.5,41,Kolkata,Eden Gardens,False,True,81,13,13.5,89,6.592592592592593,20,211,122,6.5,18.76923076923077,7,3
13.4,13,4,82,Ben Cutting,Piyush Chawla,4,False,-2.0,41,Kolkata,Eden Gardens,False,True,82,13,13.666666666666666,93,6.8048780487804885,20,211,118,6.333333333333334,18.631578947368418,7,3
13.5,13,5,83,Ben Cutting,Piyush Chawla,0,True,5.0,41,Kolkata,Eden Gardens,False,True,83,13,13.833333333333334,93,6.72289156626506,20,211,118,6.166666666666666,19.135135135135137,8,2
13.6,13,6,84,Ben Cutting,Tom Curran,1,False,-0.5,41,Kolkata,Eden Gardens,False,True,84,13,14.0,94,6.714285714285714,20,211,117,6.0,19.5,8,2
14.1,14,1,85,Mitchell McClenaghan,Tom Curran,1,False,-0.5,41,Kolkata,Eden Gardens,False,True,85,14,14.166666666666666,95,6.705882352941177,20,211,116,5.833333333333334,19.885714285714283,8,2
14.2,14,2,86,Mitchell McClenaghan,Kuldeep Yadav,0,False,1.0,41,Kolkata,Eden Gardens,False,True,86,14,14.333333333333334,95,6.627906976744185,20,211,116,5.666666666666666,20.47058823529412,8,2
14.3,14,3,87,Mitchell McClenaghan,Kuldeep Yadav,0,False,1.0,41,Kolkata,Eden Gardens,False,True,87,14,14.5,95,6.551724137931035,20,211,116,5.5,21.09090909090909,8,2
14.4,14,4,88,Mitchell McClenaghan,Kuldeep Yadav,0,False,1.0,41,Kolkata,Eden Gardens,False,True,88,14,14.666666666666666,95,6.4772727272727275,20,211,116,5.333333333333334,21.749999999999996,8,2
14.5,14,5,89,Mitchell McClenaghan,Kuldeep Yadav,0,False,1.0,41,Kolkata,Eden Gardens,False,True,89,14,14.833333333333334,95,6.404494382022472,20,211,116,5.166666666666666,22.451612903225808,8,2
14.6,14,6,90,Mitchell McClenaghan,Kuldeep Yadav,0,False,1.0,41,Kolkata,Eden Gardens,False,True,90,14,15.0,95,6.333333333333333,20,211,116,5.0,23.2,8,2
15.1,15,1,91,Mayank Markande,Tom Curran,1,False,-0.5,41,Kolkata,Eden Gardens,False,True,91,15,15.166666666666666,96,6.32967032967033,20,211,115,4.833333333333334,23.793103448275858,8,2
15.2,15,2,92,Mayank Markande,Kuldeep Yadav,0,False,1.0,41,Kolkata,Eden Gardens,False,True,92,15,15.333333333333334,96,6.260869565217391,20,211,115,4.666666666666666,24.642857142857146,8,2
15.3,15,3,93,Mayank Markande,Kuldeep Yadav,2,False,-1.0,41,Kolkata,Eden Gardens,False,True,93,15,15.5,98,6.32258064516129,20,211,113,4.5,25.11111111111111,8,2
15.4,15,4,94,N/A,N/A,0,False,0.0,41,Kolkata,Eden Gardens,False,True,94,15,15.666666666666666,98,6.25531914893617,20,211,113,4.333333333333334,26.076923076923073,8,2
15.5,15,5,95,Mayank Markande,Kuldeep Yadav,1,False,-0.25,41,Kolkata,Eden Gardens,False,True,95,15,15.833333333333334,99,6.252631578947368,20,211,112,4.166666666666666,26.880000000000003,8,2
15.6,15,6,96,Mayank Markande,Tom Curran,4,False,-2.0,41,Kolkata,Eden Gardens,False,True,96,15,16.0,103,6.4375,20,211,108,4.0,27.0,8,2
16.1,16,1,97,Krunal Pandya,Kuldeep Yadav,0,False,1.0,41,Kolkata,Eden Gardens,False,True,97,16,16.166666666666668,103,6.371134020618556,20,211,108,3.833333333333332,28.17391304347827,8,2
16.2,16,2,98,Krunal Pandya,Kuldeep Yadav,1,False,-0.5,41,Kolkata,Eden Gardens,False,True,98,16,16.333333333333332,104,6.367346938775511,20,211,107,3.666666666666668,29.181818181818173,8,2
16.3,16,3,99,Krunal Pandya,Tom Curran,1,False,-0.5,41,Kolkata,Eden Gardens,False,True,99,16,16.5,105,6.363636363636363,20,211,106,3.5,30.285714285714285,8,2
16.4,16,4,100,Krunal Pandya,Kuldeep Yadav,1,False,-0.5,41,Kolkata,Eden Gardens,False,True,100,16,16.666666666666668,106,6.359999999999999,20,211,105,3.333333333333332,31.50000000000001,8,2
16.5,16,5,101,Krunal Pandya,Tom Curran,0,True,5.0,41,Kolkata,Eden Gardens,False,True,101,16,16.833333333333332,106,6.297029702970297,20,211,105,3.166666666666668,33.157894736842096,9,1
16.6,16,6,102,Krunal Pandya,Kuldeep Yadav,0,False,1.0,41,Kolkata,Eden Gardens,False,True,102,16,17.0,106,6.235294117647059,20,211,105,3.0,35.0,9,1
17.1,17,1,103,Mayank Markande,Prasidh Krishna,1,False,-0.5,41,Kolkata,Eden Gardens,False,True,103,17,17.166666666666668,107,6.233009708737864,20,211,104,2.833333333333332,36.705882352941195,9,1
17.2,17,2,104,Mayank Markande,Kuldeep Yadav,1,False,-0.5,41,Kolkata,Eden Gardens,False,True,104,17,17.333333333333332,108,6.230769230769231,20,211,103,2.666666666666668,38.624999999999986,9,1
17.3,17,3,105,Mayank Markande,Prasidh Krishna,0,False,1.0,41,Kolkata,Eden Gardens,False,True,105,17,17.5,108,6.171428571428572,20,211,103,2.5,41.2,9,1
17.4,17,4,106,Mayank Markande,Prasidh Krishna,0,False,1.0,41,Kolkata,Eden Gardens,False,True,106,17,17.666666666666668,108,6.113207547169811,20,211,103,2.333333333333332,44.14285714285717,9,1
17.5,17,5,107,Mayank Markande,Prasidh Krishna,0,False,1.0,41,Kolkata,Eden Gardens,False,True,107,17,17.833333333333332,108,6.056074766355141,20,211,103,2.166666666666668,47.53846153846151,9,1
17.6,17,6,108,Mayank Markande,Prasidh Krishna,0,False,1.0,41,Kolkata,Eden Gardens,False,True,108,17,18.0,108,6.0,20,211,103,2.0,51.5,9,1
18.1,18,1,109,Krunal Pandya,Kuldeep Yadav,0,True,5.0,41,Kolkata,Eden Gardens,False,True,109,18,18.166666666666668,108,5.944954128440367,20,211,103,1.8333333333333321,56.181818181818215,10,0
