Ball Number,over,ball,Ball,bowler,batsman,Runs,is_wicket,bowler_score,match_id,city,stadium,is_extra,legal_delivery,legal_deliveries_count,overs_completed,overs_bowled,total_runs,current_run_rate,total_overs,target,runs_needed,overs_remaining,required_run_rate,wickets_fallen,wickets_in_hand
0.1,0,1,1,Sunil Narine,KL Rahul,1,False,-0.5,44,Indore,Holkar Cricket Stadium,False,True,1,0,0.16666666666666666,1,6.0,20,246,245,19.833333333333332,12.352941176470589,0,10
0.2,0,2,2,Sunil Narine,Chris Gayle,1,False,-0.5,44,Indore,Holkar Cricket Stadium,False,True,2,0,0.3333333333333333,2,6.0,20,246,244,19.666666666666668,12.406779661016948,0,10
0.3,0,3,3,Sunil Narine,KL Rahul,6,False,-3.0,44,Indore,Holkar Cricket Stadium,False,True,3,0,0.5,8,16.0,20,246,238,19.5,12.205128205128204,0,10
0.4,0,4,4,Sunil Narine,KL Rahul,6,False,-3.0,44,Indore,Holkar Cricket Stadium,False,True,4,0,0.6666666666666666,14,21.0,20,246,232,19.333333333333332,12.0,0,10
0.5,0,5,5,Sunil Narine,KL Rahul,1,False,-0.5,44,Indore,Holkar Cricket Stadium,False,True,5,0,0.8333333333333334,15,18.0,20,246,231,19.166666666666668,12.052173913043477,0,10
0.6,0,6,6,Sunil Narine,Chris Gayle,0,False,1.0,44,Indore,Holkar Cricket Stadium,False,True,6,0,1.0,15,15.0,20,246,231,19.0,12.157894736842104,0,10
1.1,1,1,7,Prasidh Krishna,KL Rahul,4,False,-2.0,44,Indore,Holkar Cricket Stadium,False,True,7,1,1.1666666666666667,19,16.285714285714285,20,246,227,18.833333333333332,12.053097345132745,0,10
1.2,1,2,8,Prasidh Krishna,KL Rahul,0,False,1.0,44,Indore,Holkar Cricket Stadium,False,True,8,1,1.3333333333333333,19,14.25,20,246,227,18.666666666666668,12.160714285714285,0,10
1.3,1,3,9,Prasidh Krishna,KL Rahul,1,False,-0.5,44,Indore,Holkar Cricket Stadium,False,True,9,1,1.5,20,13.333333333333334,20,246,226,18.5,12.216216216216216,0,10
1.4,1,4,10,Prasidh Krishna,Chris Gayle,1,False,-0.5,44,Indore,Holkar Cricket Stadium,False,True,10,1,1.6666666666666665,21,12.600000000000001,20,246,225,18.333333333333332,12.272727272727273,0,10
1.5,1,5,11,Prasidh Krishna,KL Rahul,1,False,-0.5,44,Indore,Holkar Cricket Stadium,False,True,11,1,1.8333333333333335,22,11.999999999999998,20,246,224,18.166666666666668,12.330275229357797,0,10
1.6,1,6,12,Prasidh Krishna,Chris Gayle,1,False,-0.5,44,Indore,Holkar Cricket Stadium,False,True,12,1,2.0,23,11.5,20,246,223,18.0,12.38888888888889,0,10
2.1,2,1,13,JPR Scantlebury-Searles,Chris Gayle,1,False,-0.5,44,Indore,Holkar Cricket Stadium,False,True,13,2,2.1666666666666665,24,11.076923076923078,20,246,222,17.833333333333332,12.448598130841122,0,10
2.2,2,2,14,JPR Scantlebury-Searles,KL Rahul,1,False,-1.0,44,Indore,Holkar Cricket Stadium,True,False,13,2,2.1666666666666665,25,11.53846153846154,20,246,221,17.833333333333332,12.392523364485982,0,10
2.2,2,2,15,JPR Scantlebury-Searles,KL Rahul,4,False,-2.0,44,Indore,Holkar Cricket Stadium,False,True,14,2,2.3333333333333335,29,12.428571428571427,20,246,217,17.666666666666668,12.283018867924527,0,10
2.3,2,3,16,JPR Scantlebury-Searles,KL Rahul,1,False,-0.5,44,Indore,Holkar Cricket Stadium,False,True,15,2,2.5,30,12.0,20,246,216,17.5,12.342857142857143,0,10
2.4,2,4,17,JPR Scantlebury-Searles,Chris Gayle,4,False,-2.0,44,Indore,Holkar Cricket Stadium,False,True,16,2,2.6666666666666665,34,12.75,20,246,212,17.333333333333332,12.230769230769232,0,10
2.5,2,5,18,JPR Scantlebury-Searles,Chris Gayle,1,False,-0.5,44,Indore,Holkar Cricket Stadium,False,True,17,2,2.8333333333333335,35,12.352941176470587,20,246,211,17.166666666666668,12.291262135922329,0,10
2.6,2,6,19,JPR Scantlebury-Searles,KL Rahul,1,False,-0.5,44,Indore,Holkar Cricket Stadium,False,True,18,2,3.0,36,12.0,20,246,210,17.0,12.352941176470589,0,10
3.1,3,1,20,Andre Russell,KL Rahul,1,False,-0.5,44,Indore,Holkar Cricket Stadium,False,True,19,3,3.1666666666666665,37,11.68421052631579,20,246,209,16.833333333333332,12.415841584158416,0,10
3.2,3,2,21,Andre Russell,Chris Gayle,4,False,-2.0,44,Indore,Holkar Cricket Stadium,False,True,20,3,3.3333333333333335,41,12.299999999999999,20,246,205,16.666666666666668,12.299999999999999,0,10
3.3,3,3,22,Andre Russell,Chris Gayle,1,False,-0.5,44,Indore,Holkar Cricket Stadium,False,True,21,3,3.5,42,12.0,20,246,204,16.5,12.363636363636363,0,10
3.4,3,4,23,Andre Russell,KL Rahul,1,False,-0.5,44,Indore,Holkar Cricket Stadium,False,True,22,3,3.6666666666666665,43,11.727272727272728,20,246,203,16.333333333333332,12.428571428571429,0,10
3.5,3,5,24,Andre Russell,Chris Gayle,0,False,1.0,44,Indore,Holkar Cricket Stadium,False,True,23,3,3.8333333333333335,43,11.217391304347826,20,246,203,16.166666666666668,12.556701030927835,0,10
3.6,3,6,25,Andre Russell,Chris Gayle,0,False,1.0,44,Indore,Holkar Cricket Stadium,False,True,24,3,4.0,43,10.75,20,246,203,16.0,12.6875,0,10
4.1,4,1,26,Prasidh Krishna,KL Rahul,6,False,-3.0,44,Indore,Holkar Cricket Stadium,False,True,25,4,4.166666666666667,49,11.76,20,246,197,15.833333333333332,12.442105263157895,0,10
4.2,4,2,27,Prasidh Krishna,KL Rahul,0,False,1.0,44,Indore,Holkar Cricket Stadium,False,True,26,4,4.333333333333333,49,11.307692307692308,20,246,197,15.666666666666668,12.574468085106382,0,10
4.3,4,3,28,Prasidh Krishna,KL Rahul,0,False,1.0,44,Indore,Holkar Cricket Stadium,False,True,27,4,4.5,49,10.88888888888889,20,246,197,15.5,12.709677419354838,0,10
4.4,4,4,29,Prasidh Krishna,KL Rahul,1,False,-0.5,44,Indore,Holkar Cricket Stadium,False,True,28,4,4.666666666666667,50,10.714285714285714,20,246,196,15.333333333333332,12.782608695652176,0,10
4.5,4,5,30,Prasidh Krishna,Chris Gayle,0,False,1.0,44,Indore,Holkar Cricket Stadium,False,True,29,4,4.833333333333333,50,10.344827586206897,20,246,196,15.166666666666668,12.923076923076922,0,10
4.6,4,6,31,Prasidh Krishna,Chris Gayle,1,False,-0.5,44,Indore,Holkar Cricket Stadium,False,True,30,4,5.0,51,10.2,20,246,195,15.0,13.0,0,10
5.1,5,1,32,Andre Russell,Chris Gayle,6,False,-3.0,44,Indore,Holkar Cricket Stadium,False,True,31,5,5.166666666666667,57,11.032258064516128,20,246,189,14.833333333333332,12.741573033707866,0,10
5.2,5,2,33,Andre Russell,Chris Gayle,0,False,1.0,44,Indore,Holkar Cricket Stadium,False,True,32,5,5.333333333333333,57,10.6875,20,246,189,14.666666666666668,12.886363636363635,0,10
5.3,5,3,34,Andre Russell,Chris Gayle,0,False,1.0,44,Indore,Holkar Cricket Stadium,False,True,33,5,5.5,57,10.363636363636363,20,246,189,14.5,13.03448275862069,0,10
5.4,5,4,35,Andre Russell,Chris Gayle,0,True,5.0,44,Indore,Holkar Cricket Stadium,False,True,34,5,5.666666666666667,57,10.058823529411764,20,246,189,14.333333333333332,13.186046511627907,1,9
5.5,5,5,36,Andre Russell,Agarwal,0,True,5.0,44,Indore,Holkar Cricket Stadium,False,True,35,5,5.833333333333333,57,9.771428571428572,20,246,189,14.166666666666668,13.341176470588234,2,8
5.6,5,6,37,Andre Russell,KL Rahul,1,False,-0.5,44,Indore,Holkar Cricket Stadium,False,True,36,5,6.0,58,9.666666666666666,20,246,188,14.0,13.428571428571429,2,8
6.1,6,1,38,JPR Scantlebury-Searles,KL Rahul,1,False,-0.5,44,Indore,Holkar Cricket Stadium,False,True,37,6,6.166666666666667,59,9.567567567567567,20,246,187,13.833333333333332,13.518072289156628,2,8
6.2,6,2,39,JPR Scantlebury-Searles,Karun Nair,0,False,1.0,44,Indore,Holkar Cricket Stadium,False,True,38,6,6.333333333333333,59,9.31578947368421,20,246,187,13.666666666666668,13.682926829268292,2,8
6.3,6,3,40,JPR Scantlebury-Searles,Karun Nair,1,False,-0.5,44,Indore,Holkar Cricket Stadium,False,True,39,6,6.5,60,9.23076923076923,20,246,186,13.5,13.777777777777779,2,8
6.4,6,4,41,JPR Scantlebury-Searles,KL Rahul,1,False,-1.0,44,Indore,Holkar Cricket Stadium,True,False,39,6,6.5,61,9.384615384615385,20,246,185,13.5,13.703703703703704,2,8
6.4,6,4,42,JPR Scantlebury-Searles,KL Rahul,6,False,-3.0,44,Indore,Holkar Cricket Stadium,False,True,40,6,6.666666666666667,67,10.049999999999999,20,246,179,13.333333333333332,13.425,2,8
6.5,6,5,43,JPR Scantlebury-Searles,KL Rahul,1,False,-0.5,44,Indore,Holkar Cricket Stadium,False,True,41,6,6.833333333333333,68,9.951219512195122,20,246,178,13.166666666666668,13.518987341772151,2,8
6.6,6,6,44,JPR Scantlebury-Searles,Karun Nair,1,False,-0.5,44,Indore,Holkar Cricket Stadium,False,True,42,6,7.0,69,9.857142857142858,20,246,177,13.0,13.615384615384615,2,8
7.1,7,1,45,Andre Russell,Karun Nair,1,False,-0.5,44,Indore,Holkar Cricket Stadium,False,True,43,7,7.166666666666667,70,9.767441860465116,20,246,176,12.833333333333332,13.714285714285715,2,8
7.2,7,2,46,Andre Russell,KL Rahul,6,False,-3.0,44,Indore,Holkar Cricket Stadium,False,True,44,7,7.333333333333333,76,10.363636363636363,20,246,170,12.666666666666668,13.421052631578947,2,8
7.3,7,3,47,Andre Russell,KL Rahul,2,False,-1.0,44,Indore,Holkar Cricket Stadium,False,True,45,7,7.5,78,10.4,20,246,168,12.5,13.44,2,8
7.4,7,4,48,Andre Russell,KL Rahul,1,False,-0.5,44,Indore,Holkar Cricket Stadium,False,True,46,7,7.666666666666667,79,10.304347826086957,20,246,167,12.333333333333332,13.540540540540542,2,8
7.5,7,5,49,Andre Russell,Karun Nair,0,False,1.0,44,Indore,Holkar Cricket Stadium,False,True,47,7,7.833333333333333,79,10.085106382978724,20,246,167,12.166666666666668,13.726027397260273,2,8
7.6,7,6,50,Andre Russell,Karun Nair,0,True,5.0,44,Indore,Holkar Cricket Stadium,False,True,48,7,8.0,79,9.875,20,246,167,12.0,13.916666666666666,3,7
8.1,8,1,51,Sunil Narine,KL Rahul,6,False,-3.0,44,Indore,Holkar Cricket Stadium,False,True,49,8,8.166666666666666,85,10.408163265306124,20,246,161,11.833333333333334,13.6056338028169,3,7
8.2,8,2,52,Sunil Narine,KL Rahul,0,False,1.0,44,Indore,Holkar Cricket Stadium,False,True,50,8,8.333333333333334,85,10.2,20,246,161,11.666666666666666,13.8,3,7
8.3,8,3,53,Sunil Narine,KL Rahul,6,False,-3.0,44,Indore,Holkar Cricket Stadium,False,True,51,8,8.5,91,10.705882352941176,20,246,155,11.5,13.478260869565217,3,7
8.4,8,4,54,Sunil Narine,KL Rahul,1,False,-0.5,44,Indore,Holkar Cricket Stadium,False,True,52,8,8.666666666666666,92,10.615384615384617,20,246,154,11.333333333333334,13.588235294117647,3,7
8.5,8,5,55,Sunil Narine,Aaron Finch,1,False,-0.5,44,Indore,Holkar Cricket Stadium,False,True,53,8,8.833333333333334,93,10.528301886792452,20,246,153,11.166666666666666,13.701492537313433,3,7
8.6,8,6,56,Sunil Narine,KL Rahul,0,True,5.0,44,Indore,Holkar Cricket Stadium,False,True,54,8,9.0,93,10.333333333333334,20,246,153,11.0,13.909090909090908,4,6
9.1,9,1,57,JPR Scantlebury-Searles,Aaron Finch,1,False,-0.5,44,Indore,Holkar Cricket Stadium,False,True,55,9,9.166666666666666,94,10.254545454545456,20,246,152,10.833333333333334,14.03076923076923,4,6
9.2,9,2,58,JPR Scantlebury-Searles,Axar Patel,0,False,1.0,44,Indore,Holkar Cricket Stadium,False,True,56,9,9.333333333333334,94,10.071428571428571,20,246,152,10.666666666666666,14.25,4,6
9.3,9,3,59,JPR Scantlebury-Searles,Axar Patel,1,False,-0.5,44,Indore,Holkar Cricket Stadium,False,True,57,9,9.5,95,10.0,20,246,151,10.5,14.380952380952381,4,6
9.4,9,4,60,JPR Scantlebury-Searles,Aaron Finch,1,False,-0.5,44,Indore,Holkar Cricket Stadium,False,True,58,9,9.666666666666666,96,9.931034482758621,20,246,150,10.333333333333334,14.516129032258064,4,6
9.5,9,5,61,JPR Scantlebury-Searles,Axar Patel,4,False,-2.0,44,Indore,Holkar Cricket Stadium,False,True,59,9,9.833333333333334,100,10.169491525423728,20,246,146,10.166666666666666,14.360655737704919,4,6
9.6,9,6,62,JPR Scantlebury-Searles,Axar Patel,1,False,-0.5,44,Indore,Holkar Cricket Stadium,False,True,60,9,10.0,101,10.1,20,246,145,10.0,14.5,4,6
10.1,10,1,63,Sunil Narine,Axar Patel,1,False,-0.5,44,Indore,Holkar Cricket Stadium,False,True,61,10,10.166666666666666,102,10.032786885245903,20,246,144,9.833333333333334,14.644067796610168,4,6
10.2,10,2,64,Sunil Narine,Aaron Finch,0,False,1.0,44,Indore,Holkar Cricket Stadium,False,True,62,10,10.333333333333334,102,9.870967741935484,20,246,144,9.666666666666666,14.896551724137932,4,6
10.3,10,3,65,Sunil Narine,Aaron Finch,1,False,-0.5,44,Indore,Holkar Cricket Stadium,False,True,63,10,10.5,103,9.80952380952381,20,246,143,9.5,15.052631578947368,4,6
10.4,10,4,66,Sunil Narine,Axar Patel,0,False,1.0,44,Indore,Holkar Cricket Stadium,False,True,64,10,10.666666666666666,103,9.65625,20,246,143,9.333333333333334,15.321428571428571,4,6
10.5,10,5,67,Sunil Narine,Axar Patel,1,False,-0.5,44,Indore,Holkar Cricket Stadium,False,True,65,10,10.833333333333334,104,9.6,20,246,142,9.166666666666666,15.490909090909092,4,6
10.6,10,6,68,Sunil Narine,Aaron Finch,1,False,-0.5,44,Indore,Holkar Cricket Stadium,False,True,66,10,11.0,105,9.545454545454545,20,246,141,9.0,15.666666666666666,4,6
11.1,11,1,69,Kuldeep Yadav,Aaron Finch,1,False,-0.5,44,Indore,Holkar Cricket Stadium,False,True,67,11,11.166666666666666,106,9.492537313432836,20,246,140,8.833333333333334,15.849056603773583,4,6
11.2,11,2,70,Kuldeep Yadav,Axar Patel,1,False,-0.5,44,Indore,Holkar Cricket Stadium,False,True,68,11,11.333333333333334,107,9.441176470588236,20,246,139,8.666666666666666,16.03846153846154,4,6
11.3,11,3,71,Kuldeep Yadav,Aaron Finch,1,False,-0.5,44,Indore,Holkar Cricket Stadium,False,True,69,11,11.5,108,9.391304347826088,20,246,138,8.5,16.235294117647058,4,6
11.4,11,4,72,Kuldeep Yadav,Axar Patel,4,False,-2.0,44,Indore,Holkar Cricket Stadium,False,True,70,11,11.666666666666666,112,9.6,20,246,134,8.333333333333334,16.08,4,6
11.5,11,5,73,Kuldeep Yadav,Axar Patel,6,False,-3.0,44,Indore,Holkar Cricket Stadium,False,True,71,11,11.833333333333334,118,9.971830985915492,20,246,128,8.166666666666666,15.673469387755103,4,6
11.6,11,6,74,Kuldeep Yadav,Axar Patel,1,False,-1.0,44,Indore,Holkar Cricket Stadium,True,False,71,11,11.833333333333334,119,10.056338028169014,20,246,127,8.166666666666666,15.551020408163266,4,6
11.6,11,6,75,Kuldeep Yadav,Axar Patel,0,True,5.0,44,Indore,Holkar Cricket Stadium,False,True,72,11,12.0,119,9.916666666666666,20,246,127,8.0,15.875,5,5
12.1,12,1,76,Piyush Chawla,Aaron Finch,2,False,-1.0,44,Indore,Holkar Cricket Stadium,False,True,73,12,12.166666666666666,121,9.945205479452055,20,246,125,7.833333333333334,15.957446808510637,5,5
12.2,12,2,77,Piyush Chawla,Aaron Finch,1,False,-0.5,44,Indore,Holkar Cricket Stadium,False,True,74,12,12.333333333333334,122,9.891891891891891,20,246,124,7.666666666666666,16.17391304347826,5,5
12.3,12,3,78,Piyush Chawla,Ravichandran Ashwin,1,False,-0.5,44,Indore,Holkar Cricket Stadium,False,True,75,12,12.5,123,9.84,20,246,123,7.5,16.4,5,5
12.4,12,4,79,Piyush Chawla,Aaron Finch,1,False,-0.5,44,Indore,Holkar Cricket Stadium,False,True,76,12,12.666666666666666,124,9.789473684210527,20,246,122,7.333333333333334,16.636363636363637,5,5
12.5,12,5,80,Piyush Chawla,Ravichandran Ashwin,1,False,-0.5,44,Indore,Holkar Cricket Stadium,False,True,77,12,12.833333333333334,125,9.74025974025974,20,246,121,7.166666666666666,16.88372093023256,5,5
12.6,12,6,81,Piyush Chawla,Aaron Finch,1,False,-0.5,44,Indore,Holkar Cricket Stadium,False,True,78,12,13.0,126,9.692307692307692,20,246,120,7.0,17.142857142857142,5,5
13.1,13,1,82,Kuldeep Yadav,Aaron Finch,6,False,-3.0,44,Indore,Holkar Cricket Stadium,False,True,79,13,13.166666666666666,132,10.025316455696203,20,246,114,6.833333333333334,16.68292682926829,5,5
13.2,13,2,83,Kuldeep Yadav,Aaron Finch,6,False,-3.0,44,Indore,Holkar Cricket Stadium,False,True,80,13,13.333333333333334,138,10.35,20,246,108,6.666666666666666,16.200000000000003,5,5
13.3,13,3,84,Kuldeep Yadav,Aaron Finch,1,False,-0.5,44,Indore,Holkar Cricket Stadium,False,True,81,13,13.5,139,10.296296296296296,20,246,107,6.5,16.46153846153846,5,5
13.4,13,4,85,Kuldeep Yadav,Ravichandran Ashwin,0,False,1.0,44,Indore,Holkar Cricket Stadium,False,True,82,13,13.666666666666666,139,10.170731707317074,20,246,107,6.333333333333334,16.89473684210526,5,5
13.5,13,5,86,Kuldeep Yadav,Ravichandran Ashwin,1,False,-0.5,44,Indore,Holkar Cricket Stadium,False,True,83,13,13.833333333333334,140,10.120481927710843,20,246,106,6.166666666666666,17.18918918918919,5,5
13.6,13,6,87,Kuldeep Yadav,Aaron Finch,1,False,-0.5,44,Indore,Holkar Cricket Stadium,False,True,84,13,14.0,141,10.071428571428571,20,246,105,6.0,17.5,5,5
14.1,14,1,88,Piyush Chawla,Aaron Finch,1,False,-0.5,44,Indore,Holkar Cricket Stadium,False,True,85,14,14.166666666666666,142,10.023529411764706,20,246,104,5.833333333333334,17.828571428571426,5,5
14.2,14,2,89,Piyush Chawla,Ravichandran Ashwin,0,False,1.0,44,Indore,Holkar Cricket Stadium,False,True,86,14,14.333333333333334,142,9.906976744186046,20,246,104,5.666666666666666,18.35294117647059,5,5
14.3,14,3,90,Piyush Chawla,Ravichandran Ashwin,4,False,-2.0,44,Indore,Holkar Cricket Stadium,False,True,87,14,14.5,146,10.068965517241379,20,246,100,5.5,18.181818181818183,5,5
14.4,14,4,91,Piyush Chawla,Ravichandran Ashwin,2,False,-1.0,44,Indore,Holkar Cricket Stadium,False,True,88,14,14.666666666666666,148,10.090909090909092,20,246,98,5.333333333333334,18.374999999999996,5,5
14.5,14,5,92,Piyush Chawla,Ravichandran Ashwin,1,False,-0.5,44,Indore,Holkar Cricket Stadium,False,True,89,14,14.833333333333334,149,10.044943820224718,20,246,97,5.166666666666666,18.7741935483871,5,5
14.6,14,6,93,Piyush Chawla,Aaron Finch,1,False,-0.5,44,Indore,Holkar Cricket Stadium,False,True,90,14,15.0,150,10.0,20,246,96,5.0,19.2,5,5
15.1,15,1,94,JPR Scantlebury-Searles,Aaron Finch,6,False,-3.0,44,Indore,Holkar Cricket Stadium,False,True,91,15,15.166666666666666,156,10.285714285714286,20,246,90,4.833333333333334,18.620689655172413,5,5
15.2,15,2,95,JPR Scantlebury-Searles,Aaron Finch,0,True,5.0,44,Indore,Holkar Cricket Stadium,False,True,92,15,15.333333333333334,156,10.17391304347826,20,246,90,4.666666666666666,19.28571428571429,6,4
15.3,15,3,96,JPR Scantlebury-Searles,Andrew Tye,6,False,-3.0,44,Indore,Holkar Cricket Stadium,False,True,93,15,15.5,162,10.451612903225806,20,246,84,4.5,18.666666666666668,6,4
15.4,15,4,97,JPR Scantlebury-Searles,Andrew Tye,1,False,-0.5,44,Indore,Holkar Cricket Stadium,False,True,94,15,15.666666666666666,163,10.404255319148936,20,246,83,4.333333333333334,19.15384615384615,6,4
15.5,15,5,98,JPR Scantlebury-Searles,Ravichandran Ashwin,0,False,1.0,44,Indore,Holkar Cricket Stadium,False,True,95,15,15.833333333333334,163,10.294736842105262,20,246,83,4.166666666666666,19.92,6,4
15.6,15,6,99,JPR Scantlebury-Searles,Ravichandran Ashwin,1,False,-1.0,44,Indore,Holkar Cricket Stadium,True,False,95,15,15.833333333333334,164,10.357894736842105,20,246,82,4.166666666666666,19.680000000000003,6,4
15.6,15,6,100,JPR Scantlebury-Searles,Ravichandran Ashwin,6,False,-3.0,44,Indore,Holkar Cricket Stadium,False,True,96,15,16.0,170,10.625,20,246,76,4.0,19.0,6,4
16.1,16,1,101,Sunil Narine,Andrew Tye,1,False,-0.5,44,Indore,Holkar Cricket Stadium,False,True,97,16,16.166666666666668,171,10.577319587628866,20,246,75,3.833333333333332,19.565217391304355,6,4
16.2,16,2,102,Sunil Narine,Ravichandran Ashwin,1,False,-0.5,44,Indore,Holkar Cricket Stadium,False,True,98,16,16.333333333333332,172,10.53061224489796,20,246,74,3.666666666666668,20.181818181818176,6,4
16.3,16,3,103,Sunil Narine,Andrew Tye,1,False,-0.5,44,Indore,Holkar Cricket Stadium,False,True,99,16,16.5,173,10.484848484848484,20,246,73,3.5,20.857142857142858,6,4
16.4,16,4,104,Sunil Narine,Ravichandran Ashwin,0,False,1.0,44,Indore,Holkar Cricket Stadium,False,True,100,16,16.666666666666668,173,10.379999999999999,20,246,73,3.333333333333332,21.90000000000001,6,4
16.5,16,5,105,Sunil Narine,Ravichandran Ashwin,4,False,-2.0,44,Indore,Holkar Cricket Stadium,False,True,101,16,16.833333333333332,177,10.514851485148515,20,246,69,3.166666666666668,21.789473684210517,6,4
16.6,16,6,106,Sunil Narine,Ravichandran Ashwin,4,False,-2.0,44,Indore,Holkar Cricket Stadium,False,True,102,16,17.0,181,10.647058823529411,20,246,65,3.0,21.666666666666668,6,4
17.1,17,1,107,Prasidh Krishna,Andrew Tye,0,False,1.0,44,Indore,Holkar Cricket Stadium,False,True,103,17,17.166666666666668,181,10.54368932038835,20,246,65,2.833333333333332,22.941176470588246,6,4
17.2,17,2,108,Prasidh Krishna,Andrew Tye,1,False,-0.5,44,Indore,Holkar Cricket Stadium,False,True,104,17,17.333333333333332,182,10.5,20,246,64,2.666666666666668,23.99999999999999,6,4
17.3,17,3,109,Prasidh Krishna,Ravichandran Ashwin,1,False,-1.0,44,Indore,Holkar Cricket Stadium,True,False,104,17,17.333333333333332,183,10.557692307692308,20,246,63,2.666666666666668,23.62499999999999,6,4
17.3,17,3,110,Prasidh Krishna,Ravichandran Ashwin,2,False,-1.0,44,Indore,Holkar Cricket Stadium,False,True,105,17,17.5,185,10.571428571428571,20,246,61,2.5,24.4,6,4
17.4,17,4,111,Prasidh Krishna,Ravichandran Ashwin,1,False,-0.5,44,Indore,Holkar Cricket Stadium,False,True,106,17,17.666666666666668,186,10.528301886792452,20,246,60,2.333333333333332,25.714285714285726,6,4
17.5,17,5,112,Prasidh Krishna,Andrew Tye,0,False,1.0,44,Indore,Holkar Cricket Stadium,False,True,107,17,17.833333333333332,186,10.429906542056075,20,246,60,2.166666666666668,27.692307692307676,6,4
17.6,17,6,113,Prasidh Krishna,Andrew Tye,4,False,-2.0,44,Indore,Holkar Cricket Stadium,False,True,108,17,18.0,190,10.555555555555555,20,246,56,2.0,28.0,6,4
18.1,18,1,114,Andre Russell,Ravichandran Ashwin,6,False,-3.0,44,Indore,Holkar Cricket Stadium,False,True,109,18,18.166666666666668,196,10.788990825688073,20,246,50,1.8333333333333321,27.27272727272729,6,4
18.2,18,2,115,Andre Russell,Ravichandran Ashwin,1,False,-0.5,44,Indore,Holkar Cricket Stadium,False,True,110,18,18.333333333333332,197,10.745454545454546,20,246,49,1.6666666666666679,29.39999999999998,6,4
18.3,18,3,116,Andre Russell,Andrew Tye,1,False,-0.25,44,Indore,Holkar Cricket Stadium,False,True,111,18,18.5,198,10.702702702702704,20,246,48,1.5,32.0,6,4
18.4,18,4,117,Andre Russell,Ravichandran Ashwin,6,False,-3.0,44,Indore,Holkar Cricket Stadium,False,True,112,18,18.666666666666668,204,10.928571428571427,20,246,42,1.3333333333333321,31.50000000000003,6,4
18.5,18,5,118,Andre Russell,Ravichandran Ashwin,4,False,-2.0,44,Indore,Holkar Cricket Stadium,False,True,113,18,18.833333333333332,208,11.04424778761062,20,246,38,1.1666666666666679,32.57142857142854,6,4
18.6,18,6,119,Andre Russell,Ravichandran Ashwin,0,False,1.0,44,Indore,Holkar Cricket Stadium,False,True,114,18,19.0,208,10.947368421052632,20,246,38,1.0,38.0,6,4
19.1,19,1,120,Prasidh Krishna,Andrew Tye,1,False,-1.0,44,Indore,Holkar Cricket Stadium,True,False,114,18,19.0,209,11.0,20,246,37,1.0,37.0,6,4
19.1,19,1,121,Prasidh Krishna,Andrew Tye,0,True,5.0,44,Indore,Holkar Cricket Stadium,False,True,115,19,19.166666666666668,209,10.904347826086957,20,246,37,0.8333333333333321,44.40000000000006,7,3
19.2,19,2,122,Prasidh Krishna,Barinder Sran,1,False,-0.5,44,Indore,Holkar Cricket Stadium,False,True,116,19,19.333333333333332,210,10.862068965517242,20,246,36,0.6666666666666679,53.99999999999991,7,3
19.3,19,3,123,Prasidh Krishna,Ravichandran Ashwin,0,True,5.0,44,Indore,Holkar Cricket Stadium,False,True,117,19,19.5,210,10.76923076923077,20,246,36,0.5,72.0,8,2
19.4,19,4,124,Prasidh Krishna,Mohit Sharma,4,False,-2.0,44,Indore,Holkar Cricket Stadium,False,True,118,19,19.666666666666668,214,10.88135593220339,20,246,32,0.33333333333333215,96.00000000000034,8,2
19.5,19,5,125,Prasidh Krishna,Mohit Sharma,0,False,1.0,44,Indore,Holkar Cricket Stadium,False,True,119,19,19.833333333333332,214,10.789915966386555,20,246,32,0.16666666666666785,191.99999999999864,8,2
19.6,19,6,126,Prasidh Krishna,Mohit Sharma,0,False,1.0,44,Indore,Holkar Cricket Stadium,False,True,120,19,20.0,214,10.7,20,246,32,0.0,inf,8,2
