Ball Number,over,ball,Ball,bowler,batsman,Runs,is_wicket,bowler_score,match_id,city,stadium,is_extra,legal_delivery,legal_deliveries_count,overs_completed,overs_bowled,total_runs,current_run_rate,total_overs,target,runs_needed,overs_remaining,required_run_rate,wickets_fallen,wickets_in_hand
0.1,0,1,1,Deepak Chahar,S Dhawan,1,False,-0.5,46,Pune,Maharashtra Cricket Association Stadium,False,True,1,0,0.16666666666666666,1,6.0,20,180,179,19.833333333333332,9.025210084033613,0,10
0.2,0,2,2,Deepak Chahar,Alex Hales,0,False,1.0,46,Pune,Maharashtra Cricket Association Stadium,False,True,2,0,0.3333333333333333,1,3.0,20,180,179,19.666666666666668,9.101694915254237,0,10
0.3,0,3,3,Deepak Chahar,Alex Hales,0,False,1.0,46,Pune,Maharashtra Cricket Association Stadium,False,True,3,0,0.5,1,2.0,20,180,179,19.5,9.179487179487179,0,10
0.4,0,4,4,Deepak Chahar,Alex Hales,0,False,1.0,46,Pune,Maharashtra Cricket Association Stadium,False,True,4,0,0.6666666666666666,1,1.5,20,180,179,19.333333333333332,9.258620689655173,0,10
0.5,0,5,5,Deepak Chahar,Alex Hales,0,False,1.0,46,Pune,Maharashtra Cricket Association Stadium,False,True,5,0,0.8333333333333334,1,1.2,20,180,179,19.166666666666668,9.339130434782609,0,10
0.6,0,6,6,Deepak Chahar,Alex Hales,0,False,1.0,46,Pune,Maharashtra Cricket Association Stadium,False,True,6,0,1.0,1,1.0,20,180,179,19.0,9.421052631578947,0,10
1.1,1,1,7,Shardul Thakur,S Dhawan,4,False,-2.0,46,Pune,Maharashtra Cricket Association Stadium,False,True,7,1,1.1666666666666667,5,4.285714285714286,20,180,175,18.833333333333332,9.29203539823009,0,10
1.2,1,2,8,Shardul Thakur,S Dhawan,0,False,1.0,46,Pune,Maharashtra Cricket Association Stadium,False,True,8,1,1.3333333333333333,5,3.75,20,180,175,18.666666666666668,9.375,0,10
1.3,1,3,9,Shardul Thakur,S Dhawan,0,False,1.0,46,Pune,Maharashtra Cricket Association Stadium,False,True,9,1,1.5,5,3.3333333333333335,20,180,175,18.5,9.45945945945946,0,10
1.4,1,4,10,Shardul Thakur,S Dhawan,0,False,1.0,46,Pune,Maharashtra Cricket Association Stadium,False,True,10,1,1.6666666666666665,5,3.0000000000000004,20,180,175,18.333333333333332,9.545454545454547,0,10
1.5,1,5,11,Shardul Thakur,S Dhawan,1,False,-0.5,46,Pune,Maharashtra Cricket Association Stadium,False,True,11,1,1.8333333333333335,6,3.2727272727272725,20,180,174,18.166666666666668,9.577981651376145,0,10
1.6,1,6,12,Shardul Thakur,Alex Hales,0,False,1.0,46,Pune,Maharashtra Cricket Association Stadium,False,True,12,1,2.0,6,3.0,20,180,174,18.0,9.666666666666666,0,10
2.1,2,1,13,David Willey,S Dhawan,0,False,1.0,46,Pune,Maharashtra Cricket Association Stadium,False,True,13,2,2.1666666666666665,6,2.7692307692307696,20,180,174,17.833333333333332,9.757009345794394,0,10
2.2,2,2,14,David Willey,S Dhawan,1,False,-0.5,46,Pune,Maharashtra Cricket Association Stadium,False,True,14,2,2.3333333333333335,7,3.0,20,180,173,17.666666666666668,9.792452830188678,0,10
2.3,2,3,15,David Willey,Alex Hales,1,False,-0.5,46,Pune,Maharashtra Cricket Association Stadium,False,True,15,2,2.5,8,3.2,20,180,172,17.5,9.82857142857143,0,10
2.4,2,4,16,David Willey,S Dhawan,4,False,-2.0,46,Pune,Maharashtra Cricket Association Stadium,False,True,16,2,2.6666666666666665,12,4.5,20,180,168,17.333333333333332,9.692307692307693,0,10
2.5,2,5,17,David Willey,S Dhawan,4,False,-2.0,46,Pune,Maharashtra Cricket Association Stadium,False,True,17,2,2.8333333333333335,16,5.647058823529411,20,180,164,17.166666666666668,9.553398058252426,0,10
2.6,2,6,18,David Willey,S Dhawan,0,False,1.0,46,Pune,Maharashtra Cricket Association Stadium,False,True,18,2,3.0,16,5.333333333333333,20,180,164,17.0,9.647058823529411,0,10
3.1,3,1,19,Deepak Chahar,Alex Hales,1,False,-0.5,46,Pune,Maharashtra Cricket Association Stadium,False,True,19,3,3.1666666666666665,17,5.368421052631579,20,180,163,16.833333333333332,9.683168316831685,0,10
3.2,3,2,20,Deepak Chahar,S Dhawan,1,False,-0.5,46,Pune,Maharashtra Cricket Association Stadium,False,True,20,3,3.3333333333333335,18,5.3999999999999995,20,180,162,16.666666666666668,9.719999999999999,0,10
3.3,3,3,21,Deepak Chahar,Alex Hales,0,True,5.0,46,Pune,Maharashtra Cricket Association Stadium,False,True,21,3,3.5,18,5.142857142857143,20,180,162,16.5,9.818181818181818,1,9
3.4,3,4,22,Deepak Chahar,Kane Williamson,0,False,1.0,46,Pune,Maharashtra Cricket Association Stadium,False,True,22,3,3.6666666666666665,18,4.909090909090909,20,180,162,16.333333333333332,9.918367346938776,1,9
3.5,3,5,23,Deepak Chahar,Kane Williamson,0,False,1.0,46,Pune,Maharashtra Cricket Association Stadium,False,True,23,3,3.8333333333333335,18,4.695652173913043,20,180,162,16.166666666666668,10.02061855670103,1,9
3.6,3,6,24,Deepak Chahar,Kane Williamson,0,False,1.0,46,Pune,Maharashtra Cricket Association Stadium,False,True,24,3,4.0,18,4.5,20,180,162,16.0,10.125,1,9
4.1,4,1,25,Shardul Thakur,S Dhawan,1,False,-0.5,46,Pune,Maharashtra Cricket Association Stadium,False,True,25,4,4.166666666666667,19,4.56,20,180,161,15.833333333333332,10.16842105263158,1,9
4.2,4,2,26,Shardul Thakur,Kane Williamson,4,False,-2.0,46,Pune,Maharashtra Cricket Association Stadium,False,True,26,4,4.333333333333333,23,5.307692307692308,20,180,157,15.666666666666668,10.02127659574468,1,9
4.3,4,3,27,Shardul Thakur,Kane Williamson,0,False,1.0,46,Pune,Maharashtra Cricket Association Stadium,False,True,27,4,4.5,23,5.111111111111111,20,180,157,15.5,10.129032258064516,1,9
4.4,4,4,28,Shardul Thakur,Kane Williamson,0,False,1.0,46,Pune,Maharashtra Cricket Association Stadium,False,True,28,4,4.666666666666667,23,4.928571428571428,20,180,157,15.333333333333332,10.23913043478261,1,9
4.5,4,5,29,Shardul Thakur,Kane Williamson,0,False,1.0,46,Pune,Maharashtra Cricket Association Stadium,False,True,29,4,4.833333333333333,23,4.758620689655173,20,180,157,15.166666666666668,10.35164835164835,1,9
4.6,4,6,30,Shardul Thakur,Kane Williamson,1,False,-0.5,46,Pune,Maharashtra Cricket Association Stadium,False,True,30,4,5.0,24,4.8,20,180,156,15.0,10.4,1,9
5.1,5,1,31,Deepak Chahar,Kane Williamson,0,False,1.0,46,Pune,Maharashtra Cricket Association Stadium,False,True,31,5,5.166666666666667,24,4.64516129032258,20,180,156,14.833333333333332,10.51685393258427,1,9
5.2,5,2,32,Deepak Chahar,Kane Williamson,1,False,-0.25,46,Pune,Maharashtra Cricket Association Stadium,False,True,32,5,5.333333333333333,25,4.6875,20,180,155,14.666666666666668,10.568181818181817,1,9
5.3,5,3,33,Deepak Chahar,S Dhawan,0,False,1.0,46,Pune,Maharashtra Cricket Association Stadium,False,True,33,5,5.5,25,4.545454545454546,20,180,155,14.5,10.689655172413794,1,9
5.4,5,4,34,Deepak Chahar,S Dhawan,1,False,-0.25,46,Pune,Maharashtra Cricket Association Stadium,False,True,34,5,5.666666666666667,26,4.588235294117647,20,180,154,14.333333333333332,10.74418604651163,1,9
5.4,5,4,35,Deepak Chahar,S Dhawan,1,False,-1.0,46,Pune,Maharashtra Cricket Association Stadium,True,False,34,5,5.666666666666667,27,4.764705882352941,20,180,153,14.333333333333332,10.674418604651164,1,9
5.5,5,5,36,Deepak Chahar,Kane Williamson,1,False,-0.5,46,Pune,Maharashtra Cricket Association Stadium,False,True,35,5,5.833333333333333,28,4.8,20,180,152,14.166666666666668,10.729411764705882,1,9
5.6,5,6,37,Deepak Chahar,S Dhawan,1,False,-0.5,46,Pune,Maharashtra Cricket Association Stadium,False,True,36,5,6.0,29,4.833333333333333,20,180,151,14.0,10.785714285714286,1,9
6.1,6,1,38,Harbhajan Singh,S Dhawan,1,False,-0.5,46,Pune,Maharashtra Cricket Association Stadium,False,True,37,6,6.166666666666667,30,4.864864864864865,20,180,150,13.833333333333332,10.843373493975905,1,9
6.2,6,2,39,Harbhajan Singh,Kane Williamson,1,False,-0.5,46,Pune,Maharashtra Cricket Association Stadium,False,True,38,6,6.333333333333333,31,4.894736842105264,20,180,149,13.666666666666668,10.902439024390244,1,9
6.3,6,3,40,Harbhajan Singh,S Dhawan,4,False,-2.0,46,Pune,Maharashtra Cricket Association Stadium,False,True,39,6,6.5,35,5.384615384615385,20,180,145,13.5,10.74074074074074,1,9
6.4,6,4,41,Harbhajan Singh,S Dhawan,1,False,-1.0,46,Pune,Maharashtra Cricket Association Stadium,True,False,39,6,6.5,36,5.538461538461538,20,180,144,13.5,10.666666666666666,1,9
6.4,6,4,42,Harbhajan Singh,S Dhawan,1,False,-0.5,46,Pune,Maharashtra Cricket Association Stadium,False,True,40,6,6.666666666666667,37,5.55,20,180,143,13.333333333333332,10.725000000000001,1,9
6.5,6,5,43,Harbhajan Singh,Kane Williamson,1,False,-0.5,46,Pune,Maharashtra Cricket Association Stadium,False,True,41,6,6.833333333333333,38,5.560975609756098,20,180,142,13.166666666666668,10.784810126582277,1,9
6.6,6,6,44,Harbhajan Singh,S Dhawan,1,False,-0.5,46,Pune,Maharashtra Cricket Association Stadium,False,True,42,6,7.0,39,5.571428571428571,20,180,141,13.0,10.846153846153847,1,9
7.1,7,1,45,Deepak Chahar,S Dhawan,0,False,1.0,46,Pune,Maharashtra Cricket Association Stadium,False,True,43,7,7.166666666666667,39,5.441860465116279,20,180,141,12.833333333333332,10.987012987012989,1,9
7.2,7,2,46,Deepak Chahar,S Dhawan,1,False,-0.5,46,Pune,Maharashtra Cricket Association Stadium,False,True,44,7,7.333333333333333,40,5.454545454545455,20,180,140,12.666666666666668,11.052631578947368,1,9
7.3,7,3,47,Deepak Chahar,Kane Williamson,1,False,-0.5,46,Pune,Maharashtra Cricket Association Stadium,False,True,45,7,7.5,41,5.466666666666667,20,180,139,12.5,11.12,1,9
7.4,7,4,48,Deepak Chahar,S Dhawan,4,False,-2.0,46,Pune,Maharashtra Cricket Association Stadium,False,True,46,7,7.666666666666667,45,5.869565217391304,20,180,135,12.333333333333332,10.945945945945947,1,9
7.5,7,5,49,Deepak Chahar,S Dhawan,1,False,-0.5,46,Pune,Maharashtra Cricket Association Stadium,False,True,47,7,7.833333333333333,46,5.872340425531915,20,180,134,12.166666666666668,11.013698630136986,1,9
7.5,7,5,50,Deepak Chahar,S Dhawan,1,False,-1.0,46,Pune,Maharashtra Cricket Association Stadium,True,False,47,7,7.833333333333333,47,6.0,20,180,133,12.166666666666668,10.931506849315067,1,9
7.5,7,5,51,Deepak Chahar,S Dhawan,1,False,-1.0,46,Pune,Maharashtra Cricket Association Stadium,True,False,47,7,7.833333333333333,48,6.127659574468085,20,180,132,12.166666666666668,10.84931506849315,1,9
7.6,7,6,52,Deepak Chahar,Kane Williamson,1,False,-0.5,46,Pune,Maharashtra Cricket Association Stadium,False,True,48,7,8.0,49,6.125,20,180,131,12.0,10.916666666666666,1,9
8.1,8,1,53,Shane Watson,Kane Williamson,0,False,1.0,46,Pune,Maharashtra Cricket Association Stadium,False,True,49,8,8.166666666666666,49,6.0,20,180,131,11.833333333333334,11.070422535211266,1,9
8.2,8,2,54,Shane Watson,Kane Williamson,0,False,1.0,46,Pune,Maharashtra Cricket Association Stadium,False,True,50,8,8.333333333333334,49,5.88,20,180,131,11.666666666666666,11.22857142857143,1,9
8.3,8,3,55,Shane Watson,Kane Williamson,1,False,-0.5,46,Pune,Maharashtra Cricket Association Stadium,False,True,51,8,8.5,50,5.882352941176471,20,180,130,11.5,11.304347826086957,1,9
8.4,8,4,56,Shane Watson,S Dhawan,1,False,-0.5,46,Pune,Maharashtra Cricket Association Stadium,False,True,52,8,8.666666666666666,51,5.884615384615385,20,180,129,11.333333333333334,11.38235294117647,1,9
8.5,8,5,57,Shane Watson,Kane Williamson,0,False,1.0,46,Pune,Maharashtra Cricket Association Stadium,False,True,53,8,8.833333333333334,51,5.773584905660377,20,180,129,11.166666666666666,11.55223880597015,1,9
8.6,8,6,58,Shane Watson,Kane Williamson,0,False,1.0,46,Pune,Maharashtra Cricket Association Stadium,False,True,54,8,9.0,51,5.666666666666667,20,180,129,11.0,11.727272727272727,1,9
9.1,9,1,59,Dwayne Bravo,S Dhawan,1,False,-1.0,46,Pune,Maharashtra Cricket Association Stadium,True,False,54,8,9.0,52,5.777777777777778,20,180,128,11.0,11.636363636363637,1,9
9.1,9,1,60,Dwayne Bravo,S Dhawan,1,False,-0.5,46,Pune,Maharashtra Cricket Association Stadium,False,True,55,9,9.166666666666666,53,5.781818181818182,20,180,127,10.833333333333334,11.723076923076922,1,9
9.2,9,2,61,Dwayne Bravo,Kane Williamson,4,False,-2.0,46,Pune,Maharashtra Cricket Association Stadium,False,True,56,9,9.333333333333334,57,6.107142857142857,20,180,123,10.666666666666666,11.53125,1,9
9.3,9,3,62,Dwayne Bravo,Kane Williamson,1,False,-0.5,46,Pune,Maharashtra Cricket Association Stadium,False,True,57,9,9.5,58,6.105263157894737,20,180,122,10.5,11.619047619047619,1,9
9.4,9,4,63,Dwayne Bravo,S Dhawan,0,False,1.0,46,Pune,Maharashtra Cricket Association Stadium,False,True,58,9,9.666666666666666,58,6.0,20,180,122,10.333333333333334,11.806451612903226,1,9
9.5,9,5,64,Dwayne Bravo,S Dhawan,4,False,-2.0,46,Pune,Maharashtra Cricket Association Stadium,False,True,59,9,9.833333333333334,62,6.305084745762711,20,180,118,10.166666666666666,11.606557377049182,1,9
9.6,9,6,65,Dwayne Bravo,S Dhawan,0,False,1.0,46,Pune,Maharashtra Cricket Association Stadium,False,True,60,9,10.0,62,6.2,20,180,118,10.0,11.8,1,9
10.1,10,1,66,Ravindra Jadeja,Kane Williamson,1,False,-0.5,46,Pune,Maharashtra Cricket Association Stadium,False,True,61,10,10.166666666666666,63,6.19672131147541,20,180,117,9.833333333333334,11.898305084745761,1,9
10.2,10,2,67,Ravindra Jadeja,S Dhawan,4,False,-2.0,46,Pune,Maharashtra Cricket Association Stadium,False,True,62,10,10.333333333333334,67,6.483870967741935,20,180,113,9.666666666666666,11.689655172413794,1,9
10.3,10,3,68,Ravindra Jadeja,S Dhawan,1,False,-0.5,46,Pune,Maharashtra Cricket Association Stadium,False,True,63,10,10.5,68,6.476190476190476,20,180,112,9.5,11.789473684210526,1,9
10.4,10,4,69,Ravindra Jadeja,Kane Williamson,1,False,-0.5,46,Pune,Maharashtra Cricket Association Stadium,False,True,64,10,10.666666666666666,69,6.46875,20,180,111,9.333333333333334,11.892857142857142,1,9
10.5,10,5,70,Ravindra Jadeja,S Dhawan,6,False,-3.0,46,Pune,Maharashtra Cricket Association Stadium,False,True,65,10,10.833333333333334,75,6.9230769230769225,20,180,105,9.166666666666666,11.454545454545455,1,9
10.6,10,6,71,Ravindra Jadeja,S Dhawan,0,False,1.0,46,Pune,Maharashtra Cricket Association Stadium,False,True,66,10,11.0,75,6.818181818181818,20,180,105,9.0,11.666666666666666,1,9
11.1,11,1,72,Shane Watson,Kane Williamson,4,False,-2.0,46,Pune,Maharashtra Cricket Association Stadium,False,True,67,11,11.166666666666666,79,7.074626865671642,20,180,101,8.833333333333334,11.433962264150942,1,9
11.2,11,2,73,Shane Watson,Kane Williamson,6,False,-3.0,46,Pune,Maharashtra Cricket Association Stadium,False,True,68,11,11.333333333333334,85,7.5,20,180,95,8.666666666666666,10.961538461538462,1,9
11.3,11,3,74,Shane Watson,Kane Williamson,1,False,-0.5,46,Pune,Maharashtra Cricket Association Stadium,False,True,69,11,11.5,86,7.478260869565218,20,180,94,8.5,11.058823529411764,1,9
11.4,11,4,75,Shane Watson,S Dhawan,0,False,1.0,46,Pune,Maharashtra Cricket Association Stadium,False,True,70,11,11.666666666666666,86,7.371428571428572,20,180,94,8.333333333333334,11.28,1,9
11.5,11,5,76,Shane Watson,S Dhawan,1,False,-1.0,46,Pune,Maharashtra Cricket Association Stadium,True,False,70,11,11.666666666666666,87,7.457142857142857,20,180,93,8.333333333333334,11.159999999999998,1,9
11.5,11,5,77,Shane Watson,S Dhawan,1,False,-0.25,46,Pune,Maharashtra Cricket Association Stadium,False,True,71,11,11.833333333333334,88,7.436619718309859,20,180,92,8.166666666666666,11.26530612244898,1,9
11.6,11,6,78,Shane Watson,Kane Williamson,1,False,-0.5,46,Pune,Maharashtra Cricket Association Stadium,False,True,72,11,12.0,89,7.416666666666667,20,180,91,8.0,11.375,1,9
12.1,12,1,79,Ravindra Jadeja,Kane Williamson,1,False,-0.5,46,Pune,Maharashtra Cricket Association Stadium,False,True,73,12,12.166666666666666,90,7.397260273972603,20,180,90,7.833333333333334,11.489361702127658,1,9
12.2,12,2,80,Ravindra Jadeja,S Dhawan,0,False,1.0,46,Pune,Maharashtra Cricket Association Stadium,False,True,74,12,12.333333333333334,90,7.297297297297297,20,180,90,7.666666666666666,11.73913043478261,1,9
12.3,12,3,81,Ravindra Jadeja,S Dhawan,1,False,-0.5,46,Pune,Maharashtra Cricket Association Stadium,False,True,75,12,12.5,91,7.28,20,180,89,7.5,11.866666666666667,1,9
12.4,12,4,82,Ravindra Jadeja,Kane Williamson,1,False,-0.5,46,Pune,Maharashtra Cricket Association Stadium,False,True,76,12,12.666666666666666,92,7.2631578947368425,20,180,88,7.333333333333334,11.999999999999998,1,9
12.5,12,5,83,Ravindra Jadeja,S Dhawan,6,False,-3.0,46,Pune,Maharashtra Cricket Association Stadium,False,True,77,12,12.833333333333334,98,7.636363636363636,20,180,82,7.166666666666666,11.44186046511628,1,9
12.6,12,6,84,Ravindra Jadeja,S Dhawan,2,False,-1.0,46,Pune,Maharashtra Cricket Association Stadium,False,True,78,12,13.0,100,7.6923076923076925,20,180,80,7.0,11.428571428571429,1,9
13.1,13,1,85,Harbhajan Singh,Kane Williamson,6,False,-3.0,46,Pune,Maharashtra Cricket Association Stadium,False,True,79,13,13.166666666666666,106,8.050632911392405,20,180,74,6.833333333333334,10.829268292682926,1,9
13.2,13,2,86,Harbhajan Singh,Kane Williamson,1,False,-0.5,46,Pune,Maharashtra Cricket Association Stadium,False,True,80,13,13.333333333333334,107,8.025,20,180,73,6.666666666666666,10.950000000000001,1,9
13.3,13,3,87,Harbhajan Singh,S Dhawan,1,False,-0.5,46,Pune,Maharashtra Cricket Association Stadium,False,True,81,13,13.5,108,8.0,20,180,72,6.5,11.076923076923077,1,9
13.4,13,4,88,Harbhajan Singh,Kane Williamson,1,False,-0.5,46,Pune,Maharashtra Cricket Association Stadium,False,True,82,13,13.666666666666666,109,7.975609756097561,20,180,71,6.333333333333334,11.210526315789473,1,9
13.5,13,5,89,Harbhajan Singh,S Dhawan,6,False,-3.0,46,Pune,Maharashtra Cricket Association Stadium,False,True,83,13,13.833333333333334,115,8.313253012048193,20,180,65,6.166666666666666,10.540540540540542,1,9
13.6,13,6,90,Harbhajan Singh,S Dhawan,1,False,-0.5,46,Pune,Maharashtra Cricket Association Stadium,False,True,84,13,14.0,116,8.285714285714286,20,180,64,6.0,10.666666666666666,1,9
14.1,14,1,91,David Willey,S Dhawan,1,False,-0.5,46,Pune,Maharashtra Cricket Association Stadium,False,True,85,14,14.166666666666666,117,8.258823529411766,20,180,63,5.833333333333334,10.799999999999999,1,9
14.2,14,2,92,David Willey,Kane Williamson,4,False,-2.0,46,Pune,Maharashtra Cricket Association Stadium,False,True,86,14,14.333333333333334,121,8.441860465116278,20,180,59,5.666666666666666,10.411764705882353,1,9
14.3,14,3,93,David Willey,Kane Williamson,1,False,-0.5,46,Pune,Maharashtra Cricket Association Stadium,False,True,87,14,14.5,122,8.413793103448276,20,180,58,5.5,10.545454545454545,1,9
14.4,14,4,94,David Willey,S Dhawan,4,False,-2.0,46,Pune,Maharashtra Cricket Association Stadium,False,True,88,14,14.666666666666666,126,8.590909090909092,20,180,54,5.333333333333334,10.124999999999998,1,9
14.5,14,5,95,David Willey,S Dhawan,4,False,-2.0,46,Pune,Maharashtra Cricket Association Stadium,False,True,89,14,14.833333333333334,130,8.764044943820224,20,180,50,5.166666666666666,9.67741935483871,1,9
14.6,14,6,96,David Willey,S Dhawan,0,False,1.0,46,Pune,Maharashtra Cricket Association Stadium,False,True,90,14,15.0,130,8.666666666666666,20,180,50,5.0,10.0,1,9
15.1,15,1,97,Dwayne Bravo,Kane Williamson,4,False,-2.0,46,Pune,Maharashtra Cricket Association Stadium,False,True,91,15,15.166666666666666,134,8.835164835164836,20,180,46,4.833333333333334,9.517241379310343,1,9
15.2,15,2,98,Dwayne Bravo,Kane Williamson,1,False,-0.5,46,Pune,Maharashtra Cricket Association Stadium,False,True,92,15,15.333333333333334,135,8.804347826086957,20,180,45,4.666666666666666,9.642857142857144,1,9
15.3,15,3,99,Dwayne Bravo,S Dhawan,4,False,-2.0,46,Pune,Maharashtra Cricket Association Stadium,False,True,93,15,15.5,139,8.96774193548387,20,180,41,4.5,9.11111111111111,1,9
15.4,15,4,100,Dwayne Bravo,S Dhawan,1,False,-0.5,46,Pune,Maharashtra Cricket Association Stadium,False,True,94,15,15.666666666666666,140,8.936170212765958,20,180,40,4.333333333333334,9.23076923076923,1,9
15.5,15,5,101,Dwayne Bravo,Kane Williamson,1,False,-0.5,46,Pune,Maharashtra Cricket Association Stadium,False,True,95,15,15.833333333333334,141,8.905263157894737,20,180,39,4.166666666666666,9.360000000000001,1,9
15.6,15,6,102,Dwayne Bravo,S Dhawan,0,True,5.0,46,Pune,Maharashtra Cricket Association Stadium,False,True,96,15,16.0,141,8.8125,20,180,39,4.0,9.75,2,8
16.1,16,1,103,Shardul Thakur,Kane Williamson,0,True,5.0,46,Pune,Maharashtra Cricket Association Stadium,False,True,97,16,16.166666666666668,141,8.721649484536082,20,180,39,3.833333333333332,10.173913043478263,3,7
16.2,16,2,104,Shardul Thakur,Manish Pandey,1,False,-0.5,46,Pune,Maharashtra Cricket Association Stadium,False,True,98,16,16.333333333333332,142,8.693877551020408,20,180,38,3.666666666666668,10.36363636363636,3,7
16.3,16,3,105,Shardul Thakur,Deepak Hooda,1,False,-0.5,46,Pune,Maharashtra Cricket Association Stadium,False,True,99,16,16.5,143,8.666666666666666,20,180,37,3.5,10.571428571428571,3,7
16.4,16,4,106,Shardul Thakur,Manish Pandey,1,False,-0.5,46,Pune,Maharashtra Cricket Association Stadium,False,True,100,16,16.666666666666668,144,8.639999999999999,20,180,36,3.333333333333332,10.800000000000004,3,7
16.5,16,5,107,Shardul Thakur,Deepak Hooda,4,False,-2.0,46,Pune,Maharashtra Cricket Association Stadium,False,True,101,16,16.833333333333332,148,8.792079207920793,20,180,32,3.166666666666668,10.105263157894733,3,7
16.6,16,6,108,Shardul Thakur,Deepak Hooda,1,False,-0.5,46,Pune,Maharashtra Cricket Association Stadium,False,True,102,16,17.0,149,8.764705882352942,20,180,31,3.0,10.333333333333334,3,7
17.1,17,1,109,Dwayne Bravo,Deepak Hooda,2,False,-1.0,46,Pune,Maharashtra Cricket Association Stadium,False,True,103,17,17.166666666666668,151,8.796116504854368,20,180,29,2.833333333333332,10.235294117647063,3,7
17.2,17,2,110,Dwayne Bravo,Deepak Hooda,1,False,-1.0,46,Pune,Maharashtra Cricket Association Stadium,True,False,103,17,17.166666666666668,152,8.854368932038835,20,180,28,2.833333333333332,9.882352941176475,3,7
17.2,17,2,111,Dwayne Bravo,Deepak Hooda,0,False,1.0,46,Pune,Maharashtra Cricket Association Stadium,False,True,104,17,17.333333333333332,152,8.76923076923077,20,180,28,2.666666666666668,10.499999999999995,3,7
17.3,17,3,112,Dwayne Bravo,Deepak Hooda,2,False,-1.0,46,Pune,Maharashtra Cricket Association Stadium,False,True,105,17,17.5,154,8.8,20,180,26,2.5,10.4,3,7
17.4,17,4,113,Dwayne Bravo,Deepak Hooda,2,False,-1.0,46,Pune,Maharashtra Cricket Association Stadium,False,True,106,17,17.666666666666668,156,8.830188679245282,20,180,24,2.333333333333332,10.285714285714292,3,7
17.5,17,5,114,Dwayne Bravo,Deepak Hooda,1,False,-0.5,46,Pune,Maharashtra Cricket Association Stadium,False,True,107,17,17.833333333333332,157,8.80373831775701,20,180,23,2.166666666666668,10.61538461538461,3,7
17.6,17,6,115,Dwayne Bravo,Manish Pandey,1,False,-0.5,46,Pune,Maharashtra Cricket Association Stadium,False,True,108,17,18.0,158,8.777777777777779,20,180,22,2.0,11.0,3,7
18.1,18,1,116,Shardul Thakur,Manish Pandey,2,False,-1.0,46,Pune,Maharashtra Cricket Association Stadium,False,True,109,18,18.166666666666668,160,8.807339449541283,20,180,20,1.8333333333333321,10.909090909090915,3,7
18.2,18,2,117,Shardul Thakur,Manish Pandey,0,False,1.0,46,Pune,Maharashtra Cricket Association Stadium,False,True,110,18,18.333333333333332,160,8.727272727272728,20,180,20,1.6666666666666679,11.999999999999991,3,7
18.3,18,3,118,Shardul Thakur,Manish Pandey,0,True,5.0,46,Pune,Maharashtra Cricket Association Stadium,False,True,111,18,18.5,160,8.64864864864865,20,180,20,1.5,13.333333333333334,4,6
18.4,18,4,119,Shardul Thakur,Deepak Hooda,1,False,-1.0,46,Pune,Maharashtra Cricket Association Stadium,True,False,111,18,18.5,161,8.702702702702704,20,180,19,1.5,12.666666666666666,4,6
18.4,18,4,120,Shardul Thakur,Deepak Hooda,1,False,-1.0,46,Pune,Maharashtra Cricket Association Stadium,True,False,111,18,18.5,162,8.756756756756756,20,180,18,1.5,12.0,4,6
18.4,18,4,121,Shardul Thakur,Deepak Hooda,6,False,-3.0,46,Pune,Maharashtra Cricket Association Stadium,False,True,112,18,18.666666666666668,168,9.0,20,180,12,1.3333333333333321,9.000000000000009,4,6
18.5,18,5,122,Shardul Thakur,Deepak Hooda,1,False,-1.0,46,Pune,Maharashtra Cricket Association Stadium,True,False,112,18,18.666666666666668,169,9.053571428571429,20,180,11,1.3333333333333321,8.250000000000007,4,6
18.5,18,5,123,Shardul Thakur,Deepak Hooda,1,False,-0.5,46,Pune,Maharashtra Cricket Association Stadium,False,True,113,18,18.833333333333332,170,9.026548672566372,20,180,10,1.1666666666666679,8.571428571428562,4,6
18.6,18,6,124,Shardul Thakur,Shakib Al Hasan,1,False,-0.5,46,Pune,Maharashtra Cricket Association Stadium,False,True,114,18,19.0,171,9.0,20,180,9,1.0,9.0,4,6
19.1,19,1,125,Dwayne Bravo,Shakib Al Hasan,1,False,-0.5,46,Pune,Maharashtra Cricket Association Stadium,False,True,115,19,19.166666666666668,172,8.97391304347826,20,180,8,0.8333333333333321,9.600000000000014,4,6
19.2,19,2,126,Dwayne Bravo,Deepak Hooda,1,False,-0.5,46,Pune,Maharashtra Cricket Association Stadium,False,True,116,19,19.333333333333332,173,8.948275862068966,20,180,7,0.6666666666666679,10.499999999999982,4,6
19.3,19,3,127,Dwayne Bravo,Shakib Al Hasan,4,False,-2.0,46,Pune,Maharashtra Cricket Association Stadium,False,True,117,19,19.5,177,9.076923076923077,20,180,3,0.5,6.0,4,6
19.4,19,4,128,Dwayne Bravo,Shakib Al Hasan,0,False,1.0,46,Pune,Maharashtra Cricket Association Stadium,False,True,118,19,19.666666666666668,177,9.0,20,180,3,0.33333333333333215,9.000000000000032,4,6
19.5,19,5,129,Dwayne Bravo,Shakib Al Hasan,0,False,1.0,46,Pune,Maharashtra Cricket Association Stadium,False,True,119,19,19.833333333333332,177,8.92436974789916,20,180,3,0.16666666666666785,17.999999999999872,4,6
19.6,19,6,130,Dwayne Bravo,Shakib Al Hasan,2,False,-1.0,46,Pune,Maharashtra Cricket Association Stadium,False,True,120,19,20.0,179,8.95,20,180,1,0.0,inf,4,6
