Ball Number,over,ball,Ball,bowler,batsman,Runs,is_wicket,bowler_score,match_id,city,stadium,is_extra,legal_delivery,legal_deliveries_count,overs_completed,overs_bowled,total_runs,current_run_rate,total_overs,target,runs_needed,overs_remaining,required_run_rate,wickets_fallen,wickets_in_hand
0.1,0,1,1,Sandeep Sharma,Shane Watson,2,False,-1.0,46,Pune,Maharashtra Cricket Association Stadium,False,True,1,0,0.16666666666666666,2,12.0,20,180,178,19.833333333333332,8.974789915966387,0,10
0.2,0,2,2,Sandeep Sharma,Shane Watson,0,False,1.0,46,Pune,Maharashtra Cricket Association Stadium,False,True,2,0,0.3333333333333333,2,6.0,20,180,178,19.666666666666668,9.050847457627118,0,10
0.3,0,3,3,Sandeep Sharma,Shane Watson,4,False,-2.0,46,Pune,Maharashtra Cricket Association Stadium,False,True,3,0,0.5,6,12.0,20,180,174,19.5,8.923076923076923,0,10
0.4,0,4,4,Sandeep Sharma,Shane Watson,0,False,1.0,46,Pune,Maharashtra Cricket Association Stadium,False,True,4,0,0.6666666666666666,6,9.0,20,180,174,19.333333333333332,9.0,0,10
0.5,0,5,5,Sandeep Sharma,Shane Watson,0,False,1.0,46,Pune,Maharashtra Cricket Association Stadium,False,True,5,0,0.8333333333333334,6,7.199999999999999,20,180,174,19.166666666666668,9.078260869565216,0,10
0.6,0,6,6,Sandeep Sharma,Shane Watson,1,False,-0.5,46,Pune,Maharashtra Cricket Association Stadium,False,True,6,0,1.0,7,7.0,20,180,173,19.0,9.105263157894736,0,10
1.1,1,1,7,Bhuvneshwar Kumar,Shane Watson,0,False,1.0,46,Pune,Maharashtra Cricket Association Stadium,False,True,7,1,1.1666666666666667,7,6.0,20,180,173,18.833333333333332,9.185840707964603,0,10
1.2,1,2,8,Bhuvneshwar Kumar,Shane Watson,6,False,-3.0,46,Pune,Maharashtra Cricket Association Stadium,False,True,8,1,1.3333333333333333,13,9.75,20,180,167,18.666666666666668,8.946428571428571,0,10
1.3,1,3,9,Bhuvneshwar Kumar,Shane Watson,0,False,1.0,46,Pune,Maharashtra Cricket Association Stadium,False,True,9,1,1.5,13,8.666666666666666,20,180,167,18.5,9.027027027027026,0,10
1.4,1,4,10,Bhuvneshwar Kumar,Shane Watson,0,False,1.0,46,Pune,Maharashtra Cricket Association Stadium,False,True,10,1,1.6666666666666665,13,7.800000000000001,20,180,167,18.333333333333332,9.10909090909091,0,10
1.5,1,5,11,Bhuvneshwar Kumar,Shane Watson,1,False,-0.5,46,Pune,Maharashtra Cricket Association Stadium,False,True,11,1,1.8333333333333335,14,7.636363636363636,20,180,166,18.166666666666668,9.137614678899082,0,10
1.6,1,6,12,Bhuvneshwar Kumar,Ambati Rayudu,1,False,-0.5,46,Pune,Maharashtra Cricket Association Stadium,False,True,12,1,2.0,15,7.5,20,180,165,18.0,9.166666666666666,0,10
2.1,2,1,13,Sandeep Sharma,Ambati Rayudu,0,False,1.0,46,Pune,Maharashtra Cricket Association Stadium,False,True,13,2,2.1666666666666665,15,6.923076923076923,20,180,165,17.833333333333332,9.25233644859813,0,10
2.2,2,2,14,Sandeep Sharma,Ambati Rayudu,0,False,1.0,46,Pune,Maharashtra Cricket Association Stadium,False,True,14,2,2.3333333333333335,15,6.428571428571428,20,180,165,17.666666666666668,9.339622641509433,0,10
2.3,2,3,15,Sandeep Sharma,Ambati Rayudu,0,False,1.0,46,Pune,Maharashtra Cricket Association Stadium,False,True,15,2,2.5,15,6.0,20,180,165,17.5,9.428571428571429,0,10
2.4,2,4,16,Sandeep Sharma,Ambati Rayudu,1,False,-0.5,46,Pune,Maharashtra Cricket Association Stadium,False,True,16,2,2.6666666666666665,16,6.0,20,180,164,17.333333333333332,9.461538461538462,0,10
2.5,2,5,17,Sandeep Sharma,Shane Watson,6,False,-3.0,46,Pune,Maharashtra Cricket Association Stadium,False,True,17,2,2.8333333333333335,22,7.764705882352941,20,180,158,17.166666666666668,9.20388349514563,0,10
2.6,2,6,18,Sandeep Sharma,Shane Watson,6,False,-3.0,46,Pune,Maharashtra Cricket Association Stadium,False,True,18,2,3.0,28,9.333333333333334,20,180,152,17.0,8.941176470588236,0,10
3.1,3,1,19,Bhuvneshwar Kumar,Ambati Rayudu,0,False,1.0,46,Pune,Maharashtra Cricket Association Stadium,False,True,19,3,3.1666666666666665,28,8.842105263157896,20,180,152,16.833333333333332,9.02970297029703,0,10
3.2,3,2,20,Bhuvneshwar Kumar,Ambati Rayudu,6,False,-3.0,46,Pune,Maharashtra Cricket Association Stadium,False,True,20,3,3.3333333333333335,34,10.2,20,180,146,16.666666666666668,8.76,0,10
3.3,3,3,21,Bhuvneshwar Kumar,Ambati Rayudu,0,False,1.0,46,Pune,Maharashtra Cricket Association Stadium,False,True,21,3,3.5,34,9.714285714285714,20,180,146,16.5,8.848484848484848,0,10
3.4,3,4,22,Bhuvneshwar Kumar,Ambati Rayudu,1,False,-0.5,46,Pune,Maharashtra Cricket Association Stadium,False,True,22,3,3.6666666666666665,35,9.545454545454545,20,180,145,16.333333333333332,8.877551020408164,0,10
3.5,3,5,23,Bhuvneshwar Kumar,Shane Watson,0,False,1.0,46,Pune,Maharashtra Cricket Association Stadium,False,True,23,3,3.8333333333333335,35,9.130434782608695,20,180,145,16.166666666666668,8.969072164948454,0,10
3.6,3,6,24,Bhuvneshwar Kumar,Shane Watson,1,False,-0.5,46,Pune,Maharashtra Cricket Association Stadium,False,True,24,3,4.0,36,9.0,20,180,144,16.0,9.0,0,10
4.1,4,1,25,Rashid Khan,Shane Watson,1,False,-0.5,46,Pune,Maharashtra Cricket Association Stadium,False,True,25,4,4.166666666666667,37,8.879999999999999,20,180,143,15.833333333333332,9.031578947368422,0,10
4.2,4,2,26,Rashid Khan,Ambati Rayudu,0,False,1.0,46,Pune,Maharashtra Cricket Association Stadium,False,True,26,4,4.333333333333333,37,8.538461538461538,20,180,143,15.666666666666668,9.127659574468085,0,10
4.3,4,3,27,Rashid Khan,Ambati Rayudu,0,False,1.0,46,Pune,Maharashtra Cricket Association Stadium,False,True,27,4,4.5,37,8.222222222222221,20,180,143,15.5,9.225806451612904,0,10
4.4,4,4,28,Rashid Khan,Ambati Rayudu,4,False,-2.0,46,Pune,Maharashtra Cricket Association Stadium,False,True,28,4,4.666666666666667,41,8.785714285714285,20,180,139,15.333333333333332,9.065217391304348,0,10
4.5,4,5,29,Rashid Khan,Ambati Rayudu,1,False,-0.5,46,Pune,Maharashtra Cricket Association Stadium,False,True,29,4,4.833333333333333,42,8.689655172413794,20,180,138,15.166666666666668,9.098901098901099,0,10
4.6,4,6,30,Rashid Khan,Shane Watson,1,False,-0.5,46,Pune,Maharashtra Cricket Association Stadium,False,True,30,4,5.0,43,8.6,20,180,137,15.0,9.133333333333333,0,10
5.1,5,1,31,Shakib Al Hasan,Shane Watson,4,False,-2.0,46,Pune,Maharashtra Cricket Association Stadium,False,True,31,5,5.166666666666667,47,9.096774193548386,20,180,133,14.833333333333332,8.96629213483146,0,10
5.2,5,2,32,Shakib Al Hasan,Shane Watson,0,False,1.0,46,Pune,Maharashtra Cricket Association Stadium,False,True,32,5,5.333333333333333,47,8.8125,20,180,133,14.666666666666668,9.068181818181817,0,10
5.3,5,3,33,Shakib Al Hasan,Shane Watson,1,False,-0.5,46,Pune,Maharashtra Cricket Association Stadium,False,True,33,5,5.5,48,8.727272727272727,20,180,132,14.5,9.10344827586207,0,10
5.4,5,4,34,Shakib Al Hasan,Ambati Rayudu,4,False,-2.0,46,Pune,Maharashtra Cricket Association Stadium,False,True,34,5,5.666666666666667,52,9.176470588235293,20,180,128,14.333333333333332,8.930232558139535,0,10
5.5,5,5,35,Shakib Al Hasan,Ambati Rayudu,0,False,1.0,46,Pune,Maharashtra Cricket Association Stadium,False,True,35,5,5.833333333333333,52,8.914285714285715,20,180,128,14.166666666666668,9.035294117647059,0,10
5.6,5,6,36,Shakib Al Hasan,Ambati Rayudu,1,False,-0.5,46,Pune,Maharashtra Cricket Association Stadium,False,True,36,5,6.0,53,8.833333333333334,20,180,127,14.0,9.071428571428571,0,10
6.1,6,1,37,Siddarth Kaul,Ambati Rayudu,4,False,-2.0,46,Pune,Maharashtra Cricket Association Stadium,False,True,37,6,6.166666666666667,57,9.243243243243242,20,180,123,13.833333333333332,8.891566265060241,0,10
6.2,6,2,38,Siddarth Kaul,Ambati Rayudu,6,False,-3.0,46,Pune,Maharashtra Cricket Association Stadium,False,True,38,6,6.333333333333333,63,9.947368421052632,20,180,117,13.666666666666668,8.560975609756097,0,10
6.3,6,3,39,Siddarth Kaul,Ambati Rayudu,2,False,-1.0,46,Pune,Maharashtra Cricket Association Stadium,False,True,39,6,6.5,65,10.0,20,180,115,13.5,8.518518518518519,0,10
6.4,6,4,40,Siddarth Kaul,Ambati Rayudu,0,False,1.0,46,Pune,Maharashtra Cricket Association Stadium,False,True,40,6,6.666666666666667,65,9.75,20,180,115,13.333333333333332,8.625,0,10
6.5,6,5,41,Siddarth Kaul,Ambati Rayudu,4,False,-2.0,46,Pune,Maharashtra Cricket Association Stadium,False,True,41,6,6.833333333333333,69,10.097560975609756,20,180,111,13.166666666666668,8.430379746835442,0,10
6.6,6,6,42,Siddarth Kaul,Ambati Rayudu,0,False,1.0,46,Pune,Maharashtra Cricket Association Stadium,False,True,42,6,7.0,69,9.857142857142858,20,180,111,13.0,8.538461538461538,0,10
7.1,7,1,43,Shakib Al Hasan,Shane Watson,1,False,-0.5,46,Pune,Maharashtra Cricket Association Stadium,False,True,43,7,7.166666666666667,70,9.767441860465116,20,180,110,12.833333333333332,8.571428571428573,0,10
7.2,7,2,44,Shakib Al Hasan,Ambati Rayudu,1,False,-0.5,46,Pune,Maharashtra Cricket Association Stadium,False,True,44,7,7.333333333333333,71,9.681818181818182,20,180,109,12.666666666666668,8.605263157894736,0,10
7.3,7,3,45,Shakib Al Hasan,Shane Watson,0,False,1.0,46,Pune,Maharashtra Cricket Association Stadium,False,True,45,7,7.5,71,9.466666666666667,20,180,109,12.5,8.72,0,10
7.4,7,4,46,Shakib Al Hasan,Shane Watson,4,False,-2.0,46,Pune,Maharashtra Cricket Association Stadium,False,True,46,7,7.666666666666667,75,9.782608695652174,20,180,105,12.333333333333332,8.513513513513514,0,10
7.5,7,5,47,Shakib Al Hasan,Shane Watson,1,False,-0.5,46,Pune,Maharashtra Cricket Association Stadium,False,True,47,7,7.833333333333333,76,9.702127659574469,20,180,104,12.166666666666668,8.54794520547945,0,10
7.6,7,6,48,Shakib Al Hasan,Ambati Rayudu,1,False,-0.5,46,Pune,Maharashtra Cricket Association Stadium,False,True,48,7,8.0,77,9.625,20,180,103,12.0,8.583333333333334,0,10
8.1,8,1,49,Rashid Khan,Ambati Rayudu,0,False,1.0,46,Pune,Maharashtra Cricket Association Stadium,False,True,49,8,8.166666666666666,77,9.428571428571429,20,180,103,11.833333333333334,8.704225352112676,0,10
8.2,8,2,50,Rashid Khan,Ambati Rayudu,1,False,-0.5,46,Pune,Maharashtra Cricket Association Stadium,False,True,50,8,8.333333333333334,78,9.36,20,180,102,11.666666666666666,8.742857142857144,0,10
8.3,8,3,51,Rashid Khan,Shane Watson,0,False,1.0,46,Pune,Maharashtra Cricket Association Stadium,False,True,51,8,8.5,78,9.176470588235293,20,180,102,11.5,8.869565217391305,0,10
8.4,8,4,52,Rashid Khan,Shane Watson,1,False,-0.5,46,Pune,Maharashtra Cricket Association Stadium,False,True,52,8,8.666666666666666,79,9.115384615384617,20,180,101,11.333333333333334,8.911764705882353,0,10
8.5,8,5,53,Rashid Khan,Ambati Rayudu,4,False,-2.0,46,Pune,Maharashtra Cricket Association Stadium,False,True,53,8,8.833333333333334,83,9.39622641509434,20,180,97,11.166666666666666,8.686567164179104,0,10
8.6,8,6,54,Rashid Khan,Ambati Rayudu,0,False,1.0,46,Pune,Maharashtra Cricket Association Stadium,False,True,54,8,9.0,83,9.222222222222221,20,180,97,11.0,8.818181818181818,0,10
9.1,9,1,55,Sandeep Sharma,Shane Watson,2,False,-1.0,46,Pune,Maharashtra Cricket Association Stadium,False,True,55,9,9.166666666666666,85,9.272727272727273,20,180,95,10.833333333333334,8.769230769230768,0,10
9.2,9,2,56,Sandeep Sharma,Shane Watson,1,False,-0.5,46,Pune,Maharashtra Cricket Association Stadium,False,True,56,9,9.333333333333334,86,9.214285714285714,20,180,94,10.666666666666666,8.8125,0,10
9.3,9,3,57,Sandeep Sharma,Ambati Rayudu,1,False,-0.5,46,Pune,Maharashtra Cricket Association Stadium,False,True,57,9,9.5,87,9.157894736842104,20,180,93,10.5,8.857142857142858,0,10
9.4,9,4,58,Sandeep Sharma,Shane Watson,2,False,-1.0,46,Pune,Maharashtra Cricket Association Stadium,False,True,58,9,9.666666666666666,89,9.206896551724139,20,180,91,10.333333333333334,8.806451612903226,0,10
9.5,9,5,59,Sandeep Sharma,Shane Watson,0,False,1.0,46,Pune,Maharashtra Cricket Association Stadium,False,True,59,9,9.833333333333334,89,9.050847457627118,20,180,91,10.166666666666666,8.950819672131148,0,10
9.6,9,6,60,Sandeep Sharma,Shane Watson,4,False,-2.0,46,Pune,Maharashtra Cricket Association Stadium,False,True,60,9,10.0,93,9.3,20,180,87,10.0,8.7,0,10
10.1,10,1,61,Siddarth Kaul,Ambati Rayudu,1,False,-0.5,46,Pune,Maharashtra Cricket Association Stadium,False,True,61,10,10.166666666666666,94,9.245901639344263,20,180,86,9.833333333333334,8.745762711864407,0,10
10.2,10,2,62,Siddarth Kaul,Shane Watson,1,False,-0.5,46,Pune,Maharashtra Cricket Association Stadium,False,True,62,10,10.333333333333334,95,9.193548387096774,20,180,85,9.666666666666666,8.793103448275863,0,10
10.3,10,3,63,Siddarth Kaul,Ambati Rayudu,6,False,-3.0,46,Pune,Maharashtra Cricket Association Stadium,False,True,63,10,10.5,101,9.619047619047619,20,180,79,9.5,8.31578947368421,0,10
10.4,10,4,64,Siddarth Kaul,Ambati Rayudu,0,False,1.0,46,Pune,Maharashtra Cricket Association Stadium,False,True,64,10,10.666666666666666,101,9.46875,20,180,79,9.333333333333334,8.464285714285714,0,10
10.5,10,5,65,Siddarth Kaul,Ambati Rayudu,4,False,-2.0,46,Pune,Maharashtra Cricket Association Stadium,False,True,65,10,10.833333333333334,105,9.692307692307692,20,180,75,9.166666666666666,8.181818181818182,0,10
10.6,10,6,66,Siddarth Kaul,Ambati Rayudu,1,False,-0.5,46,Pune,Maharashtra Cricket Association Stadium,False,True,66,10,11.0,106,9.636363636363637,20,180,74,9.0,8.222222222222221,0,10
11.1,11,1,67,Rashid Khan,Ambati Rayudu,0,False,1.0,46,Pune,Maharashtra Cricket Association Stadium,False,True,67,11,11.166666666666666,106,9.492537313432836,20,180,74,8.833333333333334,8.377358490566037,0,10
11.2,11,2,68,Rashid Khan,Ambati Rayudu,6,False,-3.0,46,Pune,Maharashtra Cricket Association Stadium,False,True,68,11,11.333333333333334,112,9.88235294117647,20,180,68,8.666666666666666,7.846153846153847,0,10
11.3,11,3,69,Rashid Khan,Ambati Rayudu,0,False,1.0,46,Pune,Maharashtra Cricket Association Stadium,False,True,69,11,11.5,112,9.73913043478261,20,180,68,8.5,8.0,0,10
11.4,11,4,70,Rashid Khan,Ambati Rayudu,1,False,-0.5,46,Pune,Maharashtra Cricket Association Stadium,False,True,70,11,11.666666666666666,113,9.685714285714287,20,180,67,8.333333333333334,8.04,0,10
11.5,11,5,71,Rashid Khan,Shane Watson,1,False,-0.5,46,Pune,Maharashtra Cricket Association Stadium,False,True,71,11,11.833333333333334,114,9.633802816901408,20,180,66,8.166666666666666,8.081632653061225,0,10
11.6,11,6,72,Rashid Khan,Ambati Rayudu,0,False,1.0,46,Pune,Maharashtra Cricket Association Stadium,False,True,72,11,12.0,114,9.5,20,180,66,8.0,8.25,0,10
12.1,12,1,73,Bhuvneshwar Kumar,Shane Watson,1,False,-0.5,46,Pune,Maharashtra Cricket Association Stadium,False,True,73,12,12.166666666666666,115,9.452054794520548,20,180,65,7.833333333333334,8.297872340425531,0,10
12.2,12,2,74,Bhuvneshwar Kumar,Ambati Rayudu,2,False,-1.0,46,Pune,Maharashtra Cricket Association Stadium,False,True,74,12,12.333333333333334,117,9.486486486486486,20,180,63,7.666666666666666,8.217391304347826,0,10
12.3,12,3,75,Bhuvneshwar Kumar,Ambati Rayudu,0,False,1.0,46,Pune,Maharashtra Cricket Association Stadium,False,True,75,12,12.5,117,9.36,20,180,63,7.5,8.4,0,10
12.4,12,4,76,Bhuvneshwar Kumar,Ambati Rayudu,6,False,-3.0,46,Pune,Maharashtra Cricket Association Stadium,False,True,76,12,12.666666666666666,123,9.710526315789474,20,180,57,7.333333333333334,7.7727272727272725,0,10
12.5,12,5,77,Bhuvneshwar Kumar,Ambati Rayudu,1,False,-0.5,46,Pune,Maharashtra Cricket Association Stadium,False,True,77,12,12.833333333333334,124,9.662337662337661,20,180,56,7.166666666666666,7.813953488372094,0,10
12.6,12,6,78,Bhuvneshwar Kumar,Shane Watson,4,False,-2.0,46,Pune,Maharashtra Cricket Association Stadium,False,True,78,12,13.0,128,9.846153846153847,20,180,52,7.0,7.428571428571429,0,10
13.1,13,1,79,Shakib Al Hasan,Ambati Rayudu,6,False,-3.0,46,Pune,Maharashtra Cricket Association Stadium,False,True,79,13,13.166666666666666,134,10.177215189873419,20,180,46,6.833333333333334,6.7317073170731705,0,10
13.2,13,2,80,Shakib Al Hasan,Ambati Rayudu,0,False,1.0,46,Pune,Maharashtra Cricket Association Stadium,False,True,80,13,13.333333333333334,134,10.049999999999999,20,180,46,6.666666666666666,6.9,0,10
13.3,13,3,81,Shakib Al Hasan,Ambati Rayudu,0,True,5.0,46,Pune,Maharashtra Cricket Association Stadium,False,True,81,13,13.5,134,9.925925925925926,20,180,46,6.5,7.076923076923077,1,9
13.4,13,4,82,Shakib Al Hasan,Suresh Raina,1,False,-0.5,46,Pune,Maharashtra Cricket Association Stadium,False,True,82,13,13.666666666666666,135,9.878048780487806,20,180,45,6.333333333333334,7.105263157894736,1,9
13.5,13,5,83,Shakib Al Hasan,Ambati Rayudu,1,False,-0.5,46,Pune,Maharashtra Cricket Association Stadium,False,True,83,13,13.833333333333334,136,9.831325301204819,20,180,44,6.166666666666666,7.135135135135136,1,9
13.6,13,6,84,Shakib Al Hasan,Suresh Raina,1,False,-0.5,46,Pune,Maharashtra Cricket Association Stadium,False,True,84,13,14.0,137,9.785714285714286,20,180,43,6.0,7.166666666666667,1,9
14.1,14,1,85,Sandeep Sharma,Suresh Raina,0,True,5.0,46,Pune,Maharashtra Cricket Association Stadium,False,True,85,14,14.166666666666666,137,9.670588235294119,20,180,43,5.833333333333334,7.371428571428571,2,8
14.2,14,2,86,Sandeep Sharma,Ambati Rayudu,1,False,-0.5,46,Pune,Maharashtra Cricket Association Stadium,False,True,86,14,14.333333333333334,138,9.627906976744185,20,180,42,5.666666666666666,7.411764705882354,2,8
14.3,14,3,87,Sandeep Sharma,MS Dhoni,1,False,-0.5,46,Pune,Maharashtra Cricket Association Stadium,False,True,87,14,14.5,139,9.586206896551724,20,180,41,5.5,7.454545454545454,2,8
14.4,14,4,88,Sandeep Sharma,Ambati Rayudu,1,False,-0.5,46,Pune,Maharashtra Cricket Association Stadium,False,True,88,14,14.666666666666666,140,9.545454545454545,20,180,40,5.333333333333334,7.499999999999999,2,8
14.5,14,5,89,Sandeep Sharma,MS Dhoni,1,False,-0.5,46,Pune,Maharashtra Cricket Association Stadium,False,True,89,14,14.833333333333334,141,9.50561797752809,20,180,39,5.166666666666666,7.548387096774195,2,8
14.5,14,5,90,Sandeep Sharma,MS Dhoni,1,False,-1.0,46,Pune,Maharashtra Cricket Association Stadium,True,False,89,14,14.833333333333334,142,9.573033707865168,20,180,38,5.166666666666666,7.35483870967742,2,8
14.6,14,6,91,Sandeep Sharma,Ambati Rayudu,1,False,-0.5,46,Pune,Maharashtra Cricket Association Stadium,False,True,90,14,15.0,143,9.533333333333333,20,180,37,5.0,7.4,2,8
15.1,15,1,92,Shakib Al Hasan,Ambati Rayudu,1,False,-0.5,46,Pune,Maharashtra Cricket Association Stadium,False,True,91,15,15.166666666666666,144,9.494505494505495,20,180,36,4.833333333333334,7.448275862068964,2,8
15.2,15,2,93,Shakib Al Hasan,MS Dhoni,1,False,-0.5,46,Pune,Maharashtra Cricket Association Stadium,False,True,92,15,15.333333333333334,145,9.456521739130434,20,180,35,4.666666666666666,7.500000000000001,2,8
15.3,15,3,94,Shakib Al Hasan,Ambati Rayudu,1,False,-0.5,46,Pune,Maharashtra Cricket Association Stadium,False,True,93,15,15.5,146,9.419354838709678,20,180,34,4.5,7.555555555555555,2,8
15.4,15,4,95,Shakib Al Hasan,MS Dhoni,1,False,-0.5,46,Pune,Maharashtra Cricket Association Stadium,False,True,94,15,15.666666666666666,147,9.382978723404255,20,180,33,4.333333333333334,7.615384615384614,2,8
15.5,15,5,96,Shakib Al Hasan,Ambati Rayudu,6,False,-3.0,46,Pune,Maharashtra Cricket Association Stadium,False,True,95,15,15.833333333333334,153,9.663157894736841,20,180,27,4.166666666666666,6.480000000000001,2,8
15.6,15,6,97,Shakib Al Hasan,Ambati Rayudu,4,False,-2.0,46,Pune,Maharashtra Cricket Association Stadium,False,True,96,15,16.0,157,9.8125,20,180,23,4.0,5.75,2,8
16.1,16,1,98,Rashid Khan,MS Dhoni,0,False,1.0,46,Pune,Maharashtra Cricket Association Stadium,False,True,97,16,16.166666666666668,157,9.711340206185566,20,180,23,3.833333333333332,6.000000000000002,2,8
16.2,16,2,99,Rashid Khan,MS Dhoni,1,False,-0.5,46,Pune,Maharashtra Cricket Association Stadium,False,True,98,16,16.333333333333332,158,9.673469387755103,20,180,22,3.666666666666668,5.999999999999998,2,8
16.3,16,3,100,Rashid Khan,Ambati Rayudu,1,False,-0.5,46,Pune,Maharashtra Cricket Association Stadium,False,True,99,16,16.5,159,9.636363636363637,20,180,21,3.5,6.0,2,8
16.4,16,4,101,Rashid Khan,MS Dhoni,1,False,-0.5,46,Pune,Maharashtra Cricket Association Stadium,False,True,100,16,16.666666666666668,160,9.6,20,180,20,3.333333333333332,6.000000000000002,2,8
16.5,16,5,102,Rashid Khan,Ambati Rayudu,1,False,-0.5,46,Pune,Maharashtra Cricket Association Stadium,False,True,101,16,16.833333333333332,161,9.564356435643566,20,180,19,3.166666666666668,5.999999999999997,2,8
16.6,16,6,103,Rashid Khan,MS Dhoni,0,False,1.0,46,Pune,Maharashtra Cricket Association Stadium,False,True,102,16,17.0,161,9.470588235294118,20,180,19,3.0,6.333333333333333,2,8
17.1,17,1,104,Siddarth Kaul,Ambati Rayudu,1,False,-0.5,46,Pune,Maharashtra Cricket Association Stadium,False,True,103,17,17.166666666666668,162,9.436893203883495,20,180,18,2.833333333333332,6.3529411764705905,2,8
17.2,17,2,105,Siddarth Kaul,MS Dhoni,1,False,-0.5,46,Pune,Maharashtra Cricket Association Stadium,False,True,104,17,17.333333333333332,163,9.403846153846155,20,180,17,2.666666666666668,6.374999999999997,2,8
17.3,17,3,106,Siddarth Kaul,Ambati Rayudu,1,False,-0.5,46,Pune,Maharashtra Cricket Association Stadium,False,True,105,17,17.5,164,9.371428571428572,20,180,16,2.5,6.4,2,8
17.4,17,4,107,Siddarth Kaul,MS Dhoni,1,False,-0.5,46,Pune,Maharashtra Cricket Association Stadium,False,True,106,17,17.666666666666668,165,9.339622641509433,20,180,15,2.333333333333332,6.4285714285714315,2,8
17.5,17,5,108,Siddarth Kaul,Ambati Rayudu,1,False,-0.5,46,Pune,Maharashtra Cricket Association Stadium,False,True,107,17,17.833333333333332,166,9.308411214953273,20,180,14,2.166666666666668,6.461538461538458,2,8
17.6,17,6,109,Siddarth Kaul,MS Dhoni,6,False,-3.0,46,Pune,Maharashtra Cricket Association Stadium,False,True,108,17,18.0,172,9.555555555555555,20,180,8,2.0,4.0,2,8
18.1,18,1,110,Bhuvneshwar Kumar,Ambati Rayudu,0,False,1.0,46,Pune,Maharashtra Cricket Association Stadium,False,True,109,18,18.166666666666668,172,9.46788990825688,20,180,8,1.8333333333333321,4.363636363636367,2,8
18.2,18,2,111,Bhuvneshwar Kumar,Ambati Rayudu,1,False,-0.5,46,Pune,Maharashtra Cricket Association Stadium,False,True,110,18,18.333333333333332,173,9.436363636363637,20,180,7,1.6666666666666679,4.199999999999997,2,8
18.3,18,3,112,Bhuvneshwar Kumar,MS Dhoni,4,False,-2.0,46,Pune,Maharashtra Cricket Association Stadium,False,True,111,18,18.5,177,9.567567567567568,20,180,3,1.5,2.0,2,8
18.4,18,4,113,Bhuvneshwar Kumar,MS Dhoni,1,False,-0.5,46,Pune,Maharashtra Cricket Association Stadium,False,True,112,18,18.666666666666668,178,9.535714285714285,20,180,2,1.3333333333333321,1.5000000000000013,2,8
18.5,18,5,114,Bhuvneshwar Kumar,Ambati Rayudu,1,False,-0.5,46,Pune,Maharashtra Cricket Association Stadium,False,True,113,18,18.833333333333332,179,9.504424778761063,20,180,1,1.1666666666666679,0.8571428571428563,2,8
18.6,18,6,115,Bhuvneshwar Kumar,MS Dhoni,1,False,-0.5,46,Pune,Maharashtra Cricket Association Stadium,False,True,114,18,19.0,180,9.473684210526315,20,180,0,1.0,0.0,2,8
