Ball Number,over,ball,Ball,bowler,batsman,Runs,is_wicket,bowler_score,match_id,city,stadium,is_extra,legal_delivery,legal_deliveries_count,overs_completed,overs_bowled,total_runs,current_run_rate,total_overs,target,runs_needed,overs_remaining,required_run_rate,wickets_fallen,wickets_in_hand
0.1,0,1,1,Krishnappa Gowtham,Suryakumar Yadav,0,False,1.0,47,Mumbai,Wankhede Stadium,False,True,1,0,0.16666666666666666,0,0.0,20,169,169,19.833333333333332,8.521008403361344,0,10
0.2,0,2,2,Krishnappa Gowtham,Suryakumar Yadav,0,False,1.0,47,Mumbai,Wankhede Stadium,False,True,2,0,0.3333333333333333,0,0.0,20,169,169,19.666666666666668,8.59322033898305,0,10
0.3,0,3,3,Krishnappa Gowtham,Suryakumar Yadav,4,False,-2.0,47,Mumbai,Wankhede Stadium,False,True,3,0,0.5,4,8.0,20,169,165,19.5,8.461538461538462,0,10
0.4,0,4,4,Krishnappa Gowtham,Suryakumar Yadav,4,False,-2.0,47,Mumbai,Wankhede Stadium,False,True,4,0,0.6666666666666666,8,12.0,20,169,161,19.333333333333332,8.327586206896552,0,10
0.5,0,5,5,Krishnappa Gowtham,Suryakumar Yadav,1,False,-0.5,47,Mumbai,Wankhede Stadium,False,True,5,0,0.8333333333333334,9,10.799999999999999,20,169,160,19.166666666666668,8.347826086956522,0,10
0.6,0,6,6,Krishnappa Gowtham,Evin Lewis,1,False,-1.0,47,Mumbai,Wankhede Stadium,True,False,5,0,0.8333333333333334,10,12.0,20,169,159,19.166666666666668,8.295652173913043,0,10
0.6,0,6,7,Krishnappa Gowtham,Evin Lewis,4,False,-2.0,47,Mumbai,Wankhede Stadium,False,True,6,0,1.0,14,14.0,20,169,155,19.0,8.157894736842104,0,10
1.1,1,1,8,Dhawal Kulkarni,Suryakumar Yadav,0,False,1.0,47,Mumbai,Wankhede Stadium,False,True,7,1,1.1666666666666667,14,12.0,20,169,155,18.833333333333332,8.230088495575222,0,10
1.2,1,2,9,Dhawal Kulkarni,Suryakumar Yadav,4,False,-2.0,47,Mumbai,Wankhede Stadium,False,True,8,1,1.3333333333333333,18,13.5,20,169,151,18.666666666666668,8.089285714285714,0,10
1.3,1,3,10,Dhawal Kulkarni,Suryakumar Yadav,0,False,1.0,47,Mumbai,Wankhede Stadium,False,True,9,1,1.5,18,12.0,20,169,151,18.5,8.162162162162161,0,10
1.4,1,4,11,Dhawal Kulkarni,Suryakumar Yadav,1,False,-0.5,47,Mumbai,Wankhede Stadium,False,True,10,1,1.6666666666666665,19,11.4,20,169,150,18.333333333333332,8.181818181818182,0,10
1.5,1,5,12,Dhawal Kulkarni,Evin Lewis,0,False,1.0,47,Mumbai,Wankhede Stadium,False,True,11,1,1.8333333333333335,19,10.363636363636363,20,169,150,18.166666666666668,8.256880733944953,0,10
1.6,1,6,13,Dhawal Kulkarni,Evin Lewis,1,False,-0.5,47,Mumbai,Wankhede Stadium,False,True,12,1,2.0,20,10.0,20,169,149,18.0,8.277777777777779,0,10
2.1,2,1,14,Jofra Archer,Evin Lewis,0,False,1.0,47,Mumbai,Wankhede Stadium,False,True,13,2,2.1666666666666665,20,9.230769230769232,20,169,149,17.833333333333332,8.355140186915888,0,10
2.2,2,2,15,Jofra Archer,Evin Lewis,0,False,1.0,47,Mumbai,Wankhede Stadium,False,True,14,2,2.3333333333333335,20,8.571428571428571,20,169,149,17.666666666666668,8.433962264150942,0,10
2.3,2,3,16,Jofra Archer,Evin Lewis,1,False,-1.0,47,Mumbai,Wankhede Stadium,True,False,14,2,2.3333333333333335,21,9.0,20,169,148,17.666666666666668,8.377358490566037,0,10
2.3,2,3,17,Jofra Archer,Evin Lewis,0,False,1.0,47,Mumbai,Wankhede Stadium,False,True,15,2,2.5,21,8.4,20,169,148,17.5,8.457142857142857,0,10
2.4,2,4,18,Jofra Archer,Evin Lewis,3,False,-1.5,47,Mumbai,Wankhede Stadium,False,True,16,2,2.6666666666666665,24,9.0,20,169,145,17.333333333333332,8.365384615384617,0,10
2.5,2,5,19,N/A,N/A,0,False,0.0,47,Mumbai,Wankhede Stadium,False,True,17,2,2.8333333333333335,24,8.470588235294118,20,169,145,17.166666666666668,8.446601941747572,0,10
2.5,2,5,20,Jofra Archer,Suryakumar Yadav,1,False,-1.0,47,Mumbai,Wankhede Stadium,True,False,17,2,2.8333333333333335,25,8.823529411764705,20,169,144,17.166666666666668,8.388349514563107,0,10
2.6,2,6,21,Jofra Archer,Suryakumar Yadav,0,False,1.0,47,Mumbai,Wankhede Stadium,False,True,18,2,3.0,25,8.333333333333334,20,169,144,17.0,8.470588235294118,0,10
3.1,3,1,22,Dhawal Kulkarni,Evin Lewis,0,False,1.0,47,Mumbai,Wankhede Stadium,False,True,19,3,3.1666666666666665,25,7.894736842105264,20,169,144,16.833333333333332,8.554455445544555,0,10
3.2,3,2,23,Dhawal Kulkarni,Evin Lewis,1,False,-0.5,47,Mumbai,Wankhede Stadium,False,True,20,3,3.3333333333333335,26,7.8,20,169,143,16.666666666666668,8.58,0,10
3.3,3,3,24,Dhawal Kulkarni,Suryakumar Yadav,0,False,1.0,47,Mumbai,Wankhede Stadium,False,True,21,3,3.5,26,7.428571428571429,20,169,143,16.5,8.666666666666666,0,10
3.4,3,4,25,Dhawal Kulkarni,Suryakumar Yadav,4,False,-2.0,47,Mumbai,Wankhede Stadium,False,True,22,3,3.6666666666666665,30,8.181818181818182,20,169,139,16.333333333333332,8.510204081632654,0,10
3.5,3,5,26,Dhawal Kulkarni,Suryakumar Yadav,0,False,1.0,47,Mumbai,Wankhede Stadium,False,True,23,3,3.8333333333333335,30,7.826086956521739,20,169,139,16.166666666666668,8.597938144329897,0,10
3.6,3,6,27,Dhawal Kulkarni,Suryakumar Yadav,4,False,-2.0,47,Mumbai,Wankhede Stadium,False,True,24,3,4.0,34,8.5,20,169,135,16.0,8.4375,0,10
4.1,4,1,28,Ben Stokes,Evin Lewis,4,False,-2.0,47,Mumbai,Wankhede Stadium,False,True,25,4,4.166666666666667,38,9.12,20,169,131,15.833333333333332,8.273684210526316,0,10
4.2,4,2,29,Ben Stokes,Evin Lewis,0,False,1.0,47,Mumbai,Wankhede Stadium,False,True,26,4,4.333333333333333,38,8.76923076923077,20,169,131,15.666666666666668,8.361702127659575,0,10
4.3,4,3,30,Ben Stokes,Evin Lewis,1,False,-0.5,47,Mumbai,Wankhede Stadium,False,True,27,4,4.5,39,8.666666666666666,20,169,130,15.5,8.387096774193548,0,10
4.4,4,4,31,Ben Stokes,Suryakumar Yadav,0,False,1.0,47,Mumbai,Wankhede Stadium,False,True,28,4,4.666666666666667,39,8.357142857142856,20,169,130,15.333333333333332,8.478260869565219,0,10
4.5,4,5,32,Ben Stokes,Suryakumar Yadav,1,False,-0.5,47,Mumbai,Wankhede Stadium,False,True,29,4,4.833333333333333,40,8.275862068965518,20,169,129,15.166666666666668,8.505494505494505,0,10
4.6,4,6,33,Ben Stokes,Evin Lewis,0,False,1.0,47,Mumbai,Wankhede Stadium,False,True,30,4,5.0,40,8.0,20,169,129,15.0,8.6,0,10
5.1,5,1,34,Dhawal Kulkarni,Suryakumar Yadav,1,False,-0.5,47,Mumbai,Wankhede Stadium,False,True,31,5,5.166666666666667,41,7.935483870967741,20,169,128,14.833333333333332,8.629213483146069,0,10
5.2,5,2,35,Dhawal Kulkarni,Evin Lewis,0,False,1.0,47,Mumbai,Wankhede Stadium,False,True,32,5,5.333333333333333,41,7.6875,20,169,128,14.666666666666668,8.727272727272727,0,10
5.3,5,3,36,Dhawal Kulkarni,Evin Lewis,4,False,-2.0,47,Mumbai,Wankhede Stadium,False,True,33,5,5.5,45,8.181818181818182,20,169,124,14.5,8.551724137931034,0,10
5.4,5,4,37,Dhawal Kulkarni,Evin Lewis,1,False,-0.5,47,Mumbai,Wankhede Stadium,False,True,34,5,5.666666666666667,46,8.117647058823529,20,169,123,14.333333333333332,8.58139534883721,0,10
5.5,5,5,38,Dhawal Kulkarni,Suryakumar Yadav,1,False,-0.5,47,Mumbai,Wankhede Stadium,False,True,35,5,5.833333333333333,47,8.057142857142857,20,169,122,14.166666666666668,8.611764705882353,0,10
5.6,5,6,39,Dhawal Kulkarni,Evin Lewis,4,False,-2.0,47,Mumbai,Wankhede Stadium,False,True,36,5,6.0,51,8.5,20,169,118,14.0,8.428571428571429,0,10
6.1,6,1,40,Shreyas Gopal,Suryakumar Yadav,1,False,-0.5,47,Mumbai,Wankhede Stadium,False,True,37,6,6.166666666666667,52,8.432432432432432,20,169,117,13.833333333333332,8.457831325301205,0,10
6.2,6,2,41,Shreyas Gopal,Evin Lewis,1,False,-0.5,47,Mumbai,Wankhede Stadium,False,True,38,6,6.333333333333333,53,8.368421052631579,20,169,116,13.666666666666668,8.48780487804878,0,10
6.3,6,3,42,Shreyas Gopal,Suryakumar Yadav,0,False,1.0,47,Mumbai,Wankhede Stadium,False,True,39,6,6.5,53,8.153846153846153,20,169,116,13.5,8.592592592592593,0,10
6.4,6,4,43,Shreyas Gopal,Suryakumar Yadav,0,False,1.0,47,Mumbai,Wankhede Stadium,False,True,40,6,6.666666666666667,53,7.949999999999999,20,169,116,13.333333333333332,8.700000000000001,0,10
6.5,6,5,44,Shreyas Gopal,Suryakumar Yadav,1,False,-0.5,47,Mumbai,Wankhede Stadium,False,True,41,6,6.833333333333333,54,7.902439024390244,20,169,115,13.166666666666668,8.734177215189872,0,10
6.6,6,6,45,Shreyas Gopal,Evin Lewis,1,False,-0.5,47,Mumbai,Wankhede Stadium,False,True,42,6,7.0,55,7.857142857142857,20,169,114,13.0,8.76923076923077,0,10
7.1,7,1,46,Jaydev Unadkat,Evin Lewis,1,False,-0.5,47,Mumbai,Wankhede Stadium,False,True,43,7,7.166666666666667,56,7.813953488372093,20,169,113,12.833333333333332,8.805194805194805,0,10
7.2,7,2,47,Jaydev Unadkat,Suryakumar Yadav,0,False,1.0,47,Mumbai,Wankhede Stadium,False,True,44,7,7.333333333333333,56,7.636363636363637,20,169,113,12.666666666666668,8.921052631578947,0,10
7.3,7,3,48,Jaydev Unadkat,Suryakumar Yadav,4,False,-2.0,47,Mumbai,Wankhede Stadium,False,True,45,7,7.5,60,8.0,20,169,109,12.5,8.72,0,10
7.4,7,4,49,Jaydev Unadkat,Suryakumar Yadav,0,False,1.0,47,Mumbai,Wankhede Stadium,False,True,46,7,7.666666666666667,60,7.826086956521739,20,169,109,12.333333333333332,8.837837837837839,0,10
7.5,7,5,50,Jaydev Unadkat,Suryakumar Yadav,1,False,-0.5,47,Mumbai,Wankhede Stadium,False,True,47,7,7.833333333333333,61,7.787234042553192,20,169,108,12.166666666666668,8.876712328767123,0,10
7.6,7,6,51,Jaydev Unadkat,Evin Lewis,1,False,-0.5,47,Mumbai,Wankhede Stadium,False,True,48,7,8.0,62,7.75,20,169,107,12.0,8.916666666666666,0,10
8.1,8,1,52,Shreyas Gopal,Evin Lewis,6,False,-3.0,47,Mumbai,Wankhede Stadium,False,True,49,8,8.166666666666666,68,8.326530612244898,20,169,101,11.833333333333334,8.535211267605634,0,10
8.2,8,2,53,Shreyas Gopal,Evin Lewis,6,False,-3.0,47,Mumbai,Wankhede Stadium,False,True,50,8,8.333333333333334,74,8.879999999999999,20,169,95,11.666666666666666,8.142857142857144,0,10
8.3,8,3,54,Shreyas Gopal,Evin Lewis,2,False,-1.0,47,Mumbai,Wankhede Stadium,False,True,51,8,8.5,76,8.941176470588236,20,169,93,11.5,8.08695652173913,0,10
8.4,8,4,55,Shreyas Gopal,Evin Lewis,1,False,-0.5,47,Mumbai,Wankhede Stadium,False,True,52,8,8.666666666666666,77,8.884615384615385,20,169,92,11.333333333333334,8.117647058823529,0,10
8.5,8,5,56,Shreyas Gopal,Suryakumar Yadav,1,False,-0.5,47,Mumbai,Wankhede Stadium,False,True,53,8,8.833333333333334,78,8.830188679245282,20,169,91,11.166666666666666,8.149253731343284,0,10
8.6,8,6,57,Shreyas Gopal,Evin Lewis,1,False,-0.5,47,Mumbai,Wankhede Stadium,False,True,54,8,9.0,79,8.777777777777779,20,169,90,11.0,8.181818181818182,0,10
9.1,9,1,58,Jaydev Unadkat,Evin Lewis,0,False,1.0,47,Mumbai,Wankhede Stadium,False,True,55,9,9.166666666666666,79,8.618181818181819,20,169,90,10.833333333333334,8.307692307692307,0,10
9.2,9,2,59,Jaydev Unadkat,Evin Lewis,1,False,-0.5,47,Mumbai,Wankhede Stadium,False,True,56,9,9.333333333333334,80,8.571428571428571,20,169,89,10.666666666666666,8.34375,0,10
9.3,9,3,60,Jaydev Unadkat,Suryakumar Yadav,4,False,-2.0,47,Mumbai,Wankhede Stadium,False,True,57,9,9.5,84,8.842105263157896,20,169,85,10.5,8.095238095238095,0,10
9.4,9,4,61,Jaydev Unadkat,Suryakumar Yadav,1,False,-0.5,47,Mumbai,Wankhede Stadium,False,True,58,9,9.666666666666666,85,8.793103448275863,20,169,84,10.333333333333334,8.129032258064516,0,10
9.5,9,5,62,Jaydev Unadkat,Evin Lewis,0,False,1.0,47,Mumbai,Wankhede Stadium,False,True,59,9,9.833333333333334,85,8.64406779661017,20,169,84,10.166666666666666,8.262295081967213,0,10
9.6,9,6,63,Jaydev Unadkat,Evin Lewis,1,False,-0.5,47,Mumbai,Wankhede Stadium,False,True,60,9,10.0,86,8.6,20,169,83,10.0,8.3,0,10
10.1,10,1,64,Jofra Archer,Evin Lewis,0,False,1.0,47,Mumbai,Wankhede Stadium,False,True,61,10,10.166666666666666,86,8.459016393442623,20,169,83,9.833333333333334,8.440677966101694,0,10
10.2,10,2,65,Jofra Archer,Evin Lewis,0,False,1.0,47,Mumbai,Wankhede Stadium,False,True,62,10,10.333333333333334,86,8.32258064516129,20,169,83,9.666666666666666,8.586206896551724,0,10
10.3,10,3,66,Jofra Archer,Evin Lewis,1,False,-0.25,47,Mumbai,Wankhede Stadium,False,True,63,10,10.5,87,8.285714285714286,20,169,82,9.5,8.631578947368421,0,10
10.4,10,4,67,Jofra Archer,Suryakumar Yadav,0,True,5.0,47,Mumbai,Wankhede Stadium,False,True,64,10,10.666666666666666,87,8.15625,20,169,82,9.333333333333334,8.785714285714285,1,9
10.5,10,5,68,Jofra Archer,Rohit Sharma,0,True,5.0,47,Mumbai,Wankhede Stadium,False,True,65,10,10.833333333333334,87,8.03076923076923,20,169,82,9.166666666666666,8.945454545454545,2,8
10.6,10,6,69,Jofra Archer,Ishan Kishan,2,False,-1.0,47,Mumbai,Wankhede Stadium,False,True,66,10,11.0,89,8.090909090909092,20,169,80,9.0,8.88888888888889,2,8
11.1,11,1,70,Krishnappa Gowtham,Evin Lewis,0,False,1.0,47,Mumbai,Wankhede Stadium,False,True,67,11,11.166666666666666,89,7.970149253731344,20,169,80,8.833333333333334,9.056603773584905,2,8
11.2,11,2,71,Krishnappa Gowtham,Evin Lewis,0,False,1.0,47,Mumbai,Wankhede Stadium,False,True,68,11,11.333333333333334,89,7.852941176470588,20,169,80,8.666666666666666,9.230769230769232,2,8
11.3,11,3,72,Krishnappa Gowtham,Evin Lewis,1,False,-0.5,47,Mumbai,Wankhede Stadium,False,True,69,11,11.5,90,7.826086956521739,20,169,79,8.5,9.294117647058824,2,8
11.4,11,4,73,Krishnappa Gowtham,Ishan Kishan,0,False,1.0,47,Mumbai,Wankhede Stadium,False,True,70,11,11.666666666666666,90,7.714285714285714,20,169,79,8.333333333333334,9.479999999999999,2,8
11.5,11,5,74,Krishnappa Gowtham,Ishan Kishan,1,False,-0.5,47,Mumbai,Wankhede Stadium,False,True,71,11,11.833333333333334,91,7.690140845070422,20,169,78,8.166666666666666,9.551020408163266,2,8
11.6,11,6,75,Krishnappa Gowtham,Evin Lewis,1,False,-1.0,47,Mumbai,Wankhede Stadium,True,False,71,11,11.833333333333334,92,7.774647887323943,20,169,77,8.166666666666666,9.428571428571429,2,8
11.6,11,6,76,Krishnappa Gowtham,Evin Lewis,6,False,-3.0,47,Mumbai,Wankhede Stadium,False,True,72,11,12.0,98,8.166666666666666,20,169,71,8.0,8.875,2,8
12.1,12,1,77,Ben Stokes,Ishan Kishan,1,False,-0.5,47,Mumbai,Wankhede Stadium,False,True,73,12,12.166666666666666,99,8.136986301369863,20,169,70,7.833333333333334,8.936170212765957,2,8
12.2,12,2,78,Ben Stokes,Evin Lewis,0,False,1.0,47,Mumbai,Wankhede Stadium,False,True,74,12,12.333333333333334,99,8.027027027027026,20,169,70,7.666666666666666,9.130434782608697,2,8
12.3,12,3,79,Ben Stokes,Evin Lewis,1,False,-0.5,47,Mumbai,Wankhede Stadium,False,True,75,12,12.5,100,8.0,20,169,69,7.5,9.2,2,8
12.4,12,4,80,Ben Stokes,Ishan Kishan,1,False,-0.5,47,Mumbai,Wankhede Stadium,False,True,76,12,12.666666666666666,101,7.973684210526316,20,169,68,7.333333333333334,9.272727272727272,2,8
12.5,12,5,81,Ben Stokes,Evin Lewis,1,False,-0.5,47,Mumbai,Wankhede Stadium,False,True,77,12,12.833333333333334,102,7.948051948051948,20,169,67,7.166666666666666,9.348837209302326,2,8
12.6,12,6,82,Ben Stokes,Ishan Kishan,0,False,1.0,47,Mumbai,Wankhede Stadium,False,True,78,12,13.0,102,7.846153846153846,20,169,67,7.0,9.571428571428571,2,8
13.1,13,1,83,Dhawal Kulkarni,Evin Lewis,6,False,-3.0,47,Mumbai,Wankhede Stadium,False,True,79,13,13.166666666666666,108,8.202531645569621,20,169,61,6.833333333333334,8.926829268292682,2,8
13.2,13,2,84,Dhawal Kulkarni,Evin Lewis,0,True,5.0,47,Mumbai,Wankhede Stadium,False,True,80,13,13.333333333333334,108,8.1,20,169,61,6.666666666666666,9.15,3,7
13.3,13,3,85,Dhawal Kulkarni,Ishan Kishan,2,False,-1.0,47,Mumbai,Wankhede Stadium,False,True,81,13,13.5,110,8.148148148148149,20,169,59,6.5,9.076923076923077,3,7
13.4,13,4,86,Dhawal Kulkarni,Ishan Kishan,4,False,-2.0,47,Mumbai,Wankhede Stadium,False,True,82,13,13.666666666666666,114,8.341463414634147,20,169,55,6.333333333333334,8.68421052631579,3,7
13.5,13,5,87,Dhawal Kulkarni,Ishan Kishan,1,False,-0.5,47,Mumbai,Wankhede Stadium,False,True,83,13,13.833333333333334,115,8.313253012048193,20,169,54,6.166666666666666,8.756756756756758,3,7
13.6,13,6,88,Dhawal Kulkarni,Hardik Pandya,4,False,-2.0,47,Mumbai,Wankhede Stadium,False,True,84,13,14.0,119,8.5,20,169,50,6.0,8.333333333333334,3,7
14.1,14,1,89,Ben Stokes,Ishan Kishan,0,False,1.0,47,Mumbai,Wankhede Stadium,False,True,85,14,14.166666666666666,119,8.4,20,169,50,5.833333333333334,8.571428571428571,3,7
14.2,14,2,90,Ben Stokes,Ishan Kishan,0,True,5.0,47,Mumbai,Wankhede Stadium,False,True,86,14,14.333333333333334,119,8.30232558139535,20,169,50,5.666666666666666,8.823529411764707,4,6
14.3,14,3,91,Ben Stokes,Hardik Pandya,0,False,1.0,47,Mumbai,Wankhede Stadium,False,True,87,14,14.5,119,8.206896551724139,20,169,50,5.5,9.090909090909092,4,6
14.4,14,4,92,Ben Stokes,Hardik Pandya,1,False,-0.5,47,Mumbai,Wankhede Stadium,False,True,88,14,14.666666666666666,120,8.181818181818182,20,169,49,5.333333333333334,9.187499999999998,4,6
14.5,14,5,93,Ben Stokes,Krunal Pandya,1,False,-1.0,47,Mumbai,Wankhede Stadium,True,False,88,14,14.666666666666666,121,8.25,20,169,48,5.333333333333334,8.999999999999998,4,6
14.5,14,5,94,Ben Stokes,Krunal Pandya,1,False,-0.5,47,Mumbai,Wankhede Stadium,False,True,89,14,14.833333333333334,122,8.224719101123595,20,169,47,5.166666666666666,9.096774193548388,4,6
14.6,14,6,95,Ben Stokes,Hardik Pandya,1,False,-0.5,47,Mumbai,Wankhede Stadium,False,True,90,14,15.0,123,8.2,20,169,46,5.0,9.2,4,6
15.1,15,1,96,Jofra Archer,Hardik Pandya,1,False,-0.5,47,Mumbai,Wankhede Stadium,False,True,91,15,15.166666666666666,124,8.175824175824177,20,169,45,4.833333333333334,9.310344827586206,4,6
15.2,15,2,97,Jofra Archer,Krunal Pandya,1,False,-0.5,47,Mumbai,Wankhede Stadium,False,True,92,15,15.333333333333334,125,8.152173913043478,20,169,44,4.666666666666666,9.42857142857143,4,6
15.3,15,3,98,Jofra Archer,Hardik Pandya,1,False,-0.5,47,Mumbai,Wankhede Stadium,False,True,93,15,15.5,126,8.129032258064516,20,169,43,4.5,9.555555555555555,4,6
15.4,15,4,99,Jofra Archer,Krunal Pandya,1,False,-0.5,47,Mumbai,Wankhede Stadium,False,True,94,15,15.666666666666666,127,8.106382978723405,20,169,42,4.333333333333334,9.692307692307692,4,6
15.5,15,5,100,Jofra Archer,Hardik Pandya,1,False,-0.5,47,Mumbai,Wankhede Stadium,False,True,95,15,15.833333333333334,128,8.08421052631579,20,169,41,4.166666666666666,9.840000000000002,4,6
15.6,15,6,101,Jofra Archer,Krunal Pandya,0,False,1.0,47,Mumbai,Wankhede Stadium,False,True,96,15,16.0,128,8.0,20,169,41,4.0,10.25,4,6
16.1,16,1,102,Jaydev Unadkat,Hardik Pandya,2,False,-1.0,47,Mumbai,Wankhede Stadium,False,True,97,16,16.166666666666668,130,8.041237113402062,20,169,39,3.833333333333332,10.173913043478263,4,6
16.2,16,2,103,Jaydev Unadkat,Hardik Pandya,1,False,-0.5,47,Mumbai,Wankhede Stadium,False,True,98,16,16.333333333333332,131,8.020408163265307,20,169,38,3.666666666666668,10.36363636363636,4,6
16.3,16,3,104,Jaydev Unadkat,Krunal Pandya,0,False,1.0,47,Mumbai,Wankhede Stadium,False,True,99,16,16.5,131,7.9393939393939394,20,169,38,3.5,10.857142857142858,4,6
16.4,16,4,105,Jaydev Unadkat,Krunal Pandya,0,False,1.0,47,Mumbai,Wankhede Stadium,False,True,100,16,16.666666666666668,131,7.859999999999999,20,169,38,3.333333333333332,11.400000000000004,4,6
16.5,16,5,106,Jaydev Unadkat,Krunal Pandya,0,True,5.0,47,Mumbai,Wankhede Stadium,False,True,101,16,16.833333333333332,131,7.782178217821783,20,169,38,3.166666666666668,11.999999999999995,5,5
16.6,16,6,107,Jaydev Unadkat,Hardik Pandya,1,False,-0.5,47,Mumbai,Wankhede Stadium,False,True,102,16,17.0,132,7.764705882352941,20,169,37,3.0,12.333333333333334,5,5
17.1,17,1,108,Jofra Archer,Hardik Pandya,1,False,-1.0,47,Mumbai,Wankhede Stadium,True,False,102,16,17.0,133,7.823529411764706,20,169,36,3.0,12.0,5,5
17.1,17,1,109,Jofra Archer,Hardik Pandya,0,False,1.0,47,Mumbai,Wankhede Stadium,False,True,103,17,17.166666666666668,133,7.74757281553398,20,169,36,2.833333333333332,12.705882352941181,5,5
17.2,17,2,110,Jofra Archer,Hardik Pandya,1,False,-0.5,47,Mumbai,Wankhede Stadium,False,True,104,17,17.333333333333332,134,7.730769230769232,20,169,35,2.666666666666668,13.124999999999995,5,5
17.3,17,3,111,Jofra Archer,Ben Cutting,0,False,1.0,47,Mumbai,Wankhede Stadium,False,True,105,17,17.5,134,7.6571428571428575,20,169,35,2.5,14.0,5,5
17.4,17,4,112,Jofra Archer,Ben Cutting,1,False,-0.5,47,Mumbai,Wankhede Stadium,False,True,106,17,17.666666666666668,135,7.641509433962264,20,169,34,2.333333333333332,14.571428571428578,5,5
17.5,17,5,113,Jofra Archer,Hardik Pandya,1,False,-0.5,47,Mumbai,Wankhede Stadium,False,True,107,17,17.833333333333332,136,7.626168224299066,20,169,33,2.166666666666668,15.230769230769223,5,5
17.6,17,6,114,Jofra Archer,Ben Cutting,0,False,1.0,47,Mumbai,Wankhede Stadium,False,True,108,17,18.0,136,7.555555555555555,20,169,33,2.0,16.5,5,5
18.1,18,1,115,Jaydev Unadkat,Hardik Pandya,6,False,-3.0,47,Mumbai,Wankhede Stadium,False,True,109,18,18.166666666666668,142,7.816513761467889,20,169,27,1.8333333333333321,14.727272727272737,5,5
18.2,18,2,116,Jaydev Unadkat,Hardik Pandya,4,False,-2.0,47,Mumbai,Wankhede Stadium,False,True,110,18,18.333333333333332,146,7.963636363636364,20,169,23,1.6666666666666679,13.79999999999999,5,5
18.3,18,3,117,Jaydev Unadkat,Hardik Pandya,1,False,-1.0,47,Mumbai,Wankhede Stadium,True,False,110,18,18.333333333333332,147,8.01818181818182,20,169,22,1.6666666666666679,13.19999999999999,5,5
18.3,18,3,118,Jaydev Unadkat,Hardik Pandya,6,False,-3.0,47,Mumbai,Wankhede Stadium,False,True,111,18,18.5,153,8.27027027027027,20,169,16,1.5,10.666666666666666,5,5
18.4,18,4,119,Jaydev Unadkat,Hardik Pandya,1,False,-0.5,47,Mumbai,Wankhede Stadium,False,True,112,18,18.666666666666668,154,8.25,20,169,15,1.3333333333333321,11.25000000000001,5,5
18.5,18,5,120,Jaydev Unadkat,Ben Cutting,1,False,-0.5,47,Mumbai,Wankhede Stadium,False,True,113,18,18.833333333333332,155,8.230088495575222,20,169,14,1.1666666666666679,11.999999999999988,5,5
18.6,18,6,121,Jaydev Unadkat,Hardik Pandya,0,False,1.0,47,Mumbai,Wankhede Stadium,False,True,114,18,19.0,155,8.157894736842104,20,169,14,1.0,14.0,5,5
19.1,19,1,122,Ben Stokes,Ben Cutting,6,False,-3.0,47,Mumbai,Wankhede Stadium,False,True,115,19,19.166666666666668,161,8.4,20,169,8,0.8333333333333321,9.600000000000014,5,5
19.2,19,2,123,Ben Stokes,Ben Cutting,1,False,-0.25,47,Mumbai,Wankhede Stadium,False,True,116,19,19.333333333333332,162,8.379310344827587,20,169,7,0.6666666666666679,10.499999999999982,5,5
19.3,19,3,124,Ben Stokes,Hardik Pandya,4,False,-2.0,47,Mumbai,Wankhede Stadium,False,True,117,19,19.5,166,8.512820512820513,20,169,3,0.5,6.0,5,5
19.4,19,4,125,Ben Stokes,Hardik Pandya,0,False,1.0,47,Mumbai,Wankhede Stadium,False,True,118,19,19.666666666666668,166,8.440677966101694,20,169,3,0.33333333333333215,9.000000000000032,5,5
19.5,19,5,126,Ben Stokes,Hardik Pandya,0,True,5.0,47,Mumbai,Wankhede Stadium,False,True,119,19,19.833333333333332,166,8.369747899159664,20,169,3,0.16666666666666785,17.999999999999872,6,4
19.6,19,6,127,Ben Stokes,Ben Cutting,2,False,-1.0,47,Mumbai,Wankhede Stadium,False,True,120,19,20.0,168,8.4,20,169,1,0.0,inf,6,4
