Ball Number,over,ball,Ball,bowler,batsman,Runs,is_wicket,bowler_score,match_id,city,stadium,is_extra,legal_delivery,legal_deliveries_count,overs_completed,overs_bowled,total_runs,current_run_rate,total_overs,target,runs_needed,overs_remaining,required_run_rate,wickets_fallen,wickets_in_hand
0.1,0,1,1,Jasprit Bumrah,DJM Short,4,False,-2.0,47,Mumbai,Wankhede Stadium,False,True,1,0,0.16666666666666666,4,24.0,20,169,165,19.833333333333332,8.319327731092438,0,10
0.2,0,2,2,Jasprit Bumrah,DJM Short,5,False,-1.0,47,Mumbai,Wankhede Stadium,True,False,1,0,0.16666666666666666,9,54.0,20,169,160,19.833333333333332,8.067226890756302,0,10
0.2,0,2,3,Jasprit Bumrah,DJM Short,0,False,1.0,47,Mumbai,Wankhede Stadium,False,True,2,0,0.3333333333333333,9,27.0,20,169,160,19.666666666666668,8.135593220338983,0,10
0.3,0,3,4,Jasprit Bumrah,DJM Short,0,False,1.0,47,Mumbai,Wankhede Stadium,False,True,3,0,0.5,9,18.0,20,169,160,19.5,8.205128205128204,0,10
0.4,0,4,5,Jasprit Bumrah,DJM Short,0,False,1.0,47,Mumbai,Wankhede Stadium,False,True,4,0,0.6666666666666666,9,13.5,20,169,160,19.333333333333332,8.275862068965518,0,10
0.5,0,5,6,Jasprit Bumrah,DJM Short,0,True,5.0,47,Mumbai,Wankhede Stadium,False,True,5,0,0.8333333333333334,9,10.799999999999999,20,169,160,19.166666666666668,8.347826086956522,1,9
0.6,0,6,7,Jasprit Bumrah,Ajinkya Rahane,4,False,-2.0,47,Mumbai,Wankhede Stadium,False,True,6,0,1.0,13,13.0,20,169,156,19.0,8.210526315789474,1,9
1.1,1,1,8,Mitchell McClenaghan,Jos Buttler,0,False,1.0,47,Mumbai,Wankhede Stadium,False,True,7,1,1.1666666666666667,13,11.142857142857142,20,169,156,18.833333333333332,8.283185840707965,1,9
1.2,1,2,9,Mitchell McClenaghan,Jos Buttler,1,False,-0.5,47,Mumbai,Wankhede Stadium,False,True,8,1,1.3333333333333333,14,10.5,20,169,155,18.666666666666668,8.303571428571429,1,9
1.3,1,3,10,Mitchell McClenaghan,Ajinkya Rahane,1,False,-0.5,47,Mumbai,Wankhede Stadium,False,True,9,1,1.5,15,10.0,20,169,154,18.5,8.324324324324325,1,9
1.4,1,4,11,Mitchell McClenaghan,Jos Buttler,1,False,-1.0,47,Mumbai,Wankhede Stadium,True,False,9,1,1.5,16,10.666666666666666,20,169,153,18.5,8.27027027027027,1,9
1.4,1,4,12,Mitchell McClenaghan,Jos Buttler,1,False,-0.5,47,Mumbai,Wankhede Stadium,False,True,10,1,1.6666666666666665,17,10.200000000000001,20,169,152,18.333333333333332,8.290909090909091,1,9
1.5,1,5,13,Mitchell McClenaghan,Ajinkya Rahane,0,False,1.0,47,Mumbai,Wankhede Stadium,False,True,11,1,1.8333333333333335,17,9.272727272727272,20,169,152,18.166666666666668,8.36697247706422,1,9
1.6,1,6,14,Mitchell McClenaghan,Ajinkya Rahane,1,False,-0.25,47,Mumbai,Wankhede Stadium,False,True,12,1,2.0,18,9.0,20,169,151,18.0,8.38888888888889,1,9
2.1,2,1,15,Krunal Pandya,Ajinkya Rahane,1,False,-0.5,47,Mumbai,Wankhede Stadium,False,True,13,2,2.1666666666666665,19,8.76923076923077,20,169,150,17.833333333333332,8.41121495327103,1,9
2.2,2,2,16,Krunal Pandya,Jos Buttler,1,False,-0.5,47,Mumbai,Wankhede Stadium,False,True,14,2,2.3333333333333335,20,8.571428571428571,20,169,149,17.666666666666668,8.433962264150942,1,9
2.3,2,3,17,Krunal Pandya,Ajinkya Rahane,1,False,-0.5,47,Mumbai,Wankhede Stadium,False,True,15,2,2.5,21,8.4,20,169,148,17.5,8.457142857142857,1,9
2.4,2,4,18,Krunal Pandya,Jos Buttler,0,False,1.0,47,Mumbai,Wankhede Stadium,False,True,16,2,2.6666666666666665,21,7.875,20,169,148,17.333333333333332,8.538461538461538,1,9
2.5,2,5,19,Krunal Pandya,Jos Buttler,1,False,-0.5,47,Mumbai,Wankhede Stadium,False,True,17,2,2.8333333333333335,22,7.764705882352941,20,169,147,17.166666666666668,8.563106796116504,1,9
2.6,2,6,20,Krunal Pandya,Ajinkya Rahane,1,False,-0.5,47,Mumbai,Wankhede Stadium,False,True,18,2,3.0,23,7.666666666666667,20,169,146,17.0,8.588235294117647,1,9
3.1,3,1,21,Mitchell McClenaghan,Ajinkya Rahane,4,False,-2.0,47,Mumbai,Wankhede Stadium,False,True,19,3,3.1666666666666665,27,8.526315789473685,20,169,142,16.833333333333332,8.435643564356436,1,9
3.2,3,2,22,Mitchell McClenaghan,Ajinkya Rahane,0,False,1.0,47,Mumbai,Wankhede Stadium,False,True,20,3,3.3333333333333335,27,8.1,20,169,142,16.666666666666668,8.52,1,9
3.3,3,3,23,Mitchell McClenaghan,Ajinkya Rahane,1,False,-1.0,47,Mumbai,Wankhede Stadium,True,False,20,3,3.3333333333333335,28,8.4,20,169,141,16.666666666666668,8.459999999999999,1,9
3.3,3,3,24,Mitchell McClenaghan,Ajinkya Rahane,0,False,1.0,47,Mumbai,Wankhede Stadium,False,True,21,3,3.5,28,8.0,20,169,141,16.5,8.545454545454545,1,9
3.4,3,4,25,Mitchell McClenaghan,Ajinkya Rahane,4,False,-2.0,47,Mumbai,Wankhede Stadium,False,True,22,3,3.6666666666666665,32,8.727272727272728,20,169,137,16.333333333333332,8.387755102040817,1,9
3.5,3,5,26,Mitchell McClenaghan,Ajinkya Rahane,1,False,-0.5,47,Mumbai,Wankhede Stadium,False,True,23,3,3.8333333333333335,33,8.608695652173912,20,169,136,16.166666666666668,8.412371134020617,1,9
3.6,3,6,27,Mitchell McClenaghan,Jos Buttler,0,False,1.0,47,Mumbai,Wankhede Stadium,False,True,24,3,4.0,33,8.25,20,169,136,16.0,8.5,1,9
4.1,4,1,28,Krunal Pandya,Ajinkya Rahane,0,False,1.0,47,Mumbai,Wankhede Stadium,False,True,25,4,4.166666666666667,33,7.919999999999999,20,169,136,15.833333333333332,8.589473684210526,1,9
4.2,4,2,29,Krunal Pandya,Ajinkya Rahane,1,False,-0.5,47,Mumbai,Wankhede Stadium,False,True,26,4,4.333333333333333,34,7.846153846153847,20,169,135,15.666666666666668,8.617021276595745,1,9
4.3,4,3,30,Krunal Pandya,Jos Buttler,4,False,-2.0,47,Mumbai,Wankhede Stadium,False,True,27,4,4.5,38,8.444444444444445,20,169,131,15.5,8.451612903225806,1,9
4.4,4,4,31,Krunal Pandya,Jos Buttler,6,False,-3.0,47,Mumbai,Wankhede Stadium,False,True,28,4,4.666666666666667,44,9.428571428571429,20,169,125,15.333333333333332,8.152173913043478,1,9
4.5,4,5,32,Krunal Pandya,Jos Buttler,0,False,1.0,47,Mumbai,Wankhede Stadium,False,True,29,4,4.833333333333333,44,9.10344827586207,20,169,125,15.166666666666668,8.241758241758241,1,9
4.6,4,6,33,Krunal Pandya,Jos Buttler,0,False,1.0,47,Mumbai,Wankhede Stadium,False,True,30,4,5.0,44,8.8,20,169,125,15.0,8.333333333333334,1,9
5.1,5,1,34,Hardik Pandya,Ajinkya Rahane,2,False,-1.0,47,Mumbai,Wankhede Stadium,False,True,31,5,5.166666666666667,46,8.903225806451612,20,169,123,14.833333333333332,8.292134831460675,1,9
5.2,5,2,35,Hardik Pandya,Ajinkya Rahane,1,False,-0.5,47,Mumbai,Wankhede Stadium,False,True,32,5,5.333333333333333,47,8.8125,20,169,122,14.666666666666668,8.318181818181818,1,9
5.3,5,3,36,Hardik Pandya,Jos Buttler,0,False,1.0,47,Mumbai,Wankhede Stadium,False,True,33,5,5.5,47,8.545454545454545,20,169,122,14.5,8.413793103448276,1,9
5.4,5,4,37,Hardik Pandya,Jos Buttler,4,False,-2.0,47,Mumbai,Wankhede Stadium,False,True,34,5,5.666666666666667,51,9.0,20,169,118,14.333333333333332,8.232558139534884,1,9
5.5,5,5,38,Hardik Pandya,Jos Buttler,0,False,1.0,47,Mumbai,Wankhede Stadium,False,True,35,5,5.833333333333333,51,8.742857142857144,20,169,118,14.166666666666668,8.329411764705881,1,9
5.6,5,6,39,Hardik Pandya,Jos Buttler,0,False,1.0,47,Mumbai,Wankhede Stadium,False,True,36,5,6.0,51,8.5,20,169,118,14.0,8.428571428571429,1,9
6.1,6,1,40,Jasprit Bumrah,Ajinkya Rahane,1,False,-0.5,47,Mumbai,Wankhede Stadium,False,True,37,6,6.166666666666667,52,8.432432432432432,20,169,117,13.833333333333332,8.457831325301205,1,9
6.2,6,2,41,Jasprit Bumrah,Jos Buttler,1,False,-0.5,47,Mumbai,Wankhede Stadium,False,True,38,6,6.333333333333333,53,8.368421052631579,20,169,116,13.666666666666668,8.48780487804878,1,9
6.3,6,3,42,Jasprit Bumrah,Ajinkya Rahane,0,False,1.0,47,Mumbai,Wankhede Stadium,False,True,39,6,6.5,53,8.153846153846153,20,169,116,13.5,8.592592592592593,1,9
6.4,6,4,43,Jasprit Bumrah,Ajinkya Rahane,0,False,1.0,47,Mumbai,Wankhede Stadium,False,True,40,6,6.666666666666667,53,7.949999999999999,20,169,116,13.333333333333332,8.700000000000001,1,9
6.5,6,5,44,Jasprit Bumrah,Ajinkya Rahane,1,False,-0.5,47,Mumbai,Wankhede Stadium,False,True,41,6,6.833333333333333,54,7.902439024390244,20,169,115,13.166666666666668,8.734177215189872,1,9
6.6,6,6,45,Jasprit Bumrah,Jos Buttler,4,False,-2.0,47,Mumbai,Wankhede Stadium,False,True,42,6,7.0,58,8.285714285714286,20,169,111,13.0,8.538461538461538,1,9
7.1,7,1,46,Mayank Markande,Ajinkya Rahane,1,False,-0.5,47,Mumbai,Wankhede Stadium,False,True,43,7,7.166666666666667,59,8.232558139534884,20,169,110,12.833333333333332,8.571428571428573,1,9
7.2,7,2,47,Mayank Markande,Jos Buttler,4,False,-2.0,47,Mumbai,Wankhede Stadium,False,True,44,7,7.333333333333333,63,8.590909090909092,20,169,106,12.666666666666668,8.368421052631579,1,9
7.3,7,3,48,Mayank Markande,Jos Buttler,0,False,1.0,47,Mumbai,Wankhede Stadium,False,True,45,7,7.5,63,8.4,20,169,106,12.5,8.48,1,9
7.4,7,4,49,Mayank Markande,Jos Buttler,1,False,-0.5,47,Mumbai,Wankhede Stadium,False,True,46,7,7.666666666666667,64,8.347826086956522,20,169,105,12.333333333333332,8.513513513513514,1,9
7.5,7,5,50,Mayank Markande,Ajinkya Rahane,1,False,-0.5,47,Mumbai,Wankhede Stadium,False,True,47,7,7.833333333333333,65,8.297872340425533,20,169,104,12.166666666666668,8.54794520547945,1,9
7.6,7,6,51,Mayank Markande,Jos Buttler,1,False,-0.5,47,Mumbai,Wankhede Stadium,False,True,48,7,8.0,66,8.25,20,169,103,12.0,8.583333333333334,1,9
8.1,8,1,52,Krunal Pandya,Jos Buttler,1,False,-0.5,47,Mumbai,Wankhede Stadium,False,True,49,8,8.166666666666666,67,8.204081632653061,20,169,102,11.833333333333334,8.619718309859154,1,9
8.2,8,2,53,Krunal Pandya,Ajinkya Rahane,1,False,-0.5,47,Mumbai,Wankhede Stadium,False,True,50,8,8.333333333333334,68,8.16,20,169,101,11.666666666666666,8.657142857142858,1,9
8.3,8,3,54,Krunal Pandya,Jos Buttler,1,False,-0.5,47,Mumbai,Wankhede Stadium,False,True,51,8,8.5,69,8.117647058823529,20,169,100,11.5,8.695652173913043,1,9
8.4,8,4,55,Krunal Pandya,Ajinkya Rahane,1,False,-0.5,47,Mumbai,Wankhede Stadium,False,True,52,8,8.666666666666666,70,8.076923076923077,20,169,99,11.333333333333334,8.735294117647058,1,9
8.5,8,5,56,Krunal Pandya,Jos Buttler,0,False,1.0,47,Mumbai,Wankhede Stadium,False,True,53,8,8.833333333333334,70,7.924528301886792,20,169,99,11.166666666666666,8.865671641791046,1,9
8.6,8,6,57,Krunal Pandya,Jos Buttler,1,False,-0.5,47,Mumbai,Wankhede Stadium,False,True,54,8,9.0,71,7.888888888888889,20,169,98,11.0,8.909090909090908,1,9
9.1,9,1,58,Mayank Markande,Jos Buttler,0,False,1.0,47,Mumbai,Wankhede Stadium,False,True,55,9,9.166666666666666,71,7.745454545454546,20,169,98,10.833333333333334,9.046153846153846,1,9
9.2,9,2,59,Mayank Markande,Jos Buttler,2,False,-1.0,47,Mumbai,Wankhede Stadium,False,True,56,9,9.333333333333334,73,7.821428571428571,20,169,96,10.666666666666666,9.0,1,9
9.3,9,3,60,Mayank Markande,Jos Buttler,1,False,-0.5,47,Mumbai,Wankhede Stadium,False,True,57,9,9.5,74,7.7894736842105265,20,169,95,10.5,9.047619047619047,1,9
9.4,9,4,61,Mayank Markande,Ajinkya Rahane,1,False,-0.5,47,Mumbai,Wankhede Stadium,False,True,58,9,9.666666666666666,75,7.758620689655173,20,169,94,10.333333333333334,9.096774193548386,1,9
9.5,9,5,62,Mayank Markande,Jos Buttler,2,False,-1.0,47,Mumbai,Wankhede Stadium,False,True,59,9,9.833333333333334,77,7.830508474576271,20,169,92,10.166666666666666,9.049180327868854,1,9
9.6,9,6,63,Mayank Markande,Jos Buttler,6,False,-3.0,47,Mumbai,Wankhede Stadium,False,True,60,9,10.0,83,8.3,20,169,86,10.0,8.6,1,9
10.1,10,1,64,Krunal Pandya,Ajinkya Rahane,0,False,1.0,47,Mumbai,Wankhede Stadium,False,True,61,10,10.166666666666666,83,8.163934426229508,20,169,86,9.833333333333334,8.745762711864407,1,9
10.2,10,2,65,Krunal Pandya,Ajinkya Rahane,1,False,-0.5,47,Mumbai,Wankhede Stadium,False,True,62,10,10.333333333333334,84,8.129032258064516,20,169,85,9.666666666666666,8.793103448275863,1,9
10.3,10,3,66,Krunal Pandya,Jos Buttler,1,False,-0.5,47,Mumbai,Wankhede Stadium,False,True,63,10,10.5,85,8.095238095238095,20,169,84,9.5,8.842105263157896,1,9
10.4,10,4,67,Krunal Pandya,Ajinkya Rahane,0,False,1.0,47,Mumbai,Wankhede Stadium,False,True,64,10,10.666666666666666,85,7.96875,20,169,84,9.333333333333334,9.0,1,9
10.5,10,5,68,Krunal Pandya,Ajinkya Rahane,1,False,-0.5,47,Mumbai,Wankhede Stadium,False,True,65,10,10.833333333333334,86,7.938461538461538,20,169,83,9.166666666666666,9.054545454545455,1,9
10.6,10,6,69,Krunal Pandya,Jos Buttler,0,False,1.0,47,Mumbai,Wankhede Stadium,False,True,66,10,11.0,86,7.818181818181818,20,169,83,9.0,9.222222222222221,1,9
11.1,11,1,70,Hardik Pandya,Ajinkya Rahane,1,False,-0.5,47,Mumbai,Wankhede Stadium,False,True,67,11,11.166666666666666,87,7.791044776119404,20,169,82,8.833333333333334,9.283018867924527,1,9
11.2,11,2,71,Hardik Pandya,Jos Buttler,1,False,-0.5,47,Mumbai,Wankhede Stadium,False,True,68,11,11.333333333333334,88,7.764705882352941,20,169,81,8.666666666666666,9.346153846153847,1,9
11.3,11,3,72,Hardik Pandya,Ajinkya Rahane,4,False,-2.0,47,Mumbai,Wankhede Stadium,False,True,69,11,11.5,92,8.0,20,169,77,8.5,9.058823529411764,1,9
11.4,11,4,73,Hardik Pandya,Ajinkya Rahane,1,False,-0.5,47,Mumbai,Wankhede Stadium,False,True,70,11,11.666666666666666,93,7.9714285714285715,20,169,76,8.333333333333334,9.12,1,9
11.5,11,5,74,Hardik Pandya,Jos Buttler,2,False,-1.0,47,Mumbai,Wankhede Stadium,False,True,71,11,11.833333333333334,95,8.028169014084506,20,169,74,8.166666666666666,9.061224489795919,1,9
11.6,11,6,75,Hardik Pandya,Jos Buttler,4,False,-2.0,47,Mumbai,Wankhede Stadium,False,True,72,11,12.0,99,8.25,20,169,70,8.0,8.75,1,9
12.1,12,1,76,Mitchell McClenaghan,Ajinkya Rahane,0,False,1.0,47,Mumbai,Wankhede Stadium,False,True,73,12,12.166666666666666,99,8.136986301369863,20,169,70,7.833333333333334,8.936170212765957,1,9
12.2,12,2,77,Mitchell McClenaghan,Ajinkya Rahane,0,False,1.0,47,Mumbai,Wankhede Stadium,False,True,74,12,12.333333333333334,99,8.027027027027026,20,169,70,7.666666666666666,9.130434782608697,1,9
12.3,12,3,78,Mitchell McClenaghan,Ajinkya Rahane,1,False,-0.5,47,Mumbai,Wankhede Stadium,False,True,75,12,12.5,100,8.0,20,169,69,7.5,9.2,1,9
12.4,12,4,79,Mitchell McClenaghan,Jos Buttler,4,False,-2.0,47,Mumbai,Wankhede Stadium,False,True,76,12,12.666666666666666,104,8.210526315789474,20,169,65,7.333333333333334,8.863636363636363,1,9
12.5,12,5,80,Mitchell McClenaghan,Jos Buttler,0,False,1.0,47,Mumbai,Wankhede Stadium,False,True,77,12,12.833333333333334,104,8.103896103896103,20,169,65,7.166666666666666,9.069767441860465,1,9
12.6,12,6,81,Mitchell McClenaghan,Jos Buttler,0,False,1.0,47,Mumbai,Wankhede Stadium,False,True,78,12,13.0,104,8.0,20,169,65,7.0,9.285714285714286,1,9
13.1,13,1,82,Hardik Pandya,Ajinkya Rahane,0,True,5.0,47,Mumbai,Wankhede Stadium,False,True,79,13,13.166666666666666,104,7.89873417721519,20,169,65,6.833333333333334,9.512195121951219,2,8
13.2,13,2,83,Hardik Pandya,Sanju Samson,1,False,-0.5,47,Mumbai,Wankhede Stadium,False,True,80,13,13.333333333333334,105,7.875,20,169,64,6.666666666666666,9.600000000000001,2,8
13.3,13,3,84,Hardik Pandya,Jos Buttler,6,False,-3.0,47,Mumbai,Wankhede Stadium,False,True,81,13,13.5,111,8.222222222222221,20,169,58,6.5,8.923076923076923,2,8
13.4,13,4,85,Hardik Pandya,Jos Buttler,4,False,-2.0,47,Mumbai,Wankhede Stadium,False,True,82,13,13.666666666666666,115,8.414634146341463,20,169,54,6.333333333333334,8.526315789473683,2,8
13.5,13,5,86,Hardik Pandya,Jos Buttler,2,False,-1.0,47,Mumbai,Wankhede Stadium,False,True,83,13,13.833333333333334,117,8.457831325301205,20,169,52,6.166666666666666,8.432432432432433,2,8
13.6,13,6,87,Hardik Pandya,Jos Buttler,1,False,-0.5,47,Mumbai,Wankhede Stadium,False,True,84,13,14.0,118,8.428571428571429,20,169,51,6.0,8.5,2,8
14.1,14,1,88,Jasprit Bumrah,Jos Buttler,1,False,-0.5,47,Mumbai,Wankhede Stadium,False,True,85,14,14.166666666666666,119,8.4,20,169,50,5.833333333333334,8.571428571428571,2,8
14.2,14,2,89,Jasprit Bumrah,Sanju Samson,1,False,-0.5,47,Mumbai,Wankhede Stadium,False,True,86,14,14.333333333333334,120,8.372093023255813,20,169,49,5.666666666666666,8.647058823529413,2,8
14.3,14,3,90,Jasprit Bumrah,Jos Buttler,4,False,-2.0,47,Mumbai,Wankhede Stadium,False,True,87,14,14.5,124,8.551724137931034,20,169,45,5.5,8.181818181818182,2,8
14.4,14,4,91,Jasprit Bumrah,Jos Buttler,6,False,-3.0,47,Mumbai,Wankhede Stadium,False,True,88,14,14.666666666666666,130,8.863636363636363,20,169,39,5.333333333333334,7.312499999999999,2,8
14.5,14,5,92,Jasprit Bumrah,Jos Buttler,1,False,-0.5,47,Mumbai,Wankhede Stadium,False,True,89,14,14.833333333333334,131,8.831460674157302,20,169,38,5.166666666666666,7.35483870967742,2,8
14.6,14,6,93,Jasprit Bumrah,Sanju Samson,1,False,-0.5,47,Mumbai,Wankhede Stadium,False,True,90,14,15.0,132,8.8,20,169,37,5.0,7.4,2,8
15.1,15,1,94,Mayank Markande,Sanju Samson,4,False,-2.0,47,Mumbai,Wankhede Stadium,False,True,91,15,15.166666666666666,136,8.967032967032967,20,169,33,4.833333333333334,6.827586206896551,2,8
15.2,15,2,95,Mayank Markande,Sanju Samson,1,False,-0.5,47,Mumbai,Wankhede Stadium,False,True,92,15,15.333333333333334,137,8.934782608695652,20,169,32,4.666666666666666,6.857142857142858,2,8
15.3,15,3,96,N/A,N/A,0,False,0.0,47,Mumbai,Wankhede Stadium,False,True,93,15,15.5,137,8.838709677419354,20,169,32,4.5,7.111111111111111,2,8
15.4,15,4,97,Mayank Markande,Sanju Samson,4,False,-2.0,47,Mumbai,Wankhede Stadium,False,True,94,15,15.666666666666666,141,9.0,20,169,28,4.333333333333334,6.461538461538461,2,8
15.5,15,5,98,Mayank Markande,Sanju Samson,1,False,-0.5,47,Mumbai,Wankhede Stadium,False,True,95,15,15.833333333333334,142,8.968421052631578,20,169,27,4.166666666666666,6.480000000000001,2,8
15.6,15,6,99,Mayank Markande,Jos Buttler,1,False,-0.5,47,Mumbai,Wankhede Stadium,False,True,96,15,16.0,143,8.9375,20,169,26,4.0,6.5,2,8
16.1,16,1,100,Mitchell McClenaghan,Jos Buttler,1,False,-0.5,47,Mumbai,Wankhede Stadium,False,True,97,16,16.166666666666668,144,8.90721649484536,20,169,25,3.833333333333332,6.521739130434785,2,8
16.2,16,2,101,Mitchell McClenaghan,Sanju Samson,0,False,1.0,47,Mumbai,Wankhede Stadium,False,True,98,16,16.333333333333332,144,8.816326530612246,20,169,25,3.666666666666668,6.818181818181816,2,8
16.3,16,3,102,Mitchell McClenaghan,Sanju Samson,1,False,-0.5,47,Mumbai,Wankhede Stadium,False,True,99,16,16.5,145,8.787878787878787,20,169,24,3.5,6.857142857142857,2,8
16.4,16,4,103,Mitchell McClenaghan,Jos Buttler,1,False,-0.5,47,Mumbai,Wankhede Stadium,False,True,100,16,16.666666666666668,146,8.76,20,169,23,3.333333333333332,6.900000000000002,2,8
16.5,16,5,104,Mitchell McClenaghan,Sanju Samson,2,False,-1.0,47,Mumbai,Wankhede Stadium,True,False,100,16,16.666666666666668,148,8.879999999999999,20,169,21,3.333333333333332,6.3000000000000025,2,8
16.5,16,5,105,Mitchell McClenaghan,Jos Buttler,0,False,1.0,47,Mumbai,Wankhede Stadium,False,True,101,16,16.833333333333332,148,8.792079207920793,20,169,21,3.166666666666668,6.631578947368419,2,8
16.6,16,6,106,Mitchell McClenaghan,Jos Buttler,4,False,-2.0,47,Mumbai,Wankhede Stadium,False,True,102,16,17.0,152,8.941176470588236,20,169,17,3.0,5.666666666666667,2,8
17.1,17,1,107,Hardik Pandya,Sanju Samson,0,False,1.0,47,Mumbai,Wankhede Stadium,False,True,103,17,17.166666666666668,152,8.854368932038835,20,169,17,2.833333333333332,6.000000000000003,2,8
17.2,17,2,108,Hardik Pandya,Sanju Samson,6,False,-3.0,47,Mumbai,Wankhede Stadium,False,True,104,17,17.333333333333332,158,9.115384615384617,20,169,11,2.666666666666668,4.124999999999998,2,8
17.3,17,3,109,Hardik Pandya,Sanju Samson,6,False,-3.0,47,Mumbai,Wankhede Stadium,False,True,105,17,17.5,164,9.371428571428572,20,169,5,2.5,2.0,2,8
17.4,17,4,110,Hardik Pandya,Sanju Samson,0,False,1.0,47,Mumbai,Wankhede Stadium,False,True,106,17,17.666666666666668,164,9.283018867924527,20,169,5,2.333333333333332,2.142857142857144,2,8
17.5,17,5,111,Hardik Pandya,Sanju Samson,0,True,5.0,47,Mumbai,Wankhede Stadium,False,True,107,17,17.833333333333332,164,9.19626168224299,20,169,5,2.166666666666668,2.3076923076923066,3,7
17.6,17,6,112,Hardik Pandya,Jos Buttler,6,False,-3.0,47,Mumbai,Wankhede Stadium,False,True,108,17,18.0,170,9.444444444444445,20,169,0,2.0,0.0,3,7
