Ball Number,over,ball,Ball,bowler,batsman,Runs,is_wicket,bowler_score,match_id,city,stadium,is_extra,legal_delivery,legal_deliveries_count,overs_completed,overs_bowled,total_runs,current_run_rate,total_overs,target,runs_needed,overs_remaining,required_run_rate,wickets_fallen,wickets_in_hand
0.1,0,1,1,Ravichandran Ashwin,Virat Kohli,1,False,-0.5,48,Indore,Holkar Cricket Stadium,False,True,1,0,0.16666666666666666,1,6.0,20,89,88,19.833333333333332,4.436974789915967,0,10
0.2,0,2,2,Ravichandran Ashwin,Axar Patel,1,False,-0.5,48,Indore,Holkar Cricket Stadium,False,True,2,0,0.3333333333333333,2,6.0,20,89,87,19.666666666666668,4.423728813559322,0,10
0.3,0,3,3,Ravichandran Ashwin,Virat Kohli,1,False,-0.5,48,Indore,Holkar Cricket Stadium,False,True,3,0,0.5,3,6.0,20,89,86,19.5,4.410256410256411,0,10
0.4,0,4,4,Ravichandran Ashwin,Axar Patel,1,False,-0.5,48,Indore,Holkar Cricket Stadium,False,True,4,0,0.6666666666666666,4,6.0,20,89,85,19.333333333333332,4.3965517241379315,0,10
0.5,0,5,5,Ravichandran Ashwin,Virat Kohli,1,False,-0.5,48,Indore,Holkar Cricket Stadium,False,True,5,0,0.8333333333333334,5,6.0,20,89,84,19.166666666666668,4.3826086956521735,0,10
0.6,0,6,6,Ravichandran Ashwin,Axar Patel,4,False,-2.0,48,Indore,Holkar Cricket Stadium,False,True,6,0,1.0,9,9.0,20,89,80,19.0,4.2105263157894735,0,10
1.1,1,1,7,Andrew Tye,Virat Kohli,0,False,1.0,48,Indore,Holkar Cricket Stadium,False,True,7,1,1.1666666666666667,9,7.7142857142857135,20,89,80,18.833333333333332,4.247787610619469,0,10
1.2,1,2,8,Andrew Tye,Virat Kohli,0,False,1.0,48,Indore,Holkar Cricket Stadium,False,True,8,1,1.3333333333333333,9,6.75,20,89,80,18.666666666666668,4.285714285714286,0,10
1.3,1,3,9,Andrew Tye,Virat Kohli,1,False,-0.5,48,Indore,Holkar Cricket Stadium,False,True,9,1,1.5,10,6.666666666666667,20,89,79,18.5,4.27027027027027,0,10
1.4,1,4,10,Andrew Tye,Axar Patel,4,False,-2.0,48,Indore,Holkar Cricket Stadium,False,True,10,1,1.6666666666666665,14,8.4,20,89,75,18.333333333333332,4.090909090909091,0,10
1.5,1,5,11,Andrew Tye,Axar Patel,4,False,-2.0,48,Indore,Holkar Cricket Stadium,False,True,11,1,1.8333333333333335,18,9.818181818181817,20,89,71,18.166666666666668,3.9082568807339446,0,10
1.6,1,6,12,Andrew Tye,Axar Patel,2,False,-1.0,48,Indore,Holkar Cricket Stadium,False,True,12,1,2.0,20,10.0,20,89,69,18.0,3.8333333333333335,0,10
2.1,2,1,13,Ankit Rajpoot,Virat Kohli,6,False,-3.0,48,Indore,Holkar Cricket Stadium,False,True,13,2,2.1666666666666665,26,12.0,20,89,63,17.833333333333332,3.532710280373832,0,10
2.2,2,2,14,Ankit Rajpoot,Virat Kohli,4,False,-2.0,48,Indore,Holkar Cricket Stadium,False,True,14,2,2.3333333333333335,30,12.857142857142856,20,89,59,17.666666666666668,3.339622641509434,0,10
2.3,2,3,15,Ankit Rajpoot,Virat Kohli,0,False,1.0,48,Indore,Holkar Cricket Stadium,False,True,15,2,2.5,30,12.0,20,89,59,17.5,3.3714285714285714,0,10
2.4,2,4,16,Ankit Rajpoot,Virat Kohli,1,False,-1.0,48,Indore,Holkar Cricket Stadium,True,False,15,2,2.5,31,12.4,20,89,58,17.5,3.3142857142857145,0,10
2.4,2,4,17,Ankit Rajpoot,Virat Kohli,4,False,-2.0,48,Indore,Holkar Cricket Stadium,False,True,16,2,2.6666666666666665,35,13.125,20,89,54,17.333333333333332,3.1153846153846154,0,10
2.5,2,5,18,Ankit Rajpoot,Virat Kohli,1,False,-0.5,48,Indore,Holkar Cricket Stadium,False,True,17,2,2.8333333333333335,36,12.705882352941176,20,89,53,17.166666666666668,3.087378640776699,0,10
2.6,2,6,19,Ankit Rajpoot,Axar Patel,0,False,1.0,48,Indore,Holkar Cricket Stadium,False,True,18,2,3.0,36,12.0,20,89,53,17.0,3.1176470588235294,0,10
3.1,3,1,20,Andrew Tye,Virat Kohli,1,False,-0.5,48,Indore,Holkar Cricket Stadium,False,True,19,3,3.1666666666666665,37,11.68421052631579,20,89,52,16.833333333333332,3.089108910891089,0,10
3.2,3,2,21,Andrew Tye,Axar Patel,0,False,1.0,48,Indore,Holkar Cricket Stadium,False,True,20,3,3.3333333333333335,37,11.1,20,89,52,16.666666666666668,3.1199999999999997,0,10
3.3,3,3,22,Andrew Tye,Axar Patel,1,False,-0.5,48,Indore,Holkar Cricket Stadium,False,True,21,3,3.5,38,10.857142857142858,20,89,51,16.5,3.090909090909091,0,10
3.4,3,4,23,Andrew Tye,Virat Kohli,0,False,1.0,48,Indore,Holkar Cricket Stadium,False,True,22,3,3.6666666666666665,38,10.363636363636363,20,89,51,16.333333333333332,3.122448979591837,0,10
3.5,3,5,24,Andrew Tye,Virat Kohli,1,False,-0.25,48,Indore,Holkar Cricket Stadium,False,True,23,3,3.8333333333333335,39,10.17391304347826,20,89,50,16.166666666666668,3.092783505154639,0,10
3.6,3,6,25,Andrew Tye,Axar Patel,0,False,1.0,48,Indore,Holkar Cricket Stadium,False,True,24,3,4.0,39,9.75,20,89,50,16.0,3.125,0,10
4.1,4,1,26,Mohit Sharma,Virat Kohli,1,False,-0.5,48,Indore,Holkar Cricket Stadium,False,True,25,4,4.166666666666667,40,9.6,20,89,49,15.833333333333332,3.0947368421052635,0,10
4.2,4,2,27,Mohit Sharma,Axar Patel,4,False,-2.0,48,Indore,Holkar Cricket Stadium,False,True,26,4,4.333333333333333,44,10.153846153846155,20,89,45,15.666666666666668,2.8723404255319145,0,10
4.3,4,3,28,Mohit Sharma,Axar Patel,1,False,-0.5,48,Indore,Holkar Cricket Stadium,False,True,27,4,4.5,45,10.0,20,89,44,15.5,2.838709677419355,0,10
4.4,4,4,29,Mohit Sharma,Virat Kohli,1,False,-0.5,48,Indore,Holkar Cricket Stadium,False,True,28,4,4.666666666666667,46,9.857142857142856,20,89,43,15.333333333333332,2.8043478260869565,0,10
4.5,4,5,30,Mohit Sharma,Axar Patel,4,False,-2.0,48,Indore,Holkar Cricket Stadium,False,True,29,4,4.833333333333333,50,10.344827586206897,20,89,39,15.166666666666668,2.571428571428571,0,10
4.6,4,6,31,Mohit Sharma,Axar Patel,4,False,-2.0,48,Indore,Holkar Cricket Stadium,False,True,30,4,5.0,54,10.8,20,89,35,15.0,2.3333333333333335,0,10
5.1,5,1,32,Andrew Tye,Virat Kohli,0,False,1.0,48,Indore,Holkar Cricket Stadium,False,True,31,5,5.166666666666667,54,10.451612903225806,20,89,35,14.833333333333332,2.359550561797753,0,10
5.2,5,2,33,Andrew Tye,Virat Kohli,1,False,-0.5,48,Indore,Holkar Cricket Stadium,False,True,32,5,5.333333333333333,55,10.3125,20,89,34,14.666666666666668,2.318181818181818,0,10
5.3,5,3,34,Andrew Tye,Axar Patel,1,False,-0.5,48,Indore,Holkar Cricket Stadium,False,True,33,5,5.5,56,10.181818181818182,20,89,33,14.5,2.2758620689655173,0,10
5.4,5,4,35,Andrew Tye,Virat Kohli,0,False,1.0,48,Indore,Holkar Cricket Stadium,False,True,34,5,5.666666666666667,56,9.88235294117647,20,89,33,14.333333333333332,2.302325581395349,0,10
5.5,5,5,36,Andrew Tye,Virat Kohli,4,False,-2.0,48,Indore,Holkar Cricket Stadium,False,True,35,5,5.833333333333333,60,10.285714285714286,20,89,29,14.166666666666668,2.0470588235294116,0,10
5.6,5,6,37,Andrew Tye,Virat Kohli,6,False,-3.0,48,Indore,Holkar Cricket Stadium,False,True,36,5,6.0,66,11.0,20,89,23,14.0,1.6428571428571428,0,10
6.1,6,1,38,Marcus Stoinis,Axar Patel,1,False,-0.5,48,Indore,Holkar Cricket Stadium,False,True,37,6,6.166666666666667,67,10.864864864864865,20,89,22,13.833333333333332,1.5903614457831328,0,10
6.2,6,2,39,Marcus Stoinis,Virat Kohli,4,False,-2.0,48,Indore,Holkar Cricket Stadium,False,True,38,6,6.333333333333333,71,11.210526315789474,20,89,18,13.666666666666668,1.3170731707317072,0,10
6.3,6,3,40,Marcus Stoinis,Virat Kohli,1,False,-0.5,48,Indore,Holkar Cricket Stadium,False,True,39,6,6.5,72,11.076923076923077,20,89,17,13.5,1.2592592592592593,0,10
6.4,6,4,41,Marcus Stoinis,Axar Patel,2,False,-1.0,48,Indore,Holkar Cricket Stadium,False,True,40,6,6.666666666666667,74,11.1,20,89,15,13.333333333333332,1.125,0,10
6.5,6,5,42,Marcus Stoinis,Axar Patel,1,False,-0.25,48,Indore,Holkar Cricket Stadium,False,True,41,6,6.833333333333333,75,10.975609756097562,20,89,14,13.166666666666668,1.0632911392405062,0,10
6.6,6,6,43,Marcus Stoinis,Virat Kohli,4,False,-2.0,48,Indore,Holkar Cricket Stadium,False,True,42,6,7.0,79,11.285714285714286,20,89,10,13.0,0.7692307692307693,0,10
7.1,7,1,44,Andrew Tye,Axar Patel,1,False,-0.5,48,Indore,Holkar Cricket Stadium,False,True,43,7,7.166666666666667,80,11.162790697674419,20,89,9,12.833333333333332,0.7012987012987013,0,10
7.2,7,2,45,Andrew Tye,Virat Kohli,1,False,-0.5,48,Indore,Holkar Cricket Stadium,False,True,44,7,7.333333333333333,81,11.045454545454547,20,89,8,12.666666666666668,0.631578947368421,0,10
7.3,7,3,46,Andrew Tye,Axar Patel,0,False,1.0,48,Indore,Holkar Cricket Stadium,False,True,45,7,7.5,81,10.8,20,89,8,12.5,0.64,0,10
7.4,7,4,47,Andrew Tye,Axar Patel,4,False,-2.0,48,Indore,Holkar Cricket Stadium,False,True,46,7,7.666666666666667,85,11.08695652173913,20,89,4,12.333333333333332,0.32432432432432434,0,10
7.5,7,5,48,Andrew Tye,Axar Patel,1,False,-0.5,48,Indore,Holkar Cricket Stadium,False,True,47,7,7.833333333333333,86,10.97872340425532,20,89,3,12.166666666666668,0.2465753424657534,0,10
7.6,7,6,49,Andrew Tye,Virat Kohli,1,False,-0.5,48,Indore,Holkar Cricket Stadium,False,True,48,7,8.0,87,10.875,20,89,2,12.0,0.16666666666666666,0,10
8.1,8,1,50,Ankit Rajpoot,Virat Kohli,1,False,-1.0,48,Indore,Holkar Cricket Stadium,True,False,48,7,8.0,88,11.0,20,89,1,12.0,0.08333333333333333,0,10
8.1,8,1,51,Ankit Rajpoot,Virat Kohli,4,False,-2.0,48,Indore,Holkar Cricket Stadium,False,True,49,8,8.166666666666666,92,11.26530612244898,20,89,0,11.833333333333334,0.0,0,10
