Ball Number,over,ball,Ball,bowler,batsman,Runs,is_wicket,bowler_score,match_id,city,stadium,is_extra,legal_delivery,legal_deliveries_count,overs_completed,overs_bowled,total_runs,current_run_rate,total_overs,target,runs_needed,overs_remaining,required_run_rate,wickets_fallen,wickets_in_hand
0.1,0,1,1,Dhawal Kulkarni,Wriddhiman Saha,0,False,1.0,4,Uppal,Rajiv Gandhi International Stadium,False,True,1,0,0.16666666666666666,0,0.0,20,126,126,19.833333333333332,6.352941176470589,0,10
0.2,0,2,2,Dhawal Kulkarni,Wriddhiman Saha,1,False,-0.5,4,Uppal,Rajiv Gandhi International Stadium,False,True,2,0,0.3333333333333333,1,3.0,20,126,125,19.666666666666668,6.3559322033898304,0,10
0.3,0,3,3,Dhawal Kulkarni,S Dhawan,0,False,1.0,4,Uppal,Rajiv Gandhi International Stadium,False,True,3,0,0.5,1,2.0,20,126,125,19.5,6.410256410256411,0,10
0.4,0,4,4,Dhawal Kulkarni,S Dhawan,0,False,1.0,4,Uppal,Rajiv Gandhi International Stadium,False,True,4,0,0.6666666666666666,1,1.5,20,126,125,19.333333333333332,6.4655172413793105,0,10
0.5,0,5,5,Dhawal Kulkarni,S Dhawan,0,False,1.0,4,Uppal,Rajiv Gandhi International Stadium,False,True,5,0,0.8333333333333334,1,1.2,20,126,125,19.166666666666668,6.521739130434782,0,10
0.6,0,6,6,Dhawal Kulkarni,S Dhawan,0,False,1.0,4,Uppal,Rajiv Gandhi International Stadium,False,True,6,0,1.0,1,1.0,20,126,125,19.0,6.578947368421052,0,10
1.1,1,1,7,Jaydev Unadkat,Wriddhiman Saha,4,False,-2.0,4,Uppal,Rajiv Gandhi International Stadium,False,True,7,1,1.1666666666666667,5,4.285714285714286,20,126,121,18.833333333333332,6.424778761061948,0,10
1.2,1,2,8,Jaydev Unadkat,Wriddhiman Saha,0,False,1.0,4,Uppal,Rajiv Gandhi International Stadium,False,True,8,1,1.3333333333333333,5,3.75,20,126,121,18.666666666666668,6.482142857142857,0,10
1.3,1,3,9,Jaydev Unadkat,Wriddhiman Saha,1,False,-1.0,4,Uppal,Rajiv Gandhi International Stadium,True,False,8,1,1.3333333333333333,6,4.5,20,126,120,18.666666666666668,6.428571428571428,0,10
1.3,1,3,10,Jaydev Unadkat,Wriddhiman Saha,0,True,5.0,4,Uppal,Rajiv Gandhi International Stadium,False,True,9,1,1.5,6,4.0,20,126,120,18.5,6.486486486486487,1,9
1.4,1,4,11,Jaydev Unadkat,S Dhawan,0,False,1.0,4,Uppal,Rajiv Gandhi International Stadium,False,True,10,1,1.6666666666666665,6,3.6000000000000005,20,126,120,18.333333333333332,6.545454545454546,1,9
1.5,1,5,12,Jaydev Unadkat,S Dhawan,4,False,-2.0,4,Uppal,Rajiv Gandhi International Stadium,False,True,11,1,1.8333333333333335,10,5.454545454545454,20,126,116,18.166666666666668,6.385321100917431,1,9
1.6,1,6,13,Jaydev Unadkat,S Dhawan,1,False,-0.5,4,Uppal,Rajiv Gandhi International Stadium,False,True,12,1,2.0,11,5.5,20,126,115,18.0,6.388888888888889,1,9
2.1,2,1,14,Dhawal Kulkarni,S Dhawan,2,False,-1.0,4,Uppal,Rajiv Gandhi International Stadium,False,True,13,2,2.1666666666666665,13,6.0,20,126,113,17.833333333333332,6.336448598130842,1,9
2.2,2,2,15,Dhawal Kulkarni,S Dhawan,4,False,-2.0,4,Uppal,Rajiv Gandhi International Stadium,False,True,14,2,2.3333333333333335,17,7.285714285714286,20,126,109,17.666666666666668,6.169811320754716,1,9
2.3,2,3,16,Dhawal Kulkarni,S Dhawan,0,False,1.0,4,Uppal,Rajiv Gandhi International Stadium,False,True,15,2,2.5,17,6.8,20,126,109,17.5,6.228571428571429,1,9
2.4,2,4,17,Dhawal Kulkarni,S Dhawan,0,False,1.0,4,Uppal,Rajiv Gandhi International Stadium,False,True,16,2,2.6666666666666665,17,6.375,20,126,109,17.333333333333332,6.288461538461539,1,9
2.5,2,5,18,Dhawal Kulkarni,S Dhawan,6,False,-3.0,4,Uppal,Rajiv Gandhi International Stadium,False,True,17,2,2.8333333333333335,23,8.117647058823529,20,126,103,17.166666666666668,6.0,1,9
2.6,2,6,19,Dhawal Kulkarni,S Dhawan,1,False,-1.0,4,Uppal,Rajiv Gandhi International Stadium,True,False,17,2,2.8333333333333335,24,8.470588235294118,20,126,102,17.166666666666668,5.941747572815534,1,9
2.6,2,6,20,Dhawal Kulkarni,S Dhawan,0,False,1.0,4,Uppal,Rajiv Gandhi International Stadium,False,True,18,2,3.0,24,8.0,20,126,102,17.0,6.0,1,9
3.1,3,1,21,Jaydev Unadkat,Kane Williamson,0,False,1.0,4,Uppal,Rajiv Gandhi International Stadium,False,True,19,3,3.1666666666666665,24,7.578947368421053,20,126,102,16.833333333333332,6.0594059405940595,1,9
3.2,3,2,22,Jaydev Unadkat,Kane Williamson,0,False,1.0,4,Uppal,Rajiv Gandhi International Stadium,False,True,20,3,3.3333333333333335,24,7.199999999999999,20,126,102,16.666666666666668,6.119999999999999,1,9
3.3,3,3,23,Jaydev Unadkat,Kane Williamson,4,False,-2.0,4,Uppal,Rajiv Gandhi International Stadium,False,True,21,3,3.5,28,8.0,20,126,98,16.5,5.9393939393939394,1,9
3.4,3,4,24,Jaydev Unadkat,Kane Williamson,0,False,1.0,4,Uppal,Rajiv Gandhi International Stadium,False,True,22,3,3.6666666666666665,28,7.636363636363637,20,126,98,16.333333333333332,6.0,1,9
3.5,3,5,25,Jaydev Unadkat,Kane Williamson,6,False,-3.0,4,Uppal,Rajiv Gandhi International Stadium,False,True,23,3,3.8333333333333335,34,8.869565217391305,20,126,92,16.166666666666668,5.690721649484535,1,9
3.6,3,6,26,Jaydev Unadkat,Kane Williamson,2,False,-1.0,4,Uppal,Rajiv Gandhi International Stadium,False,True,24,3,4.0,36,9.0,20,126,90,16.0,5.625,1,9
4.1,4,1,27,Krishnappa Gowtham,S Dhawan,0,False,1.0,4,Uppal,Rajiv Gandhi International Stadium,False,True,25,4,4.166666666666667,36,8.639999999999999,20,126,90,15.833333333333332,5.68421052631579,1,9
4.2,4,2,28,Krishnappa Gowtham,S Dhawan,4,False,-2.0,4,Uppal,Rajiv Gandhi International Stadium,False,True,26,4,4.333333333333333,40,9.230769230769232,20,126,86,15.666666666666668,5.489361702127659,1,9
4.3,4,3,29,Krishnappa Gowtham,S Dhawan,4,False,-2.0,4,Uppal,Rajiv Gandhi International Stadium,False,True,27,4,4.5,44,9.777777777777779,20,126,82,15.5,5.290322580645161,1,9
4.4,4,4,30,Krishnappa Gowtham,S Dhawan,1,False,-0.5,4,Uppal,Rajiv Gandhi International Stadium,False,True,28,4,4.666666666666667,45,9.642857142857142,20,126,81,15.333333333333332,5.282608695652175,1,9
4.5,4,5,31,Krishnappa Gowtham,Kane Williamson,0,False,1.0,4,Uppal,Rajiv Gandhi International Stadium,False,True,29,4,4.833333333333333,45,9.310344827586208,20,126,81,15.166666666666668,5.34065934065934,1,9
4.6,4,6,32,Krishnappa Gowtham,Kane Williamson,0,False,1.0,4,Uppal,Rajiv Gandhi International Stadium,False,True,30,4,5.0,45,9.0,20,126,81,15.0,5.4,1,9
5.1,5,1,33,Ben Laughlin,S Dhawan,2,False,-1.0,4,Uppal,Rajiv Gandhi International Stadium,True,False,30,4,5.0,47,9.4,20,126,79,15.0,5.266666666666667,1,9
5.1,5,1,34,Ben Laughlin,Kane Williamson,0,False,1.0,4,Uppal,Rajiv Gandhi International Stadium,False,True,31,5,5.166666666666667,47,9.096774193548386,20,126,79,14.833333333333332,5.325842696629214,1,9
5.2,5,2,35,Ben Laughlin,Kane Williamson,1,False,-0.5,4,Uppal,Rajiv Gandhi International Stadium,False,True,32,5,5.333333333333333,48,9.0,20,126,78,14.666666666666668,5.3181818181818175,1,9
5.3,5,3,36,Ben Laughlin,S Dhawan,4,False,-2.0,4,Uppal,Rajiv Gandhi International Stadium,False,True,33,5,5.5,52,9.454545454545455,20,126,74,14.5,5.103448275862069,1,9
5.4,5,4,37,Ben Laughlin,S Dhawan,0,False,1.0,4,Uppal,Rajiv Gandhi International Stadium,False,True,34,5,5.666666666666667,52,9.176470588235293,20,126,74,14.333333333333332,5.162790697674419,1,9
5.5,5,5,38,Ben Laughlin,S Dhawan,1,False,-0.5,4,Uppal,Rajiv Gandhi International Stadium,False,True,35,5,5.833333333333333,53,9.085714285714285,20,126,73,14.166666666666668,5.152941176470588,1,9
5.6,5,6,39,Ben Laughlin,Kane Williamson,4,False,-2.0,4,Uppal,Rajiv Gandhi International Stadium,False,True,36,5,6.0,57,9.5,20,126,69,14.0,4.928571428571429,1,9
6.1,6,1,40,Shreyas Gopal,S Dhawan,4,False,-2.0,4,Uppal,Rajiv Gandhi International Stadium,False,True,37,6,6.166666666666667,61,9.891891891891891,20,126,65,13.833333333333332,4.698795180722892,1,9
6.2,6,2,41,Shreyas Gopal,S Dhawan,1,False,-0.5,4,Uppal,Rajiv Gandhi International Stadium,False,True,38,6,6.333333333333333,62,9.789473684210527,20,126,64,13.666666666666668,4.682926829268292,1,9
6.3,6,3,42,Shreyas Gopal,Kane Williamson,0,False,1.0,4,Uppal,Rajiv Gandhi International Stadium,False,True,39,6,6.5,62,9.538461538461538,20,126,64,13.5,4.7407407407407405,1,9
6.4,6,4,43,Shreyas Gopal,Kane Williamson,1,False,-0.5,4,Uppal,Rajiv Gandhi International Stadium,False,True,40,6,6.666666666666667,63,9.45,20,126,63,13.333333333333332,4.7250000000000005,1,9
6.5,6,5,44,Shreyas Gopal,S Dhawan,0,False,1.0,4,Uppal,Rajiv Gandhi International Stadium,False,True,41,6,6.833333333333333,63,9.219512195121952,20,126,63,13.166666666666668,4.784810126582278,1,9
6.6,6,6,45,Shreyas Gopal,S Dhawan,1,False,-0.5,4,Uppal,Rajiv Gandhi International Stadium,False,True,42,6,7.0,64,9.142857142857142,20,126,62,13.0,4.769230769230769,1,9
7.1,7,1,46,Ben Stokes,S Dhawan,4,False,-2.0,4,Uppal,Rajiv Gandhi International Stadium,False,True,43,7,7.166666666666667,68,9.488372093023255,20,126,58,12.833333333333332,4.51948051948052,1,9
7.2,7,2,47,Ben Stokes,S Dhawan,4,False,-2.0,4,Uppal,Rajiv Gandhi International Stadium,False,True,44,7,7.333333333333333,72,9.818181818181818,20,126,54,12.666666666666668,4.263157894736842,1,9
7.3,7,3,48,Ben Stokes,S Dhawan,1,False,-0.5,4,Uppal,Rajiv Gandhi International Stadium,False,True,45,7,7.5,73,9.733333333333333,20,126,53,12.5,4.24,1,9
7.4,7,4,49,Ben Stokes,Kane Williamson,1,False,-0.5,4,Uppal,Rajiv Gandhi International Stadium,False,True,46,7,7.666666666666667,74,9.652173913043478,20,126,52,12.333333333333332,4.216216216216217,1,9
7.5,7,5,50,Ben Stokes,S Dhawan,1,False,-1.0,4,Uppal,Rajiv Gandhi International Stadium,True,False,46,7,7.666666666666667,75,9.782608695652174,20,126,51,12.333333333333332,4.135135135135136,1,9
7.5,7,5,51,Ben Stokes,S Dhawan,0,False,1.0,4,Uppal,Rajiv Gandhi International Stadium,False,True,47,7,7.833333333333333,75,9.574468085106384,20,126,51,12.166666666666668,4.191780821917808,1,9
7.6,7,6,52,Ben Stokes,S Dhawan,0,False,1.0,4,Uppal,Rajiv Gandhi International Stadium,False,True,48,7,8.0,75,9.375,20,126,51,12.0,4.25,1,9
8.1,8,1,53,Shreyas Gopal,Kane Williamson,1,False,-0.5,4,Uppal,Rajiv Gandhi International Stadium,False,True,49,8,8.166666666666666,76,9.306122448979593,20,126,50,11.833333333333334,4.225352112676056,1,9
8.2,8,2,54,Shreyas Gopal,S Dhawan,1,False,-0.5,4,Uppal,Rajiv Gandhi International Stadium,False,True,50,8,8.333333333333334,77,9.24,20,126,49,11.666666666666666,4.2,1,9
8.3,8,3,55,Shreyas Gopal,Kane Williamson,0,False,1.0,4,Uppal,Rajiv Gandhi International Stadium,False,True,51,8,8.5,77,9.058823529411764,20,126,49,11.5,4.260869565217392,1,9
8.4,8,4,56,Shreyas Gopal,Kane Williamson,0,False,1.0,4,Uppal,Rajiv Gandhi International Stadium,False,True,52,8,8.666666666666666,77,8.884615384615385,20,126,49,11.333333333333334,4.323529411764706,1,9
8.5,8,5,57,Shreyas Gopal,Kane Williamson,1,False,-0.5,4,Uppal,Rajiv Gandhi International Stadium,False,True,53,8,8.833333333333334,78,8.830188679245282,20,126,48,11.166666666666666,4.298507462686567,1,9
8.6,8,6,58,Shreyas Gopal,S Dhawan,1,False,-0.5,4,Uppal,Rajiv Gandhi International Stadium,False,True,54,8,9.0,79,8.777777777777779,20,126,47,11.0,4.2727272727272725,1,9
9.1,9,1,59,Ben Stokes,S Dhawan,4,False,-2.0,4,Uppal,Rajiv Gandhi International Stadium,False,True,55,9,9.166666666666666,83,9.054545454545455,20,126,43,10.833333333333334,3.969230769230769,1,9
9.2,9,2,60,Ben Stokes,S Dhawan,0,False,1.0,4,Uppal,Rajiv Gandhi International Stadium,False,True,56,9,9.333333333333334,83,8.892857142857142,20,126,43,10.666666666666666,4.03125,1,9
9.3,9,3,61,Ben Stokes,S Dhawan,4,False,-2.0,4,Uppal,Rajiv Gandhi International Stadium,False,True,57,9,9.5,87,9.157894736842104,20,126,39,10.5,3.7142857142857144,1,9
9.4,9,4,62,Ben Stokes,S Dhawan,0,False,1.0,4,Uppal,Rajiv Gandhi International Stadium,False,True,58,9,9.666666666666666,87,9.0,20,126,39,10.333333333333334,3.7741935483870965,1,9
9.5,9,5,63,Ben Stokes,S Dhawan,1,False,-0.5,4,Uppal,Rajiv Gandhi International Stadium,False,True,59,9,9.833333333333334,88,8.94915254237288,20,126,38,10.166666666666666,3.737704918032787,1,9
9.6,9,6,64,Ben Stokes,Kane Williamson,1,False,-0.5,4,Uppal,Rajiv Gandhi International Stadium,False,True,60,9,10.0,89,8.9,20,126,37,10.0,3.7,1,9
10.1,10,1,65,Shreyas Gopal,Kane Williamson,0,False,1.0,4,Uppal,Rajiv Gandhi International Stadium,False,True,61,10,10.166666666666666,89,8.754098360655739,20,126,37,9.833333333333334,3.7627118644067794,1,9
10.2,10,2,66,Shreyas Gopal,Kane Williamson,1,False,-0.5,4,Uppal,Rajiv Gandhi International Stadium,False,True,62,10,10.333333333333334,90,8.709677419354838,20,126,36,9.666666666666666,3.724137931034483,1,9
10.3,10,3,67,Shreyas Gopal,S Dhawan,1,False,-0.5,4,Uppal,Rajiv Gandhi International Stadium,False,True,63,10,10.5,91,8.666666666666666,20,126,35,9.5,3.6842105263157894,1,9
10.4,10,4,68,Shreyas Gopal,Kane Williamson,0,False,1.0,4,Uppal,Rajiv Gandhi International Stadium,False,True,64,10,10.666666666666666,91,8.53125,20,126,35,9.333333333333334,3.7499999999999996,1,9
10.5,10,5,69,Shreyas Gopal,Kane Williamson,4,False,-2.0,4,Uppal,Rajiv Gandhi International Stadium,False,True,65,10,10.833333333333334,95,8.769230769230768,20,126,31,9.166666666666666,3.381818181818182,1,9
10.6,10,6,70,Shreyas Gopal,Kane Williamson,1,False,-0.5,4,Uppal,Rajiv Gandhi International Stadium,False,True,66,10,11.0,96,8.727272727272727,20,126,30,9.0,3.3333333333333335,1,9
11.1,11,1,71,Ben Laughlin,Kane Williamson,0,False,1.0,4,Uppal,Rajiv Gandhi International Stadium,False,True,67,11,11.166666666666666,96,8.597014925373134,20,126,30,8.833333333333334,3.3962264150943393,1,9
11.2,11,2,72,Ben Laughlin,Kane Williamson,1,False,-0.5,4,Uppal,Rajiv Gandhi International Stadium,False,True,68,11,11.333333333333334,97,8.558823529411764,20,126,29,8.666666666666666,3.3461538461538463,1,9
11.3,11,3,73,Ben Laughlin,S Dhawan,0,False,1.0,4,Uppal,Rajiv Gandhi International Stadium,False,True,69,11,11.5,97,8.434782608695652,20,126,29,8.5,3.411764705882353,1,9
11.4,11,4,74,Ben Laughlin,S Dhawan,1,False,-0.5,4,Uppal,Rajiv Gandhi International Stadium,False,True,70,11,11.666666666666666,98,8.4,20,126,28,8.333333333333334,3.36,1,9
11.5,11,5,75,Ben Laughlin,Kane Williamson,1,False,-0.5,4,Uppal,Rajiv Gandhi International Stadium,False,True,71,11,11.833333333333334,99,8.366197183098592,20,126,27,8.166666666666666,3.306122448979592,1,9
11.6,11,6,76,Ben Laughlin,S Dhawan,4,False,-2.0,4,Uppal,Rajiv Gandhi International Stadium,False,True,72,11,12.0,103,8.583333333333334,20,126,23,8.0,2.875,1,9
11.7,11,7,77,Ben Laughlin,S Dhawan,1,False,-0.5,4,Uppal,Rajiv Gandhi International Stadium,False,True,73,12,12.166666666666666,104,8.547945205479452,20,126,22,7.833333333333334,2.808510638297872,1,9
12.1,12,1,78,DJM Short,S Dhawan,4,False,-2.0,4,Uppal,Rajiv Gandhi International Stadium,False,True,74,12,12.333333333333334,108,8.756756756756756,20,126,18,7.666666666666666,2.347826086956522,1,9
12.2,12,2,79,N/A,N/A,0,False,0.0,4,Uppal,Rajiv Gandhi International Stadium,False,True,75,12,12.5,108,8.64,20,126,18,7.5,2.4,1,9
12.3,12,3,80,DJM Short,S Dhawan,2,False,-1.0,4,Uppal,Rajiv Gandhi International Stadium,False,True,76,12,12.666666666666666,110,8.68421052631579,20,126,16,7.333333333333334,2.1818181818181817,1,9
12.4,12,4,81,DJM Short,S Dhawan,0,False,1.0,4,Uppal,Rajiv Gandhi International Stadium,False,True,77,12,12.833333333333334,110,8.571428571428571,20,126,16,7.166666666666666,2.2325581395348837,1,9
12.5,12,5,82,DJM Short,S Dhawan,0,False,1.0,4,Uppal,Rajiv Gandhi International Stadium,False,True,78,12,13.0,110,8.461538461538462,20,126,16,7.0,2.2857142857142856,1,9
12.6,12,6,83,DJM Short,S Dhawan,4,False,-0.25,4,Uppal,Rajiv Gandhi International Stadium,False,True,79,13,13.166666666666666,114,8.658227848101266,20,126,12,6.833333333333334,1.7560975609756095,1,9
13.1,13,1,84,Jaydev Unadkat,Kane Williamson,0,False,1.0,4,Uppal,Rajiv Gandhi International Stadium,False,True,80,13,13.333333333333334,114,8.549999999999999,20,126,12,6.666666666666666,1.8000000000000003,1,9
13.2,13,2,85,Jaydev Unadkat,Kane Williamson,2,False,-1.0,4,Uppal,Rajiv Gandhi International Stadium,False,True,81,13,13.5,116,8.592592592592593,20,126,10,6.5,1.5384615384615385,1,9
13.3,13,3,86,Jaydev Unadkat,Kane Williamson,0,False,1.0,4,Uppal,Rajiv Gandhi International Stadium,False,True,82,13,13.666666666666666,116,8.487804878048781,20,126,10,6.333333333333334,1.5789473684210524,1,9
13.4,13,4,87,Jaydev Unadkat,Kane Williamson,2,False,-1.0,4,Uppal,Rajiv Gandhi International Stadium,False,True,83,13,13.833333333333334,118,8.53012048192771,20,126,8,6.166666666666666,1.2972972972972974,1,9
13.5,13,5,88,Jaydev Unadkat,Kane Williamson,1,False,-0.5,4,Uppal,Rajiv Gandhi International Stadium,False,True,84,13,14.0,119,8.5,20,126,7,6.0,1.1666666666666667,1,9
13.6,13,6,89,Jaydev Unadkat,S Dhawan,1,False,-0.5,4,Uppal,Rajiv Gandhi International Stadium,False,True,85,14,14.166666666666666,120,8.470588235294118,20,126,6,5.833333333333334,1.0285714285714285,1,9
14.1,14,1,90,DJM Short,S Dhawan,1,False,-0.5,4,Uppal,Rajiv Gandhi International Stadium,False,True,86,14,14.333333333333334,121,8.441860465116278,20,126,5,5.666666666666666,0.8823529411764707,1,9
14.2,14,2,91,DJM Short,Kane Williamson,1,False,-0.5,4,Uppal,Rajiv Gandhi International Stadium,False,True,87,14,14.5,122,8.413793103448276,20,126,4,5.5,0.7272727272727273,1,9
14.3,14,3,92,DJM Short,S Dhawan,0,False,1.0,4,Uppal,Rajiv Gandhi International Stadium,False,True,88,14,14.666666666666666,122,8.318181818181818,20,126,4,5.333333333333334,0.7499999999999999,1,9
14.4,14,4,93,DJM Short,S Dhawan,1,False,-0.5,4,Uppal,Rajiv Gandhi International Stadium,False,True,89,14,14.833333333333334,123,8.292134831460674,20,126,3,5.166666666666666,0.5806451612903226,1,9
14.5,14,5,94,DJM Short,Kane Williamson,0,False,1.0,4,Uppal,Rajiv Gandhi International Stadium,False,True,90,14,15.0,123,8.2,20,126,3,5.0,0.6,1,9
14.6,14,6,95,DJM Short,Kane Williamson,0,False,1.0,4,Uppal,Rajiv Gandhi International Stadium,False,True,91,15,15.166666666666666,123,8.10989010989011,20,126,3,4.833333333333334,0.6206896551724137,1,9
15.1,15,1,96,Dhawal Kulkarni,S Dhawan,0,False,1.0,4,Uppal,Rajiv Gandhi International Stadium,False,True,92,15,15.333333333333334,123,8.021739130434783,20,126,3,4.666666666666666,0.6428571428571429,1,9
15.2,15,2,97,Dhawal Kulkarni,S Dhawan,0,False,1.0,4,Uppal,Rajiv Gandhi International Stadium,False,True,93,15,15.5,123,7.935483870967742,20,126,3,4.5,0.6666666666666666,1,9
15.3,15,3,98,Dhawal Kulkarni,S Dhawan,0,False,1.0,4,Uppal,Rajiv Gandhi International Stadium,False,True,94,15,15.666666666666666,123,7.851063829787234,20,126,3,4.333333333333334,0.6923076923076922,1,9
15.4,15,4,99,Dhawal Kulkarni,S Dhawan,0,False,1.0,4,Uppal,Rajiv Gandhi International Stadium,False,True,95,15,15.833333333333334,123,7.768421052631578,20,126,3,4.166666666666666,0.7200000000000001,1,9
15.5,15,5,100,Dhawal Kulkarni,S Dhawan,4,False,-2.0,4,Uppal,Rajiv Gandhi International Stadium,False,True,96,15,16.0,127,7.9375,20,126,0,4.0,0.0,1,9
