Ball Number,over,ball,Ball,bowler,batsman,Runs,is_wicket,bowler_score,match_id,city,stadium,is_extra,legal_delivery,legal_deliveries_count,overs_completed,overs_bowled,total_runs,current_run_rate,total_overs,target,runs_needed,overs_remaining,required_run_rate,wickets_fallen,wickets_in_hand
0.1,0,1,1,Ankit Rajpoot,Suryakumar Yadav,1,False,-0.5,50,Mumbai,Wankhede Stadium,False,True,1,0,0.16666666666666666,1,6.0,20,187,186,19.833333333333332,9.378151260504202,0,10
0.2,0,2,2,Ankit Rajpoot,Evin Lewis,1,False,-1.0,50,Mumbai,Wankhede Stadium,True,False,1,0,0.16666666666666666,2,12.0,20,187,185,19.833333333333332,9.327731092436975,0,10
0.2,0,2,3,Ankit Rajpoot,Evin Lewis,1,False,-0.5,50,Mumbai,Wankhede Stadium,False,True,2,0,0.3333333333333333,3,9.0,20,187,184,19.666666666666668,9.35593220338983,0,10
0.3,0,3,4,Ankit Rajpoot,Suryakumar Yadav,0,False,1.0,50,Mumbai,Wankhede Stadium,False,True,3,0,0.5,3,6.0,20,187,184,19.5,9.435897435897436,0,10
0.4,0,4,5,Ankit Rajpoot,Suryakumar Yadav,4,False,-2.0,50,Mumbai,Wankhede Stadium,False,True,4,0,0.6666666666666666,7,10.5,20,187,180,19.333333333333332,9.310344827586208,0,10
0.5,0,5,6,Ankit Rajpoot,Suryakumar Yadav,0,False,1.0,50,Mumbai,Wankhede Stadium,False,True,5,0,0.8333333333333334,7,8.4,20,187,180,19.166666666666668,9.391304347826086,0,10
0.6,0,6,7,Ankit Rajpoot,Suryakumar Yadav,0,False,1.0,50,Mumbai,Wankhede Stadium,False,True,6,0,1.0,7,7.0,20,187,180,19.0,9.473684210526315,0,10
1.1,1,1,8,Mohit Sharma,Evin Lewis,0,False,1.0,50,Mumbai,Wankhede Stadium,False,True,7,1,1.1666666666666667,7,6.0,20,187,180,18.833333333333332,9.557522123893806,0,10
1.2,1,2,9,Mohit Sharma,Evin Lewis,1,False,-0.25,50,Mumbai,Wankhede Stadium,False,True,8,1,1.3333333333333333,8,6.0,20,187,179,18.666666666666668,9.589285714285714,0,10
1.3,1,3,10,Mohit Sharma,Suryakumar Yadav,0,False,1.0,50,Mumbai,Wankhede Stadium,False,True,9,1,1.5,8,5.333333333333333,20,187,179,18.5,9.675675675675675,0,10
1.4,1,4,11,Mohit Sharma,Suryakumar Yadav,1,False,-0.5,50,Mumbai,Wankhede Stadium,False,True,10,1,1.6666666666666665,9,5.4,20,187,178,18.333333333333332,9.709090909090909,0,10
1.5,1,5,12,Mohit Sharma,Evin Lewis,6,False,-3.0,50,Mumbai,Wankhede Stadium,False,True,11,1,1.8333333333333335,15,8.181818181818182,20,187,172,18.166666666666668,9.46788990825688,0,10
1.6,1,6,13,Mohit Sharma,Evin Lewis,1,False,-0.5,50,Mumbai,Wankhede Stadium,False,True,12,1,2.0,16,8.0,20,187,171,18.0,9.5,0,10
2.1,2,1,14,Ankit Rajpoot,Evin Lewis,1,False,-0.5,50,Mumbai,Wankhede Stadium,False,True,13,2,2.1666666666666665,17,7.846153846153847,20,187,170,17.833333333333332,9.532710280373832,0,10
2.2,2,2,15,Ankit Rajpoot,Suryakumar Yadav,4,False,-2.0,50,Mumbai,Wankhede Stadium,False,True,14,2,2.3333333333333335,21,9.0,20,187,166,17.666666666666668,9.39622641509434,0,10
2.3,2,3,16,Ankit Rajpoot,Suryakumar Yadav,0,False,1.0,50,Mumbai,Wankhede Stadium,False,True,15,2,2.5,21,8.4,20,187,166,17.5,9.485714285714286,0,10
2.4,2,4,17,Ankit Rajpoot,Suryakumar Yadav,6,False,-3.0,50,Mumbai,Wankhede Stadium,False,True,16,2,2.6666666666666665,27,10.125,20,187,160,17.333333333333332,9.230769230769232,0,10
2.5,2,5,18,Ankit Rajpoot,Suryakumar Yadav,6,False,-3.0,50,Mumbai,Wankhede Stadium,False,True,17,2,2.8333333333333335,33,11.647058823529411,20,187,154,17.166666666666668,8.970873786407767,0,10
2.6,2,6,19,Ankit Rajpoot,Suryakumar Yadav,4,False,-2.0,50,Mumbai,Wankhede Stadium,False,True,18,2,3.0,37,12.333333333333334,20,187,150,17.0,8.823529411764707,0,10
3.1,3,1,20,Andrew Tye,Evin Lewis,0,True,5.0,50,Mumbai,Wankhede Stadium,False,True,19,3,3.1666666666666665,37,11.68421052631579,20,187,150,16.833333333333332,8.910891089108912,1,9
3.2,3,2,21,Andrew Tye,Ishan Kishan,0,False,1.0,50,Mumbai,Wankhede Stadium,False,True,20,3,3.3333333333333335,37,11.1,20,187,150,16.666666666666668,9.0,1,9
3.3,3,3,22,Andrew Tye,Ishan Kishan,0,False,1.0,50,Mumbai,Wankhede Stadium,False,True,21,3,3.5,37,10.571428571428571,20,187,150,16.5,9.090909090909092,1,9
3.4,3,4,23,Andrew Tye,Ishan Kishan,0,False,1.0,50,Mumbai,Wankhede Stadium,False,True,22,3,3.6666666666666665,37,10.090909090909092,20,187,150,16.333333333333332,9.183673469387756,1,9
3.5,3,5,24,Andrew Tye,Ishan Kishan,2,False,-1.0,50,Mumbai,Wankhede Stadium,False,True,23,3,3.8333333333333335,39,10.17391304347826,20,187,148,16.166666666666668,9.154639175257731,1,9
3.6,3,6,25,Andrew Tye,Ishan Kishan,0,False,1.0,50,Mumbai,Wankhede Stadium,False,True,24,3,4.0,39,9.75,20,187,148,16.0,9.25,1,9
4.1,4,1,26,Mohit Sharma,Suryakumar Yadav,1,False,-0.25,50,Mumbai,Wankhede Stadium,False,True,25,4,4.166666666666667,40,9.6,20,187,147,15.833333333333332,9.28421052631579,1,9
4.2,4,2,27,Mohit Sharma,Ishan Kishan,4,False,-2.0,50,Mumbai,Wankhede Stadium,False,True,26,4,4.333333333333333,44,10.153846153846155,20,187,143,15.666666666666668,9.127659574468085,1,9
4.3,4,3,28,Mohit Sharma,Ishan Kishan,0,False,1.0,50,Mumbai,Wankhede Stadium,False,True,27,4,4.5,44,9.777777777777779,20,187,143,15.5,9.225806451612904,1,9
4.4,4,4,29,Mohit Sharma,Ishan Kishan,6,False,-3.0,50,Mumbai,Wankhede Stadium,False,True,28,4,4.666666666666667,50,10.714285714285714,20,187,137,15.333333333333332,8.934782608695652,1,9
4.5,4,5,30,Mohit Sharma,Ishan Kishan,6,False,-3.0,50,Mumbai,Wankhede Stadium,False,True,29,4,4.833333333333333,56,11.586206896551724,20,187,131,15.166666666666668,8.637362637362637,1,9
4.6,4,6,31,Mohit Sharma,Ishan Kishan,1,False,-0.5,50,Mumbai,Wankhede Stadium,False,True,30,4,5.0,57,11.4,20,187,130,15.0,8.666666666666666,1,9
5.1,5,1,32,Andrew Tye,Ishan Kishan,1,False,-0.5,50,Mumbai,Wankhede Stadium,False,True,31,5,5.166666666666667,58,11.225806451612902,20,187,129,14.833333333333332,8.696629213483147,1,9
5.2,5,2,33,Andrew Tye,Suryakumar Yadav,1,False,-0.5,50,Mumbai,Wankhede Stadium,False,True,32,5,5.333333333333333,59,11.0625,20,187,128,14.666666666666668,8.727272727272727,1,9
5.3,5,3,34,Andrew Tye,Ishan Kishan,0,True,5.0,50,Mumbai,Wankhede Stadium,False,True,33,5,5.5,59,10.727272727272727,20,187,128,14.5,8.827586206896552,2,8
5.4,5,4,35,Andrew Tye,Suryakumar Yadav,0,True,5.0,50,Mumbai,Wankhede Stadium,False,True,34,5,5.666666666666667,59,10.411764705882353,20,187,128,14.333333333333332,8.930232558139535,3,7
5.5,5,5,36,Andrew Tye,Krunal Pandya,1,False,-0.5,50,Mumbai,Wankhede Stadium,False,True,35,5,5.833333333333333,60,10.285714285714286,20,187,127,14.166666666666668,8.964705882352941,3,7
5.6,5,6,37,Andrew Tye,Rohit Sharma,0,False,1.0,50,Mumbai,Wankhede Stadium,False,True,36,5,6.0,60,10.0,20,187,127,14.0,9.071428571428571,3,7
6.1,6,1,38,Axar Patel,Krunal Pandya,1,False,-0.5,50,Mumbai,Wankhede Stadium,False,True,37,6,6.166666666666667,61,9.891891891891891,20,187,126,13.833333333333332,9.10843373493976,3,7
6.2,6,2,39,Axar Patel,Rohit Sharma,1,False,-0.5,50,Mumbai,Wankhede Stadium,False,True,38,6,6.333333333333333,62,9.789473684210527,20,187,125,13.666666666666668,9.146341463414632,3,7
6.3,6,3,40,Axar Patel,Krunal Pandya,1,False,-0.5,50,Mumbai,Wankhede Stadium,False,True,39,6,6.5,63,9.692307692307692,20,187,124,13.5,9.185185185185185,3,7
6.4,6,4,41,Axar Patel,Rohit Sharma,1,False,-0.5,50,Mumbai,Wankhede Stadium,False,True,40,6,6.666666666666667,64,9.6,20,187,123,13.333333333333332,9.225000000000001,3,7
6.5,6,5,42,Axar Patel,Krunal Pandya,1,False,-0.5,50,Mumbai,Wankhede Stadium,False,True,41,6,6.833333333333333,65,9.512195121951219,20,187,122,13.166666666666668,9.265822784810126,3,7
6.6,6,6,43,Axar Patel,Rohit Sharma,1,False,-0.5,50,Mumbai,Wankhede Stadium,False,True,42,6,7.0,66,9.428571428571429,20,187,121,13.0,9.307692307692308,3,7
7.1,7,1,44,Ravichandran Ashwin,Rohit Sharma,0,False,1.0,50,Mumbai,Wankhede Stadium,False,True,43,7,7.166666666666667,66,9.209302325581396,20,187,121,12.833333333333332,9.428571428571429,3,7
7.2,7,2,45,Ravichandran Ashwin,Rohit Sharma,1,False,-0.5,50,Mumbai,Wankhede Stadium,False,True,44,7,7.333333333333333,67,9.136363636363637,20,187,120,12.666666666666668,9.473684210526315,3,7
7.3,7,3,46,Ravichandran Ashwin,Krunal Pandya,1,False,-0.5,50,Mumbai,Wankhede Stadium,False,True,45,7,7.5,68,9.066666666666666,20,187,119,12.5,9.52,3,7
7.4,7,4,47,Ravichandran Ashwin,Rohit Sharma,1,False,-0.5,50,Mumbai,Wankhede Stadium,False,True,46,7,7.666666666666667,69,9.0,20,187,118,12.333333333333332,9.567567567567568,3,7
7.5,7,5,48,Ravichandran Ashwin,Krunal Pandya,1,False,-0.5,50,Mumbai,Wankhede Stadium,False,True,47,7,7.833333333333333,70,8.936170212765958,20,187,117,12.166666666666668,9.616438356164382,3,7
7.6,7,6,49,Ravichandran Ashwin,Rohit Sharma,1,False,-0.5,50,Mumbai,Wankhede Stadium,False,True,48,7,8.0,71,8.875,20,187,116,12.0,9.666666666666666,3,7
8.1,8,1,50,Ankit Rajpoot,Rohit Sharma,0,False,1.0,50,Mumbai,Wankhede Stadium,False,True,49,8,8.166666666666666,71,8.693877551020408,20,187,116,11.833333333333334,9.80281690140845,3,7
8.2,8,2,51,Ankit Rajpoot,Rohit Sharma,0,True,5.0,50,Mumbai,Wankhede Stadium,False,True,50,8,8.333333333333334,71,8.52,20,187,116,11.666666666666666,9.942857142857143,4,6
8.3,8,3,52,Ankit Rajpoot,Kieron Pollard,1,False,-0.5,50,Mumbai,Wankhede Stadium,False,True,51,8,8.5,72,8.470588235294118,20,187,115,11.5,10.0,4,6
8.4,8,4,53,Ankit Rajpoot,Krunal Pandya,0,False,1.0,50,Mumbai,Wankhede Stadium,False,True,52,8,8.666666666666666,72,8.307692307692308,20,187,115,11.333333333333334,10.147058823529411,4,6
8.5,8,5,54,Ankit Rajpoot,Krunal Pandya,0,False,1.0,50,Mumbai,Wankhede Stadium,False,True,53,8,8.833333333333334,72,8.150943396226415,20,187,115,11.166666666666666,10.298507462686567,4,6
8.6,8,6,55,Ankit Rajpoot,Krunal Pandya,0,False,1.0,50,Mumbai,Wankhede Stadium,False,True,54,8,9.0,72,8.0,20,187,115,11.0,10.454545454545455,4,6
9.1,9,1,56,Marcus Stoinis,Kieron Pollard,1,False,-0.5,50,Mumbai,Wankhede Stadium,False,True,55,9,9.166666666666666,73,7.963636363636364,20,187,114,10.833333333333334,10.523076923076923,4,6
9.2,9,2,57,Marcus Stoinis,Krunal Pandya,0,False,1.0,50,Mumbai,Wankhede Stadium,False,True,56,9,9.333333333333334,73,7.821428571428571,20,187,114,10.666666666666666,10.6875,4,6
9.3,9,3,58,Marcus Stoinis,Krunal Pandya,1,False,-0.5,50,Mumbai,Wankhede Stadium,False,True,57,9,9.5,74,7.7894736842105265,20,187,113,10.5,10.761904761904763,4,6
9.4,9,4,59,Marcus Stoinis,Kieron Pollard,0,False,1.0,50,Mumbai,Wankhede Stadium,False,True,58,9,9.666666666666666,74,7.655172413793104,20,187,113,10.333333333333334,10.935483870967742,4,6
9.5,9,5,60,Marcus Stoinis,Kieron Pollard,4,False,-2.0,50,Mumbai,Wankhede Stadium,False,True,59,9,9.833333333333334,78,7.932203389830508,20,187,109,10.166666666666666,10.721311475409836,4,6
9.6,9,6,61,Marcus Stoinis,Kieron Pollard,1,False,-0.5,50,Mumbai,Wankhede Stadium,False,True,60,9,10.0,79,7.9,20,187,108,10.0,10.8,4,6
10.1,10,1,62,Axar Patel,Kieron Pollard,2,False,-1.0,50,Mumbai,Wankhede Stadium,False,True,61,10,10.166666666666666,81,7.967213114754099,20,187,106,9.833333333333334,10.779661016949152,4,6
10.2,10,2,63,Axar Patel,Kieron Pollard,0,False,1.0,50,Mumbai,Wankhede Stadium,False,True,62,10,10.333333333333334,81,7.838709677419354,20,187,106,9.666666666666666,10.965517241379311,4,6
10.3,10,3,64,Axar Patel,Kieron Pollard,1,False,-0.5,50,Mumbai,Wankhede Stadium,False,True,63,10,10.5,82,7.809523809523809,20,187,105,9.5,11.052631578947368,4,6
10.4,10,4,65,Axar Patel,Krunal Pandya,1,False,-0.5,50,Mumbai,Wankhede Stadium,False,True,64,10,10.666666666666666,83,7.78125,20,187,104,9.333333333333334,11.142857142857142,4,6
10.5,10,5,66,Axar Patel,Kieron Pollard,1,False,-1.0,50,Mumbai,Wankhede Stadium,True,False,64,10,10.666666666666666,84,7.875,20,187,103,9.333333333333334,11.035714285714285,4,6
10.5,10,5,67,Axar Patel,Kieron Pollard,0,False,1.0,50,Mumbai,Wankhede Stadium,False,True,65,10,10.833333333333334,84,7.753846153846154,20,187,103,9.166666666666666,11.236363636363636,4,6
10.6,10,6,68,Axar Patel,Kieron Pollard,1,False,-0.5,50,Mumbai,Wankhede Stadium,False,True,66,10,11.0,85,7.7272727272727275,20,187,102,9.0,11.333333333333334,4,6
11.1,11,1,69,Marcus Stoinis,Kieron Pollard,1,False,-0.5,50,Mumbai,Wankhede Stadium,False,True,67,11,11.166666666666666,86,7.701492537313433,20,187,101,8.833333333333334,11.433962264150942,4,6
11.2,11,2,70,Marcus Stoinis,Krunal Pandya,6,False,-3.0,50,Mumbai,Wankhede Stadium,False,True,68,11,11.333333333333334,92,8.117647058823529,20,187,95,8.666666666666666,10.961538461538462,4,6
11.3,11,3,71,Marcus Stoinis,Krunal Pandya,6,False,-3.0,50,Mumbai,Wankhede Stadium,False,True,69,11,11.5,98,8.521739130434783,20,187,89,8.5,10.470588235294118,4,6
11.4,11,4,72,Marcus Stoinis,Krunal Pandya,4,False,-2.0,50,Mumbai,Wankhede Stadium,False,True,70,11,11.666666666666666,102,8.742857142857144,20,187,85,8.333333333333334,10.2,4,6
11.5,11,5,73,Marcus Stoinis,Krunal Pandya,1,False,-0.5,50,Mumbai,Wankhede Stadium,False,True,71,11,11.833333333333334,103,8.704225352112676,20,187,84,8.166666666666666,10.285714285714286,4,6
11.6,11,6,74,Marcus Stoinis,Kieron Pollard,1,False,-0.5,50,Mumbai,Wankhede Stadium,False,True,72,11,12.0,104,8.666666666666666,20,187,83,8.0,10.375,4,6
12.1,12,1,75,Axar Patel,Kieron Pollard,1,False,-0.5,50,Mumbai,Wankhede Stadium,False,True,73,12,12.166666666666666,105,8.63013698630137,20,187,82,7.833333333333334,10.468085106382977,4,6
12.2,12,2,76,Axar Patel,Krunal Pandya,2,False,-1.0,50,Mumbai,Wankhede Stadium,False,True,74,12,12.333333333333334,107,8.675675675675675,20,187,80,7.666666666666666,10.434782608695652,4,6
12.3,12,3,77,Axar Patel,Krunal Pandya,1,False,-0.5,50,Mumbai,Wankhede Stadium,False,True,75,12,12.5,108,8.64,20,187,79,7.5,10.533333333333333,4,6
12.4,12,4,78,Axar Patel,Kieron Pollard,1,False,-0.5,50,Mumbai,Wankhede Stadium,False,True,76,12,12.666666666666666,109,8.605263157894738,20,187,78,7.333333333333334,10.636363636363635,4,6
12.5,12,5,79,Axar Patel,Krunal Pandya,1,False,-0.5,50,Mumbai,Wankhede Stadium,False,True,77,12,12.833333333333334,110,8.571428571428571,20,187,77,7.166666666666666,10.74418604651163,4,6
12.6,12,6,80,Axar Patel,Kieron Pollard,6,False,-3.0,50,Mumbai,Wankhede Stadium,False,True,78,12,13.0,116,8.923076923076923,20,187,71,7.0,10.142857142857142,4,6
13.1,13,1,81,Ankit Rajpoot,Krunal Pandya,1,False,-0.5,50,Mumbai,Wankhede Stadium,False,True,79,13,13.166666666666666,117,8.88607594936709,20,187,70,6.833333333333334,10.243902439024389,4,6
13.2,13,2,82,Ankit Rajpoot,Kieron Pollard,6,False,-3.0,50,Mumbai,Wankhede Stadium,False,True,80,13,13.333333333333334,123,9.225,20,187,64,6.666666666666666,9.600000000000001,4,6
13.3,13,3,83,Ankit Rajpoot,Kieron Pollard,4,False,-2.0,50,Mumbai,Wankhede Stadium,False,True,81,13,13.5,127,9.407407407407407,20,187,60,6.5,9.23076923076923,4,6
13.4,13,4,84,Ankit Rajpoot,Kieron Pollard,4,False,-2.0,50,Mumbai,Wankhede Stadium,False,True,82,13,13.666666666666666,131,9.585365853658537,20,187,56,6.333333333333334,8.842105263157894,4,6
13.5,13,5,85,Ankit Rajpoot,Kieron Pollard,1,False,-0.5,50,Mumbai,Wankhede Stadium,False,True,83,13,13.833333333333334,132,9.542168674698795,20,187,55,6.166666666666666,8.91891891891892,4,6
13.6,13,6,86,Ankit Rajpoot,Krunal Pandya,1,False,-1.0,50,Mumbai,Wankhede Stadium,True,False,83,13,13.833333333333334,133,9.6144578313253,20,187,54,6.166666666666666,8.756756756756758,4,6
13.6,13,6,87,Ankit Rajpoot,Krunal Pandya,1,False,-0.25,50,Mumbai,Wankhede Stadium,False,True,84,13,14.0,134,9.571428571428571,20,187,53,6.0,8.833333333333334,4,6
14.1,14,1,88,Marcus Stoinis,Krunal Pandya,2,False,-1.0,50,Mumbai,Wankhede Stadium,False,True,85,14,14.166666666666666,136,9.6,20,187,51,5.833333333333334,8.742857142857142,4,6
14.2,14,2,89,Marcus Stoinis,Krunal Pandya,0,True,5.0,50,Mumbai,Wankhede Stadium,False,True,86,14,14.333333333333334,136,9.488372093023255,20,187,51,5.666666666666666,9.000000000000002,5,5
14.3,14,3,90,Marcus Stoinis,Hardik Pandya,1,False,-0.5,50,Mumbai,Wankhede Stadium,False,True,87,14,14.5,137,9.448275862068966,20,187,50,5.5,9.090909090909092,5,5
14.4,14,4,91,Marcus Stoinis,Kieron Pollard,4,False,-2.0,50,Mumbai,Wankhede Stadium,False,True,88,14,14.666666666666666,141,9.613636363636363,20,187,46,5.333333333333334,8.624999999999998,5,5
14.5,14,5,92,Marcus Stoinis,Kieron Pollard,4,False,-2.0,50,Mumbai,Wankhede Stadium,False,True,89,14,14.833333333333334,145,9.775280898876405,20,187,42,5.166666666666666,8.129032258064518,5,5
14.6,14,6,93,Marcus Stoinis,Kieron Pollard,6,False,-3.0,50,Mumbai,Wankhede Stadium,False,True,90,14,15.0,151,10.066666666666666,20,187,36,5.0,7.2,5,5
15.1,15,1,94,Ravichandran Ashwin,Hardik Pandya,0,False,1.0,50,Mumbai,Wankhede Stadium,False,True,91,15,15.166666666666666,151,9.956043956043956,20,187,36,4.833333333333334,7.448275862068964,5,5
15.2,15,2,95,Ravichandran Ashwin,Hardik Pandya,1,False,-0.5,50,Mumbai,Wankhede Stadium,False,True,92,15,15.333333333333334,152,9.91304347826087,20,187,35,4.666666666666666,7.500000000000001,5,5
15.3,15,3,96,Ravichandran Ashwin,Kieron Pollard,0,True,5.0,50,Mumbai,Wankhede Stadium,False,True,93,15,15.5,152,9.806451612903226,20,187,35,4.5,7.777777777777778,6,4
15.4,15,4,97,Ravichandran Ashwin,Ben Cutting,1,False,-0.5,50,Mumbai,Wankhede Stadium,False,True,94,15,15.666666666666666,153,9.76595744680851,20,187,34,4.333333333333334,7.846153846153845,6,4
15.5,15,5,98,Ravichandran Ashwin,Hardik Pandya,1,False,-0.5,50,Mumbai,Wankhede Stadium,False,True,95,15,15.833333333333334,154,9.726315789473684,20,187,33,4.166666666666666,7.920000000000001,6,4
15.6,15,6,99,Ravichandran Ashwin,Ben Cutting,0,False,1.0,50,Mumbai,Wankhede Stadium,False,True,96,15,16.0,154,9.625,20,187,33,4.0,8.25,6,4
16.1,16,1,100,Andrew Tye,Hardik Pandya,0,False,1.0,50,Mumbai,Wankhede Stadium,False,True,97,16,16.166666666666668,154,9.525773195876289,20,187,33,3.833333333333332,8.608695652173916,6,4
16.2,16,2,101,Andrew Tye,Hardik Pandya,0,False,1.0,50,Mumbai,Wankhede Stadium,False,True,98,16,16.333333333333332,154,9.428571428571429,20,187,33,3.666666666666668,8.999999999999996,6,4
16.3,16,3,102,Andrew Tye,Hardik Pandya,1,False,-0.5,50,Mumbai,Wankhede Stadium,False,True,99,16,16.5,155,9.393939393939394,20,187,32,3.5,9.142857142857142,6,4
16.4,16,4,103,Andrew Tye,Ben Cutting,0,False,1.0,50,Mumbai,Wankhede Stadium,False,True,100,16,16.666666666666668,155,9.299999999999999,20,187,32,3.333333333333332,9.600000000000003,6,4
16.5,16,5,104,Andrew Tye,Ben Cutting,2,False,-1.0,50,Mumbai,Wankhede Stadium,False,True,101,16,16.833333333333332,157,9.326732673267328,20,187,30,3.166666666666668,9.473684210526311,6,4
16.6,16,6,105,Andrew Tye,Ben Cutting,0,False,1.0,50,Mumbai,Wankhede Stadium,False,True,102,16,17.0,157,9.235294117647058,20,187,30,3.0,10.0,6,4
17.1,17,1,106,Ravichandran Ashwin,Hardik Pandya,1,False,-0.5,50,Mumbai,Wankhede Stadium,False,True,103,17,17.166666666666668,158,9.20388349514563,20,187,29,2.833333333333332,10.235294117647063,6,4
17.2,17,2,107,Ravichandran Ashwin,Ben Cutting,1,False,-0.5,50,Mumbai,Wankhede Stadium,False,True,104,17,17.333333333333332,159,9.173076923076923,20,187,28,2.666666666666668,10.499999999999995,6,4
17.3,17,3,108,Ravichandran Ashwin,Hardik Pandya,1,False,-0.5,50,Mumbai,Wankhede Stadium,False,True,105,17,17.5,160,9.142857142857142,20,187,27,2.5,10.8,6,4
17.4,17,4,109,Ravichandran Ashwin,Ben Cutting,0,True,5.0,50,Mumbai,Wankhede Stadium,False,True,106,17,17.666666666666668,160,9.056603773584905,20,187,27,2.333333333333332,11.571428571428577,7,3
17.5,17,5,110,Ravichandran Ashwin,Hardik Pandya,1,False,-0.5,50,Mumbai,Wankhede Stadium,False,True,107,17,17.833333333333332,161,9.02803738317757,20,187,26,2.166666666666668,11.999999999999993,7,3
17.6,17,6,111,Ravichandran Ashwin,Mitchell McClenaghan,6,False,-3.0,50,Mumbai,Wankhede Stadium,False,True,108,17,18.0,167,9.277777777777779,20,187,20,2.0,10.0,7,3
18.1,18,1,112,Andrew Tye,Hardik Pandya,1,False,-1.0,50,Mumbai,Wankhede Stadium,True,False,108,17,18.0,168,9.333333333333334,20,187,19,2.0,9.5,7,3
18.1,18,1,113,Andrew Tye,Hardik Pandya,2,False,-1.0,50,Mumbai,Wankhede Stadium,False,True,109,18,18.166666666666668,170,9.357798165137615,20,187,17,1.8333333333333321,9.272727272727279,7,3
18.2,18,2,114,Andrew Tye,Hardik Pandya,0,True,5.0,50,Mumbai,Wankhede Stadium,False,True,110,18,18.333333333333332,170,9.272727272727273,20,187,17,1.6666666666666679,10.199999999999992,8,2
18.3,18,3,115,Andrew Tye,Mayank Markande,1,False,-0.5,50,Mumbai,Wankhede Stadium,False,True,111,18,18.5,171,9.243243243243244,20,187,16,1.5,10.666666666666666,8,2
18.4,18,4,116,Andrew Tye,Mitchell McClenaghan,4,False,-2.0,50,Mumbai,Wankhede Stadium,False,True,112,18,18.666666666666668,175,9.375,20,187,12,1.3333333333333321,9.000000000000009,8,2
18.5,18,5,117,Andrew Tye,Mitchell McClenaghan,0,False,1.0,50,Mumbai,Wankhede Stadium,False,True,113,18,18.833333333333332,175,9.29203539823009,20,187,12,1.1666666666666679,10.285714285714276,8,2
18.6,18,6,118,Andrew Tye,Mitchell McClenaghan,0,False,1.0,50,Mumbai,Wankhede Stadium,False,True,114,18,19.0,175,9.210526315789474,20,187,12,1.0,12.0,8,2
19.1,19,1,119,Mohit Sharma,Mayank Markande,4,False,-2.0,50,Mumbai,Wankhede Stadium,False,True,115,19,19.166666666666668,179,9.339130434782609,20,187,8,0.8333333333333321,9.600000000000014,8,2
19.2,19,2,120,Mohit Sharma,Mayank Markande,1,False,-0.5,50,Mumbai,Wankhede Stadium,False,True,116,19,19.333333333333332,180,9.310344827586208,20,187,7,0.6666666666666679,10.499999999999982,8,2
19.3,19,3,121,Mohit Sharma,Mitchell McClenaghan,1,False,-1.0,50,Mumbai,Wankhede Stadium,True,False,116,19,19.333333333333332,181,9.362068965517242,20,187,6,0.6666666666666679,8.999999999999984,8,2
19.3,19,3,122,Mohit Sharma,Mitchell McClenaghan,0,False,1.0,50,Mumbai,Wankhede Stadium,False,True,117,19,19.5,181,9.282051282051283,20,187,6,0.5,12.0,8,2
19.4,19,4,123,Mohit Sharma,Mitchell McClenaghan,2,False,-1.0,50,Mumbai,Wankhede Stadium,True,False,117,19,19.5,183,9.384615384615385,20,187,4,0.5,8.0,8,2
19.4,19,4,124,Mohit Sharma,Mayank Markande,1,False,-0.25,50,Mumbai,Wankhede Stadium,False,True,118,19,19.666666666666668,184,9.35593220338983,20,187,3,0.33333333333333215,9.000000000000032,8,2
19.5,19,5,125,Mohit Sharma,Mitchell McClenaghan,1,False,-0.25,50,Mumbai,Wankhede Stadium,False,True,119,19,19.833333333333332,185,9.327731092436975,20,187,2,0.16666666666666785,11.999999999999915,8,2
19.6,19,6,126,Mohit Sharma,Mayank Markande,1,False,-0.5,50,Mumbai,Wankhede Stadium,False,True,120,19,20.0,186,9.3,20,187,1,0.0,inf,8,2
