Ball Number,over,ball,Ball,bowler,batsman,Runs,is_wicket,bowler_score,match_id,city,stadium,is_extra,legal_delivery,legal_deliveries_count,overs_completed,overs_bowled,total_runs,current_run_rate,total_overs,target,runs_needed,overs_remaining,required_run_rate,wickets_fallen,wickets_in_hand
0.1,0,1,1,Krishnappa Gowtham,Virat Kohli,0,False,1.0,53,Jaipur,Sawai Mansingh Stadium,False,True,1,0,0.16666666666666666,0,0.0,20,165,165,19.833333333333332,8.319327731092438,0,10
0.2,0,2,2,Krishnappa Gowtham,Virat Kohli,0,False,1.0,53,Jaipur,Sawai Mansingh Stadium,False,True,2,0,0.3333333333333333,0,0.0,20,165,165,19.666666666666668,8.389830508474576,0,10
0.3,0,3,3,Krishnappa Gowtham,Virat Kohli,0,False,1.0,53,Jaipur,Sawai Mansingh Stadium,False,True,3,0,0.5,0,0.0,20,165,165,19.5,8.461538461538462,0,10
0.4,0,4,4,Krishnappa Gowtham,Virat Kohli,1,False,-0.5,53,Jaipur,Sawai Mansingh Stadium,False,True,4,0,0.6666666666666666,1,1.5,20,165,164,19.333333333333332,8.482758620689655,0,10
0.5,0,5,5,Krishnappa Gowtham,Parthiv Patel,1,False,-0.5,53,Jaipur,Sawai Mansingh Stadium,False,True,5,0,0.8333333333333334,2,2.4,20,165,163,19.166666666666668,8.504347826086956,0,10
0.6,0,6,6,Krishnappa Gowtham,Virat Kohli,0,False,1.0,53,Jaipur,Sawai Mansingh Stadium,False,True,6,0,1.0,2,2.0,20,165,163,19.0,8.578947368421053,0,10
1.1,1,1,7,Jofra Archer,Parthiv Patel,6,False,-3.0,53,Jaipur,Sawai Mansingh Stadium,False,True,7,1,1.1666666666666667,8,6.857142857142857,20,165,157,18.833333333333332,8.336283185840708,0,10
1.2,1,2,8,Jofra Archer,Parthiv Patel,0,False,1.0,53,Jaipur,Sawai Mansingh Stadium,False,True,8,1,1.3333333333333333,8,6.0,20,165,157,18.666666666666668,8.410714285714285,0,10
1.3,1,3,9,Jofra Archer,Parthiv Patel,0,False,1.0,53,Jaipur,Sawai Mansingh Stadium,False,True,9,1,1.5,8,5.333333333333333,20,165,157,18.5,8.486486486486486,0,10
1.4,1,4,10,Jofra Archer,Parthiv Patel,1,False,-0.5,53,Jaipur,Sawai Mansingh Stadium,False,True,10,1,1.6666666666666665,9,5.4,20,165,156,18.333333333333332,8.50909090909091,0,10
1.5,1,5,11,Jofra Archer,Virat Kohli,1,False,-0.5,53,Jaipur,Sawai Mansingh Stadium,False,True,11,1,1.8333333333333335,10,5.454545454545454,20,165,155,18.166666666666668,8.53211009174312,0,10
1.6,1,6,12,Jofra Archer,Parthiv Patel,6,False,-3.0,53,Jaipur,Sawai Mansingh Stadium,False,True,12,1,2.0,16,8.0,20,165,149,18.0,8.277777777777779,0,10
2.1,2,1,13,Krishnappa Gowtham,Virat Kohli,1,False,-0.5,53,Jaipur,Sawai Mansingh Stadium,False,True,13,2,2.1666666666666665,17,7.846153846153847,20,165,148,17.833333333333332,8.299065420560748,0,10
2.2,2,2,14,Krishnappa Gowtham,Parthiv Patel,1,False,-0.5,53,Jaipur,Sawai Mansingh Stadium,False,True,14,2,2.3333333333333335,18,7.7142857142857135,20,165,147,17.666666666666668,8.320754716981131,0,10
2.3,2,3,15,Krishnappa Gowtham,Virat Kohli,1,False,-0.5,53,Jaipur,Sawai Mansingh Stadium,False,True,15,2,2.5,19,7.6,20,165,146,17.5,8.342857142857143,0,10
2.4,2,4,16,Krishnappa Gowtham,Parthiv Patel,1,False,-0.25,53,Jaipur,Sawai Mansingh Stadium,False,True,16,2,2.6666666666666665,20,7.5,20,165,145,17.333333333333332,8.365384615384617,0,10
2.5,2,5,17,Krishnappa Gowtham,Virat Kohli,0,True,5.0,53,Jaipur,Sawai Mansingh Stadium,False,True,17,2,2.8333333333333335,20,7.0588235294117645,20,165,145,17.166666666666668,8.446601941747572,1,9
2.6,2,6,18,Krishnappa Gowtham,de Villiers,1,False,-0.5,53,Jaipur,Sawai Mansingh Stadium,False,True,18,2,3.0,21,7.0,20,165,144,17.0,8.470588235294118,1,9
3.1,3,1,19,Jofra Archer,de Villiers,2,False,-1.0,53,Jaipur,Sawai Mansingh Stadium,False,True,19,3,3.1666666666666665,23,7.2631578947368425,20,165,142,16.833333333333332,8.435643564356436,1,9
3.2,3,2,20,Jofra Archer,de Villiers,4,False,-2.0,53,Jaipur,Sawai Mansingh Stadium,False,True,20,3,3.3333333333333335,27,8.1,20,165,138,16.666666666666668,8.28,1,9
3.3,3,3,21,Jofra Archer,de Villiers,0,False,1.0,53,Jaipur,Sawai Mansingh Stadium,False,True,21,3,3.5,27,7.714285714285714,20,165,138,16.5,8.363636363636363,1,9
3.4,3,4,22,Jofra Archer,de Villiers,0,False,1.0,53,Jaipur,Sawai Mansingh Stadium,False,True,22,3,3.6666666666666665,27,7.363636363636364,20,165,138,16.333333333333332,8.448979591836736,1,9
3.5,3,5,23,Jofra Archer,de Villiers,4,False,-2.0,53,Jaipur,Sawai Mansingh Stadium,False,True,23,3,3.8333333333333335,31,8.08695652173913,20,165,134,16.166666666666668,8.288659793814432,1,9
3.6,3,6,24,Jofra Archer,de Villiers,4,False,-2.0,53,Jaipur,Sawai Mansingh Stadium,False,True,24,3,4.0,35,8.75,20,165,130,16.0,8.125,1,9
4.1,4,1,25,Ben Laughlin,Parthiv Patel,0,False,1.0,53,Jaipur,Sawai Mansingh Stadium,False,True,25,4,4.166666666666667,35,8.399999999999999,20,165,130,15.833333333333332,8.210526315789474,1,9
4.2,4,2,26,Ben Laughlin,Parthiv Patel,1,False,-0.5,53,Jaipur,Sawai Mansingh Stadium,False,True,26,4,4.333333333333333,36,8.307692307692308,20,165,129,15.666666666666668,8.23404255319149,1,9
4.3,4,3,27,Ben Laughlin,de Villiers,4,False,-2.0,53,Jaipur,Sawai Mansingh Stadium,False,True,27,4,4.5,40,8.88888888888889,20,165,125,15.5,8.064516129032258,1,9
4.4,4,4,28,Ben Laughlin,de Villiers,0,False,1.0,53,Jaipur,Sawai Mansingh Stadium,False,True,28,4,4.666666666666667,40,8.571428571428571,20,165,125,15.333333333333332,8.152173913043478,1,9
4.5,4,5,29,Ben Laughlin,de Villiers,1,False,-0.5,53,Jaipur,Sawai Mansingh Stadium,False,True,29,4,4.833333333333333,41,8.482758620689655,20,165,124,15.166666666666668,8.175824175824175,1,9
4.6,4,6,30,Ben Laughlin,Parthiv Patel,4,False,-2.0,53,Jaipur,Sawai Mansingh Stadium,False,True,30,4,5.0,45,9.0,20,165,120,15.0,8.0,1,9
5.1,5,1,31,Jaydev Unadkat,de Villiers,0,False,1.0,53,Jaipur,Sawai Mansingh Stadium,False,True,31,5,5.166666666666667,45,8.709677419354838,20,165,120,14.833333333333332,8.089887640449438,1,9
5.2,5,2,32,Jaydev Unadkat,de Villiers,1,False,-0.5,53,Jaipur,Sawai Mansingh Stadium,False,True,32,5,5.333333333333333,46,8.625,20,165,119,14.666666666666668,8.113636363636363,1,9
5.3,5,3,33,Jaydev Unadkat,Parthiv Patel,4,False,-2.0,53,Jaipur,Sawai Mansingh Stadium,False,True,33,5,5.5,50,9.090909090909092,20,165,115,14.5,7.931034482758621,1,9
5.4,5,4,34,N/A,N/A,0,False,0.0,53,Jaipur,Sawai Mansingh Stadium,False,True,34,5,5.666666666666667,50,8.823529411764705,20,165,115,14.333333333333332,8.023255813953488,1,9
5.5,5,5,35,Jaydev Unadkat,Parthiv Patel,4,False,-2.0,53,Jaipur,Sawai Mansingh Stadium,False,True,35,5,5.833333333333333,54,9.257142857142858,20,165,111,14.166666666666668,7.8352941176470585,1,9
5.6,5,6,36,Jaydev Unadkat,Parthiv Patel,1,False,-0.5,53,Jaipur,Sawai Mansingh Stadium,False,True,36,5,6.0,55,9.166666666666666,20,165,110,14.0,7.857142857142857,1,9
6.1,6,1,37,Shreyas Gopal,Parthiv Patel,1,False,-0.5,53,Jaipur,Sawai Mansingh Stadium,False,True,37,6,6.166666666666667,56,9.08108108108108,20,165,109,13.833333333333332,7.879518072289157,1,9
6.2,6,2,38,Shreyas Gopal,de Villiers,1,False,-0.5,53,Jaipur,Sawai Mansingh Stadium,False,True,38,6,6.333333333333333,57,9.0,20,165,108,13.666666666666668,7.902439024390243,1,9
6.3,6,3,39,Shreyas Gopal,Parthiv Patel,1,False,-0.5,53,Jaipur,Sawai Mansingh Stadium,False,True,39,6,6.5,58,8.923076923076923,20,165,107,13.5,7.925925925925926,1,9
6.4,6,4,40,Shreyas Gopal,de Villiers,3,False,-1.5,53,Jaipur,Sawai Mansingh Stadium,False,True,40,6,6.666666666666667,61,9.15,20,165,104,13.333333333333332,7.800000000000001,1,9
6.5,6,5,41,Shreyas Gopal,Parthiv Patel,1,False,-0.5,53,Jaipur,Sawai Mansingh Stadium,False,True,41,6,6.833333333333333,62,9.073170731707318,20,165,103,13.166666666666668,7.822784810126581,1,9
6.6,6,6,42,Shreyas Gopal,de Villiers,1,False,-0.5,53,Jaipur,Sawai Mansingh Stadium,False,True,42,6,7.0,63,9.0,20,165,102,13.0,7.846153846153846,1,9
7.1,7,1,43,Ish Sodhi,de Villiers,4,False,-2.0,53,Jaipur,Sawai Mansingh Stadium,False,True,43,7,7.166666666666667,67,9.348837209302324,20,165,98,12.833333333333332,7.636363636363637,1,9
7.2,7,2,44,Ish Sodhi,de Villiers,4,False,-2.0,53,Jaipur,Sawai Mansingh Stadium,False,True,44,7,7.333333333333333,71,9.681818181818182,20,165,94,12.666666666666668,7.421052631578947,1,9
7.3,7,3,45,Ish Sodhi,de Villiers,1,False,-0.5,53,Jaipur,Sawai Mansingh Stadium,False,True,45,7,7.5,72,9.6,20,165,93,12.5,7.44,1,9
7.4,7,4,46,Ish Sodhi,Parthiv Patel,1,False,-0.5,53,Jaipur,Sawai Mansingh Stadium,False,True,46,7,7.666666666666667,73,9.521739130434781,20,165,92,12.333333333333332,7.4594594594594605,1,9
7.5,7,5,47,Ish Sodhi,de Villiers,1,False,-0.5,53,Jaipur,Sawai Mansingh Stadium,False,True,47,7,7.833333333333333,74,9.446808510638299,20,165,91,12.166666666666668,7.47945205479452,1,9
7.6,7,6,48,Ish Sodhi,Parthiv Patel,0,False,1.0,53,Jaipur,Sawai Mansingh Stadium,False,True,48,7,8.0,74,9.25,20,165,91,12.0,7.583333333333333,1,9
8.1,8,1,49,Shreyas Gopal,de Villiers,0,False,1.0,53,Jaipur,Sawai Mansingh Stadium,False,True,49,8,8.166666666666666,74,9.061224489795919,20,165,91,11.833333333333334,7.690140845070422,1,9
8.2,8,2,50,Shreyas Gopal,de Villiers,1,False,-0.5,53,Jaipur,Sawai Mansingh Stadium,False,True,50,8,8.333333333333334,75,9.0,20,165,90,11.666666666666666,7.714285714285714,1,9
8.3,8,3,51,Shreyas Gopal,Parthiv Patel,0,True,5.0,53,Jaipur,Sawai Mansingh Stadium,False,True,51,8,8.5,75,8.823529411764707,20,165,90,11.5,7.826086956521739,2,8
8.4,8,4,52,Shreyas Gopal,Moeen Ali,1,False,-0.5,53,Jaipur,Sawai Mansingh Stadium,False,True,52,8,8.666666666666666,76,8.76923076923077,20,165,89,11.333333333333334,7.852941176470588,2,8
8.5,8,5,53,Shreyas Gopal,de Villiers,1,False,-0.5,53,Jaipur,Sawai Mansingh Stadium,False,True,53,8,8.833333333333334,77,8.716981132075471,20,165,88,11.166666666666666,7.880597014925374,2,8
8.6,8,6,54,Shreyas Gopal,Moeen Ali,0,True,5.0,53,Jaipur,Sawai Mansingh Stadium,False,True,54,8,9.0,77,8.555555555555555,20,165,88,11.0,8.0,3,7
9.1,9,1,55,Ish Sodhi,de Villiers,0,False,1.0,53,Jaipur,Sawai Mansingh Stadium,False,True,55,9,9.166666666666666,77,8.4,20,165,88,10.833333333333334,8.123076923076923,3,7
9.2,9,2,56,Ish Sodhi,de Villiers,2,False,-1.0,53,Jaipur,Sawai Mansingh Stadium,False,True,56,9,9.333333333333334,79,8.464285714285714,20,165,86,10.666666666666666,8.0625,3,7
9.3,9,3,57,Ish Sodhi,de Villiers,1,False,-0.5,53,Jaipur,Sawai Mansingh Stadium,False,True,57,9,9.5,80,8.421052631578947,20,165,85,10.5,8.095238095238095,3,7
9.4,9,4,58,Ish Sodhi,Mandeep Singh,1,False,-0.5,53,Jaipur,Sawai Mansingh Stadium,False,True,58,9,9.666666666666666,81,8.379310344827587,20,165,84,10.333333333333334,8.129032258064516,3,7
9.5,9,5,59,Ish Sodhi,de Villiers,1,False,-0.5,53,Jaipur,Sawai Mansingh Stadium,False,True,59,9,9.833333333333334,82,8.338983050847457,20,165,83,10.166666666666666,8.163934426229508,3,7
9.6,9,6,60,Ish Sodhi,Mandeep Singh,2,False,-1.0,53,Jaipur,Sawai Mansingh Stadium,False,True,60,9,10.0,84,8.4,20,165,81,10.0,8.1,3,7
10.1,10,1,61,Shreyas Gopal,de Villiers,1,False,-0.5,53,Jaipur,Sawai Mansingh Stadium,False,True,61,10,10.166666666666666,85,8.360655737704919,20,165,80,9.833333333333334,8.135593220338983,3,7
10.2,10,2,62,Shreyas Gopal,Mandeep Singh,0,False,1.0,53,Jaipur,Sawai Mansingh Stadium,False,True,62,10,10.333333333333334,85,8.225806451612902,20,165,80,9.666666666666666,8.275862068965518,3,7
10.3,10,3,63,Shreyas Gopal,Mandeep Singh,0,True,5.0,53,Jaipur,Sawai Mansingh Stadium,False,True,63,10,10.5,85,8.095238095238095,20,165,80,9.5,8.421052631578947,4,6
10.4,10,4,64,Shreyas Gopal,de Grandhomme,1,False,-0.5,53,Jaipur,Sawai Mansingh Stadium,False,True,64,10,10.666666666666666,86,8.0625,20,165,79,9.333333333333334,8.464285714285714,4,6
10.5,10,5,65,Shreyas Gopal,de Villiers,0,False,1.0,53,Jaipur,Sawai Mansingh Stadium,False,True,65,10,10.833333333333334,86,7.938461538461538,20,165,79,9.166666666666666,8.618181818181819,4,6
10.6,10,6,66,Shreyas Gopal,de Villiers,1,False,-0.5,53,Jaipur,Sawai Mansingh Stadium,False,True,66,10,11.0,87,7.909090909090909,20,165,78,9.0,8.666666666666666,4,6
11.1,11,1,67,Ish Sodhi,de Villiers,2,False,-1.0,53,Jaipur,Sawai Mansingh Stadium,False,True,67,11,11.166666666666666,89,7.970149253731344,20,165,76,8.833333333333334,8.60377358490566,4,6
11.2,11,2,68,Ish Sodhi,de Villiers,4,False,-2.0,53,Jaipur,Sawai Mansingh Stadium,False,True,68,11,11.333333333333334,93,8.205882352941176,20,165,72,8.666666666666666,8.307692307692308,4,6
11.3,11,3,69,Ish Sodhi,de Villiers,1,False,-0.5,53,Jaipur,Sawai Mansingh Stadium,False,True,69,11,11.5,94,8.173913043478262,20,165,71,8.5,8.352941176470589,4,6
11.4,11,4,70,Ish Sodhi,de Grandhomme,1,False,-0.5,53,Jaipur,Sawai Mansingh Stadium,False,True,70,11,11.666666666666666,95,8.142857142857144,20,165,70,8.333333333333334,8.399999999999999,4,6
11.5,11,5,71,Ish Sodhi,de Villiers,1,False,-0.5,53,Jaipur,Sawai Mansingh Stadium,False,True,71,11,11.833333333333334,96,8.112676056338028,20,165,69,8.166666666666666,8.448979591836736,4,6
11.6,11,6,72,Ish Sodhi,de Grandhomme,0,True,5.0,53,Jaipur,Sawai Mansingh Stadium,False,True,72,11,12.0,96,8.0,20,165,69,8.0,8.625,5,5
12.1,12,1,73,Shreyas Gopal,de Villiers,1,False,-0.5,53,Jaipur,Sawai Mansingh Stadium,False,True,73,12,12.166666666666666,97,7.972602739726028,20,165,68,7.833333333333334,8.680851063829786,5,5
12.2,12,2,74,Shreyas Gopal,Sarfaraz Khan,0,False,1.0,53,Jaipur,Sawai Mansingh Stadium,False,True,74,12,12.333333333333334,97,7.864864864864865,20,165,68,7.666666666666666,8.869565217391305,5,5
12.3,12,3,75,Shreyas Gopal,Sarfaraz Khan,1,False,-0.5,53,Jaipur,Sawai Mansingh Stadium,False,True,75,12,12.5,98,7.84,20,165,67,7.5,8.933333333333334,5,5
12.4,12,4,76,Shreyas Gopal,de Villiers,0,True,5.0,53,Jaipur,Sawai Mansingh Stadium,False,True,76,12,12.666666666666666,98,7.736842105263158,20,165,67,7.333333333333334,9.136363636363635,6,4
12.5,12,5,77,Shreyas Gopal,Tim Southee,0,False,1.0,53,Jaipur,Sawai Mansingh Stadium,False,True,77,12,12.833333333333334,98,7.636363636363636,20,165,67,7.166666666666666,9.348837209302326,6,4
12.6,12,6,78,Shreyas Gopal,Tim Southee,0,False,1.0,53,Jaipur,Sawai Mansingh Stadium,False,True,78,12,13.0,98,7.538461538461538,20,165,67,7.0,9.571428571428571,6,4
13.1,13,1,79,Ish Sodhi,Sarfaraz Khan,1,False,-0.5,53,Jaipur,Sawai Mansingh Stadium,False,True,79,13,13.166666666666666,99,7.518987341772152,20,165,66,6.833333333333334,9.658536585365853,6,4
13.2,13,2,80,Ish Sodhi,Tim Southee,0,False,1.0,53,Jaipur,Sawai Mansingh Stadium,False,True,80,13,13.333333333333334,99,7.425,20,165,66,6.666666666666666,9.9,6,4
13.3,13,3,81,Ish Sodhi,Tim Southee,2,False,-1.0,53,Jaipur,Sawai Mansingh Stadium,False,True,81,13,13.5,101,7.481481481481482,20,165,64,6.5,9.846153846153847,6,4
13.4,13,4,82,Ish Sodhi,Tim Southee,0,False,1.0,53,Jaipur,Sawai Mansingh Stadium,False,True,82,13,13.666666666666666,101,7.390243902439025,20,165,64,6.333333333333334,10.105263157894736,6,4
13.5,13,5,83,Ish Sodhi,Tim Southee,1,False,-0.5,53,Jaipur,Sawai Mansingh Stadium,False,True,83,13,13.833333333333334,102,7.373493975903614,20,165,63,6.166666666666666,10.216216216216218,6,4
13.6,13,6,84,Ish Sodhi,Sarfaraz Khan,0,False,1.0,53,Jaipur,Sawai Mansingh Stadium,False,True,84,13,14.0,102,7.285714285714286,20,165,63,6.0,10.5,6,4
14.1,14,1,85,Jaydev Unadkat,Tim Southee,1,False,-0.5,53,Jaipur,Sawai Mansingh Stadium,False,True,85,14,14.166666666666666,103,7.270588235294118,20,165,62,5.833333333333334,10.628571428571428,6,4
14.2,14,2,86,Jaydev Unadkat,Sarfaraz Khan,4,False,-2.0,53,Jaipur,Sawai Mansingh Stadium,False,True,86,14,14.333333333333334,107,7.465116279069767,20,165,58,5.666666666666666,10.23529411764706,6,4
14.3,14,3,87,Jaydev Unadkat,Sarfaraz Khan,0,False,1.0,53,Jaipur,Sawai Mansingh Stadium,False,True,87,14,14.5,107,7.379310344827586,20,165,58,5.5,10.545454545454545,6,4
14.4,14,4,88,Jaydev Unadkat,Sarfaraz Khan,1,False,-0.5,53,Jaipur,Sawai Mansingh Stadium,False,True,88,14,14.666666666666666,108,7.363636363636364,20,165,57,5.333333333333334,10.687499999999998,6,4
14.5,14,5,89,Jaydev Unadkat,Tim Southee,0,False,1.0,53,Jaipur,Sawai Mansingh Stadium,False,True,89,14,14.833333333333334,108,7.280898876404494,20,165,57,5.166666666666666,11.03225806451613,6,4
14.6,14,6,90,Jaydev Unadkat,Tim Southee,0,False,1.0,53,Jaipur,Sawai Mansingh Stadium,False,True,90,14,15.0,108,7.2,20,165,57,5.0,11.4,6,4
15.1,15,1,91,Ben Laughlin,Sarfaraz Khan,0,True,5.0,53,Jaipur,Sawai Mansingh Stadium,False,True,91,15,15.166666666666666,108,7.120879120879121,20,165,57,4.833333333333334,11.793103448275861,7,3
15.2,15,2,92,Ben Laughlin,Umesh Yadav,0,True,5.0,53,Jaipur,Sawai Mansingh Stadium,False,True,92,15,15.333333333333334,108,7.0434782608695645,20,165,57,4.666666666666666,12.214285714285715,8,2
15.3,15,3,93,Ben Laughlin,Mohammed Siraj,0,False,1.0,53,Jaipur,Sawai Mansingh Stadium,False,True,93,15,15.5,108,6.967741935483871,20,165,57,4.5,12.666666666666666,8,2
15.4,15,4,94,Ben Laughlin,Mohammed Siraj,0,False,1.0,53,Jaipur,Sawai Mansingh Stadium,False,True,94,15,15.666666666666666,108,6.893617021276596,20,165,57,4.333333333333334,13.153846153846152,8,2
15.5,15,5,95,Ben Laughlin,Mohammed Siraj,4,False,-2.0,53,Jaipur,Sawai Mansingh Stadium,False,True,95,15,15.833333333333334,112,7.073684210526316,20,165,53,4.166666666666666,12.720000000000002,8,2
15.6,15,6,96,Ben Laughlin,Mohammed Siraj,1,False,-0.5,53,Jaipur,Sawai Mansingh Stadium,False,True,96,15,16.0,113,7.0625,20,165,52,4.0,13.0,8,2
16.1,16,1,97,Jofra Archer,Mohammed Siraj,1,False,-0.5,53,Jaipur,Sawai Mansingh Stadium,False,True,97,16,16.166666666666668,114,7.051546391752577,20,165,51,3.833333333333332,13.30434782608696,8,2
16.2,16,2,98,Jofra Archer,Tim Southee,0,False,1.0,53,Jaipur,Sawai Mansingh Stadium,False,True,98,16,16.333333333333332,114,6.979591836734694,20,165,51,3.666666666666668,13.909090909090905,8,2
16.3,16,3,99,Jofra Archer,Tim Southee,0,False,1.0,53,Jaipur,Sawai Mansingh Stadium,False,True,99,16,16.5,114,6.909090909090909,20,165,51,3.5,14.571428571428571,8,2
16.4,16,4,100,Jofra Archer,Tim Southee,1,False,-0.5,53,Jaipur,Sawai Mansingh Stadium,False,True,100,16,16.666666666666668,115,6.8999999999999995,20,165,50,3.333333333333332,15.000000000000005,8,2
16.5,16,5,101,Jofra Archer,Mohammed Siraj,1,False,-1.0,53,Jaipur,Sawai Mansingh Stadium,True,False,100,16,16.666666666666668,116,6.959999999999999,20,165,49,3.333333333333332,14.700000000000005,8,2
16.5,16,5,102,Jofra Archer,Mohammed Siraj,1,False,-0.5,53,Jaipur,Sawai Mansingh Stadium,False,True,101,16,16.833333333333332,117,6.950495049504951,20,165,48,3.166666666666668,15.157894736842099,8,2
16.6,16,6,103,Jofra Archer,Tim Southee,4,False,-2.0,53,Jaipur,Sawai Mansingh Stadium,False,True,102,16,17.0,121,7.117647058823529,20,165,44,3.0,14.666666666666666,8,2
17.1,17,1,104,Jaydev Unadkat,Mohammed Siraj,1,False,-0.5,53,Jaipur,Sawai Mansingh Stadium,False,True,103,17,17.166666666666668,122,7.106796116504854,20,165,43,2.833333333333332,15.1764705882353,8,2
17.2,17,2,105,Jaydev Unadkat,Tim Southee,4,False,-2.0,53,Jaipur,Sawai Mansingh Stadium,False,True,104,17,17.333333333333332,126,7.26923076923077,20,165,39,2.666666666666668,14.624999999999993,8,2
17.3,17,3,106,Jaydev Unadkat,Tim Southee,1,False,-0.5,53,Jaipur,Sawai Mansingh Stadium,False,True,105,17,17.5,127,7.257142857142857,20,165,38,2.5,15.2,8,2
17.4,17,4,107,Jaydev Unadkat,Mohammed Siraj,1,False,-0.5,53,Jaipur,Sawai Mansingh Stadium,False,True,106,17,17.666666666666668,128,7.245283018867924,20,165,37,2.333333333333332,15.857142857142865,8,2
17.5,17,5,108,Jaydev Unadkat,Tim Southee,0,False,1.0,53,Jaipur,Sawai Mansingh Stadium,False,True,107,17,17.833333333333332,128,7.177570093457945,20,165,37,2.166666666666668,17.076923076923066,8,2
17.6,17,6,109,Jaydev Unadkat,Tim Southee,0,True,5.0,53,Jaipur,Sawai Mansingh Stadium,False,True,108,17,18.0,128,7.111111111111111,20,165,37,2.0,18.5,9,1
18.1,18,1,110,Jofra Archer,Yuzvendra Chahal,1,False,-0.25,53,Jaipur,Sawai Mansingh Stadium,False,True,109,18,18.166666666666668,129,7.10091743119266,20,165,36,1.8333333333333321,19.636363636363647,9,1
18.2,18,2,111,Jofra Archer,Mohammed Siraj,0,False,1.0,53,Jaipur,Sawai Mansingh Stadium,False,True,110,18,18.333333333333332,129,7.036363636363637,20,165,36,1.6666666666666679,21.599999999999984,9,1
18.3,18,3,112,Jofra Archer,Mohammed Siraj,1,False,-0.5,53,Jaipur,Sawai Mansingh Stadium,False,True,111,18,18.5,130,7.027027027027027,20,165,35,1.5,23.333333333333332,9,1
18.4,18,4,113,Jofra Archer,Yuzvendra Chahal,0,False,1.0,53,Jaipur,Sawai Mansingh Stadium,False,True,112,18,18.666666666666668,130,6.9642857142857135,20,165,35,1.3333333333333321,26.250000000000025,9,1
18.5,18,5,114,Jofra Archer,Yuzvendra Chahal,0,False,1.0,53,Jaipur,Sawai Mansingh Stadium,False,True,113,18,18.833333333333332,130,6.902654867256637,20,165,35,1.1666666666666679,29.999999999999968,9,1
18.6,18,6,115,Jofra Archer,Yuzvendra Chahal,0,False,1.0,53,Jaipur,Sawai Mansingh Stadium,False,True,114,18,19.0,130,6.842105263157895,20,165,35,1.0,35.0,9,1
19.1,19,1,116,Jaydev Unadkat,Mohammed Siraj,4,False,-2.0,53,Jaipur,Sawai Mansingh Stadium,False,True,115,19,19.166666666666668,134,6.991304347826087,20,165,31,0.8333333333333321,37.20000000000005,9,1
19.2,19,2,117,Jaydev Unadkat,Mohammed Siraj,0,True,5.0,53,Jaipur,Sawai Mansingh Stadium,False,True,116,19,19.333333333333332,134,6.931034482758621,20,165,31,0.6666666666666679,46.499999999999915,10,0
