Ball Number,over,ball,Ball,bowler,batsman,Runs,is_wicket,bowler_score,match_id,city,stadium,is_extra,legal_delivery,legal_deliveries_count,overs_completed,overs_bowled,total_runs,current_run_rate,total_overs,target,runs_needed,overs_remaining,required_run_rate,wickets_fallen,wickets_in_hand
0.1,0,1,1,Krunal Pandya,Prithvi Shaw,1,False,-0.5,55,Delhi,Feroz Shah Kotla,False,True,1,0,0.16666666666666666,1,6.0,20,175,174,19.833333333333332,8.77310924369748,0,10
0.2,0,2,2,Krunal Pandya,Glenn Maxwell,2,False,-0.25,55,Delhi,Feroz Shah Kotla,False,True,2,0,0.3333333333333333,3,9.0,20,175,172,19.666666666666668,8.745762711864407,0,10
0.3,0,3,3,Krunal Pandya,Glenn Maxwell,0,False,1.0,55,Delhi,Feroz Shah Kotla,False,True,3,0,0.5,3,6.0,20,175,172,19.5,8.820512820512821,0,10
0.4,0,4,4,Krunal Pandya,Glenn Maxwell,1,False,-0.5,55,Delhi,Feroz Shah Kotla,False,True,4,0,0.6666666666666666,4,6.0,20,175,171,19.333333333333332,8.844827586206897,0,10
0.5,0,5,5,Krunal Pandya,Prithvi Shaw,1,False,-0.5,55,Delhi,Feroz Shah Kotla,False,True,5,0,0.8333333333333334,5,6.0,20,175,170,19.166666666666668,8.869565217391305,0,10
0.6,0,6,6,Krunal Pandya,Glenn Maxwell,4,False,-2.0,55,Delhi,Feroz Shah Kotla,False,True,6,0,1.0,9,9.0,20,175,166,19.0,8.736842105263158,0,10
1.1,1,1,7,Jasprit Bumrah,Prithvi Shaw,0,False,1.0,55,Delhi,Feroz Shah Kotla,False,True,7,1,1.1666666666666667,9,7.7142857142857135,20,175,166,18.833333333333332,8.814159292035399,0,10
1.2,1,2,8,Jasprit Bumrah,Prithvi Shaw,4,False,-2.0,55,Delhi,Feroz Shah Kotla,False,True,8,1,1.3333333333333333,13,9.75,20,175,162,18.666666666666668,8.678571428571429,0,10
1.3,1,3,9,Jasprit Bumrah,Prithvi Shaw,1,False,-0.5,55,Delhi,Feroz Shah Kotla,False,True,9,1,1.5,14,9.333333333333334,20,175,161,18.5,8.702702702702704,0,10
1.4,1,4,10,Jasprit Bumrah,Glenn Maxwell,2,False,-1.0,55,Delhi,Feroz Shah Kotla,False,True,10,1,1.6666666666666665,16,9.600000000000001,20,175,159,18.333333333333332,8.672727272727274,0,10
1.5,1,5,11,Jasprit Bumrah,Glenn Maxwell,0,False,1.0,55,Delhi,Feroz Shah Kotla,False,True,11,1,1.8333333333333335,16,8.727272727272727,20,175,159,18.166666666666668,8.75229357798165,0,10
1.6,1,6,12,Jasprit Bumrah,Glenn Maxwell,4,False,-2.0,55,Delhi,Feroz Shah Kotla,False,True,12,1,2.0,20,10.0,20,175,155,18.0,8.61111111111111,0,10
2.1,2,1,13,Hardik Pandya,Prithvi Shaw,0,False,1.0,55,Delhi,Feroz Shah Kotla,False,True,13,2,2.1666666666666665,20,9.230769230769232,20,175,155,17.833333333333332,8.69158878504673,0,10
2.2,2,2,14,Hardik Pandya,Prithvi Shaw,1,False,-0.5,55,Delhi,Feroz Shah Kotla,False,True,14,2,2.3333333333333335,21,9.0,20,175,154,17.666666666666668,8.716981132075471,0,10
2.3,2,3,15,Hardik Pandya,Glenn Maxwell,0,False,1.0,55,Delhi,Feroz Shah Kotla,False,True,15,2,2.5,21,8.4,20,175,154,17.5,8.8,0,10
2.4,2,4,16,Hardik Pandya,Glenn Maxwell,4,False,-2.0,55,Delhi,Feroz Shah Kotla,False,True,16,2,2.6666666666666665,25,9.375,20,175,150,17.333333333333332,8.653846153846155,0,10
2.5,2,5,17,Hardik Pandya,Glenn Maxwell,1,False,-0.5,55,Delhi,Feroz Shah Kotla,False,True,17,2,2.8333333333333335,26,9.176470588235293,20,175,149,17.166666666666668,8.679611650485436,0,10
2.6,2,6,18,Hardik Pandya,Prithvi Shaw,4,False,-2.0,55,Delhi,Feroz Shah Kotla,False,True,18,2,3.0,30,10.0,20,175,145,17.0,8.529411764705882,0,10
3.1,3,1,19,Mustafizur Rahman,Glenn Maxwell,0,True,5.0,55,Delhi,Feroz Shah Kotla,False,True,19,3,3.1666666666666665,30,9.473684210526317,20,175,145,16.833333333333332,8.613861386138614,1,9
3.2,3,2,20,Mustafizur Rahman,Glenn Maxwell,1,False,-0.5,55,Delhi,Feroz Shah Kotla,False,True,20,3,3.3333333333333335,31,9.299999999999999,20,175,144,16.666666666666668,8.639999999999999,1,9
3.3,3,3,21,Mustafizur Rahman,Shreyas Iyer,1,False,-0.5,55,Delhi,Feroz Shah Kotla,False,True,21,3,3.5,32,9.142857142857142,20,175,143,16.5,8.666666666666666,1,9
3.4,3,4,22,Mustafizur Rahman,Glenn Maxwell,0,False,1.0,55,Delhi,Feroz Shah Kotla,False,True,22,3,3.6666666666666665,32,8.727272727272728,20,175,143,16.333333333333332,8.755102040816327,1,9
3.5,3,5,23,Mustafizur Rahman,Glenn Maxwell,0,False,1.0,55,Delhi,Feroz Shah Kotla,False,True,23,3,3.8333333333333335,32,8.347826086956522,20,175,143,16.166666666666668,8.845360824742267,1,9
3.6,3,6,24,Mustafizur Rahman,Glenn Maxwell,1,False,-0.5,55,Delhi,Feroz Shah Kotla,False,True,24,3,4.0,33,8.25,20,175,142,16.0,8.875,1,9
4.1,4,1,25,Jasprit Bumrah,Glenn Maxwell,4,False,-2.0,55,Delhi,Feroz Shah Kotla,False,True,25,4,4.166666666666667,37,8.879999999999999,20,175,138,15.833333333333332,8.715789473684211,1,9
4.2,4,2,26,Jasprit Bumrah,Glenn Maxwell,1,False,-1.0,55,Delhi,Feroz Shah Kotla,True,False,25,4,4.166666666666667,38,9.12,20,175,137,15.833333333333332,8.65263157894737,1,9
4.2,4,2,27,Jasprit Bumrah,Glenn Maxwell,0,False,1.0,55,Delhi,Feroz Shah Kotla,False,True,26,4,4.333333333333333,38,8.76923076923077,20,175,137,15.666666666666668,8.74468085106383,1,9
4.3,4,3,28,Jasprit Bumrah,Glenn Maxwell,0,True,5.0,55,Delhi,Feroz Shah Kotla,False,True,27,4,4.5,38,8.444444444444445,20,175,137,15.5,8.838709677419354,2,8
4.4,4,4,29,Jasprit Bumrah,Rishabh Pant,0,False,1.0,55,Delhi,Feroz Shah Kotla,False,True,28,4,4.666666666666667,38,8.142857142857142,20,175,137,15.333333333333332,8.934782608695652,2,8
4.5,4,5,30,Jasprit Bumrah,Rishabh Pant,0,False,1.0,55,Delhi,Feroz Shah Kotla,False,True,29,4,4.833333333333333,38,7.862068965517242,20,175,137,15.166666666666668,9.032967032967033,2,8
4.6,4,6,31,Jasprit Bumrah,Rishabh Pant,1,False,-0.5,55,Delhi,Feroz Shah Kotla,False,True,30,4,5.0,39,7.8,20,175,136,15.0,9.066666666666666,2,8
5.1,5,1,32,Mustafizur Rahman,Rishabh Pant,4,False,-2.0,55,Delhi,Feroz Shah Kotla,False,True,31,5,5.166666666666667,43,8.32258064516129,20,175,132,14.833333333333332,8.898876404494382,2,8
5.2,5,2,33,Mustafizur Rahman,Rishabh Pant,2,False,-1.0,55,Delhi,Feroz Shah Kotla,False,True,32,5,5.333333333333333,45,8.4375,20,175,130,14.666666666666668,8.863636363636363,2,8
5.3,5,3,34,Mustafizur Rahman,Rishabh Pant,1,False,-0.5,55,Delhi,Feroz Shah Kotla,False,True,33,5,5.5,46,8.363636363636363,20,175,129,14.5,8.89655172413793,2,8
5.4,5,4,35,Mustafizur Rahman,Shreyas Iyer,0,False,1.0,55,Delhi,Feroz Shah Kotla,False,True,34,5,5.666666666666667,46,8.117647058823529,20,175,129,14.333333333333332,9.0,2,8
5.5,5,5,36,Mustafizur Rahman,Shreyas Iyer,0,False,1.0,55,Delhi,Feroz Shah Kotla,False,True,35,5,5.833333333333333,46,7.885714285714286,20,175,129,14.166666666666668,9.105882352941176,2,8
5.6,5,6,37,Mustafizur Rahman,Shreyas Iyer,0,False,1.0,55,Delhi,Feroz Shah Kotla,False,True,36,5,6.0,46,7.666666666666667,20,175,129,14.0,9.214285714285714,2,8
6.1,6,1,38,Mayank Markande,Rishabh Pant,1,False,-0.5,55,Delhi,Feroz Shah Kotla,False,True,37,6,6.166666666666667,47,7.621621621621621,20,175,128,13.833333333333332,9.253012048192772,2,8
6.2,6,2,39,Mayank Markande,Shreyas Iyer,1,False,-0.5,55,Delhi,Feroz Shah Kotla,False,True,38,6,6.333333333333333,48,7.578947368421053,20,175,127,13.666666666666668,9.292682926829267,2,8
6.3,6,3,40,Mayank Markande,Rishabh Pant,4,False,-2.0,55,Delhi,Feroz Shah Kotla,False,True,39,6,6.5,52,8.0,20,175,123,13.5,9.11111111111111,2,8
6.4,6,4,41,Mayank Markande,Rishabh Pant,1,False,-0.5,55,Delhi,Feroz Shah Kotla,False,True,40,6,6.666666666666667,53,7.949999999999999,20,175,122,13.333333333333332,9.15,2,8
6.5,6,5,42,Mayank Markande,Shreyas Iyer,1,False,-0.5,55,Delhi,Feroz Shah Kotla,False,True,41,6,6.833333333333333,54,7.902439024390244,20,175,121,13.166666666666668,9.189873417721518,2,8
6.6,6,6,43,Mayank Markande,Rishabh Pant,6,False,-3.0,55,Delhi,Feroz Shah Kotla,False,True,42,6,7.0,60,8.571428571428571,20,175,115,13.0,8.846153846153847,2,8
7.1,7,1,44,Ben Cutting,Shreyas Iyer,1,False,-0.5,55,Delhi,Feroz Shah Kotla,False,True,43,7,7.166666666666667,61,8.511627906976743,20,175,114,12.833333333333332,8.883116883116884,2,8
7.2,7,2,45,Ben Cutting,Rishabh Pant,4,False,-2.0,55,Delhi,Feroz Shah Kotla,False,True,44,7,7.333333333333333,65,8.863636363636363,20,175,110,12.666666666666668,8.68421052631579,2,8
7.3,7,3,46,Ben Cutting,Rishabh Pant,1,False,-0.5,55,Delhi,Feroz Shah Kotla,False,True,45,7,7.5,66,8.8,20,175,109,12.5,8.72,2,8
7.4,7,4,47,Ben Cutting,Shreyas Iyer,1,False,-0.5,55,Delhi,Feroz Shah Kotla,False,True,46,7,7.666666666666667,67,8.739130434782608,20,175,108,12.333333333333332,8.756756756756758,2,8
7.5,7,5,48,Ben Cutting,Rishabh Pant,0,False,1.0,55,Delhi,Feroz Shah Kotla,False,True,47,7,7.833333333333333,67,8.553191489361703,20,175,108,12.166666666666668,8.876712328767123,2,8
7.6,7,6,49,Ben Cutting,Rishabh Pant,1,False,-0.5,55,Delhi,Feroz Shah Kotla,False,True,48,7,8.0,68,8.5,20,175,107,12.0,8.916666666666666,2,8
8.1,8,1,50,Mayank Markande,Rishabh Pant,0,False,1.0,55,Delhi,Feroz Shah Kotla,False,True,49,8,8.166666666666666,68,8.326530612244898,20,175,107,11.833333333333334,9.04225352112676,2,8
8.2,8,2,51,Mayank Markande,Rishabh Pant,4,False,-2.0,55,Delhi,Feroz Shah Kotla,False,True,50,8,8.333333333333334,72,8.639999999999999,20,175,103,11.666666666666666,8.82857142857143,2,8
8.3,8,3,52,Mayank Markande,Rishabh Pant,1,False,-0.5,55,Delhi,Feroz Shah Kotla,False,True,51,8,8.5,73,8.588235294117647,20,175,102,11.5,8.869565217391305,2,8
8.4,8,4,53,Mayank Markande,Shreyas Iyer,1,False,-0.5,55,Delhi,Feroz Shah Kotla,False,True,52,8,8.666666666666666,74,8.538461538461538,20,175,101,11.333333333333334,8.911764705882353,2,8
8.5,8,5,54,Mayank Markande,Rishabh Pant,1,False,-0.5,55,Delhi,Feroz Shah Kotla,False,True,53,8,8.833333333333334,75,8.490566037735848,20,175,100,11.166666666666666,8.955223880597016,2,8
8.6,8,6,55,Mayank Markande,Shreyas Iyer,0,True,5.0,55,Delhi,Feroz Shah Kotla,False,True,54,8,9.0,75,8.333333333333334,20,175,100,11.0,9.090909090909092,3,7
9.1,9,1,56,Hardik Pandya,Rishabh Pant,1,False,-0.5,55,Delhi,Feroz Shah Kotla,False,True,55,9,9.166666666666666,76,8.290909090909091,20,175,99,10.833333333333334,9.138461538461538,3,7
9.2,9,2,57,Hardik Pandya,Vijay Shankar,4,False,-2.0,55,Delhi,Feroz Shah Kotla,False,True,56,9,9.333333333333334,80,8.571428571428571,20,175,95,10.666666666666666,8.90625,3,7
9.3,9,3,58,Hardik Pandya,Vijay Shankar,0,False,1.0,55,Delhi,Feroz Shah Kotla,False,True,57,9,9.5,80,8.421052631578947,20,175,95,10.5,9.047619047619047,3,7
9.4,9,4,59,Hardik Pandya,Vijay Shankar,1,False,-0.5,55,Delhi,Feroz Shah Kotla,False,True,58,9,9.666666666666666,81,8.379310344827587,20,175,94,10.333333333333334,9.096774193548386,3,7
9.5,9,5,60,Hardik Pandya,Rishabh Pant,1,False,-0.5,55,Delhi,Feroz Shah Kotla,False,True,59,9,9.833333333333334,82,8.338983050847457,20,175,93,10.166666666666666,9.147540983606557,3,7
9.6,9,6,61,Hardik Pandya,Vijay Shankar,1,False,-0.5,55,Delhi,Feroz Shah Kotla,False,True,60,9,10.0,83,8.3,20,175,92,10.0,9.2,3,7
10.1,10,1,62,Ben Cutting,Vijay Shankar,0,False,1.0,55,Delhi,Feroz Shah Kotla,False,True,61,10,10.166666666666666,83,8.163934426229508,20,175,92,9.833333333333334,9.35593220338983,3,7
10.2,10,2,63,Ben Cutting,Vijay Shankar,0,False,1.0,55,Delhi,Feroz Shah Kotla,False,True,62,10,10.333333333333334,83,8.032258064516128,20,175,92,9.666666666666666,9.517241379310345,3,7
10.3,10,3,64,Ben Cutting,Vijay Shankar,1,False,-0.5,55,Delhi,Feroz Shah Kotla,False,True,63,10,10.5,84,8.0,20,175,91,9.5,9.578947368421053,3,7
10.4,10,4,65,Ben Cutting,Rishabh Pant,0,False,1.0,55,Delhi,Feroz Shah Kotla,False,True,64,10,10.666666666666666,84,7.875,20,175,91,9.333333333333334,9.75,3,7
10.5,10,5,66,Ben Cutting,Rishabh Pant,1,False,-0.5,55,Delhi,Feroz Shah Kotla,False,True,65,10,10.833333333333334,85,7.846153846153846,20,175,90,9.166666666666666,9.818181818181818,3,7
10.6,10,6,67,Ben Cutting,Vijay Shankar,1,False,-0.5,55,Delhi,Feroz Shah Kotla,False,True,66,10,11.0,86,7.818181818181818,20,175,89,9.0,9.88888888888889,3,7
11.1,11,1,68,Hardik Pandya,Vijay Shankar,0,False,1.0,55,Delhi,Feroz Shah Kotla,False,True,67,11,11.166666666666666,86,7.701492537313433,20,175,89,8.833333333333334,10.075471698113207,3,7
11.2,11,2,69,Hardik Pandya,Vijay Shankar,1,False,-0.5,55,Delhi,Feroz Shah Kotla,False,True,68,11,11.333333333333334,87,7.6764705882352935,20,175,88,8.666666666666666,10.153846153846155,3,7
11.3,11,3,70,Hardik Pandya,Rishabh Pant,1,False,-1.0,55,Delhi,Feroz Shah Kotla,True,False,68,11,11.333333333333334,88,7.764705882352941,20,175,87,8.666666666666666,10.038461538461538,3,7
11.3,11,3,71,Hardik Pandya,Rishabh Pant,1,False,-0.5,55,Delhi,Feroz Shah Kotla,False,True,69,11,11.5,89,7.739130434782608,20,175,86,8.5,10.117647058823529,3,7
11.4,11,4,72,Hardik Pandya,Vijay Shankar,1,False,-0.5,55,Delhi,Feroz Shah Kotla,False,True,70,11,11.666666666666666,90,7.714285714285714,20,175,85,8.333333333333334,10.2,3,7
11.5,11,5,73,Hardik Pandya,Rishabh Pant,1,False,-0.5,55,Delhi,Feroz Shah Kotla,False,True,71,11,11.833333333333334,91,7.690140845070422,20,175,84,8.166666666666666,10.285714285714286,3,7
11.6,11,6,74,Hardik Pandya,Vijay Shankar,1,False,-0.5,55,Delhi,Feroz Shah Kotla,False,True,72,11,12.0,92,7.666666666666667,20,175,83,8.0,10.375,3,7
12.1,12,1,75,Ben Cutting,Vijay Shankar,6,False,-3.0,55,Delhi,Feroz Shah Kotla,False,True,73,12,12.166666666666666,98,8.054794520547945,20,175,77,7.833333333333334,9.829787234042552,3,7
12.2,12,2,76,Ben Cutting,Vijay Shankar,1,False,-0.5,55,Delhi,Feroz Shah Kotla,False,True,74,12,12.333333333333334,99,8.027027027027026,20,175,76,7.666666666666666,9.913043478260871,3,7
12.3,12,3,77,Ben Cutting,Rishabh Pant,1,False,-0.5,55,Delhi,Feroz Shah Kotla,False,True,75,12,12.5,100,8.0,20,175,75,7.5,10.0,3,7
12.4,12,4,78,Ben Cutting,Vijay Shankar,1,False,-0.5,55,Delhi,Feroz Shah Kotla,False,True,76,12,12.666666666666666,101,7.973684210526316,20,175,74,7.333333333333334,10.09090909090909,3,7
12.5,12,5,79,Ben Cutting,Rishabh Pant,1,False,-0.5,55,Delhi,Feroz Shah Kotla,False,True,77,12,12.833333333333334,102,7.948051948051948,20,175,73,7.166666666666666,10.186046511627907,3,7
12.6,12,6,80,Ben Cutting,Vijay Shankar,1,False,-0.5,55,Delhi,Feroz Shah Kotla,False,True,78,12,13.0,103,7.923076923076923,20,175,72,7.0,10.285714285714286,3,7
13.1,13,1,81,Jasprit Bumrah,Vijay Shankar,1,False,-0.5,55,Delhi,Feroz Shah Kotla,False,True,79,13,13.166666666666666,104,7.89873417721519,20,175,71,6.833333333333334,10.390243902439023,3,7
13.2,13,2,82,Jasprit Bumrah,Rishabh Pant,1,False,-0.5,55,Delhi,Feroz Shah Kotla,False,True,80,13,13.333333333333334,105,7.875,20,175,70,6.666666666666666,10.500000000000002,3,7
13.3,13,3,83,Jasprit Bumrah,Vijay Shankar,0,False,1.0,55,Delhi,Feroz Shah Kotla,False,True,81,13,13.5,105,7.777777777777778,20,175,70,6.5,10.76923076923077,3,7
13.4,13,4,84,Jasprit Bumrah,Vijay Shankar,1,False,-0.5,55,Delhi,Feroz Shah Kotla,False,True,82,13,13.666666666666666,106,7.75609756097561,20,175,69,6.333333333333334,10.894736842105262,3,7
13.5,13,5,85,Jasprit Bumrah,Rishabh Pant,0,False,1.0,55,Delhi,Feroz Shah Kotla,False,True,83,13,13.833333333333334,106,7.662650602409638,20,175,69,6.166666666666666,11.18918918918919,3,7
13.6,13,6,86,Jasprit Bumrah,Rishabh Pant,1,False,-0.5,55,Delhi,Feroz Shah Kotla,False,True,84,13,14.0,107,7.642857142857143,20,175,68,6.0,11.333333333333334,3,7
14.1,14,1,87,Mustafizur Rahman,Rishabh Pant,0,False,1.0,55,Delhi,Feroz Shah Kotla,False,True,85,14,14.166666666666666,107,7.552941176470589,20,175,68,5.833333333333334,11.657142857142857,3,7
14.2,14,2,88,Mustafizur Rahman,Rishabh Pant,6,False,-3.0,55,Delhi,Feroz Shah Kotla,False,True,86,14,14.333333333333334,113,7.883720930232558,20,175,62,5.666666666666666,10.941176470588237,3,7
14.3,14,3,89,Mustafizur Rahman,Rishabh Pant,2,False,-1.0,55,Delhi,Feroz Shah Kotla,False,True,87,14,14.5,115,7.931034482758621,20,175,60,5.5,10.909090909090908,3,7
14.4,14,4,90,Mustafizur Rahman,Rishabh Pant,0,False,1.0,55,Delhi,Feroz Shah Kotla,False,True,88,14,14.666666666666666,115,7.840909090909091,20,175,60,5.333333333333334,11.249999999999998,3,7
14.5,14,5,91,Mustafizur Rahman,Rishabh Pant,1,False,-0.5,55,Delhi,Feroz Shah Kotla,False,True,89,14,14.833333333333334,116,7.820224719101123,20,175,59,5.166666666666666,11.419354838709678,3,7
14.6,14,6,92,Mustafizur Rahman,Vijay Shankar,4,False,-2.0,55,Delhi,Feroz Shah Kotla,False,True,90,14,15.0,120,8.0,20,175,55,5.0,11.0,3,7
15.1,15,1,93,Hardik Pandya,Rishabh Pant,6,False,-3.0,55,Delhi,Feroz Shah Kotla,False,True,91,15,15.166666666666666,126,8.307692307692308,20,175,49,4.833333333333334,10.137931034482758,3,7
15.2,15,2,94,Hardik Pandya,Rishabh Pant,0,False,1.0,55,Delhi,Feroz Shah Kotla,False,True,92,15,15.333333333333334,126,8.217391304347826,20,175,49,4.666666666666666,10.500000000000002,3,7
15.3,15,3,95,Hardik Pandya,Rishabh Pant,4,False,-0.25,55,Delhi,Feroz Shah Kotla,False,True,93,15,15.5,130,8.387096774193548,20,175,45,4.5,10.0,3,7
15.4,15,4,96,Hardik Pandya,Rishabh Pant,6,False,-3.0,55,Delhi,Feroz Shah Kotla,False,True,94,15,15.666666666666666,136,8.680851063829788,20,175,39,4.333333333333334,8.999999999999998,3,7
15.5,15,5,97,Hardik Pandya,Rishabh Pant,0,False,1.0,55,Delhi,Feroz Shah Kotla,False,True,95,15,15.833333333333334,136,8.589473684210526,20,175,39,4.166666666666666,9.360000000000001,3,7
15.6,15,6,98,Hardik Pandya,Rishabh Pant,0,False,1.0,55,Delhi,Feroz Shah Kotla,False,True,96,15,16.0,136,8.5,20,175,39,4.0,9.75,3,7
16.1,16,1,99,Krunal Pandya,Vijay Shankar,1,False,-0.5,55,Delhi,Feroz Shah Kotla,False,True,97,16,16.166666666666668,137,8.474226804123711,20,175,38,3.833333333333332,9.913043478260873,3,7
16.2,16,2,100,Krunal Pandya,Rishabh Pant,0,False,1.0,55,Delhi,Feroz Shah Kotla,False,True,98,16,16.333333333333332,137,8.387755102040817,20,175,38,3.666666666666668,10.36363636363636,3,7
16.3,16,3,101,Krunal Pandya,Rishabh Pant,0,False,1.0,55,Delhi,Feroz Shah Kotla,False,True,99,16,16.5,137,8.303030303030303,20,175,38,3.5,10.857142857142858,3,7
16.4,16,4,102,Krunal Pandya,Rishabh Pant,2,False,-1.0,55,Delhi,Feroz Shah Kotla,False,True,100,16,16.666666666666668,139,8.34,20,175,36,3.333333333333332,10.800000000000004,3,7
16.5,16,5,103,Krunal Pandya,Rishabh Pant,0,True,5.0,55,Delhi,Feroz Shah Kotla,False,True,101,16,16.833333333333332,139,8.257425742574258,20,175,36,3.166666666666668,11.368421052631575,4,6
16.6,16,6,104,Krunal Pandya,Abhishek Sharma,1,False,-0.5,55,Delhi,Feroz Shah Kotla,False,True,102,16,17.0,140,8.235294117647058,20,175,35,3.0,11.666666666666666,4,6
17.1,17,1,105,Mustafizur Rahman,Abhishek Sharma,1,False,-0.5,55,Delhi,Feroz Shah Kotla,False,True,103,17,17.166666666666668,141,8.213592233009708,20,175,34,2.833333333333332,12.000000000000005,4,6
17.2,17,2,106,Mustafizur Rahman,Vijay Shankar,0,False,1.0,55,Delhi,Feroz Shah Kotla,False,True,104,17,17.333333333333332,141,8.134615384615385,20,175,34,2.666666666666668,12.749999999999995,4,6
17.3,17,3,107,Mustafizur Rahman,Vijay Shankar,1,False,-0.5,55,Delhi,Feroz Shah Kotla,False,True,105,17,17.5,142,8.114285714285714,20,175,33,2.5,13.2,4,6
17.4,17,4,108,Mustafizur Rahman,Abhishek Sharma,6,False,-3.0,55,Delhi,Feroz Shah Kotla,False,True,106,17,17.666666666666668,148,8.377358490566037,20,175,27,2.333333333333332,11.571428571428577,4,6
17.5,17,5,109,Mustafizur Rahman,Abhishek Sharma,2,False,-1.0,55,Delhi,Feroz Shah Kotla,False,True,107,17,17.833333333333332,150,8.41121495327103,20,175,25,2.166666666666668,11.538461538461533,4,6
17.6,17,6,110,Mustafizur Rahman,Abhishek Sharma,1,False,-0.5,55,Delhi,Feroz Shah Kotla,False,True,108,17,18.0,151,8.38888888888889,20,175,24,2.0,12.0,4,6
18.1,18,1,111,Jasprit Bumrah,Abhishek Sharma,1,False,-0.5,55,Delhi,Feroz Shah Kotla,False,True,109,18,18.166666666666668,152,8.36697247706422,20,175,23,1.8333333333333321,12.545454545454554,4,6
18.2,18,2,112,Jasprit Bumrah,Vijay Shankar,1,False,-0.5,55,Delhi,Feroz Shah Kotla,False,True,110,18,18.333333333333332,153,8.345454545454546,20,175,22,1.6666666666666679,13.19999999999999,4,6
18.3,18,3,113,Jasprit Bumrah,Abhishek Sharma,1,False,-0.5,55,Delhi,Feroz Shah Kotla,False,True,111,18,18.5,154,8.324324324324325,20,175,21,1.5,14.0,4,6
18.4,18,4,114,Jasprit Bumrah,Vijay Shankar,1,False,-0.5,55,Delhi,Feroz Shah Kotla,False,True,112,18,18.666666666666668,155,8.303571428571429,20,175,20,1.3333333333333321,15.000000000000014,4,6
18.5,18,5,115,Jasprit Bumrah,Abhishek Sharma,1,False,-1.0,55,Delhi,Feroz Shah Kotla,True,False,112,18,18.666666666666668,156,8.357142857142856,20,175,19,1.3333333333333321,14.250000000000012,4,6
18.5,18,5,116,Jasprit Bumrah,Abhishek Sharma,1,False,-0.5,55,Delhi,Feroz Shah Kotla,False,True,113,18,18.833333333333332,157,8.336283185840708,20,175,18,1.1666666666666679,15.428571428571413,4,6
18.6,18,6,117,Jasprit Bumrah,Vijay Shankar,1,False,-1.0,55,Delhi,Feroz Shah Kotla,True,False,113,18,18.833333333333332,158,8.389380530973451,20,175,17,1.1666666666666679,14.571428571428557,4,6
18.6,18,6,118,Jasprit Bumrah,Vijay Shankar,1,False,-0.5,55,Delhi,Feroz Shah Kotla,False,True,114,18,19.0,159,8.368421052631579,20,175,16,1.0,16.0,4,6
19.1,19,1,119,Ben Cutting,Vijay Shankar,1,False,-1.0,55,Delhi,Feroz Shah Kotla,True,False,114,18,19.0,160,8.421052631578947,20,175,15,1.0,15.0,4,6
19.1,19,1,120,Ben Cutting,Vijay Shankar,4,False,-2.0,55,Delhi,Feroz Shah Kotla,False,True,115,19,19.166666666666668,164,8.556521739130435,20,175,11,0.8333333333333321,13.200000000000019,4,6
19.2,19,2,121,Ben Cutting,Vijay Shankar,1,False,-0.5,55,Delhi,Feroz Shah Kotla,False,True,116,19,19.333333333333332,165,8.53448275862069,20,175,10,0.6666666666666679,14.999999999999973,4,6
19.3,19,3,122,Ben Cutting,Abhishek Sharma,1,False,-0.5,55,Delhi,Feroz Shah Kotla,False,True,117,19,19.5,166,8.512820512820513,20,175,9,0.5,18.0,4,6
19.4,19,4,123,Ben Cutting,Vijay Shankar,6,False,-3.0,55,Delhi,Feroz Shah Kotla,False,True,118,19,19.666666666666668,172,8.745762711864407,20,175,3,0.33333333333333215,9.000000000000032,4,6
19.5,19,5,124,Ben Cutting,Vijay Shankar,1,False,-0.5,55,Delhi,Feroz Shah Kotla,False,True,119,19,19.833333333333332,173,8.722689075630253,20,175,2,0.16666666666666785,11.999999999999915,4,6
19.6,19,6,125,Ben Cutting,Abhishek Sharma,1,False,-0.25,55,Delhi,Feroz Shah Kotla,False,True,120,19,20.0,174,8.7,20,175,1,0.0,inf,4,6
