Ball Number,over,ball,Ball,bowler,batsman,Runs,is_wicket,bowler_score,match_id,city,stadium,is_extra,legal_delivery,legal_deliveries_count,overs_completed,overs_bowled,total_runs,current_run_rate,total_overs,target,runs_needed,overs_remaining,required_run_rate,wickets_fallen,wickets_in_hand
0.1,0,1,1,Deepak Chahar,KL Rahul,0,False,1.0,56,Pune,Maharashtra Cricket Association Stadium,False,True,1,0,0.16666666666666666,0,0.0,20,154,154,19.833333333333332,7.764705882352942,0,10
0.2,0,2,2,Deepak Chahar,KL Rahul,2,False,-1.0,56,Pune,Maharashtra Cricket Association Stadium,False,True,2,0,0.3333333333333333,2,6.0,20,154,152,19.666666666666668,7.728813559322034,0,10
0.3,0,3,3,Deepak Chahar,KL Rahul,0,False,1.0,56,Pune,Maharashtra Cricket Association Stadium,False,True,3,0,0.5,2,4.0,20,154,152,19.5,7.794871794871795,0,10
0.4,0,4,4,Deepak Chahar,KL Rahul,0,False,1.0,56,Pune,Maharashtra Cricket Association Stadium,False,True,4,0,0.6666666666666666,2,3.0,20,154,152,19.333333333333332,7.862068965517242,0,10
0.5,0,5,5,Deepak Chahar,KL Rahul,4,False,-2.0,56,Pune,Maharashtra Cricket Association Stadium,False,True,5,0,0.8333333333333334,6,7.199999999999999,20,154,148,19.166666666666668,7.721739130434782,0,10
0.6,0,6,6,Deepak Chahar,KL Rahul,1,False,-1.0,56,Pune,Maharashtra Cricket Association Stadium,True,False,5,0,0.8333333333333334,7,8.4,20,154,147,19.166666666666668,7.669565217391304,0,10
0.6,0,6,7,Deepak Chahar,KL Rahul,0,False,1.0,56,Pune,Maharashtra Cricket Association Stadium,False,True,6,0,1.0,7,7.0,20,154,147,19.0,7.7368421052631575,0,10
1.1,1,1,8,Lungi Ngidi,Chris Gayle,0,False,1.0,56,Pune,Maharashtra Cricket Association Stadium,False,True,7,1,1.1666666666666667,7,6.0,20,154,147,18.833333333333332,7.8053097345132745,0,10
1.2,1,2,9,Lungi Ngidi,Chris Gayle,0,True,5.0,56,Pune,Maharashtra Cricket Association Stadium,False,True,8,1,1.3333333333333333,7,5.25,20,154,147,18.666666666666668,7.874999999999999,1,9
1.3,1,3,10,Lungi Ngidi,Aaron Finch,0,False,1.0,56,Pune,Maharashtra Cricket Association Stadium,False,True,9,1,1.5,7,4.666666666666667,20,154,147,18.5,7.945945945945946,1,9
1.4,1,4,11,Lungi Ngidi,Aaron Finch,1,False,-0.25,56,Pune,Maharashtra Cricket Association Stadium,False,True,10,1,1.6666666666666665,8,4.800000000000001,20,154,146,18.333333333333332,7.963636363636364,1,9
1.5,1,5,12,Lungi Ngidi,KL Rahul,0,False,1.0,56,Pune,Maharashtra Cricket Association Stadium,False,True,11,1,1.8333333333333335,8,4.363636363636363,20,154,146,18.166666666666668,8.036697247706421,1,9
1.6,1,6,13,Lungi Ngidi,KL Rahul,0,False,1.0,56,Pune,Maharashtra Cricket Association Stadium,False,True,12,1,2.0,8,4.0,20,154,146,18.0,8.11111111111111,1,9
2.1,2,1,14,Deepak Chahar,Aaron Finch,4,False,-2.0,56,Pune,Maharashtra Cricket Association Stadium,False,True,13,2,2.1666666666666665,12,5.538461538461539,20,154,142,17.833333333333332,7.962616822429907,1,9
2.2,2,2,15,Deepak Chahar,Aaron Finch,0,False,1.0,56,Pune,Maharashtra Cricket Association Stadium,False,True,14,2,2.3333333333333335,12,5.142857142857142,20,154,142,17.666666666666668,8.037735849056602,1,9
2.3,2,3,16,Deepak Chahar,Aaron Finch,1,False,-0.25,56,Pune,Maharashtra Cricket Association Stadium,False,True,15,2,2.5,13,5.2,20,154,141,17.5,8.057142857142857,1,9
2.4,2,4,17,Deepak Chahar,KL Rahul,1,False,-0.5,56,Pune,Maharashtra Cricket Association Stadium,False,True,16,2,2.6666666666666665,14,5.25,20,154,140,17.333333333333332,8.076923076923077,1,9
2.5,2,5,18,Deepak Chahar,Aaron Finch,0,True,5.0,56,Pune,Maharashtra Cricket Association Stadium,False,True,17,2,2.8333333333333335,14,4.941176470588235,20,154,140,17.166666666666668,8.155339805825243,2,8
2.6,2,6,19,Deepak Chahar,Manoj Tiwary,1,False,-0.5,56,Pune,Maharashtra Cricket Association Stadium,False,True,18,2,3.0,15,5.0,20,154,139,17.0,8.176470588235293,2,8
3.1,3,1,20,Lungi Ngidi,Manoj Tiwary,0,False,1.0,56,Pune,Maharashtra Cricket Association Stadium,False,True,19,3,3.1666666666666665,15,4.736842105263158,20,154,139,16.833333333333332,8.257425742574258,2,8
3.2,3,2,21,Lungi Ngidi,Manoj Tiwary,0,False,1.0,56,Pune,Maharashtra Cricket Association Stadium,False,True,20,3,3.3333333333333335,15,4.5,20,154,139,16.666666666666668,8.34,2,8
3.3,3,3,22,Lungi Ngidi,Manoj Tiwary,0,False,1.0,56,Pune,Maharashtra Cricket Association Stadium,False,True,21,3,3.5,15,4.285714285714286,20,154,139,16.5,8.424242424242424,2,8
3.4,3,4,23,Lungi Ngidi,Manoj Tiwary,1,False,-0.5,56,Pune,Maharashtra Cricket Association Stadium,False,True,22,3,3.6666666666666665,16,4.363636363636364,20,154,138,16.333333333333332,8.448979591836736,2,8
3.5,3,5,24,Lungi Ngidi,KL Rahul,0,False,1.0,56,Pune,Maharashtra Cricket Association Stadium,False,True,23,3,3.8333333333333335,16,4.173913043478261,20,154,138,16.166666666666668,8.536082474226804,2,8
3.6,3,6,25,Lungi Ngidi,KL Rahul,0,True,5.0,56,Pune,Maharashtra Cricket Association Stadium,False,True,24,3,4.0,16,4.0,20,154,138,16.0,8.625,3,7
4.1,4,1,26,Deepak Chahar,Manoj Tiwary,1,False,-0.5,56,Pune,Maharashtra Cricket Association Stadium,False,True,25,4,4.166666666666667,17,4.08,20,154,137,15.833333333333332,8.65263157894737,3,7
4.2,4,2,27,Deepak Chahar,David Miller,0,False,1.0,56,Pune,Maharashtra Cricket Association Stadium,False,True,26,4,4.333333333333333,17,3.9230769230769234,20,154,137,15.666666666666668,8.74468085106383,3,7
4.3,4,3,28,Deepak Chahar,David Miller,4,False,-2.0,56,Pune,Maharashtra Cricket Association Stadium,False,True,27,4,4.5,21,4.666666666666667,20,154,133,15.5,8.580645161290322,3,7
4.4,4,4,29,Deepak Chahar,David Miller,0,False,1.0,56,Pune,Maharashtra Cricket Association Stadium,False,True,28,4,4.666666666666667,21,4.5,20,154,133,15.333333333333332,8.673913043478262,3,7
4.5,4,5,30,Deepak Chahar,David Miller,1,False,-0.5,56,Pune,Maharashtra Cricket Association Stadium,False,True,29,4,4.833333333333333,22,4.551724137931035,20,154,132,15.166666666666668,8.703296703296703,3,7
4.6,4,6,31,Deepak Chahar,Manoj Tiwary,1,False,-0.5,56,Pune,Maharashtra Cricket Association Stadium,False,True,30,4,5.0,23,4.6,20,154,131,15.0,8.733333333333333,3,7
5.1,5,1,32,Lungi Ngidi,Manoj Tiwary,0,False,1.0,56,Pune,Maharashtra Cricket Association Stadium,False,True,31,5,5.166666666666667,23,4.451612903225806,20,154,131,14.833333333333332,8.831460674157304,3,7
5.2,5,2,33,Lungi Ngidi,Manoj Tiwary,2,False,-1.0,56,Pune,Maharashtra Cricket Association Stadium,False,True,32,5,5.333333333333333,25,4.6875,20,154,129,14.666666666666668,8.795454545454545,3,7
5.3,5,3,34,Lungi Ngidi,Manoj Tiwary,1,False,-0.5,56,Pune,Maharashtra Cricket Association Stadium,False,True,33,5,5.5,26,4.7272727272727275,20,154,128,14.5,8.827586206896552,3,7
5.4,5,4,35,Lungi Ngidi,David Miller,1,False,-0.5,56,Pune,Maharashtra Cricket Association Stadium,False,True,34,5,5.666666666666667,27,4.764705882352941,20,154,127,14.333333333333332,8.860465116279071,3,7
5.5,5,5,36,Lungi Ngidi,Manoj Tiwary,1,False,-0.5,56,Pune,Maharashtra Cricket Association Stadium,False,True,35,5,5.833333333333333,28,4.8,20,154,126,14.166666666666668,8.894117647058822,3,7
5.6,5,6,37,Lungi Ngidi,David Miller,1,False,-0.5,56,Pune,Maharashtra Cricket Association Stadium,False,True,36,5,6.0,29,4.833333333333333,20,154,125,14.0,8.928571428571429,3,7
6.1,6,1,38,Deepak Chahar,David Miller,1,False,-0.5,56,Pune,Maharashtra Cricket Association Stadium,False,True,37,6,6.166666666666667,30,4.864864864864865,20,154,124,13.833333333333332,8.963855421686748,3,7
6.2,6,2,39,Deepak Chahar,Manoj Tiwary,0,False,1.0,56,Pune,Maharashtra Cricket Association Stadium,False,True,38,6,6.333333333333333,30,4.736842105263158,20,154,124,13.666666666666668,9.073170731707316,3,7
6.3,6,3,40,Deepak Chahar,Manoj Tiwary,1,False,-0.5,56,Pune,Maharashtra Cricket Association Stadium,False,True,39,6,6.5,31,4.769230769230769,20,154,123,13.5,9.11111111111111,3,7
6.4,6,4,41,Deepak Chahar,David Miller,0,False,1.0,56,Pune,Maharashtra Cricket Association Stadium,False,True,40,6,6.666666666666667,31,4.6499999999999995,20,154,123,13.333333333333332,9.225000000000001,3,7
6.5,6,5,42,Deepak Chahar,David Miller,1,False,-1.0,56,Pune,Maharashtra Cricket Association Stadium,True,False,40,6,6.666666666666667,32,4.8,20,154,122,13.333333333333332,9.15,3,7
6.5,6,5,43,Deepak Chahar,David Miller,0,False,1.0,56,Pune,Maharashtra Cricket Association Stadium,False,True,41,6,6.833333333333333,32,4.682926829268293,20,154,122,13.166666666666668,9.265822784810126,3,7
6.6,6,6,44,Deepak Chahar,David Miller,1,False,-1.0,56,Pune,Maharashtra Cricket Association Stadium,True,False,41,6,6.833333333333333,33,4.829268292682927,20,154,121,13.166666666666668,9.189873417721518,3,7
6.6,6,6,45,Deepak Chahar,David Miller,6,False,-3.0,56,Pune,Maharashtra Cricket Association Stadium,False,True,42,6,7.0,39,5.571428571428571,20,154,115,13.0,8.846153846153847,3,7
7.1,7,1,46,Harbhajan Singh,Manoj Tiwary,4,False,-2.0,56,Pune,Maharashtra Cricket Association Stadium,False,True,43,7,7.166666666666667,43,6.0,20,154,111,12.833333333333332,8.64935064935065,3,7
7.2,7,2,47,Harbhajan Singh,Manoj Tiwary,0,False,1.0,56,Pune,Maharashtra Cricket Association Stadium,False,True,44,7,7.333333333333333,43,5.863636363636364,20,154,111,12.666666666666668,8.76315789473684,3,7
7.3,7,3,48,Harbhajan Singh,Manoj Tiwary,6,False,-3.0,56,Pune,Maharashtra Cricket Association Stadium,False,True,45,7,7.5,49,6.533333333333333,20,154,105,12.5,8.4,3,7
7.4,7,4,49,Harbhajan Singh,Manoj Tiwary,1,False,-0.5,56,Pune,Maharashtra Cricket Association Stadium,False,True,46,7,7.666666666666667,50,6.521739130434782,20,154,104,12.333333333333332,8.432432432432433,3,7
7.5,7,5,50,Harbhajan Singh,David Miller,1,False,-0.5,56,Pune,Maharashtra Cricket Association Stadium,False,True,47,7,7.833333333333333,51,6.51063829787234,20,154,103,12.166666666666668,8.465753424657533,3,7
7.6,7,6,51,Harbhajan Singh,Manoj Tiwary,1,False,-0.5,56,Pune,Maharashtra Cricket Association Stadium,False,True,48,7,8.0,52,6.5,20,154,102,12.0,8.5,3,7
8.1,8,1,52,Shardul Thakur,Manoj Tiwary,0,False,1.0,56,Pune,Maharashtra Cricket Association Stadium,False,True,49,8,8.166666666666666,52,6.367346938775511,20,154,102,11.833333333333334,8.619718309859154,3,7
8.2,8,2,53,Shardul Thakur,Manoj Tiwary,4,False,-2.0,56,Pune,Maharashtra Cricket Association Stadium,False,True,50,8,8.333333333333334,56,6.72,20,154,98,11.666666666666666,8.4,3,7
8.3,8,3,54,Shardul Thakur,Manoj Tiwary,0,False,1.0,56,Pune,Maharashtra Cricket Association Stadium,False,True,51,8,8.5,56,6.588235294117647,20,154,98,11.5,8.521739130434783,3,7
8.4,8,4,55,Shardul Thakur,Manoj Tiwary,1,False,-1.0,56,Pune,Maharashtra Cricket Association Stadium,True,False,51,8,8.5,57,6.705882352941177,20,154,97,11.5,8.434782608695652,3,7
8.4,8,4,56,Shardul Thakur,Manoj Tiwary,0,False,1.0,56,Pune,Maharashtra Cricket Association Stadium,False,True,52,8,8.666666666666666,57,6.5769230769230775,20,154,97,11.333333333333334,8.558823529411764,3,7
8.5,8,5,57,Shardul Thakur,Manoj Tiwary,3,False,-1.5,56,Pune,Maharashtra Cricket Association Stadium,False,True,53,8,8.833333333333334,60,6.792452830188679,20,154,94,11.166666666666666,8.417910447761194,3,7
8.6,8,6,58,Shardul Thakur,David Miller,1,False,-0.5,56,Pune,Maharashtra Cricket Association Stadium,False,True,54,8,9.0,61,6.777777777777778,20,154,93,11.0,8.454545454545455,3,7
9.1,9,1,59,Dwayne Bravo,David Miller,2,False,-1.0,56,Pune,Maharashtra Cricket Association Stadium,False,True,55,9,9.166666666666666,63,6.872727272727273,20,154,91,10.833333333333334,8.4,3,7
9.2,9,2,60,Dwayne Bravo,David Miller,1,False,-0.5,56,Pune,Maharashtra Cricket Association Stadium,False,True,56,9,9.333333333333334,64,6.857142857142857,20,154,90,10.666666666666666,8.4375,3,7
9.3,9,3,61,Dwayne Bravo,Manoj Tiwary,1,False,-0.25,56,Pune,Maharashtra Cricket Association Stadium,False,True,57,9,9.5,65,6.842105263157895,20,154,89,10.5,8.476190476190476,3,7
9.4,9,4,62,Dwayne Bravo,David Miller,1,False,-0.5,56,Pune,Maharashtra Cricket Association Stadium,False,True,58,9,9.666666666666666,66,6.8275862068965525,20,154,88,10.333333333333334,8.516129032258064,3,7
9.5,9,5,63,Dwayne Bravo,Manoj Tiwary,4,False,-2.0,56,Pune,Maharashtra Cricket Association Stadium,False,True,59,9,9.833333333333334,70,7.11864406779661,20,154,84,10.166666666666666,8.262295081967213,3,7
9.6,9,6,64,Dwayne Bravo,Manoj Tiwary,1,False,-0.5,56,Pune,Maharashtra Cricket Association Stadium,False,True,60,9,10.0,71,7.1,20,154,83,10.0,8.3,3,7
10.1,10,1,65,Shardul Thakur,Manoj Tiwary,1,False,-0.5,56,Pune,Maharashtra Cricket Association Stadium,False,True,61,10,10.166666666666666,72,7.081967213114755,20,154,82,9.833333333333334,8.338983050847457,3,7
10.2,10,2,66,Shardul Thakur,David Miller,1,False,-0.5,56,Pune,Maharashtra Cricket Association Stadium,False,True,62,10,10.333333333333334,73,7.064516129032258,20,154,81,9.666666666666666,8.379310344827587,3,7
10.3,10,3,67,Shardul Thakur,Manoj Tiwary,0,False,1.0,56,Pune,Maharashtra Cricket Association Stadium,False,True,63,10,10.5,73,6.9523809523809526,20,154,81,9.5,8.526315789473685,3,7
10.4,10,4,68,Shardul Thakur,Manoj Tiwary,1,False,-0.5,56,Pune,Maharashtra Cricket Association Stadium,False,True,64,10,10.666666666666666,74,6.9375,20,154,80,9.333333333333334,8.571428571428571,3,7
10.5,10,5,69,Shardul Thakur,David Miller,2,False,-1.0,56,Pune,Maharashtra Cricket Association Stadium,False,True,65,10,10.833333333333334,76,7.015384615384615,20,154,78,9.166666666666666,8.50909090909091,3,7
10.6,10,6,70,Shardul Thakur,David Miller,0,False,1.0,56,Pune,Maharashtra Cricket Association Stadium,False,True,66,10,11.0,76,6.909090909090909,20,154,78,9.0,8.666666666666666,3,7
11.1,11,1,71,Ravindra Jadeja,Manoj Tiwary,0,True,5.0,56,Pune,Maharashtra Cricket Association Stadium,False,True,67,11,11.166666666666666,76,6.8059701492537314,20,154,78,8.833333333333334,8.830188679245282,4,6
11.2,11,2,72,Ravindra Jadeja,Karun Nair,1,False,-0.5,56,Pune,Maharashtra Cricket Association Stadium,False,True,68,11,11.333333333333334,77,6.794117647058823,20,154,77,8.666666666666666,8.884615384615385,4,6
11.3,11,3,73,Ravindra Jadeja,David Miller,1,False,-0.25,56,Pune,Maharashtra Cricket Association Stadium,False,True,69,11,11.5,78,6.782608695652174,20,154,76,8.5,8.941176470588236,4,6
11.4,11,4,74,Ravindra Jadeja,Karun Nair,0,False,1.0,56,Pune,Maharashtra Cricket Association Stadium,False,True,70,11,11.666666666666666,78,6.685714285714286,20,154,76,8.333333333333334,9.12,4,6
11.5,11,5,75,Ravindra Jadeja,Karun Nair,1,False,-0.5,56,Pune,Maharashtra Cricket Association Stadium,False,True,71,11,11.833333333333334,79,6.676056338028169,20,154,75,8.166666666666666,9.183673469387756,4,6
11.6,11,6,76,Ravindra Jadeja,David Miller,1,False,-0.5,56,Pune,Maharashtra Cricket Association Stadium,False,True,72,11,12.0,80,6.666666666666667,20,154,74,8.0,9.25,4,6
12.1,12,1,77,Dwayne Bravo,David Miller,0,True,5.0,56,Pune,Maharashtra Cricket Association Stadium,False,True,73,12,12.166666666666666,80,6.575342465753425,20,154,74,7.833333333333334,9.446808510638297,5,5
12.2,12,2,78,Dwayne Bravo,Axar Patel,1,False,-0.5,56,Pune,Maharashtra Cricket Association Stadium,False,True,74,12,12.333333333333334,81,6.5675675675675675,20,154,73,7.666666666666666,9.521739130434783,5,5
12.3,12,3,79,Dwayne Bravo,Karun Nair,0,False,1.0,56,Pune,Maharashtra Cricket Association Stadium,False,True,75,12,12.5,81,6.48,20,154,73,7.5,9.733333333333333,5,5
12.4,12,4,80,Dwayne Bravo,Karun Nair,1,False,-0.5,56,Pune,Maharashtra Cricket Association Stadium,False,True,76,12,12.666666666666666,82,6.473684210526316,20,154,72,7.333333333333334,9.818181818181817,5,5
12.5,12,5,81,Dwayne Bravo,Axar Patel,0,False,1.0,56,Pune,Maharashtra Cricket Association Stadium,False,True,77,12,12.833333333333334,82,6.3896103896103895,20,154,72,7.166666666666666,10.046511627906977,5,5
12.6,12,6,82,Dwayne Bravo,Axar Patel,0,False,1.0,56,Pune,Maharashtra Cricket Association Stadium,False,True,78,12,13.0,82,6.3076923076923075,20,154,72,7.0,10.285714285714286,5,5
13.1,13,1,83,Ravindra Jadeja,Karun Nair,0,False,1.0,56,Pune,Maharashtra Cricket Association Stadium,False,True,79,13,13.166666666666666,82,6.227848101265823,20,154,72,6.833333333333334,10.536585365853657,5,5
13.2,13,2,84,Ravindra Jadeja,Karun Nair,6,False,-3.0,56,Pune,Maharashtra Cricket Association Stadium,False,True,80,13,13.333333333333334,88,6.6,20,154,66,6.666666666666666,9.9,5,5
13.3,13,3,85,Ravindra Jadeja,Karun Nair,1,False,-0.5,56,Pune,Maharashtra Cricket Association Stadium,False,True,81,13,13.5,89,6.592592592592593,20,154,65,6.5,10.0,5,5
13.4,13,4,86,Ravindra Jadeja,Axar Patel,1,False,-0.5,56,Pune,Maharashtra Cricket Association Stadium,False,True,82,13,13.666666666666666,90,6.585365853658537,20,154,64,6.333333333333334,10.105263157894736,5,5
13.5,13,5,87,Ravindra Jadeja,Karun Nair,1,False,-0.5,56,Pune,Maharashtra Cricket Association Stadium,False,True,83,13,13.833333333333334,91,6.578313253012048,20,154,63,6.166666666666666,10.216216216216218,5,5
13.6,13,6,88,Ravindra Jadeja,Axar Patel,0,False,1.0,56,Pune,Maharashtra Cricket Association Stadium,False,True,84,13,14.0,91,6.5,20,154,63,6.0,10.5,5,5
14.1,14,1,89,Dwayne Bravo,Karun Nair,6,False,-3.0,56,Pune,Maharashtra Cricket Association Stadium,False,True,85,14,14.166666666666666,97,6.847058823529412,20,154,57,5.833333333333334,9.77142857142857,5,5
14.2,14,2,90,Dwayne Bravo,Karun Nair,1,False,-0.5,56,Pune,Maharashtra Cricket Association Stadium,False,True,86,14,14.333333333333334,98,6.837209302325581,20,154,56,5.666666666666666,9.882352941176471,5,5
14.3,14,3,91,Dwayne Bravo,Axar Patel,1,False,-0.5,56,Pune,Maharashtra Cricket Association Stadium,False,True,87,14,14.5,99,6.827586206896552,20,154,55,5.5,10.0,5,5
14.4,14,4,92,Dwayne Bravo,Karun Nair,1,False,-0.5,56,Pune,Maharashtra Cricket Association Stadium,False,True,88,14,14.666666666666666,100,6.818181818181818,20,154,54,5.333333333333334,10.124999999999998,5,5
14.5,14,5,93,Dwayne Bravo,Axar Patel,1,False,-0.5,56,Pune,Maharashtra Cricket Association Stadium,False,True,89,14,14.833333333333334,101,6.808988764044943,20,154,53,5.166666666666666,10.258064516129034,5,5
14.6,14,6,94,Dwayne Bravo,Karun Nair,1,False,-0.5,56,Pune,Maharashtra Cricket Association Stadium,False,True,90,14,15.0,102,6.8,20,154,52,5.0,10.4,5,5
15.1,15,1,95,Ravindra Jadeja,Karun Nair,1,False,-0.5,56,Pune,Maharashtra Cricket Association Stadium,False,True,91,15,15.166666666666666,103,6.791208791208791,20,154,51,4.833333333333334,10.551724137931034,5,5
15.2,15,2,96,Ravindra Jadeja,Axar Patel,1,False,-0.5,56,Pune,Maharashtra Cricket Association Stadium,False,True,92,15,15.333333333333334,104,6.782608695652174,20,154,50,4.666666666666666,10.714285714285715,5,5
15.3,15,3,97,Ravindra Jadeja,Karun Nair,1,False,-0.5,56,Pune,Maharashtra Cricket Association Stadium,False,True,93,15,15.5,105,6.774193548387097,20,154,49,4.5,10.88888888888889,5,5
15.4,15,4,98,Ravindra Jadeja,Axar Patel,6,False,-3.0,56,Pune,Maharashtra Cricket Association Stadium,False,True,94,15,15.666666666666666,111,7.085106382978724,20,154,43,4.333333333333334,9.923076923076922,5,5
15.5,15,5,99,Ravindra Jadeja,Axar Patel,1,False,-0.5,56,Pune,Maharashtra Cricket Association Stadium,False,True,95,15,15.833333333333334,112,7.073684210526316,20,154,42,4.166666666666666,10.080000000000002,5,5
15.6,15,6,100,Ravindra Jadeja,Karun Nair,1,False,-0.5,56,Pune,Maharashtra Cricket Association Stadium,False,True,96,15,16.0,113,7.0625,20,154,41,4.0,10.25,5,5
16.1,16,1,101,Shardul Thakur,Karun Nair,1,False,-0.25,56,Pune,Maharashtra Cricket Association Stadium,False,True,97,16,16.166666666666668,114,7.051546391752577,20,154,40,3.833333333333332,10.434782608695656,5,5
16.2,16,2,102,Shardul Thakur,Axar Patel,2,False,-1.0,56,Pune,Maharashtra Cricket Association Stadium,False,True,98,16,16.333333333333332,116,7.102040816326531,20,154,38,3.666666666666668,10.36363636363636,5,5
16.3,16,3,103,Shardul Thakur,Axar Patel,0,True,5.0,56,Pune,Maharashtra Cricket Association Stadium,False,True,99,16,16.5,116,7.03030303030303,20,154,38,3.5,10.857142857142858,6,4
16.4,16,4,104,Shardul Thakur,Karun Nair,4,False,-2.0,56,Pune,Maharashtra Cricket Association Stadium,False,True,100,16,16.666666666666668,120,7.199999999999999,20,154,34,3.333333333333332,10.200000000000003,6,4
16.5,16,5,105,Shardul Thakur,Karun Nair,6,False,-3.0,56,Pune,Maharashtra Cricket Association Stadium,False,True,101,16,16.833333333333332,126,7.485148514851486,20,154,28,3.166666666666668,8.842105263157892,6,4
16.6,16,6,106,Shardul Thakur,Karun Nair,1,False,-1.0,56,Pune,Maharashtra Cricket Association Stadium,True,False,101,16,16.833333333333332,127,7.544554455445545,20,154,27,3.166666666666668,8.526315789473681,6,4
16.6,16,6,107,Shardul Thakur,Karun Nair,4,False,-2.0,56,Pune,Maharashtra Cricket Association Stadium,False,True,102,16,17.0,131,7.705882352941177,20,154,23,3.0,7.666666666666667,6,4
17.1,17,1,108,Lungi Ngidi,Ravichandran Ashwin,1,False,-1.0,56,Pune,Maharashtra Cricket Association Stadium,True,False,102,16,17.0,132,7.764705882352941,20,154,22,3.0,7.333333333333333,6,4
17.1,17,1,109,Lungi Ngidi,Ravichandran Ashwin,0,True,5.0,56,Pune,Maharashtra Cricket Association Stadium,False,True,103,17,17.166666666666668,132,7.689320388349514,20,154,22,2.833333333333332,7.764705882352945,7,3
17.2,17,2,110,Lungi Ngidi,Andrew Tye,0,False,1.0,56,Pune,Maharashtra Cricket Association Stadium,False,True,104,17,17.333333333333332,132,7.615384615384616,20,154,22,2.666666666666668,8.249999999999996,7,3
17.3,17,3,111,Lungi Ngidi,Andrew Tye,0,True,5.0,56,Pune,Maharashtra Cricket Association Stadium,False,True,105,17,17.5,132,7.542857142857143,20,154,22,2.5,8.8,8,2
17.4,17,4,112,Lungi Ngidi,Mohit Sharma,0,False,1.0,56,Pune,Maharashtra Cricket Association Stadium,False,True,106,17,17.666666666666668,132,7.471698113207546,20,154,22,2.333333333333332,9.428571428571434,8,2
17.5,17,5,113,Lungi Ngidi,Mohit Sharma,1,False,-0.5,56,Pune,Maharashtra Cricket Association Stadium,False,True,107,17,17.833333333333332,133,7.4579439252336455,20,154,21,2.166666666666668,9.692307692307686,8,2
17.6,17,6,114,Lungi Ngidi,Karun Nair,1,False,-0.5,56,Pune,Maharashtra Cricket Association Stadium,False,True,108,17,18.0,134,7.444444444444445,20,154,20,2.0,10.0,8,2
18.1,18,1,115,Dwayne Bravo,Karun Nair,0,False,1.0,56,Pune,Maharashtra Cricket Association Stadium,False,True,109,18,18.166666666666668,134,7.376146788990825,20,154,20,1.8333333333333321,10.909090909090915,8,2
18.2,18,2,116,Dwayne Bravo,Karun Nair,4,False,-2.0,56,Pune,Maharashtra Cricket Association Stadium,False,True,110,18,18.333333333333332,138,7.527272727272727,20,154,16,1.6666666666666679,9.599999999999993,8,2
18.3,18,3,117,Dwayne Bravo,Karun Nair,6,False,-3.0,56,Pune,Maharashtra Cricket Association Stadium,False,True,111,18,18.5,144,7.783783783783784,20,154,10,1.5,6.666666666666667,8,2
18.4,18,4,118,Dwayne Bravo,Karun Nair,6,False,-3.0,56,Pune,Maharashtra Cricket Association Stadium,False,True,112,18,18.666666666666668,150,8.035714285714285,20,154,4,1.3333333333333321,3.0000000000000027,8,2
18.5,18,5,119,Dwayne Bravo,Karun Nair,0,True,5.0,56,Pune,Maharashtra Cricket Association Stadium,False,True,113,18,18.833333333333332,150,7.964601769911505,20,154,4,1.1666666666666679,3.4285714285714253,9,1
18.6,18,6,120,Dwayne Bravo,Ankit Rajpoot,1,False,-0.5,56,Pune,Maharashtra Cricket Association Stadium,False,True,114,18,19.0,151,7.947368421052632,20,154,3,1.0,3.0,9,1
19.1,19,1,121,Shardul Thakur,Ankit Rajpoot,0,False,1.0,56,Pune,Maharashtra Cricket Association Stadium,False,True,115,19,19.166666666666668,151,7.878260869565217,20,154,3,0.8333333333333321,3.600000000000005,9,1
19.2,19,2,122,Shardul Thakur,Ankit Rajpoot,1,False,-0.5,56,Pune,Maharashtra Cricket Association Stadium,False,True,116,19,19.333333333333332,152,7.862068965517242,20,154,2,0.6666666666666679,2.9999999999999947,9,1
19.3,19,3,123,Shardul Thakur,Mohit Sharma,1,False,-0.5,56,Pune,Maharashtra Cricket Association Stadium,False,True,117,19,19.5,153,7.846153846153846,20,154,1,0.5,2.0,9,1
19.4,19,4,124,Shardul Thakur,Ankit Rajpoot,0,True,5.0,56,Pune,Maharashtra Cricket Association Stadium,False,True,118,19,19.666666666666668,153,7.779661016949152,20,154,1,0.33333333333333215,3.0000000000000107,10,0
