Ball Number,over,ball,Ball,bowler,batsman,Runs,is_wicket,bowler_score,match_id,city,stadium,is_extra,legal_delivery,legal_deliveries_count,overs_completed,overs_bowled,total_runs,current_run_rate,total_overs,target,runs_needed,overs_remaining,required_run_rate,wickets_fallen,wickets_in_hand
0.1,0,1,1,Krishnappa Gowtham,Sunil Narine,4,False,-2.0,58,Kolkata,Eden Gardens,False,True,1,0,0.16666666666666666,4,24.0,20,170,166,19.833333333333332,8.369747899159664,0,10
0.2,0,2,2,Krishnappa Gowtham,Sunil Narine,0,True,5.0,58,Kolkata,Eden Gardens,False,True,2,0,0.3333333333333333,4,12.0,20,170,166,19.666666666666668,8.440677966101694,1,9
0.3,0,3,3,Krishnappa Gowtham,Robin Uthappa,1,False,-0.5,58,Kolkata,Eden Gardens,False,True,3,0,0.5,5,10.0,20,170,165,19.5,8.461538461538462,1,9
0.4,0,4,4,Krishnappa Gowtham,Chris Lynn,0,False,1.0,58,Kolkata,Eden Gardens,False,True,4,0,0.6666666666666666,5,7.5,20,170,165,19.333333333333332,8.53448275862069,1,9
0.5,0,5,5,Krishnappa Gowtham,Chris Lynn,1,False,-0.5,58,Kolkata,Eden Gardens,False,True,5,0,0.8333333333333334,6,7.199999999999999,20,170,164,19.166666666666668,8.556521739130435,1,9
0.6,0,6,6,Krishnappa Gowtham,Robin Uthappa,4,False,-0.25,58,Kolkata,Eden Gardens,False,True,6,0,1.0,10,10.0,20,170,160,19.0,8.421052631578947,1,9
1.1,1,1,7,Jofra Archer,Chris Lynn,1,False,-0.5,58,Kolkata,Eden Gardens,False,True,7,1,1.1666666666666667,11,9.428571428571429,20,170,159,18.833333333333332,8.442477876106196,1,9
1.2,1,2,8,Jofra Archer,Robin Uthappa,1,False,-0.5,58,Kolkata,Eden Gardens,False,True,8,1,1.3333333333333333,12,9.0,20,170,158,18.666666666666668,8.464285714285714,1,9
1.3,1,3,9,Jofra Archer,Chris Lynn,1,False,-1.0,58,Kolkata,Eden Gardens,True,False,8,1,1.3333333333333333,13,9.75,20,170,157,18.666666666666668,8.410714285714285,1,9
1.3,1,3,10,Jofra Archer,Chris Lynn,1,False,-0.5,58,Kolkata,Eden Gardens,False,True,9,1,1.5,14,9.333333333333334,20,170,156,18.5,8.432432432432432,1,9
1.4,1,4,11,Jofra Archer,Robin Uthappa,1,False,-1.0,58,Kolkata,Eden Gardens,True,False,9,1,1.5,15,10.0,20,170,155,18.5,8.378378378378379,1,9
1.4,1,4,12,Jofra Archer,Robin Uthappa,1,False,-1.0,58,Kolkata,Eden Gardens,True,False,9,1,1.5,16,10.666666666666666,20,170,154,18.5,8.324324324324325,1,9
1.4,1,4,13,Jofra Archer,Robin Uthappa,0,False,1.0,58,Kolkata,Eden Gardens,False,True,10,1,1.6666666666666665,16,9.600000000000001,20,170,154,18.333333333333332,8.4,1,9
1.5,1,5,14,Jofra Archer,Robin Uthappa,0,False,1.0,58,Kolkata,Eden Gardens,False,True,11,1,1.8333333333333335,16,8.727272727272727,20,170,154,18.166666666666668,8.477064220183486,1,9
1.6,1,6,15,Jofra Archer,Robin Uthappa,1,False,-0.5,58,Kolkata,Eden Gardens,False,True,12,1,2.0,17,8.5,20,170,153,18.0,8.5,1,9
2.1,2,1,16,Krishnappa Gowtham,Robin Uthappa,0,True,5.0,58,Kolkata,Eden Gardens,False,True,13,2,2.1666666666666665,17,7.846153846153847,20,170,153,17.833333333333332,8.57943925233645,2,8
2.2,2,2,17,Krishnappa Gowtham,Nitish Rana,1,False,-0.5,58,Kolkata,Eden Gardens,False,True,14,2,2.3333333333333335,18,7.7142857142857135,20,170,152,17.666666666666668,8.60377358490566,2,8
2.3,2,3,18,Krishnappa Gowtham,Chris Lynn,0,False,1.0,58,Kolkata,Eden Gardens,False,True,15,2,2.5,18,7.2,20,170,152,17.5,8.685714285714285,2,8
2.4,2,4,19,Krishnappa Gowtham,Chris Lynn,0,False,1.0,58,Kolkata,Eden Gardens,False,True,16,2,2.6666666666666665,18,6.75,20,170,152,17.333333333333332,8.76923076923077,2,8
2.5,2,5,20,Krishnappa Gowtham,Chris Lynn,4,False,-2.0,58,Kolkata,Eden Gardens,False,True,17,2,2.8333333333333335,22,7.764705882352941,20,170,148,17.166666666666668,8.62135922330097,2,8
2.6,2,6,21,Krishnappa Gowtham,Chris Lynn,0,False,1.0,58,Kolkata,Eden Gardens,False,True,18,2,3.0,22,7.333333333333333,20,170,148,17.0,8.705882352941176,2,8
3.1,3,1,22,Jofra Archer,Nitish Rana,0,False,1.0,58,Kolkata,Eden Gardens,False,True,19,3,3.1666666666666665,22,6.947368421052632,20,170,148,16.833333333333332,8.792079207920793,2,8
3.2,3,2,23,Jofra Archer,Nitish Rana,2,False,-1.0,58,Kolkata,Eden Gardens,False,True,20,3,3.3333333333333335,24,7.199999999999999,20,170,146,16.666666666666668,8.76,2,8
3.3,3,3,24,Jofra Archer,Nitish Rana,0,False,1.0,58,Kolkata,Eden Gardens,False,True,21,3,3.5,24,6.857142857142857,20,170,146,16.5,8.848484848484848,2,8
3.4,3,4,25,Jofra Archer,Nitish Rana,0,True,5.0,58,Kolkata,Eden Gardens,False,True,22,3,3.6666666666666665,24,6.545454545454546,20,170,146,16.333333333333332,8.938775510204083,3,7
3.5,3,5,26,Jofra Archer,Dinesh Karthik,0,False,1.0,58,Kolkata,Eden Gardens,False,True,23,3,3.8333333333333335,24,6.260869565217391,20,170,146,16.166666666666668,9.030927835051546,3,7
3.6,3,6,27,Jofra Archer,Dinesh Karthik,4,False,-2.0,58,Kolkata,Eden Gardens,False,True,24,3,4.0,28,7.0,20,170,142,16.0,8.875,3,7
4.1,4,1,28,Krishnappa Gowtham,Chris Lynn,0,False,1.0,58,Kolkata,Eden Gardens,False,True,25,4,4.166666666666667,28,6.72,20,170,142,15.833333333333332,8.96842105263158,3,7
4.2,4,2,29,Krishnappa Gowtham,Chris Lynn,1,False,-0.5,58,Kolkata,Eden Gardens,False,True,26,4,4.333333333333333,29,6.6923076923076925,20,170,141,15.666666666666668,9.0,3,7
4.3,4,3,30,Krishnappa Gowtham,Dinesh Karthik,1,False,-0.5,58,Kolkata,Eden Gardens,False,True,27,4,4.5,30,6.666666666666667,20,170,140,15.5,9.03225806451613,3,7
4.4,4,4,31,Krishnappa Gowtham,Chris Lynn,0,False,1.0,58,Kolkata,Eden Gardens,False,True,28,4,4.666666666666667,30,6.428571428571428,20,170,140,15.333333333333332,9.130434782608697,3,7
4.5,4,5,32,Krishnappa Gowtham,Chris Lynn,0,False,1.0,58,Kolkata,Eden Gardens,False,True,29,4,4.833333333333333,30,6.206896551724138,20,170,140,15.166666666666668,9.23076923076923,3,7
4.6,4,6,33,Krishnappa Gowtham,Chris Lynn,2,False,-1.0,58,Kolkata,Eden Gardens,False,True,30,4,5.0,32,6.4,20,170,138,15.0,9.2,3,7
5.1,5,1,34,Jaydev Unadkat,Dinesh Karthik,4,False,-2.0,58,Kolkata,Eden Gardens,False,True,31,5,5.166666666666667,36,6.967741935483871,20,170,134,14.833333333333332,9.03370786516854,3,7
5.2,5,2,35,Jaydev Unadkat,Dinesh Karthik,4,False,-2.0,58,Kolkata,Eden Gardens,False,True,32,5,5.333333333333333,40,7.5,20,170,130,14.666666666666668,8.863636363636363,3,7
5.3,5,3,36,Jaydev Unadkat,Dinesh Karthik,1,False,-0.5,58,Kolkata,Eden Gardens,False,True,33,5,5.5,41,7.454545454545454,20,170,129,14.5,8.89655172413793,3,7
5.4,5,4,37,Jaydev Unadkat,Chris Lynn,4,False,-2.0,58,Kolkata,Eden Gardens,False,True,34,5,5.666666666666667,45,7.941176470588235,20,170,125,14.333333333333332,8.72093023255814,3,7
5.5,5,5,38,Jaydev Unadkat,Chris Lynn,1,False,-0.5,58,Kolkata,Eden Gardens,False,True,35,5,5.833333333333333,46,7.885714285714286,20,170,124,14.166666666666668,8.752941176470587,3,7
5.6,5,6,39,Jaydev Unadkat,Dinesh Karthik,0,False,1.0,58,Kolkata,Eden Gardens,False,True,36,5,6.0,46,7.666666666666667,20,170,124,14.0,8.857142857142858,3,7
6.1,6,1,40,Ish Sodhi,Chris Lynn,0,False,1.0,58,Kolkata,Eden Gardens,False,True,37,6,6.166666666666667,46,7.459459459459459,20,170,124,13.833333333333332,8.963855421686748,3,7
6.2,6,2,41,Ish Sodhi,Chris Lynn,1,False,-0.5,58,Kolkata,Eden Gardens,False,True,38,6,6.333333333333333,47,7.421052631578948,20,170,123,13.666666666666668,9.0,3,7
6.3,6,3,42,Ish Sodhi,Dinesh Karthik,0,False,1.0,58,Kolkata,Eden Gardens,False,True,39,6,6.5,47,7.230769230769231,20,170,123,13.5,9.11111111111111,3,7
6.4,6,4,43,Ish Sodhi,Dinesh Karthik,0,False,1.0,58,Kolkata,Eden Gardens,False,True,40,6,6.666666666666667,47,7.05,20,170,123,13.333333333333332,9.225000000000001,3,7
6.5,6,5,44,Ish Sodhi,Dinesh Karthik,0,False,1.0,58,Kolkata,Eden Gardens,False,True,41,6,6.833333333333333,47,6.878048780487805,20,170,123,13.166666666666668,9.341772151898734,3,7
6.6,6,6,45,Ish Sodhi,Dinesh Karthik,1,False,-0.5,58,Kolkata,Eden Gardens,False,True,42,6,7.0,48,6.857142857142857,20,170,122,13.0,9.384615384615385,3,7
7.1,7,1,46,Shreyas Gopal,Dinesh Karthik,1,False,-0.5,58,Kolkata,Eden Gardens,False,True,43,7,7.166666666666667,49,6.837209302325581,20,170,121,12.833333333333332,9.428571428571429,3,7
7.2,7,2,47,Shreyas Gopal,Chris Lynn,0,False,1.0,58,Kolkata,Eden Gardens,False,True,44,7,7.333333333333333,49,6.681818181818182,20,170,121,12.666666666666668,9.552631578947368,3,7
7.3,7,3,48,Shreyas Gopal,Chris Lynn,2,False,-1.0,58,Kolkata,Eden Gardens,False,True,45,7,7.5,51,6.8,20,170,119,12.5,9.52,3,7
7.4,7,4,49,Shreyas Gopal,Chris Lynn,0,False,1.0,58,Kolkata,Eden Gardens,False,True,46,7,7.666666666666667,51,6.652173913043478,20,170,119,12.333333333333332,9.64864864864865,3,7
7.5,7,5,50,Shreyas Gopal,Chris Lynn,0,False,1.0,58,Kolkata,Eden Gardens,False,True,47,7,7.833333333333333,51,6.51063829787234,20,170,119,12.166666666666668,9.780821917808218,3,7
7.6,7,6,51,Shreyas Gopal,Chris Lynn,0,True,5.0,58,Kolkata,Eden Gardens,False,True,48,7,8.0,51,6.375,20,170,119,12.0,9.916666666666666,4,6
8.1,8,1,52,Ish Sodhi,Dinesh Karthik,2,False,-1.0,58,Kolkata,Eden Gardens,False,True,49,8,8.166666666666666,53,6.4897959183673475,20,170,117,11.833333333333334,9.887323943661972,4,6
8.2,8,2,53,Ish Sodhi,Dinesh Karthik,0,False,1.0,58,Kolkata,Eden Gardens,False,True,50,8,8.333333333333334,53,6.359999999999999,20,170,117,11.666666666666666,10.028571428571428,4,6
8.3,8,3,54,Ish Sodhi,Dinesh Karthik,0,False,1.0,58,Kolkata,Eden Gardens,False,True,51,8,8.5,53,6.235294117647059,20,170,117,11.5,10.173913043478262,4,6
8.4,8,4,55,Ish Sodhi,Dinesh Karthik,1,False,-0.5,58,Kolkata,Eden Gardens,False,True,52,8,8.666666666666666,54,6.230769230769231,20,170,116,11.333333333333334,10.235294117647058,4,6
8.5,8,5,56,Ish Sodhi,Shubman Gill,1,False,-0.5,58,Kolkata,Eden Gardens,False,True,53,8,8.833333333333334,55,6.226415094339623,20,170,115,11.166666666666666,10.298507462686567,4,6
8.6,8,6,57,Ish Sodhi,Dinesh Karthik,1,False,-0.5,58,Kolkata,Eden Gardens,False,True,54,8,9.0,56,6.222222222222222,20,170,114,11.0,10.363636363636363,4,6
9.1,9,1,58,Shreyas Gopal,Dinesh Karthik,4,False,-2.0,58,Kolkata,Eden Gardens,False,True,55,9,9.166666666666666,60,6.545454545454546,20,170,110,10.833333333333334,10.153846153846153,4,6
9.2,9,2,59,Shreyas Gopal,Dinesh Karthik,0,False,1.0,58,Kolkata,Eden Gardens,False,True,56,9,9.333333333333334,60,6.428571428571428,20,170,110,10.666666666666666,10.3125,4,6
9.3,9,3,60,Shreyas Gopal,Dinesh Karthik,1,False,-0.5,58,Kolkata,Eden Gardens,False,True,57,9,9.5,61,6.421052631578948,20,170,109,10.5,10.380952380952381,4,6
9.4,9,4,61,Shreyas Gopal,Shubman Gill,1,False,-0.5,58,Kolkata,Eden Gardens,False,True,58,9,9.666666666666666,62,6.413793103448277,20,170,108,10.333333333333334,10.451612903225806,4,6
9.5,9,5,62,Shreyas Gopal,Dinesh Karthik,0,False,1.0,58,Kolkata,Eden Gardens,False,True,59,9,9.833333333333334,62,6.305084745762711,20,170,108,10.166666666666666,10.622950819672132,4,6
9.6,9,6,63,Shreyas Gopal,Dinesh Karthik,1,False,-0.5,58,Kolkata,Eden Gardens,False,True,60,9,10.0,63,6.3,20,170,107,10.0,10.7,4,6
10.1,10,1,64,Ben Laughlin,Dinesh Karthik,2,False,-1.0,58,Kolkata,Eden Gardens,False,True,61,10,10.166666666666666,65,6.39344262295082,20,170,105,9.833333333333334,10.677966101694915,4,6
10.2,10,2,65,Ben Laughlin,Dinesh Karthik,1,False,-0.5,58,Kolkata,Eden Gardens,False,True,62,10,10.333333333333334,66,6.387096774193548,20,170,104,9.666666666666666,10.758620689655173,4,6
10.3,10,3,66,Ben Laughlin,Shubman Gill,0,False,1.0,58,Kolkata,Eden Gardens,False,True,63,10,10.5,66,6.285714285714286,20,170,104,9.5,10.947368421052632,4,6
10.4,10,4,67,Ben Laughlin,Shubman Gill,4,False,-2.0,58,Kolkata,Eden Gardens,False,True,64,10,10.666666666666666,70,6.5625,20,170,100,9.333333333333334,10.714285714285714,4,6
10.5,10,5,68,Ben Laughlin,Shubman Gill,1,False,-0.5,58,Kolkata,Eden Gardens,False,True,65,10,10.833333333333334,71,6.553846153846154,20,170,99,9.166666666666666,10.8,4,6
10.6,10,6,69,Ben Laughlin,Dinesh Karthik,1,False,-0.5,58,Kolkata,Eden Gardens,False,True,66,10,11.0,72,6.545454545454546,20,170,98,9.0,10.88888888888889,4,6
11.1,11,1,70,Shreyas Gopal,Dinesh Karthik,1,False,-0.5,58,Kolkata,Eden Gardens,False,True,67,11,11.166666666666666,73,6.537313432835822,20,170,97,8.833333333333334,10.981132075471697,4,6
11.2,11,2,71,Shreyas Gopal,Shubman Gill,1,False,-0.5,58,Kolkata,Eden Gardens,False,True,68,11,11.333333333333334,74,6.529411764705882,20,170,96,8.666666666666666,11.076923076923078,4,6
11.3,11,3,72,Shreyas Gopal,Dinesh Karthik,0,False,1.0,58,Kolkata,Eden Gardens,False,True,69,11,11.5,74,6.434782608695652,20,170,96,8.5,11.294117647058824,4,6
11.4,11,4,73,Shreyas Gopal,Dinesh Karthik,1,False,-0.5,58,Kolkata,Eden Gardens,False,True,70,11,11.666666666666666,75,6.428571428571429,20,170,95,8.333333333333334,11.399999999999999,4,6
11.5,11,5,74,Shreyas Gopal,Shubman Gill,0,False,1.0,58,Kolkata,Eden Gardens,False,True,71,11,11.833333333333334,75,6.338028169014084,20,170,95,8.166666666666666,11.63265306122449,4,6
11.6,11,6,75,Shreyas Gopal,Shubman Gill,1,False,-0.5,58,Kolkata,Eden Gardens,False,True,72,11,12.0,76,6.333333333333333,20,170,94,8.0,11.75,4,6
12.1,12,1,76,Ish Sodhi,Shubman Gill,1,False,-0.5,58,Kolkata,Eden Gardens,False,True,73,12,12.166666666666666,77,6.328767123287672,20,170,93,7.833333333333334,11.872340425531913,4,6
12.2,12,2,77,Ish Sodhi,Dinesh Karthik,1,False,-0.5,58,Kolkata,Eden Gardens,False,True,74,12,12.333333333333334,78,6.324324324324324,20,170,92,7.666666666666666,12.000000000000002,4,6
12.3,12,3,78,Ish Sodhi,Shubman Gill,2,False,-1.0,58,Kolkata,Eden Gardens,False,True,75,12,12.5,80,6.4,20,170,90,7.5,12.0,4,6
12.4,12,4,79,Ish Sodhi,Shubman Gill,1,False,-0.5,58,Kolkata,Eden Gardens,False,True,76,12,12.666666666666666,81,6.394736842105264,20,170,89,7.333333333333334,12.136363636363635,4,6
12.5,12,5,80,Ish Sodhi,Dinesh Karthik,1,False,-0.5,58,Kolkata,Eden Gardens,False,True,77,12,12.833333333333334,82,6.3896103896103895,20,170,88,7.166666666666666,12.279069767441861,4,6
12.6,12,6,81,Ish Sodhi,Shubman Gill,0,False,1.0,58,Kolkata,Eden Gardens,False,True,78,12,13.0,82,6.3076923076923075,20,170,88,7.0,12.571428571428571,4,6
13.1,13,1,82,Shreyas Gopal,Dinesh Karthik,2,False,-1.0,58,Kolkata,Eden Gardens,False,True,79,13,13.166666666666666,84,6.379746835443038,20,170,86,6.833333333333334,12.585365853658535,4,6
13.2,13,2,83,Shreyas Gopal,Dinesh Karthik,1,False,-0.5,58,Kolkata,Eden Gardens,False,True,80,13,13.333333333333334,85,6.375,20,170,85,6.666666666666666,12.750000000000002,4,6
13.3,13,3,84,Shreyas Gopal,Shubman Gill,4,False,-2.0,58,Kolkata,Eden Gardens,False,True,81,13,13.5,89,6.592592592592593,20,170,81,6.5,12.461538461538462,4,6
13.4,13,4,85,Shreyas Gopal,Shubman Gill,6,False,-3.0,58,Kolkata,Eden Gardens,False,True,82,13,13.666666666666666,95,6.951219512195122,20,170,75,6.333333333333334,11.842105263157894,4,6
13.5,13,5,86,Shreyas Gopal,Shubman Gill,1,False,-0.5,58,Kolkata,Eden Gardens,False,True,83,13,13.833333333333334,96,6.9397590361445785,20,170,74,6.166666666666666,12.000000000000002,4,6
13.6,13,6,87,Shreyas Gopal,Dinesh Karthik,6,False,-3.0,58,Kolkata,Eden Gardens,False,True,84,13,14.0,102,7.285714285714286,20,170,68,6.0,11.333333333333334,4,6
14.1,14,1,88,Jofra Archer,Shubman Gill,4,False,-2.0,58,Kolkata,Eden Gardens,False,True,85,14,14.166666666666666,106,7.482352941176471,20,170,64,5.833333333333334,10.97142857142857,4,6
14.2,14,2,89,Jofra Archer,Shubman Gill,0,True,5.0,58,Kolkata,Eden Gardens,False,True,86,14,14.333333333333334,106,7.395348837209302,20,170,64,5.666666666666666,11.294117647058824,5,5
14.3,14,3,90,Jofra Archer,Andre Russell,0,False,1.0,58,Kolkata,Eden Gardens,False,True,87,14,14.5,106,7.310344827586207,20,170,64,5.5,11.636363636363637,5,5
14.4,14,4,91,Jofra Archer,Andre Russell,0,False,1.0,58,Kolkata,Eden Gardens,False,True,88,14,14.666666666666666,106,7.2272727272727275,20,170,64,5.333333333333334,11.999999999999998,5,5
14.5,14,5,92,Jofra Archer,Andre Russell,1,False,-1.0,58,Kolkata,Eden Gardens,True,False,88,14,14.666666666666666,107,7.295454545454546,20,170,63,5.333333333333334,11.812499999999998,5,5
14.5,14,5,93,Jofra Archer,Andre Russell,6,False,-3.0,58,Kolkata,Eden Gardens,False,True,89,14,14.833333333333334,113,7.617977528089887,20,170,57,5.166666666666666,11.03225806451613,5,5
14.6,14,6,94,Jofra Archer,Andre Russell,1,False,-0.5,58,Kolkata,Eden Gardens,False,True,90,14,15.0,114,7.6,20,170,56,5.0,11.2,5,5
15.1,15,1,95,Ish Sodhi,Andre Russell,0,False,1.0,58,Kolkata,Eden Gardens,False,True,91,15,15.166666666666666,114,7.516483516483516,20,170,56,4.833333333333334,11.586206896551722,5,5
15.2,15,2,96,Ish Sodhi,Andre Russell,1,False,-0.5,58,Kolkata,Eden Gardens,False,True,92,15,15.333333333333334,115,7.5,20,170,55,4.666666666666666,11.785714285714286,5,5
15.3,15,3,97,Ish Sodhi,Dinesh Karthik,1,False,-0.5,58,Kolkata,Eden Gardens,False,True,93,15,15.5,116,7.483870967741935,20,170,54,4.5,12.0,5,5
15.4,15,4,98,Ish Sodhi,Andre Russell,0,False,1.0,58,Kolkata,Eden Gardens,False,True,94,15,15.666666666666666,116,7.404255319148937,20,170,54,4.333333333333334,12.46153846153846,5,5
15.5,15,5,99,Ish Sodhi,Andre Russell,0,False,1.0,58,Kolkata,Eden Gardens,False,True,95,15,15.833333333333334,116,7.326315789473684,20,170,54,4.166666666666666,12.960000000000003,5,5
15.6,15,6,100,Ish Sodhi,Andre Russell,0,False,1.0,58,Kolkata,Eden Gardens,False,True,96,15,16.0,116,7.25,20,170,54,4.0,13.5,5,5
16.1,16,1,101,Jaydev Unadkat,Dinesh Karthik,6,False,-3.0,58,Kolkata,Eden Gardens,False,True,97,16,16.166666666666668,122,7.546391752577319,20,170,48,3.833333333333332,12.521739130434787,5,5
16.2,16,2,102,Jaydev Unadkat,Dinesh Karthik,1,False,-0.5,58,Kolkata,Eden Gardens,False,True,98,16,16.333333333333332,123,7.530612244897959,20,170,47,3.666666666666668,12.818181818181815,5,5
16.3,16,3,103,Jaydev Unadkat,Andre Russell,6,False,-3.0,58,Kolkata,Eden Gardens,False,True,99,16,16.5,129,7.818181818181818,20,170,41,3.5,11.714285714285714,5,5
16.4,16,4,104,Jaydev Unadkat,Andre Russell,4,False,-2.0,58,Kolkata,Eden Gardens,False,True,100,16,16.666666666666668,133,7.9799999999999995,20,170,37,3.333333333333332,11.100000000000003,5,5
16.5,16,5,105,Jaydev Unadkat,Andre Russell,1,False,-0.5,58,Kolkata,Eden Gardens,False,True,101,16,16.833333333333332,134,7.960396039603961,20,170,36,3.166666666666668,11.368421052631575,5,5
16.6,16,6,106,Jaydev Unadkat,Dinesh Karthik,1,False,-0.5,58,Kolkata,Eden Gardens,False,True,102,16,17.0,135,7.9411764705882355,20,170,35,3.0,11.666666666666666,5,5
17.1,17,1,107,Ben Laughlin,Dinesh Karthik,0,True,5.0,58,Kolkata,Eden Gardens,False,True,103,17,17.166666666666668,135,7.864077669902912,20,170,35,2.833333333333332,12.352941176470594,6,4
17.2,17,2,108,Ben Laughlin,Andre Russell,6,False,-3.0,58,Kolkata,Eden Gardens,False,True,104,17,17.333333333333332,141,8.134615384615385,20,170,29,2.666666666666668,10.874999999999995,6,4
17.3,17,3,109,Ben Laughlin,Andre Russell,1,False,-0.5,58,Kolkata,Eden Gardens,False,True,105,17,17.5,142,8.114285714285714,20,170,28,2.5,11.2,6,4
17.4,17,4,110,Ben Laughlin,JPR Scantlebury-Searles,1,False,-0.5,58,Kolkata,Eden Gardens,False,True,106,17,17.666666666666668,143,8.09433962264151,20,170,27,2.333333333333332,11.571428571428577,6,4
17.5,17,5,111,Ben Laughlin,Andre Russell,0,False,1.0,58,Kolkata,Eden Gardens,False,True,107,17,17.833333333333332,143,8.018691588785048,20,170,27,2.166666666666668,12.461538461538455,6,4
17.6,17,6,112,Ben Laughlin,Andre Russell,6,False,-3.0,58,Kolkata,Eden Gardens,False,True,108,17,18.0,149,8.277777777777779,20,170,21,2.0,10.5,6,4
18.1,18,1,113,Jofra Archer,JPR Scantlebury-Searles,0,False,1.0,58,Kolkata,Eden Gardens,False,True,109,18,18.166666666666668,149,8.20183486238532,20,170,21,1.8333333333333321,11.454545454545462,6,4
18.2,18,2,114,Jofra Archer,JPR Scantlebury-Searles,0,False,1.0,58,Kolkata,Eden Gardens,False,True,110,18,18.333333333333332,149,8.127272727272727,20,170,21,1.6666666666666679,12.59999999999999,6,4
18.3,18,3,115,Jofra Archer,JPR Scantlebury-Searles,1,False,-0.5,58,Kolkata,Eden Gardens,False,True,111,18,18.5,150,8.108108108108109,20,170,20,1.5,13.333333333333334,6,4
18.4,18,4,116,Jofra Archer,Andre Russell,0,False,1.0,58,Kolkata,Eden Gardens,False,True,112,18,18.666666666666668,150,8.035714285714285,20,170,20,1.3333333333333321,15.000000000000014,6,4
18.5,18,5,117,Jofra Archer,Andre Russell,6,False,-3.0,58,Kolkata,Eden Gardens,False,True,113,18,18.833333333333332,156,8.283185840707965,20,170,14,1.1666666666666679,11.999999999999988,6,4
18.6,18,6,118,Jofra Archer,Andre Russell,1,False,-0.5,58,Kolkata,Eden Gardens,False,True,114,18,19.0,157,8.263157894736842,20,170,13,1.0,13.0,6,4
19.1,19,1,119,Ben Laughlin,Andre Russell,1,False,-1.0,58,Kolkata,Eden Gardens,True,False,114,18,19.0,158,8.31578947368421,20,170,12,1.0,12.0,6,4
19.1,19,1,120,Ben Laughlin,Andre Russell,1,False,-1.0,58,Kolkata,Eden Gardens,True,False,114,18,19.0,159,8.368421052631579,20,170,11,1.0,11.0,6,4
19.1,19,1,121,Ben Laughlin,Andre Russell,4,False,-2.0,58,Kolkata,Eden Gardens,False,True,115,19,19.166666666666668,163,8.504347826086956,20,170,7,0.8333333333333321,8.400000000000013,6,4
19.2,19,2,122,Ben Laughlin,Andre Russell,0,False,1.0,58,Kolkata,Eden Gardens,False,True,116,19,19.333333333333332,163,8.431034482758621,20,170,7,0.6666666666666679,10.499999999999982,6,4
19.3,19,3,123,Ben Laughlin,Andre Russell,1,False,-0.5,58,Kolkata,Eden Gardens,False,True,117,19,19.5,164,8.41025641025641,20,170,6,0.5,12.0,6,4
19.4,19,4,124,Ben Laughlin,JPR Scantlebury-Searles,0,True,5.0,58,Kolkata,Eden Gardens,False,True,118,19,19.666666666666668,164,8.338983050847457,20,170,6,0.33333333333333215,18.000000000000064,7,3
19.5,19,5,125,Ben Laughlin,Andre Russell,4,False,-2.0,58,Kolkata,Eden Gardens,False,True,119,19,19.833333333333332,168,8.470588235294118,20,170,2,0.16666666666666785,11.999999999999915,7,3
19.6,19,6,126,Ben Laughlin,Andre Russell,1,False,-0.5,58,Kolkata,Eden Gardens,False,True,120,19,20.0,169,8.45,20,170,1,0.0,inf,7,3
