Ball Number,over,ball,Ball,bowler,batsman,Runs,is_wicket,bowler_score,match_id,city,stadium,is_extra,legal_delivery,legal_deliveries_count,overs_completed,overs_bowled,total_runs,current_run_rate,total_overs,target,runs_needed,overs_remaining,required_run_rate,wickets_fallen,wickets_in_hand
0.1,0,1,1,Deepak Chahar,Shreevats Goswami,2,False,-1.0,60,Mumbai,Wankhede Stadium,True,False,0,0,0.0,2,0.0,20,179,177,20.0,8.85,0,10
0.1,0,1,2,Deepak Chahar,S Dhawan,1,False,-0.5,60,Mumbai,Wankhede Stadium,False,True,1,0,0.16666666666666666,3,18.0,20,179,176,19.833333333333332,8.873949579831933,0,10
0.2,0,2,3,Deepak Chahar,Shreevats Goswami,1,False,-0.5,60,Mumbai,Wankhede Stadium,False,True,2,0,0.3333333333333333,4,12.0,20,179,175,19.666666666666668,8.898305084745763,0,10
0.3,0,3,4,Deepak Chahar,S Dhawan,0,False,1.0,60,Mumbai,Wankhede Stadium,False,True,3,0,0.5,4,8.0,20,179,175,19.5,8.974358974358974,0,10
0.4,0,4,5,Deepak Chahar,S Dhawan,1,False,-0.5,60,Mumbai,Wankhede Stadium,False,True,4,0,0.6666666666666666,5,7.5,20,179,174,19.333333333333332,9.0,0,10
0.5,0,5,6,Deepak Chahar,Shreevats Goswami,1,False,-0.5,60,Mumbai,Wankhede Stadium,False,True,5,0,0.8333333333333334,6,7.199999999999999,20,179,173,19.166666666666668,9.02608695652174,0,10
0.6,0,6,7,Deepak Chahar,S Dhawan,0,False,1.0,60,Mumbai,Wankhede Stadium,False,True,6,0,1.0,6,6.0,20,179,173,19.0,9.105263157894736,0,10
1.1,1,1,8,Lungi Ngidi,Shreevats Goswami,1,False,-0.5,60,Mumbai,Wankhede Stadium,False,True,7,1,1.1666666666666667,7,6.0,20,179,172,18.833333333333332,9.132743362831858,0,10
1.2,1,2,9,Lungi Ngidi,S Dhawan,4,False,-2.0,60,Mumbai,Wankhede Stadium,False,True,8,1,1.3333333333333333,11,8.25,20,179,168,18.666666666666668,9.0,0,10
1.3,1,3,10,Lungi Ngidi,S Dhawan,0,False,1.0,60,Mumbai,Wankhede Stadium,False,True,9,1,1.5,11,7.333333333333333,20,179,168,18.5,9.08108108108108,0,10
1.4,1,4,11,Lungi Ngidi,S Dhawan,1,False,-0.5,60,Mumbai,Wankhede Stadium,False,True,10,1,1.6666666666666665,12,7.200000000000001,20,179,167,18.333333333333332,9.10909090909091,0,10
1.5,1,5,12,Lungi Ngidi,Shreevats Goswami,0,True,5.0,60,Mumbai,Wankhede Stadium,False,True,11,1,1.8333333333333335,12,6.545454545454545,20,179,167,18.166666666666668,9.192660550458715,1,9
1.6,1,6,13,Lungi Ngidi,Kane Williamson,1,False,-0.5,60,Mumbai,Wankhede Stadium,False,True,12,1,2.0,13,6.5,20,179,166,18.0,9.222222222222221,1,9
2.1,2,1,14,Deepak Chahar,Kane Williamson,0,False,1.0,60,Mumbai,Wankhede Stadium,False,True,13,2,2.1666666666666665,13,6.0,20,179,166,17.833333333333332,9.308411214953273,1,9
2.2,2,2,15,Deepak Chahar,Kane Williamson,1,False,-0.5,60,Mumbai,Wankhede Stadium,False,True,14,2,2.3333333333333335,14,6.0,20,179,165,17.666666666666668,9.339622641509433,1,9
2.3,2,3,16,Deepak Chahar,S Dhawan,0,False,1.0,60,Mumbai,Wankhede Stadium,False,True,15,2,2.5,14,5.6,20,179,165,17.5,9.428571428571429,1,9
2.4,2,4,17,Deepak Chahar,S Dhawan,1,False,-0.5,60,Mumbai,Wankhede Stadium,False,True,16,2,2.6666666666666665,15,5.625,20,179,164,17.333333333333332,9.461538461538462,1,9
2.5,2,5,18,Deepak Chahar,Kane Williamson,1,False,-0.5,60,Mumbai,Wankhede Stadium,False,True,17,2,2.8333333333333335,16,5.647058823529411,20,179,163,17.166666666666668,9.495145631067961,1,9
2.6,2,6,19,Deepak Chahar,S Dhawan,0,False,1.0,60,Mumbai,Wankhede Stadium,False,True,18,2,3.0,16,5.333333333333333,20,179,163,17.0,9.588235294117647,1,9
3.1,3,1,20,Lungi Ngidi,Kane Williamson,0,False,1.0,60,Mumbai,Wankhede Stadium,False,True,19,3,3.1666666666666665,16,5.052631578947369,20,179,163,16.833333333333332,9.683168316831685,1,9
3.2,3,2,21,Lungi Ngidi,Kane Williamson,0,False,1.0,60,Mumbai,Wankhede Stadium,False,True,20,3,3.3333333333333335,16,4.8,20,179,163,16.666666666666668,9.78,1,9
3.3,3,3,22,Lungi Ngidi,Kane Williamson,0,False,1.0,60,Mumbai,Wankhede Stadium,False,True,21,3,3.5,16,4.571428571428571,20,179,163,16.5,9.878787878787879,1,9
3.4,3,4,23,Lungi Ngidi,Kane Williamson,0,False,1.0,60,Mumbai,Wankhede Stadium,False,True,22,3,3.6666666666666665,16,4.363636363636364,20,179,163,16.333333333333332,9.979591836734695,1,9
3.5,3,5,24,Lungi Ngidi,Kane Williamson,0,False,1.0,60,Mumbai,Wankhede Stadium,False,True,23,3,3.8333333333333335,16,4.173913043478261,20,179,163,16.166666666666668,10.082474226804123,1,9
3.6,3,6,25,Lungi Ngidi,Kane Williamson,0,False,1.0,60,Mumbai,Wankhede Stadium,False,True,24,3,4.0,16,4.0,20,179,163,16.0,10.1875,1,9
4.1,4,1,26,Deepak Chahar,S Dhawan,1,False,-0.5,60,Mumbai,Wankhede Stadium,False,True,25,4,4.166666666666667,17,4.08,20,179,162,15.833333333333332,10.231578947368423,1,9
4.2,4,2,27,Deepak Chahar,Kane Williamson,6,False,-3.0,60,Mumbai,Wankhede Stadium,False,True,26,4,4.333333333333333,23,5.307692307692308,20,179,156,15.666666666666668,9.957446808510637,1,9
4.3,4,3,28,Deepak Chahar,Kane Williamson,0,False,1.0,60,Mumbai,Wankhede Stadium,False,True,27,4,4.5,23,5.111111111111111,20,179,156,15.5,10.064516129032258,1,9
4.4,4,4,29,Deepak Chahar,Kane Williamson,4,False,-2.0,60,Mumbai,Wankhede Stadium,False,True,28,4,4.666666666666667,27,5.785714285714286,20,179,152,15.333333333333332,9.913043478260871,1,9
4.5,4,5,30,Deepak Chahar,Kane Williamson,1,False,-1.0,60,Mumbai,Wankhede Stadium,True,False,28,4,4.666666666666667,28,6.0,20,179,151,15.333333333333332,9.847826086956523,1,9
4.5,4,5,31,Deepak Chahar,Kane Williamson,0,False,1.0,60,Mumbai,Wankhede Stadium,False,True,29,4,4.833333333333333,28,5.793103448275862,20,179,151,15.166666666666668,9.956043956043954,1,9
4.6,4,6,32,Deepak Chahar,Kane Williamson,1,False,-0.5,60,Mumbai,Wankhede Stadium,False,True,30,4,5.0,29,5.8,20,179,150,15.0,10.0,1,9
5.1,5,1,33,Shardul Thakur,Kane Williamson,1,False,-0.5,60,Mumbai,Wankhede Stadium,False,True,31,5,5.166666666666667,30,5.806451612903225,20,179,149,14.833333333333332,10.04494382022472,1,9
5.1,5,1,34,Shardul Thakur,Kane Williamson,1,False,-1.0,60,Mumbai,Wankhede Stadium,True,False,31,5,5.166666666666667,31,6.0,20,179,148,14.833333333333332,9.977528089887642,1,9
5.2,5,2,35,Shardul Thakur,S Dhawan,0,False,1.0,60,Mumbai,Wankhede Stadium,False,True,32,5,5.333333333333333,31,5.8125,20,179,148,14.666666666666668,10.09090909090909,1,9
5.3,5,3,36,Shardul Thakur,S Dhawan,6,False,-3.0,60,Mumbai,Wankhede Stadium,False,True,33,5,5.5,37,6.7272727272727275,20,179,142,14.5,9.793103448275861,1,9
5.4,5,4,37,Shardul Thakur,S Dhawan,2,False,-1.0,60,Mumbai,Wankhede Stadium,False,True,34,5,5.666666666666667,39,6.88235294117647,20,179,140,14.333333333333332,9.767441860465118,1,9
5.5,5,5,38,Shardul Thakur,S Dhawan,1,False,-0.5,60,Mumbai,Wankhede Stadium,False,True,35,5,5.833333333333333,40,6.857142857142858,20,179,139,14.166666666666668,9.811764705882352,1,9
5.6,5,6,39,Shardul Thakur,Kane Williamson,1,False,-0.5,60,Mumbai,Wankhede Stadium,False,True,36,5,6.0,41,6.833333333333333,20,179,138,14.0,9.857142857142858,1,9
6.1,6,1,40,Karn Sharma,Kane Williamson,1,False,-0.5,60,Mumbai,Wankhede Stadium,False,True,37,6,6.166666666666667,42,6.8108108108108105,20,179,137,13.833333333333332,9.903614457831326,1,9
6.2,6,2,41,Karn Sharma,S Dhawan,1,False,-0.5,60,Mumbai,Wankhede Stadium,False,True,38,6,6.333333333333333,43,6.7894736842105265,20,179,136,13.666666666666668,9.951219512195122,1,9
6.3,6,3,42,Karn Sharma,Kane Williamson,1,False,-0.5,60,Mumbai,Wankhede Stadium,False,True,39,6,6.5,44,6.769230769230769,20,179,135,13.5,10.0,1,9
6.4,6,4,43,Karn Sharma,S Dhawan,1,False,-1.0,60,Mumbai,Wankhede Stadium,True,False,39,6,6.5,45,6.923076923076923,20,179,134,13.5,9.925925925925926,1,9
6.4,6,4,44,Karn Sharma,S Dhawan,0,False,1.0,60,Mumbai,Wankhede Stadium,False,True,40,6,6.666666666666667,45,6.75,20,179,134,13.333333333333332,10.05,1,9
6.5,6,5,45,Karn Sharma,S Dhawan,4,False,-2.0,60,Mumbai,Wankhede Stadium,False,True,41,6,6.833333333333333,49,7.170731707317073,20,179,130,13.166666666666668,9.873417721518987,1,9
6.6,6,6,46,Karn Sharma,S Dhawan,1,False,-0.5,60,Mumbai,Wankhede Stadium,False,True,42,6,7.0,50,7.142857142857143,20,179,129,13.0,9.923076923076923,1,9
7.1,7,1,47,Dwayne Bravo,S Dhawan,0,False,1.0,60,Mumbai,Wankhede Stadium,False,True,43,7,7.166666666666667,50,6.976744186046512,20,179,129,12.833333333333332,10.051948051948052,1,9
7.2,7,2,48,Dwayne Bravo,S Dhawan,0,False,1.0,60,Mumbai,Wankhede Stadium,False,True,44,7,7.333333333333333,50,6.818181818181818,20,179,129,12.666666666666668,10.18421052631579,1,9
7.3,7,3,49,Dwayne Bravo,S Dhawan,0,False,1.0,60,Mumbai,Wankhede Stadium,False,True,45,7,7.5,50,6.666666666666667,20,179,129,12.5,10.32,1,9
7.4,7,4,50,Dwayne Bravo,S Dhawan,1,False,-0.5,60,Mumbai,Wankhede Stadium,False,True,46,7,7.666666666666667,51,6.652173913043478,20,179,128,12.333333333333332,10.378378378378379,1,9
7.5,7,5,51,Dwayne Bravo,Kane Williamson,4,False,-2.0,60,Mumbai,Wankhede Stadium,False,True,47,7,7.833333333333333,55,7.021276595744681,20,179,124,12.166666666666668,10.191780821917808,1,9
7.6,7,6,52,Dwayne Bravo,Kane Williamson,6,False,-3.0,60,Mumbai,Wankhede Stadium,False,True,48,7,8.0,61,7.625,20,179,118,12.0,9.833333333333334,1,9
8.1,8,1,53,Ravindra Jadeja,S Dhawan,1,False,-0.5,60,Mumbai,Wankhede Stadium,False,True,49,8,8.166666666666666,62,7.591836734693878,20,179,117,11.833333333333334,9.887323943661972,1,9
8.2,8,2,54,Ravindra Jadeja,Kane Williamson,1,False,-0.5,60,Mumbai,Wankhede Stadium,False,True,50,8,8.333333333333334,63,7.56,20,179,116,11.666666666666666,9.942857142857143,1,9
8.3,8,3,55,Ravindra Jadeja,S Dhawan,0,True,5.0,60,Mumbai,Wankhede Stadium,False,True,51,8,8.5,63,7.411764705882353,20,179,116,11.5,10.08695652173913,2,8
8.4,8,4,56,Ravindra Jadeja,Shakib Al Hasan,4,False,-2.0,60,Mumbai,Wankhede Stadium,False,True,52,8,8.666666666666666,67,7.730769230769232,20,179,112,11.333333333333334,9.88235294117647,2,8
8.5,8,5,57,Ravindra Jadeja,Shakib Al Hasan,1,False,-0.5,60,Mumbai,Wankhede Stadium,False,True,53,8,8.833333333333334,68,7.698113207547169,20,179,111,11.166666666666666,9.940298507462687,2,8
8.6,8,6,58,Ravindra Jadeja,Kane Williamson,1,False,-0.5,60,Mumbai,Wankhede Stadium,False,True,54,8,9.0,69,7.666666666666667,20,179,110,11.0,10.0,2,8
9.1,9,1,59,Deepak Chahar,Kane Williamson,0,False,1.0,60,Mumbai,Wankhede Stadium,False,True,55,9,9.166666666666666,69,7.527272727272727,20,179,110,10.833333333333334,10.153846153846153,2,8
9.2,9,2,60,Deepak Chahar,Kane Williamson,1,False,-0.5,60,Mumbai,Wankhede Stadium,False,True,56,9,9.333333333333334,70,7.499999999999999,20,179,109,10.666666666666666,10.21875,2,8
9.3,9,3,61,Deepak Chahar,Shakib Al Hasan,0,False,1.0,60,Mumbai,Wankhede Stadium,False,True,57,9,9.5,70,7.368421052631579,20,179,109,10.5,10.380952380952381,2,8
9.4,9,4,62,Deepak Chahar,Shakib Al Hasan,1,False,-0.5,60,Mumbai,Wankhede Stadium,False,True,58,9,9.666666666666666,71,7.344827586206897,20,179,108,10.333333333333334,10.451612903225806,2,8
9.5,9,5,63,Deepak Chahar,Kane Williamson,0,False,1.0,60,Mumbai,Wankhede Stadium,False,True,59,9,9.833333333333334,71,7.220338983050847,20,179,108,10.166666666666666,10.622950819672132,2,8
9.6,9,6,64,Deepak Chahar,Kane Williamson,1,False,-0.5,60,Mumbai,Wankhede Stadium,False,True,60,9,10.0,72,7.2,20,179,107,10.0,10.7,2,8
10.1,10,1,65,Ravindra Jadeja,Kane Williamson,1,False,-0.5,60,Mumbai,Wankhede Stadium,False,True,61,10,10.166666666666666,73,7.180327868852459,20,179,106,9.833333333333334,10.779661016949152,2,8
10.2,10,2,66,Ravindra Jadeja,Shakib Al Hasan,1,False,-0.5,60,Mumbai,Wankhede Stadium,False,True,62,10,10.333333333333334,74,7.161290322580645,20,179,105,9.666666666666666,10.862068965517242,2,8
10.3,10,3,67,Ravindra Jadeja,Kane Williamson,4,False,-2.0,60,Mumbai,Wankhede Stadium,False,True,63,10,10.5,78,7.428571428571429,20,179,101,9.5,10.631578947368421,2,8
10.4,10,4,68,Ravindra Jadeja,Kane Williamson,1,False,-0.25,60,Mumbai,Wankhede Stadium,False,True,64,10,10.666666666666666,79,7.40625,20,179,100,9.333333333333334,10.714285714285714,2,8
10.5,10,5,69,Ravindra Jadeja,Shakib Al Hasan,6,False,-3.0,60,Mumbai,Wankhede Stadium,False,True,65,10,10.833333333333334,85,7.846153846153846,20,179,94,9.166666666666666,10.254545454545456,2,8
10.6,10,6,70,Ravindra Jadeja,Shakib Al Hasan,4,False,-2.0,60,Mumbai,Wankhede Stadium,False,True,66,10,11.0,89,8.090909090909092,20,179,90,9.0,10.0,2,8
11.1,11,1,71,Dwayne Bravo,Kane Williamson,0,False,1.0,60,Mumbai,Wankhede Stadium,False,True,67,11,11.166666666666666,89,7.970149253731344,20,179,90,8.833333333333334,10.188679245283017,2,8
11.2,11,2,72,Dwayne Bravo,Kane Williamson,4,False,-2.0,60,Mumbai,Wankhede Stadium,False,True,68,11,11.333333333333334,93,8.205882352941176,20,179,86,8.666666666666666,9.923076923076923,2,8
11.3,11,3,73,Dwayne Bravo,Kane Williamson,4,False,-2.0,60,Mumbai,Wankhede Stadium,False,True,69,11,11.5,97,8.434782608695652,20,179,82,8.5,9.647058823529411,2,8
11.4,11,4,74,Dwayne Bravo,Kane Williamson,1,False,-0.5,60,Mumbai,Wankhede Stadium,False,True,70,11,11.666666666666666,98,8.4,20,179,81,8.333333333333334,9.719999999999999,2,8
11.5,11,5,75,Dwayne Bravo,Shakib Al Hasan,1,False,-0.5,60,Mumbai,Wankhede Stadium,False,True,71,11,11.833333333333334,99,8.366197183098592,20,179,80,8.166666666666666,9.795918367346939,2,8
11.6,11,6,76,Dwayne Bravo,Kane Williamson,1,False,-0.5,60,Mumbai,Wankhede Stadium,False,True,72,11,12.0,100,8.333333333333334,20,179,79,8.0,9.875,2,8
12.1,12,1,77,Karn Sharma,Kane Williamson,0,True,5.0,60,Mumbai,Wankhede Stadium,False,True,73,12,12.166666666666666,100,8.219178082191782,20,179,79,7.833333333333334,10.085106382978722,3,7
12.2,12,2,78,Karn Sharma,Yusuf Pathan,0,False,1.0,60,Mumbai,Wankhede Stadium,False,True,74,12,12.333333333333334,100,8.108108108108107,20,179,79,7.666666666666666,10.304347826086957,3,7
12.3,12,3,79,Karn Sharma,Yusuf Pathan,4,False,-2.0,60,Mumbai,Wankhede Stadium,False,True,75,12,12.5,104,8.32,20,179,75,7.5,10.0,3,7
12.4,12,4,80,Karn Sharma,Yusuf Pathan,2,False,-1.0,60,Mumbai,Wankhede Stadium,False,True,76,12,12.666666666666666,106,8.368421052631579,20,179,73,7.333333333333334,9.954545454545453,3,7
12.5,12,5,81,Karn Sharma,Yusuf Pathan,0,False,1.0,60,Mumbai,Wankhede Stadium,False,True,77,12,12.833333333333334,106,8.259740259740258,20,179,73,7.166666666666666,10.186046511627907,3,7
12.6,12,6,82,Karn Sharma,Yusuf Pathan,1,False,-0.5,60,Mumbai,Wankhede Stadium,False,True,78,12,13.0,107,8.23076923076923,20,179,72,7.0,10.285714285714286,3,7
13.1,13,1,83,Shardul Thakur,Yusuf Pathan,1,False,-0.5,60,Mumbai,Wankhede Stadium,False,True,79,13,13.166666666666666,108,8.202531645569621,20,179,71,6.833333333333334,10.390243902439023,3,7
13.2,13,2,84,Shardul Thakur,Shakib Al Hasan,1,False,-0.5,60,Mumbai,Wankhede Stadium,False,True,80,13,13.333333333333334,109,8.174999999999999,20,179,70,6.666666666666666,10.500000000000002,3,7
13.3,13,3,85,Shardul Thakur,Yusuf Pathan,4,False,-2.0,60,Mumbai,Wankhede Stadium,False,True,81,13,13.5,113,8.37037037037037,20,179,66,6.5,10.153846153846153,3,7
13.4,13,4,86,Shardul Thakur,Yusuf Pathan,1,False,-0.5,60,Mumbai,Wankhede Stadium,False,True,82,13,13.666666666666666,114,8.341463414634147,20,179,65,6.333333333333334,10.26315789473684,3,7
13.5,13,5,87,Shardul Thakur,Shakib Al Hasan,1,False,-0.5,60,Mumbai,Wankhede Stadium,False,True,83,13,13.833333333333334,115,8.313253012048193,20,179,64,6.166666666666666,10.378378378378379,3,7
13.6,13,6,88,Shardul Thakur,Yusuf Pathan,1,False,-0.5,60,Mumbai,Wankhede Stadium,False,True,84,13,14.0,116,8.285714285714286,20,179,63,6.0,10.5,3,7
14.1,14,1,89,Karn Sharma,Yusuf Pathan,0,False,1.0,60,Mumbai,Wankhede Stadium,False,True,85,14,14.166666666666666,116,8.188235294117648,20,179,63,5.833333333333334,10.799999999999999,3,7
14.2,14,2,90,Karn Sharma,Yusuf Pathan,6,False,-3.0,60,Mumbai,Wankhede Stadium,False,True,86,14,14.333333333333334,122,8.511627906976743,20,179,57,5.666666666666666,10.058823529411766,3,7
14.3,14,3,91,Karn Sharma,Yusuf Pathan,1,False,-0.5,60,Mumbai,Wankhede Stadium,False,True,87,14,14.5,123,8.482758620689655,20,179,56,5.5,10.181818181818182,3,7
14.4,14,4,92,Karn Sharma,Shakib Al Hasan,0,False,1.0,60,Mumbai,Wankhede Stadium,False,True,88,14,14.666666666666666,123,8.386363636363637,20,179,56,5.333333333333334,10.499999999999998,3,7
14.5,14,5,93,Karn Sharma,Shakib Al Hasan,2,False,-1.0,60,Mumbai,Wankhede Stadium,False,True,89,14,14.833333333333334,125,8.42696629213483,20,179,54,5.166666666666666,10.451612903225808,3,7
14.6,14,6,94,Karn Sharma,Shakib Al Hasan,0,False,1.0,60,Mumbai,Wankhede Stadium,False,True,90,14,15.0,125,8.333333333333334,20,179,54,5.0,10.8,3,7
15.1,15,1,95,Dwayne Bravo,Yusuf Pathan,4,False,-2.0,60,Mumbai,Wankhede Stadium,False,True,91,15,15.166666666666666,129,8.505494505494505,20,179,50,4.833333333333334,10.344827586206895,3,7
15.2,15,2,96,Dwayne Bravo,Yusuf Pathan,1,False,-0.5,60,Mumbai,Wankhede Stadium,False,True,92,15,15.333333333333334,130,8.478260869565217,20,179,49,4.666666666666666,10.500000000000002,3,7
15.3,15,3,97,Dwayne Bravo,Shakib Al Hasan,1,False,-0.5,60,Mumbai,Wankhede Stadium,False,True,93,15,15.5,131,8.451612903225806,20,179,48,4.5,10.666666666666666,3,7
15.4,15,4,98,Dwayne Bravo,Yusuf Pathan,1,False,-0.5,60,Mumbai,Wankhede Stadium,False,True,94,15,15.666666666666666,132,8.425531914893618,20,179,47,4.333333333333334,10.846153846153845,3,7
15.5,15,5,99,Dwayne Bravo,Shakib Al Hasan,0,True,5.0,60,Mumbai,Wankhede Stadium,False,True,95,15,15.833333333333334,132,8.336842105263157,20,179,47,4.166666666666666,11.280000000000001,4,6
15.6,15,6,100,Dwayne Bravo,Deepak Hooda,1,False,-0.5,60,Mumbai,Wankhede Stadium,False,True,96,15,16.0,133,8.3125,20,179,46,4.0,11.5,4,6
16.1,16,1,101,Lungi Ngidi,Deepak Hooda,1,False,-0.5,60,Mumbai,Wankhede Stadium,False,True,97,16,16.166666666666668,134,8.288659793814432,20,179,45,3.833333333333332,11.739130434782613,4,6
16.2,16,2,102,Lungi Ngidi,Yusuf Pathan,1,False,-0.5,60,Mumbai,Wankhede Stadium,False,True,98,16,16.333333333333332,135,8.26530612244898,20,179,44,3.666666666666668,11.999999999999996,4,6
16.3,16,3,103,Lungi Ngidi,Deepak Hooda,1,False,-0.5,60,Mumbai,Wankhede Stadium,False,True,99,16,16.5,136,8.242424242424242,20,179,43,3.5,12.285714285714286,4,6
16.4,16,4,104,Lungi Ngidi,Yusuf Pathan,6,False,-3.0,60,Mumbai,Wankhede Stadium,False,True,100,16,16.666666666666668,142,8.52,20,179,37,3.333333333333332,11.100000000000003,4,6
16.5,16,5,105,Lungi Ngidi,Yusuf Pathan,1,False,-0.5,60,Mumbai,Wankhede Stadium,False,True,101,16,16.833333333333332,143,8.495049504950495,20,179,36,3.166666666666668,11.368421052631575,4,6
16.6,16,6,106,Lungi Ngidi,Deepak Hooda,0,True,5.0,60,Mumbai,Wankhede Stadium,False,True,102,16,17.0,143,8.411764705882353,20,179,36,3.0,12.0,5,5
17.1,17,1,107,Dwayne Bravo,Yusuf Pathan,1,False,-1.0,60,Mumbai,Wankhede Stadium,True,False,102,16,17.0,144,8.470588235294118,20,179,35,3.0,11.666666666666666,5,5
17.1,17,1,108,Dwayne Bravo,Yusuf Pathan,1,False,-0.5,60,Mumbai,Wankhede Stadium,False,True,103,17,17.166666666666668,145,8.446601941747572,20,179,34,2.833333333333332,12.000000000000005,5,5
17.2,17,2,109,Dwayne Bravo,Carlos Brathwaite,1,False,-1.0,60,Mumbai,Wankhede Stadium,True,False,103,17,17.166666666666668,146,8.504854368932039,20,179,33,2.833333333333332,11.647058823529417,5,5
17.2,17,2,110,Dwayne Bravo,Carlos Brathwaite,6,False,-3.0,60,Mumbai,Wankhede Stadium,False,True,104,17,17.333333333333332,152,8.76923076923077,20,179,27,2.666666666666668,10.124999999999995,5,5
17.3,17,3,111,Dwayne Bravo,Carlos Brathwaite,1,False,-0.5,60,Mumbai,Wankhede Stadium,False,True,105,17,17.5,153,8.742857142857142,20,179,26,2.5,10.4,5,5
17.4,17,4,112,Dwayne Bravo,Yusuf Pathan,1,False,-0.5,60,Mumbai,Wankhede Stadium,False,True,106,17,17.666666666666668,154,8.716981132075471,20,179,25,2.333333333333332,10.714285714285719,5,5
17.5,17,5,113,Dwayne Bravo,Carlos Brathwaite,1,False,-0.5,60,Mumbai,Wankhede Stadium,False,True,107,17,17.833333333333332,155,8.69158878504673,20,179,24,2.166666666666668,11.076923076923071,5,5
17.6,17,6,114,Dwayne Bravo,Yusuf Pathan,4,False,-2.0,60,Mumbai,Wankhede Stadium,False,True,108,17,18.0,159,8.833333333333334,20,179,20,2.0,10.0,5,5
18.1,18,1,115,Lungi Ngidi,Carlos Brathwaite,0,False,1.0,60,Mumbai,Wankhede Stadium,False,True,109,18,18.166666666666668,159,8.75229357798165,20,179,20,1.8333333333333321,10.909090909090915,5,5
18.2,18,2,116,Lungi Ngidi,Carlos Brathwaite,1,False,-0.5,60,Mumbai,Wankhede Stadium,False,True,110,18,18.333333333333332,160,8.727272727272728,20,179,19,1.6666666666666679,11.399999999999991,5,5
18.3,18,3,117,Lungi Ngidi,Yusuf Pathan,1,False,-0.5,60,Mumbai,Wankhede Stadium,False,True,111,18,18.5,161,8.702702702702704,20,179,18,1.5,12.0,5,5
18.4,18,4,118,Lungi Ngidi,Carlos Brathwaite,0,False,1.0,60,Mumbai,Wankhede Stadium,False,True,112,18,18.666666666666668,161,8.625,20,179,18,1.3333333333333321,13.500000000000012,5,5
18.5,18,5,119,Lungi Ngidi,Carlos Brathwaite,0,False,1.0,60,Mumbai,Wankhede Stadium,False,True,113,18,18.833333333333332,161,8.548672566371682,20,179,18,1.1666666666666679,15.428571428571413,5,5
18.6,18,6,120,Lungi Ngidi,Carlos Brathwaite,6,False,-3.0,60,Mumbai,Wankhede Stadium,False,True,114,18,19.0,167,8.789473684210526,20,179,12,1.0,12.0,5,5
19.1,19,1,121,Shardul Thakur,Yusuf Pathan,2,False,-1.0,60,Mumbai,Wankhede Stadium,False,True,115,19,19.166666666666668,169,8.817391304347826,20,179,10,0.8333333333333321,12.000000000000018,5,5
19.2,19,2,122,Shardul Thakur,Yusuf Pathan,1,False,-1.0,60,Mumbai,Wankhede Stadium,True,False,115,19,19.166666666666668,170,8.869565217391305,20,179,9,0.8333333333333321,10.800000000000015,5,5
19.2,19,2,123,Shardul Thakur,Yusuf Pathan,0,False,1.0,60,Mumbai,Wankhede Stadium,False,True,116,19,19.333333333333332,170,8.793103448275863,20,179,9,0.6666666666666679,13.499999999999977,5,5
19.3,19,3,124,Shardul Thakur,Yusuf Pathan,1,False,-0.5,60,Mumbai,Wankhede Stadium,False,True,117,19,19.5,171,8.76923076923077,20,179,8,0.5,16.0,5,5
19.4,19,4,125,Shardul Thakur,Carlos Brathwaite,0,False,1.0,60,Mumbai,Wankhede Stadium,False,True,118,19,19.666666666666668,171,8.694915254237287,20,179,8,0.33333333333333215,24.000000000000085,5,5
19.5,19,5,126,Shardul Thakur,Carlos Brathwaite,6,False,-3.0,60,Mumbai,Wankhede Stadium,False,True,119,19,19.833333333333332,177,8.92436974789916,20,179,2,0.16666666666666785,11.999999999999915,5,5
19.6,19,6,127,Shardul Thakur,Carlos Brathwaite,0,True,5.0,60,Mumbai,Wankhede Stadium,False,True,120,19,20.0,177,8.85,20,179,2,0.0,inf,6,4
