Ball Number,over,ball,Ball,bowler,batsman,Runs,is_wicket,bowler_score,match_id,city,stadium,is_extra,legal_delivery,legal_deliveries_count,overs_completed,overs_bowled,total_runs,current_run_rate,total_overs,target,runs_needed,overs_remaining,required_run_rate,wickets_fallen,wickets_in_hand
0.1,0,1,1,Bhuvneshwar Kumar,Shane Watson,0,False,1.0,60,Mumbai,Wankhede Stadium,False,True,1,0,0.16666666666666666,0,0.0,20,179,179,19.833333333333332,9.025210084033613,0,10
0.2,0,2,2,Bhuvneshwar Kumar,Shane Watson,0,False,1.0,60,Mumbai,Wankhede Stadium,False,True,2,0,0.3333333333333333,0,0.0,20,179,179,19.666666666666668,9.101694915254237,0,10
0.3,0,3,3,Bhuvneshwar Kumar,Shane Watson,0,False,1.0,60,Mumbai,Wankhede Stadium,False,True,3,0,0.5,0,0.0,20,179,179,19.5,9.179487179487179,0,10
0.4,0,4,4,Bhuvneshwar Kumar,Shane Watson,0,False,1.0,60,Mumbai,Wankhede Stadium,False,True,4,0,0.6666666666666666,0,0.0,20,179,179,19.333333333333332,9.258620689655173,0,10
0.5,0,5,5,Bhuvneshwar Kumar,Shane Watson,0,False,1.0,60,Mumbai,Wankhede Stadium,False,True,5,0,0.8333333333333334,0,0.0,20,179,179,19.166666666666668,9.339130434782609,0,10
0.6,0,6,6,Bhuvneshwar Kumar,Shane Watson,0,False,1.0,60,Mumbai,Wankhede Stadium,False,True,6,0,1.0,0,0.0,20,179,179,19.0,9.421052631578947,0,10
1.1,1,1,7,Sandeep Sharma,du Plessis,0,False,1.0,60,Mumbai,Wankhede Stadium,False,True,7,1,1.1666666666666667,0,0.0,20,179,179,18.833333333333332,9.504424778761063,0,10
1.2,1,2,8,Sandeep Sharma,du Plessis,4,False,-2.0,60,Mumbai,Wankhede Stadium,False,True,8,1,1.3333333333333333,4,3.0,20,179,175,18.666666666666668,9.375,0,10
1.3,1,3,9,Sandeep Sharma,du Plessis,0,False,1.0,60,Mumbai,Wankhede Stadium,False,True,9,1,1.5,4,2.6666666666666665,20,179,175,18.5,9.45945945945946,0,10
1.4,1,4,10,Sandeep Sharma,du Plessis,1,False,-0.5,60,Mumbai,Wankhede Stadium,False,True,10,1,1.6666666666666665,5,3.0000000000000004,20,179,174,18.333333333333332,9.490909090909092,0,10
1.5,1,5,11,Sandeep Sharma,Shane Watson,0,False,1.0,60,Mumbai,Wankhede Stadium,False,True,11,1,1.8333333333333335,5,2.727272727272727,20,179,174,18.166666666666668,9.577981651376145,0,10
1.6,1,6,12,Sandeep Sharma,Shane Watson,0,False,1.0,60,Mumbai,Wankhede Stadium,False,True,12,1,2.0,5,2.5,20,179,174,18.0,9.666666666666666,0,10
2.1,2,1,13,Bhuvneshwar Kumar,du Plessis,0,False,1.0,60,Mumbai,Wankhede Stadium,False,True,13,2,2.1666666666666665,5,2.307692307692308,20,179,174,17.833333333333332,9.757009345794394,0,10
2.2,2,2,14,Bhuvneshwar Kumar,du Plessis,0,False,1.0,60,Mumbai,Wankhede Stadium,False,True,14,2,2.3333333333333335,5,2.142857142857143,20,179,174,17.666666666666668,9.849056603773585,0,10
2.3,2,3,15,Bhuvneshwar Kumar,du Plessis,0,False,1.0,60,Mumbai,Wankhede Stadium,False,True,15,2,2.5,5,2.0,20,179,174,17.5,9.942857142857143,0,10
2.4,2,4,16,Bhuvneshwar Kumar,du Plessis,0,False,1.0,60,Mumbai,Wankhede Stadium,False,True,16,2,2.6666666666666665,5,1.875,20,179,174,17.333333333333332,10.038461538461538,0,10
2.5,2,5,17,Bhuvneshwar Kumar,du Plessis,5,False,-2.5,60,Mumbai,Wankhede Stadium,False,True,17,2,2.8333333333333335,10,3.5294117647058822,20,179,169,17.166666666666668,9.844660194174757,0,10
2.6,2,6,18,Bhuvneshwar Kumar,Shane Watson,0,False,1.0,60,Mumbai,Wankhede Stadium,False,True,18,2,3.0,10,3.3333333333333335,20,179,169,17.0,9.941176470588236,0,10
3.1,3,1,19,Sandeep Sharma,du Plessis,1,False,-0.25,60,Mumbai,Wankhede Stadium,False,True,19,3,3.1666666666666665,11,3.473684210526316,20,179,168,16.833333333333332,9.98019801980198,0,10
3.2,3,2,20,Sandeep Sharma,Shane Watson,0,False,1.0,60,Mumbai,Wankhede Stadium,False,True,20,3,3.3333333333333335,11,3.3,20,179,168,16.666666666666668,10.08,0,10
3.3,3,3,21,Sandeep Sharma,Shane Watson,4,False,-2.0,60,Mumbai,Wankhede Stadium,False,True,21,3,3.5,15,4.285714285714286,20,179,164,16.5,9.93939393939394,0,10
3.4,3,4,22,Sandeep Sharma,Shane Watson,0,False,1.0,60,Mumbai,Wankhede Stadium,False,True,22,3,3.6666666666666665,15,4.090909090909091,20,179,164,16.333333333333332,10.040816326530614,0,10
3.5,3,5,23,Sandeep Sharma,Shane Watson,1,False,-0.5,60,Mumbai,Wankhede Stadium,False,True,23,3,3.8333333333333335,16,4.173913043478261,20,179,163,16.166666666666668,10.082474226804123,0,10
3.6,3,6,24,Sandeep Sharma,du Plessis,0,True,5.0,60,Mumbai,Wankhede Stadium,False,True,24,3,4.0,16,4.0,20,179,163,16.0,10.1875,1,9
4.1,4,1,25,Bhuvneshwar Kumar,Suresh Raina,1,False,-0.5,60,Mumbai,Wankhede Stadium,False,True,25,4,4.166666666666667,17,4.08,20,179,162,15.833333333333332,10.231578947368423,1,9
4.2,4,2,26,Bhuvneshwar Kumar,Shane Watson,1,False,-0.5,60,Mumbai,Wankhede Stadium,False,True,26,4,4.333333333333333,18,4.153846153846154,20,179,161,15.666666666666668,10.27659574468085,1,9
4.3,4,3,27,Bhuvneshwar Kumar,Suresh Raina,0,False,1.0,60,Mumbai,Wankhede Stadium,False,True,27,4,4.5,18,4.0,20,179,161,15.5,10.387096774193548,1,9
4.4,4,4,28,Bhuvneshwar Kumar,Suresh Raina,0,False,1.0,60,Mumbai,Wankhede Stadium,False,True,28,4,4.666666666666667,18,3.8571428571428568,20,179,161,15.333333333333332,10.5,1,9
4.5,4,5,29,Bhuvneshwar Kumar,Suresh Raina,1,False,-0.5,60,Mumbai,Wankhede Stadium,False,True,29,4,4.833333333333333,19,3.931034482758621,20,179,160,15.166666666666668,10.54945054945055,1,9
4.6,4,6,30,Bhuvneshwar Kumar,Shane Watson,1,False,-0.5,60,Mumbai,Wankhede Stadium,False,True,30,4,5.0,20,4.0,20,179,159,15.0,10.6,1,9
5.1,5,1,31,Sandeep Sharma,Shane Watson,1,False,-0.5,60,Mumbai,Wankhede Stadium,False,True,31,5,5.166666666666667,21,4.064516129032258,20,179,158,14.833333333333332,10.651685393258427,1,9
5.1,5,1,32,Sandeep Sharma,Shane Watson,1,False,-1.0,60,Mumbai,Wankhede Stadium,True,False,31,5,5.166666666666667,22,4.258064516129032,20,179,157,14.833333333333332,10.584269662921349,1,9
5.2,5,2,33,Sandeep Sharma,Suresh Raina,1,False,-0.5,60,Mumbai,Wankhede Stadium,False,True,32,5,5.333333333333333,23,4.3125,20,179,156,14.666666666666668,10.636363636363635,1,9
5.3,5,3,34,Sandeep Sharma,Shane Watson,6,False,-3.0,60,Mumbai,Wankhede Stadium,False,True,33,5,5.5,29,5.2727272727272725,20,179,150,14.5,10.344827586206897,1,9
5.4,5,4,35,Sandeep Sharma,Shane Watson,4,False,-2.0,60,Mumbai,Wankhede Stadium,False,True,34,5,5.666666666666667,33,5.823529411764706,20,179,146,14.333333333333332,10.186046511627907,1,9
5.5,5,5,36,Sandeep Sharma,Shane Watson,1,False,-0.5,60,Mumbai,Wankhede Stadium,False,True,35,5,5.833333333333333,34,5.828571428571429,20,179,145,14.166666666666668,10.235294117647058,1,9
5.6,5,6,37,Sandeep Sharma,Suresh Raina,1,False,-0.5,60,Mumbai,Wankhede Stadium,False,True,36,5,6.0,35,5.833333333333333,20,179,144,14.0,10.285714285714286,1,9
6.1,6,1,38,Siddarth Kaul,Suresh Raina,1,False,-0.5,60,Mumbai,Wankhede Stadium,False,True,37,6,6.166666666666667,36,5.837837837837838,20,179,143,13.833333333333332,10.337349397590362,1,9
6.2,6,2,39,Siddarth Kaul,Shane Watson,6,False,-3.0,60,Mumbai,Wankhede Stadium,False,True,38,6,6.333333333333333,42,6.631578947368421,20,179,137,13.666666666666668,10.024390243902438,1,9
6.3,6,3,40,Siddarth Kaul,Shane Watson,1,False,-0.5,60,Mumbai,Wankhede Stadium,False,True,39,6,6.5,43,6.615384615384615,20,179,136,13.5,10.074074074074074,1,9
6.4,6,4,41,Siddarth Kaul,Suresh Raina,4,False,-2.0,60,Mumbai,Wankhede Stadium,False,True,40,6,6.666666666666667,47,7.05,20,179,132,13.333333333333332,9.9,1,9
6.5,6,5,42,Siddarth Kaul,Suresh Raina,0,False,1.0,60,Mumbai,Wankhede Stadium,False,True,41,6,6.833333333333333,47,6.878048780487805,20,179,132,13.166666666666668,10.025316455696201,1,9
6.6,6,6,43,Siddarth Kaul,Suresh Raina,4,False,-2.0,60,Mumbai,Wankhede Stadium,False,True,42,6,7.0,51,7.285714285714286,20,179,128,13.0,9.846153846153847,1,9
7.1,7,1,44,Rashid Khan,Shane Watson,0,False,1.0,60,Mumbai,Wankhede Stadium,False,True,43,7,7.166666666666667,51,7.116279069767441,20,179,128,12.833333333333332,9.974025974025976,1,9
7.2,7,2,45,Rashid Khan,Shane Watson,1,False,-0.5,60,Mumbai,Wankhede Stadium,False,True,44,7,7.333333333333333,52,7.090909090909091,20,179,127,12.666666666666668,10.026315789473683,1,9
7.3,7,3,46,Rashid Khan,Suresh Raina,1,False,-0.5,60,Mumbai,Wankhede Stadium,False,True,45,7,7.5,53,7.066666666666666,20,179,126,12.5,10.08,1,9
7.4,7,4,47,Rashid Khan,Shane Watson,1,False,-0.25,60,Mumbai,Wankhede Stadium,False,True,46,7,7.666666666666667,54,7.0434782608695645,20,179,125,12.333333333333332,10.135135135135137,1,9
7.5,7,5,48,Rashid Khan,Suresh Raina,1,False,-0.5,60,Mumbai,Wankhede Stadium,False,True,47,7,7.833333333333333,55,7.021276595744681,20,179,124,12.166666666666668,10.191780821917808,1,9
7.6,7,6,49,Rashid Khan,Shane Watson,1,False,-0.5,60,Mumbai,Wankhede Stadium,False,True,48,7,8.0,56,7.0,20,179,123,12.0,10.25,1,9
8.1,8,1,50,Siddarth Kaul,Shane Watson,1,False,-0.5,60,Mumbai,Wankhede Stadium,False,True,49,8,8.166666666666666,57,6.979591836734694,20,179,122,11.833333333333334,10.309859154929576,1,9
8.2,8,2,51,Siddarth Kaul,Suresh Raina,1,False,-0.5,60,Mumbai,Wankhede Stadium,False,True,50,8,8.333333333333334,58,6.959999999999999,20,179,121,11.666666666666666,10.371428571428572,1,9
8.3,8,3,52,Siddarth Kaul,Shane Watson,6,False,-3.0,60,Mumbai,Wankhede Stadium,False,True,51,8,8.5,64,7.529411764705882,20,179,115,11.5,10.0,1,9
8.4,8,4,53,Siddarth Kaul,Shane Watson,2,False,-1.0,60,Mumbai,Wankhede Stadium,False,True,52,8,8.666666666666666,66,7.615384615384616,20,179,113,11.333333333333334,9.970588235294118,1,9
8.5,8,5,54,Siddarth Kaul,Shane Watson,4,False,-2.0,60,Mumbai,Wankhede Stadium,False,True,53,8,8.833333333333334,70,7.924528301886792,20,179,109,11.166666666666666,9.761194029850747,1,9
8.6,8,6,55,Siddarth Kaul,Shane Watson,2,False,-1.0,60,Mumbai,Wankhede Stadium,False,True,54,8,9.0,72,8.0,20,179,107,11.0,9.727272727272727,1,9
9.1,9,1,56,Rashid Khan,Suresh Raina,1,False,-0.5,60,Mumbai,Wankhede Stadium,False,True,55,9,9.166666666666666,73,7.963636363636364,20,179,106,10.833333333333334,9.784615384615384,1,9
9.2,9,2,57,Rashid Khan,Shane Watson,1,False,-0.5,60,Mumbai,Wankhede Stadium,False,True,56,9,9.333333333333334,74,7.928571428571428,20,179,105,10.666666666666666,9.84375,1,9
9.3,9,3,58,Rashid Khan,Suresh Raina,0,False,1.0,60,Mumbai,Wankhede Stadium,False,True,57,9,9.5,74,7.7894736842105265,20,179,105,10.5,10.0,1,9
9.4,9,4,59,Rashid Khan,Suresh Raina,1,False,-0.5,60,Mumbai,Wankhede Stadium,False,True,58,9,9.666666666666666,75,7.758620689655173,20,179,104,10.333333333333334,10.064516129032258,1,9
9.5,9,5,60,Rashid Khan,Shane Watson,1,False,-0.5,60,Mumbai,Wankhede Stadium,False,True,59,9,9.833333333333334,76,7.728813559322034,20,179,103,10.166666666666666,10.131147540983607,1,9
9.6,9,6,61,Rashid Khan,Suresh Raina,4,False,-2.0,60,Mumbai,Wankhede Stadium,False,True,60,9,10.0,80,8.0,20,179,99,10.0,9.9,1,9
10.1,10,1,62,Shakib Al Hasan,Shane Watson,6,False,-3.0,60,Mumbai,Wankhede Stadium,False,True,61,10,10.166666666666666,86,8.459016393442623,20,179,93,9.833333333333334,9.457627118644067,1,9
10.2,10,2,63,Shakib Al Hasan,Shane Watson,1,False,-0.5,60,Mumbai,Wankhede Stadium,False,True,62,10,10.333333333333334,87,8.419354838709676,20,179,92,9.666666666666666,9.517241379310345,1,9
10.3,10,3,64,Shakib Al Hasan,Suresh Raina,0,False,1.0,60,Mumbai,Wankhede Stadium,False,True,63,10,10.5,87,8.285714285714286,20,179,92,9.5,9.68421052631579,1,9
10.4,10,4,65,Shakib Al Hasan,Suresh Raina,1,False,-0.5,60,Mumbai,Wankhede Stadium,False,True,64,10,10.666666666666666,88,8.25,20,179,91,9.333333333333334,9.75,1,9
10.5,10,5,66,Shakib Al Hasan,Shane Watson,1,False,-0.5,60,Mumbai,Wankhede Stadium,False,True,65,10,10.833333333333334,89,8.215384615384615,20,179,90,9.166666666666666,9.818181818181818,1,9
10.6,10,6,67,Shakib Al Hasan,Suresh Raina,6,False,-3.0,60,Mumbai,Wankhede Stadium,False,True,66,10,11.0,95,8.636363636363637,20,179,84,9.0,9.333333333333334,1,9
11.1,11,1,68,Carlos Brathwaite,Shane Watson,1,False,-0.5,60,Mumbai,Wankhede Stadium,False,True,67,11,11.166666666666666,96,8.597014925373134,20,179,83,8.833333333333334,9.39622641509434,1,9
11.2,11,2,69,Carlos Brathwaite,Suresh Raina,1,False,-0.5,60,Mumbai,Wankhede Stadium,False,True,68,11,11.333333333333334,97,8.558823529411764,20,179,82,8.666666666666666,9.461538461538462,1,9
11.3,11,3,70,Carlos Brathwaite,Shane Watson,1,False,-0.5,60,Mumbai,Wankhede Stadium,False,True,69,11,11.5,98,8.521739130434783,20,179,81,8.5,9.529411764705882,1,9
11.4,11,4,71,Carlos Brathwaite,Suresh Raina,1,False,-0.5,60,Mumbai,Wankhede Stadium,False,True,70,11,11.666666666666666,99,8.485714285714286,20,179,80,8.333333333333334,9.6,1,9
11.5,11,5,72,Carlos Brathwaite,Shane Watson,4,False,-2.0,60,Mumbai,Wankhede Stadium,False,True,71,11,11.833333333333334,103,8.704225352112676,20,179,76,8.166666666666666,9.306122448979593,1,9
11.6,11,6,73,Carlos Brathwaite,Shane Watson,1,False,-0.5,60,Mumbai,Wankhede Stadium,False,True,72,11,12.0,104,8.666666666666666,20,179,75,8.0,9.375,1,9
12.1,12,1,74,Sandeep Sharma,Shane Watson,0,False,1.0,60,Mumbai,Wankhede Stadium,False,True,73,12,12.166666666666666,104,8.547945205479452,20,179,75,7.833333333333334,9.574468085106382,1,9
12.2,12,2,75,Sandeep Sharma,Shane Watson,4,False,-2.0,60,Mumbai,Wankhede Stadium,False,True,74,12,12.333333333333334,108,8.756756756756756,20,179,71,7.666666666666666,9.260869565217392,1,9
12.3,12,3,76,Sandeep Sharma,Shane Watson,6,False,-3.0,60,Mumbai,Wankhede Stadium,False,True,75,12,12.5,114,9.12,20,179,65,7.5,8.666666666666666,1,9
12.4,12,4,77,Sandeep Sharma,Shane Watson,6,False,-3.0,60,Mumbai,Wankhede Stadium,False,True,76,12,12.666666666666666,120,9.473684210526317,20,179,59,7.333333333333334,8.045454545454545,1,9
12.5,12,5,78,Sandeep Sharma,Shane Watson,6,False,-3.0,60,Mumbai,Wankhede Stadium,False,True,77,12,12.833333333333334,126,9.818181818181818,20,179,53,7.166666666666666,7.395348837209303,1,9
12.6,12,6,79,Sandeep Sharma,Shane Watson,1,False,-1.0,60,Mumbai,Wankhede Stadium,True,False,77,12,12.833333333333334,127,9.896103896103895,20,179,52,7.166666666666666,7.2558139534883725,1,9
12.6,12,6,80,Sandeep Sharma,Shane Watson,4,False,-2.0,60,Mumbai,Wankhede Stadium,False,True,78,12,13.0,131,10.076923076923077,20,179,48,7.0,6.857142857142857,1,9
13.1,13,1,81,Carlos Brathwaite,Suresh Raina,1,False,-0.5,60,Mumbai,Wankhede Stadium,False,True,79,13,13.166666666666666,132,10.025316455696203,20,179,47,6.833333333333334,6.878048780487804,1,9
13.2,13,2,82,Carlos Brathwaite,Shane Watson,1,False,-0.5,60,Mumbai,Wankhede Stadium,False,True,80,13,13.333333333333334,133,9.975,20,179,46,6.666666666666666,6.9,1,9
13.3,13,3,83,Carlos Brathwaite,Suresh Raina,0,True,5.0,60,Mumbai,Wankhede Stadium,False,True,81,13,13.5,133,9.851851851851851,20,179,46,6.5,7.076923076923077,2,8
13.4,13,4,84,Carlos Brathwaite,Ambati Rayudu,1,False,-0.5,60,Mumbai,Wankhede Stadium,False,True,82,13,13.666666666666666,134,9.804878048780488,20,179,45,6.333333333333334,7.105263157894736,2,8
13.5,13,5,85,Carlos Brathwaite,Shane Watson,4,False,-2.0,60,Mumbai,Wankhede Stadium,False,True,83,13,13.833333333333334,138,9.975903614457831,20,179,41,6.166666666666666,6.648648648648649,2,8
13.6,13,6,86,Carlos Brathwaite,Shane Watson,6,False,-3.0,60,Mumbai,Wankhede Stadium,False,True,84,13,14.0,144,10.285714285714286,20,179,35,6.0,5.833333333333333,2,8
13.6,13,6,87,Carlos Brathwaite,Shane Watson,1,False,-1.0,60,Mumbai,Wankhede Stadium,True,False,84,13,14.0,145,10.357142857142858,20,179,34,6.0,5.666666666666667,2,8
14.1,14,1,88,Rashid Khan,Ambati Rayudu,0,False,1.0,60,Mumbai,Wankhede Stadium,False,True,85,14,14.166666666666666,145,10.23529411764706,20,179,34,5.833333333333334,5.828571428571428,2,8
14.2,14,2,89,Rashid Khan,Ambati Rayudu,0,False,1.0,60,Mumbai,Wankhede Stadium,False,True,86,14,14.333333333333334,145,10.116279069767442,20,179,34,5.666666666666666,6.000000000000001,2,8
14.3,14,3,90,Rashid Khan,Ambati Rayudu,0,False,1.0,60,Mumbai,Wankhede Stadium,False,True,87,14,14.5,145,10.0,20,179,34,5.5,6.181818181818182,2,8
14.4,14,4,91,Rashid Khan,Ambati Rayudu,0,False,1.0,60,Mumbai,Wankhede Stadium,False,True,88,14,14.666666666666666,145,9.886363636363637,20,179,34,5.333333333333334,6.374999999999999,2,8
14.5,14,5,92,Rashid Khan,Ambati Rayudu,0,False,1.0,60,Mumbai,Wankhede Stadium,False,True,89,14,14.833333333333334,145,9.775280898876405,20,179,34,5.166666666666666,6.580645161290323,2,8
14.6,14,6,93,Rashid Khan,Ambati Rayudu,1,False,-0.25,60,Mumbai,Wankhede Stadium,False,True,90,14,15.0,146,9.733333333333333,20,179,33,5.0,6.6,2,8
15.1,15,1,94,Bhuvneshwar Kumar,Ambati Rayudu,0,False,1.0,60,Mumbai,Wankhede Stadium,False,True,91,15,15.166666666666666,146,9.626373626373626,20,179,33,4.833333333333334,6.827586206896551,2,8
15.2,15,2,95,Bhuvneshwar Kumar,Ambati Rayudu,0,False,1.0,60,Mumbai,Wankhede Stadium,False,True,92,15,15.333333333333334,146,9.521739130434781,20,179,33,4.666666666666666,7.071428571428572,2,8
15.3,15,3,96,Bhuvneshwar Kumar,Ambati Rayudu,6,False,-3.0,60,Mumbai,Wankhede Stadium,False,True,93,15,15.5,152,9.806451612903226,20,179,27,4.5,6.0,2,8
15.4,15,4,97,Bhuvneshwar Kumar,Ambati Rayudu,0,False,1.0,60,Mumbai,Wankhede Stadium,False,True,94,15,15.666666666666666,152,9.702127659574469,20,179,27,4.333333333333334,6.23076923076923,2,8
15.5,15,5,98,Bhuvneshwar Kumar,Ambati Rayudu,1,False,-0.5,60,Mumbai,Wankhede Stadium,False,True,95,15,15.833333333333334,153,9.663157894736841,20,179,26,4.166666666666666,6.240000000000001,2,8
15.6,15,6,99,Bhuvneshwar Kumar,Shane Watson,1,False,-0.5,60,Mumbai,Wankhede Stadium,False,True,96,15,16.0,154,9.625,20,179,25,4.0,6.25,2,8
16.1,16,1,100,Rashid Khan,Shane Watson,1,False,-0.5,60,Mumbai,Wankhede Stadium,False,True,97,16,16.166666666666668,155,9.587628865979381,20,179,24,3.833333333333332,6.260869565217393,2,8
16.2,16,2,101,Rashid Khan,Ambati Rayudu,1,False,-0.5,60,Mumbai,Wankhede Stadium,False,True,98,16,16.333333333333332,156,9.551020408163266,20,179,23,3.666666666666668,6.272727272727271,2,8
16.3,16,3,102,Rashid Khan,Shane Watson,1,False,-0.5,60,Mumbai,Wankhede Stadium,False,True,99,16,16.5,157,9.515151515151516,20,179,22,3.5,6.285714285714286,2,8
16.4,16,4,103,Rashid Khan,Ambati Rayudu,1,False,-0.5,60,Mumbai,Wankhede Stadium,False,True,100,16,16.666666666666668,158,9.479999999999999,20,179,21,3.333333333333332,6.3000000000000025,2,8
16.5,16,5,104,Rashid Khan,Shane Watson,4,False,-2.0,60,Mumbai,Wankhede Stadium,False,True,101,16,16.833333333333332,162,9.623762376237625,20,179,17,3.166666666666668,5.368421052631577,2,8
16.6,16,6,105,Rashid Khan,Shane Watson,4,False,-2.0,60,Mumbai,Wankhede Stadium,False,True,102,16,17.0,166,9.764705882352942,20,179,13,3.0,4.333333333333333,2,8
17.1,17,1,106,Siddarth Kaul,Ambati Rayudu,1,False,-0.5,60,Mumbai,Wankhede Stadium,False,True,103,17,17.166666666666668,167,9.728155339805825,20,179,12,2.833333333333332,4.235294117647061,2,8
17.2,17,2,107,Siddarth Kaul,Shane Watson,1,False,-0.5,60,Mumbai,Wankhede Stadium,False,True,104,17,17.333333333333332,168,9.692307692307693,20,179,11,2.666666666666668,4.124999999999998,2,8
17.3,17,3,108,Siddarth Kaul,Ambati Rayudu,1,False,-0.5,60,Mumbai,Wankhede Stadium,False,True,105,17,17.5,169,9.657142857142857,20,179,10,2.5,4.0,2,8
17.4,17,4,109,Siddarth Kaul,Shane Watson,4,False,-2.0,60,Mumbai,Wankhede Stadium,False,True,106,17,17.666666666666668,173,9.792452830188678,20,179,6,2.333333333333332,2.571428571428573,2,8
17.5,17,5,110,Siddarth Kaul,Shane Watson,4,False,-2.0,60,Mumbai,Wankhede Stadium,False,True,107,17,17.833333333333332,177,9.925233644859814,20,179,2,2.166666666666668,0.9230769230769226,2,8
17.6,17,6,111,Siddarth Kaul,Shane Watson,0,False,1.0,60,Mumbai,Wankhede Stadium,False,True,108,17,18.0,177,9.833333333333334,20,179,2,2.0,1.0,2,8
18.1,18,1,112,Carlos Brathwaite,Ambati Rayudu,0,False,1.0,60,Mumbai,Wankhede Stadium,False,True,109,18,18.166666666666668,177,9.743119266055045,20,179,2,1.8333333333333321,1.0909090909090917,2,8
18.2,18,2,113,Carlos Brathwaite,Ambati Rayudu,0,False,1.0,60,Mumbai,Wankhede Stadium,False,True,110,18,18.333333333333332,177,9.654545454545454,20,179,2,1.6666666666666679,1.199999999999999,2,8
18.3,18,3,114,Carlos Brathwaite,Ambati Rayudu,4,False,-2.0,60,Mumbai,Wankhede Stadium,False,True,111,18,18.5,181,9.783783783783784,20,179,0,1.5,0.0,2,8
