Ball Number,over,ball,Ball,bowler,batsman,Runs,is_wicket,bowler_score,match_id,city,stadium,is_extra,legal_delivery,legal_deliveries_count,overs_completed,overs_bowled,total_runs,current_run_rate,total_overs,target,runs_needed,overs_remaining,required_run_rate,wickets_fallen,wickets_in_hand
0.1,0,1,1,Pradeep Sangwan,Wriddhiman Saha,1,False,-0.5,7,Uppal,Rajiv Gandhi International Stadium,False,True,1,0,0.16666666666666666,1,6.0,20,148,147,19.833333333333332,7.411764705882353,0,10
0.2,0,2,2,Pradeep Sangwan,S Dhawan,4,False,-2.0,7,Uppal,Rajiv Gandhi International Stadium,False,True,2,0,0.3333333333333333,5,15.0,20,148,143,19.666666666666668,7.271186440677965,0,10
0.3,0,3,3,Pradeep Sangwan,S Dhawan,1,False,-0.5,7,Uppal,Rajiv Gandhi International Stadium,False,True,3,0,0.5,6,12.0,20,148,142,19.5,7.282051282051282,0,10
0.4,0,4,4,Pradeep Sangwan,Wriddhiman Saha,0,False,1.0,7,Uppal,Rajiv Gandhi International Stadium,False,True,4,0,0.6666666666666666,6,9.0,20,148,142,19.333333333333332,7.344827586206897,0,10
0.5,0,5,5,Pradeep Sangwan,Wriddhiman Saha,0,False,1.0,7,Uppal,Rajiv Gandhi International Stadium,False,True,5,0,0.8333333333333334,6,7.199999999999999,20,148,142,19.166666666666668,7.408695652173913,0,10
0.6,0,6,6,Pradeep Sangwan,Wriddhiman Saha,1,False,-0.5,7,Uppal,Rajiv Gandhi International Stadium,False,True,6,0,1.0,7,7.0,20,148,141,19.0,7.421052631578948,0,10
1.1,1,1,7,Jasprit Bumrah,Wriddhiman Saha,0,False,1.0,7,Uppal,Rajiv Gandhi International Stadium,False,True,7,1,1.1666666666666667,7,6.0,20,148,141,18.833333333333332,7.486725663716815,0,10
1.2,1,2,8,Jasprit Bumrah,Wriddhiman Saha,1,False,-0.5,7,Uppal,Rajiv Gandhi International Stadium,False,True,8,1,1.3333333333333333,8,6.0,20,148,140,18.666666666666668,7.499999999999999,0,10
1.3,1,3,9,Jasprit Bumrah,S Dhawan,1,False,-0.5,7,Uppal,Rajiv Gandhi International Stadium,False,True,9,1,1.5,9,6.0,20,148,139,18.5,7.513513513513513,0,10
1.4,1,4,10,Jasprit Bumrah,Wriddhiman Saha,1,False,-0.5,7,Uppal,Rajiv Gandhi International Stadium,False,True,10,1,1.6666666666666665,10,6.000000000000001,20,148,138,18.333333333333332,7.527272727272727,0,10
1.5,1,5,11,Jasprit Bumrah,S Dhawan,4,False,-2.0,7,Uppal,Rajiv Gandhi International Stadium,False,True,11,1,1.8333333333333335,14,7.636363636363636,20,148,134,18.166666666666668,7.376146788990825,0,10
1.6,1,6,12,Jasprit Bumrah,S Dhawan,1,False,-0.5,7,Uppal,Rajiv Gandhi International Stadium,False,True,12,1,2.0,15,7.5,20,148,133,18.0,7.388888888888889,0,10
2.1,2,1,13,Pradeep Sangwan,S Dhawan,4,False,-2.0,7,Uppal,Rajiv Gandhi International Stadium,False,True,13,2,2.1666666666666665,19,8.76923076923077,20,148,129,17.833333333333332,7.233644859813085,0,10
2.2,2,2,14,Pradeep Sangwan,S Dhawan,1,False,-0.25,7,Uppal,Rajiv Gandhi International Stadium,False,True,14,2,2.3333333333333335,20,8.571428571428571,20,148,128,17.666666666666668,7.245283018867924,0,10
2.3,2,3,15,Pradeep Sangwan,Wriddhiman Saha,4,False,-2.0,7,Uppal,Rajiv Gandhi International Stadium,False,True,15,2,2.5,24,9.6,20,148,124,17.5,7.085714285714285,0,10
2.4,2,4,16,Pradeep Sangwan,Wriddhiman Saha,0,False,1.0,7,Uppal,Rajiv Gandhi International Stadium,False,True,16,2,2.6666666666666665,24,9.0,20,148,124,17.333333333333332,7.153846153846154,0,10
2.5,2,5,17,Pradeep Sangwan,Wriddhiman Saha,4,False,-2.0,7,Uppal,Rajiv Gandhi International Stadium,False,True,17,2,2.8333333333333335,28,9.88235294117647,20,148,120,17.166666666666668,6.990291262135922,0,10
2.6,2,6,18,Pradeep Sangwan,Wriddhiman Saha,0,False,1.0,7,Uppal,Rajiv Gandhi International Stadium,False,True,18,2,3.0,28,9.333333333333334,20,148,120,17.0,7.0588235294117645,0,10
3.1,3,1,19,Ben Cutting,S Dhawan,1,False,-0.5,7,Uppal,Rajiv Gandhi International Stadium,False,True,19,3,3.1666666666666665,29,9.157894736842106,20,148,119,16.833333333333332,7.069306930693069,0,10
3.2,3,2,20,Ben Cutting,Wriddhiman Saha,1,False,-0.5,7,Uppal,Rajiv Gandhi International Stadium,False,True,20,3,3.3333333333333335,30,9.0,20,148,118,16.666666666666668,7.079999999999999,0,10
3.3,3,3,21,Ben Cutting,S Dhawan,1,False,-0.5,7,Uppal,Rajiv Gandhi International Stadium,False,True,21,3,3.5,31,8.857142857142858,20,148,117,16.5,7.090909090909091,0,10
3.4,3,4,22,Ben Cutting,Wriddhiman Saha,4,False,-2.0,7,Uppal,Rajiv Gandhi International Stadium,False,True,22,3,3.6666666666666665,35,9.545454545454545,20,148,113,16.333333333333332,6.918367346938776,0,10
3.5,3,5,23,Ben Cutting,Wriddhiman Saha,1,False,-0.5,7,Uppal,Rajiv Gandhi International Stadium,False,True,23,3,3.8333333333333335,36,9.391304347826086,20,148,112,16.166666666666668,6.927835051546391,0,10
3.6,3,6,24,Ben Cutting,S Dhawan,2,False,-1.0,7,Uppal,Rajiv Gandhi International Stadium,False,True,24,3,4.0,38,9.5,20,148,110,16.0,6.875,0,10
4.1,4,1,25,Krunal Pandya,Wriddhiman Saha,1,False,-0.5,7,Uppal,Rajiv Gandhi International Stadium,False,True,25,4,4.166666666666667,39,9.36,20,148,109,15.833333333333332,6.88421052631579,0,10
4.2,4,2,26,Krunal Pandya,S Dhawan,0,False,1.0,7,Uppal,Rajiv Gandhi International Stadium,False,True,26,4,4.333333333333333,39,9.0,20,148,109,15.666666666666668,6.957446808510638,0,10
4.3,4,3,27,Krunal Pandya,S Dhawan,1,False,-0.5,7,Uppal,Rajiv Gandhi International Stadium,False,True,27,4,4.5,40,8.88888888888889,20,148,108,15.5,6.967741935483871,0,10
4.4,4,4,28,Krunal Pandya,Wriddhiman Saha,0,False,1.0,7,Uppal,Rajiv Gandhi International Stadium,False,True,28,4,4.666666666666667,40,8.571428571428571,20,148,108,15.333333333333332,7.043478260869565,0,10
4.5,4,5,29,Krunal Pandya,Wriddhiman Saha,1,False,-0.5,7,Uppal,Rajiv Gandhi International Stadium,False,True,29,4,4.833333333333333,41,8.482758620689655,20,148,107,15.166666666666668,7.054945054945055,0,10
4.6,4,6,30,Krunal Pandya,S Dhawan,1,False,-0.5,7,Uppal,Rajiv Gandhi International Stadium,False,True,30,4,5.0,42,8.4,20,148,106,15.0,7.066666666666666,0,10
5.1,5,1,31,Jasprit Bumrah,S Dhawan,4,False,-2.0,7,Uppal,Rajiv Gandhi International Stadium,False,True,31,5,5.166666666666667,46,8.903225806451612,20,148,102,14.833333333333332,6.876404494382023,0,10
5.2,5,2,32,Jasprit Bumrah,S Dhawan,1,False,-0.5,7,Uppal,Rajiv Gandhi International Stadium,False,True,32,5,5.333333333333333,47,8.8125,20,148,101,14.666666666666668,6.886363636363636,0,10
5.3,5,3,33,Jasprit Bumrah,Wriddhiman Saha,1,False,-0.5,7,Uppal,Rajiv Gandhi International Stadium,False,True,33,5,5.5,48,8.727272727272727,20,148,100,14.5,6.896551724137931,0,10
5.4,5,4,34,Jasprit Bumrah,S Dhawan,0,False,1.0,7,Uppal,Rajiv Gandhi International Stadium,False,True,34,5,5.666666666666667,48,8.470588235294118,20,148,100,14.333333333333332,6.9767441860465125,0,10
5.5,5,5,35,Jasprit Bumrah,S Dhawan,4,False,-2.0,7,Uppal,Rajiv Gandhi International Stadium,False,True,35,5,5.833333333333333,52,8.914285714285715,20,148,96,14.166666666666668,6.776470588235293,0,10
5.6,5,6,36,Jasprit Bumrah,S Dhawan,4,False,-2.0,7,Uppal,Rajiv Gandhi International Stadium,False,True,36,5,6.0,56,9.333333333333334,20,148,92,14.0,6.571428571428571,0,10
6.1,6,1,37,Mayank Markande,Wriddhiman Saha,1,False,-0.5,7,Uppal,Rajiv Gandhi International Stadium,False,True,37,6,6.166666666666667,57,9.243243243243242,20,148,91,13.833333333333332,6.578313253012049,0,10
6.2,6,2,38,Mayank Markande,S Dhawan,4,False,-2.0,7,Uppal,Rajiv Gandhi International Stadium,False,True,38,6,6.333333333333333,61,9.631578947368421,20,148,87,13.666666666666668,6.365853658536585,0,10
6.3,6,3,39,Mayank Markande,S Dhawan,0,False,1.0,7,Uppal,Rajiv Gandhi International Stadium,False,True,39,6,6.5,61,9.384615384615385,20,148,87,13.5,6.444444444444445,0,10
6.4,6,4,40,Mayank Markande,S Dhawan,1,False,-0.5,7,Uppal,Rajiv Gandhi International Stadium,False,True,40,6,6.666666666666667,62,9.299999999999999,20,148,86,13.333333333333332,6.45,0,10
6.5,6,5,41,Mayank Markande,Wriddhiman Saha,0,True,5.0,7,Uppal,Rajiv Gandhi International Stadium,False,True,41,6,6.833333333333333,62,9.073170731707318,20,148,86,13.166666666666668,6.5316455696202524,1,9
6.6,6,6,42,Mayank Markande,Kane Williamson,1,False,-0.5,7,Uppal,Rajiv Gandhi International Stadium,False,True,42,6,7.0,63,9.0,20,148,85,13.0,6.538461538461538,1,9
7.1,7,1,43,Mustafizur Rahman,Kane Williamson,1,False,-0.5,7,Uppal,Rajiv Gandhi International Stadium,False,True,43,7,7.166666666666667,64,8.930232558139535,20,148,84,12.833333333333332,6.545454545454546,1,9
7.2,7,2,44,Mustafizur Rahman,S Dhawan,4,False,-2.0,7,Uppal,Rajiv Gandhi International Stadium,False,True,44,7,7.333333333333333,68,9.272727272727273,20,148,80,12.666666666666668,6.31578947368421,1,9
7.3,7,3,45,Mustafizur Rahman,S Dhawan,0,False,1.0,7,Uppal,Rajiv Gandhi International Stadium,False,True,45,7,7.5,68,9.066666666666666,20,148,80,12.5,6.4,1,9
7.4,7,4,46,Mustafizur Rahman,S Dhawan,1,False,-0.5,7,Uppal,Rajiv Gandhi International Stadium,False,True,46,7,7.666666666666667,69,9.0,20,148,79,12.333333333333332,6.405405405405406,1,9
7.5,7,5,47,Mustafizur Rahman,Kane Williamson,4,False,-2.0,7,Uppal,Rajiv Gandhi International Stadium,False,True,47,7,7.833333333333333,73,9.319148936170214,20,148,75,12.166666666666668,6.164383561643835,1,9
7.6,7,6,48,Mustafizur Rahman,Kane Williamson,0,True,5.0,7,Uppal,Rajiv Gandhi International Stadium,False,True,48,7,8.0,73,9.125,20,148,75,12.0,6.25,2,8
8.1,8,1,49,Mayank Markande,S Dhawan,2,False,-0.25,7,Uppal,Rajiv Gandhi International Stadium,False,True,49,8,8.166666666666666,75,9.183673469387756,20,148,73,11.833333333333334,6.169014084507042,2,8
8.2,8,2,50,Mayank Markande,S Dhawan,0,False,1.0,7,Uppal,Rajiv Gandhi International Stadium,False,True,50,8,8.333333333333334,75,9.0,20,148,73,11.666666666666666,6.257142857142857,2,8
8.3,8,3,51,Mayank Markande,S Dhawan,1,False,-0.5,7,Uppal,Rajiv Gandhi International Stadium,False,True,51,8,8.5,76,8.941176470588236,20,148,72,11.5,6.260869565217392,2,8
8.4,8,4,52,Mayank Markande,Manish Pandey,1,False,-0.5,7,Uppal,Rajiv Gandhi International Stadium,False,True,52,8,8.666666666666666,77,8.884615384615385,20,148,71,11.333333333333334,6.264705882352941,2,8
8.5,8,5,53,Mayank Markande,S Dhawan,0,True,5.0,7,Uppal,Rajiv Gandhi International Stadium,False,True,53,8,8.833333333333334,77,8.716981132075471,20,148,71,11.166666666666666,6.358208955223881,3,7
8.6,8,6,54,Mayank Markande,Manish Pandey,4,False,-2.0,7,Uppal,Rajiv Gandhi International Stadium,False,True,54,8,9.0,81,9.0,20,148,67,11.0,6.090909090909091,3,7
9.1,9,1,55,Krunal Pandya,Shakib Al Hasan,1,False,-0.5,7,Uppal,Rajiv Gandhi International Stadium,False,True,55,9,9.166666666666666,82,8.945454545454545,20,148,66,10.833333333333334,6.092307692307692,3,7
9.2,9,2,56,Krunal Pandya,Manish Pandey,2,False,-1.0,7,Uppal,Rajiv Gandhi International Stadium,False,True,56,9,9.333333333333334,84,9.0,20,148,64,10.666666666666666,6.0,3,7
9.3,9,3,57,Krunal Pandya,Manish Pandey,1,False,-0.5,7,Uppal,Rajiv Gandhi International Stadium,False,True,57,9,9.5,85,8.947368421052632,20,148,63,10.5,6.0,3,7
9.4,9,4,58,Krunal Pandya,Shakib Al Hasan,1,False,-0.5,7,Uppal,Rajiv Gandhi International Stadium,False,True,58,9,9.666666666666666,86,8.896551724137932,20,148,62,10.333333333333334,6.0,3,7
9.5,9,5,59,Krunal Pandya,Manish Pandey,0,False,1.0,7,Uppal,Rajiv Gandhi International Stadium,False,True,59,9,9.833333333333334,86,8.745762711864407,20,148,62,10.166666666666666,6.0983606557377055,3,7
9.6,9,6,60,Krunal Pandya,Manish Pandey,1,False,-0.5,7,Uppal,Rajiv Gandhi International Stadium,False,True,60,9,10.0,87,8.7,20,148,61,10.0,6.1,3,7
10.1,10,1,61,Mayank Markande,Manish Pandey,2,False,-1.0,7,Uppal,Rajiv Gandhi International Stadium,False,True,61,10,10.166666666666666,89,8.754098360655739,20,148,59,9.833333333333334,6.0,3,7
10.2,10,2,62,Mayank Markande,Manish Pandey,0,True,5.0,7,Uppal,Rajiv Gandhi International Stadium,False,True,62,10,10.333333333333334,89,8.612903225806452,20,148,59,9.666666666666666,6.103448275862069,4,6
10.3,10,3,63,Mayank Markande,Shakib Al Hasan,0,False,1.0,7,Uppal,Rajiv Gandhi International Stadium,False,True,63,10,10.5,89,8.476190476190476,20,148,59,9.5,6.2105263157894735,4,6
10.4,10,4,64,Mayank Markande,Shakib Al Hasan,0,False,1.0,7,Uppal,Rajiv Gandhi International Stadium,False,True,64,10,10.666666666666666,89,8.34375,20,148,59,9.333333333333334,6.321428571428571,4,6
10.5,10,5,65,Mayank Markande,Shakib Al Hasan,1,False,-0.5,7,Uppal,Rajiv Gandhi International Stadium,False,True,65,10,10.833333333333334,90,8.307692307692307,20,148,58,9.166666666666666,6.327272727272728,4,6
10.6,10,6,66,Mayank Markande,Deepak Hooda,4,False,-2.0,7,Uppal,Rajiv Gandhi International Stadium,False,True,66,10,11.0,94,8.545454545454545,20,148,54,9.0,6.0,4,6
11.1,11,1,67,Mustafizur Rahman,Shakib Al Hasan,1,False,-0.5,7,Uppal,Rajiv Gandhi International Stadium,False,True,67,11,11.166666666666666,95,8.507462686567164,20,148,53,8.833333333333334,6.0,4,6
11.2,11,2,68,Mustafizur Rahman,Deepak Hooda,1,False,-0.5,7,Uppal,Rajiv Gandhi International Stadium,False,True,68,11,11.333333333333334,96,8.470588235294118,20,148,52,8.666666666666666,6.0,4,6
11.3,11,3,69,Mustafizur Rahman,Shakib Al Hasan,4,False,-2.0,7,Uppal,Rajiv Gandhi International Stadium,False,True,69,11,11.5,100,8.695652173913043,20,148,48,8.5,5.647058823529412,4,6
11.4,11,4,70,Mustafizur Rahman,Shakib Al Hasan,2,False,-1.0,7,Uppal,Rajiv Gandhi International Stadium,False,True,70,11,11.666666666666666,102,8.742857142857144,20,148,46,8.333333333333334,5.52,4,6
11.5,11,5,71,Mustafizur Rahman,Shakib Al Hasan,1,False,-0.5,7,Uppal,Rajiv Gandhi International Stadium,False,True,71,11,11.833333333333334,103,8.704225352112676,20,148,45,8.166666666666666,5.510204081632653,4,6
11.6,11,6,72,Mustafizur Rahman,Deepak Hooda,1,False,-0.5,7,Uppal,Rajiv Gandhi International Stadium,False,True,72,11,12.0,104,8.666666666666666,20,148,44,8.0,5.5,4,6
12.1,12,1,73,Mayank Markande,Deepak Hooda,0,False,1.0,7,Uppal,Rajiv Gandhi International Stadium,False,True,73,12,12.166666666666666,104,8.547945205479452,20,148,44,7.833333333333334,5.617021276595744,4,6
12.2,12,2,74,Mayank Markande,Deepak Hooda,1,False,-0.5,7,Uppal,Rajiv Gandhi International Stadium,False,True,74,12,12.333333333333334,105,8.513513513513512,20,148,43,7.666666666666666,5.608695652173913,4,6
12.3,12,3,75,Mayank Markande,Shakib Al Hasan,0,False,1.0,7,Uppal,Rajiv Gandhi International Stadium,False,True,75,12,12.5,105,8.4,20,148,43,7.5,5.733333333333333,4,6
12.4,12,4,76,Mayank Markande,Shakib Al Hasan,1,False,-0.5,7,Uppal,Rajiv Gandhi International Stadium,False,True,76,12,12.666666666666666,106,8.368421052631579,20,148,42,7.333333333333334,5.727272727272727,4,6
12.5,12,5,77,Mayank Markande,Deepak Hooda,1,False,-0.5,7,Uppal,Rajiv Gandhi International Stadium,False,True,77,12,12.833333333333334,107,8.337662337662337,20,148,41,7.166666666666666,5.72093023255814,4,6
12.6,12,6,78,Mayank Markande,Shakib Al Hasan,0,True,5.0,7,Uppal,Rajiv Gandhi International Stadium,False,True,78,12,13.0,107,8.23076923076923,20,148,41,7.0,5.857142857142857,5,5
13.1,13,1,79,Ben Cutting,Deepak Hooda,1,False,-0.5,7,Uppal,Rajiv Gandhi International Stadium,False,True,79,13,13.166666666666666,108,8.202531645569621,20,148,40,6.833333333333334,5.853658536585366,5,5
13.2,13,2,80,Ben Cutting,Yusuf Pathan,0,False,1.0,7,Uppal,Rajiv Gandhi International Stadium,False,True,80,13,13.333333333333334,108,8.1,20,148,40,6.666666666666666,6.000000000000001,5,5
13.3,13,3,81,Ben Cutting,Yusuf Pathan,4,False,-2.0,7,Uppal,Rajiv Gandhi International Stadium,False,True,81,13,13.5,112,8.296296296296296,20,148,36,6.5,5.538461538461538,5,5
13.4,13,4,82,Ben Cutting,Yusuf Pathan,0,False,1.0,7,Uppal,Rajiv Gandhi International Stadium,False,True,82,13,13.666666666666666,112,8.195121951219512,20,148,36,6.333333333333334,5.684210526315789,5,5
13.5,13,5,83,Ben Cutting,Yusuf Pathan,1,False,-0.5,7,Uppal,Rajiv Gandhi International Stadium,False,True,83,13,13.833333333333334,113,8.168674698795181,20,148,35,6.166666666666666,5.675675675675676,5,5
13.6,13,6,84,Ben Cutting,Deepak Hooda,1,False,-0.5,7,Uppal,Rajiv Gandhi International Stadium,False,True,84,13,14.0,114,8.142857142857142,20,148,34,6.0,5.666666666666667,5,5
14.1,14,1,85,Jasprit Bumrah,Deepak Hooda,0,False,1.0,7,Uppal,Rajiv Gandhi International Stadium,False,True,85,14,14.166666666666666,114,8.047058823529412,20,148,34,5.833333333333334,5.828571428571428,5,5
14.2,14,2,86,Jasprit Bumrah,Deepak Hooda,1,False,-0.5,7,Uppal,Rajiv Gandhi International Stadium,False,True,86,14,14.333333333333334,115,8.023255813953488,20,148,33,5.666666666666666,5.8235294117647065,5,5
14.3,14,3,87,Jasprit Bumrah,Yusuf Pathan,1,False,-0.5,7,Uppal,Rajiv Gandhi International Stadium,False,True,87,14,14.5,116,8.0,20,148,32,5.5,5.818181818181818,5,5
14.4,14,4,88,Jasprit Bumrah,Deepak Hooda,1,False,-0.5,7,Uppal,Rajiv Gandhi International Stadium,False,True,88,14,14.666666666666666,117,7.9772727272727275,20,148,31,5.333333333333334,5.812499999999999,5,5
14.5,14,5,89,Jasprit Bumrah,Yusuf Pathan,1,False,-0.5,7,Uppal,Rajiv Gandhi International Stadium,False,True,89,14,14.833333333333334,118,7.955056179775281,20,148,30,5.166666666666666,5.806451612903227,5,5
14.6,14,6,90,Jasprit Bumrah,Deepak Hooda,3,False,-1.5,7,Uppal,Rajiv Gandhi International Stadium,False,True,90,14,15.0,121,8.066666666666666,20,148,27,5.0,5.4,5,5
15.1,15,1,91,Mustafizur Rahman,Deepak Hooda,0,False,1.0,7,Uppal,Rajiv Gandhi International Stadium,False,True,91,15,15.166666666666666,121,7.978021978021978,20,148,27,4.833333333333334,5.586206896551723,5,5
15.2,15,2,92,Mustafizur Rahman,Deepak Hooda,1,False,-0.5,7,Uppal,Rajiv Gandhi International Stadium,False,True,92,15,15.333333333333334,122,7.956521739130435,20,148,26,4.666666666666666,5.571428571428572,5,5
15.3,15,3,93,Mustafizur Rahman,Yusuf Pathan,0,False,1.0,7,Uppal,Rajiv Gandhi International Stadium,False,True,93,15,15.5,122,7.870967741935484,20,148,26,4.5,5.777777777777778,5,5
15.4,15,4,94,Mustafizur Rahman,Yusuf Pathan,1,False,-0.5,7,Uppal,Rajiv Gandhi International Stadium,False,True,94,15,15.666666666666666,123,7.851063829787234,20,148,25,4.333333333333334,5.769230769230768,5,5
15.5,15,5,95,Mustafizur Rahman,Deepak Hooda,1,False,-0.5,7,Uppal,Rajiv Gandhi International Stadium,False,True,95,15,15.833333333333334,124,7.8315789473684205,20,148,24,4.166666666666666,5.760000000000001,5,5
15.6,15,6,96,Mustafizur Rahman,Yusuf Pathan,0,False,1.0,7,Uppal,Rajiv Gandhi International Stadium,False,True,96,15,16.0,124,7.75,20,148,24,4.0,6.0,5,5
16.1,16,1,97,Ben Cutting,Deepak Hooda,2,False,-1.0,7,Uppal,Rajiv Gandhi International Stadium,False,True,97,16,16.166666666666668,126,7.793814432989691,20,148,22,3.833333333333332,5.73913043478261,5,5
16.2,16,2,98,Ben Cutting,Deepak Hooda,1,False,-0.5,7,Uppal,Rajiv Gandhi International Stadium,False,True,98,16,16.333333333333332,127,7.775510204081633,20,148,21,3.666666666666668,5.727272727272726,5,5
16.3,16,3,99,Ben Cutting,Yusuf Pathan,1,False,-0.5,7,Uppal,Rajiv Gandhi International Stadium,False,True,99,16,16.5,128,7.757575757575758,20,148,20,3.5,5.714285714285714,5,5
16.4,16,4,100,Ben Cutting,Deepak Hooda,1,False,-0.5,7,Uppal,Rajiv Gandhi International Stadium,False,True,100,16,16.666666666666668,129,7.739999999999999,20,148,19,3.333333333333332,5.700000000000002,5,5
16.5,16,5,101,Ben Cutting,Yusuf Pathan,0,False,1.0,7,Uppal,Rajiv Gandhi International Stadium,False,True,101,16,16.833333333333332,129,7.663366336633664,20,148,19,3.166666666666668,5.999999999999997,5,5
16.6,16,6,102,Ben Cutting,Yusuf Pathan,4,False,-2.0,7,Uppal,Rajiv Gandhi International Stadium,False,True,102,16,17.0,133,7.823529411764706,20,148,15,3.0,5.0,5,5
17.1,17,1,103,Jasprit Bumrah,Deepak Hooda,1,False,-0.5,7,Uppal,Rajiv Gandhi International Stadium,False,True,103,17,17.166666666666668,134,7.805825242718446,20,148,14,2.833333333333332,4.941176470588237,5,5
17.2,17,2,104,Jasprit Bumrah,Yusuf Pathan,1,False,-0.5,7,Uppal,Rajiv Gandhi International Stadium,False,True,104,17,17.333333333333332,135,7.788461538461539,20,148,13,2.666666666666668,4.874999999999998,5,5
17.3,17,3,105,Jasprit Bumrah,Deepak Hooda,1,False,-0.5,7,Uppal,Rajiv Gandhi International Stadium,False,True,105,17,17.5,136,7.771428571428571,20,148,12,2.5,4.8,5,5
17.4,17,4,106,Jasprit Bumrah,Yusuf Pathan,0,True,5.0,7,Uppal,Rajiv Gandhi International Stadium,False,True,106,17,17.666666666666668,136,7.698113207547169,20,148,12,2.333333333333332,5.142857142857146,6,4
17.5,17,5,107,Jasprit Bumrah,Rashid Khan,0,True,5.0,7,Uppal,Rajiv Gandhi International Stadium,False,True,107,17,17.833333333333332,136,7.626168224299066,20,148,12,2.166666666666668,5.538461538461536,7,3
17.6,17,6,108,Jasprit Bumrah,Siddarth Kaul,0,False,1.0,7,Uppal,Rajiv Gandhi International Stadium,False,True,108,17,18.0,136,7.555555555555555,20,148,12,2.0,6.0,7,3
18.1,18,1,109,Mustafizur Rahman,Deepak Hooda,1,False,-0.5,7,Uppal,Rajiv Gandhi International Stadium,False,True,109,18,18.166666666666668,137,7.541284403669724,20,148,11,1.8333333333333321,6.0000000000000036,7,3
18.2,18,2,110,Mustafizur Rahman,Siddarth Kaul,0,False,1.0,7,Uppal,Rajiv Gandhi International Stadium,False,True,110,18,18.333333333333332,137,7.4727272727272736,20,148,11,1.6666666666666679,6.599999999999995,7,3
18.3,18,3,111,Mustafizur Rahman,Siddarth Kaul,0,False,1.0,7,Uppal,Rajiv Gandhi International Stadium,False,True,111,18,18.5,137,7.405405405405405,20,148,11,1.5,7.333333333333333,7,3
18.4,18,4,112,Mustafizur Rahman,Siddarth Kaul,0,True,5.0,7,Uppal,Rajiv Gandhi International Stadium,False,True,112,18,18.666666666666668,137,7.3392857142857135,20,148,11,1.3333333333333321,8.250000000000007,8,2
18.5,18,5,113,Mustafizur Rahman,Sandeep Sharma,0,False,1.0,7,Uppal,Rajiv Gandhi International Stadium,False,True,113,18,18.833333333333332,137,7.274336283185841,20,148,11,1.1666666666666679,9.428571428571418,8,2
18.6,18,6,114,Mustafizur Rahman,Sandeep Sharma,0,True,5.0,7,Uppal,Rajiv Gandhi International Stadium,False,True,114,18,19.0,137,7.2105263157894735,20,148,11,1.0,11.0,9,1
19.1,19,1,115,Ben Cutting,Deepak Hooda,6,False,-3.0,7,Uppal,Rajiv Gandhi International Stadium,False,True,115,19,19.166666666666668,143,7.460869565217391,20,148,5,0.8333333333333321,6.000000000000009,9,1
19.2,19,2,116,Ben Cutting,Deepak Hooda,1,False,-1.0,7,Uppal,Rajiv Gandhi International Stadium,True,False,115,19,19.166666666666668,144,7.513043478260869,20,148,4,0.8333333333333321,4.800000000000007,9,1
19.2,19,2,117,Ben Cutting,Deepak Hooda,0,False,1.0,7,Uppal,Rajiv Gandhi International Stadium,False,True,116,19,19.333333333333332,144,7.448275862068966,20,148,4,0.6666666666666679,5.999999999999989,9,1
19.3,19,3,118,Ben Cutting,Deepak Hooda,1,False,-0.5,7,Uppal,Rajiv Gandhi International Stadium,False,True,117,19,19.5,145,7.435897435897436,20,148,3,0.5,6.0,9,1
19.4,19,4,119,Ben Cutting,Billy Stanlake,1,False,-0.5,7,Uppal,Rajiv Gandhi International Stadium,False,True,118,19,19.666666666666668,146,7.423728813559322,20,148,2,0.33333333333333215,6.000000000000021,9,1
19.5,19,5,120,Ben Cutting,Deepak Hooda,1,False,-0.5,7,Uppal,Rajiv Gandhi International Stadium,False,True,119,19,19.833333333333332,147,7.411764705882353,20,148,1,0.16666666666666785,5.999999999999957,9,1
19.6,19,6,121,Ben Cutting,Billy Stanlake,4,False,-2.0,7,Uppal,Rajiv Gandhi International Stadium,False,True,120,19,20.0,151,7.55,20,148,0,0.0,inf,9,1
