Ball Number,over,ball,Ball,bowler,batsman,Runs,is_wicket,bowler_score,match_id,city,stadium,is_extra,legal_delivery,legal_deliveries_count,overs_completed,overs_bowled,total_runs,current_run_rate,total_overs,target,runs_needed,overs_remaining,required_run_rate,wickets_fallen,wickets_in_hand
0.1,0,1,1,Harbhajan Singh,S Dhawan,0,False,1.0,10,Mumbai,Wankhede Stadium,False,True,1,0,0.16666666666666666,0,0.0,20,159,159,19.833333333333332,8.016806722689076,0,10
0.2,0,2,2,Harbhajan Singh,S Dhawan,0,False,1.0,10,Mumbai,Wankhede Stadium,False,True,2,0,0.3333333333333333,0,0.0,20,159,159,19.666666666666668,8.084745762711863,0,10
0.3,0,3,3,Harbhajan Singh,S Dhawan,0,False,1.0,10,Mumbai,Wankhede Stadium,False,True,3,0,0.5,0,0.0,20,159,159,19.5,8.153846153846153,0,10
0.4,0,4,4,Harbhajan Singh,S Dhawan,0,False,1.0,10,Mumbai,Wankhede Stadium,False,True,4,0,0.6666666666666666,0,0.0,20,159,159,19.333333333333332,8.224137931034484,0,10
0.5,0,5,5,Harbhajan Singh,S Dhawan,1,False,-0.5,10,Mumbai,Wankhede Stadium,False,True,5,0,0.8333333333333334,1,1.2,20,159,158,19.166666666666668,8.243478260869566,0,10
0.6,0,6,6,Harbhajan Singh,David Warner,1,False,-0.5,10,Mumbai,Wankhede Stadium,False,True,6,0,1.0,2,2.0,20,159,157,19.0,8.263157894736842,0,10
1.1,1,1,7,Lasith Malinga,David Warner,1,False,-0.5,10,Mumbai,Wankhede Stadium,False,True,7,1,1.1666666666666667,3,2.571428571428571,20,159,156,18.833333333333332,8.283185840707965,0,10
1.2,1,2,8,Lasith Malinga,S Dhawan,0,False,1.0,10,Mumbai,Wankhede Stadium,False,True,8,1,1.3333333333333333,3,2.25,20,159,156,18.666666666666668,8.357142857142856,0,10
1.3,1,3,9,Lasith Malinga,S Dhawan,0,False,1.0,10,Mumbai,Wankhede Stadium,False,True,9,1,1.5,3,2.0,20,159,156,18.5,8.432432432432432,0,10
1.4,1,4,10,Lasith Malinga,S Dhawan,1,False,-0.5,10,Mumbai,Wankhede Stadium,False,True,10,1,1.6666666666666665,4,2.4000000000000004,20,159,155,18.333333333333332,8.454545454545455,0,10
1.5,1,5,11,Lasith Malinga,David Warner,0,False,1.0,10,Mumbai,Wankhede Stadium,False,True,11,1,1.8333333333333335,4,2.1818181818181817,20,159,155,18.166666666666668,8.53211009174312,0,10
1.6,1,6,12,Lasith Malinga,David Warner,1,False,-0.25,10,Mumbai,Wankhede Stadium,False,True,12,1,2.0,5,2.5,20,159,154,18.0,8.555555555555555,0,10
2.1,2,1,13,Harbhajan Singh,David Warner,4,False,-2.0,10,Mumbai,Wankhede Stadium,False,True,13,2,2.1666666666666665,9,4.153846153846154,20,159,150,17.833333333333332,8.41121495327103,0,10
2.2,2,2,14,Harbhajan Singh,David Warner,4,False,-2.0,10,Mumbai,Wankhede Stadium,False,True,14,2,2.3333333333333335,13,5.571428571428571,20,159,146,17.666666666666668,8.264150943396226,0,10
2.3,2,3,15,Harbhajan Singh,David Warner,0,False,1.0,10,Mumbai,Wankhede Stadium,False,True,15,2,2.5,13,5.2,20,159,146,17.5,8.342857142857143,0,10
2.4,2,4,16,Harbhajan Singh,David Warner,0,False,1.0,10,Mumbai,Wankhede Stadium,False,True,16,2,2.6666666666666665,13,4.875,20,159,146,17.333333333333332,8.423076923076923,0,10
2.5,2,5,17,Harbhajan Singh,David Warner,0,False,1.0,10,Mumbai,Wankhede Stadium,False,True,17,2,2.8333333333333335,13,4.588235294117647,20,159,146,17.166666666666668,8.504854368932039,0,10
2.6,2,6,18,Harbhajan Singh,David Warner,0,False,1.0,10,Mumbai,Wankhede Stadium,False,True,18,2,3.0,13,4.333333333333333,20,159,146,17.0,8.588235294117647,0,10
3.1,3,1,19,Jasprit Bumrah,S Dhawan,0,False,1.0,10,Mumbai,Wankhede Stadium,False,True,19,3,3.1666666666666665,13,4.105263157894737,20,159,146,16.833333333333332,8.673267326732674,0,10
3.2,3,2,20,Jasprit Bumrah,S Dhawan,3,False,-1.5,10,Mumbai,Wankhede Stadium,False,True,20,3,3.3333333333333335,16,4.8,20,159,143,16.666666666666668,8.58,0,10
3.3,3,3,21,Jasprit Bumrah,David Warner,0,False,1.0,10,Mumbai,Wankhede Stadium,False,True,21,3,3.5,16,4.571428571428571,20,159,143,16.5,8.666666666666666,0,10
3.4,3,4,22,Jasprit Bumrah,David Warner,0,False,1.0,10,Mumbai,Wankhede Stadium,False,True,22,3,3.6666666666666665,16,4.363636363636364,20,159,143,16.333333333333332,8.755102040816327,0,10
3.5,3,5,23,Jasprit Bumrah,David Warner,1,False,-0.5,10,Mumbai,Wankhede Stadium,False,True,23,3,3.8333333333333335,17,4.434782608695652,20,159,142,16.166666666666668,8.783505154639174,0,10
3.6,3,6,24,Jasprit Bumrah,S Dhawan,0,False,1.0,10,Mumbai,Wankhede Stadium,False,True,24,3,4.0,17,4.25,20,159,142,16.0,8.875,0,10
4.1,4,1,25,Lasith Malinga,David Warner,4,False,-2.0,10,Mumbai,Wankhede Stadium,False,True,25,4,4.166666666666667,21,5.04,20,159,138,15.833333333333332,8.715789473684211,0,10
4.2,4,2,26,Lasith Malinga,David Warner,0,False,1.0,10,Mumbai,Wankhede Stadium,False,True,26,4,4.333333333333333,21,4.846153846153847,20,159,138,15.666666666666668,8.808510638297872,0,10
4.3,4,3,27,Lasith Malinga,David Warner,4,False,-2.0,10,Mumbai,Wankhede Stadium,False,True,27,4,4.5,25,5.555555555555555,20,159,134,15.5,8.64516129032258,0,10
4.4,4,4,28,Lasith Malinga,David Warner,1,False,-0.5,10,Mumbai,Wankhede Stadium,False,True,28,4,4.666666666666667,26,5.571428571428571,20,159,133,15.333333333333332,8.673913043478262,0,10
4.5,4,5,29,Lasith Malinga,S Dhawan,0,False,1.0,10,Mumbai,Wankhede Stadium,False,True,29,4,4.833333333333333,26,5.379310344827586,20,159,133,15.166666666666668,8.769230769230768,0,10
4.6,4,6,30,Lasith Malinga,S Dhawan,0,False,1.0,10,Mumbai,Wankhede Stadium,False,True,30,4,5.0,26,5.2,20,159,133,15.0,8.866666666666667,0,10
5.1,5,1,31,Jasprit Bumrah,David Warner,1,False,-0.5,10,Mumbai,Wankhede Stadium,False,True,31,5,5.166666666666667,27,5.225806451612903,20,159,132,14.833333333333332,8.898876404494382,0,10
5.2,5,2,32,Jasprit Bumrah,S Dhawan,1,False,-0.5,10,Mumbai,Wankhede Stadium,False,True,32,5,5.333333333333333,28,5.25,20,159,131,14.666666666666668,8.931818181818182,0,10
5.3,5,3,33,Jasprit Bumrah,David Warner,0,False,1.0,10,Mumbai,Wankhede Stadium,False,True,33,5,5.5,28,5.090909090909091,20,159,131,14.5,9.03448275862069,0,10
5.4,5,4,34,Jasprit Bumrah,David Warner,1,False,-0.5,10,Mumbai,Wankhede Stadium,False,True,34,5,5.666666666666667,29,5.117647058823529,20,159,130,14.333333333333332,9.069767441860465,0,10
5.5,5,5,35,Jasprit Bumrah,S Dhawan,1,False,-0.5,10,Mumbai,Wankhede Stadium,False,True,35,5,5.833333333333333,30,5.142857142857143,20,159,129,14.166666666666668,9.105882352941176,0,10
5.6,5,6,36,Jasprit Bumrah,David Warner,4,False,-2.0,10,Mumbai,Wankhede Stadium,False,True,36,5,6.0,34,5.666666666666667,20,159,125,14.0,8.928571428571429,0,10
6.1,6,1,37,Mitchell McClenaghan,David Warner,1,False,-0.5,10,Mumbai,Wankhede Stadium,False,True,37,6,6.166666666666667,35,5.675675675675675,20,159,124,13.833333333333332,8.963855421686748,0,10
6.2,6,2,38,Mitchell McClenaghan,S Dhawan,4,False,-2.0,10,Mumbai,Wankhede Stadium,False,True,38,6,6.333333333333333,39,6.157894736842105,20,159,120,13.666666666666668,8.780487804878048,0,10
6.3,6,3,39,Mitchell McClenaghan,S Dhawan,0,False,1.0,10,Mumbai,Wankhede Stadium,False,True,39,6,6.5,39,6.0,20,159,120,13.5,8.88888888888889,0,10
6.4,6,4,40,Mitchell McClenaghan,S Dhawan,6,False,-3.0,10,Mumbai,Wankhede Stadium,False,True,40,6,6.666666666666667,45,6.75,20,159,114,13.333333333333332,8.55,0,10
6.5,6,5,41,Mitchell McClenaghan,S Dhawan,0,False,1.0,10,Mumbai,Wankhede Stadium,False,True,41,6,6.833333333333333,45,6.585365853658537,20,159,114,13.166666666666668,8.658227848101266,0,10
6.6,6,6,42,Mitchell McClenaghan,S Dhawan,4,False,-2.0,10,Mumbai,Wankhede Stadium,False,True,42,6,7.0,49,7.0,20,159,110,13.0,8.461538461538462,0,10
7.1,7,1,43,Hardik Pandya,David Warner,1,False,-0.25,10,Mumbai,Wankhede Stadium,False,True,43,7,7.166666666666667,50,6.976744186046512,20,159,109,12.833333333333332,8.493506493506494,0,10
7.2,7,2,44,Hardik Pandya,S Dhawan,0,False,1.0,10,Mumbai,Wankhede Stadium,False,True,44,7,7.333333333333333,50,6.818181818181818,20,159,109,12.666666666666668,8.605263157894736,0,10
7.3,7,3,45,Hardik Pandya,S Dhawan,1,False,-0.5,10,Mumbai,Wankhede Stadium,False,True,45,7,7.5,51,6.8,20,159,108,12.5,8.64,0,10
7.4,7,4,46,Hardik Pandya,David Warner,0,False,1.0,10,Mumbai,Wankhede Stadium,False,True,46,7,7.666666666666667,51,6.652173913043478,20,159,108,12.333333333333332,8.756756756756758,0,10
7.5,7,5,47,Hardik Pandya,David Warner,1,False,-0.5,10,Mumbai,Wankhede Stadium,False,True,47,7,7.833333333333333,52,6.638297872340425,20,159,107,12.166666666666668,8.794520547945204,0,10
7.6,7,6,48,Hardik Pandya,S Dhawan,0,False,1.0,10,Mumbai,Wankhede Stadium,False,True,48,7,8.0,52,6.5,20,159,107,12.0,8.916666666666666,0,10
8.1,8,1,49,Mitchell McClenaghan,David Warner,0,False,1.0,10,Mumbai,Wankhede Stadium,False,True,49,8,8.166666666666666,52,6.367346938775511,20,159,107,11.833333333333334,9.04225352112676,0,10
8.2,8,2,50,Mitchell McClenaghan,David Warner,1,False,-0.5,10,Mumbai,Wankhede Stadium,False,True,50,8,8.333333333333334,53,6.359999999999999,20,159,106,11.666666666666666,9.085714285714285,0,10
8.3,8,3,51,Mitchell McClenaghan,S Dhawan,1,False,-0.5,10,Mumbai,Wankhede Stadium,False,True,51,8,8.5,54,6.352941176470588,20,159,105,11.5,9.130434782608695,0,10
8.4,8,4,52,Mitchell McClenaghan,David Warner,0,False,1.0,10,Mumbai,Wankhede Stadium,False,True,52,8,8.666666666666666,54,6.230769230769231,20,159,105,11.333333333333334,9.26470588235294,0,10
8.5,8,5,53,Mitchell McClenaghan,David Warner,4,False,-2.0,10,Mumbai,Wankhede Stadium,False,True,53,8,8.833333333333334,58,6.566037735849056,20,159,101,11.166666666666666,9.044776119402986,0,10
8.6,8,6,54,Mitchell McClenaghan,David Warner,4,False,-2.0,10,Mumbai,Wankhede Stadium,False,True,54,8,9.0,62,6.888888888888889,20,159,97,11.0,8.818181818181818,0,10
9.1,9,1,55,Hardik Pandya,S Dhawan,4,False,-2.0,10,Mumbai,Wankhede Stadium,False,True,55,9,9.166666666666666,66,7.2,20,159,93,10.833333333333334,8.584615384615384,0,10
9.2,9,2,56,Hardik Pandya,S Dhawan,0,False,1.0,10,Mumbai,Wankhede Stadium,False,True,56,9,9.333333333333334,66,7.071428571428571,20,159,93,10.666666666666666,8.71875,0,10
9.3,9,3,57,Hardik Pandya,S Dhawan,1,False,-0.5,10,Mumbai,Wankhede Stadium,False,True,57,9,9.5,67,7.052631578947368,20,159,92,10.5,8.761904761904763,0,10
9.4,9,4,58,Hardik Pandya,David Warner,6,False,-3.0,10,Mumbai,Wankhede Stadium,False,True,58,9,9.666666666666666,73,7.551724137931035,20,159,86,10.333333333333334,8.32258064516129,0,10
9.5,9,5,59,Hardik Pandya,David Warner,1,False,-0.25,10,Mumbai,Wankhede Stadium,False,True,59,9,9.833333333333334,74,7.525423728813559,20,159,85,10.166666666666666,8.360655737704919,0,10
9.6,9,6,60,Hardik Pandya,S Dhawan,1,False,-1.0,10,Mumbai,Wankhede Stadium,True,False,59,9,9.833333333333334,75,7.627118644067796,20,159,84,10.166666666666666,8.262295081967213,0,10
9.6,9,6,61,Hardik Pandya,S Dhawan,0,False,1.0,10,Mumbai,Wankhede Stadium,False,True,60,9,10.0,75,7.5,20,159,84,10.0,8.4,0,10
10.1,10,1,62,Harbhajan Singh,David Warner,6,False,-3.0,10,Mumbai,Wankhede Stadium,False,True,61,10,10.166666666666666,81,7.967213114754099,20,159,78,9.833333333333334,7.932203389830508,0,10
10.2,10,2,63,Harbhajan Singh,David Warner,0,True,5.0,10,Mumbai,Wankhede Stadium,False,True,62,10,10.333333333333334,81,7.838709677419354,20,159,78,9.666666666666666,8.068965517241379,1,9
10.3,10,3,64,Harbhajan Singh,S Dhawan,1,False,-0.5,10,Mumbai,Wankhede Stadium,False,True,63,10,10.5,82,7.809523809523809,20,159,77,9.5,8.105263157894736,1,9
10.4,10,4,65,Harbhajan Singh,Deepak Hooda,0,False,1.0,10,Mumbai,Wankhede Stadium,False,True,64,10,10.666666666666666,82,7.6875,20,159,77,9.333333333333334,8.25,1,9
10.5,10,5,66,Harbhajan Singh,Deepak Hooda,1,False,-0.5,10,Mumbai,Wankhede Stadium,False,True,65,10,10.833333333333334,83,7.661538461538461,20,159,76,9.166666666666666,8.290909090909091,1,9
10.6,10,6,67,Harbhajan Singh,S Dhawan,1,False,-0.5,10,Mumbai,Wankhede Stadium,False,True,66,10,11.0,84,7.636363636363637,20,159,75,9.0,8.333333333333334,1,9
11.1,11,1,68,Mitchell McClenaghan,S Dhawan,1,False,-0.5,10,Mumbai,Wankhede Stadium,False,True,67,11,11.166666666666666,85,7.611940298507463,20,159,74,8.833333333333334,8.377358490566037,1,9
11.2,11,2,69,Mitchell McClenaghan,Deepak Hooda,0,False,1.0,10,Mumbai,Wankhede Stadium,False,True,68,11,11.333333333333334,85,7.5,20,159,74,8.666666666666666,8.538461538461538,1,9
11.3,11,3,70,Mitchell McClenaghan,Deepak Hooda,4,False,-2.0,10,Mumbai,Wankhede Stadium,False,True,69,11,11.5,89,7.739130434782608,20,159,70,8.5,8.235294117647058,1,9
11.4,11,4,71,Mitchell McClenaghan,Deepak Hooda,1,False,-0.5,10,Mumbai,Wankhede Stadium,False,True,70,11,11.666666666666666,90,7.714285714285714,20,159,69,8.333333333333334,8.28,1,9
11.5,11,5,72,Mitchell McClenaghan,S Dhawan,2,False,-1.0,10,Mumbai,Wankhede Stadium,False,True,71,11,11.833333333333334,92,7.774647887323943,20,159,67,8.166666666666666,8.204081632653061,1,9
11.6,11,6,73,Mitchell McClenaghan,S Dhawan,1,False,-0.5,10,Mumbai,Wankhede Stadium,False,True,72,11,12.0,93,7.75,20,159,66,8.0,8.25,1,9
12.1,12,1,74,Krunal Pandya,S Dhawan,1,False,-0.5,10,Mumbai,Wankhede Stadium,False,True,73,12,12.166666666666666,94,7.726027397260275,20,159,65,7.833333333333334,8.297872340425531,1,9
12.2,12,2,75,Krunal Pandya,Deepak Hooda,1,False,-1.0,10,Mumbai,Wankhede Stadium,True,False,73,12,12.166666666666666,95,7.808219178082192,20,159,64,7.833333333333334,8.170212765957446,1,9
12.2,12,2,76,Krunal Pandya,Deepak Hooda,1,False,-0.5,10,Mumbai,Wankhede Stadium,False,True,74,12,12.333333333333334,96,7.783783783783783,20,159,63,7.666666666666666,8.217391304347826,1,9
12.3,12,3,77,Krunal Pandya,S Dhawan,2,False,-1.0,10,Mumbai,Wankhede Stadium,True,False,74,12,12.333333333333334,98,7.945945945945946,20,159,61,7.666666666666666,7.9565217391304355,1,9
12.3,12,3,78,Krunal Pandya,Deepak Hooda,1,False,-0.5,10,Mumbai,Wankhede Stadium,False,True,75,12,12.5,99,7.92,20,159,60,7.5,8.0,1,9
12.4,12,4,79,Krunal Pandya,S Dhawan,4,False,-2.0,10,Mumbai,Wankhede Stadium,False,True,76,12,12.666666666666666,103,8.131578947368421,20,159,56,7.333333333333334,7.636363636363636,1,9
12.5,12,5,80,Krunal Pandya,S Dhawan,1,False,-0.5,10,Mumbai,Wankhede Stadium,False,True,77,12,12.833333333333334,104,8.103896103896103,20,159,55,7.166666666666666,7.674418604651163,1,9
12.6,12,6,81,Krunal Pandya,Deepak Hooda,1,False,-0.5,10,Mumbai,Wankhede Stadium,False,True,78,12,13.0,105,8.076923076923077,20,159,54,7.0,7.714285714285714,1,9
13.1,13,1,82,Harbhajan Singh,Deepak Hooda,0,True,5.0,10,Mumbai,Wankhede Stadium,False,True,79,13,13.166666666666666,105,7.974683544303798,20,159,54,6.833333333333334,7.902439024390243,2,8
13.2,13,2,83,Harbhajan Singh,S Dhawan,4,False,-2.0,10,Mumbai,Wankhede Stadium,False,True,80,13,13.333333333333334,109,8.174999999999999,20,159,50,6.666666666666666,7.500000000000001,2,8
13.3,13,3,84,Harbhajan Singh,S Dhawan,1,False,-0.25,10,Mumbai,Wankhede Stadium,False,True,81,13,13.5,110,8.148148148148149,20,159,49,6.5,7.538461538461538,2,8
13.4,13,4,85,Harbhajan Singh,Yuvraj Singh,0,False,1.0,10,Mumbai,Wankhede Stadium,False,True,82,13,13.666666666666666,110,8.048780487804878,20,159,49,6.333333333333334,7.7368421052631575,2,8
13.5,13,5,86,Harbhajan Singh,Yuvraj Singh,0,False,1.0,10,Mumbai,Wankhede Stadium,False,True,83,13,13.833333333333334,110,7.951807228915662,20,159,49,6.166666666666666,7.9459459459459465,2,8
13.6,13,6,87,Harbhajan Singh,Yuvraj Singh,0,False,1.0,10,Mumbai,Wankhede Stadium,False,True,84,13,14.0,110,7.857142857142857,20,159,49,6.0,8.166666666666666,2,8
14.1,14,1,88,Mitchell McClenaghan,S Dhawan,0,False,1.0,10,Mumbai,Wankhede Stadium,False,True,85,14,14.166666666666666,110,7.764705882352941,20,159,49,5.833333333333334,8.399999999999999,2,8
14.2,14,2,89,Mitchell McClenaghan,S Dhawan,2,False,-1.0,10,Mumbai,Wankhede Stadium,False,True,86,14,14.333333333333334,112,7.813953488372093,20,159,47,5.666666666666666,8.294117647058824,2,8
14.3,14,3,90,Mitchell McClenaghan,S Dhawan,1,False,-0.5,10,Mumbai,Wankhede Stadium,False,True,87,14,14.5,113,7.793103448275862,20,159,46,5.5,8.363636363636363,2,8
14.4,14,4,91,Mitchell McClenaghan,Yuvraj Singh,1,False,-0.5,10,Mumbai,Wankhede Stadium,False,True,88,14,14.666666666666666,114,7.772727272727273,20,159,45,5.333333333333334,8.437499999999998,2,8
14.5,14,5,92,Mitchell McClenaghan,S Dhawan,0,True,5.0,10,Mumbai,Wankhede Stadium,False,True,89,14,14.833333333333334,114,7.685393258426966,20,159,45,5.166666666666666,8.70967741935484,3,7
14.6,14,6,93,Mitchell McClenaghan,Ben Cutting,4,False,-2.0,10,Mumbai,Wankhede Stadium,False,True,90,14,15.0,118,7.866666666666666,20,159,41,5.0,8.2,3,7
15.1,15,1,94,Hardik Pandya,Yuvraj Singh,0,False,1.0,10,Mumbai,Wankhede Stadium,False,True,91,15,15.166666666666666,118,7.78021978021978,20,159,41,4.833333333333334,8.482758620689655,3,7
15.2,15,2,95,Hardik Pandya,Yuvraj Singh,4,False,-2.0,10,Mumbai,Wankhede Stadium,False,True,92,15,15.333333333333334,122,7.956521739130435,20,159,37,4.666666666666666,7.92857142857143,3,7
15.2,15,2,96,Hardik Pandya,Yuvraj Singh,1,False,-1.0,10,Mumbai,Wankhede Stadium,True,False,92,15,15.333333333333334,123,8.021739130434783,20,159,36,4.666666666666666,7.714285714285715,3,7
15.3,15,3,97,Hardik Pandya,Yuvraj Singh,0,True,5.0,10,Mumbai,Wankhede Stadium,False,True,93,15,15.5,123,7.935483870967742,20,159,36,4.5,8.0,4,6
15.4,15,4,98,Hardik Pandya,Naman Ojha,1,False,-1.0,10,Mumbai,Wankhede Stadium,True,False,93,15,15.5,124,8.0,20,159,35,4.5,7.777777777777778,4,6
15.4,15,4,99,Hardik Pandya,Naman Ojha,1,False,-0.5,10,Mumbai,Wankhede Stadium,False,True,94,15,15.666666666666666,125,7.9787234042553195,20,159,34,4.333333333333334,7.846153846153845,4,6
15.5,15,5,100,Hardik Pandya,Ben Cutting,0,False,1.0,10,Mumbai,Wankhede Stadium,False,True,95,15,15.833333333333334,125,7.894736842105263,20,159,34,4.166666666666666,8.160000000000002,4,6
15.6,15,6,101,Hardik Pandya,Ben Cutting,1,False,-0.5,10,Mumbai,Wankhede Stadium,False,True,96,15,16.0,126,7.875,20,159,33,4.0,8.25,4,6
16.1,16,1,102,Lasith Malinga,Ben Cutting,4,False,-2.0,10,Mumbai,Wankhede Stadium,False,True,97,16,16.166666666666668,130,8.041237113402062,20,159,29,3.833333333333332,7.56521739130435,4,6
16.2,16,2,103,Lasith Malinga,Ben Cutting,4,False,-2.0,10,Mumbai,Wankhede Stadium,False,True,98,16,16.333333333333332,134,8.204081632653061,20,159,25,3.666666666666668,6.818181818181816,4,6
16.3,16,3,104,Lasith Malinga,Ben Cutting,1,False,-0.5,10,Mumbai,Wankhede Stadium,False,True,99,16,16.5,135,8.181818181818182,20,159,24,3.5,6.857142857142857,4,6
16.4,16,4,105,Lasith Malinga,Naman Ojha,2,False,-1.0,10,Mumbai,Wankhede Stadium,False,True,100,16,16.666666666666668,137,8.219999999999999,20,159,22,3.333333333333332,6.600000000000002,4,6
16.5,16,5,106,Lasith Malinga,Naman Ojha,1,False,-0.5,10,Mumbai,Wankhede Stadium,False,True,101,16,16.833333333333332,138,8.198019801980198,20,159,21,3.166666666666668,6.631578947368419,4,6
16.6,16,6,107,Lasith Malinga,Ben Cutting,1,False,-1.0,10,Mumbai,Wankhede Stadium,True,False,101,16,16.833333333333332,139,8.257425742574258,20,159,20,3.166666666666668,6.315789473684208,4,6
16.6,16,6,108,Lasith Malinga,Ben Cutting,1,False,-0.5,10,Mumbai,Wankhede Stadium,False,True,102,16,17.0,140,8.235294117647058,20,159,19,3.0,6.333333333333333,4,6
17.1,17,1,109,Jasprit Bumrah,Ben Cutting,4,False,-2.0,10,Mumbai,Wankhede Stadium,False,True,103,17,17.166666666666668,144,8.388349514563107,20,159,15,2.833333333333332,5.294117647058826,4,6
17.2,17,2,110,Jasprit Bumrah,Ben Cutting,1,False,-0.5,10,Mumbai,Wankhede Stadium,False,True,104,17,17.333333333333332,145,8.365384615384617,20,159,14,2.666666666666668,5.249999999999997,4,6
17.3,17,3,111,Jasprit Bumrah,Naman Ojha,1,False,-0.5,10,Mumbai,Wankhede Stadium,False,True,105,17,17.5,146,8.342857142857143,20,159,13,2.5,5.2,4,6
17.4,17,4,112,Jasprit Bumrah,Ben Cutting,0,True,5.0,10,Mumbai,Wankhede Stadium,False,True,106,17,17.666666666666668,146,8.264150943396226,20,159,13,2.333333333333332,5.571428571428574,5,5
17.5,17,5,113,Jasprit Bumrah,Vijay Shankar,1,False,-0.5,10,Mumbai,Wankhede Stadium,False,True,107,17,17.833333333333332,147,8.242990654205608,20,159,12,2.166666666666668,5.538461538461536,5,5
17.6,17,6,114,Jasprit Bumrah,Naman Ojha,0,False,1.0,10,Mumbai,Wankhede Stadium,False,True,108,17,18.0,147,8.166666666666666,20,159,12,2.0,6.0,5,5
18.1,18,1,115,Lasith Malinga,Vijay Shankar,0,True,5.0,10,Mumbai,Wankhede Stadium,False,True,109,18,18.166666666666668,147,8.091743119266054,20,159,12,1.8333333333333321,6.545454545454549,6,4
18.2,18,2,116,Lasith Malinga,Rashid Khan,1,False,-0.5,10,Mumbai,Wankhede Stadium,False,True,110,18,18.333333333333332,148,8.072727272727274,20,159,11,1.6666666666666679,6.599999999999995,6,4
18.3,18,3,117,Lasith Malinga,Naman Ojha,1,False,-0.5,10,Mumbai,Wankhede Stadium,False,True,111,18,18.5,149,8.054054054054054,20,159,10,1.5,6.666666666666667,6,4
18.4,18,4,118,Lasith Malinga,Rashid Khan,1,False,-0.25,10,Mumbai,Wankhede Stadium,False,True,112,18,18.666666666666668,150,8.035714285714285,20,159,9,1.3333333333333321,6.750000000000006,6,4
18.5,18,5,119,Lasith Malinga,Naman Ojha,2,False,-1.0,10,Mumbai,Wankhede Stadium,False,True,113,18,18.833333333333332,152,8.070796460176991,20,159,7,1.1666666666666679,5.999999999999994,6,4
18.6,18,6,120,Lasith Malinga,Naman Ojha,1,False,-0.5,10,Mumbai,Wankhede Stadium,False,True,114,18,19.0,153,8.052631578947368,20,159,6,1.0,6.0,6,4
19.1,19,1,121,Jasprit Bumrah,Naman Ojha,0,True,5.0,10,Mumbai,Wankhede Stadium,False,True,115,19,19.166666666666668,153,7.982608695652173,20,159,6,0.8333333333333321,7.20000000000001,7,3
19.2,19,2,122,Jasprit Bumrah,Rashid Khan,1,False,-0.5,10,Mumbai,Wankhede Stadium,False,True,116,19,19.333333333333332,154,7.9655172413793105,20,159,5,0.6666666666666679,7.499999999999987,7,3
19.3,19,3,123,Jasprit Bumrah,Bhuvneshwar Kumar,1,False,-0.5,10,Mumbai,Wankhede Stadium,False,True,117,19,19.5,155,7.948717948717949,20,159,4,0.5,8.0,7,3
19.4,19,4,124,Jasprit Bumrah,Rashid Khan,0,True,5.0,10,Mumbai,Wankhede Stadium,False,True,118,19,19.666666666666668,155,7.881355932203389,20,159,4,0.33333333333333215,12.000000000000043,8,2
19.5,19,5,125,Jasprit Bumrah,Bhuvneshwar Kumar,2,False,-1.0,10,Mumbai,Wankhede Stadium,False,True,119,19,19.833333333333332,157,7.915966386554622,20,159,2,0.16666666666666785,11.999999999999915,8,2
19.6,19,6,126,Jasprit Bumrah,Bhuvneshwar Kumar,1,False,-0.5,10,Mumbai,Wankhede Stadium,False,True,120,19,20.0,158,7.9,20,159,1,0.0,inf,8,2
