Ball Number,over,ball,Ball,bowler,batsman,Runs,is_wicket,bowler_score,match_id,city,stadium,is_extra,legal_delivery,legal_deliveries_count,overs_completed,overs_bowled,total_runs,current_run_rate,total_overs,target,runs_needed,overs_remaining,required_run_rate,wickets_fallen,wickets_in_hand
0.1,0,1,1,Tim Southee,Chris Gayle,1,False,-0.5,12,Bangalore,M Chinnaswamy Stadium,False,True,1,0,0.16666666666666666,1,6.0,20,143,142,19.833333333333332,7.159663865546219,0,10
0.2,0,2,2,Tim Southee,Virat Kohli,1,False,-1.0,12,Bangalore,M Chinnaswamy Stadium,True,False,1,0,0.16666666666666666,2,12.0,20,143,141,19.833333333333332,7.109243697478992,0,10
0.2,0,2,3,Tim Southee,Virat Kohli,1,False,-0.5,12,Bangalore,M Chinnaswamy Stadium,False,True,2,0,0.3333333333333333,3,9.0,20,143,140,19.666666666666668,7.11864406779661,0,10
0.3,0,3,4,Tim Southee,Chris Gayle,1,False,-0.5,12,Bangalore,M Chinnaswamy Stadium,False,True,3,0,0.5,4,8.0,20,143,139,19.5,7.128205128205129,0,10
0.4,0,4,5,Tim Southee,Virat Kohli,0,False,1.0,12,Bangalore,M Chinnaswamy Stadium,False,True,4,0,0.6666666666666666,4,6.0,20,143,139,19.333333333333332,7.189655172413794,0,10
0.5,0,5,6,Tim Southee,Virat Kohli,1,False,-0.5,12,Bangalore,M Chinnaswamy Stadium,False,True,5,0,0.8333333333333334,5,6.0,20,143,138,19.166666666666668,7.199999999999999,0,10
0.6,0,6,7,Tim Southee,Chris Gayle,1,False,-1.0,12,Bangalore,M Chinnaswamy Stadium,True,False,5,0,0.8333333333333334,6,7.199999999999999,20,143,137,19.166666666666668,7.147826086956521,0,10
0.6,0,6,8,Tim Southee,Chris Gayle,0,False,1.0,12,Bangalore,M Chinnaswamy Stadium,False,True,6,0,1.0,6,6.0,20,143,137,19.0,7.2105263157894735,0,10
1.1,1,1,9,Harbhajan Singh,Virat Kohli,0,False,1.0,12,Bangalore,M Chinnaswamy Stadium,False,True,7,1,1.1666666666666667,6,5.142857142857142,20,143,137,18.833333333333332,7.274336283185841,0,10
1.2,1,2,10,Harbhajan Singh,Virat Kohli,1,False,-0.5,12,Bangalore,M Chinnaswamy Stadium,False,True,8,1,1.3333333333333333,7,5.25,20,143,136,18.666666666666668,7.285714285714286,0,10
1.3,1,3,11,Harbhajan Singh,Chris Gayle,0,False,1.0,12,Bangalore,M Chinnaswamy Stadium,False,True,9,1,1.5,7,4.666666666666667,20,143,136,18.5,7.351351351351352,0,10
1.4,1,4,12,Harbhajan Singh,Chris Gayle,0,False,1.0,12,Bangalore,M Chinnaswamy Stadium,False,True,10,1,1.6666666666666665,7,4.2,20,143,136,18.333333333333332,7.418181818181819,0,10
1.5,1,5,13,Harbhajan Singh,Chris Gayle,0,False,1.0,12,Bangalore,M Chinnaswamy Stadium,False,True,11,1,1.8333333333333335,7,3.818181818181818,20,143,136,18.166666666666668,7.486238532110091,0,10
1.6,1,6,14,Harbhajan Singh,Chris Gayle,0,False,1.0,12,Bangalore,M Chinnaswamy Stadium,False,True,12,1,2.0,7,3.5,20,143,136,18.0,7.555555555555555,0,10
2.1,2,1,15,Tim Southee,Virat Kohli,6,False,-3.0,12,Bangalore,M Chinnaswamy Stadium,False,True,13,2,2.1666666666666665,13,6.0,20,143,130,17.833333333333332,7.289719626168225,0,10
2.2,2,2,16,Tim Southee,Virat Kohli,2,False,-1.0,12,Bangalore,M Chinnaswamy Stadium,False,True,14,2,2.3333333333333335,15,6.428571428571428,20,143,128,17.666666666666668,7.245283018867924,0,10
2.3,2,3,17,Tim Southee,Virat Kohli,4,False,-2.0,12,Bangalore,M Chinnaswamy Stadium,False,True,15,2,2.5,19,7.6,20,143,124,17.5,7.085714285714285,0,10
2.4,2,4,18,Tim Southee,Virat Kohli,4,False,-2.0,12,Bangalore,M Chinnaswamy Stadium,False,True,16,2,2.6666666666666665,23,8.625,20,143,120,17.333333333333332,6.923076923076923,0,10
2.5,2,5,19,Tim Southee,Virat Kohli,1,False,-0.5,12,Bangalore,M Chinnaswamy Stadium,False,True,17,2,2.8333333333333335,24,8.470588235294118,20,143,119,17.166666666666668,6.932038834951456,0,10
2.6,2,6,20,Tim Southee,Chris Gayle,0,False,1.0,12,Bangalore,M Chinnaswamy Stadium,False,True,18,2,3.0,24,8.0,20,143,119,17.0,7.0,0,10
3.1,3,1,21,Mitchell McClenaghan,Virat Kohli,1,False,-0.5,12,Bangalore,M Chinnaswamy Stadium,False,True,19,3,3.1666666666666665,25,7.894736842105264,20,143,118,16.833333333333332,7.009900990099011,0,10
3.2,3,2,22,Mitchell McClenaghan,Chris Gayle,1,False,-0.5,12,Bangalore,M Chinnaswamy Stadium,False,True,20,3,3.3333333333333335,26,7.8,20,143,117,16.666666666666668,7.02,0,10
3.3,3,3,23,Mitchell McClenaghan,Virat Kohli,2,False,-1.0,12,Bangalore,M Chinnaswamy Stadium,False,True,21,3,3.5,28,8.0,20,143,115,16.5,6.96969696969697,0,10
3.4,3,4,24,Mitchell McClenaghan,Virat Kohli,0,False,1.0,12,Bangalore,M Chinnaswamy Stadium,False,True,22,3,3.6666666666666665,28,7.636363636363637,20,143,115,16.333333333333332,7.040816326530613,0,10
3.5,3,5,25,Mitchell McClenaghan,Virat Kohli,0,False,1.0,12,Bangalore,M Chinnaswamy Stadium,False,True,23,3,3.8333333333333335,28,7.304347826086956,20,143,115,16.166666666666668,7.11340206185567,0,10
3.6,3,6,26,Mitchell McClenaghan,Virat Kohli,0,False,1.0,12,Bangalore,M Chinnaswamy Stadium,False,True,24,3,4.0,28,7.0,20,143,115,16.0,7.1875,0,10
4.1,4,1,27,Harbhajan Singh,Chris Gayle,4,False,-2.0,12,Bangalore,M Chinnaswamy Stadium,False,True,25,4,4.166666666666667,32,7.68,20,143,111,15.833333333333332,7.010526315789474,0,10
4.2,4,2,28,Harbhajan Singh,Chris Gayle,0,False,1.0,12,Bangalore,M Chinnaswamy Stadium,False,True,26,4,4.333333333333333,32,7.384615384615385,20,143,111,15.666666666666668,7.085106382978723,0,10
4.3,4,3,29,Harbhajan Singh,Chris Gayle,0,False,1.0,12,Bangalore,M Chinnaswamy Stadium,False,True,27,4,4.5,32,7.111111111111111,20,143,111,15.5,7.161290322580645,0,10
4.4,4,4,30,Harbhajan Singh,Chris Gayle,0,False,1.0,12,Bangalore,M Chinnaswamy Stadium,False,True,28,4,4.666666666666667,32,6.857142857142857,20,143,111,15.333333333333332,7.239130434782609,0,10
4.5,4,5,31,Harbhajan Singh,Chris Gayle,1,False,-0.5,12,Bangalore,M Chinnaswamy Stadium,False,True,29,4,4.833333333333333,33,6.8275862068965525,20,143,110,15.166666666666668,7.252747252747252,0,10
4.6,4,6,32,Harbhajan Singh,Virat Kohli,1,False,-0.5,12,Bangalore,M Chinnaswamy Stadium,False,True,30,4,5.0,34,6.8,20,143,109,15.0,7.266666666666667,0,10
5.1,5,1,33,Mitchell McClenaghan,Virat Kohli,1,False,-0.5,12,Bangalore,M Chinnaswamy Stadium,False,True,31,5,5.166666666666667,35,6.774193548387096,20,143,108,14.833333333333332,7.280898876404495,0,10
5.2,5,2,34,Mitchell McClenaghan,Chris Gayle,1,False,-0.5,12,Bangalore,M Chinnaswamy Stadium,False,True,32,5,5.333333333333333,36,6.75,20,143,107,14.666666666666668,7.295454545454545,0,10
5.3,5,3,35,Mitchell McClenaghan,Virat Kohli,1,False,-0.5,12,Bangalore,M Chinnaswamy Stadium,False,True,33,5,5.5,37,6.7272727272727275,20,143,106,14.5,7.310344827586207,0,10
5.4,5,4,36,Mitchell McClenaghan,Chris Gayle,4,False,-2.0,12,Bangalore,M Chinnaswamy Stadium,False,True,34,5,5.666666666666667,41,7.235294117647059,20,143,102,14.333333333333332,7.116279069767442,0,10
5.5,5,5,37,Mitchell McClenaghan,Chris Gayle,0,False,1.0,12,Bangalore,M Chinnaswamy Stadium,False,True,35,5,5.833333333333333,41,7.028571428571429,20,143,102,14.166666666666668,7.199999999999999,0,10
5.6,5,6,38,Mitchell McClenaghan,Chris Gayle,0,False,1.0,12,Bangalore,M Chinnaswamy Stadium,False,True,36,5,6.0,41,6.833333333333333,20,143,102,14.0,7.285714285714286,0,10
6.1,6,1,39,Harbhajan Singh,Virat Kohli,1,False,-0.5,12,Bangalore,M Chinnaswamy Stadium,False,True,37,6,6.166666666666667,42,6.8108108108108105,20,143,101,13.833333333333332,7.301204819277109,0,10
6.2,6,2,40,Harbhajan Singh,Chris Gayle,0,False,1.0,12,Bangalore,M Chinnaswamy Stadium,False,True,38,6,6.333333333333333,42,6.631578947368421,20,143,101,13.666666666666668,7.390243902439024,0,10
6.3,6,3,41,Harbhajan Singh,Chris Gayle,2,False,-0.25,12,Bangalore,M Chinnaswamy Stadium,False,True,39,6,6.5,44,6.769230769230769,20,143,99,13.5,7.333333333333333,0,10
6.4,6,4,42,Harbhajan Singh,Chris Gayle,6,False,-3.0,12,Bangalore,M Chinnaswamy Stadium,False,True,40,6,6.666666666666667,50,7.5,20,143,93,13.333333333333332,6.9750000000000005,0,10
6.5,6,5,43,Harbhajan Singh,Chris Gayle,0,False,1.0,12,Bangalore,M Chinnaswamy Stadium,False,True,41,6,6.833333333333333,50,7.317073170731708,20,143,93,13.166666666666668,7.063291139240506,0,10
6.6,6,6,44,Harbhajan Singh,Chris Gayle,0,False,1.0,12,Bangalore,M Chinnaswamy Stadium,False,True,42,6,7.0,50,7.142857142857143,20,143,93,13.0,7.153846153846154,0,10
7.1,7,1,45,Jasprit Bumrah,Virat Kohli,0,False,1.0,12,Bangalore,M Chinnaswamy Stadium,False,True,43,7,7.166666666666667,50,6.976744186046512,20,143,93,12.833333333333332,7.246753246753247,0,10
7.2,7,2,46,Jasprit Bumrah,Virat Kohli,0,False,1.0,12,Bangalore,M Chinnaswamy Stadium,False,True,44,7,7.333333333333333,50,6.818181818181818,20,143,93,12.666666666666668,7.342105263157894,0,10
7.3,7,3,47,Jasprit Bumrah,Virat Kohli,1,False,-0.5,12,Bangalore,M Chinnaswamy Stadium,False,True,45,7,7.5,51,6.8,20,143,92,12.5,7.36,0,10
7.4,7,4,48,Jasprit Bumrah,Chris Gayle,1,False,-0.5,12,Bangalore,M Chinnaswamy Stadium,False,True,46,7,7.666666666666667,52,6.782608695652174,20,143,91,12.333333333333332,7.378378378378379,0,10
7.5,7,5,49,Jasprit Bumrah,Virat Kohli,0,False,1.0,12,Bangalore,M Chinnaswamy Stadium,False,True,47,7,7.833333333333333,52,6.638297872340425,20,143,91,12.166666666666668,7.47945205479452,0,10
7.6,7,6,50,Jasprit Bumrah,Virat Kohli,1,False,-0.5,12,Bangalore,M Chinnaswamy Stadium,False,True,48,7,8.0,53,6.625,20,143,90,12.0,7.5,0,10
8.1,8,1,51,Harbhajan Singh,Virat Kohli,4,False,-2.0,12,Bangalore,M Chinnaswamy Stadium,False,True,49,8,8.166666666666666,57,6.979591836734694,20,143,86,11.833333333333334,7.267605633802816,0,10
8.2,8,2,52,Harbhajan Singh,Virat Kohli,1,False,-0.5,12,Bangalore,M Chinnaswamy Stadium,False,True,50,8,8.333333333333334,58,6.959999999999999,20,143,85,11.666666666666666,7.2857142857142865,0,10
8.3,8,3,53,Harbhajan Singh,Chris Gayle,1,False,-0.5,12,Bangalore,M Chinnaswamy Stadium,False,True,51,8,8.5,59,6.9411764705882355,20,143,84,11.5,7.304347826086956,0,10
8.4,8,4,54,Harbhajan Singh,Virat Kohli,1,False,-0.5,12,Bangalore,M Chinnaswamy Stadium,False,True,52,8,8.666666666666666,60,6.923076923076923,20,143,83,11.333333333333334,7.323529411764706,0,10
8.5,8,5,55,Harbhajan Singh,Chris Gayle,1,False,-0.5,12,Bangalore,M Chinnaswamy Stadium,False,True,53,8,8.833333333333334,61,6.90566037735849,20,143,82,11.166666666666666,7.343283582089553,0,10
8.6,8,6,56,Harbhajan Singh,Virat Kohli,1,False,-0.5,12,Bangalore,M Chinnaswamy Stadium,False,True,54,8,9.0,62,6.888888888888889,20,143,81,11.0,7.363636363636363,0,10
9.1,9,1,57,Hardik Pandya,Virat Kohli,1,False,-0.5,12,Bangalore,M Chinnaswamy Stadium,False,True,55,9,9.166666666666666,63,6.872727272727273,20,143,80,10.833333333333334,7.384615384615384,0,10
9.2,9,2,58,Hardik Pandya,Chris Gayle,0,True,5.0,12,Bangalore,M Chinnaswamy Stadium,False,True,56,9,9.333333333333334,63,6.75,20,143,80,10.666666666666666,7.5,1,9
9.3,9,3,59,Hardik Pandya,de Villiers,1,False,-0.5,12,Bangalore,M Chinnaswamy Stadium,False,True,57,9,9.5,64,6.7368421052631575,20,143,79,10.5,7.523809523809524,1,9
9.4,9,4,60,Hardik Pandya,Virat Kohli,0,False,1.0,12,Bangalore,M Chinnaswamy Stadium,False,True,58,9,9.666666666666666,64,6.620689655172415,20,143,79,10.333333333333334,7.64516129032258,1,9
9.5,9,5,61,Hardik Pandya,Virat Kohli,1,False,-0.5,12,Bangalore,M Chinnaswamy Stadium,False,True,59,9,9.833333333333334,65,6.610169491525423,20,143,78,10.166666666666666,7.672131147540984,1,9
9.6,9,6,62,Hardik Pandya,de Villiers,1,False,-0.5,12,Bangalore,M Chinnaswamy Stadium,False,True,60,9,10.0,66,6.6,20,143,77,10.0,7.7,1,9
10.1,10,1,63,Krunal Pandya,de Villiers,0,False,1.0,12,Bangalore,M Chinnaswamy Stadium,False,True,61,10,10.166666666666666,66,6.491803278688525,20,143,77,9.833333333333334,7.830508474576271,1,9
10.2,10,2,64,Krunal Pandya,de Villiers,0,False,1.0,12,Bangalore,M Chinnaswamy Stadium,False,True,62,10,10.333333333333334,66,6.387096774193548,20,143,77,9.666666666666666,7.9655172413793105,1,9
10.3,10,3,65,Krunal Pandya,de Villiers,1,False,-0.5,12,Bangalore,M Chinnaswamy Stadium,False,True,63,10,10.5,67,6.380952380952381,20,143,76,9.5,8.0,1,9
10.4,10,4,66,Krunal Pandya,Virat Kohli,1,False,-0.5,12,Bangalore,M Chinnaswamy Stadium,False,True,64,10,10.666666666666666,68,6.375,20,143,75,9.333333333333334,8.035714285714285,1,9
10.5,10,5,67,Krunal Pandya,de Villiers,1,False,-0.5,12,Bangalore,M Chinnaswamy Stadium,False,True,65,10,10.833333333333334,69,6.369230769230769,20,143,74,9.166666666666666,8.072727272727274,1,9
10.6,10,6,68,Krunal Pandya,Virat Kohli,2,False,-1.0,12,Bangalore,M Chinnaswamy Stadium,False,True,66,10,11.0,71,6.454545454545454,20,143,72,9.0,8.0,1,9
11.1,11,1,69,Hardik Pandya,de Villiers,1,False,-0.5,12,Bangalore,M Chinnaswamy Stadium,False,True,67,11,11.166666666666666,72,6.447761194029851,20,143,71,8.833333333333334,8.037735849056602,1,9
11.2,11,2,70,Hardik Pandya,Virat Kohli,1,False,-0.5,12,Bangalore,M Chinnaswamy Stadium,False,True,68,11,11.333333333333334,73,6.441176470588235,20,143,70,8.666666666666666,8.076923076923077,1,9
11.3,11,3,71,Hardik Pandya,de Villiers,0,False,1.0,12,Bangalore,M Chinnaswamy Stadium,False,True,69,11,11.5,73,6.3478260869565215,20,143,70,8.5,8.235294117647058,1,9
11.4,11,4,72,Hardik Pandya,de Villiers,1,False,-0.5,12,Bangalore,M Chinnaswamy Stadium,False,True,70,11,11.666666666666666,74,6.342857142857143,20,143,69,8.333333333333334,8.28,1,9
11.5,11,5,73,Hardik Pandya,Virat Kohli,1,False,-0.5,12,Bangalore,M Chinnaswamy Stadium,False,True,71,11,11.833333333333334,75,6.338028169014084,20,143,68,8.166666666666666,8.326530612244898,1,9
11.6,11,6,74,Hardik Pandya,de Villiers,1,False,-0.5,12,Bangalore,M Chinnaswamy Stadium,False,True,72,11,12.0,76,6.333333333333333,20,143,67,8.0,8.375,1,9
12.1,12,1,75,Krunal Pandya,de Villiers,0,False,1.0,12,Bangalore,M Chinnaswamy Stadium,False,True,73,12,12.166666666666666,76,6.2465753424657535,20,143,67,7.833333333333334,8.553191489361701,1,9
12.2,12,2,76,Krunal Pandya,de Villiers,1,False,-0.5,12,Bangalore,M Chinnaswamy Stadium,False,True,74,12,12.333333333333334,77,6.243243243243243,20,143,66,7.666666666666666,8.608695652173914,1,9
12.3,12,3,77,Krunal Pandya,Virat Kohli,2,False,-1.0,12,Bangalore,M Chinnaswamy Stadium,False,True,75,12,12.5,79,6.32,20,143,64,7.5,8.533333333333333,1,9
12.4,12,4,78,Krunal Pandya,Virat Kohli,1,False,-0.5,12,Bangalore,M Chinnaswamy Stadium,False,True,76,12,12.666666666666666,80,6.315789473684211,20,143,63,7.333333333333334,8.59090909090909,1,9
12.5,12,5,79,Krunal Pandya,de Villiers,4,False,-0.25,12,Bangalore,M Chinnaswamy Stadium,False,True,77,12,12.833333333333334,84,6.545454545454545,20,143,59,7.166666666666666,8.232558139534884,1,9
12.6,12,6,80,Krunal Pandya,de Villiers,1,False,-0.5,12,Bangalore,M Chinnaswamy Stadium,False,True,78,12,13.0,85,6.538461538461538,20,143,58,7.0,8.285714285714286,1,9
13.1,13,1,81,Jasprit Bumrah,de Villiers,1,False,-0.5,12,Bangalore,M Chinnaswamy Stadium,False,True,79,13,13.166666666666666,86,6.531645569620253,20,143,57,6.833333333333334,8.341463414634145,1,9
13.2,13,2,82,Jasprit Bumrah,Virat Kohli,1,False,-0.5,12,Bangalore,M Chinnaswamy Stadium,False,True,80,13,13.333333333333334,87,6.5249999999999995,20,143,56,6.666666666666666,8.4,1,9
13.3,13,3,83,Jasprit Bumrah,de Villiers,6,False,-3.0,12,Bangalore,M Chinnaswamy Stadium,False,True,81,13,13.5,93,6.888888888888889,20,143,50,6.5,7.6923076923076925,1,9
13.4,13,4,84,Jasprit Bumrah,de Villiers,1,False,-0.5,12,Bangalore,M Chinnaswamy Stadium,False,True,82,13,13.666666666666666,94,6.878048780487805,20,143,49,6.333333333333334,7.7368421052631575,1,9
13.5,13,5,85,Jasprit Bumrah,Virat Kohli,6,False,-3.0,12,Bangalore,M Chinnaswamy Stadium,False,True,83,13,13.833333333333334,100,7.228915662650602,20,143,43,6.166666666666666,6.972972972972974,1,9
13.6,13,6,86,Jasprit Bumrah,Virat Kohli,4,False,-2.0,12,Bangalore,M Chinnaswamy Stadium,False,True,84,13,14.0,104,7.428571428571429,20,143,39,6.0,6.5,1,9
14.1,14,1,87,Krunal Pandya,de Villiers,1,False,-0.5,12,Bangalore,M Chinnaswamy Stadium,False,True,85,14,14.166666666666666,105,7.411764705882353,20,143,38,5.833333333333334,6.514285714285713,1,9
14.2,14,2,88,Krunal Pandya,Virat Kohli,0,False,1.0,12,Bangalore,M Chinnaswamy Stadium,False,True,86,14,14.333333333333334,105,7.325581395348837,20,143,38,5.666666666666666,6.7058823529411775,1,9
14.3,14,3,89,Krunal Pandya,Virat Kohli,0,False,1.0,12,Bangalore,M Chinnaswamy Stadium,False,True,87,14,14.5,105,7.241379310344827,20,143,38,5.5,6.909090909090909,1,9
14.4,14,4,90,Krunal Pandya,Virat Kohli,4,False,-2.0,12,Bangalore,M Chinnaswamy Stadium,False,True,88,14,14.666666666666666,109,7.4318181818181825,20,143,34,5.333333333333334,6.374999999999999,1,9
14.5,14,5,91,Krunal Pandya,Virat Kohli,1,False,-0.5,12,Bangalore,M Chinnaswamy Stadium,False,True,89,14,14.833333333333334,110,7.415730337078651,20,143,33,5.166666666666666,6.387096774193549,1,9
14.6,14,6,92,Krunal Pandya,de Villiers,0,False,1.0,12,Bangalore,M Chinnaswamy Stadium,False,True,90,14,15.0,110,7.333333333333333,20,143,33,5.0,6.6,1,9
15.1,15,1,93,Mitchell McClenaghan,Virat Kohli,0,False,1.0,12,Bangalore,M Chinnaswamy Stadium,False,True,91,15,15.166666666666666,110,7.252747252747253,20,143,33,4.833333333333334,6.827586206896551,1,9
15.2,15,2,94,Mitchell McClenaghan,Virat Kohli,0,False,1.0,12,Bangalore,M Chinnaswamy Stadium,False,True,92,15,15.333333333333334,110,7.173913043478261,20,143,33,4.666666666666666,7.071428571428572,1,9
15.3,15,3,95,Mitchell McClenaghan,Virat Kohli,0,True,5.0,12,Bangalore,M Chinnaswamy Stadium,False,True,93,15,15.5,110,7.096774193548387,20,143,33,4.5,7.333333333333333,2,8
15.4,15,4,96,Mitchell McClenaghan,Kedar Jadhav,1,False,-0.5,12,Bangalore,M Chinnaswamy Stadium,False,True,94,15,15.666666666666666,111,7.085106382978724,20,143,32,4.333333333333334,7.384615384615383,2,8
15.5,15,5,97,Mitchell McClenaghan,de Villiers,1,False,-1.0,12,Bangalore,M Chinnaswamy Stadium,True,False,94,15,15.666666666666666,112,7.1489361702127665,20,143,31,4.333333333333334,7.153846153846153,2,8
15.5,15,5,98,Mitchell McClenaghan,de Villiers,1,False,-0.5,12,Bangalore,M Chinnaswamy Stadium,False,True,95,15,15.833333333333334,113,7.136842105263158,20,143,30,4.166666666666666,7.200000000000001,2,8
15.6,15,6,99,Mitchell McClenaghan,Kedar Jadhav,1,False,-0.5,12,Bangalore,M Chinnaswamy Stadium,False,True,96,15,16.0,114,7.125,20,143,29,4.0,7.25,2,8
16.1,16,1,100,Krunal Pandya,Kedar Jadhav,1,False,-0.5,12,Bangalore,M Chinnaswamy Stadium,False,True,97,16,16.166666666666668,115,7.11340206185567,20,143,28,3.833333333333332,7.304347826086959,2,8
16.2,16,2,101,Krunal Pandya,de Villiers,0,True,5.0,12,Bangalore,M Chinnaswamy Stadium,False,True,98,16,16.333333333333332,115,7.040816326530613,20,143,28,3.666666666666668,7.636363636363634,3,7
16.3,16,3,102,Krunal Pandya,Pawan Negi,2,False,-1.0,12,Bangalore,M Chinnaswamy Stadium,False,True,99,16,16.5,117,7.090909090909091,20,143,26,3.5,7.428571428571429,3,7
16.4,16,4,103,Krunal Pandya,Pawan Negi,1,False,-0.5,12,Bangalore,M Chinnaswamy Stadium,False,True,100,16,16.666666666666668,118,7.079999999999999,20,143,25,3.333333333333332,7.500000000000003,3,7
16.5,16,5,104,Krunal Pandya,Kedar Jadhav,1,False,-0.5,12,Bangalore,M Chinnaswamy Stadium,False,True,101,16,16.833333333333332,119,7.069306930693069,20,143,24,3.166666666666668,7.5789473684210495,3,7
16.6,16,6,105,Krunal Pandya,Pawan Negi,0,False,1.0,12,Bangalore,M Chinnaswamy Stadium,False,True,102,16,17.0,119,7.0,20,143,24,3.0,8.0,3,7
17.1,17,1,106,Jasprit Bumrah,Kedar Jadhav,1,False,-0.5,12,Bangalore,M Chinnaswamy Stadium,False,True,103,17,17.166666666666668,120,6.990291262135922,20,143,23,2.833333333333332,8.117647058823533,3,7
17.2,17,2,107,Jasprit Bumrah,Pawan Negi,1,False,-0.25,12,Bangalore,M Chinnaswamy Stadium,False,True,104,17,17.333333333333332,121,6.980769230769231,20,143,22,2.666666666666668,8.249999999999996,3,7
17.3,17,3,108,Jasprit Bumrah,Kedar Jadhav,2,False,-1.0,12,Bangalore,M Chinnaswamy Stadium,False,True,105,17,17.5,123,7.0285714285714285,20,143,20,2.5,8.0,3,7
17.4,17,4,109,Jasprit Bumrah,Kedar Jadhav,1,False,-0.5,12,Bangalore,M Chinnaswamy Stadium,False,True,106,17,17.666666666666668,124,7.018867924528301,20,143,19,2.333333333333332,8.142857142857148,3,7
17.5,17,5,110,Jasprit Bumrah,Pawan Negi,1,False,-0.5,12,Bangalore,M Chinnaswamy Stadium,False,True,107,17,17.833333333333332,125,7.009345794392524,20,143,18,2.166666666666668,8.307692307692303,3,7
17.6,17,6,111,Jasprit Bumrah,Kedar Jadhav,2,False,-1.0,12,Bangalore,M Chinnaswamy Stadium,True,False,107,17,17.833333333333332,127,7.121495327102804,20,143,16,2.166666666666668,7.384615384615381,3,7
17.6,17,6,112,Jasprit Bumrah,Pawan Negi,0,True,5.0,12,Bangalore,M Chinnaswamy Stadium,False,True,108,17,18.0,127,7.055555555555555,20,143,16,2.0,8.0,4,6
18.1,18,1,113,Mitchell McClenaghan,Mandeep Singh,0,True,5.0,12,Bangalore,M Chinnaswamy Stadium,False,True,109,18,18.166666666666668,127,6.990825688073394,20,143,16,1.8333333333333321,8.727272727272734,5,5
18.2,18,2,114,Mitchell McClenaghan,Stuart Binny,1,False,-0.5,12,Bangalore,M Chinnaswamy Stadium,False,True,110,18,18.333333333333332,128,6.981818181818182,20,143,15,1.6666666666666679,8.999999999999993,5,5
18.3,18,3,115,Mitchell McClenaghan,Pawan Negi,0,False,1.0,12,Bangalore,M Chinnaswamy Stadium,False,True,111,18,18.5,128,6.918918918918919,20,143,15,1.5,10.0,5,5
18.4,18,4,116,Mitchell McClenaghan,Pawan Negi,2,False,-1.0,12,Bangalore,M Chinnaswamy Stadium,False,True,112,18,18.666666666666668,130,6.9642857142857135,20,143,13,1.3333333333333321,9.750000000000009,5,5
18.5,18,5,117,Mitchell McClenaghan,Pawan Negi,2,False,-1.0,12,Bangalore,M Chinnaswamy Stadium,False,True,113,18,18.833333333333332,132,7.008849557522124,20,143,11,1.1666666666666679,9.428571428571418,5,5
18.6,18,6,118,Mitchell McClenaghan,Pawan Negi,0,False,1.0,12,Bangalore,M Chinnaswamy Stadium,False,True,114,18,19.0,132,6.947368421052632,20,143,11,1.0,11.0,5,5
19.1,19,1,119,Jasprit Bumrah,Stuart Binny,3,False,-1.5,12,Bangalore,M Chinnaswamy Stadium,False,True,115,19,19.166666666666668,135,7.0434782608695645,20,143,8,0.8333333333333321,9.600000000000014,5,5
19.2,19,2,120,Jasprit Bumrah,Pawan Negi,2,False,-1.0,12,Bangalore,M Chinnaswamy Stadium,False,True,116,19,19.333333333333332,137,7.086206896551724,20,143,6,0.6666666666666679,8.999999999999984,5,5
19.3,19,3,121,Jasprit Bumrah,Pawan Negi,2,False,-1.0,12,Bangalore,M Chinnaswamy Stadium,False,True,117,19,19.5,139,7.128205128205129,20,143,4,0.5,8.0,5,5
19.4,19,4,122,Jasprit Bumrah,Pawan Negi,1,False,-0.5,12,Bangalore,M Chinnaswamy Stadium,False,True,118,19,19.666666666666668,140,7.11864406779661,20,143,3,0.33333333333333215,9.000000000000032,5,5
19.5,19,5,123,Jasprit Bumrah,Stuart Binny,0,False,1.0,12,Bangalore,M Chinnaswamy Stadium,False,True,119,19,19.833333333333332,140,7.058823529411765,20,143,3,0.16666666666666785,17.999999999999872,5,5
19.6,19,6,124,Jasprit Bumrah,Stuart Binny,2,False,-1.0,12,Bangalore,M Chinnaswamy Stadium,False,True,120,19,20.0,142,7.1,20,143,1,0.0,inf,5,5
