Ball Number,over,ball,Ball,bowler,batsman,Runs,is_wicket,bowler_score,match_id,city,stadium,is_extra,legal_delivery,legal_deliveries_count,overs_completed,overs_bowled,total_runs,current_run_rate,total_overs,target,runs_needed,overs_remaining,required_run_rate,wickets_fallen,wickets_in_hand
0.1,0,1,1,Praveen Kumar,Ajinkya Rahane,0,False,1.0,13,Rajkot,Saurashtra Cricket Association Stadium,False,True,1,0,0.16666666666666666,0,0.0,20,172,172,19.833333333333332,8.672268907563026,0,10
0.2,0,2,2,Praveen Kumar,Ajinkya Rahane,0,False,1.0,13,Rajkot,Saurashtra Cricket Association Stadium,False,True,2,0,0.3333333333333333,0,0.0,20,172,172,19.666666666666668,8.745762711864407,0,10
0.3,0,3,3,Praveen Kumar,Ajinkya Rahane,0,True,5.0,13,Rajkot,Saurashtra Cricket Association Stadium,False,True,3,0,0.5,0,0.0,20,172,172,19.5,8.820512820512821,1,9
0.4,0,4,4,Praveen Kumar,Steven Smith,1,False,-1.0,13,Rajkot,Saurashtra Cricket Association Stadium,True,False,3,0,0.5,1,2.0,20,172,171,19.5,8.76923076923077,1,9
0.4,0,4,5,Praveen Kumar,Steven Smith,0,False,1.0,13,Rajkot,Saurashtra Cricket Association Stadium,False,True,4,0,0.6666666666666666,1,1.5,20,172,171,19.333333333333332,8.844827586206897,1,9
0.5,0,5,6,Praveen Kumar,Steven Smith,1,False,-1.0,13,Rajkot,Saurashtra Cricket Association Stadium,True,False,4,0,0.6666666666666666,2,3.0,20,172,170,19.333333333333332,8.793103448275863,1,9
0.5,0,5,7,Praveen Kumar,Steven Smith,4,False,-2.0,13,Rajkot,Saurashtra Cricket Association Stadium,False,True,5,0,0.8333333333333334,6,7.199999999999999,20,172,166,19.166666666666668,8.660869565217391,1,9
0.6,0,6,8,Praveen Kumar,Steven Smith,0,False,1.0,13,Rajkot,Saurashtra Cricket Association Stadium,False,True,6,0,1.0,6,6.0,20,172,166,19.0,8.736842105263158,1,9
1.1,1,1,9,Basil Thampi,Rahul Tripathi,4,False,-2.0,13,Rajkot,Saurashtra Cricket Association Stadium,False,True,7,1,1.1666666666666667,10,8.571428571428571,20,172,162,18.833333333333332,8.601769911504425,1,9
1.2,1,2,10,Basil Thampi,Rahul Tripathi,0,False,1.0,13,Rajkot,Saurashtra Cricket Association Stadium,False,True,8,1,1.3333333333333333,10,7.5,20,172,162,18.666666666666668,8.678571428571429,1,9
1.3,1,3,11,Basil Thampi,Rahul Tripathi,1,False,-0.5,13,Rajkot,Saurashtra Cricket Association Stadium,False,True,9,1,1.5,11,7.333333333333333,20,172,161,18.5,8.702702702702704,1,9
1.4,1,4,12,Basil Thampi,Steven Smith,0,False,1.0,13,Rajkot,Saurashtra Cricket Association Stadium,False,True,10,1,1.6666666666666665,11,6.6000000000000005,20,172,161,18.333333333333332,8.781818181818183,1,9
1.5,1,5,13,Basil Thampi,Steven Smith,0,False,1.0,13,Rajkot,Saurashtra Cricket Association Stadium,False,True,11,1,1.8333333333333335,11,5.999999999999999,20,172,161,18.166666666666668,8.862385321100916,1,9
1.6,1,6,14,Basil Thampi,Steven Smith,4,False,-2.0,13,Rajkot,Saurashtra Cricket Association Stadium,False,True,12,1,2.0,15,7.5,20,172,157,18.0,8.722222222222221,1,9
2.1,2,1,15,Praveen Kumar,Rahul Tripathi,4,False,-2.0,13,Rajkot,Saurashtra Cricket Association Stadium,False,True,13,2,2.1666666666666665,19,8.76923076923077,20,172,153,17.833333333333332,8.57943925233645,1,9
2.2,2,2,16,Praveen Kumar,Rahul Tripathi,0,False,1.0,13,Rajkot,Saurashtra Cricket Association Stadium,False,True,14,2,2.3333333333333335,19,8.142857142857142,20,172,153,17.666666666666668,8.660377358490566,1,9
2.3,2,3,17,Praveen Kumar,Rahul Tripathi,2,False,-1.0,13,Rajkot,Saurashtra Cricket Association Stadium,False,True,15,2,2.5,21,8.4,20,172,151,17.5,8.628571428571428,1,9
2.4,2,4,18,Praveen Kumar,Rahul Tripathi,0,False,1.0,13,Rajkot,Saurashtra Cricket Association Stadium,False,True,16,2,2.6666666666666665,21,7.875,20,172,151,17.333333333333332,8.711538461538462,1,9
2.5,2,5,19,Praveen Kumar,Rahul Tripathi,1,False,-0.5,13,Rajkot,Saurashtra Cricket Association Stadium,False,True,17,2,2.8333333333333335,22,7.764705882352941,20,172,150,17.166666666666668,8.737864077669903,1,9
2.6,2,6,20,Praveen Kumar,Steven Smith,1,False,-0.5,13,Rajkot,Saurashtra Cricket Association Stadium,False,True,18,2,3.0,23,7.666666666666667,20,172,149,17.0,8.764705882352942,1,9
3.1,3,1,21,Shadab Jakati,Steven Smith,4,False,-2.0,13,Rajkot,Saurashtra Cricket Association Stadium,False,True,19,3,3.1666666666666665,27,8.526315789473685,20,172,145,16.833333333333332,8.613861386138614,1,9
3.2,3,2,22,Shadab Jakati,Steven Smith,0,False,1.0,13,Rajkot,Saurashtra Cricket Association Stadium,False,True,20,3,3.3333333333333335,27,8.1,20,172,145,16.666666666666668,8.7,1,9
3.3,3,3,23,Shadab Jakati,Steven Smith,6,False,-3.0,13,Rajkot,Saurashtra Cricket Association Stadium,False,True,21,3,3.5,33,9.428571428571429,20,172,139,16.5,8.424242424242424,1,9
3.4,3,4,24,Shadab Jakati,Steven Smith,0,False,1.0,13,Rajkot,Saurashtra Cricket Association Stadium,False,True,22,3,3.6666666666666665,33,9.0,20,172,139,16.333333333333332,8.510204081632654,1,9
3.5,3,5,25,Shadab Jakati,Steven Smith,1,False,-0.5,13,Rajkot,Saurashtra Cricket Association Stadium,False,True,23,3,3.8333333333333335,34,8.869565217391305,20,172,138,16.166666666666668,8.536082474226804,1,9
3.6,3,6,26,Shadab Jakati,Rahul Tripathi,1,False,-0.5,13,Rajkot,Saurashtra Cricket Association Stadium,False,True,24,3,4.0,35,8.75,20,172,137,16.0,8.5625,1,9
4.1,4,1,27,Praveen Kumar,Rahul Tripathi,6,False,-3.0,13,Rajkot,Saurashtra Cricket Association Stadium,False,True,25,4,4.166666666666667,41,9.84,20,172,131,15.833333333333332,8.273684210526316,1,9
4.2,4,2,28,Praveen Kumar,Rahul Tripathi,6,False,-3.0,13,Rajkot,Saurashtra Cricket Association Stadium,False,True,26,4,4.333333333333333,47,10.846153846153847,20,172,125,15.666666666666668,7.978723404255319,1,9
4.3,4,3,29,Praveen Kumar,Rahul Tripathi,4,False,-2.0,13,Rajkot,Saurashtra Cricket Association Stadium,False,True,27,4,4.5,51,11.333333333333334,20,172,121,15.5,7.806451612903226,1,9
4.4,4,4,30,Praveen Kumar,Rahul Tripathi,1,False,-0.5,13,Rajkot,Saurashtra Cricket Association Stadium,False,True,28,4,4.666666666666667,52,11.142857142857142,20,172,120,15.333333333333332,7.82608695652174,1,9
4.5,4,5,31,Praveen Kumar,Steven Smith,4,False,-2.0,13,Rajkot,Saurashtra Cricket Association Stadium,False,True,29,4,4.833333333333333,56,11.586206896551724,20,172,116,15.166666666666668,7.648351648351648,1,9
4.6,4,6,32,Praveen Kumar,Steven Smith,4,False,-2.0,13,Rajkot,Saurashtra Cricket Association Stadium,False,True,30,4,5.0,60,12.0,20,172,112,15.0,7.466666666666667,1,9
5.1,5,1,33,Andrew Tye,Rahul Tripathi,1,False,-0.5,13,Rajkot,Saurashtra Cricket Association Stadium,False,True,31,5,5.166666666666667,61,11.806451612903226,20,172,111,14.833333333333332,7.483146067415731,1,9
5.2,5,2,34,Andrew Tye,Steven Smith,1,False,-0.5,13,Rajkot,Saurashtra Cricket Association Stadium,False,True,32,5,5.333333333333333,62,11.625,20,172,110,14.666666666666668,7.499999999999999,1,9
5.3,5,3,35,Andrew Tye,Rahul Tripathi,2,False,-1.0,13,Rajkot,Saurashtra Cricket Association Stadium,False,True,33,5,5.5,64,11.636363636363637,20,172,108,14.5,7.448275862068965,1,9
5.4,5,4,36,Andrew Tye,Rahul Tripathi,0,False,1.0,13,Rajkot,Saurashtra Cricket Association Stadium,False,True,34,5,5.666666666666667,64,11.294117647058822,20,172,108,14.333333333333332,7.5348837209302335,1,9
5.5,5,5,37,Andrew Tye,Rahul Tripathi,0,True,5.0,13,Rajkot,Saurashtra Cricket Association Stadium,False,True,35,5,5.833333333333333,64,10.971428571428572,20,172,108,14.166666666666668,7.623529411764705,2,8
5.6,5,6,38,Andrew Tye,Ben Stokes,0,False,1.0,13,Rajkot,Saurashtra Cricket Association Stadium,False,True,36,5,6.0,64,10.666666666666666,20,172,108,14.0,7.714285714285714,2,8
6.1,6,1,39,Ravindra Jadeja,Steven Smith,1,False,-0.5,13,Rajkot,Saurashtra Cricket Association Stadium,False,True,37,6,6.166666666666667,65,10.54054054054054,20,172,107,13.833333333333332,7.734939759036145,2,8
6.2,6,2,40,Ravindra Jadeja,Ben Stokes,1,False,-0.5,13,Rajkot,Saurashtra Cricket Association Stadium,False,True,38,6,6.333333333333333,66,10.421052631578949,20,172,106,13.666666666666668,7.756097560975609,2,8
6.3,6,3,41,Ravindra Jadeja,Steven Smith,1,False,-0.5,13,Rajkot,Saurashtra Cricket Association Stadium,False,True,39,6,6.5,67,10.307692307692308,20,172,105,13.5,7.777777777777778,2,8
6.4,6,4,42,Ravindra Jadeja,Ben Stokes,1,False,-0.5,13,Rajkot,Saurashtra Cricket Association Stadium,False,True,40,6,6.666666666666667,68,10.2,20,172,104,13.333333333333332,7.800000000000001,2,8
6.5,6,5,43,Ravindra Jadeja,Steven Smith,4,False,-2.0,13,Rajkot,Saurashtra Cricket Association Stadium,False,True,41,6,6.833333333333333,72,10.536585365853659,20,172,100,13.166666666666668,7.594936708860759,2,8
6.6,6,6,44,Ravindra Jadeja,Steven Smith,1,False,-0.5,13,Rajkot,Saurashtra Cricket Association Stadium,False,True,42,6,7.0,73,10.428571428571429,20,172,99,13.0,7.615384615384615,2,8
7.1,7,1,45,Basil Thampi,Steven Smith,0,False,1.0,13,Rajkot,Saurashtra Cricket Association Stadium,False,True,43,7,7.166666666666667,73,10.186046511627907,20,172,99,12.833333333333332,7.714285714285715,2,8
7.2,7,2,46,Basil Thampi,Steven Smith,1,False,-0.5,13,Rajkot,Saurashtra Cricket Association Stadium,False,True,44,7,7.333333333333333,74,10.090909090909092,20,172,98,12.666666666666668,7.7368421052631575,2,8
7.3,7,3,47,Basil Thampi,Ben Stokes,0,False,1.0,13,Rajkot,Saurashtra Cricket Association Stadium,False,True,45,7,7.5,74,9.866666666666667,20,172,98,12.5,7.84,2,8
7.4,7,4,48,Basil Thampi,Ben Stokes,1,False,-0.5,13,Rajkot,Saurashtra Cricket Association Stadium,False,True,46,7,7.666666666666667,75,9.782608695652174,20,172,97,12.333333333333332,7.864864864864866,2,8
7.5,7,5,49,Basil Thampi,Steven Smith,0,False,1.0,13,Rajkot,Saurashtra Cricket Association Stadium,False,True,47,7,7.833333333333333,75,9.574468085106384,20,172,97,12.166666666666668,7.972602739726026,2,8
7.6,7,6,50,Basil Thampi,Steven Smith,1,False,-0.5,13,Rajkot,Saurashtra Cricket Association Stadium,False,True,48,7,8.0,76,9.5,20,172,96,12.0,8.0,2,8
8.1,8,1,51,Ravindra Jadeja,Steven Smith,1,False,-0.5,13,Rajkot,Saurashtra Cricket Association Stadium,False,True,49,8,8.166666666666666,77,9.428571428571429,20,172,95,11.833333333333334,8.028169014084506,2,8
8.2,8,2,52,Ravindra Jadeja,Ben Stokes,1,False,-0.5,13,Rajkot,Saurashtra Cricket Association Stadium,False,True,50,8,8.333333333333334,78,9.36,20,172,94,11.666666666666666,8.057142857142857,2,8
8.3,8,3,53,Ravindra Jadeja,Steven Smith,1,False,-0.5,13,Rajkot,Saurashtra Cricket Association Stadium,False,True,51,8,8.5,79,9.294117647058824,20,172,93,11.5,8.08695652173913,2,8
8.4,8,4,54,Ravindra Jadeja,Ben Stokes,6,False,-3.0,13,Rajkot,Saurashtra Cricket Association Stadium,False,True,52,8,8.666666666666666,85,9.807692307692308,20,172,87,11.333333333333334,7.6764705882352935,2,8
8.5,8,5,55,Ravindra Jadeja,Ben Stokes,1,False,-0.5,13,Rajkot,Saurashtra Cricket Association Stadium,False,True,53,8,8.833333333333334,86,9.735849056603772,20,172,86,11.166666666666666,7.701492537313433,2,8
8.6,8,6,56,Ravindra Jadeja,Steven Smith,1,False,-0.5,13,Rajkot,Saurashtra Cricket Association Stadium,False,True,54,8,9.0,87,9.666666666666666,20,172,85,11.0,7.7272727272727275,2,8
9.1,9,1,57,Steven Smith,Steven Smith,2,False,-1.0,13,Rajkot,Saurashtra Cricket Association Stadium,False,True,55,9,9.166666666666666,89,9.709090909090909,20,172,83,10.833333333333334,7.661538461538461,2,8
9.2,9,2,58,Steven Smith,Steven Smith,0,True,5.0,13,Rajkot,Saurashtra Cricket Association Stadium,False,True,56,9,9.333333333333334,89,9.535714285714285,20,172,83,10.666666666666666,7.78125,3,7
9.3,9,3,59,Steven Smith,Ben Stokes,1,False,-0.5,13,Rajkot,Saurashtra Cricket Association Stadium,False,True,57,9,9.5,90,9.473684210526315,20,172,82,10.5,7.809523809523809,3,7
9.4,9,4,60,Steven Smith,Manoj Tiwary,1,False,-0.5,13,Rajkot,Saurashtra Cricket Association Stadium,False,True,58,9,9.666666666666666,91,9.413793103448276,20,172,81,10.333333333333334,7.838709677419354,3,7
9.5,9,5,61,Steven Smith,Ben Stokes,1,False,-0.5,13,Rajkot,Saurashtra Cricket Association Stadium,False,True,59,9,9.833333333333334,92,9.35593220338983,20,172,80,10.166666666666666,7.868852459016394,3,7
9.6,9,6,62,Steven Smith,Manoj Tiwary,0,False,1.0,13,Rajkot,Saurashtra Cricket Association Stadium,False,True,60,9,10.0,92,9.2,20,172,80,10.0,8.0,3,7
10.1,10,1,63,Suresh Raina,Ben Stokes,1,False,-0.5,13,Rajkot,Saurashtra Cricket Association Stadium,False,True,61,10,10.166666666666666,93,9.147540983606557,20,172,79,9.833333333333334,8.033898305084746,3,7
10.2,10,2,64,Suresh Raina,Manoj Tiwary,1,False,-0.5,13,Rajkot,Saurashtra Cricket Association Stadium,False,True,62,10,10.333333333333334,94,9.096774193548386,20,172,78,9.666666666666666,8.068965517241379,3,7
10.3,10,3,65,Suresh Raina,Ben Stokes,1,False,-0.5,13,Rajkot,Saurashtra Cricket Association Stadium,False,True,63,10,10.5,95,9.047619047619047,20,172,77,9.5,8.105263157894736,3,7
10.4,10,4,66,Suresh Raina,Manoj Tiwary,1,False,-0.5,13,Rajkot,Saurashtra Cricket Association Stadium,False,True,64,10,10.666666666666666,96,9.0,20,172,76,9.333333333333334,8.142857142857142,3,7
10.5,10,5,67,Suresh Raina,Ben Stokes,4,False,-2.0,13,Rajkot,Saurashtra Cricket Association Stadium,False,True,65,10,10.833333333333334,100,9.23076923076923,20,172,72,9.166666666666666,7.854545454545455,3,7
10.6,10,6,68,Suresh Raina,Ben Stokes,1,False,-0.5,13,Rajkot,Saurashtra Cricket Association Stadium,False,True,66,10,11.0,101,9.181818181818182,20,172,71,9.0,7.888888888888889,3,7
11.1,11,1,69,Steven Smith,Ben Stokes,0,False,1.0,13,Rajkot,Saurashtra Cricket Association Stadium,False,True,67,11,11.166666666666666,101,9.044776119402986,20,172,71,8.833333333333334,8.037735849056602,3,7
11.2,11,2,70,Steven Smith,Ben Stokes,4,False,-2.0,13,Rajkot,Saurashtra Cricket Association Stadium,False,True,68,11,11.333333333333334,105,9.26470588235294,20,172,67,8.666666666666666,7.730769230769232,3,7
11.3,11,3,71,Steven Smith,Ben Stokes,1,False,-0.5,13,Rajkot,Saurashtra Cricket Association Stadium,False,True,69,11,11.5,106,9.217391304347826,20,172,66,8.5,7.764705882352941,3,7
11.4,11,4,72,Steven Smith,Manoj Tiwary,0,False,1.0,13,Rajkot,Saurashtra Cricket Association Stadium,False,True,70,11,11.666666666666666,106,9.085714285714285,20,172,66,8.333333333333334,7.919999999999999,3,7
11.5,11,5,73,Steven Smith,Manoj Tiwary,0,False,1.0,13,Rajkot,Saurashtra Cricket Association Stadium,False,True,71,11,11.833333333333334,106,8.957746478873238,20,172,66,8.166666666666666,8.081632653061225,3,7
11.6,11,6,74,Steven Smith,Manoj Tiwary,0,False,1.0,13,Rajkot,Saurashtra Cricket Association Stadium,False,True,72,11,12.0,106,8.833333333333334,20,172,66,8.0,8.25,3,7
12.1,12,1,75,Andrew Tye,Ben Stokes,0,True,5.0,13,Rajkot,Saurashtra Cricket Association Stadium,False,True,73,12,12.166666666666666,106,8.712328767123289,20,172,66,7.833333333333334,8.425531914893616,4,6
12.2,12,2,76,Andrew Tye,MS Dhoni,0,False,1.0,13,Rajkot,Saurashtra Cricket Association Stadium,False,True,74,12,12.333333333333334,106,8.594594594594595,20,172,66,7.666666666666666,8.608695652173914,4,6
12.3,12,3,77,Andrew Tye,MS Dhoni,1,False,-0.25,13,Rajkot,Saurashtra Cricket Association Stadium,False,True,75,12,12.5,107,8.56,20,172,65,7.5,8.666666666666666,4,6
12.4,12,4,78,Andrew Tye,Manoj Tiwary,1,False,-0.5,13,Rajkot,Saurashtra Cricket Association Stadium,False,True,76,12,12.666666666666666,108,8.526315789473685,20,172,64,7.333333333333334,8.727272727272727,4,6
12.5,12,5,79,Andrew Tye,MS Dhoni,1,False,-0.5,13,Rajkot,Saurashtra Cricket Association Stadium,False,True,77,12,12.833333333333334,109,8.493506493506493,20,172,63,7.166666666666666,8.790697674418606,4,6
12.6,12,6,80,Andrew Tye,Manoj Tiwary,1,False,-0.5,13,Rajkot,Saurashtra Cricket Association Stadium,False,True,78,12,13.0,110,8.461538461538462,20,172,62,7.0,8.857142857142858,4,6
13.1,13,1,81,Shadab Jakati,Manoj Tiwary,4,False,-2.0,13,Rajkot,Saurashtra Cricket Association Stadium,False,True,79,13,13.166666666666666,114,8.658227848101266,20,172,58,6.833333333333334,8.48780487804878,4,6
13.2,13,2,82,Shadab Jakati,Manoj Tiwary,1,False,-0.5,13,Rajkot,Saurashtra Cricket Association Stadium,False,True,80,13,13.333333333333334,115,8.625,20,172,57,6.666666666666666,8.55,4,6
13.3,13,3,83,Shadab Jakati,MS Dhoni,1,False,-0.5,13,Rajkot,Saurashtra Cricket Association Stadium,False,True,81,13,13.5,116,8.592592592592593,20,172,56,6.5,8.615384615384615,4,6
13.4,13,4,84,Shadab Jakati,Manoj Tiwary,1,False,-0.5,13,Rajkot,Saurashtra Cricket Association Stadium,False,True,82,13,13.666666666666666,117,8.560975609756097,20,172,55,6.333333333333334,8.68421052631579,4,6
13.5,13,5,85,Shadab Jakati,MS Dhoni,2,False,-1.0,13,Rajkot,Saurashtra Cricket Association Stadium,False,True,83,13,13.833333333333334,119,8.602409638554217,20,172,53,6.166666666666666,8.594594594594595,4,6
13.6,13,6,86,Shadab Jakati,MS Dhoni,1,False,-0.5,13,Rajkot,Saurashtra Cricket Association Stadium,False,True,84,13,14.0,120,8.571428571428571,20,172,52,6.0,8.666666666666666,4,6
14.1,14,1,87,Ravindra Jadeja,MS Dhoni,0,False,1.0,13,Rajkot,Saurashtra Cricket Association Stadium,False,True,85,14,14.166666666666666,120,8.470588235294118,20,172,52,5.833333333333334,8.914285714285713,4,6
14.2,14,2,88,Ravindra Jadeja,MS Dhoni,0,True,5.0,13,Rajkot,Saurashtra Cricket Association Stadium,False,True,86,14,14.333333333333334,120,8.372093023255813,20,172,52,5.666666666666666,9.176470588235295,5,5
14.3,14,3,89,Ravindra Jadeja,Ankit Sharma,0,False,1.0,13,Rajkot,Saurashtra Cricket Association Stadium,False,True,87,14,14.5,120,8.275862068965518,20,172,52,5.5,9.454545454545455,5,5
14.4,14,4,90,Ravindra Jadeja,Ankit Sharma,4,False,-2.0,13,Rajkot,Saurashtra Cricket Association Stadium,False,True,88,14,14.666666666666666,124,8.454545454545455,20,172,48,5.333333333333334,8.999999999999998,5,5
14.5,14,5,91,Ravindra Jadeja,Ankit Sharma,1,False,-0.5,13,Rajkot,Saurashtra Cricket Association Stadium,False,True,89,14,14.833333333333334,125,8.42696629213483,20,172,47,5.166666666666666,9.096774193548388,5,5
14.6,14,6,92,Ravindra Jadeja,Manoj Tiwary,1,False,-0.5,13,Rajkot,Saurashtra Cricket Association Stadium,False,True,90,14,15.0,126,8.4,20,172,46,5.0,9.2,5,5
15.1,15,1,93,Basil Thampi,Manoj Tiwary,4,False,-2.0,13,Rajkot,Saurashtra Cricket Association Stadium,False,True,91,15,15.166666666666666,130,8.571428571428571,20,172,42,4.833333333333334,8.689655172413792,5,5
15.2,15,2,94,Basil Thampi,Manoj Tiwary,1,False,-0.5,13,Rajkot,Saurashtra Cricket Association Stadium,False,True,92,15,15.333333333333334,131,8.543478260869565,20,172,41,4.666666666666666,8.785714285714286,5,5
15.3,15,3,95,Basil Thampi,Ankit Sharma,2,False,-1.0,13,Rajkot,Saurashtra Cricket Association Stadium,False,True,93,15,15.5,133,8.580645161290322,20,172,39,4.5,8.666666666666666,5,5
15.4,15,4,96,Basil Thampi,Ankit Sharma,1,False,-0.5,13,Rajkot,Saurashtra Cricket Association Stadium,False,True,94,15,15.666666666666666,134,8.553191489361703,20,172,38,4.333333333333334,8.769230769230768,5,5
15.5,15,5,97,Basil Thampi,Manoj Tiwary,0,False,1.0,13,Rajkot,Saurashtra Cricket Association Stadium,False,True,95,15,15.833333333333334,134,8.463157894736842,20,172,38,4.166666666666666,9.120000000000001,5,5
15.6,15,6,98,Basil Thampi,Manoj Tiwary,1,False,-0.5,13,Rajkot,Saurashtra Cricket Association Stadium,False,True,96,15,16.0,135,8.4375,20,172,37,4.0,9.25,5,5
16.1,16,1,99,Ravindra Jadeja,Manoj Tiwary,1,False,-0.5,13,Rajkot,Saurashtra Cricket Association Stadium,False,True,97,16,16.166666666666668,136,8.412371134020617,20,172,36,3.833333333333332,9.39130434782609,5,5
16.2,16,2,100,Ravindra Jadeja,Ankit Sharma,4,False,-2.0,13,Rajkot,Saurashtra Cricket Association Stadium,False,True,98,16,16.333333333333332,140,8.571428571428571,20,172,32,3.666666666666668,8.727272727272725,5,5
16.3,16,3,101,Ravindra Jadeja,Ankit Sharma,1,False,-0.5,13,Rajkot,Saurashtra Cricket Association Stadium,False,True,99,16,16.5,141,8.545454545454545,20,172,31,3.5,8.857142857142858,5,5
16.4,16,4,102,Ravindra Jadeja,Manoj Tiwary,1,False,-0.5,13,Rajkot,Saurashtra Cricket Association Stadium,False,True,100,16,16.666666666666668,142,8.52,20,172,30,3.333333333333332,9.000000000000004,5,5
16.5,16,5,103,Ravindra Jadeja,Ankit Sharma,1,False,-0.5,13,Rajkot,Saurashtra Cricket Association Stadium,False,True,101,16,16.833333333333332,143,8.495049504950495,20,172,29,3.166666666666668,9.157894736842103,5,5
16.6,16,6,104,Ravindra Jadeja,Manoj Tiwary,6,False,-3.0,13,Rajkot,Saurashtra Cricket Association Stadium,False,True,102,16,17.0,149,8.764705882352942,20,172,23,3.0,7.666666666666667,5,5
17.1,17,1,105,Andrew Tye,Ankit Sharma,1,False,-0.5,13,Rajkot,Saurashtra Cricket Association Stadium,False,True,103,17,17.166666666666668,150,8.737864077669903,20,172,22,2.833333333333332,7.764705882352945,5,5
17.2,17,2,106,Andrew Tye,Manoj Tiwary,0,False,1.0,13,Rajkot,Saurashtra Cricket Association Stadium,False,True,104,17,17.333333333333332,150,8.653846153846155,20,172,22,2.666666666666668,8.249999999999996,5,5
17.3,17,3,107,Andrew Tye,Manoj Tiwary,1,False,-0.5,13,Rajkot,Saurashtra Cricket Association Stadium,False,True,105,17,17.5,151,8.628571428571428,20,172,21,2.5,8.4,5,5
17.4,17,4,108,Andrew Tye,Ankit Sharma,0,False,1.0,13,Rajkot,Saurashtra Cricket Association Stadium,False,True,106,17,17.666666666666668,151,8.547169811320755,20,172,21,2.333333333333332,9.000000000000005,5,5
17.5,17,5,109,Andrew Tye,Ankit Sharma,1,False,-0.5,13,Rajkot,Saurashtra Cricket Association Stadium,False,True,107,17,17.833333333333332,152,8.52336448598131,20,172,20,2.166666666666668,9.230769230769226,5,5
17.6,17,6,110,Andrew Tye,Manoj Tiwary,2,False,-1.0,13,Rajkot,Saurashtra Cricket Association Stadium,False,True,108,17,18.0,154,8.555555555555555,20,172,18,2.0,9.0,5,5
17.6,17,6,111,Andrew Tye,Manoj Tiwary,1,False,-1.0,13,Rajkot,Saurashtra Cricket Association Stadium,True,False,108,17,18.0,155,8.61111111111111,20,172,17,2.0,8.5,5,5
18.1,18,1,112,Praveen Kumar,Ankit Sharma,1,False,-1.0,13,Rajkot,Saurashtra Cricket Association Stadium,True,False,108,17,18.0,156,8.666666666666666,20,172,16,2.0,8.0,5,5
18.1,18,1,113,Praveen Kumar,Ankit Sharma,6,False,-3.0,13,Rajkot,Saurashtra Cricket Association Stadium,False,True,109,18,18.166666666666668,162,8.91743119266055,20,172,10,1.8333333333333321,5.454545454545458,5,5
18.2,18,2,114,Praveen Kumar,Ankit Sharma,2,False,-1.0,13,Rajkot,Saurashtra Cricket Association Stadium,False,True,110,18,18.333333333333332,164,8.945454545454545,20,172,8,1.6666666666666679,4.799999999999996,5,5
18.3,18,3,115,Praveen Kumar,Ankit Sharma,1,False,-0.5,13,Rajkot,Saurashtra Cricket Association Stadium,False,True,111,18,18.5,165,8.91891891891892,20,172,7,1.5,4.666666666666667,5,5
18.4,18,4,116,Praveen Kumar,Manoj Tiwary,2,False,-1.0,13,Rajkot,Saurashtra Cricket Association Stadium,False,True,112,18,18.666666666666668,167,8.946428571428571,20,172,5,1.3333333333333321,3.7500000000000036,5,5
18.5,18,5,117,Praveen Kumar,Manoj Tiwary,0,False,1.0,13,Rajkot,Saurashtra Cricket Association Stadium,False,True,113,18,18.833333333333332,167,8.867256637168142,20,172,5,1.1666666666666679,4.285714285714281,5,5
18.6,18,6,118,Praveen Kumar,Manoj Tiwary,0,False,1.0,13,Rajkot,Saurashtra Cricket Association Stadium,False,True,114,18,19.0,167,8.789473684210526,20,172,5,1.0,5.0,5,5
19.1,19,1,119,Andrew Tye,Ankit Sharma,0,True,5.0,13,Rajkot,Saurashtra Cricket Association Stadium,False,True,115,19,19.166666666666668,167,8.71304347826087,20,172,5,0.8333333333333321,6.000000000000009,6,4
19.2,19,2,120,Andrew Tye,Manoj Tiwary,0,True,5.0,13,Rajkot,Saurashtra Cricket Association Stadium,False,True,116,19,19.333333333333332,167,8.63793103448276,20,172,5,0.6666666666666679,7.499999999999987,7,3
19.3,19,3,121,Andrew Tye,Shardul Thakur,0,True,5.0,13,Rajkot,Saurashtra Cricket Association Stadium,False,True,117,19,19.5,167,8.564102564102564,20,172,5,0.5,10.0,8,2
19.4,19,4,122,Andrew Tye,Rahul Chahar,1,False,-0.5,13,Rajkot,Saurashtra Cricket Association Stadium,False,True,118,19,19.666666666666668,168,8.542372881355933,20,172,4,0.33333333333333215,12.000000000000043,8,2
19.5,19,5,123,Andrew Tye,Lockie Ferguson,1,False,-0.5,13,Rajkot,Saurashtra Cricket Association Stadium,False,True,119,19,19.833333333333332,169,8.521008403361344,20,172,3,0.16666666666666785,17.999999999999872,8,2
19.6,19,6,124,Andrew Tye,Rahul Chahar,2,False,-1.0,13,Rajkot,Saurashtra Cricket Association Stadium,False,True,120,19,20.0,171,8.55,20,172,1,0.0,inf,8,2
