Ball Number,over,ball,Ball,bowler,batsman,Runs,is_wicket,bowler_score,match_id,city,stadium,is_extra,legal_delivery,legal_deliveries_count,overs_completed,overs_bowled,total_runs,current_run_rate,total_overs,target,runs_needed,overs_remaining,required_run_rate,wickets_fallen,wickets_in_hand
0.1,0,1,1,Mitchell McClenaghan,Dwayne Smith,1,False,-1.0,16,Mumbai,Wankhede Stadium,True,False,0,0,0.0,1,0.0,20,177,176,20.0,8.8,0,10
0.1,0,1,2,Mitchell McClenaghan,Dwayne Smith,0,False,1.0,16,Mumbai,Wankhede Stadium,False,True,1,0,0.16666666666666666,1,6.0,20,177,176,19.833333333333332,8.873949579831933,0,10
0.2,0,2,3,Mitchell McClenaghan,Dwayne Smith,0,True,5.0,16,Mumbai,Wankhede Stadium,False,True,2,0,0.3333333333333333,1,3.0,20,177,176,19.666666666666668,8.94915254237288,1,9
0.3,0,3,4,Mitchell McClenaghan,Suresh Raina,1,False,-0.5,16,Mumbai,Wankhede Stadium,False,True,3,0,0.5,2,4.0,20,177,175,19.5,8.974358974358974,1,9
0.4,0,4,5,Mitchell McClenaghan,Brendon McCullum,0,False,1.0,16,Mumbai,Wankhede Stadium,False,True,4,0,0.6666666666666666,2,3.0,20,177,175,19.333333333333332,9.051724137931036,1,9
0.5,0,5,6,Mitchell McClenaghan,Brendon McCullum,0,False,1.0,16,Mumbai,Wankhede Stadium,False,True,5,0,0.8333333333333334,2,2.4,20,177,175,19.166666666666668,9.130434782608695,1,9
0.6,0,6,7,Mitchell McClenaghan,Brendon McCullum,1,False,-0.5,16,Mumbai,Wankhede Stadium,False,True,6,0,1.0,3,3.0,20,177,174,19.0,9.157894736842104,1,9
1.1,1,1,8,Lasith Malinga,Brendon McCullum,0,False,1.0,16,Mumbai,Wankhede Stadium,False,True,7,1,1.1666666666666667,3,2.571428571428571,20,177,174,18.833333333333332,9.238938053097346,1,9
1.2,1,2,9,Lasith Malinga,Brendon McCullum,1,False,-0.5,16,Mumbai,Wankhede Stadium,False,True,8,1,1.3333333333333333,4,3.0,20,177,173,18.666666666666668,9.267857142857142,1,9
1.3,1,3,10,Lasith Malinga,Suresh Raina,0,False,1.0,16,Mumbai,Wankhede Stadium,False,True,9,1,1.5,4,2.6666666666666665,20,177,173,18.5,9.35135135135135,1,9
1.4,1,4,11,Lasith Malinga,Suresh Raina,4,False,-2.0,16,Mumbai,Wankhede Stadium,True,False,9,1,1.5,8,5.333333333333333,20,177,169,18.5,9.135135135135135,1,9
1.4,1,4,12,Lasith Malinga,Suresh Raina,4,False,-2.0,16,Mumbai,Wankhede Stadium,False,True,10,1,1.6666666666666665,12,7.200000000000001,20,177,165,18.333333333333332,9.0,1,9
1.5,1,5,13,Lasith Malinga,Suresh Raina,1,False,-0.5,16,Mumbai,Wankhede Stadium,False,True,11,1,1.8333333333333335,13,7.09090909090909,20,177,164,18.166666666666668,9.027522935779816,1,9
1.6,1,6,14,Lasith Malinga,Brendon McCullum,1,False,-0.5,16,Mumbai,Wankhede Stadium,False,True,12,1,2.0,14,7.0,20,177,163,18.0,9.055555555555555,1,9
2.1,2,1,15,Mitchell McClenaghan,Brendon McCullum,4,False,-2.0,16,Mumbai,Wankhede Stadium,False,True,13,2,2.1666666666666665,18,8.307692307692308,20,177,159,17.833333333333332,8.915887850467291,1,9
2.2,2,2,16,Mitchell McClenaghan,Brendon McCullum,1,False,-0.5,16,Mumbai,Wankhede Stadium,False,True,14,2,2.3333333333333335,19,8.142857142857142,20,177,158,17.666666666666668,8.943396226415095,1,9
2.3,2,3,17,Mitchell McClenaghan,Suresh Raina,1,False,-0.5,16,Mumbai,Wankhede Stadium,False,True,15,2,2.5,20,8.0,20,177,157,17.5,8.971428571428572,1,9
2.4,2,4,18,Mitchell McClenaghan,Brendon McCullum,0,False,1.0,16,Mumbai,Wankhede Stadium,False,True,16,2,2.6666666666666665,20,7.5,20,177,157,17.333333333333332,9.057692307692308,1,9
2.5,2,5,19,Mitchell McClenaghan,Brendon McCullum,0,False,1.0,16,Mumbai,Wankhede Stadium,False,True,17,2,2.8333333333333335,20,7.0588235294117645,20,177,157,17.166666666666668,9.145631067961164,1,9
2.6,2,6,20,Mitchell McClenaghan,Brendon McCullum,0,False,1.0,16,Mumbai,Wankhede Stadium,False,True,18,2,3.0,20,6.666666666666667,20,177,157,17.0,9.235294117647058,1,9
3.1,3,1,21,Harbhajan Singh,Suresh Raina,0,False,1.0,16,Mumbai,Wankhede Stadium,False,True,19,3,3.1666666666666665,20,6.315789473684211,20,177,157,16.833333333333332,9.326732673267328,1,9
3.2,3,2,22,Harbhajan Singh,Suresh Raina,0,False,1.0,16,Mumbai,Wankhede Stadium,False,True,20,3,3.3333333333333335,20,6.0,20,177,157,16.666666666666668,9.42,1,9
3.3,3,3,23,Harbhajan Singh,Suresh Raina,1,False,-0.5,16,Mumbai,Wankhede Stadium,False,True,21,3,3.5,21,6.0,20,177,156,16.5,9.454545454545455,1,9
3.4,3,4,24,Harbhajan Singh,Brendon McCullum,0,False,1.0,16,Mumbai,Wankhede Stadium,False,True,22,3,3.6666666666666665,21,5.7272727272727275,20,177,156,16.333333333333332,9.551020408163266,1,9
3.5,3,5,25,Harbhajan Singh,Brendon McCullum,1,False,-0.5,16,Mumbai,Wankhede Stadium,False,True,23,3,3.8333333333333335,22,5.739130434782608,20,177,155,16.166666666666668,9.587628865979381,1,9
3.6,3,6,26,Harbhajan Singh,Suresh Raina,1,False,-0.5,16,Mumbai,Wankhede Stadium,False,True,24,3,4.0,23,5.75,20,177,154,16.0,9.625,1,9
4.1,4,1,27,Jasprit Bumrah,Suresh Raina,0,False,1.0,16,Mumbai,Wankhede Stadium,False,True,25,4,4.166666666666667,23,5.52,20,177,154,15.833333333333332,9.726315789473684,1,9
4.2,4,2,28,Jasprit Bumrah,Suresh Raina,1,False,-0.5,16,Mumbai,Wankhede Stadium,False,True,26,4,4.333333333333333,24,5.538461538461539,20,177,153,15.666666666666668,9.76595744680851,1,9
4.3,4,3,29,Jasprit Bumrah,Brendon McCullum,0,False,1.0,16,Mumbai,Wankhede Stadium,False,True,27,4,4.5,24,5.333333333333333,20,177,153,15.5,9.870967741935484,1,9
4.4,4,4,30,Jasprit Bumrah,Brendon McCullum,4,False,-2.0,16,Mumbai,Wankhede Stadium,False,True,28,4,4.666666666666667,28,6.0,20,177,149,15.333333333333332,9.717391304347826,1,9
4.5,4,5,31,Jasprit Bumrah,Brendon McCullum,0,False,1.0,16,Mumbai,Wankhede Stadium,False,True,29,4,4.833333333333333,28,5.793103448275862,20,177,149,15.166666666666668,9.824175824175823,1,9
4.6,4,6,32,Jasprit Bumrah,Brendon McCullum,2,False,-1.0,16,Mumbai,Wankhede Stadium,False,True,30,4,5.0,30,6.0,20,177,147,15.0,9.8,1,9
5.1,5,1,33,Lasith Malinga,Suresh Raina,1,False,-0.5,16,Mumbai,Wankhede Stadium,False,True,31,5,5.166666666666667,31,6.0,20,177,146,14.833333333333332,9.842696629213483,1,9
5.2,5,2,34,Lasith Malinga,Brendon McCullum,6,False,-3.0,16,Mumbai,Wankhede Stadium,False,True,32,5,5.333333333333333,37,6.9375,20,177,140,14.666666666666668,9.545454545454545,1,9
5.3,5,3,35,Lasith Malinga,Brendon McCullum,0,False,1.0,16,Mumbai,Wankhede Stadium,False,True,33,5,5.5,37,6.7272727272727275,20,177,140,14.5,9.655172413793103,1,9
5.4,5,4,36,Lasith Malinga,Brendon McCullum,6,False,-3.0,16,Mumbai,Wankhede Stadium,False,True,34,5,5.666666666666667,43,7.588235294117647,20,177,134,14.333333333333332,9.348837209302326,1,9
5.5,5,5,37,Lasith Malinga,Brendon McCullum,0,False,1.0,16,Mumbai,Wankhede Stadium,False,True,35,5,5.833333333333333,43,7.371428571428572,20,177,134,14.166666666666668,9.458823529411763,1,9
5.6,5,6,38,Lasith Malinga,Brendon McCullum,2,False,-1.0,16,Mumbai,Wankhede Stadium,False,True,36,5,6.0,45,7.5,20,177,132,14.0,9.428571428571429,1,9
6.1,6,1,39,Krunal Pandya,Suresh Raina,1,False,-0.5,16,Mumbai,Wankhede Stadium,False,True,37,6,6.166666666666667,46,7.459459459459459,20,177,131,13.833333333333332,9.46987951807229,1,9
6.2,6,2,40,Krunal Pandya,Brendon McCullum,0,False,1.0,16,Mumbai,Wankhede Stadium,False,True,38,6,6.333333333333333,46,7.2631578947368425,20,177,131,13.666666666666668,9.585365853658535,1,9
6.3,6,3,41,Krunal Pandya,Brendon McCullum,0,False,1.0,16,Mumbai,Wankhede Stadium,False,True,39,6,6.5,46,7.076923076923077,20,177,131,13.5,9.703703703703704,1,9
6.4,6,4,42,Krunal Pandya,Brendon McCullum,1,False,-0.5,16,Mumbai,Wankhede Stadium,False,True,40,6,6.666666666666667,47,7.05,20,177,130,13.333333333333332,9.75,1,9
6.5,6,5,43,Krunal Pandya,Suresh Raina,1,False,-0.5,16,Mumbai,Wankhede Stadium,False,True,41,6,6.833333333333333,48,7.024390243902439,20,177,129,13.166666666666668,9.797468354430379,1,9
6.6,6,6,44,Krunal Pandya,Brendon McCullum,0,False,1.0,16,Mumbai,Wankhede Stadium,False,True,42,6,7.0,48,6.857142857142857,20,177,129,13.0,9.923076923076923,1,9
7.1,7,1,45,Harbhajan Singh,Suresh Raina,1,False,-0.5,16,Mumbai,Wankhede Stadium,False,True,43,7,7.166666666666667,49,6.837209302325581,20,177,128,12.833333333333332,9.974025974025976,1,9
7.2,7,2,46,Harbhajan Singh,Brendon McCullum,4,False,-2.0,16,Mumbai,Wankhede Stadium,False,True,44,7,7.333333333333333,53,7.2272727272727275,20,177,124,12.666666666666668,9.789473684210526,1,9
7.3,7,3,47,Harbhajan Singh,Brendon McCullum,1,False,-0.5,16,Mumbai,Wankhede Stadium,False,True,45,7,7.5,54,7.2,20,177,123,12.5,9.84,1,9
7.4,7,4,48,Harbhajan Singh,Suresh Raina,0,False,1.0,16,Mumbai,Wankhede Stadium,False,True,46,7,7.666666666666667,54,7.0434782608695645,20,177,123,12.333333333333332,9.972972972972974,1,9
7.5,7,5,49,Harbhajan Singh,Suresh Raina,1,False,-0.5,16,Mumbai,Wankhede Stadium,False,True,47,7,7.833333333333333,55,7.021276595744681,20,177,122,12.166666666666668,10.027397260273972,1,9
7.6,7,6,50,Harbhajan Singh,Brendon McCullum,2,False,-1.0,16,Mumbai,Wankhede Stadium,False,True,48,7,8.0,57,7.125,20,177,120,12.0,10.0,1,9
8.1,8,1,51,Krunal Pandya,Suresh Raina,2,False,-1.0,16,Mumbai,Wankhede Stadium,False,True,49,8,8.166666666666666,59,7.224489795918368,20,177,118,11.833333333333334,9.971830985915492,1,9
8.2,8,2,52,Krunal Pandya,Suresh Raina,0,False,1.0,16,Mumbai,Wankhede Stadium,False,True,50,8,8.333333333333334,59,7.079999999999999,20,177,118,11.666666666666666,10.114285714285716,1,9
8.3,8,3,53,Krunal Pandya,Suresh Raina,1,False,-0.5,16,Mumbai,Wankhede Stadium,False,True,51,8,8.5,60,7.0588235294117645,20,177,117,11.5,10.173913043478262,1,9
8.4,8,4,54,Krunal Pandya,Brendon McCullum,1,False,-0.5,16,Mumbai,Wankhede Stadium,False,True,52,8,8.666666666666666,61,7.038461538461539,20,177,116,11.333333333333334,10.235294117647058,1,9
8.5,8,5,55,Krunal Pandya,Suresh Raina,1,False,-0.5,16,Mumbai,Wankhede Stadium,False,True,53,8,8.833333333333334,62,7.018867924528301,20,177,115,11.166666666666666,10.298507462686567,1,9
8.6,8,6,56,Krunal Pandya,Brendon McCullum,4,False,-2.0,16,Mumbai,Wankhede Stadium,False,True,54,8,9.0,66,7.333333333333333,20,177,111,11.0,10.090909090909092,1,9
9.1,9,1,57,Harbhajan Singh,Suresh Raina,1,False,-0.5,16,Mumbai,Wankhede Stadium,False,True,55,9,9.166666666666666,67,7.3090909090909095,20,177,110,10.833333333333334,10.153846153846153,1,9
9.2,9,2,58,Harbhajan Singh,Brendon McCullum,1,False,-0.5,16,Mumbai,Wankhede Stadium,False,True,56,9,9.333333333333334,68,7.285714285714286,20,177,109,10.666666666666666,10.21875,1,9
9.3,9,3,59,Harbhajan Singh,Suresh Raina,1,False,-0.5,16,Mumbai,Wankhede Stadium,False,True,57,9,9.5,69,7.2631578947368425,20,177,108,10.5,10.285714285714286,1,9
9.4,9,4,60,Harbhajan Singh,Brendon McCullum,4,False,-2.0,16,Mumbai,Wankhede Stadium,False,True,58,9,9.666666666666666,73,7.551724137931035,20,177,104,10.333333333333334,10.064516129032258,1,9
9.5,9,5,61,Harbhajan Singh,Brendon McCullum,1,False,-0.5,16,Mumbai,Wankhede Stadium,False,True,59,9,9.833333333333334,74,7.525423728813559,20,177,103,10.166666666666666,10.131147540983607,1,9
9.6,9,6,62,Harbhajan Singh,Suresh Raina,0,False,1.0,16,Mumbai,Wankhede Stadium,False,True,60,9,10.0,74,7.4,20,177,103,10.0,10.3,1,9
10.1,10,1,63,Krunal Pandya,Brendon McCullum,1,False,-0.5,16,Mumbai,Wankhede Stadium,False,True,61,10,10.166666666666666,75,7.3770491803278695,20,177,102,9.833333333333334,10.372881355932202,1,9
10.2,10,2,64,Krunal Pandya,Suresh Raina,1,False,-0.5,16,Mumbai,Wankhede Stadium,False,True,62,10,10.333333333333334,76,7.354838709677419,20,177,101,9.666666666666666,10.448275862068966,1,9
10.3,10,3,65,Krunal Pandya,Brendon McCullum,1,False,-0.5,16,Mumbai,Wankhede Stadium,False,True,63,10,10.5,77,7.333333333333333,20,177,100,9.5,10.526315789473685,1,9
10.4,10,4,66,Krunal Pandya,Suresh Raina,1,False,-0.5,16,Mumbai,Wankhede Stadium,False,True,64,10,10.666666666666666,78,7.3125,20,177,99,9.333333333333334,10.607142857142856,1,9
10.5,10,5,67,Krunal Pandya,Brendon McCullum,1,False,-0.5,16,Mumbai,Wankhede Stadium,False,True,65,10,10.833333333333334,79,7.292307692307692,20,177,98,9.166666666666666,10.690909090909091,1,9
10.6,10,6,68,Krunal Pandya,Suresh Raina,1,False,-0.5,16,Mumbai,Wankhede Stadium,False,True,66,10,11.0,80,7.2727272727272725,20,177,97,9.0,10.777777777777779,1,9
11.1,11,1,69,Harbhajan Singh,Suresh Raina,0,True,5.0,16,Mumbai,Wankhede Stadium,False,True,67,11,11.166666666666666,80,7.164179104477612,20,177,97,8.833333333333334,10.981132075471697,2,8
11.2,11,2,70,Harbhajan Singh,Brendon McCullum,1,False,-0.5,16,Mumbai,Wankhede Stadium,False,True,68,11,11.333333333333334,81,7.147058823529411,20,177,96,8.666666666666666,11.076923076923078,2,8
11.3,11,3,71,Harbhajan Singh,Ishan Kishan,0,False,1.0,16,Mumbai,Wankhede Stadium,False,True,69,11,11.5,81,7.043478260869565,20,177,96,8.5,11.294117647058824,2,8
11.4,11,4,72,Harbhajan Singh,Ishan Kishan,0,False,1.0,16,Mumbai,Wankhede Stadium,False,True,70,11,11.666666666666666,81,6.942857142857143,20,177,96,8.333333333333334,11.52,2,8
11.5,11,5,73,Harbhajan Singh,Ishan Kishan,0,False,1.0,16,Mumbai,Wankhede Stadium,False,True,71,11,11.833333333333334,81,6.845070422535211,20,177,96,8.166666666666666,11.755102040816327,2,8
11.6,11,6,74,Harbhajan Singh,Ishan Kishan,1,False,-0.5,16,Mumbai,Wankhede Stadium,False,True,72,11,12.0,82,6.833333333333333,20,177,95,8.0,11.875,2,8
12.1,12,1,75,Jasprit Bumrah,Ishan Kishan,1,False,-0.5,16,Mumbai,Wankhede Stadium,False,True,73,12,12.166666666666666,83,6.821917808219179,20,177,94,7.833333333333334,11.999999999999998,2,8
12.2,12,2,76,Jasprit Bumrah,Brendon McCullum,1,False,-0.25,16,Mumbai,Wankhede Stadium,False,True,74,12,12.333333333333334,84,6.8108108108108105,20,177,93,7.666666666666666,12.130434782608697,2,8
12.3,12,3,77,Jasprit Bumrah,Ishan Kishan,0,False,1.0,16,Mumbai,Wankhede Stadium,False,True,75,12,12.5,84,6.72,20,177,93,7.5,12.4,2,8
12.4,12,4,78,Jasprit Bumrah,Ishan Kishan,1,False,-0.5,16,Mumbai,Wankhede Stadium,False,True,76,12,12.666666666666666,85,6.710526315789474,20,177,92,7.333333333333334,12.545454545454545,2,8
12.5,12,5,79,Jasprit Bumrah,Brendon McCullum,6,False,-3.0,16,Mumbai,Wankhede Stadium,False,True,77,12,12.833333333333334,91,7.090909090909091,20,177,86,7.166666666666666,12.000000000000002,2,8
12.6,12,6,80,Jasprit Bumrah,Brendon McCullum,1,False,-0.5,16,Mumbai,Wankhede Stadium,False,True,78,12,13.0,92,7.076923076923077,20,177,85,7.0,12.142857142857142,2,8
13.1,13,1,81,Lasith Malinga,Brendon McCullum,1,False,-0.5,16,Mumbai,Wankhede Stadium,False,True,79,13,13.166666666666666,93,7.063291139240507,20,177,84,6.833333333333334,12.292682926829267,2,8
13.2,13,2,82,Lasith Malinga,Ishan Kishan,1,False,-0.5,16,Mumbai,Wankhede Stadium,False,True,80,13,13.333333333333334,94,7.05,20,177,83,6.666666666666666,12.450000000000001,2,8
13.3,13,3,83,Lasith Malinga,Brendon McCullum,4,False,-2.0,16,Mumbai,Wankhede Stadium,False,True,81,13,13.5,98,7.2592592592592595,20,177,79,6.5,12.153846153846153,2,8
13.4,13,4,84,Lasith Malinga,Brendon McCullum,0,True,5.0,16,Mumbai,Wankhede Stadium,False,True,82,13,13.666666666666666,98,7.170731707317073,20,177,79,6.333333333333334,12.473684210526315,3,7
13.5,13,5,85,Lasith Malinga,Dinesh Karthik,5,False,-1.0,16,Mumbai,Wankhede Stadium,True,False,82,13,13.666666666666666,103,7.536585365853659,20,177,74,6.333333333333334,11.684210526315788,3,7
13.5,13,5,86,Lasith Malinga,Dinesh Karthik,1,False,-0.5,16,Mumbai,Wankhede Stadium,False,True,83,13,13.833333333333334,104,7.518072289156626,20,177,73,6.166666666666666,11.837837837837839,3,7
13.6,13,6,87,Lasith Malinga,Ishan Kishan,0,False,1.0,16,Mumbai,Wankhede Stadium,False,True,84,13,14.0,104,7.428571428571429,20,177,73,6.0,12.166666666666666,3,7
14.1,14,1,88,Hardik Pandya,Dinesh Karthik,1,False,-0.5,16,Mumbai,Wankhede Stadium,False,True,85,14,14.166666666666666,105,7.411764705882353,20,177,72,5.833333333333334,12.342857142857142,3,7
14.2,14,2,89,Hardik Pandya,Ishan Kishan,1,False,-0.5,16,Mumbai,Wankhede Stadium,False,True,86,14,14.333333333333334,106,7.395348837209302,20,177,71,5.666666666666666,12.529411764705884,3,7
14.3,14,3,90,Hardik Pandya,Dinesh Karthik,0,False,1.0,16,Mumbai,Wankhede Stadium,False,True,87,14,14.5,106,7.310344827586207,20,177,71,5.5,12.909090909090908,3,7
14.4,14,4,91,Hardik Pandya,Dinesh Karthik,2,False,-1.0,16,Mumbai,Wankhede Stadium,False,True,88,14,14.666666666666666,108,7.363636363636364,20,177,69,5.333333333333334,12.937499999999998,3,7
14.5,14,5,92,Hardik Pandya,Dinesh Karthik,6,False,-3.0,16,Mumbai,Wankhede Stadium,False,True,89,14,14.833333333333334,114,7.685393258426966,20,177,63,5.166666666666666,12.193548387096776,3,7
14.6,14,6,93,Hardik Pandya,Dinesh Karthik,5,False,-2.5,16,Mumbai,Wankhede Stadium,False,True,90,14,15.0,119,7.933333333333334,20,177,58,5.0,11.6,3,7
15.1,15,1,94,Mitchell McClenaghan,Dinesh Karthik,2,False,-1.0,16,Mumbai,Wankhede Stadium,False,True,91,15,15.166666666666666,121,7.978021978021978,20,177,56,4.833333333333334,11.586206896551722,3,7
15.2,15,2,95,Mitchell McClenaghan,Dinesh Karthik,0,False,1.0,16,Mumbai,Wankhede Stadium,False,True,92,15,15.333333333333334,121,7.891304347826087,20,177,56,4.666666666666666,12.000000000000002,3,7
15.3,15,3,96,Mitchell McClenaghan,Dinesh Karthik,1,False,-1.0,16,Mumbai,Wankhede Stadium,True,False,92,15,15.333333333333334,122,7.956521739130435,20,177,55,4.666666666666666,11.785714285714286,3,7
15.3,15,3,97,Mitchell McClenaghan,Dinesh Karthik,0,False,1.0,16,Mumbai,Wankhede Stadium,False,True,93,15,15.5,122,7.870967741935484,20,177,55,4.5,12.222222222222221,3,7
15.4,15,4,98,Mitchell McClenaghan,Dinesh Karthik,0,False,1.0,16,Mumbai,Wankhede Stadium,False,True,94,15,15.666666666666666,122,7.787234042553192,20,177,55,4.333333333333334,12.69230769230769,3,7
15.5,15,5,99,Mitchell McClenaghan,Dinesh Karthik,2,False,-1.0,16,Mumbai,Wankhede Stadium,False,True,95,15,15.833333333333334,124,7.8315789473684205,20,177,53,4.166666666666666,12.720000000000002,3,7
15.6,15,6,100,Mitchell McClenaghan,Dinesh Karthik,1,False,-0.5,16,Mumbai,Wankhede Stadium,False,True,96,15,16.0,125,7.8125,20,177,52,4.0,13.0,3,7
16.1,16,1,101,Jasprit Bumrah,Dinesh Karthik,2,False,-1.0,16,Mumbai,Wankhede Stadium,False,True,97,16,16.166666666666668,127,7.855670103092783,20,177,50,3.833333333333332,13.04347826086957,3,7
16.2,16,2,102,Jasprit Bumrah,Dinesh Karthik,4,False,-2.0,16,Mumbai,Wankhede Stadium,True,False,97,16,16.166666666666668,131,8.103092783505154,20,177,46,3.833333333333332,12.000000000000004,3,7
16.2,16,2,103,Jasprit Bumrah,Dinesh Karthik,1,False,-0.5,16,Mumbai,Wankhede Stadium,False,True,98,16,16.333333333333332,132,8.081632653061225,20,177,45,3.666666666666668,12.272727272727268,3,7
16.3,16,3,104,Jasprit Bumrah,Ishan Kishan,4,False,-2.0,16,Mumbai,Wankhede Stadium,False,True,99,16,16.5,136,8.242424242424242,20,177,41,3.5,11.714285714285714,3,7
16.4,16,4,105,Jasprit Bumrah,Ishan Kishan,1,False,-0.5,16,Mumbai,Wankhede Stadium,False,True,100,16,16.666666666666668,137,8.219999999999999,20,177,40,3.333333333333332,12.000000000000004,3,7
16.5,16,5,106,Jasprit Bumrah,Dinesh Karthik,2,False,-1.0,16,Mumbai,Wankhede Stadium,False,True,101,16,16.833333333333332,139,8.257425742574258,20,177,38,3.166666666666668,11.999999999999995,3,7
16.6,16,6,107,Jasprit Bumrah,Dinesh Karthik,4,False,-2.0,16,Mumbai,Wankhede Stadium,False,True,102,16,17.0,143,8.411764705882353,20,177,34,3.0,11.333333333333334,3,7
17.1,17,1,108,Mitchell McClenaghan,Ishan Kishan,1,False,-0.5,16,Mumbai,Wankhede Stadium,False,True,103,17,17.166666666666668,144,8.388349514563107,20,177,33,2.833333333333332,11.647058823529417,3,7
17.2,17,2,109,Mitchell McClenaghan,Dinesh Karthik,6,False,-3.0,16,Mumbai,Wankhede Stadium,False,True,104,17,17.333333333333332,150,8.653846153846155,20,177,27,2.666666666666668,10.124999999999995,3,7
17.3,17,3,110,Mitchell McClenaghan,Dinesh Karthik,1,False,-0.5,16,Mumbai,Wankhede Stadium,False,True,105,17,17.5,151,8.628571428571428,20,177,26,2.5,10.4,3,7
17.4,17,4,111,Mitchell McClenaghan,Ishan Kishan,0,True,5.0,16,Mumbai,Wankhede Stadium,False,True,106,17,17.666666666666668,151,8.547169811320755,20,177,26,2.333333333333332,11.142857142857148,4,6
17.5,17,5,112,Mitchell McClenaghan,Dinesh Karthik,1,False,-0.5,16,Mumbai,Wankhede Stadium,False,True,107,17,17.833333333333332,152,8.52336448598131,20,177,25,2.166666666666668,11.538461538461533,4,6
17.6,17,6,113,Mitchell McClenaghan,Jason Roy,0,False,1.0,16,Mumbai,Wankhede Stadium,False,True,108,17,18.0,152,8.444444444444445,20,177,25,2.0,12.5,4,6
18.1,18,1,114,Lasith Malinga,Dinesh Karthik,1,False,-1.0,16,Mumbai,Wankhede Stadium,True,False,108,17,18.0,153,8.5,20,177,24,2.0,12.0,4,6
18.1,18,1,115,Lasith Malinga,Dinesh Karthik,1,False,-0.5,16,Mumbai,Wankhede Stadium,False,True,109,18,18.166666666666668,154,8.477064220183486,20,177,23,1.8333333333333321,12.545454545454554,4,6
18.2,18,2,116,Lasith Malinga,Jason Roy,1,False,-0.5,16,Mumbai,Wankhede Stadium,False,True,110,18,18.333333333333332,155,8.454545454545455,20,177,22,1.6666666666666679,13.19999999999999,4,6
18.3,18,3,117,Lasith Malinga,Dinesh Karthik,1,False,-0.5,16,Mumbai,Wankhede Stadium,False,True,111,18,18.5,156,8.432432432432432,20,177,21,1.5,14.0,4,6
18.4,18,4,118,Lasith Malinga,Jason Roy,1,False,-0.5,16,Mumbai,Wankhede Stadium,False,True,112,18,18.666666666666668,157,8.410714285714285,20,177,20,1.3333333333333321,15.000000000000014,4,6
18.5,18,5,119,Lasith Malinga,Dinesh Karthik,1,False,-0.5,16,Mumbai,Wankhede Stadium,False,True,113,18,18.833333333333332,158,8.389380530973451,20,177,19,1.1666666666666679,16.28571428571427,4,6
18.6,18,6,120,Lasith Malinga,Jason Roy,6,False,-3.0,16,Mumbai,Wankhede Stadium,False,True,114,18,19.0,164,8.631578947368421,20,177,13,1.0,13.0,4,6
19.1,19,1,121,Jasprit Bumrah,Dinesh Karthik,1,False,-0.5,16,Mumbai,Wankhede Stadium,False,True,115,19,19.166666666666668,165,8.608695652173912,20,177,12,0.8333333333333321,14.40000000000002,4,6
19.2,19,2,122,Jasprit Bumrah,Jason Roy,4,False,-2.0,16,Mumbai,Wankhede Stadium,False,True,116,19,19.333333333333332,169,8.741379310344827,20,177,8,0.6666666666666679,11.999999999999979,4,6
19.3,19,3,123,Jasprit Bumrah,Jason Roy,1,False,-0.5,16,Mumbai,Wankhede Stadium,False,True,117,19,19.5,170,8.717948717948717,20,177,7,0.5,14.0,4,6
19.4,19,4,124,Jasprit Bumrah,Dinesh Karthik,1,False,-0.5,16,Mumbai,Wankhede Stadium,False,True,118,19,19.666666666666668,171,8.694915254237287,20,177,6,0.33333333333333215,18.000000000000064,4,6
19.5,19,5,125,Jasprit Bumrah,Jason Roy,1,False,-0.5,16,Mumbai,Wankhede Stadium,False,True,119,19,19.833333333333332,172,8.672268907563026,20,177,5,0.16666666666666785,29.999999999999787,4,6
19.6,19,6,126,Jasprit Bumrah,Dinesh Karthik,2,False,-1.0,16,Mumbai,Wankhede Stadium,False,True,120,19,20.0,174,8.7,20,177,3,0.0,inf,4,6
