Ball Number,over,ball,Ball,bowler,batsman,Runs,is_wicket,bowler_score,match_id,city,stadium,is_extra,legal_delivery,legal_deliveries_count,overs_completed,overs_bowled,total_runs,current_run_rate,total_overs,target,runs_needed,overs_remaining,required_run_rate,wickets_fallen,wickets_in_hand
0.1,0,1,1,Sandeep Sharma,David Warner,0,False,1.0,19,Uppal,Rajiv Gandhi International Stadium,False,True,1,0,0.16666666666666666,0,0.0,20,160,160,19.833333333333332,8.067226890756302,0,10
0.2,0,2,2,Sandeep Sharma,David Warner,0,False,1.0,19,Uppal,Rajiv Gandhi International Stadium,False,True,2,0,0.3333333333333333,0,0.0,20,160,160,19.666666666666668,8.135593220338983,0,10
0.3,0,3,3,Sandeep Sharma,David Warner,0,False,1.0,19,Uppal,Rajiv Gandhi International Stadium,False,True,3,0,0.5,0,0.0,20,160,160,19.5,8.205128205128204,0,10
0.4,0,4,4,Sandeep Sharma,David Warner,1,False,-0.5,19,Uppal,Rajiv Gandhi International Stadium,False,True,4,0,0.6666666666666666,1,1.5,20,160,159,19.333333333333332,8.224137931034484,0,10
0.5,0,5,5,Sandeep Sharma,S Dhawan,1,False,-0.5,19,Uppal,Rajiv Gandhi International Stadium,False,True,5,0,0.8333333333333334,2,2.4,20,160,158,19.166666666666668,8.243478260869566,0,10
0.6,0,6,6,Sandeep Sharma,David Warner,1,False,-0.25,19,Uppal,Rajiv Gandhi International Stadium,False,True,6,0,1.0,3,3.0,20,160,157,19.0,8.263157894736842,0,10
1.1,1,1,7,Ishant Sharma,David Warner,2,False,-1.0,19,Uppal,Rajiv Gandhi International Stadium,True,False,6,0,1.0,5,5.0,20,160,155,19.0,8.157894736842104,0,10
1.1,1,1,8,Ishant Sharma,S Dhawan,1,False,-0.5,19,Uppal,Rajiv Gandhi International Stadium,False,True,7,1,1.1666666666666667,6,5.142857142857142,20,160,154,18.833333333333332,8.176991150442479,0,10
1.2,1,2,9,Ishant Sharma,David Warner,1,False,-0.5,19,Uppal,Rajiv Gandhi International Stadium,False,True,8,1,1.3333333333333333,7,5.25,20,160,153,18.666666666666668,8.196428571428571,0,10
1.3,1,3,10,Ishant Sharma,S Dhawan,0,False,1.0,19,Uppal,Rajiv Gandhi International Stadium,False,True,9,1,1.5,7,4.666666666666667,20,160,153,18.5,8.27027027027027,0,10
1.4,1,4,11,Ishant Sharma,S Dhawan,1,False,-0.5,19,Uppal,Rajiv Gandhi International Stadium,False,True,10,1,1.6666666666666665,8,4.800000000000001,20,160,152,18.333333333333332,8.290909090909091,0,10
1.5,1,5,12,Ishant Sharma,David Warner,0,False,1.0,19,Uppal,Rajiv Gandhi International Stadium,False,True,11,1,1.8333333333333335,8,4.363636363636363,20,160,152,18.166666666666668,8.36697247706422,0,10
1.6,1,6,13,Ishant Sharma,David Warner,1,False,-1.0,19,Uppal,Rajiv Gandhi International Stadium,True,False,11,1,1.8333333333333335,9,4.909090909090908,20,160,151,18.166666666666668,8.311926605504587,0,10
1.6,1,6,14,Ishant Sharma,David Warner,0,False,1.0,19,Uppal,Rajiv Gandhi International Stadium,False,True,12,1,2.0,9,4.5,20,160,151,18.0,8.38888888888889,0,10
2.1,2,1,15,Sandeep Sharma,S Dhawan,2,False,-1.0,19,Uppal,Rajiv Gandhi International Stadium,False,True,13,2,2.1666666666666665,11,5.0769230769230775,20,160,149,17.833333333333332,8.355140186915888,0,10
2.2,2,2,16,Sandeep Sharma,S Dhawan,4,False,-2.0,19,Uppal,Rajiv Gandhi International Stadium,False,True,14,2,2.3333333333333335,15,6.428571428571428,20,160,145,17.666666666666668,8.20754716981132,0,10
2.3,2,3,17,Sandeep Sharma,S Dhawan,0,False,1.0,19,Uppal,Rajiv Gandhi International Stadium,False,True,15,2,2.5,15,6.0,20,160,145,17.5,8.285714285714286,0,10
2.4,2,4,18,Sandeep Sharma,S Dhawan,1,False,-0.25,19,Uppal,Rajiv Gandhi International Stadium,False,True,16,2,2.6666666666666665,16,6.0,20,160,144,17.333333333333332,8.307692307692308,0,10
2.5,2,5,19,Sandeep Sharma,David Warner,1,False,-0.5,19,Uppal,Rajiv Gandhi International Stadium,False,True,17,2,2.8333333333333335,17,6.0,20,160,143,17.166666666666668,8.33009708737864,0,10
2.6,2,6,20,Sandeep Sharma,S Dhawan,1,False,-0.5,19,Uppal,Rajiv Gandhi International Stadium,False,True,18,2,3.0,18,6.0,20,160,142,17.0,8.352941176470589,0,10
3.1,3,1,21,Ishant Sharma,S Dhawan,1,False,-0.5,19,Uppal,Rajiv Gandhi International Stadium,False,True,19,3,3.1666666666666665,19,6.0,20,160,141,16.833333333333332,8.376237623762377,0,10
3.2,3,2,22,Ishant Sharma,David Warner,0,False,1.0,19,Uppal,Rajiv Gandhi International Stadium,False,True,20,3,3.3333333333333335,19,5.7,20,160,141,16.666666666666668,8.459999999999999,0,10
3.3,3,3,23,Ishant Sharma,David Warner,0,False,1.0,19,Uppal,Rajiv Gandhi International Stadium,False,True,21,3,3.5,19,5.428571428571429,20,160,141,16.5,8.545454545454545,0,10
3.4,3,4,24,Ishant Sharma,David Warner,0,False,1.0,19,Uppal,Rajiv Gandhi International Stadium,False,True,22,3,3.6666666666666665,19,5.181818181818182,20,160,141,16.333333333333332,8.63265306122449,0,10
3.5,3,5,25,Ishant Sharma,David Warner,1,False,-0.5,19,Uppal,Rajiv Gandhi International Stadium,False,True,23,3,3.8333333333333335,20,5.217391304347826,20,160,140,16.166666666666668,8.65979381443299,0,10
3.6,3,6,26,Ishant Sharma,S Dhawan,1,False,-0.5,19,Uppal,Rajiv Gandhi International Stadium,False,True,24,3,4.0,21,5.25,20,160,139,16.0,8.6875,0,10
4.1,4,1,27,Mohit Sharma,S Dhawan,1,False,-0.5,19,Uppal,Rajiv Gandhi International Stadium,False,True,25,4,4.166666666666667,22,5.279999999999999,20,160,138,15.833333333333332,8.715789473684211,0,10
4.2,4,2,28,Mohit Sharma,David Warner,0,False,1.0,19,Uppal,Rajiv Gandhi International Stadium,False,True,26,4,4.333333333333333,22,5.0769230769230775,20,160,138,15.666666666666668,8.808510638297872,0,10
4.3,4,3,29,Mohit Sharma,David Warner,1,False,-0.5,19,Uppal,Rajiv Gandhi International Stadium,False,True,27,4,4.5,23,5.111111111111111,20,160,137,15.5,8.838709677419354,0,10
4.4,4,4,30,Mohit Sharma,S Dhawan,2,False,-1.0,19,Uppal,Rajiv Gandhi International Stadium,False,True,28,4,4.666666666666667,25,5.357142857142857,20,160,135,15.333333333333332,8.804347826086957,0,10
4.5,4,5,31,Mohit Sharma,S Dhawan,0,False,1.0,19,Uppal,Rajiv Gandhi International Stadium,False,True,29,4,4.833333333333333,25,5.172413793103448,20,160,135,15.166666666666668,8.9010989010989,0,10
4.6,4,6,32,Mohit Sharma,S Dhawan,0,True,5.0,19,Uppal,Rajiv Gandhi International Stadium,False,True,30,4,5.0,25,5.0,20,160,135,15.0,9.0,1,9
5.1,5,1,33,Ishant Sharma,David Warner,1,False,-0.5,19,Uppal,Rajiv Gandhi International Stadium,False,True,31,5,5.166666666666667,26,5.032258064516129,20,160,134,14.833333333333332,9.03370786516854,1,9
5.2,5,2,34,Ishant Sharma,Moises Henriques,0,False,1.0,19,Uppal,Rajiv Gandhi International Stadium,False,True,32,5,5.333333333333333,26,4.875,20,160,134,14.666666666666668,9.136363636363635,1,9
5.3,5,3,35,Ishant Sharma,Moises Henriques,0,False,1.0,19,Uppal,Rajiv Gandhi International Stadium,False,True,33,5,5.5,26,4.7272727272727275,20,160,134,14.5,9.241379310344827,1,9
5.4,5,4,36,Ishant Sharma,Moises Henriques,0,False,1.0,19,Uppal,Rajiv Gandhi International Stadium,False,True,34,5,5.666666666666667,26,4.588235294117647,20,160,134,14.333333333333332,9.348837209302326,1,9
5.5,5,5,37,Ishant Sharma,Moises Henriques,2,False,-1.0,19,Uppal,Rajiv Gandhi International Stadium,False,True,35,5,5.833333333333333,28,4.8,20,160,132,14.166666666666668,9.317647058823528,1,9
5.6,5,6,38,Ishant Sharma,Moises Henriques,1,False,-0.25,19,Uppal,Rajiv Gandhi International Stadium,False,True,36,5,6.0,29,4.833333333333333,20,160,131,14.0,9.357142857142858,1,9
6.1,6,1,39,KC Cariappa,Moises Henriques,1,False,-0.5,19,Uppal,Rajiv Gandhi International Stadium,False,True,37,6,6.166666666666667,30,4.864864864864865,20,160,130,13.833333333333332,9.397590361445785,1,9
6.2,6,2,40,KC Cariappa,David Warner,1,False,-0.5,19,Uppal,Rajiv Gandhi International Stadium,False,True,38,6,6.333333333333333,31,4.894736842105264,20,160,129,13.666666666666668,9.439024390243901,1,9
6.3,6,3,41,KC Cariappa,Moises Henriques,3,False,-1.5,19,Uppal,Rajiv Gandhi International Stadium,False,True,39,6,6.5,34,5.230769230769231,20,160,126,13.5,9.333333333333334,1,9
6.4,6,4,42,KC Cariappa,David Warner,4,False,-2.0,19,Uppal,Rajiv Gandhi International Stadium,False,True,40,6,6.666666666666667,38,5.7,20,160,122,13.333333333333332,9.15,1,9
6.5,6,5,43,KC Cariappa,David Warner,1,False,-0.5,19,Uppal,Rajiv Gandhi International Stadium,False,True,41,6,6.833333333333333,39,5.707317073170732,20,160,121,13.166666666666668,9.189873417721518,1,9
6.6,6,6,44,KC Cariappa,Moises Henriques,1,False,-0.5,19,Uppal,Rajiv Gandhi International Stadium,False,True,42,6,7.0,40,5.714285714285714,20,160,120,13.0,9.23076923076923,1,9
7.1,7,1,45,Mohit Sharma,Moises Henriques,0,False,1.0,19,Uppal,Rajiv Gandhi International Stadium,False,True,43,7,7.166666666666667,40,5.5813953488372094,20,160,120,12.833333333333332,9.350649350649352,1,9
7.2,7,2,46,Mohit Sharma,Moises Henriques,0,False,1.0,19,Uppal,Rajiv Gandhi International Stadium,False,True,44,7,7.333333333333333,40,5.454545454545455,20,160,120,12.666666666666668,9.473684210526315,1,9
7.3,7,3,47,Mohit Sharma,Moises Henriques,0,False,1.0,19,Uppal,Rajiv Gandhi International Stadium,False,True,45,7,7.5,40,5.333333333333333,20,160,120,12.5,9.6,1,9
7.4,7,4,48,Mohit Sharma,Moises Henriques,0,False,1.0,19,Uppal,Rajiv Gandhi International Stadium,False,True,46,7,7.666666666666667,40,5.217391304347826,20,160,120,12.333333333333332,9.72972972972973,1,9
7.5,7,5,49,Mohit Sharma,Moises Henriques,1,False,-0.5,19,Uppal,Rajiv Gandhi International Stadium,False,True,47,7,7.833333333333333,41,5.23404255319149,20,160,119,12.166666666666668,9.780821917808218,1,9
7.6,7,6,50,Mohit Sharma,David Warner,1,False,-0.5,19,Uppal,Rajiv Gandhi International Stadium,False,True,48,7,8.0,42,5.25,20,160,118,12.0,9.833333333333334,1,9
8.1,8,1,51,KC Cariappa,David Warner,0,False,1.0,19,Uppal,Rajiv Gandhi International Stadium,False,True,49,8,8.166666666666666,42,5.142857142857143,20,160,118,11.833333333333334,9.971830985915492,1,9
8.2,8,2,52,KC Cariappa,David Warner,1,False,-0.5,19,Uppal,Rajiv Gandhi International Stadium,False,True,50,8,8.333333333333334,43,5.159999999999999,20,160,117,11.666666666666666,10.028571428571428,1,9
8.3,8,3,53,KC Cariappa,Moises Henriques,0,False,1.0,19,Uppal,Rajiv Gandhi International Stadium,False,True,51,8,8.5,43,5.0588235294117645,20,160,117,11.5,10.173913043478262,1,9
8.4,8,4,54,KC Cariappa,Moises Henriques,1,False,-0.5,19,Uppal,Rajiv Gandhi International Stadium,False,True,52,8,8.666666666666666,44,5.0769230769230775,20,160,116,11.333333333333334,10.235294117647058,1,9
8.5,8,5,55,KC Cariappa,David Warner,0,False,1.0,19,Uppal,Rajiv Gandhi International Stadium,False,True,53,8,8.833333333333334,44,4.981132075471698,20,160,116,11.166666666666666,10.388059701492537,1,9
8.6,8,6,56,KC Cariappa,David Warner,6,False,-3.0,19,Uppal,Rajiv Gandhi International Stadium,False,True,54,8,9.0,50,5.555555555555555,20,160,110,11.0,10.0,1,9
9.1,9,1,57,Axar Patel,Moises Henriques,0,True,5.0,19,Uppal,Rajiv Gandhi International Stadium,False,True,55,9,9.166666666666666,50,5.454545454545455,20,160,110,10.833333333333334,10.153846153846153,2,8
9.2,9,2,58,Axar Patel,Yuvraj Singh,0,True,5.0,19,Uppal,Rajiv Gandhi International Stadium,False,True,56,9,9.333333333333334,50,5.357142857142857,20,160,110,10.666666666666666,10.3125,3,7
9.3,9,3,59,Axar Patel,Naman Ojha,0,False,1.0,19,Uppal,Rajiv Gandhi International Stadium,False,True,57,9,9.5,50,5.2631578947368425,20,160,110,10.5,10.476190476190476,3,7
9.4,9,4,60,Axar Patel,Naman Ojha,1,False,-0.5,19,Uppal,Rajiv Gandhi International Stadium,False,True,58,9,9.666666666666666,51,5.275862068965518,20,160,109,10.333333333333334,10.548387096774192,3,7
9.5,9,5,61,Axar Patel,David Warner,1,False,-0.5,19,Uppal,Rajiv Gandhi International Stadium,False,True,59,9,9.833333333333334,52,5.288135593220339,20,160,108,10.166666666666666,10.622950819672132,3,7
9.6,9,6,62,Axar Patel,Naman Ojha,1,False,-1.0,19,Uppal,Rajiv Gandhi International Stadium,True,False,59,9,9.833333333333334,53,5.389830508474576,20,160,107,10.166666666666666,10.524590163934427,3,7
9.6,9,6,63,Axar Patel,Naman Ojha,1,False,-0.5,19,Uppal,Rajiv Gandhi International Stadium,False,True,60,9,10.0,54,5.4,20,160,106,10.0,10.6,3,7
10.1,10,1,64,KC Cariappa,Naman Ojha,4,False,-2.0,19,Uppal,Rajiv Gandhi International Stadium,False,True,61,10,10.166666666666666,58,5.704918032786885,20,160,102,9.833333333333334,10.372881355932202,3,7
10.2,10,2,65,KC Cariappa,Naman Ojha,1,False,-0.5,19,Uppal,Rajiv Gandhi International Stadium,False,True,62,10,10.333333333333334,59,5.709677419354838,20,160,101,9.666666666666666,10.448275862068966,3,7
10.3,10,3,66,KC Cariappa,David Warner,4,False,-2.0,19,Uppal,Rajiv Gandhi International Stadium,False,True,63,10,10.5,63,6.0,20,160,97,9.5,10.210526315789474,3,7
10.4,10,4,67,KC Cariappa,David Warner,2,False,-1.0,19,Uppal,Rajiv Gandhi International Stadium,False,True,64,10,10.666666666666666,65,6.09375,20,160,95,9.333333333333334,10.178571428571427,3,7
10.5,10,5,68,KC Cariappa,David Warner,1,False,-0.5,19,Uppal,Rajiv Gandhi International Stadium,False,True,65,10,10.833333333333334,66,6.092307692307692,20,160,94,9.166666666666666,10.254545454545456,3,7
10.6,10,6,69,KC Cariappa,Naman Ojha,0,False,1.0,19,Uppal,Rajiv Gandhi International Stadium,False,True,66,10,11.0,66,6.0,20,160,94,9.0,10.444444444444445,3,7
11.1,11,1,70,Axar Patel,David Warner,0,False,1.0,19,Uppal,Rajiv Gandhi International Stadium,False,True,67,11,11.166666666666666,66,5.91044776119403,20,160,94,8.833333333333334,10.641509433962263,3,7
11.2,11,2,71,Axar Patel,David Warner,1,False,-0.5,19,Uppal,Rajiv Gandhi International Stadium,False,True,68,11,11.333333333333334,67,5.911764705882352,20,160,93,8.666666666666666,10.730769230769232,3,7
11.3,11,3,72,Axar Patel,Naman Ojha,0,False,1.0,19,Uppal,Rajiv Gandhi International Stadium,False,True,69,11,11.5,67,5.826086956521739,20,160,93,8.5,10.941176470588236,3,7
11.4,11,4,73,Axar Patel,Naman Ojha,2,False,-1.0,19,Uppal,Rajiv Gandhi International Stadium,False,True,70,11,11.666666666666666,69,5.914285714285715,20,160,91,8.333333333333334,10.92,3,7
11.5,11,5,74,Axar Patel,Naman Ojha,2,False,-1.0,19,Uppal,Rajiv Gandhi International Stadium,False,True,71,11,11.833333333333334,71,6.0,20,160,89,8.166666666666666,10.89795918367347,3,7
11.6,11,6,75,Axar Patel,Naman Ojha,4,False,-2.0,19,Uppal,Rajiv Gandhi International Stadium,False,True,72,11,12.0,75,6.25,20,160,85,8.0,10.625,3,7
12.1,12,1,76,Sandeep Sharma,David Warner,1,False,-0.5,19,Uppal,Rajiv Gandhi International Stadium,False,True,73,12,12.166666666666666,76,6.2465753424657535,20,160,84,7.833333333333334,10.723404255319148,3,7
12.2,12,2,77,Sandeep Sharma,Naman Ojha,2,False,-1.0,19,Uppal,Rajiv Gandhi International Stadium,False,True,74,12,12.333333333333334,78,6.324324324324324,20,160,82,7.666666666666666,10.695652173913045,3,7
12.3,12,3,78,Sandeep Sharma,Naman Ojha,3,False,-1.5,19,Uppal,Rajiv Gandhi International Stadium,False,True,75,12,12.5,81,6.48,20,160,79,7.5,10.533333333333333,3,7
12.4,12,4,79,Sandeep Sharma,David Warner,0,False,1.0,19,Uppal,Rajiv Gandhi International Stadium,False,True,76,12,12.666666666666666,81,6.394736842105264,20,160,79,7.333333333333334,10.772727272727272,3,7
12.5,12,5,80,Sandeep Sharma,David Warner,4,False,-2.0,19,Uppal,Rajiv Gandhi International Stadium,False,True,77,12,12.833333333333334,85,6.623376623376623,20,160,75,7.166666666666666,10.465116279069768,3,7
12.6,12,6,81,Sandeep Sharma,David Warner,1,False,-0.5,19,Uppal,Rajiv Gandhi International Stadium,False,True,78,12,13.0,86,6.615384615384615,20,160,74,7.0,10.571428571428571,3,7
13.1,13,1,82,Axar Patel,David Warner,0,False,1.0,19,Uppal,Rajiv Gandhi International Stadium,False,True,79,13,13.166666666666666,86,6.531645569620253,20,160,74,6.833333333333334,10.829268292682926,3,7
13.2,13,2,83,Axar Patel,David Warner,1,False,-0.5,19,Uppal,Rajiv Gandhi International Stadium,False,True,80,13,13.333333333333334,87,6.5249999999999995,20,160,73,6.666666666666666,10.950000000000001,3,7
13.3,13,3,84,Axar Patel,Naman Ojha,1,False,-0.5,19,Uppal,Rajiv Gandhi International Stadium,False,True,81,13,13.5,88,6.518518518518518,20,160,72,6.5,11.076923076923077,3,7
13.4,13,4,85,Axar Patel,David Warner,1,False,-0.5,19,Uppal,Rajiv Gandhi International Stadium,False,True,82,13,13.666666666666666,89,6.51219512195122,20,160,71,6.333333333333334,11.210526315789473,3,7
13.5,13,5,86,Axar Patel,Naman Ojha,6,False,-3.0,19,Uppal,Rajiv Gandhi International Stadium,False,True,83,13,13.833333333333334,95,6.867469879518072,20,160,65,6.166666666666666,10.540540540540542,3,7
13.6,13,6,87,Axar Patel,Naman Ojha,1,False,-0.5,19,Uppal,Rajiv Gandhi International Stadium,False,True,84,13,14.0,96,6.857142857142857,20,160,64,6.0,10.666666666666666,3,7
14.1,14,1,88,Ishant Sharma,Naman Ojha,1,False,-0.5,19,Uppal,Rajiv Gandhi International Stadium,False,True,85,14,14.166666666666666,97,6.847058823529412,20,160,63,5.833333333333334,10.799999999999999,3,7
14.2,14,2,89,Ishant Sharma,David Warner,4,False,-2.0,19,Uppal,Rajiv Gandhi International Stadium,False,True,86,14,14.333333333333334,101,7.046511627906977,20,160,59,5.666666666666666,10.411764705882353,3,7
14.3,14,3,90,Ishant Sharma,David Warner,1,False,-0.5,19,Uppal,Rajiv Gandhi International Stadium,False,True,87,14,14.5,102,7.0344827586206895,20,160,58,5.5,10.545454545454545,3,7
14.4,14,4,91,Ishant Sharma,Naman Ojha,1,False,-1.0,19,Uppal,Rajiv Gandhi International Stadium,True,False,87,14,14.5,103,7.103448275862069,20,160,57,5.5,10.363636363636363,3,7
14.4,14,4,92,Ishant Sharma,Naman Ojha,3,False,-1.5,19,Uppal,Rajiv Gandhi International Stadium,False,True,88,14,14.666666666666666,106,7.2272727272727275,20,160,54,5.333333333333334,10.124999999999998,3,7
14.5,14,5,93,Ishant Sharma,David Warner,1,False,-0.25,19,Uppal,Rajiv Gandhi International Stadium,False,True,89,14,14.833333333333334,107,7.213483146067415,20,160,53,5.166666666666666,10.258064516129034,3,7
14.6,14,6,94,Ishant Sharma,Naman Ojha,1,False,-0.5,19,Uppal,Rajiv Gandhi International Stadium,False,True,90,14,15.0,108,7.2,20,160,52,5.0,10.4,3,7
15.1,15,1,95,KC Cariappa,Naman Ojha,1,False,-0.5,19,Uppal,Rajiv Gandhi International Stadium,False,True,91,15,15.166666666666666,109,7.186813186813187,20,160,51,4.833333333333334,10.551724137931034,3,7
15.2,15,2,96,KC Cariappa,David Warner,1,False,-0.5,19,Uppal,Rajiv Gandhi International Stadium,False,True,92,15,15.333333333333334,110,7.173913043478261,20,160,50,4.666666666666666,10.714285714285715,3,7
15.3,15,3,97,KC Cariappa,Naman Ojha,0,True,5.0,19,Uppal,Rajiv Gandhi International Stadium,False,True,93,15,15.5,110,7.096774193548387,20,160,50,4.5,11.11111111111111,4,6
15.4,15,4,98,KC Cariappa,Deepak Hooda,1,False,-0.5,19,Uppal,Rajiv Gandhi International Stadium,False,True,94,15,15.666666666666666,111,7.085106382978724,20,160,49,4.333333333333334,11.307692307692307,4,6
15.5,15,5,99,KC Cariappa,David Warner,1,False,-1.0,19,Uppal,Rajiv Gandhi International Stadium,True,False,94,15,15.666666666666666,112,7.1489361702127665,20,160,48,4.333333333333334,11.076923076923075,4,6
15.5,15,5,100,KC Cariappa,David Warner,2,False,-1.0,19,Uppal,Rajiv Gandhi International Stadium,False,True,95,15,15.833333333333334,114,7.199999999999999,20,160,46,4.166666666666666,11.040000000000001,4,6
15.6,15,6,101,KC Cariappa,David Warner,1,False,-0.5,19,Uppal,Rajiv Gandhi International Stadium,False,True,96,15,16.0,115,7.1875,20,160,45,4.0,11.25,4,6
16.1,16,1,102,Mohit Sharma,David Warner,2,False,-1.0,19,Uppal,Rajiv Gandhi International Stadium,False,True,97,16,16.166666666666668,117,7.237113402061855,20,160,43,3.833333333333332,11.21739130434783,4,6
16.2,16,2,103,Mohit Sharma,David Warner,4,False,-2.0,19,Uppal,Rajiv Gandhi International Stadium,False,True,98,16,16.333333333333332,121,7.408163265306123,20,160,39,3.666666666666668,10.636363636363633,4,6
16.3,16,3,104,Mohit Sharma,David Warner,1,False,-0.5,19,Uppal,Rajiv Gandhi International Stadium,False,True,99,16,16.5,122,7.393939393939394,20,160,38,3.5,10.857142857142858,4,6
16.4,16,4,105,Mohit Sharma,Deepak Hooda,1,False,-0.5,19,Uppal,Rajiv Gandhi International Stadium,False,True,100,16,16.666666666666668,123,7.38,20,160,37,3.333333333333332,11.100000000000003,4,6
16.5,16,5,106,Mohit Sharma,David Warner,1,False,-0.5,19,Uppal,Rajiv Gandhi International Stadium,False,True,101,16,16.833333333333332,124,7.366336633663367,20,160,36,3.166666666666668,11.368421052631575,4,6
16.6,16,6,107,Mohit Sharma,Deepak Hooda,0,False,1.0,19,Uppal,Rajiv Gandhi International Stadium,False,True,102,16,17.0,124,7.294117647058823,20,160,36,3.0,12.0,4,6
17.1,17,1,108,Axar Patel,David Warner,1,False,-0.5,19,Uppal,Rajiv Gandhi International Stadium,False,True,103,17,17.166666666666668,125,7.281553398058252,20,160,35,2.833333333333332,12.352941176470594,4,6
17.2,17,2,109,Axar Patel,Deepak Hooda,2,False,-1.0,19,Uppal,Rajiv Gandhi International Stadium,False,True,104,17,17.333333333333332,127,7.3269230769230775,20,160,33,2.666666666666668,12.374999999999995,4,6
17.3,17,3,110,Axar Patel,Deepak Hooda,0,False,1.0,19,Uppal,Rajiv Gandhi International Stadium,False,True,105,17,17.5,127,7.257142857142857,20,160,33,2.5,13.2,4,6
17.4,17,4,111,Axar Patel,Deepak Hooda,2,False,-1.0,19,Uppal,Rajiv Gandhi International Stadium,False,True,106,17,17.666666666666668,129,7.30188679245283,20,160,31,2.333333333333332,13.285714285714292,4,6
17.5,17,5,112,Axar Patel,Deepak Hooda,4,False,-2.0,19,Uppal,Rajiv Gandhi International Stadium,False,True,107,17,17.833333333333332,133,7.4579439252336455,20,160,27,2.166666666666668,12.461538461538455,4,6
17.6,17,6,113,Axar Patel,Deepak Hooda,1,False,-0.5,19,Uppal,Rajiv Gandhi International Stadium,False,True,108,17,18.0,134,7.444444444444445,20,160,26,2.0,13.0,4,6
18.1,18,1,114,Mohit Sharma,Deepak Hooda,1,False,-0.5,19,Uppal,Rajiv Gandhi International Stadium,False,True,109,18,18.166666666666668,135,7.431192660550458,20,160,25,1.8333333333333321,13.636363636363646,4,6
18.2,18,2,115,Mohit Sharma,David Warner,4,False,-2.0,19,Uppal,Rajiv Gandhi International Stadium,False,True,110,18,18.333333333333332,139,7.581818181818182,20,160,21,1.6666666666666679,12.59999999999999,4,6
18.3,18,3,116,Mohit Sharma,David Warner,1,False,-0.5,19,Uppal,Rajiv Gandhi International Stadium,False,True,111,18,18.5,140,7.5675675675675675,20,160,20,1.5,13.333333333333334,4,6
18.4,18,4,117,Mohit Sharma,Deepak Hooda,0,True,5.0,19,Uppal,Rajiv Gandhi International Stadium,False,True,112,18,18.666666666666668,140,7.499999999999999,20,160,20,1.3333333333333321,15.000000000000014,5,5
18.5,18,5,118,Mohit Sharma,David Warner,4,False,-2.0,19,Uppal,Rajiv Gandhi International Stadium,False,True,113,18,18.833333333333332,144,7.646017699115045,20,160,16,1.1666666666666679,13.714285714285701,5,5
18.6,18,6,119,Mohit Sharma,David Warner,0,False,1.0,19,Uppal,Rajiv Gandhi International Stadium,False,True,114,18,19.0,144,7.578947368421052,20,160,16,1.0,16.0,5,5
19.1,19,1,120,Sandeep Sharma,M Nabi,0,False,1.0,19,Uppal,Rajiv Gandhi International Stadium,False,True,115,19,19.166666666666668,144,7.513043478260869,20,160,16,0.8333333333333321,19.200000000000028,5,5
19.2,19,2,121,Sandeep Sharma,M Nabi,2,False,-1.0,19,Uppal,Rajiv Gandhi International Stadium,False,True,116,19,19.333333333333332,146,7.551724137931035,20,160,14,0.6666666666666679,20.999999999999964,5,5
19.3,19,3,122,Sandeep Sharma,M Nabi,0,True,5.0,19,Uppal,Rajiv Gandhi International Stadium,False,True,117,19,19.5,146,7.487179487179487,20,160,14,0.5,28.0,6,4
19.4,19,4,123,Sandeep Sharma,David Warner,6,False,-3.0,19,Uppal,Rajiv Gandhi International Stadium,False,True,118,19,19.666666666666668,152,7.728813559322034,20,160,8,0.33333333333333215,24.000000000000085,6,4
19.5,19,5,124,Sandeep Sharma,David Warner,1,False,-0.25,19,Uppal,Rajiv Gandhi International Stadium,False,True,119,19,19.833333333333332,153,7.714285714285714,20,160,7,0.16666666666666785,41.9999999999997,6,4
19.6,19,6,125,Sandeep Sharma,Rashid Khan,6,False,-3.0,19,Uppal,Rajiv Gandhi International Stadium,False,True,120,19,20.0,159,7.95,20,160,1,0.0,inf,6,4
