Ball Number,over,ball,Ball,bowler,batsman,Runs,is_wicket,bowler_score,match_id,city,stadium,is_extra,legal_delivery,legal_deliveries_count,overs_completed,overs_bowled,total_runs,current_run_rate,total_overs,target,runs_needed,overs_remaining,required_run_rate,wickets_fallen,wickets_in_hand
0.1,0,1,1,Ashish Nehra,Chris Gayle,1,False,-0.5,1,Uppal,Rajiv Gandhi International Stadium,False,True,1,0,0.16666666666666666,1,6.0,20,208,207,19.833333333333332,10.436974789915967,0,10
0.2,0,2,2,Ashish Nehra,Mandeep Singh,0,False,1.0,1,Uppal,Rajiv Gandhi International Stadium,False,True,2,0,0.3333333333333333,1,3.0,20,208,207,19.666666666666668,10.525423728813559,0,10
0.3,0,3,3,Ashish Nehra,Mandeep Singh,0,False,1.0,1,Uppal,Rajiv Gandhi International Stadium,False,True,3,0,0.5,1,2.0,20,208,207,19.5,10.615384615384615,0,10
0.4,0,4,4,Ashish Nehra,Mandeep Singh,2,False,-1.0,1,Uppal,Rajiv Gandhi International Stadium,False,True,4,0,0.6666666666666666,3,4.5,20,208,205,19.333333333333332,10.60344827586207,0,10
0.5,0,5,5,Ashish Nehra,Mandeep Singh,4,False,-2.0,1,Uppal,Rajiv Gandhi International Stadium,False,True,5,0,0.8333333333333334,7,8.4,20,208,201,19.166666666666668,10.48695652173913,0,10
0.6,0,6,6,Ashish Nehra,Mandeep Singh,4,False,-2.0,1,Uppal,Rajiv Gandhi International Stadium,False,True,6,0,1.0,11,11.0,20,208,197,19.0,10.368421052631579,0,10
1.1,1,1,7,Bhuvneshwar Kumar,Chris Gayle,0,False,1.0,1,Uppal,Rajiv Gandhi International Stadium,False,True,7,1,1.1666666666666667,11,9.428571428571429,20,208,197,18.833333333333332,10.460176991150442,0,10
1.2,1,2,8,Bhuvneshwar Kumar,Chris Gayle,0,False,1.0,1,Uppal,Rajiv Gandhi International Stadium,False,True,8,1,1.3333333333333333,11,8.25,20,208,197,18.666666666666668,10.553571428571427,0,10
1.3,1,3,9,Bhuvneshwar Kumar,Chris Gayle,1,False,-0.5,1,Uppal,Rajiv Gandhi International Stadium,False,True,9,1,1.5,12,8.0,20,208,196,18.5,10.594594594594595,0,10
1.4,1,4,10,Bhuvneshwar Kumar,Mandeep Singh,0,False,1.0,1,Uppal,Rajiv Gandhi International Stadium,False,True,10,1,1.6666666666666665,12,7.200000000000001,20,208,196,18.333333333333332,10.690909090909091,0,10
1.5,1,5,11,Bhuvneshwar Kumar,Mandeep Singh,0,False,1.0,1,Uppal,Rajiv Gandhi International Stadium,False,True,11,1,1.8333333333333335,12,6.545454545454545,20,208,196,18.166666666666668,10.788990825688073,0,10
1.6,1,6,12,Bhuvneshwar Kumar,Mandeep Singh,0,False,1.0,1,Uppal,Rajiv Gandhi International Stadium,False,True,12,1,2.0,12,6.0,20,208,196,18.0,10.88888888888889,0,10
2.1,2,1,13,Ashish Nehra,Chris Gayle,0,False,1.0,1,Uppal,Rajiv Gandhi International Stadium,False,True,13,2,2.1666666666666665,12,5.538461538461539,20,208,196,17.833333333333332,10.990654205607477,0,10
2.2,2,2,14,Ashish Nehra,Chris Gayle,4,False,-2.0,1,Uppal,Rajiv Gandhi International Stadium,False,True,14,2,2.3333333333333335,16,6.857142857142857,20,208,192,17.666666666666668,10.867924528301886,0,10
2.3,2,3,15,Ashish Nehra,Chris Gayle,1,False,-0.5,1,Uppal,Rajiv Gandhi International Stadium,False,True,15,2,2.5,17,6.8,20,208,191,17.5,10.914285714285715,0,10
2.4,2,4,16,Ashish Nehra,Mandeep Singh,4,False,-2.0,1,Uppal,Rajiv Gandhi International Stadium,False,True,16,2,2.6666666666666665,21,7.875,20,208,187,17.333333333333332,10.788461538461538,0,10
2.5,2,5,17,Ashish Nehra,Mandeep Singh,1,False,-0.5,1,Uppal,Rajiv Gandhi International Stadium,False,True,17,2,2.8333333333333335,22,7.764705882352941,20,208,186,17.166666666666668,10.834951456310678,0,10
2.6,2,6,18,Ashish Nehra,Chris Gayle,6,False,-3.0,1,Uppal,Rajiv Gandhi International Stadium,False,True,18,2,3.0,28,9.333333333333334,20,208,180,17.0,10.588235294117647,0,10
3.1,3,1,19,Bhuvneshwar Kumar,Mandeep Singh,1,False,-0.5,1,Uppal,Rajiv Gandhi International Stadium,False,True,19,3,3.1666666666666665,29,9.157894736842106,20,208,179,16.833333333333332,10.633663366336634,0,10
3.2,3,2,20,Bhuvneshwar Kumar,Chris Gayle,6,False,-3.0,1,Uppal,Rajiv Gandhi International Stadium,False,True,20,3,3.3333333333333335,35,10.5,20,208,173,16.666666666666668,10.379999999999999,0,10
3.3,3,3,21,Bhuvneshwar Kumar,Chris Gayle,2,False,-1.0,1,Uppal,Rajiv Gandhi International Stadium,False,True,21,3,3.5,37,10.571428571428571,20,208,171,16.5,10.363636363636363,0,10
3.4,3,4,22,Bhuvneshwar Kumar,Chris Gayle,1,False,-1.0,1,Uppal,Rajiv Gandhi International Stadium,True,False,21,3,3.5,38,10.857142857142858,20,208,170,16.5,10.303030303030303,0,10
3.4,3,4,23,Bhuvneshwar Kumar,Chris Gayle,0,False,1.0,1,Uppal,Rajiv Gandhi International Stadium,False,True,22,3,3.6666666666666665,38,10.363636363636363,20,208,170,16.333333333333332,10.408163265306124,0,10
3.5,3,5,24,Bhuvneshwar Kumar,Chris Gayle,1,False,-0.5,1,Uppal,Rajiv Gandhi International Stadium,False,True,23,3,3.8333333333333335,39,10.17391304347826,20,208,169,16.166666666666668,10.453608247422679,0,10
3.6,3,6,25,Bhuvneshwar Kumar,Mandeep Singh,4,False,-2.0,1,Uppal,Rajiv Gandhi International Stadium,False,True,24,3,4.0,43,10.75,20,208,165,16.0,10.3125,0,10
4.1,4,1,26,Ben Cutting,Chris Gayle,0,False,1.0,1,Uppal,Rajiv Gandhi International Stadium,False,True,25,4,4.166666666666667,43,10.319999999999999,20,208,165,15.833333333333332,10.421052631578949,0,10
4.2,4,2,27,Ben Cutting,Chris Gayle,0,False,1.0,1,Uppal,Rajiv Gandhi International Stadium,False,True,26,4,4.333333333333333,43,9.923076923076923,20,208,165,15.666666666666668,10.53191489361702,0,10
4.3,4,3,28,Ben Cutting,Chris Gayle,0,False,1.0,1,Uppal,Rajiv Gandhi International Stadium,False,True,27,4,4.5,43,9.555555555555555,20,208,165,15.5,10.64516129032258,0,10
4.4,4,4,29,Ben Cutting,Chris Gayle,1,False,-1.0,1,Uppal,Rajiv Gandhi International Stadium,True,False,27,4,4.5,44,9.777777777777779,20,208,164,15.5,10.580645161290322,0,10
4.4,4,4,30,Ben Cutting,Chris Gayle,0,False,1.0,1,Uppal,Rajiv Gandhi International Stadium,False,True,28,4,4.666666666666667,44,9.428571428571429,20,208,164,15.333333333333332,10.695652173913045,0,10
4.5,4,5,31,Ben Cutting,Chris Gayle,0,False,1.0,1,Uppal,Rajiv Gandhi International Stadium,False,True,29,4,4.833333333333333,44,9.10344827586207,20,208,164,15.166666666666668,10.813186813186812,0,10
4.6,4,6,32,Ben Cutting,Chris Gayle,4,False,-2.0,1,Uppal,Rajiv Gandhi International Stadium,False,True,30,4,5.0,48,9.6,20,208,160,15.0,10.666666666666666,0,10
5.1,5,1,33,Rashid Khan,Mandeep Singh,0,False,1.0,1,Uppal,Rajiv Gandhi International Stadium,False,True,31,5,5.166666666666667,48,9.29032258064516,20,208,160,14.833333333333332,10.786516853932586,0,10
5.2,5,2,34,Rashid Khan,Mandeep Singh,4,False,-2.0,1,Uppal,Rajiv Gandhi International Stadium,False,True,32,5,5.333333333333333,52,9.75,20,208,156,14.666666666666668,10.636363636363635,0,10
5.3,5,3,35,Rashid Khan,Mandeep Singh,0,False,1.0,1,Uppal,Rajiv Gandhi International Stadium,False,True,33,5,5.5,52,9.454545454545455,20,208,156,14.5,10.758620689655173,0,10
5.4,5,4,36,Rashid Khan,Mandeep Singh,0,True,5.0,1,Uppal,Rajiv Gandhi International Stadium,False,True,34,5,5.666666666666667,52,9.176470588235293,20,208,156,14.333333333333332,10.88372093023256,1,9
5.5,5,5,37,Rashid Khan,Travis Head,2,False,-1.0,1,Uppal,Rajiv Gandhi International Stadium,False,True,35,5,5.833333333333333,54,9.257142857142858,20,208,154,14.166666666666668,10.870588235294116,1,9
5.6,5,6,38,Rashid Khan,Travis Head,0,False,1.0,1,Uppal,Rajiv Gandhi International Stadium,False,True,36,5,6.0,54,9.0,20,208,154,14.0,11.0,1,9
6.1,6,1,39,Deepak Hooda,Chris Gayle,0,False,1.0,1,Uppal,Rajiv Gandhi International Stadium,False,True,37,6,6.166666666666667,54,8.756756756756756,20,208,154,13.833333333333332,11.13253012048193,1,9
6.2,6,2,40,Deepak Hooda,Chris Gayle,6,False,-3.0,1,Uppal,Rajiv Gandhi International Stadium,False,True,38,6,6.333333333333333,60,9.473684210526317,20,208,148,13.666666666666668,10.829268292682926,1,9
6.3,6,3,41,Deepak Hooda,Chris Gayle,0,True,5.0,1,Uppal,Rajiv Gandhi International Stadium,False,True,39,6,6.5,60,9.23076923076923,20,208,148,13.5,10.962962962962964,2,8
6.4,6,4,42,Deepak Hooda,Travis Head,0,False,1.0,1,Uppal,Rajiv Gandhi International Stadium,False,True,40,6,6.666666666666667,60,9.0,20,208,148,13.333333333333332,11.100000000000001,2,8
6.5,6,5,43,Deepak Hooda,Travis Head,1,False,-0.5,1,Uppal,Rajiv Gandhi International Stadium,False,True,41,6,6.833333333333333,61,8.926829268292684,20,208,147,13.166666666666668,11.164556962025316,2,8
6.6,6,6,44,Deepak Hooda,Kedar Jadhav,0,False,1.0,1,Uppal,Rajiv Gandhi International Stadium,False,True,42,6,7.0,61,8.714285714285714,20,208,147,13.0,11.307692307692308,2,8
7.1,7,1,45,Rashid Khan,Travis Head,4,False,-2.0,1,Uppal,Rajiv Gandhi International Stadium,False,True,43,7,7.166666666666667,65,9.069767441860465,20,208,143,12.833333333333332,11.142857142857144,2,8
7.2,7,2,46,Rashid Khan,Travis Head,2,False,-1.0,1,Uppal,Rajiv Gandhi International Stadium,False,True,44,7,7.333333333333333,67,9.136363636363637,20,208,141,12.666666666666668,11.13157894736842,2,8
7.3,7,3,47,Rashid Khan,Travis Head,1,False,-0.5,1,Uppal,Rajiv Gandhi International Stadium,False,True,45,7,7.5,68,9.066666666666666,20,208,140,12.5,11.2,2,8
7.4,7,4,48,Rashid Khan,Kedar Jadhav,1,False,-0.5,1,Uppal,Rajiv Gandhi International Stadium,False,True,46,7,7.666666666666667,69,9.0,20,208,139,12.333333333333332,11.270270270270272,2,8
7.5,7,5,49,Rashid Khan,Travis Head,1,False,-0.5,1,Uppal,Rajiv Gandhi International Stadium,False,True,47,7,7.833333333333333,70,8.936170212765958,20,208,138,12.166666666666668,11.342465753424657,2,8
7.6,7,6,50,Rashid Khan,Kedar Jadhav,4,False,-2.0,1,Uppal,Rajiv Gandhi International Stadium,False,True,48,7,8.0,74,9.25,20,208,134,12.0,11.166666666666666,2,8
8.1,8,1,51,Ben Cutting,Travis Head,1,False,-0.5,1,Uppal,Rajiv Gandhi International Stadium,False,True,49,8,8.166666666666666,75,9.183673469387756,20,208,133,11.833333333333334,11.23943661971831,2,8
8.2,8,2,52,Ben Cutting,Kedar Jadhav,1,False,-1.0,1,Uppal,Rajiv Gandhi International Stadium,True,False,49,8,8.166666666666666,76,9.306122448979593,20,208,132,11.833333333333334,11.154929577464788,2,8
8.2,8,2,53,Ben Cutting,Kedar Jadhav,0,False,1.0,1,Uppal,Rajiv Gandhi International Stadium,False,True,50,8,8.333333333333334,76,9.12,20,208,132,11.666666666666666,11.314285714285715,2,8
8.3,8,3,54,Ben Cutting,Kedar Jadhav,1,False,-0.5,1,Uppal,Rajiv Gandhi International Stadium,False,True,51,8,8.5,77,9.058823529411764,20,208,131,11.5,11.391304347826088,2,8
8.4,8,4,55,Ben Cutting,Travis Head,1,False,-0.5,1,Uppal,Rajiv Gandhi International Stadium,False,True,52,8,8.666666666666666,78,9.0,20,208,130,11.333333333333334,11.470588235294118,2,8
8.5,8,5,56,Ben Cutting,Kedar Jadhav,6,False,-3.0,1,Uppal,Rajiv Gandhi International Stadium,False,True,53,8,8.833333333333334,84,9.50943396226415,20,208,124,11.166666666666666,11.104477611940299,2,8
8.6,8,6,57,Ben Cutting,Kedar Jadhav,1,False,-0.5,1,Uppal,Rajiv Gandhi International Stadium,False,True,54,8,9.0,85,9.444444444444445,20,208,123,11.0,11.181818181818182,2,8
9.1,9,1,58,Moises Henriques,Kedar Jadhav,2,False,-1.0,1,Uppal,Rajiv Gandhi International Stadium,True,False,54,8,9.0,87,9.666666666666666,20,208,121,11.0,11.0,2,8
9.1,9,1,59,Moises Henriques,Travis Head,4,False,-2.0,1,Uppal,Rajiv Gandhi International Stadium,False,True,55,9,9.166666666666666,91,9.927272727272728,20,208,117,10.833333333333334,10.799999999999999,2,8
9.2,9,2,60,Moises Henriques,Travis Head,1,False,-0.5,1,Uppal,Rajiv Gandhi International Stadium,False,True,56,9,9.333333333333334,92,9.857142857142856,20,208,116,10.666666666666666,10.875,2,8
9.3,9,3,61,Moises Henriques,Kedar Jadhav,1,False,-0.5,1,Uppal,Rajiv Gandhi International Stadium,False,True,57,9,9.5,93,9.789473684210526,20,208,115,10.5,10.952380952380953,2,8
9.4,9,4,62,Moises Henriques,Travis Head,0,False,1.0,1,Uppal,Rajiv Gandhi International Stadium,False,True,58,9,9.666666666666666,93,9.620689655172415,20,208,115,10.333333333333334,11.129032258064516,2,8
9.5,9,5,63,Moises Henriques,Travis Head,1,False,-0.5,1,Uppal,Rajiv Gandhi International Stadium,False,True,59,9,9.833333333333334,94,9.559322033898304,20,208,114,10.166666666666666,11.213114754098362,2,8
9.6,9,6,64,Moises Henriques,Kedar Jadhav,4,False,-2.0,1,Uppal,Rajiv Gandhi International Stadium,False,True,60,9,10.0,98,9.8,20,208,110,10.0,11.0,2,8
10.1,10,1,65,Ashish Nehra,Travis Head,1,False,-0.5,1,Uppal,Rajiv Gandhi International Stadium,False,True,61,10,10.166666666666666,99,9.737704918032787,20,208,109,9.833333333333334,11.084745762711863,2,8
10.2,10,2,66,Ashish Nehra,Kedar Jadhav,1,False,-1.0,1,Uppal,Rajiv Gandhi International Stadium,True,False,61,10,10.166666666666666,100,9.836065573770492,20,208,108,9.833333333333334,10.983050847457626,2,8
10.2,10,2,67,Ashish Nehra,Kedar Jadhav,1,False,-0.5,1,Uppal,Rajiv Gandhi International Stadium,False,True,62,10,10.333333333333334,101,9.774193548387096,20,208,107,9.666666666666666,11.06896551724138,2,8
10.3,10,3,68,Ashish Nehra,Travis Head,1,False,-0.5,1,Uppal,Rajiv Gandhi International Stadium,False,True,63,10,10.5,102,9.714285714285714,20,208,106,9.5,11.157894736842104,2,8
10.4,10,4,69,Ashish Nehra,Kedar Jadhav,4,False,-2.0,1,Uppal,Rajiv Gandhi International Stadium,False,True,64,10,10.666666666666666,106,9.9375,20,208,102,9.333333333333334,10.928571428571427,2,8
10.5,10,5,70,Ashish Nehra,Kedar Jadhav,4,False,-2.0,1,Uppal,Rajiv Gandhi International Stadium,False,True,65,10,10.833333333333334,110,10.153846153846153,20,208,98,9.166666666666666,10.690909090909091,2,8
10.6,10,6,71,Ashish Nehra,Kedar Jadhav,1,False,-0.5,1,Uppal,Rajiv Gandhi International Stadium,False,True,66,10,11.0,111,10.090909090909092,20,208,97,9.0,10.777777777777779,2,8
11.1,11,1,72,Moises Henriques,Kedar Jadhav,1,False,-0.5,1,Uppal,Rajiv Gandhi International Stadium,False,True,67,11,11.166666666666666,112,10.029850746268657,20,208,96,8.833333333333334,10.867924528301886,2,8
11.2,11,2,73,Moises Henriques,Travis Head,2,False,-1.0,1,Uppal,Rajiv Gandhi International Stadium,False,True,68,11,11.333333333333334,114,10.058823529411764,20,208,94,8.666666666666666,10.846153846153847,2,8
11.3,11,3,74,Moises Henriques,Travis Head,1,False,-0.5,1,Uppal,Rajiv Gandhi International Stadium,False,True,69,11,11.5,115,10.0,20,208,93,8.5,10.941176470588236,2,8
11.4,11,4,75,Moises Henriques,Kedar Jadhav,0,True,5.0,1,Uppal,Rajiv Gandhi International Stadium,False,True,70,11,11.666666666666666,115,9.857142857142858,20,208,93,8.333333333333334,11.159999999999998,3,7
11.5,11,5,76,Moises Henriques,Shane Watson,1,False,-0.5,1,Uppal,Rajiv Gandhi International Stadium,False,True,71,11,11.833333333333334,116,9.80281690140845,20,208,92,8.166666666666666,11.26530612244898,3,7
11.6,11,6,77,Moises Henriques,Travis Head,1,False,-0.5,1,Uppal,Rajiv Gandhi International Stadium,False,True,72,11,12.0,117,9.75,20,208,91,8.0,11.375,3,7
12.1,12,1,78,Rashid Khan,Travis Head,1,False,-0.5,1,Uppal,Rajiv Gandhi International Stadium,False,True,73,12,12.166666666666666,118,9.698630136986301,20,208,90,7.833333333333334,11.489361702127658,3,7
12.2,12,2,79,Rashid Khan,Shane Watson,2,False,-1.0,1,Uppal,Rajiv Gandhi International Stadium,False,True,74,12,12.333333333333334,120,9.72972972972973,20,208,88,7.666666666666666,11.478260869565219,3,7
12.3,12,3,80,Rashid Khan,Shane Watson,1,False,-0.5,1,Uppal,Rajiv Gandhi International Stadium,False,True,75,12,12.5,121,9.68,20,208,87,7.5,11.6,3,7
12.4,12,4,81,Rashid Khan,Travis Head,4,False,-2.0,1,Uppal,Rajiv Gandhi International Stadium,False,True,76,12,12.666666666666666,125,9.868421052631579,20,208,83,7.333333333333334,11.318181818181817,3,7
12.5,12,5,82,Rashid Khan,Travis Head,0,True,5.0,1,Uppal,Rajiv Gandhi International Stadium,False,True,77,12,12.833333333333334,125,9.74025974025974,20,208,83,7.166666666666666,11.58139534883721,4,6
12.6,12,6,83,Rashid Khan,Shane Watson,0,False,1.0,1,Uppal,Rajiv Gandhi International Stadium,False,True,78,12,13.0,125,9.615384615384615,20,208,83,7.0,11.857142857142858,4,6
13.1,13,1,84,Bipul Sharma,Sachin Baby,0,False,1.0,1,Uppal,Rajiv Gandhi International Stadium,False,True,79,13,13.166666666666666,125,9.49367088607595,20,208,83,6.833333333333334,12.146341463414632,4,6
13.2,13,2,85,Bipul Sharma,Sachin Baby,1,False,-0.5,1,Uppal,Rajiv Gandhi International Stadium,False,True,80,13,13.333333333333334,126,9.45,20,208,82,6.666666666666666,12.3,4,6
13.3,13,3,86,Bipul Sharma,Shane Watson,1,False,-0.5,1,Uppal,Rajiv Gandhi International Stadium,False,True,81,13,13.5,127,9.407407407407407,20,208,81,6.5,12.461538461538462,4,6
13.4,13,4,87,Bipul Sharma,Sachin Baby,0,True,5.0,1,Uppal,Rajiv Gandhi International Stadium,False,True,82,13,13.666666666666666,127,9.292682926829269,20,208,81,6.333333333333334,12.789473684210526,5,5
13.5,13,5,88,Bipul Sharma,Shane Watson,1,False,-0.5,1,Uppal,Rajiv Gandhi International Stadium,False,True,83,13,13.833333333333334,128,9.25301204819277,20,208,80,6.166666666666666,12.972972972972974,5,5
13.6,13,6,89,Bipul Sharma,Stuart Binny,1,False,-0.5,1,Uppal,Rajiv Gandhi International Stadium,False,True,84,13,14.0,129,9.214285714285714,20,208,79,6.0,13.166666666666666,5,5
14.1,14,1,90,Rashid Khan,Stuart Binny,1,False,-0.5,1,Uppal,Rajiv Gandhi International Stadium,False,True,85,14,14.166666666666666,130,9.176470588235295,20,208,78,5.833333333333334,13.37142857142857,5,5
14.2,14,2,91,Rashid Khan,Shane Watson,1,False,-0.5,1,Uppal,Rajiv Gandhi International Stadium,False,True,86,14,14.333333333333334,131,9.13953488372093,20,208,77,5.666666666666666,13.588235294117649,5,5
14.3,14,3,92,Rashid Khan,Stuart Binny,0,False,1.0,1,Uppal,Rajiv Gandhi International Stadium,False,True,87,14,14.5,131,9.03448275862069,20,208,77,5.5,14.0,5,5
14.4,14,4,93,Rashid Khan,Stuart Binny,0,False,1.0,1,Uppal,Rajiv Gandhi International Stadium,False,True,88,14,14.666666666666666,131,8.931818181818182,20,208,77,5.333333333333334,14.437499999999998,5,5
14.5,14,5,94,Rashid Khan,Stuart Binny,1,False,-0.5,1,Uppal,Rajiv Gandhi International Stadium,False,True,89,14,14.833333333333334,132,8.898876404494382,20,208,76,5.166666666666666,14.70967741935484,5,5
14.6,14,6,95,Rashid Khan,Shane Watson,6,False,-3.0,1,Uppal,Rajiv Gandhi International Stadium,False,True,90,14,15.0,138,9.2,20,208,70,5.0,14.0,5,5
15.1,15,1,96,Ben Cutting,Stuart Binny,0,False,1.0,1,Uppal,Rajiv Gandhi International Stadium,False,True,91,15,15.166666666666666,138,9.098901098901099,20,208,70,4.833333333333334,14.482758620689653,5,5
15.2,15,2,97,Ben Cutting,Stuart Binny,6,False,-3.0,1,Uppal,Rajiv Gandhi International Stadium,False,True,92,15,15.333333333333334,144,9.391304347826086,20,208,64,4.666666666666666,13.714285714285715,5,5
15.3,15,3,98,Ben Cutting,Stuart Binny,1,False,-0.5,1,Uppal,Rajiv Gandhi International Stadium,False,True,93,15,15.5,145,9.35483870967742,20,208,63,4.5,14.0,5,5
15.4,15,4,99,Ben Cutting,Shane Watson,0,False,1.0,1,Uppal,Rajiv Gandhi International Stadium,False,True,94,15,15.666666666666666,145,9.25531914893617,20,208,63,4.333333333333334,14.538461538461537,5,5
15.5,15,5,100,Ben Cutting,Shane Watson,4,False,-2.0,1,Uppal,Rajiv Gandhi International Stadium,False,True,95,15,15.833333333333334,149,9.410526315789474,20,208,59,4.166666666666666,14.160000000000002,5,5
15.6,15,6,101,Ben Cutting,Shane Watson,1,False,-0.5,1,Uppal,Rajiv Gandhi International Stadium,False,True,96,15,16.0,150,9.375,20,208,58,4.0,14.5,5,5
16.1,16,1,102,Bhuvneshwar Kumar,Shane Watson,1,False,-0.5,1,Uppal,Rajiv Gandhi International Stadium,False,True,97,16,16.166666666666668,151,9.340206185567009,20,208,57,3.833333333333332,14.869565217391308,5,5
16.2,16,2,103,Bhuvneshwar Kumar,Stuart Binny,1,False,-0.5,1,Uppal,Rajiv Gandhi International Stadium,False,True,98,16,16.333333333333332,152,9.306122448979593,20,208,56,3.666666666666668,15.272727272727268,5,5
16.3,16,3,104,Bhuvneshwar Kumar,Shane Watson,0,False,1.0,1,Uppal,Rajiv Gandhi International Stadium,False,True,99,16,16.5,152,9.212121212121213,20,208,56,3.5,16.0,5,5
16.4,16,4,105,Bhuvneshwar Kumar,Shane Watson,1,False,-0.5,1,Uppal,Rajiv Gandhi International Stadium,False,True,100,16,16.666666666666668,153,9.18,20,208,55,3.333333333333332,16.500000000000007,5,5
16.5,16,5,106,Bhuvneshwar Kumar,Stuart Binny,0,True,5.0,1,Uppal,Rajiv Gandhi International Stadium,False,True,101,16,16.833333333333332,153,9.08910891089109,20,208,55,3.166666666666668,17.36842105263157,6,4
16.6,16,6,107,Bhuvneshwar Kumar,Sreenath Aravind,0,False,1.0,1,Uppal,Rajiv Gandhi International Stadium,False,True,102,16,17.0,153,9.0,20,208,55,3.0,18.333333333333332,6,4
17.1,17,1,108,Ashish Nehra,Shane Watson,2,False,-1.0,1,Uppal,Rajiv Gandhi International Stadium,False,True,103,17,17.166666666666668,155,9.029126213592232,20,208,53,2.833333333333332,18.705882352941185,6,4
17.2,17,2,109,Ashish Nehra,Shane Watson,0,False,1.0,1,Uppal,Rajiv Gandhi International Stadium,False,True,104,17,17.333333333333332,155,8.942307692307693,20,208,53,2.666666666666668,19.874999999999993,6,4
17.3,17,3,110,Ashish Nehra,Shane Watson,0,True,5.0,1,Uppal,Rajiv Gandhi International Stadium,False,True,105,17,17.5,155,8.857142857142858,20,208,53,2.5,21.2,7,3
17.4,17,4,111,Ashish Nehra,Sreenath Aravind,0,True,5.0,1,Uppal,Rajiv Gandhi International Stadium,False,True,106,17,17.666666666666668,155,8.773584905660377,20,208,53,2.333333333333332,22.714285714285726,8,2
17.5,17,5,112,Ashish Nehra,Yuzvendra Chahal,0,False,1.0,1,Uppal,Rajiv Gandhi International Stadium,False,True,107,17,17.833333333333332,155,8.69158878504673,20,208,53,2.166666666666668,24.46153846153845,8,2
17.6,17,6,113,Ashish Nehra,Yuzvendra Chahal,0,False,1.0,1,Uppal,Rajiv Gandhi International Stadium,False,True,108,17,18.0,155,8.61111111111111,20,208,53,2.0,26.5,8,2
18.1,18,1,114,Bhuvneshwar Kumar,Tymal Mills,1,False,-0.25,1,Uppal,Rajiv Gandhi International Stadium,False,True,109,18,18.166666666666668,156,8.587155963302752,20,208,52,1.8333333333333321,28.36363636363638,8,2
18.2,18,2,115,Bhuvneshwar Kumar,Yuzvendra Chahal,0,False,1.0,1,Uppal,Rajiv Gandhi International Stadium,False,True,110,18,18.333333333333332,156,8.50909090909091,20,208,52,1.6666666666666679,31.199999999999978,8,2
18.3,18,3,116,Bhuvneshwar Kumar,Yuzvendra Chahal,1,False,-0.5,1,Uppal,Rajiv Gandhi International Stadium,False,True,111,18,18.5,157,8.486486486486486,20,208,51,1.5,34.0,8,2
18.4,18,4,117,Bhuvneshwar Kumar,Tymal Mills,6,False,-3.0,1,Uppal,Rajiv Gandhi International Stadium,False,True,112,18,18.666666666666668,163,8.732142857142856,20,208,45,1.3333333333333321,33.75000000000003,8,2
18.5,18,5,118,Bhuvneshwar Kumar,Tymal Mills,0,True,5.0,1,Uppal,Rajiv Gandhi International Stadium,False,True,113,18,18.833333333333332,163,8.654867256637168,20,208,45,1.1666666666666679,38.571428571428534,9,1
18.6,18,6,119,Bhuvneshwar Kumar,Yuzvendra Chahal,1,False,-0.5,1,Uppal,Rajiv Gandhi International Stadium,False,True,114,18,19.0,164,8.631578947368421,20,208,44,1.0,44.0,9,1
19.1,19,1,120,Ben Cutting,Yuzvendra Chahal,0,False,1.0,1,Uppal,Rajiv Gandhi International Stadium,False,True,115,19,19.166666666666668,164,8.556521739130435,20,208,44,0.8333333333333321,52.800000000000075,9,1
19.2,19,2,121,Ben Cutting,Yuzvendra Chahal,1,False,-0.5,1,Uppal,Rajiv Gandhi International Stadium,False,True,116,19,19.333333333333332,165,8.53448275862069,20,208,43,0.6666666666666679,64.49999999999989,9,1
19.3,19,3,122,Ben Cutting,Aniket Choudhary,6,False,-3.0,1,Uppal,Rajiv Gandhi International Stadium,False,True,117,19,19.5,171,8.76923076923077,20,208,37,0.5,74.0,9,1
19.4,19,4,123,Ben Cutting,Aniket Choudhary,0,True,5.0,1,Uppal,Rajiv Gandhi International Stadium,False,True,118,19,19.666666666666668,171,8.694915254237287,20,208,37,0.33333333333333215,111.0000000000004,10,0
