Ball Number,over,ball,Ball,bowler,batsman,Runs,is_wicket,bowler_score,match_id,city,stadium,is_extra,legal_delivery,legal_deliveries_count,overs_completed,overs_bowled,total_runs,current_run_rate,total_overs,target,runs_needed,overs_remaining,required_run_rate,wickets_fallen,wickets_in_hand
0.1,0,1,1,Dhawal Kulkarni,Chris Gayle,1,False,-0.5,20,Rajkot,Saurashtra Cricket Association Stadium,False,True,1,0,0.16666666666666666,1,6.0,20,214,213,19.833333333333332,10.739495798319329,0,10
0.2,0,2,2,Dhawal Kulkarni,Virat Kohli,0,False,1.0,20,Rajkot,Saurashtra Cricket Association Stadium,False,True,2,0,0.3333333333333333,1,3.0,20,214,213,19.666666666666668,10.83050847457627,0,10
0.3,0,3,3,Dhawal Kulkarni,Virat Kohli,1,False,-0.5,20,Rajkot,Saurashtra Cricket Association Stadium,False,True,3,0,0.5,2,4.0,20,214,212,19.5,10.871794871794872,0,10
0.4,0,4,4,Dhawal Kulkarni,Chris Gayle,1,False,-0.5,20,Rajkot,Saurashtra Cricket Association Stadium,False,True,4,0,0.6666666666666666,3,4.5,20,214,211,19.333333333333332,10.913793103448276,0,10
0.5,0,5,5,Dhawal Kulkarni,Virat Kohli,4,False,-2.0,20,Rajkot,Saurashtra Cricket Association Stadium,False,True,5,0,0.8333333333333334,7,8.4,20,214,207,19.166666666666668,10.799999999999999,0,10
0.6,0,6,6,Dhawal Kulkarni,Virat Kohli,1,False,-0.5,20,Rajkot,Saurashtra Cricket Association Stadium,False,True,6,0,1.0,8,8.0,20,214,206,19.0,10.842105263157896,0,10
1.1,1,1,7,Basil Thampi,Virat Kohli,0,False,1.0,20,Rajkot,Saurashtra Cricket Association Stadium,False,True,7,1,1.1666666666666667,8,6.857142857142857,20,214,206,18.833333333333332,10.938053097345133,0,10
1.2,1,2,8,Basil Thampi,Virat Kohli,0,False,1.0,20,Rajkot,Saurashtra Cricket Association Stadium,False,True,8,1,1.3333333333333333,8,6.0,20,214,206,18.666666666666668,11.035714285714285,0,10
1.3,1,3,9,Basil Thampi,Virat Kohli,0,False,1.0,20,Rajkot,Saurashtra Cricket Association Stadium,False,True,9,1,1.5,8,5.333333333333333,20,214,206,18.5,11.135135135135135,0,10
1.4,1,4,10,Basil Thampi,Virat Kohli,0,False,1.0,20,Rajkot,Saurashtra Cricket Association Stadium,False,True,10,1,1.6666666666666665,8,4.800000000000001,20,214,206,18.333333333333332,11.236363636363636,0,10
1.5,1,5,11,Basil Thampi,Virat Kohli,4,False,-2.0,20,Rajkot,Saurashtra Cricket Association Stadium,False,True,11,1,1.8333333333333335,12,6.545454545454545,20,214,202,18.166666666666668,11.119266055045872,0,10
1.6,1,6,12,Basil Thampi,Virat Kohli,1,False,-0.5,20,Rajkot,Saurashtra Cricket Association Stadium,False,True,12,1,2.0,13,6.5,20,214,201,18.0,11.166666666666666,0,10
2.1,2,1,13,Dhawal Kulkarni,Virat Kohli,0,False,1.0,20,Rajkot,Saurashtra Cricket Association Stadium,False,True,13,2,2.1666666666666665,13,6.0,20,214,201,17.833333333333332,11.271028037383179,0,10
2.2,2,2,14,Dhawal Kulkarni,Virat Kohli,0,False,1.0,20,Rajkot,Saurashtra Cricket Association Stadium,False,True,14,2,2.3333333333333335,13,5.571428571428571,20,214,201,17.666666666666668,11.377358490566037,0,10
2.3,2,3,15,Dhawal Kulkarni,Virat Kohli,4,False,-2.0,20,Rajkot,Saurashtra Cricket Association Stadium,False,True,15,2,2.5,17,6.8,20,214,197,17.5,11.257142857142858,0,10
2.4,2,4,16,Dhawal Kulkarni,Virat Kohli,4,False,-2.0,20,Rajkot,Saurashtra Cricket Association Stadium,False,True,16,2,2.6666666666666665,21,7.875,20,214,193,17.333333333333332,11.134615384615385,0,10
2.5,2,5,17,Dhawal Kulkarni,Virat Kohli,4,False,-2.0,20,Rajkot,Saurashtra Cricket Association Stadium,False,True,17,2,2.8333333333333335,25,8.823529411764705,20,214,189,17.166666666666668,11.009708737864077,0,10
2.6,2,6,18,Dhawal Kulkarni,Virat Kohli,0,False,1.0,20,Rajkot,Saurashtra Cricket Association Stadium,False,True,18,2,3.0,25,8.333333333333334,20,214,189,17.0,11.117647058823529,0,10
3.1,3,1,19,Basil Thampi,Chris Gayle,0,False,1.0,20,Rajkot,Saurashtra Cricket Association Stadium,False,True,19,3,3.1666666666666665,25,7.894736842105264,20,214,189,16.833333333333332,11.227722772277229,0,10
3.2,3,2,20,Basil Thampi,Chris Gayle,0,False,1.0,20,Rajkot,Saurashtra Cricket Association Stadium,False,True,20,3,3.3333333333333335,25,7.5,20,214,189,16.666666666666668,11.34,0,10
3.3,3,3,21,Basil Thampi,Chris Gayle,1,False,-0.5,20,Rajkot,Saurashtra Cricket Association Stadium,False,True,21,3,3.5,26,7.428571428571429,20,214,188,16.5,11.393939393939394,0,10
3.4,3,4,22,Basil Thampi,Virat Kohli,1,False,-0.5,20,Rajkot,Saurashtra Cricket Association Stadium,False,True,22,3,3.6666666666666665,27,7.363636363636364,20,214,187,16.333333333333332,11.448979591836736,0,10
3.5,3,5,23,Basil Thampi,Chris Gayle,6,False,-3.0,20,Rajkot,Saurashtra Cricket Association Stadium,False,True,23,3,3.8333333333333335,33,8.608695652173912,20,214,181,16.166666666666668,11.195876288659793,0,10
3.6,3,6,24,Basil Thampi,Chris Gayle,0,False,1.0,20,Rajkot,Saurashtra Cricket Association Stadium,False,True,24,3,4.0,33,8.25,20,214,181,16.0,11.3125,0,10
4.1,4,1,25,Andrew Tye,Virat Kohli,1,False,-0.5,20,Rajkot,Saurashtra Cricket Association Stadium,False,True,25,4,4.166666666666667,34,8.16,20,214,180,15.833333333333332,11.36842105263158,0,10
4.2,4,2,26,Andrew Tye,Chris Gayle,1,False,-0.5,20,Rajkot,Saurashtra Cricket Association Stadium,False,True,26,4,4.333333333333333,35,8.076923076923077,20,214,179,15.666666666666668,11.425531914893616,0,10
4.3,4,3,27,Andrew Tye,Virat Kohli,0,False,1.0,20,Rajkot,Saurashtra Cricket Association Stadium,False,True,27,4,4.5,35,7.777777777777778,20,214,179,15.5,11.548387096774194,0,10
4.4,4,4,28,Andrew Tye,Virat Kohli,0,False,1.0,20,Rajkot,Saurashtra Cricket Association Stadium,False,True,28,4,4.666666666666667,35,7.499999999999999,20,214,179,15.333333333333332,11.673913043478262,0,10
4.5,4,5,29,Andrew Tye,Virat Kohli,0,False,1.0,20,Rajkot,Saurashtra Cricket Association Stadium,False,True,29,4,4.833333333333333,35,7.241379310344828,20,214,179,15.166666666666668,11.802197802197801,0,10
4.6,4,6,30,Andrew Tye,Virat Kohli,1,False,-0.5,20,Rajkot,Saurashtra Cricket Association Stadium,False,True,30,4,5.0,36,7.2,20,214,178,15.0,11.866666666666667,0,10
5.1,5,1,31,Ravindra Jadeja,Virat Kohli,1,False,-0.5,20,Rajkot,Saurashtra Cricket Association Stadium,False,True,31,5,5.166666666666667,37,7.161290322580645,20,214,177,14.833333333333332,11.932584269662922,0,10
5.2,5,2,32,Ravindra Jadeja,Chris Gayle,4,False,-2.0,20,Rajkot,Saurashtra Cricket Association Stadium,False,True,32,5,5.333333333333333,41,7.6875,20,214,173,14.666666666666668,11.795454545454545,0,10
5.3,5,3,33,Ravindra Jadeja,Chris Gayle,2,False,-1.0,20,Rajkot,Saurashtra Cricket Association Stadium,False,True,33,5,5.5,43,7.818181818181818,20,214,171,14.5,11.793103448275861,0,10
5.4,5,4,34,Ravindra Jadeja,Chris Gayle,1,False,-0.5,20,Rajkot,Saurashtra Cricket Association Stadium,False,True,34,5,5.666666666666667,44,7.764705882352941,20,214,170,14.333333333333332,11.860465116279071,0,10
5.5,5,5,35,Ravindra Jadeja,Virat Kohli,0,False,1.0,20,Rajkot,Saurashtra Cricket Association Stadium,False,True,35,5,5.833333333333333,44,7.542857142857144,20,214,170,14.166666666666668,11.999999999999998,0,10
5.6,5,6,36,Ravindra Jadeja,Virat Kohli,1,False,-0.5,20,Rajkot,Saurashtra Cricket Association Stadium,False,True,36,5,6.0,45,7.5,20,214,169,14.0,12.071428571428571,0,10
6.1,6,1,37,Shivil Kaushik,Virat Kohli,0,False,1.0,20,Rajkot,Saurashtra Cricket Association Stadium,False,True,37,6,6.166666666666667,45,7.297297297297297,20,214,169,13.833333333333332,12.216867469879519,0,10
6.2,6,2,38,Shivil Kaushik,Virat Kohli,1,False,-0.5,20,Rajkot,Saurashtra Cricket Association Stadium,False,True,38,6,6.333333333333333,46,7.2631578947368425,20,214,168,13.666666666666668,12.292682926829267,0,10
6.3,6,3,39,Shivil Kaushik,Chris Gayle,1,False,-0.5,20,Rajkot,Saurashtra Cricket Association Stadium,False,True,39,6,6.5,47,7.230769230769231,20,214,167,13.5,12.37037037037037,0,10
6.4,6,4,40,Shivil Kaushik,Virat Kohli,1,False,-0.5,20,Rajkot,Saurashtra Cricket Association Stadium,False,True,40,6,6.666666666666667,48,7.199999999999999,20,214,166,13.333333333333332,12.450000000000001,0,10
6.5,6,5,41,Shivil Kaushik,Chris Gayle,6,False,-3.0,20,Rajkot,Saurashtra Cricket Association Stadium,False,True,41,6,6.833333333333333,54,7.902439024390244,20,214,160,13.166666666666668,12.151898734177214,0,10
6.6,6,6,42,Shivil Kaushik,Chris Gayle,0,False,1.0,20,Rajkot,Saurashtra Cricket Association Stadium,False,True,42,6,7.0,54,7.714285714285714,20,214,160,13.0,12.307692307692308,0,10
7.1,7,1,43,Ravindra Jadeja,Virat Kohli,1,False,-0.5,20,Rajkot,Saurashtra Cricket Association Stadium,False,True,43,7,7.166666666666667,55,7.674418604651162,20,214,159,12.833333333333332,12.389610389610391,0,10
7.2,7,2,44,Ravindra Jadeja,Chris Gayle,0,False,1.0,20,Rajkot,Saurashtra Cricket Association Stadium,False,True,44,7,7.333333333333333,55,7.5,20,214,159,12.666666666666668,12.552631578947366,0,10
7.3,7,3,45,Ravindra Jadeja,Chris Gayle,4,False,-2.0,20,Rajkot,Saurashtra Cricket Association Stadium,False,True,45,7,7.5,59,7.866666666666666,20,214,155,12.5,12.4,0,10
7.4,7,4,46,Ravindra Jadeja,Chris Gayle,4,False,-2.0,20,Rajkot,Saurashtra Cricket Association Stadium,False,True,46,7,7.666666666666667,63,8.217391304347826,20,214,151,12.333333333333332,12.243243243243244,0,10
7.5,7,5,47,Ravindra Jadeja,Chris Gayle,6,False,-3.0,20,Rajkot,Saurashtra Cricket Association Stadium,False,True,47,7,7.833333333333333,69,8.808510638297873,20,214,145,12.166666666666668,11.917808219178081,0,10
7.6,7,6,48,Ravindra Jadeja,Chris Gayle,6,False,-3.0,20,Rajkot,Saurashtra Cricket Association Stadium,False,True,48,7,8.0,75,9.375,20,214,139,12.0,11.583333333333334,0,10
8.1,8,1,49,Andrew Tye,Virat Kohli,0,False,1.0,20,Rajkot,Saurashtra Cricket Association Stadium,False,True,49,8,8.166666666666666,75,9.183673469387756,20,214,139,11.833333333333334,11.746478873239436,0,10
8.2,8,2,50,Andrew Tye,Virat Kohli,1,False,-0.5,20,Rajkot,Saurashtra Cricket Association Stadium,False,True,50,8,8.333333333333334,76,9.12,20,214,138,11.666666666666666,11.82857142857143,0,10
8.3,8,3,51,Andrew Tye,Chris Gayle,1,False,-0.25,20,Rajkot,Saurashtra Cricket Association Stadium,False,True,51,8,8.5,77,9.058823529411764,20,214,137,11.5,11.91304347826087,0,10
8.4,8,4,52,Andrew Tye,Virat Kohli,1,False,-0.5,20,Rajkot,Saurashtra Cricket Association Stadium,False,True,52,8,8.666666666666666,78,9.0,20,214,136,11.333333333333334,12.0,0,10
8.5,8,5,53,Andrew Tye,Chris Gayle,1,False,-0.5,20,Rajkot,Saurashtra Cricket Association Stadium,False,True,53,8,8.833333333333334,79,8.943396226415095,20,214,135,11.166666666666666,12.08955223880597,0,10
8.6,8,6,54,Andrew Tye,Virat Kohli,4,False,-2.0,20,Rajkot,Saurashtra Cricket Association Stadium,False,True,54,8,9.0,83,9.222222222222221,20,214,131,11.0,11.909090909090908,0,10
9.1,9,1,55,Shivil Kaushik,Chris Gayle,1,False,-0.5,20,Rajkot,Saurashtra Cricket Association Stadium,False,True,55,9,9.166666666666666,84,9.163636363636364,20,214,130,10.833333333333334,12.0,0,10
9.2,9,2,56,Shivil Kaushik,Virat Kohli,1,False,-0.5,20,Rajkot,Saurashtra Cricket Association Stadium,False,True,56,9,9.333333333333334,85,9.107142857142856,20,214,129,10.666666666666666,12.09375,0,10
9.3,9,3,57,Shivil Kaushik,Chris Gayle,6,False,-3.0,20,Rajkot,Saurashtra Cricket Association Stadium,False,True,57,9,9.5,91,9.578947368421053,20,214,123,10.5,11.714285714285714,0,10
9.4,9,4,58,Shivil Kaushik,Chris Gayle,0,False,1.0,20,Rajkot,Saurashtra Cricket Association Stadium,False,True,58,9,9.666666666666666,91,9.413793103448276,20,214,123,10.333333333333334,11.903225806451612,0,10
9.5,9,5,59,Shivil Kaushik,Chris Gayle,0,False,1.0,20,Rajkot,Saurashtra Cricket Association Stadium,False,True,59,9,9.833333333333334,91,9.254237288135593,20,214,123,10.166666666666666,12.098360655737705,0,10
9.6,9,6,60,Shivil Kaushik,Chris Gayle,1,False,-0.5,20,Rajkot,Saurashtra Cricket Association Stadium,False,True,60,9,10.0,92,9.2,20,214,122,10.0,12.2,0,10
10.1,10,1,61,Dwayne Smith,Chris Gayle,1,False,-0.5,20,Rajkot,Saurashtra Cricket Association Stadium,False,True,61,10,10.166666666666666,93,9.147540983606557,20,214,121,9.833333333333334,12.305084745762711,0,10
10.2,10,2,62,Dwayne Smith,Virat Kohli,1,False,-0.5,20,Rajkot,Saurashtra Cricket Association Stadium,False,True,62,10,10.333333333333334,94,9.096774193548386,20,214,120,9.666666666666666,12.413793103448276,0,10
10.3,10,3,63,Dwayne Smith,Chris Gayle,6,False,-3.0,20,Rajkot,Saurashtra Cricket Association Stadium,False,True,63,10,10.5,100,9.523809523809524,20,214,114,9.5,12.0,0,10
10.4,10,4,64,Dwayne Smith,Chris Gayle,1,False,-1.0,20,Rajkot,Saurashtra Cricket Association Stadium,True,False,63,10,10.5,101,9.619047619047619,20,214,113,9.5,11.894736842105264,0,10
10.4,10,4,65,Dwayne Smith,Chris Gayle,6,False,-3.0,20,Rajkot,Saurashtra Cricket Association Stadium,False,True,64,10,10.666666666666666,107,10.03125,20,214,107,9.333333333333334,11.464285714285714,0,10
10.5,10,5,66,Dwayne Smith,Chris Gayle,1,False,-0.5,20,Rajkot,Saurashtra Cricket Association Stadium,False,True,65,10,10.833333333333334,108,9.96923076923077,20,214,106,9.166666666666666,11.563636363636364,0,10
10.6,10,6,67,Dwayne Smith,Virat Kohli,1,False,-0.5,20,Rajkot,Saurashtra Cricket Association Stadium,False,True,66,10,11.0,109,9.909090909090908,20,214,105,9.0,11.666666666666666,0,10
11.1,11,1,68,Dhawal Kulkarni,Virat Kohli,1,False,-0.5,20,Rajkot,Saurashtra Cricket Association Stadium,False,True,67,11,11.166666666666666,110,9.850746268656717,20,214,104,8.833333333333334,11.773584905660377,0,10
11.2,11,2,69,Dhawal Kulkarni,Chris Gayle,0,False,1.0,20,Rajkot,Saurashtra Cricket Association Stadium,False,True,68,11,11.333333333333334,110,9.705882352941176,20,214,104,8.666666666666666,12.0,0,10
11.3,11,3,70,Dhawal Kulkarni,Chris Gayle,4,False,-2.0,20,Rajkot,Saurashtra Cricket Association Stadium,False,True,69,11,11.5,114,9.91304347826087,20,214,100,8.5,11.764705882352942,0,10
11.4,11,4,71,Dhawal Kulkarni,Chris Gayle,0,False,1.0,20,Rajkot,Saurashtra Cricket Association Stadium,False,True,70,11,11.666666666666666,114,9.771428571428572,20,214,100,8.333333333333334,12.0,0,10
11.5,11,5,72,Dhawal Kulkarni,Chris Gayle,4,False,-2.0,20,Rajkot,Saurashtra Cricket Association Stadium,False,True,71,11,11.833333333333334,118,9.971830985915492,20,214,96,8.166666666666666,11.755102040816327,0,10
11.6,11,6,73,Dhawal Kulkarni,Chris Gayle,1,False,-1.0,20,Rajkot,Saurashtra Cricket Association Stadium,True,False,71,11,11.833333333333334,119,10.056338028169014,20,214,95,8.166666666666666,11.63265306122449,0,10
11.6,11,6,74,Dhawal Kulkarni,Chris Gayle,0,False,1.0,20,Rajkot,Saurashtra Cricket Association Stadium,False,True,72,11,12.0,119,9.916666666666666,20,214,95,8.0,11.875,0,10
12.1,12,1,75,Basil Thampi,Virat Kohli,1,False,-0.5,20,Rajkot,Saurashtra Cricket Association Stadium,False,True,73,12,12.166666666666666,120,9.863013698630137,20,214,94,7.833333333333334,11.999999999999998,0,10
12.2,12,2,76,Basil Thampi,Chris Gayle,2,False,-1.0,20,Rajkot,Saurashtra Cricket Association Stadium,False,True,74,12,12.333333333333334,122,9.891891891891891,20,214,92,7.666666666666666,12.000000000000002,0,10
12.3,12,3,77,Basil Thampi,Chris Gayle,0,False,1.0,20,Rajkot,Saurashtra Cricket Association Stadium,False,True,75,12,12.5,122,9.76,20,214,92,7.5,12.266666666666667,0,10
12.4,12,4,78,Basil Thampi,Chris Gayle,0,True,5.0,20,Rajkot,Saurashtra Cricket Association Stadium,False,True,76,12,12.666666666666666,122,9.631578947368421,20,214,92,7.333333333333334,12.545454545454545,1,9
12.5,12,5,79,Basil Thampi,Travis Head,2,False,-1.0,20,Rajkot,Saurashtra Cricket Association Stadium,False,True,77,12,12.833333333333334,124,9.662337662337661,20,214,90,7.166666666666666,12.558139534883722,1,9
12.6,12,6,80,Basil Thampi,Travis Head,1,False,-0.5,20,Rajkot,Saurashtra Cricket Association Stadium,False,True,78,12,13.0,125,9.615384615384615,20,214,89,7.0,12.714285714285714,1,9
13.1,13,1,81,Ravindra Jadeja,Travis Head,1,False,-0.5,20,Rajkot,Saurashtra Cricket Association Stadium,False,True,79,13,13.166666666666666,126,9.569620253164558,20,214,88,6.833333333333334,12.878048780487804,1,9
13.2,13,2,82,Ravindra Jadeja,Virat Kohli,0,False,1.0,20,Rajkot,Saurashtra Cricket Association Stadium,False,True,80,13,13.333333333333334,126,9.45,20,214,88,6.666666666666666,13.200000000000001,1,9
13.3,13,3,83,Ravindra Jadeja,Virat Kohli,2,False,-1.0,20,Rajkot,Saurashtra Cricket Association Stadium,False,True,81,13,13.5,128,9.481481481481481,20,214,86,6.5,13.23076923076923,1,9
13.4,13,4,84,Ravindra Jadeja,Virat Kohli,4,False,-2.0,20,Rajkot,Saurashtra Cricket Association Stadium,False,True,82,13,13.666666666666666,132,9.658536585365853,20,214,82,6.333333333333334,12.94736842105263,1,9
13.5,13,5,85,Ravindra Jadeja,Virat Kohli,1,False,-0.5,20,Rajkot,Saurashtra Cricket Association Stadium,False,True,83,13,13.833333333333334,133,9.6144578313253,20,214,81,6.166666666666666,13.135135135135137,1,9
13.6,13,6,86,Ravindra Jadeja,Travis Head,2,False,-1.0,20,Rajkot,Saurashtra Cricket Association Stadium,False,True,84,13,14.0,135,9.642857142857142,20,214,79,6.0,13.166666666666666,1,9
14.1,14,1,87,Shivil Kaushik,Virat Kohli,2,False,-1.0,20,Rajkot,Saurashtra Cricket Association Stadium,False,True,85,14,14.166666666666666,137,9.670588235294119,20,214,77,5.833333333333334,13.2,1,9
14.2,14,2,88,Shivil Kaushik,Virat Kohli,1,False,-1.0,20,Rajkot,Saurashtra Cricket Association Stadium,True,False,85,14,14.166666666666666,138,9.741176470588236,20,214,76,5.833333333333334,13.028571428571427,1,9
14.2,14,2,89,Shivil Kaushik,Virat Kohli,1,False,-0.5,20,Rajkot,Saurashtra Cricket Association Stadium,False,True,86,14,14.333333333333334,139,9.69767441860465,20,214,75,5.666666666666666,13.23529411764706,1,9
14.3,14,3,90,Shivil Kaushik,Travis Head,1,False,-0.5,20,Rajkot,Saurashtra Cricket Association Stadium,False,True,87,14,14.5,140,9.655172413793103,20,214,74,5.5,13.454545454545455,1,9
14.4,14,4,91,Shivil Kaushik,Virat Kohli,6,False,-3.0,20,Rajkot,Saurashtra Cricket Association Stadium,False,True,88,14,14.666666666666666,146,9.954545454545455,20,214,68,5.333333333333334,12.749999999999998,1,9
14.5,14,5,92,Shivil Kaushik,Virat Kohli,1,False,-0.5,20,Rajkot,Saurashtra Cricket Association Stadium,False,True,89,14,14.833333333333334,147,9.910112359550562,20,214,67,5.166666666666666,12.967741935483872,1,9
14.6,14,6,93,Shivil Kaushik,Travis Head,6,False,-3.0,20,Rajkot,Saurashtra Cricket Association Stadium,False,True,90,14,15.0,153,10.2,20,214,61,5.0,12.2,1,9
15.1,15,1,94,Dhawal Kulkarni,Virat Kohli,1,False,-0.5,20,Rajkot,Saurashtra Cricket Association Stadium,False,True,91,15,15.166666666666666,154,10.153846153846155,20,214,60,4.833333333333334,12.413793103448274,1,9
15.2,15,2,95,Dhawal Kulkarni,Travis Head,1,False,-0.5,20,Rajkot,Saurashtra Cricket Association Stadium,False,True,92,15,15.333333333333334,155,10.108695652173912,20,214,59,4.666666666666666,12.642857142857144,1,9
15.3,15,3,96,Dhawal Kulkarni,Virat Kohli,2,False,-1.0,20,Rajkot,Saurashtra Cricket Association Stadium,False,True,93,15,15.5,157,10.129032258064516,20,214,57,4.5,12.666666666666666,1,9
15.4,15,4,97,Dhawal Kulkarni,Virat Kohli,2,False,-1.0,20,Rajkot,Saurashtra Cricket Association Stadium,False,True,94,15,15.666666666666666,159,10.148936170212766,20,214,55,4.333333333333334,12.69230769230769,1,9
15.5,15,5,98,Dhawal Kulkarni,Virat Kohli,0,True,5.0,20,Rajkot,Saurashtra Cricket Association Stadium,False,True,95,15,15.833333333333334,159,10.042105263157895,20,214,55,4.166666666666666,13.200000000000001,2,8
15.6,15,6,99,Dhawal Kulkarni,Kedar Jadhav,1,False,-0.5,20,Rajkot,Saurashtra Cricket Association Stadium,False,True,96,15,16.0,160,10.0,20,214,54,4.0,13.5,2,8
16.1,16,1,100,Andrew Tye,Kedar Jadhav,4,False,-2.0,20,Rajkot,Saurashtra Cricket Association Stadium,False,True,97,16,16.166666666666668,164,10.144329896907216,20,214,50,3.833333333333332,13.04347826086957,2,8
16.2,16,2,101,Andrew Tye,Kedar Jadhav,1,False,-0.5,20,Rajkot,Saurashtra Cricket Association Stadium,False,True,98,16,16.333333333333332,165,10.10204081632653,20,214,49,3.666666666666668,13.36363636363636,2,8
16.3,16,3,102,Andrew Tye,Travis Head,1,False,-0.5,20,Rajkot,Saurashtra Cricket Association Stadium,False,True,99,16,16.5,166,10.06060606060606,20,214,48,3.5,13.714285714285714,2,8
16.4,16,4,103,Andrew Tye,Kedar Jadhav,0,False,1.0,20,Rajkot,Saurashtra Cricket Association Stadium,False,True,100,16,16.666666666666668,166,9.959999999999999,20,214,48,3.333333333333332,14.400000000000006,2,8
16.5,16,5,104,Andrew Tye,Kedar Jadhav,0,False,1.0,20,Rajkot,Saurashtra Cricket Association Stadium,False,True,101,16,16.833333333333332,166,9.861386138613861,20,214,48,3.166666666666668,15.157894736842099,2,8
16.6,16,6,105,Andrew Tye,Kedar Jadhav,0,False,1.0,20,Rajkot,Saurashtra Cricket Association Stadium,False,True,102,16,17.0,166,9.764705882352942,20,214,48,3.0,16.0,2,8
17.1,17,1,106,Basil Thampi,Travis Head,4,False,-2.0,20,Rajkot,Saurashtra Cricket Association Stadium,False,True,103,17,17.166666666666668,170,9.902912621359222,20,214,44,2.833333333333332,15.52941176470589,2,8
17.2,17,2,107,Basil Thampi,Travis Head,4,False,-2.0,20,Rajkot,Saurashtra Cricket Association Stadium,False,True,104,17,17.333333333333332,174,10.038461538461538,20,214,40,2.666666666666668,14.999999999999993,2,8
17.3,17,3,108,Basil Thampi,Travis Head,0,False,1.0,20,Rajkot,Saurashtra Cricket Association Stadium,False,True,105,17,17.5,174,9.942857142857143,20,214,40,2.5,16.0,2,8
17.4,17,4,109,Basil Thampi,Travis Head,0,False,1.0,20,Rajkot,Saurashtra Cricket Association Stadium,False,True,106,17,17.666666666666668,174,9.849056603773585,20,214,40,2.333333333333332,17.142857142857153,2,8
17.5,17,5,110,Basil Thampi,Travis Head,2,False,-1.0,20,Rajkot,Saurashtra Cricket Association Stadium,False,True,107,17,17.833333333333332,176,9.869158878504674,20,214,38,2.166666666666668,17.53846153846153,2,8
17.6,17,6,111,Basil Thampi,Travis Head,2,False,-1.0,20,Rajkot,Saurashtra Cricket Association Stadium,False,True,108,17,18.0,178,9.88888888888889,20,214,36,2.0,18.0,2,8
18.1,18,1,112,Andrew Tye,Kedar Jadhav,6,False,-3.0,20,Rajkot,Saurashtra Cricket Association Stadium,False,True,109,18,18.166666666666668,184,10.128440366972477,20,214,30,1.8333333333333321,16.363636363636374,2,8
18.2,18,2,113,Andrew Tye,Kedar Jadhav,4,False,-2.0,20,Rajkot,Saurashtra Cricket Association Stadium,False,True,110,18,18.333333333333332,188,10.254545454545456,20,214,26,1.6666666666666679,15.599999999999989,2,8
18.3,18,3,114,Andrew Tye,Kedar Jadhav,2,False,-1.0,20,Rajkot,Saurashtra Cricket Association Stadium,False,True,111,18,18.5,190,10.27027027027027,20,214,24,1.5,16.0,2,8
18.4,18,4,115,Andrew Tye,Kedar Jadhav,0,False,1.0,20,Rajkot,Saurashtra Cricket Association Stadium,False,True,112,18,18.666666666666668,190,10.178571428571427,20,214,24,1.3333333333333321,18.000000000000018,2,8
18.5,18,5,116,Andrew Tye,Kedar Jadhav,4,False,-2.0,20,Rajkot,Saurashtra Cricket Association Stadium,False,True,113,18,18.833333333333332,194,10.300884955752213,20,214,20,1.1666666666666679,17.142857142857125,2,8
18.6,18,6,117,Andrew Tye,Kedar Jadhav,2,False,-1.0,20,Rajkot,Saurashtra Cricket Association Stadium,False,True,114,18,19.0,196,10.31578947368421,20,214,18,1.0,18.0,2,8
19.1,19,1,118,Ravindra Jadeja,Travis Head,2,False,-1.0,20,Rajkot,Saurashtra Cricket Association Stadium,False,True,115,19,19.166666666666668,198,10.330434782608695,20,214,16,0.8333333333333321,19.200000000000028,2,8
19.2,19,2,119,Ravindra Jadeja,Travis Head,1,False,-0.5,20,Rajkot,Saurashtra Cricket Association Stadium,False,True,116,19,19.333333333333332,199,10.293103448275863,20,214,15,0.6666666666666679,22.49999999999996,2,8
19.3,19,3,120,Ravindra Jadeja,Kedar Jadhav,4,False,-2.0,20,Rajkot,Saurashtra Cricket Association Stadium,False,True,117,19,19.5,203,10.41025641025641,20,214,11,0.5,22.0,2,8
19.4,19,4,121,Ravindra Jadeja,Kedar Jadhav,6,False,-3.0,20,Rajkot,Saurashtra Cricket Association Stadium,False,True,118,19,19.666666666666668,209,10.627118644067796,20,214,5,0.33333333333333215,15.000000000000053,2,8
19.5,19,5,122,Ravindra Jadeja,Kedar Jadhav,4,False,-2.0,20,Rajkot,Saurashtra Cricket Association Stadium,False,True,119,19,19.833333333333332,213,10.739495798319329,20,214,1,0.16666666666666785,5.999999999999957,2,8
19.6,19,6,123,Ravindra Jadeja,Kedar Jadhav,0,False,1.0,20,Rajkot,Saurashtra Cricket Association Stadium,False,True,120,19,20.0,213,10.65,20,214,1,0.0,inf,2,8
