Ball Number,over,ball,Ball,bowler,batsman,Runs,is_wicket,bowler_score,match_id,city,stadium,is_extra,legal_delivery,legal_deliveries_count,overs_completed,overs_bowled,total_runs,current_run_rate,total_overs,target,runs_needed,overs_remaining,required_run_rate,wickets_fallen,wickets_in_hand
0.1,0,1,1,Praveen Kumar,Sunil Narine,0,False,1.0,23,Kolkata,Eden Gardens,False,True,1,0,0.16666666666666666,0,0.0,20,188,188,19.833333333333332,9.478991596638656,0,10
0.2,0,2,2,Praveen Kumar,Sunil Narine,4,False,-2.0,23,Kolkata,Eden Gardens,False,True,2,0,0.3333333333333333,4,12.0,20,188,184,19.666666666666668,9.35593220338983,0,10
0.3,0,3,3,Praveen Kumar,Sunil Narine,0,False,1.0,23,Kolkata,Eden Gardens,False,True,3,0,0.5,4,8.0,20,188,184,19.5,9.435897435897436,0,10
0.4,0,4,4,Praveen Kumar,Sunil Narine,0,False,1.0,23,Kolkata,Eden Gardens,False,True,4,0,0.6666666666666666,4,6.0,20,188,184,19.333333333333332,9.517241379310345,0,10
0.5,0,5,5,Praveen Kumar,Sunil Narine,4,False,-2.0,23,Kolkata,Eden Gardens,False,True,5,0,0.8333333333333334,8,9.6,20,188,180,19.166666666666668,9.391304347826086,0,10
0.6,0,6,6,Praveen Kumar,Sunil Narine,4,False,-2.0,23,Kolkata,Eden Gardens,False,True,6,0,1.0,12,12.0,20,188,176,19.0,9.263157894736842,0,10
1.1,1,1,7,James Faulkner,Gautam Gambhir,1,False,-0.5,23,Kolkata,Eden Gardens,False,True,7,1,1.1666666666666667,13,11.142857142857142,20,188,175,18.833333333333332,9.29203539823009,0,10
1.2,1,2,8,James Faulkner,Sunil Narine,4,False,-2.0,23,Kolkata,Eden Gardens,False,True,8,1,1.3333333333333333,17,12.75,20,188,171,18.666666666666668,9.160714285714285,0,10
1.3,1,3,9,James Faulkner,Sunil Narine,0,False,1.0,23,Kolkata,Eden Gardens,False,True,9,1,1.5,17,11.333333333333334,20,188,171,18.5,9.243243243243244,0,10
1.4,1,4,10,James Faulkner,Sunil Narine,4,False,-2.0,23,Kolkata,Eden Gardens,False,True,10,1,1.6666666666666665,21,12.600000000000001,20,188,167,18.333333333333332,9.10909090909091,0,10
1.5,1,5,11,James Faulkner,Sunil Narine,4,False,-2.0,23,Kolkata,Eden Gardens,False,True,11,1,1.8333333333333335,25,13.636363636363635,20,188,163,18.166666666666668,8.972477064220183,0,10
1.6,1,6,12,James Faulkner,Sunil Narine,4,False,-2.0,23,Kolkata,Eden Gardens,False,True,12,1,2.0,29,14.5,20,188,159,18.0,8.833333333333334,0,10
2.1,2,1,13,Basil Thampi,Gautam Gambhir,1,False,-0.5,23,Kolkata,Eden Gardens,False,True,13,2,2.1666666666666665,30,13.846153846153847,20,188,158,17.833333333333332,8.859813084112151,0,10
2.2,2,2,14,Basil Thampi,Sunil Narine,0,False,1.0,23,Kolkata,Eden Gardens,False,True,14,2,2.3333333333333335,30,12.857142857142856,20,188,158,17.666666666666668,8.943396226415095,0,10
2.3,2,3,15,Basil Thampi,Sunil Narine,4,False,-2.0,23,Kolkata,Eden Gardens,False,True,15,2,2.5,34,13.6,20,188,154,17.5,8.8,0,10
2.4,2,4,16,Basil Thampi,Sunil Narine,4,False,-2.0,23,Kolkata,Eden Gardens,False,True,16,2,2.6666666666666665,38,14.25,20,188,150,17.333333333333332,8.653846153846155,0,10
2.5,2,5,17,Basil Thampi,Sunil Narine,6,False,-3.0,23,Kolkata,Eden Gardens,False,True,17,2,2.8333333333333335,44,15.529411764705882,20,188,144,17.166666666666668,8.388349514563107,0,10
2.6,2,6,18,Basil Thampi,Sunil Narine,0,False,1.0,23,Kolkata,Eden Gardens,False,True,18,2,3.0,44,14.666666666666666,20,188,144,17.0,8.470588235294118,0,10
3.1,3,1,19,Suresh Raina,Gautam Gambhir,1,False,-0.5,23,Kolkata,Eden Gardens,False,True,19,3,3.1666666666666665,45,14.210526315789474,20,188,143,16.833333333333332,8.495049504950495,0,10
3.2,3,2,20,Suresh Raina,Sunil Narine,0,True,5.0,23,Kolkata,Eden Gardens,False,True,20,3,3.3333333333333335,45,13.5,20,188,143,16.666666666666668,8.58,1,9
3.3,3,3,21,Suresh Raina,Gautam Gambhir,0,False,1.0,23,Kolkata,Eden Gardens,False,True,21,3,3.5,45,12.857142857142858,20,188,143,16.5,8.666666666666666,1,9
3.4,3,4,22,Suresh Raina,Gautam Gambhir,0,False,1.0,23,Kolkata,Eden Gardens,False,True,22,3,3.6666666666666665,45,12.272727272727273,20,188,143,16.333333333333332,8.755102040816327,1,9
3.5,3,5,23,Suresh Raina,Gautam Gambhir,1,False,-0.5,23,Kolkata,Eden Gardens,False,True,23,3,3.8333333333333335,46,12.0,20,188,142,16.166666666666668,8.783505154639174,1,9
3.6,3,6,24,Suresh Raina,Robin Uthappa,1,False,-0.5,23,Kolkata,Eden Gardens,False,True,24,3,4.0,47,11.75,20,188,141,16.0,8.8125,1,9
4.1,4,1,25,Dhawal Kulkarni,Robin Uthappa,4,False,-2.0,23,Kolkata,Eden Gardens,False,True,25,4,4.166666666666667,51,12.239999999999998,20,188,137,15.833333333333332,8.65263157894737,1,9
4.2,4,2,26,Dhawal Kulkarni,Robin Uthappa,0,False,1.0,23,Kolkata,Eden Gardens,False,True,26,4,4.333333333333333,51,11.76923076923077,20,188,137,15.666666666666668,8.74468085106383,1,9
4.3,4,3,27,Dhawal Kulkarni,Robin Uthappa,1,False,-0.5,23,Kolkata,Eden Gardens,False,True,27,4,4.5,52,11.555555555555555,20,188,136,15.5,8.774193548387096,1,9
4.4,4,4,28,Dhawal Kulkarni,Gautam Gambhir,4,False,-2.0,23,Kolkata,Eden Gardens,False,True,28,4,4.666666666666667,56,12.0,20,188,132,15.333333333333332,8.608695652173914,1,9
4.5,4,5,29,Dhawal Kulkarni,Gautam Gambhir,0,False,1.0,23,Kolkata,Eden Gardens,False,True,29,4,4.833333333333333,56,11.586206896551724,20,188,132,15.166666666666668,8.703296703296703,1,9
4.6,4,6,30,Dhawal Kulkarni,Gautam Gambhir,1,False,-0.5,23,Kolkata,Eden Gardens,False,True,30,4,5.0,57,11.4,20,188,131,15.0,8.733333333333333,1,9
5.1,5,1,31,Suresh Raina,Gautam Gambhir,1,False,-0.5,23,Kolkata,Eden Gardens,False,True,31,5,5.166666666666667,58,11.225806451612902,20,188,130,14.833333333333332,8.764044943820226,1,9
5.2,5,2,32,Suresh Raina,Robin Uthappa,1,False,-0.5,23,Kolkata,Eden Gardens,False,True,32,5,5.333333333333333,59,11.0625,20,188,129,14.666666666666668,8.795454545454545,1,9
5.3,5,3,33,Suresh Raina,Gautam Gambhir,1,False,-0.5,23,Kolkata,Eden Gardens,False,True,33,5,5.5,60,10.909090909090908,20,188,128,14.5,8.827586206896552,1,9
5.4,5,4,34,Suresh Raina,Robin Uthappa,4,False,-2.0,23,Kolkata,Eden Gardens,False,True,34,5,5.666666666666667,64,11.294117647058822,20,188,124,14.333333333333332,8.651162790697676,1,9
5.5,5,5,35,Suresh Raina,Robin Uthappa,0,False,1.0,23,Kolkata,Eden Gardens,False,True,35,5,5.833333333333333,64,10.971428571428572,20,188,124,14.166666666666668,8.752941176470587,1,9
5.6,5,6,36,Suresh Raina,Robin Uthappa,1,False,-0.5,23,Kolkata,Eden Gardens,False,True,36,5,6.0,65,10.833333333333334,20,188,123,14.0,8.785714285714286,1,9
6.1,6,1,37,Ravindra Jadeja,Robin Uthappa,1,False,-0.5,23,Kolkata,Eden Gardens,False,True,37,6,6.166666666666667,66,10.702702702702702,20,188,122,13.833333333333332,8.819277108433736,1,9
6.2,6,2,38,Ravindra Jadeja,Gautam Gambhir,1,False,-0.5,23,Kolkata,Eden Gardens,False,True,38,6,6.333333333333333,67,10.578947368421053,20,188,121,13.666666666666668,8.853658536585366,1,9
6.3,6,3,39,Ravindra Jadeja,Robin Uthappa,1,False,-0.5,23,Kolkata,Eden Gardens,False,True,39,6,6.5,68,10.461538461538462,20,188,120,13.5,8.88888888888889,1,9
6.4,6,4,40,Ravindra Jadeja,Gautam Gambhir,1,False,-0.5,23,Kolkata,Eden Gardens,False,True,40,6,6.666666666666667,69,10.35,20,188,119,13.333333333333332,8.925,1,9
6.5,6,5,41,Ravindra Jadeja,Robin Uthappa,1,False,-0.5,23,Kolkata,Eden Gardens,False,True,41,6,6.833333333333333,70,10.24390243902439,20,188,118,13.166666666666668,8.962025316455696,1,9
6.6,6,6,42,Ravindra Jadeja,Gautam Gambhir,1,False,-0.5,23,Kolkata,Eden Gardens,False,True,42,6,7.0,71,10.142857142857142,20,188,117,13.0,9.0,1,9
7.1,7,1,43,Dwayne Smith,Gautam Gambhir,1,False,-0.5,23,Kolkata,Eden Gardens,False,True,43,7,7.166666666666667,72,10.046511627906977,20,188,116,12.833333333333332,9.03896103896104,1,9
7.2,7,2,44,Dwayne Smith,Robin Uthappa,1,False,-0.5,23,Kolkata,Eden Gardens,False,True,44,7,7.333333333333333,73,9.954545454545455,20,188,115,12.666666666666668,9.078947368421051,1,9
7.3,7,3,45,Dwayne Smith,Gautam Gambhir,1,False,-0.5,23,Kolkata,Eden Gardens,False,True,45,7,7.5,74,9.866666666666667,20,188,114,12.5,9.12,1,9
7.4,7,4,46,Dwayne Smith,Robin Uthappa,1,False,-0.5,23,Kolkata,Eden Gardens,False,True,46,7,7.666666666666667,75,9.782608695652174,20,188,113,12.333333333333332,9.162162162162163,1,9
7.5,7,5,47,Dwayne Smith,Gautam Gambhir,1,False,-0.5,23,Kolkata,Eden Gardens,False,True,47,7,7.833333333333333,76,9.702127659574469,20,188,112,12.166666666666668,9.205479452054794,1,9
7.5,7,5,48,Dwayne Smith,Gautam Gambhir,1,False,-1.0,23,Kolkata,Eden Gardens,True,False,47,7,7.833333333333333,77,9.829787234042554,20,188,111,12.166666666666668,9.123287671232875,1,9
7.6,7,6,49,Dwayne Smith,Robin Uthappa,0,False,1.0,23,Kolkata,Eden Gardens,False,True,48,7,8.0,77,9.625,20,188,111,12.0,9.25,1,9
8.1,8,1,50,Ravindra Jadeja,Gautam Gambhir,1,False,-0.5,23,Kolkata,Eden Gardens,False,True,49,8,8.166666666666666,78,9.551020408163266,20,188,110,11.833333333333334,9.295774647887324,1,9
8.2,8,2,51,Ravindra Jadeja,Robin Uthappa,1,False,-0.25,23,Kolkata,Eden Gardens,False,True,50,8,8.333333333333334,79,9.479999999999999,20,188,109,11.666666666666666,9.342857142857143,1,9
8.3,8,3,52,Ravindra Jadeja,Gautam Gambhir,6,False,-3.0,23,Kolkata,Eden Gardens,False,True,51,8,8.5,85,10.0,20,188,103,11.5,8.956521739130435,1,9
8.4,8,4,53,Ravindra Jadeja,Gautam Gambhir,1,False,-0.5,23,Kolkata,Eden Gardens,False,True,52,8,8.666666666666666,86,9.923076923076923,20,188,102,11.333333333333334,9.0,1,9
8.5,8,5,54,Ravindra Jadeja,Robin Uthappa,1,False,-0.5,23,Kolkata,Eden Gardens,False,True,53,8,8.833333333333334,87,9.849056603773585,20,188,101,11.166666666666666,9.044776119402986,1,9
8.6,8,6,55,Ravindra Jadeja,Gautam Gambhir,1,False,-0.5,23,Kolkata,Eden Gardens,False,True,54,8,9.0,88,9.777777777777779,20,188,100,11.0,9.090909090909092,1,9
9.1,9,1,56,Dwayne Smith,Gautam Gambhir,0,False,1.0,23,Kolkata,Eden Gardens,False,True,55,9,9.166666666666666,88,9.600000000000001,20,188,100,10.833333333333334,9.23076923076923,1,9
9.2,9,2,57,Dwayne Smith,Gautam Gambhir,4,False,-2.0,23,Kolkata,Eden Gardens,False,True,56,9,9.333333333333334,92,9.857142857142856,20,188,96,10.666666666666666,9.0,1,9
9.3,9,3,58,Dwayne Smith,Gautam Gambhir,1,False,-0.5,23,Kolkata,Eden Gardens,False,True,57,9,9.5,93,9.789473684210526,20,188,95,10.5,9.047619047619047,1,9
9.4,9,4,59,Dwayne Smith,Robin Uthappa,1,False,-0.5,23,Kolkata,Eden Gardens,False,True,58,9,9.666666666666666,94,9.724137931034484,20,188,94,10.333333333333334,9.096774193548386,1,9
9.5,9,5,60,Dwayne Smith,Gautam Gambhir,1,False,-0.5,23,Kolkata,Eden Gardens,False,True,59,9,9.833333333333334,95,9.661016949152541,20,188,93,10.166666666666666,9.147540983606557,1,9
9.6,9,6,61,Dwayne Smith,Robin Uthappa,1,False,-0.5,23,Kolkata,Eden Gardens,False,True,60,9,10.0,96,9.6,20,188,92,10.0,9.2,1,9
10.1,10,1,62,Dhawal Kulkarni,Robin Uthappa,6,False,-3.0,23,Kolkata,Eden Gardens,False,True,61,10,10.166666666666666,102,10.032786885245903,20,188,86,9.833333333333334,8.745762711864407,1,9
10.2,10,2,63,Dhawal Kulkarni,Robin Uthappa,1,False,-0.5,23,Kolkata,Eden Gardens,False,True,62,10,10.333333333333334,103,9.96774193548387,20,188,85,9.666666666666666,8.793103448275863,1,9
10.3,10,3,64,Dhawal Kulkarni,Gautam Gambhir,1,False,-0.5,23,Kolkata,Eden Gardens,False,True,63,10,10.5,104,9.904761904761905,20,188,84,9.5,8.842105263157896,1,9
10.4,10,4,65,Dhawal Kulkarni,Robin Uthappa,4,False,-2.0,23,Kolkata,Eden Gardens,False,True,64,10,10.666666666666666,108,10.125,20,188,80,9.333333333333334,8.571428571428571,1,9
10.5,10,5,66,Dhawal Kulkarni,Robin Uthappa,1,False,-0.5,23,Kolkata,Eden Gardens,False,True,65,10,10.833333333333334,109,10.061538461538461,20,188,79,9.166666666666666,8.618181818181819,1,9
10.6,10,6,67,Dhawal Kulkarni,Gautam Gambhir,0,False,1.0,23,Kolkata,Eden Gardens,False,True,66,10,11.0,109,9.909090909090908,20,188,79,9.0,8.777777777777779,1,9
11.1,11,1,68,James Faulkner,Robin Uthappa,4,False,-2.0,23,Kolkata,Eden Gardens,False,True,67,11,11.166666666666666,113,10.119402985074627,20,188,75,8.833333333333334,8.490566037735848,1,9
11.2,11,2,69,James Faulkner,Robin Uthappa,1,False,-0.5,23,Kolkata,Eden Gardens,False,True,68,11,11.333333333333334,114,10.058823529411764,20,188,74,8.666666666666666,8.538461538461538,1,9
11.3,11,3,70,James Faulkner,Gautam Gambhir,0,True,5.0,23,Kolkata,Eden Gardens,False,True,69,11,11.5,114,9.91304347826087,20,188,74,8.5,8.705882352941176,2,8
11.4,11,4,71,James Faulkner,Robin Uthappa,0,False,1.0,23,Kolkata,Eden Gardens,False,True,70,11,11.666666666666666,114,9.771428571428572,20,188,74,8.333333333333334,8.879999999999999,2,8
11.5,11,5,72,James Faulkner,Robin Uthappa,0,False,1.0,23,Kolkata,Eden Gardens,False,True,71,11,11.833333333333334,114,9.633802816901408,20,188,74,8.166666666666666,9.061224489795919,2,8
11.6,11,6,73,James Faulkner,Robin Uthappa,2,False,-1.0,23,Kolkata,Eden Gardens,False,True,72,11,12.0,116,9.666666666666666,20,188,72,8.0,9.0,2,8
12.1,12,1,74,Ravindra Jadeja,Manish Pandey,2,False,-1.0,23,Kolkata,Eden Gardens,False,True,73,12,12.166666666666666,118,9.698630136986301,20,188,70,7.833333333333334,8.936170212765957,2,8
12.2,12,2,75,Ravindra Jadeja,Manish Pandey,1,False,-0.5,23,Kolkata,Eden Gardens,False,True,74,12,12.333333333333334,119,9.648648648648647,20,188,69,7.666666666666666,9.0,2,8
12.3,12,3,76,Ravindra Jadeja,Robin Uthappa,0,False,1.0,23,Kolkata,Eden Gardens,False,True,75,12,12.5,119,9.52,20,188,69,7.5,9.2,2,8
12.4,12,4,77,Ravindra Jadeja,Robin Uthappa,1,False,-0.5,23,Kolkata,Eden Gardens,False,True,76,12,12.666666666666666,120,9.473684210526317,20,188,68,7.333333333333334,9.272727272727272,2,8
12.5,12,5,78,Ravindra Jadeja,Manish Pandey,1,False,-0.5,23,Kolkata,Eden Gardens,False,True,77,12,12.833333333333334,121,9.428571428571429,20,188,67,7.166666666666666,9.348837209302326,2,8
12.6,12,6,79,Ravindra Jadeja,Robin Uthappa,1,False,-0.5,23,Kolkata,Eden Gardens,False,True,78,12,13.0,122,9.384615384615385,20,188,66,7.0,9.428571428571429,2,8
13.1,13,1,80,James Faulkner,Robin Uthappa,2,False,-1.0,23,Kolkata,Eden Gardens,False,True,79,13,13.166666666666666,124,9.417721518987342,20,188,64,6.833333333333334,9.365853658536585,2,8
13.2,13,2,81,James Faulkner,Robin Uthappa,1,False,-0.5,23,Kolkata,Eden Gardens,False,True,80,13,13.333333333333334,125,9.375,20,188,63,6.666666666666666,9.450000000000001,2,8
13.3,13,3,82,James Faulkner,Manish Pandey,4,False,-2.0,23,Kolkata,Eden Gardens,False,True,81,13,13.5,129,9.555555555555555,20,188,59,6.5,9.076923076923077,2,8
13.4,13,4,83,James Faulkner,Manish Pandey,1,False,-0.5,23,Kolkata,Eden Gardens,False,True,82,13,13.666666666666666,130,9.512195121951219,20,188,58,6.333333333333334,9.157894736842104,2,8
13.5,13,5,84,James Faulkner,Robin Uthappa,1,False,-0.25,23,Kolkata,Eden Gardens,False,True,83,13,13.833333333333334,131,9.469879518072288,20,188,57,6.166666666666666,9.243243243243244,2,8
13.6,13,6,85,James Faulkner,Manish Pandey,1,False,-0.5,23,Kolkata,Eden Gardens,False,True,84,13,14.0,132,9.428571428571429,20,188,56,6.0,9.333333333333334,2,8
14.1,14,1,86,Ravindra Jadeja,Manish Pandey,0,False,1.0,23,Kolkata,Eden Gardens,False,True,85,14,14.166666666666666,132,9.31764705882353,20,188,56,5.833333333333334,9.6,2,8
14.2,14,2,87,Ravindra Jadeja,Manish Pandey,0,False,1.0,23,Kolkata,Eden Gardens,False,True,86,14,14.333333333333334,132,9.209302325581396,20,188,56,5.666666666666666,9.882352941176471,2,8
14.3,14,3,88,Ravindra Jadeja,Manish Pandey,1,False,-0.5,23,Kolkata,Eden Gardens,False,True,87,14,14.5,133,9.172413793103448,20,188,55,5.5,10.0,2,8
14.4,14,4,89,Ravindra Jadeja,Robin Uthappa,4,False,-2.0,23,Kolkata,Eden Gardens,False,True,88,14,14.666666666666666,137,9.340909090909092,20,188,51,5.333333333333334,9.562499999999998,2,8
14.5,14,5,90,Ravindra Jadeja,Robin Uthappa,4,False,-2.0,23,Kolkata,Eden Gardens,False,True,89,14,14.833333333333334,141,9.50561797752809,20,188,47,5.166666666666666,9.096774193548388,2,8
14.6,14,6,91,Ravindra Jadeja,Robin Uthappa,0,False,1.0,23,Kolkata,Eden Gardens,False,True,90,14,15.0,141,9.4,20,188,47,5.0,9.4,2,8
15.1,15,1,92,Basil Thampi,Manish Pandey,0,False,1.0,23,Kolkata,Eden Gardens,False,True,91,15,15.166666666666666,141,9.296703296703297,20,188,47,4.833333333333334,9.724137931034482,2,8
15.2,15,2,93,Basil Thampi,Manish Pandey,1,False,-0.5,23,Kolkata,Eden Gardens,False,True,92,15,15.333333333333334,142,9.26086956521739,20,188,46,4.666666666666666,9.857142857142858,2,8
15.3,15,3,94,Basil Thampi,Robin Uthappa,4,False,-2.0,23,Kolkata,Eden Gardens,False,True,93,15,15.5,146,9.419354838709678,20,188,42,4.5,9.333333333333334,2,8
15.4,15,4,95,Basil Thampi,Robin Uthappa,0,False,1.0,23,Kolkata,Eden Gardens,False,True,94,15,15.666666666666666,146,9.319148936170214,20,188,42,4.333333333333334,9.692307692307692,2,8
15.5,15,5,96,Basil Thampi,Robin Uthappa,1,False,-0.5,23,Kolkata,Eden Gardens,False,True,95,15,15.833333333333334,147,9.284210526315789,20,188,41,4.166666666666666,9.840000000000002,2,8
15.6,15,6,97,Basil Thampi,Manish Pandey,2,False,-1.0,23,Kolkata,Eden Gardens,False,True,96,15,16.0,149,9.3125,20,188,39,4.0,9.75,2,8
16.1,16,1,98,James Faulkner,Robin Uthappa,0,False,1.0,23,Kolkata,Eden Gardens,False,True,97,16,16.166666666666668,149,9.216494845360824,20,188,39,3.833333333333332,10.173913043478263,2,8
16.2,16,2,99,James Faulkner,Robin Uthappa,2,False,-1.0,23,Kolkata,Eden Gardens,False,True,98,16,16.333333333333332,151,9.244897959183675,20,188,37,3.666666666666668,10.090909090909088,2,8
16.3,16,3,100,James Faulkner,Robin Uthappa,1,False,-0.5,23,Kolkata,Eden Gardens,False,True,99,16,16.5,152,9.212121212121213,20,188,36,3.5,10.285714285714286,2,8
16.4,16,4,101,James Faulkner,Manish Pandey,1,False,-0.5,23,Kolkata,Eden Gardens,False,True,100,16,16.666666666666668,153,9.18,20,188,35,3.333333333333332,10.500000000000004,2,8
16.5,16,5,102,James Faulkner,Robin Uthappa,1,False,-0.5,23,Kolkata,Eden Gardens,False,True,101,16,16.833333333333332,154,9.14851485148515,20,188,34,3.166666666666668,10.736842105263154,2,8
16.6,16,6,103,James Faulkner,Manish Pandey,0,False,1.0,23,Kolkata,Eden Gardens,False,True,102,16,17.0,154,9.058823529411764,20,188,34,3.0,11.333333333333334,2,8
17.1,17,1,104,Basil Thampi,Robin Uthappa,4,False,-2.0,23,Kolkata,Eden Gardens,False,True,103,17,17.166666666666668,158,9.20388349514563,20,188,30,2.833333333333332,10.588235294117652,2,8
17.2,17,2,105,Basil Thampi,Robin Uthappa,6,False,-3.0,23,Kolkata,Eden Gardens,False,True,104,17,17.333333333333332,164,9.461538461538462,20,188,24,2.666666666666668,8.999999999999996,2,8
17.3,17,3,106,Basil Thampi,Robin Uthappa,0,False,1.0,23,Kolkata,Eden Gardens,False,True,105,17,17.5,164,9.371428571428572,20,188,24,2.5,9.6,2,8
17.4,17,4,107,Basil Thampi,Robin Uthappa,1,False,-0.5,23,Kolkata,Eden Gardens,False,True,106,17,17.666666666666668,165,9.339622641509433,20,188,23,2.333333333333332,9.857142857142863,2,8
17.5,17,5,108,Basil Thampi,Manish Pandey,2,False,-1.0,23,Kolkata,Eden Gardens,False,True,107,17,17.833333333333332,167,9.364485981308412,20,188,21,2.166666666666668,9.692307692307686,2,8
17.6,17,6,109,Basil Thampi,Manish Pandey,1,False,-0.5,23,Kolkata,Eden Gardens,False,True,108,17,18.0,168,9.333333333333334,20,188,20,2.0,10.0,2,8
18.1,18,1,110,Praveen Kumar,Manish Pandey,1,False,-0.5,23,Kolkata,Eden Gardens,False,True,109,18,18.166666666666668,169,9.302752293577981,20,188,19,1.8333333333333321,10.36363636363637,2,8
18.2,18,2,111,Praveen Kumar,Robin Uthappa,0,True,5.0,23,Kolkata,Eden Gardens,False,True,110,18,18.333333333333332,169,9.218181818181819,20,188,19,1.6666666666666679,11.399999999999991,3,7
18.3,18,3,112,Praveen Kumar,Manish Pandey,1,False,-0.5,23,Kolkata,Eden Gardens,False,True,111,18,18.5,170,9.18918918918919,20,188,18,1.5,12.0,3,7
18.4,18,4,113,Praveen Kumar,Yusuf Pathan,2,False,-1.0,23,Kolkata,Eden Gardens,False,True,112,18,18.666666666666668,172,9.214285714285714,20,188,16,1.3333333333333321,12.00000000000001,3,7
18.5,18,5,114,Praveen Kumar,Yusuf Pathan,4,False,-2.0,23,Kolkata,Eden Gardens,False,True,113,18,18.833333333333332,176,9.345132743362832,20,188,12,1.1666666666666679,10.285714285714276,3,7
18.6,18,6,115,Praveen Kumar,Yusuf Pathan,4,False,-2.0,23,Kolkata,Eden Gardens,False,True,114,18,19.0,180,9.473684210526315,20,188,8,1.0,8.0,3,7
19.1,19,1,116,Basil Thampi,Manish Pandey,0,False,1.0,23,Kolkata,Eden Gardens,False,True,115,19,19.166666666666668,180,9.391304347826086,20,188,8,0.8333333333333321,9.600000000000014,3,7
19.2,19,2,117,Basil Thampi,Manish Pandey,4,False,-2.0,23,Kolkata,Eden Gardens,False,True,116,19,19.333333333333332,184,9.517241379310345,20,188,4,0.6666666666666679,5.999999999999989,3,7
19.3,19,3,118,Basil Thampi,Manish Pandey,0,True,5.0,23,Kolkata,Eden Gardens,False,True,117,19,19.5,184,9.435897435897436,20,188,4,0.5,8.0,4,6
19.4,19,4,119,Basil Thampi,Suryakumar Yadav,1,False,-0.5,23,Kolkata,Eden Gardens,False,True,118,19,19.666666666666668,185,9.406779661016948,20,188,3,0.33333333333333215,9.000000000000032,4,6
19.5,19,5,120,Basil Thampi,Yusuf Pathan,0,True,5.0,23,Kolkata,Eden Gardens,False,True,119,19,19.833333333333332,185,9.327731092436975,20,188,3,0.16666666666666785,17.999999999999872,5,5
19.6,19,6,121,Basil Thampi,Shakib Al Hasan,1,False,-0.5,23,Kolkata,Eden Gardens,False,True,120,19,20.0,186,9.3,20,188,2,0.0,inf,5,5
