Ball Number,over,ball,Ball,bowler,batsman,Runs,is_wicket,bowler_score,match_id,city,stadium,is_extra,legal_delivery,legal_deliveries_count,overs_completed,overs_bowled,total_runs,current_run_rate,total_overs,target,runs_needed,overs_remaining,required_run_rate,wickets_fallen,wickets_in_hand
0.1,0,1,1,Shakib Al Hasan,Aaron Finch,0,False,1.0,23,Kolkata,Eden Gardens,False,True,1,0,0.16666666666666666,0,0.0,20,188,188,19.833333333333332,9.478991596638656,0,10
0.2,0,2,2,Shakib Al Hasan,Aaron Finch,1,False,-0.5,23,Kolkata,Eden Gardens,False,True,2,0,0.3333333333333333,1,3.0,20,188,187,19.666666666666668,9.508474576271185,0,10
0.3,0,3,3,Shakib Al Hasan,Brendon McCullum,4,False,-2.0,23,Kolkata,Eden Gardens,False,True,3,0,0.5,5,10.0,20,188,183,19.5,9.384615384615385,0,10
0.4,0,4,4,N/A,N/A,0,False,0.0,23,Kolkata,Eden Gardens,False,True,4,0,0.6666666666666666,5,7.5,20,188,183,19.333333333333332,9.465517241379311,0,10
0.5,0,5,5,Shakib Al Hasan,Brendon McCullum,4,False,-2.0,23,Kolkata,Eden Gardens,False,True,5,0,0.8333333333333334,9,10.799999999999999,20,188,179,19.166666666666668,9.339130434782609,0,10
0.6,0,6,6,Shakib Al Hasan,Brendon McCullum,0,False,1.0,23,Kolkata,Eden Gardens,False,True,6,0,1.0,9,9.0,20,188,179,19.0,9.421052631578947,0,10
1.1,1,1,7,Sunil Narine,Aaron Finch,0,False,1.0,23,Kolkata,Eden Gardens,False,True,7,1,1.1666666666666667,9,7.7142857142857135,20,188,179,18.833333333333332,9.504424778761063,0,10
1.2,1,2,8,Sunil Narine,Aaron Finch,2,False,-1.0,23,Kolkata,Eden Gardens,False,True,8,1,1.3333333333333333,11,8.25,20,188,177,18.666666666666668,9.482142857142856,0,10
1.3,1,3,9,Sunil Narine,Aaron Finch,4,False,-2.0,23,Kolkata,Eden Gardens,False,True,9,1,1.5,15,10.0,20,188,173,18.5,9.35135135135135,0,10
1.4,1,4,10,Sunil Narine,Aaron Finch,0,False,1.0,23,Kolkata,Eden Gardens,False,True,10,1,1.6666666666666665,15,9.0,20,188,173,18.333333333333332,9.436363636363637,0,10
1.5,1,5,11,Sunil Narine,Aaron Finch,6,False,-3.0,23,Kolkata,Eden Gardens,False,True,11,1,1.8333333333333335,21,11.454545454545453,20,188,167,18.166666666666668,9.192660550458715,0,10
1.6,1,6,12,N/A,N/A,0,False,0.0,23,Kolkata,Eden Gardens,False,True,12,1,2.0,21,10.5,20,188,167,18.0,9.277777777777779,0,10
2.1,2,1,13,Shakib Al Hasan,Brendon McCullum,0,False,1.0,23,Kolkata,Eden Gardens,False,True,13,2,2.1666666666666665,21,9.692307692307693,20,188,167,17.833333333333332,9.364485981308412,0,10
2.2,2,2,14,Shakib Al Hasan,Brendon McCullum,1,False,-0.25,23,Kolkata,Eden Gardens,False,True,14,2,2.3333333333333335,22,9.428571428571429,20,188,166,17.666666666666668,9.39622641509434,0,10
2.3,2,3,15,Shakib Al Hasan,Aaron Finch,4,False,-2.0,23,Kolkata,Eden Gardens,False,True,15,2,2.5,26,10.4,20,188,162,17.5,9.257142857142858,0,10
2.4,2,4,16,Shakib Al Hasan,Aaron Finch,0,False,1.0,23,Kolkata,Eden Gardens,False,True,16,2,2.6666666666666665,26,9.75,20,188,162,17.333333333333332,9.346153846153847,0,10
2.5,2,5,17,Shakib Al Hasan,Aaron Finch,4,False,-2.0,23,Kolkata,Eden Gardens,False,True,17,2,2.8333333333333335,30,10.588235294117647,20,188,158,17.166666666666668,9.20388349514563,0,10
2.6,2,6,18,Shakib Al Hasan,Aaron Finch,6,False,-3.0,23,Kolkata,Eden Gardens,False,True,18,2,3.0,36,12.0,20,188,152,17.0,8.941176470588236,0,10
3.1,3,1,19,Nathan Coulter-Nile,Brendon McCullum,1,False,-0.5,23,Kolkata,Eden Gardens,False,True,19,3,3.1666666666666665,37,11.68421052631579,20,188,151,16.833333333333332,8.970297029702971,0,10
3.2,3,2,20,Nathan Coulter-Nile,Aaron Finch,1,False,-1.0,23,Kolkata,Eden Gardens,True,False,19,3,3.1666666666666665,38,12.0,20,188,150,16.833333333333332,8.910891089108912,0,10
3.2,3,2,21,Nathan Coulter-Nile,Aaron Finch,0,False,1.0,23,Kolkata,Eden Gardens,False,True,20,3,3.3333333333333335,38,11.4,20,188,150,16.666666666666668,9.0,0,10
3.3,3,3,22,Nathan Coulter-Nile,Aaron Finch,0,True,5.0,23,Kolkata,Eden Gardens,False,True,21,3,3.5,38,10.857142857142858,20,188,150,16.5,9.090909090909092,1,9
3.4,3,4,23,Nathan Coulter-Nile,Brendon McCullum,4,False,-2.0,23,Kolkata,Eden Gardens,False,True,22,3,3.6666666666666665,42,11.454545454545455,20,188,146,16.333333333333332,8.938775510204083,1,9
3.5,3,5,24,Nathan Coulter-Nile,Brendon McCullum,6,False,-3.0,23,Kolkata,Eden Gardens,False,True,23,3,3.8333333333333335,48,12.521739130434781,20,188,140,16.166666666666668,8.65979381443299,1,9
3.6,3,6,25,Nathan Coulter-Nile,Brendon McCullum,4,False,-2.0,23,Kolkata,Eden Gardens,False,True,24,3,4.0,52,13.0,20,188,136,16.0,8.5,1,9
4.1,4,1,26,Sunil Narine,Suresh Raina,1,False,-0.5,23,Kolkata,Eden Gardens,False,True,25,4,4.166666666666667,53,12.719999999999999,20,188,135,15.833333333333332,8.526315789473685,1,9
4.2,4,2,27,Sunil Narine,Brendon McCullum,1,False,-0.5,23,Kolkata,Eden Gardens,False,True,26,4,4.333333333333333,54,12.461538461538462,20,188,134,15.666666666666668,8.553191489361701,1,9
4.3,4,3,28,Sunil Narine,Suresh Raina,0,False,1.0,23,Kolkata,Eden Gardens,False,True,27,4,4.5,54,12.0,20,188,134,15.5,8.64516129032258,1,9
4.4,4,4,29,Sunil Narine,Suresh Raina,1,False,-0.5,23,Kolkata,Eden Gardens,False,True,28,4,4.666666666666667,55,11.785714285714285,20,188,133,15.333333333333332,8.673913043478262,1,9
4.5,4,5,30,Sunil Narine,Brendon McCullum,2,False,-1.0,23,Kolkata,Eden Gardens,False,True,29,4,4.833333333333333,57,11.793103448275863,20,188,131,15.166666666666668,8.637362637362637,1,9
4.6,4,6,31,Sunil Narine,Brendon McCullum,1,False,-0.5,23,Kolkata,Eden Gardens,False,True,30,4,5.0,58,11.6,20,188,130,15.0,8.666666666666666,1,9
5.1,5,1,32,Shakib Al Hasan,Brendon McCullum,1,False,-0.5,23,Kolkata,Eden Gardens,False,True,31,5,5.166666666666667,59,11.419354838709676,20,188,129,14.833333333333332,8.696629213483147,1,9
5.2,5,2,33,Shakib Al Hasan,Suresh Raina,2,False,-0.25,23,Kolkata,Eden Gardens,False,True,32,5,5.333333333333333,61,11.4375,20,188,127,14.666666666666668,8.659090909090908,1,9
5.3,5,3,34,Shakib Al Hasan,Suresh Raina,1,False,-0.5,23,Kolkata,Eden Gardens,False,True,33,5,5.5,62,11.272727272727273,20,188,126,14.5,8.689655172413794,1,9
5.4,5,4,35,Shakib Al Hasan,Brendon McCullum,4,False,-2.0,23,Kolkata,Eden Gardens,False,True,34,5,5.666666666666667,66,11.647058823529411,20,188,122,14.333333333333332,8.511627906976745,1,9
5.5,5,5,36,Shakib Al Hasan,Brendon McCullum,1,False,-0.5,23,Kolkata,Eden Gardens,False,True,35,5,5.833333333333333,67,11.485714285714286,20,188,121,14.166666666666668,8.541176470588235,1,9
5.6,5,6,37,Shakib Al Hasan,Suresh Raina,1,False,-0.5,23,Kolkata,Eden Gardens,False,True,36,5,6.0,68,11.333333333333334,20,188,120,14.0,8.571428571428571,1,9
6.1,6,1,38,Chris Woakes,Suresh Raina,1,False,-0.5,23,Kolkata,Eden Gardens,False,True,37,6,6.166666666666667,69,11.18918918918919,20,188,119,13.833333333333332,8.602409638554217,1,9
6.2,6,2,39,Chris Woakes,Brendon McCullum,0,True,5.0,23,Kolkata,Eden Gardens,False,True,38,6,6.333333333333333,69,10.894736842105264,20,188,119,13.666666666666668,8.707317073170731,2,8
6.3,6,3,40,Chris Woakes,Suresh Raina,1,False,-0.5,23,Kolkata,Eden Gardens,False,True,39,6,6.5,70,10.76923076923077,20,188,118,13.5,8.74074074074074,2,8
6.4,6,4,41,Chris Woakes,Dinesh Karthik,1,False,-0.5,23,Kolkata,Eden Gardens,False,True,40,6,6.666666666666667,71,10.65,20,188,117,13.333333333333332,8.775,2,8
6.5,6,5,42,Chris Woakes,Suresh Raina,0,False,1.0,23,Kolkata,Eden Gardens,False,True,41,6,6.833333333333333,71,10.390243902439025,20,188,117,13.166666666666668,8.886075949367088,2,8
6.6,6,6,43,Chris Woakes,Suresh Raina,4,False,-2.0,23,Kolkata,Eden Gardens,False,True,42,6,7.0,75,10.714285714285714,20,188,113,13.0,8.692307692307692,2,8
7.1,7,1,44,Nathan Coulter-Nile,Dinesh Karthik,2,False,-1.0,23,Kolkata,Eden Gardens,False,True,43,7,7.166666666666667,77,10.744186046511627,20,188,111,12.833333333333332,8.64935064935065,2,8
7.2,7,2,45,Nathan Coulter-Nile,Dinesh Karthik,0,True,5.0,23,Kolkata,Eden Gardens,False,True,44,7,7.333333333333333,77,10.5,20,188,111,12.666666666666668,8.76315789473684,3,7
7.3,7,3,46,Nathan Coulter-Nile,Ishan Kishan,1,False,-0.5,23,Kolkata,Eden Gardens,False,True,45,7,7.5,78,10.4,20,188,110,12.5,8.8,3,7
7.4,7,4,47,Nathan Coulter-Nile,Suresh Raina,1,False,-0.5,23,Kolkata,Eden Gardens,False,True,46,7,7.666666666666667,79,10.304347826086957,20,188,109,12.333333333333332,8.837837837837839,3,7
7.5,7,5,48,Nathan Coulter-Nile,Ishan Kishan,0,False,1.0,23,Kolkata,Eden Gardens,False,True,47,7,7.833333333333333,79,10.085106382978724,20,188,109,12.166666666666668,8.95890410958904,3,7
7.6,7,6,49,Nathan Coulter-Nile,Ishan Kishan,0,False,1.0,23,Kolkata,Eden Gardens,False,True,48,7,8.0,79,9.875,20,188,109,12.0,9.083333333333334,3,7
8.1,8,1,50,Chris Woakes,Suresh Raina,4,False,-2.0,23,Kolkata,Eden Gardens,False,True,49,8,8.166666666666666,83,10.16326530612245,20,188,105,11.833333333333334,8.873239436619718,3,7
8.2,8,2,51,Chris Woakes,Suresh Raina,6,False,-3.0,23,Kolkata,Eden Gardens,False,True,50,8,8.333333333333334,89,10.68,20,188,99,11.666666666666666,8.485714285714286,3,7
8.3,8,3,52,Chris Woakes,Suresh Raina,1,False,-0.5,23,Kolkata,Eden Gardens,False,True,51,8,8.5,90,10.588235294117647,20,188,98,11.5,8.521739130434783,3,7
8.4,8,4,53,Chris Woakes,Ishan Kishan,0,False,1.0,23,Kolkata,Eden Gardens,False,True,52,8,8.666666666666666,90,10.384615384615385,20,188,98,11.333333333333334,8.647058823529411,3,7
8.5,8,5,54,Chris Woakes,Ishan Kishan,1,False,-0.5,23,Kolkata,Eden Gardens,False,True,53,8,8.833333333333334,91,10.30188679245283,20,188,97,11.166666666666666,8.686567164179104,3,7
8.6,8,6,55,Chris Woakes,Suresh Raina,1,False,-0.5,23,Kolkata,Eden Gardens,False,True,54,8,9.0,92,10.222222222222221,20,188,96,11.0,8.727272727272727,3,7
9.1,9,1,56,Kuldeep Yadav,Suresh Raina,1,False,-0.5,23,Kolkata,Eden Gardens,False,True,55,9,9.166666666666666,93,10.145454545454546,20,188,95,10.833333333333334,8.769230769230768,3,7
9.2,9,2,57,Kuldeep Yadav,Ishan Kishan,1,False,-0.5,23,Kolkata,Eden Gardens,False,True,56,9,9.333333333333334,94,10.071428571428571,20,188,94,10.666666666666666,8.8125,3,7
9.3,9,3,58,Kuldeep Yadav,Suresh Raina,0,False,1.0,23,Kolkata,Eden Gardens,False,True,57,9,9.5,94,9.894736842105264,20,188,94,10.5,8.952380952380953,3,7
9.4,9,4,59,Kuldeep Yadav,Suresh Raina,1,False,-0.5,23,Kolkata,Eden Gardens,False,True,58,9,9.666666666666666,95,9.827586206896552,20,188,93,10.333333333333334,9.0,3,7
9.5,9,5,60,Kuldeep Yadav,Ishan Kishan,0,False,1.0,23,Kolkata,Eden Gardens,False,True,59,9,9.833333333333334,95,9.661016949152541,20,188,93,10.166666666666666,9.147540983606557,3,7
9.6,9,6,61,Kuldeep Yadav,Ishan Kishan,0,False,1.0,23,Kolkata,Eden Gardens,False,True,60,9,10.0,95,9.5,20,188,93,10.0,9.3,3,7
10.1,10,1,62,Sunil Narine,Suresh Raina,1,False,-0.5,23,Kolkata,Eden Gardens,False,True,61,10,10.166666666666666,96,9.442622950819672,20,188,92,9.833333333333334,9.35593220338983,3,7
10.2,10,2,63,Sunil Narine,Ishan Kishan,1,False,-0.5,23,Kolkata,Eden Gardens,False,True,62,10,10.333333333333334,97,9.387096774193548,20,188,91,9.666666666666666,9.413793103448276,3,7
10.3,10,3,64,Sunil Narine,Suresh Raina,4,False,-2.0,23,Kolkata,Eden Gardens,False,True,63,10,10.5,101,9.619047619047619,20,188,87,9.5,9.157894736842104,3,7
10.4,10,4,65,Sunil Narine,Suresh Raina,0,False,1.0,23,Kolkata,Eden Gardens,False,True,64,10,10.666666666666666,101,9.46875,20,188,87,9.333333333333334,9.321428571428571,3,7
10.5,10,5,66,Sunil Narine,Suresh Raina,4,False,-2.0,23,Kolkata,Eden Gardens,False,True,65,10,10.833333333333334,105,9.692307692307692,20,188,83,9.166666666666666,9.054545454545455,3,7
10.6,10,6,67,Sunil Narine,Suresh Raina,1,False,-0.5,23,Kolkata,Eden Gardens,False,True,66,10,11.0,106,9.636363636363637,20,188,82,9.0,9.11111111111111,3,7
11.1,11,1,68,Kuldeep Yadav,Suresh Raina,4,False,-2.0,23,Kolkata,Eden Gardens,False,True,67,11,11.166666666666666,110,9.850746268656717,20,188,78,8.833333333333334,8.830188679245282,3,7
11.2,11,2,69,N/A,N/A,0,False,0.0,23,Kolkata,Eden Gardens,False,True,68,11,11.333333333333334,110,9.705882352941176,20,188,78,8.666666666666666,9.0,3,7
11.3,11,3,70,Kuldeep Yadav,Ishan Kishan,0,False,1.0,23,Kolkata,Eden Gardens,False,True,69,11,11.5,110,9.565217391304348,20,188,78,8.5,9.176470588235293,3,7
11.4,11,4,71,Kuldeep Yadav,Ishan Kishan,0,True,5.0,23,Kolkata,Eden Gardens,False,True,70,11,11.666666666666666,110,9.428571428571429,20,188,78,8.333333333333334,9.36,4,6
11.5,11,5,72,Kuldeep Yadav,Dwayne Smith,4,False,-2.0,23,Kolkata,Eden Gardens,False,True,71,11,11.833333333333334,114,9.633802816901408,20,188,74,8.166666666666666,9.061224489795919,4,6
11.6,11,6,73,Kuldeep Yadav,Dwayne Smith,0,False,1.0,23,Kolkata,Eden Gardens,False,True,72,11,12.0,114,9.5,20,188,74,8.0,9.25,4,6
12.1,12,1,74,Umesh Yadav,Suresh Raina,1,False,-0.5,23,Kolkata,Eden Gardens,False,True,73,12,12.166666666666666,115,9.452054794520548,20,188,73,7.833333333333334,9.319148936170212,4,6
12.2,12,2,75,Umesh Yadav,Dwayne Smith,1,False,-0.5,23,Kolkata,Eden Gardens,False,True,74,12,12.333333333333334,116,9.405405405405405,20,188,72,7.666666666666666,9.391304347826088,4,6
12.3,12,3,76,Umesh Yadav,Suresh Raina,1,False,-0.5,23,Kolkata,Eden Gardens,False,True,75,12,12.5,117,9.36,20,188,71,7.5,9.466666666666667,4,6
12.4,12,4,77,Umesh Yadav,Dwayne Smith,0,True,5.0,23,Kolkata,Eden Gardens,False,True,76,12,12.666666666666666,117,9.236842105263158,20,188,71,7.333333333333334,9.681818181818182,5,5
12.5,12,5,78,Umesh Yadav,Ravindra Jadeja,1,False,-0.5,23,Kolkata,Eden Gardens,False,True,77,12,12.833333333333334,118,9.194805194805195,20,188,70,7.166666666666666,9.767441860465118,5,5
12.6,12,6,79,Umesh Yadav,Suresh Raina,1,False,-0.5,23,Kolkata,Eden Gardens,False,True,78,12,13.0,119,9.153846153846153,20,188,69,7.0,9.857142857142858,5,5
13.1,13,1,80,Kuldeep Yadav,Suresh Raina,1,False,-0.5,23,Kolkata,Eden Gardens,False,True,79,13,13.166666666666666,120,9.113924050632912,20,188,68,6.833333333333334,9.951219512195122,5,5
13.2,13,2,81,Kuldeep Yadav,Ravindra Jadeja,1,False,-0.5,23,Kolkata,Eden Gardens,False,True,80,13,13.333333333333334,121,9.075,20,188,67,6.666666666666666,10.05,5,5
13.3,13,3,82,Kuldeep Yadav,Suresh Raina,1,False,-0.5,23,Kolkata,Eden Gardens,False,True,81,13,13.5,122,9.037037037037036,20,188,66,6.5,10.153846153846153,5,5
13.4,13,4,83,Kuldeep Yadav,Ravindra Jadeja,1,False,-0.5,23,Kolkata,Eden Gardens,False,True,82,13,13.666666666666666,123,9.0,20,188,65,6.333333333333334,10.26315789473684,5,5
13.5,13,5,84,Kuldeep Yadav,Suresh Raina,4,False,-2.0,23,Kolkata,Eden Gardens,False,True,83,13,13.833333333333334,127,9.180722891566266,20,188,61,6.166666666666666,9.891891891891893,5,5
13.6,13,6,85,Kuldeep Yadav,Suresh Raina,1,False,-0.5,23,Kolkata,Eden Gardens,False,True,84,13,14.0,128,9.142857142857142,20,188,60,6.0,10.0,5,5
14.1,14,1,86,Umesh Yadav,Suresh Raina,6,False,-3.0,23,Kolkata,Eden Gardens,False,True,85,14,14.166666666666666,134,9.458823529411765,20,188,54,5.833333333333334,9.257142857142856,5,5
14.2,14,2,87,Umesh Yadav,Suresh Raina,1,False,-0.25,23,Kolkata,Eden Gardens,False,True,86,14,14.333333333333334,135,9.41860465116279,20,188,53,5.666666666666666,9.352941176470589,5,5
14.3,14,3,88,Umesh Yadav,Ravindra Jadeja,1,False,-0.5,23,Kolkata,Eden Gardens,False,True,87,14,14.5,136,9.379310344827585,20,188,52,5.5,9.454545454545455,5,5
14.4,14,4,89,Umesh Yadav,Suresh Raina,0,False,1.0,23,Kolkata,Eden Gardens,False,True,88,14,14.666666666666666,136,9.272727272727273,20,188,52,5.333333333333334,9.749999999999998,5,5
14.5,14,5,90,Umesh Yadav,Suresh Raina,4,False,-2.0,23,Kolkata,Eden Gardens,False,True,89,14,14.833333333333334,140,9.438202247191011,20,188,48,5.166666666666666,9.290322580645162,5,5
14.6,14,6,91,Umesh Yadav,Suresh Raina,1,False,-0.5,23,Kolkata,Eden Gardens,False,True,90,14,15.0,141,9.4,20,188,47,5.0,9.4,5,5
15.1,15,1,92,Sunil Narine,Suresh Raina,1,False,-0.5,23,Kolkata,Eden Gardens,False,True,91,15,15.166666666666666,142,9.362637362637363,20,188,46,4.833333333333334,9.517241379310343,5,5
15.2,15,2,93,Sunil Narine,Ravindra Jadeja,0,False,1.0,23,Kolkata,Eden Gardens,False,True,92,15,15.333333333333334,142,9.26086956521739,20,188,46,4.666666666666666,9.857142857142858,5,5
15.3,15,3,94,Sunil Narine,Ravindra Jadeja,0,False,1.0,23,Kolkata,Eden Gardens,False,True,93,15,15.5,142,9.161290322580646,20,188,46,4.5,10.222222222222221,5,5
15.4,15,4,95,Sunil Narine,Ravindra Jadeja,0,False,1.0,23,Kolkata,Eden Gardens,False,True,94,15,15.666666666666666,142,9.063829787234043,20,188,46,4.333333333333334,10.615384615384613,5,5
15.5,15,5,96,Sunil Narine,Ravindra Jadeja,6,False,-3.0,23,Kolkata,Eden Gardens,False,True,95,15,15.833333333333334,148,9.34736842105263,20,188,40,4.166666666666666,9.600000000000001,5,5
15.6,15,6,97,Sunil Narine,Ravindra Jadeja,2,False,-1.0,23,Kolkata,Eden Gardens,False,True,96,15,16.0,150,9.375,20,188,38,4.0,9.5,5,5
16.1,16,1,98,Nathan Coulter-Nile,Suresh Raina,4,False,-2.0,23,Kolkata,Eden Gardens,False,True,97,16,16.166666666666668,154,9.525773195876289,20,188,34,3.833333333333332,8.869565217391306,5,5
16.2,16,2,99,Nathan Coulter-Nile,Suresh Raina,0,False,1.0,23,Kolkata,Eden Gardens,False,True,98,16,16.333333333333332,154,9.428571428571429,20,188,34,3.666666666666668,9.27272727272727,5,5
16.3,16,3,100,Nathan Coulter-Nile,Suresh Raina,4,False,-2.0,23,Kolkata,Eden Gardens,False,True,99,16,16.5,158,9.575757575757576,20,188,30,3.5,8.571428571428571,5,5
16.4,16,4,101,Nathan Coulter-Nile,Suresh Raina,6,False,-3.0,23,Kolkata,Eden Gardens,False,True,100,16,16.666666666666668,164,9.84,20,188,24,3.333333333333332,7.200000000000003,5,5
16.5,16,5,102,Nathan Coulter-Nile,Suresh Raina,1,False,-0.5,23,Kolkata,Eden Gardens,False,True,101,16,16.833333333333332,165,9.801980198019802,20,188,23,3.166666666666668,7.26315789473684,5,5
16.6,16,6,103,Nathan Coulter-Nile,Ravindra Jadeja,1,False,-0.5,23,Kolkata,Eden Gardens,False,True,102,16,17.0,166,9.764705882352942,20,188,22,3.0,7.333333333333333,5,5
17.1,17,1,104,Kuldeep Yadav,Ravindra Jadeja,1,False,-0.5,23,Kolkata,Eden Gardens,False,True,103,17,17.166666666666668,167,9.728155339805825,20,188,21,2.833333333333332,7.411764705882356,5,5
17.2,17,2,105,Kuldeep Yadav,Suresh Raina,1,False,-0.5,23,Kolkata,Eden Gardens,False,True,104,17,17.333333333333332,168,9.692307692307693,20,188,20,2.666666666666668,7.4999999999999964,5,5
17.3,17,3,106,Kuldeep Yadav,Ravindra Jadeja,1,False,-0.5,23,Kolkata,Eden Gardens,False,True,105,17,17.5,169,9.657142857142857,20,188,19,2.5,7.6,5,5
17.4,17,4,107,Kuldeep Yadav,Suresh Raina,6,False,-3.0,23,Kolkata,Eden Gardens,False,True,106,17,17.666666666666668,175,9.90566037735849,20,188,13,2.333333333333332,5.571428571428574,5,5
17.5,17,5,108,Kuldeep Yadav,Suresh Raina,0,True,5.0,23,Kolkata,Eden Gardens,False,True,107,17,17.833333333333332,175,9.813084112149534,20,188,13,2.166666666666668,5.9999999999999964,6,4
17.6,17,6,109,Kuldeep Yadav,James Faulkner,3,False,-1.5,23,Kolkata,Eden Gardens,False,True,108,17,18.0,178,9.88888888888889,20,188,10,2.0,5.0,6,4
18.1,18,1,110,Nathan Coulter-Nile,James Faulkner,1,False,-0.5,23,Kolkata,Eden Gardens,False,True,109,18,18.166666666666668,179,9.853211009174311,20,188,9,1.8333333333333321,4.909090909090912,6,4
18.2,18,2,111,Nathan Coulter-Nile,Ravindra Jadeja,4,False,-2.0,23,Kolkata,Eden Gardens,False,True,110,18,18.333333333333332,183,9.981818181818182,20,188,5,1.6666666666666679,2.999999999999998,6,4
