Ball Number,over,ball,Ball,bowler,batsman,Runs,is_wicket,bowler_score,match_id,city,stadium,is_extra,legal_delivery,legal_deliveries_count,overs_completed,overs_bowled,total_runs,current_run_rate,total_overs,target,runs_needed,overs_remaining,required_run_rate,wickets_fallen,wickets_in_hand
0.1,0,1,1,Jaydev Unadkat,David Warner,1,False,-0.5,24,Pune,Maharashtra Cricket Association Stadium,False,True,1,0,0.16666666666666666,1,6.0,20,177,176,19.833333333333332,8.873949579831933,0,10
0.2,0,2,2,Jaydev Unadkat,S Dhawan,0,False,1.0,24,Pune,Maharashtra Cricket Association Stadium,False,True,2,0,0.3333333333333333,1,3.0,20,177,176,19.666666666666668,8.94915254237288,0,10
0.3,0,3,3,Jaydev Unadkat,S Dhawan,0,False,1.0,24,Pune,Maharashtra Cricket Association Stadium,False,True,3,0,0.5,1,2.0,20,177,176,19.5,9.025641025641026,0,10
0.4,0,4,4,Jaydev Unadkat,S Dhawan,4,False,-2.0,24,Pune,Maharashtra Cricket Association Stadium,False,True,4,0,0.6666666666666666,5,7.5,20,177,172,19.333333333333332,8.896551724137932,0,10
0.5,0,5,5,Jaydev Unadkat,S Dhawan,1,False,-0.5,24,Pune,Maharashtra Cricket Association Stadium,False,True,5,0,0.8333333333333334,6,7.199999999999999,20,177,171,19.166666666666668,8.921739130434782,0,10
0.6,0,6,6,Jaydev Unadkat,David Warner,1,False,-0.5,24,Pune,Maharashtra Cricket Association Stadium,False,True,6,0,1.0,7,7.0,20,177,170,19.0,8.947368421052632,0,10
1.1,1,1,7,Washington Sundar,David Warner,0,False,1.0,24,Pune,Maharashtra Cricket Association Stadium,False,True,7,1,1.1666666666666667,7,6.0,20,177,170,18.833333333333332,9.026548672566372,0,10
1.2,1,2,8,Washington Sundar,David Warner,1,False,-0.5,24,Pune,Maharashtra Cricket Association Stadium,False,True,8,1,1.3333333333333333,8,6.0,20,177,169,18.666666666666668,9.053571428571429,0,10
1.3,1,3,9,Washington Sundar,S Dhawan,0,False,1.0,24,Pune,Maharashtra Cricket Association Stadium,False,True,9,1,1.5,8,5.333333333333333,20,177,169,18.5,9.135135135135135,0,10
1.4,1,4,10,Washington Sundar,S Dhawan,0,False,1.0,24,Pune,Maharashtra Cricket Association Stadium,False,True,10,1,1.6666666666666665,8,4.800000000000001,20,177,169,18.333333333333332,9.218181818181819,0,10
1.5,1,5,11,Washington Sundar,S Dhawan,1,False,-0.25,24,Pune,Maharashtra Cricket Association Stadium,False,True,11,1,1.8333333333333335,9,4.909090909090908,20,177,168,18.166666666666668,9.247706422018348,0,10
1.6,1,6,12,Washington Sundar,David Warner,1,False,-1.0,24,Pune,Maharashtra Cricket Association Stadium,True,False,11,1,1.8333333333333335,10,5.454545454545454,20,177,167,18.166666666666668,9.192660550458715,0,10
1.6,1,6,13,Washington Sundar,David Warner,1,False,-1.0,24,Pune,Maharashtra Cricket Association Stadium,True,False,11,1,1.8333333333333335,11,5.999999999999999,20,177,166,18.166666666666668,9.137614678899082,0,10
1.6,1,6,14,Washington Sundar,David Warner,1,False,-0.25,24,Pune,Maharashtra Cricket Association Stadium,False,True,12,1,2.0,12,6.0,20,177,165,18.0,9.166666666666666,0,10
2.1,2,1,15,Jaydev Unadkat,David Warner,1,False,-0.5,24,Pune,Maharashtra Cricket Association Stadium,False,True,13,2,2.1666666666666665,13,6.0,20,177,164,17.833333333333332,9.19626168224299,0,10
2.2,2,2,16,Jaydev Unadkat,S Dhawan,0,False,1.0,24,Pune,Maharashtra Cricket Association Stadium,False,True,14,2,2.3333333333333335,13,5.571428571428571,20,177,164,17.666666666666668,9.283018867924527,0,10
2.3,2,3,17,Jaydev Unadkat,S Dhawan,1,False,-0.5,24,Pune,Maharashtra Cricket Association Stadium,False,True,15,2,2.5,14,5.6,20,177,163,17.5,9.314285714285715,0,10
2.4,2,4,18,Jaydev Unadkat,David Warner,1,False,-0.5,24,Pune,Maharashtra Cricket Association Stadium,False,True,16,2,2.6666666666666665,15,5.625,20,177,162,17.333333333333332,9.346153846153847,0,10
2.5,2,5,19,Jaydev Unadkat,S Dhawan,4,False,-2.0,24,Pune,Maharashtra Cricket Association Stadium,False,True,17,2,2.8333333333333335,19,6.705882352941176,20,177,158,17.166666666666668,9.20388349514563,0,10
2.6,2,6,20,Jaydev Unadkat,S Dhawan,1,False,-0.5,24,Pune,Maharashtra Cricket Association Stadium,False,True,18,2,3.0,20,6.666666666666667,20,177,157,17.0,9.235294117647058,0,10
3.1,3,1,21,Washington Sundar,S Dhawan,0,False,1.0,24,Pune,Maharashtra Cricket Association Stadium,False,True,19,3,3.1666666666666665,20,6.315789473684211,20,177,157,16.833333333333332,9.326732673267328,0,10
3.2,3,2,22,Washington Sundar,S Dhawan,1,False,-0.5,24,Pune,Maharashtra Cricket Association Stadium,False,True,20,3,3.3333333333333335,21,6.3,20,177,156,16.666666666666668,9.36,0,10
3.3,3,3,23,Washington Sundar,David Warner,1,False,-0.5,24,Pune,Maharashtra Cricket Association Stadium,False,True,21,3,3.5,22,6.285714285714286,20,177,155,16.5,9.393939393939394,0,10
3.4,3,4,24,Washington Sundar,S Dhawan,1,False,-0.5,24,Pune,Maharashtra Cricket Association Stadium,False,True,22,3,3.6666666666666665,23,6.272727272727273,20,177,154,16.333333333333332,9.428571428571429,0,10
3.5,3,5,25,Washington Sundar,David Warner,1,False,-0.5,24,Pune,Maharashtra Cricket Association Stadium,False,True,23,3,3.8333333333333335,24,6.260869565217391,20,177,153,16.166666666666668,9.463917525773196,0,10
3.6,3,6,26,Washington Sundar,S Dhawan,4,False,-2.0,24,Pune,Maharashtra Cricket Association Stadium,False,True,24,3,4.0,28,7.0,20,177,149,16.0,9.3125,0,10
4.1,4,1,27,Ben Stokes,David Warner,1,False,-0.5,24,Pune,Maharashtra Cricket Association Stadium,False,True,25,4,4.166666666666667,29,6.959999999999999,20,177,148,15.833333333333332,9.347368421052632,0,10
4.2,4,2,28,Ben Stokes,S Dhawan,4,False,-2.0,24,Pune,Maharashtra Cricket Association Stadium,False,True,26,4,4.333333333333333,33,7.615384615384616,20,177,144,15.666666666666668,9.191489361702127,0,10
4.3,4,3,29,Ben Stokes,S Dhawan,0,False,1.0,24,Pune,Maharashtra Cricket Association Stadium,False,True,27,4,4.5,33,7.333333333333333,20,177,144,15.5,9.290322580645162,0,10
4.4,4,4,30,Ben Stokes,S Dhawan,0,False,1.0,24,Pune,Maharashtra Cricket Association Stadium,False,True,28,4,4.666666666666667,33,7.071428571428571,20,177,144,15.333333333333332,9.391304347826088,0,10
4.5,4,5,31,Ben Stokes,S Dhawan,1,False,-0.5,24,Pune,Maharashtra Cricket Association Stadium,False,True,29,4,4.833333333333333,34,7.03448275862069,20,177,143,15.166666666666668,9.428571428571427,0,10
4.6,4,6,32,Ben Stokes,David Warner,0,False,1.0,24,Pune,Maharashtra Cricket Association Stadium,False,True,30,4,5.0,34,6.8,20,177,143,15.0,9.533333333333333,0,10
5.1,5,1,33,Shardul Thakur,S Dhawan,0,False,1.0,24,Pune,Maharashtra Cricket Association Stadium,False,True,31,5,5.166666666666667,34,6.580645161290322,20,177,143,14.833333333333332,9.640449438202248,0,10
5.2,5,2,34,Shardul Thakur,S Dhawan,1,False,-0.5,24,Pune,Maharashtra Cricket Association Stadium,False,True,32,5,5.333333333333333,35,6.5625,20,177,142,14.666666666666668,9.681818181818182,0,10
5.3,5,3,35,Shardul Thakur,David Warner,2,False,-1.0,24,Pune,Maharashtra Cricket Association Stadium,False,True,33,5,5.5,37,6.7272727272727275,20,177,140,14.5,9.655172413793103,0,10
5.4,5,4,36,Shardul Thakur,David Warner,4,False,-2.0,24,Pune,Maharashtra Cricket Association Stadium,False,True,34,5,5.666666666666667,41,7.235294117647059,20,177,136,14.333333333333332,9.488372093023257,0,10
5.5,5,5,37,Shardul Thakur,David Warner,0,False,1.0,24,Pune,Maharashtra Cricket Association Stadium,False,True,35,5,5.833333333333333,41,7.028571428571429,20,177,136,14.166666666666668,9.6,0,10
5.6,5,6,38,Shardul Thakur,David Warner,4,False,-2.0,24,Pune,Maharashtra Cricket Association Stadium,False,True,36,5,6.0,45,7.5,20,177,132,14.0,9.428571428571429,0,10
6.1,6,1,39,Washington Sundar,S Dhawan,0,False,1.0,24,Pune,Maharashtra Cricket Association Stadium,False,True,37,6,6.166666666666667,45,7.297297297297297,20,177,132,13.833333333333332,9.542168674698797,0,10
6.2,6,2,40,Washington Sundar,S Dhawan,1,False,-0.5,24,Pune,Maharashtra Cricket Association Stadium,False,True,38,6,6.333333333333333,46,7.2631578947368425,20,177,131,13.666666666666668,9.585365853658535,0,10
6.3,6,3,41,Washington Sundar,David Warner,1,False,-0.5,24,Pune,Maharashtra Cricket Association Stadium,False,True,39,6,6.5,47,7.230769230769231,20,177,130,13.5,9.62962962962963,0,10
6.4,6,4,42,Washington Sundar,S Dhawan,4,False,-2.0,24,Pune,Maharashtra Cricket Association Stadium,False,True,40,6,6.666666666666667,51,7.6499999999999995,20,177,126,13.333333333333332,9.450000000000001,0,10
6.5,6,5,43,Washington Sundar,S Dhawan,1,False,-0.5,24,Pune,Maharashtra Cricket Association Stadium,False,True,41,6,6.833333333333333,52,7.609756097560976,20,177,125,13.166666666666668,9.493670886075948,0,10
6.6,6,6,44,Washington Sundar,David Warner,1,False,-0.5,24,Pune,Maharashtra Cricket Association Stadium,False,True,42,6,7.0,53,7.571428571428571,20,177,124,13.0,9.538461538461538,0,10
7.1,7,1,45,Dan Christian,David Warner,0,False,1.0,24,Pune,Maharashtra Cricket Association Stadium,False,True,43,7,7.166666666666667,53,7.395348837209302,20,177,124,12.833333333333332,9.662337662337663,0,10
7.2,7,2,46,Dan Christian,David Warner,1,False,-0.5,24,Pune,Maharashtra Cricket Association Stadium,False,True,44,7,7.333333333333333,54,7.363636363636364,20,177,123,12.666666666666668,9.710526315789473,0,10
7.3,7,3,47,Dan Christian,S Dhawan,0,False,1.0,24,Pune,Maharashtra Cricket Association Stadium,False,True,45,7,7.5,54,7.2,20,177,123,12.5,9.84,0,10
7.4,7,4,48,Dan Christian,S Dhawan,0,False,1.0,24,Pune,Maharashtra Cricket Association Stadium,False,True,46,7,7.666666666666667,54,7.0434782608695645,20,177,123,12.333333333333332,9.972972972972974,0,10
7.5,7,5,49,Dan Christian,S Dhawan,1,False,-0.5,24,Pune,Maharashtra Cricket Association Stadium,False,True,47,7,7.833333333333333,55,7.021276595744681,20,177,122,12.166666666666668,10.027397260273972,0,10
7.6,7,6,50,Dan Christian,David Warner,0,False,1.0,24,Pune,Maharashtra Cricket Association Stadium,False,True,48,7,8.0,55,6.875,20,177,122,12.0,10.166666666666666,0,10
8.1,8,1,51,Imran Tahir,S Dhawan,0,True,5.0,24,Pune,Maharashtra Cricket Association Stadium,False,True,49,8,8.166666666666666,55,6.734693877551021,20,177,122,11.833333333333334,10.309859154929576,1,9
8.2,8,2,52,Imran Tahir,David Warner,0,False,1.0,24,Pune,Maharashtra Cricket Association Stadium,False,True,50,8,8.333333333333334,55,6.6,20,177,122,11.666666666666666,10.457142857142857,1,9
8.3,8,3,53,Imran Tahir,David Warner,0,False,1.0,24,Pune,Maharashtra Cricket Association Stadium,False,True,51,8,8.5,55,6.470588235294118,20,177,122,11.5,10.608695652173912,1,9
8.4,8,4,54,Imran Tahir,David Warner,1,False,-0.5,24,Pune,Maharashtra Cricket Association Stadium,False,True,52,8,8.666666666666666,56,6.461538461538462,20,177,121,11.333333333333334,10.676470588235293,1,9
8.5,8,5,55,Imran Tahir,Kane Williamson,0,False,1.0,24,Pune,Maharashtra Cricket Association Stadium,False,True,53,8,8.833333333333334,56,6.339622641509433,20,177,121,11.166666666666666,10.835820895522389,1,9
8.6,8,6,56,Imran Tahir,Kane Williamson,1,False,-0.5,24,Pune,Maharashtra Cricket Association Stadium,False,True,54,8,9.0,57,6.333333333333333,20,177,120,11.0,10.909090909090908,1,9
9.1,9,1,57,Dan Christian,Kane Williamson,0,False,1.0,24,Pune,Maharashtra Cricket Association Stadium,False,True,55,9,9.166666666666666,57,6.218181818181819,20,177,120,10.833333333333334,11.076923076923077,1,9
9.2,9,2,58,Dan Christian,Kane Williamson,2,False,-1.0,24,Pune,Maharashtra Cricket Association Stadium,False,True,56,9,9.333333333333334,59,6.321428571428571,20,177,118,10.666666666666666,11.0625,1,9
9.3,9,3,59,Dan Christian,Kane Williamson,2,False,-1.0,24,Pune,Maharashtra Cricket Association Stadium,False,True,57,9,9.5,61,6.421052631578948,20,177,116,10.5,11.047619047619047,1,9
9.4,9,4,60,Dan Christian,Kane Williamson,2,False,-1.0,24,Pune,Maharashtra Cricket Association Stadium,False,True,58,9,9.666666666666666,63,6.517241379310345,20,177,114,10.333333333333334,11.032258064516128,1,9
9.5,9,5,61,Dan Christian,Kane Williamson,1,False,-0.5,24,Pune,Maharashtra Cricket Association Stadium,False,True,59,9,9.833333333333334,64,6.508474576271186,20,177,113,10.166666666666666,11.114754098360656,1,9
9.6,9,6,62,Dan Christian,David Warner,1,False,-0.5,24,Pune,Maharashtra Cricket Association Stadium,False,True,60,9,10.0,65,6.5,20,177,112,10.0,11.2,1,9
10.1,10,1,63,Imran Tahir,David Warner,1,False,-0.5,24,Pune,Maharashtra Cricket Association Stadium,False,True,61,10,10.166666666666666,66,6.491803278688525,20,177,111,9.833333333333334,11.288135593220339,1,9
10.2,10,2,64,Imran Tahir,Kane Williamson,1,False,-0.5,24,Pune,Maharashtra Cricket Association Stadium,False,True,62,10,10.333333333333334,67,6.483870967741935,20,177,110,9.666666666666666,11.379310344827587,1,9
10.3,10,3,65,Imran Tahir,David Warner,1,False,-0.5,24,Pune,Maharashtra Cricket Association Stadium,False,True,63,10,10.5,68,6.476190476190476,20,177,109,9.5,11.473684210526315,1,9
10.4,10,4,66,Imran Tahir,Kane Williamson,1,False,-0.5,24,Pune,Maharashtra Cricket Association Stadium,False,True,64,10,10.666666666666666,69,6.46875,20,177,108,9.333333333333334,11.571428571428571,1,9
10.5,10,5,67,Imran Tahir,David Warner,1,False,-0.5,24,Pune,Maharashtra Cricket Association Stadium,False,True,65,10,10.833333333333334,70,6.461538461538461,20,177,107,9.166666666666666,11.672727272727274,1,9
10.6,10,6,68,Imran Tahir,Kane Williamson,0,False,1.0,24,Pune,Maharashtra Cricket Association Stadium,False,True,66,10,11.0,70,6.363636363636363,20,177,107,9.0,11.88888888888889,1,9
11.1,11,1,69,Ben Stokes,David Warner,0,False,1.0,24,Pune,Maharashtra Cricket Association Stadium,False,True,67,11,11.166666666666666,70,6.268656716417911,20,177,107,8.833333333333334,12.11320754716981,1,9
11.2,11,2,70,Ben Stokes,David Warner,1,False,-0.5,24,Pune,Maharashtra Cricket Association Stadium,False,True,68,11,11.333333333333334,71,6.264705882352941,20,177,106,8.666666666666666,12.230769230769232,1,9
11.3,11,3,71,Ben Stokes,Kane Williamson,6,False,-3.0,24,Pune,Maharashtra Cricket Association Stadium,False,True,69,11,11.5,77,6.695652173913044,20,177,100,8.5,11.764705882352942,1,9
11.4,11,4,72,Ben Stokes,Kane Williamson,1,False,-0.5,24,Pune,Maharashtra Cricket Association Stadium,False,True,70,11,11.666666666666666,78,6.685714285714286,20,177,99,8.333333333333334,11.879999999999999,1,9
11.5,11,5,73,Ben Stokes,David Warner,1,False,-0.5,24,Pune,Maharashtra Cricket Association Stadium,False,True,71,11,11.833333333333334,79,6.676056338028169,20,177,98,8.166666666666666,12.0,1,9
11.6,11,6,74,Ben Stokes,Kane Williamson,4,False,-2.0,24,Pune,Maharashtra Cricket Association Stadium,False,True,72,11,12.0,83,6.916666666666667,20,177,94,8.0,11.75,1,9
12.1,12,1,75,Dan Christian,David Warner,0,False,1.0,24,Pune,Maharashtra Cricket Association Stadium,False,True,73,12,12.166666666666666,83,6.821917808219179,20,177,94,7.833333333333334,11.999999999999998,1,9
12.2,12,2,76,Dan Christian,David Warner,1,False,-0.5,24,Pune,Maharashtra Cricket Association Stadium,False,True,74,12,12.333333333333334,84,6.8108108108108105,20,177,93,7.666666666666666,12.130434782608697,1,9
12.3,12,3,77,Dan Christian,Kane Williamson,0,True,5.0,24,Pune,Maharashtra Cricket Association Stadium,False,True,75,12,12.5,84,6.72,20,177,93,7.5,12.4,2,8
12.4,12,4,78,Dan Christian,Moises Henriques,0,False,1.0,24,Pune,Maharashtra Cricket Association Stadium,False,True,76,12,12.666666666666666,84,6.631578947368421,20,177,93,7.333333333333334,12.681818181818182,2,8
12.5,12,5,79,Dan Christian,Moises Henriques,1,False,-0.5,24,Pune,Maharashtra Cricket Association Stadium,False,True,77,12,12.833333333333334,85,6.623376623376623,20,177,92,7.166666666666666,12.837209302325583,2,8
12.6,12,6,80,Dan Christian,David Warner,0,False,1.0,24,Pune,Maharashtra Cricket Association Stadium,False,True,78,12,13.0,85,6.538461538461538,20,177,92,7.0,13.142857142857142,2,8
13.1,13,1,81,Shardul Thakur,Moises Henriques,2,False,-1.0,24,Pune,Maharashtra Cricket Association Stadium,False,True,79,13,13.166666666666666,87,6.607594936708861,20,177,90,6.833333333333334,13.170731707317072,2,8
13.1,13,1,82,Shardul Thakur,Moises Henriques,1,False,-1.0,24,Pune,Maharashtra Cricket Association Stadium,True,False,79,13,13.166666666666666,88,6.6835443037974684,20,177,89,6.833333333333334,13.024390243902438,2,8
13.2,13,2,83,Shardul Thakur,Moises Henriques,0,False,1.0,24,Pune,Maharashtra Cricket Association Stadium,False,True,80,13,13.333333333333334,88,6.6,20,177,89,6.666666666666666,13.350000000000001,2,8
13.3,13,3,84,Shardul Thakur,Moises Henriques,0,False,1.0,24,Pune,Maharashtra Cricket Association Stadium,False,True,81,13,13.5,88,6.518518518518518,20,177,89,6.5,13.692307692307692,2,8
13.4,13,4,85,Shardul Thakur,Moises Henriques,4,False,-2.0,24,Pune,Maharashtra Cricket Association Stadium,False,True,82,13,13.666666666666666,92,6.731707317073171,20,177,85,6.333333333333334,13.421052631578947,2,8
13.5,13,5,86,Shardul Thakur,Moises Henriques,4,False,-2.0,24,Pune,Maharashtra Cricket Association Stadium,False,True,83,13,13.833333333333334,96,6.9397590361445785,20,177,81,6.166666666666666,13.135135135135137,2,8
13.6,13,6,87,Shardul Thakur,Moises Henriques,1,False,-0.5,24,Pune,Maharashtra Cricket Association Stadium,False,True,84,13,14.0,97,6.928571428571429,20,177,80,6.0,13.333333333333334,2,8
14.1,14,1,88,Imran Tahir,Moises Henriques,2,False,-1.0,24,Pune,Maharashtra Cricket Association Stadium,False,True,85,14,14.166666666666666,99,6.988235294117647,20,177,78,5.833333333333334,13.37142857142857,2,8
14.2,14,2,89,Imran Tahir,Moises Henriques,1,False,-0.5,24,Pune,Maharashtra Cricket Association Stadium,False,True,86,14,14.333333333333334,100,6.976744186046512,20,177,77,5.666666666666666,13.588235294117649,2,8
14.3,14,3,90,Imran Tahir,David Warner,6,False,-3.0,24,Pune,Maharashtra Cricket Association Stadium,True,False,86,14,14.333333333333334,106,7.395348837209302,20,177,71,5.666666666666666,12.529411764705884,2,8
14.3,14,3,91,Imran Tahir,David Warner,1,False,-0.5,24,Pune,Maharashtra Cricket Association Stadium,False,True,87,14,14.5,107,7.379310344827586,20,177,70,5.5,12.727272727272727,2,8
14.4,14,4,92,Imran Tahir,Moises Henriques,2,False,-1.0,24,Pune,Maharashtra Cricket Association Stadium,False,True,88,14,14.666666666666666,109,7.4318181818181825,20,177,68,5.333333333333334,12.749999999999998,2,8
14.5,14,5,93,Imran Tahir,Moises Henriques,1,False,-0.5,24,Pune,Maharashtra Cricket Association Stadium,False,True,89,14,14.833333333333334,110,7.415730337078651,20,177,67,5.166666666666666,12.967741935483872,2,8
14.6,14,6,94,Imran Tahir,David Warner,2,False,-1.0,24,Pune,Maharashtra Cricket Association Stadium,False,True,90,14,15.0,112,7.466666666666667,20,177,65,5.0,13.0,2,8
15.1,15,1,95,Dan Christian,Moises Henriques,2,False,-1.0,24,Pune,Maharashtra Cricket Association Stadium,False,True,91,15,15.166666666666666,114,7.516483516483516,20,177,63,4.833333333333334,13.034482758620689,2,8
15.2,15,2,96,Dan Christian,Moises Henriques,1,False,-0.25,24,Pune,Maharashtra Cricket Association Stadium,False,True,92,15,15.333333333333334,115,7.5,20,177,62,4.666666666666666,13.285714285714288,2,8
15.3,15,3,97,Dan Christian,David Warner,4,False,-2.0,24,Pune,Maharashtra Cricket Association Stadium,False,True,93,15,15.5,119,7.67741935483871,20,177,58,4.5,12.88888888888889,2,8
15.4,15,4,98,Dan Christian,David Warner,1,False,-0.5,24,Pune,Maharashtra Cricket Association Stadium,False,True,94,15,15.666666666666666,120,7.659574468085107,20,177,57,4.333333333333334,13.153846153846152,2,8
15.5,15,5,99,Dan Christian,Moises Henriques,1,False,-0.5,24,Pune,Maharashtra Cricket Association Stadium,False,True,95,15,15.833333333333334,121,7.6421052631578945,20,177,56,4.166666666666666,13.440000000000001,2,8
15.6,15,6,100,Dan Christian,David Warner,0,False,1.0,24,Pune,Maharashtra Cricket Association Stadium,False,True,96,15,16.0,121,7.5625,20,177,56,4.0,14.0,2,8
16.1,16,1,101,Jaydev Unadkat,Moises Henriques,6,False,-3.0,24,Pune,Maharashtra Cricket Association Stadium,False,True,97,16,16.166666666666668,127,7.855670103092783,20,177,50,3.833333333333332,13.04347826086957,2,8
16.2,16,2,102,Jaydev Unadkat,Moises Henriques,1,False,-0.5,24,Pune,Maharashtra Cricket Association Stadium,False,True,98,16,16.333333333333332,128,7.836734693877552,20,177,49,3.666666666666668,13.36363636363636,2,8
16.3,16,3,103,Jaydev Unadkat,David Warner,0,True,5.0,24,Pune,Maharashtra Cricket Association Stadium,False,True,99,16,16.5,128,7.757575757575758,20,177,49,3.5,14.0,3,7
16.4,16,4,104,Jaydev Unadkat,Deepak Hooda,0,False,1.0,24,Pune,Maharashtra Cricket Association Stadium,False,True,100,16,16.666666666666668,128,7.68,20,177,49,3.333333333333332,14.700000000000005,3,7
16.5,16,5,105,Jaydev Unadkat,Deepak Hooda,1,False,-0.5,24,Pune,Maharashtra Cricket Association Stadium,False,True,101,16,16.833333333333332,129,7.663366336633664,20,177,48,3.166666666666668,15.157894736842099,3,7
16.6,16,6,106,Jaydev Unadkat,Moises Henriques,4,False,-2.0,24,Pune,Maharashtra Cricket Association Stadium,False,True,102,16,17.0,133,7.823529411764706,20,177,44,3.0,14.666666666666666,3,7
17.1,17,1,107,Shardul Thakur,Deepak Hooda,1,False,-0.5,24,Pune,Maharashtra Cricket Association Stadium,False,True,103,17,17.166666666666668,134,7.805825242718446,20,177,43,2.833333333333332,15.1764705882353,3,7
17.2,17,2,108,Shardul Thakur,Moises Henriques,1,False,-0.5,24,Pune,Maharashtra Cricket Association Stadium,False,True,104,17,17.333333333333332,135,7.788461538461539,20,177,42,2.666666666666668,15.749999999999993,3,7
17.3,17,3,109,Shardul Thakur,Deepak Hooda,4,False,-2.0,24,Pune,Maharashtra Cricket Association Stadium,False,True,105,17,17.5,139,7.942857142857143,20,177,38,2.5,15.2,3,7
17.4,17,4,110,Shardul Thakur,Deepak Hooda,1,False,-0.5,24,Pune,Maharashtra Cricket Association Stadium,False,True,106,17,17.666666666666668,140,7.924528301886792,20,177,37,2.333333333333332,15.857142857142865,3,7
17.5,17,5,111,Shardul Thakur,Moises Henriques,4,False,-2.0,24,Pune,Maharashtra Cricket Association Stadium,False,True,107,17,17.833333333333332,144,8.074766355140188,20,177,33,2.166666666666668,15.230769230769223,3,7
17.6,17,6,112,Shardul Thakur,Moises Henriques,1,False,-0.5,24,Pune,Maharashtra Cricket Association Stadium,False,True,108,17,18.0,145,8.055555555555555,20,177,32,2.0,16.0,3,7
18.1,18,1,113,Jaydev Unadkat,Moises Henriques,1,False,-0.5,24,Pune,Maharashtra Cricket Association Stadium,False,True,109,18,18.166666666666668,146,8.036697247706421,20,177,31,1.8333333333333321,16.90909090909092,3,7
18.2,18,2,114,Jaydev Unadkat,Deepak Hooda,0,False,1.0,24,Pune,Maharashtra Cricket Association Stadium,False,True,110,18,18.333333333333332,146,7.963636363636364,20,177,31,1.6666666666666679,18.599999999999987,3,7
18.3,18,3,115,Jaydev Unadkat,Deepak Hooda,6,False,-3.0,24,Pune,Maharashtra Cricket Association Stadium,False,True,111,18,18.5,152,8.216216216216216,20,177,25,1.5,16.666666666666668,3,7
18.4,18,4,116,Jaydev Unadkat,Deepak Hooda,1,False,-0.5,24,Pune,Maharashtra Cricket Association Stadium,False,True,112,18,18.666666666666668,153,8.196428571428571,20,177,24,1.3333333333333321,18.000000000000018,3,7
18.5,18,5,117,Jaydev Unadkat,Moises Henriques,6,False,-3.0,24,Pune,Maharashtra Cricket Association Stadium,False,True,113,18,18.833333333333332,159,8.442477876106196,20,177,18,1.1666666666666679,15.428571428571413,3,7
18.6,18,6,118,Jaydev Unadkat,Moises Henriques,1,False,-0.25,24,Pune,Maharashtra Cricket Association Stadium,False,True,114,18,19.0,160,8.421052631578947,20,177,17,1.0,17.0,3,7
19.1,19,1,119,Shardul Thakur,Moises Henriques,1,False,-0.5,24,Pune,Maharashtra Cricket Association Stadium,False,True,115,19,19.166666666666668,161,8.4,20,177,16,0.8333333333333321,19.200000000000028,3,7
19.2,19,2,120,Shardul Thakur,Deepak Hooda,4,False,-2.0,24,Pune,Maharashtra Cricket Association Stadium,False,True,116,19,19.333333333333332,165,8.53448275862069,20,177,12,0.6666666666666679,17.999999999999968,3,7
19.3,19,3,121,Shardul Thakur,Deepak Hooda,1,False,-0.5,24,Pune,Maharashtra Cricket Association Stadium,False,True,117,19,19.5,166,8.512820512820513,20,177,11,0.5,22.0,3,7
19.4,19,4,122,Shardul Thakur,Moises Henriques,4,False,-2.0,24,Pune,Maharashtra Cricket Association Stadium,False,True,118,19,19.666666666666668,170,8.64406779661017,20,177,7,0.33333333333333215,21.000000000000075,3,7
19.5,19,5,123,Shardul Thakur,Moises Henriques,4,False,-2.0,24,Pune,Maharashtra Cricket Association Stadium,False,True,119,19,19.833333333333332,174,8.77310924369748,20,177,3,0.16666666666666785,17.999999999999872,3,7
19.6,19,6,124,Shardul Thakur,Moises Henriques,1,False,-0.5,24,Pune,Maharashtra Cricket Association Stadium,False,True,120,19,20.0,175,8.75,20,177,2,0.0,inf,3,7
