Ball Number,over,ball,Ball,bowler,batsman,Runs,is_wicket,bowler_score,match_id,city,stadium,is_extra,legal_delivery,legal_deliveries_count,overs_completed,overs_bowled,total_runs,current_run_rate,total_overs,target,runs_needed,overs_remaining,required_run_rate,wickets_fallen,wickets_in_hand
0.1,0,1,1,Bhuvneshwar Kumar,Ajinkya Rahane,0,False,1.0,24,Pune,Maharashtra Cricket Association Stadium,False,True,1,0,0.16666666666666666,0,0.0,20,177,177,19.833333333333332,8.92436974789916,0,10
0.2,0,2,2,N/A,N/A,0,False,0.0,24,Pune,Maharashtra Cricket Association Stadium,False,True,2,0,0.3333333333333333,0,0.0,20,177,177,19.666666666666668,9.0,0,10
0.3,0,3,3,Bhuvneshwar Kumar,Ajinkya Rahane,0,False,1.0,24,Pune,Maharashtra Cricket Association Stadium,False,True,3,0,0.5,0,0.0,20,177,177,19.5,9.076923076923077,0,10
0.4,0,4,4,Bhuvneshwar Kumar,Ajinkya Rahane,1,False,-0.5,24,Pune,Maharashtra Cricket Association Stadium,False,True,4,0,0.6666666666666666,1,1.5,20,177,176,19.333333333333332,9.10344827586207,0,10
0.5,0,5,5,Bhuvneshwar Kumar,Rahul Tripathi,0,False,1.0,24,Pune,Maharashtra Cricket Association Stadium,False,True,5,0,0.8333333333333334,1,1.2,20,177,176,19.166666666666668,9.182608695652174,0,10
0.6,0,6,6,Bhuvneshwar Kumar,Rahul Tripathi,0,False,1.0,24,Pune,Maharashtra Cricket Association Stadium,False,True,6,0,1.0,1,1.0,20,177,176,19.0,9.263157894736842,0,10
1.1,1,1,7,Bipul Sharma,Ajinkya Rahane,1,False,-0.25,24,Pune,Maharashtra Cricket Association Stadium,False,True,7,1,1.1666666666666667,2,1.7142857142857142,20,177,175,18.833333333333332,9.29203539823009,0,10
1.2,1,2,8,Bipul Sharma,Rahul Tripathi,1,False,-0.5,24,Pune,Maharashtra Cricket Association Stadium,False,True,8,1,1.3333333333333333,3,2.25,20,177,174,18.666666666666668,9.321428571428571,0,10
1.3,1,3,9,Bipul Sharma,Ajinkya Rahane,1,False,-0.5,24,Pune,Maharashtra Cricket Association Stadium,False,True,9,1,1.5,4,2.6666666666666665,20,177,173,18.5,9.35135135135135,0,10
1.4,1,4,10,Bipul Sharma,Rahul Tripathi,0,False,1.0,24,Pune,Maharashtra Cricket Association Stadium,False,True,10,1,1.6666666666666665,4,2.4000000000000004,20,177,173,18.333333333333332,9.436363636363637,0,10
1.5,1,5,11,Bipul Sharma,Rahul Tripathi,0,False,1.0,24,Pune,Maharashtra Cricket Association Stadium,False,True,11,1,1.8333333333333335,4,2.1818181818181817,20,177,173,18.166666666666668,9.522935779816514,0,10
1.6,1,6,12,Bipul Sharma,Rahul Tripathi,1,False,-0.5,24,Pune,Maharashtra Cricket Association Stadium,False,True,12,1,2.0,5,2.5,20,177,172,18.0,9.555555555555555,0,10
2.1,2,1,13,Bhuvneshwar Kumar,Rahul Tripathi,4,False,-2.0,24,Pune,Maharashtra Cricket Association Stadium,False,True,13,2,2.1666666666666665,9,4.153846153846154,20,177,168,17.833333333333332,9.420560747663552,0,10
2.2,2,2,14,Bhuvneshwar Kumar,Rahul Tripathi,0,False,1.0,24,Pune,Maharashtra Cricket Association Stadium,False,True,14,2,2.3333333333333335,9,3.8571428571428568,20,177,168,17.666666666666668,9.50943396226415,0,10
2.3,2,3,15,Bhuvneshwar Kumar,Rahul Tripathi,4,False,-2.0,24,Pune,Maharashtra Cricket Association Stadium,False,True,15,2,2.5,13,5.2,20,177,164,17.5,9.371428571428572,0,10
2.4,2,4,16,Bhuvneshwar Kumar,Rahul Tripathi,0,False,1.0,24,Pune,Maharashtra Cricket Association Stadium,False,True,16,2,2.6666666666666665,13,4.875,20,177,164,17.333333333333332,9.461538461538462,0,10
2.5,2,5,17,Bhuvneshwar Kumar,Rahul Tripathi,2,False,-1.0,24,Pune,Maharashtra Cricket Association Stadium,False,True,17,2,2.8333333333333335,15,5.294117647058823,20,177,162,17.166666666666668,9.436893203883495,0,10
2.6,2,6,18,Bhuvneshwar Kumar,Rahul Tripathi,0,False,1.0,24,Pune,Maharashtra Cricket Association Stadium,False,True,18,2,3.0,15,5.0,20,177,162,17.0,9.529411764705882,0,10
3.1,3,1,19,Bipul Sharma,Ajinkya Rahane,0,True,5.0,24,Pune,Maharashtra Cricket Association Stadium,False,True,19,3,3.1666666666666665,15,4.736842105263158,20,177,162,16.833333333333332,9.623762376237625,1,9
3.2,3,2,20,Bipul Sharma,Rahul Tripathi,4,False,-2.0,24,Pune,Maharashtra Cricket Association Stadium,False,True,20,3,3.3333333333333335,19,5.7,20,177,158,16.666666666666668,9.479999999999999,1,9
3.3,3,3,21,Bipul Sharma,Rahul Tripathi,0,False,1.0,24,Pune,Maharashtra Cricket Association Stadium,False,True,21,3,3.5,19,5.428571428571429,20,177,158,16.5,9.575757575757576,1,9
3.4,3,4,22,Bipul Sharma,Rahul Tripathi,1,False,-0.5,24,Pune,Maharashtra Cricket Association Stadium,False,True,22,3,3.6666666666666665,20,5.454545454545455,20,177,157,16.333333333333332,9.612244897959185,1,9
3.5,3,5,23,Bipul Sharma,Steven Smith,0,False,1.0,24,Pune,Maharashtra Cricket Association Stadium,False,True,23,3,3.8333333333333335,20,5.217391304347826,20,177,157,16.166666666666668,9.711340206185566,1,9
3.6,3,6,24,Bipul Sharma,Steven Smith,4,False,-2.0,24,Pune,Maharashtra Cricket Association Stadium,False,True,24,3,4.0,24,6.0,20,177,153,16.0,9.5625,1,9
4.1,4,1,25,Mohammed Siraj,Rahul Tripathi,2,False,-1.0,24,Pune,Maharashtra Cricket Association Stadium,False,True,25,4,4.166666666666667,26,6.239999999999999,20,177,151,15.833333333333332,9.536842105263158,1,9
4.2,4,2,26,Mohammed Siraj,Rahul Tripathi,6,False,-3.0,24,Pune,Maharashtra Cricket Association Stadium,False,True,26,4,4.333333333333333,32,7.384615384615385,20,177,145,15.666666666666668,9.25531914893617,1,9
4.3,4,3,27,Mohammed Siraj,Rahul Tripathi,4,False,-2.0,24,Pune,Maharashtra Cricket Association Stadium,False,True,27,4,4.5,36,8.0,20,177,141,15.5,9.096774193548388,1,9
4.4,4,4,28,Mohammed Siraj,Rahul Tripathi,0,False,1.0,24,Pune,Maharashtra Cricket Association Stadium,False,True,28,4,4.666666666666667,36,7.7142857142857135,20,177,141,15.333333333333332,9.195652173913045,1,9
4.5,4,5,29,Mohammed Siraj,Rahul Tripathi,0,False,1.0,24,Pune,Maharashtra Cricket Association Stadium,False,True,29,4,4.833333333333333,36,7.448275862068966,20,177,141,15.166666666666668,9.296703296703296,1,9
4.6,4,6,30,Mohammed Siraj,Rahul Tripathi,1,False,-0.5,24,Pune,Maharashtra Cricket Association Stadium,False,True,30,4,5.0,37,7.4,20,177,140,15.0,9.333333333333334,1,9
5.1,5,1,31,Siddarth Kaul,Rahul Tripathi,1,False,-0.5,24,Pune,Maharashtra Cricket Association Stadium,False,True,31,5,5.166666666666667,38,7.354838709677419,20,177,139,14.833333333333332,9.370786516853933,1,9
5.2,5,2,32,Siddarth Kaul,Steven Smith,1,False,-0.5,24,Pune,Maharashtra Cricket Association Stadium,False,True,32,5,5.333333333333333,39,7.3125,20,177,138,14.666666666666668,9.409090909090908,1,9
5.3,5,3,33,Siddarth Kaul,Rahul Tripathi,6,False,-3.0,24,Pune,Maharashtra Cricket Association Stadium,False,True,33,5,5.5,45,8.181818181818182,20,177,132,14.5,9.10344827586207,1,9
5.4,5,4,34,Siddarth Kaul,Rahul Tripathi,4,False,-2.0,24,Pune,Maharashtra Cricket Association Stadium,False,True,34,5,5.666666666666667,49,8.647058823529411,20,177,128,14.333333333333332,8.930232558139535,1,9
5.5,5,5,35,Siddarth Kaul,Rahul Tripathi,0,False,1.0,24,Pune,Maharashtra Cricket Association Stadium,False,True,35,5,5.833333333333333,49,8.4,20,177,128,14.166666666666668,9.035294117647059,1,9
5.6,5,6,36,Siddarth Kaul,Rahul Tripathi,6,False,-3.0,24,Pune,Maharashtra Cricket Association Stadium,False,True,36,5,6.0,55,9.166666666666666,20,177,122,14.0,8.714285714285714,1,9
6.1,6,1,37,Rashid Khan,Steven Smith,1,False,-0.5,24,Pune,Maharashtra Cricket Association Stadium,False,True,37,6,6.166666666666667,56,9.08108108108108,20,177,121,13.833333333333332,8.74698795180723,1,9
6.2,6,2,38,Rashid Khan,Rahul Tripathi,0,False,1.0,24,Pune,Maharashtra Cricket Association Stadium,False,True,38,6,6.333333333333333,56,8.842105263157896,20,177,121,13.666666666666668,8.853658536585366,1,9
6.3,6,3,39,Rashid Khan,Rahul Tripathi,1,False,-0.5,24,Pune,Maharashtra Cricket Association Stadium,False,True,39,6,6.5,57,8.76923076923077,20,177,120,13.5,8.88888888888889,1,9
6.4,6,4,40,Rashid Khan,Steven Smith,0,False,1.0,24,Pune,Maharashtra Cricket Association Stadium,False,True,40,6,6.666666666666667,57,8.549999999999999,20,177,120,13.333333333333332,9.0,1,9
6.5,6,5,41,Rashid Khan,Steven Smith,1,False,-0.5,24,Pune,Maharashtra Cricket Association Stadium,False,True,41,6,6.833333333333333,58,8.487804878048781,20,177,119,13.166666666666668,9.037974683544302,1,9
6.6,6,6,42,Rashid Khan,Rahul Tripathi,0,False,1.0,24,Pune,Maharashtra Cricket Association Stadium,False,True,42,6,7.0,58,8.285714285714286,20,177,119,13.0,9.153846153846153,1,9
7.1,7,1,43,Bipul Sharma,Steven Smith,0,False,1.0,24,Pune,Maharashtra Cricket Association Stadium,False,True,43,7,7.166666666666667,58,8.093023255813954,20,177,119,12.833333333333332,9.272727272727273,1,9
7.2,7,2,44,Bipul Sharma,Steven Smith,0,False,1.0,24,Pune,Maharashtra Cricket Association Stadium,False,True,44,7,7.333333333333333,58,7.909090909090909,20,177,119,12.666666666666668,9.394736842105262,1,9
7.3,7,3,45,Bipul Sharma,Steven Smith,1,False,-0.5,24,Pune,Maharashtra Cricket Association Stadium,False,True,45,7,7.5,59,7.866666666666666,20,177,118,12.5,9.44,1,9
7.4,7,4,46,Bipul Sharma,Rahul Tripathi,1,False,-0.5,24,Pune,Maharashtra Cricket Association Stadium,False,True,46,7,7.666666666666667,60,7.826086956521739,20,177,117,12.333333333333332,9.486486486486488,1,9
7.5,7,5,47,Bipul Sharma,Steven Smith,1,False,-0.5,24,Pune,Maharashtra Cricket Association Stadium,False,True,47,7,7.833333333333333,61,7.787234042553192,20,177,116,12.166666666666668,9.534246575342465,1,9
7.6,7,6,48,Bipul Sharma,Rahul Tripathi,0,False,1.0,24,Pune,Maharashtra Cricket Association Stadium,False,True,48,7,8.0,61,7.625,20,177,116,12.0,9.666666666666666,1,9
8.1,8,1,49,Rashid Khan,Steven Smith,0,False,1.0,24,Pune,Maharashtra Cricket Association Stadium,False,True,49,8,8.166666666666666,61,7.469387755102042,20,177,116,11.833333333333334,9.80281690140845,1,9
8.2,8,2,50,Rashid Khan,Steven Smith,1,False,-0.5,24,Pune,Maharashtra Cricket Association Stadium,False,True,50,8,8.333333333333334,62,7.4399999999999995,20,177,115,11.666666666666666,9.857142857142858,1,9
8.3,8,3,51,Rashid Khan,Rahul Tripathi,1,False,-0.5,24,Pune,Maharashtra Cricket Association Stadium,False,True,51,8,8.5,63,7.411764705882353,20,177,114,11.5,9.91304347826087,1,9
8.4,8,4,52,Rashid Khan,Steven Smith,0,False,1.0,24,Pune,Maharashtra Cricket Association Stadium,False,True,52,8,8.666666666666666,63,7.26923076923077,20,177,114,11.333333333333334,10.058823529411764,1,9
8.5,8,5,53,Rashid Khan,Steven Smith,1,False,-0.5,24,Pune,Maharashtra Cricket Association Stadium,False,True,53,8,8.833333333333334,64,7.245283018867924,20,177,113,11.166666666666666,10.119402985074627,1,9
8.6,8,6,54,Rashid Khan,Rahul Tripathi,4,False,-2.0,24,Pune,Maharashtra Cricket Association Stadium,False,True,54,8,9.0,68,7.555555555555555,20,177,109,11.0,9.909090909090908,1,9
9.1,9,1,55,Bipul Sharma,Steven Smith,1,False,-0.5,24,Pune,Maharashtra Cricket Association Stadium,False,True,55,9,9.166666666666666,69,7.527272727272727,20,177,108,10.833333333333334,9.96923076923077,1,9
9.2,9,2,56,Bipul Sharma,Rahul Tripathi,0,False,1.0,24,Pune,Maharashtra Cricket Association Stadium,False,True,56,9,9.333333333333334,69,7.392857142857142,20,177,108,10.666666666666666,10.125,1,9
9.3,9,3,57,Bipul Sharma,Rahul Tripathi,1,False,-0.5,24,Pune,Maharashtra Cricket Association Stadium,False,True,57,9,9.5,70,7.368421052631579,20,177,107,10.5,10.19047619047619,1,9
9.4,9,4,58,Bipul Sharma,Steven Smith,6,False,-3.0,24,Pune,Maharashtra Cricket Association Stadium,False,True,58,9,9.666666666666666,76,7.862068965517242,20,177,101,10.333333333333334,9.774193548387096,1,9
9.5,9,5,59,Bipul Sharma,Steven Smith,6,False,-3.0,24,Pune,Maharashtra Cricket Association Stadium,False,True,59,9,9.833333333333334,82,8.338983050847457,20,177,95,10.166666666666666,9.344262295081968,1,9
9.6,9,6,60,Bipul Sharma,Steven Smith,1,False,-0.5,24,Pune,Maharashtra Cricket Association Stadium,False,True,60,9,10.0,83,8.3,20,177,94,10.0,9.4,1,9
10.1,10,1,61,Rashid Khan,Steven Smith,1,False,-0.5,24,Pune,Maharashtra Cricket Association Stadium,False,True,61,10,10.166666666666666,84,8.262295081967213,20,177,93,9.833333333333334,9.457627118644067,1,9
10.2,10,2,62,Rashid Khan,Rahul Tripathi,1,False,-0.5,24,Pune,Maharashtra Cricket Association Stadium,False,True,62,10,10.333333333333334,85,8.225806451612902,20,177,92,9.666666666666666,9.517241379310345,1,9
10.3,10,3,63,Rashid Khan,Steven Smith,1,False,-0.5,24,Pune,Maharashtra Cricket Association Stadium,False,True,63,10,10.5,86,8.19047619047619,20,177,91,9.5,9.578947368421053,1,9
10.4,10,4,64,Rashid Khan,Rahul Tripathi,1,False,-0.5,24,Pune,Maharashtra Cricket Association Stadium,False,True,64,10,10.666666666666666,87,8.15625,20,177,90,9.333333333333334,9.642857142857142,1,9
10.5,10,5,65,Rashid Khan,Steven Smith,0,True,5.0,24,Pune,Maharashtra Cricket Association Stadium,False,True,65,10,10.833333333333334,87,8.03076923076923,20,177,90,9.166666666666666,9.818181818181818,2,8
10.6,10,6,66,Rashid Khan,MS Dhoni,0,False,1.0,24,Pune,Maharashtra Cricket Association Stadium,False,True,66,10,11.0,87,7.909090909090909,20,177,90,9.0,10.0,2,8
11.1,11,1,67,Moises Henriques,Rahul Tripathi,1,False,-0.5,24,Pune,Maharashtra Cricket Association Stadium,False,True,67,11,11.166666666666666,88,7.880597014925374,20,177,89,8.833333333333334,10.075471698113207,2,8
11.2,11,2,68,Moises Henriques,MS Dhoni,0,False,1.0,24,Pune,Maharashtra Cricket Association Stadium,False,True,68,11,11.333333333333334,88,7.764705882352941,20,177,89,8.666666666666666,10.26923076923077,2,8
11.3,11,3,69,Moises Henriques,MS Dhoni,0,False,1.0,24,Pune,Maharashtra Cricket Association Stadium,False,True,69,11,11.5,88,7.6521739130434785,20,177,89,8.5,10.470588235294118,2,8
11.4,11,4,70,Moises Henriques,MS Dhoni,1,False,-0.5,24,Pune,Maharashtra Cricket Association Stadium,False,True,70,11,11.666666666666666,89,7.628571428571429,20,177,88,8.333333333333334,10.559999999999999,2,8
11.5,11,5,71,Moises Henriques,Rahul Tripathi,1,False,-0.5,24,Pune,Maharashtra Cricket Association Stadium,False,True,71,11,11.833333333333334,90,7.605633802816901,20,177,87,8.166666666666666,10.653061224489797,2,8
11.6,11,6,72,Moises Henriques,MS Dhoni,1,False,-0.5,24,Pune,Maharashtra Cricket Association Stadium,False,True,72,11,12.0,91,7.583333333333333,20,177,86,8.0,10.75,2,8
12.1,12,1,73,Mohammed Siraj,MS Dhoni,4,False,-2.0,24,Pune,Maharashtra Cricket Association Stadium,False,True,73,12,12.166666666666666,95,7.808219178082192,20,177,82,7.833333333333334,10.468085106382977,2,8
12.2,12,2,74,Mohammed Siraj,MS Dhoni,1,False,-0.5,24,Pune,Maharashtra Cricket Association Stadium,False,True,74,12,12.333333333333334,96,7.783783783783783,20,177,81,7.666666666666666,10.56521739130435,2,8
12.3,12,3,75,Mohammed Siraj,Rahul Tripathi,0,False,1.0,24,Pune,Maharashtra Cricket Association Stadium,False,True,75,12,12.5,96,7.68,20,177,81,7.5,10.8,2,8
12.4,12,4,76,Mohammed Siraj,Rahul Tripathi,1,False,-0.25,24,Pune,Maharashtra Cricket Association Stadium,False,True,76,12,12.666666666666666,97,7.657894736842105,20,177,80,7.333333333333334,10.909090909090908,2,8
12.5,12,5,77,Mohammed Siraj,MS Dhoni,0,False,1.0,24,Pune,Maharashtra Cricket Association Stadium,False,True,77,12,12.833333333333334,97,7.558441558441558,20,177,80,7.166666666666666,11.162790697674419,2,8
12.6,12,6,78,Mohammed Siraj,MS Dhoni,1,False,-0.5,24,Pune,Maharashtra Cricket Association Stadium,False,True,78,12,13.0,98,7.538461538461538,20,177,79,7.0,11.285714285714286,2,8
13.1,13,1,79,Rashid Khan,MS Dhoni,0,True,5.0,24,Pune,Maharashtra Cricket Association Stadium,False,True,79,13,13.166666666666666,98,7.443037974683545,20,177,79,6.833333333333334,11.560975609756097,3,7
13.2,13,2,80,Rashid Khan,Ben Stokes,0,False,1.0,24,Pune,Maharashtra Cricket Association Stadium,False,True,80,13,13.333333333333334,98,7.35,20,177,79,6.666666666666666,11.850000000000001,3,7
13.3,13,3,81,Rashid Khan,Ben Stokes,1,False,-0.5,24,Pune,Maharashtra Cricket Association Stadium,False,True,81,13,13.5,99,7.333333333333333,20,177,78,6.5,12.0,3,7
13.4,13,4,82,N/A,N/A,0,False,0.0,24,Pune,Maharashtra Cricket Association Stadium,False,True,82,13,13.666666666666666,99,7.2439024390243905,20,177,78,6.333333333333334,12.315789473684209,3,7
13.5,13,5,83,Rashid Khan,MS Dhoni,1,False,-0.5,24,Pune,Maharashtra Cricket Association Stadium,False,True,83,13,13.833333333333334,100,7.228915662650602,20,177,77,6.166666666666666,12.486486486486488,3,7
13.6,13,6,84,Rashid Khan,Ben Stokes,1,False,-0.5,24,Pune,Maharashtra Cricket Association Stadium,False,True,84,13,14.0,101,7.214285714285714,20,177,76,6.0,12.666666666666666,3,7
14.1,14,1,85,Siddarth Kaul,Ben Stokes,1,False,-0.5,24,Pune,Maharashtra Cricket Association Stadium,False,True,85,14,14.166666666666666,102,7.2,20,177,75,5.833333333333334,12.857142857142856,3,7
14.2,14,2,86,Siddarth Kaul,MS Dhoni,1,False,-0.5,24,Pune,Maharashtra Cricket Association Stadium,False,True,86,14,14.333333333333334,103,7.186046511627906,20,177,74,5.666666666666666,13.058823529411766,3,7
14.3,14,3,87,Siddarth Kaul,Ben Stokes,1,False,-0.5,24,Pune,Maharashtra Cricket Association Stadium,False,True,87,14,14.5,104,7.172413793103448,20,177,73,5.5,13.272727272727273,3,7
14.4,14,4,88,Siddarth Kaul,MS Dhoni,6,False,-3.0,24,Pune,Maharashtra Cricket Association Stadium,False,True,88,14,14.666666666666666,110,7.5,20,177,67,5.333333333333334,12.562499999999998,3,7
14.5,14,5,89,Siddarth Kaul,MS Dhoni,1,False,-0.5,24,Pune,Maharashtra Cricket Association Stadium,False,True,89,14,14.833333333333334,111,7.48314606741573,20,177,66,5.166666666666666,12.774193548387098,3,7
14.6,14,6,90,Siddarth Kaul,Ben Stokes,4,False,-2.0,24,Pune,Maharashtra Cricket Association Stadium,False,True,90,14,15.0,115,7.666666666666667,20,177,62,5.0,12.4,3,7
15.1,15,1,91,Mohammed Siraj,MS Dhoni,1,False,-0.5,24,Pune,Maharashtra Cricket Association Stadium,False,True,91,15,15.166666666666666,116,7.648351648351649,20,177,61,4.833333333333334,12.620689655172413,3,7
15.2,15,2,92,Mohammed Siraj,Ben Stokes,1,False,-0.5,24,Pune,Maharashtra Cricket Association Stadium,False,True,92,15,15.333333333333334,117,7.630434782608695,20,177,60,4.666666666666666,12.85714285714286,3,7
15.3,15,3,93,Mohammed Siraj,MS Dhoni,2,False,-1.0,24,Pune,Maharashtra Cricket Association Stadium,False,True,93,15,15.5,119,7.67741935483871,20,177,58,4.5,12.88888888888889,3,7
15.4,15,4,94,Mohammed Siraj,MS Dhoni,0,False,1.0,24,Pune,Maharashtra Cricket Association Stadium,False,True,94,15,15.666666666666666,119,7.595744680851064,20,177,58,4.333333333333334,13.384615384615383,3,7
15.5,15,5,95,Mohammed Siraj,MS Dhoni,1,False,-0.5,24,Pune,Maharashtra Cricket Association Stadium,False,True,95,15,15.833333333333334,120,7.578947368421052,20,177,57,4.166666666666666,13.680000000000001,3,7
15.6,15,6,96,Mohammed Siraj,Ben Stokes,1,False,-0.5,24,Pune,Maharashtra Cricket Association Stadium,False,True,96,15,16.0,121,7.5625,20,177,56,4.0,14.0,3,7
16.1,16,1,97,Bhuvneshwar Kumar,Ben Stokes,0,True,5.0,24,Pune,Maharashtra Cricket Association Stadium,False,True,97,16,16.166666666666668,121,7.484536082474226,20,177,56,3.833333333333332,14.608695652173918,4,6
16.2,16,2,98,Bhuvneshwar Kumar,MS Dhoni,1,False,-0.5,24,Pune,Maharashtra Cricket Association Stadium,False,True,98,16,16.333333333333332,122,7.469387755102042,20,177,55,3.666666666666668,14.999999999999995,4,6
16.3,16,3,99,Bhuvneshwar Kumar,Manoj Tiwary,1,False,-0.5,24,Pune,Maharashtra Cricket Association Stadium,False,True,99,16,16.5,123,7.454545454545454,20,177,54,3.5,15.428571428571429,4,6
16.4,16,4,100,Bhuvneshwar Kumar,MS Dhoni,2,False,-1.0,24,Pune,Maharashtra Cricket Association Stadium,False,True,100,16,16.666666666666668,125,7.499999999999999,20,177,52,3.333333333333332,15.600000000000005,4,6
16.5,16,5,101,Bhuvneshwar Kumar,MS Dhoni,1,False,-0.5,24,Pune,Maharashtra Cricket Association Stadium,False,True,101,16,16.833333333333332,126,7.485148514851486,20,177,51,3.166666666666668,16.10526315789473,4,6
16.6,16,6,102,Bhuvneshwar Kumar,Manoj Tiwary,4,False,-2.0,24,Pune,Maharashtra Cricket Association Stadium,False,True,102,16,17.0,130,7.647058823529412,20,177,47,3.0,15.666666666666666,4,6
17.1,17,1,103,Mohammed Siraj,MS Dhoni,1,False,-0.5,24,Pune,Maharashtra Cricket Association Stadium,False,True,103,17,17.166666666666668,131,7.631067961165048,20,177,46,2.833333333333332,16.235294117647065,4,6
17.2,17,2,104,Mohammed Siraj,Manoj Tiwary,4,False,-2.0,24,Pune,Maharashtra Cricket Association Stadium,False,True,104,17,17.333333333333332,135,7.788461538461539,20,177,42,2.666666666666668,15.749999999999993,4,6
17.3,17,3,105,Mohammed Siraj,Manoj Tiwary,1,False,-0.5,24,Pune,Maharashtra Cricket Association Stadium,False,True,105,17,17.5,136,7.771428571428571,20,177,41,2.5,16.4,4,6
17.4,17,4,106,Mohammed Siraj,MS Dhoni,6,False,-3.0,24,Pune,Maharashtra Cricket Association Stadium,False,True,106,17,17.666666666666668,142,8.037735849056602,20,177,35,2.333333333333332,15.000000000000007,4,6
17.5,17,5,107,Mohammed Siraj,MS Dhoni,4,False,-2.0,24,Pune,Maharashtra Cricket Association Stadium,False,True,107,17,17.833333333333332,146,8.186915887850468,20,177,31,2.166666666666668,14.3076923076923,4,6
17.6,17,6,108,Mohammed Siraj,MS Dhoni,1,False,-0.5,24,Pune,Maharashtra Cricket Association Stadium,False,True,108,17,18.0,147,8.166666666666666,20,177,30,2.0,15.0,4,6
18.1,18,1,109,Bhuvneshwar Kumar,MS Dhoni,4,False,-2.0,24,Pune,Maharashtra Cricket Association Stadium,False,True,109,18,18.166666666666668,151,8.311926605504587,20,177,26,1.8333333333333321,14.18181818181819,4,6
18.1,18,1,110,Bhuvneshwar Kumar,MS Dhoni,1,False,-1.0,24,Pune,Maharashtra Cricket Association Stadium,True,False,109,18,18.166666666666668,152,8.36697247706422,20,177,25,1.8333333333333321,13.636363636363646,4,6
18.2,18,2,111,Bhuvneshwar Kumar,MS Dhoni,4,False,-2.0,24,Pune,Maharashtra Cricket Association Stadium,False,True,110,18,18.333333333333332,156,8.50909090909091,20,177,21,1.6666666666666679,12.59999999999999,4,6
18.3,18,3,112,Bhuvneshwar Kumar,MS Dhoni,6,False,-3.0,24,Pune,Maharashtra Cricket Association Stadium,False,True,111,18,18.5,162,8.756756756756756,20,177,15,1.5,10.0,4,6
18.4,18,4,113,Bhuvneshwar Kumar,MS Dhoni,1,False,-0.5,24,Pune,Maharashtra Cricket Association Stadium,False,True,112,18,18.666666666666668,163,8.732142857142856,20,177,14,1.3333333333333321,10.500000000000009,4,6
18.5,18,5,114,Bhuvneshwar Kumar,Manoj Tiwary,1,False,-0.5,24,Pune,Maharashtra Cricket Association Stadium,False,True,113,18,18.833333333333332,164,8.707964601769913,20,177,13,1.1666666666666679,11.142857142857132,4,6
18.6,18,6,115,Bhuvneshwar Kumar,MS Dhoni,2,False,-1.0,24,Pune,Maharashtra Cricket Association Stadium,False,True,114,18,19.0,166,8.736842105263158,20,177,11,1.0,11.0,4,6
19.1,19,1,116,Siddarth Kaul,Manoj Tiwary,4,False,-2.0,24,Pune,Maharashtra Cricket Association Stadium,False,True,115,19,19.166666666666668,170,8.869565217391305,20,177,7,0.8333333333333321,8.400000000000013,4,6
19.2,19,2,117,Siddarth Kaul,Manoj Tiwary,1,False,-0.5,24,Pune,Maharashtra Cricket Association Stadium,False,True,116,19,19.333333333333332,171,8.844827586206897,20,177,6,0.6666666666666679,8.999999999999984,4,6
19.3,19,3,118,Siddarth Kaul,MS Dhoni,1,False,-0.5,24,Pune,Maharashtra Cricket Association Stadium,False,True,117,19,19.5,172,8.820512820512821,20,177,5,0.5,10.0,4,6
19.4,19,4,119,Siddarth Kaul,Manoj Tiwary,1,False,-0.5,24,Pune,Maharashtra Cricket Association Stadium,False,True,118,19,19.666666666666668,173,8.796610169491524,20,177,4,0.33333333333333215,12.000000000000043,4,6
19.5,19,5,120,Siddarth Kaul,MS Dhoni,2,False,-1.0,24,Pune,Maharashtra Cricket Association Stadium,False,True,119,19,19.833333333333332,175,8.823529411764707,20,177,2,0.16666666666666785,11.999999999999915,4,6
19.6,19,6,121,Siddarth Kaul,MS Dhoni,4,False,-2.0,24,Pune,Maharashtra Cricket Association Stadium,False,True,120,19,20.0,179,8.95,20,177,0,0.0,inf,4,6
