Ball Number,over,ball,Ball,bowler,batsman,Runs,is_wicket,bowler_score,match_id,city,stadium,is_extra,legal_delivery,legal_deliveries_count,overs_completed,overs_bowled,total_runs,current_run_rate,total_overs,target,runs_needed,overs_remaining,required_run_rate,wickets_fallen,wickets_in_hand
0.1,0,1,1,Samuel Badree,Sunil Narine,0,False,1.0,27,Kolkata,Eden Gardens,False,True,1,0,0.16666666666666666,0,0.0,20,132,132,19.833333333333332,6.65546218487395,0,10
0.2,0,2,2,Samuel Badree,Sunil Narine,4,False,-2.0,27,Kolkata,Eden Gardens,False,True,2,0,0.3333333333333333,4,12.0,20,132,128,19.666666666666668,6.508474576271186,0,10
0.3,0,3,3,Samuel Badree,Sunil Narine,4,False,-2.0,27,Kolkata,Eden Gardens,False,True,3,0,0.5,8,16.0,20,132,124,19.5,6.358974358974359,0,10
0.4,0,4,4,Samuel Badree,Sunil Narine,4,False,-2.0,27,Kolkata,Eden Gardens,False,True,4,0,0.6666666666666666,12,18.0,20,132,120,19.333333333333332,6.206896551724138,0,10
0.5,0,5,5,Samuel Badree,Sunil Narine,6,False,-3.0,27,Kolkata,Eden Gardens,False,True,5,0,0.8333333333333334,18,21.599999999999998,20,132,114,19.166666666666668,5.947826086956521,0,10
0.6,0,6,6,Samuel Badree,Sunil Narine,0,False,1.0,27,Kolkata,Eden Gardens,False,True,6,0,1.0,18,18.0,20,132,114,19.0,6.0,0,10
1.1,1,1,7,Tymal Mills,Gautam Gambhir,0,False,1.0,27,Kolkata,Eden Gardens,False,True,7,1,1.1666666666666667,18,15.428571428571427,20,132,114,18.833333333333332,6.053097345132744,0,10
1.2,1,2,8,Tymal Mills,Gautam Gambhir,0,False,1.0,27,Kolkata,Eden Gardens,False,True,8,1,1.3333333333333333,18,13.5,20,132,114,18.666666666666668,6.107142857142857,0,10
1.3,1,3,9,Tymal Mills,Gautam Gambhir,1,False,-1.0,27,Kolkata,Eden Gardens,True,False,8,1,1.3333333333333333,19,14.25,20,132,113,18.666666666666668,6.053571428571428,0,10
1.3,1,3,10,Tymal Mills,Gautam Gambhir,0,False,1.0,27,Kolkata,Eden Gardens,False,True,9,1,1.5,19,12.666666666666666,20,132,113,18.5,6.108108108108108,0,10
1.4,1,4,11,Tymal Mills,Gautam Gambhir,0,False,1.0,27,Kolkata,Eden Gardens,False,True,10,1,1.6666666666666665,19,11.4,20,132,113,18.333333333333332,6.163636363636364,0,10
1.5,1,5,12,Tymal Mills,Gautam Gambhir,6,False,-3.0,27,Kolkata,Eden Gardens,False,True,11,1,1.8333333333333335,25,13.636363636363635,20,132,107,18.166666666666668,5.889908256880734,0,10
1.6,1,6,13,Tymal Mills,Gautam Gambhir,0,False,1.0,27,Kolkata,Eden Gardens,False,True,12,1,2.0,25,12.5,20,132,107,18.0,5.944444444444445,0,10
2.1,2,1,14,Sreenath Aravind,Sunil Narine,0,False,1.0,27,Kolkata,Eden Gardens,False,True,13,2,2.1666666666666665,25,11.53846153846154,20,132,107,17.833333333333332,6.0,0,10
2.2,2,2,15,Sreenath Aravind,Sunil Narine,1,False,-0.5,27,Kolkata,Eden Gardens,False,True,14,2,2.3333333333333335,26,11.142857142857142,20,132,106,17.666666666666668,6.0,0,10
2.3,2,3,16,Sreenath Aravind,Gautam Gambhir,4,False,-2.0,27,Kolkata,Eden Gardens,False,True,15,2,2.5,30,12.0,20,132,102,17.5,5.828571428571428,0,10
2.4,2,4,17,Sreenath Aravind,Gautam Gambhir,1,False,-0.5,27,Kolkata,Eden Gardens,False,True,16,2,2.6666666666666665,31,11.625,20,132,101,17.333333333333332,5.8269230769230775,0,10
2.5,2,5,18,Sreenath Aravind,Sunil Narine,4,False,-2.0,27,Kolkata,Eden Gardens,False,True,17,2,2.8333333333333335,35,12.352941176470587,20,132,97,17.166666666666668,5.650485436893203,0,10
2.6,2,6,19,Sreenath Aravind,Sunil Narine,4,False,-2.0,27,Kolkata,Eden Gardens,False,True,18,2,3.0,39,13.0,20,132,93,17.0,5.470588235294118,0,10
3.1,3,1,20,Tymal Mills,Gautam Gambhir,2,False,-1.0,27,Kolkata,Eden Gardens,False,True,19,3,3.1666666666666665,41,12.947368421052632,20,132,91,16.833333333333332,5.405940594059406,0,10
3.2,3,2,21,Tymal Mills,Gautam Gambhir,1,False,-0.5,27,Kolkata,Eden Gardens,False,True,20,3,3.3333333333333335,42,12.6,20,132,90,16.666666666666668,5.3999999999999995,0,10
3.3,3,3,22,Tymal Mills,Sunil Narine,5,False,-1.0,27,Kolkata,Eden Gardens,True,False,20,3,3.3333333333333335,47,14.1,20,132,85,16.666666666666668,5.1,0,10
3.3,3,3,23,Tymal Mills,Sunil Narine,1,False,-0.5,27,Kolkata,Eden Gardens,False,True,21,3,3.5,48,13.714285714285714,20,132,84,16.5,5.090909090909091,0,10
3.4,3,4,24,Tymal Mills,Gautam Gambhir,0,True,5.0,27,Kolkata,Eden Gardens,False,True,22,3,3.6666666666666665,48,13.090909090909092,20,132,84,16.333333333333332,5.142857142857143,1,9
3.5,3,5,25,Tymal Mills,Robin Uthappa,4,False,-2.0,27,Kolkata,Eden Gardens,False,True,23,3,3.8333333333333335,52,13.565217391304348,20,132,80,16.166666666666668,4.948453608247422,1,9
3.6,3,6,26,Tymal Mills,Robin Uthappa,0,False,1.0,27,Kolkata,Eden Gardens,False,True,24,3,4.0,52,13.0,20,132,80,16.0,5.0,1,9
4.1,4,1,27,Sreenath Aravind,Sunil Narine,0,False,1.0,27,Kolkata,Eden Gardens,False,True,25,4,4.166666666666667,52,12.479999999999999,20,132,80,15.833333333333332,5.052631578947369,1,9
4.2,4,2,28,Sreenath Aravind,Sunil Narine,1,False,-0.5,27,Kolkata,Eden Gardens,False,True,26,4,4.333333333333333,53,12.230769230769232,20,132,79,15.666666666666668,5.042553191489361,1,9
4.3,4,3,29,Sreenath Aravind,Robin Uthappa,1,False,-0.5,27,Kolkata,Eden Gardens,False,True,27,4,4.5,54,12.0,20,132,78,15.5,5.032258064516129,1,9
4.4,4,4,30,Sreenath Aravind,Sunil Narine,1,False,-0.5,27,Kolkata,Eden Gardens,False,True,28,4,4.666666666666667,55,11.785714285714285,20,132,77,15.333333333333332,5.021739130434783,1,9
4.5,4,5,31,Sreenath Aravind,Robin Uthappa,1,False,-0.5,27,Kolkata,Eden Gardens,False,True,29,4,4.833333333333333,56,11.586206896551724,20,132,76,15.166666666666668,5.010989010989011,1,9
4.6,4,6,32,Sreenath Aravind,Sunil Narine,0,False,1.0,27,Kolkata,Eden Gardens,False,True,30,4,5.0,56,11.2,20,132,76,15.0,5.066666666666666,1,9
5.1,5,1,33,Stuart Binny,Robin Uthappa,4,False,-2.0,27,Kolkata,Eden Gardens,False,True,31,5,5.166666666666667,60,11.61290322580645,20,132,72,14.833333333333332,4.853932584269663,1,9
5.2,5,2,34,Stuart Binny,Robin Uthappa,1,False,-0.5,27,Kolkata,Eden Gardens,False,True,32,5,5.333333333333333,61,11.4375,20,132,71,14.666666666666668,4.840909090909091,1,9
5.3,5,3,35,Stuart Binny,Sunil Narine,4,False,-2.0,27,Kolkata,Eden Gardens,False,True,33,5,5.5,65,11.818181818181818,20,132,67,14.5,4.620689655172414,1,9
5.4,5,4,36,Stuart Binny,Sunil Narine,0,True,5.0,27,Kolkata,Eden Gardens,False,True,34,5,5.666666666666667,65,11.470588235294118,20,132,67,14.333333333333332,4.674418604651163,2,8
5.5,5,5,37,Stuart Binny,Robin Uthappa,0,False,1.0,27,Kolkata,Eden Gardens,False,True,35,5,5.833333333333333,65,11.142857142857144,20,132,67,14.166666666666668,4.7294117647058815,2,8
5.6,5,6,38,Stuart Binny,Robin Uthappa,0,False,1.0,27,Kolkata,Eden Gardens,False,True,36,5,6.0,65,10.833333333333334,20,132,67,14.0,4.785714285714286,2,8
6.1,6,1,39,Samuel Badree,Manish Pandey,1,False,-0.5,27,Kolkata,Eden Gardens,False,True,37,6,6.166666666666667,66,10.702702702702702,20,132,66,13.833333333333332,4.771084337349398,2,8
6.2,6,2,40,Samuel Badree,Robin Uthappa,0,True,5.0,27,Kolkata,Eden Gardens,False,True,38,6,6.333333333333333,66,10.421052631578949,20,132,66,13.666666666666668,4.829268292682927,3,7
6.3,6,3,41,Samuel Badree,Yusuf Pathan,1,False,-0.5,27,Kolkata,Eden Gardens,False,True,39,6,6.5,67,10.307692307692308,20,132,65,13.5,4.814814814814815,3,7
6.4,6,4,42,Samuel Badree,Manish Pandey,0,False,1.0,27,Kolkata,Eden Gardens,False,True,40,6,6.666666666666667,67,10.049999999999999,20,132,65,13.333333333333332,4.875,3,7
6.5,6,5,43,Samuel Badree,Manish Pandey,1,False,-0.5,27,Kolkata,Eden Gardens,False,True,41,6,6.833333333333333,68,9.951219512195122,20,132,64,13.166666666666668,4.860759493670885,3,7
6.6,6,6,44,Samuel Badree,Yusuf Pathan,0,False,1.0,27,Kolkata,Eden Gardens,False,True,42,6,7.0,68,9.714285714285714,20,132,64,13.0,4.923076923076923,3,7
7.1,7,1,45,Yuzvendra Chahal,Manish Pandey,1,False,-0.5,27,Kolkata,Eden Gardens,False,True,43,7,7.166666666666667,69,9.627906976744185,20,132,63,12.833333333333332,4.909090909090909,3,7
7.2,7,2,46,Yuzvendra Chahal,Yusuf Pathan,0,False,1.0,27,Kolkata,Eden Gardens,False,True,44,7,7.333333333333333,69,9.40909090909091,20,132,63,12.666666666666668,4.973684210526315,3,7
7.3,7,3,47,Yuzvendra Chahal,Yusuf Pathan,1,False,-0.5,27,Kolkata,Eden Gardens,False,True,45,7,7.5,70,9.333333333333334,20,132,62,12.5,4.96,3,7
7.4,7,4,48,Yuzvendra Chahal,Manish Pandey,1,False,-0.5,27,Kolkata,Eden Gardens,False,True,46,7,7.666666666666667,71,9.26086956521739,20,132,61,12.333333333333332,4.9459459459459465,3,7
7.5,7,5,49,Yuzvendra Chahal,Yusuf Pathan,1,False,-0.5,27,Kolkata,Eden Gardens,False,True,47,7,7.833333333333333,72,9.191489361702128,20,132,60,12.166666666666668,4.931506849315068,3,7
7.6,7,6,50,Yuzvendra Chahal,Manish Pandey,1,False,-0.5,27,Kolkata,Eden Gardens,False,True,48,7,8.0,73,9.125,20,132,59,12.0,4.916666666666667,3,7
8.1,8,1,51,Samuel Badree,Manish Pandey,1,False,-0.5,27,Kolkata,Eden Gardens,False,True,49,8,8.166666666666666,74,9.061224489795919,20,132,58,11.833333333333334,4.901408450704225,3,7
8.2,8,2,52,Samuel Badree,Yusuf Pathan,2,False,-1.0,27,Kolkata,Eden Gardens,False,True,50,8,8.333333333333334,76,9.12,20,132,56,11.666666666666666,4.8,3,7
8.3,8,3,53,Samuel Badree,Yusuf Pathan,1,False,-0.5,27,Kolkata,Eden Gardens,False,True,51,8,8.5,77,9.058823529411764,20,132,55,11.5,4.782608695652174,3,7
8.4,8,4,54,Samuel Badree,Manish Pandey,0,False,1.0,27,Kolkata,Eden Gardens,False,True,52,8,8.666666666666666,77,8.884615384615385,20,132,55,11.333333333333334,4.852941176470588,3,7
8.5,8,5,55,Samuel Badree,Manish Pandey,0,False,1.0,27,Kolkata,Eden Gardens,False,True,53,8,8.833333333333334,77,8.716981132075471,20,132,55,11.166666666666666,4.925373134328359,3,7
8.6,8,6,56,Samuel Badree,Manish Pandey,2,False,-1.0,27,Kolkata,Eden Gardens,False,True,54,8,9.0,79,8.777777777777779,20,132,53,11.0,4.818181818181818,3,7
9.1,9,1,57,Yuzvendra Chahal,Yusuf Pathan,2,False,-1.0,27,Kolkata,Eden Gardens,False,True,55,9,9.166666666666666,81,8.836363636363638,20,132,51,10.833333333333334,4.707692307692308,3,7
9.2,9,2,58,Yuzvendra Chahal,Yusuf Pathan,0,True,5.0,27,Kolkata,Eden Gardens,True,False,55,9,9.166666666666666,81,8.836363636363638,20,132,51,10.833333333333334,4.707692307692308,4,6
9.2,9,2,59,Yuzvendra Chahal,Suryakumar Yadav,1,False,-0.5,27,Kolkata,Eden Gardens,False,True,56,9,9.333333333333334,82,8.785714285714285,20,132,50,10.666666666666666,4.6875,4,6
9.3,9,3,60,Yuzvendra Chahal,Manish Pandey,1,False,-0.5,27,Kolkata,Eden Gardens,False,True,57,9,9.5,83,8.736842105263158,20,132,49,10.5,4.666666666666667,4,6
9.4,9,4,61,Yuzvendra Chahal,Suryakumar Yadav,1,False,-0.5,27,Kolkata,Eden Gardens,False,True,58,9,9.666666666666666,84,8.689655172413794,20,132,48,10.333333333333334,4.64516129032258,4,6
9.5,9,5,62,Yuzvendra Chahal,Manish Pandey,1,False,-0.5,27,Kolkata,Eden Gardens,False,True,59,9,9.833333333333334,85,8.64406779661017,20,132,47,10.166666666666666,4.622950819672131,4,6
9.6,9,6,63,Yuzvendra Chahal,Suryakumar Yadav,1,False,-0.5,27,Kolkata,Eden Gardens,False,True,60,9,10.0,86,8.6,20,132,46,10.0,4.6,4,6
10.1,10,1,64,Samuel Badree,Suryakumar Yadav,0,False,1.0,27,Kolkata,Eden Gardens,False,True,61,10,10.166666666666666,86,8.459016393442623,20,132,46,9.833333333333334,4.677966101694915,4,6
10.2,10,2,65,Samuel Badree,Suryakumar Yadav,0,False,1.0,27,Kolkata,Eden Gardens,False,True,62,10,10.333333333333334,86,8.32258064516129,20,132,46,9.666666666666666,4.758620689655173,4,6
10.3,10,3,66,Samuel Badree,Suryakumar Yadav,1,False,-0.5,27,Kolkata,Eden Gardens,False,True,63,10,10.5,87,8.285714285714286,20,132,45,9.5,4.7368421052631575,4,6
10.4,10,4,67,Samuel Badree,Manish Pandey,0,False,1.0,27,Kolkata,Eden Gardens,False,True,64,10,10.666666666666666,87,8.15625,20,132,45,9.333333333333334,4.821428571428571,4,6
10.5,10,5,68,Samuel Badree,Manish Pandey,4,False,-2.0,27,Kolkata,Eden Gardens,False,True,65,10,10.833333333333334,91,8.4,20,132,41,9.166666666666666,4.472727272727273,4,6
10.6,10,6,69,Samuel Badree,Manish Pandey,1,False,-0.5,27,Kolkata,Eden Gardens,False,True,66,10,11.0,92,8.363636363636363,20,132,40,9.0,4.444444444444445,4,6
11.1,11,1,70,Yuzvendra Chahal,Manish Pandey,0,True,5.0,27,Kolkata,Eden Gardens,False,True,67,11,11.166666666666666,92,8.238805970149254,20,132,40,8.833333333333334,4.528301886792453,5,5
11.2,11,2,71,Yuzvendra Chahal,de Grandhomme,0,False,1.0,27,Kolkata,Eden Gardens,False,True,68,11,11.333333333333334,92,8.117647058823529,20,132,40,8.666666666666666,4.615384615384616,5,5
11.3,11,3,72,Yuzvendra Chahal,de Grandhomme,0,True,5.0,27,Kolkata,Eden Gardens,False,True,69,11,11.5,92,8.0,20,132,40,8.5,4.705882352941177,6,4
11.4,11,4,73,Yuzvendra Chahal,Chris Woakes,0,False,1.0,27,Kolkata,Eden Gardens,False,True,70,11,11.666666666666666,92,7.885714285714286,20,132,40,8.333333333333334,4.8,6,4
11.5,11,5,74,Yuzvendra Chahal,Chris Woakes,0,False,1.0,27,Kolkata,Eden Gardens,False,True,71,11,11.833333333333334,92,7.774647887323943,20,132,40,8.166666666666666,4.8979591836734695,6,4
11.6,11,6,75,Yuzvendra Chahal,Chris Woakes,1,False,-0.5,27,Kolkata,Eden Gardens,False,True,72,11,12.0,93,7.75,20,132,39,8.0,4.875,6,4
12.1,12,1,76,Pawan Negi,Chris Woakes,0,False,1.0,27,Kolkata,Eden Gardens,False,True,73,12,12.166666666666666,93,7.6438356164383565,20,132,39,7.833333333333334,4.978723404255319,6,4
12.2,12,2,77,Pawan Negi,Chris Woakes,0,False,1.0,27,Kolkata,Eden Gardens,False,True,74,12,12.333333333333334,93,7.54054054054054,20,132,39,7.666666666666666,5.086956521739131,6,4
12.3,12,3,78,Pawan Negi,Chris Woakes,0,False,1.0,27,Kolkata,Eden Gardens,False,True,75,12,12.5,93,7.44,20,132,39,7.5,5.2,6,4
12.4,12,4,79,Pawan Negi,Chris Woakes,0,False,1.0,27,Kolkata,Eden Gardens,False,True,76,12,12.666666666666666,93,7.342105263157895,20,132,39,7.333333333333334,5.3181818181818175,6,4
12.5,12,5,80,Pawan Negi,Chris Woakes,4,False,-2.0,27,Kolkata,Eden Gardens,False,True,77,12,12.833333333333334,97,7.558441558441558,20,132,35,7.166666666666666,4.883720930232559,6,4
12.6,12,6,81,Pawan Negi,Chris Woakes,0,False,1.0,27,Kolkata,Eden Gardens,False,True,78,12,13.0,97,7.461538461538462,20,132,35,7.0,5.0,6,4
13.1,13,1,82,Yuzvendra Chahal,Suryakumar Yadav,0,False,1.0,27,Kolkata,Eden Gardens,False,True,79,13,13.166666666666666,97,7.367088607594937,20,132,35,6.833333333333334,5.121951219512194,6,4
13.2,13,2,83,Yuzvendra Chahal,Suryakumar Yadav,1,False,-0.5,27,Kolkata,Eden Gardens,False,True,80,13,13.333333333333334,98,7.35,20,132,34,6.666666666666666,5.1000000000000005,6,4
13.3,13,3,84,Yuzvendra Chahal,Chris Woakes,0,False,1.0,27,Kolkata,Eden Gardens,False,True,81,13,13.5,98,7.2592592592592595,20,132,34,6.5,5.230769230769231,6,4
13.4,13,4,85,Yuzvendra Chahal,Chris Woakes,1,False,-0.5,27,Kolkata,Eden Gardens,False,True,82,13,13.666666666666666,99,7.2439024390243905,20,132,33,6.333333333333334,5.2105263157894735,6,4
13.5,13,5,86,Yuzvendra Chahal,Suryakumar Yadav,0,False,1.0,27,Kolkata,Eden Gardens,False,True,83,13,13.833333333333334,99,7.156626506024096,20,132,33,6.166666666666666,5.351351351351352,6,4
13.6,13,6,87,Yuzvendra Chahal,Suryakumar Yadav,0,False,1.0,27,Kolkata,Eden Gardens,False,True,84,13,14.0,99,7.071428571428571,20,132,33,6.0,5.5,6,4
14.1,14,1,88,Pawan Negi,Chris Woakes,4,False,-2.0,27,Kolkata,Eden Gardens,False,True,85,14,14.166666666666666,103,7.270588235294118,20,132,29,5.833333333333334,4.971428571428571,6,4
14.2,14,2,89,Pawan Negi,Chris Woakes,1,False,-0.5,27,Kolkata,Eden Gardens,False,True,86,14,14.333333333333334,104,7.255813953488372,20,132,28,5.666666666666666,4.9411764705882355,6,4
14.3,14,3,90,Pawan Negi,Suryakumar Yadav,1,False,-0.5,27,Kolkata,Eden Gardens,False,True,87,14,14.5,105,7.241379310344827,20,132,27,5.5,4.909090909090909,6,4
14.4,14,4,91,Pawan Negi,Chris Woakes,0,False,1.0,27,Kolkata,Eden Gardens,False,True,88,14,14.666666666666666,105,7.159090909090909,20,132,27,5.333333333333334,5.062499999999999,6,4
14.5,14,5,92,Pawan Negi,Chris Woakes,0,False,1.0,27,Kolkata,Eden Gardens,False,True,89,14,14.833333333333334,105,7.078651685393258,20,132,27,5.166666666666666,5.225806451612904,6,4
14.6,14,6,93,Pawan Negi,Chris Woakes,1,False,-0.5,27,Kolkata,Eden Gardens,False,True,90,14,15.0,106,7.066666666666666,20,132,26,5.0,5.2,6,4
15.1,15,1,94,Sreenath Aravind,Chris Woakes,1,False,-0.5,27,Kolkata,Eden Gardens,False,True,91,15,15.166666666666666,107,7.054945054945056,20,132,25,4.833333333333334,5.1724137931034475,6,4
15.2,15,2,95,Sreenath Aravind,Suryakumar Yadav,4,False,-2.0,27,Kolkata,Eden Gardens,False,True,92,15,15.333333333333334,111,7.239130434782608,20,132,21,4.666666666666666,4.500000000000001,6,4
15.3,15,3,96,Sreenath Aravind,Suryakumar Yadav,1,False,-0.5,27,Kolkata,Eden Gardens,False,True,93,15,15.5,112,7.225806451612903,20,132,20,4.5,4.444444444444445,6,4
15.4,15,4,97,Sreenath Aravind,Chris Woakes,1,False,-0.5,27,Kolkata,Eden Gardens,False,True,94,15,15.666666666666666,113,7.212765957446809,20,132,19,4.333333333333334,4.384615384615384,6,4
15.5,15,5,98,Sreenath Aravind,Suryakumar Yadav,0,False,1.0,27,Kolkata,Eden Gardens,False,True,95,15,15.833333333333334,113,7.136842105263158,20,132,19,4.166666666666666,4.5600000000000005,6,4
15.6,15,6,99,Sreenath Aravind,Suryakumar Yadav,2,False,-1.0,27,Kolkata,Eden Gardens,False,True,96,15,16.0,115,7.1875,20,132,17,4.0,4.25,6,4
16.1,16,1,100,Tymal Mills,Chris Woakes,4,False,-2.0,27,Kolkata,Eden Gardens,False,True,97,16,16.166666666666668,119,7.360824742268041,20,132,13,3.833333333333332,3.391304347826088,6,4
16.2,16,2,101,Tymal Mills,Chris Woakes,0,False,1.0,27,Kolkata,Eden Gardens,False,True,98,16,16.333333333333332,119,7.2857142857142865,20,132,13,3.666666666666668,3.5454545454545445,6,4
16.3,16,3,102,Tymal Mills,Chris Woakes,0,True,5.0,27,Kolkata,Eden Gardens,False,True,99,16,16.5,119,7.212121212121212,20,132,13,3.5,3.7142857142857144,7,3
16.4,16,4,103,Tymal Mills,Suryakumar Yadav,0,False,1.0,27,Kolkata,Eden Gardens,False,True,100,16,16.666666666666668,119,7.14,20,132,13,3.333333333333332,3.9000000000000012,7,3
16.5,16,5,104,Tymal Mills,Suryakumar Yadav,1,False,-0.5,27,Kolkata,Eden Gardens,False,True,101,16,16.833333333333332,120,7.128712871287129,20,132,12,3.166666666666668,3.7894736842105248,7,3
16.6,16,6,105,Tymal Mills,Nathan Coulter-Nile,1,False,-0.5,27,Kolkata,Eden Gardens,False,True,102,16,17.0,121,7.117647058823529,20,132,11,3.0,3.6666666666666665,7,3
17.1,17,1,106,Pawan Negi,Nathan Coulter-Nile,1,False,-0.5,27,Kolkata,Eden Gardens,False,True,103,17,17.166666666666668,122,7.106796116504854,20,132,10,2.833333333333332,3.529411764705884,7,3
17.2,17,2,107,Pawan Negi,Suryakumar Yadav,1,False,-0.5,27,Kolkata,Eden Gardens,False,True,104,17,17.333333333333332,123,7.096153846153847,20,132,9,2.666666666666668,3.3749999999999987,7,3
17.3,17,3,108,Pawan Negi,Nathan Coulter-Nile,1,False,-1.0,27,Kolkata,Eden Gardens,True,False,104,17,17.333333333333332,124,7.153846153846154,20,132,8,2.666666666666668,2.9999999999999987,7,3
17.3,17,3,109,Pawan Negi,Nathan Coulter-Nile,0,True,5.0,27,Kolkata,Eden Gardens,False,True,105,17,17.5,124,7.085714285714285,20,132,8,2.5,3.2,8,2
17.4,17,4,110,Pawan Negi,Suryakumar Yadav,0,True,5.0,27,Kolkata,Eden Gardens,False,True,106,17,17.666666666666668,124,7.018867924528301,20,132,8,2.333333333333332,3.42857142857143,9,1
17.5,17,5,111,Pawan Negi,Kuldeep Yadav,0,False,1.0,27,Kolkata,Eden Gardens,False,True,107,17,17.833333333333332,124,6.953271028037384,20,132,8,2.166666666666668,3.6923076923076903,9,1
17.6,17,6,112,Pawan Negi,Kuldeep Yadav,1,False,-0.5,27,Kolkata,Eden Gardens,False,True,108,17,18.0,125,6.944444444444445,20,132,7,2.0,3.5,9,1
18.1,18,1,113,Tymal Mills,Kuldeep Yadav,2,False,-1.0,27,Kolkata,Eden Gardens,False,True,109,18,18.166666666666668,127,6.990825688073394,20,132,5,1.8333333333333321,2.727272727272729,9,1
18.2,18,2,114,Tymal Mills,Kuldeep Yadav,1,False,-0.5,27,Kolkata,Eden Gardens,False,True,110,18,18.333333333333332,128,6.981818181818182,20,132,4,1.6666666666666679,2.399999999999998,9,1
18.3,18,3,115,Tymal Mills,Umesh Yadav,0,False,1.0,27,Kolkata,Eden Gardens,False,True,111,18,18.5,128,6.918918918918919,20,132,4,1.5,2.6666666666666665,9,1
18.4,18,4,116,Tymal Mills,Umesh Yadav,2,False,-1.0,27,Kolkata,Eden Gardens,False,True,112,18,18.666666666666668,130,6.9642857142857135,20,132,2,1.3333333333333321,1.5000000000000013,9,1
18.5,18,5,117,Tymal Mills,Umesh Yadav,0,False,1.0,27,Kolkata,Eden Gardens,False,True,113,18,18.833333333333332,130,6.902654867256637,20,132,2,1.1666666666666679,1.7142857142857126,9,1
18.6,18,6,118,Tymal Mills,Umesh Yadav,0,False,1.0,27,Kolkata,Eden Gardens,False,True,114,18,19.0,130,6.842105263157895,20,132,2,1.0,2.0,9,1
19.1,19,1,119,Sreenath Aravind,Kuldeep Yadav,0,False,1.0,27,Kolkata,Eden Gardens,False,True,115,19,19.166666666666668,130,6.782608695652174,20,132,2,0.8333333333333321,2.4000000000000035,9,1
19.2,19,2,120,Sreenath Aravind,Kuldeep Yadav,0,False,1.0,27,Kolkata,Eden Gardens,False,True,116,19,19.333333333333332,130,6.724137931034483,20,132,2,0.6666666666666679,2.9999999999999947,9,1
19.3,19,3,121,Sreenath Aravind,Kuldeep Yadav,0,True,5.0,27,Kolkata,Eden Gardens,False,True,117,19,19.5,130,6.666666666666667,20,132,2,0.5,4.0,10,0
