Ball Number,over,ball,Ball,bowler,batsman,Runs,is_wicket,bowler_score,match_id,city,stadium,is_extra,legal_delivery,legal_deliveries_count,overs_completed,overs_bowled,total_runs,current_run_rate,total_overs,target,runs_needed,overs_remaining,required_run_rate,wickets_fallen,wickets_in_hand
0.1,0,1,1,Samuel Badree,Ishan Kishan,0,False,1.0,31,Bangalore,M Chinnaswamy Stadium,False,True,1,0,0.16666666666666666,0,0.0,20,135,135,19.833333333333332,6.806722689075631,0,10
0.2,0,2,2,Samuel Badree,Ishan Kishan,0,False,1.0,31,Bangalore,M Chinnaswamy Stadium,False,True,2,0,0.3333333333333333,0,0.0,20,135,135,19.666666666666668,6.864406779661016,0,10
0.3,0,3,3,N/A,N/A,0,False,0.0,31,Bangalore,M Chinnaswamy Stadium,False,True,3,0,0.5,0,0.0,20,135,135,19.5,6.923076923076923,0,10
0.4,0,4,4,Samuel Badree,Ishan Kishan,4,False,-2.0,31,Bangalore,M Chinnaswamy Stadium,False,True,4,0,0.6666666666666666,4,6.0,20,135,131,19.333333333333332,6.775862068965518,0,10
0.5,0,5,5,Samuel Badree,Ishan Kishan,0,False,1.0,31,Bangalore,M Chinnaswamy Stadium,False,True,5,0,0.8333333333333334,4,4.8,20,135,131,19.166666666666668,6.834782608695652,0,10
0.6,0,6,6,Samuel Badree,Ishan Kishan,4,False,-2.0,31,Bangalore,M Chinnaswamy Stadium,False,True,6,0,1.0,8,8.0,20,135,127,19.0,6.684210526315789,0,10
1.1,1,1,7,Sreenath Aravind,Brendon McCullum,0,False,1.0,31,Bangalore,M Chinnaswamy Stadium,False,True,7,1,1.1666666666666667,8,6.857142857142857,20,135,127,18.833333333333332,6.743362831858407,0,10
1.2,1,2,8,Sreenath Aravind,Brendon McCullum,0,False,1.0,31,Bangalore,M Chinnaswamy Stadium,False,True,8,1,1.3333333333333333,8,6.0,20,135,127,18.666666666666668,6.803571428571428,0,10
1.3,1,3,9,Sreenath Aravind,Brendon McCullum,1,False,-0.5,31,Bangalore,M Chinnaswamy Stadium,False,True,9,1,1.5,9,6.0,20,135,126,18.5,6.8108108108108105,0,10
1.4,1,4,10,Sreenath Aravind,Ishan Kishan,0,False,1.0,31,Bangalore,M Chinnaswamy Stadium,False,True,10,1,1.6666666666666665,9,5.4,20,135,126,18.333333333333332,6.872727272727273,0,10
1.5,1,5,11,Sreenath Aravind,Ishan Kishan,4,False,-2.0,31,Bangalore,M Chinnaswamy Stadium,False,True,11,1,1.8333333333333335,13,7.09090909090909,20,135,122,18.166666666666668,6.715596330275229,0,10
1.6,1,6,12,Sreenath Aravind,Ishan Kishan,0,False,1.0,31,Bangalore,M Chinnaswamy Stadium,False,True,12,1,2.0,13,6.5,20,135,122,18.0,6.777777777777778,0,10
2.1,2,1,13,Samuel Badree,Brendon McCullum,1,False,-0.5,31,Bangalore,M Chinnaswamy Stadium,False,True,13,2,2.1666666666666665,14,6.461538461538462,20,135,121,17.833333333333332,6.785046728971963,0,10
2.2,2,2,14,Samuel Badree,Ishan Kishan,4,False,-2.0,31,Bangalore,M Chinnaswamy Stadium,False,True,14,2,2.3333333333333335,18,7.7142857142857135,20,135,117,17.666666666666668,6.6226415094339615,0,10
2.3,2,3,15,Samuel Badree,Ishan Kishan,0,True,5.0,31,Bangalore,M Chinnaswamy Stadium,False,True,15,2,2.5,18,7.2,20,135,117,17.5,6.685714285714286,1,9
2.4,2,4,16,Samuel Badree,Suresh Raina,0,False,1.0,31,Bangalore,M Chinnaswamy Stadium,False,True,16,2,2.6666666666666665,18,6.75,20,135,117,17.333333333333332,6.750000000000001,1,9
2.5,2,5,17,Samuel Badree,Suresh Raina,0,False,1.0,31,Bangalore,M Chinnaswamy Stadium,False,True,17,2,2.8333333333333335,18,6.352941176470588,20,135,117,17.166666666666668,6.815533980582524,1,9
2.6,2,6,18,Samuel Badree,Suresh Raina,1,False,-0.5,31,Bangalore,M Chinnaswamy Stadium,False,True,18,2,3.0,19,6.333333333333333,20,135,116,17.0,6.823529411764706,1,9
3.1,3,1,19,Sreenath Aravind,Suresh Raina,1,False,-0.25,31,Bangalore,M Chinnaswamy Stadium,False,True,19,3,3.1666666666666665,20,6.315789473684211,20,135,115,16.833333333333332,6.831683168316832,1,9
3.2,3,2,20,Sreenath Aravind,Brendon McCullum,1,False,-0.5,31,Bangalore,M Chinnaswamy Stadium,False,True,20,3,3.3333333333333335,21,6.3,20,135,114,16.666666666666668,6.84,1,9
3.3,3,3,21,Sreenath Aravind,Suresh Raina,0,False,1.0,31,Bangalore,M Chinnaswamy Stadium,False,True,21,3,3.5,21,6.0,20,135,114,16.5,6.909090909090909,1,9
3.4,3,4,22,Sreenath Aravind,Suresh Raina,0,False,1.0,31,Bangalore,M Chinnaswamy Stadium,False,True,22,3,3.6666666666666665,21,5.7272727272727275,20,135,114,16.333333333333332,6.979591836734694,1,9
3.5,3,5,23,Sreenath Aravind,Suresh Raina,0,False,1.0,31,Bangalore,M Chinnaswamy Stadium,False,True,23,3,3.8333333333333335,21,5.478260869565217,20,135,114,16.166666666666668,7.051546391752577,1,9
3.5,3,5,24,Sreenath Aravind,Suresh Raina,1,False,-1.0,31,Bangalore,M Chinnaswamy Stadium,True,False,23,3,3.8333333333333335,22,5.739130434782608,20,135,113,16.166666666666668,6.989690721649484,1,9
3.5,3,5,25,Sreenath Aravind,Suresh Raina,1,False,-1.0,31,Bangalore,M Chinnaswamy Stadium,True,False,23,3,3.8333333333333335,23,6.0,20,135,112,16.166666666666668,6.927835051546391,1,9
3.6,3,6,26,Sreenath Aravind,Suresh Raina,0,False,1.0,31,Bangalore,M Chinnaswamy Stadium,False,True,24,3,4.0,23,5.75,20,135,112,16.0,7.0,1,9
4.1,4,1,27,Samuel Badree,Brendon McCullum,0,True,5.0,31,Bangalore,M Chinnaswamy Stadium,False,True,25,4,4.166666666666667,23,5.52,20,135,112,15.833333333333332,7.0736842105263165,2,8
4.2,4,2,28,Samuel Badree,Aaron Finch,0,False,1.0,31,Bangalore,M Chinnaswamy Stadium,False,True,26,4,4.333333333333333,23,5.307692307692308,20,135,112,15.666666666666668,7.148936170212766,2,8
4.3,4,3,29,Samuel Badree,Aaron Finch,6,False,-3.0,31,Bangalore,M Chinnaswamy Stadium,False,True,27,4,4.5,29,6.444444444444445,20,135,106,15.5,6.838709677419355,2,8
4.4,4,4,30,Samuel Badree,Aaron Finch,6,False,-3.0,31,Bangalore,M Chinnaswamy Stadium,False,True,28,4,4.666666666666667,35,7.499999999999999,20,135,100,15.333333333333332,6.521739130434783,2,8
4.5,4,5,31,Samuel Badree,Aaron Finch,2,False,-1.0,31,Bangalore,M Chinnaswamy Stadium,False,True,29,4,4.833333333333333,37,7.655172413793104,20,135,98,15.166666666666668,6.461538461538461,2,8
4.6,4,6,32,Samuel Badree,Aaron Finch,1,False,-0.5,31,Bangalore,M Chinnaswamy Stadium,False,True,30,4,5.0,38,7.6,20,135,97,15.0,6.466666666666667,2,8
5.1,5,1,33,Sreenath Aravind,Aaron Finch,4,False,-2.0,31,Bangalore,M Chinnaswamy Stadium,False,True,31,5,5.166666666666667,42,8.129032258064516,20,135,93,14.833333333333332,6.269662921348315,2,8
5.2,5,2,34,N/A,N/A,0,False,0.0,31,Bangalore,M Chinnaswamy Stadium,False,True,32,5,5.333333333333333,42,7.875,20,135,93,14.666666666666668,6.340909090909091,2,8
5.3,5,3,35,Sreenath Aravind,Suresh Raina,1,False,-0.5,31,Bangalore,M Chinnaswamy Stadium,False,True,33,5,5.5,43,7.818181818181818,20,135,92,14.5,6.344827586206897,2,8
5.4,5,4,36,Sreenath Aravind,Aaron Finch,4,False,-2.0,31,Bangalore,M Chinnaswamy Stadium,False,True,34,5,5.666666666666667,47,8.294117647058822,20,135,88,14.333333333333332,6.1395348837209305,2,8
5.5,5,5,37,Sreenath Aravind,Aaron Finch,1,False,-0.5,31,Bangalore,M Chinnaswamy Stadium,False,True,35,5,5.833333333333333,48,8.22857142857143,20,135,87,14.166666666666668,6.141176470588235,2,8
5.6,5,6,38,Sreenath Aravind,Suresh Raina,0,False,1.0,31,Bangalore,M Chinnaswamy Stadium,False,True,36,5,6.0,48,8.0,20,135,87,14.0,6.214285714285714,2,8
6.1,6,1,39,Aniket Choudhary,Aaron Finch,0,False,1.0,31,Bangalore,M Chinnaswamy Stadium,False,True,37,6,6.166666666666667,48,7.783783783783783,20,135,87,13.833333333333332,6.289156626506025,2,8
6.2,6,2,40,Aniket Choudhary,Aaron Finch,1,False,-0.5,31,Bangalore,M Chinnaswamy Stadium,False,True,38,6,6.333333333333333,49,7.736842105263158,20,135,86,13.666666666666668,6.292682926829268,2,8
6.3,6,3,41,Aniket Choudhary,Suresh Raina,1,False,-0.5,31,Bangalore,M Chinnaswamy Stadium,False,True,39,6,6.5,50,7.6923076923076925,20,135,85,13.5,6.296296296296297,2,8
6.4,6,4,42,Aniket Choudhary,Aaron Finch,0,False,1.0,31,Bangalore,M Chinnaswamy Stadium,False,True,40,6,6.666666666666667,50,7.5,20,135,85,13.333333333333332,6.375000000000001,2,8
6.5,6,5,43,Aniket Choudhary,Aaron Finch,0,False,1.0,31,Bangalore,M Chinnaswamy Stadium,False,True,41,6,6.833333333333333,50,7.317073170731708,20,135,85,13.166666666666668,6.455696202531645,2,8
6.6,6,6,44,Aniket Choudhary,Aaron Finch,0,False,1.0,31,Bangalore,M Chinnaswamy Stadium,False,True,42,6,7.0,50,7.142857142857143,20,135,85,13.0,6.538461538461538,2,8
7.1,7,1,45,Yuzvendra Chahal,Suresh Raina,1,False,-0.5,31,Bangalore,M Chinnaswamy Stadium,False,True,43,7,7.166666666666667,51,7.116279069767441,20,135,84,12.833333333333332,6.545454545454546,2,8
7.2,7,2,46,Yuzvendra Chahal,Aaron Finch,6,False,-3.0,31,Bangalore,M Chinnaswamy Stadium,False,True,44,7,7.333333333333333,57,7.772727272727273,20,135,78,12.666666666666668,6.157894736842104,2,8
7.3,7,3,47,Yuzvendra Chahal,Aaron Finch,1,False,-0.5,31,Bangalore,M Chinnaswamy Stadium,False,True,45,7,7.5,58,7.733333333333333,20,135,77,12.5,6.16,2,8
7.4,7,4,48,Yuzvendra Chahal,Suresh Raina,1,False,-0.5,31,Bangalore,M Chinnaswamy Stadium,False,True,46,7,7.666666666666667,59,7.695652173913043,20,135,76,12.333333333333332,6.162162162162163,2,8
7.5,7,5,49,Yuzvendra Chahal,Aaron Finch,0,False,1.0,31,Bangalore,M Chinnaswamy Stadium,False,True,47,7,7.833333333333333,59,7.531914893617022,20,135,76,12.166666666666668,6.246575342465753,2,8
7.6,7,6,50,Yuzvendra Chahal,Aaron Finch,2,False,-1.0,31,Bangalore,M Chinnaswamy Stadium,False,True,48,7,8.0,61,7.625,20,135,74,12.0,6.166666666666667,2,8
8.1,8,1,51,Aniket Choudhary,Suresh Raina,0,False,1.0,31,Bangalore,M Chinnaswamy Stadium,False,True,49,8,8.166666666666666,61,7.469387755102042,20,135,74,11.833333333333334,6.253521126760563,2,8
8.2,8,2,52,Aniket Choudhary,Suresh Raina,1,False,-0.5,31,Bangalore,M Chinnaswamy Stadium,False,True,50,8,8.333333333333334,62,7.4399999999999995,20,135,73,11.666666666666666,6.257142857142857,2,8
8.3,8,3,53,Aniket Choudhary,Aaron Finch,4,False,-2.0,31,Bangalore,M Chinnaswamy Stadium,False,True,51,8,8.5,66,7.764705882352941,20,135,69,11.5,6.0,2,8
8.4,8,4,54,Aniket Choudhary,Aaron Finch,4,False,-2.0,31,Bangalore,M Chinnaswamy Stadium,False,True,52,8,8.666666666666666,70,8.076923076923077,20,135,65,11.333333333333334,5.735294117647059,2,8
8.5,8,5,55,Aniket Choudhary,Aaron Finch,1,False,-1.0,31,Bangalore,M Chinnaswamy Stadium,True,False,52,8,8.666666666666666,71,8.192307692307693,20,135,64,11.333333333333334,5.647058823529411,2,8
8.5,8,5,56,Aniket Choudhary,Aaron Finch,6,False,-3.0,31,Bangalore,M Chinnaswamy Stadium,False,True,53,8,8.833333333333334,77,8.716981132075471,20,135,58,11.166666666666666,5.1940298507462686,2,8
8.6,8,6,57,Aniket Choudhary,Aaron Finch,2,False,-1.0,31,Bangalore,M Chinnaswamy Stadium,False,True,54,8,9.0,79,8.777777777777779,20,135,56,11.0,5.090909090909091,2,8
8.6,8,6,58,Aniket Choudhary,Aaron Finch,1,False,-1.0,31,Bangalore,M Chinnaswamy Stadium,True,False,54,8,9.0,80,8.88888888888889,20,135,55,11.0,5.0,2,8
9.1,9,1,59,Yuzvendra Chahal,Suresh Raina,4,False,-2.0,31,Bangalore,M Chinnaswamy Stadium,False,True,55,9,9.166666666666666,84,9.163636363636364,20,135,51,10.833333333333334,4.707692307692308,2,8
9.2,9,2,60,Yuzvendra Chahal,Suresh Raina,1,False,-0.5,31,Bangalore,M Chinnaswamy Stadium,False,True,56,9,9.333333333333334,85,9.107142857142856,20,135,50,10.666666666666666,4.6875,2,8
9.3,9,3,61,Yuzvendra Chahal,Aaron Finch,1,False,-0.5,31,Bangalore,M Chinnaswamy Stadium,False,True,57,9,9.5,86,9.052631578947368,20,135,49,10.5,4.666666666666667,2,8
9.4,9,4,62,Yuzvendra Chahal,Suresh Raina,0,False,1.0,31,Bangalore,M Chinnaswamy Stadium,False,True,58,9,9.666666666666666,86,8.896551724137932,20,135,49,10.333333333333334,4.741935483870967,2,8
9.5,9,5,63,Yuzvendra Chahal,Suresh Raina,1,False,-1.0,31,Bangalore,M Chinnaswamy Stadium,True,False,58,9,9.666666666666666,87,9.0,20,135,48,10.333333333333334,4.64516129032258,2,8
9.5,9,5,64,Yuzvendra Chahal,Aaron Finch,1,False,-0.25,31,Bangalore,M Chinnaswamy Stadium,False,True,59,9,9.833333333333334,88,8.94915254237288,20,135,47,10.166666666666666,4.622950819672131,2,8
9.6,9,6,65,Yuzvendra Chahal,Suresh Raina,0,False,1.0,31,Bangalore,M Chinnaswamy Stadium,False,True,60,9,10.0,88,8.8,20,135,47,10.0,4.7,2,8
10.1,10,1,66,Pawan Negi,Aaron Finch,1,False,-0.5,31,Bangalore,M Chinnaswamy Stadium,False,True,61,10,10.166666666666666,89,8.754098360655739,20,135,46,9.833333333333334,4.677966101694915,2,8
10.2,10,2,67,Pawan Negi,Suresh Raina,1,False,-0.5,31,Bangalore,M Chinnaswamy Stadium,False,True,62,10,10.333333333333334,90,8.709677419354838,20,135,45,9.666666666666666,4.655172413793104,2,8
10.3,10,3,68,Pawan Negi,Aaron Finch,0,False,1.0,31,Bangalore,M Chinnaswamy Stadium,False,True,63,10,10.5,90,8.571428571428571,20,135,45,9.5,4.7368421052631575,2,8
10.4,10,4,69,Pawan Negi,Aaron Finch,6,False,-3.0,31,Bangalore,M Chinnaswamy Stadium,False,True,64,10,10.666666666666666,96,9.0,20,135,39,9.333333333333334,4.178571428571428,2,8
10.5,10,5,70,Pawan Negi,Aaron Finch,6,False,-3.0,31,Bangalore,M Chinnaswamy Stadium,False,True,65,10,10.833333333333334,102,9.415384615384616,20,135,33,9.166666666666666,3.6,2,8
10.6,10,6,71,Pawan Negi,Aaron Finch,1,False,-0.5,31,Bangalore,M Chinnaswamy Stadium,False,True,66,10,11.0,103,9.363636363636363,20,135,32,9.0,3.5555555555555554,2,8
11.1,11,1,72,Yuzvendra Chahal,Aaron Finch,1,False,-0.5,31,Bangalore,M Chinnaswamy Stadium,False,True,67,11,11.166666666666666,104,9.313432835820896,20,135,31,8.833333333333334,3.5094339622641506,2,8
11.2,11,2,73,Yuzvendra Chahal,Suresh Raina,4,False,-2.0,31,Bangalore,M Chinnaswamy Stadium,False,True,68,11,11.333333333333334,108,9.529411764705882,20,135,27,8.666666666666666,3.1153846153846154,2,8
11.3,11,3,74,Yuzvendra Chahal,Suresh Raina,1,False,-0.5,31,Bangalore,M Chinnaswamy Stadium,False,True,69,11,11.5,109,9.478260869565217,20,135,26,8.5,3.0588235294117645,2,8
11.4,11,4,75,Yuzvendra Chahal,Aaron Finch,4,False,-2.0,31,Bangalore,M Chinnaswamy Stadium,False,True,70,11,11.666666666666666,113,9.685714285714287,20,135,22,8.333333333333334,2.6399999999999997,2,8
11.5,11,5,76,Yuzvendra Chahal,Aaron Finch,0,False,1.0,31,Bangalore,M Chinnaswamy Stadium,False,True,71,11,11.833333333333334,113,9.549295774647886,20,135,22,8.166666666666666,2.6938775510204085,2,8
11.6,11,6,77,Yuzvendra Chahal,Aaron Finch,1,False,-0.5,31,Bangalore,M Chinnaswamy Stadium,False,True,72,11,12.0,114,9.5,20,135,21,8.0,2.625,2,8
12.1,12,1,78,Pawan Negi,Aaron Finch,0,True,5.0,31,Bangalore,M Chinnaswamy Stadium,False,True,73,12,12.166666666666666,114,9.36986301369863,20,135,21,7.833333333333334,2.680851063829787,3,7
12.2,12,2,79,Pawan Negi,Ravindra Jadeja,0,False,1.0,31,Bangalore,M Chinnaswamy Stadium,False,True,74,12,12.333333333333334,114,9.243243243243242,20,135,21,7.666666666666666,2.739130434782609,3,7
12.2,12,2,80,Pawan Negi,Ravindra Jadeja,1,False,-1.0,31,Bangalore,M Chinnaswamy Stadium,True,False,74,12,12.333333333333334,115,9.324324324324325,20,135,20,7.666666666666666,2.608695652173913,3,7
12.3,12,3,81,Pawan Negi,Ravindra Jadeja,1,False,-0.5,31,Bangalore,M Chinnaswamy Stadium,False,True,75,12,12.5,116,9.28,20,135,19,7.5,2.533333333333333,3,7
12.4,12,4,82,Pawan Negi,Suresh Raina,6,False,-3.0,31,Bangalore,M Chinnaswamy Stadium,False,True,76,12,12.666666666666666,122,9.631578947368421,20,135,13,7.333333333333334,1.7727272727272725,3,7
12.5,12,5,83,Pawan Negi,Suresh Raina,1,False,-0.5,31,Bangalore,M Chinnaswamy Stadium,False,True,77,12,12.833333333333334,123,9.584415584415584,20,135,12,7.166666666666666,1.6744186046511629,3,7
12.6,12,6,84,Pawan Negi,Ravindra Jadeja,0,False,1.0,31,Bangalore,M Chinnaswamy Stadium,False,True,78,12,13.0,123,9.461538461538462,20,135,12,7.0,1.7142857142857142,3,7
13.1,13,1,85,Travis Head,Suresh Raina,1,False,-0.5,31,Bangalore,M Chinnaswamy Stadium,False,True,79,13,13.166666666666666,124,9.417721518987342,20,135,11,6.833333333333334,1.6097560975609755,3,7
13.2,13,2,86,Travis Head,Ravindra Jadeja,1,False,-0.5,31,Bangalore,M Chinnaswamy Stadium,False,True,80,13,13.333333333333334,125,9.375,20,135,10,6.666666666666666,1.5000000000000002,3,7
13.3,13,3,87,Travis Head,Suresh Raina,4,False,-2.0,31,Bangalore,M Chinnaswamy Stadium,False,True,81,13,13.5,129,9.555555555555555,20,135,6,6.5,0.9230769230769231,3,7
13.4,13,4,88,Travis Head,Suresh Raina,4,False,-2.0,31,Bangalore,M Chinnaswamy Stadium,False,True,82,13,13.666666666666666,133,9.731707317073171,20,135,2,6.333333333333334,0.3157894736842105,3,7
13.5,13,5,89,Travis Head,Suresh Raina,1,False,-0.5,31,Bangalore,M Chinnaswamy Stadium,False,True,83,13,13.833333333333334,134,9.686746987951807,20,135,1,6.166666666666666,0.16216216216216217,3,7
