Ball Number,over,ball,Ball,bowler,batsman,Runs,is_wicket,bowler_score,match_id,city,stadium,is_extra,legal_delivery,legal_deliveries_count,overs_completed,overs_bowled,total_runs,current_run_rate,total_overs,target,runs_needed,overs_remaining,required_run_rate,wickets_fallen,wickets_in_hand
0.1,0,1,1,Mitchell McClenaghan,Ishan Kishan,1,False,-1.0,35,Rajkot,Saurashtra Cricket Association Stadium,True,False,0,0,0.0,1,0.0,20,154,153,20.0,7.65,0,10
0.1,0,1,2,Mitchell McClenaghan,Ishan Kishan,0,False,1.0,35,Rajkot,Saurashtra Cricket Association Stadium,False,True,1,0,0.16666666666666666,1,6.0,20,154,153,19.833333333333332,7.714285714285714,0,10
0.2,0,2,3,Mitchell McClenaghan,Ishan Kishan,0,False,1.0,35,Rajkot,Saurashtra Cricket Association Stadium,False,True,2,0,0.3333333333333333,1,3.0,20,154,153,19.666666666666668,7.779661016949152,0,10
0.3,0,3,4,Mitchell McClenaghan,Ishan Kishan,4,False,-2.0,35,Rajkot,Saurashtra Cricket Association Stadium,False,True,3,0,0.5,5,10.0,20,154,149,19.5,7.641025641025641,0,10
0.4,0,4,5,Mitchell McClenaghan,Ishan Kishan,0,False,1.0,35,Rajkot,Saurashtra Cricket Association Stadium,False,True,4,0,0.6666666666666666,5,7.5,20,154,149,19.333333333333332,7.706896551724139,0,10
0.5,0,5,6,Mitchell McClenaghan,Ishan Kishan,1,False,-0.5,35,Rajkot,Saurashtra Cricket Association Stadium,False,True,5,0,0.8333333333333334,6,7.199999999999999,20,154,148,19.166666666666668,7.721739130434782,0,10
0.6,0,6,7,Mitchell McClenaghan,Brendon McCullum,1,False,-0.5,35,Rajkot,Saurashtra Cricket Association Stadium,False,True,6,0,1.0,7,7.0,20,154,147,19.0,7.7368421052631575,0,10
1.1,1,1,8,Lasith Malinga,Brendon McCullum,1,False,-0.5,35,Rajkot,Saurashtra Cricket Association Stadium,False,True,7,1,1.1666666666666667,8,6.857142857142857,20,154,146,18.833333333333332,7.7522123893805315,0,10
1.2,1,2,9,Lasith Malinga,Ishan Kishan,1,False,-1.0,35,Rajkot,Saurashtra Cricket Association Stadium,True,False,7,1,1.1666666666666667,9,7.7142857142857135,20,154,145,18.833333333333332,7.6991150442477885,0,10
1.2,1,2,10,Lasith Malinga,Ishan Kishan,0,False,1.0,35,Rajkot,Saurashtra Cricket Association Stadium,False,True,8,1,1.3333333333333333,9,6.75,20,154,145,18.666666666666668,7.767857142857142,0,10
1.3,1,3,11,Lasith Malinga,Ishan Kishan,6,False,-3.0,35,Rajkot,Saurashtra Cricket Association Stadium,False,True,9,1,1.5,15,10.0,20,154,139,18.5,7.513513513513513,0,10
1.4,1,4,12,Lasith Malinga,Ishan Kishan,1,False,-1.0,35,Rajkot,Saurashtra Cricket Association Stadium,True,False,9,1,1.5,16,10.666666666666666,20,154,138,18.5,7.45945945945946,0,10
1.4,1,4,13,Lasith Malinga,Ishan Kishan,1,False,-0.5,35,Rajkot,Saurashtra Cricket Association Stadium,False,True,10,1,1.6666666666666665,17,10.200000000000001,20,154,137,18.333333333333332,7.4727272727272736,0,10
1.5,1,5,14,Lasith Malinga,Brendon McCullum,4,False,-2.0,35,Rajkot,Saurashtra Cricket Association Stadium,False,True,11,1,1.8333333333333335,21,11.454545454545453,20,154,133,18.166666666666668,7.321100917431192,0,10
1.6,1,6,15,Lasith Malinga,Brendon McCullum,0,True,5.0,35,Rajkot,Saurashtra Cricket Association Stadium,False,True,12,1,2.0,21,10.5,20,154,133,18.0,7.388888888888889,1,9
2.1,2,1,16,Mitchell McClenaghan,Ishan Kishan,6,False,-3.0,35,Rajkot,Saurashtra Cricket Association Stadium,False,True,13,2,2.1666666666666665,27,12.461538461538462,20,154,127,17.833333333333332,7.121495327102804,1,9
2.2,2,2,17,Mitchell McClenaghan,Ishan Kishan,4,False,-2.0,35,Rajkot,Saurashtra Cricket Association Stadium,False,True,14,2,2.3333333333333335,31,13.285714285714285,20,154,123,17.666666666666668,6.962264150943396,1,9
2.3,2,3,18,Mitchell McClenaghan,Ishan Kishan,4,False,-2.0,35,Rajkot,Saurashtra Cricket Association Stadium,False,True,15,2,2.5,35,14.0,20,154,119,17.5,6.8,1,9
2.4,2,4,19,Mitchell McClenaghan,Ishan Kishan,0,False,1.0,35,Rajkot,Saurashtra Cricket Association Stadium,False,True,16,2,2.6666666666666665,35,13.125,20,154,119,17.333333333333332,6.865384615384616,1,9
2.5,2,5,20,Mitchell McClenaghan,Ishan Kishan,0,False,1.0,35,Rajkot,Saurashtra Cricket Association Stadium,False,True,17,2,2.8333333333333335,35,12.352941176470587,20,154,119,17.166666666666668,6.932038834951456,1,9
2.6,2,6,21,Mitchell McClenaghan,Ishan Kishan,1,False,-0.5,35,Rajkot,Saurashtra Cricket Association Stadium,False,True,18,2,3.0,36,12.0,20,154,118,17.0,6.9411764705882355,1,9
3.1,3,1,22,Harbhajan Singh,Ishan Kishan,4,False,-2.0,35,Rajkot,Saurashtra Cricket Association Stadium,False,True,19,3,3.1666666666666665,40,12.631578947368421,20,154,114,16.833333333333332,6.772277227722773,1,9
3.2,3,2,23,Harbhajan Singh,Ishan Kishan,0,False,1.0,35,Rajkot,Saurashtra Cricket Association Stadium,False,True,20,3,3.3333333333333335,40,12.0,20,154,114,16.666666666666668,6.84,1,9
3.3,3,3,24,Harbhajan Singh,Ishan Kishan,1,False,-0.5,35,Rajkot,Saurashtra Cricket Association Stadium,False,True,21,3,3.5,41,11.714285714285714,20,154,113,16.5,6.848484848484849,1,9
3.4,3,4,25,Harbhajan Singh,Suresh Raina,1,False,-0.5,35,Rajkot,Saurashtra Cricket Association Stadium,False,True,22,3,3.6666666666666665,42,11.454545454545455,20,154,112,16.333333333333332,6.857142857142858,1,9
3.5,3,5,26,Harbhajan Singh,Ishan Kishan,4,False,-2.0,35,Rajkot,Saurashtra Cricket Association Stadium,False,True,23,3,3.8333333333333335,46,12.0,20,154,108,16.166666666666668,6.68041237113402,1,9
3.6,3,6,27,Harbhajan Singh,Ishan Kishan,0,False,1.0,35,Rajkot,Saurashtra Cricket Association Stadium,False,True,24,3,4.0,46,11.5,20,154,108,16.0,6.75,1,9
4.1,4,1,28,Jasprit Bumrah,Suresh Raina,0,False,1.0,35,Rajkot,Saurashtra Cricket Association Stadium,False,True,25,4,4.166666666666667,46,11.04,20,154,108,15.833333333333332,6.821052631578948,1,9
4.2,4,2,29,Jasprit Bumrah,Suresh Raina,0,True,5.0,35,Rajkot,Saurashtra Cricket Association Stadium,False,True,26,4,4.333333333333333,46,10.615384615384617,20,154,108,15.666666666666668,6.8936170212765955,2,8
4.3,4,3,30,Jasprit Bumrah,Ishan Kishan,0,False,1.0,35,Rajkot,Saurashtra Cricket Association Stadium,False,True,27,4,4.5,46,10.222222222222221,20,154,108,15.5,6.967741935483871,2,8
4.4,4,4,31,Jasprit Bumrah,Ishan Kishan,0,False,1.0,35,Rajkot,Saurashtra Cricket Association Stadium,False,True,28,4,4.666666666666667,46,9.857142857142856,20,154,108,15.333333333333332,7.043478260869565,2,8
4.5,4,5,32,Jasprit Bumrah,Ishan Kishan,1,False,-0.5,35,Rajkot,Saurashtra Cricket Association Stadium,False,True,29,4,4.833333333333333,47,9.724137931034484,20,154,107,15.166666666666668,7.054945054945055,2,8
4.6,4,6,33,Jasprit Bumrah,Aaron Finch,0,False,1.0,35,Rajkot,Saurashtra Cricket Association Stadium,False,True,30,4,5.0,47,9.4,20,154,107,15.0,7.133333333333334,2,8
5.1,5,1,34,Lasith Malinga,Ishan Kishan,0,False,1.0,35,Rajkot,Saurashtra Cricket Association Stadium,False,True,31,5,5.166666666666667,47,9.096774193548386,20,154,107,14.833333333333332,7.213483146067416,2,8
5.2,5,2,35,Lasith Malinga,Ishan Kishan,0,False,1.0,35,Rajkot,Saurashtra Cricket Association Stadium,False,True,32,5,5.333333333333333,47,8.8125,20,154,107,14.666666666666668,7.295454545454545,2,8
5.3,5,3,36,Lasith Malinga,Ishan Kishan,1,False,-0.5,35,Rajkot,Saurashtra Cricket Association Stadium,False,True,33,5,5.5,48,8.727272727272727,20,154,106,14.5,7.310344827586207,2,8
5.4,5,4,37,Lasith Malinga,Aaron Finch,0,False,1.0,35,Rajkot,Saurashtra Cricket Association Stadium,False,True,34,5,5.666666666666667,48,8.470588235294118,20,154,106,14.333333333333332,7.395348837209303,2,8
5.5,5,5,38,Lasith Malinga,Aaron Finch,0,True,5.0,35,Rajkot,Saurashtra Cricket Association Stadium,False,True,35,5,5.833333333333333,48,8.22857142857143,20,154,106,14.166666666666668,7.48235294117647,3,7
5.6,5,6,39,Lasith Malinga,Dinesh Karthik,0,False,1.0,35,Rajkot,Saurashtra Cricket Association Stadium,False,True,36,5,6.0,48,8.0,20,154,106,14.0,7.571428571428571,3,7
6.1,6,1,40,Krunal Pandya,Ishan Kishan,0,False,1.0,35,Rajkot,Saurashtra Cricket Association Stadium,False,True,37,6,6.166666666666667,48,7.783783783783783,20,154,106,13.833333333333332,7.662650602409639,3,7
6.2,6,2,41,Krunal Pandya,Ishan Kishan,1,False,-0.5,35,Rajkot,Saurashtra Cricket Association Stadium,False,True,38,6,6.333333333333333,49,7.736842105263158,20,154,105,13.666666666666668,7.682926829268292,3,7
6.3,6,3,42,Krunal Pandya,Dinesh Karthik,0,False,1.0,35,Rajkot,Saurashtra Cricket Association Stadium,False,True,39,6,6.5,49,7.538461538461538,20,154,105,13.5,7.777777777777778,3,7
6.4,6,4,43,Krunal Pandya,Dinesh Karthik,0,False,1.0,35,Rajkot,Saurashtra Cricket Association Stadium,False,True,40,6,6.666666666666667,49,7.35,20,154,105,13.333333333333332,7.875000000000001,3,7
6.5,6,5,44,Krunal Pandya,Dinesh Karthik,1,False,-0.25,35,Rajkot,Saurashtra Cricket Association Stadium,False,True,41,6,6.833333333333333,50,7.317073170731708,20,154,104,13.166666666666668,7.898734177215189,3,7
6.6,6,6,45,Krunal Pandya,Ishan Kishan,1,False,-0.5,35,Rajkot,Saurashtra Cricket Association Stadium,False,True,42,6,7.0,51,7.285714285714286,20,154,103,13.0,7.923076923076923,3,7
7.1,7,1,46,Harbhajan Singh,Ishan Kishan,0,False,1.0,35,Rajkot,Saurashtra Cricket Association Stadium,False,True,43,7,7.166666666666667,51,7.116279069767441,20,154,103,12.833333333333332,8.025974025974026,3,7
7.2,7,2,47,Harbhajan Singh,Ishan Kishan,1,False,-0.5,35,Rajkot,Saurashtra Cricket Association Stadium,False,True,44,7,7.333333333333333,52,7.090909090909091,20,154,102,12.666666666666668,8.052631578947368,3,7
7.3,7,3,48,Harbhajan Singh,Dinesh Karthik,0,False,1.0,35,Rajkot,Saurashtra Cricket Association Stadium,False,True,45,7,7.5,52,6.933333333333334,20,154,102,12.5,8.16,3,7
7.4,7,4,49,Harbhajan Singh,Dinesh Karthik,1,False,-0.5,35,Rajkot,Saurashtra Cricket Association Stadium,False,True,46,7,7.666666666666667,53,6.913043478260869,20,154,101,12.333333333333332,8.18918918918919,3,7
7.5,7,5,50,Harbhajan Singh,Ishan Kishan,1,False,-0.5,35,Rajkot,Saurashtra Cricket Association Stadium,False,True,47,7,7.833333333333333,54,6.893617021276596,20,154,100,12.166666666666668,8.21917808219178,3,7
7.6,7,6,51,Harbhajan Singh,Dinesh Karthik,1,False,-0.5,35,Rajkot,Saurashtra Cricket Association Stadium,False,True,48,7,8.0,55,6.875,20,154,99,12.0,8.25,3,7
8.1,8,1,52,Krunal Pandya,Dinesh Karthik,0,False,1.0,35,Rajkot,Saurashtra Cricket Association Stadium,False,True,49,8,8.166666666666666,55,6.734693877551021,20,154,99,11.833333333333334,8.366197183098592,3,7
8.2,8,2,53,Krunal Pandya,Dinesh Karthik,0,True,5.0,35,Rajkot,Saurashtra Cricket Association Stadium,True,False,49,8,8.166666666666666,55,6.734693877551021,20,154,99,11.833333333333334,8.366197183098592,4,6
8.2,8,2,54,Krunal Pandya,Ravindra Jadeja,0,False,1.0,35,Rajkot,Saurashtra Cricket Association Stadium,False,True,50,8,8.333333333333334,55,6.6,20,154,99,11.666666666666666,8.485714285714286,4,6
8.3,8,3,55,Krunal Pandya,Ravindra Jadeja,0,False,1.0,35,Rajkot,Saurashtra Cricket Association Stadium,False,True,51,8,8.5,55,6.470588235294118,20,154,99,11.5,8.608695652173912,4,6
8.4,8,4,56,Krunal Pandya,Ravindra Jadeja,6,False,-3.0,35,Rajkot,Saurashtra Cricket Association Stadium,False,True,52,8,8.666666666666666,61,7.038461538461539,20,154,93,11.333333333333334,8.205882352941176,4,6
8.5,8,5,57,Krunal Pandya,Ravindra Jadeja,0,False,1.0,35,Rajkot,Saurashtra Cricket Association Stadium,False,True,53,8,8.833333333333334,61,6.90566037735849,20,154,93,11.166666666666666,8.328358208955224,4,6
8.6,8,6,58,Krunal Pandya,Ravindra Jadeja,0,False,1.0,35,Rajkot,Saurashtra Cricket Association Stadium,False,True,54,8,9.0,61,6.777777777777778,20,154,93,11.0,8.454545454545455,4,6
9.1,9,1,59,Harbhajan Singh,Ishan Kishan,1,False,-0.5,35,Rajkot,Saurashtra Cricket Association Stadium,False,True,55,9,9.166666666666666,62,6.763636363636364,20,154,92,10.833333333333334,8.492307692307692,4,6
9.2,9,2,60,Harbhajan Singh,Ravindra Jadeja,1,False,-0.5,35,Rajkot,Saurashtra Cricket Association Stadium,False,True,56,9,9.333333333333334,63,6.75,20,154,91,10.666666666666666,8.53125,4,6
9.3,9,3,61,Harbhajan Singh,Ishan Kishan,1,False,-0.5,35,Rajkot,Saurashtra Cricket Association Stadium,False,True,57,9,9.5,64,6.7368421052631575,20,154,90,10.5,8.571428571428571,4,6
9.4,9,4,62,Harbhajan Singh,Ravindra Jadeja,0,False,1.0,35,Rajkot,Saurashtra Cricket Association Stadium,False,True,58,9,9.666666666666666,64,6.620689655172415,20,154,90,10.333333333333334,8.709677419354838,4,6
9.5,9,5,63,Harbhajan Singh,Ravindra Jadeja,1,False,-0.5,35,Rajkot,Saurashtra Cricket Association Stadium,False,True,59,9,9.833333333333334,65,6.610169491525423,20,154,89,10.166666666666666,8.754098360655739,4,6
9.6,9,6,64,Harbhajan Singh,Ishan Kishan,4,False,-2.0,35,Rajkot,Saurashtra Cricket Association Stadium,False,True,60,9,10.0,69,6.9,20,154,85,10.0,8.5,4,6
10.1,10,1,65,Lasith Malinga,Ravindra Jadeja,2,False,-1.0,35,Rajkot,Saurashtra Cricket Association Stadium,False,True,61,10,10.166666666666666,71,6.983606557377049,20,154,83,9.833333333333334,8.440677966101694,4,6
10.2,10,2,66,Lasith Malinga,Ravindra Jadeja,4,False,-2.0,35,Rajkot,Saurashtra Cricket Association Stadium,False,True,62,10,10.333333333333334,75,7.258064516129032,20,154,79,9.666666666666666,8.172413793103448,4,6
10.3,10,3,67,Lasith Malinga,Ravindra Jadeja,0,False,1.0,35,Rajkot,Saurashtra Cricket Association Stadium,False,True,63,10,10.5,75,7.142857142857143,20,154,79,9.5,8.31578947368421,4,6
10.4,10,4,68,Lasith Malinga,Ravindra Jadeja,2,False,-1.0,35,Rajkot,Saurashtra Cricket Association Stadium,False,True,64,10,10.666666666666666,77,7.21875,20,154,77,9.333333333333334,8.25,4,6
10.5,10,5,69,Lasith Malinga,Ravindra Jadeja,1,False,-1.0,35,Rajkot,Saurashtra Cricket Association Stadium,True,False,64,10,10.666666666666666,78,7.3125,20,154,76,9.333333333333334,8.142857142857142,4,6
10.5,10,5,70,Lasith Malinga,Ravindra Jadeja,2,False,-1.0,35,Rajkot,Saurashtra Cricket Association Stadium,False,True,65,10,10.833333333333334,80,7.384615384615384,20,154,74,9.166666666666666,8.072727272727274,4,6
10.6,10,6,71,Lasith Malinga,Ravindra Jadeja,2,False,-1.0,35,Rajkot,Saurashtra Cricket Association Stadium,False,True,66,10,11.0,82,7.454545454545454,20,154,72,9.0,8.0,4,6
11.1,11,1,72,Harbhajan Singh,Ishan Kishan,0,True,5.0,35,Rajkot,Saurashtra Cricket Association Stadium,False,True,67,11,11.166666666666666,82,7.343283582089553,20,154,72,8.833333333333334,8.150943396226415,5,5
11.2,11,2,73,Harbhajan Singh,James Faulkner,0,False,1.0,35,Rajkot,Saurashtra Cricket Association Stadium,False,True,68,11,11.333333333333334,82,7.235294117647059,20,154,72,8.666666666666666,8.307692307692308,5,5
11.3,11,3,74,Harbhajan Singh,James Faulkner,0,False,1.0,35,Rajkot,Saurashtra Cricket Association Stadium,False,True,69,11,11.5,82,7.130434782608695,20,154,72,8.5,8.470588235294118,5,5
11.4,11,4,75,Harbhajan Singh,James Faulkner,1,False,-1.0,35,Rajkot,Saurashtra Cricket Association Stadium,True,False,69,11,11.5,83,7.217391304347826,20,154,71,8.5,8.352941176470589,5,5
11.4,11,4,76,Harbhajan Singh,James Faulkner,0,False,1.0,35,Rajkot,Saurashtra Cricket Association Stadium,False,True,70,11,11.666666666666666,83,7.114285714285715,20,154,71,8.333333333333334,8.52,5,5
11.5,11,5,77,Harbhajan Singh,James Faulkner,0,False,1.0,35,Rajkot,Saurashtra Cricket Association Stadium,False,True,71,11,11.833333333333334,83,7.014084507042253,20,154,71,8.166666666666666,8.693877551020408,5,5
11.6,11,6,78,Harbhajan Singh,James Faulkner,0,False,1.0,35,Rajkot,Saurashtra Cricket Association Stadium,False,True,72,11,12.0,83,6.916666666666667,20,154,71,8.0,8.875,5,5
12.1,12,1,79,Jasprit Bumrah,Ravindra Jadeja,0,False,1.0,35,Rajkot,Saurashtra Cricket Association Stadium,False,True,73,12,12.166666666666666,83,6.821917808219179,20,154,71,7.833333333333334,9.063829787234042,5,5
12.2,12,2,80,Jasprit Bumrah,Ravindra Jadeja,1,False,-0.5,35,Rajkot,Saurashtra Cricket Association Stadium,False,True,74,12,12.333333333333334,84,6.8108108108108105,20,154,70,7.666666666666666,9.130434782608697,5,5
12.3,12,3,81,Jasprit Bumrah,James Faulkner,1,False,-0.5,35,Rajkot,Saurashtra Cricket Association Stadium,False,True,75,12,12.5,85,6.8,20,154,69,7.5,9.2,5,5
12.4,12,4,82,Jasprit Bumrah,Ravindra Jadeja,0,False,1.0,35,Rajkot,Saurashtra Cricket Association Stadium,False,True,76,12,12.666666666666666,85,6.710526315789474,20,154,69,7.333333333333334,9.409090909090908,5,5
12.5,12,5,83,Jasprit Bumrah,Ravindra Jadeja,4,False,-2.0,35,Rajkot,Saurashtra Cricket Association Stadium,False,True,77,12,12.833333333333334,89,6.9350649350649345,20,154,65,7.166666666666666,9.069767441860465,5,5
12.6,12,6,84,Jasprit Bumrah,Ravindra Jadeja,2,False,-1.0,35,Rajkot,Saurashtra Cricket Association Stadium,False,True,78,12,13.0,91,7.0,20,154,63,7.0,9.0,5,5
13.1,13,1,85,Krunal Pandya,James Faulkner,0,False,1.0,35,Rajkot,Saurashtra Cricket Association Stadium,False,True,79,13,13.166666666666666,91,6.9113924050632916,20,154,63,6.833333333333334,9.21951219512195,5,5
13.2,13,2,86,Krunal Pandya,James Faulkner,1,False,-0.5,35,Rajkot,Saurashtra Cricket Association Stadium,False,True,80,13,13.333333333333334,92,6.8999999999999995,20,154,62,6.666666666666666,9.3,5,5
13.3,13,3,87,Krunal Pandya,Ravindra Jadeja,1,False,-0.5,35,Rajkot,Saurashtra Cricket Association Stadium,False,True,81,13,13.5,93,6.888888888888889,20,154,61,6.5,9.384615384615385,5,5
13.4,13,4,88,Krunal Pandya,James Faulkner,1,False,-0.5,35,Rajkot,Saurashtra Cricket Association Stadium,False,True,82,13,13.666666666666666,94,6.878048780487805,20,154,60,6.333333333333334,9.473684210526315,5,5
13.5,13,5,89,Krunal Pandya,Ravindra Jadeja,0,True,5.0,35,Rajkot,Saurashtra Cricket Association Stadium,False,True,83,13,13.833333333333334,94,6.795180722891566,20,154,60,6.166666666666666,9.72972972972973,6,4
13.6,13,6,90,Krunal Pandya,James Faulkner,0,False,1.0,35,Rajkot,Saurashtra Cricket Association Stadium,False,True,84,13,14.0,94,6.714285714285714,20,154,60,6.0,10.0,6,4
14.1,14,1,91,Lasith Malinga,Irfan Pathan,1,False,-0.5,35,Rajkot,Saurashtra Cricket Association Stadium,False,True,85,14,14.166666666666666,95,6.705882352941177,20,154,59,5.833333333333334,10.114285714285714,6,4
14.2,14,2,92,Lasith Malinga,James Faulkner,1,False,-1.0,35,Rajkot,Saurashtra Cricket Association Stadium,True,False,85,14,14.166666666666666,96,6.776470588235294,20,154,58,5.833333333333334,9.942857142857141,6,4
14.2,14,2,93,Lasith Malinga,James Faulkner,0,False,1.0,35,Rajkot,Saurashtra Cricket Association Stadium,False,True,86,14,14.333333333333334,96,6.697674418604651,20,154,58,5.666666666666666,10.23529411764706,6,4
14.3,14,3,94,Lasith Malinga,James Faulkner,0,False,1.0,35,Rajkot,Saurashtra Cricket Association Stadium,False,True,87,14,14.5,96,6.620689655172414,20,154,58,5.5,10.545454545454545,6,4
14.4,14,4,95,Lasith Malinga,James Faulkner,1,False,-0.5,35,Rajkot,Saurashtra Cricket Association Stadium,False,True,88,14,14.666666666666666,97,6.613636363636364,20,154,57,5.333333333333334,10.687499999999998,6,4
14.5,14,5,96,Lasith Malinga,Irfan Pathan,1,False,-0.5,35,Rajkot,Saurashtra Cricket Association Stadium,False,True,89,14,14.833333333333334,98,6.606741573033708,20,154,56,5.166666666666666,10.838709677419356,6,4
14.6,14,6,97,Lasith Malinga,James Faulkner,1,False,-0.5,35,Rajkot,Saurashtra Cricket Association Stadium,False,True,90,14,15.0,99,6.6,20,154,55,5.0,11.0,6,4
15.1,15,1,98,Krunal Pandya,James Faulkner,0,False,1.0,35,Rajkot,Saurashtra Cricket Association Stadium,False,True,91,15,15.166666666666666,99,6.527472527472527,20,154,55,4.833333333333334,11.379310344827585,6,4
15.2,15,2,99,Krunal Pandya,James Faulkner,0,False,1.0,35,Rajkot,Saurashtra Cricket Association Stadium,False,True,92,15,15.333333333333334,99,6.456521739130435,20,154,55,4.666666666666666,11.785714285714286,6,4
15.3,15,3,100,Krunal Pandya,James Faulkner,1,False,-0.5,35,Rajkot,Saurashtra Cricket Association Stadium,False,True,93,15,15.5,100,6.451612903225806,20,154,54,4.5,12.0,6,4
15.4,15,4,101,Krunal Pandya,Irfan Pathan,0,True,5.0,35,Rajkot,Saurashtra Cricket Association Stadium,False,True,94,15,15.666666666666666,100,6.382978723404255,20,154,54,4.333333333333334,12.46153846153846,7,3
15.5,15,5,102,Krunal Pandya,James Faulkner,1,False,-0.5,35,Rajkot,Saurashtra Cricket Association Stadium,False,True,95,15,15.833333333333334,101,6.378947368421052,20,154,53,4.166666666666666,12.720000000000002,7,3
15.6,15,6,103,Krunal Pandya,Andrew Tye,0,False,1.0,35,Rajkot,Saurashtra Cricket Association Stadium,False,True,96,15,16.0,101,6.3125,20,154,53,4.0,13.25,7,3
16.1,16,1,104,Jasprit Bumrah,James Faulkner,1,False,-0.5,35,Rajkot,Saurashtra Cricket Association Stadium,False,True,97,16,16.166666666666668,102,6.309278350515464,20,154,52,3.833333333333332,13.565217391304351,7,3
16.2,16,2,105,Jasprit Bumrah,Andrew Tye,1,False,-0.5,35,Rajkot,Saurashtra Cricket Association Stadium,False,True,98,16,16.333333333333332,103,6.306122448979592,20,154,51,3.666666666666668,13.909090909090905,7,3
16.3,16,3,106,Jasprit Bumrah,James Faulkner,1,False,-0.5,35,Rajkot,Saurashtra Cricket Association Stadium,False,True,99,16,16.5,104,6.303030303030303,20,154,50,3.5,14.285714285714286,7,3
16.4,16,4,107,Jasprit Bumrah,Andrew Tye,4,False,-2.0,35,Rajkot,Saurashtra Cricket Association Stadium,False,True,100,16,16.666666666666668,108,6.4799999999999995,20,154,46,3.333333333333332,13.800000000000004,7,3
16.5,16,5,108,Jasprit Bumrah,Andrew Tye,0,False,1.0,35,Rajkot,Saurashtra Cricket Association Stadium,False,True,101,16,16.833333333333332,108,6.415841584158416,20,154,46,3.166666666666668,14.52631578947368,7,3
16.6,16,6,109,Jasprit Bumrah,Andrew Tye,1,False,-0.5,35,Rajkot,Saurashtra Cricket Association Stadium,False,True,102,16,17.0,109,6.411764705882353,20,154,45,3.0,15.0,7,3
17.1,17,1,110,Mitchell McClenaghan,Andrew Tye,1,False,-0.5,35,Rajkot,Saurashtra Cricket Association Stadium,False,True,103,17,17.166666666666668,110,6.407766990291262,20,154,44,2.833333333333332,15.52941176470589,7,3
17.2,17,2,111,Mitchell McClenaghan,James Faulkner,4,False,-2.0,35,Rajkot,Saurashtra Cricket Association Stadium,False,True,104,17,17.333333333333332,114,6.5769230769230775,20,154,40,2.666666666666668,14.999999999999993,7,3
17.3,17,3,112,Mitchell McClenaghan,James Faulkner,1,False,-0.5,35,Rajkot,Saurashtra Cricket Association Stadium,False,True,105,17,17.5,115,6.571428571428571,20,154,39,2.5,15.6,7,3
17.4,17,4,113,Mitchell McClenaghan,Andrew Tye,6,False,-3.0,35,Rajkot,Saurashtra Cricket Association Stadium,False,True,106,17,17.666666666666668,121,6.849056603773584,20,154,33,2.333333333333332,14.14285714285715,7,3
17.5,17,5,114,Mitchell McClenaghan,Andrew Tye,6,False,-3.0,35,Rajkot,Saurashtra Cricket Association Stadium,False,True,107,17,17.833333333333332,127,7.121495327102804,20,154,27,2.166666666666668,12.461538461538455,7,3
17.6,17,6,115,Mitchell McClenaghan,Andrew Tye,1,False,-0.5,35,Rajkot,Saurashtra Cricket Association Stadium,False,True,108,17,18.0,128,7.111111111111111,20,154,26,2.0,13.0,7,3
18.1,18,1,116,Jasprit Bumrah,Andrew Tye,4,False,-2.0,35,Rajkot,Saurashtra Cricket Association Stadium,False,True,109,18,18.166666666666668,132,7.26605504587156,20,154,22,1.8333333333333321,12.000000000000007,7,3
18.2,18,2,117,Jasprit Bumrah,Andrew Tye,1,False,-1.0,35,Rajkot,Saurashtra Cricket Association Stadium,True,False,109,18,18.166666666666668,133,7.321100917431192,20,154,21,1.8333333333333321,11.454545454545462,7,3
18.2,18,2,118,Jasprit Bumrah,James Faulkner,2,False,-1.0,35,Rajkot,Saurashtra Cricket Association Stadium,True,False,109,18,18.166666666666668,135,7.431192660550458,20,154,19,1.8333333333333321,10.36363636363637,7,3
18.2,18,2,119,Jasprit Bumrah,Andrew Tye,1,False,-0.5,35,Rajkot,Saurashtra Cricket Association Stadium,False,True,110,18,18.333333333333332,136,7.418181818181819,20,154,18,1.6666666666666679,10.799999999999992,7,3
18.3,18,3,120,Jasprit Bumrah,James Faulkner,4,False,-2.0,35,Rajkot,Saurashtra Cricket Association Stadium,False,True,111,18,18.5,140,7.5675675675675675,20,154,14,1.5,9.333333333333334,7,3
18.4,18,4,121,Jasprit Bumrah,James Faulkner,2,False,-1.0,35,Rajkot,Saurashtra Cricket Association Stadium,False,True,112,18,18.666666666666668,142,7.607142857142857,20,154,12,1.3333333333333321,9.000000000000009,7,3
18.5,18,5,122,Jasprit Bumrah,James Faulkner,0,True,5.0,35,Rajkot,Saurashtra Cricket Association Stadium,False,True,113,18,18.833333333333332,142,7.539823008849558,20,154,12,1.1666666666666679,10.285714285714276,8,2
18.6,18,6,123,Jasprit Bumrah,James Faulkner,0,True,5.0,35,Rajkot,Saurashtra Cricket Association Stadium,False,True,114,18,19.0,142,7.473684210526316,20,154,12,1.0,12.0,9,1
19.1,19,1,124,Mitchell McClenaghan,Basil Thampi,0,False,1.0,35,Rajkot,Saurashtra Cricket Association Stadium,False,True,115,19,19.166666666666668,142,7.408695652173913,20,154,12,0.8333333333333321,14.40000000000002,9,1
19.2,19,2,125,Mitchell McClenaghan,Basil Thampi,0,False,1.0,35,Rajkot,Saurashtra Cricket Association Stadium,False,True,116,19,19.333333333333332,142,7.344827586206897,20,154,12,0.6666666666666679,17.999999999999968,9,1
19.3,19,3,126,Mitchell McClenaghan,Basil Thampi,1,False,-0.5,35,Rajkot,Saurashtra Cricket Association Stadium,False,True,117,19,19.5,143,7.333333333333333,20,154,11,0.5,22.0,9,1
19.4,19,4,127,Mitchell McClenaghan,Ankit Soni,1,False,-0.5,35,Rajkot,Saurashtra Cricket Association Stadium,False,True,118,19,19.666666666666668,144,7.322033898305084,20,154,10,0.33333333333333215,30.000000000000107,9,1
19.5,19,5,128,Mitchell McClenaghan,Basil Thampi,1,False,-0.5,35,Rajkot,Saurashtra Cricket Association Stadium,False,True,119,19,19.833333333333332,145,7.3109243697479,20,154,9,0.16666666666666785,53.999999999999616,9,1
19.6,19,6,129,Mitchell McClenaghan,Ankit Soni,6,False,-3.0,35,Rajkot,Saurashtra Cricket Association Stadium,False,True,120,19,20.0,151,7.55,20,154,3,0.0,inf,9,1
