Ball Number,over,ball,Ball,bowler,batsman,Runs,is_wicket,bowler_score,match_id,city,stadium,is_extra,legal_delivery,legal_deliveries_count,overs_completed,overs_bowled,total_runs,current_run_rate,total_overs,target,runs_needed,overs_remaining,required_run_rate,wickets_fallen,wickets_in_hand
0.1,0,1,1,Nathan Coulter-Nile,David Warner,0,False,1.0,37,Uppal,Rajiv Gandhi International Stadium,False,True,1,0,0.16666666666666666,0,0.0,20,210,210,19.833333333333332,10.588235294117649,0,10
0.2,0,2,2,Nathan Coulter-Nile,David Warner,2,False,-1.0,37,Uppal,Rajiv Gandhi International Stadium,False,True,2,0,0.3333333333333333,2,6.0,20,210,208,19.666666666666668,10.576271186440678,0,10
0.3,0,3,3,Nathan Coulter-Nile,David Warner,0,False,1.0,37,Uppal,Rajiv Gandhi International Stadium,False,True,3,0,0.5,2,4.0,20,210,208,19.5,10.666666666666666,0,10
0.4,0,4,4,Nathan Coulter-Nile,David Warner,4,False,-2.0,37,Uppal,Rajiv Gandhi International Stadium,False,True,4,0,0.6666666666666666,6,9.0,20,210,204,19.333333333333332,10.551724137931036,0,10
0.5,0,5,5,Nathan Coulter-Nile,David Warner,0,False,1.0,37,Uppal,Rajiv Gandhi International Stadium,False,True,5,0,0.8333333333333334,6,7.199999999999999,20,210,204,19.166666666666668,10.643478260869564,0,10
0.6,0,6,6,Nathan Coulter-Nile,David Warner,0,False,1.0,37,Uppal,Rajiv Gandhi International Stadium,False,True,6,0,1.0,6,6.0,20,210,204,19.0,10.736842105263158,0,10
1.1,1,1,7,Umesh Yadav,S Dhawan,0,False,1.0,37,Uppal,Rajiv Gandhi International Stadium,False,True,7,1,1.1666666666666667,6,5.142857142857142,20,210,204,18.833333333333332,10.831858407079647,0,10
1.2,1,2,8,Umesh Yadav,S Dhawan,1,False,-0.5,37,Uppal,Rajiv Gandhi International Stadium,False,True,8,1,1.3333333333333333,7,5.25,20,210,203,18.666666666666668,10.875,0,10
1.3,1,3,9,Umesh Yadav,David Warner,6,False,-3.0,37,Uppal,Rajiv Gandhi International Stadium,False,True,9,1,1.5,13,8.666666666666666,20,210,197,18.5,10.64864864864865,0,10
1.4,1,4,10,Umesh Yadav,David Warner,1,False,-0.5,37,Uppal,Rajiv Gandhi International Stadium,False,True,10,1,1.6666666666666665,14,8.4,20,210,196,18.333333333333332,10.690909090909091,0,10
1.5,1,5,11,Umesh Yadav,S Dhawan,1,False,-0.5,37,Uppal,Rajiv Gandhi International Stadium,False,True,11,1,1.8333333333333335,15,8.181818181818182,20,210,195,18.166666666666668,10.73394495412844,0,10
1.6,1,6,12,Umesh Yadav,David Warner,3,False,-1.5,37,Uppal,Rajiv Gandhi International Stadium,False,True,12,1,2.0,18,9.0,20,210,192,18.0,10.666666666666666,0,10
2.1,2,1,13,Chris Woakes,David Warner,4,False,-2.0,37,Uppal,Rajiv Gandhi International Stadium,False,True,13,2,2.1666666666666665,22,10.153846153846155,20,210,188,17.833333333333332,10.542056074766355,0,10
2.2,2,2,14,Chris Woakes,David Warner,6,False,-3.0,37,Uppal,Rajiv Gandhi International Stadium,False,True,14,2,2.3333333333333335,28,12.0,20,210,182,17.666666666666668,10.30188679245283,0,10
2.3,2,3,15,Chris Woakes,David Warner,0,False,1.0,37,Uppal,Rajiv Gandhi International Stadium,False,True,15,2,2.5,28,11.2,20,210,182,17.5,10.4,0,10
2.4,2,4,16,Chris Woakes,David Warner,1,False,-0.5,37,Uppal,Rajiv Gandhi International Stadium,False,True,16,2,2.6666666666666665,29,10.875,20,210,181,17.333333333333332,10.442307692307693,0,10
2.5,2,5,17,Chris Woakes,S Dhawan,0,False,1.0,37,Uppal,Rajiv Gandhi International Stadium,False,True,17,2,2.8333333333333335,29,10.235294117647058,20,210,181,17.166666666666668,10.54368932038835,0,10
2.6,2,6,18,Chris Woakes,S Dhawan,6,False,-3.0,37,Uppal,Rajiv Gandhi International Stadium,False,True,18,2,3.0,35,11.666666666666666,20,210,175,17.0,10.294117647058824,0,10
3.1,3,1,19,Yusuf Pathan,David Warner,0,False,1.0,37,Uppal,Rajiv Gandhi International Stadium,False,True,19,3,3.1666666666666665,35,11.052631578947368,20,210,175,16.833333333333332,10.396039603960396,0,10
3.2,3,2,20,Yusuf Pathan,David Warner,4,False,-2.0,37,Uppal,Rajiv Gandhi International Stadium,False,True,20,3,3.3333333333333335,39,11.7,20,210,171,16.666666666666668,10.26,0,10
3.3,3,3,21,Yusuf Pathan,David Warner,4,False,-2.0,37,Uppal,Rajiv Gandhi International Stadium,False,True,21,3,3.5,43,12.285714285714286,20,210,167,16.5,10.121212121212121,0,10
3.4,3,4,22,Yusuf Pathan,David Warner,6,False,-3.0,37,Uppal,Rajiv Gandhi International Stadium,False,True,22,3,3.6666666666666665,49,13.363636363636363,20,210,161,16.333333333333332,9.857142857142858,0,10
3.5,3,5,23,Yusuf Pathan,David Warner,2,False,-1.0,37,Uppal,Rajiv Gandhi International Stadium,False,True,23,3,3.8333333333333335,51,13.304347826086955,20,210,159,16.166666666666668,9.835051546391751,0,10
3.6,3,6,24,Yusuf Pathan,David Warner,1,False,-0.5,37,Uppal,Rajiv Gandhi International Stadium,False,True,24,3,4.0,52,13.0,20,210,158,16.0,9.875,0,10
4.1,4,1,25,Sunil Narine,David Warner,6,False,-3.0,37,Uppal,Rajiv Gandhi International Stadium,False,True,25,4,4.166666666666667,58,13.919999999999998,20,210,152,15.833333333333332,9.600000000000001,0,10
4.2,4,2,26,Sunil Narine,David Warner,1,False,-1.0,37,Uppal,Rajiv Gandhi International Stadium,True,False,25,4,4.166666666666667,59,14.159999999999998,20,210,151,15.833333333333332,9.536842105263158,0,10
4.2,4,2,27,Sunil Narine,David Warner,0,False,1.0,37,Uppal,Rajiv Gandhi International Stadium,False,True,26,4,4.333333333333333,59,13.615384615384617,20,210,151,15.666666666666668,9.638297872340425,0,10
4.3,4,3,28,Sunil Narine,David Warner,4,False,-2.0,37,Uppal,Rajiv Gandhi International Stadium,False,True,27,4,4.5,63,14.0,20,210,147,15.5,9.483870967741936,0,10
4.4,4,4,29,Sunil Narine,David Warner,3,False,-1.5,37,Uppal,Rajiv Gandhi International Stadium,False,True,28,4,4.666666666666667,66,14.142857142857142,20,210,144,15.333333333333332,9.391304347826088,0,10
4.5,4,5,30,Sunil Narine,S Dhawan,0,False,1.0,37,Uppal,Rajiv Gandhi International Stadium,False,True,29,4,4.833333333333333,66,13.655172413793105,20,210,144,15.166666666666668,9.494505494505495,0,10
4.6,4,6,31,Sunil Narine,S Dhawan,1,False,-0.5,37,Uppal,Rajiv Gandhi International Stadium,False,True,30,4,5.0,67,13.4,20,210,143,15.0,9.533333333333333,0,10
5.1,5,1,32,Kuldeep Yadav,S Dhawan,4,False,-2.0,37,Uppal,Rajiv Gandhi International Stadium,False,True,31,5,5.166666666666667,71,13.741935483870966,20,210,139,14.833333333333332,9.370786516853933,0,10
5.2,5,2,33,Kuldeep Yadav,S Dhawan,0,False,1.0,37,Uppal,Rajiv Gandhi International Stadium,False,True,32,5,5.333333333333333,71,13.3125,20,210,139,14.666666666666668,9.477272727272727,0,10
5.3,5,3,34,Kuldeep Yadav,S Dhawan,2,False,-1.0,37,Uppal,Rajiv Gandhi International Stadium,True,False,32,5,5.333333333333333,73,13.6875,20,210,137,14.666666666666668,9.34090909090909,0,10
5.3,5,3,35,Kuldeep Yadav,David Warner,4,False,-2.0,37,Uppal,Rajiv Gandhi International Stadium,False,True,33,5,5.5,77,14.0,20,210,133,14.5,9.172413793103448,0,10
5.4,5,4,36,Kuldeep Yadav,David Warner,1,False,-0.5,37,Uppal,Rajiv Gandhi International Stadium,False,True,34,5,5.666666666666667,78,13.76470588235294,20,210,132,14.333333333333332,9.209302325581396,0,10
5.5,5,5,37,Kuldeep Yadav,S Dhawan,0,False,1.0,37,Uppal,Rajiv Gandhi International Stadium,False,True,35,5,5.833333333333333,78,13.371428571428572,20,210,132,14.166666666666668,9.317647058823528,0,10
5.6,5,6,38,Kuldeep Yadav,S Dhawan,1,False,-1.0,37,Uppal,Rajiv Gandhi International Stadium,True,False,35,5,5.833333333333333,79,13.542857142857143,20,210,131,14.166666666666668,9.24705882352941,0,10
5.6,5,6,39,Kuldeep Yadav,S Dhawan,0,False,1.0,37,Uppal,Rajiv Gandhi International Stadium,False,True,36,5,6.0,79,13.166666666666666,20,210,131,14.0,9.357142857142858,0,10
6.1,6,1,40,Umesh Yadav,David Warner,6,False,-3.0,37,Uppal,Rajiv Gandhi International Stadium,False,True,37,6,6.166666666666667,85,13.783783783783782,20,210,125,13.833333333333332,9.036144578313253,0,10
6.2,6,2,41,Umesh Yadav,David Warner,1,False,-0.5,37,Uppal,Rajiv Gandhi International Stadium,False,True,38,6,6.333333333333333,86,13.578947368421053,20,210,124,13.666666666666668,9.073170731707316,0,10
6.3,6,3,42,Umesh Yadav,S Dhawan,0,False,1.0,37,Uppal,Rajiv Gandhi International Stadium,False,True,39,6,6.5,86,13.23076923076923,20,210,124,13.5,9.185185185185185,0,10
6.4,6,4,43,Umesh Yadav,S Dhawan,1,False,-0.5,37,Uppal,Rajiv Gandhi International Stadium,False,True,40,6,6.666666666666667,87,13.049999999999999,20,210,123,13.333333333333332,9.225000000000001,0,10
6.5,6,5,44,Umesh Yadav,David Warner,0,False,1.0,37,Uppal,Rajiv Gandhi International Stadium,False,True,41,6,6.833333333333333,87,12.731707317073171,20,210,123,13.166666666666668,9.341772151898734,0,10
6.6,6,6,45,Umesh Yadav,David Warner,0,False,1.0,37,Uppal,Rajiv Gandhi International Stadium,False,True,42,6,7.0,87,12.428571428571429,20,210,123,13.0,9.461538461538462,0,10
7.1,7,1,46,Kuldeep Yadav,S Dhawan,1,False,-0.5,37,Uppal,Rajiv Gandhi International Stadium,False,True,43,7,7.166666666666667,88,12.27906976744186,20,210,122,12.833333333333332,9.506493506493507,0,10
7.2,7,2,47,Kuldeep Yadav,David Warner,1,False,-0.5,37,Uppal,Rajiv Gandhi International Stadium,False,True,44,7,7.333333333333333,89,12.136363636363637,20,210,121,12.666666666666668,9.552631578947368,0,10
7.3,7,3,48,Kuldeep Yadav,S Dhawan,1,False,-0.5,37,Uppal,Rajiv Gandhi International Stadium,False,True,45,7,7.5,90,12.0,20,210,120,12.5,9.6,0,10
7.4,7,4,49,Kuldeep Yadav,David Warner,2,False,-1.0,37,Uppal,Rajiv Gandhi International Stadium,False,True,46,7,7.666666666666667,92,12.0,20,210,118,12.333333333333332,9.567567567567568,0,10
7.5,7,5,50,Kuldeep Yadav,David Warner,1,False,-0.5,37,Uppal,Rajiv Gandhi International Stadium,False,True,47,7,7.833333333333333,93,11.872340425531915,20,210,117,12.166666666666668,9.616438356164382,0,10
7.6,7,6,51,Kuldeep Yadav,S Dhawan,1,False,-0.5,37,Uppal,Rajiv Gandhi International Stadium,False,True,48,7,8.0,94,11.75,20,210,116,12.0,9.666666666666666,0,10
8.1,8,1,52,Nathan Coulter-Nile,S Dhawan,1,False,-0.25,37,Uppal,Rajiv Gandhi International Stadium,False,True,49,8,8.166666666666666,95,11.63265306122449,20,210,115,11.833333333333334,9.71830985915493,0,10
8.2,8,2,53,Nathan Coulter-Nile,David Warner,1,False,-0.5,37,Uppal,Rajiv Gandhi International Stadium,False,True,50,8,8.333333333333334,96,11.52,20,210,114,11.666666666666666,9.771428571428572,0,10
8.3,8,3,54,Nathan Coulter-Nile,S Dhawan,1,False,-1.0,37,Uppal,Rajiv Gandhi International Stadium,True,False,50,8,8.333333333333334,97,11.639999999999999,20,210,113,11.666666666666666,9.685714285714287,0,10
8.3,8,3,55,Nathan Coulter-Nile,S Dhawan,1,False,-0.5,37,Uppal,Rajiv Gandhi International Stadium,False,True,51,8,8.5,98,11.529411764705882,20,210,112,11.5,9.73913043478261,0,10
8.4,8,4,56,Nathan Coulter-Nile,David Warner,6,False,-3.0,37,Uppal,Rajiv Gandhi International Stadium,False,True,52,8,8.666666666666666,104,12.0,20,210,106,11.333333333333334,9.352941176470587,0,10
8.5,8,5,57,Nathan Coulter-Nile,David Warner,0,False,1.0,37,Uppal,Rajiv Gandhi International Stadium,False,True,53,8,8.833333333333334,104,11.773584905660377,20,210,106,11.166666666666666,9.492537313432836,0,10
8.6,8,6,58,Nathan Coulter-Nile,David Warner,1,False,-0.5,37,Uppal,Rajiv Gandhi International Stadium,False,True,54,8,9.0,105,11.666666666666666,20,210,105,11.0,9.545454545454545,0,10
9.1,9,1,59,Kuldeep Yadav,David Warner,1,False,-0.5,37,Uppal,Rajiv Gandhi International Stadium,False,True,55,9,9.166666666666666,106,11.563636363636364,20,210,104,10.833333333333334,9.6,0,10
9.2,9,2,60,Kuldeep Yadav,S Dhawan,0,False,1.0,37,Uppal,Rajiv Gandhi International Stadium,False,True,56,9,9.333333333333334,106,11.357142857142856,20,210,104,10.666666666666666,9.75,0,10
9.3,9,3,61,Kuldeep Yadav,S Dhawan,1,False,-0.5,37,Uppal,Rajiv Gandhi International Stadium,False,True,57,9,9.5,107,11.263157894736842,20,210,103,10.5,9.80952380952381,0,10
9.4,9,4,62,Kuldeep Yadav,David Warner,4,False,-2.0,37,Uppal,Rajiv Gandhi International Stadium,False,True,58,9,9.666666666666666,111,11.482758620689657,20,210,99,10.333333333333334,9.580645161290322,0,10
9.5,9,5,63,Kuldeep Yadav,David Warner,6,False,-3.0,37,Uppal,Rajiv Gandhi International Stadium,False,True,59,9,9.833333333333334,117,11.898305084745761,20,210,93,10.166666666666666,9.147540983606557,0,10
9.6,9,6,64,Kuldeep Yadav,David Warner,6,False,-3.0,37,Uppal,Rajiv Gandhi International Stadium,False,True,60,9,10.0,123,12.3,20,210,87,10.0,8.7,0,10
10.1,10,1,65,Umesh Yadav,S Dhawan,0,False,1.0,37,Uppal,Rajiv Gandhi International Stadium,False,True,61,10,10.166666666666666,123,12.098360655737705,20,210,87,9.833333333333334,8.847457627118644,0,10
10.2,10,2,66,Umesh Yadav,S Dhawan,0,False,1.0,37,Uppal,Rajiv Gandhi International Stadium,False,True,62,10,10.333333333333334,123,11.903225806451612,20,210,87,9.666666666666666,9.0,0,10
10.3,10,3,67,Umesh Yadav,S Dhawan,1,False,-0.5,37,Uppal,Rajiv Gandhi International Stadium,False,True,63,10,10.5,124,11.80952380952381,20,210,86,9.5,9.052631578947368,0,10
10.4,10,4,68,Umesh Yadav,David Warner,0,False,1.0,37,Uppal,Rajiv Gandhi International Stadium,False,True,64,10,10.666666666666666,124,11.625,20,210,86,9.333333333333334,9.214285714285714,0,10
10.5,10,5,69,Umesh Yadav,David Warner,0,False,1.0,37,Uppal,Rajiv Gandhi International Stadium,False,True,65,10,10.833333333333334,124,11.446153846153846,20,210,86,9.166666666666666,9.381818181818183,0,10
10.6,10,6,70,Umesh Yadav,David Warner,2,False,-1.0,37,Uppal,Rajiv Gandhi International Stadium,False,True,66,10,11.0,126,11.454545454545455,20,210,84,9.0,9.333333333333334,0,10
11.1,11,1,71,Sunil Narine,S Dhawan,1,False,-0.5,37,Uppal,Rajiv Gandhi International Stadium,False,True,67,11,11.166666666666666,127,11.37313432835821,20,210,83,8.833333333333334,9.39622641509434,0,10
11.2,11,2,72,Sunil Narine,David Warner,1,False,-0.5,37,Uppal,Rajiv Gandhi International Stadium,False,True,68,11,11.333333333333334,128,11.294117647058822,20,210,82,8.666666666666666,9.461538461538462,0,10
11.3,11,3,73,Sunil Narine,S Dhawan,1,False,-0.5,37,Uppal,Rajiv Gandhi International Stadium,False,True,69,11,11.5,129,11.217391304347826,20,210,81,8.5,9.529411764705882,0,10
11.4,11,4,74,Sunil Narine,David Warner,1,False,-0.5,37,Uppal,Rajiv Gandhi International Stadium,False,True,70,11,11.666666666666666,130,11.142857142857144,20,210,80,8.333333333333334,9.6,0,10
11.5,11,5,75,Sunil Narine,S Dhawan,1,False,-0.5,37,Uppal,Rajiv Gandhi International Stadium,False,True,71,11,11.833333333333334,131,11.070422535211266,20,210,79,8.166666666666666,9.673469387755103,0,10
11.6,11,6,76,Sunil Narine,David Warner,2,False,-1.0,37,Uppal,Rajiv Gandhi International Stadium,False,True,72,11,12.0,133,11.083333333333334,20,210,77,8.0,9.625,0,10
12.1,12,1,77,Chris Woakes,S Dhawan,2,False,-1.0,37,Uppal,Rajiv Gandhi International Stadium,False,True,73,12,12.166666666666666,135,11.095890410958905,20,210,75,7.833333333333334,9.574468085106382,0,10
12.2,12,2,78,Chris Woakes,S Dhawan,4,False,-2.0,37,Uppal,Rajiv Gandhi International Stadium,False,True,74,12,12.333333333333334,139,11.27027027027027,20,210,71,7.666666666666666,9.260869565217392,0,10
12.3,12,3,79,Chris Woakes,S Dhawan,0,False,1.0,37,Uppal,Rajiv Gandhi International Stadium,False,True,75,12,12.5,139,11.12,20,210,71,7.5,9.466666666666667,0,10
12.4,12,4,80,Chris Woakes,S Dhawan,0,True,5.0,37,Uppal,Rajiv Gandhi International Stadium,False,True,76,12,12.666666666666666,139,10.973684210526317,20,210,71,7.333333333333334,9.681818181818182,1,9
12.5,12,5,81,Chris Woakes,David Warner,0,False,1.0,37,Uppal,Rajiv Gandhi International Stadium,False,True,77,12,12.833333333333334,139,10.831168831168831,20,210,71,7.166666666666666,9.906976744186048,1,9
12.6,12,6,82,Chris Woakes,David Warner,1,False,-0.5,37,Uppal,Rajiv Gandhi International Stadium,False,True,78,12,13.0,140,10.76923076923077,20,210,70,7.0,10.0,1,9
13.1,13,1,83,Kuldeep Yadav,David Warner,1,False,-0.5,37,Uppal,Rajiv Gandhi International Stadium,False,True,79,13,13.166666666666666,141,10.708860759493671,20,210,69,6.833333333333334,10.097560975609754,1,9
13.2,13,2,84,Kuldeep Yadav,Kane Williamson,0,False,1.0,37,Uppal,Rajiv Gandhi International Stadium,False,True,80,13,13.333333333333334,141,10.575,20,210,69,6.666666666666666,10.350000000000001,1,9
13.3,13,3,85,Kuldeep Yadav,Kane Williamson,1,False,-0.5,37,Uppal,Rajiv Gandhi International Stadium,False,True,81,13,13.5,142,10.518518518518519,20,210,68,6.5,10.461538461538462,1,9
13.4,13,4,86,Kuldeep Yadav,David Warner,2,False,-1.0,37,Uppal,Rajiv Gandhi International Stadium,False,True,82,13,13.666666666666666,144,10.536585365853659,20,210,66,6.333333333333334,10.421052631578947,1,9
13.5,13,5,87,Kuldeep Yadav,David Warner,1,False,-0.5,37,Uppal,Rajiv Gandhi International Stadium,False,True,83,13,13.833333333333334,145,10.481927710843372,20,210,65,6.166666666666666,10.540540540540542,1,9
13.6,13,6,88,Kuldeep Yadav,Kane Williamson,1,False,-0.5,37,Uppal,Rajiv Gandhi International Stadium,False,True,84,13,14.0,146,10.428571428571429,20,210,64,6.0,10.666666666666666,1,9
14.1,14,1,89,Umesh Yadav,Kane Williamson,0,False,1.0,37,Uppal,Rajiv Gandhi International Stadium,False,True,85,14,14.166666666666666,146,10.305882352941177,20,210,64,5.833333333333334,10.97142857142857,1,9
14.2,14,2,90,Umesh Yadav,Kane Williamson,1,False,-0.25,37,Uppal,Rajiv Gandhi International Stadium,False,True,86,14,14.333333333333334,147,10.255813953488373,20,210,63,5.666666666666666,11.11764705882353,1,9
14.3,14,3,91,Umesh Yadav,David Warner,1,False,-0.5,37,Uppal,Rajiv Gandhi International Stadium,False,True,87,14,14.5,148,10.206896551724139,20,210,62,5.5,11.272727272727273,1,9
14.4,14,4,92,Umesh Yadav,Kane Williamson,4,False,-2.0,37,Uppal,Rajiv Gandhi International Stadium,False,True,88,14,14.666666666666666,152,10.363636363636363,20,210,58,5.333333333333334,10.874999999999998,1,9
14.5,14,5,93,Umesh Yadav,Kane Williamson,2,False,-1.0,37,Uppal,Rajiv Gandhi International Stadium,False,True,89,14,14.833333333333334,154,10.382022471910112,20,210,56,5.166666666666666,10.838709677419356,1,9
14.6,14,6,94,Umesh Yadav,Kane Williamson,0,False,1.0,37,Uppal,Rajiv Gandhi International Stadium,False,True,90,14,15.0,154,10.266666666666667,20,210,56,5.0,11.2,1,9
15.1,15,1,95,Sunil Narine,David Warner,4,False,-2.0,37,Uppal,Rajiv Gandhi International Stadium,False,True,91,15,15.166666666666666,158,10.417582417582418,20,210,52,4.833333333333334,10.75862068965517,1,9
15.2,15,2,96,Sunil Narine,David Warner,4,False,-2.0,37,Uppal,Rajiv Gandhi International Stadium,False,True,92,15,15.333333333333334,162,10.565217391304348,20,210,48,4.666666666666666,10.285714285714286,1,9
15.3,15,3,97,Sunil Narine,David Warner,4,False,-2.0,37,Uppal,Rajiv Gandhi International Stadium,False,True,93,15,15.5,166,10.709677419354838,20,210,44,4.5,9.777777777777779,1,9
15.4,15,4,98,Sunil Narine,David Warner,1,False,-0.5,37,Uppal,Rajiv Gandhi International Stadium,False,True,94,15,15.666666666666666,167,10.659574468085108,20,210,43,4.333333333333334,9.923076923076922,1,9
15.5,15,5,99,Sunil Narine,Kane Williamson,1,False,-0.5,37,Uppal,Rajiv Gandhi International Stadium,False,True,95,15,15.833333333333334,168,10.610526315789473,20,210,42,4.166666666666666,10.080000000000002,1,9
15.6,15,6,100,Sunil Narine,David Warner,1,False,-0.5,37,Uppal,Rajiv Gandhi International Stadium,False,True,96,15,16.0,169,10.5625,20,210,41,4.0,10.25,1,9
16.1,16,1,101,Chris Woakes,David Warner,2,False,-1.0,37,Uppal,Rajiv Gandhi International Stadium,False,True,97,16,16.166666666666668,171,10.577319587628866,20,210,39,3.833333333333332,10.173913043478263,1,9
16.2,16,2,102,Chris Woakes,David Warner,0,True,5.0,37,Uppal,Rajiv Gandhi International Stadium,False,True,98,16,16.333333333333332,171,10.469387755102042,20,210,39,3.666666666666668,10.636363636363633,2,8
16.3,16,3,103,Chris Woakes,Kane Williamson,1,False,-0.5,37,Uppal,Rajiv Gandhi International Stadium,False,True,99,16,16.5,172,10.424242424242424,20,210,38,3.5,10.857142857142858,2,8
16.4,16,4,104,Chris Woakes,Yuvraj Singh,1,False,-0.5,37,Uppal,Rajiv Gandhi International Stadium,False,True,100,16,16.666666666666668,173,10.379999999999999,20,210,37,3.333333333333332,11.100000000000003,2,8
16.5,16,5,105,Chris Woakes,Kane Williamson,2,False,-1.0,37,Uppal,Rajiv Gandhi International Stadium,False,True,101,16,16.833333333333332,175,10.396039603960396,20,210,35,3.166666666666668,11.052631578947365,2,8
16.6,16,6,106,Chris Woakes,Kane Williamson,0,False,1.0,37,Uppal,Rajiv Gandhi International Stadium,False,True,102,16,17.0,175,10.294117647058824,20,210,35,3.0,11.666666666666666,2,8
17.1,17,1,107,Nathan Coulter-Nile,Yuvraj Singh,1,False,-0.5,37,Uppal,Rajiv Gandhi International Stadium,False,True,103,17,17.166666666666668,176,10.252427184466018,20,210,34,2.833333333333332,12.000000000000005,2,8
17.2,17,2,108,Nathan Coulter-Nile,Kane Williamson,1,False,-0.5,37,Uppal,Rajiv Gandhi International Stadium,False,True,104,17,17.333333333333332,177,10.211538461538462,20,210,33,2.666666666666668,12.374999999999995,2,8
17.3,17,3,109,Nathan Coulter-Nile,Yuvraj Singh,1,False,-0.5,37,Uppal,Rajiv Gandhi International Stadium,False,True,105,17,17.5,178,10.17142857142857,20,210,32,2.5,12.8,2,8
17.4,17,4,110,Nathan Coulter-Nile,Kane Williamson,2,False,-1.0,37,Uppal,Rajiv Gandhi International Stadium,False,True,106,17,17.666666666666668,180,10.188679245283017,20,210,30,2.333333333333332,12.857142857142863,2,8
17.5,17,5,111,Nathan Coulter-Nile,Kane Williamson,4,False,-2.0,37,Uppal,Rajiv Gandhi International Stadium,False,True,107,17,17.833333333333332,184,10.317757009345796,20,210,26,2.166666666666668,11.999999999999993,2,8
17.6,17,6,112,Nathan Coulter-Nile,Kane Williamson,2,False,-1.0,37,Uppal,Rajiv Gandhi International Stadium,False,True,108,17,18.0,186,10.333333333333334,20,210,24,2.0,12.0,2,8
18.1,18,1,113,Chris Woakes,Yuvraj Singh,1,False,-1.0,37,Uppal,Rajiv Gandhi International Stadium,True,False,108,17,18.0,187,10.38888888888889,20,210,23,2.0,11.5,2,8
18.1,18,1,114,Chris Woakes,Yuvraj Singh,1,False,-0.5,37,Uppal,Rajiv Gandhi International Stadium,False,True,109,18,18.166666666666668,188,10.34862385321101,20,210,22,1.8333333333333321,12.000000000000007,2,8
18.2,18,2,115,Chris Woakes,Kane Williamson,0,False,1.0,37,Uppal,Rajiv Gandhi International Stadium,False,True,110,18,18.333333333333332,188,10.254545454545456,20,210,22,1.6666666666666679,13.19999999999999,2,8
18.3,18,3,116,Chris Woakes,Kane Williamson,4,False,-2.0,37,Uppal,Rajiv Gandhi International Stadium,False,True,111,18,18.5,192,10.378378378378379,20,210,18,1.5,12.0,2,8
18.4,18,4,117,Chris Woakes,Kane Williamson,2,False,-1.0,37,Uppal,Rajiv Gandhi International Stadium,False,True,112,18,18.666666666666668,194,10.392857142857142,20,210,16,1.3333333333333321,12.00000000000001,2,8
18.5,18,5,118,Chris Woakes,Kane Williamson,4,False,-2.0,37,Uppal,Rajiv Gandhi International Stadium,False,True,113,18,18.833333333333332,198,10.513274336283187,20,210,12,1.1666666666666679,10.285714285714276,2,8
18.6,18,6,119,Chris Woakes,Kane Williamson,4,False,-2.0,37,Uppal,Rajiv Gandhi International Stadium,False,True,114,18,19.0,202,10.631578947368421,20,210,8,1.0,8.0,2,8
19.1,19,1,120,Nathan Coulter-Nile,Yuvraj Singh,1,False,-0.5,37,Uppal,Rajiv Gandhi International Stadium,False,True,115,19,19.166666666666668,203,10.591304347826087,20,210,7,0.8333333333333321,8.400000000000013,2,8
19.2,19,2,121,Nathan Coulter-Nile,Kane Williamson,2,False,-1.0,37,Uppal,Rajiv Gandhi International Stadium,False,True,116,19,19.333333333333332,205,10.60344827586207,20,210,5,0.6666666666666679,7.499999999999987,2,8
19.3,19,3,122,Nathan Coulter-Nile,Kane Williamson,2,False,-1.0,37,Uppal,Rajiv Gandhi International Stadium,False,True,117,19,19.5,207,10.615384615384615,20,210,3,0.5,6.0,2,8
19.4,19,4,123,Nathan Coulter-Nile,Kane Williamson,0,False,1.0,37,Uppal,Rajiv Gandhi International Stadium,False,True,118,19,19.666666666666668,207,10.525423728813559,20,210,3,0.33333333333333215,9.000000000000032,2,8
19.5,19,5,124,Nathan Coulter-Nile,Kane Williamson,1,False,-0.5,37,Uppal,Rajiv Gandhi International Stadium,False,True,119,19,19.833333333333332,208,10.487394957983193,20,210,2,0.16666666666666785,11.999999999999915,2,8
19.6,19,6,125,Nathan Coulter-Nile,Yuvraj Singh,0,True,5.0,37,Uppal,Rajiv Gandhi International Stadium,False,True,120,19,20.0,208,10.4,20,210,2,0.0,inf,3,7
