Ball Number,over,ball,Ball,bowler,batsman,Runs,is_wicket,bowler_score,match_id,city,stadium,is_extra,legal_delivery,legal_deliveries_count,overs_completed,overs_bowled,total_runs,current_run_rate,total_overs,target,runs_needed,overs_remaining,required_run_rate,wickets_fallen,wickets_in_hand
0.1,0,1,1,Jaydev Unadkat,Ishan Kishan,1,False,-0.25,39,Pune,Maharashtra Cricket Association Stadium,False,True,1,0,0.16666666666666666,1,6.0,20,162,161,19.833333333333332,8.11764705882353,0,10
0.2,0,2,2,Jaydev Unadkat,Brendon McCullum,4,False,-2.0,39,Pune,Maharashtra Cricket Association Stadium,False,True,2,0,0.3333333333333333,5,15.0,20,162,157,19.666666666666668,7.983050847457626,0,10
0.3,0,3,3,Jaydev Unadkat,Brendon McCullum,0,False,1.0,39,Pune,Maharashtra Cricket Association Stadium,False,True,3,0,0.5,5,10.0,20,162,157,19.5,8.051282051282051,0,10
0.4,0,4,4,Jaydev Unadkat,Brendon McCullum,1,False,-0.5,39,Pune,Maharashtra Cricket Association Stadium,False,True,4,0,0.6666666666666666,6,9.0,20,162,156,19.333333333333332,8.068965517241379,0,10
0.5,0,5,5,Jaydev Unadkat,Ishan Kishan,1,False,-0.5,39,Pune,Maharashtra Cricket Association Stadium,False,True,5,0,0.8333333333333334,7,8.4,20,162,155,19.166666666666668,8.08695652173913,0,10
0.6,0,6,6,Jaydev Unadkat,Brendon McCullum,4,False,-2.0,39,Pune,Maharashtra Cricket Association Stadium,False,True,6,0,1.0,11,11.0,20,162,151,19.0,7.947368421052632,0,10
1.1,1,1,7,Washington Sundar,Ishan Kishan,0,False,1.0,39,Pune,Maharashtra Cricket Association Stadium,False,True,7,1,1.1666666666666667,11,9.428571428571429,20,162,151,18.833333333333332,8.017699115044248,0,10
1.2,1,2,8,Washington Sundar,Ishan Kishan,0,False,1.0,39,Pune,Maharashtra Cricket Association Stadium,False,True,8,1,1.3333333333333333,11,8.25,20,162,151,18.666666666666668,8.089285714285714,0,10
1.3,1,3,9,Washington Sundar,Ishan Kishan,0,False,1.0,39,Pune,Maharashtra Cricket Association Stadium,False,True,9,1,1.5,11,7.333333333333333,20,162,151,18.5,8.162162162162161,0,10
1.4,1,4,10,Washington Sundar,Ishan Kishan,0,False,1.0,39,Pune,Maharashtra Cricket Association Stadium,False,True,10,1,1.6666666666666665,11,6.6000000000000005,20,162,151,18.333333333333332,8.236363636363636,0,10
1.5,1,5,11,Washington Sundar,Ishan Kishan,0,False,1.0,39,Pune,Maharashtra Cricket Association Stadium,False,True,11,1,1.8333333333333335,11,5.999999999999999,20,162,151,18.166666666666668,8.311926605504587,0,10
1.6,1,6,12,Washington Sundar,Ishan Kishan,1,False,-0.5,39,Pune,Maharashtra Cricket Association Stadium,False,True,12,1,2.0,12,6.0,20,162,150,18.0,8.333333333333334,0,10
2.1,2,1,13,Jaydev Unadkat,Ishan Kishan,2,False,-1.0,39,Pune,Maharashtra Cricket Association Stadium,False,True,13,2,2.1666666666666665,14,6.461538461538462,20,162,148,17.833333333333332,8.299065420560748,0,10
2.2,2,2,14,Jaydev Unadkat,Ishan Kishan,1,False,-0.5,39,Pune,Maharashtra Cricket Association Stadium,False,True,14,2,2.3333333333333335,15,6.428571428571428,20,162,147,17.666666666666668,8.320754716981131,0,10
2.3,2,3,15,Jaydev Unadkat,Brendon McCullum,1,False,-0.5,39,Pune,Maharashtra Cricket Association Stadium,False,True,15,2,2.5,16,6.4,20,162,146,17.5,8.342857142857143,0,10
2.4,2,4,16,Jaydev Unadkat,Ishan Kishan,2,False,-1.0,39,Pune,Maharashtra Cricket Association Stadium,False,True,16,2,2.6666666666666665,18,6.75,20,162,144,17.333333333333332,8.307692307692308,0,10
2.5,2,5,17,Jaydev Unadkat,Ishan Kishan,6,False,-3.0,39,Pune,Maharashtra Cricket Association Stadium,False,True,17,2,2.8333333333333335,24,8.470588235294118,20,162,138,17.166666666666668,8.03883495145631,0,10
2.6,2,6,18,Jaydev Unadkat,Ishan Kishan,0,False,1.0,39,Pune,Maharashtra Cricket Association Stadium,False,True,18,2,3.0,24,8.0,20,162,138,17.0,8.117647058823529,0,10
3.1,3,1,19,Washington Sundar,Brendon McCullum,0,False,1.0,39,Pune,Maharashtra Cricket Association Stadium,False,True,19,3,3.1666666666666665,24,7.578947368421053,20,162,138,16.833333333333332,8.198019801980198,0,10
3.2,3,2,20,Washington Sundar,Brendon McCullum,1,False,-0.5,39,Pune,Maharashtra Cricket Association Stadium,False,True,20,3,3.3333333333333335,25,7.5,20,162,137,16.666666666666668,8.219999999999999,0,10
3.3,3,3,21,Washington Sundar,Ishan Kishan,0,False,1.0,39,Pune,Maharashtra Cricket Association Stadium,False,True,21,3,3.5,25,7.142857142857143,20,162,137,16.5,8.303030303030303,0,10
3.4,3,4,22,Washington Sundar,Ishan Kishan,4,False,-2.0,39,Pune,Maharashtra Cricket Association Stadium,False,True,22,3,3.6666666666666665,29,7.909090909090909,20,162,133,16.333333333333332,8.142857142857144,0,10
3.5,3,5,23,Washington Sundar,Ishan Kishan,6,False,-3.0,39,Pune,Maharashtra Cricket Association Stadium,False,True,23,3,3.8333333333333335,35,9.130434782608695,20,162,127,16.166666666666668,7.855670103092783,0,10
3.6,3,6,24,Washington Sundar,Ishan Kishan,0,False,1.0,39,Pune,Maharashtra Cricket Association Stadium,False,True,24,3,4.0,35,8.75,20,162,127,16.0,7.9375,0,10
4.1,4,1,25,Ben Stokes,Brendon McCullum,0,False,1.0,39,Pune,Maharashtra Cricket Association Stadium,False,True,25,4,4.166666666666667,35,8.399999999999999,20,162,127,15.833333333333332,8.021052631578948,0,10
4.2,4,2,26,Ben Stokes,Brendon McCullum,4,False,-2.0,39,Pune,Maharashtra Cricket Association Stadium,False,True,26,4,4.333333333333333,39,9.0,20,162,123,15.666666666666668,7.8510638297872335,0,10
4.3,4,3,27,Ben Stokes,Brendon McCullum,6,False,-3.0,39,Pune,Maharashtra Cricket Association Stadium,False,True,27,4,4.5,45,10.0,20,162,117,15.5,7.548387096774194,0,10
4.4,4,4,28,Ben Stokes,Brendon McCullum,1,False,-0.5,39,Pune,Maharashtra Cricket Association Stadium,False,True,28,4,4.666666666666667,46,9.857142857142856,20,162,116,15.333333333333332,7.565217391304349,0,10
4.5,4,5,29,Ben Stokes,Ishan Kishan,0,False,1.0,39,Pune,Maharashtra Cricket Association Stadium,False,True,29,4,4.833333333333333,46,9.517241379310345,20,162,116,15.166666666666668,7.648351648351648,0,10
4.6,4,6,30,Ben Stokes,Ishan Kishan,0,False,1.0,39,Pune,Maharashtra Cricket Association Stadium,False,True,30,4,5.0,46,9.2,20,162,116,15.0,7.733333333333333,0,10
5.1,5,1,31,Imran Tahir,Brendon McCullum,1,False,-0.5,39,Pune,Maharashtra Cricket Association Stadium,False,True,31,5,5.166666666666667,47,9.096774193548386,20,162,115,14.833333333333332,7.752808988764046,0,10
5.2,5,2,32,Imran Tahir,Ishan Kishan,0,False,1.0,39,Pune,Maharashtra Cricket Association Stadium,False,True,32,5,5.333333333333333,47,8.8125,20,162,115,14.666666666666668,7.84090909090909,0,10
5.3,5,3,33,Imran Tahir,Ishan Kishan,4,False,-2.0,39,Pune,Maharashtra Cricket Association Stadium,False,True,33,5,5.5,51,9.272727272727273,20,162,111,14.5,7.655172413793103,0,10
5.4,5,4,34,Imran Tahir,Ishan Kishan,4,False,-2.0,39,Pune,Maharashtra Cricket Association Stadium,False,True,34,5,5.666666666666667,55,9.705882352941176,20,162,107,14.333333333333332,7.465116279069768,0,10
5.5,5,5,35,Imran Tahir,Ishan Kishan,0,False,1.0,39,Pune,Maharashtra Cricket Association Stadium,False,True,35,5,5.833333333333333,55,9.428571428571429,20,162,107,14.166666666666668,7.552941176470588,0,10
5.6,5,6,36,Imran Tahir,Ishan Kishan,0,True,5.0,39,Pune,Maharashtra Cricket Association Stadium,False,True,36,5,6.0,55,9.166666666666666,20,162,107,14.0,7.642857142857143,1,9
6.1,6,1,37,Shardul Thakur,Brendon McCullum,1,False,-0.5,39,Pune,Maharashtra Cricket Association Stadium,False,True,37,6,6.166666666666667,56,9.08108108108108,20,162,106,13.833333333333332,7.662650602409639,1,9
6.2,6,2,38,Shardul Thakur,Suresh Raina,2,False,-1.0,39,Pune,Maharashtra Cricket Association Stadium,False,True,38,6,6.333333333333333,58,9.157894736842106,20,162,104,13.666666666666668,7.609756097560975,1,9
6.3,6,3,39,Shardul Thakur,Suresh Raina,1,False,-0.5,39,Pune,Maharashtra Cricket Association Stadium,False,True,39,6,6.5,59,9.076923076923077,20,162,103,13.5,7.62962962962963,1,9
6.4,6,4,40,Shardul Thakur,Brendon McCullum,1,False,-1.0,39,Pune,Maharashtra Cricket Association Stadium,True,False,39,6,6.5,60,9.23076923076923,20,162,102,13.5,7.555555555555555,1,9
6.4,6,4,41,Shardul Thakur,Brendon McCullum,4,False,-2.0,39,Pune,Maharashtra Cricket Association Stadium,False,True,40,6,6.666666666666667,64,9.6,20,162,98,13.333333333333332,7.3500000000000005,1,9
6.5,6,5,42,Shardul Thakur,Brendon McCullum,1,False,-0.5,39,Pune,Maharashtra Cricket Association Stadium,False,True,41,6,6.833333333333333,65,9.512195121951219,20,162,97,13.166666666666668,7.367088607594936,1,9
6.6,6,6,43,Shardul Thakur,Suresh Raina,1,False,-0.5,39,Pune,Maharashtra Cricket Association Stadium,False,True,42,6,7.0,66,9.428571428571429,20,162,96,13.0,7.384615384615385,1,9
7.1,7,1,44,Imran Tahir,Suresh Raina,0,False,1.0,39,Pune,Maharashtra Cricket Association Stadium,False,True,43,7,7.166666666666667,66,9.209302325581396,20,162,96,12.833333333333332,7.480519480519481,1,9
7.2,7,2,45,Imran Tahir,Suresh Raina,2,False,-1.0,39,Pune,Maharashtra Cricket Association Stadium,False,True,44,7,7.333333333333333,68,9.272727272727273,20,162,94,12.666666666666668,7.421052631578947,1,9
7.3,7,3,46,Imran Tahir,Suresh Raina,1,False,-0.5,39,Pune,Maharashtra Cricket Association Stadium,False,True,45,7,7.5,69,9.2,20,162,93,12.5,7.44,1,9
7.4,7,4,47,Imran Tahir,Brendon McCullum,1,False,-0.5,39,Pune,Maharashtra Cricket Association Stadium,False,True,46,7,7.666666666666667,70,9.130434782608695,20,162,92,12.333333333333332,7.4594594594594605,1,9
7.5,7,5,48,Imran Tahir,Suresh Raina,0,False,1.0,39,Pune,Maharashtra Cricket Association Stadium,False,True,47,7,7.833333333333333,70,8.936170212765958,20,162,92,12.166666666666668,7.5616438356164375,1,9
7.6,7,6,49,Imran Tahir,Suresh Raina,0,True,5.0,39,Pune,Maharashtra Cricket Association Stadium,False,True,48,7,8.0,70,8.75,20,162,92,12.0,7.666666666666667,2,8
8.1,8,1,50,Dan Christian,Brendon McCullum,1,False,-0.5,39,Pune,Maharashtra Cricket Association Stadium,False,True,49,8,8.166666666666666,71,8.693877551020408,20,162,91,11.833333333333334,7.690140845070422,2,8
8.2,8,2,51,Dan Christian,Aaron Finch,1,False,-1.0,39,Pune,Maharashtra Cricket Association Stadium,True,False,49,8,8.166666666666666,72,8.816326530612246,20,162,90,11.833333333333334,7.605633802816901,2,8
8.2,8,2,52,Dan Christian,Aaron Finch,1,False,-0.5,39,Pune,Maharashtra Cricket Association Stadium,False,True,50,8,8.333333333333334,73,8.76,20,162,89,11.666666666666666,7.628571428571429,2,8
8.3,8,3,53,Dan Christian,Brendon McCullum,1,False,-0.5,39,Pune,Maharashtra Cricket Association Stadium,False,True,51,8,8.5,74,8.705882352941176,20,162,88,11.5,7.6521739130434785,2,8
8.4,8,4,54,Dan Christian,Aaron Finch,4,False,-2.0,39,Pune,Maharashtra Cricket Association Stadium,False,True,52,8,8.666666666666666,78,9.0,20,162,84,11.333333333333334,7.411764705882352,2,8
8.5,8,5,55,Dan Christian,Aaron Finch,1,False,-0.5,39,Pune,Maharashtra Cricket Association Stadium,False,True,53,8,8.833333333333334,79,8.943396226415095,20,162,83,11.166666666666666,7.432835820895523,2,8
8.6,8,6,56,Dan Christian,Brendon McCullum,6,False,-3.0,39,Pune,Maharashtra Cricket Association Stadium,False,True,54,8,9.0,85,9.444444444444445,20,162,77,11.0,7.0,2,8
9.1,9,1,57,Imran Tahir,Aaron Finch,6,False,-3.0,39,Pune,Maharashtra Cricket Association Stadium,False,True,55,9,9.166666666666666,91,9.927272727272728,20,162,71,10.833333333333334,6.553846153846154,2,8
9.2,9,2,58,Imran Tahir,Aaron Finch,1,False,-0.5,39,Pune,Maharashtra Cricket Association Stadium,False,True,56,9,9.333333333333334,92,9.857142857142856,20,162,70,10.666666666666666,6.5625,2,8
9.3,9,3,59,Imran Tahir,Brendon McCullum,0,False,1.0,39,Pune,Maharashtra Cricket Association Stadium,False,True,57,9,9.5,92,9.68421052631579,20,162,70,10.5,6.666666666666667,2,8
9.4,9,4,60,Imran Tahir,Brendon McCullum,1,False,-0.5,39,Pune,Maharashtra Cricket Association Stadium,False,True,58,9,9.666666666666666,93,9.620689655172415,20,162,69,10.333333333333334,6.677419354838709,2,8
9.5,9,5,61,Imran Tahir,Aaron Finch,0,True,5.0,39,Pune,Maharashtra Cricket Association Stadium,False,True,59,9,9.833333333333334,93,9.457627118644067,20,162,69,10.166666666666666,6.786885245901639,3,7
9.6,9,6,62,Imran Tahir,Steven Smith,0,True,5.0,39,Pune,Maharashtra Cricket Association Stadium,False,True,60,9,10.0,93,9.3,20,162,69,10.0,6.9,4,6
10.1,10,1,63,Ben Stokes,Brendon McCullum,4,False,-2.0,39,Pune,Maharashtra Cricket Association Stadium,False,True,61,10,10.166666666666666,97,9.540983606557377,20,162,65,9.833333333333334,6.610169491525423,4,6
10.2,10,2,64,Ben Stokes,Brendon McCullum,0,False,1.0,39,Pune,Maharashtra Cricket Association Stadium,False,True,62,10,10.333333333333334,97,9.387096774193548,20,162,65,9.666666666666666,6.724137931034483,4,6
10.3,10,3,65,Ben Stokes,Brendon McCullum,1,False,-0.5,39,Pune,Maharashtra Cricket Association Stadium,False,True,63,10,10.5,98,9.333333333333334,20,162,64,9.5,6.7368421052631575,4,6
10.4,10,4,66,Ben Stokes,Dinesh Karthik,1,False,-0.5,39,Pune,Maharashtra Cricket Association Stadium,False,True,64,10,10.666666666666666,99,9.28125,20,162,63,9.333333333333334,6.75,4,6
10.5,10,5,67,Ben Stokes,Brendon McCullum,1,False,-0.25,39,Pune,Maharashtra Cricket Association Stadium,False,True,65,10,10.833333333333334,100,9.23076923076923,20,162,62,9.166666666666666,6.763636363636364,4,6
10.6,10,6,68,Ben Stokes,Dinesh Karthik,0,False,1.0,39,Pune,Maharashtra Cricket Association Stadium,False,True,66,10,11.0,100,9.090909090909092,20,162,62,9.0,6.888888888888889,4,6
11.1,11,1,69,Shardul Thakur,Brendon McCullum,1,False,-0.5,39,Pune,Maharashtra Cricket Association Stadium,False,True,67,11,11.166666666666666,101,9.044776119402986,20,162,61,8.833333333333334,6.90566037735849,4,6
11.2,11,2,70,Shardul Thakur,Dinesh Karthik,2,False,-1.0,39,Pune,Maharashtra Cricket Association Stadium,False,True,68,11,11.333333333333334,103,9.088235294117647,20,162,59,8.666666666666666,6.807692307692308,4,6
11.3,11,3,71,Shardul Thakur,Dinesh Karthik,4,False,-2.0,39,Pune,Maharashtra Cricket Association Stadium,False,True,69,11,11.5,107,9.304347826086957,20,162,55,8.5,6.470588235294118,4,6
11.4,11,4,72,Shardul Thakur,Dinesh Karthik,1,False,-0.5,39,Pune,Maharashtra Cricket Association Stadium,False,True,70,11,11.666666666666666,108,9.257142857142858,20,162,54,8.333333333333334,6.4799999999999995,4,6
11.5,11,5,73,Shardul Thakur,Brendon McCullum,0,True,5.0,39,Pune,Maharashtra Cricket Association Stadium,False,True,71,11,11.833333333333334,108,9.126760563380282,20,162,54,8.166666666666666,6.612244897959184,5,5
11.6,11,6,74,Shardul Thakur,Dinesh Karthik,0,False,1.0,39,Pune,Maharashtra Cricket Association Stadium,False,True,72,11,12.0,108,9.0,20,162,54,8.0,6.75,5,5
12.1,12,1,75,Ben Stokes,Ravindra Jadeja,1,False,-0.5,39,Pune,Maharashtra Cricket Association Stadium,False,True,73,12,12.166666666666666,109,8.958904109589042,20,162,53,7.833333333333334,6.76595744680851,5,5
12.2,12,2,76,Ben Stokes,Dinesh Karthik,1,False,-0.5,39,Pune,Maharashtra Cricket Association Stadium,False,True,74,12,12.333333333333334,110,8.91891891891892,20,162,52,7.666666666666666,6.782608695652175,5,5
12.3,12,3,77,Ben Stokes,Ravindra Jadeja,2,False,-1.0,39,Pune,Maharashtra Cricket Association Stadium,False,True,75,12,12.5,112,8.96,20,162,50,7.5,6.666666666666667,5,5
12.4,12,4,78,Ben Stokes,Ravindra Jadeja,4,False,-2.0,39,Pune,Maharashtra Cricket Association Stadium,False,True,76,12,12.666666666666666,116,9.157894736842106,20,162,46,7.333333333333334,6.2727272727272725,5,5
12.5,12,5,79,Ben Stokes,Ravindra Jadeja,0,False,1.0,39,Pune,Maharashtra Cricket Association Stadium,False,True,77,12,12.833333333333334,116,9.03896103896104,20,162,46,7.166666666666666,6.418604651162791,5,5
12.6,12,6,80,Ben Stokes,Ravindra Jadeja,4,False,-2.0,39,Pune,Maharashtra Cricket Association Stadium,False,True,78,12,13.0,120,9.23076923076923,20,162,42,7.0,6.0,5,5
13.1,13,1,81,Shardul Thakur,Dinesh Karthik,1,False,-0.5,39,Pune,Maharashtra Cricket Association Stadium,False,True,79,13,13.166666666666666,121,9.18987341772152,20,162,41,6.833333333333334,5.999999999999999,5,5
13.2,13,2,82,Shardul Thakur,Ravindra Jadeja,1,False,-0.5,39,Pune,Maharashtra Cricket Association Stadium,False,True,80,13,13.333333333333334,122,9.15,20,162,40,6.666666666666666,6.000000000000001,5,5
13.3,13,3,83,Shardul Thakur,Dinesh Karthik,1,False,-0.25,39,Pune,Maharashtra Cricket Association Stadium,False,True,81,13,13.5,123,9.11111111111111,20,162,39,6.5,6.0,5,5
13.4,13,4,84,Shardul Thakur,Ravindra Jadeja,4,False,-2.0,39,Pune,Maharashtra Cricket Association Stadium,False,True,82,13,13.666666666666666,127,9.292682926829269,20,162,35,6.333333333333334,5.526315789473684,5,5
13.5,13,5,85,Shardul Thakur,Ravindra Jadeja,0,False,1.0,39,Pune,Maharashtra Cricket Association Stadium,False,True,83,13,13.833333333333334,127,9.180722891566266,20,162,35,6.166666666666666,5.675675675675676,5,5
13.6,13,6,86,Shardul Thakur,Ravindra Jadeja,0,False,1.0,39,Pune,Maharashtra Cricket Association Stadium,False,True,84,13,14.0,127,9.071428571428571,20,162,35,6.0,5.833333333333333,5,5
14.1,14,1,87,Dan Christian,Dinesh Karthik,2,False,-1.0,39,Pune,Maharashtra Cricket Association Stadium,False,True,85,14,14.166666666666666,129,9.105882352941176,20,162,33,5.833333333333334,5.657142857142857,5,5
14.2,14,2,88,Dan Christian,Dinesh Karthik,1,False,-0.5,39,Pune,Maharashtra Cricket Association Stadium,False,True,86,14,14.333333333333334,130,9.069767441860465,20,162,32,5.666666666666666,5.647058823529412,5,5
14.3,14,3,89,Dan Christian,Ravindra Jadeja,2,False,-1.0,39,Pune,Maharashtra Cricket Association Stadium,False,True,87,14,14.5,132,9.10344827586207,20,162,30,5.5,5.454545454545454,5,5
14.4,14,4,90,Dan Christian,Ravindra Jadeja,1,False,-0.5,39,Pune,Maharashtra Cricket Association Stadium,False,True,88,14,14.666666666666666,133,9.068181818181818,20,162,29,5.333333333333334,5.437499999999999,5,5
14.5,14,5,91,Dan Christian,Dinesh Karthik,1,False,-0.5,39,Pune,Maharashtra Cricket Association Stadium,False,True,89,14,14.833333333333334,134,9.03370786516854,20,162,28,5.166666666666666,5.419354838709678,5,5
14.6,14,6,92,Dan Christian,Ravindra Jadeja,0,True,5.0,39,Pune,Maharashtra Cricket Association Stadium,False,True,90,14,15.0,134,8.933333333333334,20,162,28,5.0,5.6,6,4
15.1,15,1,93,Imran Tahir,Dinesh Karthik,0,False,1.0,39,Pune,Maharashtra Cricket Association Stadium,False,True,91,15,15.166666666666666,134,8.835164835164836,20,162,28,4.833333333333334,5.793103448275861,6,4
15.2,15,2,94,Imran Tahir,Dinesh Karthik,1,False,-0.5,39,Pune,Maharashtra Cricket Association Stadium,False,True,92,15,15.333333333333334,135,8.804347826086957,20,162,27,4.666666666666666,5.7857142857142865,6,4
15.3,15,3,95,Imran Tahir,James Faulkner,1,False,-0.5,39,Pune,Maharashtra Cricket Association Stadium,False,True,93,15,15.5,136,8.774193548387096,20,162,26,4.5,5.777777777777778,6,4
15.4,15,4,96,Imran Tahir,Dinesh Karthik,1,False,-0.5,39,Pune,Maharashtra Cricket Association Stadium,False,True,94,15,15.666666666666666,137,8.74468085106383,20,162,25,4.333333333333334,5.769230769230768,6,4
15.5,15,5,97,Imran Tahir,James Faulkner,1,False,-0.5,39,Pune,Maharashtra Cricket Association Stadium,False,True,95,15,15.833333333333334,138,8.715789473684211,20,162,24,4.166666666666666,5.760000000000001,6,4
15.6,15,6,98,Imran Tahir,Dinesh Karthik,1,False,-0.5,39,Pune,Maharashtra Cricket Association Stadium,False,True,96,15,16.0,139,8.6875,20,162,23,4.0,5.75,6,4
16.1,16,1,99,Dan Christian,Dinesh Karthik,1,False,-0.5,39,Pune,Maharashtra Cricket Association Stadium,False,True,97,16,16.166666666666668,140,8.65979381443299,20,162,22,3.833333333333332,5.73913043478261,6,4
16.2,16,2,100,Dan Christian,James Faulkner,2,False,-1.0,39,Pune,Maharashtra Cricket Association Stadium,False,True,98,16,16.333333333333332,142,8.693877551020408,20,162,20,3.666666666666668,5.454545454545452,6,4
16.3,16,3,101,Dan Christian,James Faulkner,1,False,-0.5,39,Pune,Maharashtra Cricket Association Stadium,False,True,99,16,16.5,143,8.666666666666666,20,162,19,3.5,5.428571428571429,6,4
16.4,16,4,102,Dan Christian,Dinesh Karthik,1,False,-0.25,39,Pune,Maharashtra Cricket Association Stadium,False,True,100,16,16.666666666666668,144,8.639999999999999,20,162,18,3.333333333333332,5.400000000000002,6,4
16.5,16,5,103,Dan Christian,James Faulkner,1,False,-0.5,39,Pune,Maharashtra Cricket Association Stadium,False,True,101,16,16.833333333333332,145,8.613861386138614,20,162,17,3.166666666666668,5.368421052631577,6,4
16.6,16,6,104,Dan Christian,Dinesh Karthik,0,False,1.0,39,Pune,Maharashtra Cricket Association Stadium,False,True,102,16,17.0,145,8.529411764705882,20,162,17,3.0,5.666666666666667,6,4
17.1,17,1,105,Jaydev Unadkat,James Faulkner,0,False,1.0,39,Pune,Maharashtra Cricket Association Stadium,False,True,103,17,17.166666666666668,145,8.446601941747572,20,162,17,2.833333333333332,6.000000000000003,6,4
17.2,17,2,106,Jaydev Unadkat,James Faulkner,0,True,5.0,39,Pune,Maharashtra Cricket Association Stadium,False,True,104,17,17.333333333333332,145,8.365384615384617,20,162,17,2.666666666666668,6.374999999999997,7,3
17.3,17,3,107,Jaydev Unadkat,Pradeep Sangwan,1,False,-0.5,39,Pune,Maharashtra Cricket Association Stadium,False,True,105,17,17.5,146,8.342857142857143,20,162,16,2.5,6.4,7,3
17.4,17,4,108,Jaydev Unadkat,Dinesh Karthik,1,False,-0.5,39,Pune,Maharashtra Cricket Association Stadium,False,True,106,17,17.666666666666668,147,8.320754716981131,20,162,15,2.333333333333332,6.4285714285714315,7,3
17.5,17,5,109,Jaydev Unadkat,Pradeep Sangwan,0,True,5.0,39,Pune,Maharashtra Cricket Association Stadium,False,True,107,17,17.833333333333332,147,8.242990654205608,20,162,15,2.166666666666668,6.923076923076919,8,2
17.6,17,6,110,Jaydev Unadkat,Dinesh Karthik,0,False,1.0,39,Pune,Maharashtra Cricket Association Stadium,False,True,108,17,18.0,147,8.166666666666666,20,162,15,2.0,7.5,8,2
18.1,18,1,111,Ben Stokes,Basil Thampi,0,False,1.0,39,Pune,Maharashtra Cricket Association Stadium,False,True,109,18,18.166666666666668,147,8.091743119266054,20,162,15,1.8333333333333321,8.181818181818187,8,2
18.2,18,2,112,Ben Stokes,Basil Thampi,0,False,1.0,39,Pune,Maharashtra Cricket Association Stadium,False,True,110,18,18.333333333333332,147,8.01818181818182,20,162,15,1.6666666666666679,8.999999999999993,8,2
18.3,18,3,113,Ben Stokes,Basil Thampi,1,False,-0.5,39,Pune,Maharashtra Cricket Association Stadium,False,True,111,18,18.5,148,8.0,20,162,14,1.5,9.333333333333334,8,2
18.4,18,4,114,Ben Stokes,Dinesh Karthik,2,False,-1.0,39,Pune,Maharashtra Cricket Association Stadium,False,True,112,18,18.666666666666668,150,8.035714285714285,20,162,12,1.3333333333333321,9.000000000000009,8,2
18.5,18,5,115,Ben Stokes,Dinesh Karthik,4,False,-2.0,39,Pune,Maharashtra Cricket Association Stadium,False,True,113,18,18.833333333333332,154,8.176991150442479,20,162,8,1.1666666666666679,6.8571428571428505,8,2
18.6,18,6,116,Ben Stokes,Dinesh Karthik,0,False,1.0,39,Pune,Maharashtra Cricket Association Stadium,False,True,114,18,19.0,154,8.105263157894736,20,162,8,1.0,8.0,8,2
19.1,19,1,117,Jaydev Unadkat,Basil Thampi,1,False,-0.5,39,Pune,Maharashtra Cricket Association Stadium,False,True,115,19,19.166666666666668,155,8.08695652173913,20,162,7,0.8333333333333321,8.400000000000013,8,2
19.2,19,2,118,Jaydev Unadkat,Dinesh Karthik,4,False,-2.0,39,Pune,Maharashtra Cricket Association Stadium,False,True,116,19,19.333333333333332,159,8.224137931034484,20,162,3,0.6666666666666679,4.499999999999992,8,2
19.3,19,3,119,Jaydev Unadkat,Dinesh Karthik,1,False,-0.25,39,Pune,Maharashtra Cricket Association Stadium,False,True,117,19,19.5,160,8.205128205128204,20,162,2,0.5,4.0,8,2
19.4,19,4,120,Jaydev Unadkat,Basil Thampi,0,True,5.0,39,Pune,Maharashtra Cricket Association Stadium,False,True,118,19,19.666666666666668,160,8.135593220338983,20,162,2,0.33333333333333215,6.000000000000021,9,1
19.5,19,5,121,Jaydev Unadkat,Ankit Soni,0,True,5.0,39,Pune,Maharashtra Cricket Association Stadium,False,True,119,19,19.833333333333332,160,8.067226890756302,20,162,2,0.16666666666666785,11.999999999999915,10,0
