Ball Number,over,ball,Ball,bowler,batsman,Runs,is_wicket,bowler_score,match_id,city,stadium,is_extra,legal_delivery,legal_deliveries_count,overs_completed,overs_bowled,total_runs,current_run_rate,total_overs,target,runs_needed,overs_remaining,required_run_rate,wickets_fallen,wickets_in_hand
0.1,0,1,1,Praveen Kumar,Gautam Gambhir,1,False,-0.5,3,Rajkot,Saurashtra Cricket Association Stadium,False,True,1,0,0.16666666666666666,1,6.0,20,184,183,19.833333333333332,9.226890756302522,0,10
0.2,0,2,2,Praveen Kumar,Chris Lynn,0,False,1.0,3,Rajkot,Saurashtra Cricket Association Stadium,False,True,2,0,0.3333333333333333,1,3.0,20,184,183,19.666666666666668,9.305084745762711,0,10
0.3,0,3,3,Praveen Kumar,Chris Lynn,1,False,-0.5,3,Rajkot,Saurashtra Cricket Association Stadium,False,True,3,0,0.5,2,4.0,20,184,182,19.5,9.333333333333334,0,10
0.4,0,4,4,Praveen Kumar,Gautam Gambhir,0,False,1.0,3,Rajkot,Saurashtra Cricket Association Stadium,False,True,4,0,0.6666666666666666,2,3.0,20,184,182,19.333333333333332,9.413793103448276,0,10
0.5,0,5,5,Praveen Kumar,Gautam Gambhir,1,False,-0.5,3,Rajkot,Saurashtra Cricket Association Stadium,False,True,5,0,0.8333333333333334,3,3.5999999999999996,20,184,181,19.166666666666668,9.443478260869565,0,10
0.6,0,6,6,Praveen Kumar,Chris Lynn,4,False,-2.0,3,Rajkot,Saurashtra Cricket Association Stadium,False,True,6,0,1.0,7,7.0,20,184,177,19.0,9.31578947368421,0,10
1.1,1,1,7,Dhawal Kulkarni,Gautam Gambhir,1,False,-0.5,3,Rajkot,Saurashtra Cricket Association Stadium,False,True,7,1,1.1666666666666667,8,6.857142857142857,20,184,176,18.833333333333332,9.345132743362832,0,10
1.2,1,2,8,Dhawal Kulkarni,Chris Lynn,6,False,-3.0,3,Rajkot,Saurashtra Cricket Association Stadium,False,True,8,1,1.3333333333333333,14,10.5,20,184,170,18.666666666666668,9.107142857142856,0,10
1.3,1,3,9,Dhawal Kulkarni,Chris Lynn,1,False,-0.5,3,Rajkot,Saurashtra Cricket Association Stadium,False,True,9,1,1.5,15,10.0,20,184,169,18.5,9.135135135135135,0,10
1.4,1,4,10,Dhawal Kulkarni,Gautam Gambhir,4,False,-2.0,3,Rajkot,Saurashtra Cricket Association Stadium,False,True,10,1,1.6666666666666665,19,11.4,20,184,165,18.333333333333332,9.0,0,10
1.5,1,5,11,Dhawal Kulkarni,Gautam Gambhir,0,False,1.0,3,Rajkot,Saurashtra Cricket Association Stadium,False,True,11,1,1.8333333333333335,19,10.363636363636363,20,184,165,18.166666666666668,9.082568807339449,0,10
1.6,1,6,12,Dhawal Kulkarni,Gautam Gambhir,1,False,-0.5,3,Rajkot,Saurashtra Cricket Association Stadium,False,True,12,1,2.0,20,10.0,20,184,164,18.0,9.11111111111111,0,10
2.1,2,1,13,Manpreet Gony,Gautam Gambhir,4,False,-2.0,3,Rajkot,Saurashtra Cricket Association Stadium,False,True,13,2,2.1666666666666665,24,11.076923076923078,20,184,160,17.833333333333332,8.971962616822431,0,10
2.2,2,2,14,Manpreet Gony,Gautam Gambhir,1,False,-0.5,3,Rajkot,Saurashtra Cricket Association Stadium,False,True,14,2,2.3333333333333335,25,10.714285714285714,20,184,159,17.666666666666668,9.0,0,10
2.3,2,3,15,Manpreet Gony,Chris Lynn,4,False,-2.0,3,Rajkot,Saurashtra Cricket Association Stadium,False,True,15,2,2.5,29,11.6,20,184,155,17.5,8.857142857142858,0,10
2.3,2,3,16,Manpreet Gony,Chris Lynn,1,False,-1.0,3,Rajkot,Saurashtra Cricket Association Stadium,True,False,15,2,2.5,30,12.0,20,184,154,17.5,8.8,0,10
2.4,2,4,17,Manpreet Gony,Chris Lynn,6,False,-3.0,3,Rajkot,Saurashtra Cricket Association Stadium,False,True,16,2,2.6666666666666665,36,13.5,20,184,148,17.333333333333332,8.538461538461538,0,10
2.5,2,5,18,Manpreet Gony,Chris Lynn,0,False,1.0,3,Rajkot,Saurashtra Cricket Association Stadium,False,True,17,2,2.8333333333333335,36,12.705882352941176,20,184,148,17.166666666666668,8.62135922330097,0,10
2.6,2,6,19,Manpreet Gony,Chris Lynn,1,False,-1.0,3,Rajkot,Saurashtra Cricket Association Stadium,True,False,17,2,2.8333333333333335,37,13.058823529411764,20,184,147,17.166666666666668,8.563106796116504,0,10
2.6,2,6,20,Manpreet Gony,Chris Lynn,0,False,1.0,3,Rajkot,Saurashtra Cricket Association Stadium,False,True,18,2,3.0,37,12.333333333333334,20,184,147,17.0,8.647058823529411,0,10
3.1,3,1,21,Shivil Kaushik,Gautam Gambhir,4,False,-2.0,3,Rajkot,Saurashtra Cricket Association Stadium,False,True,19,3,3.1666666666666665,41,12.947368421052632,20,184,143,16.833333333333332,8.495049504950495,0,10
3.2,3,2,22,Shivil Kaushik,Gautam Gambhir,0,False,1.0,3,Rajkot,Saurashtra Cricket Association Stadium,False,True,20,3,3.3333333333333335,41,12.299999999999999,20,184,143,16.666666666666668,8.58,0,10
3.3,3,3,23,Shivil Kaushik,Gautam Gambhir,1,False,-0.5,3,Rajkot,Saurashtra Cricket Association Stadium,False,True,21,3,3.5,42,12.0,20,184,142,16.5,8.606060606060606,0,10
3.4,3,4,24,Shivil Kaushik,Chris Lynn,0,False,1.0,3,Rajkot,Saurashtra Cricket Association Stadium,False,True,22,3,3.6666666666666665,42,11.454545454545455,20,184,142,16.333333333333332,8.693877551020408,0,10
3.5,3,5,25,Shivil Kaushik,Chris Lynn,0,False,1.0,3,Rajkot,Saurashtra Cricket Association Stadium,False,True,23,3,3.8333333333333335,42,10.956521739130434,20,184,142,16.166666666666668,8.783505154639174,0,10
3.6,3,6,26,Shivil Kaushik,Chris Lynn,4,False,-2.0,3,Rajkot,Saurashtra Cricket Association Stadium,False,True,24,3,4.0,46,11.5,20,184,138,16.0,8.625,0,10
4.1,4,1,27,Dhawal Kulkarni,Gautam Gambhir,0,False,1.0,3,Rajkot,Saurashtra Cricket Association Stadium,False,True,25,4,4.166666666666667,46,11.04,20,184,138,15.833333333333332,8.715789473684211,0,10
4.2,4,2,28,Dhawal Kulkarni,Gautam Gambhir,0,False,1.0,3,Rajkot,Saurashtra Cricket Association Stadium,False,True,26,4,4.333333333333333,46,10.615384615384617,20,184,138,15.666666666666668,8.808510638297872,0,10
4.3,4,3,29,Dhawal Kulkarni,Gautam Gambhir,1,False,-0.5,3,Rajkot,Saurashtra Cricket Association Stadium,False,True,27,4,4.5,47,10.444444444444445,20,184,137,15.5,8.838709677419354,0,10
4.4,4,4,30,Dhawal Kulkarni,Chris Lynn,1,False,-0.5,3,Rajkot,Saurashtra Cricket Association Stadium,False,True,28,4,4.666666666666667,48,10.285714285714285,20,184,136,15.333333333333332,8.869565217391305,0,10
4.5,4,5,31,Dhawal Kulkarni,Gautam Gambhir,4,False,-2.0,3,Rajkot,Saurashtra Cricket Association Stadium,False,True,29,4,4.833333333333333,52,10.758620689655173,20,184,132,15.166666666666668,8.703296703296703,0,10
4.6,4,6,32,Dhawal Kulkarni,Gautam Gambhir,1,False,-0.5,3,Rajkot,Saurashtra Cricket Association Stadium,False,True,30,4,5.0,53,10.6,20,184,131,15.0,8.733333333333333,0,10
5.1,5,1,33,Shivil Kaushik,Gautam Gambhir,4,False,-2.0,3,Rajkot,Saurashtra Cricket Association Stadium,False,True,31,5,5.166666666666667,57,11.032258064516128,20,184,127,14.833333333333332,8.561797752808989,0,10
5.2,5,2,34,Shivil Kaushik,Gautam Gambhir,4,False,-0.25,3,Rajkot,Saurashtra Cricket Association Stadium,False,True,32,5,5.333333333333333,61,11.4375,20,184,123,14.666666666666668,8.386363636363635,0,10
5.3,5,3,35,Shivil Kaushik,Gautam Gambhir,0,False,1.0,3,Rajkot,Saurashtra Cricket Association Stadium,False,True,33,5,5.5,61,11.090909090909092,20,184,123,14.5,8.482758620689655,0,10
5.4,5,4,36,Shivil Kaushik,Gautam Gambhir,4,False,-2.0,3,Rajkot,Saurashtra Cricket Association Stadium,False,True,34,5,5.666666666666667,65,11.470588235294118,20,184,119,14.333333333333332,8.30232558139535,0,10
5.5,5,5,37,Shivil Kaushik,Gautam Gambhir,4,False,-2.0,3,Rajkot,Saurashtra Cricket Association Stadium,False,True,35,5,5.833333333333333,69,11.82857142857143,20,184,115,14.166666666666668,8.117647058823529,0,10
5.6,5,6,38,Shivil Kaushik,Gautam Gambhir,4,False,-2.0,3,Rajkot,Saurashtra Cricket Association Stadium,False,True,36,5,6.0,73,12.166666666666666,20,184,111,14.0,7.928571428571429,0,10
6.1,6,1,39,Dwayne Smith,Chris Lynn,6,False,-3.0,3,Rajkot,Saurashtra Cricket Association Stadium,False,True,37,6,6.166666666666667,79,12.81081081081081,20,184,105,13.833333333333332,7.590361445783133,0,10
6.2,6,2,40,Dwayne Smith,Chris Lynn,4,False,-2.0,3,Rajkot,Saurashtra Cricket Association Stadium,False,True,38,6,6.333333333333333,83,13.105263157894738,20,184,101,13.666666666666668,7.390243902439024,0,10
6.3,6,3,41,Dwayne Smith,Chris Lynn,0,False,1.0,3,Rajkot,Saurashtra Cricket Association Stadium,False,True,39,6,6.5,83,12.76923076923077,20,184,101,13.5,7.481481481481482,0,10
6.4,6,4,42,Dwayne Smith,Chris Lynn,6,False,-3.0,3,Rajkot,Saurashtra Cricket Association Stadium,False,True,40,6,6.666666666666667,89,13.35,20,184,95,13.333333333333332,7.125000000000001,0,10
6.5,6,5,43,Dwayne Smith,Chris Lynn,6,False,-3.0,3,Rajkot,Saurashtra Cricket Association Stadium,False,True,41,6,6.833333333333333,95,13.902439024390244,20,184,89,13.166666666666668,6.7594936708860756,0,10
6.6,6,6,44,Dwayne Smith,Chris Lynn,1,False,-0.5,3,Rajkot,Saurashtra Cricket Association Stadium,False,True,42,6,7.0,96,13.714285714285714,20,184,88,13.0,6.769230769230769,0,10
7.1,7,1,45,Shadab Jakati,Chris Lynn,1,False,-0.5,3,Rajkot,Saurashtra Cricket Association Stadium,False,True,43,7,7.166666666666667,97,13.534883720930232,20,184,87,12.833333333333332,6.77922077922078,0,10
7.2,7,2,46,Shadab Jakati,Gautam Gambhir,1,False,-0.5,3,Rajkot,Saurashtra Cricket Association Stadium,False,True,44,7,7.333333333333333,98,13.363636363636363,20,184,86,12.666666666666668,6.789473684210526,0,10
7.3,7,3,47,Shadab Jakati,Chris Lynn,1,False,-0.5,3,Rajkot,Saurashtra Cricket Association Stadium,False,True,45,7,7.5,99,13.2,20,184,85,12.5,6.8,0,10
7.4,7,4,48,Shadab Jakati,Gautam Gambhir,2,False,-1.0,3,Rajkot,Saurashtra Cricket Association Stadium,False,True,46,7,7.666666666666667,101,13.17391304347826,20,184,83,12.333333333333332,6.729729729729731,0,10
7.5,7,5,49,Shadab Jakati,Gautam Gambhir,2,False,-1.0,3,Rajkot,Saurashtra Cricket Association Stadium,False,True,47,7,7.833333333333333,103,13.148936170212766,20,184,81,12.166666666666668,6.6575342465753415,0,10
7.6,7,6,50,Shadab Jakati,Gautam Gambhir,0,False,1.0,3,Rajkot,Saurashtra Cricket Association Stadium,False,True,48,7,8.0,103,12.875,20,184,81,12.0,6.75,0,10
8.1,8,1,51,Shivil Kaushik,Chris Lynn,4,False,-2.0,3,Rajkot,Saurashtra Cricket Association Stadium,False,True,49,8,8.166666666666666,107,13.102040816326532,20,184,77,11.833333333333334,6.507042253521126,0,10
8.2,8,2,52,N/A,N/A,0,False,0.0,3,Rajkot,Saurashtra Cricket Association Stadium,False,True,50,8,8.333333333333334,107,12.84,20,184,77,11.666666666666666,6.6000000000000005,0,10
8.3,8,3,53,Shivil Kaushik,Gautam Gambhir,0,False,1.0,3,Rajkot,Saurashtra Cricket Association Stadium,False,True,51,8,8.5,107,12.588235294117647,20,184,77,11.5,6.695652173913044,0,10
8.4,8,4,54,Shivil Kaushik,Gautam Gambhir,1,False,-0.5,3,Rajkot,Saurashtra Cricket Association Stadium,False,True,52,8,8.666666666666666,108,12.461538461538462,20,184,76,11.333333333333334,6.705882352941176,0,10
8.5,8,5,55,Shivil Kaushik,Chris Lynn,0,False,1.0,3,Rajkot,Saurashtra Cricket Association Stadium,False,True,53,8,8.833333333333334,108,12.226415094339622,20,184,76,11.166666666666666,6.8059701492537314,0,10
8.6,8,6,56,Shivil Kaushik,Chris Lynn,0,False,1.0,3,Rajkot,Saurashtra Cricket Association Stadium,False,True,54,8,9.0,108,12.0,20,184,76,11.0,6.909090909090909,0,10
9.1,9,1,57,Shadab Jakati,Gautam Gambhir,2,False,-1.0,3,Rajkot,Saurashtra Cricket Association Stadium,False,True,55,9,9.166666666666666,110,12.0,20,184,74,10.833333333333334,6.8307692307692305,0,10
9.2,9,2,58,Shadab Jakati,Gautam Gambhir,0,False,1.0,3,Rajkot,Saurashtra Cricket Association Stadium,False,True,56,9,9.333333333333334,110,11.785714285714285,20,184,74,10.666666666666666,6.9375,0,10
9.3,9,3,59,Shadab Jakati,Gautam Gambhir,1,False,-0.5,3,Rajkot,Saurashtra Cricket Association Stadium,False,True,57,9,9.5,111,11.68421052631579,20,184,73,10.5,6.9523809523809526,0,10
9.4,9,4,60,Shadab Jakati,Chris Lynn,2,False,-1.0,3,Rajkot,Saurashtra Cricket Association Stadium,False,True,58,9,9.666666666666666,113,11.689655172413794,20,184,71,10.333333333333334,6.870967741935483,0,10
9.5,9,5,61,Shadab Jakati,Chris Lynn,1,False,-0.5,3,Rajkot,Saurashtra Cricket Association Stadium,False,True,59,9,9.833333333333334,114,11.59322033898305,20,184,70,10.166666666666666,6.885245901639345,0,10
9.6,9,6,62,Shadab Jakati,Gautam Gambhir,1,False,-0.5,3,Rajkot,Saurashtra Cricket Association Stadium,False,True,60,9,10.0,115,11.5,20,184,69,10.0,6.9,0,10
10.1,10,1,63,Manpreet Gony,Gautam Gambhir,0,False,1.0,3,Rajkot,Saurashtra Cricket Association Stadium,False,True,61,10,10.166666666666666,115,11.311475409836067,20,184,69,9.833333333333334,7.016949152542373,0,10
10.1,10,1,64,Manpreet Gony,Gautam Gambhir,1,False,-1.0,3,Rajkot,Saurashtra Cricket Association Stadium,True,False,61,10,10.166666666666666,116,11.40983606557377,20,184,68,9.833333333333334,6.915254237288135,0,10
10.2,10,2,65,Manpreet Gony,Gautam Gambhir,2,False,-1.0,3,Rajkot,Saurashtra Cricket Association Stadium,False,True,62,10,10.333333333333334,118,11.419354838709676,20,184,66,9.666666666666666,6.8275862068965525,0,10
10.3,10,3,66,Manpreet Gony,Gautam Gambhir,4,False,-2.0,3,Rajkot,Saurashtra Cricket Association Stadium,False,True,63,10,10.5,122,11.619047619047619,20,184,62,9.5,6.526315789473684,0,10
10.4,10,4,67,Manpreet Gony,Gautam Gambhir,0,False,1.0,3,Rajkot,Saurashtra Cricket Association Stadium,False,True,64,10,10.666666666666666,122,11.4375,20,184,62,9.333333333333334,6.642857142857142,0,10
10.5,10,5,68,Manpreet Gony,Gautam Gambhir,4,False,-2.0,3,Rajkot,Saurashtra Cricket Association Stadium,False,True,65,10,10.833333333333334,126,11.63076923076923,20,184,58,9.166666666666666,6.327272727272728,0,10
10.6,10,6,69,Manpreet Gony,Gautam Gambhir,4,False,-2.0,3,Rajkot,Saurashtra Cricket Association Stadium,False,True,66,10,11.0,130,11.818181818181818,20,184,54,9.0,6.0,0,10
11.1,11,1,70,Shadab Jakati,Chris Lynn,5,False,-1.0,3,Rajkot,Saurashtra Cricket Association Stadium,True,False,66,10,11.0,135,12.272727272727273,20,184,49,9.0,5.444444444444445,0,10
11.1,11,1,71,Shadab Jakati,Chris Lynn,1,False,-0.5,3,Rajkot,Saurashtra Cricket Association Stadium,False,True,67,11,11.166666666666666,136,12.179104477611942,20,184,48,8.833333333333334,5.433962264150943,0,10
11.2,11,2,72,Shadab Jakati,Gautam Gambhir,4,False,-2.0,3,Rajkot,Saurashtra Cricket Association Stadium,False,True,68,11,11.333333333333334,140,12.352941176470587,20,184,44,8.666666666666666,5.0769230769230775,0,10
11.3,11,3,73,Shadab Jakati,Gautam Gambhir,1,False,-0.5,3,Rajkot,Saurashtra Cricket Association Stadium,False,True,69,11,11.5,141,12.26086956521739,20,184,43,8.5,5.0588235294117645,0,10
11.4,11,4,74,Shadab Jakati,Chris Lynn,1,False,-0.5,3,Rajkot,Saurashtra Cricket Association Stadium,False,True,70,11,11.666666666666666,142,12.171428571428573,20,184,42,8.333333333333334,5.04,0,10
11.5,11,5,75,Shadab Jakati,Gautam Gambhir,2,False,-1.0,3,Rajkot,Saurashtra Cricket Association Stadium,False,True,71,11,11.833333333333334,144,12.169014084507042,20,184,40,8.166666666666666,4.8979591836734695,0,10
11.6,11,6,76,Shadab Jakati,Gautam Gambhir,1,False,-1.0,3,Rajkot,Saurashtra Cricket Association Stadium,True,False,71,11,11.833333333333334,145,12.253521126760562,20,184,39,8.166666666666666,4.775510204081633,0,10
11.6,11,6,77,Shadab Jakati,Gautam Gambhir,1,False,-0.5,3,Rajkot,Saurashtra Cricket Association Stadium,False,True,72,11,12.0,146,12.166666666666666,20,184,38,8.0,4.75,0,10
12.1,12,1,78,Praveen Kumar,Gautam Gambhir,1,False,-0.5,3,Rajkot,Saurashtra Cricket Association Stadium,False,True,73,12,12.166666666666666,147,12.082191780821919,20,184,37,7.833333333333334,4.723404255319148,0,10
12.2,12,2,79,Praveen Kumar,Chris Lynn,1,False,-0.5,3,Rajkot,Saurashtra Cricket Association Stadium,False,True,74,12,12.333333333333334,148,12.0,20,184,36,7.666666666666666,4.695652173913044,0,10
12.3,12,3,80,Praveen Kumar,Gautam Gambhir,1,False,-0.5,3,Rajkot,Saurashtra Cricket Association Stadium,False,True,75,12,12.5,149,11.92,20,184,35,7.5,4.666666666666667,0,10
12.4,12,4,81,Praveen Kumar,Chris Lynn,1,False,-0.5,3,Rajkot,Saurashtra Cricket Association Stadium,False,True,76,12,12.666666666666666,150,11.842105263157896,20,184,34,7.333333333333334,4.636363636363636,0,10
12.5,12,5,82,Praveen Kumar,Gautam Gambhir,1,False,-0.5,3,Rajkot,Saurashtra Cricket Association Stadium,False,True,77,12,12.833333333333334,151,11.766233766233766,20,184,33,7.166666666666666,4.604651162790698,0,10
12.6,12,6,83,Praveen Kumar,Chris Lynn,1,False,-0.5,3,Rajkot,Saurashtra Cricket Association Stadium,False,True,78,12,13.0,152,11.692307692307692,20,184,32,7.0,4.571428571428571,0,10
13.1,13,1,84,Shivil Kaushik,Chris Lynn,6,False,-3.0,3,Rajkot,Saurashtra Cricket Association Stadium,False,True,79,13,13.166666666666666,158,12.0,20,184,26,6.833333333333334,3.8048780487804876,0,10
13.2,13,2,85,Shivil Kaushik,Chris Lynn,1,False,-0.5,3,Rajkot,Saurashtra Cricket Association Stadium,False,True,80,13,13.333333333333334,159,11.924999999999999,20,184,25,6.666666666666666,3.7500000000000004,0,10
13.3,13,3,86,Shivil Kaushik,Gautam Gambhir,1,False,-0.5,3,Rajkot,Saurashtra Cricket Association Stadium,False,True,81,13,13.5,160,11.851851851851851,20,184,24,6.5,3.6923076923076925,0,10
13.4,13,4,87,Shivil Kaushik,Chris Lynn,0,False,1.0,3,Rajkot,Saurashtra Cricket Association Stadium,False,True,82,13,13.666666666666666,160,11.707317073170731,20,184,24,6.333333333333334,3.789473684210526,0,10
13.5,13,5,88,Shivil Kaushik,Chris Lynn,1,False,-0.5,3,Rajkot,Saurashtra Cricket Association Stadium,False,True,83,13,13.833333333333334,161,11.638554216867469,20,184,23,6.166666666666666,3.7297297297297303,0,10
13.6,13,6,89,Shivil Kaushik,Gautam Gambhir,0,False,1.0,3,Rajkot,Saurashtra Cricket Association Stadium,False,True,84,13,14.0,161,11.5,20,184,23,6.0,3.8333333333333335,0,10
14.1,14,1,90,Dhawal Kulkarni,Chris Lynn,1,False,-1.0,3,Rajkot,Saurashtra Cricket Association Stadium,True,False,84,13,14.0,162,11.571428571428571,20,184,22,6.0,3.6666666666666665,0,10
14.1,14,1,91,Dhawal Kulkarni,Chris Lynn,6,False,-3.0,3,Rajkot,Saurashtra Cricket Association Stadium,False,True,85,14,14.166666666666666,168,11.858823529411765,20,184,16,5.833333333333334,2.7428571428571424,0,10
14.2,14,2,92,Dhawal Kulkarni,Chris Lynn,4,False,-2.0,3,Rajkot,Saurashtra Cricket Association Stadium,False,True,86,14,14.333333333333334,172,12.0,20,184,12,5.666666666666666,2.1176470588235294,0,10
14.3,14,3,93,Dhawal Kulkarni,Chris Lynn,6,False,-3.0,3,Rajkot,Saurashtra Cricket Association Stadium,False,True,87,14,14.5,178,12.275862068965518,20,184,6,5.5,1.0909090909090908,0,10
14.4,14,4,94,Dhawal Kulkarni,Chris Lynn,1,False,-1.0,3,Rajkot,Saurashtra Cricket Association Stadium,True,False,87,14,14.5,179,12.344827586206897,20,184,5,5.5,0.9090909090909091,0,10
14.4,14,4,95,Dhawal Kulkarni,Chris Lynn,2,False,-1.0,3,Rajkot,Saurashtra Cricket Association Stadium,False,True,88,14,14.666666666666666,181,12.340909090909092,20,184,3,5.333333333333334,0.5624999999999999,0,10
14.5,14,5,96,Dhawal Kulkarni,Chris Lynn,2,False,-1.0,3,Rajkot,Saurashtra Cricket Association Stadium,False,True,89,14,14.833333333333334,183,12.337078651685394,20,184,1,5.166666666666666,0.19354838709677422,0,10
