Ball Number,over,ball,Ball,bowler,batsman,Runs,is_wicket,bowler_score,match_id,city,stadium,is_extra,legal_delivery,legal_deliveries_count,overs_completed,overs_bowled,total_runs,current_run_rate,total_overs,target,runs_needed,overs_remaining,required_run_rate,wickets_fallen,wickets_in_hand
0.1,0,1,1,Bhuvneshwar Kumar,Sanju Samson,0,False,1.0,40,Delhi,Feroz Shah Kotla,False,True,1,0,0.16666666666666666,0,0.0,20,186,186,19.833333333333332,9.378151260504202,0,10
0.2,0,2,2,Bhuvneshwar Kumar,Sanju Samson,0,False,1.0,40,Delhi,Feroz Shah Kotla,False,True,2,0,0.3333333333333333,0,0.0,20,186,186,19.666666666666668,9.457627118644067,0,10
0.3,0,3,3,Bhuvneshwar Kumar,Sanju Samson,0,False,1.0,40,Delhi,Feroz Shah Kotla,False,True,3,0,0.5,0,0.0,20,186,186,19.5,9.538461538461538,0,10
0.4,0,4,4,Bhuvneshwar Kumar,Sanju Samson,2,False,-1.0,40,Delhi,Feroz Shah Kotla,False,True,4,0,0.6666666666666666,2,3.0,20,186,184,19.333333333333332,9.517241379310345,0,10
0.5,0,5,5,Bhuvneshwar Kumar,Sanju Samson,1,False,-0.5,40,Delhi,Feroz Shah Kotla,False,True,5,0,0.8333333333333334,3,3.5999999999999996,20,186,183,19.166666666666668,9.54782608695652,0,10
0.6,0,6,6,Bhuvneshwar Kumar,Karun Nair,0,False,1.0,40,Delhi,Feroz Shah Kotla,False,True,6,0,1.0,3,3.0,20,186,183,19.0,9.631578947368421,0,10
1.1,1,1,7,Mohammed Siraj,Sanju Samson,6,False,-3.0,40,Delhi,Feroz Shah Kotla,False,True,7,1,1.1666666666666667,9,7.7142857142857135,20,186,177,18.833333333333332,9.398230088495575,0,10
1.2,1,2,8,Mohammed Siraj,Sanju Samson,1,False,-0.5,40,Delhi,Feroz Shah Kotla,False,True,8,1,1.3333333333333333,10,7.5,20,186,176,18.666666666666668,9.428571428571429,0,10
1.3,1,3,9,Mohammed Siraj,Karun Nair,4,False,-2.0,40,Delhi,Feroz Shah Kotla,False,True,9,1,1.5,14,9.333333333333334,20,186,172,18.5,9.297297297297296,0,10
1.4,1,4,10,Mohammed Siraj,Karun Nair,1,False,-0.5,40,Delhi,Feroz Shah Kotla,False,True,10,1,1.6666666666666665,15,9.0,20,186,171,18.333333333333332,9.327272727272728,0,10
1.5,1,5,11,Mohammed Siraj,Sanju Samson,0,False,1.0,40,Delhi,Feroz Shah Kotla,False,True,11,1,1.8333333333333335,15,8.181818181818182,20,186,171,18.166666666666668,9.412844036697248,0,10
1.6,1,6,12,Mohammed Siraj,Sanju Samson,1,False,-0.5,40,Delhi,Feroz Shah Kotla,False,True,12,1,2.0,16,8.0,20,186,170,18.0,9.444444444444445,0,10
2.1,2,1,13,Bhuvneshwar Kumar,Sanju Samson,0,False,1.0,40,Delhi,Feroz Shah Kotla,False,True,13,2,2.1666666666666665,16,7.384615384615385,20,186,170,17.833333333333332,9.532710280373832,0,10
2.2,2,2,14,Bhuvneshwar Kumar,Sanju Samson,2,False,-1.0,40,Delhi,Feroz Shah Kotla,False,True,14,2,2.3333333333333335,18,7.7142857142857135,20,186,168,17.666666666666668,9.50943396226415,0,10
2.3,2,3,15,Bhuvneshwar Kumar,Sanju Samson,4,False,-2.0,40,Delhi,Feroz Shah Kotla,False,True,15,2,2.5,22,8.8,20,186,164,17.5,9.371428571428572,0,10
2.4,2,4,16,Bhuvneshwar Kumar,Sanju Samson,0,False,1.0,40,Delhi,Feroz Shah Kotla,False,True,16,2,2.6666666666666665,22,8.25,20,186,164,17.333333333333332,9.461538461538462,0,10
2.5,2,5,17,Bhuvneshwar Kumar,Sanju Samson,2,False,-1.0,40,Delhi,Feroz Shah Kotla,False,True,17,2,2.8333333333333335,24,8.470588235294118,20,186,162,17.166666666666668,9.436893203883495,0,10
2.6,2,6,18,Bhuvneshwar Kumar,Sanju Samson,4,False,-2.0,40,Delhi,Feroz Shah Kotla,False,True,18,2,3.0,28,9.333333333333334,20,186,158,17.0,9.294117647058824,0,10
3.1,3,1,19,Siddarth Kaul,Karun Nair,1,False,-0.5,40,Delhi,Feroz Shah Kotla,False,True,19,3,3.1666666666666665,29,9.157894736842106,20,186,157,16.833333333333332,9.326732673267328,0,10
3.2,3,2,20,Siddarth Kaul,Sanju Samson,0,False,1.0,40,Delhi,Feroz Shah Kotla,False,True,20,3,3.3333333333333335,29,8.7,20,186,157,16.666666666666668,9.42,0,10
3.3,3,3,21,Siddarth Kaul,Sanju Samson,0,False,1.0,40,Delhi,Feroz Shah Kotla,False,True,21,3,3.5,29,8.285714285714286,20,186,157,16.5,9.515151515151516,0,10
3.4,3,4,22,Siddarth Kaul,Sanju Samson,1,False,-0.5,40,Delhi,Feroz Shah Kotla,False,True,22,3,3.6666666666666665,30,8.181818181818182,20,186,156,16.333333333333332,9.551020408163266,0,10
3.5,3,5,23,Siddarth Kaul,Karun Nair,6,False,-3.0,40,Delhi,Feroz Shah Kotla,False,True,23,3,3.8333333333333335,36,9.391304347826086,20,186,150,16.166666666666668,9.278350515463917,0,10
3.6,3,6,24,Siddarth Kaul,Karun Nair,4,False,-2.0,40,Delhi,Feroz Shah Kotla,False,True,24,3,4.0,40,10.0,20,186,146,16.0,9.125,0,10
4.1,4,1,25,Mohammed Siraj,Sanju Samson,0,True,5.0,40,Delhi,Feroz Shah Kotla,False,True,25,4,4.166666666666667,40,9.6,20,186,146,15.833333333333332,9.221052631578948,1,9
4.2,4,2,26,Mohammed Siraj,Rishabh Pant,1,False,-0.5,40,Delhi,Feroz Shah Kotla,False,True,26,4,4.333333333333333,41,9.461538461538462,20,186,145,15.666666666666668,9.25531914893617,1,9
4.3,4,3,27,Mohammed Siraj,Karun Nair,0,False,1.0,40,Delhi,Feroz Shah Kotla,False,True,27,4,4.5,41,9.11111111111111,20,186,145,15.5,9.35483870967742,1,9
4.4,4,4,28,Mohammed Siraj,Karun Nair,4,False,-2.0,40,Delhi,Feroz Shah Kotla,False,True,28,4,4.666666666666667,45,9.642857142857142,20,186,141,15.333333333333332,9.195652173913045,1,9
4.5,4,5,29,Mohammed Siraj,Karun Nair,0,False,1.0,40,Delhi,Feroz Shah Kotla,False,True,29,4,4.833333333333333,45,9.310344827586208,20,186,141,15.166666666666668,9.296703296703296,1,9
4.6,4,6,30,Mohammed Siraj,Karun Nair,1,False,-0.5,40,Delhi,Feroz Shah Kotla,False,True,30,4,5.0,46,9.2,20,186,140,15.0,9.333333333333334,1,9
5.1,5,1,31,Moises Henriques,Karun Nair,4,False,-2.0,40,Delhi,Feroz Shah Kotla,False,True,31,5,5.166666666666667,50,9.67741935483871,20,186,136,14.833333333333332,9.168539325842698,1,9
5.2,5,2,32,Moises Henriques,Karun Nair,1,False,-0.5,40,Delhi,Feroz Shah Kotla,False,True,32,5,5.333333333333333,51,9.5625,20,186,135,14.666666666666668,9.204545454545453,1,9
5.3,5,3,33,Moises Henriques,Rishabh Pant,1,False,-0.5,40,Delhi,Feroz Shah Kotla,False,True,33,5,5.5,52,9.454545454545455,20,186,134,14.5,9.241379310344827,1,9
5.4,5,4,34,Moises Henriques,Karun Nair,6,False,-3.0,40,Delhi,Feroz Shah Kotla,False,True,34,5,5.666666666666667,58,10.235294117647058,20,186,128,14.333333333333332,8.930232558139535,1,9
5.5,5,5,35,Moises Henriques,Karun Nair,4,False,-2.0,40,Delhi,Feroz Shah Kotla,False,True,35,5,5.833333333333333,62,10.62857142857143,20,186,124,14.166666666666668,8.752941176470587,1,9
5.6,5,6,36,Moises Henriques,Karun Nair,0,False,1.0,40,Delhi,Feroz Shah Kotla,False,True,36,5,6.0,62,10.333333333333334,20,186,124,14.0,8.857142857142858,1,9
6.1,6,1,37,Rashid Khan,Rishabh Pant,4,False,-2.0,40,Delhi,Feroz Shah Kotla,False,True,37,6,6.166666666666667,66,10.702702702702702,20,186,120,13.833333333333332,8.674698795180724,1,9
6.2,6,2,38,Rashid Khan,Rishabh Pant,1,False,-0.25,40,Delhi,Feroz Shah Kotla,False,True,38,6,6.333333333333333,67,10.578947368421053,20,186,119,13.666666666666668,8.707317073170731,1,9
6.3,6,3,39,Rashid Khan,Karun Nair,0,False,1.0,40,Delhi,Feroz Shah Kotla,False,True,39,6,6.5,67,10.307692307692308,20,186,119,13.5,8.814814814814815,1,9
6.4,6,4,40,Rashid Khan,Karun Nair,1,False,-0.5,40,Delhi,Feroz Shah Kotla,False,True,40,6,6.666666666666667,68,10.2,20,186,118,13.333333333333332,8.850000000000001,1,9
6.5,6,5,41,Rashid Khan,Rishabh Pant,1,False,-0.5,40,Delhi,Feroz Shah Kotla,False,True,41,6,6.833333333333333,69,10.097560975609756,20,186,117,13.166666666666668,8.886075949367088,1,9
6.6,6,6,42,Rashid Khan,Karun Nair,1,False,-0.5,40,Delhi,Feroz Shah Kotla,False,True,42,6,7.0,70,10.0,20,186,116,13.0,8.923076923076923,1,9
7.1,7,1,43,Siddarth Kaul,Karun Nair,1,False,-0.5,40,Delhi,Feroz Shah Kotla,False,True,43,7,7.166666666666667,71,9.906976744186046,20,186,115,12.833333333333332,8.961038961038962,1,9
7.2,7,2,44,Siddarth Kaul,Rishabh Pant,0,False,1.0,40,Delhi,Feroz Shah Kotla,False,True,44,7,7.333333333333333,71,9.681818181818182,20,186,115,12.666666666666668,9.078947368421051,1,9
7.3,7,3,45,Siddarth Kaul,Rishabh Pant,1,False,-0.5,40,Delhi,Feroz Shah Kotla,False,True,45,7,7.5,72,9.6,20,186,114,12.5,9.12,1,9
7.4,7,4,46,Siddarth Kaul,Karun Nair,0,True,5.0,40,Delhi,Feroz Shah Kotla,False,True,46,7,7.666666666666667,72,9.391304347826086,20,186,114,12.333333333333332,9.243243243243244,2,8
7.5,7,5,47,Siddarth Kaul,Shreyas Iyer,1,False,-1.0,40,Delhi,Feroz Shah Kotla,True,False,46,7,7.666666666666667,73,9.521739130434781,20,186,113,12.333333333333332,9.162162162162163,2,8
7.5,7,5,48,Siddarth Kaul,Shreyas Iyer,0,False,1.0,40,Delhi,Feroz Shah Kotla,False,True,47,7,7.833333333333333,73,9.319148936170214,20,186,113,12.166666666666668,9.287671232876711,2,8
7.6,7,6,49,Siddarth Kaul,Shreyas Iyer,0,False,1.0,40,Delhi,Feroz Shah Kotla,False,True,48,7,8.0,73,9.125,20,186,113,12.0,9.416666666666666,2,8
8.1,8,1,50,Rashid Khan,Rishabh Pant,4,False,-2.0,40,Delhi,Feroz Shah Kotla,False,True,49,8,8.166666666666666,77,9.428571428571429,20,186,109,11.833333333333334,9.211267605633802,2,8
8.2,8,2,51,Rashid Khan,Rishabh Pant,0,False,1.0,40,Delhi,Feroz Shah Kotla,False,True,50,8,8.333333333333334,77,9.24,20,186,109,11.666666666666666,9.342857142857143,2,8
8.3,8,3,52,Rashid Khan,Rishabh Pant,1,False,-0.5,40,Delhi,Feroz Shah Kotla,False,True,51,8,8.5,78,9.176470588235293,20,186,108,11.5,9.391304347826088,2,8
8.4,8,4,53,Rashid Khan,Shreyas Iyer,0,False,1.0,40,Delhi,Feroz Shah Kotla,False,True,52,8,8.666666666666666,78,9.0,20,186,108,11.333333333333334,9.529411764705882,2,8
8.5,8,5,54,Rashid Khan,Shreyas Iyer,1,False,-0.5,40,Delhi,Feroz Shah Kotla,False,True,53,8,8.833333333333334,79,8.943396226415095,20,186,107,11.166666666666666,9.582089552238806,2,8
8.6,8,6,55,Rashid Khan,Rishabh Pant,1,False,-0.5,40,Delhi,Feroz Shah Kotla,False,True,54,8,9.0,80,8.88888888888889,20,186,106,11.0,9.636363636363637,2,8
9.1,9,1,56,Moises Henriques,Rishabh Pant,1,False,-0.5,40,Delhi,Feroz Shah Kotla,False,True,55,9,9.166666666666666,81,8.836363636363638,20,186,105,10.833333333333334,9.692307692307692,2,8
9.2,9,2,57,Moises Henriques,Shreyas Iyer,1,False,-1.0,40,Delhi,Feroz Shah Kotla,True,False,55,9,9.166666666666666,82,8.945454545454545,20,186,104,10.833333333333334,9.6,2,8
9.2,9,2,58,Moises Henriques,Shreyas Iyer,1,False,-0.5,40,Delhi,Feroz Shah Kotla,False,True,56,9,9.333333333333334,83,8.892857142857142,20,186,103,10.666666666666666,9.65625,2,8
9.3,9,3,59,Moises Henriques,Rishabh Pant,4,False,-2.0,40,Delhi,Feroz Shah Kotla,False,True,57,9,9.5,87,9.157894736842104,20,186,99,10.5,9.428571428571429,2,8
9.4,9,4,60,Moises Henriques,Rishabh Pant,4,False,-2.0,40,Delhi,Feroz Shah Kotla,False,True,58,9,9.666666666666666,91,9.413793103448276,20,186,95,10.333333333333334,9.193548387096774,2,8
9.5,9,5,61,Moises Henriques,Rishabh Pant,1,False,-0.5,40,Delhi,Feroz Shah Kotla,False,True,59,9,9.833333333333334,92,9.35593220338983,20,186,94,10.166666666666666,9.245901639344263,2,8
9.6,9,6,62,Moises Henriques,Shreyas Iyer,4,False,-2.0,40,Delhi,Feroz Shah Kotla,False,True,60,9,10.0,96,9.6,20,186,90,10.0,9.0,2,8
10.1,10,1,63,Rashid Khan,Rishabh Pant,2,False,-1.0,40,Delhi,Feroz Shah Kotla,False,True,61,10,10.166666666666666,98,9.639344262295083,20,186,88,9.833333333333334,8.94915254237288,2,8
10.2,10,2,64,Rashid Khan,Rishabh Pant,1,False,-0.5,40,Delhi,Feroz Shah Kotla,False,True,62,10,10.333333333333334,99,9.580645161290322,20,186,87,9.666666666666666,9.0,2,8
10.3,10,3,65,Rashid Khan,Shreyas Iyer,2,False,-1.0,40,Delhi,Feroz Shah Kotla,False,True,63,10,10.5,101,9.619047619047619,20,186,85,9.5,8.947368421052632,2,8
10.4,10,4,66,Rashid Khan,Shreyas Iyer,0,False,1.0,40,Delhi,Feroz Shah Kotla,False,True,64,10,10.666666666666666,101,9.46875,20,186,85,9.333333333333334,9.107142857142856,2,8
10.5,10,5,67,Rashid Khan,Shreyas Iyer,0,False,1.0,40,Delhi,Feroz Shah Kotla,False,True,65,10,10.833333333333334,101,9.323076923076922,20,186,85,9.166666666666666,9.272727272727273,2,8
10.6,10,6,68,Rashid Khan,Shreyas Iyer,0,False,1.0,40,Delhi,Feroz Shah Kotla,False,True,66,10,11.0,101,9.181818181818182,20,186,85,9.0,9.444444444444445,2,8
11.1,11,1,69,Mohammed Siraj,Rishabh Pant,1,False,-0.5,40,Delhi,Feroz Shah Kotla,False,True,67,11,11.166666666666666,102,9.134328358208956,20,186,84,8.833333333333334,9.50943396226415,2,8
11.2,11,2,70,Mohammed Siraj,Shreyas Iyer,1,False,-0.5,40,Delhi,Feroz Shah Kotla,False,True,68,11,11.333333333333334,103,9.088235294117647,20,186,83,8.666666666666666,9.576923076923078,2,8
11.3,11,3,71,Mohammed Siraj,Rishabh Pant,6,False,-3.0,40,Delhi,Feroz Shah Kotla,False,True,69,11,11.5,109,9.478260869565217,20,186,77,8.5,9.058823529411764,2,8
11.4,11,4,72,Mohammed Siraj,Rishabh Pant,0,True,5.0,40,Delhi,Feroz Shah Kotla,False,True,70,11,11.666666666666666,109,9.342857142857143,20,186,77,8.333333333333334,9.24,3,7
11.5,11,5,73,Mohammed Siraj,Corey Anderson,0,False,1.0,40,Delhi,Feroz Shah Kotla,False,True,71,11,11.833333333333334,109,9.211267605633802,20,186,77,8.166666666666666,9.428571428571429,3,7
11.6,11,6,74,Mohammed Siraj,Corey Anderson,0,False,1.0,40,Delhi,Feroz Shah Kotla,False,True,72,11,12.0,109,9.083333333333334,20,186,77,8.0,9.625,3,7
12.1,12,1,75,Yuvraj Singh,Shreyas Iyer,1,False,-0.5,40,Delhi,Feroz Shah Kotla,False,True,73,12,12.166666666666666,110,9.04109589041096,20,186,76,7.833333333333334,9.702127659574467,3,7
12.2,12,2,76,Yuvraj Singh,Corey Anderson,1,False,-0.5,40,Delhi,Feroz Shah Kotla,False,True,74,12,12.333333333333334,111,9.0,20,186,75,7.666666666666666,9.782608695652174,3,7
12.3,12,3,77,Yuvraj Singh,Shreyas Iyer,1,False,-0.5,40,Delhi,Feroz Shah Kotla,False,True,75,12,12.5,112,8.96,20,186,74,7.5,9.866666666666667,3,7
12.4,12,4,78,Yuvraj Singh,Corey Anderson,1,False,-0.5,40,Delhi,Feroz Shah Kotla,False,True,76,12,12.666666666666666,113,8.921052631578947,20,186,73,7.333333333333334,9.954545454545453,3,7
12.5,12,5,79,Yuvraj Singh,Shreyas Iyer,6,False,-3.0,40,Delhi,Feroz Shah Kotla,False,True,77,12,12.833333333333334,119,9.272727272727272,20,186,67,7.166666666666666,9.348837209302326,3,7
12.6,12,6,80,Yuvraj Singh,Shreyas Iyer,6,False,-3.0,40,Delhi,Feroz Shah Kotla,False,True,78,12,13.0,125,9.615384615384615,20,186,61,7.0,8.714285714285714,3,7
13.1,13,1,81,Siddarth Kaul,Corey Anderson,2,False,-1.0,40,Delhi,Feroz Shah Kotla,False,True,79,13,13.166666666666666,127,9.645569620253164,20,186,59,6.833333333333334,8.634146341463413,3,7
13.2,13,2,82,Siddarth Kaul,Corey Anderson,1,False,-0.5,40,Delhi,Feroz Shah Kotla,False,True,80,13,13.333333333333334,128,9.6,20,186,58,6.666666666666666,8.700000000000001,3,7
13.3,13,3,83,Siddarth Kaul,Shreyas Iyer,2,False,-1.0,40,Delhi,Feroz Shah Kotla,False,True,81,13,13.5,130,9.62962962962963,20,186,56,6.5,8.615384615384615,3,7
13.4,13,4,84,Siddarth Kaul,Shreyas Iyer,0,False,1.0,40,Delhi,Feroz Shah Kotla,False,True,82,13,13.666666666666666,130,9.512195121951219,20,186,56,6.333333333333334,8.842105263157894,3,7
13.5,13,5,85,Siddarth Kaul,Shreyas Iyer,1,False,-0.5,40,Delhi,Feroz Shah Kotla,False,True,83,13,13.833333333333334,131,9.469879518072288,20,186,55,6.166666666666666,8.91891891891892,3,7
13.6,13,6,86,Siddarth Kaul,Corey Anderson,6,False,-3.0,40,Delhi,Feroz Shah Kotla,False,True,84,13,14.0,137,9.785714285714286,20,186,49,6.0,8.166666666666666,3,7
14.1,14,1,87,Rashid Khan,Shreyas Iyer,1,False,-0.5,40,Delhi,Feroz Shah Kotla,False,True,85,14,14.166666666666666,138,9.741176470588236,20,186,48,5.833333333333334,8.228571428571428,3,7
14.2,14,2,88,Rashid Khan,Corey Anderson,0,False,1.0,40,Delhi,Feroz Shah Kotla,False,True,86,14,14.333333333333334,138,9.627906976744185,20,186,48,5.666666666666666,8.470588235294118,3,7
14.3,14,3,89,Rashid Khan,Corey Anderson,1,False,-0.5,40,Delhi,Feroz Shah Kotla,False,True,87,14,14.5,139,9.586206896551724,20,186,47,5.5,8.545454545454545,3,7
14.4,14,4,90,Rashid Khan,Shreyas Iyer,1,False,-0.5,40,Delhi,Feroz Shah Kotla,False,True,88,14,14.666666666666666,140,9.545454545454545,20,186,46,5.333333333333334,8.624999999999998,3,7
14.5,14,5,91,Rashid Khan,Corey Anderson,1,False,-0.5,40,Delhi,Feroz Shah Kotla,False,True,89,14,14.833333333333334,141,9.50561797752809,20,186,45,5.166666666666666,8.70967741935484,3,7
14.6,14,6,92,Rashid Khan,Shreyas Iyer,1,False,-0.5,40,Delhi,Feroz Shah Kotla,False,True,90,14,15.0,142,9.466666666666667,20,186,44,5.0,8.8,3,7
15.1,15,1,93,Bhuvneshwar Kumar,Shreyas Iyer,1,False,-0.5,40,Delhi,Feroz Shah Kotla,False,True,91,15,15.166666666666666,143,9.428571428571429,20,186,43,4.833333333333334,8.89655172413793,3,7
15.2,15,2,94,Bhuvneshwar Kumar,Corey Anderson,1,False,-0.5,40,Delhi,Feroz Shah Kotla,False,True,92,15,15.333333333333334,144,9.391304347826086,20,186,42,4.666666666666666,9.000000000000002,3,7
15.3,15,3,95,Bhuvneshwar Kumar,Shreyas Iyer,2,False,-1.0,40,Delhi,Feroz Shah Kotla,False,True,93,15,15.5,146,9.419354838709678,20,186,40,4.5,8.88888888888889,3,7
15.4,15,4,96,Bhuvneshwar Kumar,Shreyas Iyer,1,False,-0.5,40,Delhi,Feroz Shah Kotla,False,True,94,15,15.666666666666666,147,9.382978723404255,20,186,39,4.333333333333334,8.999999999999998,3,7
15.5,15,5,97,Bhuvneshwar Kumar,Corey Anderson,1,False,-0.5,40,Delhi,Feroz Shah Kotla,False,True,95,15,15.833333333333334,148,9.34736842105263,20,186,38,4.166666666666666,9.120000000000001,3,7
15.6,15,6,98,Bhuvneshwar Kumar,Shreyas Iyer,0,True,5.0,40,Delhi,Feroz Shah Kotla,False,True,96,15,16.0,148,9.25,20,186,38,4.0,9.5,4,6
16.1,16,1,99,N/A,N/A,0,False,0.0,40,Delhi,Feroz Shah Kotla,False,True,97,16,16.166666666666668,148,9.154639175257731,20,186,38,3.833333333333332,9.913043478260873,4,6
16.2,16,2,100,Mohammed Siraj,Chris Morris,1,False,-0.5,40,Delhi,Feroz Shah Kotla,False,True,98,16,16.333333333333332,149,9.122448979591837,20,186,37,3.666666666666668,10.090909090909088,4,6
16.3,16,3,101,Mohammed Siraj,Corey Anderson,6,False,-3.0,40,Delhi,Feroz Shah Kotla,False,True,99,16,16.5,155,9.393939393939394,20,186,31,3.5,8.857142857142858,4,6
16.4,16,4,102,Mohammed Siraj,Corey Anderson,1,False,-0.5,40,Delhi,Feroz Shah Kotla,False,True,100,16,16.666666666666668,156,9.36,20,186,30,3.333333333333332,9.000000000000004,4,6
16.5,16,5,103,Mohammed Siraj,Chris Morris,4,False,-2.0,40,Delhi,Feroz Shah Kotla,False,True,101,16,16.833333333333332,160,9.504950495049506,20,186,26,3.166666666666668,8.21052631578947,4,6
16.6,16,6,104,Mohammed Siraj,Chris Morris,1,False,-0.5,40,Delhi,Feroz Shah Kotla,False,True,102,16,17.0,161,9.470588235294118,20,186,25,3.0,8.333333333333334,4,6
17.1,17,1,105,Bhuvneshwar Kumar,Chris Morris,1,False,-0.5,40,Delhi,Feroz Shah Kotla,False,True,103,17,17.166666666666668,162,9.436893203883495,20,186,24,2.833333333333332,8.470588235294121,4,6
17.2,17,2,106,Bhuvneshwar Kumar,Corey Anderson,0,False,1.0,40,Delhi,Feroz Shah Kotla,False,True,104,17,17.333333333333332,162,9.346153846153847,20,186,24,2.666666666666668,8.999999999999996,4,6
17.3,17,3,107,Bhuvneshwar Kumar,Corey Anderson,4,False,-2.0,40,Delhi,Feroz Shah Kotla,False,True,105,17,17.5,166,9.485714285714286,20,186,20,2.5,8.0,4,6
17.4,17,4,108,Bhuvneshwar Kumar,Corey Anderson,0,False,1.0,40,Delhi,Feroz Shah Kotla,False,True,106,17,17.666666666666668,166,9.39622641509434,20,186,20,2.333333333333332,8.571428571428577,4,6
17.5,17,5,109,Bhuvneshwar Kumar,Corey Anderson,6,False,-3.0,40,Delhi,Feroz Shah Kotla,False,True,107,17,17.833333333333332,172,9.644859813084112,20,186,14,2.166666666666668,6.461538461538458,4,6
17.6,17,6,110,Bhuvneshwar Kumar,Corey Anderson,1,False,-0.5,40,Delhi,Feroz Shah Kotla,False,True,108,17,18.0,173,9.61111111111111,20,186,13,2.0,6.5,4,6
18.1,18,1,111,Siddarth Kaul,Corey Anderson,1,False,-0.5,40,Delhi,Feroz Shah Kotla,False,True,109,18,18.166666666666668,174,9.577981651376145,20,186,12,1.8333333333333321,6.545454545454549,4,6
18.2,18,2,112,Siddarth Kaul,Chris Morris,1,False,-0.5,40,Delhi,Feroz Shah Kotla,False,True,110,18,18.333333333333332,175,9.545454545454547,20,186,11,1.6666666666666679,6.599999999999995,4,6
18.3,18,3,113,Siddarth Kaul,Corey Anderson,1,False,-0.5,40,Delhi,Feroz Shah Kotla,False,True,111,18,18.5,176,9.513513513513514,20,186,10,1.5,6.666666666666667,4,6
18.4,18,4,114,Siddarth Kaul,Chris Morris,6,False,-3.0,40,Delhi,Feroz Shah Kotla,False,True,112,18,18.666666666666668,182,9.75,20,186,4,1.3333333333333321,3.0000000000000027,4,6
18.5,18,5,115,Siddarth Kaul,Chris Morris,1,False,-0.5,40,Delhi,Feroz Shah Kotla,False,True,113,18,18.833333333333332,183,9.716814159292037,20,186,3,1.1666666666666679,2.571428571428569,4,6
18.6,18,6,116,Siddarth Kaul,Corey Anderson,1,False,-0.5,40,Delhi,Feroz Shah Kotla,False,True,114,18,19.0,184,9.68421052631579,20,186,2,1.0,2.0,4,6
19.1,19,1,117,Moises Henriques,Corey Anderson,4,False,-2.0,40,Delhi,Feroz Shah Kotla,False,True,115,19,19.166666666666668,188,9.808695652173913,20,186,0,0.8333333333333321,0.0,4,6
