Ball Number,over,ball,Ball,bowler,batsman,Runs,is_wicket,bowler_score,match_id,city,stadium,is_extra,legal_delivery,legal_deliveries_count,overs_completed,overs_bowled,total_runs,current_run_rate,total_overs,target,runs_needed,overs_remaining,required_run_rate,wickets_fallen,wickets_in_hand
0.1,0,1,1,Jaydev Unadkat,Sunil Narine,0,False,1.0,41,Kolkata,Eden Gardens,False,True,1,0,0.16666666666666666,0,0.0,20,156,156,19.833333333333332,7.865546218487395,0,10
0.2,0,2,2,Jaydev Unadkat,Sunil Narine,0,False,1.0,41,Kolkata,Eden Gardens,False,True,2,0,0.3333333333333333,0,0.0,20,156,156,19.666666666666668,7.932203389830508,0,10
0.3,0,3,3,Jaydev Unadkat,Sunil Narine,0,False,1.0,41,Kolkata,Eden Gardens,False,True,3,0,0.5,0,0.0,20,156,156,19.5,8.0,0,10
0.4,0,4,4,Jaydev Unadkat,Sunil Narine,0,False,1.0,41,Kolkata,Eden Gardens,False,True,4,0,0.6666666666666666,0,0.0,20,156,156,19.333333333333332,8.068965517241379,0,10
0.5,0,5,5,Jaydev Unadkat,Sunil Narine,0,False,1.0,41,Kolkata,Eden Gardens,False,True,5,0,0.8333333333333334,0,0.0,20,156,156,19.166666666666668,8.139130434782608,0,10
0.6,0,6,6,Jaydev Unadkat,Sunil Narine,0,True,5.0,41,Kolkata,Eden Gardens,False,True,6,0,1.0,0,0.0,20,156,156,19.0,8.210526315789474,1,9
1.1,1,1,7,Ben Stokes,Gautam Gambhir,4,False,-0.25,41,Kolkata,Eden Gardens,False,True,7,1,1.1666666666666667,4,3.4285714285714284,20,156,152,18.833333333333332,8.070796460176991,1,9
1.2,1,2,8,Ben Stokes,Gautam Gambhir,2,False,-1.0,41,Kolkata,Eden Gardens,False,True,8,1,1.3333333333333333,6,4.5,20,156,150,18.666666666666668,8.035714285714285,1,9
1.3,1,3,9,Ben Stokes,Gautam Gambhir,0,False,1.0,41,Kolkata,Eden Gardens,False,True,9,1,1.5,6,4.0,20,156,150,18.5,8.108108108108109,1,9
1.4,1,4,10,Ben Stokes,Gautam Gambhir,1,False,-0.5,41,Kolkata,Eden Gardens,False,True,10,1,1.6666666666666665,7,4.2,20,156,149,18.333333333333332,8.127272727272727,1,9
1.5,1,5,11,Ben Stokes,Sheldon Jackson,0,False,1.0,41,Kolkata,Eden Gardens,False,True,11,1,1.8333333333333335,7,3.818181818181818,20,156,149,18.166666666666668,8.20183486238532,1,9
1.6,1,6,12,Ben Stokes,Sheldon Jackson,1,False,-0.5,41,Kolkata,Eden Gardens,False,True,12,1,2.0,8,4.0,20,156,148,18.0,8.222222222222221,1,9
2.1,2,1,13,Jaydev Unadkat,Sheldon Jackson,0,False,1.0,41,Kolkata,Eden Gardens,False,True,13,2,2.1666666666666665,8,3.6923076923076925,20,156,148,17.833333333333332,8.299065420560748,1,9
2.2,2,2,14,Jaydev Unadkat,Sheldon Jackson,4,False,-2.0,41,Kolkata,Eden Gardens,False,True,14,2,2.3333333333333335,12,5.142857142857142,20,156,144,17.666666666666668,8.150943396226415,1,9
2.3,2,3,15,Jaydev Unadkat,Sheldon Jackson,0,False,1.0,41,Kolkata,Eden Gardens,False,True,15,2,2.5,12,4.8,20,156,144,17.5,8.228571428571428,1,9
2.4,2,4,16,Jaydev Unadkat,Sheldon Jackson,0,False,1.0,41,Kolkata,Eden Gardens,False,True,16,2,2.6666666666666665,12,4.5,20,156,144,17.333333333333332,8.307692307692308,1,9
2.5,2,5,17,Jaydev Unadkat,Sheldon Jackson,1,False,-0.5,41,Kolkata,Eden Gardens,False,True,17,2,2.8333333333333335,13,4.588235294117647,20,156,143,17.166666666666668,8.33009708737864,1,9
2.6,2,6,18,Jaydev Unadkat,Gautam Gambhir,1,False,-0.5,41,Kolkata,Eden Gardens,False,True,18,2,3.0,14,4.666666666666667,20,156,142,17.0,8.352941176470589,1,9
3.1,3,1,19,Washington Sundar,Gautam Gambhir,0,False,1.0,41,Kolkata,Eden Gardens,False,True,19,3,3.1666666666666665,14,4.421052631578948,20,156,142,16.833333333333332,8.435643564356436,1,9
3.2,3,2,20,Washington Sundar,Gautam Gambhir,0,False,1.0,41,Kolkata,Eden Gardens,False,True,20,3,3.3333333333333335,14,4.2,20,156,142,16.666666666666668,8.52,1,9
3.3,3,3,21,Washington Sundar,Gautam Gambhir,0,False,1.0,41,Kolkata,Eden Gardens,False,True,21,3,3.5,14,4.0,20,156,142,16.5,8.606060606060606,1,9
3.4,3,4,22,Washington Sundar,Gautam Gambhir,1,False,-0.25,41,Kolkata,Eden Gardens,False,True,22,3,3.6666666666666665,15,4.090909090909091,20,156,141,16.333333333333332,8.63265306122449,1,9
3.5,3,5,23,Washington Sundar,Sheldon Jackson,4,False,-2.0,41,Kolkata,Eden Gardens,False,True,23,3,3.8333333333333335,19,4.956521739130435,20,156,137,16.166666666666668,8.474226804123711,1,9
3.6,3,6,24,Washington Sundar,Sheldon Jackson,0,True,5.0,41,Kolkata,Eden Gardens,False,True,24,3,4.0,19,4.75,20,156,137,16.0,8.5625,2,8
4.1,4,1,25,Ben Stokes,Gautam Gambhir,0,False,1.0,41,Kolkata,Eden Gardens,False,True,25,4,4.166666666666667,19,4.56,20,156,137,15.833333333333332,8.65263157894737,2,8
4.2,4,2,26,Ben Stokes,Gautam Gambhir,0,False,1.0,41,Kolkata,Eden Gardens,False,True,26,4,4.333333333333333,19,4.384615384615385,20,156,137,15.666666666666668,8.74468085106383,2,8
4.3,4,3,27,Ben Stokes,Gautam Gambhir,0,False,1.0,41,Kolkata,Eden Gardens,False,True,27,4,4.5,19,4.222222222222222,20,156,137,15.5,8.838709677419354,2,8
4.4,4,4,28,Ben Stokes,Gautam Gambhir,4,False,-2.0,41,Kolkata,Eden Gardens,False,True,28,4,4.666666666666667,23,4.928571428571428,20,156,133,15.333333333333332,8.673913043478262,2,8
4.5,4,5,29,Ben Stokes,Gautam Gambhir,4,False,-2.0,41,Kolkata,Eden Gardens,False,True,29,4,4.833333333333333,27,5.586206896551724,20,156,129,15.166666666666668,8.505494505494505,2,8
4.6,4,6,30,Ben Stokes,Gautam Gambhir,0,False,1.0,41,Kolkata,Eden Gardens,False,True,30,4,5.0,27,5.4,20,156,129,15.0,8.6,2,8
5.1,5,1,31,Washington Sundar,Manish Pandey,1,False,-0.5,41,Kolkata,Eden Gardens,False,True,31,5,5.166666666666667,28,5.419354838709677,20,156,128,14.833333333333332,8.629213483146069,2,8
5.2,5,2,32,Washington Sundar,Gautam Gambhir,2,False,-1.0,41,Kolkata,Eden Gardens,False,True,32,5,5.333333333333333,30,5.625,20,156,126,14.666666666666668,8.59090909090909,2,8
5.3,5,3,33,Washington Sundar,Gautam Gambhir,4,False,-2.0,41,Kolkata,Eden Gardens,False,True,33,5,5.5,34,6.181818181818182,20,156,122,14.5,8.413793103448276,2,8
5.4,5,4,34,Washington Sundar,Gautam Gambhir,6,False,-3.0,41,Kolkata,Eden Gardens,False,True,34,5,5.666666666666667,40,7.0588235294117645,20,156,116,14.333333333333332,8.093023255813954,2,8
5.5,5,5,35,Washington Sundar,Gautam Gambhir,0,True,5.0,41,Kolkata,Eden Gardens,False,True,35,5,5.833333333333333,40,6.857142857142858,20,156,116,14.166666666666668,8.188235294117646,3,7
5.6,5,6,36,Washington Sundar,Manish Pandey,1,False,-0.5,41,Kolkata,Eden Gardens,False,True,36,5,6.0,41,6.833333333333333,20,156,115,14.0,8.214285714285714,3,7
6.1,6,1,37,Shardul Thakur,Manish Pandey,0,False,1.0,41,Kolkata,Eden Gardens,False,True,37,6,6.166666666666667,41,6.648648648648648,20,156,115,13.833333333333332,8.313253012048193,3,7
6.2,6,2,38,Shardul Thakur,Manish Pandey,0,False,1.0,41,Kolkata,Eden Gardens,False,True,38,6,6.333333333333333,41,6.473684210526316,20,156,115,13.666666666666668,8.414634146341463,3,7
6.3,6,3,39,Shardul Thakur,Manish Pandey,1,False,-0.5,41,Kolkata,Eden Gardens,False,True,39,6,6.5,42,6.461538461538462,20,156,114,13.5,8.444444444444445,3,7
6.4,6,4,40,Shardul Thakur,Yusuf Pathan,1,False,-0.5,41,Kolkata,Eden Gardens,False,True,40,6,6.666666666666667,43,6.449999999999999,20,156,113,13.333333333333332,8.475000000000001,3,7
6.5,6,5,41,Shardul Thakur,Manish Pandey,1,False,-0.5,41,Kolkata,Eden Gardens,False,True,41,6,6.833333333333333,44,6.439024390243903,20,156,112,13.166666666666668,8.50632911392405,3,7
6.6,6,6,42,Shardul Thakur,Yusuf Pathan,0,False,1.0,41,Kolkata,Eden Gardens,False,True,42,6,7.0,44,6.285714285714286,20,156,112,13.0,8.615384615384615,3,7
7.1,7,1,43,Imran Tahir,Manish Pandey,0,False,1.0,41,Kolkata,Eden Gardens,False,True,43,7,7.166666666666667,44,6.13953488372093,20,156,112,12.833333333333332,8.727272727272728,3,7
7.2,7,2,44,Imran Tahir,Manish Pandey,1,False,-0.5,41,Kolkata,Eden Gardens,False,True,44,7,7.333333333333333,45,6.136363636363637,20,156,111,12.666666666666668,8.76315789473684,3,7
7.3,7,3,45,Imran Tahir,Yusuf Pathan,0,False,1.0,41,Kolkata,Eden Gardens,False,True,45,7,7.5,45,6.0,20,156,111,12.5,8.88,3,7
7.4,7,4,46,Imran Tahir,Yusuf Pathan,1,False,-0.5,41,Kolkata,Eden Gardens,False,True,46,7,7.666666666666667,46,6.0,20,156,110,12.333333333333332,8.91891891891892,3,7
7.5,7,5,47,Imran Tahir,Manish Pandey,6,False,-3.0,41,Kolkata,Eden Gardens,False,True,47,7,7.833333333333333,52,6.638297872340425,20,156,104,12.166666666666668,8.54794520547945,3,7
7.6,7,6,48,Imran Tahir,Manish Pandey,0,False,1.0,41,Kolkata,Eden Gardens,False,True,48,7,8.0,52,6.5,20,156,104,12.0,8.666666666666666,3,7
8.1,8,1,49,Shardul Thakur,Yusuf Pathan,1,False,-0.5,41,Kolkata,Eden Gardens,False,True,49,8,8.166666666666666,53,6.4897959183673475,20,156,103,11.833333333333334,8.704225352112676,3,7
8.2,8,2,50,Shardul Thakur,Manish Pandey,0,False,1.0,41,Kolkata,Eden Gardens,False,True,50,8,8.333333333333334,53,6.359999999999999,20,156,103,11.666666666666666,8.82857142857143,3,7
8.3,8,3,51,Shardul Thakur,Manish Pandey,1,False,-0.5,41,Kolkata,Eden Gardens,False,True,51,8,8.5,54,6.352941176470588,20,156,102,11.5,8.869565217391305,3,7
8.4,8,4,52,Shardul Thakur,Yusuf Pathan,0,False,1.0,41,Kolkata,Eden Gardens,False,True,52,8,8.666666666666666,54,6.230769230769231,20,156,102,11.333333333333334,9.0,3,7
8.5,8,5,53,Shardul Thakur,Yusuf Pathan,0,False,1.0,41,Kolkata,Eden Gardens,False,True,53,8,8.833333333333334,54,6.113207547169811,20,156,102,11.166666666666666,9.134328358208956,3,7
8.6,8,6,54,Shardul Thakur,Yusuf Pathan,1,False,-0.5,41,Kolkata,Eden Gardens,False,True,54,8,9.0,55,6.111111111111111,20,156,101,11.0,9.181818181818182,3,7
9.1,9,1,55,Imran Tahir,Yusuf Pathan,0,True,5.0,41,Kolkata,Eden Gardens,False,True,55,9,9.166666666666666,55,6.0,20,156,101,10.833333333333334,9.323076923076922,4,6
9.2,9,2,56,Imran Tahir,de Grandhomme,1,False,-0.5,41,Kolkata,Eden Gardens,False,True,56,9,9.333333333333334,56,6.0,20,156,100,10.666666666666666,9.375,4,6
9.3,9,3,57,Imran Tahir,Manish Pandey,0,False,1.0,41,Kolkata,Eden Gardens,False,True,57,9,9.5,56,5.894736842105263,20,156,100,10.5,9.523809523809524,4,6
9.4,9,4,58,Imran Tahir,Manish Pandey,1,False,-0.5,41,Kolkata,Eden Gardens,False,True,58,9,9.666666666666666,57,5.8965517241379315,20,156,99,10.333333333333334,9.580645161290322,4,6
9.5,9,5,59,Imran Tahir,de Grandhomme,1,False,-0.5,41,Kolkata,Eden Gardens,False,True,59,9,9.833333333333334,58,5.898305084745762,20,156,98,10.166666666666666,9.639344262295083,4,6
9.6,9,6,60,Imran Tahir,Manish Pandey,1,False,-0.5,41,Kolkata,Eden Gardens,False,True,60,9,10.0,59,5.9,20,156,97,10.0,9.7,4,6
10.1,10,1,61,Shardul Thakur,Manish Pandey,4,False,-2.0,41,Kolkata,Eden Gardens,False,True,61,10,10.166666666666666,63,6.19672131147541,20,156,93,9.833333333333334,9.457627118644067,4,6
10.2,10,2,62,Shardul Thakur,Manish Pandey,4,False,-2.0,41,Kolkata,Eden Gardens,False,True,62,10,10.333333333333334,67,6.483870967741935,20,156,89,9.666666666666666,9.206896551724139,4,6
10.3,10,3,63,Shardul Thakur,Manish Pandey,4,False,-2.0,41,Kolkata,Eden Gardens,False,True,63,10,10.5,71,6.761904761904762,20,156,85,9.5,8.947368421052632,4,6
10.4,10,4,64,Shardul Thakur,Manish Pandey,1,False,-0.5,41,Kolkata,Eden Gardens,False,True,64,10,10.666666666666666,72,6.75,20,156,84,9.333333333333334,9.0,4,6
10.5,10,5,65,Shardul Thakur,de Grandhomme,1,False,-0.5,41,Kolkata,Eden Gardens,False,True,65,10,10.833333333333334,73,6.7384615384615385,20,156,83,9.166666666666666,9.054545454545455,4,6
10.6,10,6,66,Shardul Thakur,Manish Pandey,1,False,-0.5,41,Kolkata,Eden Gardens,False,True,66,10,11.0,74,6.7272727272727275,20,156,82,9.0,9.11111111111111,4,6
11.1,11,1,67,Imran Tahir,Manish Pandey,1,False,-0.5,41,Kolkata,Eden Gardens,False,True,67,11,11.166666666666666,75,6.7164179104477615,20,156,81,8.833333333333334,9.169811320754716,4,6
11.2,11,2,68,Imran Tahir,de Grandhomme,1,False,-0.5,41,Kolkata,Eden Gardens,False,True,68,11,11.333333333333334,76,6.705882352941176,20,156,80,8.666666666666666,9.230769230769232,4,6
11.3,11,3,69,Imran Tahir,Manish Pandey,0,False,1.0,41,Kolkata,Eden Gardens,False,True,69,11,11.5,76,6.608695652173913,20,156,80,8.5,9.411764705882353,4,6
11.4,11,4,70,Imran Tahir,Manish Pandey,1,False,-0.5,41,Kolkata,Eden Gardens,False,True,70,11,11.666666666666666,77,6.6000000000000005,20,156,79,8.333333333333334,9.479999999999999,4,6
11.5,11,5,71,Imran Tahir,de Grandhomme,6,False,-3.0,41,Kolkata,Eden Gardens,False,True,71,11,11.833333333333334,83,7.014084507042253,20,156,73,8.166666666666666,8.938775510204083,4,6
11.6,11,6,72,Imran Tahir,de Grandhomme,6,False,-3.0,41,Kolkata,Eden Gardens,False,True,72,11,12.0,89,7.416666666666667,20,156,67,8.0,8.375,4,6
12.1,12,1,73,Dan Christian,Manish Pandey,0,False,1.0,41,Kolkata,Eden Gardens,False,True,73,12,12.166666666666666,89,7.315068493150685,20,156,67,7.833333333333334,8.553191489361701,4,6
12.2,12,2,74,Dan Christian,Manish Pandey,0,False,1.0,41,Kolkata,Eden Gardens,False,True,74,12,12.333333333333334,89,7.216216216216216,20,156,67,7.666666666666666,8.73913043478261,4,6
12.3,12,3,75,Dan Christian,Manish Pandey,4,False,-2.0,41,Kolkata,Eden Gardens,False,True,75,12,12.5,93,7.44,20,156,63,7.5,8.4,4,6
12.4,12,4,76,Dan Christian,Manish Pandey,1,False,-0.5,41,Kolkata,Eden Gardens,False,True,76,12,12.666666666666666,94,7.421052631578948,20,156,62,7.333333333333334,8.454545454545453,4,6
12.5,12,5,77,Dan Christian,de Grandhomme,1,False,-0.5,41,Kolkata,Eden Gardens,False,True,77,12,12.833333333333334,95,7.402597402597403,20,156,61,7.166666666666666,8.511627906976745,4,6
12.6,12,6,78,Dan Christian,Manish Pandey,0,False,1.0,41,Kolkata,Eden Gardens,False,True,78,12,13.0,95,7.3076923076923075,20,156,61,7.0,8.714285714285714,4,6
13.1,13,1,79,Ben Stokes,de Grandhomme,4,False,-2.0,41,Kolkata,Eden Gardens,False,True,79,13,13.166666666666666,99,7.518987341772152,20,156,57,6.833333333333334,8.341463414634145,4,6
13.2,13,2,80,Ben Stokes,de Grandhomme,1,False,-0.5,41,Kolkata,Eden Gardens,False,True,80,13,13.333333333333334,100,7.5,20,156,56,6.666666666666666,8.4,4,6
13.3,13,3,81,Ben Stokes,Manish Pandey,1,False,-0.5,41,Kolkata,Eden Gardens,False,True,81,13,13.5,101,7.481481481481482,20,156,55,6.5,8.461538461538462,4,6
13.4,13,4,82,Ben Stokes,de Grandhomme,1,False,-0.5,41,Kolkata,Eden Gardens,False,True,82,13,13.666666666666666,102,7.463414634146342,20,156,54,6.333333333333334,8.526315789473683,4,6
13.5,13,5,83,Ben Stokes,Manish Pandey,0,False,1.0,41,Kolkata,Eden Gardens,False,True,83,13,13.833333333333334,102,7.373493975903614,20,156,54,6.166666666666666,8.756756756756758,4,6
13.6,13,6,84,Ben Stokes,Manish Pandey,1,False,-0.5,41,Kolkata,Eden Gardens,False,True,84,13,14.0,103,7.357142857142857,20,156,53,6.0,8.833333333333334,4,6
14.1,14,1,85,Dan Christian,Manish Pandey,0,True,5.0,41,Kolkata,Eden Gardens,False,True,85,14,14.166666666666666,103,7.270588235294118,20,156,53,5.833333333333334,9.085714285714285,5,5
14.2,14,2,86,Dan Christian,de Grandhomme,4,False,-2.0,41,Kolkata,Eden Gardens,False,True,86,14,14.333333333333334,107,7.465116279069767,20,156,49,5.666666666666666,8.647058823529413,5,5
14.3,14,3,87,Dan Christian,de Grandhomme,1,False,-0.5,41,Kolkata,Eden Gardens,False,True,87,14,14.5,108,7.448275862068965,20,156,48,5.5,8.727272727272727,5,5
14.4,14,4,88,Dan Christian,Suryakumar Yadav,1,False,-0.5,41,Kolkata,Eden Gardens,False,True,88,14,14.666666666666666,109,7.4318181818181825,20,156,47,5.333333333333334,8.812499999999998,5,5
14.5,14,5,89,Dan Christian,de Grandhomme,1,False,-0.5,41,Kolkata,Eden Gardens,False,True,89,14,14.833333333333334,110,7.415730337078651,20,156,46,5.166666666666666,8.903225806451614,5,5
14.6,14,6,90,Dan Christian,Suryakumar Yadav,0,False,1.0,41,Kolkata,Eden Gardens,False,True,90,14,15.0,110,7.333333333333333,20,156,46,5.0,9.2,5,5
15.1,15,1,91,Imran Tahir,de Grandhomme,1,False,-0.5,41,Kolkata,Eden Gardens,False,True,91,15,15.166666666666666,111,7.318681318681319,20,156,45,4.833333333333334,9.310344827586206,5,5
15.2,15,2,92,Imran Tahir,Suryakumar Yadav,1,False,-0.5,41,Kolkata,Eden Gardens,False,True,92,15,15.333333333333334,112,7.304347826086956,20,156,44,4.666666666666666,9.42857142857143,5,5
15.3,15,3,93,Imran Tahir,de Grandhomme,1,False,-0.5,41,Kolkata,Eden Gardens,False,True,93,15,15.5,113,7.290322580645161,20,156,43,4.5,9.555555555555555,5,5
15.4,15,4,94,Imran Tahir,Suryakumar Yadav,1,False,-0.5,41,Kolkata,Eden Gardens,False,True,94,15,15.666666666666666,114,7.276595744680852,20,156,42,4.333333333333334,9.692307692307692,5,5
15.5,15,5,95,Imran Tahir,de Grandhomme,4,False,-2.0,41,Kolkata,Eden Gardens,False,True,95,15,15.833333333333334,118,7.4526315789473685,20,156,38,4.166666666666666,9.120000000000001,5,5
15.6,15,6,96,Imran Tahir,de Grandhomme,1,False,-0.5,41,Kolkata,Eden Gardens,False,True,96,15,16.0,119,7.4375,20,156,37,4.0,9.25,5,5
16.1,16,1,97,Jaydev Unadkat,de Grandhomme,0,False,1.0,41,Kolkata,Eden Gardens,False,True,97,16,16.166666666666668,119,7.360824742268041,20,156,37,3.833333333333332,9.652173913043482,5,5
16.2,16,2,98,Jaydev Unadkat,de Grandhomme,0,True,5.0,41,Kolkata,Eden Gardens,False,True,98,16,16.333333333333332,119,7.2857142857142865,20,156,37,3.666666666666668,10.090909090909088,6,4
16.3,16,3,99,Jaydev Unadkat,Suryakumar Yadav,0,False,1.0,41,Kolkata,Eden Gardens,False,True,99,16,16.5,119,7.212121212121212,20,156,37,3.5,10.571428571428571,6,4
16.4,16,4,100,Jaydev Unadkat,Suryakumar Yadav,1,False,-0.5,41,Kolkata,Eden Gardens,False,True,100,16,16.666666666666668,120,7.199999999999999,20,156,36,3.333333333333332,10.800000000000004,6,4
16.5,16,5,101,Jaydev Unadkat,Chris Woakes,0,False,1.0,41,Kolkata,Eden Gardens,False,True,101,16,16.833333333333332,120,7.128712871287129,20,156,36,3.166666666666668,11.368421052631575,6,4
16.6,16,6,102,Jaydev Unadkat,Chris Woakes,0,False,1.0,41,Kolkata,Eden Gardens,False,True,102,16,17.0,120,7.0588235294117645,20,156,36,3.0,12.0,6,4
17.1,17,1,103,Dan Christian,Suryakumar Yadav,1,False,-0.5,41,Kolkata,Eden Gardens,False,True,103,17,17.166666666666668,121,7.048543689320388,20,156,35,2.833333333333332,12.352941176470594,6,4
17.2,17,2,104,Dan Christian,Chris Woakes,1,False,-0.5,41,Kolkata,Eden Gardens,False,True,104,17,17.333333333333332,122,7.038461538461539,20,156,34,2.666666666666668,12.749999999999995,6,4
17.3,17,3,105,Dan Christian,Suryakumar Yadav,6,False,-3.0,41,Kolkata,Eden Gardens,False,True,105,17,17.5,128,7.314285714285714,20,156,28,2.5,11.2,6,4
17.4,17,4,106,Dan Christian,Suryakumar Yadav,0,True,5.0,41,Kolkata,Eden Gardens,False,True,106,17,17.666666666666668,128,7.245283018867924,20,156,28,2.333333333333332,12.000000000000005,7,3
17.5,17,5,107,Dan Christian,Suryakumar Yadav,1,False,-0.5,41,Kolkata,Eden Gardens,False,True,107,17,17.833333333333332,129,7.233644859813085,20,156,27,2.166666666666668,12.461538461538455,7,3
17.6,17,6,108,Dan Christian,Nathan Coulter-Nile,0,False,1.0,41,Kolkata,Eden Gardens,False,True,108,17,18.0,129,7.166666666666667,20,156,27,2.0,13.5,7,3
18.1,18,1,109,Jaydev Unadkat,Suryakumar Yadav,4,False,-2.0,41,Kolkata,Eden Gardens,False,True,109,18,18.166666666666668,133,7.321100917431192,20,156,23,1.8333333333333321,12.545454545454554,7,3
18.2,18,2,110,Jaydev Unadkat,Suryakumar Yadav,4,False,-2.0,41,Kolkata,Eden Gardens,False,True,110,18,18.333333333333332,137,7.4727272727272736,20,156,19,1.6666666666666679,11.399999999999991,7,3
18.3,18,3,111,Jaydev Unadkat,Suryakumar Yadav,6,False,-3.0,41,Kolkata,Eden Gardens,False,True,111,18,18.5,143,7.72972972972973,20,156,13,1.5,8.666666666666666,7,3
18.4,18,4,112,Jaydev Unadkat,Suryakumar Yadav,1,False,-0.5,41,Kolkata,Eden Gardens,False,True,112,18,18.666666666666668,144,7.7142857142857135,20,156,12,1.3333333333333321,9.000000000000009,7,3
18.5,18,5,113,Jaydev Unadkat,Nathan Coulter-Nile,6,False,-3.0,41,Kolkata,Eden Gardens,False,True,113,18,18.833333333333332,150,7.964601769911505,20,156,6,1.1666666666666679,5.142857142857138,7,3
18.6,18,6,114,Jaydev Unadkat,Nathan Coulter-Nile,0,False,1.0,41,Kolkata,Eden Gardens,False,True,114,18,19.0,150,7.894736842105263,20,156,6,1.0,6.0,7,3
19.1,19,1,115,Ben Stokes,Suryakumar Yadav,1,False,-0.5,41,Kolkata,Eden Gardens,False,True,115,19,19.166666666666668,151,7.878260869565217,20,156,5,0.8333333333333321,6.000000000000009,7,3
19.2,19,2,116,Ben Stokes,Nathan Coulter-Nile,0,False,1.0,41,Kolkata,Eden Gardens,False,True,116,19,19.333333333333332,151,7.810344827586207,20,156,5,0.6666666666666679,7.499999999999987,7,3
19.3,19,3,117,Ben Stokes,Nathan Coulter-Nile,0,True,5.0,41,Kolkata,Eden Gardens,False,True,117,19,19.5,151,7.743589743589744,20,156,5,0.5,10.0,8,2
19.4,19,4,118,Ben Stokes,Umesh Yadav,1,False,-0.5,41,Kolkata,Eden Gardens,False,True,118,19,19.666666666666668,152,7.728813559322034,20,156,4,0.33333333333333215,12.000000000000043,8,2
19.5,19,5,119,Ben Stokes,Suryakumar Yadav,1,False,-0.5,41,Kolkata,Eden Gardens,False,True,119,19,19.833333333333332,153,7.714285714285714,20,156,3,0.16666666666666785,17.999999999999872,8,2
19.6,19,6,120,Ben Stokes,Umesh Yadav,1,False,-0.5,41,Kolkata,Eden Gardens,False,True,120,19,20.0,154,7.7,20,156,2,0.0,inf,8,2
