Ball Number,over,ball,Ball,bowler,batsman,Runs,is_wicket,bowler_score,match_id,city,stadium,is_extra,legal_delivery,legal_deliveries_count,overs_completed,overs_bowled,total_runs,current_run_rate,total_overs,target,runs_needed,overs_remaining,required_run_rate,wickets_fallen,wickets_in_hand
0.1,0,1,1,Shahbaz Nadeem,Dwayne Smith,4,False,-2.0,42,Delhi,Feroz Shah Kotla,False,True,1,0,0.16666666666666666,4,24.0,20,209,205,19.833333333333332,10.336134453781513,0,10
0.2,0,2,2,Shahbaz Nadeem,Dwayne Smith,4,False,-2.0,42,Delhi,Feroz Shah Kotla,False,True,2,0,0.3333333333333333,8,24.0,20,209,201,19.666666666666668,10.220338983050846,0,10
0.3,0,3,3,Shahbaz Nadeem,Dwayne Smith,1,False,-0.5,42,Delhi,Feroz Shah Kotla,False,True,3,0,0.5,9,18.0,20,209,200,19.5,10.256410256410257,0,10
0.4,0,4,4,Shahbaz Nadeem,Brendon McCullum,0,False,1.0,42,Delhi,Feroz Shah Kotla,False,True,4,0,0.6666666666666666,9,13.5,20,209,200,19.333333333333332,10.344827586206897,0,10
0.5,0,5,5,Shahbaz Nadeem,Brendon McCullum,1,False,-0.5,42,Delhi,Feroz Shah Kotla,False,True,5,0,0.8333333333333334,10,12.0,20,209,199,19.166666666666668,10.382608695652173,0,10
0.6,0,6,6,Shahbaz Nadeem,Dwayne Smith,0,False,1.0,42,Delhi,Feroz Shah Kotla,False,True,6,0,1.0,10,10.0,20,209,199,19.0,10.473684210526315,0,10
1.1,1,1,7,Kagiso Rabada,Brendon McCullum,0,True,5.0,42,Delhi,Feroz Shah Kotla,False,True,7,1,1.1666666666666667,10,8.571428571428571,20,209,199,18.833333333333332,10.56637168141593,1,9
1.2,1,2,8,Kagiso Rabada,Suresh Raina,0,True,5.0,42,Delhi,Feroz Shah Kotla,False,True,8,1,1.3333333333333333,10,7.5,20,209,199,18.666666666666668,10.660714285714285,2,8
1.3,1,3,9,Kagiso Rabada,Suresh Raina,0,False,1.0,42,Delhi,Feroz Shah Kotla,False,True,9,1,1.5,10,6.666666666666667,20,209,199,18.5,10.756756756756756,2,8
1.4,1,4,10,Kagiso Rabada,Suresh Raina,2,False,-1.0,42,Delhi,Feroz Shah Kotla,False,True,10,1,1.6666666666666665,12,7.200000000000001,20,209,197,18.333333333333332,10.745454545454546,2,8
1.5,1,5,11,Kagiso Rabada,Suresh Raina,0,False,1.0,42,Delhi,Feroz Shah Kotla,False,True,11,1,1.8333333333333335,12,6.545454545454545,20,209,197,18.166666666666668,10.844036697247706,2,8
1.6,1,6,12,Kagiso Rabada,Suresh Raina,1,False,-0.5,42,Delhi,Feroz Shah Kotla,False,True,12,1,2.0,13,6.5,20,209,196,18.0,10.88888888888889,2,8
2.1,2,1,13,Pat Cummins,Suresh Raina,0,False,1.0,42,Delhi,Feroz Shah Kotla,False,True,13,2,2.1666666666666665,13,6.0,20,209,196,17.833333333333332,10.990654205607477,2,8
2.2,2,2,14,Pat Cummins,Suresh Raina,4,False,-2.0,42,Delhi,Feroz Shah Kotla,False,True,14,2,2.3333333333333335,17,7.285714285714286,20,209,192,17.666666666666668,10.867924528301886,2,8
2.3,2,3,15,Pat Cummins,Suresh Raina,1,False,-0.5,42,Delhi,Feroz Shah Kotla,False,True,15,2,2.5,18,7.2,20,209,191,17.5,10.914285714285715,2,8
2.4,2,4,16,Pat Cummins,Dinesh Karthik,0,False,1.0,42,Delhi,Feroz Shah Kotla,False,True,16,2,2.6666666666666665,18,6.75,20,209,191,17.333333333333332,11.01923076923077,2,8
2.5,2,5,17,Pat Cummins,Dinesh Karthik,0,False,1.0,42,Delhi,Feroz Shah Kotla,False,True,17,2,2.8333333333333335,18,6.352941176470588,20,209,191,17.166666666666668,11.12621359223301,2,8
2.6,2,6,18,Pat Cummins,Dinesh Karthik,2,False,-1.0,42,Delhi,Feroz Shah Kotla,False,True,18,2,3.0,20,6.666666666666667,20,209,189,17.0,11.117647058823529,2,8
3.1,3,1,19,Mohammed Shami,Suresh Raina,6,False,-3.0,42,Delhi,Feroz Shah Kotla,False,True,19,3,3.1666666666666665,26,8.210526315789474,20,209,183,16.833333333333332,10.871287128712872,2,8
3.2,3,2,20,Mohammed Shami,Suresh Raina,4,False,-2.0,42,Delhi,Feroz Shah Kotla,False,True,20,3,3.3333333333333335,30,9.0,20,209,179,16.666666666666668,10.739999999999998,2,8
3.3,3,3,21,Mohammed Shami,Suresh Raina,0,False,1.0,42,Delhi,Feroz Shah Kotla,False,True,21,3,3.5,30,8.571428571428571,20,209,179,16.5,10.848484848484848,2,8
3.4,3,4,22,Mohammed Shami,Suresh Raina,4,False,-2.0,42,Delhi,Feroz Shah Kotla,False,True,22,3,3.6666666666666665,34,9.272727272727273,20,209,175,16.333333333333332,10.714285714285715,2,8
3.5,3,5,23,Mohammed Shami,Suresh Raina,0,False,1.0,42,Delhi,Feroz Shah Kotla,False,True,23,3,3.8333333333333335,34,8.869565217391305,20,209,175,16.166666666666668,10.824742268041236,2,8
3.6,3,6,24,Mohammed Shami,Suresh Raina,1,False,-0.5,42,Delhi,Feroz Shah Kotla,False,True,24,3,4.0,35,8.75,20,209,174,16.0,10.875,2,8
4.1,4,1,25,Kagiso Rabada,Suresh Raina,2,False,-1.0,42,Delhi,Feroz Shah Kotla,False,True,25,4,4.166666666666667,37,8.879999999999999,20,209,172,15.833333333333332,10.863157894736842,2,8
4.2,4,2,26,Kagiso Rabada,Suresh Raina,2,False,-1.0,42,Delhi,Feroz Shah Kotla,False,True,26,4,4.333333333333333,39,9.0,20,209,170,15.666666666666668,10.851063829787233,2,8
4.3,4,3,27,Kagiso Rabada,Suresh Raina,6,False,-3.0,42,Delhi,Feroz Shah Kotla,False,True,27,4,4.5,45,10.0,20,209,164,15.5,10.580645161290322,2,8
4.4,4,4,28,Kagiso Rabada,Suresh Raina,1,False,-0.5,42,Delhi,Feroz Shah Kotla,False,True,28,4,4.666666666666667,46,9.857142857142856,20,209,163,15.333333333333332,10.630434782608697,2,8
4.5,4,5,29,Kagiso Rabada,Dinesh Karthik,0,False,1.0,42,Delhi,Feroz Shah Kotla,False,True,29,4,4.833333333333333,46,9.517241379310345,20,209,163,15.166666666666668,10.747252747252746,2,8
4.6,4,6,30,Kagiso Rabada,Dinesh Karthik,0,False,1.0,42,Delhi,Feroz Shah Kotla,False,True,30,4,5.0,46,9.2,20,209,163,15.0,10.866666666666667,2,8
5.1,5,1,31,Pat Cummins,Suresh Raina,1,False,-0.5,42,Delhi,Feroz Shah Kotla,False,True,31,5,5.166666666666667,47,9.096774193548386,20,209,162,14.833333333333332,10.921348314606742,2,8
5.2,5,2,32,Pat Cummins,Dinesh Karthik,4,False,-2.0,42,Delhi,Feroz Shah Kotla,False,True,32,5,5.333333333333333,51,9.5625,20,209,158,14.666666666666668,10.772727272727272,2,8
5.3,5,3,33,Pat Cummins,Dinesh Karthik,1,False,-0.5,42,Delhi,Feroz Shah Kotla,False,True,33,5,5.5,52,9.454545454545455,20,209,157,14.5,10.827586206896552,2,8
5.4,5,4,34,Pat Cummins,Suresh Raina,1,False,-0.5,42,Delhi,Feroz Shah Kotla,False,True,34,5,5.666666666666667,53,9.352941176470587,20,209,156,14.333333333333332,10.88372093023256,2,8
5.5,5,5,35,Pat Cummins,Dinesh Karthik,1,False,-0.5,42,Delhi,Feroz Shah Kotla,False,True,35,5,5.833333333333333,54,9.257142857142858,20,209,155,14.166666666666668,10.941176470588234,2,8
5.6,5,6,36,Pat Cummins,Suresh Raina,4,False,-2.0,42,Delhi,Feroz Shah Kotla,False,True,36,5,6.0,58,9.666666666666666,20,209,151,14.0,10.785714285714286,2,8
6.1,6,1,37,Mohammed Shami,Dinesh Karthik,1,False,-0.5,42,Delhi,Feroz Shah Kotla,False,True,37,6,6.166666666666667,59,9.567567567567567,20,209,150,13.833333333333332,10.843373493975905,2,8
6.2,6,2,38,Mohammed Shami,Suresh Raina,0,False,1.0,42,Delhi,Feroz Shah Kotla,False,True,38,6,6.333333333333333,59,9.31578947368421,20,209,150,13.666666666666668,10.97560975609756,2,8
6.3,6,3,39,Mohammed Shami,Suresh Raina,2,False,-1.0,42,Delhi,Feroz Shah Kotla,False,True,39,6,6.5,61,9.384615384615385,20,209,148,13.5,10.962962962962964,2,8
6.4,6,4,40,Mohammed Shami,Suresh Raina,1,False,-0.5,42,Delhi,Feroz Shah Kotla,False,True,40,6,6.666666666666667,62,9.299999999999999,20,209,147,13.333333333333332,11.025,2,8
6.5,6,5,41,Mohammed Shami,Dinesh Karthik,1,False,-0.5,42,Delhi,Feroz Shah Kotla,False,True,41,6,6.833333333333333,63,9.219512195121952,20,209,146,13.166666666666668,11.088607594936708,2,8
6.6,6,6,42,Mohammed Shami,Suresh Raina,1,False,-0.5,42,Delhi,Feroz Shah Kotla,False,True,42,6,7.0,64,9.142857142857142,20,209,145,13.0,11.153846153846153,2,8
7.1,7,1,43,Amit Mishra,Suresh Raina,1,False,-0.5,42,Delhi,Feroz Shah Kotla,False,True,43,7,7.166666666666667,65,9.069767441860465,20,209,144,12.833333333333332,11.220779220779221,2,8
7.2,7,2,44,Amit Mishra,Dinesh Karthik,0,False,1.0,42,Delhi,Feroz Shah Kotla,False,True,44,7,7.333333333333333,65,8.863636363636363,20,209,144,12.666666666666668,11.368421052631579,2,8
7.3,7,3,45,Amit Mishra,Dinesh Karthik,1,False,-0.5,42,Delhi,Feroz Shah Kotla,False,True,45,7,7.5,66,8.8,20,209,143,12.5,11.44,2,8
7.4,7,4,46,Amit Mishra,Suresh Raina,1,False,-0.5,42,Delhi,Feroz Shah Kotla,False,True,46,7,7.666666666666667,67,8.739130434782608,20,209,142,12.333333333333332,11.513513513513514,2,8
7.5,7,5,47,Amit Mishra,Dinesh Karthik,4,False,-2.0,42,Delhi,Feroz Shah Kotla,False,True,47,7,7.833333333333333,71,9.063829787234043,20,209,138,12.166666666666668,11.342465753424657,2,8
7.6,7,6,48,Amit Mishra,Dinesh Karthik,6,False,-3.0,42,Delhi,Feroz Shah Kotla,False,True,48,7,8.0,77,9.625,20,209,132,12.0,11.0,2,8
8.1,8,1,49,Marlon Samuels,Suresh Raina,1,False,-0.5,42,Delhi,Feroz Shah Kotla,False,True,49,8,8.166666666666666,78,9.551020408163266,20,209,131,11.833333333333334,11.070422535211266,2,8
8.2,8,2,50,N/A,N/A,0,False,0.0,42,Delhi,Feroz Shah Kotla,False,True,50,8,8.333333333333334,78,9.36,20,209,131,11.666666666666666,11.22857142857143,2,8
8.3,8,3,51,Marlon Samuels,Suresh Raina,2,False,-1.0,42,Delhi,Feroz Shah Kotla,False,True,51,8,8.5,80,9.411764705882353,20,209,129,11.5,11.217391304347826,2,8
8.4,8,4,52,Marlon Samuels,Suresh Raina,0,False,1.0,42,Delhi,Feroz Shah Kotla,False,True,52,8,8.666666666666666,80,9.230769230769232,20,209,129,11.333333333333334,11.38235294117647,2,8
8.5,8,5,53,Marlon Samuels,Suresh Raina,0,False,1.0,42,Delhi,Feroz Shah Kotla,False,True,53,8,8.833333333333334,80,9.056603773584905,20,209,129,11.166666666666666,11.55223880597015,2,8
8.6,8,6,54,Marlon Samuels,Suresh Raina,2,False,-1.0,42,Delhi,Feroz Shah Kotla,False,True,54,8,9.0,82,9.11111111111111,20,209,127,11.0,11.545454545454545,2,8
9.1,9,1,55,Amit Mishra,Dinesh Karthik,4,False,-2.0,42,Delhi,Feroz Shah Kotla,False,True,55,9,9.166666666666666,86,9.381818181818183,20,209,123,10.833333333333334,11.353846153846153,2,8
9.2,9,2,56,Amit Mishra,Dinesh Karthik,1,False,-0.5,42,Delhi,Feroz Shah Kotla,False,True,56,9,9.333333333333334,87,9.321428571428571,20,209,122,10.666666666666666,11.4375,2,8
9.3,9,3,57,Amit Mishra,Suresh Raina,1,False,-0.5,42,Delhi,Feroz Shah Kotla,False,True,57,9,9.5,88,9.263157894736842,20,209,121,10.5,11.523809523809524,2,8
9.4,9,4,58,Amit Mishra,Dinesh Karthik,1,False,-0.5,42,Delhi,Feroz Shah Kotla,False,True,58,9,9.666666666666666,89,9.206896551724139,20,209,120,10.333333333333334,11.61290322580645,2,8
9.5,9,5,59,Amit Mishra,Suresh Raina,2,False,-1.0,42,Delhi,Feroz Shah Kotla,False,True,59,9,9.833333333333334,91,9.254237288135593,20,209,118,10.166666666666666,11.606557377049182,2,8
9.6,9,6,60,Amit Mishra,Suresh Raina,1,False,-0.5,42,Delhi,Feroz Shah Kotla,False,True,60,9,10.0,92,9.2,20,209,117,10.0,11.7,2,8
10.1,10,1,61,Marlon Samuels,Suresh Raina,6,False,-3.0,42,Delhi,Feroz Shah Kotla,False,True,61,10,10.166666666666666,98,9.639344262295083,20,209,111,9.833333333333334,11.288135593220339,2,8
10.2,10,2,62,Marlon Samuels,Suresh Raina,1,False,-0.5,42,Delhi,Feroz Shah Kotla,False,True,62,10,10.333333333333334,99,9.580645161290322,20,209,110,9.666666666666666,11.379310344827587,2,8
10.3,10,3,63,Marlon Samuels,Dinesh Karthik,0,False,1.0,42,Delhi,Feroz Shah Kotla,False,True,63,10,10.5,99,9.428571428571429,20,209,110,9.5,11.578947368421053,2,8
10.4,10,4,64,Marlon Samuels,Dinesh Karthik,1,False,-0.5,42,Delhi,Feroz Shah Kotla,False,True,64,10,10.666666666666666,100,9.375,20,209,109,9.333333333333334,11.678571428571427,2,8
10.5,10,5,65,Marlon Samuels,Suresh Raina,2,False,-1.0,42,Delhi,Feroz Shah Kotla,False,True,65,10,10.833333333333334,102,9.415384615384616,20,209,107,9.166666666666666,11.672727272727274,2,8
10.6,10,6,66,Marlon Samuels,Suresh Raina,6,False,-3.0,42,Delhi,Feroz Shah Kotla,False,True,66,10,11.0,108,9.818181818181818,20,209,101,9.0,11.222222222222221,2,8
11.1,11,1,67,Shahbaz Nadeem,Dinesh Karthik,0,False,1.0,42,Delhi,Feroz Shah Kotla,False,True,67,11,11.166666666666666,108,9.671641791044777,20,209,101,8.833333333333334,11.433962264150942,2,8
11.2,11,2,68,Shahbaz Nadeem,Dinesh Karthik,6,False,-3.0,42,Delhi,Feroz Shah Kotla,False,True,68,11,11.333333333333334,114,10.058823529411764,20,209,95,8.666666666666666,10.961538461538462,2,8
11.3,11,3,69,Shahbaz Nadeem,Dinesh Karthik,6,False,-3.0,42,Delhi,Feroz Shah Kotla,False,True,69,11,11.5,120,10.434782608695652,20,209,89,8.5,10.470588235294118,2,8
11.4,11,4,70,Shahbaz Nadeem,Dinesh Karthik,1,False,-0.5,42,Delhi,Feroz Shah Kotla,False,True,70,11,11.666666666666666,121,10.371428571428572,20,209,88,8.333333333333334,10.559999999999999,2,8
11.5,11,5,71,Shahbaz Nadeem,Suresh Raina,4,False,-2.0,42,Delhi,Feroz Shah Kotla,False,True,71,11,11.833333333333334,125,10.56338028169014,20,209,84,8.166666666666666,10.285714285714286,2,8
11.6,11,6,72,Shahbaz Nadeem,Suresh Raina,1,False,-0.5,42,Delhi,Feroz Shah Kotla,False,True,72,11,12.0,126,10.5,20,209,83,8.0,10.375,2,8
12.1,12,1,73,Corey Anderson,Suresh Raina,1,False,-0.5,42,Delhi,Feroz Shah Kotla,False,True,73,12,12.166666666666666,127,10.438356164383562,20,209,82,7.833333333333334,10.468085106382977,2,8
12.2,12,2,74,Corey Anderson,Dinesh Karthik,1,False,-1.0,42,Delhi,Feroz Shah Kotla,True,False,73,12,12.166666666666666,128,10.52054794520548,20,209,81,7.833333333333334,10.340425531914892,2,8
12.2,12,2,75,Corey Anderson,Dinesh Karthik,1,False,-0.5,42,Delhi,Feroz Shah Kotla,False,True,74,12,12.333333333333334,129,10.45945945945946,20,209,80,7.666666666666666,10.434782608695652,2,8
12.3,12,3,76,Corey Anderson,Suresh Raina,1,False,-0.5,42,Delhi,Feroz Shah Kotla,False,True,75,12,12.5,130,10.4,20,209,79,7.5,10.533333333333333,2,8
12.4,12,4,77,Corey Anderson,Dinesh Karthik,6,False,-3.0,42,Delhi,Feroz Shah Kotla,False,True,76,12,12.666666666666666,136,10.736842105263158,20,209,73,7.333333333333334,9.954545454545453,2,8
12.5,12,5,78,Corey Anderson,Dinesh Karthik,0,False,1.0,42,Delhi,Feroz Shah Kotla,False,True,77,12,12.833333333333334,136,10.597402597402597,20,209,73,7.166666666666666,10.186046511627907,2,8
12.6,12,6,79,Corey Anderson,Dinesh Karthik,1,False,-0.5,42,Delhi,Feroz Shah Kotla,False,True,78,12,13.0,137,10.538461538461538,20,209,72,7.0,10.285714285714286,2,8
12.6,12,6,80,Corey Anderson,Dinesh Karthik,1,False,-1.0,42,Delhi,Feroz Shah Kotla,True,False,78,12,13.0,138,10.615384615384615,20,209,71,7.0,10.142857142857142,2,8
13.1,13,1,81,Mohammed Shami,Dinesh Karthik,4,False,-2.0,42,Delhi,Feroz Shah Kotla,False,True,79,13,13.166666666666666,142,10.784810126582279,20,209,67,6.833333333333334,9.804878048780488,2,8
13.2,13,2,82,Mohammed Shami,Dinesh Karthik,0,True,5.0,42,Delhi,Feroz Shah Kotla,False,True,80,13,13.333333333333334,142,10.65,20,209,67,6.666666666666666,10.05,3,7
13.3,13,3,83,Mohammed Shami,Dinesh Karthik,4,False,-2.0,42,Delhi,Feroz Shah Kotla,False,True,81,13,13.5,146,10.814814814814815,20,209,63,6.5,9.692307692307692,3,7
13.4,13,4,84,Mohammed Shami,Dinesh Karthik,6,False,-3.0,42,Delhi,Feroz Shah Kotla,False,True,82,13,13.666666666666666,152,11.121951219512196,20,209,57,6.333333333333334,9.0,3,7
13.5,13,5,85,Mohammed Shami,Dinesh Karthik,1,False,-0.5,42,Delhi,Feroz Shah Kotla,False,True,83,13,13.833333333333334,153,11.06024096385542,20,209,56,6.166666666666666,9.081081081081082,3,7
13.6,13,6,86,Mohammed Shami,Aaron Finch,4,False,-2.0,42,Delhi,Feroz Shah Kotla,False,True,84,13,14.0,157,11.214285714285714,20,209,52,6.0,8.666666666666666,3,7
14.1,14,1,87,Pat Cummins,Dinesh Karthik,0,True,5.0,42,Delhi,Feroz Shah Kotla,False,True,85,14,14.166666666666666,157,11.08235294117647,20,209,52,5.833333333333334,8.914285714285713,4,6
14.2,14,2,88,Pat Cummins,Ishan Kishan,1,False,-0.5,42,Delhi,Feroz Shah Kotla,False,True,86,14,14.333333333333334,158,11.023255813953488,20,209,51,5.666666666666666,9.000000000000002,4,6
14.3,14,3,89,Pat Cummins,Aaron Finch,2,False,-1.0,42,Delhi,Feroz Shah Kotla,False,True,87,14,14.5,160,11.03448275862069,20,209,49,5.5,8.909090909090908,4,6
14.4,14,4,90,Pat Cummins,Aaron Finch,0,False,1.0,42,Delhi,Feroz Shah Kotla,False,True,88,14,14.666666666666666,160,10.90909090909091,20,209,49,5.333333333333334,9.187499999999998,4,6
14.5,14,5,91,Pat Cummins,Aaron Finch,2,False,-1.0,42,Delhi,Feroz Shah Kotla,False,True,89,14,14.833333333333334,162,10.92134831460674,20,209,47,5.166666666666666,9.096774193548388,4,6
14.6,14,6,92,Pat Cummins,Aaron Finch,1,False,-0.25,42,Delhi,Feroz Shah Kotla,False,True,90,14,15.0,163,10.866666666666667,20,209,46,5.0,9.2,4,6
15.1,15,1,93,Corey Anderson,Aaron Finch,1,False,-0.5,42,Delhi,Feroz Shah Kotla,False,True,91,15,15.166666666666666,164,10.813186813186814,20,209,45,4.833333333333334,9.310344827586206,4,6
15.2,15,2,94,Corey Anderson,Ishan Kishan,1,False,-0.5,42,Delhi,Feroz Shah Kotla,False,True,92,15,15.333333333333334,165,10.76086956521739,20,209,44,4.666666666666666,9.42857142857143,4,6
15.3,15,3,95,Corey Anderson,Aaron Finch,2,False,-1.0,42,Delhi,Feroz Shah Kotla,False,True,93,15,15.5,167,10.774193548387096,20,209,42,4.5,9.333333333333334,4,6
15.4,15,4,96,Corey Anderson,Aaron Finch,0,False,1.0,42,Delhi,Feroz Shah Kotla,False,True,94,15,15.666666666666666,167,10.659574468085108,20,209,42,4.333333333333334,9.692307692307692,4,6
15.5,15,5,97,Corey Anderson,Aaron Finch,1,False,-0.5,42,Delhi,Feroz Shah Kotla,False,True,95,15,15.833333333333334,168,10.610526315789473,20,209,41,4.166666666666666,9.840000000000002,4,6
15.6,15,6,98,Corey Anderson,Ishan Kishan,1,False,-1.0,42,Delhi,Feroz Shah Kotla,True,False,95,15,15.833333333333334,169,10.673684210526316,20,209,40,4.166666666666666,9.600000000000001,4,6
15.6,15,6,99,Corey Anderson,Ishan Kishan,1,False,-0.5,42,Delhi,Feroz Shah Kotla,False,True,96,15,16.0,170,10.625,20,209,39,4.0,9.75,4,6
16.1,16,1,100,Kagiso Rabada,Ishan Kishan,0,False,1.0,42,Delhi,Feroz Shah Kotla,False,True,97,16,16.166666666666668,170,10.515463917525773,20,209,39,3.833333333333332,10.173913043478263,4,6
16.2,16,2,101,Kagiso Rabada,Ishan Kishan,1,False,-0.5,42,Delhi,Feroz Shah Kotla,False,True,98,16,16.333333333333332,171,10.469387755102042,20,209,38,3.666666666666668,10.36363636363636,4,6
16.3,16,3,102,Kagiso Rabada,Aaron Finch,2,False,-1.0,42,Delhi,Feroz Shah Kotla,False,True,99,16,16.5,173,10.484848484848484,20,209,36,3.5,10.285714285714286,4,6
16.4,16,4,103,Kagiso Rabada,Aaron Finch,0,False,1.0,42,Delhi,Feroz Shah Kotla,False,True,100,16,16.666666666666668,173,10.379999999999999,20,209,36,3.333333333333332,10.800000000000004,4,6
16.5,16,5,104,Kagiso Rabada,Aaron Finch,0,False,1.0,42,Delhi,Feroz Shah Kotla,False,True,101,16,16.833333333333332,173,10.277227722772277,20,209,36,3.166666666666668,11.368421052631575,4,6
16.6,16,6,105,Kagiso Rabada,Aaron Finch,4,False,-2.0,42,Delhi,Feroz Shah Kotla,False,True,102,16,17.0,177,10.411764705882353,20,209,32,3.0,10.666666666666666,4,6
17.1,17,1,106,Pat Cummins,Ishan Kishan,0,True,5.0,42,Delhi,Feroz Shah Kotla,False,True,103,17,17.166666666666668,177,10.310679611650485,20,209,32,2.833333333333332,11.294117647058828,5,5
17.2,17,2,107,Pat Cummins,Aaron Finch,1,False,-0.5,42,Delhi,Feroz Shah Kotla,False,True,104,17,17.333333333333332,178,10.26923076923077,20,209,31,2.666666666666668,11.624999999999995,5,5
17.3,17,3,108,Pat Cummins,Ravindra Jadeja,1,False,-0.5,42,Delhi,Feroz Shah Kotla,False,True,105,17,17.5,179,10.228571428571428,20,209,30,2.5,12.0,5,5
17.4,17,4,109,Pat Cummins,Aaron Finch,0,False,1.0,42,Delhi,Feroz Shah Kotla,False,True,106,17,17.666666666666668,179,10.132075471698112,20,209,30,2.333333333333332,12.857142857142863,5,5
17.5,17,5,110,Pat Cummins,Aaron Finch,4,False,-2.0,42,Delhi,Feroz Shah Kotla,False,True,107,17,17.833333333333332,183,10.261682242990656,20,209,26,2.166666666666668,11.999999999999993,5,5
17.6,17,6,111,Pat Cummins,Aaron Finch,0,False,1.0,42,Delhi,Feroz Shah Kotla,False,True,108,17,18.0,183,10.166666666666666,20,209,26,2.0,13.0,5,5
18.1,18,1,112,Kagiso Rabada,Ravindra Jadeja,1,False,-0.5,42,Delhi,Feroz Shah Kotla,False,True,109,18,18.166666666666668,184,10.128440366972477,20,209,25,1.8333333333333321,13.636363636363646,5,5
18.2,18,2,113,Kagiso Rabada,Aaron Finch,4,False,-2.0,42,Delhi,Feroz Shah Kotla,False,True,110,18,18.333333333333332,188,10.254545454545456,20,209,21,1.6666666666666679,12.59999999999999,5,5
18.3,18,3,114,Kagiso Rabada,Aaron Finch,0,True,5.0,42,Delhi,Feroz Shah Kotla,False,True,111,18,18.5,188,10.162162162162161,20,209,21,1.5,14.0,6,4
18.4,18,4,115,Kagiso Rabada,Ravindra Jadeja,1,False,-0.5,42,Delhi,Feroz Shah Kotla,False,True,112,18,18.666666666666668,189,10.125,20,209,20,1.3333333333333321,15.000000000000014,6,4
18.5,18,5,116,Kagiso Rabada,James Faulkner,0,False,1.0,42,Delhi,Feroz Shah Kotla,False,True,113,18,18.833333333333332,189,10.035398230088497,20,209,20,1.1666666666666679,17.142857142857125,6,4
18.6,18,6,117,Kagiso Rabada,James Faulkner,1,False,-0.5,42,Delhi,Feroz Shah Kotla,False,True,114,18,19.0,190,10.0,20,209,19,1.0,19.0,6,4
19.1,19,1,118,Corey Anderson,James Faulkner,1,False,-1.0,42,Delhi,Feroz Shah Kotla,True,False,114,18,19.0,191,10.052631578947368,20,209,18,1.0,18.0,6,4
19.1,19,1,119,Corey Anderson,James Faulkner,0,True,5.0,42,Delhi,Feroz Shah Kotla,False,True,115,19,19.166666666666668,191,9.965217391304348,20,209,18,0.8333333333333321,21.60000000000003,7,3
19.2,19,2,120,Corey Anderson,Ravindra Jadeja,2,False,-1.0,42,Delhi,Feroz Shah Kotla,False,True,116,19,19.333333333333332,193,9.982758620689657,20,209,16,0.6666666666666679,23.999999999999957,7,3
19.3,19,3,121,Corey Anderson,Ravindra Jadeja,1,False,-0.5,42,Delhi,Feroz Shah Kotla,False,True,117,19,19.5,194,9.948717948717949,20,209,15,0.5,30.0,7,3
19.4,19,4,122,Corey Anderson,Pradeep Sangwan,1,False,-0.5,42,Delhi,Feroz Shah Kotla,False,True,118,19,19.666666666666668,195,9.915254237288135,20,209,14,0.33333333333333215,42.00000000000015,7,3
19.5,19,5,123,Corey Anderson,Ravindra Jadeja,6,False,-3.0,42,Delhi,Feroz Shah Kotla,False,True,119,19,19.833333333333332,201,10.134453781512606,20,209,8,0.16666666666666785,47.99999999999966,7,3
19.6,19,6,124,Corey Anderson,Ravindra Jadeja,6,False,-3.0,42,Delhi,Feroz Shah Kotla,False,True,120,19,20.0,207,10.35,20,209,2,0.0,inf,7,3
