Ball Number,over,ball,Ball,bowler,batsman,Runs,is_wicket,bowler_score,match_id,city,stadium,is_extra,legal_delivery,legal_deliveries_count,overs_completed,overs_bowled,total_runs,current_run_rate,total_overs,target,runs_needed,overs_remaining,required_run_rate,wickets_fallen,wickets_in_hand
0.1,0,1,1,Aniket Choudhary,Hashim Amla,1,False,-0.5,43,Bangalore,M Chinnaswamy Stadium,False,True,1,0,0.16666666666666666,1,6.0,20,139,138,19.833333333333332,6.957983193277311,0,10
0.2,0,2,2,Aniket Choudhary,Martin Guptill,0,False,1.0,43,Bangalore,M Chinnaswamy Stadium,False,True,2,0,0.3333333333333333,1,3.0,20,139,138,19.666666666666668,7.016949152542373,0,10
0.3,0,3,3,Aniket Choudhary,Martin Guptill,1,False,-0.5,43,Bangalore,M Chinnaswamy Stadium,False,True,3,0,0.5,2,4.0,20,139,137,19.5,7.0256410256410255,0,10
0.4,0,4,4,Aniket Choudhary,Hashim Amla,0,False,1.0,43,Bangalore,M Chinnaswamy Stadium,False,True,4,0,0.6666666666666666,2,3.0,20,139,137,19.333333333333332,7.086206896551724,0,10
0.5,0,5,5,Aniket Choudhary,Hashim Amla,0,True,5.0,43,Bangalore,M Chinnaswamy Stadium,False,True,5,0,0.8333333333333334,2,2.4,20,139,137,19.166666666666668,7.147826086956521,1,9
0.6,0,6,6,Aniket Choudhary,Shaun Marsh,0,False,1.0,43,Bangalore,M Chinnaswamy Stadium,False,True,6,0,1.0,2,2.0,20,139,137,19.0,7.2105263157894735,1,9
1.1,1,1,7,Sreenath Aravind,Martin Guptill,0,False,1.0,43,Bangalore,M Chinnaswamy Stadium,False,True,7,1,1.1666666666666667,2,1.7142857142857142,20,139,137,18.833333333333332,7.274336283185841,1,9
1.2,1,2,8,Sreenath Aravind,Martin Guptill,4,False,-2.0,43,Bangalore,M Chinnaswamy Stadium,False,True,8,1,1.3333333333333333,6,4.5,20,139,133,18.666666666666668,7.124999999999999,1,9
1.3,1,3,9,Sreenath Aravind,Martin Guptill,0,False,1.0,43,Bangalore,M Chinnaswamy Stadium,False,True,9,1,1.5,6,4.0,20,139,133,18.5,7.1891891891891895,1,9
1.4,1,4,10,Sreenath Aravind,Martin Guptill,1,False,-0.5,43,Bangalore,M Chinnaswamy Stadium,False,True,10,1,1.6666666666666665,7,4.2,20,139,132,18.333333333333332,7.2,1,9
1.5,1,5,11,Sreenath Aravind,Shaun Marsh,4,False,-2.0,43,Bangalore,M Chinnaswamy Stadium,False,True,11,1,1.8333333333333335,11,5.999999999999999,20,139,128,18.166666666666668,7.045871559633027,1,9
1.6,1,6,12,Sreenath Aravind,Shaun Marsh,0,False,1.0,43,Bangalore,M Chinnaswamy Stadium,False,True,12,1,2.0,11,5.5,20,139,128,18.0,7.111111111111111,1,9
2.1,2,1,13,Aniket Choudhary,Martin Guptill,0,False,1.0,43,Bangalore,M Chinnaswamy Stadium,False,True,13,2,2.1666666666666665,11,5.0769230769230775,20,139,128,17.833333333333332,7.177570093457945,1,9
2.2,2,2,14,Aniket Choudhary,Martin Guptill,2,False,-1.0,43,Bangalore,M Chinnaswamy Stadium,False,True,14,2,2.3333333333333335,13,5.571428571428571,20,139,126,17.666666666666668,7.132075471698113,1,9
2.3,2,3,15,Aniket Choudhary,Martin Guptill,1,False,-0.5,43,Bangalore,M Chinnaswamy Stadium,False,True,15,2,2.5,14,5.6,20,139,125,17.5,7.142857142857143,1,9
2.4,2,4,16,Aniket Choudhary,Shaun Marsh,0,False,1.0,43,Bangalore,M Chinnaswamy Stadium,False,True,16,2,2.6666666666666665,14,5.25,20,139,125,17.333333333333332,7.211538461538462,1,9
2.5,2,5,17,Aniket Choudhary,Shaun Marsh,0,False,1.0,43,Bangalore,M Chinnaswamy Stadium,False,True,17,2,2.8333333333333335,14,4.941176470588235,20,139,125,17.166666666666668,7.281553398058252,1,9
2.6,2,6,18,Aniket Choudhary,Shaun Marsh,1,False,-0.5,43,Bangalore,M Chinnaswamy Stadium,False,True,18,2,3.0,15,5.0,20,139,124,17.0,7.294117647058823,1,9
3.1,3,1,19,Sreenath Aravind,Shaun Marsh,2,False,-1.0,43,Bangalore,M Chinnaswamy Stadium,False,True,19,3,3.1666666666666665,17,5.368421052631579,20,139,122,16.833333333333332,7.247524752475248,1,9
3.2,3,2,20,Sreenath Aravind,Shaun Marsh,1,False,-0.5,43,Bangalore,M Chinnaswamy Stadium,False,True,20,3,3.3333333333333335,18,5.3999999999999995,20,139,121,16.666666666666668,7.26,1,9
3.3,3,3,21,Sreenath Aravind,Martin Guptill,0,True,5.0,43,Bangalore,M Chinnaswamy Stadium,False,True,21,3,3.5,18,5.142857142857143,20,139,121,16.5,7.333333333333333,2,8
3.4,3,4,22,Sreenath Aravind,Shaun Marsh,1,False,-0.5,43,Bangalore,M Chinnaswamy Stadium,False,True,22,3,3.6666666666666665,19,5.181818181818182,20,139,120,16.333333333333332,7.346938775510204,2,8
3.5,3,5,23,Sreenath Aravind,Manan Vohra,0,False,1.0,43,Bangalore,M Chinnaswamy Stadium,False,True,23,3,3.8333333333333335,19,4.956521739130435,20,139,120,16.166666666666668,7.422680412371133,2,8
3.6,3,6,24,Sreenath Aravind,Manan Vohra,0,False,1.0,43,Bangalore,M Chinnaswamy Stadium,False,True,24,3,4.0,19,4.75,20,139,120,16.0,7.5,2,8
4.1,4,1,25,Shane Watson,Shaun Marsh,4,False,-2.0,43,Bangalore,M Chinnaswamy Stadium,False,True,25,4,4.166666666666667,23,5.52,20,139,116,15.833333333333332,7.326315789473685,2,8
4.2,4,2,26,Shane Watson,Shaun Marsh,4,False,-2.0,43,Bangalore,M Chinnaswamy Stadium,False,True,26,4,4.333333333333333,27,6.230769230769231,20,139,112,15.666666666666668,7.148936170212766,2,8
4.3,4,3,27,Shane Watson,Shaun Marsh,0,False,1.0,43,Bangalore,M Chinnaswamy Stadium,False,True,27,4,4.5,27,6.0,20,139,112,15.5,7.225806451612903,2,8
4.4,4,4,28,Shane Watson,Shaun Marsh,1,False,-0.5,43,Bangalore,M Chinnaswamy Stadium,False,True,28,4,4.666666666666667,28,6.0,20,139,111,15.333333333333332,7.239130434782609,2,8
4.5,4,5,29,Shane Watson,Manan Vohra,0,False,1.0,43,Bangalore,M Chinnaswamy Stadium,False,True,29,4,4.833333333333333,28,5.793103448275862,20,139,111,15.166666666666668,7.318681318681318,2,8
4.6,4,6,30,Shane Watson,Manan Vohra,1,False,-0.5,43,Bangalore,M Chinnaswamy Stadium,False,True,30,4,5.0,29,5.8,20,139,110,15.0,7.333333333333333,2,8
5.1,5,1,31,Samuel Badree,Manan Vohra,0,False,1.0,43,Bangalore,M Chinnaswamy Stadium,False,True,31,5,5.166666666666667,29,5.612903225806451,20,139,110,14.833333333333332,7.415730337078652,2,8
5.2,5,2,32,Samuel Badree,Manan Vohra,0,False,1.0,43,Bangalore,M Chinnaswamy Stadium,False,True,32,5,5.333333333333333,29,5.4375,20,139,110,14.666666666666668,7.499999999999999,2,8
5.3,5,3,33,Samuel Badree,Manan Vohra,0,False,1.0,43,Bangalore,M Chinnaswamy Stadium,False,True,33,5,5.5,29,5.2727272727272725,20,139,110,14.5,7.586206896551724,2,8
5.4,5,4,34,Samuel Badree,Manan Vohra,2,False,-1.0,43,Bangalore,M Chinnaswamy Stadium,False,True,34,5,5.666666666666667,31,5.470588235294118,20,139,108,14.333333333333332,7.5348837209302335,2,8
5.5,5,5,35,Samuel Badree,Manan Vohra,0,False,1.0,43,Bangalore,M Chinnaswamy Stadium,False,True,35,5,5.833333333333333,31,5.314285714285715,20,139,108,14.166666666666668,7.623529411764705,2,8
5.6,5,6,36,Samuel Badree,Manan Vohra,4,False,-2.0,43,Bangalore,M Chinnaswamy Stadium,False,True,36,5,6.0,35,5.833333333333333,20,139,104,14.0,7.428571428571429,2,8
6.1,6,1,37,Pawan Negi,Shaun Marsh,1,False,-0.5,43,Bangalore,M Chinnaswamy Stadium,False,True,37,6,6.166666666666667,36,5.837837837837838,20,139,103,13.833333333333332,7.445783132530121,2,8
6.2,6,2,38,Pawan Negi,Manan Vohra,1,False,-0.5,43,Bangalore,M Chinnaswamy Stadium,False,True,38,6,6.333333333333333,37,5.842105263157895,20,139,102,13.666666666666668,7.463414634146341,2,8
6.3,6,3,39,Pawan Negi,Shaun Marsh,0,False,1.0,43,Bangalore,M Chinnaswamy Stadium,False,True,39,6,6.5,37,5.6923076923076925,20,139,102,13.5,7.555555555555555,2,8
6.4,6,4,40,Pawan Negi,Shaun Marsh,1,False,-0.5,43,Bangalore,M Chinnaswamy Stadium,False,True,40,6,6.666666666666667,38,5.7,20,139,101,13.333333333333332,7.575000000000001,2,8
6.5,6,5,41,Pawan Negi,Manan Vohra,1,False,-0.5,43,Bangalore,M Chinnaswamy Stadium,False,True,41,6,6.833333333333333,39,5.707317073170732,20,139,100,13.166666666666668,7.594936708860759,2,8
6.6,6,6,42,Pawan Negi,Shaun Marsh,0,True,5.0,43,Bangalore,M Chinnaswamy Stadium,False,True,42,6,7.0,39,5.571428571428571,20,139,100,13.0,7.6923076923076925,3,7
7.1,7,1,43,Samuel Badree,Manan Vohra,0,False,1.0,43,Bangalore,M Chinnaswamy Stadium,False,True,43,7,7.166666666666667,39,5.441860465116279,20,139,100,12.833333333333332,7.792207792207793,3,7
7.2,7,2,44,Samuel Badree,Manan Vohra,0,False,1.0,43,Bangalore,M Chinnaswamy Stadium,False,True,44,7,7.333333333333333,39,5.318181818181818,20,139,100,12.666666666666668,7.894736842105263,3,7
7.3,7,3,45,Samuel Badree,Manan Vohra,1,False,-0.5,43,Bangalore,M Chinnaswamy Stadium,False,True,45,7,7.5,40,5.333333333333333,20,139,99,12.5,7.92,3,7
7.4,7,4,46,Samuel Badree,Wriddhiman Saha,1,False,-0.5,43,Bangalore,M Chinnaswamy Stadium,False,True,46,7,7.666666666666667,41,5.3478260869565215,20,139,98,12.333333333333332,7.9459459459459465,3,7
7.5,7,5,47,Samuel Badree,Manan Vohra,1,False,-0.5,43,Bangalore,M Chinnaswamy Stadium,False,True,47,7,7.833333333333333,42,5.361702127659575,20,139,97,12.166666666666668,7.972602739726026,3,7
7.6,7,6,48,Samuel Badree,Wriddhiman Saha,0,False,1.0,43,Bangalore,M Chinnaswamy Stadium,False,True,48,7,8.0,42,5.25,20,139,97,12.0,8.083333333333334,3,7
8.1,8,1,49,Pawan Negi,Manan Vohra,0,False,1.0,43,Bangalore,M Chinnaswamy Stadium,False,True,49,8,8.166666666666666,42,5.142857142857143,20,139,97,11.833333333333334,8.197183098591548,3,7
8.2,8,2,50,Pawan Negi,Manan Vohra,2,False,-1.0,43,Bangalore,M Chinnaswamy Stadium,False,True,50,8,8.333333333333334,44,5.279999999999999,20,139,95,11.666666666666666,8.142857142857144,3,7
8.3,8,3,51,Pawan Negi,Manan Vohra,2,False,-1.0,43,Bangalore,M Chinnaswamy Stadium,False,True,51,8,8.5,46,5.411764705882353,20,139,93,11.5,8.08695652173913,3,7
8.4,8,4,52,Pawan Negi,Manan Vohra,0,False,1.0,43,Bangalore,M Chinnaswamy Stadium,False,True,52,8,8.666666666666666,46,5.307692307692308,20,139,93,11.333333333333334,8.205882352941176,3,7
8.5,8,5,53,Pawan Negi,Manan Vohra,6,False,-3.0,43,Bangalore,M Chinnaswamy Stadium,False,True,53,8,8.833333333333334,52,5.886792452830188,20,139,87,11.166666666666666,7.791044776119404,3,7
8.6,8,6,54,Pawan Negi,Manan Vohra,1,False,-0.5,43,Bangalore,M Chinnaswamy Stadium,False,True,54,8,9.0,53,5.888888888888889,20,139,86,11.0,7.818181818181818,3,7
9.1,9,1,55,Yuzvendra Chahal,Manan Vohra,0,False,1.0,43,Bangalore,M Chinnaswamy Stadium,False,True,55,9,9.166666666666666,53,5.781818181818182,20,139,86,10.833333333333334,7.938461538461538,3,7
9.2,9,2,56,Yuzvendra Chahal,Manan Vohra,1,False,-0.5,43,Bangalore,M Chinnaswamy Stadium,False,True,56,9,9.333333333333334,54,5.785714285714286,20,139,85,10.666666666666666,7.96875,3,7
9.3,9,3,57,Yuzvendra Chahal,Wriddhiman Saha,0,False,1.0,43,Bangalore,M Chinnaswamy Stadium,False,True,57,9,9.5,54,5.684210526315789,20,139,85,10.5,8.095238095238095,3,7
9.4,9,4,58,Yuzvendra Chahal,Wriddhiman Saha,0,False,1.0,43,Bangalore,M Chinnaswamy Stadium,False,True,58,9,9.666666666666666,54,5.586206896551724,20,139,85,10.333333333333334,8.225806451612902,3,7
9.5,9,5,59,Yuzvendra Chahal,Wriddhiman Saha,0,False,1.0,43,Bangalore,M Chinnaswamy Stadium,False,True,59,9,9.833333333333334,54,5.491525423728813,20,139,85,10.166666666666666,8.360655737704919,3,7
9.6,9,6,60,Yuzvendra Chahal,Wriddhiman Saha,1,False,-0.5,43,Bangalore,M Chinnaswamy Stadium,False,True,60,9,10.0,55,5.5,20,139,84,10.0,8.4,3,7
10.1,10,1,61,Shane Watson,Wriddhiman Saha,1,False,-0.5,43,Bangalore,M Chinnaswamy Stadium,False,True,61,10,10.166666666666666,56,5.508196721311475,20,139,83,9.833333333333334,8.440677966101694,3,7
10.2,10,2,62,Shane Watson,Manan Vohra,1,False,-0.5,43,Bangalore,M Chinnaswamy Stadium,False,True,62,10,10.333333333333334,57,5.516129032258064,20,139,82,9.666666666666666,8.482758620689655,3,7
10.3,10,3,63,Shane Watson,Wriddhiman Saha,1,False,-0.5,43,Bangalore,M Chinnaswamy Stadium,False,True,63,10,10.5,58,5.523809523809524,20,139,81,9.5,8.526315789473685,3,7
10.4,10,4,64,Shane Watson,Manan Vohra,1,False,-0.5,43,Bangalore,M Chinnaswamy Stadium,False,True,64,10,10.666666666666666,59,5.53125,20,139,80,9.333333333333334,8.571428571428571,3,7
10.5,10,5,65,Shane Watson,Wriddhiman Saha,1,False,-0.5,43,Bangalore,M Chinnaswamy Stadium,False,True,65,10,10.833333333333334,60,5.538461538461538,20,139,79,9.166666666666666,8.618181818181819,3,7
10.6,10,6,66,Shane Watson,Manan Vohra,0,False,1.0,43,Bangalore,M Chinnaswamy Stadium,False,True,66,10,11.0,60,5.454545454545454,20,139,79,9.0,8.777777777777779,3,7
11.1,11,1,67,Yuzvendra Chahal,Wriddhiman Saha,1,False,-0.5,43,Bangalore,M Chinnaswamy Stadium,False,True,67,11,11.166666666666666,61,5.462686567164179,20,139,78,8.833333333333334,8.830188679245282,3,7
11.2,11,2,68,Yuzvendra Chahal,Manan Vohra,0,True,5.0,43,Bangalore,M Chinnaswamy Stadium,False,True,68,11,11.333333333333334,61,5.38235294117647,20,139,78,8.666666666666666,9.0,4,6
11.3,11,3,69,Yuzvendra Chahal,Wriddhiman Saha,0,False,1.0,43,Bangalore,M Chinnaswamy Stadium,False,True,69,11,11.5,61,5.304347826086956,20,139,78,8.5,9.176470588235293,4,6
11.4,11,4,70,Yuzvendra Chahal,Wriddhiman Saha,0,False,1.0,43,Bangalore,M Chinnaswamy Stadium,False,True,70,11,11.666666666666666,61,5.228571428571429,20,139,78,8.333333333333334,9.36,4,6
11.5,11,5,71,Yuzvendra Chahal,Wriddhiman Saha,1,False,-0.5,43,Bangalore,M Chinnaswamy Stadium,False,True,71,11,11.833333333333334,62,5.23943661971831,20,139,77,8.166666666666666,9.428571428571429,4,6
11.6,11,6,72,Yuzvendra Chahal,Glenn Maxwell,1,False,-0.5,43,Bangalore,M Chinnaswamy Stadium,False,True,72,11,12.0,63,5.25,20,139,76,8.0,9.5,4,6
12.1,12,1,73,Pawan Negi,Glenn Maxwell,0,False,1.0,43,Bangalore,M Chinnaswamy Stadium,False,True,73,12,12.166666666666666,63,5.178082191780822,20,139,76,7.833333333333334,9.702127659574467,4,6
12.2,12,2,74,Pawan Negi,Glenn Maxwell,0,False,1.0,43,Bangalore,M Chinnaswamy Stadium,False,True,74,12,12.333333333333334,63,5.108108108108108,20,139,76,7.666666666666666,9.913043478260871,4,6
12.3,12,3,75,Pawan Negi,Glenn Maxwell,1,False,-0.5,43,Bangalore,M Chinnaswamy Stadium,False,True,75,12,12.5,64,5.12,20,139,75,7.5,10.0,4,6
12.4,12,4,76,Pawan Negi,Wriddhiman Saha,1,False,-0.5,43,Bangalore,M Chinnaswamy Stadium,False,True,76,12,12.666666666666666,65,5.131578947368421,20,139,74,7.333333333333334,10.09090909090909,4,6
12.5,12,5,77,Pawan Negi,Glenn Maxwell,4,False,-2.0,43,Bangalore,M Chinnaswamy Stadium,False,True,77,12,12.833333333333334,69,5.376623376623376,20,139,70,7.166666666666666,9.767441860465118,4,6
12.6,12,6,78,Pawan Negi,Glenn Maxwell,1,False,-0.25,43,Bangalore,M Chinnaswamy Stadium,False,True,78,12,13.0,70,5.384615384615385,20,139,69,7.0,9.857142857142858,4,6
13.1,13,1,79,Yuzvendra Chahal,Glenn Maxwell,4,False,-0.25,43,Bangalore,M Chinnaswamy Stadium,False,True,79,13,13.166666666666666,74,5.620253164556963,20,139,65,6.833333333333334,9.512195121951219,4,6
13.2,13,2,80,Yuzvendra Chahal,Glenn Maxwell,0,False,1.0,43,Bangalore,M Chinnaswamy Stadium,False,True,80,13,13.333333333333334,74,5.55,20,139,65,6.666666666666666,9.75,4,6
13.3,13,3,81,Yuzvendra Chahal,Glenn Maxwell,4,False,-0.25,43,Bangalore,M Chinnaswamy Stadium,False,True,81,13,13.5,78,5.777777777777778,20,139,61,6.5,9.384615384615385,4,6
13.4,13,4,82,Yuzvendra Chahal,Glenn Maxwell,0,False,1.0,43,Bangalore,M Chinnaswamy Stadium,False,True,82,13,13.666666666666666,78,5.707317073170732,20,139,61,6.333333333333334,9.63157894736842,4,6
13.5,13,5,83,Yuzvendra Chahal,Glenn Maxwell,0,True,5.0,43,Bangalore,M Chinnaswamy Stadium,False,True,83,13,13.833333333333334,78,5.63855421686747,20,139,61,6.166666666666666,9.891891891891893,5,5
13.6,13,6,84,Yuzvendra Chahal,Wriddhiman Saha,1,False,-0.5,43,Bangalore,M Chinnaswamy Stadium,False,True,84,13,14.0,79,5.642857142857143,20,139,60,6.0,10.0,5,5
14.1,14,1,85,Samuel Badree,Wriddhiman Saha,1,False,-0.5,43,Bangalore,M Chinnaswamy Stadium,False,True,85,14,14.166666666666666,80,5.647058823529412,20,139,59,5.833333333333334,10.114285714285714,5,5
14.2,14,2,86,Samuel Badree,Axar Patel,1,False,-0.5,43,Bangalore,M Chinnaswamy Stadium,False,True,86,14,14.333333333333334,81,5.651162790697674,20,139,58,5.666666666666666,10.23529411764706,5,5
14.3,14,3,87,Samuel Badree,Wriddhiman Saha,1,False,-0.5,43,Bangalore,M Chinnaswamy Stadium,False,True,87,14,14.5,82,5.655172413793103,20,139,57,5.5,10.363636363636363,5,5
14.4,14,4,88,Samuel Badree,Axar Patel,1,False,-0.5,43,Bangalore,M Chinnaswamy Stadium,False,True,88,14,14.666666666666666,83,5.659090909090909,20,139,56,5.333333333333334,10.499999999999998,5,5
14.5,14,5,89,Samuel Badree,Wriddhiman Saha,0,False,1.0,43,Bangalore,M Chinnaswamy Stadium,False,True,89,14,14.833333333333334,83,5.595505617977528,20,139,56,5.166666666666666,10.838709677419356,5,5
14.6,14,6,90,Samuel Badree,Wriddhiman Saha,1,False,-0.5,43,Bangalore,M Chinnaswamy Stadium,False,True,90,14,15.0,84,5.6,20,139,55,5.0,11.0,5,5
15.1,15,1,91,Yuzvendra Chahal,Wriddhiman Saha,1,False,-0.5,43,Bangalore,M Chinnaswamy Stadium,False,True,91,15,15.166666666666666,85,5.604395604395605,20,139,54,4.833333333333334,11.172413793103447,5,5
15.2,15,2,92,Yuzvendra Chahal,Axar Patel,1,False,-1.0,43,Bangalore,M Chinnaswamy Stadium,True,False,91,15,15.166666666666666,86,5.670329670329671,20,139,53,4.833333333333334,10.96551724137931,5,5
15.2,15,2,93,Yuzvendra Chahal,Axar Patel,0,False,1.0,43,Bangalore,M Chinnaswamy Stadium,False,True,92,15,15.333333333333334,86,5.608695652173913,20,139,53,4.666666666666666,11.35714285714286,5,5
15.3,15,3,94,Yuzvendra Chahal,Axar Patel,1,False,-1.0,43,Bangalore,M Chinnaswamy Stadium,True,False,92,15,15.333333333333334,87,5.673913043478261,20,139,52,4.666666666666666,11.142857142857144,5,5
15.3,15,3,95,Yuzvendra Chahal,Axar Patel,6,False,-3.0,43,Bangalore,M Chinnaswamy Stadium,False,True,93,15,15.5,93,6.0,20,139,46,4.5,10.222222222222221,5,5
15.4,15,4,96,Yuzvendra Chahal,Axar Patel,0,False,1.0,43,Bangalore,M Chinnaswamy Stadium,False,True,94,15,15.666666666666666,93,5.9361702127659575,20,139,46,4.333333333333334,10.615384615384613,5,5
15.5,15,5,97,Yuzvendra Chahal,Axar Patel,4,False,-2.0,43,Bangalore,M Chinnaswamy Stadium,False,True,95,15,15.833333333333334,97,6.126315789473684,20,139,42,4.166666666666666,10.080000000000002,5,5
15.6,15,6,98,Yuzvendra Chahal,Axar Patel,2,False,-1.0,43,Bangalore,M Chinnaswamy Stadium,False,True,96,15,16.0,99,6.1875,20,139,40,4.0,10.0,5,5
16.1,16,1,99,Aniket Choudhary,Wriddhiman Saha,1,False,-0.5,43,Bangalore,M Chinnaswamy Stadium,False,True,97,16,16.166666666666668,100,6.185567010309278,20,139,39,3.833333333333332,10.173913043478263,5,5
16.2,16,2,100,Aniket Choudhary,Axar Patel,2,False,-1.0,43,Bangalore,M Chinnaswamy Stadium,False,True,98,16,16.333333333333332,102,6.244897959183674,20,139,37,3.666666666666668,10.090909090909088,5,5
16.3,16,3,101,Aniket Choudhary,Axar Patel,1,False,-0.5,43,Bangalore,M Chinnaswamy Stadium,False,True,99,16,16.5,103,6.242424242424242,20,139,36,3.5,10.285714285714286,5,5
16.4,16,4,102,Aniket Choudhary,Wriddhiman Saha,4,False,-2.0,43,Bangalore,M Chinnaswamy Stadium,False,True,100,16,16.666666666666668,107,6.42,20,139,32,3.333333333333332,9.600000000000003,5,5
16.5,16,5,103,Aniket Choudhary,Wriddhiman Saha,1,False,-0.5,43,Bangalore,M Chinnaswamy Stadium,False,True,101,16,16.833333333333332,108,6.415841584158416,20,139,31,3.166666666666668,9.789473684210522,5,5
16.6,16,6,104,Aniket Choudhary,Axar Patel,2,False,-1.0,43,Bangalore,M Chinnaswamy Stadium,False,True,102,16,17.0,110,6.470588235294118,20,139,29,3.0,9.666666666666666,5,5
17.1,17,1,105,Shane Watson,Wriddhiman Saha,2,False,-1.0,43,Bangalore,M Chinnaswamy Stadium,False,True,103,17,17.166666666666668,112,6.524271844660194,20,139,27,2.833333333333332,9.529411764705886,5,5
17.2,17,2,106,Shane Watson,Wriddhiman Saha,0,True,5.0,43,Bangalore,M Chinnaswamy Stadium,False,True,104,17,17.333333333333332,112,6.461538461538462,20,139,27,2.666666666666668,10.124999999999995,6,4
17.3,17,3,107,Shane Watson,Mohit Sharma,1,False,-0.5,43,Bangalore,M Chinnaswamy Stadium,False,True,105,17,17.5,113,6.457142857142857,20,139,26,2.5,10.4,6,4
17.4,17,4,108,Shane Watson,Axar Patel,1,False,-0.5,43,Bangalore,M Chinnaswamy Stadium,False,True,106,17,17.666666666666668,114,6.452830188679245,20,139,25,2.333333333333332,10.714285714285719,6,4
17.5,17,5,109,Shane Watson,Mohit Sharma,4,False,-2.0,43,Bangalore,M Chinnaswamy Stadium,False,True,107,17,17.833333333333332,118,6.616822429906542,20,139,21,2.166666666666668,9.692307692307686,6,4
17.6,17,6,110,Shane Watson,Mohit Sharma,1,False,-0.5,43,Bangalore,M Chinnaswamy Stadium,False,True,108,17,18.0,119,6.611111111111111,20,139,20,2.0,10.0,6,4
18.1,18,1,111,Aniket Choudhary,Mohit Sharma,0,True,5.0,43,Bangalore,M Chinnaswamy Stadium,False,True,109,18,18.166666666666668,119,6.55045871559633,20,139,20,1.8333333333333321,10.909090909090915,7,3
18.2,18,2,112,Aniket Choudhary,Varun Aaron,0,False,1.0,43,Bangalore,M Chinnaswamy Stadium,False,True,110,18,18.333333333333332,119,6.490909090909091,20,139,20,1.6666666666666679,11.999999999999991,7,3
18.3,18,3,113,Aniket Choudhary,Varun Aaron,0,False,1.0,43,Bangalore,M Chinnaswamy Stadium,False,True,111,18,18.5,119,6.4324324324324325,20,139,20,1.5,13.333333333333334,7,3
18.4,18,4,114,Aniket Choudhary,Varun Aaron,0,False,1.0,43,Bangalore,M Chinnaswamy Stadium,False,True,112,18,18.666666666666668,119,6.375,20,139,20,1.3333333333333321,15.000000000000014,7,3
18.5,18,5,115,Aniket Choudhary,Varun Aaron,0,False,1.0,43,Bangalore,M Chinnaswamy Stadium,False,True,113,18,18.833333333333332,119,6.318584070796461,20,139,20,1.1666666666666679,17.142857142857125,7,3
18.6,18,6,116,Aniket Choudhary,Varun Aaron,0,False,1.0,43,Bangalore,M Chinnaswamy Stadium,False,True,114,18,19.0,119,6.2631578947368425,20,139,20,1.0,20.0,7,3
19.1,19,1,117,Shane Watson,Axar Patel,6,False,-3.0,43,Bangalore,M Chinnaswamy Stadium,False,True,115,19,19.166666666666668,125,6.521739130434782,20,139,14,0.8333333333333321,16.800000000000026,7,3
19.2,19,2,118,Shane Watson,Axar Patel,2,False,-1.0,43,Bangalore,M Chinnaswamy Stadium,False,True,116,19,19.333333333333332,127,6.56896551724138,20,139,12,0.6666666666666679,17.999999999999968,7,3
19.3,19,3,119,Shane Watson,Axar Patel,4,False,-2.0,43,Bangalore,M Chinnaswamy Stadium,False,True,117,19,19.5,131,6.717948717948718,20,139,8,0.5,16.0,7,3
19.4,19,4,120,Shane Watson,Axar Patel,4,False,-2.0,43,Bangalore,M Chinnaswamy Stadium,False,True,118,19,19.666666666666668,135,6.864406779661016,20,139,4,0.33333333333333215,12.000000000000043,7,3
19.5,19,5,121,Shane Watson,Axar Patel,1,False,-1.0,43,Bangalore,M Chinnaswamy Stadium,True,False,118,19,19.666666666666668,136,6.915254237288135,20,139,3,0.33333333333333215,9.000000000000032,7,3
19.5,19,5,122,Shane Watson,Axar Patel,2,False,-1.0,43,Bangalore,M Chinnaswamy Stadium,False,True,119,19,19.833333333333332,138,6.957983193277311,20,139,1,0.16666666666666785,5.999999999999957,7,3
19.6,19,6,123,Shane Watson,Axar Patel,0,False,1.0,43,Bangalore,M Chinnaswamy Stadium,False,True,120,19,20.0,138,6.9,20,139,1,0.0,inf,7,3
