Ball Number,over,ball,Ball,bowler,batsman,Runs,is_wicket,bowler_score,match_id,city,stadium,is_extra,legal_delivery,legal_deliveries_count,overs_completed,overs_bowled,total_runs,current_run_rate,total_overs,target,runs_needed,overs_remaining,required_run_rate,wickets_fallen,wickets_in_hand
0.1,0,1,1,Bhuvneshwar Kumar,Ajinkya Rahane,0,False,1.0,44,Uppal,Rajiv Gandhi International Stadium,False,True,1,0,0.16666666666666666,0,0.0,20,149,149,19.833333333333332,7.512605042016808,0,10
0.2,0,2,2,Bhuvneshwar Kumar,Ajinkya Rahane,0,False,1.0,44,Uppal,Rajiv Gandhi International Stadium,False,True,2,0,0.3333333333333333,0,0.0,20,149,149,19.666666666666668,7.576271186440677,0,10
0.3,0,3,3,Bhuvneshwar Kumar,Ajinkya Rahane,1,False,-0.5,44,Uppal,Rajiv Gandhi International Stadium,False,True,3,0,0.5,1,2.0,20,149,148,19.5,7.589743589743589,0,10
0.4,0,4,4,Bhuvneshwar Kumar,Rahul Tripathi,1,False,-0.5,44,Uppal,Rajiv Gandhi International Stadium,False,True,4,0,0.6666666666666666,2,3.0,20,149,147,19.333333333333332,7.603448275862069,0,10
0.5,0,5,5,Bhuvneshwar Kumar,Ajinkya Rahane,0,False,1.0,44,Uppal,Rajiv Gandhi International Stadium,False,True,5,0,0.8333333333333334,2,2.4,20,149,147,19.166666666666668,7.669565217391304,0,10
0.6,0,6,6,Bhuvneshwar Kumar,Ajinkya Rahane,1,False,-0.5,44,Uppal,Rajiv Gandhi International Stadium,False,True,6,0,1.0,3,3.0,20,149,146,19.0,7.684210526315789,0,10
1.1,1,1,7,Ashish Nehra,Ajinkya Rahane,2,False,-1.0,44,Uppal,Rajiv Gandhi International Stadium,False,True,7,1,1.1666666666666667,5,4.285714285714286,20,149,144,18.833333333333332,7.646017699115045,0,10
1.2,1,2,8,Ashish Nehra,Ajinkya Rahane,1,False,-0.5,44,Uppal,Rajiv Gandhi International Stadium,False,True,8,1,1.3333333333333333,6,4.5,20,149,143,18.666666666666668,7.660714285714286,0,10
1.3,1,3,9,Ashish Nehra,Rahul Tripathi,0,False,1.0,44,Uppal,Rajiv Gandhi International Stadium,False,True,9,1,1.5,6,4.0,20,149,143,18.5,7.72972972972973,0,10
1.4,1,4,10,Ashish Nehra,Rahul Tripathi,0,False,1.0,44,Uppal,Rajiv Gandhi International Stadium,False,True,10,1,1.6666666666666665,6,3.6000000000000005,20,149,143,18.333333333333332,7.800000000000001,0,10
1.5,1,5,11,Ashish Nehra,Rahul Tripathi,0,True,5.0,44,Uppal,Rajiv Gandhi International Stadium,False,True,11,1,1.8333333333333335,6,3.2727272727272725,20,149,143,18.166666666666668,7.871559633027522,1,9
1.6,1,6,12,Ashish Nehra,Steven Smith,0,False,1.0,44,Uppal,Rajiv Gandhi International Stadium,False,True,12,1,2.0,6,3.0,20,149,143,18.0,7.944444444444445,1,9
2.1,2,1,13,Bhuvneshwar Kumar,Ajinkya Rahane,1,False,-0.5,44,Uppal,Rajiv Gandhi International Stadium,False,True,13,2,2.1666666666666665,7,3.230769230769231,20,149,142,17.833333333333332,7.962616822429907,1,9
2.2,2,2,14,Bhuvneshwar Kumar,Steven Smith,1,False,-0.5,44,Uppal,Rajiv Gandhi International Stadium,False,True,14,2,2.3333333333333335,8,3.4285714285714284,20,149,141,17.666666666666668,7.981132075471698,1,9
2.3,2,3,15,Bhuvneshwar Kumar,Ajinkya Rahane,1,False,-0.5,44,Uppal,Rajiv Gandhi International Stadium,False,True,15,2,2.5,9,3.6,20,149,140,17.5,8.0,1,9
2.4,2,4,16,Bhuvneshwar Kumar,Steven Smith,1,False,-0.5,44,Uppal,Rajiv Gandhi International Stadium,False,True,16,2,2.6666666666666665,10,3.75,20,149,139,17.333333333333332,8.01923076923077,1,9
2.5,2,5,17,Bhuvneshwar Kumar,Ajinkya Rahane,1,False,-0.5,44,Uppal,Rajiv Gandhi International Stadium,False,True,17,2,2.8333333333333335,11,3.8823529411764706,20,149,138,17.166666666666668,8.03883495145631,1,9
2.6,2,6,18,Bhuvneshwar Kumar,Steven Smith,1,False,-0.5,44,Uppal,Rajiv Gandhi International Stadium,False,True,18,2,3.0,12,4.0,20,149,137,17.0,8.058823529411764,1,9
3.1,3,1,19,Siddarth Kaul,Steven Smith,2,False,-1.0,44,Uppal,Rajiv Gandhi International Stadium,False,True,19,3,3.1666666666666665,14,4.421052631578948,20,149,135,16.833333333333332,8.01980198019802,1,9
3.2,3,2,20,Siddarth Kaul,Steven Smith,0,False,1.0,44,Uppal,Rajiv Gandhi International Stadium,False,True,20,3,3.3333333333333335,14,4.2,20,149,135,16.666666666666668,8.1,1,9
3.3,3,3,21,Siddarth Kaul,Steven Smith,1,False,-0.5,44,Uppal,Rajiv Gandhi International Stadium,False,True,21,3,3.5,15,4.285714285714286,20,149,134,16.5,8.121212121212121,1,9
3.4,3,4,22,Siddarth Kaul,Ajinkya Rahane,2,False,-1.0,44,Uppal,Rajiv Gandhi International Stadium,False,True,22,3,3.6666666666666665,17,4.636363636363637,20,149,132,16.333333333333332,8.081632653061225,1,9
3.5,3,5,23,Siddarth Kaul,Ajinkya Rahane,1,False,-0.5,44,Uppal,Rajiv Gandhi International Stadium,False,True,23,3,3.8333333333333335,18,4.695652173913043,20,149,131,16.166666666666668,8.103092783505154,1,9
3.6,3,6,24,Siddarth Kaul,Steven Smith,1,False,-0.5,44,Uppal,Rajiv Gandhi International Stadium,False,True,24,3,4.0,19,4.75,20,149,130,16.0,8.125,1,9
4.1,4,1,25,Rashid Khan,Steven Smith,1,False,-0.5,44,Uppal,Rajiv Gandhi International Stadium,False,True,25,4,4.166666666666667,20,4.8,20,149,129,15.833333333333332,8.147368421052633,1,9
4.2,4,2,26,Rashid Khan,Ajinkya Rahane,1,False,-0.5,44,Uppal,Rajiv Gandhi International Stadium,False,True,26,4,4.333333333333333,21,4.846153846153847,20,149,128,15.666666666666668,8.170212765957446,1,9
4.3,4,3,27,Rashid Khan,Steven Smith,1,False,-0.5,44,Uppal,Rajiv Gandhi International Stadium,False,True,27,4,4.5,22,4.888888888888889,20,149,127,15.5,8.193548387096774,1,9
4.4,4,4,28,Rashid Khan,Ajinkya Rahane,1,False,-0.5,44,Uppal,Rajiv Gandhi International Stadium,False,True,28,4,4.666666666666667,23,4.928571428571428,20,149,126,15.333333333333332,8.217391304347826,1,9
4.5,4,5,29,Rashid Khan,Steven Smith,0,False,1.0,44,Uppal,Rajiv Gandhi International Stadium,False,True,29,4,4.833333333333333,23,4.758620689655173,20,149,126,15.166666666666668,8.307692307692307,1,9
4.6,4,6,30,Rashid Khan,Steven Smith,1,False,-0.5,44,Uppal,Rajiv Gandhi International Stadium,False,True,30,4,5.0,24,4.8,20,149,125,15.0,8.333333333333334,1,9
5.1,5,1,31,Ashish Nehra,Steven Smith,1,False,-0.5,44,Uppal,Rajiv Gandhi International Stadium,False,True,31,5,5.166666666666667,25,4.838709677419355,20,149,124,14.833333333333332,8.359550561797754,1,9
5.1,5,1,32,Ashish Nehra,Steven Smith,1,False,-1.0,44,Uppal,Rajiv Gandhi International Stadium,True,False,31,5,5.166666666666667,26,5.032258064516129,20,149,123,14.833333333333332,8.292134831460675,1,9
5.2,5,2,33,Moises Henriques,Ajinkya Rahane,0,False,1.0,44,Uppal,Rajiv Gandhi International Stadium,False,True,32,5,5.333333333333333,26,4.875,20,149,123,14.666666666666668,8.386363636363635,1,9
5.3,5,3,34,Moises Henriques,Ajinkya Rahane,6,False,-3.0,44,Uppal,Rajiv Gandhi International Stadium,False,True,33,5,5.5,32,5.818181818181818,20,149,117,14.5,8.068965517241379,1,9
5.4,5,4,35,Moises Henriques,Ajinkya Rahane,1,False,-0.5,44,Uppal,Rajiv Gandhi International Stadium,False,True,34,5,5.666666666666667,33,5.823529411764706,20,149,116,14.333333333333332,8.093023255813954,1,9
5.5,5,5,36,Moises Henriques,Steven Smith,1,False,-0.5,44,Uppal,Rajiv Gandhi International Stadium,False,True,35,5,5.833333333333333,34,5.828571428571429,20,149,115,14.166666666666668,8.117647058823529,1,9
5.6,5,6,37,Moises Henriques,Ajinkya Rahane,1,False,-0.5,44,Uppal,Rajiv Gandhi International Stadium,False,True,36,5,6.0,35,5.833333333333333,20,149,114,14.0,8.142857142857142,1,9
6.1,6,1,38,Bipul Sharma,Ajinkya Rahane,1,False,-0.5,44,Uppal,Rajiv Gandhi International Stadium,False,True,37,6,6.166666666666667,36,5.837837837837838,20,149,113,13.833333333333332,8.168674698795181,1,9
6.2,6,2,39,Bipul Sharma,Steven Smith,2,False,-1.0,44,Uppal,Rajiv Gandhi International Stadium,False,True,38,6,6.333333333333333,38,6.0,20,149,111,13.666666666666668,8.121951219512194,1,9
6.3,6,3,40,Bipul Sharma,Steven Smith,1,False,-0.5,44,Uppal,Rajiv Gandhi International Stadium,False,True,39,6,6.5,39,6.0,20,149,110,13.5,8.148148148148149,1,9
6.4,6,4,41,Bipul Sharma,Ajinkya Rahane,0,True,5.0,44,Uppal,Rajiv Gandhi International Stadium,False,True,40,6,6.666666666666667,39,5.85,20,149,110,13.333333333333332,8.25,2,8
6.5,6,5,42,Bipul Sharma,Steven Smith,1,False,-0.5,44,Uppal,Rajiv Gandhi International Stadium,False,True,41,6,6.833333333333333,40,5.853658536585366,20,149,109,13.166666666666668,8.278481012658228,2,8
6.6,6,6,43,Bipul Sharma,Ben Stokes,0,False,1.0,44,Uppal,Rajiv Gandhi International Stadium,False,True,42,6,7.0,40,5.714285714285714,20,149,109,13.0,8.384615384615385,2,8
7.1,7,1,44,Moises Henriques,Steven Smith,0,False,1.0,44,Uppal,Rajiv Gandhi International Stadium,False,True,43,7,7.166666666666667,40,5.5813953488372094,20,149,109,12.833333333333332,8.493506493506494,2,8
7.2,7,2,45,Moises Henriques,Steven Smith,1,False,-0.5,44,Uppal,Rajiv Gandhi International Stadium,False,True,44,7,7.333333333333333,41,5.590909090909091,20,149,108,12.666666666666668,8.526315789473683,2,8
7.3,7,3,46,Moises Henriques,Ben Stokes,0,False,1.0,44,Uppal,Rajiv Gandhi International Stadium,False,True,45,7,7.5,41,5.466666666666667,20,149,108,12.5,8.64,2,8
7.4,7,4,47,Moises Henriques,Ben Stokes,1,False,-0.5,44,Uppal,Rajiv Gandhi International Stadium,False,True,46,7,7.666666666666667,42,5.478260869565217,20,149,107,12.333333333333332,8.675675675675677,2,8
7.5,7,5,48,Moises Henriques,Steven Smith,1,False,-0.5,44,Uppal,Rajiv Gandhi International Stadium,False,True,47,7,7.833333333333333,43,5.48936170212766,20,149,106,12.166666666666668,8.712328767123287,2,8
7.6,7,6,49,Moises Henriques,Ben Stokes,0,False,1.0,44,Uppal,Rajiv Gandhi International Stadium,False,True,48,7,8.0,43,5.375,20,149,106,12.0,8.833333333333334,2,8
8.1,8,1,50,Bipul Sharma,Steven Smith,1,False,-0.25,44,Uppal,Rajiv Gandhi International Stadium,False,True,49,8,8.166666666666666,44,5.387755102040817,20,149,105,11.833333333333334,8.873239436619718,2,8
8.2,8,2,51,Bipul Sharma,Ben Stokes,0,False,1.0,44,Uppal,Rajiv Gandhi International Stadium,False,True,50,8,8.333333333333334,44,5.279999999999999,20,149,105,11.666666666666666,9.0,2,8
8.3,8,3,52,Bipul Sharma,Ben Stokes,1,False,-0.5,44,Uppal,Rajiv Gandhi International Stadium,False,True,51,8,8.5,45,5.294117647058823,20,149,104,11.5,9.043478260869565,2,8
8.4,8,4,53,Bipul Sharma,Steven Smith,0,False,1.0,44,Uppal,Rajiv Gandhi International Stadium,False,True,52,8,8.666666666666666,45,5.1923076923076925,20,149,104,11.333333333333334,9.176470588235293,2,8
8.5,8,5,54,Bipul Sharma,Steven Smith,2,False,-1.0,44,Uppal,Rajiv Gandhi International Stadium,False,True,53,8,8.833333333333334,47,5.320754716981131,20,149,102,11.166666666666666,9.134328358208956,2,8
8.6,8,6,55,Bipul Sharma,Steven Smith,1,False,-0.5,44,Uppal,Rajiv Gandhi International Stadium,False,True,54,8,9.0,48,5.333333333333333,20,149,101,11.0,9.181818181818182,2,8
9.1,9,1,56,Moises Henriques,Steven Smith,0,False,1.0,44,Uppal,Rajiv Gandhi International Stadium,False,True,55,9,9.166666666666666,48,5.236363636363636,20,149,101,10.833333333333334,9.323076923076922,2,8
9.2,9,2,57,Moises Henriques,Steven Smith,1,False,-0.5,44,Uppal,Rajiv Gandhi International Stadium,False,True,56,9,9.333333333333334,49,5.25,20,149,100,10.666666666666666,9.375,2,8
9.3,9,3,58,Moises Henriques,Ben Stokes,0,False,1.0,44,Uppal,Rajiv Gandhi International Stadium,False,True,57,9,9.5,49,5.157894736842105,20,149,100,10.5,9.523809523809524,2,8
9.4,9,4,59,Moises Henriques,Ben Stokes,1,False,-0.5,44,Uppal,Rajiv Gandhi International Stadium,False,True,58,9,9.666666666666666,50,5.172413793103448,20,149,99,10.333333333333334,9.580645161290322,2,8
9.5,9,5,60,Moises Henriques,Steven Smith,1,False,-0.5,44,Uppal,Rajiv Gandhi International Stadium,False,True,59,9,9.833333333333334,51,5.186440677966101,20,149,98,10.166666666666666,9.639344262295083,2,8
9.6,9,6,61,Moises Henriques,Ben Stokes,0,False,1.0,44,Uppal,Rajiv Gandhi International Stadium,False,True,60,9,10.0,51,5.1,20,149,98,10.0,9.8,2,8
10.1,10,1,62,Bipul Sharma,Steven Smith,1,False,-0.5,44,Uppal,Rajiv Gandhi International Stadium,False,True,61,10,10.166666666666666,52,5.114754098360656,20,149,97,9.833333333333334,9.864406779661016,2,8
10.2,10,2,63,Bipul Sharma,Ben Stokes,6,False,-3.0,44,Uppal,Rajiv Gandhi International Stadium,False,True,62,10,10.333333333333334,58,5.612903225806451,20,149,91,9.666666666666666,9.413793103448276,2,8
10.3,10,3,64,Bipul Sharma,Ben Stokes,6,False,-3.0,44,Uppal,Rajiv Gandhi International Stadium,False,True,63,10,10.5,64,6.095238095238095,20,149,85,9.5,8.947368421052632,2,8
10.4,10,4,65,Bipul Sharma,Ben Stokes,1,False,-0.5,44,Uppal,Rajiv Gandhi International Stadium,False,True,64,10,10.666666666666666,65,6.09375,20,149,84,9.333333333333334,9.0,2,8
10.5,10,5,66,Bipul Sharma,Steven Smith,1,False,-0.5,44,Uppal,Rajiv Gandhi International Stadium,False,True,65,10,10.833333333333334,66,6.092307692307692,20,149,83,9.166666666666666,9.054545454545455,2,8
10.6,10,6,67,Bipul Sharma,Ben Stokes,2,False,-1.0,44,Uppal,Rajiv Gandhi International Stadium,False,True,66,10,11.0,68,6.181818181818182,20,149,81,9.0,9.0,2,8
11.1,11,1,68,Rashid Khan,Steven Smith,1,False,-0.5,44,Uppal,Rajiv Gandhi International Stadium,False,True,67,11,11.166666666666666,69,6.179104477611941,20,149,80,8.833333333333334,9.056603773584905,2,8
11.2,11,2,69,Rashid Khan,Ben Stokes,0,False,1.0,44,Uppal,Rajiv Gandhi International Stadium,False,True,68,11,11.333333333333334,69,6.088235294117647,20,149,80,8.666666666666666,9.230769230769232,2,8
11.3,11,3,70,Rashid Khan,Ben Stokes,1,False,-0.5,44,Uppal,Rajiv Gandhi International Stadium,False,True,69,11,11.5,70,6.086956521739131,20,149,79,8.5,9.294117647058824,2,8
11.4,11,4,71,Rashid Khan,Steven Smith,2,False,-1.0,44,Uppal,Rajiv Gandhi International Stadium,False,True,70,11,11.666666666666666,72,6.171428571428572,20,149,77,8.333333333333334,9.24,2,8
11.5,11,5,72,Rashid Khan,Steven Smith,0,False,1.0,44,Uppal,Rajiv Gandhi International Stadium,False,True,71,11,11.833333333333334,72,6.084507042253521,20,149,77,8.166666666666666,9.428571428571429,2,8
11.6,11,6,73,Rashid Khan,Steven Smith,1,False,-0.5,44,Uppal,Rajiv Gandhi International Stadium,False,True,72,11,12.0,73,6.083333333333333,20,149,76,8.0,9.5,2,8
12.1,12,1,74,Bipul Sharma,Steven Smith,1,False,-0.5,44,Uppal,Rajiv Gandhi International Stadium,False,True,73,12,12.166666666666666,74,6.082191780821918,20,149,75,7.833333333333334,9.574468085106382,2,8
12.2,12,2,75,Bipul Sharma,Ben Stokes,1,False,-0.5,44,Uppal,Rajiv Gandhi International Stadium,False,True,74,12,12.333333333333334,75,6.081081081081081,20,149,74,7.666666666666666,9.652173913043478,2,8
12.3,12,3,76,Bipul Sharma,Steven Smith,1,False,-0.5,44,Uppal,Rajiv Gandhi International Stadium,False,True,75,12,12.5,76,6.08,20,149,73,7.5,9.733333333333333,2,8
12.4,12,4,77,Bipul Sharma,Ben Stokes,6,False,-3.0,44,Uppal,Rajiv Gandhi International Stadium,False,True,76,12,12.666666666666666,82,6.473684210526316,20,149,67,7.333333333333334,9.136363636363635,2,8
12.5,12,5,78,Bipul Sharma,Ben Stokes,2,False,-1.0,44,Uppal,Rajiv Gandhi International Stadium,False,True,77,12,12.833333333333334,84,6.545454545454545,20,149,65,7.166666666666666,9.069767441860465,2,8
12.6,12,6,79,Bipul Sharma,Ben Stokes,2,False,-1.0,44,Uppal,Rajiv Gandhi International Stadium,False,True,78,12,13.0,86,6.615384615384615,20,149,63,7.0,9.0,2,8
13.1,13,1,80,Siddarth Kaul,Steven Smith,1,False,-0.5,44,Uppal,Rajiv Gandhi International Stadium,False,True,79,13,13.166666666666666,87,6.607594936708861,20,149,62,6.833333333333334,9.073170731707316,2,8
13.2,13,2,81,Siddarth Kaul,Ben Stokes,2,False,-1.0,44,Uppal,Rajiv Gandhi International Stadium,False,True,80,13,13.333333333333334,89,6.675,20,149,60,6.666666666666666,9.0,2,8
13.3,13,3,82,Siddarth Kaul,Ben Stokes,4,False,-2.0,44,Uppal,Rajiv Gandhi International Stadium,False,True,81,13,13.5,93,6.888888888888889,20,149,56,6.5,8.615384615384615,2,8
13.4,13,4,83,Siddarth Kaul,Ben Stokes,1,False,-0.5,44,Uppal,Rajiv Gandhi International Stadium,False,True,82,13,13.666666666666666,94,6.878048780487805,20,149,55,6.333333333333334,8.68421052631579,2,8
13.5,13,5,84,Siddarth Kaul,Steven Smith,1,False,-0.5,44,Uppal,Rajiv Gandhi International Stadium,False,True,83,13,13.833333333333334,95,6.867469879518072,20,149,54,6.166666666666666,8.756756756756758,2,8
13.6,13,6,85,Siddarth Kaul,Ben Stokes,1,False,-1.0,44,Uppal,Rajiv Gandhi International Stadium,True,False,83,13,13.833333333333334,96,6.9397590361445785,20,149,53,6.166666666666666,8.594594594594595,2,8
13.6,13,6,86,Siddarth Kaul,Ben Stokes,2,False,-1.0,44,Uppal,Rajiv Gandhi International Stadium,False,True,84,13,14.0,98,7.0,20,149,51,6.0,8.5,2,8
14.1,14,1,87,Rashid Khan,Steven Smith,1,False,-0.5,44,Uppal,Rajiv Gandhi International Stadium,False,True,85,14,14.166666666666666,99,6.988235294117647,20,149,50,5.833333333333334,8.571428571428571,2,8
14.2,14,2,88,Rashid Khan,Ben Stokes,0,False,1.0,44,Uppal,Rajiv Gandhi International Stadium,False,True,86,14,14.333333333333334,99,6.906976744186046,20,149,50,5.666666666666666,8.823529411764707,2,8
14.3,14,3,89,Rashid Khan,Ben Stokes,0,True,5.0,44,Uppal,Rajiv Gandhi International Stadium,False,True,87,14,14.5,99,6.827586206896552,20,149,50,5.5,9.090909090909092,3,7
14.4,14,4,90,Rashid Khan,MS Dhoni,0,False,1.0,44,Uppal,Rajiv Gandhi International Stadium,False,True,88,14,14.666666666666666,99,6.75,20,149,50,5.333333333333334,9.374999999999998,3,7
14.5,14,5,91,Rashid Khan,MS Dhoni,0,False,1.0,44,Uppal,Rajiv Gandhi International Stadium,False,True,89,14,14.833333333333334,99,6.674157303370786,20,149,50,5.166666666666666,9.67741935483871,3,7
14.6,14,6,92,Rashid Khan,MS Dhoni,1,False,-0.5,44,Uppal,Rajiv Gandhi International Stadium,False,True,90,14,15.0,100,6.666666666666667,20,149,49,5.0,9.8,3,7
15.1,15,1,93,Siddarth Kaul,MS Dhoni,0,False,1.0,44,Uppal,Rajiv Gandhi International Stadium,False,True,91,15,15.166666666666666,100,6.593406593406594,20,149,49,4.833333333333334,10.137931034482758,3,7
15.2,15,2,94,Siddarth Kaul,MS Dhoni,0,False,1.0,44,Uppal,Rajiv Gandhi International Stadium,False,True,92,15,15.333333333333334,100,6.521739130434782,20,149,49,4.666666666666666,10.500000000000002,3,7
15.3,15,3,95,Siddarth Kaul,MS Dhoni,1,False,-0.5,44,Uppal,Rajiv Gandhi International Stadium,False,True,93,15,15.5,101,6.516129032258065,20,149,48,4.5,10.666666666666666,3,7
15.4,15,4,96,Siddarth Kaul,Steven Smith,0,True,5.0,44,Uppal,Rajiv Gandhi International Stadium,False,True,94,15,15.666666666666666,101,6.446808510638298,20,149,48,4.333333333333334,11.076923076923075,4,6
15.5,15,5,97,Siddarth Kaul,Dan Christian,4,False,-2.0,44,Uppal,Rajiv Gandhi International Stadium,False,True,95,15,15.833333333333334,105,6.631578947368421,20,149,44,4.166666666666666,10.560000000000002,4,6
15.6,15,6,98,Siddarth Kaul,Dan Christian,0,True,5.0,44,Uppal,Rajiv Gandhi International Stadium,False,True,96,15,16.0,105,6.5625,20,149,44,4.0,11.0,5,5
16.1,16,1,99,Bhuvneshwar Kumar,Manoj Tiwary,1,False,-0.5,44,Uppal,Rajiv Gandhi International Stadium,False,True,97,16,16.166666666666668,106,6.556701030927835,20,149,43,3.833333333333332,11.21739130434783,5,5
16.2,16,2,100,Bhuvneshwar Kumar,MS Dhoni,2,False,-1.0,44,Uppal,Rajiv Gandhi International Stadium,False,True,98,16,16.333333333333332,108,6.612244897959184,20,149,41,3.666666666666668,11.181818181818178,5,5
16.3,16,3,101,Bhuvneshwar Kumar,MS Dhoni,2,False,-1.0,44,Uppal,Rajiv Gandhi International Stadium,False,True,99,16,16.5,110,6.666666666666667,20,149,39,3.5,11.142857142857142,5,5
16.4,16,4,102,Bhuvneshwar Kumar,MS Dhoni,1,False,-1.0,44,Uppal,Rajiv Gandhi International Stadium,True,False,99,16,16.5,111,6.7272727272727275,20,149,38,3.5,10.857142857142858,5,5
16.4,16,4,103,Bhuvneshwar Kumar,MS Dhoni,0,False,1.0,44,Uppal,Rajiv Gandhi International Stadium,False,True,100,16,16.666666666666668,111,6.659999999999999,20,149,38,3.333333333333332,11.400000000000004,5,5
16.5,16,5,104,Bhuvneshwar Kumar,MS Dhoni,1,False,-0.5,44,Uppal,Rajiv Gandhi International Stadium,False,True,101,16,16.833333333333332,112,6.653465346534654,20,149,37,3.166666666666668,11.684210526315786,5,5
16.6,16,6,105,Bhuvneshwar Kumar,Manoj Tiwary,4,False,-2.0,44,Uppal,Rajiv Gandhi International Stadium,False,True,102,16,17.0,116,6.823529411764706,20,149,33,3.0,11.0,5,5
17.1,17,1,106,Rashid Khan,MS Dhoni,1,False,-0.5,44,Uppal,Rajiv Gandhi International Stadium,False,True,103,17,17.166666666666668,117,6.815533980582524,20,149,32,2.833333333333332,11.294117647058828,5,5
17.2,17,2,107,Rashid Khan,Manoj Tiwary,2,False,-1.0,44,Uppal,Rajiv Gandhi International Stadium,False,True,104,17,17.333333333333332,119,6.865384615384616,20,149,30,2.666666666666668,11.249999999999995,5,5
17.3,17,3,108,Rashid Khan,Manoj Tiwary,1,False,-0.5,44,Uppal,Rajiv Gandhi International Stadium,False,True,105,17,17.5,120,6.857142857142857,20,149,29,2.5,11.6,5,5
17.4,17,4,109,Rashid Khan,MS Dhoni,0,False,1.0,44,Uppal,Rajiv Gandhi International Stadium,False,True,106,17,17.666666666666668,120,6.792452830188679,20,149,29,2.333333333333332,12.428571428571434,5,5
17.5,17,5,110,Rashid Khan,MS Dhoni,2,False,-1.0,44,Uppal,Rajiv Gandhi International Stadium,False,True,107,17,17.833333333333332,122,6.841121495327103,20,149,27,2.166666666666668,12.461538461538455,5,5
17.6,17,6,111,Rashid Khan,MS Dhoni,1,False,-0.25,44,Uppal,Rajiv Gandhi International Stadium,False,True,108,17,18.0,123,6.833333333333333,20,149,26,2.0,13.0,5,5
18.1,18,1,112,Bhuvneshwar Kumar,MS Dhoni,0,False,1.0,44,Uppal,Rajiv Gandhi International Stadium,False,True,109,18,18.166666666666668,123,6.770642201834862,20,149,26,1.8333333333333321,14.18181818181819,5,5
18.2,18,2,113,Bhuvneshwar Kumar,MS Dhoni,4,False,-2.0,44,Uppal,Rajiv Gandhi International Stadium,False,True,110,18,18.333333333333332,127,6.927272727272728,20,149,22,1.6666666666666679,13.19999999999999,5,5
18.3,18,3,114,Bhuvneshwar Kumar,MS Dhoni,1,False,-1.0,44,Uppal,Rajiv Gandhi International Stadium,True,False,110,18,18.333333333333332,128,6.981818181818182,20,149,21,1.6666666666666679,12.59999999999999,5,5
18.3,18,3,115,Bhuvneshwar Kumar,MS Dhoni,6,False,-3.0,44,Uppal,Rajiv Gandhi International Stadium,False,True,111,18,18.5,134,7.243243243243243,20,149,15,1.5,10.0,5,5
18.4,18,4,116,Bhuvneshwar Kumar,MS Dhoni,6,False,-3.0,44,Uppal,Rajiv Gandhi International Stadium,False,True,112,18,18.666666666666668,140,7.499999999999999,20,149,9,1.3333333333333321,6.750000000000006,5,5
18.5,18,5,117,Bhuvneshwar Kumar,MS Dhoni,1,False,-0.5,44,Uppal,Rajiv Gandhi International Stadium,False,True,113,18,18.833333333333332,141,7.486725663716815,20,149,8,1.1666666666666679,6.8571428571428505,5,5
18.6,18,6,118,Bhuvneshwar Kumar,Manoj Tiwary,0,True,5.0,44,Uppal,Rajiv Gandhi International Stadium,False,True,114,18,19.0,141,7.421052631578948,20,149,8,1.0,8.0,6,4
19.1,19,1,119,Siddarth Kaul,Washington Sundar,1,False,-0.5,44,Uppal,Rajiv Gandhi International Stadium,False,True,115,19,19.166666666666668,142,7.408695652173913,20,149,7,0.8333333333333321,8.400000000000013,6,4
19.2,19,2,120,Siddarth Kaul,MS Dhoni,4,False,-2.0,44,Uppal,Rajiv Gandhi International Stadium,False,True,116,19,19.333333333333332,146,7.551724137931035,20,149,3,0.6666666666666679,4.499999999999992,6,4
19.3,19,3,121,Siddarth Kaul,MS Dhoni,0,True,5.0,44,Uppal,Rajiv Gandhi International Stadium,False,True,117,19,19.5,146,7.487179487179487,20,149,3,0.5,6.0,7,3
19.4,19,4,122,Siddarth Kaul,Shardul Thakur,0,True,5.0,44,Uppal,Rajiv Gandhi International Stadium,False,True,118,19,19.666666666666668,146,7.423728813559322,20,149,3,0.33333333333333215,9.000000000000032,8,2
19.5,19,5,123,Siddarth Kaul,Washington Sundar,0,False,1.0,44,Uppal,Rajiv Gandhi International Stadium,False,True,119,19,19.833333333333332,146,7.3613445378151265,20,149,3,0.16666666666666785,17.999999999999872,8,2
19.6,19,6,124,Siddarth Kaul,Washington Sundar,1,False,-0.25,44,Uppal,Rajiv Gandhi International Stadium,False,True,120,19,20.0,147,7.35,20,149,2,0.0,inf,8,2
