Ball Number,over,ball,Ball,bowler,batsman,Runs,is_wicket,bowler_score,match_id,city,stadium,is_extra,legal_delivery,legal_deliveries_count,overs_completed,overs_bowled,total_runs,current_run_rate,total_overs,target,runs_needed,overs_remaining,required_run_rate,wickets_fallen,wickets_in_hand
0.1,0,1,1,Aniket Choudhary,Chris Lynn,0,False,1.0,46,Bangalore,M Chinnaswamy Stadium,False,True,1,0,0.16666666666666666,0,0.0,20,159,159,19.833333333333332,8.016806722689076,0,10
0.2,0,2,2,Aniket Choudhary,Chris Lynn,4,False,-2.0,46,Bangalore,M Chinnaswamy Stadium,False,True,2,0,0.3333333333333333,4,12.0,20,159,155,19.666666666666668,7.881355932203389,0,10
0.3,0,3,3,Aniket Choudhary,Chris Lynn,4,False,-2.0,46,Bangalore,M Chinnaswamy Stadium,False,True,3,0,0.5,8,16.0,20,159,151,19.5,7.743589743589744,0,10
0.4,0,4,4,Aniket Choudhary,Chris Lynn,6,False,-3.0,46,Bangalore,M Chinnaswamy Stadium,False,True,4,0,0.6666666666666666,14,21.0,20,159,145,19.333333333333332,7.500000000000001,0,10
0.5,0,5,5,Aniket Choudhary,Chris Lynn,0,False,1.0,46,Bangalore,M Chinnaswamy Stadium,False,True,5,0,0.8333333333333334,14,16.8,20,159,145,19.166666666666668,7.565217391304348,0,10
0.6,0,6,6,Aniket Choudhary,Chris Lynn,0,False,1.0,46,Bangalore,M Chinnaswamy Stadium,False,True,6,0,1.0,14,14.0,20,159,145,19.0,7.631578947368421,0,10
1.1,1,1,7,Samuel Badree,Sunil Narine,0,False,1.0,46,Bangalore,M Chinnaswamy Stadium,False,True,7,1,1.1666666666666667,14,12.0,20,159,145,18.833333333333332,7.6991150442477885,0,10
1.2,1,2,8,Samuel Badree,Sunil Narine,0,False,1.0,46,Bangalore,M Chinnaswamy Stadium,False,True,8,1,1.3333333333333333,14,10.5,20,159,145,18.666666666666668,7.767857142857142,0,10
1.3,1,3,9,Samuel Badree,Sunil Narine,4,False,-2.0,46,Bangalore,M Chinnaswamy Stadium,False,True,9,1,1.5,18,12.0,20,159,141,18.5,7.621621621621622,0,10
1.4,1,4,10,Samuel Badree,Sunil Narine,1,False,-0.5,46,Bangalore,M Chinnaswamy Stadium,False,True,10,1,1.6666666666666665,19,11.4,20,159,140,18.333333333333332,7.636363636363637,0,10
1.5,1,5,11,Samuel Badree,Chris Lynn,0,False,1.0,46,Bangalore,M Chinnaswamy Stadium,False,True,11,1,1.8333333333333335,19,10.363636363636363,20,159,140,18.166666666666668,7.706422018348623,0,10
1.6,1,6,12,Samuel Badree,Chris Lynn,1,False,-0.5,46,Bangalore,M Chinnaswamy Stadium,False,True,12,1,2.0,20,10.0,20,159,139,18.0,7.722222222222222,0,10
2.1,2,1,13,Yuzvendra Chahal,Chris Lynn,0,False,1.0,46,Bangalore,M Chinnaswamy Stadium,False,True,13,2,2.1666666666666665,20,9.230769230769232,20,159,139,17.833333333333332,7.794392523364486,0,10
2.2,2,2,14,Yuzvendra Chahal,Chris Lynn,4,False,-2.0,46,Bangalore,M Chinnaswamy Stadium,False,True,14,2,2.3333333333333335,24,10.285714285714285,20,159,135,17.666666666666668,7.641509433962264,0,10
2.3,2,3,15,Yuzvendra Chahal,Chris Lynn,0,False,1.0,46,Bangalore,M Chinnaswamy Stadium,False,True,15,2,2.5,24,9.6,20,159,135,17.5,7.714285714285714,0,10
2.4,2,4,16,Yuzvendra Chahal,Chris Lynn,6,False,-3.0,46,Bangalore,M Chinnaswamy Stadium,False,True,16,2,2.6666666666666665,30,11.25,20,159,129,17.333333333333332,7.4423076923076925,0,10
2.5,2,5,17,Yuzvendra Chahal,Chris Lynn,0,False,1.0,46,Bangalore,M Chinnaswamy Stadium,False,True,17,2,2.8333333333333335,30,10.588235294117647,20,159,129,17.166666666666668,7.514563106796116,0,10
2.6,2,6,18,Yuzvendra Chahal,Chris Lynn,4,False,-2.0,46,Bangalore,M Chinnaswamy Stadium,False,True,18,2,3.0,34,11.333333333333334,20,159,125,17.0,7.352941176470588,0,10
3.1,3,1,19,Samuel Badree,Sunil Narine,6,False,-3.0,46,Bangalore,M Chinnaswamy Stadium,False,True,19,3,3.1666666666666665,40,12.631578947368421,20,159,119,16.833333333333332,7.069306930693069,0,10
3.2,3,2,20,Samuel Badree,Sunil Narine,6,False,-3.0,46,Bangalore,M Chinnaswamy Stadium,False,True,20,3,3.3333333333333335,46,13.799999999999999,20,159,113,16.666666666666668,6.779999999999999,0,10
3.3,3,3,21,Samuel Badree,Sunil Narine,6,False,-3.0,46,Bangalore,M Chinnaswamy Stadium,False,True,21,3,3.5,52,14.857142857142858,20,159,107,16.5,6.484848484848484,0,10
3.4,3,4,22,Samuel Badree,Sunil Narine,4,False,-2.0,46,Bangalore,M Chinnaswamy Stadium,False,True,22,3,3.6666666666666665,56,15.272727272727273,20,159,103,16.333333333333332,6.306122448979592,0,10
3.5,3,5,23,Samuel Badree,Sunil Narine,2,False,-1.0,46,Bangalore,M Chinnaswamy Stadium,False,True,23,3,3.8333333333333335,58,15.130434782608695,20,159,101,16.166666666666668,6.24742268041237,0,10
3.6,3,6,24,Samuel Badree,Sunil Narine,1,False,-0.5,46,Bangalore,M Chinnaswamy Stadium,False,True,24,3,4.0,59,14.75,20,159,100,16.0,6.25,0,10
4.1,4,1,25,Sreenath Aravind,Sunil Narine,2,False,-1.0,46,Bangalore,M Chinnaswamy Stadium,False,True,25,4,4.166666666666667,61,14.639999999999999,20,159,98,15.833333333333332,6.189473684210527,0,10
4.2,4,2,26,Sreenath Aravind,Sunil Narine,4,False,-2.0,46,Bangalore,M Chinnaswamy Stadium,False,True,26,4,4.333333333333333,65,15.000000000000002,20,159,94,15.666666666666668,5.999999999999999,0,10
4.3,4,3,27,Sreenath Aravind,Sunil Narine,4,False,-2.0,46,Bangalore,M Chinnaswamy Stadium,False,True,27,4,4.5,69,15.333333333333334,20,159,90,15.5,5.806451612903226,0,10
4.4,4,4,28,Sreenath Aravind,Sunil Narine,4,False,-2.0,46,Bangalore,M Chinnaswamy Stadium,False,True,28,4,4.666666666666667,73,15.642857142857142,20,159,86,15.333333333333332,5.608695652173913,0,10
4.5,4,5,29,Sreenath Aravind,Sunil Narine,1,False,-1.0,46,Bangalore,M Chinnaswamy Stadium,True,False,28,4,4.666666666666667,74,15.857142857142856,20,159,85,15.333333333333332,5.543478260869565,0,10
4.5,4,5,30,Sreenath Aravind,Sunil Narine,1,False,-1.0,46,Bangalore,M Chinnaswamy Stadium,True,False,28,4,4.666666666666667,75,16.07142857142857,20,159,84,15.333333333333332,5.478260869565218,0,10
4.5,4,5,31,Sreenath Aravind,Sunil Narine,6,False,-3.0,46,Bangalore,M Chinnaswamy Stadium,False,True,29,4,4.833333333333333,81,16.758620689655174,20,159,78,15.166666666666668,5.142857142857142,0,10
4.6,4,6,32,Sreenath Aravind,Sunil Narine,4,False,-2.0,46,Bangalore,M Chinnaswamy Stadium,False,True,30,4,5.0,85,17.0,20,159,74,15.0,4.933333333333334,0,10
5.1,5,1,33,Yuzvendra Chahal,Chris Lynn,6,False,-3.0,46,Bangalore,M Chinnaswamy Stadium,False,True,31,5,5.166666666666667,91,17.612903225806452,20,159,68,14.833333333333332,4.584269662921349,0,10
5.2,5,2,34,Yuzvendra Chahal,Chris Lynn,4,False,-2.0,46,Bangalore,M Chinnaswamy Stadium,False,True,32,5,5.333333333333333,95,17.8125,20,159,64,14.666666666666668,4.363636363636363,0,10
5.3,5,3,35,Yuzvendra Chahal,Chris Lynn,2,False,-1.0,46,Bangalore,M Chinnaswamy Stadium,False,True,33,5,5.5,97,17.636363636363637,20,159,62,14.5,4.275862068965517,0,10
5.4,5,4,36,Yuzvendra Chahal,Chris Lynn,2,False,-1.0,46,Bangalore,M Chinnaswamy Stadium,False,True,34,5,5.666666666666667,99,17.470588235294116,20,159,60,14.333333333333332,4.186046511627907,0,10
5.5,5,5,37,Yuzvendra Chahal,Chris Lynn,0,False,1.0,46,Bangalore,M Chinnaswamy Stadium,False,True,35,5,5.833333333333333,99,16.97142857142857,20,159,60,14.166666666666668,4.235294117647059,0,10
5.6,5,6,38,Yuzvendra Chahal,Chris Lynn,6,False,-3.0,46,Bangalore,M Chinnaswamy Stadium,False,True,36,5,6.0,105,17.5,20,159,54,14.0,3.857142857142857,0,10
6.1,6,1,39,Aniket Choudhary,Sunil Narine,0,True,5.0,46,Bangalore,M Chinnaswamy Stadium,False,True,37,6,6.166666666666667,105,17.027027027027025,20,159,54,13.833333333333332,3.9036144578313254,1,9
6.2,6,2,40,Aniket Choudhary,de Grandhomme,0,False,1.0,46,Bangalore,M Chinnaswamy Stadium,False,True,38,6,6.333333333333333,105,16.578947368421055,20,159,54,13.666666666666668,3.9512195121951215,1,9
6.3,6,3,41,Aniket Choudhary,de Grandhomme,0,False,1.0,46,Bangalore,M Chinnaswamy Stadium,False,True,39,6,6.5,105,16.153846153846153,20,159,54,13.5,4.0,1,9
6.4,6,4,42,Aniket Choudhary,de Grandhomme,0,False,1.0,46,Bangalore,M Chinnaswamy Stadium,False,True,40,6,6.666666666666667,105,15.75,20,159,54,13.333333333333332,4.050000000000001,1,9
6.5,6,5,43,Aniket Choudhary,de Grandhomme,0,False,1.0,46,Bangalore,M Chinnaswamy Stadium,False,True,41,6,6.833333333333333,105,15.365853658536587,20,159,54,13.166666666666668,4.10126582278481,1,9
6.6,6,6,44,Aniket Choudhary,de Grandhomme,0,False,1.0,46,Bangalore,M Chinnaswamy Stadium,False,True,42,6,7.0,105,15.0,20,159,54,13.0,4.153846153846154,1,9
7.1,7,1,45,Pawan Negi,Chris Lynn,1,False,-0.5,46,Bangalore,M Chinnaswamy Stadium,False,True,43,7,7.166666666666667,106,14.790697674418604,20,159,53,12.833333333333332,4.12987012987013,1,9
7.2,7,2,46,Pawan Negi,de Grandhomme,1,False,-0.5,46,Bangalore,M Chinnaswamy Stadium,False,True,44,7,7.333333333333333,107,14.590909090909092,20,159,52,12.666666666666668,4.105263157894736,1,9
7.3,7,3,47,Pawan Negi,Chris Lynn,0,True,5.0,46,Bangalore,M Chinnaswamy Stadium,False,True,45,7,7.5,107,14.266666666666667,20,159,52,12.5,4.16,2,8
7.4,7,4,48,Pawan Negi,Gautam Gambhir,1,False,-0.5,46,Bangalore,M Chinnaswamy Stadium,False,True,46,7,7.666666666666667,108,14.086956521739129,20,159,51,12.333333333333332,4.135135135135136,2,8
7.5,7,5,49,Pawan Negi,de Grandhomme,1,False,-0.5,46,Bangalore,M Chinnaswamy Stadium,False,True,47,7,7.833333333333333,109,13.914893617021278,20,159,50,12.166666666666668,4.10958904109589,2,8
7.6,7,6,50,Pawan Negi,Gautam Gambhir,1,False,-0.5,46,Bangalore,M Chinnaswamy Stadium,False,True,48,7,8.0,110,13.75,20,159,49,12.0,4.083333333333333,2,8
8.1,8,1,51,Aniket Choudhary,Gautam Gambhir,1,False,-0.5,46,Bangalore,M Chinnaswamy Stadium,False,True,49,8,8.166666666666666,111,13.591836734693878,20,159,48,11.833333333333334,4.056338028169014,2,8
8.2,8,2,52,Aniket Choudhary,de Grandhomme,2,False,-1.0,46,Bangalore,M Chinnaswamy Stadium,False,True,50,8,8.333333333333334,113,13.559999999999999,20,159,46,11.666666666666666,3.942857142857143,2,8
8.3,8,3,53,Aniket Choudhary,de Grandhomme,1,False,-0.5,46,Bangalore,M Chinnaswamy Stadium,False,True,51,8,8.5,114,13.411764705882353,20,159,45,11.5,3.9130434782608696,2,8
8.4,8,4,54,Aniket Choudhary,Gautam Gambhir,0,False,1.0,46,Bangalore,M Chinnaswamy Stadium,False,True,52,8,8.666666666666666,114,13.153846153846155,20,159,45,11.333333333333334,3.9705882352941173,2,8
8.5,8,5,55,Aniket Choudhary,Gautam Gambhir,1,False,-0.5,46,Bangalore,M Chinnaswamy Stadium,False,True,53,8,8.833333333333334,115,13.018867924528301,20,159,44,11.166666666666666,3.940298507462687,2,8
8.6,8,6,56,Travis Head,de Grandhomme,0,False,1.0,46,Bangalore,M Chinnaswamy Stadium,False,True,54,8,9.0,115,12.777777777777779,20,159,44,11.0,4.0,2,8
9.1,9,1,57,Samuel Badree,Gautam Gambhir,0,False,1.0,46,Bangalore,M Chinnaswamy Stadium,False,True,55,9,9.166666666666666,115,12.545454545454547,20,159,44,10.833333333333334,4.061538461538461,2,8
9.2,9,2,58,Samuel Badree,Gautam Gambhir,1,False,-0.5,46,Bangalore,M Chinnaswamy Stadium,False,True,56,9,9.333333333333334,116,12.428571428571427,20,159,43,10.666666666666666,4.03125,2,8
9.3,9,3,59,Samuel Badree,de Grandhomme,2,False,-0.25,46,Bangalore,M Chinnaswamy Stadium,False,True,57,9,9.5,118,12.421052631578947,20,159,41,10.5,3.9047619047619047,2,8
9.4,9,4,60,Samuel Badree,de Grandhomme,1,False,-0.5,46,Bangalore,M Chinnaswamy Stadium,False,True,58,9,9.666666666666666,119,12.310344827586208,20,159,40,10.333333333333334,3.8709677419354835,2,8
9.5,9,5,61,Samuel Badree,Gautam Gambhir,1,False,-0.5,46,Bangalore,M Chinnaswamy Stadium,False,True,59,9,9.833333333333334,120,12.203389830508474,20,159,39,10.166666666666666,3.836065573770492,2,8
9.6,9,6,62,Samuel Badree,de Grandhomme,6,False,-3.0,46,Bangalore,M Chinnaswamy Stadium,False,True,60,9,10.0,126,12.6,20,159,33,10.0,3.3,2,8
10.1,10,1,63,Pawan Negi,Gautam Gambhir,2,False,-1.0,46,Bangalore,M Chinnaswamy Stadium,False,True,61,10,10.166666666666666,128,12.590163934426231,20,159,31,9.833333333333334,3.1525423728813555,2,8
10.2,10,2,64,Pawan Negi,Gautam Gambhir,1,False,-0.5,46,Bangalore,M Chinnaswamy Stadium,False,True,62,10,10.333333333333334,129,12.483870967741934,20,159,30,9.666666666666666,3.103448275862069,2,8
10.3,10,3,65,Pawan Negi,de Grandhomme,4,False,-2.0,46,Bangalore,M Chinnaswamy Stadium,False,True,63,10,10.5,133,12.666666666666666,20,159,26,9.5,2.736842105263158,2,8
10.4,10,4,66,Pawan Negi,de Grandhomme,0,False,1.0,46,Bangalore,M Chinnaswamy Stadium,False,True,64,10,10.666666666666666,133,12.46875,20,159,26,9.333333333333334,2.7857142857142856,2,8
10.5,10,5,67,Pawan Negi,de Grandhomme,2,False,-1.0,46,Bangalore,M Chinnaswamy Stadium,False,True,65,10,10.833333333333334,135,12.461538461538462,20,159,24,9.166666666666666,2.618181818181818,2,8
10.6,10,6,68,Pawan Negi,de Grandhomme,1,False,-0.5,46,Bangalore,M Chinnaswamy Stadium,False,True,66,10,11.0,136,12.363636363636363,20,159,23,9.0,2.5555555555555554,2,8
11.1,11,1,69,Yuzvendra Chahal,de Grandhomme,2,False,-1.0,46,Bangalore,M Chinnaswamy Stadium,False,True,67,11,11.166666666666666,138,12.358208955223882,20,159,21,8.833333333333334,2.3773584905660377,2,8
11.2,11,2,70,Yuzvendra Chahal,de Grandhomme,0,False,1.0,46,Bangalore,M Chinnaswamy Stadium,False,True,68,11,11.333333333333334,138,12.176470588235293,20,159,21,8.666666666666666,2.4230769230769234,2,8
11.3,11,3,71,Yuzvendra Chahal,de Grandhomme,0,False,1.0,46,Bangalore,M Chinnaswamy Stadium,False,True,69,11,11.5,138,12.0,20,159,21,8.5,2.4705882352941178,2,8
11.4,11,4,72,Yuzvendra Chahal,de Grandhomme,1,False,-0.25,46,Bangalore,M Chinnaswamy Stadium,False,True,70,11,11.666666666666666,139,11.914285714285715,20,159,20,8.333333333333334,2.4,2,8
11.5,11,5,73,Yuzvendra Chahal,Gautam Gambhir,1,False,-0.5,46,Bangalore,M Chinnaswamy Stadium,False,True,71,11,11.833333333333334,140,11.830985915492958,20,159,19,8.166666666666666,2.3265306122448983,2,8
11.6,11,6,74,Yuzvendra Chahal,de Grandhomme,1,False,-0.5,46,Bangalore,M Chinnaswamy Stadium,False,True,72,11,12.0,141,11.75,20,159,18,8.0,2.25,2,8
12.1,12,1,75,Travis Head,de Grandhomme,1,False,-0.5,46,Bangalore,M Chinnaswamy Stadium,False,True,73,12,12.166666666666666,142,11.67123287671233,20,159,17,7.833333333333334,2.1702127659574466,2,8
12.2,12,2,76,Travis Head,Gautam Gambhir,1,False,-0.5,46,Bangalore,M Chinnaswamy Stadium,False,True,74,12,12.333333333333334,143,11.594594594594595,20,159,16,7.666666666666666,2.0869565217391304,2,8
12.3,12,3,77,Travis Head,de Grandhomme,1,False,-0.5,46,Bangalore,M Chinnaswamy Stadium,False,True,75,12,12.5,144,11.52,20,159,15,7.5,2.0,2,8
12.4,12,4,78,Travis Head,Gautam Gambhir,1,False,-0.5,46,Bangalore,M Chinnaswamy Stadium,False,True,76,12,12.666666666666666,145,11.447368421052632,20,159,14,7.333333333333334,1.909090909090909,2,8
12.5,12,5,79,Travis Head,de Grandhomme,6,False,-3.0,46,Bangalore,M Chinnaswamy Stadium,False,True,77,12,12.833333333333334,151,11.766233766233766,20,159,8,7.166666666666666,1.1162790697674418,2,8
12.6,12,6,80,Travis Head,de Grandhomme,1,False,-0.5,46,Bangalore,M Chinnaswamy Stadium,False,True,78,12,13.0,152,11.692307692307692,20,159,7,7.0,1.0,2,8
13.1,13,1,81,Pawan Negi,de Grandhomme,0,False,1.0,46,Bangalore,M Chinnaswamy Stadium,False,True,79,13,13.166666666666666,152,11.544303797468356,20,159,7,6.833333333333334,1.024390243902439,2,8
13.2,13,2,82,Pawan Negi,de Grandhomme,0,True,5.0,46,Bangalore,M Chinnaswamy Stadium,False,True,80,13,13.333333333333334,152,11.4,20,159,7,6.666666666666666,1.05,3,7
13.3,13,3,83,Pawan Negi,Manish Pandey,1,False,-0.5,46,Bangalore,M Chinnaswamy Stadium,False,True,81,13,13.5,153,11.333333333333334,20,159,6,6.5,0.9230769230769231,3,7
13.4,13,4,84,Pawan Negi,Gautam Gambhir,1,False,-0.5,46,Bangalore,M Chinnaswamy Stadium,False,True,82,13,13.666666666666666,154,11.26829268292683,20,159,5,6.333333333333334,0.7894736842105262,3,7
13.5,13,5,85,Pawan Negi,Manish Pandey,1,False,-0.5,46,Bangalore,M Chinnaswamy Stadium,False,True,83,13,13.833333333333334,155,11.204819277108433,20,159,4,6.166666666666666,0.6486486486486487,3,7
13.6,13,6,86,Pawan Negi,Gautam Gambhir,1,False,-0.5,46,Bangalore,M Chinnaswamy Stadium,False,True,84,13,14.0,156,11.142857142857142,20,159,3,6.0,0.5,3,7
14.1,14,1,87,Yuzvendra Chahal,Gautam Gambhir,0,True,5.0,46,Bangalore,M Chinnaswamy Stadium,False,True,85,14,14.166666666666666,156,11.011764705882353,20,159,3,5.833333333333334,0.5142857142857142,4,6
14.2,14,2,88,Yuzvendra Chahal,Yusuf Pathan,0,False,1.0,46,Bangalore,M Chinnaswamy Stadium,False,True,86,14,14.333333333333334,156,10.883720930232558,20,159,3,5.666666666666666,0.5294117647058824,4,6
14.3,14,3,89,Yuzvendra Chahal,Yusuf Pathan,0,False,1.0,46,Bangalore,M Chinnaswamy Stadium,False,True,87,14,14.5,156,10.758620689655173,20,159,3,5.5,0.5454545454545454,4,6
14.4,14,4,90,Yuzvendra Chahal,Yusuf Pathan,0,False,1.0,46,Bangalore,M Chinnaswamy Stadium,False,True,88,14,14.666666666666666,156,10.636363636363637,20,159,3,5.333333333333334,0.5624999999999999,4,6
14.5,14,5,91,Yuzvendra Chahal,Yusuf Pathan,0,False,1.0,46,Bangalore,M Chinnaswamy Stadium,False,True,89,14,14.833333333333334,156,10.516853932584269,20,159,3,5.166666666666666,0.5806451612903226,4,6
14.6,14,6,92,Yuzvendra Chahal,Yusuf Pathan,1,False,-1.0,46,Bangalore,M Chinnaswamy Stadium,True,False,89,14,14.833333333333334,157,10.584269662921347,20,159,2,5.166666666666666,0.38709677419354843,4,6
14.6,14,6,93,Yuzvendra Chahal,Yusuf Pathan,0,False,1.0,46,Bangalore,M Chinnaswamy Stadium,False,True,90,14,15.0,157,10.466666666666667,20,159,2,5.0,0.4,4,6
15.1,15,1,94,Pawan Negi,Manish Pandey,2,False,-1.0,46,Bangalore,M Chinnaswamy Stadium,False,True,91,15,15.166666666666666,159,10.483516483516484,20,159,0,4.833333333333334,0.0,4,6
