Ball Number,over,ball,Ball,bowler,batsman,Runs,is_wicket,bowler_score,match_id,city,stadium,is_extra,legal_delivery,legal_deliveries_count,overs_completed,overs_bowled,total_runs,current_run_rate,total_overs,target,runs_needed,overs_remaining,required_run_rate,wickets_fallen,wickets_in_hand
0.1,0,1,1,Zaheer Khan,Dwayne Smith,0,False,1.0,50,Kanpur,Green Park,False,True,1,0,0.16666666666666666,0,0.0,20,196,196,19.833333333333332,9.882352941176471,0,10
0.2,0,2,2,Zaheer Khan,Dwayne Smith,4,False,-2.0,50,Kanpur,Green Park,False,True,2,0,0.3333333333333333,4,12.0,20,196,192,19.666666666666668,9.762711864406779,0,10
0.3,0,3,3,Zaheer Khan,Dwayne Smith,1,False,-0.5,50,Kanpur,Green Park,False,True,3,0,0.5,5,10.0,20,196,191,19.5,9.794871794871796,0,10
0.4,0,4,4,Zaheer Khan,Ishan Kishan,0,False,1.0,50,Kanpur,Green Park,False,True,4,0,0.6666666666666666,5,7.5,20,196,191,19.333333333333332,9.879310344827587,0,10
0.5,0,5,5,Zaheer Khan,Ishan Kishan,1,False,-0.5,50,Kanpur,Green Park,False,True,5,0,0.8333333333333334,6,7.199999999999999,20,196,190,19.166666666666668,9.91304347826087,0,10
0.6,0,6,6,Zaheer Khan,Dwayne Smith,1,False,-0.5,50,Kanpur,Green Park,False,True,6,0,1.0,7,7.0,20,196,189,19.0,9.947368421052632,0,10
1.1,1,1,7,Mohammed Shami,Dwayne Smith,1,False,-0.5,50,Kanpur,Green Park,False,True,7,1,1.1666666666666667,8,6.857142857142857,20,196,188,18.833333333333332,9.982300884955754,0,10
1.2,1,2,8,Mohammed Shami,Ishan Kishan,0,False,1.0,50,Kanpur,Green Park,False,True,8,1,1.3333333333333333,8,6.0,20,196,188,18.666666666666668,10.071428571428571,0,10
1.3,1,3,9,Mohammed Shami,Ishan Kishan,1,False,-1.0,50,Kanpur,Green Park,True,False,8,1,1.3333333333333333,9,6.75,20,196,187,18.666666666666668,10.017857142857142,0,10
1.3,1,3,10,Mohammed Shami,Ishan Kishan,4,False,-2.0,50,Kanpur,Green Park,False,True,9,1,1.5,13,8.666666666666666,20,196,183,18.5,9.891891891891891,0,10
1.4,1,4,11,Mohammed Shami,Ishan Kishan,0,False,1.0,50,Kanpur,Green Park,False,True,10,1,1.6666666666666665,13,7.800000000000001,20,196,183,18.333333333333332,9.981818181818182,0,10
1.5,1,5,12,Mohammed Shami,Ishan Kishan,0,False,1.0,50,Kanpur,Green Park,False,True,11,1,1.8333333333333335,13,7.09090909090909,20,196,183,18.166666666666668,10.073394495412844,0,10
1.6,1,6,13,Mohammed Shami,Ishan Kishan,1,False,-1.0,50,Kanpur,Green Park,True,False,11,1,1.8333333333333335,14,7.636363636363636,20,196,182,18.166666666666668,10.01834862385321,0,10
1.6,1,6,14,Mohammed Shami,Ishan Kishan,1,False,-0.25,50,Kanpur,Green Park,False,True,12,1,2.0,15,7.5,20,196,181,18.0,10.055555555555555,0,10
2.1,2,1,15,Zaheer Khan,Ishan Kishan,0,False,1.0,50,Kanpur,Green Park,False,True,13,2,2.1666666666666665,15,6.923076923076923,20,196,181,17.833333333333332,10.149532710280374,0,10
2.2,2,2,16,Zaheer Khan,Ishan Kishan,4,False,-2.0,50,Kanpur,Green Park,False,True,14,2,2.3333333333333335,19,8.142857142857142,20,196,177,17.666666666666668,10.018867924528301,0,10
2.3,2,3,17,Zaheer Khan,Ishan Kishan,0,False,1.0,50,Kanpur,Green Park,False,True,15,2,2.5,19,7.6,20,196,177,17.5,10.114285714285714,0,10
2.4,2,4,18,Zaheer Khan,Ishan Kishan,1,False,-0.5,50,Kanpur,Green Park,False,True,16,2,2.6666666666666665,20,7.5,20,196,176,17.333333333333332,10.153846153846155,0,10
2.5,2,5,19,Zaheer Khan,Dwayne Smith,0,False,1.0,50,Kanpur,Green Park,False,True,17,2,2.8333333333333335,20,7.0588235294117645,20,196,176,17.166666666666668,10.252427184466018,0,10
2.6,2,6,20,Zaheer Khan,Dwayne Smith,1,False,-0.5,50,Kanpur,Green Park,False,True,18,2,3.0,21,7.0,20,196,175,17.0,10.294117647058824,0,10
3.1,3,1,21,Mohammed Shami,Dwayne Smith,0,True,5.0,50,Kanpur,Green Park,False,True,19,3,3.1666666666666665,21,6.631578947368421,20,196,175,16.833333333333332,10.396039603960396,1,9
3.2,3,2,22,Mohammed Shami,Ishan Kishan,0,False,1.0,50,Kanpur,Green Park,False,True,20,3,3.3333333333333335,21,6.3,20,196,175,16.666666666666668,10.5,1,9
3.3,3,3,23,Mohammed Shami,Ishan Kishan,6,False,-3.0,50,Kanpur,Green Park,False,True,21,3,3.5,27,7.714285714285714,20,196,169,16.5,10.242424242424242,1,9
3.4,3,4,24,Mohammed Shami,Ishan Kishan,0,False,1.0,50,Kanpur,Green Park,False,True,22,3,3.6666666666666665,27,7.363636363636364,20,196,169,16.333333333333332,10.346938775510205,1,9
3.5,3,5,25,Mohammed Shami,Ishan Kishan,4,False,-2.0,50,Kanpur,Green Park,False,True,23,3,3.8333333333333335,31,8.08695652173913,20,196,165,16.166666666666668,10.206185567010309,1,9
3.6,3,6,26,Mohammed Shami,Ishan Kishan,0,False,1.0,50,Kanpur,Green Park,False,True,24,3,4.0,31,7.75,20,196,165,16.0,10.3125,1,9
4.1,4,1,27,Zaheer Khan,Suresh Raina,1,False,-0.5,50,Kanpur,Green Park,False,True,25,4,4.166666666666667,32,7.68,20,196,164,15.833333333333332,10.357894736842105,1,9
4.2,4,2,28,Zaheer Khan,Ishan Kishan,1,False,-0.5,50,Kanpur,Green Park,False,True,26,4,4.333333333333333,33,7.615384615384616,20,196,163,15.666666666666668,10.404255319148936,1,9
4.3,4,3,29,Zaheer Khan,Suresh Raina,1,False,-0.25,50,Kanpur,Green Park,False,True,27,4,4.5,34,7.555555555555555,20,196,162,15.5,10.451612903225806,1,9
4.4,4,4,30,Zaheer Khan,Ishan Kishan,0,False,1.0,50,Kanpur,Green Park,False,True,28,4,4.666666666666667,34,7.285714285714286,20,196,162,15.333333333333332,10.56521739130435,1,9
4.5,4,5,31,Zaheer Khan,Ishan Kishan,4,False,-2.0,50,Kanpur,Green Park,False,True,29,4,4.833333333333333,38,7.862068965517242,20,196,158,15.166666666666668,10.417582417582416,1,9
4.6,4,6,32,Zaheer Khan,Ishan Kishan,1,False,-0.5,50,Kanpur,Green Park,False,True,30,4,5.0,39,7.8,20,196,157,15.0,10.466666666666667,1,9
5.1,5,1,33,Pat Cummins,Ishan Kishan,1,False,-0.5,50,Kanpur,Green Park,False,True,31,5,5.166666666666667,40,7.741935483870967,20,196,156,14.833333333333332,10.51685393258427,1,9
5.2,5,2,34,Pat Cummins,Suresh Raina,1,False,-0.5,50,Kanpur,Green Park,False,True,32,5,5.333333333333333,41,7.6875,20,196,155,14.666666666666668,10.568181818181817,1,9
5.3,5,3,35,Pat Cummins,Ishan Kishan,1,False,-0.5,50,Kanpur,Green Park,False,True,33,5,5.5,42,7.636363636363637,20,196,154,14.5,10.620689655172415,1,9
5.4,5,4,36,Pat Cummins,Suresh Raina,4,False,-2.0,50,Kanpur,Green Park,False,True,34,5,5.666666666666667,46,8.117647058823529,20,196,150,14.333333333333332,10.465116279069768,1,9
5.5,5,5,37,Pat Cummins,Suresh Raina,0,True,5.0,50,Kanpur,Green Park,False,True,35,5,5.833333333333333,46,7.885714285714286,20,196,150,14.166666666666668,10.588235294117647,2,8
5.6,5,6,38,N/A,N/A,0,False,0.0,50,Kanpur,Green Park,False,True,36,5,6.0,46,7.666666666666667,20,196,150,14.0,10.714285714285714,2,8
6.1,6,1,39,Amit Mishra,Ishan Kishan,2,False,-1.0,50,Kanpur,Green Park,False,True,37,6,6.166666666666667,48,7.783783783783783,20,196,148,13.833333333333332,10.698795180722893,2,8
6.2,6,2,40,Amit Mishra,Ishan Kishan,4,False,-2.0,50,Kanpur,Green Park,False,True,38,6,6.333333333333333,52,8.210526315789474,20,196,144,13.666666666666668,10.536585365853657,2,8
6.3,6,3,41,Amit Mishra,Ishan Kishan,0,True,5.0,50,Kanpur,Green Park,False,True,39,6,6.5,52,8.0,20,196,144,13.5,10.666666666666666,3,7
6.4,6,4,42,Amit Mishra,Aaron Finch,1,False,-0.5,50,Kanpur,Green Park,False,True,40,6,6.666666666666667,53,7.949999999999999,20,196,143,13.333333333333332,10.725000000000001,3,7
6.5,6,5,43,Amit Mishra,Dinesh Karthik,4,False,-2.0,50,Kanpur,Green Park,False,True,41,6,6.833333333333333,57,8.341463414634147,20,196,139,13.166666666666668,10.556962025316455,3,7
6.6,6,6,44,Amit Mishra,Dinesh Karthik,1,False,-0.5,50,Kanpur,Green Park,False,True,42,6,7.0,58,8.285714285714286,20,196,138,13.0,10.615384615384615,3,7
7.1,7,1,45,Carlos Brathwaite,Dinesh Karthik,2,False,-1.0,50,Kanpur,Green Park,False,True,43,7,7.166666666666667,60,8.372093023255813,20,196,136,12.833333333333332,10.5974025974026,3,7
7.2,7,2,46,Carlos Brathwaite,Dinesh Karthik,0,False,1.0,50,Kanpur,Green Park,False,True,44,7,7.333333333333333,60,8.181818181818182,20,196,136,12.666666666666668,10.736842105263158,3,7
7.3,7,3,47,Carlos Brathwaite,Dinesh Karthik,1,False,-0.5,50,Kanpur,Green Park,False,True,45,7,7.5,61,8.133333333333333,20,196,135,12.5,10.8,3,7
7.4,7,4,48,Carlos Brathwaite,Aaron Finch,4,False,-2.0,50,Kanpur,Green Park,False,True,46,7,7.666666666666667,65,8.478260869565217,20,196,131,12.333333333333332,10.621621621621623,3,7
7.5,7,5,49,Carlos Brathwaite,Aaron Finch,1,False,-0.5,50,Kanpur,Green Park,False,True,47,7,7.833333333333333,66,8.425531914893618,20,196,130,12.166666666666668,10.684931506849313,3,7
7.6,7,6,50,Carlos Brathwaite,Dinesh Karthik,0,False,1.0,50,Kanpur,Green Park,False,True,48,7,8.0,66,8.25,20,196,130,12.0,10.833333333333334,3,7
8.1,8,1,51,Amit Mishra,Aaron Finch,1,False,-0.5,50,Kanpur,Green Park,False,True,49,8,8.166666666666666,67,8.204081632653061,20,196,129,11.833333333333334,10.901408450704224,3,7
8.2,8,2,52,Amit Mishra,Dinesh Karthik,1,False,-0.5,50,Kanpur,Green Park,False,True,50,8,8.333333333333334,68,8.16,20,196,128,11.666666666666666,10.971428571428572,3,7
8.3,8,3,53,Amit Mishra,Aaron Finch,6,False,-3.0,50,Kanpur,Green Park,False,True,51,8,8.5,74,8.705882352941176,20,196,122,11.5,10.608695652173912,3,7
8.4,8,4,54,Amit Mishra,Aaron Finch,6,False,-3.0,50,Kanpur,Green Park,False,True,52,8,8.666666666666666,80,9.230769230769232,20,196,116,11.333333333333334,10.235294117647058,3,7
8.5,8,5,55,Amit Mishra,Aaron Finch,0,False,1.0,50,Kanpur,Green Park,False,True,53,8,8.833333333333334,80,9.056603773584905,20,196,116,11.166666666666666,10.388059701492537,3,7
8.6,8,6,56,Amit Mishra,Aaron Finch,1,False,-0.5,50,Kanpur,Green Park,False,True,54,8,9.0,81,9.0,20,196,115,11.0,10.454545454545455,3,7
9.1,9,1,57,Carlos Brathwaite,Aaron Finch,1,False,-0.5,50,Kanpur,Green Park,False,True,55,9,9.166666666666666,82,8.945454545454545,20,196,114,10.833333333333334,10.523076923076923,3,7
9.2,9,2,58,Carlos Brathwaite,Dinesh Karthik,1,False,-0.5,50,Kanpur,Green Park,False,True,56,9,9.333333333333334,83,8.892857142857142,20,196,113,10.666666666666666,10.59375,3,7
9.3,9,3,59,Carlos Brathwaite,Aaron Finch,1,False,-1.0,50,Kanpur,Green Park,True,False,56,9,9.333333333333334,84,9.0,20,196,112,10.666666666666666,10.5,3,7
9.3,9,3,60,Carlos Brathwaite,Aaron Finch,1,False,-0.5,50,Kanpur,Green Park,False,True,57,9,9.5,85,8.947368421052632,20,196,111,10.5,10.571428571428571,3,7
9.4,9,4,61,Carlos Brathwaite,Dinesh Karthik,1,False,-0.5,50,Kanpur,Green Park,False,True,58,9,9.666666666666666,86,8.896551724137932,20,196,110,10.333333333333334,10.64516129032258,3,7
9.5,9,5,62,Carlos Brathwaite,Aaron Finch,1,False,-0.5,50,Kanpur,Green Park,False,True,59,9,9.833333333333334,87,8.847457627118644,20,196,109,10.166666666666666,10.721311475409836,3,7
9.6,9,6,63,Carlos Brathwaite,Dinesh Karthik,0,False,1.0,50,Kanpur,Green Park,False,True,60,9,10.0,87,8.7,20,196,109,10.0,10.9,3,7
10.1,10,1,64,Corey Anderson,Aaron Finch,0,False,1.0,50,Kanpur,Green Park,False,True,61,10,10.166666666666666,87,8.557377049180328,20,196,109,9.833333333333334,11.084745762711863,3,7
10.2,10,2,65,Corey Anderson,Aaron Finch,1,False,-0.5,50,Kanpur,Green Park,False,True,62,10,10.333333333333334,88,8.516129032258064,20,196,108,9.666666666666666,11.172413793103448,3,7
10.3,10,3,66,Corey Anderson,Dinesh Karthik,0,False,1.0,50,Kanpur,Green Park,False,True,63,10,10.5,88,8.380952380952381,20,196,108,9.5,11.368421052631579,3,7
10.4,10,4,67,Corey Anderson,Dinesh Karthik,4,False,-2.0,50,Kanpur,Green Park,False,True,64,10,10.666666666666666,92,8.625,20,196,104,9.333333333333334,11.142857142857142,3,7
10.5,10,5,68,Corey Anderson,Dinesh Karthik,1,False,-0.5,50,Kanpur,Green Park,False,True,65,10,10.833333333333334,93,8.584615384615384,20,196,103,9.166666666666666,11.236363636363636,3,7
10.6,10,6,69,Corey Anderson,Aaron Finch,1,False,-0.5,50,Kanpur,Green Park,False,True,66,10,11.0,94,8.545454545454545,20,196,102,9.0,11.333333333333334,3,7
11.1,11,1,70,Pat Cummins,Aaron Finch,1,False,-0.25,50,Kanpur,Green Park,False,True,67,11,11.166666666666666,95,8.507462686567164,20,196,101,8.833333333333334,11.433962264150942,3,7
11.2,11,2,71,Pat Cummins,Dinesh Karthik,1,False,-0.5,50,Kanpur,Green Park,False,True,68,11,11.333333333333334,96,8.470588235294118,20,196,100,8.666666666666666,11.53846153846154,3,7
11.3,11,3,72,Pat Cummins,Aaron Finch,0,False,1.0,50,Kanpur,Green Park,False,True,69,11,11.5,96,8.347826086956522,20,196,100,8.5,11.764705882352942,3,7
11.4,11,4,73,Pat Cummins,Aaron Finch,1,False,-0.5,50,Kanpur,Green Park,False,True,70,11,11.666666666666666,97,8.314285714285715,20,196,99,8.333333333333334,11.879999999999999,3,7
11.5,11,5,74,Pat Cummins,Dinesh Karthik,1,False,-0.5,50,Kanpur,Green Park,False,True,71,11,11.833333333333334,98,8.28169014084507,20,196,98,8.166666666666666,12.0,3,7
11.6,11,6,75,Pat Cummins,Aaron Finch,1,False,-0.5,50,Kanpur,Green Park,False,True,72,11,12.0,99,8.25,20,196,97,8.0,12.125,3,7
12.1,12,1,76,Corey Anderson,Aaron Finch,4,False,-2.0,50,Kanpur,Green Park,False,True,73,12,12.166666666666666,103,8.465753424657535,20,196,93,7.833333333333334,11.872340425531913,3,7
12.2,12,2,77,N/A,N/A,0,False,0.0,50,Kanpur,Green Park,False,True,74,12,12.333333333333334,103,8.35135135135135,20,196,93,7.666666666666666,12.130434782608697,3,7
12.3,12,3,78,Corey Anderson,Dinesh Karthik,4,False,-2.0,50,Kanpur,Green Park,False,True,75,12,12.5,107,8.56,20,196,89,7.5,11.866666666666667,3,7
12.4,12,4,79,Corey Anderson,Dinesh Karthik,1,False,-0.5,50,Kanpur,Green Park,False,True,76,12,12.666666666666666,108,8.526315789473685,20,196,88,7.333333333333334,11.999999999999998,3,7
12.5,12,5,80,Corey Anderson,Aaron Finch,1,False,-0.5,50,Kanpur,Green Park,False,True,77,12,12.833333333333334,109,8.493506493506493,20,196,87,7.166666666666666,12.13953488372093,3,7
12.6,12,6,81,Corey Anderson,Dinesh Karthik,0,False,1.0,50,Kanpur,Green Park,False,True,78,12,13.0,109,8.384615384615385,20,196,87,7.0,12.428571428571429,3,7
12.6,12,6,82,Corey Anderson,Dinesh Karthik,1,False,-1.0,50,Kanpur,Green Park,True,False,78,12,13.0,110,8.461538461538462,20,196,86,7.0,12.285714285714286,3,7
13.1,13,1,83,Mohammed Shami,Aaron Finch,1,False,-0.5,50,Kanpur,Green Park,False,True,79,13,13.166666666666666,111,8.430379746835444,20,196,85,6.833333333333334,12.439024390243901,3,7
13.2,13,2,84,Mohammed Shami,Dinesh Karthik,1,False,-0.5,50,Kanpur,Green Park,False,True,80,13,13.333333333333334,112,8.4,20,196,84,6.666666666666666,12.600000000000001,3,7
13.3,13,3,85,Mohammed Shami,Aaron Finch,0,False,1.0,50,Kanpur,Green Park,False,True,81,13,13.5,112,8.296296296296296,20,196,84,6.5,12.923076923076923,3,7
13.4,13,4,86,Mohammed Shami,Aaron Finch,1,False,-0.5,50,Kanpur,Green Park,False,True,82,13,13.666666666666666,113,8.26829268292683,20,196,83,6.333333333333334,13.105263157894736,3,7
13.5,13,5,87,Mohammed Shami,Dinesh Karthik,2,False,-1.0,50,Kanpur,Green Park,False,True,83,13,13.833333333333334,115,8.313253012048193,20,196,81,6.166666666666666,13.135135135135137,3,7
13.6,13,6,88,Mohammed Shami,Dinesh Karthik,6,False,-3.0,50,Kanpur,Green Park,False,True,84,13,14.0,121,8.642857142857142,20,196,75,6.0,12.5,3,7
14.1,14,1,89,Carlos Brathwaite,Aaron Finch,4,False,-2.0,50,Kanpur,Green Park,False,True,85,14,14.166666666666666,125,8.823529411764707,20,196,71,5.833333333333334,12.17142857142857,3,7
14.2,14,2,90,Carlos Brathwaite,Aaron Finch,1,False,-0.5,50,Kanpur,Green Park,False,True,86,14,14.333333333333334,126,8.790697674418604,20,196,70,5.666666666666666,12.352941176470589,3,7
14.3,14,3,91,Carlos Brathwaite,Dinesh Karthik,0,False,1.0,50,Kanpur,Green Park,False,True,87,14,14.5,126,8.689655172413794,20,196,70,5.5,12.727272727272727,3,7
14.4,14,4,92,Carlos Brathwaite,Dinesh Karthik,1,False,-0.5,50,Kanpur,Green Park,False,True,88,14,14.666666666666666,127,8.65909090909091,20,196,69,5.333333333333334,12.937499999999998,3,7
14.5,14,5,93,Carlos Brathwaite,Aaron Finch,1,False,-0.5,50,Kanpur,Green Park,False,True,89,14,14.833333333333334,128,8.629213483146067,20,196,68,5.166666666666666,13.161290322580646,3,7
14.6,14,6,94,N/A,N/A,0,False,0.0,50,Kanpur,Green Park,False,True,90,14,15.0,128,8.533333333333333,20,196,68,5.0,13.6,3,7
15.1,15,1,95,Zaheer Khan,Dinesh Karthik,1,False,-0.5,50,Kanpur,Green Park,False,True,91,15,15.166666666666666,129,8.505494505494505,20,196,67,4.833333333333334,13.86206896551724,3,7
15.2,15,2,96,Zaheer Khan,Dinesh Karthik,1,False,-0.5,50,Kanpur,Green Park,False,True,92,15,15.333333333333334,130,8.478260869565217,20,196,66,4.666666666666666,14.142857142857144,3,7
15.3,15,3,97,Zaheer Khan,Aaron Finch,4,False,-0.25,50,Kanpur,Green Park,False,True,93,15,15.5,134,8.64516129032258,20,196,62,4.5,13.777777777777779,3,7
15.4,15,4,98,Zaheer Khan,Aaron Finch,0,False,1.0,50,Kanpur,Green Park,False,True,94,15,15.666666666666666,134,8.553191489361703,20,196,62,4.333333333333334,14.307692307692307,3,7
15.5,15,5,99,Zaheer Khan,Aaron Finch,6,False,-3.0,50,Kanpur,Green Park,False,True,95,15,15.833333333333334,140,8.842105263157894,20,196,56,4.166666666666666,13.440000000000001,3,7
15.6,15,6,100,Zaheer Khan,Aaron Finch,2,False,-1.0,50,Kanpur,Green Park,False,True,96,15,16.0,142,8.875,20,196,54,4.0,13.5,3,7
16.1,16,1,101,Carlos Brathwaite,Dinesh Karthik,0,True,5.0,50,Kanpur,Green Park,False,True,97,16,16.166666666666668,142,8.783505154639174,20,196,54,3.833333333333332,14.086956521739134,4,6
16.2,16,2,102,Carlos Brathwaite,Aaron Finch,6,False,-3.0,50,Kanpur,Green Park,False,True,98,16,16.333333333333332,148,9.061224489795919,20,196,48,3.666666666666668,13.090909090909086,4,6
16.3,16,3,103,Carlos Brathwaite,Aaron Finch,1,False,-0.5,50,Kanpur,Green Park,False,True,99,16,16.5,149,9.030303030303031,20,196,47,3.5,13.428571428571429,4,6
16.4,16,4,104,Carlos Brathwaite,Ravindra Jadeja,4,False,-2.0,50,Kanpur,Green Park,False,True,100,16,16.666666666666668,153,9.18,20,196,43,3.333333333333332,12.900000000000004,4,6
16.5,16,5,105,Carlos Brathwaite,Ravindra Jadeja,1,False,-0.5,50,Kanpur,Green Park,False,True,101,16,16.833333333333332,154,9.14851485148515,20,196,42,3.166666666666668,13.263157894736837,4,6
16.6,16,6,106,Carlos Brathwaite,Aaron Finch,4,False,-2.0,50,Kanpur,Green Park,False,True,102,16,17.0,158,9.294117647058824,20,196,38,3.0,12.666666666666666,4,6
17.1,17,1,107,Pat Cummins,Ravindra Jadeja,1,False,-0.5,50,Kanpur,Green Park,False,True,103,17,17.166666666666668,159,9.262135922330096,20,196,37,2.833333333333332,13.05882352941177,4,6
17.2,17,2,108,Pat Cummins,Aaron Finch,4,False,-2.0,50,Kanpur,Green Park,False,True,104,17,17.333333333333332,163,9.403846153846155,20,196,33,2.666666666666668,12.374999999999995,4,6
17.3,17,3,109,Pat Cummins,Aaron Finch,4,False,-2.0,50,Kanpur,Green Park,False,True,105,17,17.5,167,9.542857142857143,20,196,29,2.5,11.6,4,6
17.4,17,4,110,Pat Cummins,Aaron Finch,1,False,-0.5,50,Kanpur,Green Park,False,True,106,17,17.666666666666668,168,9.50943396226415,20,196,28,2.333333333333332,12.000000000000005,4,6
17.5,17,5,111,Pat Cummins,Ravindra Jadeja,1,False,-0.5,50,Kanpur,Green Park,False,True,107,17,17.833333333333332,169,9.476635514018692,20,196,27,2.166666666666668,12.461538461538455,4,6
17.6,17,6,112,Pat Cummins,Aaron Finch,0,False,1.0,50,Kanpur,Green Park,False,True,108,17,18.0,169,9.38888888888889,20,196,27,2.0,13.5,4,6
18.1,18,1,113,Mohammed Shami,Ravindra Jadeja,4,False,-2.0,50,Kanpur,Green Park,False,True,109,18,18.166666666666668,173,9.522935779816514,20,196,23,1.8333333333333321,12.545454545454554,4,6
18.2,18,2,114,Mohammed Shami,Ravindra Jadeja,1,False,-0.5,50,Kanpur,Green Park,False,True,110,18,18.333333333333332,174,9.490909090909092,20,196,22,1.6666666666666679,13.19999999999999,4,6
18.3,18,3,115,Mohammed Shami,Aaron Finch,0,True,5.0,50,Kanpur,Green Park,False,True,111,18,18.5,174,9.405405405405405,20,196,22,1.5,14.666666666666666,5,5
18.4,18,4,116,Mohammed Shami,James Faulkner,2,False,-1.0,50,Kanpur,Green Park,False,True,112,18,18.666666666666668,176,9.428571428571429,20,196,20,1.3333333333333321,15.000000000000014,5,5
18.5,18,5,117,Mohammed Shami,James Faulkner,0,False,1.0,50,Kanpur,Green Park,False,True,113,18,18.833333333333332,176,9.345132743362832,20,196,20,1.1666666666666679,17.142857142857125,5,5
18.6,18,6,118,Mohammed Shami,James Faulkner,1,False,-0.5,50,Kanpur,Green Park,False,True,114,18,19.0,177,9.31578947368421,20,196,19,1.0,19.0,5,5
19.1,19,1,119,Pat Cummins,James Faulkner,2,False,-1.0,50,Kanpur,Green Park,False,True,115,19,19.166666666666668,179,9.339130434782609,20,196,17,0.8333333333333321,20.40000000000003,5,5
19.2,19,2,120,Pat Cummins,James Faulkner,2,False,-1.0,50,Kanpur,Green Park,False,True,116,19,19.333333333333332,181,9.362068965517242,20,196,15,0.6666666666666679,22.49999999999996,5,5
19.3,19,3,121,Pat Cummins,James Faulkner,1,False,-0.5,50,Kanpur,Green Park,False,True,117,19,19.5,182,9.333333333333334,20,196,14,0.5,28.0,5,5
19.4,19,4,122,Pat Cummins,Ravindra Jadeja,1,False,-0.5,50,Kanpur,Green Park,False,True,118,19,19.666666666666668,183,9.305084745762711,20,196,13,0.33333333333333215,39.00000000000014,5,5
19.5,19,5,123,Pat Cummins,James Faulkner,2,False,-1.0,50,Kanpur,Green Park,False,True,119,19,19.833333333333332,185,9.327731092436975,20,196,11,0.16666666666666785,65.99999999999953,5,5
19.6,19,6,124,Pat Cummins,James Faulkner,4,False,-2.0,50,Kanpur,Green Park,False,True,120,19,20.0,189,9.45,20,196,7,0.0,inf,5,5
