Ball Number,over,ball,Ball,bowler,batsman,Runs,is_wicket,bowler_score,match_id,city,stadium,is_extra,legal_delivery,legal_deliveries_count,overs_completed,overs_bowled,total_runs,current_run_rate,total_overs,target,runs_needed,overs_remaining,required_run_rate,wickets_fallen,wickets_in_hand
0.1,0,1,1,Sandeep Sharma,Lendl Simmons,4,False,-2.0,51,Mumbai,Wankhede Stadium,False,True,1,0,0.16666666666666666,4,24.0,20,231,227,19.833333333333332,11.445378151260504,0,10
0.2,0,2,2,Sandeep Sharma,Lendl Simmons,1,False,-1.0,51,Mumbai,Wankhede Stadium,True,False,1,0,0.16666666666666666,5,30.0,20,231,226,19.833333333333332,11.394957983193278,0,10
0.2,0,2,3,Sandeep Sharma,Lendl Simmons,0,False,1.0,51,Mumbai,Wankhede Stadium,False,True,2,0,0.3333333333333333,5,15.0,20,231,226,19.666666666666668,11.491525423728813,0,10
0.3,0,3,4,Sandeep Sharma,Lendl Simmons,2,False,-1.0,51,Mumbai,Wankhede Stadium,False,True,3,0,0.5,7,14.0,20,231,224,19.5,11.487179487179487,0,10
0.4,0,4,5,Sandeep Sharma,Lendl Simmons,1,False,-0.5,51,Mumbai,Wankhede Stadium,False,True,4,0,0.6666666666666666,8,12.0,20,231,223,19.333333333333332,11.53448275862069,0,10
0.5,0,5,6,Sandeep Sharma,Parthiv Patel,0,False,1.0,51,Mumbai,Wankhede Stadium,False,True,5,0,0.8333333333333334,8,9.6,20,231,223,19.166666666666668,11.634782608695652,0,10
0.6,0,6,7,Sandeep Sharma,Parthiv Patel,2,False,-1.0,51,Mumbai,Wankhede Stadium,False,True,6,0,1.0,10,10.0,20,231,221,19.0,11.631578947368421,0,10
1.1,1,1,8,Matt Henry,Lendl Simmons,1,False,-0.5,51,Mumbai,Wankhede Stadium,False,True,7,1,1.1666666666666667,11,9.428571428571429,20,231,220,18.833333333333332,11.68141592920354,0,10
1.2,1,2,9,Matt Henry,Parthiv Patel,0,False,1.0,51,Mumbai,Wankhede Stadium,False,True,8,1,1.3333333333333333,11,8.25,20,231,220,18.666666666666668,11.785714285714285,0,10
1.3,1,3,10,Matt Henry,Parthiv Patel,4,False,-2.0,51,Mumbai,Wankhede Stadium,False,True,9,1,1.5,15,10.0,20,231,216,18.5,11.675675675675675,0,10
1.4,1,4,11,Matt Henry,Parthiv Patel,4,False,-2.0,51,Mumbai,Wankhede Stadium,False,True,10,1,1.6666666666666665,19,11.4,20,231,212,18.333333333333332,11.563636363636364,0,10
1.5,1,5,12,Matt Henry,Parthiv Patel,4,False,-2.0,51,Mumbai,Wankhede Stadium,False,True,11,1,1.8333333333333335,23,12.545454545454545,20,231,208,18.166666666666668,11.449541284403669,0,10
1.6,1,6,13,Matt Henry,Parthiv Patel,0,False,1.0,51,Mumbai,Wankhede Stadium,False,True,12,1,2.0,23,11.5,20,231,208,18.0,11.555555555555555,0,10
2.1,2,1,14,Ishant Sharma,Lendl Simmons,0,False,1.0,51,Mumbai,Wankhede Stadium,False,True,13,2,2.1666666666666665,23,10.615384615384617,20,231,208,17.833333333333332,11.66355140186916,0,10
2.2,2,2,15,Ishant Sharma,Lendl Simmons,0,False,1.0,51,Mumbai,Wankhede Stadium,False,True,14,2,2.3333333333333335,23,9.857142857142856,20,231,208,17.666666666666668,11.773584905660377,0,10
2.3,2,3,16,Ishant Sharma,Lendl Simmons,2,False,-1.0,51,Mumbai,Wankhede Stadium,False,True,15,2,2.5,25,10.0,20,231,206,17.5,11.771428571428572,0,10
2.4,2,4,17,Ishant Sharma,Lendl Simmons,0,False,1.0,51,Mumbai,Wankhede Stadium,False,True,16,2,2.6666666666666665,25,9.375,20,231,206,17.333333333333332,11.884615384615385,0,10
2.5,2,5,18,Ishant Sharma,Lendl Simmons,4,False,-2.0,51,Mumbai,Wankhede Stadium,False,True,17,2,2.8333333333333335,29,10.235294117647058,20,231,202,17.166666666666668,11.766990291262134,0,10
2.6,2,6,19,Ishant Sharma,Lendl Simmons,0,False,1.0,51,Mumbai,Wankhede Stadium,False,True,18,2,3.0,29,9.666666666666666,20,231,202,17.0,11.882352941176471,0,10
3.1,3,1,20,Sandeep Sharma,Parthiv Patel,1,False,-1.0,51,Mumbai,Wankhede Stadium,True,False,18,2,3.0,30,10.0,20,231,201,17.0,11.823529411764707,0,10
3.1,3,1,21,Sandeep Sharma,Parthiv Patel,0,False,1.0,51,Mumbai,Wankhede Stadium,False,True,19,3,3.1666666666666665,30,9.473684210526317,20,231,201,16.833333333333332,11.940594059405942,0,10
3.2,3,2,22,Sandeep Sharma,Parthiv Patel,1,False,-0.5,51,Mumbai,Wankhede Stadium,False,True,20,3,3.3333333333333335,31,9.299999999999999,20,231,200,16.666666666666668,12.0,0,10
3.3,3,3,23,Sandeep Sharma,Lendl Simmons,2,False,-1.0,51,Mumbai,Wankhede Stadium,False,True,21,3,3.5,33,9.428571428571429,20,231,198,16.5,12.0,0,10
3.4,3,4,24,Sandeep Sharma,Lendl Simmons,0,False,1.0,51,Mumbai,Wankhede Stadium,False,True,22,3,3.6666666666666665,33,9.0,20,231,198,16.333333333333332,12.122448979591837,0,10
3.5,3,5,25,Sandeep Sharma,Lendl Simmons,0,False,1.0,51,Mumbai,Wankhede Stadium,False,True,23,3,3.8333333333333335,33,8.608695652173912,20,231,198,16.166666666666668,12.24742268041237,0,10
3.6,3,6,26,Sandeep Sharma,Lendl Simmons,4,False,-2.0,51,Mumbai,Wankhede Stadium,False,True,24,3,4.0,37,9.25,20,231,194,16.0,12.125,0,10
4.1,4,1,27,Ishant Sharma,Parthiv Patel,1,False,-0.25,51,Mumbai,Wankhede Stadium,False,True,25,4,4.166666666666667,38,9.12,20,231,193,15.833333333333332,12.189473684210528,0,10
4.2,4,2,28,Ishant Sharma,Lendl Simmons,4,False,-2.0,51,Mumbai,Wankhede Stadium,False,True,26,4,4.333333333333333,42,9.692307692307693,20,231,189,15.666666666666668,12.063829787234042,0,10
4.3,4,3,29,Ishant Sharma,Lendl Simmons,1,False,-0.5,51,Mumbai,Wankhede Stadium,False,True,27,4,4.5,43,9.555555555555555,20,231,188,15.5,12.129032258064516,0,10
4.4,4,4,30,Ishant Sharma,Parthiv Patel,4,False,-2.0,51,Mumbai,Wankhede Stadium,False,True,28,4,4.666666666666667,47,10.071428571428571,20,231,184,15.333333333333332,12.000000000000002,0,10
4.5,4,5,31,Ishant Sharma,Parthiv Patel,1,False,-0.5,51,Mumbai,Wankhede Stadium,False,True,29,4,4.833333333333333,48,9.931034482758621,20,231,183,15.166666666666668,12.065934065934066,0,10
4.6,4,6,32,Ishant Sharma,Lendl Simmons,4,False,-2.0,51,Mumbai,Wankhede Stadium,False,True,30,4,5.0,52,10.4,20,231,179,15.0,11.933333333333334,0,10
5.1,5,1,33,Mohit Sharma,Parthiv Patel,1,False,-0.5,51,Mumbai,Wankhede Stadium,False,True,31,5,5.166666666666667,53,10.258064516129032,20,231,178,14.833333333333332,12.000000000000002,0,10
5.2,5,2,34,Mohit Sharma,Lendl Simmons,6,False,-3.0,51,Mumbai,Wankhede Stadium,False,True,32,5,5.333333333333333,59,11.0625,20,231,172,14.666666666666668,11.727272727272727,0,10
5.3,5,3,35,Mohit Sharma,Lendl Simmons,2,False,-1.0,51,Mumbai,Wankhede Stadium,False,True,33,5,5.5,61,11.090909090909092,20,231,170,14.5,11.724137931034482,0,10
5.4,5,4,36,Mohit Sharma,Lendl Simmons,6,False,-3.0,51,Mumbai,Wankhede Stadium,False,True,34,5,5.666666666666667,67,11.823529411764705,20,231,164,14.333333333333332,11.44186046511628,0,10
5.5,5,5,37,Mohit Sharma,Lendl Simmons,0,False,1.0,51,Mumbai,Wankhede Stadium,False,True,35,5,5.833333333333333,67,11.485714285714286,20,231,164,14.166666666666668,11.576470588235294,0,10
5.6,5,6,38,Mohit Sharma,Lendl Simmons,1,False,-0.5,51,Mumbai,Wankhede Stadium,False,True,36,5,6.0,68,11.333333333333334,20,231,163,14.0,11.642857142857142,0,10
6.1,6,1,39,Axar Patel,Lendl Simmons,0,False,1.0,51,Mumbai,Wankhede Stadium,False,True,37,6,6.166666666666667,68,11.027027027027026,20,231,163,13.833333333333332,11.783132530120483,0,10
6.2,6,2,40,Axar Patel,Lendl Simmons,1,False,-0.5,51,Mumbai,Wankhede Stadium,False,True,38,6,6.333333333333333,69,10.894736842105264,20,231,162,13.666666666666668,11.853658536585364,0,10
6.3,6,3,41,Axar Patel,Parthiv Patel,1,False,-0.5,51,Mumbai,Wankhede Stadium,False,True,39,6,6.5,70,10.76923076923077,20,231,161,13.5,11.925925925925926,0,10
6.4,6,4,42,Axar Patel,Lendl Simmons,0,False,1.0,51,Mumbai,Wankhede Stadium,False,True,40,6,6.666666666666667,70,10.5,20,231,161,13.333333333333332,12.075000000000001,0,10
6.5,6,5,43,Axar Patel,Lendl Simmons,6,False,-3.0,51,Mumbai,Wankhede Stadium,False,True,41,6,6.833333333333333,76,11.121951219512196,20,231,155,13.166666666666668,11.772151898734176,0,10
6.6,6,6,44,Axar Patel,Lendl Simmons,6,False,-3.0,51,Mumbai,Wankhede Stadium,False,True,42,6,7.0,82,11.714285714285714,20,231,149,13.0,11.461538461538462,0,10
7.1,7,1,45,Glenn Maxwell,Parthiv Patel,0,False,1.0,51,Mumbai,Wankhede Stadium,False,True,43,7,7.166666666666667,82,11.441860465116278,20,231,149,12.833333333333332,11.610389610389612,0,10
7.2,7,2,46,Glenn Maxwell,Parthiv Patel,0,False,1.0,51,Mumbai,Wankhede Stadium,False,True,44,7,7.333333333333333,82,11.181818181818182,20,231,149,12.666666666666668,11.76315789473684,0,10
7.3,7,3,47,Glenn Maxwell,Parthiv Patel,1,False,-0.5,51,Mumbai,Wankhede Stadium,False,True,45,7,7.5,83,11.066666666666666,20,231,148,12.5,11.84,0,10
7.4,7,4,48,Glenn Maxwell,Lendl Simmons,1,False,-0.25,51,Mumbai,Wankhede Stadium,False,True,46,7,7.666666666666667,84,10.956521739130434,20,231,147,12.333333333333332,11.91891891891892,0,10
7.5,7,5,49,Glenn Maxwell,Parthiv Patel,2,False,-1.0,51,Mumbai,Wankhede Stadium,False,True,47,7,7.833333333333333,86,10.97872340425532,20,231,145,12.166666666666668,11.917808219178081,0,10
7.6,7,6,50,Glenn Maxwell,Parthiv Patel,1,False,-0.5,51,Mumbai,Wankhede Stadium,False,True,48,7,8.0,87,10.875,20,231,144,12.0,12.0,0,10
8.1,8,1,51,Mohit Sharma,Parthiv Patel,4,False,-2.0,51,Mumbai,Wankhede Stadium,False,True,49,8,8.166666666666666,91,11.142857142857144,20,231,140,11.833333333333334,11.830985915492958,0,10
8.2,8,2,52,Mohit Sharma,Parthiv Patel,4,False,-2.0,51,Mumbai,Wankhede Stadium,False,True,50,8,8.333333333333334,95,11.399999999999999,20,231,136,11.666666666666666,11.657142857142858,0,10
8.3,8,3,53,Mohit Sharma,Parthiv Patel,4,False,-2.0,51,Mumbai,Wankhede Stadium,False,True,51,8,8.5,99,11.647058823529411,20,231,132,11.5,11.478260869565217,0,10
8.4,8,4,54,Mohit Sharma,Parthiv Patel,0,True,5.0,51,Mumbai,Wankhede Stadium,False,True,52,8,8.666666666666666,99,11.423076923076923,20,231,132,11.333333333333334,11.647058823529411,1,9
8.5,8,5,55,Mohit Sharma,Lendl Simmons,1,False,-0.5,51,Mumbai,Wankhede Stadium,False,True,53,8,8.833333333333334,100,11.320754716981131,20,231,131,11.166666666666666,11.73134328358209,1,9
8.6,8,6,56,Mohit Sharma,Nitish Rana,4,False,-2.0,51,Mumbai,Wankhede Stadium,False,True,54,8,9.0,104,11.555555555555555,20,231,127,11.0,11.545454545454545,1,9
9.1,9,1,57,Glenn Maxwell,Lendl Simmons,1,False,-0.5,51,Mumbai,Wankhede Stadium,False,True,55,9,9.166666666666666,105,11.454545454545455,20,231,126,10.833333333333334,11.63076923076923,1,9
9.2,9,2,58,Glenn Maxwell,Nitish Rana,1,False,-0.5,51,Mumbai,Wankhede Stadium,False,True,56,9,9.333333333333334,106,11.357142857142856,20,231,125,10.666666666666666,11.71875,1,9
9.3,9,3,59,Glenn Maxwell,Lendl Simmons,0,True,5.0,51,Mumbai,Wankhede Stadium,False,True,57,9,9.5,106,11.157894736842104,20,231,125,10.5,11.904761904761905,2,8
9.4,9,4,60,Glenn Maxwell,Rohit Sharma,0,False,1.0,51,Mumbai,Wankhede Stadium,False,True,58,9,9.666666666666666,106,10.965517241379311,20,231,125,10.333333333333334,12.096774193548386,2,8
9.5,9,5,61,Glenn Maxwell,Rohit Sharma,1,False,-0.5,51,Mumbai,Wankhede Stadium,False,True,59,9,9.833333333333334,107,10.88135593220339,20,231,124,10.166666666666666,12.196721311475411,2,8
9.6,9,6,62,Glenn Maxwell,Nitish Rana,1,False,-0.5,51,Mumbai,Wankhede Stadium,False,True,60,9,10.0,108,10.8,20,231,123,10.0,12.3,2,8
10.1,10,1,63,Ishant Sharma,Nitish Rana,0,False,1.0,51,Mumbai,Wankhede Stadium,False,True,61,10,10.166666666666666,108,10.622950819672132,20,231,123,9.833333333333334,12.508474576271185,2,8
10.2,10,2,64,Ishant Sharma,Nitish Rana,4,False,-2.0,51,Mumbai,Wankhede Stadium,False,True,62,10,10.333333333333334,112,10.838709677419354,20,231,119,9.666666666666666,12.310344827586208,2,8
10.3,10,3,65,Ishant Sharma,Nitish Rana,0,False,1.0,51,Mumbai,Wankhede Stadium,False,True,63,10,10.5,112,10.666666666666666,20,231,119,9.5,12.526315789473685,2,8
10.4,10,4,66,Ishant Sharma,Nitish Rana,1,False,-1.0,51,Mumbai,Wankhede Stadium,True,False,63,10,10.5,113,10.761904761904763,20,231,118,9.5,12.421052631578947,2,8
10.4,10,4,67,Ishant Sharma,Nitish Rana,1,False,-0.5,51,Mumbai,Wankhede Stadium,False,True,64,10,10.666666666666666,114,10.6875,20,231,117,9.333333333333334,12.535714285714285,2,8
10.5,10,5,68,Ishant Sharma,Rohit Sharma,0,False,1.0,51,Mumbai,Wankhede Stadium,False,True,65,10,10.833333333333334,114,10.523076923076923,20,231,117,9.166666666666666,12.763636363636364,2,8
10.6,10,6,69,Ishant Sharma,Rohit Sharma,3,False,-1.5,51,Mumbai,Wankhede Stadium,False,True,66,10,11.0,117,10.636363636363637,20,231,114,9.0,12.666666666666666,2,8
11.1,11,1,70,Rahul Tewatia,Rohit Sharma,0,False,1.0,51,Mumbai,Wankhede Stadium,False,True,67,11,11.166666666666666,117,10.477611940298509,20,231,114,8.833333333333334,12.90566037735849,2,8
11.2,11,2,71,Rahul Tewatia,Rohit Sharma,1,False,-0.5,51,Mumbai,Wankhede Stadium,False,True,68,11,11.333333333333334,118,10.411764705882353,20,231,113,8.666666666666666,13.03846153846154,2,8
11.3,11,3,72,Rahul Tewatia,Nitish Rana,1,False,-0.5,51,Mumbai,Wankhede Stadium,False,True,69,11,11.5,119,10.347826086956522,20,231,112,8.5,13.176470588235293,2,8
11.4,11,4,73,Rahul Tewatia,Rohit Sharma,0,True,5.0,51,Mumbai,Wankhede Stadium,False,True,70,11,11.666666666666666,119,10.200000000000001,20,231,112,8.333333333333334,13.44,3,7
11.5,11,5,74,Rahul Tewatia,Kieron Pollard,0,False,1.0,51,Mumbai,Wankhede Stadium,False,True,71,11,11.833333333333334,119,10.056338028169014,20,231,112,8.166666666666666,13.714285714285715,3,7
11.6,11,6,75,Rahul Tewatia,Kieron Pollard,1,False,-0.5,51,Mumbai,Wankhede Stadium,False,True,72,11,12.0,120,10.0,20,231,111,8.0,13.875,3,7
12.1,12,1,76,Axar Patel,Kieron Pollard,1,False,-0.5,51,Mumbai,Wankhede Stadium,False,True,73,12,12.166666666666666,121,9.945205479452055,20,231,110,7.833333333333334,14.042553191489361,3,7
12.2,12,2,77,Axar Patel,Nitish Rana,0,False,1.0,51,Mumbai,Wankhede Stadium,False,True,74,12,12.333333333333334,121,9.81081081081081,20,231,110,7.666666666666666,14.347826086956523,3,7
12.3,12,3,78,Axar Patel,Nitish Rana,0,False,1.0,51,Mumbai,Wankhede Stadium,False,True,75,12,12.5,121,9.68,20,231,110,7.5,14.666666666666666,3,7
12.4,12,4,79,Axar Patel,Nitish Rana,0,True,5.0,51,Mumbai,Wankhede Stadium,False,True,76,12,12.666666666666666,121,9.552631578947368,20,231,110,7.333333333333334,14.999999999999998,4,6
12.5,12,5,80,Axar Patel,Kieron Pollard,1,False,-0.5,51,Mumbai,Wankhede Stadium,False,True,77,12,12.833333333333334,122,9.506493506493506,20,231,109,7.166666666666666,15.209302325581396,4,6
12.6,12,6,81,Axar Patel,Hardik Pandya,1,False,-0.5,51,Mumbai,Wankhede Stadium,False,True,78,12,13.0,123,9.461538461538462,20,231,108,7.0,15.428571428571429,4,6
13.1,13,1,82,Rahul Tewatia,Hardik Pandya,0,False,1.0,51,Mumbai,Wankhede Stadium,False,True,79,13,13.166666666666666,123,9.341772151898734,20,231,108,6.833333333333334,15.804878048780486,4,6
13.2,13,2,83,Rahul Tewatia,Hardik Pandya,6,False,-3.0,51,Mumbai,Wankhede Stadium,False,True,80,13,13.333333333333334,129,9.674999999999999,20,231,102,6.666666666666666,15.3,4,6
13.3,13,3,84,Rahul Tewatia,Hardik Pandya,0,False,1.0,51,Mumbai,Wankhede Stadium,False,True,81,13,13.5,129,9.555555555555555,20,231,102,6.5,15.692307692307692,4,6
13.4,13,4,85,Rahul Tewatia,Hardik Pandya,1,False,-0.5,51,Mumbai,Wankhede Stadium,False,True,82,13,13.666666666666666,130,9.512195121951219,20,231,101,6.333333333333334,15.94736842105263,4,6
13.5,13,5,86,Rahul Tewatia,Kieron Pollard,6,False,-3.0,51,Mumbai,Wankhede Stadium,False,True,83,13,13.833333333333334,136,9.831325301204819,20,231,95,6.166666666666666,15.405405405405407,4,6
13.6,13,6,87,Rahul Tewatia,Kieron Pollard,1,False,-0.5,51,Mumbai,Wankhede Stadium,False,True,84,13,14.0,137,9.785714285714286,20,231,94,6.0,15.666666666666666,4,6
14.1,14,1,88,Axar Patel,Kieron Pollard,1,False,-0.5,51,Mumbai,Wankhede Stadium,False,True,85,14,14.166666666666666,138,9.741176470588236,20,231,93,5.833333333333334,15.942857142857141,4,6
14.2,14,2,89,Axar Patel,Hardik Pandya,2,False,-1.0,51,Mumbai,Wankhede Stadium,False,True,86,14,14.333333333333334,140,9.767441860465116,20,231,91,5.666666666666666,16.058823529411768,4,6
14.3,14,3,90,Axar Patel,Hardik Pandya,0,False,1.0,51,Mumbai,Wankhede Stadium,False,True,87,14,14.5,140,9.655172413793103,20,231,91,5.5,16.545454545454547,4,6
14.4,14,4,91,Axar Patel,Hardik Pandya,1,False,-0.5,51,Mumbai,Wankhede Stadium,False,True,88,14,14.666666666666666,141,9.613636363636363,20,231,90,5.333333333333334,16.874999999999996,4,6
14.5,14,5,92,Axar Patel,Kieron Pollard,1,False,-0.5,51,Mumbai,Wankhede Stadium,False,True,89,14,14.833333333333334,142,9.573033707865168,20,231,89,5.166666666666666,17.225806451612904,4,6
14.6,14,6,93,Axar Patel,Hardik Pandya,6,False,-3.0,51,Mumbai,Wankhede Stadium,False,True,90,14,15.0,148,9.866666666666667,20,231,83,5.0,16.6,4,6
15.1,15,1,94,Matt Henry,Kieron Pollard,1,False,-1.0,51,Mumbai,Wankhede Stadium,True,False,90,14,15.0,149,9.933333333333334,20,231,82,5.0,16.4,4,6
15.1,15,1,95,Matt Henry,Kieron Pollard,6,False,-3.0,51,Mumbai,Wankhede Stadium,False,True,91,15,15.166666666666666,155,10.21978021978022,20,231,76,4.833333333333334,15.72413793103448,4,6
15.2,15,2,96,Matt Henry,Kieron Pollard,6,False,-3.0,51,Mumbai,Wankhede Stadium,False,True,92,15,15.333333333333334,161,10.5,20,231,70,4.666666666666666,15.000000000000002,4,6
15.3,15,3,97,Matt Henry,Kieron Pollard,1,False,-0.5,51,Mumbai,Wankhede Stadium,False,True,93,15,15.5,162,10.451612903225806,20,231,69,4.5,15.333333333333334,4,6
15.4,15,4,98,Matt Henry,Hardik Pandya,6,False,-3.0,51,Mumbai,Wankhede Stadium,False,True,94,15,15.666666666666666,168,10.72340425531915,20,231,63,4.333333333333334,14.538461538461537,4,6
15.5,15,5,99,Matt Henry,Hardik Pandya,6,False,-3.0,51,Mumbai,Wankhede Stadium,False,True,95,15,15.833333333333334,174,10.989473684210527,20,231,57,4.166666666666666,13.680000000000001,4,6
15.6,15,6,100,Matt Henry,Hardik Pandya,1,False,-0.5,51,Mumbai,Wankhede Stadium,False,True,96,15,16.0,175,10.9375,20,231,56,4.0,14.0,4,6
16.1,16,1,101,Sandeep Sharma,Hardik Pandya,1,False,-1.0,51,Mumbai,Wankhede Stadium,True,False,96,15,16.0,176,11.0,20,231,55,4.0,13.75,4,6
16.1,16,1,102,Sandeep Sharma,Hardik Pandya,0,True,5.0,51,Mumbai,Wankhede Stadium,False,True,97,16,16.166666666666668,176,10.886597938144329,20,231,55,3.833333333333332,14.347826086956527,5,5
16.2,16,2,103,Sandeep Sharma,Karn Sharma,1,False,-0.5,51,Mumbai,Wankhede Stadium,False,True,98,16,16.333333333333332,177,10.836734693877553,20,231,54,3.666666666666668,14.727272727272723,5,5
16.3,16,3,104,Sandeep Sharma,Kieron Pollard,4,False,-2.0,51,Mumbai,Wankhede Stadium,False,True,99,16,16.5,181,10.969696969696969,20,231,50,3.5,14.285714285714286,5,5
16.4,16,4,105,Sandeep Sharma,Kieron Pollard,6,False,-3.0,51,Mumbai,Wankhede Stadium,False,True,100,16,16.666666666666668,187,11.219999999999999,20,231,44,3.333333333333332,13.200000000000005,5,5
16.5,16,5,106,Sandeep Sharma,Kieron Pollard,1,False,-0.5,51,Mumbai,Wankhede Stadium,False,True,101,16,16.833333333333332,188,11.16831683168317,20,231,43,3.166666666666668,13.578947368421048,5,5
16.6,16,6,107,Sandeep Sharma,Karn Sharma,4,False,-2.0,51,Mumbai,Wankhede Stadium,False,True,102,16,17.0,192,11.294117647058824,20,231,39,3.0,13.0,5,5
17.1,17,1,108,Mohit Sharma,Kieron Pollard,1,False,-0.5,51,Mumbai,Wankhede Stadium,False,True,103,17,17.166666666666668,193,11.242718446601941,20,231,38,2.833333333333332,13.411764705882359,5,5
17.2,17,2,109,Mohit Sharma,Karn Sharma,6,False,-3.0,51,Mumbai,Wankhede Stadium,False,True,104,17,17.333333333333332,199,11.480769230769232,20,231,32,2.666666666666668,11.999999999999995,5,5
17.3,17,3,110,Mohit Sharma,Karn Sharma,4,False,-2.0,51,Mumbai,Wankhede Stadium,False,True,105,17,17.5,203,11.6,20,231,28,2.5,11.2,5,5
17.4,17,4,111,Mohit Sharma,Karn Sharma,4,False,-2.0,51,Mumbai,Wankhede Stadium,False,True,106,17,17.666666666666668,207,11.716981132075471,20,231,24,2.333333333333332,10.285714285714292,5,5
17.5,17,5,112,Mohit Sharma,Karn Sharma,0,True,5.0,51,Mumbai,Wankhede Stadium,False,True,107,17,17.833333333333332,207,11.60747663551402,20,231,24,2.166666666666668,11.076923076923071,6,4
17.6,17,6,113,Mohit Sharma,Harbhajan Singh,1,False,-0.5,51,Mumbai,Wankhede Stadium,False,True,108,17,18.0,208,11.555555555555555,20,231,23,2.0,11.5,6,4
18.1,18,1,114,Sandeep Sharma,Harbhajan Singh,0,False,1.0,51,Mumbai,Wankhede Stadium,False,True,109,18,18.166666666666668,208,11.449541284403669,20,231,23,1.8333333333333321,12.545454545454554,6,4
18.2,18,2,115,Sandeep Sharma,Harbhajan Singh,1,False,-0.5,51,Mumbai,Wankhede Stadium,False,True,110,18,18.333333333333332,209,11.4,20,231,22,1.6666666666666679,13.19999999999999,6,4
18.3,18,3,116,Sandeep Sharma,Kieron Pollard,2,False,-1.0,51,Mumbai,Wankhede Stadium,False,True,111,18,18.5,211,11.405405405405405,20,231,20,1.5,13.333333333333334,6,4
18.4,18,4,117,Sandeep Sharma,Kieron Pollard,2,False,-1.0,51,Mumbai,Wankhede Stadium,False,True,112,18,18.666666666666668,213,11.410714285714285,20,231,18,1.3333333333333321,13.500000000000012,6,4
18.5,18,5,118,Sandeep Sharma,Kieron Pollard,1,False,-1.0,51,Mumbai,Wankhede Stadium,True,False,112,18,18.666666666666668,214,11.464285714285714,20,231,17,1.3333333333333321,12.75000000000001,6,4
18.5,18,5,119,Sandeep Sharma,Kieron Pollard,1,False,-0.5,51,Mumbai,Wankhede Stadium,False,True,113,18,18.833333333333332,215,11.415929203539823,20,231,16,1.1666666666666679,13.714285714285701,6,4
18.6,18,6,120,Sandeep Sharma,Harbhajan Singh,0,False,1.0,51,Mumbai,Wankhede Stadium,False,True,114,18,19.0,215,11.31578947368421,20,231,16,1.0,16.0,6,4
19.1,19,1,121,Mohit Sharma,Kieron Pollard,1,False,-0.5,51,Mumbai,Wankhede Stadium,False,True,115,19,19.166666666666668,216,11.269565217391303,20,231,15,0.8333333333333321,18.000000000000025,6,4
19.2,19,2,122,Mohit Sharma,Kieron Pollard,6,False,-3.0,51,Mumbai,Wankhede Stadium,False,True,116,19,19.333333333333332,222,11.482758620689657,20,231,9,0.6666666666666679,13.499999999999977,6,4
19.3,19,3,123,Mohit Sharma,Kieron Pollard,0,False,1.0,51,Mumbai,Wankhede Stadium,False,True,117,19,19.5,222,11.384615384615385,20,231,9,0.5,18.0,6,4
19.4,19,4,124,Mohit Sharma,Kieron Pollard,0,False,1.0,51,Mumbai,Wankhede Stadium,False,True,118,19,19.666666666666668,222,11.288135593220339,20,231,9,0.33333333333333215,27.000000000000096,6,4
19.5,19,5,125,Mohit Sharma,Kieron Pollard,0,False,1.0,51,Mumbai,Wankhede Stadium,False,True,119,19,19.833333333333332,222,11.19327731092437,20,231,9,0.16666666666666785,53.999999999999616,6,4
19.6,19,6,126,Mohit Sharma,Kieron Pollard,1,False,-0.5,51,Mumbai,Wankhede Stadium,False,True,120,19,20.0,223,11.15,20,231,8,0.0,inf,6,4
