Ball Number,over,ball,Ball,bowler,batsman,Runs,is_wicket,bowler_score,match_id,city,stadium,is_extra,legal_delivery,legal_deliveries_count,overs_completed,overs_bowled,total_runs,current_run_rate,total_overs,target,runs_needed,overs_remaining,required_run_rate,wickets_fallen,wickets_in_hand
0.1,0,1,1,Praveen Kumar,David Warner,0,False,1.0,53,Kanpur,Green Park,False,True,1,0,0.16666666666666666,0,0.0,20,155,155,19.833333333333332,7.815126050420169,0,10
0.2,0,2,2,Praveen Kumar,David Warner,1,False,-0.5,53,Kanpur,Green Park,False,True,2,0,0.3333333333333333,1,3.0,20,155,154,19.666666666666668,7.830508474576271,0,10
0.3,0,3,3,Praveen Kumar,S Dhawan,0,False,1.0,53,Kanpur,Green Park,False,True,3,0,0.5,1,2.0,20,155,154,19.5,7.897435897435898,0,10
0.4,0,4,4,Praveen Kumar,S Dhawan,0,False,1.0,53,Kanpur,Green Park,False,True,4,0,0.6666666666666666,1,1.5,20,155,154,19.333333333333332,7.9655172413793105,0,10
0.5,0,5,5,Praveen Kumar,S Dhawan,4,False,-2.0,53,Kanpur,Green Park,False,True,5,0,0.8333333333333334,5,6.0,20,155,150,19.166666666666668,7.826086956521738,0,10
0.6,0,6,6,Praveen Kumar,S Dhawan,1,False,-1.0,53,Kanpur,Green Park,True,False,5,0,0.8333333333333334,6,7.199999999999999,20,155,149,19.166666666666668,7.77391304347826,0,10
0.6,0,6,7,Praveen Kumar,S Dhawan,1,False,-0.5,53,Kanpur,Green Park,False,True,6,0,1.0,7,7.0,20,155,148,19.0,7.7894736842105265,0,10
1.1,1,1,8,Pradeep Sangwan,S Dhawan,4,False,-2.0,53,Kanpur,Green Park,False,True,7,1,1.1666666666666667,11,9.428571428571429,20,155,144,18.833333333333332,7.646017699115045,0,10
1.2,1,2,9,Pradeep Sangwan,S Dhawan,4,False,-2.0,53,Kanpur,Green Park,False,True,8,1,1.3333333333333333,15,11.25,20,155,140,18.666666666666668,7.499999999999999,0,10
1.3,1,3,10,Pradeep Sangwan,S Dhawan,4,False,-2.0,53,Kanpur,Green Park,False,True,9,1,1.5,19,12.666666666666666,20,155,136,18.5,7.351351351351352,0,10
1.4,1,4,11,Pradeep Sangwan,S Dhawan,0,False,1.0,53,Kanpur,Green Park,False,True,10,1,1.6666666666666665,19,11.4,20,155,136,18.333333333333332,7.418181818181819,0,10
1.5,1,5,12,Pradeep Sangwan,S Dhawan,0,False,1.0,53,Kanpur,Green Park,False,True,11,1,1.8333333333333335,19,10.363636363636363,20,155,136,18.166666666666668,7.486238532110091,0,10
1.6,1,6,13,Pradeep Sangwan,S Dhawan,1,False,-0.5,53,Kanpur,Green Park,False,True,12,1,2.0,20,10.0,20,155,135,18.0,7.5,0,10
2.1,2,1,14,Praveen Kumar,S Dhawan,0,True,5.0,53,Kanpur,Green Park,False,True,13,2,2.1666666666666665,20,9.230769230769232,20,155,135,17.833333333333332,7.570093457943925,1,9
2.2,2,2,15,Praveen Kumar,David Warner,0,False,1.0,53,Kanpur,Green Park,False,True,14,2,2.3333333333333335,20,8.571428571428571,20,155,135,17.666666666666668,7.641509433962264,1,9
2.3,2,3,16,Praveen Kumar,David Warner,0,False,1.0,53,Kanpur,Green Park,False,True,15,2,2.5,20,8.0,20,155,135,17.5,7.714285714285714,1,9
2.4,2,4,17,Praveen Kumar,David Warner,1,False,-0.5,53,Kanpur,Green Park,False,True,16,2,2.6666666666666665,21,7.875,20,155,134,17.333333333333332,7.730769230769232,1,9
2.5,2,5,18,Praveen Kumar,Moises Henriques,4,False,-2.0,53,Kanpur,Green Park,False,True,17,2,2.8333333333333335,25,8.823529411764705,20,155,130,17.166666666666668,7.572815533980582,1,9
2.6,2,6,19,Praveen Kumar,Moises Henriques,0,True,5.0,53,Kanpur,Green Park,False,True,18,2,3.0,25,8.333333333333334,20,155,130,17.0,7.647058823529412,2,8
3.1,3,1,20,Pradeep Sangwan,David Warner,1,False,-0.5,53,Kanpur,Green Park,False,True,19,3,3.1666666666666665,26,8.210526315789474,20,155,129,16.833333333333332,7.663366336633664,2,8
3.2,3,2,21,Pradeep Sangwan,Vijay Shankar,0,False,1.0,53,Kanpur,Green Park,False,True,20,3,3.3333333333333335,26,7.8,20,155,129,16.666666666666668,7.739999999999999,2,8
3.3,3,3,22,Pradeep Sangwan,Vijay Shankar,1,False,-0.5,53,Kanpur,Green Park,False,True,21,3,3.5,27,7.714285714285714,20,155,128,16.5,7.757575757575758,2,8
3.4,3,4,23,Pradeep Sangwan,David Warner,0,False,1.0,53,Kanpur,Green Park,False,True,22,3,3.6666666666666665,27,7.363636363636364,20,155,128,16.333333333333332,7.836734693877552,2,8
3.5,3,5,24,Pradeep Sangwan,David Warner,0,False,1.0,53,Kanpur,Green Park,False,True,23,3,3.8333333333333335,27,7.0434782608695645,20,155,128,16.166666666666668,7.917525773195876,2,8
3.6,3,6,25,Pradeep Sangwan,David Warner,0,False,1.0,53,Kanpur,Green Park,False,True,24,3,4.0,27,6.75,20,155,128,16.0,8.0,2,8
4.1,4,1,26,Praveen Kumar,Vijay Shankar,0,False,1.0,53,Kanpur,Green Park,False,True,25,4,4.166666666666667,27,6.4799999999999995,20,155,128,15.833333333333332,8.08421052631579,2,8
4.2,4,2,27,Praveen Kumar,Vijay Shankar,0,False,1.0,53,Kanpur,Green Park,False,True,26,4,4.333333333333333,27,6.230769230769231,20,155,128,15.666666666666668,8.170212765957446,2,8
4.3,4,3,28,Praveen Kumar,Vijay Shankar,1,False,-0.5,53,Kanpur,Green Park,False,True,27,4,4.5,28,6.222222222222222,20,155,127,15.5,8.193548387096774,2,8
4.4,4,4,29,Praveen Kumar,David Warner,4,False,-2.0,53,Kanpur,Green Park,False,True,28,4,4.666666666666667,32,6.857142857142857,20,155,123,15.333333333333332,8.021739130434783,2,8
4.5,4,5,30,Praveen Kumar,David Warner,0,False,1.0,53,Kanpur,Green Park,False,True,29,4,4.833333333333333,32,6.620689655172415,20,155,123,15.166666666666668,8.10989010989011,2,8
4.6,4,6,31,Praveen Kumar,David Warner,1,False,-0.25,53,Kanpur,Green Park,False,True,30,4,5.0,33,6.6,20,155,122,15.0,8.133333333333333,2,8
5.1,5,1,32,James Faulkner,David Warner,2,False,-1.0,53,Kanpur,Green Park,False,True,31,5,5.166666666666667,35,6.774193548387096,20,155,120,14.833333333333332,8.089887640449438,2,8
5.2,5,2,33,James Faulkner,David Warner,1,False,-0.5,53,Kanpur,Green Park,False,True,32,5,5.333333333333333,36,6.75,20,155,119,14.666666666666668,8.113636363636363,2,8
5.3,5,3,34,James Faulkner,Vijay Shankar,4,False,-2.0,53,Kanpur,Green Park,False,True,33,5,5.5,40,7.2727272727272725,20,155,115,14.5,7.931034482758621,2,8
5.4,5,4,35,James Faulkner,Vijay Shankar,1,False,-0.5,53,Kanpur,Green Park,False,True,34,5,5.666666666666667,41,7.235294117647059,20,155,114,14.333333333333332,7.953488372093024,2,8
5.5,5,5,36,James Faulkner,David Warner,2,False,-1.0,53,Kanpur,Green Park,False,True,35,5,5.833333333333333,43,7.371428571428572,20,155,112,14.166666666666668,7.905882352941176,2,8
5.6,5,6,37,James Faulkner,David Warner,4,False,-2.0,53,Kanpur,Green Park,False,True,36,5,6.0,47,7.833333333333333,20,155,108,14.0,7.714285714285714,2,8
6.1,6,1,38,Munaf Patel,Vijay Shankar,1,False,-0.5,53,Kanpur,Green Park,False,True,37,6,6.166666666666667,48,7.783783783783783,20,155,107,13.833333333333332,7.734939759036145,2,8
6.2,6,2,39,Munaf Patel,David Warner,1,False,-0.5,53,Kanpur,Green Park,False,True,38,6,6.333333333333333,49,7.736842105263158,20,155,106,13.666666666666668,7.756097560975609,2,8
6.3,6,3,40,Munaf Patel,Vijay Shankar,1,False,-0.5,53,Kanpur,Green Park,False,True,39,6,6.5,50,7.6923076923076925,20,155,105,13.5,7.777777777777778,2,8
6.4,6,4,41,Munaf Patel,David Warner,0,False,1.0,53,Kanpur,Green Park,False,True,40,6,6.666666666666667,50,7.5,20,155,105,13.333333333333332,7.875000000000001,2,8
6.5,6,5,42,Munaf Patel,David Warner,1,False,-0.5,53,Kanpur,Green Park,False,True,41,6,6.833333333333333,51,7.463414634146342,20,155,104,13.166666666666668,7.898734177215189,2,8
6.6,6,6,43,Munaf Patel,Vijay Shankar,1,False,-0.5,53,Kanpur,Green Park,False,True,42,6,7.0,52,7.428571428571429,20,155,103,13.0,7.923076923076923,2,8
7.1,7,1,44,Ravindra Jadeja,Vijay Shankar,1,False,-0.5,53,Kanpur,Green Park,False,True,43,7,7.166666666666667,53,7.395348837209302,20,155,102,12.833333333333332,7.9480519480519485,2,8
7.2,7,2,45,Ravindra Jadeja,David Warner,1,False,-0.5,53,Kanpur,Green Park,False,True,44,7,7.333333333333333,54,7.363636363636364,20,155,101,12.666666666666668,7.973684210526315,2,8
7.3,7,3,46,Ravindra Jadeja,Vijay Shankar,1,False,-0.5,53,Kanpur,Green Park,False,True,45,7,7.5,55,7.333333333333333,20,155,100,12.5,8.0,2,8
7.4,7,4,47,Ravindra Jadeja,David Warner,0,False,1.0,53,Kanpur,Green Park,False,True,46,7,7.666666666666667,55,7.173913043478261,20,155,100,12.333333333333332,8.108108108108109,2,8
7.5,7,5,48,Ravindra Jadeja,David Warner,2,False,-1.0,53,Kanpur,Green Park,False,True,47,7,7.833333333333333,57,7.276595744680852,20,155,98,12.166666666666668,8.054794520547944,2,8
7.6,7,6,49,Ravindra Jadeja,David Warner,1,False,-0.5,53,Kanpur,Green Park,False,True,48,7,8.0,58,7.25,20,155,97,12.0,8.083333333333334,2,8
8.1,8,1,50,Munaf Patel,David Warner,4,False,-2.0,53,Kanpur,Green Park,False,True,49,8,8.166666666666666,62,7.591836734693878,20,155,93,11.833333333333334,7.859154929577464,2,8
8.2,8,2,51,Munaf Patel,David Warner,1,False,-0.5,53,Kanpur,Green Park,False,True,50,8,8.333333333333334,63,7.56,20,155,92,11.666666666666666,7.885714285714286,2,8
8.3,8,3,52,Munaf Patel,Vijay Shankar,2,False,-1.0,53,Kanpur,Green Park,False,True,51,8,8.5,65,7.647058823529412,20,155,90,11.5,7.826086956521739,2,8
8.4,8,4,53,Munaf Patel,Vijay Shankar,1,False,-0.5,53,Kanpur,Green Park,False,True,52,8,8.666666666666666,66,7.615384615384616,20,155,89,11.333333333333334,7.852941176470588,2,8
8.5,8,5,54,Munaf Patel,David Warner,1,False,-0.5,53,Kanpur,Green Park,False,True,53,8,8.833333333333334,67,7.584905660377358,20,155,88,11.166666666666666,7.880597014925374,2,8
8.6,8,6,55,Munaf Patel,Vijay Shankar,4,False,-2.0,53,Kanpur,Green Park,False,True,54,8,9.0,71,7.888888888888889,20,155,84,11.0,7.636363636363637,2,8
9.1,9,1,56,Ankit Soni,David Warner,1,False,-0.5,53,Kanpur,Green Park,False,True,55,9,9.166666666666666,72,7.854545454545455,20,155,83,10.833333333333334,7.661538461538461,2,8
9.2,9,2,57,Ankit Soni,Vijay Shankar,1,False,-0.5,53,Kanpur,Green Park,False,True,56,9,9.333333333333334,73,7.821428571428571,20,155,82,10.666666666666666,7.6875,2,8
9.3,9,3,58,Ankit Soni,David Warner,0,False,1.0,53,Kanpur,Green Park,False,True,57,9,9.5,73,7.684210526315789,20,155,82,10.5,7.809523809523809,2,8
9.4,9,4,59,Ankit Soni,David Warner,4,False,-2.0,53,Kanpur,Green Park,False,True,58,9,9.666666666666666,77,7.9655172413793105,20,155,78,10.333333333333334,7.548387096774193,2,8
9.5,9,5,60,Ankit Soni,David Warner,1,False,-0.5,53,Kanpur,Green Park,False,True,59,9,9.833333333333334,78,7.932203389830508,20,155,77,10.166666666666666,7.5737704918032795,2,8
9.6,9,6,61,Ankit Soni,Vijay Shankar,4,False,-2.0,53,Kanpur,Green Park,False,True,60,9,10.0,82,8.2,20,155,73,10.0,7.3,2,8
10.1,10,1,62,Munaf Patel,David Warner,1,False,-0.5,53,Kanpur,Green Park,False,True,61,10,10.166666666666666,83,8.163934426229508,20,155,72,9.833333333333334,7.322033898305084,2,8
10.2,10,2,63,Munaf Patel,Vijay Shankar,1,False,-0.5,53,Kanpur,Green Park,False,True,62,10,10.333333333333334,84,8.129032258064516,20,155,71,9.666666666666666,7.344827586206897,2,8
10.3,10,3,64,Munaf Patel,David Warner,0,False,1.0,53,Kanpur,Green Park,False,True,63,10,10.5,84,8.0,20,155,71,9.5,7.473684210526316,2,8
10.4,10,4,65,Munaf Patel,David Warner,1,False,-0.5,53,Kanpur,Green Park,False,True,64,10,10.666666666666666,85,7.96875,20,155,70,9.333333333333334,7.499999999999999,2,8
10.5,10,5,66,Munaf Patel,Vijay Shankar,1,False,-0.5,53,Kanpur,Green Park,False,True,65,10,10.833333333333334,86,7.938461538461538,20,155,69,9.166666666666666,7.527272727272727,2,8
10.6,10,6,67,Munaf Patel,David Warner,0,False,1.0,53,Kanpur,Green Park,False,True,66,10,11.0,86,7.818181818181818,20,155,69,9.0,7.666666666666667,2,8
11.1,11,1,68,Ankit Soni,Vijay Shankar,1,False,-0.5,53,Kanpur,Green Park,False,True,67,11,11.166666666666666,87,7.791044776119404,20,155,68,8.833333333333334,7.698113207547169,2,8
11.2,11,2,69,Ankit Soni,David Warner,2,False,-1.0,53,Kanpur,Green Park,False,True,68,11,11.333333333333334,89,7.852941176470588,20,155,66,8.666666666666666,7.615384615384616,2,8
11.3,11,3,70,Ankit Soni,David Warner,4,False,-2.0,53,Kanpur,Green Park,False,True,69,11,11.5,93,8.08695652173913,20,155,62,8.5,7.294117647058823,2,8
11.4,11,4,71,Ankit Soni,David Warner,1,False,-0.5,53,Kanpur,Green Park,False,True,70,11,11.666666666666666,94,8.057142857142857,20,155,61,8.333333333333334,7.319999999999999,2,8
11.5,11,5,72,Ankit Soni,Vijay Shankar,4,False,-2.0,53,Kanpur,Green Park,False,True,71,11,11.833333333333334,98,8.28169014084507,20,155,57,8.166666666666666,6.979591836734694,2,8
11.6,11,6,73,Ankit Soni,Vijay Shankar,4,False,-2.0,53,Kanpur,Green Park,False,True,72,11,12.0,102,8.5,20,155,53,8.0,6.625,2,8
12.1,12,1,74,James Faulkner,David Warner,1,False,-0.5,53,Kanpur,Green Park,False,True,73,12,12.166666666666666,103,8.465753424657535,20,155,52,7.833333333333334,6.638297872340425,2,8
12.2,12,2,75,James Faulkner,Vijay Shankar,1,False,-0.5,53,Kanpur,Green Park,False,True,74,12,12.333333333333334,104,8.432432432432432,20,155,51,7.666666666666666,6.6521739130434785,2,8
12.3,12,3,76,James Faulkner,David Warner,1,False,-0.5,53,Kanpur,Green Park,False,True,75,12,12.5,105,8.4,20,155,50,7.5,6.666666666666667,2,8
12.4,12,4,77,James Faulkner,Vijay Shankar,1,False,-0.5,53,Kanpur,Green Park,False,True,76,12,12.666666666666666,106,8.368421052631579,20,155,49,7.333333333333334,6.681818181818182,2,8
12.5,12,5,78,James Faulkner,David Warner,4,False,-2.0,53,Kanpur,Green Park,False,True,77,12,12.833333333333334,110,8.571428571428571,20,155,45,7.166666666666666,6.279069767441861,2,8
12.6,12,6,79,James Faulkner,David Warner,2,False,-1.0,53,Kanpur,Green Park,False,True,78,12,13.0,112,8.615384615384615,20,155,43,7.0,6.142857142857143,2,8
13.1,13,1,80,Ravindra Jadeja,Vijay Shankar,1,False,-0.5,53,Kanpur,Green Park,False,True,79,13,13.166666666666666,113,8.582278481012658,20,155,42,6.833333333333334,6.146341463414633,2,8
13.2,13,2,81,Ravindra Jadeja,David Warner,2,False,-1.0,53,Kanpur,Green Park,False,True,80,13,13.333333333333334,115,8.625,20,155,40,6.666666666666666,6.000000000000001,2,8
13.3,13,3,82,Ravindra Jadeja,David Warner,1,False,-0.5,53,Kanpur,Green Park,False,True,81,13,13.5,116,8.592592592592593,20,155,39,6.5,6.0,2,8
13.4,13,4,83,Ravindra Jadeja,Vijay Shankar,0,False,1.0,53,Kanpur,Green Park,False,True,82,13,13.666666666666666,116,8.487804878048781,20,155,39,6.333333333333334,6.157894736842104,2,8
13.5,13,5,84,Ravindra Jadeja,Vijay Shankar,0,False,1.0,53,Kanpur,Green Park,False,True,83,13,13.833333333333334,116,8.385542168674698,20,155,39,6.166666666666666,6.324324324324325,2,8
13.6,13,6,85,Ravindra Jadeja,Vijay Shankar,1,False,-0.5,53,Kanpur,Green Park,False,True,84,13,14.0,117,8.357142857142858,20,155,38,6.0,6.333333333333333,2,8
14.1,14,1,86,Pradeep Sangwan,Vijay Shankar,0,False,1.0,53,Kanpur,Green Park,False,True,85,14,14.166666666666666,117,8.258823529411766,20,155,38,5.833333333333334,6.514285714285713,2,8
14.2,14,2,87,Pradeep Sangwan,Vijay Shankar,4,False,-2.0,53,Kanpur,Green Park,False,True,86,14,14.333333333333334,121,8.441860465116278,20,155,34,5.666666666666666,6.000000000000001,2,8
14.3,14,3,88,Pradeep Sangwan,Vijay Shankar,0,False,1.0,53,Kanpur,Green Park,False,True,87,14,14.5,121,8.344827586206897,20,155,34,5.5,6.181818181818182,2,8
14.4,14,4,89,Pradeep Sangwan,Vijay Shankar,4,False,-2.0,53,Kanpur,Green Park,False,True,88,14,14.666666666666666,125,8.522727272727273,20,155,30,5.333333333333334,5.624999999999999,2,8
14.5,14,5,90,Pradeep Sangwan,Vijay Shankar,0,False,1.0,53,Kanpur,Green Park,False,True,89,14,14.833333333333334,125,8.42696629213483,20,155,30,5.166666666666666,5.806451612903227,2,8
14.6,14,6,91,Pradeep Sangwan,Vijay Shankar,2,False,-1.0,53,Kanpur,Green Park,False,True,90,14,15.0,127,8.466666666666667,20,155,28,5.0,5.6,2,8
15.1,15,1,92,Ravindra Jadeja,David Warner,4,False,-2.0,53,Kanpur,Green Park,False,True,91,15,15.166666666666666,131,8.637362637362637,20,155,24,4.833333333333334,4.96551724137931,2,8
15.2,15,2,93,Ravindra Jadeja,David Warner,1,False,-0.5,53,Kanpur,Green Park,False,True,92,15,15.333333333333334,132,8.608695652173912,20,155,23,4.666666666666666,4.928571428571429,2,8
15.3,15,3,94,Ravindra Jadeja,Vijay Shankar,1,False,-0.5,53,Kanpur,Green Park,False,True,93,15,15.5,133,8.580645161290322,20,155,22,4.5,4.888888888888889,2,8
15.4,15,4,95,Ravindra Jadeja,David Warner,0,False,1.0,53,Kanpur,Green Park,False,True,94,15,15.666666666666666,133,8.48936170212766,20,155,22,4.333333333333334,5.076923076923077,2,8
15.5,15,5,96,Ravindra Jadeja,David Warner,1,False,-0.5,53,Kanpur,Green Park,False,True,95,15,15.833333333333334,134,8.463157894736842,20,155,21,4.166666666666666,5.040000000000001,2,8
15.6,15,6,97,Ravindra Jadeja,Vijay Shankar,1,False,-0.5,53,Kanpur,Green Park,False,True,96,15,16.0,135,8.4375,20,155,20,4.0,5.0,2,8
16.1,16,1,98,Praveen Kumar,Vijay Shankar,0,False,1.0,53,Kanpur,Green Park,False,True,97,16,16.166666666666668,135,8.350515463917525,20,155,20,3.833333333333332,5.217391304347828,2,8
16.2,16,2,99,Praveen Kumar,Vijay Shankar,0,False,1.0,53,Kanpur,Green Park,False,True,98,16,16.333333333333332,135,8.26530612244898,20,155,20,3.666666666666668,5.454545454545452,2,8
16.3,16,3,100,Praveen Kumar,Vijay Shankar,1,False,-0.5,53,Kanpur,Green Park,False,True,99,16,16.5,136,8.242424242424242,20,155,19,3.5,5.428571428571429,2,8
16.4,16,4,101,Praveen Kumar,David Warner,2,False,-0.25,53,Kanpur,Green Park,False,True,100,16,16.666666666666668,138,8.28,20,155,17,3.333333333333332,5.100000000000001,2,8
16.5,16,5,102,Praveen Kumar,David Warner,0,False,1.0,53,Kanpur,Green Park,False,True,101,16,16.833333333333332,138,8.198019801980198,20,155,17,3.166666666666668,5.368421052631577,2,8
16.6,16,6,103,Praveen Kumar,David Warner,4,False,-2.0,53,Kanpur,Green Park,False,True,102,16,17.0,142,8.352941176470589,20,155,13,3.0,4.333333333333333,2,8
17.1,17,1,104,Pradeep Sangwan,Vijay Shankar,1,False,-0.5,53,Kanpur,Green Park,False,True,103,17,17.166666666666668,143,8.33009708737864,20,155,12,2.833333333333332,4.235294117647061,2,8
17.2,17,2,105,Pradeep Sangwan,David Warner,1,False,-0.5,53,Kanpur,Green Park,False,True,104,17,17.333333333333332,144,8.307692307692308,20,155,11,2.666666666666668,4.124999999999998,2,8
17.3,17,3,106,Pradeep Sangwan,Vijay Shankar,4,False,-2.0,53,Kanpur,Green Park,False,True,105,17,17.5,148,8.457142857142857,20,155,7,2.5,2.8,2,8
17.4,17,4,107,Pradeep Sangwan,Vijay Shankar,2,False,-1.0,53,Kanpur,Green Park,False,True,106,17,17.666666666666668,150,8.490566037735848,20,155,5,2.333333333333332,2.142857142857144,2,8
17.5,17,5,108,Pradeep Sangwan,Vijay Shankar,4,False,-2.0,53,Kanpur,Green Park,False,True,107,17,17.833333333333332,154,8.63551401869159,20,155,1,2.166666666666668,0.4615384615384613,2,8
17.6,17,6,109,Pradeep Sangwan,Vijay Shankar,0,False,1.0,53,Kanpur,Green Park,False,True,108,17,18.0,154,8.555555555555555,20,155,1,2.0,0.5,2,8
18.1,18,1,110,Ankit Soni,David Warner,4,False,-2.0,53,Kanpur,Green Park,False,True,109,18,18.166666666666668,158,8.697247706422019,20,155,0,1.8333333333333321,0.0,2,8
