Ball Number,over,ball,Ball,bowler,batsman,Runs,is_wicket,bowler_score,match_id,city,stadium,is_extra,legal_delivery,legal_deliveries_count,overs_completed,overs_bowled,total_runs,current_run_rate,total_overs,target,runs_needed,overs_remaining,required_run_rate,wickets_fallen,wickets_in_hand
0.1,0,1,1,Sandeep Sharma,Ajinkya Rahane,0,False,1.0,55,Pune,Maharashtra Cricket Association Stadium,False,True,1,0,0.16666666666666666,0,0.0,20,74,74,19.833333333333332,3.73109243697479,0,10
0.2,0,2,2,Sandeep Sharma,Ajinkya Rahane,2,False,-1.0,55,Pune,Maharashtra Cricket Association Stadium,False,True,2,0,0.3333333333333333,2,6.0,20,74,72,19.666666666666668,3.661016949152542,0,10
0.3,0,3,3,Sandeep Sharma,Ajinkya Rahane,0,False,1.0,55,Pune,Maharashtra Cricket Association Stadium,False,True,3,0,0.5,2,4.0,20,74,72,19.5,3.6923076923076925,0,10
0.4,0,4,4,Sandeep Sharma,Ajinkya Rahane,0,False,1.0,55,Pune,Maharashtra Cricket Association Stadium,False,True,4,0,0.6666666666666666,2,3.0,20,74,72,19.333333333333332,3.724137931034483,0,10
0.5,0,5,5,Sandeep Sharma,Ajinkya Rahane,0,False,1.0,55,Pune,Maharashtra Cricket Association Stadium,False,True,5,0,0.8333333333333334,2,2.4,20,74,72,19.166666666666668,3.7565217391304344,0,10
0.6,0,6,6,Sandeep Sharma,Ajinkya Rahane,1,False,-0.5,55,Pune,Maharashtra Cricket Association Stadium,False,True,6,0,1.0,3,3.0,20,74,71,19.0,3.736842105263158,0,10
1.1,1,1,7,Mohit Sharma,Ajinkya Rahane,1,False,-0.5,55,Pune,Maharashtra Cricket Association Stadium,False,True,7,1,1.1666666666666667,4,3.4285714285714284,20,74,70,18.833333333333332,3.716814159292036,0,10
1.2,1,2,8,Mohit Sharma,Rahul Tripathi,0,False,1.0,55,Pune,Maharashtra Cricket Association Stadium,False,True,8,1,1.3333333333333333,4,3.0,20,74,70,18.666666666666668,3.7499999999999996,0,10
1.3,1,3,9,Mohit Sharma,Rahul Tripathi,4,False,-2.0,55,Pune,Maharashtra Cricket Association Stadium,False,True,9,1,1.5,8,5.333333333333333,20,74,66,18.5,3.5675675675675675,0,10
1.4,1,4,10,Mohit Sharma,Rahul Tripathi,0,False,1.0,55,Pune,Maharashtra Cricket Association Stadium,False,True,10,1,1.6666666666666665,8,4.800000000000001,20,74,66,18.333333333333332,3.6,0,10
1.5,1,5,11,Mohit Sharma,Rahul Tripathi,0,False,1.0,55,Pune,Maharashtra Cricket Association Stadium,False,True,11,1,1.8333333333333335,8,4.363636363636363,20,74,66,18.166666666666668,3.63302752293578,0,10
1.6,1,6,12,Mohit Sharma,Rahul Tripathi,1,False,-0.5,55,Pune,Maharashtra Cricket Association Stadium,False,True,12,1,2.0,9,4.5,20,74,65,18.0,3.611111111111111,0,10
2.1,2,1,13,Sandeep Sharma,Rahul Tripathi,1,False,-1.0,55,Pune,Maharashtra Cricket Association Stadium,True,False,12,1,2.0,10,5.0,20,74,64,18.0,3.5555555555555554,0,10
2.1,2,1,14,Sandeep Sharma,Rahul Tripathi,1,False,-0.5,55,Pune,Maharashtra Cricket Association Stadium,False,True,13,2,2.1666666666666665,11,5.0769230769230775,20,74,63,17.833333333333332,3.532710280373832,0,10
2.2,2,2,15,Sandeep Sharma,Ajinkya Rahane,1,False,-0.5,55,Pune,Maharashtra Cricket Association Stadium,False,True,14,2,2.3333333333333335,12,5.142857142857142,20,74,62,17.666666666666668,3.5094339622641506,0,10
2.3,2,3,16,Sandeep Sharma,Rahul Tripathi,4,False,-2.0,55,Pune,Maharashtra Cricket Association Stadium,False,True,15,2,2.5,16,6.4,20,74,58,17.5,3.3142857142857145,0,10
2.4,2,4,17,Sandeep Sharma,Rahul Tripathi,1,False,-0.5,55,Pune,Maharashtra Cricket Association Stadium,False,True,16,2,2.6666666666666665,17,6.375,20,74,57,17.333333333333332,3.2884615384615388,0,10
2.5,2,5,18,Sandeep Sharma,Ajinkya Rahane,0,False,1.0,55,Pune,Maharashtra Cricket Association Stadium,False,True,17,2,2.8333333333333335,17,6.0,20,74,57,17.166666666666668,3.320388349514563,0,10
2.6,2,6,19,Sandeep Sharma,Ajinkya Rahane,1,False,-0.5,55,Pune,Maharashtra Cricket Association Stadium,False,True,18,2,3.0,18,6.0,20,74,56,17.0,3.2941176470588234,0,10
3.1,3,1,20,Ishant Sharma,Ajinkya Rahane,1,False,-0.5,55,Pune,Maharashtra Cricket Association Stadium,False,True,19,3,3.1666666666666665,19,6.0,20,74,55,16.833333333333332,3.2673267326732676,0,10
3.2,3,2,21,Ishant Sharma,Rahul Tripathi,4,False,-2.0,55,Pune,Maharashtra Cricket Association Stadium,False,True,20,3,3.3333333333333335,23,6.8999999999999995,20,74,51,16.666666666666668,3.0599999999999996,0,10
3.3,3,3,22,Ishant Sharma,Rahul Tripathi,0,False,1.0,55,Pune,Maharashtra Cricket Association Stadium,False,True,21,3,3.5,23,6.571428571428571,20,74,51,16.5,3.090909090909091,0,10
3.4,3,4,23,Ishant Sharma,Rahul Tripathi,4,False,-2.0,55,Pune,Maharashtra Cricket Association Stadium,False,True,22,3,3.6666666666666665,27,7.363636363636364,20,74,47,16.333333333333332,2.8775510204081636,0,10
3.5,3,5,24,Ishant Sharma,Rahul Tripathi,2,False,-1.0,55,Pune,Maharashtra Cricket Association Stadium,False,True,23,3,3.8333333333333335,29,7.565217391304348,20,74,45,16.166666666666668,2.783505154639175,0,10
3.6,3,6,25,Ishant Sharma,Rahul Tripathi,1,False,-0.5,55,Pune,Maharashtra Cricket Association Stadium,False,True,24,3,4.0,30,7.5,20,74,44,16.0,2.75,0,10
4.1,4,1,26,Rahul Tewatia,Rahul Tripathi,0,False,1.0,55,Pune,Maharashtra Cricket Association Stadium,False,True,25,4,4.166666666666667,30,7.199999999999999,20,74,44,15.833333333333332,2.778947368421053,0,10
4.2,4,2,27,Rahul Tewatia,Rahul Tripathi,0,False,1.0,55,Pune,Maharashtra Cricket Association Stadium,False,True,26,4,4.333333333333333,30,6.923076923076923,20,74,44,15.666666666666668,2.808510638297872,0,10
4.3,4,3,28,Rahul Tewatia,Rahul Tripathi,6,False,-3.0,55,Pune,Maharashtra Cricket Association Stadium,False,True,27,4,4.5,36,8.0,20,74,38,15.5,2.4516129032258065,0,10
4.4,4,4,29,Rahul Tewatia,Rahul Tripathi,0,False,1.0,55,Pune,Maharashtra Cricket Association Stadium,False,True,28,4,4.666666666666667,36,7.7142857142857135,20,74,38,15.333333333333332,2.4782608695652177,0,10
4.5,4,5,30,Rahul Tewatia,Rahul Tripathi,0,False,1.0,55,Pune,Maharashtra Cricket Association Stadium,False,True,29,4,4.833333333333333,36,7.448275862068966,20,74,38,15.166666666666668,2.5054945054945055,0,10
4.6,4,6,31,Rahul Tewatia,Rahul Tripathi,0,False,1.0,55,Pune,Maharashtra Cricket Association Stadium,False,True,30,4,5.0,36,7.2,20,74,38,15.0,2.533333333333333,0,10
5.1,5,1,32,Axar Patel,Ajinkya Rahane,4,False,-2.0,55,Pune,Maharashtra Cricket Association Stadium,False,True,31,5,5.166666666666667,40,7.741935483870967,20,74,34,14.833333333333332,2.2921348314606744,0,10
5.2,5,2,33,Axar Patel,Ajinkya Rahane,1,False,-0.5,55,Pune,Maharashtra Cricket Association Stadium,False,True,32,5,5.333333333333333,41,7.6875,20,74,33,14.666666666666668,2.25,0,10
5.3,5,3,34,Axar Patel,Rahul Tripathi,0,True,5.0,55,Pune,Maharashtra Cricket Association Stadium,False,True,33,5,5.5,41,7.454545454545454,20,74,33,14.5,2.2758620689655173,1,9
5.4,5,4,35,Axar Patel,Steven Smith,1,False,-0.5,55,Pune,Maharashtra Cricket Association Stadium,False,True,34,5,5.666666666666667,42,7.411764705882352,20,74,32,14.333333333333332,2.2325581395348837,1,9
5.5,5,5,36,Axar Patel,Ajinkya Rahane,0,False,1.0,55,Pune,Maharashtra Cricket Association Stadium,False,True,35,5,5.833333333333333,42,7.2,20,74,32,14.166666666666668,2.2588235294117647,1,9
5.6,5,6,37,Axar Patel,Ajinkya Rahane,1,False,-0.5,55,Pune,Maharashtra Cricket Association Stadium,False,True,36,5,6.0,43,7.166666666666667,20,74,31,14.0,2.2142857142857144,1,9
6.1,6,1,38,Swapnil Singh,Ajinkya Rahane,2,False,-1.0,55,Pune,Maharashtra Cricket Association Stadium,False,True,37,6,6.166666666666667,45,7.297297297297297,20,74,29,13.833333333333332,2.096385542168675,1,9
6.2,6,2,39,Swapnil Singh,Ajinkya Rahane,1,False,-0.5,55,Pune,Maharashtra Cricket Association Stadium,False,True,38,6,6.333333333333333,46,7.2631578947368425,20,74,28,13.666666666666668,2.048780487804878,1,9
6.3,6,3,40,Swapnil Singh,Steven Smith,1,False,-0.5,55,Pune,Maharashtra Cricket Association Stadium,False,True,39,6,6.5,47,7.230769230769231,20,74,27,13.5,2.0,1,9
6.4,6,4,41,Swapnil Singh,Ajinkya Rahane,1,False,-0.5,55,Pune,Maharashtra Cricket Association Stadium,False,True,40,6,6.666666666666667,48,7.199999999999999,20,74,26,13.333333333333332,1.9500000000000002,1,9
6.5,6,5,42,Swapnil Singh,Steven Smith,0,False,1.0,55,Pune,Maharashtra Cricket Association Stadium,False,True,41,6,6.833333333333333,48,7.024390243902439,20,74,26,13.166666666666668,1.9746835443037973,1,9
6.6,6,6,43,Swapnil Singh,Steven Smith,1,False,-0.5,55,Pune,Maharashtra Cricket Association Stadium,False,True,42,6,7.0,49,7.0,20,74,25,13.0,1.9230769230769231,1,9
7.1,7,1,44,Axar Patel,Steven Smith,1,False,-0.5,55,Pune,Maharashtra Cricket Association Stadium,False,True,43,7,7.166666666666667,50,6.976744186046512,20,74,24,12.833333333333332,1.8701298701298703,1,9
7.2,7,2,45,Axar Patel,Ajinkya Rahane,1,False,-0.5,55,Pune,Maharashtra Cricket Association Stadium,False,True,44,7,7.333333333333333,51,6.954545454545455,20,74,23,12.666666666666668,1.8157894736842104,1,9
7.3,7,3,46,Axar Patel,Steven Smith,1,False,-0.5,55,Pune,Maharashtra Cricket Association Stadium,False,True,45,7,7.5,52,6.933333333333334,20,74,22,12.5,1.76,1,9
7.4,7,4,47,Axar Patel,Ajinkya Rahane,1,False,-0.5,55,Pune,Maharashtra Cricket Association Stadium,False,True,46,7,7.666666666666667,53,6.913043478260869,20,74,21,12.333333333333332,1.7027027027027029,1,9
7.5,7,5,48,Axar Patel,Steven Smith,1,False,-0.5,55,Pune,Maharashtra Cricket Association Stadium,False,True,47,7,7.833333333333333,54,6.893617021276596,20,74,20,12.166666666666668,1.643835616438356,1,9
7.6,7,6,49,Axar Patel,Ajinkya Rahane,1,False,-0.5,55,Pune,Maharashtra Cricket Association Stadium,False,True,48,7,8.0,55,6.875,20,74,19,12.0,1.5833333333333333,1,9
8.1,8,1,50,Rahul Tewatia,Ajinkya Rahane,0,False,1.0,55,Pune,Maharashtra Cricket Association Stadium,False,True,49,8,8.166666666666666,55,6.734693877551021,20,74,19,11.833333333333334,1.6056338028169013,1,9
8.2,8,2,51,Rahul Tewatia,Ajinkya Rahane,1,False,-0.5,55,Pune,Maharashtra Cricket Association Stadium,False,True,50,8,8.333333333333334,56,6.72,20,74,18,11.666666666666666,1.542857142857143,1,9
8.3,8,3,52,Rahul Tewatia,Steven Smith,1,False,-0.5,55,Pune,Maharashtra Cricket Association Stadium,False,True,51,8,8.5,57,6.705882352941177,20,74,17,11.5,1.4782608695652173,1,9
8.4,8,4,53,Rahul Tewatia,Ajinkya Rahane,0,False,1.0,55,Pune,Maharashtra Cricket Association Stadium,False,True,52,8,8.666666666666666,57,6.5769230769230775,20,74,17,11.333333333333334,1.5,1,9
8.5,8,5,54,Rahul Tewatia,Ajinkya Rahane,1,False,-0.5,55,Pune,Maharashtra Cricket Association Stadium,False,True,53,8,8.833333333333334,58,6.566037735849056,20,74,16,11.166666666666666,1.4328358208955225,1,9
8.6,8,6,55,Rahul Tewatia,Steven Smith,0,False,1.0,55,Pune,Maharashtra Cricket Association Stadium,False,True,54,8,9.0,58,6.444444444444445,20,74,16,11.0,1.4545454545454546,1,9
9.1,9,1,56,Glenn Maxwell,Ajinkya Rahane,1,False,-0.5,55,Pune,Maharashtra Cricket Association Stadium,False,True,55,9,9.166666666666666,59,6.4363636363636365,20,74,15,10.833333333333334,1.3846153846153846,1,9
9.2,9,2,57,Glenn Maxwell,Steven Smith,0,False,1.0,55,Pune,Maharashtra Cricket Association Stadium,False,True,56,9,9.333333333333334,59,6.321428571428571,20,74,15,10.666666666666666,1.40625,1,9
9.3,9,3,58,Glenn Maxwell,Steven Smith,1,False,-0.5,55,Pune,Maharashtra Cricket Association Stadium,False,True,57,9,9.5,60,6.315789473684211,20,74,14,10.5,1.3333333333333333,1,9
9.4,9,4,59,Glenn Maxwell,Ajinkya Rahane,0,False,1.0,55,Pune,Maharashtra Cricket Association Stadium,False,True,58,9,9.666666666666666,60,6.206896551724138,20,74,14,10.333333333333334,1.3548387096774193,1,9
9.5,9,5,60,Glenn Maxwell,Ajinkya Rahane,1,False,-0.5,55,Pune,Maharashtra Cricket Association Stadium,False,True,59,9,9.833333333333334,61,6.203389830508474,20,74,13,10.166666666666666,1.278688524590164,1,9
9.6,9,6,61,Glenn Maxwell,Steven Smith,1,False,-0.5,55,Pune,Maharashtra Cricket Association Stadium,False,True,60,9,10.0,62,6.2,20,74,12,10.0,1.2,1,9
10.1,10,1,62,Rahul Tewatia,Steven Smith,2,False,-1.0,55,Pune,Maharashtra Cricket Association Stadium,False,True,61,10,10.166666666666666,64,6.2950819672131155,20,74,10,9.833333333333334,1.0169491525423728,1,9
10.2,10,2,63,Rahul Tewatia,Steven Smith,0,False,1.0,55,Pune,Maharashtra Cricket Association Stadium,False,True,62,10,10.333333333333334,64,6.193548387096774,20,74,10,9.666666666666666,1.0344827586206897,1,9
10.3,10,3,64,Rahul Tewatia,Steven Smith,1,False,-0.5,55,Pune,Maharashtra Cricket Association Stadium,False,True,63,10,10.5,65,6.190476190476191,20,74,9,9.5,0.9473684210526315,1,9
10.4,10,4,65,Rahul Tewatia,Ajinkya Rahane,1,False,-0.5,55,Pune,Maharashtra Cricket Association Stadium,False,True,64,10,10.666666666666666,66,6.1875,20,74,8,9.333333333333334,0.8571428571428571,1,9
10.5,10,5,66,Rahul Tewatia,Steven Smith,1,False,-0.5,55,Pune,Maharashtra Cricket Association Stadium,False,True,65,10,10.833333333333334,67,6.184615384615384,20,74,7,9.166666666666666,0.7636363636363637,1,9
10.6,10,6,67,Rahul Tewatia,Ajinkya Rahane,0,False,1.0,55,Pune,Maharashtra Cricket Association Stadium,False,True,66,10,11.0,67,6.090909090909091,20,74,7,9.0,0.7777777777777778,1,9
11.1,11,1,68,Glenn Maxwell,Steven Smith,1,False,-0.5,55,Pune,Maharashtra Cricket Association Stadium,False,True,67,11,11.166666666666666,68,6.089552238805971,20,74,6,8.833333333333334,0.6792452830188679,1,9
11.2,11,2,69,Glenn Maxwell,Ajinkya Rahane,2,False,-1.0,55,Pune,Maharashtra Cricket Association Stadium,False,True,68,11,11.333333333333334,70,6.1764705882352935,20,74,4,8.666666666666666,0.46153846153846156,1,9
11.3,11,3,70,Glenn Maxwell,Ajinkya Rahane,1,False,-0.5,55,Pune,Maharashtra Cricket Association Stadium,False,True,69,11,11.5,71,6.173913043478261,20,74,3,8.5,0.35294117647058826,1,9
11.4,11,4,71,Glenn Maxwell,Steven Smith,1,False,-0.5,55,Pune,Maharashtra Cricket Association Stadium,False,True,70,11,11.666666666666666,72,6.171428571428572,20,74,2,8.333333333333334,0.24,1,9
11.5,11,5,72,Glenn Maxwell,Ajinkya Rahane,0,False,1.0,55,Pune,Maharashtra Cricket Association Stadium,False,True,71,11,11.833333333333334,72,6.084507042253521,20,74,2,8.166666666666666,0.2448979591836735,1,9
11.6,11,6,73,Glenn Maxwell,Ajinkya Rahane,6,False,-3.0,55,Pune,Maharashtra Cricket Association Stadium,False,True,72,11,12.0,78,6.5,20,74,0,8.0,0.0,1,9
