Ball Number,over,ball,Ball,bowler,batsman,Runs,is_wicket,bowler_score,match_id,city,stadium,is_extra,legal_delivery,legal_deliveries_count,overs_completed,overs_bowled,total_runs,current_run_rate,total_overs,target,runs_needed,overs_remaining,required_run_rate,wickets_fallen,wickets_in_hand
0.1,0,1,1,Bhuvneshwar Kumar,Robin Uthappa,1,False,-0.5,58,Bangalore,M Chinnaswamy Stadium,False,True,1,0,0.16666666666666666,1,6.0,20,48,47,19.833333333333332,2.369747899159664,0,10
0.2,0,2,2,Bhuvneshwar Kumar,Chris Lynn,6,False,-3.0,58,Bangalore,M Chinnaswamy Stadium,False,True,2,0,0.3333333333333333,7,21.0,20,48,41,19.666666666666668,2.084745762711864,0,10
0.3,0,3,3,Bhuvneshwar Kumar,Chris Lynn,0,True,5.0,58,Bangalore,M Chinnaswamy Stadium,False,True,3,0,0.5,7,14.0,20,48,41,19.5,2.1025641025641026,1,9
0.4,0,4,4,Bhuvneshwar Kumar,Yusuf Pathan,0,True,5.0,58,Bangalore,M Chinnaswamy Stadium,False,True,4,0,0.6666666666666666,7,10.5,20,48,41,19.333333333333332,2.1206896551724137,2,8
0.5,0,5,5,Bhuvneshwar Kumar,Gautam Gambhir,0,False,1.0,58,Bangalore,M Chinnaswamy Stadium,False,True,5,0,0.8333333333333334,7,8.4,20,48,41,19.166666666666668,2.139130434782609,2,8
0.6,0,6,6,Bhuvneshwar Kumar,Gautam Gambhir,4,False,-2.0,58,Bangalore,M Chinnaswamy Stadium,False,True,6,0,1.0,11,11.0,20,48,37,19.0,1.9473684210526316,2,8
1.1,1,1,7,Chris Jordan,Robin Uthappa,1,False,-1.0,58,Bangalore,M Chinnaswamy Stadium,True,False,6,0,1.0,12,12.0,20,48,36,19.0,1.894736842105263,2,8
1.1,1,1,8,Chris Jordan,Robin Uthappa,0,True,5.0,58,Bangalore,M Chinnaswamy Stadium,False,True,7,1,1.1666666666666667,12,10.285714285714285,20,48,36,18.833333333333332,1.9115044247787611,3,7
1.2,1,2,9,Chris Jordan,Gautam Gambhir,1,False,-0.5,58,Bangalore,M Chinnaswamy Stadium,False,True,8,1,1.3333333333333333,13,9.75,20,48,35,18.666666666666668,1.8749999999999998,3,7
1.3,1,3,10,Chris Jordan,Ishank Jaggi,0,False,1.0,58,Bangalore,M Chinnaswamy Stadium,False,True,9,1,1.5,13,8.666666666666666,20,48,35,18.5,1.8918918918918919,3,7
1.4,1,4,11,Chris Jordan,Ishank Jaggi,1,False,-0.25,58,Bangalore,M Chinnaswamy Stadium,False,True,10,1,1.6666666666666665,14,8.4,20,48,34,18.333333333333332,1.8545454545454547,3,7
1.5,1,5,12,Chris Jordan,Gautam Gambhir,6,False,-3.0,58,Bangalore,M Chinnaswamy Stadium,False,True,11,1,1.8333333333333335,20,10.909090909090908,20,48,28,18.166666666666668,1.5412844036697246,3,7
1.6,1,6,13,Chris Jordan,Gautam Gambhir,1,False,-0.5,58,Bangalore,M Chinnaswamy Stadium,False,True,12,1,2.0,21,10.5,20,48,27,18.0,1.5,3,7
2.1,2,1,14,Rashid Khan,Gautam Gambhir,1,False,-0.5,58,Bangalore,M Chinnaswamy Stadium,False,True,13,2,2.1666666666666665,22,10.153846153846155,20,48,26,17.833333333333332,1.457943925233645,3,7
2.2,2,2,15,Rashid Khan,Ishank Jaggi,1,False,-0.5,58,Bangalore,M Chinnaswamy Stadium,False,True,14,2,2.3333333333333335,23,9.857142857142856,20,48,25,17.666666666666668,1.4150943396226414,3,7
2.3,2,3,16,Rashid Khan,Gautam Gambhir,2,False,-1.0,58,Bangalore,M Chinnaswamy Stadium,False,True,15,2,2.5,25,10.0,20,48,23,17.5,1.3142857142857143,3,7
2.4,2,4,17,Rashid Khan,Gautam Gambhir,0,False,1.0,58,Bangalore,M Chinnaswamy Stadium,False,True,16,2,2.6666666666666665,25,9.375,20,48,23,17.333333333333332,1.326923076923077,3,7
2.5,2,5,18,Rashid Khan,Gautam Gambhir,1,False,-1.0,58,Bangalore,M Chinnaswamy Stadium,True,False,16,2,2.6666666666666665,26,9.75,20,48,22,17.333333333333332,1.2692307692307694,3,7
2.5,2,5,19,Rashid Khan,Gautam Gambhir,0,False,1.0,58,Bangalore,M Chinnaswamy Stadium,False,True,17,2,2.8333333333333335,26,9.176470588235293,20,48,22,17.166666666666668,1.2815533980582523,3,7
2.5,2,5,20,Rashid Khan,Gautam Gambhir,1,False,-1.0,58,Bangalore,M Chinnaswamy Stadium,True,False,17,2,2.8333333333333335,27,9.529411764705882,20,48,21,17.166666666666668,1.2233009708737863,3,7
2.6,2,6,21,Rashid Khan,Gautam Gambhir,0,False,1.0,58,Bangalore,M Chinnaswamy Stadium,False,True,18,2,3.0,27,9.0,20,48,21,17.0,1.2352941176470589,3,7
3.1,3,1,22,Siddarth Kaul,Ishank Jaggi,1,False,-0.5,58,Bangalore,M Chinnaswamy Stadium,False,True,19,3,3.1666666666666665,28,8.842105263157896,20,48,20,16.833333333333332,1.1881188118811883,3,7
3.2,3,2,23,Siddarth Kaul,Gautam Gambhir,4,False,-2.0,58,Bangalore,M Chinnaswamy Stadium,False,True,20,3,3.3333333333333335,32,9.6,20,48,16,16.666666666666668,0.96,3,7
3.3,3,3,24,Siddarth Kaul,Gautam Gambhir,6,False,-3.0,58,Bangalore,M Chinnaswamy Stadium,False,True,21,3,3.5,38,10.857142857142858,20,48,10,16.5,0.6060606060606061,3,7
3.4,3,4,25,Siddarth Kaul,Gautam Gambhir,1,False,-0.5,58,Bangalore,M Chinnaswamy Stadium,False,True,22,3,3.6666666666666665,39,10.636363636363637,20,48,9,16.333333333333332,0.5510204081632654,3,7
3.5,3,5,26,Siddarth Kaul,Ishank Jaggi,1,False,-0.5,58,Bangalore,M Chinnaswamy Stadium,False,True,23,3,3.8333333333333335,40,10.434782608695652,20,48,8,16.166666666666668,0.49484536082474223,3,7
3.6,3,6,27,Siddarth Kaul,Gautam Gambhir,1,False,-0.5,58,Bangalore,M Chinnaswamy Stadium,False,True,24,3,4.0,41,10.25,20,48,7,16.0,0.4375,3,7
4.1,4,1,28,Rashid Khan,Gautam Gambhir,2,False,-1.0,58,Bangalore,M Chinnaswamy Stadium,False,True,25,4,4.166666666666667,43,10.319999999999999,20,48,5,15.833333333333332,0.31578947368421056,3,7
4.2,4,2,29,Rashid Khan,Gautam Gambhir,0,False,1.0,58,Bangalore,M Chinnaswamy Stadium,False,True,26,4,4.333333333333333,43,9.923076923076923,20,48,5,15.666666666666668,0.3191489361702127,3,7
4.3,4,3,30,Rashid Khan,Gautam Gambhir,1,False,-0.5,58,Bangalore,M Chinnaswamy Stadium,False,True,27,4,4.5,44,9.777777777777779,20,48,4,15.5,0.25806451612903225,3,7
4.4,4,4,31,Rashid Khan,Ishank Jaggi,1,False,-0.5,58,Bangalore,M Chinnaswamy Stadium,False,True,28,4,4.666666666666667,45,9.642857142857142,20,48,3,15.333333333333332,0.1956521739130435,3,7
4.5,4,5,32,Rashid Khan,Gautam Gambhir,1,False,-0.5,58,Bangalore,M Chinnaswamy Stadium,False,True,29,4,4.833333333333333,46,9.517241379310345,20,48,2,15.166666666666668,0.13186813186813187,3,7
4.6,4,6,33,Rashid Khan,Ishank Jaggi,0,False,1.0,58,Bangalore,M Chinnaswamy Stadium,False,True,30,4,5.0,46,9.2,20,48,2,15.0,0.13333333333333333,3,7
5.1,5,1,34,Bipul Sharma,Gautam Gambhir,1,False,-0.5,58,Bangalore,M Chinnaswamy Stadium,False,True,31,5,5.166666666666667,47,9.096774193548386,20,48,1,14.833333333333332,0.06741573033707866,3,7
5.2,5,2,35,Bipul Sharma,Ishank Jaggi,1,False,-0.5,58,Bangalore,M Chinnaswamy Stadium,False,True,32,5,5.333333333333333,48,9.0,20,48,0,14.666666666666668,0.0,3,7
