Ball Number,over,ball,Ball,bowler,batsman,Runs,is_wicket,bowler_score,match_id,city,stadium,is_extra,legal_delivery,legal_deliveries_count,overs_completed,overs_bowled,total_runs,current_run_rate,total_overs,target,runs_needed,overs_remaining,required_run_rate,wickets_fallen,wickets_in_hand
0.1,0,1,1,Krunal Pandya,Ajinkya Rahane,0,False,1.0,60,Uppal,Rajiv Gandhi International Stadium,False,True,1,0,0.16666666666666666,0,0.0,20,130,130,19.833333333333332,6.5546218487394965,0,10
0.2,0,2,2,Krunal Pandya,Ajinkya Rahane,1,False,-0.5,60,Uppal,Rajiv Gandhi International Stadium,False,True,2,0,0.3333333333333333,1,3.0,20,130,129,19.666666666666668,6.5593220338983045,0,10
0.3,0,3,3,Krunal Pandya,Rahul Tripathi,0,False,1.0,60,Uppal,Rajiv Gandhi International Stadium,False,True,3,0,0.5,1,2.0,20,130,129,19.5,6.615384615384615,0,10
0.4,0,4,4,Krunal Pandya,Rahul Tripathi,0,False,1.0,60,Uppal,Rajiv Gandhi International Stadium,False,True,4,0,0.6666666666666666,1,1.5,20,130,129,19.333333333333332,6.672413793103448,0,10
0.5,0,5,5,Krunal Pandya,Rahul Tripathi,1,False,-0.5,60,Uppal,Rajiv Gandhi International Stadium,False,True,5,0,0.8333333333333334,2,2.4,20,130,128,19.166666666666668,6.678260869565217,0,10
0.6,0,6,6,Krunal Pandya,Ajinkya Rahane,4,False,-2.0,60,Uppal,Rajiv Gandhi International Stadium,False,True,6,0,1.0,6,6.0,20,130,124,19.0,6.526315789473684,0,10
1.1,1,1,7,Mitchell Johnson,Rahul Tripathi,0,False,1.0,60,Uppal,Rajiv Gandhi International Stadium,False,True,7,1,1.1666666666666667,6,5.142857142857142,20,130,124,18.833333333333332,6.5840707964601775,0,10
1.2,1,2,8,Mitchell Johnson,Rahul Tripathi,1,False,-0.5,60,Uppal,Rajiv Gandhi International Stadium,False,True,8,1,1.3333333333333333,7,5.25,20,130,123,18.666666666666668,6.5892857142857135,0,10
1.3,1,3,9,Mitchell Johnson,Ajinkya Rahane,1,False,-0.5,60,Uppal,Rajiv Gandhi International Stadium,False,True,9,1,1.5,8,5.333333333333333,20,130,122,18.5,6.594594594594595,0,10
1.4,1,4,10,Mitchell Johnson,Rahul Tripathi,1,False,-0.5,60,Uppal,Rajiv Gandhi International Stadium,False,True,10,1,1.6666666666666665,9,5.4,20,130,121,18.333333333333332,6.6000000000000005,0,10
1.5,1,5,11,Mitchell Johnson,Ajinkya Rahane,1,False,-0.5,60,Uppal,Rajiv Gandhi International Stadium,False,True,11,1,1.8333333333333335,10,5.454545454545454,20,130,120,18.166666666666668,6.605504587155963,0,10
1.6,1,6,12,Mitchell Johnson,Rahul Tripathi,4,False,-0.25,60,Uppal,Rajiv Gandhi International Stadium,False,True,12,1,2.0,14,7.0,20,130,116,18.0,6.444444444444445,0,10
2.1,2,1,13,Jasprit Bumrah,Ajinkya Rahane,3,False,-1.5,60,Uppal,Rajiv Gandhi International Stadium,False,True,13,2,2.1666666666666665,17,7.846153846153847,20,130,113,17.833333333333332,6.336448598130842,0,10
2.2,2,2,14,Jasprit Bumrah,Rahul Tripathi,0,True,5.0,60,Uppal,Rajiv Gandhi International Stadium,False,True,14,2,2.3333333333333335,17,7.285714285714286,20,130,113,17.666666666666668,6.396226415094339,1,9
2.3,2,3,15,Jasprit Bumrah,Steven Smith,1,False,-0.5,60,Uppal,Rajiv Gandhi International Stadium,False,True,15,2,2.5,18,7.2,20,130,112,17.5,6.4,1,9
2.4,2,4,16,Jasprit Bumrah,Ajinkya Rahane,3,False,-1.5,60,Uppal,Rajiv Gandhi International Stadium,False,True,16,2,2.6666666666666665,21,7.875,20,130,109,17.333333333333332,6.288461538461539,1,9
2.5,2,5,17,Jasprit Bumrah,Steven Smith,0,False,1.0,60,Uppal,Rajiv Gandhi International Stadium,False,True,17,2,2.8333333333333335,21,7.411764705882352,20,130,109,17.166666666666668,6.349514563106796,1,9
2.6,2,6,18,Jasprit Bumrah,Steven Smith,0,False,1.0,60,Uppal,Rajiv Gandhi International Stadium,False,True,18,2,3.0,21,7.0,20,130,109,17.0,6.411764705882353,1,9
3.1,3,1,19,Lasith Malinga,Ajinkya Rahane,1,False,-0.5,60,Uppal,Rajiv Gandhi International Stadium,False,True,19,3,3.1666666666666665,22,6.947368421052632,20,130,108,16.833333333333332,6.415841584158416,1,9
3.2,3,2,20,Lasith Malinga,Steven Smith,0,False,1.0,60,Uppal,Rajiv Gandhi International Stadium,False,True,20,3,3.3333333333333335,22,6.6,20,130,108,16.666666666666668,6.4799999999999995,1,9
3.3,3,3,21,Lasith Malinga,Steven Smith,1,False,-0.5,60,Uppal,Rajiv Gandhi International Stadium,False,True,21,3,3.5,23,6.571428571428571,20,130,107,16.5,6.484848484848484,1,9
3.4,3,4,22,Lasith Malinga,Ajinkya Rahane,0,False,1.0,60,Uppal,Rajiv Gandhi International Stadium,False,True,22,3,3.6666666666666665,23,6.272727272727273,20,130,107,16.333333333333332,6.551020408163266,1,9
3.5,3,5,23,Lasith Malinga,Ajinkya Rahane,0,False,1.0,60,Uppal,Rajiv Gandhi International Stadium,False,True,23,3,3.8333333333333335,23,6.0,20,130,107,16.166666666666668,6.618556701030927,1,9
3.6,3,6,24,Lasith Malinga,Ajinkya Rahane,0,False,1.0,60,Uppal,Rajiv Gandhi International Stadium,False,True,24,3,4.0,23,5.75,20,130,107,16.0,6.6875,1,9
4.1,4,1,25,Karn Sharma,Steven Smith,1,False,-0.5,60,Uppal,Rajiv Gandhi International Stadium,False,True,25,4,4.166666666666667,24,5.76,20,130,106,15.833333333333332,6.6947368421052635,1,9
4.2,4,2,26,Karn Sharma,Ajinkya Rahane,1,False,-0.5,60,Uppal,Rajiv Gandhi International Stadium,False,True,26,4,4.333333333333333,25,5.76923076923077,20,130,105,15.666666666666668,6.702127659574468,1,9
4.3,4,3,27,Karn Sharma,Steven Smith,0,False,1.0,60,Uppal,Rajiv Gandhi International Stadium,False,True,27,4,4.5,25,5.555555555555555,20,130,105,15.5,6.774193548387097,1,9
4.4,4,4,28,Karn Sharma,Steven Smith,1,False,-1.0,60,Uppal,Rajiv Gandhi International Stadium,True,False,27,4,4.5,26,5.777777777777778,20,130,104,15.5,6.709677419354839,1,9
4.4,4,4,29,Karn Sharma,Steven Smith,1,False,-0.5,60,Uppal,Rajiv Gandhi International Stadium,False,True,28,4,4.666666666666667,27,5.785714285714286,20,130,103,15.333333333333332,6.717391304347826,1,9
4.5,4,5,30,Karn Sharma,Ajinkya Rahane,4,False,-2.0,60,Uppal,Rajiv Gandhi International Stadium,False,True,29,4,4.833333333333333,31,6.413793103448277,20,130,99,15.166666666666668,6.527472527472527,1,9
4.6,4,6,31,Karn Sharma,Ajinkya Rahane,1,False,-0.5,60,Uppal,Rajiv Gandhi International Stadium,False,True,30,4,5.0,32,6.4,20,130,98,15.0,6.533333333333333,1,9
5.1,5,1,32,Lasith Malinga,Ajinkya Rahane,0,False,1.0,60,Uppal,Rajiv Gandhi International Stadium,False,True,31,5,5.166666666666667,32,6.193548387096774,20,130,98,14.833333333333332,6.606741573033708,1,9
5.2,5,2,33,Lasith Malinga,Ajinkya Rahane,1,False,-0.5,60,Uppal,Rajiv Gandhi International Stadium,False,True,32,5,5.333333333333333,33,6.1875,20,130,97,14.666666666666668,6.613636363636363,1,9
5.3,5,3,34,Lasith Malinga,Steven Smith,1,False,-0.5,60,Uppal,Rajiv Gandhi International Stadium,False,True,33,5,5.5,34,6.181818181818182,20,130,96,14.5,6.620689655172414,1,9
5.4,5,4,35,Lasith Malinga,Ajinkya Rahane,4,False,-2.0,60,Uppal,Rajiv Gandhi International Stadium,False,True,34,5,5.666666666666667,38,6.705882352941176,20,130,92,14.333333333333332,6.418604651162791,1,9
5.5,5,5,36,Lasith Malinga,Ajinkya Rahane,0,False,1.0,60,Uppal,Rajiv Gandhi International Stadium,False,True,35,5,5.833333333333333,38,6.514285714285714,20,130,92,14.166666666666668,6.494117647058823,1,9
5.6,5,6,37,Lasith Malinga,Ajinkya Rahane,0,False,1.0,60,Uppal,Rajiv Gandhi International Stadium,False,True,36,5,6.0,38,6.333333333333333,20,130,92,14.0,6.571428571428571,1,9
6.1,6,1,38,Karn Sharma,Steven Smith,2,False,-1.0,60,Uppal,Rajiv Gandhi International Stadium,False,True,37,6,6.166666666666667,40,6.486486486486486,20,130,90,13.833333333333332,6.506024096385543,1,9
6.2,6,2,39,Karn Sharma,Steven Smith,0,False,1.0,60,Uppal,Rajiv Gandhi International Stadium,False,True,38,6,6.333333333333333,40,6.315789473684211,20,130,90,13.666666666666668,6.585365853658536,1,9
6.3,6,3,40,Karn Sharma,Steven Smith,1,False,-0.5,60,Uppal,Rajiv Gandhi International Stadium,False,True,39,6,6.5,41,6.3076923076923075,20,130,89,13.5,6.592592592592593,1,9
6.4,6,4,41,Karn Sharma,Ajinkya Rahane,1,False,-0.5,60,Uppal,Rajiv Gandhi International Stadium,False,True,40,6,6.666666666666667,42,6.3,20,130,88,13.333333333333332,6.6000000000000005,1,9
6.5,6,5,42,Karn Sharma,Steven Smith,0,False,1.0,60,Uppal,Rajiv Gandhi International Stadium,False,True,41,6,6.833333333333333,42,6.146341463414634,20,130,88,13.166666666666668,6.683544303797468,1,9
6.6,6,6,43,Karn Sharma,Steven Smith,1,False,-1.0,60,Uppal,Rajiv Gandhi International Stadium,True,False,41,6,6.833333333333333,43,6.2926829268292686,20,130,87,13.166666666666668,6.6075949367088604,1,9
6.6,6,6,44,Karn Sharma,Steven Smith,0,False,1.0,60,Uppal,Rajiv Gandhi International Stadium,False,True,42,6,7.0,43,6.142857142857143,20,130,87,13.0,6.6923076923076925,1,9
7.1,7,1,45,Jasprit Bumrah,Ajinkya Rahane,1,False,-0.5,60,Uppal,Rajiv Gandhi International Stadium,False,True,43,7,7.166666666666667,44,6.13953488372093,20,130,86,12.833333333333332,6.701298701298702,1,9
7.2,7,2,46,Jasprit Bumrah,Steven Smith,1,False,-0.5,60,Uppal,Rajiv Gandhi International Stadium,False,True,44,7,7.333333333333333,45,6.136363636363637,20,130,85,12.666666666666668,6.7105263157894735,1,9
7.3,7,3,47,Jasprit Bumrah,Ajinkya Rahane,0,False,1.0,60,Uppal,Rajiv Gandhi International Stadium,False,True,45,7,7.5,45,6.0,20,130,85,12.5,6.8,1,9
7.4,7,4,48,Jasprit Bumrah,Ajinkya Rahane,1,False,-0.5,60,Uppal,Rajiv Gandhi International Stadium,False,True,46,7,7.666666666666667,46,6.0,20,130,84,12.333333333333332,6.810810810810811,1,9
7.5,7,5,49,Jasprit Bumrah,Steven Smith,1,False,-0.5,60,Uppal,Rajiv Gandhi International Stadium,False,True,47,7,7.833333333333333,47,6.0,20,130,83,12.166666666666668,6.821917808219178,1,9
7.6,7,6,50,Jasprit Bumrah,Ajinkya Rahane,1,False,-0.5,60,Uppal,Rajiv Gandhi International Stadium,False,True,48,7,8.0,48,6.0,20,130,82,12.0,6.833333333333333,1,9
8.1,8,1,51,Karn Sharma,Ajinkya Rahane,1,False,-0.5,60,Uppal,Rajiv Gandhi International Stadium,False,True,49,8,8.166666666666666,49,6.0,20,130,81,11.833333333333334,6.845070422535211,1,9
8.2,8,2,52,Karn Sharma,Steven Smith,0,False,1.0,60,Uppal,Rajiv Gandhi International Stadium,False,True,50,8,8.333333333333334,49,5.88,20,130,81,11.666666666666666,6.942857142857143,1,9
8.3,8,3,53,Karn Sharma,Steven Smith,0,False,1.0,60,Uppal,Rajiv Gandhi International Stadium,False,True,51,8,8.5,49,5.764705882352941,20,130,81,11.5,7.043478260869565,1,9
8.4,8,4,54,Karn Sharma,Steven Smith,1,False,-0.5,60,Uppal,Rajiv Gandhi International Stadium,False,True,52,8,8.666666666666666,50,5.76923076923077,20,130,80,11.333333333333334,7.0588235294117645,1,9
8.5,8,5,55,Karn Sharma,Ajinkya Rahane,0,False,1.0,60,Uppal,Rajiv Gandhi International Stadium,False,True,53,8,8.833333333333334,50,5.660377358490566,20,130,80,11.166666666666666,7.164179104477612,1,9
8.6,8,6,56,Karn Sharma,Ajinkya Rahane,0,False,1.0,60,Uppal,Rajiv Gandhi International Stadium,False,True,54,8,9.0,50,5.555555555555555,20,130,80,11.0,7.2727272727272725,1,9
9.1,9,1,57,Mitchell Johnson,Steven Smith,1,False,-0.5,60,Uppal,Rajiv Gandhi International Stadium,False,True,55,9,9.166666666666666,51,5.563636363636364,20,130,79,10.833333333333334,7.292307692307692,1,9
9.2,9,2,58,Mitchell Johnson,Ajinkya Rahane,2,False,-1.0,60,Uppal,Rajiv Gandhi International Stadium,False,True,56,9,9.333333333333334,53,5.678571428571428,20,130,77,10.666666666666666,7.21875,1,9
9.3,9,3,59,Mitchell Johnson,Ajinkya Rahane,0,False,1.0,60,Uppal,Rajiv Gandhi International Stadium,False,True,57,9,9.5,53,5.578947368421052,20,130,77,10.5,7.333333333333333,1,9
9.4,9,4,60,Mitchell Johnson,Ajinkya Rahane,4,False,-2.0,60,Uppal,Rajiv Gandhi International Stadium,False,True,58,9,9.666666666666666,57,5.8965517241379315,20,130,73,10.333333333333334,7.064516129032258,1,9
9.5,9,5,61,Mitchell Johnson,Ajinkya Rahane,1,False,-0.5,60,Uppal,Rajiv Gandhi International Stadium,False,True,59,9,9.833333333333334,58,5.898305084745762,20,130,72,10.166666666666666,7.081967213114755,1,9
9.6,9,6,62,Mitchell Johnson,Steven Smith,0,False,1.0,60,Uppal,Rajiv Gandhi International Stadium,False,True,60,9,10.0,58,5.8,20,130,72,10.0,7.2,1,9
10.1,10,1,63,Krunal Pandya,Ajinkya Rahane,0,False,1.0,60,Uppal,Rajiv Gandhi International Stadium,False,True,61,10,10.166666666666666,58,5.704918032786885,20,130,72,9.833333333333334,7.322033898305084,1,9
10.2,10,2,64,Krunal Pandya,Ajinkya Rahane,4,False,-2.0,60,Uppal,Rajiv Gandhi International Stadium,False,True,62,10,10.333333333333334,62,6.0,20,130,68,9.666666666666666,7.03448275862069,1,9
10.3,10,3,65,Krunal Pandya,Ajinkya Rahane,0,False,1.0,60,Uppal,Rajiv Gandhi International Stadium,False,True,63,10,10.5,62,5.904761904761905,20,130,68,9.5,7.157894736842105,1,9
10.4,10,4,66,Krunal Pandya,Ajinkya Rahane,1,False,-0.5,60,Uppal,Rajiv Gandhi International Stadium,False,True,64,10,10.666666666666666,63,5.90625,20,130,67,9.333333333333334,7.178571428571428,1,9
10.5,10,5,67,Krunal Pandya,Steven Smith,1,False,-0.5,60,Uppal,Rajiv Gandhi International Stadium,False,True,65,10,10.833333333333334,64,5.907692307692307,20,130,66,9.166666666666666,7.2,1,9
10.6,10,6,68,Krunal Pandya,Ajinkya Rahane,1,False,-0.5,60,Uppal,Rajiv Gandhi International Stadium,False,True,66,10,11.0,65,5.909090909090909,20,130,65,9.0,7.222222222222222,1,9
11.1,11,1,69,Mitchell Johnson,Ajinkya Rahane,1,False,-0.5,60,Uppal,Rajiv Gandhi International Stadium,False,True,67,11,11.166666666666666,66,5.91044776119403,20,130,64,8.833333333333334,7.245283018867924,1,9
11.2,11,2,70,Mitchell Johnson,Steven Smith,4,False,-2.0,60,Uppal,Rajiv Gandhi International Stadium,False,True,68,11,11.333333333333334,70,6.1764705882352935,20,130,60,8.666666666666666,6.923076923076923,1,9
11.3,11,3,71,Mitchell Johnson,Steven Smith,0,False,1.0,60,Uppal,Rajiv Gandhi International Stadium,False,True,69,11,11.5,70,6.086956521739131,20,130,60,8.5,7.0588235294117645,1,9
11.4,11,4,72,Mitchell Johnson,Steven Smith,1,False,-0.5,60,Uppal,Rajiv Gandhi International Stadium,False,True,70,11,11.666666666666666,71,6.085714285714286,20,130,59,8.333333333333334,7.079999999999999,1,9
11.5,11,5,73,Mitchell Johnson,Ajinkya Rahane,0,True,5.0,60,Uppal,Rajiv Gandhi International Stadium,False,True,71,11,11.833333333333334,71,6.0,20,130,59,8.166666666666666,7.224489795918368,2,8
11.6,11,6,74,Mitchell Johnson,Steven Smith,0,False,1.0,60,Uppal,Rajiv Gandhi International Stadium,False,True,72,11,12.0,71,5.916666666666667,20,130,59,8.0,7.375,2,8
12.1,12,1,75,Karn Sharma,MS Dhoni,1,False,-0.5,60,Uppal,Rajiv Gandhi International Stadium,False,True,73,12,12.166666666666666,72,5.917808219178083,20,130,58,7.833333333333334,7.404255319148936,2,8
12.2,12,2,76,Karn Sharma,Steven Smith,0,False,1.0,60,Uppal,Rajiv Gandhi International Stadium,False,True,74,12,12.333333333333334,72,5.837837837837838,20,130,58,7.666666666666666,7.565217391304349,2,8
12.3,12,3,77,Karn Sharma,Steven Smith,0,False,1.0,60,Uppal,Rajiv Gandhi International Stadium,False,True,75,12,12.5,72,5.76,20,130,58,7.5,7.733333333333333,2,8
12.4,12,4,78,Karn Sharma,Steven Smith,1,False,-0.5,60,Uppal,Rajiv Gandhi International Stadium,False,True,76,12,12.666666666666666,73,5.7631578947368425,20,130,57,7.333333333333334,7.7727272727272725,2,8
12.5,12,5,79,Karn Sharma,MS Dhoni,0,False,1.0,60,Uppal,Rajiv Gandhi International Stadium,False,True,77,12,12.833333333333334,73,5.688311688311688,20,130,57,7.166666666666666,7.953488372093024,2,8
12.6,12,6,80,Karn Sharma,MS Dhoni,0,False,1.0,60,Uppal,Rajiv Gandhi International Stadium,False,True,78,12,13.0,73,5.615384615384615,20,130,57,7.0,8.142857142857142,2,8
13.1,13,1,81,Krunal Pandya,Steven Smith,1,False,-0.5,60,Uppal,Rajiv Gandhi International Stadium,False,True,79,13,13.166666666666666,74,5.620253164556963,20,130,56,6.833333333333334,8.195121951219512,2,8
13.2,13,2,82,Krunal Pandya,MS Dhoni,0,False,1.0,60,Uppal,Rajiv Gandhi International Stadium,False,True,80,13,13.333333333333334,74,5.55,20,130,56,6.666666666666666,8.4,2,8
13.3,13,3,83,Krunal Pandya,MS Dhoni,0,False,1.0,60,Uppal,Rajiv Gandhi International Stadium,False,True,81,13,13.5,74,5.481481481481482,20,130,56,6.5,8.615384615384615,2,8
13.4,13,4,84,Krunal Pandya,MS Dhoni,1,False,-0.5,60,Uppal,Rajiv Gandhi International Stadium,False,True,82,13,13.666666666666666,75,5.487804878048781,20,130,55,6.333333333333334,8.68421052631579,2,8
13.5,13,5,85,Krunal Pandya,Steven Smith,0,False,1.0,60,Uppal,Rajiv Gandhi International Stadium,False,True,83,13,13.833333333333334,75,5.421686746987952,20,130,55,6.166666666666666,8.91891891891892,2,8
13.6,13,6,86,Krunal Pandya,Steven Smith,2,False,-1.0,60,Uppal,Rajiv Gandhi International Stadium,False,True,84,13,14.0,77,5.5,20,130,53,6.0,8.833333333333334,2,8
14.1,14,1,87,Lasith Malinga,MS Dhoni,1,False,-0.5,60,Uppal,Rajiv Gandhi International Stadium,False,True,85,14,14.166666666666666,78,5.5058823529411764,20,130,52,5.833333333333334,8.914285714285713,2,8
14.2,14,2,88,Lasith Malinga,Steven Smith,1,False,-0.5,60,Uppal,Rajiv Gandhi International Stadium,False,True,86,14,14.333333333333334,79,5.511627906976744,20,130,51,5.666666666666666,9.000000000000002,2,8
14.3,14,3,89,Lasith Malinga,MS Dhoni,0,False,1.0,60,Uppal,Rajiv Gandhi International Stadium,False,True,87,14,14.5,79,5.448275862068965,20,130,51,5.5,9.272727272727273,2,8
14.4,14,4,90,Lasith Malinga,MS Dhoni,1,False,-0.5,60,Uppal,Rajiv Gandhi International Stadium,False,True,88,14,14.666666666666666,80,5.454545454545455,20,130,50,5.333333333333334,9.374999999999998,2,8
14.5,14,5,91,Lasith Malinga,Steven Smith,0,False,1.0,60,Uppal,Rajiv Gandhi International Stadium,False,True,89,14,14.833333333333334,80,5.393258426966292,20,130,50,5.166666666666666,9.67741935483871,2,8
14.6,14,6,92,Lasith Malinga,Steven Smith,1,False,-1.0,60,Uppal,Rajiv Gandhi International Stadium,True,False,89,14,14.833333333333334,81,5.46067415730337,20,130,49,5.166666666666666,9.483870967741936,2,8
14.6,14,6,93,Lasith Malinga,Steven Smith,2,False,-1.0,60,Uppal,Rajiv Gandhi International Stadium,False,True,90,14,15.0,83,5.533333333333333,20,130,47,5.0,9.4,2,8
15.1,15,1,94,Krunal Pandya,MS Dhoni,1,False,-0.5,60,Uppal,Rajiv Gandhi International Stadium,False,True,91,15,15.166666666666666,84,5.538461538461538,20,130,46,4.833333333333334,9.517241379310343,2,8
15.2,15,2,95,Krunal Pandya,Steven Smith,1,False,-0.5,60,Uppal,Rajiv Gandhi International Stadium,False,True,92,15,15.333333333333334,85,5.543478260869565,20,130,45,4.666666666666666,9.642857142857144,2,8
15.3,15,3,96,Krunal Pandya,MS Dhoni,4,False,-2.0,60,Uppal,Rajiv Gandhi International Stadium,False,True,93,15,15.5,89,5.741935483870968,20,130,41,4.5,9.11111111111111,2,8
15.4,15,4,97,Krunal Pandya,MS Dhoni,1,False,-0.5,60,Uppal,Rajiv Gandhi International Stadium,False,True,94,15,15.666666666666666,90,5.74468085106383,20,130,40,4.333333333333334,9.23076923076923,2,8
15.5,15,5,98,Krunal Pandya,Steven Smith,6,False,-3.0,60,Uppal,Rajiv Gandhi International Stadium,False,True,95,15,15.833333333333334,96,6.063157894736842,20,130,34,4.166666666666666,8.160000000000002,2,8
15.6,15,6,99,Krunal Pandya,Steven Smith,1,False,-0.5,60,Uppal,Rajiv Gandhi International Stadium,False,True,96,15,16.0,97,6.0625,20,130,33,4.0,8.25,2,8
16.1,16,1,100,Jasprit Bumrah,Steven Smith,1,False,-0.5,60,Uppal,Rajiv Gandhi International Stadium,False,True,97,16,16.166666666666668,98,6.061855670103093,20,130,32,3.833333333333332,8.347826086956525,2,8
16.2,16,2,101,Jasprit Bumrah,MS Dhoni,0,True,5.0,60,Uppal,Rajiv Gandhi International Stadium,False,True,98,16,16.333333333333332,98,6.0,20,130,32,3.666666666666668,8.727272727272725,3,7
16.3,16,3,102,Jasprit Bumrah,Manoj Tiwary,1,False,-0.5,60,Uppal,Rajiv Gandhi International Stadium,False,True,99,16,16.5,99,6.0,20,130,31,3.5,8.857142857142858,3,7
16.4,16,4,103,Jasprit Bumrah,Steven Smith,1,False,-0.5,60,Uppal,Rajiv Gandhi International Stadium,False,True,100,16,16.666666666666668,100,6.0,20,130,30,3.333333333333332,9.000000000000004,3,7
16.5,16,5,104,Jasprit Bumrah,Manoj Tiwary,0,False,1.0,60,Uppal,Rajiv Gandhi International Stadium,False,True,101,16,16.833333333333332,100,5.940594059405941,20,130,30,3.166666666666668,9.473684210526311,3,7
16.6,16,6,105,Jasprit Bumrah,Manoj Tiwary,0,False,1.0,60,Uppal,Rajiv Gandhi International Stadium,False,True,102,16,17.0,100,5.882352941176471,20,130,30,3.0,10.0,3,7
17.1,17,1,106,Lasith Malinga,Steven Smith,0,False,1.0,60,Uppal,Rajiv Gandhi International Stadium,False,True,103,17,17.166666666666668,100,5.825242718446601,20,130,30,2.833333333333332,10.588235294117652,3,7
17.2,17,2,107,Lasith Malinga,Steven Smith,1,False,-0.5,60,Uppal,Rajiv Gandhi International Stadium,False,True,104,17,17.333333333333332,101,5.8269230769230775,20,130,29,2.666666666666668,10.874999999999995,3,7
17.3,17,3,108,Lasith Malinga,Manoj Tiwary,1,False,-0.5,60,Uppal,Rajiv Gandhi International Stadium,False,True,105,17,17.5,102,5.828571428571428,20,130,28,2.5,11.2,3,7
17.4,17,4,109,Lasith Malinga,Steven Smith,0,False,1.0,60,Uppal,Rajiv Gandhi International Stadium,False,True,106,17,17.666666666666668,102,5.773584905660377,20,130,28,2.333333333333332,12.000000000000005,3,7
17.5,17,5,110,Lasith Malinga,Steven Smith,4,False,-2.0,60,Uppal,Rajiv Gandhi International Stadium,False,True,107,17,17.833333333333332,106,5.94392523364486,20,130,24,2.166666666666668,11.076923076923071,3,7
17.6,17,6,111,Lasith Malinga,Steven Smith,1,False,-0.5,60,Uppal,Rajiv Gandhi International Stadium,False,True,108,17,18.0,107,5.944444444444445,20,130,23,2.0,11.5,3,7
18.1,18,1,112,Jasprit Bumrah,Steven Smith,1,False,-0.5,60,Uppal,Rajiv Gandhi International Stadium,False,True,109,18,18.166666666666668,108,5.944954128440367,20,130,22,1.8333333333333321,12.000000000000007,3,7
18.2,18,2,113,Jasprit Bumrah,Manoj Tiwary,1,False,-0.5,60,Uppal,Rajiv Gandhi International Stadium,False,True,110,18,18.333333333333332,109,5.945454545454546,20,130,21,1.6666666666666679,12.59999999999999,3,7
18.3,18,3,114,Jasprit Bumrah,Steven Smith,1,False,-0.5,60,Uppal,Rajiv Gandhi International Stadium,False,True,111,18,18.5,110,5.945945945945946,20,130,20,1.5,13.333333333333334,3,7
18.4,18,4,115,Jasprit Bumrah,Manoj Tiwary,1,False,-0.25,60,Uppal,Rajiv Gandhi International Stadium,False,True,112,18,18.666666666666668,111,5.946428571428571,20,130,19,1.3333333333333321,14.250000000000012,3,7
18.5,18,5,116,Jasprit Bumrah,Steven Smith,6,False,-3.0,60,Uppal,Rajiv Gandhi International Stadium,False,True,113,18,18.833333333333332,117,6.212389380530974,20,130,13,1.1666666666666679,11.142857142857132,3,7
18.6,18,6,117,Jasprit Bumrah,Steven Smith,2,False,-1.0,60,Uppal,Rajiv Gandhi International Stadium,False,True,114,18,19.0,119,6.2631578947368425,20,130,11,1.0,11.0,3,7
19.1,19,1,118,Mitchell Johnson,Manoj Tiwary,4,False,-2.0,60,Uppal,Rajiv Gandhi International Stadium,False,True,115,19,19.166666666666668,123,6.4173913043478255,20,130,7,0.8333333333333321,8.400000000000013,3,7
19.2,19,2,119,Mitchell Johnson,Manoj Tiwary,0,True,5.0,60,Uppal,Rajiv Gandhi International Stadium,False,True,116,19,19.333333333333332,123,6.362068965517242,20,130,7,0.6666666666666679,10.499999999999982,4,6
19.3,19,3,120,Mitchell Johnson,Steven Smith,0,True,5.0,60,Uppal,Rajiv Gandhi International Stadium,False,True,117,19,19.5,123,6.3076923076923075,20,130,7,0.5,14.0,5,5
19.4,19,4,121,Mitchell Johnson,Washington Sundar,1,False,-0.25,60,Uppal,Rajiv Gandhi International Stadium,False,True,118,19,19.666666666666668,124,6.305084745762711,20,130,6,0.33333333333333215,18.000000000000064,5,5
19.5,19,5,122,Mitchell Johnson,Dan Christian,2,False,-1.0,60,Uppal,Rajiv Gandhi International Stadium,False,True,119,19,19.833333333333332,126,6.352941176470589,20,130,4,0.16666666666666785,23.99999999999983,5,5
19.6,19,6,123,Mitchell Johnson,Dan Christian,0,True,5.0,60,Uppal,Rajiv Gandhi International Stadium,False,True,120,19,20.0,126,6.3,20,130,4,0.0,inf,6,4
