Ball Number,over,ball,Ball,bowler,batsman,Runs,is_wicket,bowler_score,match_id,city,stadium,is_extra,legal_delivery,legal_deliveries_count,overs_completed,overs_bowled,total_runs,current_run_rate,total_overs,target,runs_needed,overs_remaining,required_run_rate,wickets_fallen,wickets_in_hand
0.1,0,1,1,Suresh Raina,David Warner,0,False,1.0,6,Uppal,Rajiv Gandhi International Stadium,False,True,1,0,0.16666666666666666,0,0.0,20,136,136,19.833333333333332,6.857142857142858,0,10
0.2,0,2,2,Suresh Raina,David Warner,1,False,-0.5,6,Uppal,Rajiv Gandhi International Stadium,False,True,2,0,0.3333333333333333,1,3.0,20,136,135,19.666666666666668,6.864406779661016,0,10
0.3,0,3,3,Suresh Raina,S Dhawan,1,False,-0.5,6,Uppal,Rajiv Gandhi International Stadium,False,True,3,0,0.5,2,4.0,20,136,134,19.5,6.871794871794871,0,10
0.4,0,4,4,Suresh Raina,David Warner,1,False,-0.5,6,Uppal,Rajiv Gandhi International Stadium,False,True,4,0,0.6666666666666666,3,4.5,20,136,133,19.333333333333332,6.879310344827586,0,10
0.5,0,5,5,Suresh Raina,S Dhawan,0,False,1.0,6,Uppal,Rajiv Gandhi International Stadium,False,True,5,0,0.8333333333333334,3,3.5999999999999996,20,136,133,19.166666666666668,6.939130434782609,0,10
0.6,0,6,6,Suresh Raina,S Dhawan,0,False,1.0,6,Uppal,Rajiv Gandhi International Stadium,False,True,6,0,1.0,3,3.0,20,136,133,19.0,7.0,0,10
1.1,1,1,7,Praveen Kumar,David Warner,4,False,-2.0,6,Uppal,Rajiv Gandhi International Stadium,False,True,7,1,1.1666666666666667,7,6.0,20,136,129,18.833333333333332,6.849557522123894,0,10
1.2,1,2,8,Praveen Kumar,David Warner,1,False,-0.5,6,Uppal,Rajiv Gandhi International Stadium,False,True,8,1,1.3333333333333333,8,6.0,20,136,128,18.666666666666668,6.857142857142857,0,10
1.3,1,3,9,Praveen Kumar,S Dhawan,0,False,1.0,6,Uppal,Rajiv Gandhi International Stadium,False,True,9,1,1.5,8,5.333333333333333,20,136,128,18.5,6.918918918918919,0,10
1.4,1,4,10,Praveen Kumar,S Dhawan,0,False,1.0,6,Uppal,Rajiv Gandhi International Stadium,False,True,10,1,1.6666666666666665,8,4.800000000000001,20,136,128,18.333333333333332,6.981818181818182,0,10
1.5,1,5,11,Praveen Kumar,S Dhawan,1,False,-0.5,6,Uppal,Rajiv Gandhi International Stadium,False,True,11,1,1.8333333333333335,9,4.909090909090908,20,136,127,18.166666666666668,6.990825688073394,0,10
1.6,1,6,12,Praveen Kumar,David Warner,2,False,-1.0,6,Uppal,Rajiv Gandhi International Stadium,False,True,12,1,2.0,11,5.5,20,136,125,18.0,6.944444444444445,0,10
2.1,2,1,13,Suresh Raina,S Dhawan,6,False,-3.0,6,Uppal,Rajiv Gandhi International Stadium,False,True,13,2,2.1666666666666665,17,7.846153846153847,20,136,119,17.833333333333332,6.672897196261682,0,10
2.2,2,2,14,Suresh Raina,S Dhawan,1,False,-0.5,6,Uppal,Rajiv Gandhi International Stadium,False,True,14,2,2.3333333333333335,18,7.7142857142857135,20,136,118,17.666666666666668,6.679245283018868,0,10
2.3,2,3,15,Suresh Raina,David Warner,0,False,1.0,6,Uppal,Rajiv Gandhi International Stadium,False,True,15,2,2.5,18,7.2,20,136,118,17.5,6.742857142857143,0,10
2.4,2,4,16,Suresh Raina,David Warner,6,False,-3.0,6,Uppal,Rajiv Gandhi International Stadium,False,True,16,2,2.6666666666666665,24,9.0,20,136,112,17.333333333333332,6.461538461538462,0,10
2.5,2,5,17,Suresh Raina,David Warner,2,False,-1.0,6,Uppal,Rajiv Gandhi International Stadium,False,True,17,2,2.8333333333333335,26,9.176470588235293,20,136,110,17.166666666666668,6.407766990291262,0,10
2.6,2,6,18,Suresh Raina,David Warner,6,False,-3.0,6,Uppal,Rajiv Gandhi International Stadium,False,True,18,2,3.0,32,10.666666666666666,20,136,104,17.0,6.117647058823529,0,10
3.1,3,1,19,Praveen Kumar,S Dhawan,0,True,5.0,6,Uppal,Rajiv Gandhi International Stadium,False,True,19,3,3.1666666666666665,32,10.105263157894738,20,136,104,16.833333333333332,6.178217821782178,1,9
3.2,3,2,20,Praveen Kumar,Moises Henriques,0,False,1.0,6,Uppal,Rajiv Gandhi International Stadium,False,True,20,3,3.3333333333333335,32,9.6,20,136,104,16.666666666666668,6.239999999999999,1,9
3.3,3,3,21,Praveen Kumar,Moises Henriques,0,False,1.0,6,Uppal,Rajiv Gandhi International Stadium,False,True,21,3,3.5,32,9.142857142857142,20,136,104,16.5,6.303030303030303,1,9
3.4,3,4,22,Praveen Kumar,Moises Henriques,4,False,-2.0,6,Uppal,Rajiv Gandhi International Stadium,False,True,22,3,3.6666666666666665,36,9.818181818181818,20,136,100,16.333333333333332,6.122448979591837,1,9
3.5,3,5,23,Praveen Kumar,Moises Henriques,2,False,-1.0,6,Uppal,Rajiv Gandhi International Stadium,False,True,23,3,3.8333333333333335,38,9.91304347826087,20,136,98,16.166666666666668,6.061855670103093,1,9
3.6,3,6,24,Praveen Kumar,Moises Henriques,2,False,-1.0,6,Uppal,Rajiv Gandhi International Stadium,False,True,24,3,4.0,40,10.0,20,136,96,16.0,6.0,1,9
4.1,4,1,25,Tejas Baroka,David Warner,4,False,-2.0,6,Uppal,Rajiv Gandhi International Stadium,False,True,25,4,4.166666666666667,44,10.559999999999999,20,136,92,15.833333333333332,5.810526315789474,1,9
4.2,4,2,26,Tejas Baroka,David Warner,4,False,-2.0,6,Uppal,Rajiv Gandhi International Stadium,False,True,26,4,4.333333333333333,48,11.076923076923078,20,136,88,15.666666666666668,5.617021276595744,1,9
4.3,4,3,27,Tejas Baroka,David Warner,0,False,1.0,6,Uppal,Rajiv Gandhi International Stadium,False,True,27,4,4.5,48,10.666666666666666,20,136,88,15.5,5.67741935483871,1,9
4.4,4,4,28,Tejas Baroka,David Warner,0,False,1.0,6,Uppal,Rajiv Gandhi International Stadium,False,True,28,4,4.666666666666667,48,10.285714285714285,20,136,88,15.333333333333332,5.739130434782609,1,9
4.5,4,5,29,Tejas Baroka,David Warner,0,False,1.0,6,Uppal,Rajiv Gandhi International Stadium,False,True,29,4,4.833333333333333,48,9.931034482758621,20,136,88,15.166666666666668,5.802197802197802,1,9
4.6,4,6,30,Tejas Baroka,David Warner,0,False,1.0,6,Uppal,Rajiv Gandhi International Stadium,False,True,30,4,5.0,48,9.6,20,136,88,15.0,5.866666666666666,1,9
5.1,5,1,31,Dhawal Kulkarni,Moises Henriques,0,False,1.0,6,Uppal,Rajiv Gandhi International Stadium,False,True,31,5,5.166666666666667,48,9.29032258064516,20,136,88,14.833333333333332,5.932584269662922,1,9
5.2,5,2,32,Dhawal Kulkarni,Moises Henriques,1,False,-0.5,6,Uppal,Rajiv Gandhi International Stadium,False,True,32,5,5.333333333333333,49,9.1875,20,136,87,14.666666666666668,5.931818181818182,1,9
5.3,5,3,33,Dhawal Kulkarni,David Warner,1,False,-0.5,6,Uppal,Rajiv Gandhi International Stadium,False,True,33,5,5.5,50,9.090909090909092,20,136,86,14.5,5.931034482758621,1,9
5.4,5,4,34,Dhawal Kulkarni,Moises Henriques,4,False,-2.0,6,Uppal,Rajiv Gandhi International Stadium,False,True,34,5,5.666666666666667,54,9.529411764705882,20,136,82,14.333333333333332,5.72093023255814,1,9
5.5,5,5,35,Dhawal Kulkarni,Moises Henriques,4,False,-2.0,6,Uppal,Rajiv Gandhi International Stadium,False,True,35,5,5.833333333333333,58,9.942857142857143,20,136,78,14.166666666666668,5.5058823529411764,1,9
5.6,5,6,36,Dhawal Kulkarni,Moises Henriques,1,False,-0.5,6,Uppal,Rajiv Gandhi International Stadium,False,True,36,5,6.0,59,9.833333333333334,20,136,77,14.0,5.5,1,9
6.1,6,1,37,Shivil Kaushik,Moises Henriques,0,False,1.0,6,Uppal,Rajiv Gandhi International Stadium,False,True,37,6,6.166666666666667,59,9.567567567567567,20,136,77,13.833333333333332,5.566265060240965,1,9
6.2,6,2,38,Shivil Kaushik,Moises Henriques,4,False,-2.0,6,Uppal,Rajiv Gandhi International Stadium,False,True,38,6,6.333333333333333,63,9.947368421052632,20,136,73,13.666666666666668,5.341463414634146,1,9
6.3,6,3,39,Shivil Kaushik,Moises Henriques,2,False,-1.0,6,Uppal,Rajiv Gandhi International Stadium,False,True,39,6,6.5,65,10.0,20,136,71,13.5,5.2592592592592595,1,9
6.3,6,3,40,Shivil Kaushik,Moises Henriques,1,False,-1.0,6,Uppal,Rajiv Gandhi International Stadium,True,False,39,6,6.5,66,10.153846153846153,20,136,70,13.5,5.185185185185185,1,9
6.4,6,4,41,Shivil Kaushik,Moises Henriques,0,False,1.0,6,Uppal,Rajiv Gandhi International Stadium,False,True,40,6,6.666666666666667,66,9.9,20,136,70,13.333333333333332,5.250000000000001,1,9
6.5,6,5,42,Shivil Kaushik,Moises Henriques,0,False,1.0,6,Uppal,Rajiv Gandhi International Stadium,False,True,41,6,6.833333333333333,66,9.658536585365853,20,136,70,13.166666666666668,5.3164556962025316,1,9
6.6,6,6,43,Shivil Kaushik,Moises Henriques,1,False,-0.5,6,Uppal,Rajiv Gandhi International Stadium,False,True,42,6,7.0,67,9.571428571428571,20,136,69,13.0,5.3076923076923075,1,9
7.1,7,1,44,Tejas Baroka,Moises Henriques,1,False,-0.5,6,Uppal,Rajiv Gandhi International Stadium,False,True,43,7,7.166666666666667,68,9.488372093023255,20,136,68,12.833333333333332,5.2987012987013,1,9
7.2,7,2,45,Tejas Baroka,David Warner,2,False,-1.0,6,Uppal,Rajiv Gandhi International Stadium,False,True,44,7,7.333333333333333,70,9.545454545454545,20,136,66,12.666666666666668,5.2105263157894735,1,9
7.3,7,3,46,Tejas Baroka,David Warner,0,False,1.0,6,Uppal,Rajiv Gandhi International Stadium,False,True,45,7,7.5,70,9.333333333333334,20,136,66,12.5,5.28,1,9
7.4,7,4,47,Tejas Baroka,David Warner,0,False,1.0,6,Uppal,Rajiv Gandhi International Stadium,False,True,46,7,7.666666666666667,70,9.130434782608695,20,136,66,12.333333333333332,5.351351351351352,1,9
7.5,7,5,48,Tejas Baroka,David Warner,1,False,-0.5,6,Uppal,Rajiv Gandhi International Stadium,False,True,47,7,7.833333333333333,71,9.063829787234043,20,136,65,12.166666666666668,5.342465753424657,1,9
7.6,7,6,49,Tejas Baroka,Moises Henriques,1,False,-0.5,6,Uppal,Rajiv Gandhi International Stadium,False,True,48,7,8.0,72,9.0,20,136,64,12.0,5.333333333333333,1,9
8.1,8,1,50,Shivil Kaushik,Moises Henriques,0,False,1.0,6,Uppal,Rajiv Gandhi International Stadium,False,True,49,8,8.166666666666666,72,8.816326530612246,20,136,64,11.833333333333334,5.408450704225352,1,9
8.2,8,2,51,Shivil Kaushik,Moises Henriques,1,False,-0.5,6,Uppal,Rajiv Gandhi International Stadium,False,True,50,8,8.333333333333334,73,8.76,20,136,63,11.666666666666666,5.4,1,9
8.3,8,3,52,Shivil Kaushik,David Warner,1,False,-0.5,6,Uppal,Rajiv Gandhi International Stadium,False,True,51,8,8.5,74,8.705882352941176,20,136,62,11.5,5.391304347826087,1,9
8.4,8,4,53,Shivil Kaushik,Moises Henriques,1,False,-0.5,6,Uppal,Rajiv Gandhi International Stadium,False,True,52,8,8.666666666666666,75,8.653846153846155,20,136,61,11.333333333333334,5.38235294117647,1,9
8.5,8,5,54,Shivil Kaushik,David Warner,0,False,1.0,6,Uppal,Rajiv Gandhi International Stadium,False,True,53,8,8.833333333333334,75,8.490566037735848,20,136,61,11.166666666666666,5.462686567164179,1,9
8.6,8,6,55,Shivil Kaushik,David Warner,1,False,-0.5,6,Uppal,Rajiv Gandhi International Stadium,False,True,54,8,9.0,76,8.444444444444445,20,136,60,11.0,5.454545454545454,1,9
9.1,9,1,56,Basil Thampi,David Warner,4,False,-2.0,6,Uppal,Rajiv Gandhi International Stadium,False,True,55,9,9.166666666666666,80,8.727272727272728,20,136,56,10.833333333333334,5.169230769230769,1,9
9.2,9,2,57,Basil Thampi,David Warner,4,False,-2.0,6,Uppal,Rajiv Gandhi International Stadium,False,True,56,9,9.333333333333334,84,9.0,20,136,52,10.666666666666666,4.875,1,9
9.3,9,3,58,Basil Thampi,David Warner,1,False,-1.0,6,Uppal,Rajiv Gandhi International Stadium,True,False,56,9,9.333333333333334,85,9.107142857142856,20,136,51,10.666666666666666,4.78125,1,9
9.3,9,3,59,Basil Thampi,David Warner,2,False,-1.0,6,Uppal,Rajiv Gandhi International Stadium,False,True,57,9,9.5,87,9.157894736842104,20,136,49,10.5,4.666666666666667,1,9
9.4,9,4,60,Basil Thampi,David Warner,0,False,1.0,6,Uppal,Rajiv Gandhi International Stadium,False,True,58,9,9.666666666666666,87,9.0,20,136,49,10.333333333333334,4.741935483870967,1,9
9.5,9,5,61,Basil Thampi,David Warner,1,False,-0.5,6,Uppal,Rajiv Gandhi International Stadium,False,True,59,9,9.833333333333334,88,8.94915254237288,20,136,48,10.166666666666666,4.721311475409836,1,9
9.6,9,6,62,Basil Thampi,Moises Henriques,1,False,-0.5,6,Uppal,Rajiv Gandhi International Stadium,False,True,60,9,10.0,89,8.9,20,136,47,10.0,4.7,1,9
10.1,10,1,63,Shivil Kaushik,Moises Henriques,2,False,-1.0,6,Uppal,Rajiv Gandhi International Stadium,False,True,61,10,10.166666666666666,91,8.950819672131148,20,136,45,9.833333333333334,4.576271186440677,1,9
10.2,10,2,64,Shivil Kaushik,Moises Henriques,1,False,-0.5,6,Uppal,Rajiv Gandhi International Stadium,False,True,62,10,10.333333333333334,92,8.903225806451612,20,136,44,9.666666666666666,4.551724137931035,1,9
10.3,10,3,65,Shivil Kaushik,David Warner,1,False,-0.5,6,Uppal,Rajiv Gandhi International Stadium,False,True,63,10,10.5,93,8.857142857142858,20,136,43,9.5,4.526315789473684,1,9
10.4,10,4,66,Shivil Kaushik,Moises Henriques,0,False,1.0,6,Uppal,Rajiv Gandhi International Stadium,False,True,64,10,10.666666666666666,93,8.71875,20,136,43,9.333333333333334,4.607142857142857,1,9
10.5,10,5,67,Shivil Kaushik,Moises Henriques,4,False,-2.0,6,Uppal,Rajiv Gandhi International Stadium,False,True,65,10,10.833333333333334,97,8.953846153846154,20,136,39,9.166666666666666,4.254545454545455,1,9
10.6,10,6,68,Shivil Kaushik,Moises Henriques,4,False,-2.0,6,Uppal,Rajiv Gandhi International Stadium,False,True,66,10,11.0,101,9.181818181818182,20,136,35,9.0,3.888888888888889,1,9
11.1,11,1,69,Basil Thampi,David Warner,4,False,-2.0,6,Uppal,Rajiv Gandhi International Stadium,False,True,67,11,11.166666666666666,105,9.402985074626866,20,136,31,8.833333333333334,3.5094339622641506,1,9
11.2,11,2,70,Basil Thampi,David Warner,1,False,-1.0,6,Uppal,Rajiv Gandhi International Stadium,True,False,67,11,11.166666666666666,106,9.492537313432836,20,136,30,8.833333333333334,3.3962264150943393,1,9
11.2,11,2,71,Basil Thampi,David Warner,0,False,1.0,6,Uppal,Rajiv Gandhi International Stadium,False,True,68,11,11.333333333333334,106,9.352941176470587,20,136,30,8.666666666666666,3.4615384615384617,1,9
11.3,11,3,72,Basil Thampi,David Warner,1,False,-0.5,6,Uppal,Rajiv Gandhi International Stadium,False,True,69,11,11.5,107,9.304347826086957,20,136,29,8.5,3.411764705882353,1,9
11.4,11,4,73,Basil Thampi,Moises Henriques,0,False,1.0,6,Uppal,Rajiv Gandhi International Stadium,False,True,70,11,11.666666666666666,107,9.171428571428573,20,136,29,8.333333333333334,3.4799999999999995,1,9
11.5,11,5,74,Basil Thampi,Moises Henriques,1,False,-0.5,6,Uppal,Rajiv Gandhi International Stadium,False,True,71,11,11.833333333333334,108,9.126760563380282,20,136,28,8.166666666666666,3.428571428571429,1,9
11.6,11,6,75,Basil Thampi,David Warner,1,False,-0.5,6,Uppal,Rajiv Gandhi International Stadium,False,True,72,11,12.0,109,9.083333333333334,20,136,27,8.0,3.375,1,9
12.1,12,1,76,Tejas Baroka,David Warner,6,False,-3.0,6,Uppal,Rajiv Gandhi International Stadium,False,True,73,12,12.166666666666666,115,9.452054794520548,20,136,21,7.833333333333334,2.680851063829787,1,9
12.2,12,2,77,Tejas Baroka,David Warner,1,False,-0.5,6,Uppal,Rajiv Gandhi International Stadium,False,True,74,12,12.333333333333334,116,9.405405405405405,20,136,20,7.666666666666666,2.608695652173913,1,9
12.3,12,3,78,Tejas Baroka,Moises Henriques,1,False,-0.5,6,Uppal,Rajiv Gandhi International Stadium,False,True,75,12,12.5,117,9.36,20,136,19,7.5,2.533333333333333,1,9
12.4,12,4,79,Tejas Baroka,David Warner,1,False,-0.5,6,Uppal,Rajiv Gandhi International Stadium,False,True,76,12,12.666666666666666,118,9.31578947368421,20,136,18,7.333333333333334,2.454545454545454,1,9
12.5,12,5,80,Tejas Baroka,Moises Henriques,1,False,-0.5,6,Uppal,Rajiv Gandhi International Stadium,False,True,77,12,12.833333333333334,119,9.272727272727272,20,136,17,7.166666666666666,2.372093023255814,1,9
12.6,12,6,81,Tejas Baroka,David Warner,1,False,-0.5,6,Uppal,Rajiv Gandhi International Stadium,False,True,78,12,13.0,120,9.23076923076923,20,136,16,7.0,2.2857142857142856,1,9
13.1,13,1,82,Dhawal Kulkarni,David Warner,1,False,-0.5,6,Uppal,Rajiv Gandhi International Stadium,False,True,79,13,13.166666666666666,121,9.18987341772152,20,136,15,6.833333333333334,2.195121951219512,1,9
13.2,13,2,83,Dhawal Kulkarni,Moises Henriques,1,False,-0.5,6,Uppal,Rajiv Gandhi International Stadium,False,True,80,13,13.333333333333334,122,9.15,20,136,14,6.666666666666666,2.1,1,9
13.3,13,3,84,Dhawal Kulkarni,David Warner,0,False,1.0,6,Uppal,Rajiv Gandhi International Stadium,False,True,81,13,13.5,122,9.037037037037036,20,136,14,6.5,2.1538461538461537,1,9
13.4,13,4,85,Dhawal Kulkarni,David Warner,2,False,-1.0,6,Uppal,Rajiv Gandhi International Stadium,False,True,82,13,13.666666666666666,124,9.073170731707318,20,136,12,6.333333333333334,1.894736842105263,1,9
13.5,13,5,86,Dhawal Kulkarni,David Warner,1,False,-0.5,6,Uppal,Rajiv Gandhi International Stadium,False,True,83,13,13.833333333333334,125,9.036144578313253,20,136,11,6.166666666666666,1.783783783783784,1,9
13.6,13,6,87,Dhawal Kulkarni,Moises Henriques,1,False,-0.5,6,Uppal,Rajiv Gandhi International Stadium,False,True,84,13,14.0,126,9.0,20,136,10,6.0,1.6666666666666667,1,9
14.1,14,1,88,Shivil Kaushik,Moises Henriques,1,False,-0.5,6,Uppal,Rajiv Gandhi International Stadium,False,True,85,14,14.166666666666666,127,8.964705882352941,20,136,9,5.833333333333334,1.5428571428571427,1,9
14.2,14,2,89,Shivil Kaushik,David Warner,1,False,-0.5,6,Uppal,Rajiv Gandhi International Stadium,False,True,86,14,14.333333333333334,128,8.930232558139535,20,136,8,5.666666666666666,1.411764705882353,1,9
14.3,14,3,90,Shivil Kaushik,Moises Henriques,1,False,-0.5,6,Uppal,Rajiv Gandhi International Stadium,False,True,87,14,14.5,129,8.89655172413793,20,136,7,5.5,1.2727272727272727,1,9
14.4,14,4,91,Shivil Kaushik,David Warner,1,False,-0.5,6,Uppal,Rajiv Gandhi International Stadium,False,True,88,14,14.666666666666666,130,8.863636363636363,20,136,6,5.333333333333334,1.1249999999999998,1,9
14.5,14,5,92,Shivil Kaushik,Moises Henriques,0,False,1.0,6,Uppal,Rajiv Gandhi International Stadium,False,True,89,14,14.833333333333334,130,8.764044943820224,20,136,6,5.166666666666666,1.1612903225806452,1,9
14.6,14,6,93,Shivil Kaushik,Moises Henriques,1,False,-0.5,6,Uppal,Rajiv Gandhi International Stadium,False,True,90,14,15.0,131,8.733333333333333,20,136,5,5.0,1.0,1,9
15.1,15,1,94,Tejas Baroka,Moises Henriques,2,False,-1.0,6,Uppal,Rajiv Gandhi International Stadium,False,True,91,15,15.166666666666666,133,8.76923076923077,20,136,3,4.833333333333334,0.6206896551724137,1,9
15.2,15,2,95,Tejas Baroka,Moises Henriques,1,False,-0.5,6,Uppal,Rajiv Gandhi International Stadium,False,True,92,15,15.333333333333334,134,8.739130434782608,20,136,2,4.666666666666666,0.4285714285714286,1,9
15.3,15,3,96,Tejas Baroka,David Warner,6,False,-3.0,6,Uppal,Rajiv Gandhi International Stadium,False,True,93,15,15.5,140,9.03225806451613,20,136,0,4.5,0.0,1,9
