Ball Number,over,ball,Ball,bowler,batsman,Runs,is_wicket,bowler_score,match_id,city,stadium,is_extra,legal_delivery,legal_deliveries_count,overs_completed,overs_bowled,total_runs,current_run_rate,total_overs,target,runs_needed,overs_remaining,required_run_rate,wickets_fallen,wickets_in_hand
0.1,0,1,1,Billy Stanlake,Manan Vohra,0,False,1.0,8,Indore,Holkar Cricket Stadium,False,True,1,0,0.16666666666666666,0,0.0,20,149,149,19.833333333333332,7.512605042016808,0,10
0.2,0,2,2,Billy Stanlake,Manan Vohra,1,False,-0.5,8,Indore,Holkar Cricket Stadium,False,True,2,0,0.3333333333333333,1,3.0,20,149,148,19.666666666666668,7.525423728813559,0,10
0.3,0,3,3,Billy Stanlake,Hashim Amla,4,False,-2.0,8,Indore,Holkar Cricket Stadium,False,True,3,0,0.5,5,10.0,20,149,144,19.5,7.384615384615385,0,10
0.4,0,4,4,Billy Stanlake,Hashim Amla,0,False,1.0,8,Indore,Holkar Cricket Stadium,False,True,4,0,0.6666666666666666,5,7.5,20,149,144,19.333333333333332,7.448275862068966,0,10
0.5,0,5,5,Billy Stanlake,Hashim Amla,1,False,-0.5,8,Indore,Holkar Cricket Stadium,False,True,5,0,0.8333333333333334,6,7.199999999999999,20,149,143,19.166666666666668,7.460869565217391,0,10
0.6,0,6,6,Billy Stanlake,Manan Vohra,0,False,1.0,8,Indore,Holkar Cricket Stadium,False,True,6,0,1.0,6,6.0,20,149,143,19.0,7.526315789473684,0,10
1.1,1,1,7,Iqbal Abdulla,Hashim Amla,2,False,-1.0,8,Indore,Holkar Cricket Stadium,False,True,7,1,1.1666666666666667,8,6.857142857142857,20,149,141,18.833333333333332,7.486725663716815,0,10
1.2,1,2,8,Iqbal Abdulla,Hashim Amla,4,False,-2.0,8,Indore,Holkar Cricket Stadium,False,True,8,1,1.3333333333333333,12,9.0,20,149,137,18.666666666666668,7.3392857142857135,0,10
1.3,1,3,9,Iqbal Abdulla,Hashim Amla,1,False,-0.5,8,Indore,Holkar Cricket Stadium,False,True,9,1,1.5,13,8.666666666666666,20,149,136,18.5,7.351351351351352,0,10
1.4,1,4,10,Iqbal Abdulla,Manan Vohra,0,False,1.0,8,Indore,Holkar Cricket Stadium,False,True,10,1,1.6666666666666665,13,7.800000000000001,20,149,136,18.333333333333332,7.418181818181819,0,10
1.5,1,5,11,Iqbal Abdulla,Manan Vohra,1,False,-0.5,8,Indore,Holkar Cricket Stadium,False,True,11,1,1.8333333333333335,14,7.636363636363636,20,149,135,18.166666666666668,7.431192660550458,0,10
1.6,1,6,12,Iqbal Abdulla,Hashim Amla,0,False,1.0,8,Indore,Holkar Cricket Stadium,False,True,12,1,2.0,14,7.0,20,149,135,18.0,7.5,0,10
2.1,2,1,13,Billy Stanlake,Manan Vohra,1,False,-0.5,8,Indore,Holkar Cricket Stadium,False,True,13,2,2.1666666666666665,15,6.923076923076923,20,149,134,17.833333333333332,7.514018691588785,0,10
2.1,2,1,14,Billy Stanlake,Manan Vohra,1,False,-1.0,8,Indore,Holkar Cricket Stadium,True,False,13,2,2.1666666666666665,16,7.384615384615385,20,149,133,17.833333333333332,7.4579439252336455,0,10
2.2,2,2,15,Billy Stanlake,Hashim Amla,1,False,-0.5,8,Indore,Holkar Cricket Stadium,False,True,14,2,2.3333333333333335,17,7.285714285714286,20,149,132,17.666666666666668,7.471698113207546,0,10
2.3,2,3,16,Billy Stanlake,Manan Vohra,6,False,-3.0,8,Indore,Holkar Cricket Stadium,False,True,15,2,2.5,23,9.2,20,149,126,17.5,7.2,0,10
2.4,2,4,17,Billy Stanlake,Manan Vohra,1,False,-0.5,8,Indore,Holkar Cricket Stadium,False,True,16,2,2.6666666666666665,24,9.0,20,149,125,17.333333333333332,7.211538461538462,0,10
2.5,2,5,18,Billy Stanlake,Hashim Amla,1,False,-0.5,8,Indore,Holkar Cricket Stadium,False,True,17,2,2.8333333333333335,25,8.823529411764705,20,149,124,17.166666666666668,7.223300970873786,0,10
2.6,2,6,19,Billy Stanlake,Manan Vohra,1,False,-0.5,8,Indore,Holkar Cricket Stadium,False,True,18,2,3.0,26,8.666666666666666,20,149,123,17.0,7.235294117647059,0,10
3.1,3,1,20,Shane Watson,Manan Vohra,4,False,-2.0,8,Indore,Holkar Cricket Stadium,False,True,19,3,3.1666666666666665,30,9.473684210526317,20,149,119,16.833333333333332,7.069306930693069,0,10
3.2,3,2,21,Shane Watson,Manan Vohra,4,False,-2.0,8,Indore,Holkar Cricket Stadium,False,True,20,3,3.3333333333333335,34,10.2,20,149,115,16.666666666666668,6.8999999999999995,0,10
3.3,3,3,22,Shane Watson,Manan Vohra,3,False,-1.5,8,Indore,Holkar Cricket Stadium,False,True,21,3,3.5,37,10.571428571428571,20,149,112,16.5,6.787878787878788,0,10
3.4,3,4,23,Shane Watson,Hashim Amla,1,False,-0.5,8,Indore,Holkar Cricket Stadium,False,True,22,3,3.6666666666666665,38,10.363636363636363,20,149,111,16.333333333333332,6.795918367346939,0,10
3.5,3,5,24,Shane Watson,Manan Vohra,4,False,-2.0,8,Indore,Holkar Cricket Stadium,False,True,23,3,3.8333333333333335,42,10.956521739130434,20,149,107,16.166666666666668,6.618556701030927,0,10
3.6,3,6,25,Shane Watson,Manan Vohra,1,False,-0.5,8,Indore,Holkar Cricket Stadium,False,True,24,3,4.0,43,10.75,20,149,106,16.0,6.625,0,10
4.1,4,1,26,Billy Stanlake,Manan Vohra,0,False,1.0,8,Indore,Holkar Cricket Stadium,False,True,25,4,4.166666666666667,43,10.319999999999999,20,149,106,15.833333333333332,6.6947368421052635,0,10
4.2,4,2,27,Billy Stanlake,Manan Vohra,1,False,-0.5,8,Indore,Holkar Cricket Stadium,False,True,26,4,4.333333333333333,44,10.153846153846155,20,149,105,15.666666666666668,6.702127659574468,0,10
4.3,4,3,28,Billy Stanlake,Hashim Amla,4,False,-2.0,8,Indore,Holkar Cricket Stadium,False,True,27,4,4.5,48,10.666666666666666,20,149,101,15.5,6.516129032258065,0,10
4.4,4,4,29,Billy Stanlake,Hashim Amla,0,False,1.0,8,Indore,Holkar Cricket Stadium,False,True,28,4,4.666666666666667,48,10.285714285714285,20,149,101,15.333333333333332,6.586956521739131,0,10
4.5,4,5,30,Billy Stanlake,Hashim Amla,1,False,-0.5,8,Indore,Holkar Cricket Stadium,False,True,29,4,4.833333333333333,49,10.13793103448276,20,149,100,15.166666666666668,6.593406593406593,0,10
4.6,4,6,31,Billy Stanlake,Manan Vohra,1,False,-0.5,8,Indore,Holkar Cricket Stadium,False,True,30,4,5.0,50,10.0,20,149,99,15.0,6.6,0,10
5.1,5,1,32,Tymal Mills,Manan Vohra,1,False,-0.5,8,Indore,Holkar Cricket Stadium,False,True,31,5,5.166666666666667,51,9.870967741935484,20,149,98,14.833333333333332,6.606741573033708,0,10
5.2,5,2,33,Tymal Mills,Hashim Amla,6,False,-3.0,8,Indore,Holkar Cricket Stadium,False,True,32,5,5.333333333333333,57,10.6875,20,149,92,14.666666666666668,6.2727272727272725,0,10
5.3,5,3,34,Tymal Mills,Hashim Amla,1,False,-0.25,8,Indore,Holkar Cricket Stadium,False,True,33,5,5.5,58,10.545454545454545,20,149,91,14.5,6.275862068965517,0,10
5.4,5,4,35,Tymal Mills,Manan Vohra,4,False,-2.0,8,Indore,Holkar Cricket Stadium,False,True,34,5,5.666666666666667,62,10.941176470588236,20,149,87,14.333333333333332,6.069767441860465,0,10
5.5,5,5,36,Tymal Mills,Manan Vohra,0,False,1.0,8,Indore,Holkar Cricket Stadium,False,True,35,5,5.833333333333333,62,10.62857142857143,20,149,87,14.166666666666668,6.141176470588235,0,10
5.6,5,6,37,Tymal Mills,Manan Vohra,0,True,5.0,8,Indore,Holkar Cricket Stadium,False,True,36,5,6.0,62,10.333333333333334,20,149,87,14.0,6.214285714285714,1,9
6.1,6,1,38,Yuzvendra Chahal,Hashim Amla,2,False,-1.0,8,Indore,Holkar Cricket Stadium,False,True,37,6,6.166666666666667,64,10.378378378378377,20,149,85,13.833333333333332,6.144578313253013,1,9
6.2,6,2,39,Yuzvendra Chahal,Hashim Amla,0,False,1.0,8,Indore,Holkar Cricket Stadium,False,True,38,6,6.333333333333333,64,10.105263157894738,20,149,85,13.666666666666668,6.2195121951219505,1,9
6.3,6,3,40,Yuzvendra Chahal,Hashim Amla,0,False,1.0,8,Indore,Holkar Cricket Stadium,False,True,39,6,6.5,64,9.846153846153847,20,149,85,13.5,6.296296296296297,1,9
6.4,6,4,41,Yuzvendra Chahal,Hashim Amla,1,False,-0.5,8,Indore,Holkar Cricket Stadium,False,True,40,6,6.666666666666667,65,9.75,20,149,84,13.333333333333332,6.300000000000001,1,9
6.5,6,5,42,Yuzvendra Chahal,Axar Patel,1,False,-0.5,8,Indore,Holkar Cricket Stadium,False,True,41,6,6.833333333333333,66,9.658536585365853,20,149,83,13.166666666666668,6.30379746835443,1,9
6.6,6,6,43,Yuzvendra Chahal,Hashim Amla,1,False,-0.5,8,Indore,Holkar Cricket Stadium,False,True,42,6,7.0,67,9.571428571428571,20,149,82,13.0,6.3076923076923075,1,9
7.1,7,1,44,Iqbal Abdulla,Hashim Amla,1,False,-0.5,8,Indore,Holkar Cricket Stadium,False,True,43,7,7.166666666666667,68,9.488372093023255,20,149,81,12.833333333333332,6.311688311688313,1,9
7.2,7,2,45,Iqbal Abdulla,Axar Patel,0,False,1.0,8,Indore,Holkar Cricket Stadium,False,True,44,7,7.333333333333333,68,9.272727272727273,20,149,81,12.666666666666668,6.394736842105263,1,9
7.3,7,3,46,Iqbal Abdulla,Axar Patel,1,False,-0.5,8,Indore,Holkar Cricket Stadium,False,True,45,7,7.5,69,9.2,20,149,80,12.5,6.4,1,9
7.4,7,4,47,Iqbal Abdulla,Hashim Amla,1,False,-1.0,8,Indore,Holkar Cricket Stadium,True,False,45,7,7.5,70,9.333333333333334,20,149,79,12.5,6.32,1,9
7.4,7,4,48,Iqbal Abdulla,Hashim Amla,1,False,-0.5,8,Indore,Holkar Cricket Stadium,False,True,46,7,7.666666666666667,71,9.26086956521739,20,149,78,12.333333333333332,6.324324324324325,1,9
7.5,7,5,49,Iqbal Abdulla,Axar Patel,6,False,-3.0,8,Indore,Holkar Cricket Stadium,False,True,47,7,7.833333333333333,77,9.829787234042554,20,149,72,12.166666666666668,5.917808219178082,1,9
7.6,7,6,50,Iqbal Abdulla,Axar Patel,1,False,-0.5,8,Indore,Holkar Cricket Stadium,False,True,48,7,8.0,78,9.75,20,149,71,12.0,5.916666666666667,1,9
8.1,8,1,51,Yuzvendra Chahal,Axar Patel,0,True,5.0,8,Indore,Holkar Cricket Stadium,False,True,49,8,8.166666666666666,78,9.551020408163266,20,149,71,11.833333333333334,6.0,2,8
8.2,8,2,52,Yuzvendra Chahal,Glenn Maxwell,1,False,-0.5,8,Indore,Holkar Cricket Stadium,False,True,50,8,8.333333333333334,79,9.479999999999999,20,149,70,11.666666666666666,6.0,2,8
8.3,8,3,53,Yuzvendra Chahal,Hashim Amla,0,False,1.0,8,Indore,Holkar Cricket Stadium,False,True,51,8,8.5,79,9.294117647058824,20,149,70,11.5,6.086956521739131,2,8
8.4,8,4,54,Yuzvendra Chahal,Hashim Amla,6,False,-3.0,8,Indore,Holkar Cricket Stadium,False,True,52,8,8.666666666666666,85,9.807692307692308,20,149,64,11.333333333333334,5.647058823529411,2,8
8.5,8,5,55,Yuzvendra Chahal,Hashim Amla,0,False,1.0,8,Indore,Holkar Cricket Stadium,False,True,53,8,8.833333333333334,85,9.622641509433961,20,149,64,11.166666666666666,5.73134328358209,2,8
8.6,8,6,56,Yuzvendra Chahal,Hashim Amla,0,False,1.0,8,Indore,Holkar Cricket Stadium,False,True,54,8,9.0,85,9.444444444444445,20,149,64,11.0,5.818181818181818,2,8
9.1,9,1,57,Tymal Mills,Glenn Maxwell,1,False,-0.25,8,Indore,Holkar Cricket Stadium,False,True,55,9,9.166666666666666,86,9.381818181818183,20,149,63,10.833333333333334,5.815384615384615,2,8
9.2,9,2,58,Tymal Mills,Hashim Amla,1,False,-0.5,8,Indore,Holkar Cricket Stadium,False,True,56,9,9.333333333333334,87,9.321428571428571,20,149,62,10.666666666666666,5.8125,2,8
9.3,9,3,59,Tymal Mills,Glenn Maxwell,4,False,-2.0,8,Indore,Holkar Cricket Stadium,False,True,57,9,9.5,91,9.578947368421053,20,149,58,10.5,5.523809523809524,2,8
9.4,9,4,60,Tymal Mills,Glenn Maxwell,0,False,1.0,8,Indore,Holkar Cricket Stadium,False,True,58,9,9.666666666666666,91,9.413793103448276,20,149,58,10.333333333333334,5.612903225806451,2,8
9.5,9,5,61,Tymal Mills,Glenn Maxwell,6,False,-3.0,8,Indore,Holkar Cricket Stadium,False,True,59,9,9.833333333333334,97,9.864406779661016,20,149,52,10.166666666666666,5.114754098360656,2,8
9.6,9,6,62,Tymal Mills,Glenn Maxwell,0,False,1.0,8,Indore,Holkar Cricket Stadium,False,True,60,9,10.0,97,9.7,20,149,52,10.0,5.2,2,8
10.1,10,1,63,Yuzvendra Chahal,Hashim Amla,1,False,-0.5,8,Indore,Holkar Cricket Stadium,False,True,61,10,10.166666666666666,98,9.639344262295083,20,149,51,9.833333333333334,5.186440677966101,2,8
10.2,10,2,64,Yuzvendra Chahal,Glenn Maxwell,0,False,1.0,8,Indore,Holkar Cricket Stadium,False,True,62,10,10.333333333333334,98,9.483870967741934,20,149,51,9.666666666666666,5.275862068965518,2,8
10.3,10,3,65,Yuzvendra Chahal,Glenn Maxwell,1,False,-0.5,8,Indore,Holkar Cricket Stadium,False,True,63,10,10.5,99,9.428571428571429,20,149,50,9.5,5.2631578947368425,2,8
10.4,10,4,66,Yuzvendra Chahal,Hashim Amla,1,False,-0.5,8,Indore,Holkar Cricket Stadium,False,True,64,10,10.666666666666666,100,9.375,20,149,49,9.333333333333334,5.25,2,8
10.5,10,5,67,Yuzvendra Chahal,Glenn Maxwell,1,False,-0.5,8,Indore,Holkar Cricket Stadium,False,True,65,10,10.833333333333334,101,9.323076923076922,20,149,48,9.166666666666666,5.236363636363636,2,8
10.6,10,6,68,Yuzvendra Chahal,Hashim Amla,6,False,-3.0,8,Indore,Holkar Cricket Stadium,False,True,66,10,11.0,107,9.727272727272727,20,149,42,9.0,4.666666666666667,2,8
11.1,11,1,69,Shane Watson,Glenn Maxwell,1,False,-0.5,8,Indore,Holkar Cricket Stadium,False,True,67,11,11.166666666666666,108,9.671641791044777,20,149,41,8.833333333333334,4.641509433962264,2,8
11.2,11,2,70,Shane Watson,Hashim Amla,1,False,-0.5,8,Indore,Holkar Cricket Stadium,False,True,68,11,11.333333333333334,109,9.617647058823529,20,149,40,8.666666666666666,4.615384615384616,2,8
11.3,11,3,71,Shane Watson,Glenn Maxwell,1,False,-0.25,8,Indore,Holkar Cricket Stadium,False,True,69,11,11.5,110,9.565217391304348,20,149,39,8.5,4.588235294117647,2,8
11.4,11,4,72,Shane Watson,Hashim Amla,4,False,-2.0,8,Indore,Holkar Cricket Stadium,False,True,70,11,11.666666666666666,114,9.771428571428572,20,149,35,8.333333333333334,4.199999999999999,2,8
11.5,11,5,73,Shane Watson,Hashim Amla,1,False,-0.5,8,Indore,Holkar Cricket Stadium,False,True,71,11,11.833333333333334,115,9.71830985915493,20,149,34,8.166666666666666,4.163265306122449,2,8
11.6,11,6,74,Shane Watson,Glenn Maxwell,4,False,-2.0,8,Indore,Holkar Cricket Stadium,False,True,72,11,12.0,119,9.916666666666666,20,149,30,8.0,3.75,2,8
12.1,12,1,75,Pawan Negi,Hashim Amla,1,False,-0.5,8,Indore,Holkar Cricket Stadium,False,True,73,12,12.166666666666666,120,9.863013698630137,20,149,29,7.833333333333334,3.702127659574468,2,8
12.2,12,2,76,Pawan Negi,Glenn Maxwell,4,False,-2.0,8,Indore,Holkar Cricket Stadium,False,True,74,12,12.333333333333334,124,10.054054054054054,20,149,25,7.666666666666666,3.2608695652173916,2,8
12.3,12,3,77,Pawan Negi,Glenn Maxwell,1,False,-0.5,8,Indore,Holkar Cricket Stadium,False,True,75,12,12.5,125,10.0,20,149,24,7.5,3.2,2,8
12.4,12,4,78,Pawan Negi,Hashim Amla,1,False,-0.5,8,Indore,Holkar Cricket Stadium,False,True,76,12,12.666666666666666,126,9.947368421052632,20,149,23,7.333333333333334,3.1363636363636362,2,8
12.5,12,5,79,Pawan Negi,Glenn Maxwell,0,False,1.0,8,Indore,Holkar Cricket Stadium,False,True,77,12,12.833333333333334,126,9.818181818181818,20,149,23,7.166666666666666,3.2093023255813957,2,8
12.6,12,6,80,Pawan Negi,Glenn Maxwell,1,False,-0.25,8,Indore,Holkar Cricket Stadium,False,True,78,12,13.0,127,9.76923076923077,20,149,22,7.0,3.142857142857143,2,8
13.1,13,1,81,Billy Stanlake,Glenn Maxwell,6,False,-3.0,8,Indore,Holkar Cricket Stadium,False,True,79,13,13.166666666666666,133,10.10126582278481,20,149,16,6.833333333333334,2.341463414634146,2,8
13.2,13,2,82,Billy Stanlake,Glenn Maxwell,1,False,-0.5,8,Indore,Holkar Cricket Stadium,False,True,80,13,13.333333333333334,134,10.049999999999999,20,149,15,6.666666666666666,2.25,2,8
13.3,13,3,83,Billy Stanlake,Hashim Amla,1,False,-0.5,8,Indore,Holkar Cricket Stadium,False,True,81,13,13.5,135,10.0,20,149,14,6.5,2.1538461538461537,2,8
13.4,13,4,84,Billy Stanlake,Glenn Maxwell,1,False,-0.5,8,Indore,Holkar Cricket Stadium,False,True,82,13,13.666666666666666,136,9.951219512195122,20,149,13,6.333333333333334,2.052631578947368,2,8
13.5,13,5,85,Billy Stanlake,Hashim Amla,1,False,-0.5,8,Indore,Holkar Cricket Stadium,False,True,83,13,13.833333333333334,137,9.903614457831324,20,149,12,6.166666666666666,1.945945945945946,2,8
13.6,13,6,86,Billy Stanlake,Glenn Maxwell,6,False,-3.0,8,Indore,Holkar Cricket Stadium,False,True,84,13,14.0,143,10.214285714285714,20,149,6,6.0,1.0,2,8
14.1,14,1,87,Yuzvendra Chahal,Hashim Amla,1,False,-0.5,8,Indore,Holkar Cricket Stadium,False,True,85,14,14.166666666666666,144,10.164705882352942,20,149,5,5.833333333333334,0.8571428571428571,2,8
14.2,14,2,88,Yuzvendra Chahal,Glenn Maxwell,0,False,1.0,8,Indore,Holkar Cricket Stadium,False,True,86,14,14.333333333333334,144,10.046511627906977,20,149,5,5.666666666666666,0.8823529411764707,2,8
14.3,14,3,89,Yuzvendra Chahal,Glenn Maxwell,6,False,-3.0,8,Indore,Holkar Cricket Stadium,False,True,87,14,14.5,150,10.344827586206897,20,149,0,5.5,0.0,2,8
