Ball Number,over,ball,Ball,bowler,bowler_role,batsman,batsman_role,Runs,is_wicket,bowler_score,match_id,city,stadium,Stadium_Type,is_extra,legal_delivery,legal_deliveries_count,overs_completed,overs_bowled,total_runs,current_run_rate,total_overs,target,runs_needed,overs_remaining,required_run_rate,wickets_fallen,wickets_in_hand,Ground_Type
0.1,0,1,1,Bhuvneshwar Kumar,Bowlers,Robin Uthappa,Batters,0,False,1.0,10,Kolkata,Eden Gardens,Large,False,True,1,0,0.1666666666666666,0,0.0,20,139,139,19.83333333333333,7.008403361344539,0,10,Large
0.2,0,2,2,Bhuvneshwar Kumar,Bowlers,Robin Uthappa,Batters,0,False,1.0,10,Kolkata,Eden Gardens,Large,False,True,2,0,0.3333333333333333,0,0.0,20,139,139,19.666666666666668,7.067796610169491,0,10,Large
0.3,0,3,3,Bhuvneshwar Kumar,Bowlers,Robin Uthappa,Batters,0,False,1.0,10,Kolkata,Eden Gardens,Large,False,True,3,0,0.5,0,0.0,20,139,139,19.5,7.128205128205129,0,10,Large
0.4,0,4,4,Bhuvneshwar Kumar,Bowlers,Robin Uthappa,Batters,0,False,1.0,10,Kolkata,Eden Gardens,Large,False,True,4,0,0.6666666666666666,0,0.0,20,139,139,19.33333333333333,7.189655172413794,0,10,Large
0.5,0,5,5,Bhuvneshwar Kumar,Bowlers,Robin Uthappa,Batters,1,False,-0.5,10,Kolkata,Eden Gardens,Large,False,True,5,0,0.8333333333333334,1,1.2,20,139,138,19.166666666666668,7.199999999999999,0,10,Large
0.6,0,6,6,Bhuvneshwar Kumar,Bowlers,Chris Lynn,Batters,0,False,1.0,10,Kolkata,Eden Gardens,Large,False,True,6,0,1.0,1,1.0,20,139,138,19.0,7.263157894736842,0,10,Large
1.1,1,1,7,Billy Stanlake,Bowlers,Robin Uthappa,Batters,1,False,-0.5,10,Kolkata,Eden Gardens,Large,False,True,7,1,1.1666666666666667,2,1.7142857142857142,20,139,137,18.83333333333333,7.274336283185841,0,10,Large
1.2,1,2,8,Billy Stanlake,Bowlers,Chris Lynn,Batters,0,False,1.0,10,Kolkata,Eden Gardens,Large,False,True,8,1,1.3333333333333333,2,1.5,20,139,137,18.666666666666668,7.3392857142857135,0,10,Large
1.3,1,3,9,Billy Stanlake,Bowlers,Chris Lynn,Batters,4,False,-2.0,10,Kolkata,Eden Gardens,Large,False,True,9,1,1.5,6,4.0,20,139,133,18.5,7.1891891891891895,0,10,Large
1.4,1,4,10,Billy Stanlake,Bowlers,Chris Lynn,Batters,4,False,-2.0,10,Kolkata,Eden Gardens,Large,False,True,10,1,1.6666666666666663,10,6.000000000000001,20,139,129,18.33333333333333,7.036363636363637,0,10,Large
1.5,1,5,11,Billy Stanlake,Bowlers,Chris Lynn,Batters,0,False,1.0,10,Kolkata,Eden Gardens,Large,False,True,11,1,1.8333333333333333,10,5.454545454545454,20,139,129,18.166666666666668,7.10091743119266,0,10,Large
1.6,1,6,12,Billy Stanlake,Bowlers,Chris Lynn,Batters,0,False,1.0,10,Kolkata,Eden Gardens,Large,False,True,12,1,2.0,10,5.0,20,139,129,18.0,7.166666666666667,0,10,Large
2.1,2,1,13,Bhuvneshwar Kumar,Bowlers,Robin Uthappa,Batters,1,False,-0.5,10,Kolkata,Eden Gardens,Large,False,True,13,2,2.1666666666666665,11,5.0769230769230775,20,139,128,17.833333333333332,7.177570093457945,0,10,Large
2.2,2,2,14,Bhuvneshwar Kumar,Bowlers,Chris Lynn,Batters,4,False,-2.0,10,Kolkata,Eden Gardens,Large,False,True,14,2,2.333333333333333,15,6.428571428571428,20,139,124,17.666666666666668,7.018867924528301,0,10,Large
2.3,2,3,15,Bhuvneshwar Kumar,Bowlers,Chris Lynn,Batters,1,False,-0.5,10,Kolkata,Eden Gardens,Large,False,True,15,2,2.5,16,6.4,20,139,123,17.5,7.0285714285714285,0,10,Large
2.4,2,4,16,Bhuvneshwar Kumar,Bowlers,Robin Uthappa,Batters,0,True,5.0,10,Kolkata,Eden Gardens,Large,False,True,16,2,2.6666666666666665,16,6.0,20,139,123,17.333333333333332,7.096153846153847,1,9,Large
2.5,2,5,17,Bhuvneshwar Kumar,Bowlers,Nitish Rana,Batters,4,False,-2.0,10,Kolkata,Eden Gardens,Large,False,True,17,2,2.833333333333333,20,7.0588235294117645,20,139,119,17.166666666666668,6.932038834951456,1,9,Large
2.6,2,6,18,Bhuvneshwar Kumar,Bowlers,Nitish Rana,Batters,1,False,-0.5,10,Kolkata,Eden Gardens,Large,False,True,18,2,3.0,21,7.0,20,139,118,17.0,6.941176470588236,1,9,Large
3.1,3,1,19,Billy Stanlake,Bowlers,Nitish Rana,Batters,1,False,-0.5,10,Kolkata,Eden Gardens,Large,False,True,19,3,3.1666666666666665,22,6.947368421052632,20,139,117,16.833333333333332,6.950495049504951,1,9,Large
3.2,3,2,20,Billy Stanlake,Bowlers,Chris Lynn,Batters,1,False,-0.5,10,Kolkata,Eden Gardens,Large,False,True,20,3,3.333333333333333,23,6.9,20,139,116,16.666666666666668,6.959999999999999,1,9,Large
3.3,3,3,21,Billy Stanlake,Bowlers,Nitish Rana,Batters,0,False,1.0,10,Kolkata,Eden Gardens,Large,False,True,21,3,3.5,23,6.571428571428571,20,139,116,16.5,7.03030303030303,1,9,Large
3.4,3,4,22,Billy Stanlake,Bowlers,Nitish Rana,Batters,0,False,1.0,10,Kolkata,Eden Gardens,Large,False,True,22,3,3.6666666666666665,23,6.272727272727273,20,139,116,16.333333333333332,7.102040816326531,1,9,Large
3.5,3,5,23,Billy Stanlake,Bowlers,Nitish Rana,Batters,0,False,1.0,10,Kolkata,Eden Gardens,Large,False,True,23,3,3.8333333333333335,23,6.0,20,139,116,16.166666666666668,7.175257731958762,1,9,Large
3.6,3,6,24,Billy Stanlake,Bowlers,Nitish Rana,Batters,0,False,1.0,10,Kolkata,Eden Gardens,Large,False,True,24,3,4.0,23,5.75,20,139,116,16.0,7.25,1,9,Large
4.1,4,1,25,Siddarth Kaul,Bowlers,Chris Lynn,Batters,0,False,1.0,10,Kolkata,Eden Gardens,Large,False,True,25,4,4.166666666666667,23,5.52,20,139,116,15.833333333333332,7.326315789473685,1,9,Large
4.2,4,2,26,Siddarth Kaul,Bowlers,Chris Lynn,Batters,4,False,-2.0,10,Kolkata,Eden Gardens,Large,False,True,26,4,4.333333333333333,27,6.230769230769231,20,139,112,15.666666666666668,7.148936170212766,1,9,Large
4.3,4,3,27,Siddarth Kaul,Bowlers,Chris Lynn,Batters,4,False,-2.0,10,Kolkata,Eden Gardens,Large,False,True,27,4,4.5,31,6.888888888888889,20,139,108,15.5,6.967741935483871,1,9,Large
4.4,4,4,28,Siddarth Kaul,Bowlers,Chris Lynn,Batters,2,False,-1.0,10,Kolkata,Eden Gardens,Large,False,True,28,4,4.666666666666667,33,7.071428571428571,20,139,106,15.333333333333332,6.91304347826087,1,9,Large
4.5,4,5,29,Siddarth Kaul,Bowlers,Chris Lynn,Batters,0,False,1.0,10,Kolkata,Eden Gardens,Large,False,True,29,4,4.833333333333333,33,6.8275862068965525,20,139,106,15.166666666666668,6.989010989010988,1,9,Large
4.6,4,6,30,Siddarth Kaul,Bowlers,Chris Lynn,Batters,4,False,-2.0,10,Kolkata,Eden Gardens,Large,False,True,30,4,5.0,37,7.4,20,139,102,15.0,6.8,1,9,Large
5.1,5,1,31,Rashid Khan,All-Rounders,Nitish Rana,Batters,0,False,1.0,10,Kolkata,Eden Gardens,Large,False,True,31,5,5.166666666666667,37,7.161290322580645,20,139,102,14.833333333333332,6.876404494382023,1,9,Large
5.2,5,2,32,Rashid Khan,All-Rounders,Nitish Rana,Batters,1,False,-0.5,10,Kolkata,Eden Gardens,Large,False,True,32,5,5.333333333333333,38,7.125,20,139,101,14.666666666666668,6.886363636363636,1,9,Large
5.3,5,3,33,Rashid Khan,All-Rounders,Chris Lynn,Batters,1,False,-0.5,10,Kolkata,Eden Gardens,Large,False,True,33,5,5.5,39,7.090909090909091,20,139,100,14.5,6.896551724137931,1,9,Large
5.4,5,4,34,Rashid Khan,All-Rounders,Nitish Rana,Batters,6,False,-3.0,10,Kolkata,Eden Gardens,Large,False,True,34,5,5.666666666666667,45,7.941176470588235,20,139,94,14.333333333333332,6.558139534883721,1,9,Large
5.5,5,5,35,Rashid Khan,All-Rounders,Nitish Rana,Batters,0,False,1.0,10,Kolkata,Eden Gardens,Large,False,True,35,5,5.833333333333333,45,7.714285714285714,20,139,94,14.166666666666668,6.635294117647058,1,9,Large
5.6,5,6,36,Rashid Khan,All-Rounders,Nitish Rana,Batters,4,False,-2.0,10,Kolkata,Eden Gardens,Large,False,True,36,5,6.0,49,8.166666666666666,20,139,90,14.0,6.428571428571429,1,9,Large
6.1,6,1,37,Shakib Al Hasan,All-Rounders,Chris Lynn,Batters,0,False,1.0,10,Kolkata,Eden Gardens,Large,False,True,37,6,6.166666666666667,49,7.945945945945946,20,139,90,13.833333333333332,6.506024096385543,1,9,Large
6.2,6,2,38,Shakib Al Hasan,All-Rounders,Chris Lynn,Batters,1,False,-0.5,10,Kolkata,Eden Gardens,Large,False,True,38,6,6.333333333333333,50,7.894736842105264,20,139,89,13.666666666666668,6.512195121951219,1,9,Large
6.3,6,3,39,Shakib Al Hasan,All-Rounders,Nitish Rana,Batters,0,False,1.0,10,Kolkata,Eden Gardens,Large,False,True,39,6,6.5,50,7.6923076923076925,20,139,89,13.5,6.592592592592593,1,9,Large
6.4,6,4,40,Shakib Al Hasan,All-Rounders,Nitish Rana,Batters,1,False,-0.5,10,Kolkata,Eden Gardens,Large,False,True,40,6,6.666666666666667,51,7.649999999999999,20,139,88,13.333333333333332,6.6000000000000005,1,9,Large
6.5,6,5,41,Shakib Al Hasan,All-Rounders,Chris Lynn,Batters,0,False,1.0,10,Kolkata,Eden Gardens,Large,False,True,41,6,6.833333333333333,51,7.463414634146342,20,139,88,13.166666666666668,6.683544303797468,1,9,Large
6.6,6,6,42,Shakib Al Hasan,All-Rounders,Chris Lynn,Batters,1,False,-0.5,10,Kolkata,Eden Gardens,Large,False,True,42,6,7.0,52,7.428571428571429,20,139,87,13.0,6.6923076923076925,1,9,Large
7.1,7,1,43,Billy Stanlake,Bowlers,Chris Lynn,Batters,2,False,-1.0,10,Kolkata,Eden Gardens,Large,False,True,43,7,7.166666666666667,54,7.534883720930233,20,139,85,12.833333333333332,6.623376623376624,1,9,Large
7.2,7,2,44,Billy Stanlake,Bowlers,Chris Lynn,Batters,1,False,-0.5,10,Kolkata,Eden Gardens,Large,False,True,44,7,7.333333333333333,55,7.5,20,139,84,12.666666666666668,6.63157894736842,1,9,Large
7.3,7,3,45,Billy Stanlake,Bowlers,Nitish Rana,Batters,0,False,1.0,10,Kolkata,Eden Gardens,Large,False,True,45,7,7.5,55,7.333333333333333,20,139,84,12.5,6.72,1,9,Large
7.4,7,4,46,Billy Stanlake,Bowlers,Nitish Rana,Batters,0,True,5.0,10,Kolkata,Eden Gardens,Large,False,True,46,7,7.666666666666667,55,7.173913043478261,20,139,84,12.333333333333332,6.810810810810811,2,8,Large
7.5,7,5,47,Billy Stanlake,Bowlers,Sunil Narine,All-Rounders,0,False,1.0,10,Kolkata,Eden Gardens,Large,False,True,47,7,7.833333333333333,55,7.021276595744681,20,139,84,12.166666666666668,6.904109589041095,2,8,Large
7.6,7,6,48,Billy Stanlake,Bowlers,Sunil Narine,All-Rounders,0,False,1.0,10,Kolkata,Eden Gardens,Large,False,True,48,7,8.0,55,6.875,20,139,84,12.0,7.0,2,8,Large
8.1,8,1,49,Shakib Al Hasan,All-Rounders,Chris Lynn,Batters,0,False,1.0,10,Kolkata,Eden Gardens,Large,False,True,49,8,8.166666666666666,55,6.734693877551021,20,139,84,11.833333333333334,7.098591549295774,2,8,Large
8.2,8,2,50,Shakib Al Hasan,All-Rounders,Chris Lynn,Batters,0,False,1.0,10,Kolkata,Eden Gardens,Large,False,True,50,8,8.333333333333334,55,6.6,20,139,84,11.666666666666666,7.2,2,8,Large
8.3,8,3,51,Shakib Al Hasan,All-Rounders,Chris Lynn,Batters,1,False,-0.5,10,Kolkata,Eden Gardens,Large,False,True,51,8,8.5,56,6.588235294117647,20,139,83,11.5,7.217391304347826,2,8,Large
8.4,8,4,52,Shakib Al Hasan,All-Rounders,Sunil Narine,All-Rounders,1,False,-0.5,10,Kolkata,Eden Gardens,Large,False,True,52,8,8.666666666666666,57,6.5769230769230775,20,139,82,11.333333333333334,7.235294117647059,2,8,Large
8.5,8,5,53,Shakib Al Hasan,All-Rounders,Chris Lynn,Batters,1,False,-0.5,10,Kolkata,Eden Gardens,Large,False,True,53,8,8.833333333333334,58,6.566037735849056,20,139,81,11.166666666666666,7.253731343283582,2,8,Large
8.6,8,6,54,Shakib Al Hasan,All-Rounders,Sunil Narine,All-Rounders,1,False,-0.5,10,Kolkata,Eden Gardens,Large,False,True,54,8,9.0,59,6.555555555555555,20,139,80,11.0,7.272727272727272,2,8,Large
9.1,9,1,55,Siddarth Kaul,Bowlers,Sunil Narine,All-Rounders,0,False,1.0,10,Kolkata,Eden Gardens,Large,False,True,55,9,9.166666666666666,59,6.4363636363636365,20,139,80,10.833333333333334,7.384615384615384,2,8,Large
9.2,9,2,56,Siddarth Kaul,Bowlers,Sunil Narine,All-Rounders,1,False,-0.5,10,Kolkata,Eden Gardens,Large,False,True,56,9,9.333333333333334,60,6.428571428571428,20,139,79,10.666666666666666,7.40625,2,8,Large
9.3,9,3,57,Siddarth Kaul,Bowlers,Chris Lynn,Batters,6,False,-3.0,10,Kolkata,Eden Gardens,Large,False,True,57,9,9.5,66,6.947368421052632,20,139,73,10.5,6.9523809523809526,2,8,Large
9.4,9,4,58,Siddarth Kaul,Bowlers,Chris Lynn,Batters,0,False,1.0,10,Kolkata,Eden Gardens,Large,False,True,58,9,9.666666666666666,66,6.8275862068965525,20,139,73,10.333333333333334,7.064516129032258,2,8,Large
9.5,9,5,59,Siddarth Kaul,Bowlers,Chris Lynn,Batters,4,False,-2.0,10,Kolkata,Eden Gardens,Large,False,True,59,9,9.833333333333334,70,7.11864406779661,20,139,69,10.166666666666666,6.786885245901639,2,8,Large
9.6,9,6,60,Siddarth Kaul,Bowlers,Chris Lynn,Batters,0,False,1.0,10,Kolkata,Eden Gardens,Large,False,True,60,9,10.0,70,7.0,20,139,69,10.0,6.9,2,8,Large
10.1,10,1,61,Shakib Al Hasan,All-Rounders,Sunil Narine,All-Rounders,2,False,-1.0,10,Kolkata,Eden Gardens,Large,False,True,61,10,10.166666666666666,72,7.081967213114755,20,139,67,9.833333333333334,6.813559322033898,2,8,Large
10.2,10,2,62,Shakib Al Hasan,All-Rounders,Sunil Narine,All-Rounders,3,False,-1.0,10,Kolkata,Eden Gardens,Large,True,False,61,10,10.166666666666666,75,7.377049180327869,20,139,64,9.833333333333334,6.508474576271186,2,8,Large
10.2,10,2,63,Shakib Al Hasan,All-Rounders,Sunil Narine,All-Rounders,0,False,1.0,10,Kolkata,Eden Gardens,Large,False,True,62,10,10.333333333333334,75,7.258064516129032,20,139,64,9.666666666666666,6.620689655172415,2,8,Large
10.3,10,3,64,Shakib Al Hasan,All-Rounders,Sunil Narine,All-Rounders,4,False,-2.0,10,Kolkata,Eden Gardens,Large,False,True,63,10,10.5,79,7.523809523809524,20,139,60,9.5,6.315789473684211,2,8,Large
10.4,10,4,65,Shakib Al Hasan,All-Rounders,Sunil Narine,All-Rounders,0,True,5.0,10,Kolkata,Eden Gardens,Large,False,True,64,10,10.666666666666666,79,7.40625,20,139,60,9.333333333333334,6.428571428571428,3,7,Large
10.5,10,5,66,Shakib Al Hasan,All-Rounders,Chris Lynn,Batters,1,False,-0.5,10,Kolkata,Eden Gardens,Large,False,True,65,10,10.833333333333334,80,7.384615384615384,20,139,59,9.166666666666666,6.4363636363636365,3,7,Large
10.6,10,6,67,Shakib Al Hasan,All-Rounders,Dinesh Karthik,Batters,1,False,-0.5,10,Kolkata,Eden Gardens,Large,False,True,66,10,11.0,81,7.363636363636363,20,139,58,9.0,6.444444444444445,3,7,Large
11.1,11,1,68,Rashid Khan,All-Rounders,Dinesh Karthik,Batters,1,False,-0.5,10,Kolkata,Eden Gardens,Large,False,True,67,11,11.166666666666666,82,7.343283582089553,20,139,57,8.833333333333334,6.452830188679245,3,7,Large
11.2,11,2,69,Rashid Khan,All-Rounders,Chris Lynn,Batters,1,False,-0.5,10,Kolkata,Eden Gardens,Large,False,True,68,11,11.333333333333334,83,7.323529411764706,20,139,56,8.666666666666666,6.461538461538462,3,7,Large
11.3,11,3,70,Rashid Khan,All-Rounders,Dinesh Karthik,Batters,1,False,-0.5,10,Kolkata,Eden Gardens,Large,False,True,69,11,11.5,84,7.304347826086956,20,139,55,8.5,6.470588235294118,3,7,Large
11.4,11,4,71,Rashid Khan,All-Rounders,Chris Lynn,Batters,1,False,-0.5,10,Kolkata,Eden Gardens,Large,False,True,70,11,11.666666666666666,85,7.2857142857142865,20,139,54,8.333333333333334,6.48,3,7,Large
11.5,11,5,72,Rashid Khan,All-Rounders,Dinesh Karthik,Batters,0,False,1.0,10,Kolkata,Eden Gardens,Large,False,True,71,11,11.833333333333334,85,7.183098591549295,20,139,54,8.166666666666666,6.612244897959184,3,7,Large
11.6,11,6,73,Rashid Khan,All-Rounders,Dinesh Karthik,Batters,1,False,-0.5,10,Kolkata,Eden Gardens,Large,False,True,72,11,12.0,86,7.166666666666667,20,139,53,8.0,6.625,3,7,Large
12.1,12,1,74,Shakib Al Hasan,All-Rounders,Dinesh Karthik,Batters,1,False,-0.25,10,Kolkata,Eden Gardens,Large,False,True,73,12,12.166666666666666,87,7.1506849315068495,20,139,52,7.833333333333334,6.638297872340425,3,7,Large
12.2,12,2,75,Shakib Al Hasan,All-Rounders,Chris Lynn,Batters,0,True,5.0,10,Kolkata,Eden Gardens,Large,False,True,74,12,12.333333333333334,87,7.0540540540540535,20,139,52,7.666666666666666,6.782608695652175,4,6,Large
12.3,12,3,76,Shakib Al Hasan,All-Rounders,Andre Russell,All-Rounders,2,False,-1.0,10,Kolkata,Eden Gardens,Large,False,True,75,12,12.5,89,7.12,20,139,50,7.5,6.666666666666667,4,6,Large
12.4,12,4,77,Shakib Al Hasan,All-Rounders,Andre Russell,All-Rounders,0,False,1.0,10,Kolkata,Eden Gardens,Large,False,True,76,12,12.666666666666666,89,7.026315789473685,20,139,50,7.333333333333334,6.8181818181818175,4,6,Large
12.5,12,5,78,Shakib Al Hasan,All-Rounders,Andre Russell,All-Rounders,1,False,-0.5,10,Kolkata,Eden Gardens,Large,False,True,77,12,12.833333333333334,90,7.012987012987013,20,139,49,7.166666666666666,6.837209302325582,4,6,Large
12.6,12,6,79,Shakib Al Hasan,All-Rounders,Dinesh Karthik,Batters,0,False,1.0,10,Kolkata,Eden Gardens,Large,False,True,78,12,13.0,90,6.923076923076923,20,139,49,7.0,7.0,4,6,Large
13.1,13,1,80,Billy Stanlake,Bowlers,Andre Russell,All-Rounders,6,False,-3.0,10,Kolkata,Eden Gardens,Large,False,True,79,13,13.166666666666666,96,7.29113924050633,20,139,43,6.833333333333334,6.292682926829268,4,6,Large
13.2,13,2,81,Billy Stanlake,Bowlers,Andre Russell,All-Rounders,0,True,5.0,10,Kolkata,Eden Gardens,Large,False,True,80,13,13.333333333333334,96,7.199999999999999,20,139,43,6.666666666666666,6.45,5,5,Large
13.3,13,3,82,Billy Stanlake,Bowlers,Dinesh Karthik,Batters,0,False,1.0,10,Kolkata,Eden Gardens,Large,False,True,81,13,13.5,96,7.111111111111111,20,139,43,6.5,6.615384615384615,5,5,Large
13.4,13,4,83,Billy Stanlake,Bowlers,Dinesh Karthik,Batters,1,False,-0.5,10,Kolkata,Eden Gardens,Large,False,True,82,13,13.666666666666666,97,7.097560975609756,20,139,42,6.333333333333334,6.63157894736842,5,5,Large
13.5,13,5,84,Billy Stanlake,Bowlers,Shubman Gill,Batters,0,False,1.0,10,Kolkata,Eden Gardens,Large,False,True,83,13,13.833333333333334,97,7.012048192771084,20,139,42,6.166666666666666,6.810810810810811,5,5,Large
13.6,13,6,85,Billy Stanlake,Bowlers,Shubman Gill,Batters,0,False,1.0,10,Kolkata,Eden Gardens,Large,False,True,84,13,14.0,97,6.928571428571429,20,139,42,6.0,7.0,5,5,Large
14.1,14,1,86,Siddarth Kaul,Bowlers,Dinesh Karthik,Batters,2,False,-1.0,10,Kolkata,Eden Gardens,Large,False,True,85,14,14.166666666666666,99,6.988235294117647,20,139,40,5.833333333333334,6.857142857142857,5,5,Large
14.2,14,2,87,Siddarth Kaul,Bowlers,Dinesh Karthik,Batters,4,False,-2.0,10,Kolkata,Eden Gardens,Large,False,True,86,14,14.333333333333334,103,7.186046511627906,20,139,36,5.666666666666666,6.352941176470589,5,5,Large
14.3,14,3,88,Siddarth Kaul,Bowlers,Dinesh Karthik,Batters,0,False,1.0,10,Kolkata,Eden Gardens,Large,False,True,87,14,14.5,103,7.103448275862069,20,139,36,5.5,6.545454545454546,5,5,Large
14.4,14,4,89,Siddarth Kaul,Bowlers,Dinesh Karthik,Batters,1,False,-0.5,10,Kolkata,Eden Gardens,Large,False,True,88,14,14.666666666666666,104,7.090909090909091,20,139,35,5.333333333333334,6.562499999999999,5,5,Large
14.5,14,5,90,Siddarth Kaul,Bowlers,Shubman Gill,Batters,1,False,-0.5,10,Kolkata,Eden Gardens,Large,False,True,89,14,14.833333333333334,105,7.078651685393258,20,139,34,5.166666666666666,6.580645161290323,5,5,Large
14.6,14,6,91,Siddarth Kaul,Bowlers,Dinesh Karthik,Batters,1,False,-0.25,10,Kolkata,Eden Gardens,Large,False,True,90,14,15.0,106,7.066666666666666,20,139,33,5.0,6.6,5,5,Large
15.1,15,1,92,Rashid Khan,All-Rounders,Dinesh Karthik,Batters,1,False,-0.5,10,Kolkata,Eden Gardens,Large,False,True,91,15,15.166666666666666,107,7.054945054945056,20,139,32,4.833333333333334,6.620689655172413,5,5,Large
15.2,15,2,93,Rashid Khan,All-Rounders,Shubman Gill,Batters,1,False,-0.5,10,Kolkata,Eden Gardens,Large,False,True,92,15,15.333333333333334,108,7.0434782608695645,20,139,31,4.666666666666666,6.642857142857144,5,5,Large
15.3,15,3,94,Rashid Khan,All-Rounders,Dinesh Karthik,Batters,1,False,-0.5,10,Kolkata,Eden Gardens,Large,False,True,93,15,15.5,109,7.032258064516129,20,139,30,4.5,6.666666666666667,5,5,Large
15.4,15,4,95,Rashid Khan,All-Rounders,Shubman Gill,Batters,0,False,1.0,10,Kolkata,Eden Gardens,Large,False,True,94,15,15.666666666666666,109,6.957446808510639,20,139,30,4.333333333333334,6.9230769230769225,5,5,Large
15.5,15,5,96,Rashid Khan,All-Rounders,Shubman Gill,Batters,1,False,-0.5,10,Kolkata,Eden Gardens,Large,False,True,95,15,15.833333333333334,110,6.947368421052631,20,139,29,4.166666666666666,6.960000000000001,5,5,Large
15.6,15,6,97,Rashid Khan,All-Rounders,Dinesh Karthik,Batters,1,False,-0.5,10,Kolkata,Eden Gardens,Large,False,True,96,15,16.0,111,6.9375,20,139,28,4.0,7.0,5,5,Large
16.1,16,1,98,Bhuvneshwar Kumar,Bowlers,Dinesh Karthik,Batters,1,False,-0.5,10,Kolkata,Eden Gardens,Large,False,True,97,16,16.166666666666668,112,6.927835051546391,20,139,27,3.833333333333332,7.043478260869567,5,5,Large
16.2,16,2,99,Bhuvneshwar Kumar,Bowlers,Shubman Gill,Batters,0,False,1.0,10,Kolkata,Eden Gardens,Large,False,True,98,16,16.333333333333332,112,6.857142857142858,20,139,27,3.666666666666668,7.3636363636363615,5,5,Large
16.3,16,3,100,Bhuvneshwar Kumar,Bowlers,Shubman Gill,Batters,0,False,1.0,10,Kolkata,Eden Gardens,Large,False,True,99,16,16.5,112,6.787878787878788,20,139,27,3.5,7.714285714285714,5,5,Large
16.4,16,4,101,Bhuvneshwar Kumar,Bowlers,Shubman Gill,Batters,0,True,5.0,10,Kolkata,Eden Gardens,Large,False,True,100,16,16.666666666666668,112,6.72,20,139,27,3.333333333333332,8.100000000000003,6,4,Large
16.5,16,5,102,Bhuvneshwar Kumar,Bowlers,Dinesh Karthik,Batters,1,False,-0.5,10,Kolkata,Eden Gardens,Large,False,True,101,16,16.833333333333332,113,6.7128712871287135,20,139,26,3.166666666666668,8.21052631578947,6,4,Large
16.6,16,6,103,Bhuvneshwar Kumar,Bowlers,Shivam Mavi,Bowlers,0,False,1.0,10,Kolkata,Eden Gardens,Large,False,True,102,16,17.0,113,6.647058823529412,20,139,26,3.0,8.666666666666666,6,4,Large
17.1,17,1,104,Rashid Khan,All-Rounders,Dinesh Karthik,Batters,1,False,-0.5,10,Kolkata,Eden Gardens,Large,False,True,103,17,17.166666666666668,114,6.640776699029126,20,139,25,2.833333333333332,8.82352941176471,6,4,Large
17.2,17,2,105,Rashid Khan,All-Rounders,Shivam Mavi,Bowlers,1,False,-0.5,10,Kolkata,Eden Gardens,Large,False,True,104,17,17.333333333333332,115,6.634615384615385,20,139,24,2.666666666666668,8.999999999999996,6,4,Large
17.3,17,3,106,Rashid Khan,All-Rounders,Dinesh Karthik,Batters,0,False,1.0,10,Kolkata,Eden Gardens,Large,False,True,105,17,17.5,115,6.571428571428571,20,139,24,2.5,9.6,6,4,Large
17.4,17,4,107,Rashid Khan,All-Rounders,Dinesh Karthik,Batters,4,False,-2.0,10,Kolkata,Eden Gardens,Large,False,True,106,17,17.666666666666668,119,6.735849056603773,20,139,20,2.333333333333332,8.571428571428577,6,4,Large
17.5,17,5,108,Rashid Khan,All-Rounders,Dinesh Karthik,Batters,1,False,-0.5,10,Kolkata,Eden Gardens,Large,False,True,107,17,17.833333333333332,120,6.728971962616823,20,139,19,2.166666666666668,8.769230769230765,6,4,Large
17.6,17,6,109,Rashid Khan,All-Rounders,Shivam Mavi,Bowlers,2,False,-1.0,10,Kolkata,Eden Gardens,Large,False,True,108,17,18.0,122,6.777777777777778,20,139,17,2.0,8.5,6,4,Large
18.1,18,1,110,Bhuvneshwar Kumar,Bowlers,Dinesh Karthik,Batters,1,False,-1.0,10,Kolkata,Eden Gardens,Large,True,False,108,17,18.0,123,6.833333333333333,20,139,16,2.0,8.0,6,4,Large
18.1,18,1,111,Bhuvneshwar Kumar,Bowlers,Dinesh Karthik,Batters,6,False,-3.0,10,Kolkata,Eden Gardens,Large,False,True,109,18,18.166666666666668,129,7.10091743119266,20,139,10,1.833333333333332,5.454545454545458,6,4,Large
18.2,18,2,112,Bhuvneshwar Kumar,Bowlers,Dinesh Karthik,Batters,0,False,1.0,10,Kolkata,Eden Gardens,Large,False,True,110,18,18.33333333333333,129,7.036363636363637,20,139,10,1.666666666666668,5.999999999999996,6,4,Large
18.3,18,3,113,Bhuvneshwar Kumar,Bowlers,Dinesh Karthik,Batters,0,True,5.0,10,Kolkata,Eden Gardens,Large,False,True,111,18,18.5,129,6.972972972972973,20,139,10,1.5,6.666666666666667,7,3,Large
18.4,18,4,114,Bhuvneshwar Kumar,Bowlers,Mitchell Johnson,Bowlers,0,False,1.0,10,Kolkata,Eden Gardens,Large,False,True,112,18,18.666666666666668,129,6.910714285714286,20,139,10,1.333333333333332,7.500000000000007,7,3,Large
18.5,18,5,115,Bhuvneshwar Kumar,Bowlers,Mitchell Johnson,Bowlers,2,False,-1.0,10,Kolkata,Eden Gardens,Large,True,False,112,18,18.666666666666668,131,7.017857142857142,20,139,8,1.333333333333332,6.000000000000005,7,3,Large
18.5,18,5,116,Bhuvneshwar Kumar,Bowlers,Shivam Mavi,Bowlers,1,False,-0.5,10,Kolkata,Eden Gardens,Large,False,True,113,18,18.83333333333333,132,7.008849557522124,20,139,7,1.166666666666668,5.999999999999994,7,3,Large
18.6,18,6,117,Bhuvneshwar Kumar,Bowlers,Mitchell Johnson,Bowlers,2,False,-1.0,10,Kolkata,Eden Gardens,Large,False,True,114,18,19.0,134,7.052631578947368,20,139,5,1.0,5.0,7,3,Large
19.1,19,1,118,Siddarth Kaul,Bowlers,Shivam Mavi,Bowlers,2,False,-1.0,10,Kolkata,Eden Gardens,Large,False,True,115,19,19.166666666666668,136,7.095652173913043,20,139,3,0.8333333333333321,3.600000000000005,7,3,Large
19.2,19,2,119,Siddarth Kaul,Bowlers,Shivam Mavi,Bowlers,1,False,-0.5,10,Kolkata,Eden Gardens,Large,False,True,116,19,19.33333333333333,137,7.086206896551724,20,139,2,0.6666666666666679,2.9999999999999947,7,3,Large
19.3,19,3,120,Siddarth Kaul,Bowlers,Mitchell Johnson,Bowlers,0,False,1.0,10,Kolkata,Eden Gardens,Large,False,True,117,19,19.5,137,7.0256410256410255,20,139,2,0.5,4.0,7,3,Large
19.4,19,4,121,Siddarth Kaul,Bowlers,Mitchell Johnson,Bowlers,1,False,-0.5,10,Kolkata,Eden Gardens,Large,False,True,118,19,19.666666666666668,138,7.016949152542373,20,139,1,0.3333333333333321,3.0000000000000107,7,3,Large
19.5,19,5,122,Siddarth Kaul,Bowlers,Shivam Mavi,Bowlers,0,False,1.0,10,Kolkata,Eden Gardens,Large,False,True,119,19,19.83333333333333,138,6.957983193277311,20,139,1,0.1666666666666678,5.999999999999957,7,3,Large
19.6,19,6,123,Siddarth Kaul,Bowlers,Shivam Mavi,Bowlers,0,True,5.0,10,Kolkata,Eden Gardens,Large,False,True,120,19,20.0,138,6.9,20,139,1,0.0,inf,8,2,Large
