Ball Number,over,ball,Ball,bowler,bowler_role,batsman,batsman_role,Runs,is_wicket,bowler_score,match_id,city,stadium,Stadium_Type,is_extra,legal_delivery,legal_deliveries_count,overs_completed,overs_bowled,total_runs,current_run_rate,total_overs,target,runs_needed,overs_remaining,required_run_rate,wickets_fallen,wickets_in_hand,Ground_Type
0.1,0,1,1,,,,,0,False,0.0,22,Delhi,Arun Jaitley Stadium,Small,False,True,1,0,0.1666666666666666,0,0.0,20,144,144,19.83333333333333,7.260504201680673,0,10,Small
0.2,0,2,2,Trent Boult,Bowlers,KL Rahul,Batters,1,False,-0.5,22,Delhi,Arun Jaitley Stadium,Small,False,True,2,0,0.3333333333333333,1,3.0,20,144,143,19.666666666666668,7.271186440677965,0,10,Small
0.3,0,3,3,Trent Boult,Bowlers,Aaron Finch,Batters,1,False,-0.25,22,Delhi,Arun Jaitley Stadium,Small,False,True,3,0,0.5,2,4.0,20,144,142,19.5,7.282051282051282,0,10,Small
0.4,0,4,4,Trent Boult,Bowlers,KL Rahul,Batters,1,False,-0.5,22,Delhi,Arun Jaitley Stadium,Small,False,True,4,0,0.6666666666666666,3,4.5,20,144,141,19.33333333333333,7.293103448275862,0,10,Small
0.5,0,5,5,Trent Boult,Bowlers,Aaron Finch,Batters,2,False,-1.0,22,Delhi,Arun Jaitley Stadium,Small,False,True,5,0,0.8333333333333334,5,6.0,20,144,139,19.166666666666668,7.252173913043478,0,10,Small
0.6,0,6,6,Trent Boult,Bowlers,Aaron Finch,Batters,0,False,1.0,22,Delhi,Arun Jaitley Stadium,Small,False,True,6,0,1.0,5,5.0,20,144,139,19.0,7.315789473684211,0,10,Small
1.1,1,1,7,Avesh Khan,Bowlers,KL Rahul,Batters,0,False,1.0,22,Delhi,Arun Jaitley Stadium,Small,False,True,7,1,1.1666666666666667,5,4.285714285714286,20,144,139,18.83333333333333,7.380530973451328,0,10,Small
1.2,1,2,8,Avesh Khan,Bowlers,KL Rahul,Batters,1,False,-0.5,22,Delhi,Arun Jaitley Stadium,Small,False,True,8,1,1.3333333333333333,6,4.5,20,144,138,18.666666666666668,7.392857142857142,0,10,Small
1.3,1,3,9,Avesh Khan,Bowlers,Aaron Finch,Batters,0,True,5.0,22,Delhi,Arun Jaitley Stadium,Small,False,True,9,1,1.5,6,4.0,20,144,138,18.5,7.45945945945946,1,9,Small
1.4,1,4,10,Avesh Khan,Bowlers,Mayank Agarawal,Batters,1,False,-0.5,22,Delhi,Arun Jaitley Stadium,Small,False,True,10,1,1.6666666666666663,7,4.2,20,144,137,18.33333333333333,7.4727272727272736,1,9,Small
1.5,1,5,11,Avesh Khan,Bowlers,KL Rahul,Batters,0,False,1.0,22,Delhi,Arun Jaitley Stadium,Small,False,True,11,1,1.8333333333333333,7,3.818181818181818,20,144,137,18.166666666666668,7.541284403669724,1,9,Small
1.6,1,6,12,Avesh Khan,Bowlers,KL Rahul,Batters,4,False,-2.0,22,Delhi,Arun Jaitley Stadium,Small,False,True,12,1,2.0,11,5.5,20,144,133,18.0,7.388888888888889,1,9,Small
2.1,2,1,13,Trent Boult,Bowlers,Mayank Agarawal,Batters,4,False,-2.0,22,Delhi,Arun Jaitley Stadium,Small,False,True,13,2,2.1666666666666665,15,6.923076923076923,20,144,129,17.833333333333332,7.233644859813085,1,9,Small
2.2,2,2,14,Trent Boult,Bowlers,Mayank Agarawal,Batters,4,False,-2.0,22,Delhi,Arun Jaitley Stadium,Small,False,True,14,2,2.333333333333333,19,8.142857142857142,20,144,125,17.666666666666668,7.075471698113207,1,9,Small
2.3,2,3,15,Trent Boult,Bowlers,Mayank Agarawal,Batters,1,False,-0.5,22,Delhi,Arun Jaitley Stadium,Small,False,True,15,2,2.5,20,8.0,20,144,124,17.5,7.085714285714285,1,9,Small
2.4,2,4,16,Trent Boult,Bowlers,KL Rahul,Batters,4,False,-2.0,22,Delhi,Arun Jaitley Stadium,Small,False,True,16,2,2.6666666666666665,24,9.0,20,144,120,17.333333333333332,6.923076923076923,1,9,Small
2.5,2,5,17,Trent Boult,Bowlers,KL Rahul,Batters,1,False,-0.5,22,Delhi,Arun Jaitley Stadium,Small,False,True,17,2,2.833333333333333,25,8.823529411764705,20,144,119,17.166666666666668,6.932038834951456,1,9,Small
2.6,2,6,18,Trent Boult,Bowlers,Mayank Agarawal,Batters,0,False,1.0,22,Delhi,Arun Jaitley Stadium,Small,False,True,18,2,3.0,25,8.333333333333334,20,144,119,17.0,7.0,1,9,Small
3.1,3,1,19,Avesh Khan,Bowlers,KL Rahul,Batters,6,False,-3.0,22,Delhi,Arun Jaitley Stadium,Small,False,True,19,3,3.1666666666666665,31,9.789473684210527,20,144,113,16.833333333333332,6.7128712871287135,1,9,Small
3.2,3,2,20,Avesh Khan,Bowlers,KL Rahul,Batters,1,False,-0.5,22,Delhi,Arun Jaitley Stadium,Small,False,True,20,3,3.333333333333333,32,9.6,20,144,112,16.666666666666668,6.72,1,9,Small
3.3,3,3,21,Avesh Khan,Bowlers,Mayank Agarawal,Batters,4,False,-2.0,22,Delhi,Arun Jaitley Stadium,Small,False,True,21,3,3.5,36,10.285714285714286,20,144,108,16.5,6.545454545454546,1,9,Small
3.4,3,4,22,Avesh Khan,Bowlers,Mayank Agarawal,Batters,1,False,-0.5,22,Delhi,Arun Jaitley Stadium,Small,False,True,22,3,3.6666666666666665,37,10.090909090909092,20,144,107,16.333333333333332,6.551020408163266,1,9,Small
3.5,3,5,23,Avesh Khan,Bowlers,KL Rahul,Batters,0,False,1.0,22,Delhi,Arun Jaitley Stadium,Small,False,True,23,3,3.8333333333333335,37,9.652173913043478,20,144,107,16.166666666666668,6.618556701030927,1,9,Small
3.6,3,6,24,Avesh Khan,Bowlers,KL Rahul,Batters,0,False,1.0,22,Delhi,Arun Jaitley Stadium,Small,False,True,24,3,4.0,37,9.25,20,144,107,16.0,6.6875,1,9,Small
4.1,4,1,25,Liam Plunkett,Bowlers,Mayank Agarawal,Batters,1,False,-0.5,22,Delhi,Arun Jaitley Stadium,Small,False,True,25,4,4.166666666666667,38,9.12,20,144,106,15.833333333333332,6.694736842105264,1,9,Small
4.2,4,2,26,Liam Plunkett,Bowlers,KL Rahul,Batters,4,False,-2.0,22,Delhi,Arun Jaitley Stadium,Small,False,True,26,4,4.333333333333333,42,9.692307692307692,20,144,102,15.666666666666668,6.51063829787234,1,9,Small
4.3,4,3,27,Liam Plunkett,Bowlers,KL Rahul,Batters,0,True,5.0,22,Delhi,Arun Jaitley Stadium,Small,False,True,27,4,4.5,42,9.333333333333334,20,144,102,15.5,6.580645161290323,2,8,Small
4.4,4,4,28,Liam Plunkett,Bowlers,Karun Nair,Batters,1,False,-0.5,22,Delhi,Arun Jaitley Stadium,Small,False,True,28,4,4.666666666666667,43,9.214285714285714,20,144,101,15.333333333333332,6.586956521739131,2,8,Small
4.5,4,5,29,Liam Plunkett,Bowlers,Mayank Agarawal,Batters,0,False,1.0,22,Delhi,Arun Jaitley Stadium,Small,False,True,29,4,4.833333333333333,43,8.896551724137932,20,144,101,15.166666666666668,6.659340659340659,2,8,Small
4.6,4,6,30,Liam Plunkett,Bowlers,Mayank Agarawal,Batters,0,False,1.0,22,Delhi,Arun Jaitley Stadium,Small,False,True,30,4,5.0,43,8.6,20,144,101,15.0,6.733333333333333,2,8,Small
5.1,5,1,31,Avesh Khan,Bowlers,Karun Nair,Batters,4,False,-2.0,22,Delhi,Arun Jaitley Stadium,Small,False,True,31,5,5.166666666666667,47,9.096774193548386,20,144,97,14.833333333333332,6.53932584269663,2,8,Small
5.2,5,2,32,Avesh Khan,Bowlers,Karun Nair,Batters,0,False,1.0,22,Delhi,Arun Jaitley Stadium,Small,False,True,32,5,5.333333333333333,47,8.8125,20,144,97,14.666666666666668,6.613636363636363,2,8,Small
5.3,5,3,33,Avesh Khan,Bowlers,Karun Nair,Batters,1,False,-0.5,22,Delhi,Arun Jaitley Stadium,Small,False,True,33,5,5.5,48,8.727272727272727,20,144,96,14.5,6.620689655172414,2,8,Small
5.4,5,4,34,Avesh Khan,Bowlers,Mayank Agarawal,Batters,0,False,1.0,22,Delhi,Arun Jaitley Stadium,Small,False,True,34,5,5.666666666666667,48,8.470588235294118,20,144,96,14.333333333333332,6.697674418604652,2,8,Small
5.5,5,5,35,Avesh Khan,Bowlers,Mayank Agarawal,Batters,2,False,-1.0,22,Delhi,Arun Jaitley Stadium,Small,False,True,35,5,5.833333333333333,50,8.571428571428571,20,144,94,14.166666666666668,6.635294117647058,2,8,Small
5.6,5,6,36,Avesh Khan,Bowlers,Mayank Agarawal,Batters,1,False,-0.5,22,Delhi,Arun Jaitley Stadium,Small,False,True,36,5,6.0,51,8.5,20,144,93,14.0,6.642857142857143,2,8,Small
6.1,6,1,37,Dan Christian,All-Rounders,Mayank Agarawal,Batters,1,False,-0.5,22,Delhi,Arun Jaitley Stadium,Small,False,True,37,6,6.166666666666667,52,8.432432432432432,20,144,92,13.833333333333332,6.650602409638555,2,8,Small
6.2,6,2,38,Dan Christian,All-Rounders,Karun Nair,Batters,0,False,1.0,22,Delhi,Arun Jaitley Stadium,Small,False,True,38,6,6.333333333333333,52,8.210526315789474,20,144,92,13.666666666666668,6.7317073170731705,2,8,Small
6.3,6,3,39,Dan Christian,All-Rounders,Karun Nair,Batters,1,False,-0.5,22,Delhi,Arun Jaitley Stadium,Small,False,True,39,6,6.5,53,8.153846153846153,20,144,91,13.5,6.7407407407407405,2,8,Small
6.4,6,4,40,Dan Christian,All-Rounders,Mayank Agarawal,Batters,1,False,-0.5,22,Delhi,Arun Jaitley Stadium,Small,False,True,40,6,6.666666666666667,54,8.1,20,144,90,13.333333333333332,6.750000000000001,2,8,Small
6.5,6,5,41,Dan Christian,All-Rounders,Karun Nair,Batters,4,False,-2.0,22,Delhi,Arun Jaitley Stadium,Small,False,True,41,6,6.833333333333333,58,8.487804878048781,20,144,86,13.166666666666668,6.5316455696202524,2,8,Small
6.6,6,6,42,Dan Christian,All-Rounders,Karun Nair,Batters,1,False,-0.5,22,Delhi,Arun Jaitley Stadium,Small,False,True,42,6,7.0,59,8.428571428571429,20,144,85,13.0,6.538461538461538,2,8,Small
7.1,7,1,43,Liam Plunkett,Bowlers,Karun Nair,Batters,0,False,1.0,22,Delhi,Arun Jaitley Stadium,Small,False,True,43,7,7.166666666666667,59,8.232558139534884,20,144,85,12.833333333333332,6.623376623376624,2,8,Small
7.2,7,2,44,Liam Plunkett,Bowlers,Karun Nair,Batters,1,False,-0.5,22,Delhi,Arun Jaitley Stadium,Small,False,True,44,7,7.333333333333333,60,8.181818181818182,20,144,84,12.666666666666668,6.63157894736842,2,8,Small
7.3,7,3,45,Liam Plunkett,Bowlers,Mayank Agarawal,Batters,0,True,5.0,22,Delhi,Arun Jaitley Stadium,Small,False,True,45,7,7.5,60,8.0,20,144,84,12.5,6.72,3,7,Small
7.4,7,4,46,Liam Plunkett,Bowlers,Yuvraj Singh,Batters,1,False,-0.5,22,Delhi,Arun Jaitley Stadium,Small,False,True,46,7,7.666666666666667,61,7.956521739130435,20,144,83,12.333333333333332,6.729729729729731,3,7,Small
7.5,7,5,47,Liam Plunkett,Bowlers,Karun Nair,Batters,0,False,1.0,22,Delhi,Arun Jaitley Stadium,Small,False,True,47,7,7.833333333333333,61,7.787234042553192,20,144,83,12.166666666666668,6.821917808219178,3,7,Small
7.6,7,6,48,Liam Plunkett,Bowlers,Karun Nair,Batters,0,False,1.0,22,Delhi,Arun Jaitley Stadium,Small,False,True,48,7,8.0,61,7.625,20,144,83,12.0,6.916666666666667,3,7,Small
8.1,8,1,49,Dan Christian,All-Rounders,Yuvraj Singh,Batters,0,False,1.0,22,Delhi,Arun Jaitley Stadium,Small,False,True,49,8,8.166666666666666,61,7.469387755102042,20,144,83,11.833333333333334,7.014084507042253,3,7,Small
8.2,8,2,50,Dan Christian,All-Rounders,Yuvraj Singh,Batters,0,False,1.0,22,Delhi,Arun Jaitley Stadium,Small,False,True,50,8,8.333333333333334,61,7.319999999999999,20,144,83,11.666666666666666,7.114285714285715,3,7,Small
8.3,8,3,51,Dan Christian,All-Rounders,Yuvraj Singh,Batters,0,False,1.0,22,Delhi,Arun Jaitley Stadium,Small,False,True,51,8,8.5,61,7.176470588235294,20,144,83,11.5,7.217391304347826,3,7,Small
8.4,8,4,52,Dan Christian,All-Rounders,Yuvraj Singh,Batters,1,False,-0.5,22,Delhi,Arun Jaitley Stadium,Small,False,True,52,8,8.666666666666666,62,7.153846153846154,20,144,82,11.333333333333334,7.235294117647059,3,7,Small
8.5,8,5,53,Dan Christian,All-Rounders,Karun Nair,Batters,0,False,1.0,22,Delhi,Arun Jaitley Stadium,Small,False,True,53,8,8.833333333333334,62,7.018867924528301,20,144,82,11.166666666666666,7.343283582089553,3,7,Small
8.6,8,6,54,Dan Christian,All-Rounders,Karun Nair,Batters,1,False,-0.5,22,Delhi,Arun Jaitley Stadium,Small,False,True,54,8,9.0,63,7.0,20,144,81,11.0,7.363636363636363,3,7,Small
9.1,9,1,55,Amit Mishra,Bowlers,Karun Nair,Batters,0,False,1.0,22,Delhi,Arun Jaitley Stadium,Small,False,True,55,9,9.166666666666666,63,6.872727272727273,20,144,81,10.833333333333334,7.476923076923076,3,7,Small
9.2,9,2,56,Amit Mishra,Bowlers,Karun Nair,Batters,1,False,-0.5,22,Delhi,Arun Jaitley Stadium,Small,False,True,56,9,9.333333333333334,64,6.857142857142857,20,144,80,10.666666666666666,7.5,3,7,Small
9.3,9,3,57,Amit Mishra,Bowlers,Yuvraj Singh,Batters,2,False,-1.0,22,Delhi,Arun Jaitley Stadium,Small,False,True,57,9,9.5,66,6.947368421052632,20,144,78,10.5,7.428571428571429,3,7,Small
9.4,9,4,58,Amit Mishra,Bowlers,Yuvraj Singh,Batters,0,False,1.0,22,Delhi,Arun Jaitley Stadium,Small,False,True,58,9,9.666666666666666,66,6.8275862068965525,20,144,78,10.333333333333334,7.548387096774193,3,7,Small
9.5,9,5,59,Amit Mishra,Bowlers,Yuvraj Singh,Batters,1,False,-0.5,22,Delhi,Arun Jaitley Stadium,Small,False,True,59,9,9.833333333333334,67,6.813559322033898,20,144,77,10.166666666666666,7.573770491803279,3,7,Small
9.6,9,6,60,Amit Mishra,Bowlers,Karun Nair,Batters,1,False,-0.5,22,Delhi,Arun Jaitley Stadium,Small,False,True,60,9,10.0,68,6.8,20,144,76,10.0,7.6,3,7,Small
10.1,10,1,61,Glenn Maxwell,All-Rounders,Karun Nair,Batters,1,False,-0.5,22,Delhi,Arun Jaitley Stadium,Small,False,True,61,10,10.166666666666666,69,6.786885245901639,20,144,75,9.833333333333334,7.627118644067796,3,7,Small
10.2,10,2,62,Glenn Maxwell,All-Rounders,Yuvraj Singh,Batters,1,False,-0.5,22,Delhi,Arun Jaitley Stadium,Small,False,True,62,10,10.333333333333334,70,6.774193548387096,20,144,74,9.666666666666666,7.655172413793104,3,7,Small
10.3,10,3,63,Glenn Maxwell,All-Rounders,Karun Nair,Batters,1,False,-0.5,22,Delhi,Arun Jaitley Stadium,Small,False,True,63,10,10.5,71,6.761904761904762,20,144,73,9.5,7.684210526315789,3,7,Small
10.4,10,4,64,Glenn Maxwell,All-Rounders,Yuvraj Singh,Batters,1,False,-0.5,22,Delhi,Arun Jaitley Stadium,Small,False,True,64,10,10.666666666666666,72,6.75,20,144,72,9.333333333333334,7.7142857142857135,3,7,Small
10.5,10,5,65,Glenn Maxwell,All-Rounders,Karun Nair,Batters,0,False,1.0,22,Delhi,Arun Jaitley Stadium,Small,False,True,65,10,10.833333333333334,72,6.646153846153846,20,144,72,9.166666666666666,7.854545454545455,3,7,Small
10.6,10,6,66,Glenn Maxwell,All-Rounders,Karun Nair,Batters,0,False,1.0,22,Delhi,Arun Jaitley Stadium,Small,False,True,66,10,11.0,72,6.545454545454546,20,144,72,9.0,8.0,3,7,Small
11.1,11,1,67,Amit Mishra,Bowlers,Yuvraj Singh,Batters,2,False,-1.0,22,Delhi,Arun Jaitley Stadium,Small,False,True,67,11,11.166666666666666,74,6.626865671641792,20,144,70,8.833333333333334,7.924528301886792,3,7,Small
11.2,11,2,68,Amit Mishra,Bowlers,Yuvraj Singh,Batters,0,False,1.0,22,Delhi,Arun Jaitley Stadium,Small,False,True,68,11,11.333333333333334,74,6.529411764705882,20,144,70,8.666666666666666,8.076923076923077,3,7,Small
11.3,11,3,69,Amit Mishra,Bowlers,Yuvraj Singh,Batters,0,False,1.0,22,Delhi,Arun Jaitley Stadium,Small,False,True,69,11,11.5,74,6.434782608695652,20,144,70,8.5,8.235294117647058,3,7,Small
11.4,11,4,70,Amit Mishra,Bowlers,Yuvraj Singh,Batters,1,False,-0.5,22,Delhi,Arun Jaitley Stadium,Small,False,True,70,11,11.666666666666666,75,6.428571428571429,20,144,69,8.333333333333334,8.28,3,7,Small
11.5,11,5,71,Amit Mishra,Bowlers,Karun Nair,Batters,1,False,-0.5,22,Delhi,Arun Jaitley Stadium,Small,False,True,71,11,11.833333333333334,76,6.422535211267605,20,144,68,8.166666666666666,8.326530612244898,3,7,Small
11.6,11,6,72,Amit Mishra,Bowlers,Yuvraj Singh,Batters,0,False,1.0,22,Delhi,Arun Jaitley Stadium,Small,False,True,72,11,12.0,76,6.333333333333333,20,144,68,8.0,8.5,3,7,Small
12.1,12,1,73,Avesh Khan,Bowlers,Karun Nair,Batters,4,False,-2.0,22,Delhi,Arun Jaitley Stadium,Small,False,True,73,12,12.166666666666666,80,6.575342465753425,20,144,64,7.833333333333334,8.170212765957446,3,7,Small
12.2,12,2,74,Avesh Khan,Bowlers,Karun Nair,Batters,1,False,-0.5,22,Delhi,Arun Jaitley Stadium,Small,False,True,74,12,12.333333333333334,81,6.567567567567568,20,144,63,7.666666666666666,8.217391304347826,3,7,Small
12.3,12,3,75,Avesh Khan,Bowlers,Yuvraj Singh,Batters,4,False,-2.0,22,Delhi,Arun Jaitley Stadium,Small,False,True,75,12,12.5,85,6.8,20,144,59,7.5,7.866666666666666,3,7,Small
12.4,12,4,76,Avesh Khan,Bowlers,Yuvraj Singh,Batters,0,True,5.0,22,Delhi,Arun Jaitley Stadium,Small,False,True,76,12,12.666666666666666,85,6.710526315789474,20,144,59,7.333333333333334,8.045454545454545,4,6,Small
12.5,12,5,77,Avesh Khan,Bowlers,David Miller,Batters,0,False,1.0,22,Delhi,Arun Jaitley Stadium,Small,False,True,77,12,12.833333333333334,85,6.623376623376623,20,144,59,7.166666666666666,8.232558139534884,4,6,Small
12.6,12,6,78,Avesh Khan,Bowlers,David Miller,Batters,1,False,-0.5,22,Delhi,Arun Jaitley Stadium,Small,False,True,78,12,13.0,86,6.615384615384615,20,144,58,7.0,8.285714285714286,4,6,Small
13.1,13,1,79,Amit Mishra,Bowlers,David Miller,Batters,2,False,-1.0,22,Delhi,Arun Jaitley Stadium,Small,False,True,79,13,13.166666666666666,88,6.6835443037974684,20,144,56,6.833333333333334,8.195121951219512,4,6,Small
13.2,13,2,80,Amit Mishra,Bowlers,David Miller,Batters,2,False,-1.0,22,Delhi,Arun Jaitley Stadium,Small,False,True,80,13,13.333333333333334,90,6.75,20,144,54,6.666666666666666,8.100000000000001,4,6,Small
13.3,13,3,81,Amit Mishra,Bowlers,David Miller,Batters,1,False,-0.5,22,Delhi,Arun Jaitley Stadium,Small,False,True,81,13,13.5,91,6.7407407407407405,20,144,53,6.5,8.153846153846153,4,6,Small
13.4,13,4,82,Amit Mishra,Bowlers,Karun Nair,Batters,0,False,1.0,22,Delhi,Arun Jaitley Stadium,Small,False,True,82,13,13.666666666666666,91,6.658536585365854,20,144,53,6.333333333333334,8.368421052631579,4,6,Small
13.5,13,5,83,Amit Mishra,Bowlers,Karun Nair,Batters,2,False,-1.0,22,Delhi,Arun Jaitley Stadium,Small,False,True,83,13,13.833333333333334,93,6.72289156626506,20,144,51,6.166666666666666,8.270270270270272,4,6,Small
13.6,13,6,84,Amit Mishra,Bowlers,Karun Nair,Batters,1,False,-0.5,22,Delhi,Arun Jaitley Stadium,Small,False,True,84,13,14.0,94,6.714285714285714,20,144,50,6.0,8.333333333333334,4,6,Small
14.1,14,1,85,Rahul Tewatia,All-Rounders,Karun Nair,Batters,1,False,-0.5,22,Delhi,Arun Jaitley Stadium,Small,False,True,85,14,14.166666666666666,95,6.705882352941177,20,144,49,5.833333333333334,8.399999999999999,4,6,Small
14.2,14,2,86,Rahul Tewatia,All-Rounders,David Miller,Batters,0,False,1.0,22,Delhi,Arun Jaitley Stadium,Small,False,True,86,14,14.333333333333334,95,6.627906976744185,20,144,49,5.666666666666666,8.647058823529413,4,6,Small
14.3,14,3,87,Rahul Tewatia,All-Rounders,David Miller,Batters,1,False,-0.5,22,Delhi,Arun Jaitley Stadium,Small,False,True,87,14,14.5,96,6.620689655172414,20,144,48,5.5,8.727272727272727,4,6,Small
14.4,14,4,88,Rahul Tewatia,All-Rounders,Karun Nair,Batters,1,False,-0.5,22,Delhi,Arun Jaitley Stadium,Small,False,True,88,14,14.666666666666666,97,6.613636363636364,20,144,47,5.333333333333334,8.812499999999998,4,6,Small
14.5,14,5,89,Rahul Tewatia,All-Rounders,David Miller,Batters,2,False,-1.0,22,Delhi,Arun Jaitley Stadium,Small,False,True,89,14,14.833333333333334,99,6.674157303370786,20,144,45,5.166666666666666,8.70967741935484,4,6,Small
14.6,14,6,90,Rahul Tewatia,All-Rounders,David Miller,Batters,1,False,-0.5,22,Delhi,Arun Jaitley Stadium,Small,False,True,90,14,15.0,100,6.666666666666667,20,144,44,5.0,8.8,4,6,Small
15.1,15,1,91,Amit Mishra,Bowlers,David Miller,Batters,0,False,1.0,22,Delhi,Arun Jaitley Stadium,Small,False,True,91,15,15.166666666666666,100,6.593406593406594,20,144,44,4.833333333333334,9.103448275862068,4,6,Small
15.2,15,2,92,Amit Mishra,Bowlers,David Miller,Batters,1,False,-0.5,22,Delhi,Arun Jaitley Stadium,Small,False,True,92,15,15.333333333333334,101,6.58695652173913,20,144,43,4.666666666666666,9.214285714285715,4,6,Small
15.3,15,3,93,Amit Mishra,Bowlers,Karun Nair,Batters,2,False,-1.0,22,Delhi,Arun Jaitley Stadium,Small,True,False,92,15,15.333333333333334,103,6.717391304347826,20,144,41,4.666666666666666,8.785714285714286,4,6,Small
15.3,15,3,94,Amit Mishra,Bowlers,David Miller,Batters,6,False,-3.0,22,Delhi,Arun Jaitley Stadium,Small,False,True,93,15,15.5,109,7.032258064516129,20,144,35,4.5,7.777777777777778,4,6,Small
15.4,15,4,95,Amit Mishra,Bowlers,David Miller,Batters,1,False,-1.0,22,Delhi,Arun Jaitley Stadium,Small,True,False,93,15,15.5,110,7.096774193548387,20,144,34,4.5,7.555555555555555,4,6,Small
15.4,15,4,96,Amit Mishra,Bowlers,David Miller,Batters,1,False,-0.5,22,Delhi,Arun Jaitley Stadium,Small,False,True,94,15,15.666666666666666,111,7.085106382978724,20,144,33,4.333333333333334,7.615384615384614,4,6,Small
15.5,15,5,97,Amit Mishra,Bowlers,Karun Nair,Batters,4,False,-2.0,22,Delhi,Arun Jaitley Stadium,Small,False,True,95,15,15.833333333333334,115,7.263157894736842,20,144,29,4.166666666666666,6.960000000000001,4,6,Small
15.6,15,6,98,Amit Mishra,Bowlers,Karun Nair,Batters,1,False,-0.5,22,Delhi,Arun Jaitley Stadium,Small,False,True,96,15,16.0,116,7.25,20,144,28,4.0,7.0,4,6,Small
16.1,16,1,99,Liam Plunkett,Bowlers,Karun Nair,Batters,0,True,5.0,22,Delhi,Arun Jaitley Stadium,Small,False,True,97,16,16.166666666666668,116,7.175257731958762,20,144,28,3.833333333333332,7.304347826086959,5,5,Small
16.2,16,2,100,Liam Plunkett,Bowlers,David Miller,Batters,1,False,-0.5,22,Delhi,Arun Jaitley Stadium,Small,False,True,98,16,16.333333333333332,117,7.163265306122449,20,144,27,3.666666666666668,7.3636363636363615,5,5,Small
16.3,16,3,101,Liam Plunkett,Bowlers,Ravichandran Ashwin,All-Rounders,1,False,-0.5,22,Delhi,Arun Jaitley Stadium,Small,False,True,99,16,16.5,118,7.151515151515151,20,144,26,3.5,7.428571428571429,5,5,Small
16.4,16,4,102,Liam Plunkett,Bowlers,David Miller,Batters,1,False,-0.25,22,Delhi,Arun Jaitley Stadium,Small,False,True,100,16,16.666666666666668,119,7.14,20,144,25,3.333333333333332,7.500000000000003,5,5,Small
16.5,16,5,103,Liam Plunkett,Bowlers,Ravichandran Ashwin,All-Rounders,1,False,-0.5,22,Delhi,Arun Jaitley Stadium,Small,False,True,101,16,16.833333333333332,120,7.128712871287129,20,144,24,3.166666666666668,7.5789473684210495,5,5,Small
16.6,16,6,104,Liam Plunkett,Bowlers,David Miller,Batters,1,False,-0.5,22,Delhi,Arun Jaitley Stadium,Small,False,True,102,16,17.0,121,7.117647058823529,20,144,23,3.0,7.666666666666667,5,5,Small
17.1,17,1,105,Dan Christian,All-Rounders,David Miller,Batters,4,False,-2.0,22,Delhi,Arun Jaitley Stadium,Small,False,True,103,17,17.166666666666668,125,7.281553398058252,20,144,19,2.833333333333332,6.705882352941179,5,5,Small
17.2,17,2,106,Dan Christian,All-Rounders,David Miller,Batters,2,False,-1.0,22,Delhi,Arun Jaitley Stadium,Small,False,True,104,17,17.333333333333332,127,7.326923076923077,20,144,17,2.666666666666668,6.374999999999997,5,5,Small
17.3,17,3,107,Dan Christian,All-Rounders,David Miller,Batters,0,True,5.0,22,Delhi,Arun Jaitley Stadium,Small,False,True,105,17,17.5,127,7.257142857142857,20,144,17,2.5,6.8,6,4,Small
17.4,17,4,108,Dan Christian,All-Rounders,Andrew Tye,Bowlers,4,False,-0.25,22,Delhi,Arun Jaitley Stadium,Small,False,True,106,17,17.666666666666668,131,7.415094339622641,20,144,13,2.333333333333332,5.571428571428574,6,4,Small
17.5,17,5,109,Dan Christian,All-Rounders,Andrew Tye,Bowlers,1,False,-0.25,22,Delhi,Arun Jaitley Stadium,Small,False,True,107,17,17.833333333333332,132,7.4018691588785055,20,144,12,2.166666666666668,5.538461538461536,6,4,Small
17.6,17,6,110,Dan Christian,All-Rounders,Ravichandran Ashwin,All-Rounders,1,False,-0.5,22,Delhi,Arun Jaitley Stadium,Small,False,True,108,17,18.0,133,7.388888888888889,20,144,11,2.0,5.5,6,4,Small
18.1,18,1,111,Liam Plunkett,Bowlers,Ravichandran Ashwin,All-Rounders,1,False,-0.5,22,Delhi,Arun Jaitley Stadium,Small,False,True,109,18,18.166666666666668,134,7.376146788990825,20,144,10,1.833333333333332,5.454545454545458,6,4,Small
18.2,18,2,112,Liam Plunkett,Bowlers,Andrew Tye,Bowlers,0,False,1.0,22,Delhi,Arun Jaitley Stadium,Small,False,True,110,18,18.33333333333333,134,7.309090909090909,20,144,10,1.666666666666668,5.999999999999996,6,4,Small
18.3,18,3,113,Liam Plunkett,Bowlers,Andrew Tye,Bowlers,1,False,-0.5,22,Delhi,Arun Jaitley Stadium,Small,False,True,111,18,18.5,135,7.297297297297297,20,144,9,1.5,6.0,6,4,Small
18.4,18,4,114,Liam Plunkett,Bowlers,Ravichandran Ashwin,All-Rounders,1,False,-1.0,22,Delhi,Arun Jaitley Stadium,Small,True,False,111,18,18.5,136,7.351351351351352,20,144,8,1.5,5.333333333333333,6,4,Small
18.4,18,4,115,Liam Plunkett,Bowlers,Ravichandran Ashwin,All-Rounders,2,False,-1.0,22,Delhi,Arun Jaitley Stadium,Small,False,True,112,18,18.666666666666668,138,7.392857142857142,20,144,6,1.333333333333332,4.500000000000004,6,4,Small
18.5,18,5,116,Liam Plunkett,Bowlers,Ravichandran Ashwin,All-Rounders,1,False,-0.25,22,Delhi,Arun Jaitley Stadium,Small,False,True,113,18,18.83333333333333,139,7.380530973451328,20,144,5,1.166666666666668,4.285714285714281,6,4,Small
18.6,18,6,117,Liam Plunkett,Bowlers,Andrew Tye,Bowlers,0,False,1.0,22,Delhi,Arun Jaitley Stadium,Small,False,True,114,18,19.0,139,7.315789473684211,20,144,5,1.0,5.0,6,4,Small
19.1,19,1,118,Trent Boult,Bowlers,Ravichandran Ashwin,All-Rounders,1,False,-1.0,22,Delhi,Arun Jaitley Stadium,Small,True,False,114,18,19.0,140,7.368421052631579,20,144,4,1.0,4.0,6,4,Small
19.1,19,1,119,Trent Boult,Bowlers,Ravichandran Ashwin,All-Rounders,0,True,5.0,22,Delhi,Arun Jaitley Stadium,Small,False,True,115,19,19.166666666666668,140,7.304347826086956,20,144,4,0.8333333333333321,4.800000000000007,7,3,Small
19.2,19,2,120,Trent Boult,Bowlers,Barinder Sran,Bowlers,1,False,-0.25,22,Delhi,Arun Jaitley Stadium,Small,False,True,116,19,19.33333333333333,141,7.293103448275862,20,144,3,0.6666666666666679,4.499999999999992,7,3,Small
19.3,19,3,121,Trent Boult,Bowlers,Andrew Tye,Bowlers,0,False,1.0,22,Delhi,Arun Jaitley Stadium,Small,False,True,117,19,19.5,141,7.230769230769231,20,144,3,0.5,6.0,7,3,Small
19.4,19,4,122,Trent Boult,Bowlers,Andrew Tye,Bowlers,2,False,-1.0,22,Delhi,Arun Jaitley Stadium,Small,False,True,118,19,19.666666666666668,143,7.271186440677965,20,144,1,0.3333333333333321,3.0000000000000107,7,3,Small
19.5,19,5,123,Trent Boult,Bowlers,Andrew Tye,Bowlers,0,False,1.0,22,Delhi,Arun Jaitley Stadium,Small,False,True,119,19,19.83333333333333,143,7.210084033613445,20,144,1,0.1666666666666678,5.999999999999957,7,3,Small
19.6,19,6,124,Trent Boult,Bowlers,Andrew Tye,Bowlers,0,True,5.0,22,Delhi,Arun Jaitley Stadium,Small,False,True,120,19,20.0,143,7.15,20,144,1,0.0,inf,8,2,Small
