Ball Number,over,ball,Ball,bowler,bowler_role,batsman,batsman_role,Runs,is_wicket,bowler_score,match_id,city,stadium,Stadium_Type,is_extra,legal_delivery,legal_deliveries_count,overs_completed,overs_bowled,total_runs,current_run_rate,total_overs,target,runs_needed,overs_remaining,required_run_rate,wickets_fallen,wickets_in_hand,Ground_Type
0.1,0,1,1,Jasprit Bumrah,Bowlers,Shikhar Dhawan,Batters,0,False,1.0,23,Mumbai,Wankhede Stadium,Medium,False,True,1,0,0.1666666666666666,0,0.0,20,119,119,19.83333333333333,6.0,0,10,Medium
0.2,0,2,2,Jasprit Bumrah,Bowlers,Shikhar Dhawan,Batters,1,False,-0.5,23,Mumbai,Wankhede Stadium,Medium,False,True,2,0,0.3333333333333333,1,3.0,20,119,118,19.666666666666668,6.0,0,10,Medium
0.3,0,3,3,Jasprit Bumrah,Bowlers,Kane Williamson,Batters,4,False,-2.0,23,Mumbai,Wankhede Stadium,Medium,False,True,3,0,0.5,5,10.0,20,119,114,19.5,5.846153846153846,0,10,Medium
0.4,0,4,4,Jasprit Bumrah,Bowlers,Kane Williamson,Batters,4,False,-2.0,23,Mumbai,Wankhede Stadium,Medium,False,True,4,0,0.6666666666666666,9,13.5,20,119,110,19.33333333333333,5.689655172413794,0,10,Medium
0.5,0,5,5,Jasprit Bumrah,Bowlers,Kane Williamson,Batters,1,False,-0.5,23,Mumbai,Wankhede Stadium,Medium,False,True,5,0,0.8333333333333334,10,12.0,20,119,109,19.166666666666668,5.6869565217391305,0,10,Medium
0.6,0,6,6,Jasprit Bumrah,Bowlers,Shikhar Dhawan,Batters,0,False,1.0,23,Mumbai,Wankhede Stadium,Medium,False,True,6,0,1.0,10,10.0,20,119,109,19.0,5.7368421052631575,0,10,Medium
1.1,1,1,7,Mitchell McClenaghan,Bowlers,Kane Williamson,Batters,1,False,-0.5,23,Mumbai,Wankhede Stadium,Medium,False,True,7,1,1.1666666666666667,11,9.428571428571429,20,119,108,18.83333333333333,5.734513274336283,0,10,Medium
1.2,1,2,8,Mitchell McClenaghan,Bowlers,Shikhar Dhawan,Batters,5,False,-1.0,23,Mumbai,Wankhede Stadium,Medium,True,False,7,1,1.1666666666666667,16,13.714285714285714,20,119,103,18.83333333333333,5.469026548672566,0,10,Medium
1.2,1,2,9,Mitchell McClenaghan,Bowlers,Shikhar Dhawan,Batters,4,False,-2.0,23,Mumbai,Wankhede Stadium,Medium,False,True,8,1,1.3333333333333333,20,15.0,20,119,99,18.666666666666668,5.303571428571428,0,10,Medium
1.3,1,3,10,Mitchell McClenaghan,Bowlers,Shikhar Dhawan,Batters,0,False,1.0,23,Mumbai,Wankhede Stadium,Medium,False,True,9,1,1.5,20,13.333333333333334,20,119,99,18.5,5.351351351351352,0,10,Medium
1.4,1,4,11,Mitchell McClenaghan,Bowlers,Shikhar Dhawan,Batters,0,True,5.0,23,Mumbai,Wankhede Stadium,Medium,False,True,10,1,1.6666666666666663,20,12.000000000000002,20,119,99,18.33333333333333,5.4,1,9,Medium
1.5,1,5,12,Mitchell McClenaghan,Bowlers,Wriddhiman Saha,Batters,0,False,1.0,23,Mumbai,Wankhede Stadium,Medium,False,True,11,1,1.8333333333333333,20,10.909090909090908,20,119,99,18.166666666666668,5.4495412844036695,1,9,Medium
1.6,1,6,13,Mitchell McClenaghan,Bowlers,Wriddhiman Saha,Batters,0,True,5.0,23,Mumbai,Wankhede Stadium,Medium,False,True,12,1,2.0,20,10.0,20,119,99,18.0,5.5,2,8,Medium
2.1,2,1,14,Jasprit Bumrah,Bowlers,Kane Williamson,Batters,0,False,1.0,23,Mumbai,Wankhede Stadium,Medium,False,True,13,2,2.1666666666666665,20,9.230769230769232,20,119,99,17.833333333333332,5.551401869158879,2,8,Medium
2.2,2,2,15,Jasprit Bumrah,Bowlers,Kane Williamson,Batters,1,False,-0.5,23,Mumbai,Wankhede Stadium,Medium,False,True,14,2,2.333333333333333,21,9.0,20,119,98,17.666666666666668,5.547169811320754,2,8,Medium
2.3,2,3,16,Jasprit Bumrah,Bowlers,Manish Pandey,Batters,4,False,-2.0,23,Mumbai,Wankhede Stadium,Medium,False,True,15,2,2.5,25,10.0,20,119,94,17.5,5.371428571428571,2,8,Medium
2.4,2,4,17,Jasprit Bumrah,Bowlers,Manish Pandey,Batters,1,False,-0.5,23,Mumbai,Wankhede Stadium,Medium,False,True,16,2,2.6666666666666665,26,9.75,20,119,93,17.333333333333332,5.365384615384616,2,8,Medium
2.5,2,5,18,Jasprit Bumrah,Bowlers,Kane Williamson,Batters,1,False,-0.5,23,Mumbai,Wankhede Stadium,Medium,False,True,17,2,2.833333333333333,27,9.529411764705882,20,119,92,17.166666666666668,5.359223300970873,2,8,Medium
2.6,2,6,19,Jasprit Bumrah,Bowlers,Manish Pandey,Batters,1,False,-0.5,23,Mumbai,Wankhede Stadium,Medium,False,True,18,2,3.0,28,9.333333333333334,20,119,91,17.0,5.352941176470588,2,8,Medium
3.1,3,1,20,Mitchell McClenaghan,Bowlers,Manish Pandey,Batters,0,False,1.0,23,Mumbai,Wankhede Stadium,Medium,False,True,19,3,3.1666666666666665,28,8.842105263157896,20,119,91,16.833333333333332,5.405940594059406,2,8,Medium
3.2,3,2,21,Mitchell McClenaghan,Bowlers,Manish Pandey,Batters,4,False,-2.0,23,Mumbai,Wankhede Stadium,Medium,False,True,20,3,3.333333333333333,32,9.6,20,119,87,16.666666666666668,5.22,2,8,Medium
3.3,3,3,22,Mitchell McClenaghan,Bowlers,Manish Pandey,Batters,0,False,1.0,23,Mumbai,Wankhede Stadium,Medium,False,True,21,3,3.5,32,9.142857142857142,20,119,87,16.5,5.2727272727272725,2,8,Medium
3.4,3,4,23,Mitchell McClenaghan,Bowlers,Manish Pandey,Batters,0,False,1.0,23,Mumbai,Wankhede Stadium,Medium,False,True,22,3,3.6666666666666665,32,8.727272727272728,20,119,87,16.333333333333332,5.326530612244898,2,8,Medium
3.5,3,5,24,Mitchell McClenaghan,Bowlers,Manish Pandey,Batters,2,False,-1.0,23,Mumbai,Wankhede Stadium,Medium,False,True,23,3,3.8333333333333335,34,8.869565217391305,20,119,85,16.166666666666668,5.257731958762887,2,8,Medium
3.6,3,6,25,Mitchell McClenaghan,Bowlers,Manish Pandey,Batters,4,False,-2.0,23,Mumbai,Wankhede Stadium,Medium,False,True,24,3,4.0,38,9.5,20,119,81,16.0,5.0625,2,8,Medium
4.1,4,1,26,Hardik Pandya,All-Rounders,Kane Williamson,Batters,4,False,-2.0,23,Mumbai,Wankhede Stadium,Medium,False,True,25,4,4.166666666666667,42,10.08,20,119,77,15.833333333333332,4.863157894736842,2,8,Medium
4.2,4,2,27,Hardik Pandya,All-Rounders,Kane Williamson,Batters,1,False,-1.0,23,Mumbai,Wankhede Stadium,Medium,True,False,25,4,4.166666666666667,43,10.32,20,119,76,15.833333333333332,4.800000000000001,2,8,Medium
4.2,4,2,28,Hardik Pandya,All-Rounders,Kane Williamson,Batters,1,False,-0.5,23,Mumbai,Wankhede Stadium,Medium,False,True,26,4,4.333333333333333,44,10.153846153846157,20,119,75,15.666666666666668,4.787234042553191,2,8,Medium
4.3,4,3,29,Hardik Pandya,All-Rounders,Manish Pandey,Batters,0,False,1.0,23,Mumbai,Wankhede Stadium,Medium,False,True,27,4,4.5,44,9.77777777777778,20,119,75,15.5,4.838709677419355,2,8,Medium
4.4,4,4,30,Hardik Pandya,All-Rounders,Manish Pandey,Batters,0,True,5.0,23,Mumbai,Wankhede Stadium,Medium,False,True,28,4,4.666666666666667,44,9.428571428571429,20,119,75,15.333333333333332,4.891304347826087,3,7,Medium
4.5,4,5,31,Hardik Pandya,All-Rounders,Shakib Al Hasan,All-Rounders,0,False,1.0,23,Mumbai,Wankhede Stadium,Medium,False,True,29,4,4.833333333333333,44,9.10344827586207,20,119,75,15.166666666666668,4.945054945054944,3,7,Medium
4.6,4,6,32,Hardik Pandya,All-Rounders,Shakib Al Hasan,All-Rounders,1,False,-0.5,23,Mumbai,Wankhede Stadium,Medium,False,True,30,4,5.0,45,9.0,20,119,74,15.0,4.933333333333334,3,7,Medium
5.1,5,1,33,Mitchell McClenaghan,Bowlers,Shakib Al Hasan,All-Rounders,0,False,1.0,23,Mumbai,Wankhede Stadium,Medium,False,True,31,5,5.166666666666667,45,8.709677419354838,20,119,74,14.833333333333332,4.988764044943821,3,7,Medium
5.2,5,2,34,Mitchell McClenaghan,Bowlers,Shakib Al Hasan,All-Rounders,1,False,-0.5,23,Mumbai,Wankhede Stadium,Medium,False,True,32,5,5.333333333333333,46,8.625,20,119,73,14.666666666666668,4.977272727272727,3,7,Medium
5.3,5,3,35,Mitchell McClenaghan,Bowlers,Kane Williamson,Batters,0,True,5.0,23,Mumbai,Wankhede Stadium,Medium,False,True,33,5,5.5,46,8.363636363636363,20,119,73,14.5,5.0344827586206895,4,6,Medium
5.4,5,4,36,Mitchell McClenaghan,Bowlers,Kane Williamson,Batters,1,False,-0.5,23,Mumbai,Wankhede Stadium,Medium,False,True,34,5,5.666666666666667,47,8.294117647058822,20,119,72,14.333333333333332,5.023255813953488,4,6,Medium
5.5,5,5,37,Mitchell McClenaghan,Bowlers,Yusuf Pathan,All-Rounders,0,False,1.0,23,Mumbai,Wankhede Stadium,Medium,False,True,35,5,5.833333333333333,47,8.057142857142857,20,119,72,14.166666666666668,5.08235294117647,4,6,Medium
5.6,5,6,38,Mitchell McClenaghan,Bowlers,Yusuf Pathan,All-Rounders,4,False,-0.25,23,Mumbai,Wankhede Stadium,Medium,False,True,36,5,6.0,51,8.5,20,119,68,14.0,4.857142857142857,4,6,Medium
6.1,6,1,39,Hardik Pandya,All-Rounders,Kane Williamson,Batters,0,False,1.0,23,Mumbai,Wankhede Stadium,Medium,False,True,37,6,6.166666666666667,51,8.27027027027027,20,119,68,13.833333333333332,4.91566265060241,4,6,Medium
6.2,6,2,40,Hardik Pandya,All-Rounders,Kane Williamson,Batters,4,False,-2.0,23,Mumbai,Wankhede Stadium,Medium,False,True,38,6,6.333333333333333,55,8.68421052631579,20,119,64,13.666666666666668,4.682926829268292,4,6,Medium
6.3,6,3,41,Hardik Pandya,All-Rounders,Kane Williamson,Batters,0,False,1.0,23,Mumbai,Wankhede Stadium,Medium,False,True,39,6,6.5,55,8.461538461538462,20,119,64,13.5,4.7407407407407405,4,6,Medium
6.4,6,4,42,Hardik Pandya,All-Rounders,Kane Williamson,Batters,0,False,1.0,23,Mumbai,Wankhede Stadium,Medium,False,True,40,6,6.666666666666667,55,8.25,20,119,64,13.333333333333332,4.800000000000001,4,6,Medium
6.5,6,5,43,Hardik Pandya,All-Rounders,Kane Williamson,Batters,1,False,-0.5,23,Mumbai,Wankhede Stadium,Medium,False,True,41,6,6.833333333333333,56,8.195121951219512,20,119,63,13.166666666666668,4.784810126582278,4,6,Medium
6.6,6,6,44,Hardik Pandya,All-Rounders,Yusuf Pathan,All-Rounders,0,False,1.0,23,Mumbai,Wankhede Stadium,Medium,False,True,42,6,7.0,56,8.0,20,119,63,13.0,4.846153846153846,4,6,Medium
7.1,7,1,45,Mustafizur Rahman,Bowlers,Kane Williamson,Batters,4,False,-2.0,23,Mumbai,Wankhede Stadium,Medium,False,True,43,7,7.166666666666667,60,8.372093023255813,20,119,59,12.833333333333332,4.597402597402598,4,6,Medium
7.2,7,2,46,Mustafizur Rahman,Bowlers,Kane Williamson,Batters,0,False,1.0,23,Mumbai,Wankhede Stadium,Medium,False,True,44,7,7.333333333333333,60,8.181818181818182,20,119,59,12.666666666666668,4.657894736842104,4,6,Medium
7.3,7,3,47,Mustafizur Rahman,Bowlers,Kane Williamson,Batters,1,False,-0.5,23,Mumbai,Wankhede Stadium,Medium,False,True,45,7,7.5,61,8.133333333333333,20,119,58,12.5,4.64,4,6,Medium
7.4,7,4,48,Mustafizur Rahman,Bowlers,Yusuf Pathan,All-Rounders,0,False,1.0,23,Mumbai,Wankhede Stadium,Medium,False,True,46,7,7.666666666666667,61,7.956521739130435,20,119,58,12.333333333333332,4.702702702702704,4,6,Medium
7.5,7,5,49,Mustafizur Rahman,Bowlers,Yusuf Pathan,All-Rounders,1,False,-0.5,23,Mumbai,Wankhede Stadium,Medium,False,True,47,7,7.833333333333333,62,7.914893617021277,20,119,57,12.166666666666668,4.684931506849314,4,6,Medium
7.6,7,6,50,Mustafizur Rahman,Bowlers,Kane Williamson,Batters,1,False,-0.5,23,Mumbai,Wankhede Stadium,Medium,False,True,48,7,8.0,63,7.875,20,119,56,12.0,4.666666666666667,4,6,Medium
8.1,8,1,51,Hardik Pandya,All-Rounders,Kane Williamson,Batters,0,True,5.0,23,Mumbai,Wankhede Stadium,Medium,False,True,49,8,8.166666666666666,63,7.714285714285714,20,119,56,11.833333333333334,4.732394366197183,5,5,Medium
8.2,8,2,52,Hardik Pandya,All-Rounders,Mohammad Nabi,All-Rounders,1,False,-0.5,23,Mumbai,Wankhede Stadium,Medium,False,True,50,8,8.333333333333334,64,7.68,20,119,55,11.666666666666666,4.714285714285714,5,5,Medium
8.3,8,3,53,Hardik Pandya,All-Rounders,Yusuf Pathan,All-Rounders,1,False,-0.5,23,Mumbai,Wankhede Stadium,Medium,False,True,51,8,8.5,65,7.647058823529412,20,119,54,11.5,4.695652173913044,5,5,Medium
8.4,8,4,54,Hardik Pandya,All-Rounders,Mohammad Nabi,All-Rounders,4,False,-2.0,23,Mumbai,Wankhede Stadium,Medium,False,True,52,8,8.666666666666666,69,7.961538461538462,20,119,50,11.333333333333334,4.411764705882352,5,5,Medium
8.5,8,5,55,Hardik Pandya,All-Rounders,Mohammad Nabi,All-Rounders,1,False,-0.5,23,Mumbai,Wankhede Stadium,Medium,False,True,53,8,8.833333333333334,70,7.924528301886792,20,119,49,11.166666666666666,4.388059701492538,5,5,Medium
8.6,8,6,56,Hardik Pandya,All-Rounders,Yusuf Pathan,All-Rounders,1,False,-1.0,23,Mumbai,Wankhede Stadium,Medium,True,False,53,8,8.833333333333334,71,8.037735849056602,20,119,48,11.166666666666666,4.298507462686567,5,5,Medium
8.6,8,6,57,Hardik Pandya,All-Rounders,Yusuf Pathan,All-Rounders,0,False,1.0,23,Mumbai,Wankhede Stadium,Medium,False,True,54,8,9.0,71,7.888888888888889,20,119,48,11.0,4.363636363636363,5,5,Medium
9.1,9,1,58,Mayank Markande,Bowlers,Mohammad Nabi,All-Rounders,4,False,-2.0,23,Mumbai,Wankhede Stadium,Medium,False,True,55,9,9.166666666666666,75,8.181818181818182,20,119,44,10.833333333333334,4.061538461538461,5,5,Medium
9.2,9,2,59,Mayank Markande,Bowlers,Mohammad Nabi,All-Rounders,1,False,-0.5,23,Mumbai,Wankhede Stadium,Medium,False,True,56,9,9.333333333333334,76,8.142857142857142,20,119,43,10.666666666666666,4.03125,5,5,Medium
9.3,9,3,60,Mayank Markande,Bowlers,Yusuf Pathan,All-Rounders,4,False,-2.0,23,Mumbai,Wankhede Stadium,Medium,False,True,57,9,9.5,80,8.421052631578947,20,119,39,10.5,3.7142857142857135,5,5,Medium
9.4,9,4,61,Mayank Markande,Bowlers,Yusuf Pathan,All-Rounders,1,False,-0.5,23,Mumbai,Wankhede Stadium,Medium,False,True,58,9,9.666666666666666,81,8.379310344827587,20,119,38,10.333333333333334,3.6774193548387095,5,5,Medium
9.5,9,5,62,Mayank Markande,Bowlers,Mohammad Nabi,All-Rounders,1,False,-0.5,23,Mumbai,Wankhede Stadium,Medium,False,True,59,9,9.833333333333334,82,8.338983050847457,20,119,37,10.166666666666666,3.639344262295082,5,5,Medium
9.6,9,6,63,Mayank Markande,Bowlers,Yusuf Pathan,All-Rounders,0,False,1.0,23,Mumbai,Wankhede Stadium,Medium,False,True,60,9,10.0,82,8.2,20,119,37,10.0,3.7,5,5,Medium
10.1,10,1,64,Krunal Pandya,All-Rounders,Mohammad Nabi,All-Rounders,1,False,-0.5,23,Mumbai,Wankhede Stadium,Medium,False,True,61,10,10.166666666666666,83,8.163934426229508,20,119,36,9.833333333333334,3.661016949152542,5,5,Medium
10.2,10,2,65,Krunal Pandya,All-Rounders,Yusuf Pathan,All-Rounders,1,False,-0.5,23,Mumbai,Wankhede Stadium,Medium,False,True,62,10,10.333333333333334,84,8.129032258064516,20,119,35,9.666666666666666,3.620689655172414,5,5,Medium
10.3,10,3,66,Krunal Pandya,All-Rounders,Mohammad Nabi,All-Rounders,0,False,1.0,23,Mumbai,Wankhede Stadium,Medium,False,True,63,10,10.5,84,8.0,20,119,35,9.5,3.684210526315789,5,5,Medium
10.4,10,4,67,Krunal Pandya,All-Rounders,Mohammad Nabi,All-Rounders,1,False,-0.5,23,Mumbai,Wankhede Stadium,Medium,False,True,64,10,10.666666666666666,85,7.96875,20,119,34,9.333333333333334,3.642857142857143,5,5,Medium
10.5,10,5,68,Krunal Pandya,All-Rounders,Yusuf Pathan,All-Rounders,0,False,1.0,23,Mumbai,Wankhede Stadium,Medium,False,True,65,10,10.833333333333334,85,7.846153846153846,20,119,34,9.166666666666666,3.709090909090909,5,5,Medium
10.6,10,6,69,Krunal Pandya,All-Rounders,Yusuf Pathan,All-Rounders,0,False,1.0,23,Mumbai,Wankhede Stadium,Medium,False,True,66,10,11.0,85,7.727272727272727,20,119,34,9.0,3.7777777777777777,5,5,Medium
11.1,11,1,70,Mayank Markande,Bowlers,Mohammad Nabi,All-Rounders,0,True,5.0,23,Mumbai,Wankhede Stadium,Medium,False,True,67,11,11.166666666666666,85,7.611940298507463,20,119,34,8.833333333333334,3.849056603773585,6,4,Medium
11.2,11,2,71,Mayank Markande,Bowlers,Rashid Khan,All-Rounders,0,False,1.0,23,Mumbai,Wankhede Stadium,Medium,False,True,68,11,11.333333333333334,85,7.5,20,119,34,8.666666666666666,3.9230769230769234,6,4,Medium
11.3,11,3,72,Mayank Markande,Bowlers,Rashid Khan,All-Rounders,0,False,1.0,23,Mumbai,Wankhede Stadium,Medium,False,True,69,11,11.5,85,7.391304347826087,20,119,34,8.5,4.0,6,4,Medium
11.4,11,4,73,Mayank Markande,Bowlers,Rashid Khan,All-Rounders,0,False,1.0,23,Mumbai,Wankhede Stadium,Medium,False,True,70,11,11.666666666666666,85,7.2857142857142865,20,119,34,8.333333333333334,4.08,6,4,Medium
11.5,11,5,74,Mayank Markande,Bowlers,Rashid Khan,All-Rounders,1,False,-0.5,23,Mumbai,Wankhede Stadium,Medium,False,True,71,11,11.833333333333334,86,7.267605633802816,20,119,33,8.166666666666666,4.040816326530613,6,4,Medium
11.6,11,6,75,Mayank Markande,Bowlers,Yusuf Pathan,All-Rounders,1,False,-0.5,23,Mumbai,Wankhede Stadium,Medium,False,True,72,11,12.0,87,7.25,20,119,32,8.0,4.0,6,4,Medium
12.1,12,1,76,Krunal Pandya,All-Rounders,Yusuf Pathan,All-Rounders,1,False,-0.5,23,Mumbai,Wankhede Stadium,Medium,False,True,73,12,12.166666666666666,88,7.232876712328768,20,119,31,7.833333333333334,3.957446808510638,6,4,Medium
12.1,12,1,77,Krunal Pandya,All-Rounders,Yusuf Pathan,All-Rounders,1,False,-1.0,23,Mumbai,Wankhede Stadium,Medium,True,False,73,12,12.166666666666666,89,7.315068493150685,20,119,30,7.833333333333334,3.829787234042553,6,4,Medium
12.2,12,2,78,Krunal Pandya,All-Rounders,Rashid Khan,All-Rounders,2,False,-1.0,23,Mumbai,Wankhede Stadium,Medium,False,True,74,12,12.333333333333334,91,7.378378378378378,20,119,28,7.666666666666666,3.65217391304348,6,4,Medium
12.3,12,3,79,Krunal Pandya,All-Rounders,Rashid Khan,All-Rounders,1,False,-0.5,23,Mumbai,Wankhede Stadium,Medium,False,True,75,12,12.5,92,7.36,20,119,27,7.5,3.6,6,4,Medium
12.4,12,4,80,Krunal Pandya,All-Rounders,Yusuf Pathan,All-Rounders,4,False,-2.0,23,Mumbai,Wankhede Stadium,Medium,False,True,76,12,12.666666666666666,96,7.578947368421053,20,119,23,7.333333333333334,3.136363636363636,6,4,Medium
12.5,12,5,81,Krunal Pandya,All-Rounders,Yusuf Pathan,All-Rounders,1,False,-0.5,23,Mumbai,Wankhede Stadium,Medium,False,True,77,12,12.833333333333334,97,7.558441558441558,20,119,22,7.166666666666666,3.069767441860465,6,4,Medium
12.6,12,6,82,Krunal Pandya,All-Rounders,Rashid Khan,All-Rounders,1,False,-0.5,23,Mumbai,Wankhede Stadium,Medium,False,True,78,12,13.0,98,7.538461538461538,20,119,21,7.0,3.0,6,4,Medium
13.1,13,1,83,Jasprit Bumrah,Bowlers,Rashid Khan,All-Rounders,1,False,-0.5,23,Mumbai,Wankhede Stadium,Medium,False,True,79,13,13.166666666666666,99,7.518987341772152,20,119,20,6.833333333333334,2.926829268292683,6,4,Medium
13.2,13,2,84,Jasprit Bumrah,Bowlers,Yusuf Pathan,All-Rounders,1,False,-0.5,23,Mumbai,Wankhede Stadium,Medium,False,True,80,13,13.333333333333334,100,7.5,20,119,19,6.666666666666666,2.85,6,4,Medium
13.3,13,3,85,Jasprit Bumrah,Bowlers,Rashid Khan,All-Rounders,0,True,5.0,23,Mumbai,Wankhede Stadium,Medium,False,True,81,13,13.5,100,7.407407407407407,20,119,19,6.5,2.923076923076923,7,3,Medium
13.4,13,4,86,Jasprit Bumrah,Bowlers,Basil Thampi,Bowlers,1,False,-0.5,23,Mumbai,Wankhede Stadium,Medium,False,True,82,13,13.666666666666666,101,7.390243902439025,20,119,18,6.333333333333334,2.8421052631578947,7,3,Medium
13.5,13,5,87,Jasprit Bumrah,Bowlers,Yusuf Pathan,All-Rounders,1,False,-0.5,23,Mumbai,Wankhede Stadium,Medium,False,True,83,13,13.833333333333334,102,7.373493975903614,20,119,17,6.166666666666666,2.756756756756757,7,3,Medium
13.6,13,6,88,Jasprit Bumrah,Bowlers,Basil Thampi,Bowlers,0,False,1.0,23,Mumbai,Wankhede Stadium,Medium,False,True,84,13,14.0,102,7.285714285714286,20,119,17,6.0,2.833333333333333,7,3,Medium
14.1,14,1,89,Mustafizur Rahman,Bowlers,Yusuf Pathan,All-Rounders,1,False,-0.5,23,Mumbai,Wankhede Stadium,Medium,False,True,85,14,14.166666666666666,103,7.270588235294118,20,119,16,5.833333333333334,2.7428571428571424,7,3,Medium
14.2,14,2,90,Mustafizur Rahman,Bowlers,Basil Thampi,Bowlers,1,False,-0.5,23,Mumbai,Wankhede Stadium,Medium,False,True,86,14,14.333333333333334,104,7.255813953488372,20,119,15,5.666666666666666,2.647058823529412,7,3,Medium
14.3,14,3,91,Mustafizur Rahman,Bowlers,Yusuf Pathan,All-Rounders,1,False,-0.5,23,Mumbai,Wankhede Stadium,Medium,False,True,87,14,14.5,105,7.241379310344827,20,119,14,5.5,2.5454545454545454,7,3,Medium
14.4,14,4,92,Mustafizur Rahman,Bowlers,Basil Thampi,Bowlers,0,False,1.0,23,Mumbai,Wankhede Stadium,Medium,False,True,88,14,14.666666666666666,105,7.159090909090909,20,119,14,5.333333333333334,2.625,7,3,Medium
14.5,14,5,93,Mustafizur Rahman,Bowlers,Basil Thampi,Bowlers,1,False,-0.5,23,Mumbai,Wankhede Stadium,Medium,False,True,89,14,14.833333333333334,106,7.146067415730337,20,119,13,5.166666666666666,2.516129032258065,7,3,Medium
14.6,14,6,94,Mustafizur Rahman,Bowlers,Yusuf Pathan,All-Rounders,0,False,1.0,23,Mumbai,Wankhede Stadium,Medium,False,True,90,14,15.0,106,7.066666666666666,20,119,13,5.0,2.6,7,3,Medium
15.1,15,1,95,Mayank Markande,Bowlers,Basil Thampi,Bowlers,0,True,5.0,23,Mumbai,Wankhede Stadium,Medium,False,True,91,15,15.166666666666666,106,6.989010989010989,20,119,13,4.833333333333334,2.6896551724137927,8,2,Medium
15.2,15,2,96,Mayank Markande,Bowlers,Siddarth Kaul,Bowlers,0,False,1.0,23,Mumbai,Wankhede Stadium,Medium,False,True,92,15,15.333333333333334,106,6.913043478260869,20,119,13,4.666666666666666,2.785714285714286,8,2,Medium
15.3,15,3,97,Mayank Markande,Bowlers,Siddarth Kaul,Bowlers,2,False,-1.0,23,Mumbai,Wankhede Stadium,Medium,False,True,93,15,15.5,108,6.967741935483871,20,119,11,4.5,2.4444444444444446,8,2,Medium
15.4,15,4,98,Mayank Markande,Bowlers,Siddarth Kaul,Bowlers,0,False,1.0,23,Mumbai,Wankhede Stadium,Medium,False,True,94,15,15.666666666666666,108,6.893617021276596,20,119,11,4.333333333333334,2.5384615384615383,8,2,Medium
15.5,15,5,99,Mayank Markande,Bowlers,Siddarth Kaul,Bowlers,0,False,1.0,23,Mumbai,Wankhede Stadium,Medium,False,True,95,15,15.833333333333334,108,6.821052631578947,20,119,11,4.166666666666666,2.640000000000001,8,2,Medium
15.6,15,6,100,Mayank Markande,Bowlers,Siddarth Kaul,Bowlers,0,False,1.0,23,Mumbai,Wankhede Stadium,Medium,False,True,96,15,16.0,108,6.75,20,119,11,4.0,2.75,8,2,Medium
16.1,16,1,101,Mustafizur Rahman,Bowlers,Yusuf Pathan,All-Rounders,1,False,-0.5,23,Mumbai,Wankhede Stadium,Medium,False,True,97,16,16.166666666666668,109,6.7422680412371125,20,119,10,3.833333333333332,2.608695652173914,8,2,Medium
16.2,16,2,102,Mustafizur Rahman,Bowlers,Siddarth Kaul,Bowlers,0,False,1.0,23,Mumbai,Wankhede Stadium,Medium,False,True,98,16,16.333333333333332,109,6.673469387755103,20,119,10,3.666666666666668,2.727272727272726,8,2,Medium
16.3,16,3,103,Mustafizur Rahman,Bowlers,Siddarth Kaul,Bowlers,0,False,1.0,23,Mumbai,Wankhede Stadium,Medium,False,True,99,16,16.5,109,6.606060606060606,20,119,10,3.5,2.857142857142857,8,2,Medium
16.4,16,4,104,Mustafizur Rahman,Bowlers,Siddarth Kaul,Bowlers,0,False,1.0,23,Mumbai,Wankhede Stadium,Medium,False,True,100,16,16.666666666666668,109,6.539999999999999,20,119,10,3.333333333333332,3.000000000000001,8,2,Medium
16.5,16,5,105,Mustafizur Rahman,Bowlers,Siddarth Kaul,Bowlers,0,True,5.0,23,Mumbai,Wankhede Stadium,Medium,False,True,101,16,16.833333333333332,109,6.475247524752476,20,119,10,3.166666666666668,3.157894736842104,9,1,Medium
16.6,16,6,106,Mustafizur Rahman,Bowlers,Sandeep Sharma,Bowlers,0,False,1.0,23,Mumbai,Wankhede Stadium,Medium,False,True,102,16,17.0,109,6.411764705882353,20,119,10,3.0,3.333333333333333,9,1,Medium
17.1,17,1,107,Jasprit Bumrah,Bowlers,Yusuf Pathan,All-Rounders,0,False,1.0,23,Mumbai,Wankhede Stadium,Medium,False,True,103,17,17.166666666666668,109,6.349514563106796,20,119,10,2.833333333333332,3.529411764705884,9,1,Medium
17.2,17,2,108,Jasprit Bumrah,Bowlers,Yusuf Pathan,All-Rounders,0,False,1.0,23,Mumbai,Wankhede Stadium,Medium,False,True,104,17,17.333333333333332,109,6.288461538461539,20,119,10,2.666666666666668,3.7499999999999982,9,1,Medium
17.3,17,3,109,Jasprit Bumrah,Bowlers,Yusuf Pathan,All-Rounders,0,False,1.0,23,Mumbai,Wankhede Stadium,Medium,False,True,105,17,17.5,109,6.228571428571429,20,119,10,2.5,4.0,9,1,Medium
17.4,17,4,110,Jasprit Bumrah,Bowlers,Yusuf Pathan,All-Rounders,2,False,-1.0,23,Mumbai,Wankhede Stadium,Medium,False,True,106,17,17.666666666666668,111,6.283018867924528,20,119,8,2.333333333333332,3.42857142857143,9,1,Medium
17.5,17,5,111,Jasprit Bumrah,Bowlers,Yusuf Pathan,All-Rounders,0,False,1.0,23,Mumbai,Wankhede Stadium,Medium,False,True,107,17,17.833333333333332,111,6.224299065420561,20,119,8,2.166666666666668,3.6923076923076894,9,1,Medium
17.6,17,6,112,Jasprit Bumrah,Bowlers,Yusuf Pathan,All-Rounders,1,False,-0.5,23,Mumbai,Wankhede Stadium,Medium,False,True,108,17,18.0,112,6.222222222222222,20,119,7,2.0,3.5,9,1,Medium
18.1,18,1,113,Mustafizur Rahman,Bowlers,Yusuf Pathan,All-Rounders,0,False,1.0,23,Mumbai,Wankhede Stadium,Medium,False,True,109,18,18.166666666666668,112,6.1651376146788985,20,119,7,1.833333333333332,3.818181818181821,9,1,Medium
18.2,18,2,114,Mustafizur Rahman,Bowlers,Yusuf Pathan,All-Rounders,0,False,1.0,23,Mumbai,Wankhede Stadium,Medium,False,True,110,18,18.33333333333333,112,6.109090909090909,20,119,7,1.666666666666668,4.199999999999997,9,1,Medium
18.3,18,3,115,Mustafizur Rahman,Bowlers,Yusuf Pathan,All-Rounders,6,False,-3.0,23,Mumbai,Wankhede Stadium,Medium,False,True,111,18,18.5,118,6.378378378378378,20,119,1,1.5,0.6666666666666666,9,1,Medium
18.4,18,4,116,Mustafizur Rahman,Bowlers,Yusuf Pathan,All-Rounders,0,True,5.0,23,Mumbai,Wankhede Stadium,Medium,False,True,112,18,18.666666666666668,118,6.321428571428571,20,119,1,1.333333333333332,0.7500000000000007,10,0,Medium
