Ball Number,over,ball,Ball,bowler,bowler_role,batsman,batsman_role,Runs,is_wicket,bowler_score,match_id,city,stadium,Stadium_Type,is_extra,legal_delivery,legal_deliveries_count,overs_completed,overs_bowled,total_runs,current_run_rate,total_overs,target,runs_needed,overs_remaining,required_run_rate,wickets_fallen,wickets_in_hand,Ground_Type
0.1,0,1,1,Ankit Rajpoot,Bowlers,Shikhar Dhawan,Batters,1,False,-0.5,25,Uppal,Rajiv Gandhi International Stadium,Medium,False,True,1,0,0.1666666666666666,1,6.0,20,133,132,19.83333333333333,6.65546218487395,0,10,Medium
0.2,0,2,2,Ankit Rajpoot,Bowlers,Kane Williamson,Batters,0,False,1.0,25,Uppal,Rajiv Gandhi International Stadium,Medium,False,True,2,0,0.3333333333333333,1,3.0,20,133,132,19.666666666666668,6.711864406779661,0,10,Medium
0.3,0,3,3,Ankit Rajpoot,Bowlers,Kane Williamson,Batters,0,False,1.0,25,Uppal,Rajiv Gandhi International Stadium,Medium,False,True,3,0,0.5,1,2.0,20,133,132,19.5,6.769230769230769,0,10,Medium
0.4,0,4,4,Ankit Rajpoot,Bowlers,Kane Williamson,Batters,0,True,5.0,25,Uppal,Rajiv Gandhi International Stadium,Medium,False,True,4,0,0.6666666666666666,1,1.5,20,133,132,19.33333333333333,6.8275862068965525,1,9,Medium
0.5,0,5,5,Ankit Rajpoot,Bowlers,Wriddhiman Saha,Batters,0,False,1.0,25,Uppal,Rajiv Gandhi International Stadium,Medium,False,True,5,0,0.8333333333333334,1,1.2,20,133,132,19.166666666666668,6.88695652173913,1,9,Medium
0.6,0,6,6,Ankit Rajpoot,Bowlers,Wriddhiman Saha,Batters,0,False,1.0,25,Uppal,Rajiv Gandhi International Stadium,Medium,False,True,6,0,1.0,1,1.0,20,133,132,19.0,6.947368421052632,1,9,Medium
1.1,1,1,7,Barinder Sran,Bowlers,Shikhar Dhawan,Batters,0,False,1.0,25,Uppal,Rajiv Gandhi International Stadium,Medium,False,True,7,1,1.1666666666666667,1,0.8571428571428571,20,133,132,18.83333333333333,7.008849557522124,1,9,Medium
1.2,1,2,8,Barinder Sran,Bowlers,Shikhar Dhawan,Batters,2,False,-1.0,25,Uppal,Rajiv Gandhi International Stadium,Medium,False,True,8,1,1.3333333333333333,3,2.25,20,133,130,18.666666666666668,6.9642857142857135,1,9,Medium
1.3,1,3,9,Barinder Sran,Bowlers,Shikhar Dhawan,Batters,0,False,1.0,25,Uppal,Rajiv Gandhi International Stadium,Medium,False,True,9,1,1.5,3,2.0,20,133,130,18.5,7.027027027027027,1,9,Medium
1.4,1,4,10,Barinder Sran,Bowlers,Shikhar Dhawan,Batters,4,False,-2.0,25,Uppal,Rajiv Gandhi International Stadium,Medium,False,True,10,1,1.6666666666666663,7,4.2,20,133,126,18.33333333333333,6.872727272727273,1,9,Medium
1.5,1,5,11,Barinder Sran,Bowlers,Shikhar Dhawan,Batters,1,False,-0.25,25,Uppal,Rajiv Gandhi International Stadium,Medium,False,True,11,1,1.8333333333333333,8,4.363636363636363,20,133,125,18.166666666666668,6.880733944954128,1,9,Medium
1.6,1,6,12,Barinder Sran,Bowlers,Wriddhiman Saha,Batters,4,False,-2.0,25,Uppal,Rajiv Gandhi International Stadium,Medium,False,True,12,1,2.0,12,6.0,20,133,121,18.0,6.722222222222222,1,9,Medium
2.1,2,1,13,Ankit Rajpoot,Bowlers,Shikhar Dhawan,Batters,4,False,-2.0,25,Uppal,Rajiv Gandhi International Stadium,Medium,False,True,13,2,2.1666666666666665,16,7.384615384615385,20,133,117,17.833333333333332,6.560747663551402,1,9,Medium
2.2,2,2,14,Ankit Rajpoot,Bowlers,Shikhar Dhawan,Batters,0,True,5.0,25,Uppal,Rajiv Gandhi International Stadium,Medium,False,True,14,2,2.333333333333333,16,6.857142857142857,20,133,117,17.666666666666668,6.6226415094339615,2,8,Medium
2.3,2,3,15,Ankit Rajpoot,Bowlers,Manish Pandey,Batters,0,False,1.0,25,Uppal,Rajiv Gandhi International Stadium,Medium,False,True,15,2,2.5,16,6.4,20,133,117,17.5,6.685714285714286,2,8,Medium
2.4,2,4,16,Ankit Rajpoot,Bowlers,Manish Pandey,Batters,0,False,1.0,25,Uppal,Rajiv Gandhi International Stadium,Medium,False,True,16,2,2.6666666666666665,16,6.0,20,133,117,17.333333333333332,6.750000000000001,2,8,Medium
2.5,2,5,17,Ankit Rajpoot,Bowlers,Manish Pandey,Batters,0,False,1.0,25,Uppal,Rajiv Gandhi International Stadium,Medium,False,True,17,2,2.833333333333333,16,5.647058823529411,20,133,117,17.166666666666668,6.815533980582524,2,8,Medium
2.6,2,6,18,Ankit Rajpoot,Bowlers,Manish Pandey,Batters,0,False,1.0,25,Uppal,Rajiv Gandhi International Stadium,Medium,False,True,18,2,3.0,16,5.333333333333333,20,133,117,17.0,6.882352941176471,2,8,Medium
3.1,3,1,19,Barinder Sran,Bowlers,Wriddhiman Saha,Batters,0,False,1.0,25,Uppal,Rajiv Gandhi International Stadium,Medium,False,True,19,3,3.1666666666666665,16,5.052631578947369,20,133,117,16.833333333333332,6.950495049504951,2,8,Medium
3.2,3,2,20,Barinder Sran,Bowlers,Wriddhiman Saha,Batters,0,False,1.0,25,Uppal,Rajiv Gandhi International Stadium,Medium,False,True,20,3,3.333333333333333,16,4.8,20,133,117,16.666666666666668,7.02,2,8,Medium
3.3,3,3,21,Barinder Sran,Bowlers,Wriddhiman Saha,Batters,1,False,-0.5,25,Uppal,Rajiv Gandhi International Stadium,Medium,False,True,21,3,3.5,17,4.857142857142857,20,133,116,16.5,7.03030303030303,2,8,Medium
3.4,3,4,22,Barinder Sran,Bowlers,Manish Pandey,Batters,4,False,-2.0,25,Uppal,Rajiv Gandhi International Stadium,Medium,False,True,22,3,3.6666666666666665,21,5.727272727272728,20,133,112,16.333333333333332,6.857142857142858,2,8,Medium
3.5,3,5,23,Barinder Sran,Bowlers,Manish Pandey,Batters,0,False,1.0,25,Uppal,Rajiv Gandhi International Stadium,Medium,False,True,23,3,3.8333333333333335,21,5.478260869565217,20,133,112,16.166666666666668,6.927835051546391,2,8,Medium
3.6,3,6,24,Barinder Sran,Bowlers,Manish Pandey,Batters,2,False,-1.0,25,Uppal,Rajiv Gandhi International Stadium,Medium,False,True,24,3,4.0,23,5.75,20,133,110,16.0,6.875,2,8,Medium
4.1,4,1,25,Ankit Rajpoot,Bowlers,Wriddhiman Saha,Batters,0,False,1.0,25,Uppal,Rajiv Gandhi International Stadium,Medium,False,True,25,4,4.166666666666667,23,5.52,20,133,110,15.833333333333332,6.947368421052632,2,8,Medium
4.2,4,2,26,Ankit Rajpoot,Bowlers,Wriddhiman Saha,Batters,1,False,-0.5,25,Uppal,Rajiv Gandhi International Stadium,Medium,False,True,26,4,4.333333333333333,24,5.538461538461539,20,133,109,15.666666666666668,6.957446808510638,2,8,Medium
4.3,4,3,27,Ankit Rajpoot,Bowlers,Manish Pandey,Batters,2,False,-1.0,25,Uppal,Rajiv Gandhi International Stadium,Medium,False,True,27,4,4.5,26,5.777777777777778,20,133,107,15.5,6.903225806451613,2,8,Medium
4.4,4,4,28,Ankit Rajpoot,Bowlers,Manish Pandey,Batters,1,False,-0.5,25,Uppal,Rajiv Gandhi International Stadium,Medium,False,True,28,4,4.666666666666667,27,5.785714285714286,20,133,106,15.333333333333332,6.91304347826087,2,8,Medium
4.5,4,5,29,Ankit Rajpoot,Bowlers,Wriddhiman Saha,Batters,0,True,5.0,25,Uppal,Rajiv Gandhi International Stadium,Medium,False,True,29,4,4.833333333333333,27,5.586206896551724,20,133,106,15.166666666666668,6.989010989010988,3,7,Medium
4.6,4,6,30,Ankit Rajpoot,Bowlers,Manish Pandey,Batters,0,False,1.0,25,Uppal,Rajiv Gandhi International Stadium,Medium,False,True,30,4,5.0,27,5.4,20,133,106,15.0,7.066666666666666,3,7,Medium
5.1,5,1,31,Barinder Sran,Bowlers,Shakib Al Hasan,All-Rounders,0,False,1.0,25,Uppal,Rajiv Gandhi International Stadium,Medium,False,True,31,5,5.166666666666667,27,5.225806451612903,20,133,106,14.833333333333332,7.146067415730338,3,7,Medium
5.2,5,2,32,Barinder Sran,Bowlers,Shakib Al Hasan,All-Rounders,4,False,-2.0,25,Uppal,Rajiv Gandhi International Stadium,Medium,False,True,32,5,5.333333333333333,31,5.8125,20,133,102,14.666666666666668,6.954545454545454,3,7,Medium
5.2,5,2,33,Barinder Sran,Bowlers,Shakib Al Hasan,All-Rounders,1,False,-1.0,25,Uppal,Rajiv Gandhi International Stadium,Medium,True,False,32,5,5.333333333333333,32,6.0,20,133,101,14.666666666666668,6.886363636363636,3,7,Medium
5.3,5,3,34,Barinder Sran,Bowlers,Shakib Al Hasan,All-Rounders,0,False,1.0,25,Uppal,Rajiv Gandhi International Stadium,Medium,False,True,33,5,5.5,32,5.818181818181818,20,133,101,14.5,6.965517241379311,3,7,Medium
5.4,5,4,35,Barinder Sran,Bowlers,Shakib Al Hasan,All-Rounders,4,False,-2.0,25,Uppal,Rajiv Gandhi International Stadium,Medium,False,True,34,5,5.666666666666667,36,6.352941176470588,20,133,97,14.333333333333332,6.767441860465117,3,7,Medium
5.5,5,5,36,Barinder Sran,Bowlers,Shakib Al Hasan,All-Rounders,1,False,-0.5,25,Uppal,Rajiv Gandhi International Stadium,Medium,False,True,35,5,5.833333333333333,37,6.342857142857143,20,133,96,14.166666666666668,6.776470588235293,3,7,Medium
5.6,5,6,37,Barinder Sran,Bowlers,Manish Pandey,Batters,0,False,1.0,25,Uppal,Rajiv Gandhi International Stadium,Medium,False,True,36,5,6.0,37,6.166666666666667,20,133,96,14.0,6.857142857142857,3,7,Medium
6.1,6,1,38,Ravichandran Ashwin,All-Rounders,Shakib Al Hasan,All-Rounders,0,False,1.0,25,Uppal,Rajiv Gandhi International Stadium,Medium,False,True,37,6,6.166666666666667,37,6.0,20,133,96,13.833333333333332,6.939759036144579,3,7,Medium
6.2,6,2,39,Ravichandran Ashwin,All-Rounders,Shakib Al Hasan,All-Rounders,0,False,1.0,25,Uppal,Rajiv Gandhi International Stadium,Medium,False,True,38,6,6.333333333333333,37,5.842105263157895,20,133,96,13.666666666666668,7.024390243902438,3,7,Medium
6.3,6,3,40,Ravichandran Ashwin,All-Rounders,Shakib Al Hasan,All-Rounders,1,False,-0.5,25,Uppal,Rajiv Gandhi International Stadium,Medium,False,True,39,6,6.5,38,5.846153846153846,20,133,95,13.5,7.037037037037037,3,7,Medium
6.4,6,4,41,Ravichandran Ashwin,All-Rounders,Manish Pandey,Batters,1,False,-0.5,25,Uppal,Rajiv Gandhi International Stadium,Medium,False,True,40,6,6.666666666666667,39,5.85,20,133,94,13.333333333333332,7.050000000000001,3,7,Medium
6.5,6,5,42,Ravichandran Ashwin,All-Rounders,Shakib Al Hasan,All-Rounders,0,False,1.0,25,Uppal,Rajiv Gandhi International Stadium,Medium,False,True,41,6,6.833333333333333,39,5.707317073170732,20,133,94,13.166666666666668,7.139240506329113,3,7,Medium
6.6,6,6,43,Ravichandran Ashwin,All-Rounders,Shakib Al Hasan,All-Rounders,1,False,-0.5,25,Uppal,Rajiv Gandhi International Stadium,Medium,False,True,42,6,7.0,40,5.714285714285714,20,133,93,13.0,7.153846153846154,3,7,Medium
7.1,7,1,44,Manoj Tiwary,,Shakib Al Hasan,All-Rounders,1,False,-0.5,25,Uppal,Rajiv Gandhi International Stadium,Medium,False,True,43,7,7.166666666666667,41,5.720930232558139,20,133,92,12.833333333333332,7.168831168831169,3,7,Medium
7.2,7,2,45,Manoj Tiwary,,Manish Pandey,Batters,1,False,-0.5,25,Uppal,Rajiv Gandhi International Stadium,Medium,False,True,44,7,7.333333333333333,42,5.727272727272728,20,133,91,12.666666666666668,7.1842105263157885,3,7,Medium
7.3,7,3,46,Manoj Tiwary,,Shakib Al Hasan,All-Rounders,2,False,-1.0,25,Uppal,Rajiv Gandhi International Stadium,Medium,False,True,45,7,7.5,44,5.866666666666666,20,133,89,12.5,7.12,3,7,Medium
7.4,7,4,47,Manoj Tiwary,,Shakib Al Hasan,All-Rounders,1,False,-0.5,25,Uppal,Rajiv Gandhi International Stadium,Medium,False,True,46,7,7.666666666666667,45,5.869565217391304,20,133,88,12.333333333333332,7.135135135135136,3,7,Medium
7.4,7,4,48,Manoj Tiwary,,Shakib Al Hasan,All-Rounders,3,False,-1.0,25,Uppal,Rajiv Gandhi International Stadium,Medium,True,False,46,7,7.666666666666667,48,6.260869565217391,20,133,85,12.333333333333332,6.891891891891893,3,7,Medium
7.5,7,5,49,Manoj Tiwary,,Manish Pandey,Batters,1,False,-0.5,25,Uppal,Rajiv Gandhi International Stadium,Medium,False,True,47,7,7.833333333333333,49,6.25531914893617,20,133,84,12.166666666666668,6.904109589041095,3,7,Medium
7.6,7,6,50,Manoj Tiwary,,Shakib Al Hasan,All-Rounders,1,False,-0.5,25,Uppal,Rajiv Gandhi International Stadium,Medium,False,True,48,7,8.0,50,6.25,20,133,83,12.0,6.916666666666667,3,7,Medium
8.1,8,1,51,Ravichandran Ashwin,All-Rounders,Shakib Al Hasan,All-Rounders,0,False,1.0,25,Uppal,Rajiv Gandhi International Stadium,Medium,False,True,49,8,8.166666666666666,50,6.122448979591837,20,133,83,11.833333333333334,7.014084507042253,3,7,Medium
8.2,8,2,52,Ravichandran Ashwin,All-Rounders,Shakib Al Hasan,All-Rounders,1,False,-0.5,25,Uppal,Rajiv Gandhi International Stadium,Medium,False,True,50,8,8.333333333333334,51,6.119999999999999,20,133,82,11.666666666666666,7.028571428571429,3,7,Medium
8.3,8,3,53,Ravichandran Ashwin,All-Rounders,Manish Pandey,Batters,0,False,1.0,25,Uppal,Rajiv Gandhi International Stadium,Medium,False,True,51,8,8.5,51,6.0,20,133,82,11.5,7.130434782608695,3,7,Medium
8.4,8,4,54,Ravichandran Ashwin,All-Rounders,Manish Pandey,Batters,2,False,-1.0,25,Uppal,Rajiv Gandhi International Stadium,Medium,False,True,52,8,8.666666666666666,53,6.115384615384616,20,133,80,11.333333333333334,7.0588235294117645,3,7,Medium
8.5,8,5,55,Ravichandran Ashwin,All-Rounders,Manish Pandey,Batters,0,False,1.0,25,Uppal,Rajiv Gandhi International Stadium,Medium,False,True,53,8,8.833333333333334,53,6.0,20,133,80,11.166666666666666,7.164179104477612,3,7,Medium
8.6,8,6,56,Ravichandran Ashwin,All-Rounders,Manish Pandey,Batters,1,False,-0.5,25,Uppal,Rajiv Gandhi International Stadium,Medium,False,True,54,8,9.0,54,6.0,20,133,79,11.0,7.181818181818182,3,7,Medium
9.1,9,1,57,Mujeeb Ur Rahman,Bowlers,Manish Pandey,Batters,1,False,-0.5,25,Uppal,Rajiv Gandhi International Stadium,Medium,False,True,55,9,9.166666666666666,55,6.0,20,133,78,10.833333333333334,7.199999999999999,3,7,Medium
9.2,9,2,58,Mujeeb Ur Rahman,Bowlers,Shakib Al Hasan,All-Rounders,0,False,1.0,25,Uppal,Rajiv Gandhi International Stadium,Medium,False,True,56,9,9.333333333333334,55,5.892857142857142,20,133,78,10.666666666666666,7.3125,3,7,Medium
9.3,9,3,59,Mujeeb Ur Rahman,Bowlers,Shakib Al Hasan,All-Rounders,0,False,1.0,25,Uppal,Rajiv Gandhi International Stadium,Medium,False,True,57,9,9.5,55,5.789473684210527,20,133,78,10.5,7.428571428571429,3,7,Medium
9.4,9,4,60,Mujeeb Ur Rahman,Bowlers,Shakib Al Hasan,All-Rounders,0,False,1.0,25,Uppal,Rajiv Gandhi International Stadium,Medium,False,True,58,9,9.666666666666666,55,5.689655172413794,20,133,78,10.333333333333334,7.548387096774193,3,7,Medium
9.5,9,5,61,Mujeeb Ur Rahman,Bowlers,Shakib Al Hasan,All-Rounders,1,False,-0.5,25,Uppal,Rajiv Gandhi International Stadium,Medium,False,True,59,9,9.833333333333334,56,5.694915254237288,20,133,77,10.166666666666666,7.573770491803279,3,7,Medium
9.6,9,6,62,Mujeeb Ur Rahman,Bowlers,Manish Pandey,Batters,1,False,-0.5,25,Uppal,Rajiv Gandhi International Stadium,Medium,False,True,60,9,10.0,57,5.7,20,133,76,10.0,7.6,3,7,Medium
10.1,10,1,63,Andrew Tye,Bowlers,Manish Pandey,Batters,1,False,-0.5,25,Uppal,Rajiv Gandhi International Stadium,Medium,False,True,61,10,10.166666666666666,58,5.704918032786885,20,133,75,9.833333333333334,7.627118644067796,3,7,Medium
10.2,10,2,64,Andrew Tye,Bowlers,Shakib Al Hasan,All-Rounders,1,False,-0.5,25,Uppal,Rajiv Gandhi International Stadium,Medium,False,True,62,10,10.333333333333334,59,5.709677419354838,20,133,74,9.666666666666666,7.655172413793104,3,7,Medium
10.3,10,3,65,Andrew Tye,Bowlers,Manish Pandey,Batters,2,False,-1.0,25,Uppal,Rajiv Gandhi International Stadium,Medium,False,True,63,10,10.5,61,5.809523809523809,20,133,72,9.5,7.578947368421052,3,7,Medium
10.4,10,4,66,Andrew Tye,Bowlers,Manish Pandey,Batters,0,False,1.0,25,Uppal,Rajiv Gandhi International Stadium,Medium,False,True,64,10,10.666666666666666,61,5.71875,20,133,72,9.333333333333334,7.7142857142857135,3,7,Medium
10.5,10,5,67,Andrew Tye,Bowlers,Manish Pandey,Batters,0,False,1.0,25,Uppal,Rajiv Gandhi International Stadium,Medium,False,True,65,10,10.833333333333334,61,5.63076923076923,20,133,72,9.166666666666666,7.854545454545455,3,7,Medium
10.6,10,6,68,Andrew Tye,Bowlers,Manish Pandey,Batters,1,False,-0.5,25,Uppal,Rajiv Gandhi International Stadium,Medium,False,True,66,10,11.0,62,5.636363636363637,20,133,71,9.0,7.888888888888889,3,7,Medium
11.1,11,1,69,Mujeeb Ur Rahman,Bowlers,Manish Pandey,Batters,0,False,1.0,25,Uppal,Rajiv Gandhi International Stadium,Medium,False,True,67,11,11.166666666666666,62,5.552238805970149,20,133,71,8.833333333333334,8.037735849056602,3,7,Medium
11.2,11,2,70,Mujeeb Ur Rahman,Bowlers,Manish Pandey,Batters,1,False,-0.5,25,Uppal,Rajiv Gandhi International Stadium,Medium,False,True,68,11,11.333333333333334,63,5.5588235294117645,20,133,70,8.666666666666666,8.076923076923077,3,7,Medium
11.3,11,3,71,Mujeeb Ur Rahman,Bowlers,Shakib Al Hasan,All-Rounders,1,False,-0.5,25,Uppal,Rajiv Gandhi International Stadium,Medium,False,True,69,11,11.5,64,5.565217391304348,20,133,69,8.5,8.117647058823529,3,7,Medium
11.4,11,4,72,Mujeeb Ur Rahman,Bowlers,Manish Pandey,Batters,0,False,1.0,25,Uppal,Rajiv Gandhi International Stadium,Medium,False,True,70,11,11.666666666666666,64,5.485714285714286,20,133,69,8.333333333333334,8.28,3,7,Medium
11.5,11,5,73,Mujeeb Ur Rahman,Bowlers,Manish Pandey,Batters,2,False,-1.0,25,Uppal,Rajiv Gandhi International Stadium,Medium,False,True,71,11,11.833333333333334,66,5.577464788732394,20,133,67,8.166666666666666,8.204081632653061,3,7,Medium
11.6,11,6,74,Mujeeb Ur Rahman,Bowlers,Manish Pandey,Batters,1,False,-0.5,25,Uppal,Rajiv Gandhi International Stadium,Medium,False,True,72,11,12.0,67,5.583333333333333,20,133,66,8.0,8.25,3,7,Medium
12.1,12,1,75,Andrew Tye,Bowlers,Manish Pandey,Batters,1,False,-0.5,25,Uppal,Rajiv Gandhi International Stadium,Medium,False,True,73,12,12.166666666666666,68,5.589041095890411,20,133,65,7.833333333333334,8.297872340425531,3,7,Medium
12.2,12,2,76,Andrew Tye,Bowlers,Shakib Al Hasan,All-Rounders,4,False,-2.0,25,Uppal,Rajiv Gandhi International Stadium,Medium,False,True,74,12,12.333333333333334,72,5.837837837837838,20,133,61,7.666666666666666,7.9565217391304355,3,7,Medium
12.3,12,3,77,Andrew Tye,Bowlers,Shakib Al Hasan,All-Rounders,0,False,1.0,25,Uppal,Rajiv Gandhi International Stadium,Medium,False,True,75,12,12.5,72,5.76,20,133,61,7.5,8.133333333333333,3,7,Medium
12.4,12,4,78,Andrew Tye,Bowlers,Shakib Al Hasan,All-Rounders,2,False,-1.0,25,Uppal,Rajiv Gandhi International Stadium,Medium,False,True,76,12,12.666666666666666,74,5.842105263157895,20,133,59,7.333333333333334,8.045454545454545,3,7,Medium
12.5,12,5,79,Andrew Tye,Bowlers,Shakib Al Hasan,All-Rounders,1,False,-0.5,25,Uppal,Rajiv Gandhi International Stadium,Medium,False,True,77,12,12.833333333333334,75,5.844155844155844,20,133,58,7.166666666666666,8.093023255813954,3,7,Medium
12.6,12,6,80,Andrew Tye,Bowlers,Manish Pandey,Batters,1,False,-0.5,25,Uppal,Rajiv Gandhi International Stadium,Medium,False,True,78,12,13.0,76,5.846153846153846,20,133,57,7.0,8.142857142857142,3,7,Medium
13.1,13,1,81,Mujeeb Ur Rahman,Bowlers,Manish Pandey,Batters,1,False,-0.5,25,Uppal,Rajiv Gandhi International Stadium,Medium,False,True,79,13,13.166666666666666,77,5.848101265822785,20,133,56,6.833333333333334,8.195121951219512,3,7,Medium
13.2,13,2,82,Mujeeb Ur Rahman,Bowlers,Shakib Al Hasan,All-Rounders,1,False,-0.5,25,Uppal,Rajiv Gandhi International Stadium,Medium,False,True,80,13,13.333333333333334,78,5.85,20,133,55,6.666666666666666,8.25,3,7,Medium
13.3,13,3,83,Mujeeb Ur Rahman,Bowlers,Manish Pandey,Batters,1,False,-0.5,25,Uppal,Rajiv Gandhi International Stadium,Medium,False,True,81,13,13.5,79,5.851851851851852,20,133,54,6.5,8.307692307692308,3,7,Medium
13.4,13,4,84,Mujeeb Ur Rahman,Bowlers,Shakib Al Hasan,All-Rounders,0,True,5.0,25,Uppal,Rajiv Gandhi International Stadium,Medium,False,True,82,13,13.666666666666666,79,5.7804878048780495,20,133,54,6.333333333333334,8.526315789473683,4,6,Medium
13.5,13,5,85,Mujeeb Ur Rahman,Bowlers,Manish Pandey,Batters,2,False,-1.0,25,Uppal,Rajiv Gandhi International Stadium,Medium,True,False,82,13,13.666666666666666,81,5.926829268292683,20,133,52,6.333333333333334,8.210526315789473,4,6,Medium
13.5,13,5,86,Mujeeb Ur Rahman,Bowlers,Yusuf Pathan,All-Rounders,1,False,-0.5,25,Uppal,Rajiv Gandhi International Stadium,Medium,False,True,83,13,13.833333333333334,82,5.927710843373494,20,133,51,6.166666666666666,8.270270270270272,4,6,Medium
13.6,13,6,87,Mujeeb Ur Rahman,Bowlers,Manish Pandey,Batters,1,False,-0.5,25,Uppal,Rajiv Gandhi International Stadium,Medium,False,True,84,13,14.0,83,5.928571428571429,20,133,50,6.0,8.333333333333334,4,6,Medium
14.1,14,1,88,Ravichandran Ashwin,All-Rounders,Manish Pandey,Batters,2,False,-1.0,25,Uppal,Rajiv Gandhi International Stadium,Medium,False,True,85,14,14.166666666666666,85,6.0,20,133,48,5.833333333333334,8.228571428571428,4,6,Medium
14.2,14,2,89,Ravichandran Ashwin,All-Rounders,Manish Pandey,Batters,1,False,-0.5,25,Uppal,Rajiv Gandhi International Stadium,Medium,False,True,86,14,14.333333333333334,86,6.0,20,133,47,5.666666666666666,8.294117647058824,4,6,Medium
14.3,14,3,90,Ravichandran Ashwin,All-Rounders,Yusuf Pathan,All-Rounders,1,False,-0.5,25,Uppal,Rajiv Gandhi International Stadium,Medium,False,True,87,14,14.5,87,6.0,20,133,46,5.5,8.363636363636363,4,6,Medium
14.4,14,4,91,Ravichandran Ashwin,All-Rounders,Manish Pandey,Batters,4,False,-2.0,25,Uppal,Rajiv Gandhi International Stadium,Medium,False,True,88,14,14.666666666666666,91,6.204545454545455,20,133,42,5.333333333333334,7.874999999999999,4,6,Medium
14.5,14,5,92,Ravichandran Ashwin,All-Rounders,Manish Pandey,Batters,0,False,1.0,25,Uppal,Rajiv Gandhi International Stadium,Medium,False,True,89,14,14.833333333333334,91,6.134831460674157,20,133,42,5.166666666666666,8.129032258064518,4,6,Medium
14.6,14,6,93,Ravichandran Ashwin,All-Rounders,Manish Pandey,Batters,6,False,-3.0,25,Uppal,Rajiv Gandhi International Stadium,Medium,False,True,90,14,15.0,97,6.466666666666667,20,133,36,5.0,7.2,4,6,Medium
15.1,15,1,94,Mujeeb Ur Rahman,Bowlers,Yusuf Pathan,All-Rounders,0,False,1.0,25,Uppal,Rajiv Gandhi International Stadium,Medium,False,True,91,15,15.166666666666666,97,6.395604395604396,20,133,36,4.833333333333334,7.448275862068964,4,6,Medium
15.2,15,2,95,Mujeeb Ur Rahman,Bowlers,Yusuf Pathan,All-Rounders,2,False,-1.0,25,Uppal,Rajiv Gandhi International Stadium,Medium,False,True,92,15,15.333333333333334,99,6.456521739130435,20,133,34,4.666666666666666,7.2857142857142865,4,6,Medium
15.3,15,3,96,,,,,0,False,0.0,25,Uppal,Rajiv Gandhi International Stadium,Medium,False,True,93,15,15.5,99,6.387096774193548,20,133,34,4.5,7.555555555555555,4,6,Medium
15.4,15,4,97,Mujeeb Ur Rahman,Bowlers,Yusuf Pathan,All-Rounders,0,False,1.0,25,Uppal,Rajiv Gandhi International Stadium,Medium,False,True,94,15,15.666666666666666,99,6.319148936170213,20,133,34,4.333333333333334,7.846153846153845,4,6,Medium
15.5,15,5,98,Mujeeb Ur Rahman,Bowlers,Yusuf Pathan,All-Rounders,0,False,1.0,25,Uppal,Rajiv Gandhi International Stadium,Medium,False,True,95,15,15.833333333333334,99,6.252631578947368,20,133,34,4.166666666666666,8.160000000000002,4,6,Medium
15.6,15,6,99,Mujeeb Ur Rahman,Bowlers,Yusuf Pathan,All-Rounders,0,False,1.0,25,Uppal,Rajiv Gandhi International Stadium,Medium,False,True,96,15,16.0,99,6.1875,20,133,34,4.0,8.5,4,6,Medium
16.1,16,1,100,Andrew Tye,Bowlers,Manish Pandey,Batters,0,False,1.0,25,Uppal,Rajiv Gandhi International Stadium,Medium,False,True,97,16,16.166666666666668,99,6.123711340206185,20,133,34,3.833333333333332,8.869565217391306,4,6,Medium
16.2,16,2,101,Andrew Tye,Bowlers,Manish Pandey,Batters,0,False,1.0,25,Uppal,Rajiv Gandhi International Stadium,Medium,False,True,98,16,16.333333333333332,99,6.061224489795919,20,133,34,3.666666666666668,9.27272727272727,4,6,Medium
16.3,16,3,102,Andrew Tye,Bowlers,Manish Pandey,Batters,1,False,-0.5,25,Uppal,Rajiv Gandhi International Stadium,Medium,False,True,99,16,16.5,100,6.0606060606060606,20,133,33,3.5,9.428571428571429,4,6,Medium
16.4,16,4,103,Andrew Tye,Bowlers,Yusuf Pathan,All-Rounders,1,False,-0.5,25,Uppal,Rajiv Gandhi International Stadium,Medium,False,True,100,16,16.666666666666668,101,6.06,20,133,32,3.333333333333332,9.600000000000003,4,6,Medium
16.5,16,5,104,Andrew Tye,Bowlers,Manish Pandey,Batters,2,False,-1.0,25,Uppal,Rajiv Gandhi International Stadium,Medium,False,True,101,16,16.833333333333332,103,6.118811881188119,20,133,30,3.166666666666668,9.473684210526311,4,6,Medium
16.6,16,6,105,Andrew Tye,Bowlers,Manish Pandey,Batters,1,False,-0.5,25,Uppal,Rajiv Gandhi International Stadium,Medium,False,True,102,16,17.0,104,6.117647058823529,20,133,29,3.0,9.666666666666666,4,6,Medium
17.1,17,1,106,Ravichandran Ashwin,All-Rounders,Manish Pandey,Batters,1,False,-0.5,25,Uppal,Rajiv Gandhi International Stadium,Medium,False,True,103,17,17.166666666666668,105,6.116504854368932,20,133,28,2.833333333333332,9.882352941176476,4,6,Medium
17.2,17,2,107,Ravichandran Ashwin,All-Rounders,Yusuf Pathan,All-Rounders,2,False,-1.0,25,Uppal,Rajiv Gandhi International Stadium,Medium,False,True,104,17,17.333333333333332,107,6.173076923076923,20,133,26,2.666666666666668,9.749999999999996,4,6,Medium
17.3,17,3,108,Ravichandran Ashwin,All-Rounders,Yusuf Pathan,All-Rounders,6,False,-3.0,25,Uppal,Rajiv Gandhi International Stadium,Medium,False,True,105,17,17.5,113,6.457142857142857,20,133,20,2.5,8.0,4,6,Medium
17.4,17,4,109,Ravichandran Ashwin,All-Rounders,Yusuf Pathan,All-Rounders,2,False,-1.0,25,Uppal,Rajiv Gandhi International Stadium,Medium,False,True,106,17,17.666666666666668,115,6.509433962264151,20,133,18,2.333333333333332,7.714285714285718,4,6,Medium
17.5,17,5,110,Ravichandran Ashwin,All-Rounders,Yusuf Pathan,All-Rounders,2,False,-1.0,25,Uppal,Rajiv Gandhi International Stadium,Medium,False,True,107,17,17.833333333333332,117,6.560747663551402,20,133,16,2.166666666666668,7.384615384615381,4,6,Medium
17.6,17,6,111,Ravichandran Ashwin,All-Rounders,Yusuf Pathan,All-Rounders,0,False,1.0,25,Uppal,Rajiv Gandhi International Stadium,Medium,False,True,108,17,18.0,117,6.5,20,133,16,2.0,8.0,4,6,Medium
18.1,18,1,112,Andrew Tye,Bowlers,Manish Pandey,Batters,0,False,1.0,25,Uppal,Rajiv Gandhi International Stadium,Medium,False,True,109,18,18.166666666666668,117,6.440366972477063,20,133,16,1.833333333333332,8.727272727272734,4,6,Medium
18.2,18,2,113,Andrew Tye,Bowlers,Manish Pandey,Batters,4,False,-2.0,25,Uppal,Rajiv Gandhi International Stadium,Medium,False,True,110,18,18.33333333333333,121,6.6000000000000005,20,133,12,1.666666666666668,7.199999999999995,4,6,Medium
18.3,18,3,114,Andrew Tye,Bowlers,Manish Pandey,Batters,1,False,-0.5,25,Uppal,Rajiv Gandhi International Stadium,Medium,False,True,111,18,18.5,122,6.594594594594595,20,133,11,1.5,7.333333333333333,4,6,Medium
18.4,18,4,115,Andrew Tye,Bowlers,Yusuf Pathan,All-Rounders,0,False,1.0,25,Uppal,Rajiv Gandhi International Stadium,Medium,False,True,112,18,18.666666666666668,122,6.535714285714286,20,133,11,1.333333333333332,8.250000000000007,4,6,Medium
18.5,18,5,116,Andrew Tye,Bowlers,Yusuf Pathan,All-Rounders,4,False,-2.0,25,Uppal,Rajiv Gandhi International Stadium,Medium,False,True,113,18,18.83333333333333,126,6.690265486725664,20,133,7,1.166666666666668,5.999999999999994,4,6,Medium
18.6,18,6,117,Andrew Tye,Bowlers,Yusuf Pathan,All-Rounders,0,False,1.0,25,Uppal,Rajiv Gandhi International Stadium,Medium,False,True,114,18,19.0,126,6.631578947368421,20,133,7,1.0,7.0,4,6,Medium
19.1,19,1,118,Ankit Rajpoot,Bowlers,Manish Pandey,Batters,1,False,-0.5,25,Uppal,Rajiv Gandhi International Stadium,Medium,False,True,115,19,19.166666666666668,127,6.626086956521739,20,133,6,0.8333333333333321,7.20000000000001,4,6,Medium
19.2,19,2,119,Ankit Rajpoot,Bowlers,Yusuf Pathan,All-Rounders,0,False,1.0,25,Uppal,Rajiv Gandhi International Stadium,Medium,False,True,116,19,19.33333333333333,127,6.56896551724138,20,133,6,0.6666666666666679,8.999999999999984,4,6,Medium
19.3,19,3,120,Ankit Rajpoot,Bowlers,Yusuf Pathan,All-Rounders,1,False,-0.25,25,Uppal,Rajiv Gandhi International Stadium,Medium,False,True,117,19,19.5,128,6.564102564102564,20,133,5,0.5,10.0,4,6,Medium
19.4,19,4,121,Ankit Rajpoot,Bowlers,Manish Pandey,Batters,0,True,5.0,25,Uppal,Rajiv Gandhi International Stadium,Medium,False,True,118,19,19.666666666666668,128,6.508474576271186,20,133,5,0.3333333333333321,15.000000000000052,5,5,Medium
19.5,19,5,122,Ankit Rajpoot,Bowlers,Mohammad Nabi,All-Rounders,4,False,-2.0,25,Uppal,Rajiv Gandhi International Stadium,Medium,False,True,119,19,19.83333333333333,132,6.65546218487395,20,133,1,0.1666666666666678,5.999999999999957,5,5,Medium
19.6,19,6,123,Ankit Rajpoot,Bowlers,Mohammad Nabi,All-Rounders,0,True,5.0,25,Uppal,Rajiv Gandhi International Stadium,Medium,False,True,120,19,20.0,132,6.6,20,133,1,0.0,inf,6,4,Medium
