Ball Number,over,ball,Ball,bowler,bowler_role,batsman,batsman_role,Runs,is_wicket,bowler_score,match_id,city,stadium,Stadium_Type,is_extra,legal_delivery,legal_deliveries_count,overs_completed,overs_bowled,total_runs,current_run_rate,total_overs,target,runs_needed,overs_remaining,required_run_rate,wickets_fallen,wickets_in_hand,Ground_Type
0.1,0,1,1,Deepak Chahar,Bowlers,Suryakumar Yadav,Batters,0,False,1.0,27,Pune,Maharashtra Cricket Association Stadium,Medium,False,True,1,0,0.1666666666666666,0,0.0,20,170,170,19.83333333333333,8.571428571428571,0,10,Medium
0.2,0,2,2,Deepak Chahar,Bowlers,Suryakumar Yadav,Batters,4,False,-2.0,27,Pune,Maharashtra Cricket Association Stadium,Medium,False,True,2,0,0.3333333333333333,4,12.0,20,170,166,19.666666666666668,8.440677966101694,0,10,Medium
0.3,0,3,3,Deepak Chahar,Bowlers,Suryakumar Yadav,Batters,2,False,-1.0,27,Pune,Maharashtra Cricket Association Stadium,Medium,False,True,3,0,0.5,6,12.0,20,170,164,19.5,8.41025641025641,0,10,Medium
0.4,0,4,4,Deepak Chahar,Bowlers,Suryakumar Yadav,Batters,0,False,1.0,27,Pune,Maharashtra Cricket Association Stadium,Medium,False,True,4,0,0.6666666666666666,6,9.0,20,170,164,19.33333333333333,8.482758620689655,0,10,Medium
0.5,0,5,5,Deepak Chahar,Bowlers,Suryakumar Yadav,Batters,0,False,1.0,27,Pune,Maharashtra Cricket Association Stadium,Medium,False,True,5,0,0.8333333333333334,6,7.199999999999999,20,170,164,19.166666666666668,8.556521739130435,0,10,Medium
0.6,0,6,6,Deepak Chahar,Bowlers,Suryakumar Yadav,Batters,1,False,-1.0,27,Pune,Maharashtra Cricket Association Stadium,Medium,True,False,5,0,0.8333333333333334,7,8.4,20,170,163,19.166666666666668,8.504347826086956,0,10,Medium
0.6,0,6,7,Deepak Chahar,Bowlers,Suryakumar Yadav,Batters,0,False,1.0,27,Pune,Maharashtra Cricket Association Stadium,Medium,False,True,6,0,1.0,7,7.0,20,170,163,19.0,8.578947368421053,0,10,Medium
1.1,1,1,8,Shardul Thakur,Bowlers,Evin Lewis,Batters,1,False,-1.0,27,Pune,Maharashtra Cricket Association Stadium,Medium,True,False,6,0,1.0,8,8.0,20,170,162,19.0,8.526315789473685,0,10,Medium
1.1,1,1,9,Shardul Thakur,Bowlers,Evin Lewis,Batters,0,False,1.0,27,Pune,Maharashtra Cricket Association Stadium,Medium,False,True,7,1,1.1666666666666667,8,6.857142857142857,20,170,162,18.83333333333333,8.601769911504425,0,10,Medium
1.2,1,2,10,Shardul Thakur,Bowlers,Evin Lewis,Batters,2,False,-1.0,27,Pune,Maharashtra Cricket Association Stadium,Medium,False,True,8,1,1.3333333333333333,10,7.5,20,170,160,18.666666666666668,8.571428571428571,0,10,Medium
1.3,1,3,11,Shardul Thakur,Bowlers,Evin Lewis,Batters,0,False,1.0,27,Pune,Maharashtra Cricket Association Stadium,Medium,False,True,9,1,1.5,10,6.666666666666667,20,170,160,18.5,8.64864864864865,0,10,Medium
1.4,1,4,12,Shardul Thakur,Bowlers,Evin Lewis,Batters,0,False,1.0,27,Pune,Maharashtra Cricket Association Stadium,Medium,False,True,10,1,1.6666666666666663,10,6.000000000000001,20,170,160,18.33333333333333,8.727272727272728,0,10,Medium
1.5,1,5,13,Shardul Thakur,Bowlers,Evin Lewis,Batters,0,False,1.0,27,Pune,Maharashtra Cricket Association Stadium,Medium,False,True,11,1,1.8333333333333333,10,5.454545454545454,20,170,160,18.166666666666668,8.807339449541283,0,10,Medium
1.6,1,6,14,Shardul Thakur,Bowlers,Evin Lewis,Batters,4,False,-2.0,27,Pune,Maharashtra Cricket Association Stadium,Medium,False,True,12,1,2.0,14,7.0,20,170,156,18.0,8.666666666666666,0,10,Medium
2.1,2,1,15,Deepak Chahar,Bowlers,Suryakumar Yadav,Batters,4,False,-2.0,27,Pune,Maharashtra Cricket Association Stadium,Medium,False,True,13,2,2.1666666666666665,18,8.307692307692308,20,170,152,17.833333333333332,8.52336448598131,0,10,Medium
2.2,2,2,16,Deepak Chahar,Bowlers,Suryakumar Yadav,Batters,0,False,1.0,27,Pune,Maharashtra Cricket Association Stadium,Medium,False,True,14,2,2.333333333333333,18,7.7142857142857135,20,170,152,17.666666666666668,8.60377358490566,0,10,Medium
2.3,2,3,17,Deepak Chahar,Bowlers,Suryakumar Yadav,Batters,0,False,1.0,27,Pune,Maharashtra Cricket Association Stadium,Medium,False,True,15,2,2.5,18,7.2,20,170,152,17.5,8.685714285714285,0,10,Medium
2.4,2,4,18,Deepak Chahar,Bowlers,Suryakumar Yadav,Batters,4,False,-2.0,27,Pune,Maharashtra Cricket Association Stadium,Medium,False,True,16,2,2.6666666666666665,22,8.25,20,170,148,17.333333333333332,8.538461538461538,0,10,Medium
2.5,2,5,19,Deepak Chahar,Bowlers,Suryakumar Yadav,Batters,1,False,-0.5,27,Pune,Maharashtra Cricket Association Stadium,Medium,False,True,17,2,2.833333333333333,23,8.117647058823529,20,170,147,17.166666666666668,8.563106796116504,0,10,Medium
2.6,2,6,20,Deepak Chahar,Bowlers,Evin Lewis,Batters,2,False,-1.0,27,Pune,Maharashtra Cricket Association Stadium,Medium,False,True,18,2,3.0,25,8.333333333333334,20,170,145,17.0,8.529411764705882,0,10,Medium
3.1,3,1,21,Shane Watson,All-Rounders,Suryakumar Yadav,Batters,0,False,1.0,27,Pune,Maharashtra Cricket Association Stadium,Medium,False,True,19,3,3.1666666666666665,25,7.894736842105264,20,170,145,16.833333333333332,8.613861386138614,0,10,Medium
3.2,3,2,22,Shane Watson,All-Rounders,Suryakumar Yadav,Batters,4,False,-2.0,27,Pune,Maharashtra Cricket Association Stadium,Medium,False,True,20,3,3.333333333333333,29,8.7,20,170,141,16.666666666666668,8.459999999999999,0,10,Medium
3.3,3,3,23,Shane Watson,All-Rounders,Suryakumar Yadav,Batters,2,False,-1.0,27,Pune,Maharashtra Cricket Association Stadium,Medium,False,True,21,3,3.5,31,8.857142857142858,20,170,139,16.5,8.424242424242424,0,10,Medium
3.4,3,4,24,Shane Watson,All-Rounders,Suryakumar Yadav,Batters,0,False,1.0,27,Pune,Maharashtra Cricket Association Stadium,Medium,False,True,22,3,3.6666666666666665,31,8.454545454545455,20,170,139,16.333333333333332,8.510204081632654,0,10,Medium
3.5,3,5,25,Shane Watson,All-Rounders,Suryakumar Yadav,Batters,2,False,-1.0,27,Pune,Maharashtra Cricket Association Stadium,Medium,False,True,23,3,3.8333333333333335,33,8.608695652173912,20,170,137,16.166666666666668,8.474226804123711,0,10,Medium
3.6,3,6,26,Shane Watson,All-Rounders,Suryakumar Yadav,Batters,1,False,-0.5,27,Pune,Maharashtra Cricket Association Stadium,Medium,False,True,24,3,4.0,34,8.5,20,170,136,16.0,8.5,0,10,Medium
4.1,4,1,27,Deepak Chahar,Bowlers,Suryakumar Yadav,Batters,1,False,-0.5,27,Pune,Maharashtra Cricket Association Stadium,Medium,False,True,25,4,4.166666666666667,35,8.399999999999999,20,170,135,15.833333333333332,8.526315789473685,0,10,Medium
4.2,4,2,28,Harbhajan Singh,Bowlers,Evin Lewis,Batters,0,False,1.0,27,Pune,Maharashtra Cricket Association Stadium,Medium,False,True,26,4,4.333333333333333,35,8.076923076923077,20,170,135,15.666666666666668,8.617021276595745,0,10,Medium
4.3,4,3,29,Harbhajan Singh,Bowlers,Evin Lewis,Batters,1,False,-0.5,27,Pune,Maharashtra Cricket Association Stadium,Medium,False,True,27,4,4.5,36,8.0,20,170,134,15.5,8.64516129032258,0,10,Medium
4.4,4,4,30,Harbhajan Singh,Bowlers,Suryakumar Yadav,Batters,0,False,1.0,27,Pune,Maharashtra Cricket Association Stadium,Medium,False,True,28,4,4.666666666666667,36,7.7142857142857135,20,170,134,15.333333333333332,8.73913043478261,0,10,Medium
4.5,4,5,31,Harbhajan Singh,Bowlers,Suryakumar Yadav,Batters,4,False,-2.0,27,Pune,Maharashtra Cricket Association Stadium,Medium,False,True,29,4,4.833333333333333,40,8.275862068965518,20,170,130,15.166666666666668,8.571428571428571,0,10,Medium
4.6,4,6,32,Harbhajan Singh,Bowlers,Suryakumar Yadav,Batters,1,False,-0.5,27,Pune,Maharashtra Cricket Association Stadium,Medium,False,True,30,4,5.0,41,8.2,20,170,129,15.0,8.6,0,10,Medium
5.1,5,1,33,Shardul Thakur,Bowlers,Suryakumar Yadav,Batters,0,False,1.0,27,Pune,Maharashtra Cricket Association Stadium,Medium,False,True,31,5,5.166666666666667,41,7.935483870967741,20,170,129,14.833333333333332,8.696629213483147,0,10,Medium
5.2,5,2,34,Shardul Thakur,Bowlers,Suryakumar Yadav,Batters,1,False,-0.5,27,Pune,Maharashtra Cricket Association Stadium,Medium,False,True,32,5,5.333333333333333,42,7.875,20,170,128,14.666666666666668,8.727272727272727,0,10,Medium
5.3,5,3,35,Shardul Thakur,Bowlers,Evin Lewis,Batters,1,False,-0.5,27,Pune,Maharashtra Cricket Association Stadium,Medium,False,True,33,5,5.5,43,7.818181818181818,20,170,127,14.5,8.758620689655173,0,10,Medium
5.4,5,4,36,Shardul Thakur,Bowlers,Suryakumar Yadav,Batters,6,False,-3.0,27,Pune,Maharashtra Cricket Association Stadium,Medium,False,True,34,5,5.666666666666667,49,8.647058823529411,20,170,121,14.333333333333332,8.44186046511628,0,10,Medium
5.5,5,5,37,Shardul Thakur,Bowlers,Suryakumar Yadav,Batters,0,False,1.0,27,Pune,Maharashtra Cricket Association Stadium,Medium,False,True,35,5,5.833333333333333,49,8.4,20,170,121,14.166666666666668,8.541176470588235,0,10,Medium
5.6,5,6,38,Shardul Thakur,Bowlers,Suryakumar Yadav,Batters,1,False,-0.5,27,Pune,Maharashtra Cricket Association Stadium,Medium,False,True,36,5,6.0,50,8.333333333333334,20,170,120,14.0,8.571428571428571,0,10,Medium
6.1,6,1,39,Shane Watson,All-Rounders,Suryakumar Yadav,Batters,0,False,1.0,27,Pune,Maharashtra Cricket Association Stadium,Medium,False,True,37,6,6.166666666666667,50,8.108108108108107,20,170,120,13.833333333333332,8.674698795180724,0,10,Medium
6.2,6,2,40,Shane Watson,All-Rounders,Suryakumar Yadav,Batters,1,False,-0.5,27,Pune,Maharashtra Cricket Association Stadium,Medium,False,True,38,6,6.333333333333333,51,8.052631578947368,20,170,119,13.666666666666668,8.707317073170731,0,10,Medium
6.3,6,3,41,Shane Watson,All-Rounders,Evin Lewis,Batters,1,False,-0.5,27,Pune,Maharashtra Cricket Association Stadium,Medium,False,True,39,6,6.5,52,8.0,20,170,118,13.5,8.74074074074074,0,10,Medium
6.4,6,4,42,Shane Watson,All-Rounders,Suryakumar Yadav,Batters,1,False,-0.5,27,Pune,Maharashtra Cricket Association Stadium,Medium,False,True,40,6,6.666666666666667,53,7.949999999999999,20,170,117,13.333333333333332,8.775,0,10,Medium
6.5,6,5,43,Shane Watson,All-Rounders,Evin Lewis,Batters,0,False,1.0,27,Pune,Maharashtra Cricket Association Stadium,Medium,False,True,41,6,6.833333333333333,53,7.75609756097561,20,170,117,13.166666666666668,8.886075949367088,0,10,Medium
6.6,6,6,44,Shane Watson,All-Rounders,Evin Lewis,Batters,1,False,-0.5,27,Pune,Maharashtra Cricket Association Stadium,Medium,False,True,42,6,7.0,54,7.714285714285714,20,170,116,13.0,8.923076923076923,0,10,Medium
7.1,7,1,45,Harbhajan Singh,Bowlers,Evin Lewis,Batters,1,False,-0.5,27,Pune,Maharashtra Cricket Association Stadium,Medium,False,True,43,7,7.166666666666667,55,7.674418604651162,20,170,115,12.833333333333332,8.961038961038962,0,10,Medium
7.2,7,2,46,Harbhajan Singh,Bowlers,Suryakumar Yadav,Batters,1,False,-0.5,27,Pune,Maharashtra Cricket Association Stadium,Medium,False,True,44,7,7.333333333333333,56,7.636363636363637,20,170,114,12.666666666666668,9.0,0,10,Medium
7.3,7,3,47,Harbhajan Singh,Bowlers,Evin Lewis,Batters,0,False,1.0,27,Pune,Maharashtra Cricket Association Stadium,Medium,False,True,45,7,7.5,56,7.466666666666667,20,170,114,12.5,9.12,0,10,Medium
7.4,7,4,48,Harbhajan Singh,Bowlers,Evin Lewis,Batters,0,False,1.0,27,Pune,Maharashtra Cricket Association Stadium,Medium,False,True,46,7,7.666666666666667,56,7.304347826086956,20,170,114,12.333333333333332,9.243243243243244,0,10,Medium
7.5,7,5,49,Harbhajan Singh,Bowlers,Evin Lewis,Batters,0,False,1.0,27,Pune,Maharashtra Cricket Association Stadium,Medium,False,True,47,7,7.833333333333333,56,7.148936170212767,20,170,114,12.166666666666668,9.369863013698629,0,10,Medium
7.6,7,6,50,Harbhajan Singh,Bowlers,Evin Lewis,Batters,0,False,1.0,27,Pune,Maharashtra Cricket Association Stadium,Medium,False,True,48,7,8.0,56,7.0,20,170,114,12.0,9.5,0,10,Medium
8.1,8,1,51,Imran Tahir,Bowlers,Suryakumar Yadav,Batters,1,False,-0.5,27,Pune,Maharashtra Cricket Association Stadium,Medium,False,True,49,8,8.166666666666666,57,6.979591836734694,20,170,113,11.833333333333334,9.549295774647886,0,10,Medium
8.2,8,2,52,Imran Tahir,Bowlers,Evin Lewis,Batters,0,False,1.0,27,Pune,Maharashtra Cricket Association Stadium,Medium,False,True,50,8,8.333333333333334,57,6.84,20,170,113,11.666666666666666,9.685714285714289,0,10,Medium
8.3,8,3,53,Imran Tahir,Bowlers,Evin Lewis,Batters,0,False,1.0,27,Pune,Maharashtra Cricket Association Stadium,Medium,False,True,51,8,8.5,57,6.705882352941177,20,170,113,11.5,9.826086956521738,0,10,Medium
8.4,8,4,54,Imran Tahir,Bowlers,Evin Lewis,Batters,0,False,1.0,27,Pune,Maharashtra Cricket Association Stadium,Medium,False,True,52,8,8.666666666666666,57,6.5769230769230775,20,170,113,11.333333333333334,9.970588235294118,0,10,Medium
8.5,8,5,55,Imran Tahir,Bowlers,Evin Lewis,Batters,4,False,-0.25,27,Pune,Maharashtra Cricket Association Stadium,Medium,False,True,53,8,8.833333333333334,61,6.90566037735849,20,170,109,11.166666666666666,9.761194029850747,0,10,Medium
8.6,8,6,56,Imran Tahir,Bowlers,Evin Lewis,Batters,4,False,-2.0,27,Pune,Maharashtra Cricket Association Stadium,Medium,False,True,54,8,9.0,65,7.222222222222222,20,170,105,11.0,9.545454545454543,0,10,Medium
9.1,9,1,57,Harbhajan Singh,Bowlers,Suryakumar Yadav,Batters,1,False,-0.5,27,Pune,Maharashtra Cricket Association Stadium,Medium,False,True,55,9,9.166666666666666,66,7.2,20,170,104,10.833333333333334,9.6,0,10,Medium
9.2,9,2,58,Harbhajan Singh,Bowlers,Evin Lewis,Batters,1,False,-0.5,27,Pune,Maharashtra Cricket Association Stadium,Medium,False,True,56,9,9.333333333333334,67,7.178571428571428,20,170,103,10.666666666666666,9.65625,0,10,Medium
9.3,9,3,59,Harbhajan Singh,Bowlers,Suryakumar Yadav,Batters,1,False,-0.5,27,Pune,Maharashtra Cricket Association Stadium,Medium,False,True,57,9,9.5,68,7.157894736842105,20,170,102,10.5,9.714285714285714,0,10,Medium
9.4,9,4,60,Harbhajan Singh,Bowlers,Evin Lewis,Batters,1,False,-0.5,27,Pune,Maharashtra Cricket Association Stadium,Medium,False,True,58,9,9.666666666666666,69,7.137931034482759,20,170,101,10.333333333333334,9.774193548387096,0,10,Medium
9.5,9,5,61,Harbhajan Singh,Bowlers,Suryakumar Yadav,Batters,0,True,5.0,27,Pune,Maharashtra Cricket Association Stadium,Medium,False,True,59,9,9.833333333333334,69,7.016949152542373,20,170,101,10.166666666666666,9.934426229508198,1,9,Medium
9.6,9,6,62,Harbhajan Singh,Bowlers,Evin Lewis,Batters,2,False,-1.0,27,Pune,Maharashtra Cricket Association Stadium,Medium,False,True,60,9,10.0,71,7.1,20,170,99,10.0,9.9,1,9,Medium
10.1,10,1,63,Imran Tahir,Bowlers,Rohit Sharma,Batters,1,False,-0.5,27,Pune,Maharashtra Cricket Association Stadium,Medium,False,True,61,10,10.166666666666666,72,7.081967213114755,20,170,98,9.833333333333334,9.966101694915254,1,9,Medium
10.2,10,2,64,Imran Tahir,Bowlers,Evin Lewis,Batters,6,False,-3.0,27,Pune,Maharashtra Cricket Association Stadium,Medium,False,True,62,10,10.333333333333334,78,7.548387096774193,20,170,92,9.666666666666666,9.517241379310343,1,9,Medium
10.3,10,3,65,Imran Tahir,Bowlers,Evin Lewis,Batters,1,False,-0.5,27,Pune,Maharashtra Cricket Association Stadium,Medium,False,True,63,10,10.5,79,7.523809523809524,20,170,91,9.5,9.578947368421051,1,9,Medium
10.3,10,3,66,Imran Tahir,Bowlers,Evin Lewis,Batters,1,False,-1.0,27,Pune,Maharashtra Cricket Association Stadium,Medium,True,False,63,10,10.5,80,7.619047619047619,20,170,90,9.5,9.473684210526317,1,9,Medium
10.4,10,4,67,Imran Tahir,Bowlers,Rohit Sharma,Batters,1,False,-0.5,27,Pune,Maharashtra Cricket Association Stadium,Medium,False,True,64,10,10.666666666666666,81,7.59375,20,170,89,9.333333333333334,9.535714285714285,1,9,Medium
10.5,10,5,68,Imran Tahir,Bowlers,Evin Lewis,Batters,6,False,-3.0,27,Pune,Maharashtra Cricket Association Stadium,Medium,False,True,65,10,10.833333333333334,87,8.03076923076923,20,170,83,9.166666666666666,9.054545454545456,1,9,Medium
10.6,10,6,69,Imran Tahir,Bowlers,Evin Lewis,Batters,0,False,1.0,27,Pune,Maharashtra Cricket Association Stadium,Medium,False,True,66,10,11.0,87,7.909090909090909,20,170,83,9.0,9.22222222222222,1,9,Medium
11.1,11,1,70,Harbhajan Singh,Bowlers,Rohit Sharma,Batters,1,False,-0.5,27,Pune,Maharashtra Cricket Association Stadium,Medium,False,True,67,11,11.166666666666666,88,7.880597014925374,20,170,82,8.833333333333334,9.283018867924527,1,9,Medium
11.2,11,2,71,Harbhajan Singh,Bowlers,Evin Lewis,Batters,1,False,-0.5,27,Pune,Maharashtra Cricket Association Stadium,Medium,False,True,68,11,11.333333333333334,89,7.852941176470588,20,170,81,8.666666666666666,9.346153846153848,1,9,Medium
11.3,11,3,72,Harbhajan Singh,Bowlers,Rohit Sharma,Batters,1,False,-0.5,27,Pune,Maharashtra Cricket Association Stadium,Medium,False,True,69,11,11.5,90,7.826086956521739,20,170,80,8.5,9.411764705882351,1,9,Medium
11.4,11,4,73,Harbhajan Singh,Bowlers,Evin Lewis,Batters,1,False,-0.5,27,Pune,Maharashtra Cricket Association Stadium,Medium,False,True,70,11,11.666666666666666,91,7.800000000000001,20,170,79,8.333333333333334,9.48,1,9,Medium
11.5,11,5,74,Harbhajan Singh,Bowlers,Rohit Sharma,Batters,1,False,-0.5,27,Pune,Maharashtra Cricket Association Stadium,Medium,False,True,71,11,11.833333333333334,92,7.774647887323943,20,170,78,8.166666666666666,9.551020408163266,1,9,Medium
11.6,11,6,75,Harbhajan Singh,Bowlers,Evin Lewis,Batters,1,False,-0.5,27,Pune,Maharashtra Cricket Association Stadium,Medium,False,True,72,11,12.0,93,7.75,20,170,77,8.0,9.625,1,9,Medium
12.1,12,1,76,Dwayne Bravo,All-Rounders,Evin Lewis,Batters,0,False,1.0,27,Pune,Maharashtra Cricket Association Stadium,Medium,False,True,73,12,12.166666666666666,93,7.643835616438356,20,170,77,7.833333333333334,9.829787234042552,1,9,Medium
12.2,12,2,77,Dwayne Bravo,All-Rounders,Evin Lewis,Batters,1,False,-0.5,27,Pune,Maharashtra Cricket Association Stadium,Medium,False,True,74,12,12.333333333333334,94,7.621621621621621,20,170,76,7.666666666666666,9.913043478260873,1,9,Medium
12.3,12,3,78,Dwayne Bravo,All-Rounders,Rohit Sharma,Batters,1,False,-0.5,27,Pune,Maharashtra Cricket Association Stadium,Medium,False,True,75,12,12.5,95,7.6,20,170,75,7.5,10.0,1,9,Medium
12.4,12,4,79,Dwayne Bravo,All-Rounders,Evin Lewis,Batters,1,False,-0.5,27,Pune,Maharashtra Cricket Association Stadium,Medium,False,True,76,12,12.666666666666666,96,7.578947368421053,20,170,74,7.333333333333334,10.09090909090909,1,9,Medium
12.5,12,5,80,Dwayne Bravo,All-Rounders,Rohit Sharma,Batters,1,False,-0.25,27,Pune,Maharashtra Cricket Association Stadium,Medium,False,True,77,12,12.833333333333334,97,7.558441558441558,20,170,73,7.166666666666666,10.186046511627907,1,9,Medium
12.6,12,6,81,Dwayne Bravo,All-Rounders,Evin Lewis,Batters,4,False,-2.0,27,Pune,Maharashtra Cricket Association Stadium,Medium,False,True,78,12,13.0,101,7.769230769230769,20,170,69,7.0,9.857142857142858,1,9,Medium
13.1,13,1,82,Shane Watson,All-Rounders,Rohit Sharma,Batters,6,False,-3.0,27,Pune,Maharashtra Cricket Association Stadium,Medium,False,True,79,13,13.166666666666666,107,8.126582278481013,20,170,63,6.833333333333334,9.21951219512195,1,9,Medium
13.2,13,2,83,Shane Watson,All-Rounders,Rohit Sharma,Batters,0,False,1.0,27,Pune,Maharashtra Cricket Association Stadium,Medium,False,True,80,13,13.333333333333334,107,8.025,20,170,63,6.666666666666666,9.45,1,9,Medium
13.3,13,3,84,Shane Watson,All-Rounders,Rohit Sharma,Batters,0,False,1.0,27,Pune,Maharashtra Cricket Association Stadium,Medium,False,True,81,13,13.5,107,7.925925925925926,20,170,63,6.5,9.692307692307692,1,9,Medium
13.4,13,4,85,Shane Watson,All-Rounders,Rohit Sharma,Batters,6,False,-3.0,27,Pune,Maharashtra Cricket Association Stadium,Medium,False,True,82,13,13.666666666666666,113,8.26829268292683,20,170,57,6.333333333333334,9.0,1,9,Medium
13.5,13,5,86,Shane Watson,All-Rounders,Rohit Sharma,Batters,0,False,1.0,27,Pune,Maharashtra Cricket Association Stadium,Medium,False,True,83,13,13.833333333333334,113,8.168674698795181,20,170,57,6.166666666666666,9.243243243243244,1,9,Medium
13.6,13,6,87,Shane Watson,All-Rounders,Rohit Sharma,Batters,1,False,-0.5,27,Pune,Maharashtra Cricket Association Stadium,Medium,False,True,84,13,14.0,114,8.142857142857142,20,170,56,6.0,9.333333333333334,1,9,Medium
14.1,14,1,88,Dwayne Bravo,All-Rounders,Rohit Sharma,Batters,1,False,-1.0,27,Pune,Maharashtra Cricket Association Stadium,Medium,True,False,84,13,14.0,115,8.214285714285714,20,170,55,6.0,9.166666666666666,1,9,Medium
14.1,14,1,89,Dwayne Bravo,All-Rounders,Rohit Sharma,Batters,4,False,-2.0,27,Pune,Maharashtra Cricket Association Stadium,Medium,False,True,85,14,14.166666666666666,119,8.4,20,170,51,5.833333333333334,8.742857142857142,1,9,Medium
14.2,14,2,90,Dwayne Bravo,All-Rounders,Rohit Sharma,Batters,0,False,1.0,27,Pune,Maharashtra Cricket Association Stadium,Medium,False,True,86,14,14.333333333333334,119,8.30232558139535,20,170,51,5.666666666666666,9.000000000000002,1,9,Medium
14.3,14,3,91,Dwayne Bravo,All-Rounders,Rohit Sharma,Batters,1,False,-0.5,27,Pune,Maharashtra Cricket Association Stadium,Medium,False,True,87,14,14.5,120,8.275862068965518,20,170,50,5.5,9.090909090909092,1,9,Medium
14.4,14,4,92,Dwayne Bravo,All-Rounders,Evin Lewis,Batters,1,False,-0.5,27,Pune,Maharashtra Cricket Association Stadium,Medium,False,True,88,14,14.666666666666666,121,8.25,20,170,49,5.333333333333334,9.187499999999998,1,9,Medium
14.5,14,5,93,Dwayne Bravo,All-Rounders,Rohit Sharma,Batters,1,False,-0.5,27,Pune,Maharashtra Cricket Association Stadium,Medium,False,True,89,14,14.833333333333334,122,8.224719101123595,20,170,48,5.166666666666666,9.290322580645162,1,9,Medium
14.6,14,6,94,Dwayne Bravo,All-Rounders,Evin Lewis,Batters,1,False,-0.5,27,Pune,Maharashtra Cricket Association Stadium,Medium,False,True,90,14,15.0,123,8.2,20,170,47,5.0,9.4,1,9,Medium
15.1,15,1,95,Shardul Thakur,Bowlers,Evin Lewis,Batters,1,False,-0.5,27,Pune,Maharashtra Cricket Association Stadium,Medium,False,True,91,15,15.166666666666666,124,8.175824175824177,20,170,46,4.833333333333334,9.517241379310343,1,9,Medium
15.2,15,2,96,Shardul Thakur,Bowlers,Rohit Sharma,Batters,0,False,1.0,27,Pune,Maharashtra Cricket Association Stadium,Medium,False,True,92,15,15.333333333333334,124,8.08695652173913,20,170,46,4.666666666666666,9.857142857142858,1,9,Medium
15.3,15,3,97,Shardul Thakur,Bowlers,Rohit Sharma,Batters,2,False,-1.0,27,Pune,Maharashtra Cricket Association Stadium,Medium,False,True,93,15,15.5,126,8.129032258064516,20,170,44,4.5,9.77777777777778,1,9,Medium
15.4,15,4,98,Shardul Thakur,Bowlers,Rohit Sharma,Batters,1,False,-0.5,27,Pune,Maharashtra Cricket Association Stadium,Medium,False,True,94,15,15.666666666666666,127,8.106382978723405,20,170,43,4.333333333333334,9.923076923076922,1,9,Medium
15.5,15,5,99,Shardul Thakur,Bowlers,Evin Lewis,Batters,0,False,1.0,27,Pune,Maharashtra Cricket Association Stadium,Medium,False,True,95,15,15.833333333333334,127,8.021052631578947,20,170,43,4.166666666666666,10.320000000000002,1,9,Medium
15.6,15,6,100,Shardul Thakur,Bowlers,Evin Lewis,Batters,1,False,-0.5,27,Pune,Maharashtra Cricket Association Stadium,Medium,False,True,96,15,16.0,128,8.0,20,170,42,4.0,10.5,1,9,Medium
16.1,16,1,101,Dwayne Bravo,All-Rounders,Evin Lewis,Batters,0,True,5.0,27,Pune,Maharashtra Cricket Association Stadium,Medium,False,True,97,16,16.166666666666668,128,7.917525773195876,20,170,42,3.833333333333332,10.95652173913044,2,8,Medium
16.2,16,2,102,Dwayne Bravo,All-Rounders,Rohit Sharma,Batters,1,False,-0.5,27,Pune,Maharashtra Cricket Association Stadium,Medium,False,True,98,16,16.333333333333332,129,7.89795918367347,20,170,41,3.666666666666668,11.181818181818178,2,8,Medium
16.3,16,3,103,Dwayne Bravo,All-Rounders,Hardik Pandya,All-Rounders,1,False,-0.5,27,Pune,Maharashtra Cricket Association Stadium,Medium,False,True,99,16,16.5,130,7.878787878787879,20,170,40,3.5,11.428571428571429,2,8,Medium
16.4,16,4,104,Dwayne Bravo,All-Rounders,Rohit Sharma,Batters,1,False,-0.5,27,Pune,Maharashtra Cricket Association Stadium,Medium,False,True,100,16,16.666666666666668,131,7.859999999999999,20,170,39,3.333333333333332,11.700000000000005,2,8,Medium
16.5,16,5,105,Dwayne Bravo,All-Rounders,Hardik Pandya,All-Rounders,2,False,-1.0,27,Pune,Maharashtra Cricket Association Stadium,Medium,False,True,101,16,16.833333333333332,133,7.900990099009902,20,170,37,3.166666666666668,11.684210526315786,2,8,Medium
16.6,16,6,106,Dwayne Bravo,All-Rounders,Hardik Pandya,All-Rounders,0,False,1.0,27,Pune,Maharashtra Cricket Association Stadium,Medium,False,True,102,16,17.0,133,7.823529411764706,20,170,37,3.0,12.333333333333334,2,8,Medium
17.1,17,1,107,Shane Watson,All-Rounders,Rohit Sharma,Batters,0,False,1.0,27,Pune,Maharashtra Cricket Association Stadium,Medium,False,True,103,17,17.166666666666668,133,7.74757281553398,20,170,37,2.833333333333332,13.05882352941177,2,8,Medium
17.2,17,2,108,Shane Watson,All-Rounders,Rohit Sharma,Batters,1,False,-1.0,27,Pune,Maharashtra Cricket Association Stadium,Medium,True,False,103,17,17.166666666666668,134,7.805825242718446,20,170,36,2.833333333333332,12.70588235294118,2,8,Medium
17.2,17,2,109,Shane Watson,All-Rounders,Rohit Sharma,Batters,4,False,-2.0,27,Pune,Maharashtra Cricket Association Stadium,Medium,False,True,104,17,17.333333333333332,138,7.961538461538462,20,170,32,2.666666666666668,11.999999999999996,2,8,Medium
17.3,17,3,110,Shane Watson,All-Rounders,Rohit Sharma,Batters,1,False,-0.5,27,Pune,Maharashtra Cricket Association Stadium,Medium,False,True,105,17,17.5,139,7.942857142857143,20,170,31,2.5,12.4,2,8,Medium
17.4,17,4,111,Shane Watson,All-Rounders,Hardik Pandya,All-Rounders,6,False,-3.0,27,Pune,Maharashtra Cricket Association Stadium,Medium,False,True,106,17,17.666666666666668,145,8.20754716981132,20,170,25,2.333333333333332,10.71428571428572,2,8,Medium
17.5,17,5,112,Shane Watson,All-Rounders,Hardik Pandya,All-Rounders,1,False,-0.5,27,Pune,Maharashtra Cricket Association Stadium,Medium,False,True,107,17,17.833333333333332,146,8.186915887850468,20,170,24,2.166666666666668,11.076923076923071,2,8,Medium
17.6,17,6,113,Shane Watson,All-Rounders,Rohit Sharma,Batters,2,False,-1.0,27,Pune,Maharashtra Cricket Association Stadium,Medium,False,True,108,17,18.0,148,8.222222222222221,20,170,22,2.0,11.0,2,8,Medium
18.1,18,1,114,Shardul Thakur,Bowlers,Hardik Pandya,All-Rounders,1,False,-0.5,27,Pune,Maharashtra Cricket Association Stadium,Medium,False,True,109,18,18.166666666666668,149,8.20183486238532,20,170,21,1.833333333333332,11.454545454545462,2,8,Medium
18.2,18,2,115,Shardul Thakur,Bowlers,Rohit Sharma,Batters,4,False,-2.0,27,Pune,Maharashtra Cricket Association Stadium,Medium,False,True,110,18,18.33333333333333,153,8.345454545454546,20,170,17,1.666666666666668,10.199999999999992,2,8,Medium
18.3,18,3,116,Shardul Thakur,Bowlers,Rohit Sharma,Batters,4,False,-2.0,27,Pune,Maharashtra Cricket Association Stadium,Medium,False,True,111,18,18.5,157,8.486486486486486,20,170,13,1.5,8.666666666666666,2,8,Medium
18.4,18,4,117,Shardul Thakur,Bowlers,Rohit Sharma,Batters,4,False,-2.0,27,Pune,Maharashtra Cricket Association Stadium,Medium,False,True,112,18,18.666666666666668,161,8.625,20,170,9,1.333333333333332,6.750000000000006,2,8,Medium
18.5,18,5,118,Shardul Thakur,Bowlers,Rohit Sharma,Batters,0,False,1.0,27,Pune,Maharashtra Cricket Association Stadium,Medium,False,True,113,18,18.83333333333333,161,8.548672566371682,20,170,9,1.166666666666668,7.714285714285706,2,8,Medium
18.6,18,6,119,Shardul Thakur,Bowlers,Rohit Sharma,Batters,4,False,-2.0,27,Pune,Maharashtra Cricket Association Stadium,Medium,False,True,114,18,19.0,165,8.68421052631579,20,170,5,1.0,5.0,2,8,Medium
19.1,19,1,120,Imran Tahir,Bowlers,Hardik Pandya,All-Rounders,1,False,-0.5,27,Pune,Maharashtra Cricket Association Stadium,Medium,False,True,115,19,19.166666666666668,166,8.660869565217391,20,170,4,0.8333333333333321,4.800000000000007,2,8,Medium
19.2,19,2,121,Imran Tahir,Bowlers,Rohit Sharma,Batters,2,False,-1.0,27,Pune,Maharashtra Cricket Association Stadium,Medium,False,True,116,19,19.33333333333333,168,8.689655172413794,20,170,2,0.6666666666666679,2.9999999999999947,2,8,Medium
19.3,19,3,122,Imran Tahir,Bowlers,Rohit Sharma,Batters,1,False,-0.5,27,Pune,Maharashtra Cricket Association Stadium,Medium,False,True,117,19,19.5,169,8.666666666666666,20,170,1,0.5,2.0,2,8,Medium
19.4,19,4,123,Imran Tahir,Bowlers,Hardik Pandya,All-Rounders,1,False,-0.5,27,Pune,Maharashtra Cricket Association Stadium,Medium,False,True,118,19,19.666666666666668,170,8.64406779661017,20,170,0,0.3333333333333321,0.0,2,8,Medium
