Ball Number,over,ball,Ball,bowler,bowler_role,batsman,batsman_role,Runs,is_wicket,bowler_score,match_id,city,stadium,Stadium_Type,is_extra,legal_delivery,legal_deliveries_count,overs_completed,overs_bowled,total_runs,current_run_rate,total_overs,target,runs_needed,overs_remaining,required_run_rate,wickets_fallen,wickets_in_hand,Ground_Type
0.1,0,1,1,Sandeep Sharma,Bowlers,Manan Vohra,Batters,1,False,-1.0,39,Uppal,Rajiv Gandhi International Stadium,Medium,True,False,0,0,0.0,1,0.0,20,147,146,20.0,7.3,0,10,Medium
0.1,0,1,2,Sandeep Sharma,Bowlers,Manan Vohra,Batters,1,False,-0.5,39,Uppal,Rajiv Gandhi International Stadium,Medium,False,True,1,0,0.1666666666666666,2,12.0,20,147,145,19.83333333333333,7.3109243697479,0,10,Medium
0.2,0,2,3,Sandeep Sharma,Bowlers,Parthiv Patel,Batters,0,False,1.0,39,Uppal,Rajiv Gandhi International Stadium,Medium,False,True,2,0,0.3333333333333333,2,6.0,20,147,145,19.666666666666668,7.372881355932203,0,10,Medium
0.3,0,3,4,Sandeep Sharma,Bowlers,Parthiv Patel,Batters,1,False,-0.5,39,Uppal,Rajiv Gandhi International Stadium,Medium,False,True,3,0,0.5,3,6.0,20,147,144,19.5,7.384615384615385,0,10,Medium
0.4,0,4,5,Sandeep Sharma,Bowlers,Manan Vohra,Batters,2,False,-1.0,39,Uppal,Rajiv Gandhi International Stadium,Medium,False,True,4,0,0.6666666666666666,5,7.5,20,147,142,19.33333333333333,7.344827586206897,0,10,Medium
0.5,0,5,6,Sandeep Sharma,Bowlers,Manan Vohra,Batters,0,False,1.0,39,Uppal,Rajiv Gandhi International Stadium,Medium,False,True,5,0,0.8333333333333334,5,6.0,20,147,142,19.166666666666668,7.408695652173913,0,10,Medium
0.6,0,6,7,Sandeep Sharma,Bowlers,Manan Vohra,Batters,0,False,1.0,39,Uppal,Rajiv Gandhi International Stadium,Medium,False,True,6,0,1.0,5,5.0,20,147,142,19.0,7.473684210526316,0,10,Medium
1.1,1,1,8,Bhuvneshwar Kumar,Bowlers,Parthiv Patel,Batters,4,False,-2.0,39,Uppal,Rajiv Gandhi International Stadium,Medium,False,True,7,1,1.1666666666666667,9,7.7142857142857135,20,147,138,18.83333333333333,7.327433628318585,0,10,Medium
1.2,1,2,9,Bhuvneshwar Kumar,Bowlers,Parthiv Patel,Batters,0,False,1.0,39,Uppal,Rajiv Gandhi International Stadium,Medium,False,True,8,1,1.3333333333333333,9,6.75,20,147,138,18.666666666666668,7.392857142857142,0,10,Medium
1.3,1,3,10,Bhuvneshwar Kumar,Bowlers,Parthiv Patel,Batters,0,False,1.0,39,Uppal,Rajiv Gandhi International Stadium,Medium,False,True,9,1,1.5,9,6.0,20,147,138,18.5,7.45945945945946,0,10,Medium
1.4,1,4,11,Bhuvneshwar Kumar,Bowlers,Parthiv Patel,Batters,0,False,1.0,39,Uppal,Rajiv Gandhi International Stadium,Medium,False,True,10,1,1.6666666666666663,9,5.4,20,147,138,18.33333333333333,7.527272727272727,0,10,Medium
1.5,1,5,12,Bhuvneshwar Kumar,Bowlers,Parthiv Patel,Batters,4,False,-2.0,39,Uppal,Rajiv Gandhi International Stadium,Medium,False,True,11,1,1.8333333333333333,13,7.09090909090909,20,147,134,18.166666666666668,7.376146788990825,0,10,Medium
1.6,1,6,13,Bhuvneshwar Kumar,Bowlers,Parthiv Patel,Batters,1,False,-0.5,39,Uppal,Rajiv Gandhi International Stadium,Medium,False,True,12,1,2.0,14,7.0,20,147,133,18.0,7.388888888888889,0,10,Medium
2.1,2,1,14,Shakib Al Hasan,All-Rounders,Parthiv Patel,Batters,2,False,-1.0,39,Uppal,Rajiv Gandhi International Stadium,Medium,False,True,13,2,2.1666666666666665,16,7.384615384615385,20,147,131,17.833333333333332,7.345794392523365,0,10,Medium
2.2,2,2,15,Shakib Al Hasan,All-Rounders,Parthiv Patel,Batters,0,False,1.0,39,Uppal,Rajiv Gandhi International Stadium,Medium,False,True,14,2,2.333333333333333,16,6.857142857142857,20,147,131,17.666666666666668,7.415094339622641,0,10,Medium
2.3,2,3,16,Shakib Al Hasan,All-Rounders,Parthiv Patel,Batters,4,False,-2.0,39,Uppal,Rajiv Gandhi International Stadium,Medium,False,True,15,2,2.5,20,8.0,20,147,127,17.5,7.257142857142857,0,10,Medium
2.4,2,4,17,Shakib Al Hasan,All-Rounders,Parthiv Patel,Batters,4,False,-2.0,39,Uppal,Rajiv Gandhi International Stadium,Medium,False,True,16,2,2.6666666666666665,24,9.0,20,147,123,17.333333333333332,7.096153846153847,0,10,Medium
2.5,2,5,18,Shakib Al Hasan,All-Rounders,Parthiv Patel,Batters,0,True,5.0,39,Uppal,Rajiv Gandhi International Stadium,Medium,False,True,17,2,2.833333333333333,24,8.470588235294118,20,147,123,17.166666666666668,7.16504854368932,1,9,Medium
2.6,2,6,19,Shakib Al Hasan,All-Rounders,Virat Kohli,Batters,1,False,-0.5,39,Uppal,Rajiv Gandhi International Stadium,Medium,False,True,18,2,3.0,25,8.333333333333334,20,147,122,17.0,7.176470588235294,1,9,Medium
3.1,3,1,20,Bhuvneshwar Kumar,Bowlers,Virat Kohli,Batters,0,False,1.0,39,Uppal,Rajiv Gandhi International Stadium,Medium,False,True,19,3,3.1666666666666665,25,7.894736842105264,20,147,122,16.833333333333332,7.247524752475248,1,9,Medium
3.2,3,2,21,Bhuvneshwar Kumar,Bowlers,Virat Kohli,Batters,4,False,-2.0,39,Uppal,Rajiv Gandhi International Stadium,Medium,False,True,20,3,3.333333333333333,29,8.7,20,147,118,16.666666666666668,7.079999999999999,1,9,Medium
3.3,3,3,22,Bhuvneshwar Kumar,Bowlers,Virat Kohli,Batters,1,False,-0.5,39,Uppal,Rajiv Gandhi International Stadium,Medium,False,True,21,3,3.5,30,8.571428571428571,20,147,117,16.5,7.090909090909091,1,9,Medium
3.4,3,4,23,Bhuvneshwar Kumar,Bowlers,Manan Vohra,Batters,1,False,-0.5,39,Uppal,Rajiv Gandhi International Stadium,Medium,False,True,22,3,3.6666666666666665,31,8.454545454545455,20,147,116,16.333333333333332,7.102040816326531,1,9,Medium
3.5,3,5,24,Bhuvneshwar Kumar,Bowlers,Virat Kohli,Batters,0,False,1.0,39,Uppal,Rajiv Gandhi International Stadium,Medium,False,True,23,3,3.8333333333333335,31,8.08695652173913,20,147,116,16.166666666666668,7.175257731958762,1,9,Medium
3.6,3,6,25,Bhuvneshwar Kumar,Bowlers,Virat Kohli,Batters,1,False,-0.5,39,Uppal,Rajiv Gandhi International Stadium,Medium,False,True,24,3,4.0,32,8.0,20,147,115,16.0,7.1875,1,9,Medium
4.1,4,1,26,Shakib Al Hasan,All-Rounders,Virat Kohli,Batters,0,False,1.0,39,Uppal,Rajiv Gandhi International Stadium,Medium,False,True,25,4,4.166666666666667,32,7.68,20,147,115,15.833333333333332,7.263157894736842,1,9,Medium
4.2,4,2,27,Shakib Al Hasan,All-Rounders,Virat Kohli,Batters,0,False,1.0,39,Uppal,Rajiv Gandhi International Stadium,Medium,False,True,26,4,4.333333333333333,32,7.384615384615385,20,147,115,15.666666666666668,7.340425531914893,1,9,Medium
4.3,4,3,28,Shakib Al Hasan,All-Rounders,Virat Kohli,Batters,4,False,-2.0,39,Uppal,Rajiv Gandhi International Stadium,Medium,False,True,27,4,4.5,36,8.0,20,147,111,15.5,7.161290322580645,1,9,Medium
4.4,4,4,29,Shakib Al Hasan,All-Rounders,Virat Kohli,Batters,6,False,-3.0,39,Uppal,Rajiv Gandhi International Stadium,Medium,False,True,28,4,4.666666666666667,42,9.0,20,147,105,15.333333333333332,6.847826086956522,1,9,Medium
4.5,4,5,30,Shakib Al Hasan,All-Rounders,Virat Kohli,Batters,4,False,-2.0,39,Uppal,Rajiv Gandhi International Stadium,Medium,False,True,29,4,4.833333333333333,46,9.517241379310343,20,147,101,15.166666666666668,6.659340659340659,1,9,Medium
4.6,4,6,31,Shakib Al Hasan,All-Rounders,Virat Kohli,Batters,1,False,-0.5,39,Uppal,Rajiv Gandhi International Stadium,Medium,False,True,30,4,5.0,47,9.4,20,147,100,15.0,6.666666666666667,1,9,Medium
5.1,5,1,32,Siddarth Kaul,Bowlers,Virat Kohli,Batters,4,False,-2.0,39,Uppal,Rajiv Gandhi International Stadium,Medium,False,True,31,5,5.166666666666667,51,9.870967741935484,20,147,96,14.833333333333332,6.471910112359551,1,9,Medium
5.2,5,2,33,Siddarth Kaul,Bowlers,Virat Kohli,Batters,1,False,-0.5,39,Uppal,Rajiv Gandhi International Stadium,Medium,False,True,32,5,5.333333333333333,52,9.75,20,147,95,14.666666666666668,6.477272727272727,1,9,Medium
5.3,5,3,34,Siddarth Kaul,Bowlers,Manan Vohra,Batters,1,False,-0.5,39,Uppal,Rajiv Gandhi International Stadium,Medium,False,True,33,5,5.5,53,9.636363636363637,20,147,94,14.5,6.482758620689655,1,9,Medium
5.4,5,4,35,Siddarth Kaul,Bowlers,Virat Kohli,Batters,0,False,1.0,39,Uppal,Rajiv Gandhi International Stadium,Medium,False,True,34,5,5.666666666666667,53,9.352941176470589,20,147,94,14.333333333333332,6.558139534883721,1,9,Medium
5.5,5,5,36,Siddarth Kaul,Bowlers,Virat Kohli,Batters,1,False,-0.5,39,Uppal,Rajiv Gandhi International Stadium,Medium,False,True,35,5,5.833333333333333,54,9.257142857142858,20,147,93,14.166666666666668,6.564705882352941,1,9,Medium
5.6,5,6,37,Siddarth Kaul,Bowlers,Manan Vohra,Batters,1,False,-0.5,39,Uppal,Rajiv Gandhi International Stadium,Medium,False,True,36,5,6.0,55,9.166666666666666,20,147,92,14.0,6.571428571428571,1,9,Medium
6.1,6,1,38,Rashid Khan,All-Rounders,Manan Vohra,Batters,1,False,-0.5,39,Uppal,Rajiv Gandhi International Stadium,Medium,False,True,37,6,6.166666666666667,56,9.08108108108108,20,147,91,13.833333333333332,6.578313253012049,1,9,Medium
6.2,6,2,39,Rashid Khan,All-Rounders,Virat Kohli,Batters,1,False,-0.5,39,Uppal,Rajiv Gandhi International Stadium,Medium,False,True,38,6,6.333333333333333,57,9.0,20,147,90,13.666666666666668,6.585365853658536,1,9,Medium
6.3,6,3,40,Rashid Khan,All-Rounders,Manan Vohra,Batters,1,False,-0.5,39,Uppal,Rajiv Gandhi International Stadium,Medium,False,True,39,6,6.5,58,8.923076923076923,20,147,89,13.5,6.592592592592593,1,9,Medium
6.4,6,4,41,Rashid Khan,All-Rounders,Virat Kohli,Batters,0,False,1.0,39,Uppal,Rajiv Gandhi International Stadium,Medium,False,True,40,6,6.666666666666667,58,8.7,20,147,89,13.333333333333332,6.675000000000001,1,9,Medium
6.5,6,5,42,Rashid Khan,All-Rounders,Virat Kohli,Batters,2,False,-1.0,39,Uppal,Rajiv Gandhi International Stadium,Medium,False,True,41,6,6.833333333333333,60,8.78048780487805,20,147,87,13.166666666666668,6.6075949367088604,1,9,Medium
6.6,6,6,43,Rashid Khan,All-Rounders,Virat Kohli,Batters,0,False,1.0,39,Uppal,Rajiv Gandhi International Stadium,Medium,False,True,42,6,7.0,60,8.571428571428571,20,147,87,13.0,6.6923076923076925,1,9,Medium
7.1,7,1,44,Sandeep Sharma,Bowlers,Manan Vohra,Batters,0,True,5.0,39,Uppal,Rajiv Gandhi International Stadium,Medium,False,True,43,7,7.166666666666667,60,8.372093023255813,20,147,87,12.833333333333332,6.77922077922078,2,8,Medium
7.2,7,2,45,Sandeep Sharma,Bowlers,AB de Villiers,Batters,1,False,-0.5,39,Uppal,Rajiv Gandhi International Stadium,Medium,False,True,44,7,7.333333333333333,61,8.318181818181818,20,147,86,12.666666666666668,6.789473684210526,2,8,Medium
7.3,7,3,46,Sandeep Sharma,Bowlers,Virat Kohli,Batters,1,False,-0.5,39,Uppal,Rajiv Gandhi International Stadium,Medium,False,True,45,7,7.5,62,8.266666666666667,20,147,85,12.5,6.8,2,8,Medium
7.4,7,4,47,Sandeep Sharma,Bowlers,AB de Villiers,Batters,1,False,-0.5,39,Uppal,Rajiv Gandhi International Stadium,Medium,False,True,46,7,7.666666666666667,63,8.217391304347826,20,147,84,12.333333333333332,6.810810810810811,2,8,Medium
7.5,7,5,48,Sandeep Sharma,Bowlers,Virat Kohli,Batters,1,False,-0.5,39,Uppal,Rajiv Gandhi International Stadium,Medium,False,True,47,7,7.833333333333333,64,8.170212765957448,20,147,83,12.166666666666668,6.821917808219178,2,8,Medium
7.6,7,6,49,Sandeep Sharma,Bowlers,AB de Villiers,Batters,0,False,1.0,39,Uppal,Rajiv Gandhi International Stadium,Medium,False,True,48,7,8.0,64,8.0,20,147,83,12.0,6.916666666666667,2,8,Medium
8.1,8,1,50,Rashid Khan,All-Rounders,Virat Kohli,Batters,0,False,1.0,39,Uppal,Rajiv Gandhi International Stadium,Medium,False,True,49,8,8.166666666666666,64,7.836734693877552,20,147,83,11.833333333333334,7.014084507042253,2,8,Medium
8.2,8,2,51,Rashid Khan,All-Rounders,Virat Kohli,Batters,4,False,-2.0,39,Uppal,Rajiv Gandhi International Stadium,Medium,False,True,50,8,8.333333333333334,68,8.16,20,147,79,11.666666666666666,6.771428571428571,2,8,Medium
8.3,8,3,52,Rashid Khan,All-Rounders,Virat Kohli,Batters,0,False,1.0,39,Uppal,Rajiv Gandhi International Stadium,Medium,False,True,51,8,8.5,68,8.0,20,147,79,11.5,6.869565217391305,2,8,Medium
8.4,8,4,53,Rashid Khan,All-Rounders,Virat Kohli,Batters,1,False,-0.5,39,Uppal,Rajiv Gandhi International Stadium,Medium,False,True,52,8,8.666666666666666,69,7.961538461538462,20,147,78,11.333333333333334,6.88235294117647,2,8,Medium
8.5,8,5,54,Rashid Khan,All-Rounders,AB de Villiers,Batters,1,False,-1.0,39,Uppal,Rajiv Gandhi International Stadium,Medium,True,False,52,8,8.666666666666666,70,8.076923076923077,20,147,77,11.333333333333334,6.794117647058823,2,8,Medium
8.5,8,5,55,Rashid Khan,All-Rounders,AB de Villiers,Batters,1,False,-0.5,39,Uppal,Rajiv Gandhi International Stadium,Medium,False,True,53,8,8.833333333333334,71,8.037735849056602,20,147,76,11.166666666666666,6.8059701492537314,2,8,Medium
8.6,8,6,56,Rashid Khan,All-Rounders,Virat Kohli,Batters,0,False,1.0,39,Uppal,Rajiv Gandhi International Stadium,Medium,False,True,54,8,9.0,71,7.888888888888889,20,147,76,11.0,6.909090909090909,2,8,Medium
9.1,9,1,57,Shakib Al Hasan,All-Rounders,AB de Villiers,Batters,1,False,-0.5,39,Uppal,Rajiv Gandhi International Stadium,Medium,False,True,55,9,9.166666666666666,72,7.854545454545455,20,147,75,10.833333333333334,6.9230769230769225,2,8,Medium
9.2,9,2,58,Shakib Al Hasan,All-Rounders,Virat Kohli,Batters,1,False,-0.5,39,Uppal,Rajiv Gandhi International Stadium,Medium,False,True,56,9,9.333333333333334,73,7.821428571428571,20,147,74,10.666666666666666,6.9375,2,8,Medium
9.3,9,3,59,Shakib Al Hasan,All-Rounders,AB de Villiers,Batters,1,False,-0.5,39,Uppal,Rajiv Gandhi International Stadium,Medium,False,True,57,9,9.5,74,7.7894736842105265,20,147,73,10.5,6.9523809523809526,2,8,Medium
9.4,9,4,60,Shakib Al Hasan,All-Rounders,Virat Kohli,Batters,0,False,1.0,39,Uppal,Rajiv Gandhi International Stadium,Medium,False,True,58,9,9.666666666666666,74,7.655172413793104,20,147,73,10.333333333333334,7.064516129032258,2,8,Medium
9.5,9,5,61,Shakib Al Hasan,All-Rounders,Virat Kohli,Batters,0,True,5.0,39,Uppal,Rajiv Gandhi International Stadium,Medium,False,True,59,9,9.833333333333334,74,7.525423728813559,20,147,73,10.166666666666666,7.180327868852459,3,7,Medium
9.6,9,6,62,Shakib Al Hasan,All-Rounders,Moeen Ali,All-Rounders,1,False,-0.5,39,Uppal,Rajiv Gandhi International Stadium,Medium,False,True,60,9,10.0,75,7.5,20,147,72,10.0,7.2,3,7,Medium
10.1,10,1,63,Rashid Khan,All-Rounders,Moeen Ali,All-Rounders,4,False,-2.0,39,Uppal,Rajiv Gandhi International Stadium,Medium,False,True,61,10,10.166666666666666,79,7.770491803278689,20,147,68,9.833333333333334,6.915254237288135,3,7,Medium
10.2,10,2,64,Rashid Khan,All-Rounders,Moeen Ali,All-Rounders,1,False,-0.5,39,Uppal,Rajiv Gandhi International Stadium,Medium,False,True,62,10,10.333333333333334,80,7.741935483870967,20,147,67,9.666666666666666,6.931034482758621,3,7,Medium
10.3,10,3,65,Rashid Khan,All-Rounders,AB de Villiers,Batters,0,False,1.0,39,Uppal,Rajiv Gandhi International Stadium,Medium,False,True,63,10,10.5,80,7.619047619047619,20,147,67,9.5,7.052631578947368,3,7,Medium
10.4,10,4,66,Rashid Khan,All-Rounders,AB de Villiers,Batters,0,True,5.0,39,Uppal,Rajiv Gandhi International Stadium,Medium,False,True,64,10,10.666666666666666,80,7.5,20,147,67,9.333333333333334,7.178571428571428,4,6,Medium
10.5,10,5,67,Rashid Khan,All-Rounders,Mandeep Singh,All-Rounders,0,False,1.0,39,Uppal,Rajiv Gandhi International Stadium,Medium,False,True,65,10,10.833333333333334,80,7.384615384615384,20,147,67,9.166666666666666,7.309090909090909,4,6,Medium
10.6,10,6,68,Rashid Khan,All-Rounders,Mandeep Singh,All-Rounders,0,False,1.0,39,Uppal,Rajiv Gandhi International Stadium,Medium,False,True,66,10,11.0,80,7.272727272727272,20,147,67,9.0,7.444444444444445,4,6,Medium
11.1,11,1,69,Siddarth Kaul,Bowlers,Moeen Ali,All-Rounders,4,False,-2.0,39,Uppal,Rajiv Gandhi International Stadium,Medium,False,True,67,11,11.166666666666666,84,7.522388059701493,20,147,63,8.833333333333334,7.132075471698113,4,6,Medium
11.2,11,2,70,Siddarth Kaul,Bowlers,Moeen Ali,All-Rounders,0,False,1.0,39,Uppal,Rajiv Gandhi International Stadium,Medium,False,True,68,11,11.333333333333334,84,7.411764705882352,20,147,63,8.666666666666666,7.26923076923077,4,6,Medium
11.3,11,3,71,Siddarth Kaul,Bowlers,Moeen Ali,All-Rounders,0,False,1.0,39,Uppal,Rajiv Gandhi International Stadium,Medium,False,True,69,11,11.5,84,7.304347826086956,20,147,63,8.5,7.411764705882353,4,6,Medium
11.4,11,4,72,Siddarth Kaul,Bowlers,Moeen Ali,All-Rounders,0,True,5.0,39,Uppal,Rajiv Gandhi International Stadium,Medium,False,True,70,11,11.666666666666666,84,7.2,20,147,63,8.333333333333334,7.56,5,5,Medium
11.5,11,5,73,Siddarth Kaul,Bowlers,Colin de Grandhomme,All-Rounders,0,False,1.0,39,Uppal,Rajiv Gandhi International Stadium,Medium,False,True,71,11,11.833333333333334,84,7.098591549295774,20,147,63,8.166666666666666,7.714285714285714,5,5,Medium
11.6,11,6,74,Siddarth Kaul,Bowlers,Colin de Grandhomme,All-Rounders,1,False,-0.5,39,Uppal,Rajiv Gandhi International Stadium,Medium,False,True,72,11,12.0,85,7.083333333333333,20,147,62,8.0,7.75,5,5,Medium
12.1,12,1,75,Sandeep Sharma,Bowlers,Colin de Grandhomme,All-Rounders,0,False,1.0,39,Uppal,Rajiv Gandhi International Stadium,Medium,False,True,73,12,12.166666666666666,85,6.986301369863014,20,147,62,7.833333333333334,7.914893617021276,5,5,Medium
12.2,12,2,76,Sandeep Sharma,Bowlers,Colin de Grandhomme,All-Rounders,1,False,-0.5,39,Uppal,Rajiv Gandhi International Stadium,Medium,False,True,74,12,12.333333333333334,86,6.972972972972973,20,147,61,7.666666666666666,7.9565217391304355,5,5,Medium
12.3,12,3,77,Sandeep Sharma,Bowlers,Mandeep Singh,All-Rounders,0,False,1.0,39,Uppal,Rajiv Gandhi International Stadium,Medium,False,True,75,12,12.5,86,6.88,20,147,61,7.5,8.133333333333333,5,5,Medium
12.4,12,4,78,Sandeep Sharma,Bowlers,Mandeep Singh,All-Rounders,0,False,1.0,39,Uppal,Rajiv Gandhi International Stadium,Medium,False,True,76,12,12.666666666666666,86,6.789473684210527,20,147,61,7.333333333333334,8.318181818181818,5,5,Medium
12.5,12,5,79,Sandeep Sharma,Bowlers,Mandeep Singh,All-Rounders,0,False,1.0,39,Uppal,Rajiv Gandhi International Stadium,Medium,False,True,77,12,12.833333333333334,86,6.701298701298701,20,147,61,7.166666666666666,8.511627906976745,5,5,Medium
12.6,12,6,80,Sandeep Sharma,Bowlers,Mandeep Singh,All-Rounders,1,False,-0.5,39,Uppal,Rajiv Gandhi International Stadium,Medium,False,True,78,12,13.0,87,6.6923076923076925,20,147,60,7.0,8.571428571428571,5,5,Medium
13.1,13,1,81,Shakib Al Hasan,All-Rounders,Mandeep Singh,All-Rounders,2,False,-1.0,39,Uppal,Rajiv Gandhi International Stadium,Medium,False,True,79,13,13.166666666666666,89,6.759493670886076,20,147,58,6.833333333333334,8.48780487804878,5,5,Medium
13.2,13,2,82,Shakib Al Hasan,All-Rounders,Mandeep Singh,All-Rounders,1,False,-0.5,39,Uppal,Rajiv Gandhi International Stadium,Medium,False,True,80,13,13.333333333333334,90,6.75,20,147,57,6.666666666666666,8.55,5,5,Medium
13.3,13,3,83,Shakib Al Hasan,All-Rounders,Colin de Grandhomme,All-Rounders,1,False,-0.5,39,Uppal,Rajiv Gandhi International Stadium,Medium,False,True,81,13,13.5,91,6.7407407407407405,20,147,56,6.5,8.615384615384615,5,5,Medium
13.4,13,4,84,Shakib Al Hasan,All-Rounders,Mandeep Singh,All-Rounders,1,False,-0.5,39,Uppal,Rajiv Gandhi International Stadium,Medium,False,True,82,13,13.666666666666666,92,6.731707317073171,20,147,55,6.333333333333334,8.68421052631579,5,5,Medium
13.5,13,5,85,Shakib Al Hasan,All-Rounders,Colin de Grandhomme,All-Rounders,0,False,1.0,39,Uppal,Rajiv Gandhi International Stadium,Medium,False,True,83,13,13.833333333333334,92,6.650602409638554,20,147,55,6.166666666666666,8.91891891891892,5,5,Medium
13.6,13,6,86,Shakib Al Hasan,All-Rounders,Colin de Grandhomme,All-Rounders,1,False,-0.5,39,Uppal,Rajiv Gandhi International Stadium,Medium,False,True,84,13,14.0,93,6.642857142857143,20,147,54,6.0,9.0,5,5,Medium
14.1,14,1,87,Sandeep Sharma,Bowlers,Colin de Grandhomme,All-Rounders,2,False,-1.0,39,Uppal,Rajiv Gandhi International Stadium,Medium,False,True,85,14,14.166666666666666,95,6.705882352941177,20,147,52,5.833333333333334,8.914285714285713,5,5,Medium
14.2,14,2,88,Sandeep Sharma,Bowlers,Colin de Grandhomme,All-Rounders,1,False,-0.5,39,Uppal,Rajiv Gandhi International Stadium,Medium,False,True,86,14,14.333333333333334,96,6.697674418604651,20,147,51,5.666666666666666,9.000000000000002,5,5,Medium
14.3,14,3,89,Sandeep Sharma,Bowlers,Mandeep Singh,All-Rounders,1,False,-0.5,39,Uppal,Rajiv Gandhi International Stadium,Medium,False,True,87,14,14.5,97,6.689655172413793,20,147,50,5.5,9.090909090909092,5,5,Medium
14.4,14,4,90,Sandeep Sharma,Bowlers,Colin de Grandhomme,All-Rounders,1,False,-0.5,39,Uppal,Rajiv Gandhi International Stadium,Medium,False,True,88,14,14.666666666666666,98,6.681818181818182,20,147,49,5.333333333333334,9.187499999999998,5,5,Medium
14.5,14,5,91,Sandeep Sharma,Bowlers,Mandeep Singh,All-Rounders,0,False,1.0,39,Uppal,Rajiv Gandhi International Stadium,Medium,False,True,89,14,14.833333333333334,98,6.606741573033708,20,147,49,5.166666666666666,9.483870967741936,5,5,Medium
14.6,14,6,92,Sandeep Sharma,Bowlers,Mandeep Singh,All-Rounders,4,False,-2.0,39,Uppal,Rajiv Gandhi International Stadium,Medium,False,True,90,14,15.0,102,6.8,20,147,45,5.0,9.0,5,5,Medium
15.1,15,1,93,Siddarth Kaul,Bowlers,Colin de Grandhomme,All-Rounders,1,False,-0.5,39,Uppal,Rajiv Gandhi International Stadium,Medium,False,True,91,15,15.166666666666666,103,6.791208791208791,20,147,44,4.833333333333334,9.103448275862068,5,5,Medium
15.2,15,2,94,Siddarth Kaul,Bowlers,Mandeep Singh,All-Rounders,1,False,-0.5,39,Uppal,Rajiv Gandhi International Stadium,Medium,False,True,92,15,15.333333333333334,104,6.782608695652174,20,147,43,4.666666666666666,9.214285714285715,5,5,Medium
15.3,15,3,95,Siddarth Kaul,Bowlers,Colin de Grandhomme,All-Rounders,1,False,-0.5,39,Uppal,Rajiv Gandhi International Stadium,Medium,False,True,93,15,15.5,105,6.774193548387097,20,147,42,4.5,9.333333333333334,5,5,Medium
15.4,15,4,96,Siddarth Kaul,Bowlers,Mandeep Singh,All-Rounders,1,False,-0.5,39,Uppal,Rajiv Gandhi International Stadium,Medium,False,True,94,15,15.666666666666666,106,6.765957446808511,20,147,41,4.333333333333334,9.46153846153846,5,5,Medium
15.5,15,5,97,Siddarth Kaul,Bowlers,Colin de Grandhomme,All-Rounders,1,False,-0.5,39,Uppal,Rajiv Gandhi International Stadium,Medium,False,True,95,15,15.833333333333334,107,6.757894736842105,20,147,40,4.166666666666666,9.6,5,5,Medium
15.6,15,6,98,Siddarth Kaul,Bowlers,Mandeep Singh,All-Rounders,1,False,-0.25,39,Uppal,Rajiv Gandhi International Stadium,Medium,False,True,96,15,16.0,108,6.75,20,147,39,4.0,9.75,5,5,Medium
16.1,16,1,99,Rashid Khan,All-Rounders,Mandeep Singh,All-Rounders,1,False,-0.5,39,Uppal,Rajiv Gandhi International Stadium,Medium,False,True,97,16,16.166666666666668,109,6.7422680412371125,20,147,38,3.833333333333332,9.913043478260873,5,5,Medium
16.2,16,2,100,Rashid Khan,All-Rounders,Colin de Grandhomme,All-Rounders,6,False,-3.0,39,Uppal,Rajiv Gandhi International Stadium,Medium,False,True,98,16,16.333333333333332,115,7.040816326530613,20,147,32,3.666666666666668,8.727272727272725,5,5,Medium
16.3,16,3,101,Rashid Khan,All-Rounders,Colin de Grandhomme,All-Rounders,6,False,-3.0,39,Uppal,Rajiv Gandhi International Stadium,Medium,False,True,99,16,16.5,121,7.333333333333333,20,147,26,3.5,7.428571428571429,5,5,Medium
16.4,16,4,102,Rashid Khan,All-Rounders,Colin de Grandhomme,All-Rounders,0,False,1.0,39,Uppal,Rajiv Gandhi International Stadium,Medium,False,True,100,16,16.666666666666668,121,7.26,20,147,26,3.333333333333332,7.800000000000002,5,5,Medium
16.5,16,5,103,Rashid Khan,All-Rounders,Colin de Grandhomme,All-Rounders,0,False,1.0,39,Uppal,Rajiv Gandhi International Stadium,Medium,False,True,101,16,16.833333333333332,121,7.188118811881188,20,147,26,3.166666666666668,8.21052631578947,5,5,Medium
16.6,16,6,104,Rashid Khan,All-Rounders,Colin de Grandhomme,All-Rounders,1,False,-1.0,39,Uppal,Rajiv Gandhi International Stadium,Medium,True,False,101,16,16.833333333333332,122,7.247524752475248,20,147,25,3.166666666666668,7.89473684210526,5,5,Medium
16.6,16,6,105,Rashid Khan,All-Rounders,Colin de Grandhomme,All-Rounders,0,False,1.0,39,Uppal,Rajiv Gandhi International Stadium,Medium,False,True,102,16,17.0,122,7.176470588235294,20,147,25,3.0,8.333333333333334,5,5,Medium
17.1,17,1,106,Bhuvneshwar Kumar,Bowlers,Mandeep Singh,All-Rounders,1,False,-0.5,39,Uppal,Rajiv Gandhi International Stadium,Medium,False,True,103,17,17.166666666666668,123,7.16504854368932,20,147,24,2.833333333333332,8.470588235294121,5,5,Medium
17.2,17,2,107,Bhuvneshwar Kumar,Bowlers,Colin de Grandhomme,All-Rounders,0,False,1.0,39,Uppal,Rajiv Gandhi International Stadium,Medium,False,True,104,17,17.333333333333332,123,7.096153846153847,20,147,24,2.666666666666668,8.999999999999996,5,5,Medium
17.3,17,3,108,Bhuvneshwar Kumar,Bowlers,Colin de Grandhomme,All-Rounders,4,False,-2.0,39,Uppal,Rajiv Gandhi International Stadium,Medium,False,True,105,17,17.5,127,7.257142857142857,20,147,20,2.5,8.0,5,5,Medium
17.4,17,4,109,Bhuvneshwar Kumar,Bowlers,Colin de Grandhomme,All-Rounders,0,False,1.0,39,Uppal,Rajiv Gandhi International Stadium,Medium,False,True,106,17,17.666666666666668,127,7.188679245283018,20,147,20,2.333333333333332,8.571428571428577,5,5,Medium
17.5,17,5,110,Bhuvneshwar Kumar,Bowlers,Colin de Grandhomme,All-Rounders,0,False,1.0,39,Uppal,Rajiv Gandhi International Stadium,Medium,False,True,107,17,17.833333333333332,127,7.121495327102804,20,147,20,2.166666666666668,9.230769230769226,5,5,Medium
17.6,17,6,111,Bhuvneshwar Kumar,Bowlers,Colin de Grandhomme,All-Rounders,1,False,-0.5,39,Uppal,Rajiv Gandhi International Stadium,Medium,False,True,108,17,18.0,128,7.111111111111111,20,147,19,2.0,9.5,5,5,Medium
18.1,18,1,112,Siddarth Kaul,Bowlers,Colin de Grandhomme,All-Rounders,1,False,-0.5,39,Uppal,Rajiv Gandhi International Stadium,Medium,False,True,109,18,18.166666666666668,129,7.10091743119266,20,147,18,1.833333333333332,9.818181818181824,5,5,Medium
18.2,18,2,113,Siddarth Kaul,Bowlers,Mandeep Singh,All-Rounders,2,False,-1.0,39,Uppal,Rajiv Gandhi International Stadium,Medium,False,True,110,18,18.33333333333333,131,7.1454545454545455,20,147,16,1.666666666666668,9.599999999999993,5,5,Medium
18.3,18,3,114,Siddarth Kaul,Bowlers,Mandeep Singh,All-Rounders,1,False,-0.5,39,Uppal,Rajiv Gandhi International Stadium,Medium,False,True,111,18,18.5,132,7.135135135135135,20,147,15,1.5,10.0,5,5,Medium
18.4,18,4,115,Siddarth Kaul,Bowlers,Colin de Grandhomme,All-Rounders,1,False,-0.5,39,Uppal,Rajiv Gandhi International Stadium,Medium,False,True,112,18,18.666666666666668,133,7.124999999999999,20,147,14,1.333333333333332,10.500000000000009,5,5,Medium
18.5,18,5,116,Siddarth Kaul,Bowlers,Mandeep Singh,All-Rounders,1,False,-0.5,39,Uppal,Rajiv Gandhi International Stadium,Medium,False,True,113,18,18.83333333333333,134,7.115044247787611,20,147,13,1.166666666666668,11.142857142857132,5,5,Medium
18.6,18,6,117,Siddarth Kaul,Bowlers,Colin de Grandhomme,All-Rounders,1,False,-0.5,39,Uppal,Rajiv Gandhi International Stadium,Medium,False,True,114,18,19.0,135,7.105263157894737,20,147,12,1.0,12.0,5,5,Medium
19.1,19,1,118,Bhuvneshwar Kumar,Bowlers,Colin de Grandhomme,All-Rounders,1,False,-0.5,39,Uppal,Rajiv Gandhi International Stadium,Medium,False,True,115,19,19.166666666666668,136,7.095652173913043,20,147,11,0.8333333333333321,13.20000000000002,5,5,Medium
19.2,19,2,119,Bhuvneshwar Kumar,Bowlers,Mandeep Singh,All-Rounders,2,False,-1.0,39,Uppal,Rajiv Gandhi International Stadium,Medium,False,True,116,19,19.33333333333333,138,7.137931034482759,20,147,9,0.6666666666666679,13.499999999999975,5,5,Medium
19.3,19,3,120,Bhuvneshwar Kumar,Bowlers,Mandeep Singh,All-Rounders,1,False,-0.5,39,Uppal,Rajiv Gandhi International Stadium,Medium,False,True,117,19,19.5,139,7.128205128205129,20,147,8,0.5,16.0,5,5,Medium
19.4,19,4,121,Bhuvneshwar Kumar,Bowlers,Colin de Grandhomme,All-Rounders,1,False,-0.5,39,Uppal,Rajiv Gandhi International Stadium,Medium,False,True,118,19,19.666666666666668,140,7.11864406779661,20,147,7,0.3333333333333321,21.000000000000075,5,5,Medium
19.5,19,5,122,Bhuvneshwar Kumar,Bowlers,Mandeep Singh,All-Rounders,1,False,-0.25,39,Uppal,Rajiv Gandhi International Stadium,Medium,False,True,119,19,19.83333333333333,141,7.109243697478992,20,147,6,0.1666666666666678,35.999999999999744,5,5,Medium
19.6,19,6,123,Bhuvneshwar Kumar,Bowlers,Colin de Grandhomme,All-Rounders,0,True,5.0,39,Uppal,Rajiv Gandhi International Stadium,Medium,False,True,120,19,20.0,141,7.05,20,147,6,0.0,inf,6,4,Medium
