Ball Number,over,ball,Ball,bowler,bowler_role,batsman,batsman_role,Runs,is_wicket,bowler_score,match_id,city,stadium,Stadium_Type,is_extra,legal_delivery,legal_deliveries_count,overs_completed,overs_bowled,total_runs,current_run_rate,total_overs,target,runs_needed,overs_remaining,required_run_rate,wickets_fallen,wickets_in_hand,Ground_Type
0.1,0,1,1,Andre Russell,All-Rounders,Suryakumar Yadav,Batters,0,False,1.0,41,Kolkata,Eden Gardens,Large,False,True,1,0,0.1666666666666666,0,0.0,20,211,211,19.83333333333333,10.638655462184875,0,10,Large
0.2,0,2,2,Andre Russell,All-Rounders,Suryakumar Yadav,Batters,0,False,1.0,41,Kolkata,Eden Gardens,Large,False,True,2,0,0.3333333333333333,0,0.0,20,211,211,19.666666666666668,10.728813559322033,0,10,Large
0.3,0,3,3,Andre Russell,All-Rounders,Suryakumar Yadav,Batters,0,False,1.0,41,Kolkata,Eden Gardens,Large,False,True,3,0,0.5,0,0.0,20,211,211,19.5,10.82051282051282,0,10,Large
0.4,0,4,4,Andre Russell,All-Rounders,Suryakumar Yadav,Batters,4,False,-2.0,41,Kolkata,Eden Gardens,Large,False,True,4,0,0.6666666666666666,4,6.0,20,211,207,19.33333333333333,10.70689655172414,0,10,Large
0.5,0,5,5,Andre Russell,All-Rounders,Suryakumar Yadav,Batters,0,False,1.0,41,Kolkata,Eden Gardens,Large,False,True,5,0,0.8333333333333334,4,4.8,20,211,207,19.166666666666668,10.8,0,10,Large
0.6,0,6,6,Andre Russell,All-Rounders,Suryakumar Yadav,Batters,1,False,-0.5,41,Kolkata,Eden Gardens,Large,False,True,6,0,1.0,5,5.0,20,211,206,19.0,10.842105263157896,0,10,Large
1.1,1,1,7,Prasidh Krishna,Bowlers,Suryakumar Yadav,Batters,1,False,-0.5,41,Kolkata,Eden Gardens,Large,False,True,7,1,1.1666666666666667,6,5.142857142857142,20,211,205,18.83333333333333,10.88495575221239,0,10,Large
1.2,1,2,8,Prasidh Krishna,Bowlers,Evin Lewis,Batters,0,False,1.0,41,Kolkata,Eden Gardens,Large,False,True,8,1,1.3333333333333333,6,4.5,20,211,205,18.666666666666668,10.982142857142856,0,10,Large
1.3,1,3,9,Prasidh Krishna,Bowlers,Evin Lewis,Batters,1,False,-0.5,41,Kolkata,Eden Gardens,Large,False,True,9,1,1.5,7,4.666666666666667,20,211,204,18.5,11.027027027027026,0,10,Large
1.4,1,4,10,Prasidh Krishna,Bowlers,Suryakumar Yadav,Batters,0,False,1.0,41,Kolkata,Eden Gardens,Large,False,True,10,1,1.6666666666666663,7,4.2,20,211,204,18.33333333333333,11.127272727272729,0,10,Large
1.5,1,5,11,Prasidh Krishna,Bowlers,Suryakumar Yadav,Batters,0,False,1.0,41,Kolkata,Eden Gardens,Large,False,True,11,1,1.8333333333333333,7,3.818181818181818,20,211,204,18.166666666666668,11.229357798165136,0,10,Large
1.6,1,6,12,Prasidh Krishna,Bowlers,Suryakumar Yadav,Batters,6,False,-3.0,41,Kolkata,Eden Gardens,Large,False,True,12,1,2.0,13,6.5,20,211,198,18.0,11.0,0,10,Large
2.1,2,1,13,Tom Curran,All-Rounders,Evin Lewis,Batters,0,False,1.0,41,Kolkata,Eden Gardens,Large,False,True,13,2,2.1666666666666665,13,6.0,20,211,198,17.833333333333332,11.102803738317755,0,10,Large
2.2,2,2,14,Tom Curran,All-Rounders,Evin Lewis,Batters,4,False,-2.0,41,Kolkata,Eden Gardens,Large,False,True,14,2,2.333333333333333,17,7.285714285714286,20,211,194,17.666666666666668,10.981132075471695,0,10,Large
2.3,2,3,15,Tom Curran,All-Rounders,Evin Lewis,Batters,1,False,-0.5,41,Kolkata,Eden Gardens,Large,False,True,15,2,2.5,18,7.2,20,211,193,17.5,11.028571428571428,0,10,Large
2.4,2,4,16,Tom Curran,All-Rounders,Suryakumar Yadav,Batters,4,False,-2.0,41,Kolkata,Eden Gardens,Large,False,True,16,2,2.6666666666666665,22,8.25,20,211,189,17.333333333333332,10.903846153846157,0,10,Large
2.5,2,5,17,Tom Curran,All-Rounders,Suryakumar Yadav,Batters,1,False,-0.5,41,Kolkata,Eden Gardens,Large,False,True,17,2,2.833333333333333,23,8.117647058823529,20,211,188,17.166666666666668,10.95145631067961,0,10,Large
2.6,2,6,18,Tom Curran,All-Rounders,Evin Lewis,Batters,1,False,-0.5,41,Kolkata,Eden Gardens,Large,False,True,18,2,3.0,24,8.0,20,211,187,17.0,11.0,0,10,Large
3.1,3,1,19,Sunil Narine,All-Rounders,Evin Lewis,Batters,1,False,-0.5,41,Kolkata,Eden Gardens,Large,False,True,19,3,3.1666666666666665,25,7.894736842105264,20,211,186,16.833333333333332,11.04950495049505,0,10,Large
3.2,3,2,20,Sunil Narine,All-Rounders,Suryakumar Yadav,Batters,0,False,1.0,41,Kolkata,Eden Gardens,Large,False,True,20,3,3.333333333333333,25,7.5,20,211,186,16.666666666666668,11.159999999999998,0,10,Large
3.3,3,3,21,Sunil Narine,All-Rounders,Suryakumar Yadav,Batters,0,False,1.0,41,Kolkata,Eden Gardens,Large,False,True,21,3,3.5,25,7.142857142857143,20,211,186,16.5,11.272727272727272,0,10,Large
3.4,3,4,22,Sunil Narine,All-Rounders,Suryakumar Yadav,Batters,1,False,-0.5,41,Kolkata,Eden Gardens,Large,False,True,22,3,3.6666666666666665,26,7.090909090909091,20,211,185,16.333333333333332,11.326530612244898,0,10,Large
3.5,3,5,23,Sunil Narine,All-Rounders,Evin Lewis,Batters,0,False,1.0,41,Kolkata,Eden Gardens,Large,False,True,23,3,3.8333333333333335,26,6.782608695652174,20,211,185,16.166666666666668,11.443298969072163,0,10,Large
3.6,3,6,24,Sunil Narine,All-Rounders,Evin Lewis,Batters,4,False,-2.0,41,Kolkata,Eden Gardens,Large,False,True,24,3,4.0,30,7.5,20,211,181,16.0,11.3125,0,10,Large
4.1,4,1,25,Prasidh Krishna,Bowlers,Suryakumar Yadav,Batters,0,False,1.0,41,Kolkata,Eden Gardens,Large,False,True,25,4,4.166666666666667,30,7.199999999999999,20,211,181,15.833333333333332,11.431578947368422,0,10,Large
4.2,4,2,26,Prasidh Krishna,Bowlers,Suryakumar Yadav,Batters,0,False,1.0,41,Kolkata,Eden Gardens,Large,False,True,26,4,4.333333333333333,30,6.923076923076923,20,211,181,15.666666666666668,11.5531914893617,0,10,Large
4.3,4,3,27,Prasidh Krishna,Bowlers,Suryakumar Yadav,Batters,1,False,-0.5,41,Kolkata,Eden Gardens,Large,False,True,27,4,4.5,31,6.888888888888889,20,211,180,15.5,11.612903225806452,0,10,Large
4.4,4,4,28,Prasidh Krishna,Bowlers,Evin Lewis,Batters,4,False,-2.0,41,Kolkata,Eden Gardens,Large,False,True,28,4,4.666666666666667,35,7.499999999999999,20,211,176,15.333333333333332,11.47826086956522,0,10,Large
4.5,4,5,29,Prasidh Krishna,Bowlers,Evin Lewis,Batters,0,False,1.0,41,Kolkata,Eden Gardens,Large,False,True,29,4,4.833333333333333,35,7.241379310344828,20,211,176,15.166666666666668,11.604395604395604,0,10,Large
4.6,4,6,30,Prasidh Krishna,Bowlers,Evin Lewis,Batters,2,False,-1.0,41,Kolkata,Eden Gardens,Large,False,True,30,4,5.0,37,7.4,20,211,174,15.0,11.6,0,10,Large
5.1,5,1,31,Piyush Chawla,All-Rounders,Suryakumar Yadav,Batters,4,False,-2.0,41,Kolkata,Eden Gardens,Large,False,True,31,5,5.166666666666667,41,7.935483870967741,20,211,170,14.833333333333332,11.460674157303371,0,10,Large
5.2,5,2,32,Piyush Chawla,All-Rounders,Suryakumar Yadav,Batters,4,False,-2.0,41,Kolkata,Eden Gardens,Large,False,True,32,5,5.333333333333333,45,8.4375,20,211,166,14.666666666666668,11.318181818181817,0,10,Large
5.3,5,3,33,Piyush Chawla,All-Rounders,Suryakumar Yadav,Batters,1,False,-0.5,41,Kolkata,Eden Gardens,Large,False,True,33,5,5.5,46,8.363636363636363,20,211,165,14.5,11.379310344827584,0,10,Large
5.4,5,4,34,Piyush Chawla,All-Rounders,Evin Lewis,Batters,0,True,5.0,41,Kolkata,Eden Gardens,Large,False,True,34,5,5.666666666666667,46,8.117647058823529,20,211,165,14.333333333333332,11.511627906976743,1,9,Large
5.5,5,5,35,Piyush Chawla,All-Rounders,Rohit Sharma,Batters,1,False,-0.5,41,Kolkata,Eden Gardens,Large,False,True,35,5,5.833333333333333,47,8.057142857142857,20,211,164,14.166666666666668,11.576470588235294,1,9,Large
5.6,5,6,36,Piyush Chawla,All-Rounders,Suryakumar Yadav,Batters,0,False,1.0,41,Kolkata,Eden Gardens,Large,False,True,36,5,6.0,47,7.833333333333333,20,211,164,14.0,11.714285714285714,1,9,Large
6.1,6,1,37,Sunil Narine,All-Rounders,Rohit Sharma,Batters,1,False,-0.5,41,Kolkata,Eden Gardens,Large,False,True,37,6,6.166666666666667,48,7.783783783783783,20,211,163,13.833333333333332,11.783132530120485,1,9,Large
6.2,6,2,38,Sunil Narine,All-Rounders,Suryakumar Yadav,Batters,0,False,1.0,41,Kolkata,Eden Gardens,Large,False,True,38,6,6.333333333333333,48,7.578947368421053,20,211,163,13.666666666666668,11.926829268292682,1,9,Large
6.3,6,3,39,Sunil Narine,All-Rounders,Suryakumar Yadav,Batters,1,False,-0.25,41,Kolkata,Eden Gardens,Large,False,True,39,6,6.5,49,7.538461538461538,20,211,162,13.5,12.0,1,9,Large
6.4,6,4,40,Sunil Narine,All-Rounders,Rohit Sharma,Batters,0,False,1.0,41,Kolkata,Eden Gardens,Large,False,True,40,6,6.666666666666667,49,7.35,20,211,162,13.333333333333332,12.15,1,9,Large
6.5,6,5,41,Sunil Narine,All-Rounders,Rohit Sharma,Batters,1,False,-0.5,41,Kolkata,Eden Gardens,Large,False,True,41,6,6.833333333333333,50,7.317073170731708,20,211,161,13.166666666666668,12.227848101265822,1,9,Large
6.6,6,6,42,Sunil Narine,All-Rounders,Suryakumar Yadav,Batters,1,False,-0.5,41,Kolkata,Eden Gardens,Large,False,True,42,6,7.0,51,7.285714285714286,20,211,160,13.0,12.307692307692308,1,9,Large
7.1,7,1,43,Kuldeep Yadav,Bowlers,Suryakumar Yadav,Batters,1,False,-0.5,41,Kolkata,Eden Gardens,Large,False,True,43,7,7.166666666666667,52,7.255813953488372,20,211,159,12.833333333333332,12.389610389610391,1,9,Large
7.2,7,2,44,Kuldeep Yadav,Bowlers,Rohit Sharma,Batters,1,False,-0.5,41,Kolkata,Eden Gardens,Large,False,True,44,7,7.333333333333333,53,7.227272727272727,20,211,158,12.666666666666668,12.473684210526317,1,9,Large
7.3,7,3,45,Kuldeep Yadav,Bowlers,Suryakumar Yadav,Batters,2,False,-1.0,41,Kolkata,Eden Gardens,Large,False,True,45,7,7.5,55,7.333333333333333,20,211,156,12.5,12.48,1,9,Large
7.4,7,4,46,Kuldeep Yadav,Bowlers,Suryakumar Yadav,Batters,4,False,-2.0,41,Kolkata,Eden Gardens,Large,False,True,46,7,7.666666666666667,59,7.695652173913043,20,211,152,12.333333333333332,12.324324324324326,1,9,Large
7.5,7,5,47,Kuldeep Yadav,Bowlers,Suryakumar Yadav,Batters,0,False,1.0,41,Kolkata,Eden Gardens,Large,False,True,47,7,7.833333333333333,59,7.531914893617022,20,211,152,12.166666666666668,12.493150684931503,1,9,Large
7.6,7,6,48,Kuldeep Yadav,Bowlers,Suryakumar Yadav,Batters,0,False,1.0,41,Kolkata,Eden Gardens,Large,False,True,48,7,8.0,59,7.375,20,211,152,12.0,12.666666666666666,1,9,Large
8.1,8,1,49,Piyush Chawla,All-Rounders,Rohit Sharma,Batters,0,False,1.0,41,Kolkata,Eden Gardens,Large,False,True,49,8,8.166666666666666,59,7.224489795918368,20,211,152,11.833333333333334,12.84507042253521,1,9,Large
8.2,8,2,50,Piyush Chawla,All-Rounders,Rohit Sharma,Batters,0,False,1.0,41,Kolkata,Eden Gardens,Large,False,True,50,8,8.333333333333334,59,7.079999999999999,20,211,152,11.666666666666666,13.028571428571428,1,9,Large
8.3,8,3,51,Piyush Chawla,All-Rounders,Rohit Sharma,Batters,1,False,-0.5,41,Kolkata,Eden Gardens,Large,False,True,51,8,8.5,60,7.0588235294117645,20,211,151,11.5,13.130434782608695,1,9,Large
8.4,8,4,52,Piyush Chawla,All-Rounders,Suryakumar Yadav,Batters,1,False,-0.25,41,Kolkata,Eden Gardens,Large,False,True,52,8,8.666666666666666,61,7.038461538461539,20,211,150,11.333333333333334,13.235294117647058,1,9,Large
8.5,8,5,53,Piyush Chawla,All-Rounders,Rohit Sharma,Batters,1,False,-0.5,41,Kolkata,Eden Gardens,Large,False,True,53,8,8.833333333333334,62,7.018867924528301,20,211,149,11.166666666666666,13.343283582089551,1,9,Large
8.6,8,6,54,Piyush Chawla,All-Rounders,Suryakumar Yadav,Batters,0,True,5.0,41,Kolkata,Eden Gardens,Large,False,True,54,8,9.0,62,6.888888888888889,20,211,149,11.0,13.545454545454543,2,8,Large
9.1,9,1,55,Kuldeep Yadav,Bowlers,Rohit Sharma,Batters,0,False,1.0,41,Kolkata,Eden Gardens,Large,False,True,55,9,9.166666666666666,62,6.763636363636364,20,211,149,10.833333333333334,13.753846153846151,2,8,Large
9.2,9,2,56,Kuldeep Yadav,Bowlers,Rohit Sharma,Batters,2,False,-1.0,41,Kolkata,Eden Gardens,Large,False,True,56,9,9.333333333333334,64,6.857142857142857,20,211,147,10.666666666666666,13.78125,2,8,Large
9.3,9,3,57,Kuldeep Yadav,Bowlers,Rohit Sharma,Batters,1,False,-0.5,41,Kolkata,Eden Gardens,Large,False,True,57,9,9.5,65,6.842105263157895,20,211,146,10.5,13.904761904761903,2,8,Large
9.4,9,4,58,Kuldeep Yadav,Bowlers,Ishan Kishan,Batters,0,False,1.0,41,Kolkata,Eden Gardens,Large,False,True,58,9,9.666666666666666,65,6.724137931034483,20,211,146,10.333333333333334,14.129032258064516,2,8,Large
9.5,9,5,59,Kuldeep Yadav,Bowlers,Ishan Kishan,Batters,6,False,-3.0,41,Kolkata,Eden Gardens,Large,False,True,59,9,9.833333333333334,71,7.220338983050847,20,211,140,10.166666666666666,13.77049180327869,2,8,Large
9.6,9,6,60,Kuldeep Yadav,Bowlers,Ishan Kishan,Batters,1,False,-0.5,41,Kolkata,Eden Gardens,Large,False,True,60,9,10.0,72,7.2,20,211,139,10.0,13.9,2,8,Large
10.1,10,1,61,Piyush Chawla,All-Rounders,Ishan Kishan,Batters,4,False,-2.0,41,Kolkata,Eden Gardens,Large,False,True,61,10,10.166666666666666,76,7.475409836065574,20,211,135,9.833333333333334,13.728813559322033,2,8,Large
10.2,10,2,62,Piyush Chawla,All-Rounders,Ishan Kishan,Batters,0,False,1.0,41,Kolkata,Eden Gardens,Large,False,True,62,10,10.333333333333334,76,7.354838709677419,20,211,135,9.666666666666666,13.965517241379311,2,8,Large
10.3,10,3,63,Piyush Chawla,All-Rounders,Ishan Kishan,Batters,0,False,1.0,41,Kolkata,Eden Gardens,Large,False,True,63,10,10.5,76,7.238095238095238,20,211,135,9.5,14.210526315789474,2,8,Large
10.4,10,4,64,Piyush Chawla,All-Rounders,Ishan Kishan,Batters,4,False,-2.0,41,Kolkata,Eden Gardens,Large,False,True,64,10,10.666666666666666,80,7.5,20,211,131,9.333333333333334,14.035714285714285,2,8,Large
10.5,10,5,65,Piyush Chawla,All-Rounders,Ishan Kishan,Batters,2,False,-1.0,41,Kolkata,Eden Gardens,Large,False,True,65,10,10.833333333333334,82,7.569230769230769,20,211,129,9.166666666666666,14.072727272727274,2,8,Large
10.6,10,6,66,Piyush Chawla,All-Rounders,Ishan Kishan,Batters,4,False,-2.0,41,Kolkata,Eden Gardens,Large,False,True,66,10,11.0,86,7.818181818181818,20,211,125,9.0,13.88888888888889,2,8,Large
11.1,11,1,67,Andre Russell,All-Rounders,Rohit Sharma,Batters,1,False,-1.0,41,Kolkata,Eden Gardens,Large,True,False,66,10,11.0,87,7.909090909090909,20,211,124,9.0,13.77777777777778,2,8,Large
11.1,11,1,68,Andre Russell,All-Rounders,Rohit Sharma,Batters,1,False,-0.5,41,Kolkata,Eden Gardens,Large,False,True,67,11,11.166666666666666,88,7.880597014925374,20,211,123,8.833333333333334,13.924528301886792,2,8,Large
11.2,11,2,69,Andre Russell,All-Rounders,Ishan Kishan,Batters,1,False,-1.0,41,Kolkata,Eden Gardens,Large,True,False,67,11,11.166666666666666,89,7.970149253731344,20,211,122,8.833333333333334,13.81132075471698,2,8,Large
11.2,11,2,70,Andre Russell,All-Rounders,Ishan Kishan,Batters,1,False,-0.5,41,Kolkata,Eden Gardens,Large,False,True,68,11,11.333333333333334,90,7.941176470588235,20,211,121,8.666666666666666,13.961538461538462,2,8,Large
11.3,11,3,71,Andre Russell,All-Rounders,Rohit Sharma,Batters,1,False,-0.5,41,Kolkata,Eden Gardens,Large,False,True,69,11,11.5,91,7.913043478260869,20,211,120,8.5,14.117647058823527,2,8,Large
11.4,11,4,72,Andre Russell,All-Rounders,Ishan Kishan,Batters,1,False,-0.5,41,Kolkata,Eden Gardens,Large,False,True,70,11,11.666666666666666,92,7.885714285714286,20,211,119,8.333333333333334,14.28,2,8,Large
11.5,11,5,73,Andre Russell,All-Rounders,Rohit Sharma,Batters,1,False,-0.5,41,Kolkata,Eden Gardens,Large,False,True,71,11,11.833333333333334,93,7.859154929577464,20,211,118,8.166666666666666,14.448979591836736,2,8,Large
11.6,11,6,74,Andre Russell,All-Rounders,Ishan Kishan,Batters,4,False,-2.0,41,Kolkata,Eden Gardens,Large,False,True,72,11,12.0,97,8.083333333333334,20,211,114,8.0,14.25,2,8,Large
12.1,12,1,75,Prasidh Krishna,Bowlers,Rohit Sharma,Batters,1,False,-0.5,41,Kolkata,Eden Gardens,Large,False,True,73,12,12.166666666666666,98,8.054794520547945,20,211,113,7.833333333333334,14.425531914893616,2,8,Large
12.2,12,2,76,Prasidh Krishna,Bowlers,Ishan Kishan,Batters,1,False,-0.5,41,Kolkata,Eden Gardens,Large,False,True,74,12,12.333333333333334,99,8.027027027027026,20,211,112,7.666666666666666,14.608695652173914,2,8,Large
12.3,12,3,77,Prasidh Krishna,Bowlers,Rohit Sharma,Batters,4,False,-2.0,41,Kolkata,Eden Gardens,Large,False,True,75,12,12.5,103,8.24,20,211,108,7.5,14.4,2,8,Large
12.4,12,4,78,Prasidh Krishna,Bowlers,Rohit Sharma,Batters,4,False,-2.0,41,Kolkata,Eden Gardens,Large,False,True,76,12,12.666666666666666,107,8.447368421052632,20,211,104,7.333333333333334,14.18181818181818,2,8,Large
12.5,12,5,79,Prasidh Krishna,Bowlers,Rohit Sharma,Batters,1,False,-0.5,41,Kolkata,Eden Gardens,Large,False,True,77,12,12.833333333333334,108,8.415584415584416,20,211,103,7.166666666666666,14.372093023255816,2,8,Large
12.6,12,6,80,Prasidh Krishna,Bowlers,Ishan Kishan,Batters,4,False,-2.0,41,Kolkata,Eden Gardens,Large,False,True,78,12,13.0,112,8.615384615384615,20,211,99,7.0,14.142857142857142,2,8,Large
13.1,13,1,81,Kuldeep Yadav,Bowlers,Rohit Sharma,Batters,0,False,1.0,41,Kolkata,Eden Gardens,Large,False,True,79,13,13.166666666666666,112,8.506329113924052,20,211,99,6.833333333333334,14.48780487804878,2,8,Large
13.2,13,2,82,Kuldeep Yadav,Bowlers,Rohit Sharma,Batters,1,False,-0.5,41,Kolkata,Eden Gardens,Large,False,True,80,13,13.333333333333334,113,8.475,20,211,98,6.666666666666666,14.7,2,8,Large
13.3,13,3,83,Kuldeep Yadav,Bowlers,Ishan Kishan,Batters,6,False,-3.0,41,Kolkata,Eden Gardens,Large,False,True,81,13,13.5,119,8.814814814814815,20,211,92,6.5,14.153846153846152,2,8,Large
13.4,13,4,84,Kuldeep Yadav,Bowlers,Ishan Kishan,Batters,6,False,-3.0,41,Kolkata,Eden Gardens,Large,False,True,82,13,13.666666666666666,125,9.146341463414634,20,211,86,6.333333333333334,13.578947368421051,2,8,Large
13.5,13,5,85,Kuldeep Yadav,Bowlers,Ishan Kishan,Batters,6,False,-3.0,41,Kolkata,Eden Gardens,Large,False,True,83,13,13.833333333333334,131,9.469879518072288,20,211,80,6.166666666666666,12.972972972972974,2,8,Large
13.6,13,6,86,Kuldeep Yadav,Bowlers,Ishan Kishan,Batters,6,False,-3.0,41,Kolkata,Eden Gardens,Large,False,True,84,13,14.0,137,9.785714285714286,20,211,74,6.0,12.333333333333334,2,8,Large
14.1,14,1,87,Sunil Narine,All-Rounders,Rohit Sharma,Batters,1,False,-0.5,41,Kolkata,Eden Gardens,Large,False,True,85,14,14.166666666666666,138,9.741176470588236,20,211,73,5.833333333333334,12.514285714285712,2,8,Large
14.2,14,2,88,Sunil Narine,All-Rounders,Ishan Kishan,Batters,0,False,1.0,41,Kolkata,Eden Gardens,Large,False,True,86,14,14.333333333333334,138,9.627906976744184,20,211,73,5.666666666666666,12.882352941176473,2,8,Large
14.3,14,3,89,Sunil Narine,All-Rounders,Ishan Kishan,Batters,6,False,-3.0,41,Kolkata,Eden Gardens,Large,False,True,87,14,14.5,144,9.93103448275862,20,211,67,5.5,12.181818181818182,2,8,Large
14.4,14,4,90,Sunil Narine,All-Rounders,Ishan Kishan,Batters,0,True,5.0,41,Kolkata,Eden Gardens,Large,False,True,88,14,14.666666666666666,144,9.818181818181818,20,211,67,5.333333333333334,12.562499999999998,3,7,Large
14.5,14,5,91,Sunil Narine,All-Rounders,Hardik Pandya,All-Rounders,0,False,1.0,41,Kolkata,Eden Gardens,Large,False,True,89,14,14.833333333333334,144,9.707865168539325,20,211,67,5.166666666666666,12.967741935483872,3,7,Large
14.6,14,6,92,Sunil Narine,All-Rounders,Hardik Pandya,All-Rounders,1,False,-0.5,41,Kolkata,Eden Gardens,Large,False,True,90,14,15.0,145,9.666666666666666,20,211,66,5.0,13.2,3,7,Large
15.1,15,1,93,Tom Curran,All-Rounders,Hardik Pandya,All-Rounders,2,False,-1.0,41,Kolkata,Eden Gardens,Large,False,True,91,15,15.166666666666666,147,9.692307692307692,20,211,64,4.833333333333334,13.241379310344826,3,7,Large
15.2,15,2,94,Tom Curran,All-Rounders,Hardik Pandya,All-Rounders,0,False,1.0,41,Kolkata,Eden Gardens,Large,False,True,92,15,15.333333333333334,147,9.58695652173913,20,211,64,4.666666666666666,13.714285714285715,3,7,Large
15.3,15,3,95,Tom Curran,All-Rounders,Hardik Pandya,All-Rounders,0,False,1.0,41,Kolkata,Eden Gardens,Large,False,True,93,15,15.5,147,9.483870967741936,20,211,64,4.5,14.22222222222222,3,7,Large
15.4,15,4,96,Tom Curran,All-Rounders,Hardik Pandya,All-Rounders,1,False,-0.5,41,Kolkata,Eden Gardens,Large,False,True,94,15,15.666666666666666,148,9.4468085106383,20,211,63,4.333333333333334,14.538461538461537,3,7,Large
15.5,15,5,97,Tom Curran,All-Rounders,Rohit Sharma,Batters,2,False,-1.0,41,Kolkata,Eden Gardens,Large,True,False,94,15,15.666666666666666,150,9.574468085106384,20,211,61,4.333333333333334,14.076923076923077,3,7,Large
15.5,15,5,98,Tom Curran,All-Rounders,Hardik Pandya,All-Rounders,1,False,-0.5,41,Kolkata,Eden Gardens,Large,False,True,95,15,15.833333333333334,151,9.536842105263158,20,211,60,4.166666666666666,14.400000000000002,3,7,Large
15.6,15,6,99,Tom Curran,All-Rounders,Rohit Sharma,Batters,1,False,-0.5,41,Kolkata,Eden Gardens,Large,False,True,96,15,16.0,152,9.5,20,211,59,4.0,14.75,3,7,Large
16.1,16,1,100,Sunil Narine,All-Rounders,Rohit Sharma,Batters,1,False,-0.5,41,Kolkata,Eden Gardens,Large,False,True,97,16,16.166666666666668,153,9.463917525773196,20,211,58,3.833333333333332,15.1304347826087,3,7,Large
16.2,16,2,101,Sunil Narine,All-Rounders,Hardik Pandya,All-Rounders,1,False,-0.5,41,Kolkata,Eden Gardens,Large,False,True,98,16,16.333333333333332,154,9.428571428571429,20,211,57,3.666666666666668,15.54545454545454,3,7,Large
16.3,16,3,102,Sunil Narine,All-Rounders,Rohit Sharma,Batters,0,False,1.0,41,Kolkata,Eden Gardens,Large,False,True,99,16,16.5,154,9.333333333333334,20,211,57,3.5,16.285714285714285,3,7,Large
16.4,16,4,103,Sunil Narine,All-Rounders,Rohit Sharma,Batters,2,False,-1.0,41,Kolkata,Eden Gardens,Large,False,True,100,16,16.666666666666668,156,9.36,20,211,55,3.333333333333332,16.500000000000007,3,7,Large
16.5,16,5,104,Sunil Narine,All-Rounders,Rohit Sharma,Batters,6,False,-3.0,41,Kolkata,Eden Gardens,Large,False,True,101,16,16.833333333333332,162,9.623762376237623,20,211,49,3.166666666666668,15.47368421052631,3,7,Large
16.6,16,6,105,Sunil Narine,All-Rounders,Rohit Sharma,Batters,0,False,1.0,41,Kolkata,Eden Gardens,Large,False,True,102,16,17.0,162,9.529411764705882,20,211,49,3.0,16.333333333333332,3,7,Large
17.1,17,1,106,Tom Curran,All-Rounders,Hardik Pandya,All-Rounders,6,False,-3.0,41,Kolkata,Eden Gardens,Large,False,True,103,17,17.166666666666668,168,9.78640776699029,20,211,43,2.833333333333332,15.1764705882353,3,7,Large
17.2,17,2,107,Tom Curran,All-Rounders,Hardik Pandya,All-Rounders,0,False,1.0,41,Kolkata,Eden Gardens,Large,False,True,104,17,17.333333333333332,168,9.692307692307692,20,211,43,2.666666666666668,16.124999999999993,3,7,Large
17.3,17,3,108,Tom Curran,All-Rounders,Hardik Pandya,All-Rounders,1,False,-1.0,41,Kolkata,Eden Gardens,Large,True,False,104,17,17.333333333333332,169,9.75,20,211,42,2.666666666666668,15.749999999999991,3,7,Large
17.3,17,3,109,Tom Curran,All-Rounders,Hardik Pandya,All-Rounders,1,False,-0.5,41,Kolkata,Eden Gardens,Large,False,True,105,17,17.5,170,9.714285714285714,20,211,41,2.5,16.4,3,7,Large
17.4,17,4,110,Tom Curran,All-Rounders,Rohit Sharma,Batters,1,False,-0.5,41,Kolkata,Eden Gardens,Large,False,True,106,17,17.666666666666668,171,9.679245283018869,20,211,40,2.333333333333332,17.142857142857153,3,7,Large
17.5,17,5,111,Tom Curran,All-Rounders,Hardik Pandya,All-Rounders,6,False,-3.0,41,Kolkata,Eden Gardens,Large,False,True,107,17,17.833333333333332,177,9.925233644859814,20,211,34,2.166666666666668,15.692307692307685,3,7,Large
17.6,17,6,112,Tom Curran,All-Rounders,Hardik Pandya,All-Rounders,0,True,5.0,41,Kolkata,Eden Gardens,Large,False,True,108,17,18.0,177,9.833333333333334,20,211,34,2.0,17.0,4,6,Large
18.1,18,1,113,Prasidh Krishna,Bowlers,Ben Cutting,All-Rounders,1,False,-0.5,41,Kolkata,Eden Gardens,Large,False,True,109,18,18.166666666666668,178,9.798165137614678,20,211,33,1.833333333333332,18.00000000000001,4,6,Large
18.2,18,2,114,Prasidh Krishna,Bowlers,Rohit Sharma,Batters,0,True,5.0,41,Kolkata,Eden Gardens,Large,False,True,110,18,18.33333333333333,178,9.709090909090907,20,211,33,1.666666666666668,19.799999999999983,5,5,Large
18.3,18,3,115,Prasidh Krishna,Bowlers,Ben Cutting,All-Rounders,6,False,-3.0,41,Kolkata,Eden Gardens,Large,False,True,111,18,18.5,184,9.945945945945946,20,211,27,1.5,18.0,5,5,Large
18.4,18,4,116,Prasidh Krishna,Bowlers,Ben Cutting,All-Rounders,1,False,-1.0,41,Kolkata,Eden Gardens,Large,True,False,111,18,18.5,185,10.0,20,211,26,1.5,17.333333333333332,5,5,Large
18.4,18,4,117,Prasidh Krishna,Bowlers,Ben Cutting,All-Rounders,0,False,1.0,41,Kolkata,Eden Gardens,Large,False,True,112,18,18.666666666666668,185,9.910714285714285,20,211,26,1.333333333333332,19.500000000000018,5,5,Large
18.5,18,5,118,Prasidh Krishna,Bowlers,Ben Cutting,All-Rounders,1,False,-0.5,41,Kolkata,Eden Gardens,Large,False,True,113,18,18.83333333333333,186,9.876106194690266,20,211,25,1.166666666666668,21.42857142857141,5,5,Large
18.6,18,6,119,Prasidh Krishna,Bowlers,Krunal Pandya,All-Rounders,2,False,-1.0,41,Kolkata,Eden Gardens,Large,False,True,114,18,19.0,188,9.894736842105264,20,211,23,1.0,23.0,5,5,Large
19.1,19,1,120,Piyush Chawla,All-Rounders,Ben Cutting,All-Rounders,6,False,-3.0,41,Kolkata,Eden Gardens,Large,False,True,115,19,19.166666666666668,194,10.121739130434785,20,211,17,0.8333333333333321,20.40000000000003,5,5,Large
19.2,19,2,121,Piyush Chawla,All-Rounders,Ben Cutting,All-Rounders,6,False,-3.0,41,Kolkata,Eden Gardens,Large,False,True,116,19,19.33333333333333,200,10.344827586206897,20,211,11,0.6666666666666679,16.49999999999997,5,5,Large
19.3,19,3,122,Piyush Chawla,All-Rounders,Ben Cutting,All-Rounders,4,False,-2.0,41,Kolkata,Eden Gardens,Large,False,True,117,19,19.5,204,10.461538461538462,20,211,7,0.5,14.0,5,5,Large
19.4,19,4,123,Piyush Chawla,All-Rounders,Ben Cutting,All-Rounders,0,False,1.0,41,Kolkata,Eden Gardens,Large,False,True,118,19,19.666666666666668,204,10.372881355932202,20,211,7,0.3333333333333321,21.000000000000075,5,5,Large
19.5,19,5,124,Piyush Chawla,All-Rounders,Ben Cutting,All-Rounders,0,True,5.0,41,Kolkata,Eden Gardens,Large,False,True,119,19,19.83333333333333,204,10.285714285714286,20,211,7,0.1666666666666678,41.9999999999997,6,4,Large
19.6,19,6,125,Piyush Chawla,All-Rounders,Krunal Pandya,All-Rounders,6,False,-3.0,41,Kolkata,Eden Gardens,Large,False,True,120,19,20.0,210,10.5,20,211,1,0.0,inf,6,4,Large
