Ball Number,over,ball,Ball,bowler,bowler_role,batsman,batsman_role,Runs,is_wicket,bowler_score,match_id,city,stadium,Stadium_Type,is_extra,legal_delivery,legal_deliveries_count,overs_completed,overs_bowled,total_runs,current_run_rate,total_overs,target,runs_needed,overs_remaining,required_run_rate,wickets_fallen,wickets_in_hand,Ground_Type
0.1,0,1,1,Shivam Mavi,Bowlers,Rahul Tripathi,Batters,1,False,-0.5,49,Kolkata,Eden Gardens,Large,False,True,1,0,0.1666666666666666,1,6.0,20,143,142,19.83333333333333,7.159663865546219,0,10,Large
0.2,0,2,2,Shivam Mavi,Bowlers,Jos Buttler,Batters,0,False,1.0,49,Kolkata,Eden Gardens,Large,False,True,2,0,0.3333333333333333,1,3.0,20,143,142,19.666666666666668,7.220338983050847,0,10,Large
0.3,0,3,3,Shivam Mavi,Bowlers,Jos Buttler,Batters,0,False,1.0,49,Kolkata,Eden Gardens,Large,False,True,3,0,0.5,1,2.0,20,143,142,19.5,7.282051282051282,0,10,Large
0.4,0,4,4,Shivam Mavi,Bowlers,Jos Buttler,Batters,1,False,-0.5,49,Kolkata,Eden Gardens,Large,False,True,4,0,0.6666666666666666,2,3.0,20,143,141,19.33333333333333,7.293103448275862,0,10,Large
0.5,0,5,5,Shivam Mavi,Bowlers,Rahul Tripathi,Batters,0,False,1.0,49,Kolkata,Eden Gardens,Large,False,True,5,0,0.8333333333333334,2,2.4,20,143,141,19.166666666666668,7.356521739130434,0,10,Large
0.6,0,6,6,Shivam Mavi,Bowlers,Rahul Tripathi,Batters,0,False,1.0,49,Kolkata,Eden Gardens,Large,False,True,6,0,1.0,2,2.0,20,143,141,19.0,7.421052631578948,0,10,Large
1.1,1,1,7,Prasidh Krishna,Bowlers,Jos Buttler,Batters,0,False,1.0,49,Kolkata,Eden Gardens,Large,False,True,7,1,1.1666666666666667,2,1.7142857142857142,20,143,141,18.83333333333333,7.486725663716815,0,10,Large
1.2,1,2,8,Prasidh Krishna,Bowlers,Jos Buttler,Batters,1,False,-0.5,49,Kolkata,Eden Gardens,Large,False,True,8,1,1.3333333333333333,3,2.25,20,143,140,18.666666666666668,7.499999999999999,0,10,Large
1.3,1,3,9,Prasidh Krishna,Bowlers,Rahul Tripathi,Batters,6,False,-3.0,49,Kolkata,Eden Gardens,Large,False,True,9,1,1.5,9,6.0,20,143,134,18.5,7.243243243243243,0,10,Large
1.4,1,4,10,Prasidh Krishna,Bowlers,Rahul Tripathi,Batters,4,False,-2.0,49,Kolkata,Eden Gardens,Large,False,True,10,1,1.6666666666666663,13,7.800000000000001,20,143,130,18.33333333333333,7.090909090909092,0,10,Large
1.5,1,5,11,Prasidh Krishna,Bowlers,Rahul Tripathi,Batters,4,False,-2.0,49,Kolkata,Eden Gardens,Large,False,True,11,1,1.8333333333333333,17,9.272727272727272,20,143,126,18.166666666666668,6.935779816513761,0,10,Large
1.6,1,6,12,Prasidh Krishna,Bowlers,Rahul Tripathi,Batters,4,False,-2.0,49,Kolkata,Eden Gardens,Large,False,True,12,1,2.0,21,10.5,20,143,122,18.0,6.777777777777778,0,10,Large
2.1,2,1,13,Shivam Mavi,Bowlers,Jos Buttler,Batters,4,False,-2.0,49,Kolkata,Eden Gardens,Large,False,True,13,2,2.1666666666666665,25,11.53846153846154,20,143,118,17.833333333333332,6.616822429906542,0,10,Large
2.2,2,2,14,Shivam Mavi,Bowlers,Jos Buttler,Batters,6,False,-3.0,49,Kolkata,Eden Gardens,Large,False,True,14,2,2.333333333333333,31,13.285714285714285,20,143,112,17.666666666666668,6.339622641509433,0,10,Large
2.3,2,3,15,Shivam Mavi,Bowlers,Jos Buttler,Batters,4,False,-2.0,49,Kolkata,Eden Gardens,Large,False,True,15,2,2.5,35,14.0,20,143,108,17.5,6.171428571428572,0,10,Large
2.4,2,4,16,Shivam Mavi,Bowlers,Jos Buttler,Batters,4,False,-2.0,49,Kolkata,Eden Gardens,Large,False,True,16,2,2.6666666666666665,39,14.625,20,143,104,17.333333333333332,6.0,0,10,Large
2.5,2,5,17,Shivam Mavi,Bowlers,Jos Buttler,Batters,6,False,-3.0,49,Kolkata,Eden Gardens,Large,False,True,17,2,2.833333333333333,45,15.88235294117647,20,143,98,17.166666666666668,5.708737864077669,0,10,Large
2.6,2,6,18,Shivam Mavi,Bowlers,Jos Buttler,Batters,4,False,-2.0,49,Kolkata,Eden Gardens,Large,False,True,18,2,3.0,49,16.333333333333332,20,143,94,17.0,5.529411764705882,0,10,Large
3.1,3,1,19,Sunil Narine,All-Rounders,Rahul Tripathi,Batters,0,False,1.0,49,Kolkata,Eden Gardens,Large,False,True,19,3,3.1666666666666665,49,15.473684210526317,20,143,94,16.833333333333332,5.584158415841585,0,10,Large
3.2,3,2,20,Sunil Narine,All-Rounders,Rahul Tripathi,Batters,4,False,-2.0,49,Kolkata,Eden Gardens,Large,False,True,20,3,3.333333333333333,53,15.9,20,143,90,16.666666666666668,5.4,0,10,Large
3.3,3,3,21,Sunil Narine,All-Rounders,Rahul Tripathi,Batters,0,False,1.0,49,Kolkata,Eden Gardens,Large,False,True,21,3,3.5,53,15.142857142857142,20,143,90,16.5,5.454545454545454,0,10,Large
3.4,3,4,22,Sunil Narine,All-Rounders,Rahul Tripathi,Batters,1,False,-0.5,49,Kolkata,Eden Gardens,Large,False,True,22,3,3.6666666666666665,54,14.727272727272728,20,143,89,16.333333333333332,5.448979591836735,0,10,Large
3.5,3,5,23,Sunil Narine,All-Rounders,Jos Buttler,Batters,1,False,-1.0,49,Kolkata,Eden Gardens,Large,True,False,22,3,3.6666666666666665,55,15.0,20,143,88,16.333333333333332,5.387755102040817,0,10,Large
3.5,3,5,24,Sunil Narine,All-Rounders,Jos Buttler,Batters,0,False,1.0,49,Kolkata,Eden Gardens,Large,False,True,23,3,3.8333333333333335,55,14.347826086956522,20,143,88,16.166666666666668,5.443298969072164,0,10,Large
3.6,3,6,25,Sunil Narine,All-Rounders,Jos Buttler,Batters,4,False,-2.0,49,Kolkata,Eden Gardens,Large,False,True,24,3,4.0,59,14.75,20,143,84,16.0,5.25,0,10,Large
4.1,4,1,26,Andre Russell,All-Rounders,Rahul Tripathi,Batters,0,False,1.0,49,Kolkata,Eden Gardens,Large,False,True,25,4,4.166666666666667,59,14.159999999999998,20,143,84,15.833333333333332,5.305263157894737,0,10,Large
4.2,4,2,27,Andre Russell,All-Rounders,Rahul Tripathi,Batters,2,False,-1.0,49,Kolkata,Eden Gardens,Large,False,True,26,4,4.333333333333333,61,14.076923076923078,20,143,82,15.666666666666668,5.234042553191489,0,10,Large
4.3,4,3,28,Andre Russell,All-Rounders,Rahul Tripathi,Batters,1,False,-0.5,49,Kolkata,Eden Gardens,Large,False,True,27,4,4.5,62,13.77777777777778,20,143,81,15.5,5.225806451612903,0,10,Large
4.4,4,4,29,Andre Russell,All-Rounders,Jos Buttler,Batters,1,False,-0.5,49,Kolkata,Eden Gardens,Large,False,True,28,4,4.666666666666667,63,13.5,20,143,80,15.333333333333332,5.217391304347826,0,10,Large
4.5,4,5,30,Andre Russell,All-Rounders,Rahul Tripathi,Batters,0,True,5.0,49,Kolkata,Eden Gardens,Large,False,True,29,4,4.833333333333333,63,13.03448275862069,20,143,80,15.166666666666668,5.274725274725275,1,9,Large
4.6,4,6,31,Andre Russell,All-Rounders,Ajinkya Rahane,Batters,0,False,1.0,49,Kolkata,Eden Gardens,Large,False,True,30,4,5.0,63,12.6,20,143,80,15.0,5.333333333333333,1,9,Large
5.1,5,1,32,Sunil Narine,All-Rounders,Jos Buttler,Batters,1,False,-0.5,49,Kolkata,Eden Gardens,Large,False,True,31,5,5.166666666666667,64,12.387096774193548,20,143,79,14.833333333333332,5.325842696629214,1,9,Large
5.2,5,2,33,Sunil Narine,All-Rounders,Ajinkya Rahane,Batters,0,False,1.0,49,Kolkata,Eden Gardens,Large,False,True,32,5,5.333333333333333,64,12.0,20,143,79,14.666666666666668,5.386363636363636,1,9,Large
5.3,5,3,34,Sunil Narine,All-Rounders,Ajinkya Rahane,Batters,0,False,1.0,49,Kolkata,Eden Gardens,Large,False,True,33,5,5.5,64,11.636363636363637,20,143,79,14.5,5.448275862068965,1,9,Large
5.4,5,4,35,Sunil Narine,All-Rounders,Ajinkya Rahane,Batters,0,False,1.0,49,Kolkata,Eden Gardens,Large,False,True,34,5,5.666666666666667,64,11.294117647058822,20,143,79,14.333333333333332,5.511627906976744,1,9,Large
5.5,5,5,36,Sunil Narine,All-Rounders,Ajinkya Rahane,Batters,0,False,1.0,49,Kolkata,Eden Gardens,Large,False,True,35,5,5.833333333333333,64,10.971428571428572,20,143,79,14.166666666666668,5.576470588235294,1,9,Large
5.6,5,6,37,Sunil Narine,All-Rounders,Ajinkya Rahane,Batters,4,False,-2.0,49,Kolkata,Eden Gardens,Large,False,True,36,5,6.0,68,11.333333333333334,20,143,75,14.0,5.357142857142857,1,9,Large
6.1,6,1,38,Andre Russell,All-Rounders,Jos Buttler,Batters,1,False,-0.5,49,Kolkata,Eden Gardens,Large,False,True,37,6,6.166666666666667,69,11.18918918918919,20,143,74,13.833333333333332,5.349397590361447,1,9,Large
6.2,6,2,39,Andre Russell,All-Rounders,Ajinkya Rahane,Batters,2,False,-1.0,49,Kolkata,Eden Gardens,Large,False,True,38,6,6.333333333333333,71,11.210526315789474,20,143,72,13.666666666666668,5.268292682926829,1,9,Large
6.3,6,3,40,Andre Russell,All-Rounders,Ajinkya Rahane,Batters,0,False,1.0,49,Kolkata,Eden Gardens,Large,False,True,39,6,6.5,71,10.923076923076923,20,143,72,13.5,5.333333333333333,1,9,Large
6.4,6,4,41,Andre Russell,All-Rounders,Ajinkya Rahane,Batters,2,False,-1.0,49,Kolkata,Eden Gardens,Large,False,True,40,6,6.666666666666667,73,10.95,20,143,70,13.333333333333332,5.250000000000001,1,9,Large
6.5,6,5,42,Andre Russell,All-Rounders,Ajinkya Rahane,Batters,1,False,-0.5,49,Kolkata,Eden Gardens,Large,False,True,41,6,6.833333333333333,74,10.829268292682928,20,143,69,13.166666666666668,5.240506329113924,1,9,Large
6.6,6,6,43,Andre Russell,All-Rounders,Jos Buttler,Batters,0,False,1.0,49,Kolkata,Eden Gardens,Large,False,True,42,6,7.0,74,10.571428571428571,20,143,69,13.0,5.307692307692308,1,9,Large
7.1,7,1,44,Kuldeep Yadav,Bowlers,Ajinkya Rahane,Batters,2,False,-1.0,49,Kolkata,Eden Gardens,Large,False,True,43,7,7.166666666666667,76,10.604651162790695,20,143,67,12.833333333333332,5.220779220779221,1,9,Large
7.2,7,2,45,Kuldeep Yadav,Bowlers,Ajinkya Rahane,Batters,0,True,5.0,49,Kolkata,Eden Gardens,Large,False,True,44,7,7.333333333333333,76,10.363636363636363,20,143,67,12.666666666666668,5.289473684210526,2,8,Large
7.3,7,3,46,Kuldeep Yadav,Bowlers,Sanju Samson,Batters,0,False,1.0,49,Kolkata,Eden Gardens,Large,False,True,45,7,7.5,76,10.133333333333333,20,143,67,12.5,5.36,2,8,Large
7.4,7,4,47,Kuldeep Yadav,Bowlers,Sanju Samson,Batters,1,False,-0.5,49,Kolkata,Eden Gardens,Large,False,True,46,7,7.666666666666667,77,10.043478260869565,20,143,66,12.333333333333332,5.351351351351352,2,8,Large
7.5,7,5,48,Kuldeep Yadav,Bowlers,Jos Buttler,Batters,1,False,-0.5,49,Kolkata,Eden Gardens,Large,False,True,47,7,7.833333333333333,78,9.95744680851064,20,143,65,12.166666666666668,5.342465753424657,2,8,Large
7.6,7,6,49,Kuldeep Yadav,Bowlers,Sanju Samson,Batters,1,False,-0.5,49,Kolkata,Eden Gardens,Large,False,True,48,7,8.0,79,9.875,20,143,64,12.0,5.333333333333333,2,8,Large
8.1,8,1,50,Prasidh Krishna,Bowlers,Sanju Samson,Batters,1,False,-0.5,49,Kolkata,Eden Gardens,Large,False,True,49,8,8.166666666666666,80,9.79591836734694,20,143,63,11.833333333333334,5.323943661971831,2,8,Large
8.2,8,2,51,Prasidh Krishna,Bowlers,Jos Buttler,Batters,0,False,1.0,49,Kolkata,Eden Gardens,Large,False,True,50,8,8.333333333333334,80,9.6,20,143,63,11.666666666666666,5.4,2,8,Large
8.3,8,3,52,Prasidh Krishna,Bowlers,Jos Buttler,Batters,1,False,-0.5,49,Kolkata,Eden Gardens,Large,False,True,51,8,8.5,81,9.529411764705882,20,143,62,11.5,5.391304347826087,2,8,Large
8.4,8,4,53,Prasidh Krishna,Bowlers,Sanju Samson,Batters,4,False,-2.0,49,Kolkata,Eden Gardens,Large,False,True,52,8,8.666666666666666,85,9.807692307692308,20,143,58,11.333333333333334,5.117647058823529,2,8,Large
8.5,8,5,54,Prasidh Krishna,Bowlers,Sanju Samson,Batters,0,False,1.0,49,Kolkata,Eden Gardens,Large,False,True,53,8,8.833333333333334,85,9.62264150943396,20,143,58,11.166666666666666,5.1940298507462686,2,8,Large
8.6,8,6,55,Prasidh Krishna,Bowlers,Sanju Samson,Batters,0,False,1.0,49,Kolkata,Eden Gardens,Large,False,True,54,8,9.0,85,9.444444444444445,20,143,58,11.0,5.2727272727272725,2,8,Large
9.1,9,1,56,Kuldeep Yadav,Bowlers,Jos Buttler,Batters,0,False,1.0,49,Kolkata,Eden Gardens,Large,False,True,55,9,9.166666666666666,85,9.272727272727272,20,143,58,10.833333333333334,5.3538461538461535,2,8,Large
9.2,9,2,57,Kuldeep Yadav,Bowlers,Jos Buttler,Batters,0,True,5.0,49,Kolkata,Eden Gardens,Large,False,True,56,9,9.333333333333334,85,9.107142857142856,20,143,58,10.666666666666666,5.4375,3,7,Large
9.3,9,3,58,Kuldeep Yadav,Bowlers,Ben Stokes,All-Rounders,1,False,-0.5,49,Kolkata,Eden Gardens,Large,False,True,57,9,9.5,86,9.052631578947368,20,143,57,10.5,5.428571428571429,3,7,Large
9.4,9,4,59,Kuldeep Yadav,Bowlers,Sanju Samson,Batters,1,False,-0.5,49,Kolkata,Eden Gardens,Large,False,True,58,9,9.666666666666666,87,9.0,20,143,56,10.333333333333334,5.419354838709677,3,7,Large
9.5,9,5,60,Kuldeep Yadav,Bowlers,Ben Stokes,All-Rounders,1,False,-0.5,49,Kolkata,Eden Gardens,Large,False,True,59,9,9.833333333333334,88,8.94915254237288,20,143,55,10.166666666666666,5.409836065573771,3,7,Large
9.6,9,6,61,Kuldeep Yadav,Bowlers,Sanju Samson,Batters,4,False,-2.0,49,Kolkata,Eden Gardens,Large,False,True,60,9,10.0,92,9.2,20,143,51,10.0,5.1,3,7,Large
10.1,10,1,62,Sunil Narine,All-Rounders,Ben Stokes,All-Rounders,2,False,-1.0,49,Kolkata,Eden Gardens,Large,False,True,61,10,10.166666666666666,94,9.245901639344265,20,143,49,9.833333333333334,4.983050847457627,3,7,Large
10.2,10,2,63,Sunil Narine,All-Rounders,Ben Stokes,All-Rounders,1,False,-0.5,49,Kolkata,Eden Gardens,Large,False,True,62,10,10.333333333333334,95,9.193548387096774,20,143,48,9.666666666666666,4.965517241379311,3,7,Large
10.3,10,3,64,Sunil Narine,All-Rounders,Sanju Samson,Batters,0,True,5.0,49,Kolkata,Eden Gardens,Large,False,True,63,10,10.5,95,9.047619047619047,20,143,48,9.5,5.052631578947368,4,6,Large
10.4,10,4,65,Sunil Narine,All-Rounders,Stuart Binny,All-Rounders,0,False,1.0,49,Kolkata,Eden Gardens,Large,False,True,64,10,10.666666666666666,95,8.90625,20,143,48,9.333333333333334,5.142857142857142,4,6,Large
10.5,10,5,66,Sunil Narine,All-Rounders,Stuart Binny,All-Rounders,0,False,1.0,49,Kolkata,Eden Gardens,Large,False,True,65,10,10.833333333333334,95,8.769230769230768,20,143,48,9.166666666666666,5.236363636363636,4,6,Large
10.6,10,6,67,Sunil Narine,All-Rounders,Stuart Binny,All-Rounders,1,False,-0.5,49,Kolkata,Eden Gardens,Large,False,True,66,10,11.0,96,8.727272727272727,20,143,47,9.0,5.222222222222222,4,6,Large
11.1,11,1,68,Kuldeep Yadav,Bowlers,Stuart Binny,All-Rounders,0,True,5.0,49,Kolkata,Eden Gardens,Large,False,True,67,11,11.166666666666666,96,8.597014925373134,20,143,47,8.833333333333334,5.320754716981131,5,5,Large
11.2,11,2,69,Kuldeep Yadav,Bowlers,Krishnappa Gowtham,All-Rounders,1,False,-0.5,49,Kolkata,Eden Gardens,Large,False,True,68,11,11.333333333333334,97,8.558823529411764,20,143,46,8.666666666666666,5.307692307692308,5,5,Large
11.3,11,3,70,Kuldeep Yadav,Bowlers,Ben Stokes,All-Rounders,1,False,-0.5,49,Kolkata,Eden Gardens,Large,False,True,69,11,11.5,98,8.521739130434783,20,143,45,8.5,5.294117647058823,5,5,Large
11.4,11,4,71,Kuldeep Yadav,Bowlers,Krishnappa Gowtham,All-Rounders,0,False,1.0,49,Kolkata,Eden Gardens,Large,False,True,70,11,11.666666666666666,98,8.4,20,143,45,8.333333333333334,5.4,5,5,Large
11.5,11,5,72,Kuldeep Yadav,Bowlers,Krishnappa Gowtham,All-Rounders,1,False,-0.5,49,Kolkata,Eden Gardens,Large,False,True,71,11,11.833333333333334,99,8.366197183098592,20,143,44,8.166666666666666,5.387755102040817,5,5,Large
11.6,11,6,73,Kuldeep Yadav,Bowlers,Ben Stokes,All-Rounders,1,False,-0.5,49,Kolkata,Eden Gardens,Large,False,True,72,11,12.0,100,8.333333333333334,20,143,43,8.0,5.375,5,5,Large
12.1,12,1,74,Shivam Mavi,Bowlers,Ben Stokes,All-Rounders,0,False,1.0,49,Kolkata,Eden Gardens,Large,False,True,73,12,12.166666666666666,100,8.219178082191782,20,143,43,7.833333333333334,5.489361702127659,5,5,Large
12.2,12,2,75,Shivam Mavi,Bowlers,Ben Stokes,All-Rounders,0,False,1.0,49,Kolkata,Eden Gardens,Large,False,True,74,12,12.333333333333334,100,8.108108108108107,20,143,43,7.666666666666666,5.608695652173913,5,5,Large
12.3,12,3,76,Shivam Mavi,Bowlers,Ben Stokes,All-Rounders,1,False,-0.5,49,Kolkata,Eden Gardens,Large,False,True,75,12,12.5,101,8.08,20,143,42,7.5,5.6,5,5,Large
12.4,12,4,77,Shivam Mavi,Bowlers,Krishnappa Gowtham,All-Rounders,1,False,-0.5,49,Kolkata,Eden Gardens,Large,False,True,76,12,12.666666666666666,102,8.052631578947368,20,143,41,7.333333333333334,5.590909090909091,5,5,Large
12.5,12,5,78,Shivam Mavi,Bowlers,Ben Stokes,All-Rounders,1,False,-0.5,49,Kolkata,Eden Gardens,Large,False,True,77,12,12.833333333333334,103,8.025974025974026,20,143,40,7.166666666666666,5.5813953488372094,5,5,Large
12.6,12,6,79,Shivam Mavi,Bowlers,Krishnappa Gowtham,All-Rounders,0,True,5.0,49,Kolkata,Eden Gardens,Large,False,True,78,12,13.0,103,7.923076923076923,20,143,40,7.0,5.714285714285714,6,4,Large
13.1,13,1,80,Kuldeep Yadav,Bowlers,Ben Stokes,All-Rounders,1,False,-0.5,49,Kolkata,Eden Gardens,Large,False,True,79,13,13.166666666666666,104,7.89873417721519,20,143,39,6.833333333333334,5.7073170731707314,6,4,Large
13.2,13,2,81,Kuldeep Yadav,Bowlers,Jaydev Unadkat,Bowlers,1,False,-0.5,49,Kolkata,Eden Gardens,Large,False,True,80,13,13.333333333333334,105,7.875,20,143,38,6.666666666666666,5.7,6,4,Large
13.3,13,3,82,Kuldeep Yadav,Bowlers,Ben Stokes,All-Rounders,1,False,-0.5,49,Kolkata,Eden Gardens,Large,False,True,81,13,13.5,106,7.851851851851852,20,143,37,6.5,5.6923076923076925,6,4,Large
13.4,13,4,83,Kuldeep Yadav,Bowlers,Jaydev Unadkat,Bowlers,1,False,-0.5,49,Kolkata,Eden Gardens,Large,False,True,82,13,13.666666666666666,107,7.829268292682928,20,143,36,6.333333333333334,5.684210526315789,6,4,Large
13.5,13,5,84,Kuldeep Yadav,Bowlers,Ben Stokes,All-Rounders,0,True,5.0,49,Kolkata,Eden Gardens,Large,False,True,83,13,13.833333333333334,107,7.734939759036144,20,143,36,6.166666666666666,5.837837837837839,7,3,Large
13.6,13,6,85,Kuldeep Yadav,Bowlers,Ish Sodhi,Bowlers,0,False,1.0,49,Kolkata,Eden Gardens,Large,False,True,84,13,14.0,107,7.642857142857143,20,143,36,6.0,6.0,7,3,Large
14.1,14,1,86,Shivam Mavi,Bowlers,Jaydev Unadkat,Bowlers,0,False,1.0,49,Kolkata,Eden Gardens,Large,False,True,85,14,14.166666666666666,107,7.552941176470589,20,143,36,5.833333333333334,6.171428571428571,7,3,Large
14.2,14,2,87,Shivam Mavi,Bowlers,Jaydev Unadkat,Bowlers,4,False,-2.0,49,Kolkata,Eden Gardens,Large,False,True,86,14,14.333333333333334,111,7.7441860465116275,20,143,32,5.666666666666666,5.647058823529412,7,3,Large
14.3,14,3,88,Shivam Mavi,Bowlers,Jaydev Unadkat,Bowlers,6,False,-3.0,49,Kolkata,Eden Gardens,Large,False,True,87,14,14.5,117,8.068965517241379,20,143,26,5.5,4.727272727272728,7,3,Large
14.4,14,4,89,Shivam Mavi,Bowlers,Jaydev Unadkat,Bowlers,0,False,1.0,49,Kolkata,Eden Gardens,Large,False,True,88,14,14.666666666666666,117,7.977272727272727,20,143,26,5.333333333333334,4.874999999999999,7,3,Large
14.5,14,5,90,Shivam Mavi,Bowlers,Jaydev Unadkat,Bowlers,0,False,1.0,49,Kolkata,Eden Gardens,Large,False,True,89,14,14.833333333333334,117,7.8876404494382015,20,143,26,5.166666666666666,5.03225806451613,7,3,Large
14.6,14,6,91,Shivam Mavi,Bowlers,Jaydev Unadkat,Bowlers,1,False,-0.5,49,Kolkata,Eden Gardens,Large,False,True,90,14,15.0,118,7.866666666666666,20,143,25,5.0,5.0,7,3,Large
15.1,15,1,92,Sunil Narine,All-Rounders,Jaydev Unadkat,Bowlers,0,False,1.0,49,Kolkata,Eden Gardens,Large,False,True,91,15,15.166666666666666,118,7.78021978021978,20,143,25,4.833333333333334,5.172413793103448,7,3,Large
15.2,15,2,93,Sunil Narine,All-Rounders,Jaydev Unadkat,Bowlers,4,False,-2.0,49,Kolkata,Eden Gardens,Large,False,True,92,15,15.333333333333334,122,7.956521739130435,20,143,21,4.666666666666666,4.500000000000001,7,3,Large
15.3,15,3,94,Sunil Narine,All-Rounders,Jaydev Unadkat,Bowlers,1,False,-0.5,49,Kolkata,Eden Gardens,Large,False,True,93,15,15.5,123,7.935483870967742,20,143,20,4.5,4.444444444444445,7,3,Large
15.4,15,4,95,Sunil Narine,All-Rounders,Ish Sodhi,Bowlers,0,False,1.0,49,Kolkata,Eden Gardens,Large,False,True,94,15,15.666666666666666,123,7.851063829787234,20,143,20,4.333333333333334,4.615384615384615,7,3,Large
15.5,15,5,96,Sunil Narine,All-Rounders,Ish Sodhi,Bowlers,1,False,-0.5,49,Kolkata,Eden Gardens,Large,False,True,95,15,15.833333333333334,124,7.83157894736842,20,143,19,4.166666666666666,4.5600000000000005,7,3,Large
15.6,15,6,97,Sunil Narine,All-Rounders,Jaydev Unadkat,Bowlers,4,False,-2.0,49,Kolkata,Eden Gardens,Large,False,True,96,15,16.0,128,8.0,20,143,15,4.0,3.75,7,3,Large
16.1,16,1,98,Prasidh Krishna,Bowlers,Ish Sodhi,Bowlers,0,False,1.0,49,Kolkata,Eden Gardens,Large,False,True,97,16,16.166666666666668,128,7.917525773195876,20,143,15,3.833333333333332,3.913043478260871,7,3,Large
16.2,16,2,99,Prasidh Krishna,Bowlers,Ish Sodhi,Bowlers,0,False,1.0,49,Kolkata,Eden Gardens,Large,False,True,98,16,16.333333333333332,128,7.836734693877552,20,143,15,3.666666666666668,4.09090909090909,7,3,Large
16.3,16,3,100,Prasidh Krishna,Bowlers,Ish Sodhi,Bowlers,0,True,5.0,49,Kolkata,Eden Gardens,Large,False,True,99,16,16.5,128,7.757575757575758,20,143,15,3.5,4.285714285714286,8,2,Large
16.4,16,4,101,Prasidh Krishna,Bowlers,Jofra Archer,Bowlers,4,False,-2.0,49,Kolkata,Eden Gardens,Large,False,True,100,16,16.666666666666668,132,7.919999999999999,20,143,11,3.333333333333332,3.300000000000001,8,2,Large
16.5,16,5,102,Prasidh Krishna,Bowlers,Jofra Archer,Bowlers,0,False,1.0,49,Kolkata,Eden Gardens,Large,False,True,101,16,16.833333333333332,132,7.841584158415842,20,143,11,3.166666666666668,3.4736842105263146,8,2,Large
16.6,16,6,103,Prasidh Krishna,Bowlers,Jofra Archer,Bowlers,2,False,-1.0,49,Kolkata,Eden Gardens,Large,False,True,102,16,17.0,134,7.882352941176471,20,143,9,3.0,3.0,8,2,Large
17.1,17,1,104,Andre Russell,All-Rounders,Jaydev Unadkat,Bowlers,1,False,-0.5,49,Kolkata,Eden Gardens,Large,False,True,103,17,17.166666666666668,135,7.864077669902912,20,143,8,2.833333333333332,2.823529411764707,8,2,Large
17.2,17,2,105,Andre Russell,All-Rounders,Jofra Archer,Bowlers,0,False,1.0,49,Kolkata,Eden Gardens,Large,False,True,104,17,17.333333333333332,135,7.788461538461539,20,143,8,2.666666666666668,2.9999999999999987,8,2,Large
17.3,17,3,106,Andre Russell,All-Rounders,Jofra Archer,Bowlers,0,True,5.0,49,Kolkata,Eden Gardens,Large,False,True,105,17,17.5,135,7.714285714285714,20,143,8,2.5,3.2,9,1,Large
17.4,17,4,107,Andre Russell,All-Rounders,Jaydev Unadkat,Bowlers,0,False,1.0,49,Kolkata,Eden Gardens,Large,False,True,106,17,17.666666666666668,135,7.641509433962264,20,143,8,2.333333333333332,3.42857142857143,9,1,Large
17.5,17,5,108,Andre Russell,All-Rounders,Jaydev Unadkat,Bowlers,1,False,-0.5,49,Kolkata,Eden Gardens,Large,False,True,107,17,17.833333333333332,136,7.626168224299066,20,143,7,2.166666666666668,3.230769230769229,9,1,Large
17.6,17,6,109,Andre Russell,All-Rounders,Anureet Singh,Bowlers,1,False,-0.5,49,Kolkata,Eden Gardens,Large,False,True,108,17,18.0,137,7.611111111111111,20,143,6,2.0,3.0,9,1,Large
18.1,18,1,110,Prasidh Krishna,Bowlers,Anureet Singh,Bowlers,1,False,-0.5,49,Kolkata,Eden Gardens,Large,False,True,109,18,18.166666666666668,138,7.596330275229357,20,143,5,1.833333333333332,2.727272727272729,9,1,Large
18.2,18,2,111,Prasidh Krishna,Bowlers,Jaydev Unadkat,Bowlers,1,False,-0.5,49,Kolkata,Eden Gardens,Large,False,True,110,18,18.33333333333333,139,7.581818181818182,20,143,4,1.666666666666668,2.399999999999998,9,1,Large
18.3,18,3,112,Prasidh Krishna,Bowlers,Anureet Singh,Bowlers,1,False,-0.25,49,Kolkata,Eden Gardens,Large,False,True,111,18,18.5,140,7.567567567567567,20,143,3,1.5,2.0,9,1,Large
18.4,18,4,113,Prasidh Krishna,Bowlers,Jaydev Unadkat,Bowlers,1,False,-0.5,49,Kolkata,Eden Gardens,Large,False,True,112,18,18.666666666666668,141,7.553571428571428,20,143,2,1.333333333333332,1.500000000000001,9,1,Large
18.5,18,5,114,Prasidh Krishna,Bowlers,Anureet Singh,Bowlers,1,False,-0.5,49,Kolkata,Eden Gardens,Large,False,True,113,18,18.83333333333333,142,7.539823008849558,20,143,1,1.166666666666668,0.8571428571428563,9,1,Large
18.6,18,6,115,Prasidh Krishna,Bowlers,Jaydev Unadkat,Bowlers,0,True,5.0,49,Kolkata,Eden Gardens,Large,False,True,114,18,19.0,142,7.473684210526316,20,143,1,1.0,1.0,10,0,Large
