Ball Number,over,ball,Ball,bowler,bowler_role,batsman,batsman_role,Runs,is_wicket,bowler_score,match_id,city,stadium,Stadium_Type,is_extra,legal_delivery,legal_deliveries_count,overs_completed,overs_bowled,total_runs,current_run_rate,total_overs,target,runs_needed,overs_remaining,required_run_rate,wickets_fallen,wickets_in_hand,Ground_Type
0.1,0,1,1,Deepak Chahar,Bowlers,Prithvi Shaw,Batters,1,False,-1.0,52,Delhi,Arun Jaitley Stadium,Small,True,False,0,0,0.0,1,0.0,20,163,162,20.0,8.1,0,10,Small
0.1,0,1,2,Deepak Chahar,Bowlers,Prithvi Shaw,Batters,0,False,1.0,52,Delhi,Arun Jaitley Stadium,Small,False,True,1,0,0.1666666666666666,1,6.0,20,163,162,19.83333333333333,8.168067226890757,0,10,Small
0.2,0,2,3,Deepak Chahar,Bowlers,Prithvi Shaw,Batters,0,False,1.0,52,Delhi,Arun Jaitley Stadium,Small,False,True,2,0,0.3333333333333333,1,3.0,20,163,162,19.666666666666668,8.23728813559322,0,10,Small
0.3,0,3,4,Deepak Chahar,Bowlers,Prithvi Shaw,Batters,0,False,1.0,52,Delhi,Arun Jaitley Stadium,Small,False,True,3,0,0.5,1,2.0,20,163,162,19.5,8.307692307692308,0,10,Small
0.4,0,4,5,Deepak Chahar,Bowlers,Prithvi Shaw,Batters,0,False,1.0,52,Delhi,Arun Jaitley Stadium,Small,False,True,4,0,0.6666666666666666,1,1.5,20,163,162,19.33333333333333,8.379310344827587,0,10,Small
0.5,0,5,6,Deepak Chahar,Bowlers,Prithvi Shaw,Batters,4,False,-2.0,52,Delhi,Arun Jaitley Stadium,Small,False,True,5,0,0.8333333333333334,5,6.0,20,163,158,19.166666666666668,8.243478260869566,0,10,Small
0.6,0,6,7,Deepak Chahar,Bowlers,Prithvi Shaw,Batters,0,False,1.0,52,Delhi,Arun Jaitley Stadium,Small,False,True,6,0,1.0,5,5.0,20,163,158,19.0,8.31578947368421,0,10,Small
1.1,1,1,8,Lungi Ngidi,Bowlers,Shreyas Iyer,Batters,2,False,-0.25,52,Delhi,Arun Jaitley Stadium,Small,False,True,7,1,1.1666666666666667,7,6.0,20,163,156,18.83333333333333,8.283185840707965,0,10,Small
1.2,1,2,9,Lungi Ngidi,Bowlers,Shreyas Iyer,Batters,1,False,-0.5,52,Delhi,Arun Jaitley Stadium,Small,False,True,8,1,1.3333333333333333,8,6.0,20,163,155,18.666666666666668,8.303571428571429,0,10,Small
1.3,1,3,10,Lungi Ngidi,Bowlers,Prithvi Shaw,Batters,0,False,1.0,52,Delhi,Arun Jaitley Stadium,Small,False,True,9,1,1.5,8,5.333333333333333,20,163,155,18.5,8.378378378378379,0,10,Small
1.4,1,4,11,Lungi Ngidi,Bowlers,Prithvi Shaw,Batters,1,False,-0.5,52,Delhi,Arun Jaitley Stadium,Small,False,True,10,1,1.6666666666666663,9,5.4,20,163,154,18.33333333333333,8.4,0,10,Small
1.5,1,5,12,Lungi Ngidi,Bowlers,Shreyas Iyer,Batters,0,False,1.0,52,Delhi,Arun Jaitley Stadium,Small,False,True,11,1,1.8333333333333333,9,4.909090909090908,20,163,154,18.166666666666668,8.477064220183486,0,10,Small
1.6,1,6,13,Lungi Ngidi,Bowlers,Shreyas Iyer,Batters,0,False,1.0,52,Delhi,Arun Jaitley Stadium,Small,False,True,12,1,2.0,9,4.5,20,163,154,18.0,8.555555555555555,0,10,Small
2.1,2,1,14,Deepak Chahar,Bowlers,Prithvi Shaw,Batters,0,False,1.0,52,Delhi,Arun Jaitley Stadium,Small,False,True,13,2,2.1666666666666665,9,4.153846153846154,20,163,154,17.833333333333332,8.63551401869159,0,10,Small
2.2,2,2,15,Deepak Chahar,Bowlers,Prithvi Shaw,Batters,1,False,-1.0,52,Delhi,Arun Jaitley Stadium,Small,True,False,13,2,2.1666666666666665,10,4.615384615384616,20,163,153,17.833333333333332,8.57943925233645,0,10,Small
2.2,2,2,16,Deepak Chahar,Bowlers,Prithvi Shaw,Batters,0,False,1.0,52,Delhi,Arun Jaitley Stadium,Small,False,True,14,2,2.333333333333333,10,4.285714285714286,20,163,153,17.666666666666668,8.660377358490566,0,10,Small
2.3,2,3,17,Deepak Chahar,Bowlers,Prithvi Shaw,Batters,6,False,-3.0,52,Delhi,Arun Jaitley Stadium,Small,False,True,15,2,2.5,16,6.4,20,163,147,17.5,8.4,0,10,Small
2.4,2,4,18,Deepak Chahar,Bowlers,Prithvi Shaw,Batters,1,False,-0.5,52,Delhi,Arun Jaitley Stadium,Small,False,True,16,2,2.6666666666666665,17,6.375,20,163,146,17.333333333333332,8.423076923076923,0,10,Small
2.5,2,5,19,Deepak Chahar,Bowlers,Shreyas Iyer,Batters,0,False,1.0,52,Delhi,Arun Jaitley Stadium,Small,False,True,17,2,2.833333333333333,17,6.0,20,163,146,17.166666666666668,8.504854368932039,0,10,Small
2.6,2,6,20,Deepak Chahar,Bowlers,Shreyas Iyer,Batters,1,False,-0.5,52,Delhi,Arun Jaitley Stadium,Small,False,True,18,2,3.0,18,6.0,20,163,145,17.0,8.529411764705882,0,10,Small
3.1,3,1,21,Ravindra Jadeja,All-Rounders,Shreyas Iyer,Batters,1,False,-0.5,52,Delhi,Arun Jaitley Stadium,Small,False,True,19,3,3.1666666666666665,19,6.0,20,163,144,16.833333333333332,8.554455445544555,0,10,Small
3.2,3,2,22,Ravindra Jadeja,All-Rounders,Prithvi Shaw,Batters,2,False,-1.0,52,Delhi,Arun Jaitley Stadium,Small,False,True,20,3,3.333333333333333,21,6.3,20,163,142,16.666666666666668,8.52,0,10,Small
3.3,3,3,23,Ravindra Jadeja,All-Rounders,Prithvi Shaw,Batters,0,False,1.0,52,Delhi,Arun Jaitley Stadium,Small,False,True,21,3,3.5,21,6.0,20,163,142,16.5,8.606060606060606,0,10,Small
3.4,3,4,24,Ravindra Jadeja,All-Rounders,Prithvi Shaw,Batters,2,False,-1.0,52,Delhi,Arun Jaitley Stadium,Small,False,True,22,3,3.6666666666666665,23,6.272727272727273,20,163,140,16.333333333333332,8.571428571428571,0,10,Small
3.5,3,5,25,Ravindra Jadeja,All-Rounders,Prithvi Shaw,Batters,1,False,-0.5,52,Delhi,Arun Jaitley Stadium,Small,False,True,23,3,3.8333333333333335,24,6.260869565217391,20,163,139,16.166666666666668,8.597938144329897,0,10,Small
3.6,3,6,26,Ravindra Jadeja,All-Rounders,Shreyas Iyer,Batters,0,False,1.0,52,Delhi,Arun Jaitley Stadium,Small,False,True,24,3,4.0,24,6.0,20,163,139,16.0,8.6875,0,10,Small
4.1,4,1,27,Deepak Chahar,Bowlers,Prithvi Shaw,Batters,0,True,5.0,52,Delhi,Arun Jaitley Stadium,Small,False,True,25,4,4.166666666666667,24,5.76,20,163,139,15.833333333333332,8.778947368421054,1,9,Small
4.2,4,2,28,Deepak Chahar,Bowlers,Rishabh Pant,Batters,1,False,-0.5,52,Delhi,Arun Jaitley Stadium,Small,False,True,26,4,4.333333333333333,25,5.76923076923077,20,163,138,15.666666666666668,8.808510638297872,1,9,Small
4.3,4,3,29,Deepak Chahar,Bowlers,Shreyas Iyer,Batters,0,False,1.0,52,Delhi,Arun Jaitley Stadium,Small,False,True,27,4,4.5,25,5.555555555555555,20,163,138,15.5,8.903225806451612,1,9,Small
4.4,4,4,30,Deepak Chahar,Bowlers,Shreyas Iyer,Batters,4,False,-2.0,52,Delhi,Arun Jaitley Stadium,Small,False,True,28,4,4.666666666666667,29,6.2142857142857135,20,163,134,15.333333333333332,8.73913043478261,1,9,Small
4.5,4,5,31,Deepak Chahar,Bowlers,Shreyas Iyer,Batters,0,False,1.0,52,Delhi,Arun Jaitley Stadium,Small,False,True,29,4,4.833333333333333,29,6.0,20,163,134,15.166666666666668,8.835164835164834,1,9,Small
4.6,4,6,32,Deepak Chahar,Bowlers,Shreyas Iyer,Batters,4,False,-2.0,52,Delhi,Arun Jaitley Stadium,Small,False,True,30,4,5.0,33,6.6,20,163,130,15.0,8.666666666666666,1,9,Small
5.1,5,1,33,Shardul Thakur,Bowlers,Rishabh Pant,Batters,2,False,-1.0,52,Delhi,Arun Jaitley Stadium,Small,False,True,31,5,5.166666666666667,35,6.774193548387096,20,163,128,14.833333333333332,8.629213483146069,1,9,Small
5.2,5,2,34,Shardul Thakur,Bowlers,Rishabh Pant,Batters,0,False,1.0,52,Delhi,Arun Jaitley Stadium,Small,False,True,32,5,5.333333333333333,35,6.5625,20,163,128,14.666666666666668,8.727272727272727,1,9,Small
5.3,5,3,35,Shardul Thakur,Bowlers,Rishabh Pant,Batters,0,False,1.0,52,Delhi,Arun Jaitley Stadium,Small,False,True,33,5,5.5,35,6.363636363636363,20,163,128,14.5,8.827586206896552,1,9,Small
5.4,5,4,36,Shardul Thakur,Bowlers,Rishabh Pant,Batters,0,False,1.0,52,Delhi,Arun Jaitley Stadium,Small,False,True,34,5,5.666666666666667,35,6.1764705882352935,20,163,128,14.333333333333332,8.930232558139535,1,9,Small
5.5,5,5,37,Shardul Thakur,Bowlers,Rishabh Pant,Batters,4,False,-2.0,52,Delhi,Arun Jaitley Stadium,Small,False,True,35,5,5.833333333333333,39,6.685714285714286,20,163,124,14.166666666666668,8.752941176470587,1,9,Small
5.6,5,6,38,Shardul Thakur,Bowlers,Rishabh Pant,Batters,0,False,1.0,52,Delhi,Arun Jaitley Stadium,Small,False,True,36,5,6.0,39,6.5,20,163,124,14.0,8.857142857142858,1,9,Small
6.1,6,1,39,Ravindra Jadeja,All-Rounders,Shreyas Iyer,Batters,1,False,-0.5,52,Delhi,Arun Jaitley Stadium,Small,False,True,37,6,6.166666666666667,40,6.486486486486486,20,163,123,13.833333333333332,8.891566265060241,1,9,Small
6.2,6,2,40,Ravindra Jadeja,All-Rounders,Rishabh Pant,Batters,1,False,-0.5,52,Delhi,Arun Jaitley Stadium,Small,False,True,38,6,6.333333333333333,41,6.473684210526316,20,163,122,13.666666666666668,8.926829268292682,1,9,Small
6.3,6,3,41,Ravindra Jadeja,All-Rounders,Shreyas Iyer,Batters,1,False,-0.5,52,Delhi,Arun Jaitley Stadium,Small,False,True,39,6,6.5,42,6.461538461538462,20,163,121,13.5,8.962962962962964,1,9,Small
6.4,6,4,42,Ravindra Jadeja,All-Rounders,Rishabh Pant,Batters,1,False,-0.5,52,Delhi,Arun Jaitley Stadium,Small,False,True,40,6,6.666666666666667,43,6.449999999999999,20,163,120,13.333333333333332,9.0,1,9,Small
6.5,6,5,43,Ravindra Jadeja,All-Rounders,Shreyas Iyer,Batters,4,False,-2.0,52,Delhi,Arun Jaitley Stadium,Small,False,True,41,6,6.833333333333333,47,6.878048780487805,20,163,116,13.166666666666668,8.81012658227848,1,9,Small
6.6,6,6,44,Ravindra Jadeja,All-Rounders,Shreyas Iyer,Batters,0,False,1.0,52,Delhi,Arun Jaitley Stadium,Small,False,True,42,6,7.0,47,6.714285714285714,20,163,116,13.0,8.923076923076923,1,9,Small
7.1,7,1,45,Harbhajan Singh,Bowlers,Rishabh Pant,Batters,1,False,-0.5,52,Delhi,Arun Jaitley Stadium,Small,False,True,43,7,7.166666666666667,48,6.697674418604651,20,163,115,12.833333333333332,8.961038961038962,1,9,Small
7.2,7,2,46,Harbhajan Singh,Bowlers,Shreyas Iyer,Batters,0,False,1.0,52,Delhi,Arun Jaitley Stadium,Small,False,True,44,7,7.333333333333333,48,6.545454545454546,20,163,115,12.666666666666668,9.078947368421051,1,9,Small
7.3,7,3,47,Harbhajan Singh,Bowlers,Shreyas Iyer,Batters,1,False,-0.5,52,Delhi,Arun Jaitley Stadium,Small,False,True,45,7,7.5,49,6.533333333333333,20,163,114,12.5,9.12,1,9,Small
7.4,7,4,48,Harbhajan Singh,Bowlers,Rishabh Pant,Batters,4,False,-2.0,52,Delhi,Arun Jaitley Stadium,Small,False,True,46,7,7.666666666666667,53,6.913043478260869,20,163,110,12.333333333333332,8.91891891891892,1,9,Small
7.5,7,5,49,Harbhajan Singh,Bowlers,Rishabh Pant,Batters,1,False,-0.5,52,Delhi,Arun Jaitley Stadium,Small,False,True,47,7,7.833333333333333,54,6.893617021276596,20,163,109,12.166666666666668,8.95890410958904,1,9,Small
7.6,7,6,50,Harbhajan Singh,Bowlers,Shreyas Iyer,Batters,0,False,1.0,52,Delhi,Arun Jaitley Stadium,Small,False,True,48,7,8.0,54,6.75,20,163,109,12.0,9.083333333333334,1,9,Small
8.1,8,1,51,Dwayne Bravo,All-Rounders,Rishabh Pant,Batters,1,False,-1.0,52,Delhi,Arun Jaitley Stadium,Small,True,False,48,7,8.0,55,6.875,20,163,108,12.0,9.0,1,9,Small
8.1,8,1,52,Dwayne Bravo,All-Rounders,Rishabh Pant,Batters,0,False,1.0,52,Delhi,Arun Jaitley Stadium,Small,False,True,49,8,8.166666666666666,55,6.734693877551021,20,163,108,11.833333333333334,9.126760563380282,1,9,Small
8.2,8,2,53,Dwayne Bravo,All-Rounders,Rishabh Pant,Batters,2,False,-1.0,52,Delhi,Arun Jaitley Stadium,Small,False,True,50,8,8.333333333333334,57,6.84,20,163,106,11.666666666666666,9.085714285714284,1,9,Small
8.3,8,3,54,Dwayne Bravo,All-Rounders,Rishabh Pant,Batters,0,False,1.0,52,Delhi,Arun Jaitley Stadium,Small,False,True,51,8,8.5,57,6.705882352941177,20,163,106,11.5,9.217391304347826,1,9,Small
8.4,8,4,55,Dwayne Bravo,All-Rounders,Rishabh Pant,Batters,1,False,-0.25,52,Delhi,Arun Jaitley Stadium,Small,False,True,52,8,8.666666666666666,58,6.6923076923076925,20,163,105,11.333333333333334,9.26470588235294,1,9,Small
8.5,8,5,56,Dwayne Bravo,All-Rounders,Shreyas Iyer,Batters,1,False,-0.5,52,Delhi,Arun Jaitley Stadium,Small,False,True,53,8,8.833333333333334,59,6.679245283018868,20,163,104,11.166666666666666,9.313432835820896,1,9,Small
8.6,8,6,57,Dwayne Bravo,All-Rounders,Rishabh Pant,Batters,1,False,-0.5,52,Delhi,Arun Jaitley Stadium,Small,False,True,54,8,9.0,60,6.666666666666667,20,163,103,11.0,9.363636363636363,1,9,Small
9.1,9,1,58,Harbhajan Singh,Bowlers,Rishabh Pant,Batters,6,False,-3.0,52,Delhi,Arun Jaitley Stadium,Small,False,True,55,9,9.166666666666666,66,7.2,20,163,97,10.833333333333334,8.953846153846154,1,9,Small
9.2,9,2,59,Harbhajan Singh,Bowlers,Rishabh Pant,Batters,0,False,1.0,52,Delhi,Arun Jaitley Stadium,Small,False,True,56,9,9.333333333333334,66,7.071428571428571,20,163,97,10.666666666666666,9.09375,1,9,Small
9.3,9,3,60,Harbhajan Singh,Bowlers,Rishabh Pant,Batters,4,False,-2.0,52,Delhi,Arun Jaitley Stadium,Small,False,True,57,9,9.5,70,7.368421052631579,20,163,93,10.5,8.857142857142858,1,9,Small
9.4,9,4,61,Harbhajan Singh,Bowlers,Rishabh Pant,Batters,0,False,1.0,52,Delhi,Arun Jaitley Stadium,Small,False,True,58,9,9.666666666666666,70,7.241379310344828,20,163,93,10.333333333333334,9.0,1,9,Small
9.5,9,5,62,Harbhajan Singh,Bowlers,Rishabh Pant,Batters,6,False,-3.0,52,Delhi,Arun Jaitley Stadium,Small,False,True,59,9,9.833333333333334,76,7.728813559322034,20,163,87,10.166666666666666,8.557377049180328,1,9,Small
9.6,9,6,63,Harbhajan Singh,Bowlers,Rishabh Pant,Batters,1,False,-0.5,52,Delhi,Arun Jaitley Stadium,Small,False,True,60,9,10.0,77,7.7,20,163,86,10.0,8.6,1,9,Small
10.1,10,1,64,Lungi Ngidi,Bowlers,Rishabh Pant,Batters,1,False,-0.5,52,Delhi,Arun Jaitley Stadium,Small,False,True,61,10,10.166666666666666,78,7.672131147540984,20,163,85,9.833333333333334,8.64406779661017,1,9,Small
10.2,10,2,65,Lungi Ngidi,Bowlers,Shreyas Iyer,Batters,0,False,1.0,52,Delhi,Arun Jaitley Stadium,Small,False,True,62,10,10.333333333333334,78,7.548387096774193,20,163,85,9.666666666666666,8.793103448275863,1,9,Small
10.3,10,3,66,Lungi Ngidi,Bowlers,Shreyas Iyer,Batters,0,True,5.0,52,Delhi,Arun Jaitley Stadium,Small,False,True,63,10,10.5,78,7.428571428571429,20,163,85,9.5,8.947368421052632,2,8,Small
10.4,10,4,67,Lungi Ngidi,Bowlers,Glenn Maxwell,All-Rounders,1,False,-0.5,52,Delhi,Arun Jaitley Stadium,Small,False,True,64,10,10.666666666666666,79,7.40625,20,163,84,9.333333333333334,9.0,2,8,Small
10.5,10,5,68,Lungi Ngidi,Bowlers,Rishabh Pant,Batters,2,False,-1.0,52,Delhi,Arun Jaitley Stadium,Small,False,True,65,10,10.833333333333334,81,7.476923076923076,20,163,82,9.166666666666666,8.945454545454545,2,8,Small
10.6,10,6,69,Lungi Ngidi,Bowlers,Rishabh Pant,Batters,0,True,5.0,52,Delhi,Arun Jaitley Stadium,Small,False,True,66,10,11.0,81,7.363636363636363,20,163,82,9.0,9.11111111111111,3,7,Small
11.1,11,1,70,Ravindra Jadeja,All-Rounders,Glenn Maxwell,All-Rounders,1,False,-0.5,52,Delhi,Arun Jaitley Stadium,Small,False,True,67,11,11.166666666666666,82,7.343283582089553,20,163,81,8.833333333333334,9.169811320754716,3,7,Small
11.2,11,2,71,Ravindra Jadeja,All-Rounders,Vijay Shankar,All-Rounders,1,False,-0.5,52,Delhi,Arun Jaitley Stadium,Small,False,True,68,11,11.333333333333334,83,7.323529411764706,20,163,80,8.666666666666666,9.230769230769232,3,7,Small
11.3,11,3,72,Ravindra Jadeja,All-Rounders,Glenn Maxwell,All-Rounders,1,False,-0.5,52,Delhi,Arun Jaitley Stadium,Small,False,True,69,11,11.5,84,7.304347826086956,20,163,79,8.5,9.294117647058824,3,7,Small
11.4,11,4,73,Ravindra Jadeja,All-Rounders,Vijay Shankar,All-Rounders,0,False,1.0,52,Delhi,Arun Jaitley Stadium,Small,False,True,70,11,11.666666666666666,84,7.2,20,163,79,8.333333333333334,9.48,3,7,Small
11.5,11,5,74,Ravindra Jadeja,All-Rounders,Vijay Shankar,All-Rounders,0,False,1.0,52,Delhi,Arun Jaitley Stadium,Small,False,True,71,11,11.833333333333334,84,7.098591549295774,20,163,79,8.166666666666666,9.673469387755103,3,7,Small
11.6,11,6,75,Ravindra Jadeja,All-Rounders,Vijay Shankar,All-Rounders,0,False,1.0,52,Delhi,Arun Jaitley Stadium,Small,False,True,72,11,12.0,84,7.0,20,163,79,8.0,9.875,3,7,Small
12.1,12,1,76,Dwayne Bravo,All-Rounders,Glenn Maxwell,All-Rounders,1,False,-1.0,52,Delhi,Arun Jaitley Stadium,Small,True,False,72,11,12.0,85,7.083333333333333,20,163,78,8.0,9.75,3,7,Small
12.1,12,1,77,Dwayne Bravo,All-Rounders,Glenn Maxwell,All-Rounders,1,False,-0.5,52,Delhi,Arun Jaitley Stadium,Small,False,True,73,12,12.166666666666666,86,7.068493150684932,20,163,77,7.833333333333334,9.829787234042552,3,7,Small
12.2,12,2,78,Dwayne Bravo,All-Rounders,Vijay Shankar,All-Rounders,0,False,1.0,52,Delhi,Arun Jaitley Stadium,Small,False,True,74,12,12.333333333333334,86,6.972972972972973,20,163,77,7.666666666666666,10.043478260869566,3,7,Small
12.3,12,3,79,Dwayne Bravo,All-Rounders,Vijay Shankar,All-Rounders,1,False,-0.5,52,Delhi,Arun Jaitley Stadium,Small,False,True,75,12,12.5,87,6.96,20,163,76,7.5,10.133333333333333,3,7,Small
12.4,12,4,80,Dwayne Bravo,All-Rounders,Glenn Maxwell,All-Rounders,1,False,-0.5,52,Delhi,Arun Jaitley Stadium,Small,False,True,76,12,12.666666666666666,88,6.947368421052632,20,163,75,7.333333333333334,10.227272727272728,3,7,Small
12.5,12,5,81,Dwayne Bravo,All-Rounders,Vijay Shankar,All-Rounders,4,False,-2.0,52,Delhi,Arun Jaitley Stadium,Small,False,True,77,12,12.833333333333334,92,7.1688311688311686,20,163,71,7.166666666666666,9.906976744186048,3,7,Small
12.6,12,6,82,Dwayne Bravo,All-Rounders,Vijay Shankar,All-Rounders,1,False,-0.5,52,Delhi,Arun Jaitley Stadium,Small,False,True,78,12,13.0,93,7.153846153846154,20,163,70,7.0,10.0,3,7,Small
13.1,13,1,83,Ravindra Jadeja,All-Rounders,Vijay Shankar,All-Rounders,0,False,1.0,52,Delhi,Arun Jaitley Stadium,Small,False,True,79,13,13.166666666666666,93,7.063291139240507,20,163,70,6.833333333333334,10.243902439024389,3,7,Small
13.2,13,2,84,Ravindra Jadeja,All-Rounders,Vijay Shankar,All-Rounders,0,False,1.0,52,Delhi,Arun Jaitley Stadium,Small,False,True,80,13,13.333333333333334,93,6.975,20,163,70,6.666666666666666,10.500000000000002,3,7,Small
13.3,13,3,85,Ravindra Jadeja,All-Rounders,Vijay Shankar,All-Rounders,1,False,-0.5,52,Delhi,Arun Jaitley Stadium,Small,False,True,81,13,13.5,94,6.962962962962963,20,163,69,6.5,10.615384615384617,3,7,Small
13.4,13,4,86,Ravindra Jadeja,All-Rounders,Glenn Maxwell,All-Rounders,0,False,1.0,52,Delhi,Arun Jaitley Stadium,Small,False,True,82,13,13.666666666666666,94,6.878048780487805,20,163,69,6.333333333333334,10.894736842105262,3,7,Small
13.5,13,5,87,Ravindra Jadeja,All-Rounders,Glenn Maxwell,All-Rounders,0,True,5.0,52,Delhi,Arun Jaitley Stadium,Small,False,True,83,13,13.833333333333334,94,6.795180722891566,20,163,69,6.166666666666666,11.18918918918919,4,6,Small
13.6,13,6,88,Ravindra Jadeja,All-Rounders,Abhishek Sharma,All-Rounders,1,False,-0.5,52,Delhi,Arun Jaitley Stadium,Small,False,True,84,13,14.0,95,6.785714285714286,20,163,68,6.0,11.333333333333334,4,6,Small
14.1,14,1,89,Shardul Thakur,Bowlers,Abhishek Sharma,All-Rounders,1,False,-0.5,52,Delhi,Arun Jaitley Stadium,Small,False,True,85,14,14.166666666666666,96,6.776470588235294,20,163,67,5.833333333333334,11.485714285714284,4,6,Small
14.2,14,2,90,Shardul Thakur,Bowlers,Vijay Shankar,All-Rounders,1,False,-0.5,52,Delhi,Arun Jaitley Stadium,Small,False,True,86,14,14.333333333333334,97,6.767441860465116,20,163,66,5.666666666666666,11.647058823529411,4,6,Small
14.3,14,3,91,Shardul Thakur,Bowlers,Abhishek Sharma,All-Rounders,0,False,1.0,52,Delhi,Arun Jaitley Stadium,Small,False,True,87,14,14.5,97,6.689655172413793,20,163,66,5.5,12.0,4,6,Small
14.4,14,4,92,Shardul Thakur,Bowlers,Abhishek Sharma,All-Rounders,0,True,5.0,52,Delhi,Arun Jaitley Stadium,Small,False,True,88,14,14.666666666666666,97,6.613636363636364,20,163,66,5.333333333333334,12.374999999999998,5,5,Small
14.5,14,5,93,Shardul Thakur,Bowlers,Harshal Patel,Bowlers,1,False,-0.5,52,Delhi,Arun Jaitley Stadium,Small,False,True,89,14,14.833333333333334,98,6.606741573033708,20,163,65,5.166666666666666,12.580645161290324,5,5,Small
14.6,14,6,94,Shardul Thakur,Bowlers,Vijay Shankar,All-Rounders,4,False,-2.0,52,Delhi,Arun Jaitley Stadium,Small,False,True,90,14,15.0,102,6.8,20,163,61,5.0,12.2,5,5,Small
15.1,15,1,95,Lungi Ngidi,Bowlers,Harshal Patel,Bowlers,0,False,1.0,52,Delhi,Arun Jaitley Stadium,Small,False,True,91,15,15.166666666666666,102,6.725274725274725,20,163,61,4.833333333333334,12.620689655172413,5,5,Small
15.2,15,2,96,Lungi Ngidi,Bowlers,Harshal Patel,Bowlers,1,False,-0.5,52,Delhi,Arun Jaitley Stadium,Small,False,True,92,15,15.333333333333334,103,6.717391304347826,20,163,60,4.666666666666666,12.85714285714286,5,5,Small
15.3,15,3,97,Lungi Ngidi,Bowlers,Vijay Shankar,All-Rounders,1,False,-1.0,52,Delhi,Arun Jaitley Stadium,Small,True,False,92,15,15.333333333333334,104,6.782608695652174,20,163,59,4.666666666666666,12.642857142857144,5,5,Small
15.3,15,3,98,Lungi Ngidi,Bowlers,Vijay Shankar,All-Rounders,0,False,1.0,52,Delhi,Arun Jaitley Stadium,Small,False,True,93,15,15.5,104,6.709677419354839,20,163,59,4.5,13.11111111111111,5,5,Small
15.3,15,3,99,Lungi Ngidi,Bowlers,Vijay Shankar,All-Rounders,1,False,-1.0,52,Delhi,Arun Jaitley Stadium,Small,True,False,93,15,15.5,105,6.774193548387097,20,163,58,4.5,12.88888888888889,5,5,Small
15.4,15,4,100,Lungi Ngidi,Bowlers,Vijay Shankar,All-Rounders,1,False,-0.5,52,Delhi,Arun Jaitley Stadium,Small,False,True,94,15,15.666666666666666,106,6.765957446808511,20,163,57,4.333333333333334,13.153846153846152,5,5,Small
15.5,15,5,101,Lungi Ngidi,Bowlers,Harshal Patel,Bowlers,0,False,1.0,52,Delhi,Arun Jaitley Stadium,Small,False,True,95,15,15.833333333333334,106,6.694736842105263,20,163,57,4.166666666666666,13.68,5,5,Small
15.6,15,6,102,Lungi Ngidi,Bowlers,Harshal Patel,Bowlers,4,False,-2.0,52,Delhi,Arun Jaitley Stadium,Small,False,True,96,15,16.0,110,6.875,20,163,53,4.0,13.25,5,5,Small
16.1,16,1,103,Shardul Thakur,Bowlers,Vijay Shankar,All-Rounders,0,False,1.0,52,Delhi,Arun Jaitley Stadium,Small,False,True,97,16,16.166666666666668,110,6.804123711340206,20,163,53,3.833333333333332,13.826086956521744,5,5,Small
16.2,16,2,104,Shardul Thakur,Bowlers,Vijay Shankar,All-Rounders,0,False,1.0,52,Delhi,Arun Jaitley Stadium,Small,False,True,98,16,16.333333333333332,110,6.734693877551021,20,163,53,3.666666666666668,14.45454545454545,5,5,Small
16.3,16,3,105,Shardul Thakur,Bowlers,Vijay Shankar,All-Rounders,1,False,-0.5,52,Delhi,Arun Jaitley Stadium,Small,False,True,99,16,16.5,111,6.727272727272728,20,163,52,3.5,14.857142857142858,5,5,Small
16.4,16,4,106,Shardul Thakur,Bowlers,Harshal Patel,Bowlers,1,False,-0.5,52,Delhi,Arun Jaitley Stadium,Small,False,True,100,16,16.666666666666668,112,6.72,20,163,51,3.333333333333332,15.300000000000006,5,5,Small
16.5,16,5,107,Shardul Thakur,Bowlers,Vijay Shankar,All-Rounders,6,False,-3.0,52,Delhi,Arun Jaitley Stadium,Small,False,True,101,16,16.833333333333332,118,7.009900990099011,20,163,45,3.166666666666668,14.210526315789467,5,5,Small
16.6,16,6,108,Shardul Thakur,Bowlers,Vijay Shankar,All-Rounders,0,False,1.0,52,Delhi,Arun Jaitley Stadium,Small,False,True,102,16,17.0,118,6.941176470588236,20,163,45,3.0,15.0,5,5,Small
17.1,17,1,109,Dwayne Bravo,All-Rounders,Harshal Patel,Bowlers,6,False,-3.0,52,Delhi,Arun Jaitley Stadium,Small,False,True,103,17,17.166666666666668,124,7.223300970873786,20,163,39,2.833333333333332,13.764705882352947,5,5,Small
17.2,17,2,110,Dwayne Bravo,All-Rounders,Harshal Patel,Bowlers,1,False,-0.5,52,Delhi,Arun Jaitley Stadium,Small,False,True,104,17,17.333333333333332,125,7.211538461538462,20,163,38,2.666666666666668,14.249999999999991,5,5,Small
17.3,17,3,111,Dwayne Bravo,All-Rounders,Vijay Shankar,All-Rounders,1,False,-0.5,52,Delhi,Arun Jaitley Stadium,Small,False,True,105,17,17.5,126,7.2,20,163,37,2.5,14.8,5,5,Small
17.4,17,4,112,Dwayne Bravo,All-Rounders,Harshal Patel,Bowlers,1,False,-0.5,52,Delhi,Arun Jaitley Stadium,Small,False,True,106,17,17.666666666666668,127,7.188679245283018,20,163,36,2.333333333333332,15.428571428571436,5,5,Small
17.5,17,5,113,Dwayne Bravo,All-Rounders,Vijay Shankar,All-Rounders,2,False,-1.0,52,Delhi,Arun Jaitley Stadium,Small,False,True,107,17,17.833333333333332,129,7.233644859813085,20,163,34,2.166666666666668,15.692307692307685,5,5,Small
17.6,17,6,114,Dwayne Bravo,All-Rounders,Vijay Shankar,All-Rounders,1,False,-0.5,52,Delhi,Arun Jaitley Stadium,Small,False,True,108,17,18.0,130,7.222222222222222,20,163,33,2.0,16.5,5,5,Small
18.1,18,1,115,Shardul Thakur,Bowlers,Vijay Shankar,All-Rounders,2,False,-1.0,52,Delhi,Arun Jaitley Stadium,Small,False,True,109,18,18.166666666666668,132,7.26605504587156,20,163,31,1.833333333333332,16.90909090909092,5,5,Small
18.2,18,2,116,Shardul Thakur,Bowlers,Vijay Shankar,All-Rounders,1,False,-0.5,52,Delhi,Arun Jaitley Stadium,Small,False,True,110,18,18.33333333333333,133,7.254545454545455,20,163,30,1.666666666666668,17.999999999999986,5,5,Small
18.3,18,3,117,Shardul Thakur,Bowlers,Harshal Patel,Bowlers,1,False,-0.5,52,Delhi,Arun Jaitley Stadium,Small,False,True,111,18,18.5,134,7.243243243243243,20,163,29,1.5,19.33333333333333,5,5,Small
18.4,18,4,118,Shardul Thakur,Bowlers,Vijay Shankar,All-Rounders,1,False,-0.5,52,Delhi,Arun Jaitley Stadium,Small,False,True,112,18,18.666666666666668,135,7.232142857142857,20,163,28,1.333333333333332,21.000000000000018,5,5,Small
18.5,18,5,119,Shardul Thakur,Bowlers,Harshal Patel,Bowlers,0,False,1.0,52,Delhi,Arun Jaitley Stadium,Small,False,True,113,18,18.83333333333333,135,7.168141592920354,20,163,28,1.166666666666668,23.99999999999997,5,5,Small
18.6,18,6,120,Shardul Thakur,Bowlers,Harshal Patel,Bowlers,1,False,-0.5,52,Delhi,Arun Jaitley Stadium,Small,False,True,114,18,19.0,136,7.157894736842105,20,163,27,1.0,27.0,5,5,Small
19.1,19,1,121,Dwayne Bravo,All-Rounders,Harshal Patel,Bowlers,6,False,-3.0,52,Delhi,Arun Jaitley Stadium,Small,False,True,115,19,19.166666666666668,142,7.408695652173913,20,163,21,0.8333333333333321,25.200000000000035,5,5,Small
19.2,19,2,122,Dwayne Bravo,All-Rounders,Harshal Patel,Bowlers,1,False,-0.5,52,Delhi,Arun Jaitley Stadium,Small,False,True,116,19,19.33333333333333,143,7.3965517241379315,20,163,20,0.6666666666666679,29.999999999999947,5,5,Small
19.3,19,3,123,Dwayne Bravo,All-Rounders,Vijay Shankar,All-Rounders,6,False,-3.0,52,Delhi,Arun Jaitley Stadium,Small,False,True,117,19,19.5,149,7.641025641025641,20,163,14,0.5,28.0,5,5,Small
19.4,19,4,124,Dwayne Bravo,All-Rounders,Vijay Shankar,All-Rounders,1,False,-0.5,52,Delhi,Arun Jaitley Stadium,Small,False,True,118,19,19.666666666666668,150,7.627118644067796,20,163,13,0.3333333333333321,39.00000000000014,5,5,Small
19.5,19,5,125,Dwayne Bravo,All-Rounders,Harshal Patel,Bowlers,6,False,-3.0,52,Delhi,Arun Jaitley Stadium,Small,False,True,119,19,19.83333333333333,156,7.865546218487395,20,163,7,0.1666666666666678,41.9999999999997,5,5,Small
19.6,19,6,126,Dwayne Bravo,All-Rounders,Harshal Patel,Bowlers,6,False,-3.0,52,Delhi,Arun Jaitley Stadium,Small,False,True,120,19,20.0,162,8.1,20,163,1,0.0,inf,5,5,Small
