Ball Number,over,ball,Ball,bowler,bowler_role,batsman,batsman_role,Runs,is_wicket,bowler_score,match_id,city,stadium,Stadium_Type,is_extra,legal_delivery,legal_deliveries_count,overs_completed,overs_bowled,total_runs,current_run_rate,total_overs,target,runs_needed,overs_remaining,required_run_rate,wickets_fallen,wickets_in_hand,Ground_Type
0.1,0,1,1,Krishnappa Gowtham,All-Rounders,Glenn Maxwell,All-Rounders,0,True,5.0,6,Jaipur,Sawai Mansingh Stadium,Large,False,True,1,0,0.1666666666666666,0,0.0,20,71,71,19.83333333333333,3.5798319327731094,1,9,Large
0.2,0,2,2,Krishnappa Gowtham,All-Rounders,Glenn Maxwell,All-Rounders,1,False,-0.5,6,Jaipur,Sawai Mansingh Stadium,Large,False,True,2,0,0.3333333333333333,1,3.0,20,71,70,19.666666666666668,3.559322033898305,1,9,Large
0.3,0,3,3,Krishnappa Gowtham,All-Rounders,Rishabh Pant,Batters,4,False,-2.0,6,Jaipur,Sawai Mansingh Stadium,Large,False,True,3,0,0.5,5,10.0,20,71,66,19.5,3.3846153846153846,1,9,Large
0.4,0,4,4,Krishnappa Gowtham,All-Rounders,Rishabh Pant,Batters,0,False,1.0,6,Jaipur,Sawai Mansingh Stadium,Large,False,True,4,0,0.6666666666666666,5,7.5,20,71,66,19.33333333333333,3.413793103448276,1,9,Large
0.5,0,5,5,Krishnappa Gowtham,All-Rounders,Rishabh Pant,Batters,4,False,-2.0,6,Jaipur,Sawai Mansingh Stadium,Large,False,True,5,0,0.8333333333333334,9,10.8,20,71,62,19.166666666666668,3.234782608695652,1,9,Large
0.6,0,6,6,Krishnappa Gowtham,All-Rounders,Rishabh Pant,Batters,1,False,-0.5,6,Jaipur,Sawai Mansingh Stadium,Large,False,True,6,0,1.0,10,10.0,20,71,61,19.0,3.210526315789474,1,9,Large
1.1,1,1,7,Dhawal Kulkarni,Bowlers,Rishabh Pant,Batters,1,False,-0.25,6,Jaipur,Sawai Mansingh Stadium,Large,False,True,7,1,1.1666666666666667,11,9.428571428571429,20,71,60,18.83333333333333,3.185840707964602,1,9,Large
1.2,1,2,8,Dhawal Kulkarni,Bowlers,Glenn Maxwell,All-Rounders,1,False,-0.5,6,Jaipur,Sawai Mansingh Stadium,Large,False,True,8,1,1.3333333333333333,12,9.0,20,71,59,18.666666666666668,3.1607142857142856,1,9,Large
1.3,1,3,9,Dhawal Kulkarni,Bowlers,Rishabh Pant,Batters,1,False,-1.0,6,Jaipur,Sawai Mansingh Stadium,Large,True,False,8,1,1.3333333333333333,13,9.75,20,71,58,18.666666666666668,3.1071428571428568,1,9,Large
1.3,1,3,10,Dhawal Kulkarni,Bowlers,Rishabh Pant,Batters,0,False,1.0,6,Jaipur,Sawai Mansingh Stadium,Large,False,True,9,1,1.5,13,8.666666666666666,20,71,58,18.5,3.135135135135135,1,9,Large
1.4,1,4,11,Dhawal Kulkarni,Bowlers,Rishabh Pant,Batters,1,False,-0.5,6,Jaipur,Sawai Mansingh Stadium,Large,False,True,10,1,1.6666666666666663,14,8.4,20,71,57,18.33333333333333,3.1090909090909093,1,9,Large
1.5,1,5,12,Dhawal Kulkarni,Bowlers,Glenn Maxwell,All-Rounders,0,False,1.0,6,Jaipur,Sawai Mansingh Stadium,Large,False,True,11,1,1.8333333333333333,14,7.636363636363636,20,71,57,18.166666666666668,3.1376146788990824,1,9,Large
1.6,1,6,13,Dhawal Kulkarni,Bowlers,Glenn Maxwell,All-Rounders,1,False,-0.5,6,Jaipur,Sawai Mansingh Stadium,Large,False,True,12,1,2.0,15,7.5,20,71,56,18.0,3.111111111111111,1,9,Large
2.1,2,1,14,Jaydev Unadkat,Bowlers,Glenn Maxwell,All-Rounders,0,False,1.0,6,Jaipur,Sawai Mansingh Stadium,Large,False,True,13,2,2.1666666666666665,15,6.923076923076923,20,71,56,17.833333333333332,3.140186915887851,1,9,Large
2.2,2,2,15,Jaydev Unadkat,Bowlers,Glenn Maxwell,All-Rounders,0,False,1.0,6,Jaipur,Sawai Mansingh Stadium,Large,False,True,14,2,2.333333333333333,15,6.428571428571428,20,71,56,17.666666666666668,3.1698113207547167,1,9,Large
2.3,2,3,16,Jaydev Unadkat,Bowlers,Glenn Maxwell,All-Rounders,0,False,1.0,6,Jaipur,Sawai Mansingh Stadium,Large,False,True,15,2,2.5,15,6.0,20,71,56,17.5,3.2,1,9,Large
2.4,2,4,17,Jaydev Unadkat,Bowlers,Glenn Maxwell,All-Rounders,4,False,-2.0,6,Jaipur,Sawai Mansingh Stadium,Large,False,True,16,2,2.6666666666666665,19,7.125,20,71,52,17.333333333333332,3.0,1,9,Large
2.5,2,5,18,Jaydev Unadkat,Bowlers,Glenn Maxwell,All-Rounders,6,False,-3.0,6,Jaipur,Sawai Mansingh Stadium,Large,False,True,17,2,2.833333333333333,25,8.823529411764705,20,71,46,17.166666666666668,2.6796116504854366,1,9,Large
2.6,2,6,19,Jaydev Unadkat,Bowlers,Glenn Maxwell,All-Rounders,4,False,-2.0,6,Jaipur,Sawai Mansingh Stadium,Large,False,True,18,2,3.0,29,9.666666666666666,20,71,42,17.0,2.4705882352941178,1,9,Large
3.1,3,1,20,Ben Laughlin,Bowlers,Rishabh Pant,Batters,2,False,-1.0,6,Jaipur,Sawai Mansingh Stadium,Large,False,True,19,3,3.1666666666666665,31,9.789473684210527,20,71,40,16.833333333333332,2.376237623762377,1,9,Large
3.2,3,2,21,Ben Laughlin,Bowlers,Rishabh Pant,Batters,2,False,-1.0,6,Jaipur,Sawai Mansingh Stadium,Large,False,True,20,3,3.333333333333333,33,9.9,20,71,38,16.666666666666668,2.28,1,9,Large
3.3,3,3,22,Ben Laughlin,Bowlers,Rishabh Pant,Batters,1,False,-0.5,6,Jaipur,Sawai Mansingh Stadium,Large,False,True,21,3,3.5,34,9.714285714285714,20,71,37,16.5,2.242424242424242,1,9,Large
3.4,3,4,23,Ben Laughlin,Bowlers,Glenn Maxwell,All-Rounders,0,True,5.0,6,Jaipur,Sawai Mansingh Stadium,Large,False,True,22,3,3.6666666666666665,34,9.272727272727272,20,71,37,16.333333333333332,2.26530612244898,2,8,Large
3.5,3,5,24,Ben Laughlin,Bowlers,Chris Morris,All-Rounders,0,False,1.0,6,Jaipur,Sawai Mansingh Stadium,Large,False,True,23,3,3.8333333333333335,34,8.869565217391305,20,71,37,16.166666666666668,2.288659793814433,2,8,Large
3.6,3,6,25,Ben Laughlin,Bowlers,Chris Morris,All-Rounders,2,False,-1.0,6,Jaipur,Sawai Mansingh Stadium,Large,False,True,24,3,4.0,36,9.0,20,71,35,16.0,2.1875,2,8,Large
4.1,4,1,26,Jaydev Unadkat,Bowlers,Rishabh Pant,Batters,1,False,-0.5,6,Jaipur,Sawai Mansingh Stadium,Large,False,True,25,4,4.166666666666667,37,8.879999999999999,20,71,34,15.833333333333332,2.147368421052632,2,8,Large
4.2,4,2,27,Jaydev Unadkat,Bowlers,Chris Morris,All-Rounders,4,False,-2.0,6,Jaipur,Sawai Mansingh Stadium,Large,False,True,26,4,4.333333333333333,41,9.461538461538462,20,71,30,15.666666666666668,1.9148936170212765,2,8,Large
4.3,4,3,28,Jaydev Unadkat,Bowlers,Chris Morris,All-Rounders,1,False,-0.5,6,Jaipur,Sawai Mansingh Stadium,Large,False,True,27,4,4.5,42,9.333333333333334,20,71,29,15.5,1.870967741935484,2,8,Large
4.4,4,4,29,Jaydev Unadkat,Bowlers,Rishabh Pant,Batters,4,False,-2.0,6,Jaipur,Sawai Mansingh Stadium,Large,False,True,28,4,4.666666666666667,46,9.857142857142856,20,71,25,15.333333333333332,1.6304347826086958,2,8,Large
4.5,4,5,30,Jaydev Unadkat,Bowlers,Rishabh Pant,Batters,0,False,1.0,6,Jaipur,Sawai Mansingh Stadium,Large,False,True,29,4,4.833333333333333,46,9.517241379310343,20,71,25,15.166666666666668,1.6483516483516485,2,8,Large
4.6,4,6,31,Jaydev Unadkat,Bowlers,Rishabh Pant,Batters,0,True,5.0,6,Jaipur,Sawai Mansingh Stadium,Large,False,True,30,4,5.0,46,9.2,20,71,25,15.0,1.6666666666666667,3,7,Large
5.1,5,1,32,Ben Laughlin,Bowlers,Vijay Shankar,All-Rounders,1,False,-0.5,6,Jaipur,Sawai Mansingh Stadium,Large,False,True,31,5,5.166666666666667,47,9.096774193548386,20,71,24,14.833333333333332,1.6179775280898878,3,7,Large
5.2,5,2,33,Ben Laughlin,Bowlers,Chris Morris,All-Rounders,1,False,-0.25,6,Jaipur,Sawai Mansingh Stadium,Large,False,True,32,5,5.333333333333333,48,9.0,20,71,23,14.666666666666668,1.568181818181818,3,7,Large
5.3,5,3,34,Ben Laughlin,Bowlers,Vijay Shankar,All-Rounders,2,False,-1.0,6,Jaipur,Sawai Mansingh Stadium,Large,False,True,33,5,5.5,50,9.090909090909092,20,71,21,14.5,1.4482758620689655,3,7,Large
5.4,5,4,35,Ben Laughlin,Bowlers,Vijay Shankar,All-Rounders,0,True,5.0,6,Jaipur,Sawai Mansingh Stadium,Large,False,True,34,5,5.666666666666667,50,8.823529411764705,20,71,21,14.333333333333332,1.4651162790697676,4,6,Large
5.5,5,5,36,Ben Laughlin,Bowlers,Chris Morris,All-Rounders,4,False,-2.0,6,Jaipur,Sawai Mansingh Stadium,Large,False,True,35,5,5.833333333333333,54,9.257142857142858,20,71,17,14.166666666666668,1.2,4,6,Large
5.6,5,6,37,Ben Laughlin,Bowlers,Chris Morris,All-Rounders,6,False,-3.0,6,Jaipur,Sawai Mansingh Stadium,Large,False,True,36,5,6.0,60,10.0,20,71,11,14.0,0.7857142857142857,4,6,Large
