Ball Number,over,ball,Ball,bowler,bowler_role,batsman,batsman_role,Runs,is_wicket,bowler_score,match_id,city,stadium,Stadium_Type,is_extra,legal_delivery,legal_deliveries_count,overs_completed,overs_bowled,total_runs,current_run_rate,total_overs,target,runs_needed,overs_remaining,required_run_rate,wickets_fallen,wickets_in_hand,Ground_Type
0.1,0,1,1,Axar Patel,All-Rounders,Quinton de Kock,Batters,1,False,-0.5,8,Bengaluru,M Chinnaswamy Stadium,Medium,False,True,1,0,0.1666666666666666,1,6.0,20,156,155,19.83333333333333,7.815126050420169,0,10,Medium
0.2,0,2,2,Axar Patel,All-Rounders,Brendon McCullum,Batters,0,True,5.0,8,Bengaluru,M Chinnaswamy Stadium,Medium,False,True,2,0,0.3333333333333333,1,3.0,20,156,155,19.666666666666668,7.881355932203389,1,9,Medium
0.3,0,3,3,Axar Patel,All-Rounders,Virat Kohli,Batters,4,False,-2.0,8,Bengaluru,M Chinnaswamy Stadium,Medium,False,True,3,0,0.5,5,10.0,20,156,151,19.5,7.743589743589744,1,9,Medium
0.4,0,4,4,Axar Patel,All-Rounders,Virat Kohli,Batters,0,False,1.0,8,Bengaluru,M Chinnaswamy Stadium,Medium,False,True,4,0,0.6666666666666666,5,7.5,20,156,151,19.33333333333333,7.810344827586207,1,9,Medium
0.5,0,5,5,Axar Patel,All-Rounders,Virat Kohli,Batters,1,False,-0.5,8,Bengaluru,M Chinnaswamy Stadium,Medium,False,True,5,0,0.8333333333333334,6,7.199999999999999,20,156,150,19.166666666666668,7.826086956521738,1,9,Medium
0.6,0,6,6,Axar Patel,All-Rounders,Quinton de Kock,Batters,4,False,-2.0,8,Bengaluru,M Chinnaswamy Stadium,Medium,False,True,6,0,1.0,10,10.0,20,156,146,19.0,7.684210526315789,1,9,Medium
1.1,1,1,7,Ravichandran Ashwin,All-Rounders,Virat Kohli,Batters,4,False,-2.0,8,Bengaluru,M Chinnaswamy Stadium,Medium,False,True,7,1,1.1666666666666667,14,12.0,20,156,142,18.83333333333333,7.539823008849558,1,9,Medium
1.2,1,2,8,Ravichandran Ashwin,All-Rounders,Virat Kohli,Batters,0,False,1.0,8,Bengaluru,M Chinnaswamy Stadium,Medium,False,True,8,1,1.3333333333333333,14,10.5,20,156,142,18.666666666666668,7.607142857142857,1,9,Medium
1.3,1,3,9,Ravichandran Ashwin,All-Rounders,Virat Kohli,Batters,1,False,-0.5,8,Bengaluru,M Chinnaswamy Stadium,Medium,False,True,9,1,1.5,15,10.0,20,156,141,18.5,7.621621621621622,1,9,Medium
1.4,1,4,10,Ravichandran Ashwin,All-Rounders,Quinton de Kock,Batters,0,False,1.0,8,Bengaluru,M Chinnaswamy Stadium,Medium,False,True,10,1,1.6666666666666663,15,9.0,20,156,141,18.33333333333333,7.690909090909091,1,9,Medium
1.5,1,5,11,Ravichandran Ashwin,All-Rounders,Quinton de Kock,Batters,4,False,-2.0,8,Bengaluru,M Chinnaswamy Stadium,Medium,False,True,11,1,1.8333333333333333,19,10.363636363636363,20,156,137,18.166666666666668,7.541284403669724,1,9,Medium
1.6,1,6,12,Ravichandran Ashwin,All-Rounders,Quinton de Kock,Batters,0,False,1.0,8,Bengaluru,M Chinnaswamy Stadium,Medium,False,True,12,1,2.0,19,9.5,20,156,137,18.0,7.611111111111111,1,9,Medium
2.1,2,1,13,Mujeeb Ur Rahman,Bowlers,Virat Kohli,Batters,1,False,-0.5,8,Bengaluru,M Chinnaswamy Stadium,Medium,False,True,13,2,2.1666666666666665,20,9.230769230769232,20,156,136,17.833333333333332,7.626168224299066,1,9,Medium
2.2,2,2,14,Mujeeb Ur Rahman,Bowlers,Quinton de Kock,Batters,0,False,1.0,8,Bengaluru,M Chinnaswamy Stadium,Medium,False,True,14,2,2.333333333333333,20,8.571428571428571,20,156,136,17.666666666666668,7.698113207547169,1,9,Medium
2.3,2,3,15,Mujeeb Ur Rahman,Bowlers,Quinton de Kock,Batters,0,False,1.0,8,Bengaluru,M Chinnaswamy Stadium,Medium,False,True,15,2,2.5,20,8.0,20,156,136,17.5,7.771428571428571,1,9,Medium
2.4,2,4,16,Mujeeb Ur Rahman,Bowlers,Quinton de Kock,Batters,1,False,-0.25,8,Bengaluru,M Chinnaswamy Stadium,Medium,False,True,16,2,2.6666666666666665,21,7.875,20,156,135,17.333333333333332,7.788461538461539,1,9,Medium
2.5,2,5,17,Mujeeb Ur Rahman,Bowlers,Virat Kohli,Batters,1,False,-0.5,8,Bengaluru,M Chinnaswamy Stadium,Medium,False,True,17,2,2.833333333333333,22,7.764705882352941,20,156,134,17.166666666666668,7.805825242718446,1,9,Medium
2.6,2,6,18,Mujeeb Ur Rahman,Bowlers,Quinton de Kock,Batters,0,False,1.0,8,Bengaluru,M Chinnaswamy Stadium,Medium,False,True,18,2,3.0,22,7.333333333333333,20,156,134,17.0,7.882352941176471,1,9,Medium
3.1,3,1,19,Andrew Tye,Bowlers,Virat Kohli,Batters,4,False,-2.0,8,Bengaluru,M Chinnaswamy Stadium,Medium,False,True,19,3,3.1666666666666665,26,8.210526315789474,20,156,130,16.833333333333332,7.722772277227723,1,9,Medium
3.2,3,2,20,Andrew Tye,Bowlers,Virat Kohli,Batters,0,False,1.0,8,Bengaluru,M Chinnaswamy Stadium,Medium,False,True,20,3,3.333333333333333,26,7.8,20,156,130,16.666666666666668,7.8,1,9,Medium
3.3,3,3,21,Andrew Tye,Bowlers,Virat Kohli,Batters,1,False,-0.5,8,Bengaluru,M Chinnaswamy Stadium,Medium,False,True,21,3,3.5,27,7.714285714285714,20,156,129,16.5,7.818181818181818,1,9,Medium
3.4,3,4,22,Andrew Tye,Bowlers,Quinton de Kock,Batters,1,False,-0.5,8,Bengaluru,M Chinnaswamy Stadium,Medium,False,True,22,3,3.6666666666666665,28,7.636363636363637,20,156,128,16.333333333333332,7.836734693877552,1,9,Medium
3.5,3,5,23,Andrew Tye,Bowlers,Virat Kohli,Batters,4,False,-2.0,8,Bengaluru,M Chinnaswamy Stadium,Medium,False,True,23,3,3.8333333333333335,32,8.347826086956522,20,156,124,16.166666666666668,7.670103092783504,1,9,Medium
3.6,3,6,24,Andrew Tye,Bowlers,Virat Kohli,Batters,0,False,1.0,8,Bengaluru,M Chinnaswamy Stadium,Medium,False,True,24,3,4.0,32,8.0,20,156,124,16.0,7.75,1,9,Medium
4.1,4,1,25,Mujeeb Ur Rahman,Bowlers,Quinton de Kock,Batters,0,False,1.0,8,Bengaluru,M Chinnaswamy Stadium,Medium,False,True,25,4,4.166666666666667,32,7.68,20,156,124,15.833333333333332,7.831578947368421,1,9,Medium
4.2,4,2,26,Mujeeb Ur Rahman,Bowlers,Quinton de Kock,Batters,1,False,-0.5,8,Bengaluru,M Chinnaswamy Stadium,Medium,False,True,26,4,4.333333333333333,33,7.615384615384616,20,156,123,15.666666666666668,7.8510638297872335,1,9,Medium
4.3,4,3,27,Mujeeb Ur Rahman,Bowlers,Virat Kohli,Batters,0,False,1.0,8,Bengaluru,M Chinnaswamy Stadium,Medium,False,True,27,4,4.5,33,7.333333333333333,20,156,123,15.5,7.935483870967742,1,9,Medium
4.4,4,4,28,Mujeeb Ur Rahman,Bowlers,Virat Kohli,Batters,0,False,1.0,8,Bengaluru,M Chinnaswamy Stadium,Medium,False,True,28,4,4.666666666666667,33,7.071428571428571,20,156,123,15.333333333333332,8.021739130434783,1,9,Medium
4.5,4,5,29,Mujeeb Ur Rahman,Bowlers,Virat Kohli,Batters,0,True,5.0,8,Bengaluru,M Chinnaswamy Stadium,Medium,False,True,29,4,4.833333333333333,33,6.8275862068965525,20,156,123,15.166666666666668,8.10989010989011,2,8,Medium
4.6,4,6,30,Mujeeb Ur Rahman,Bowlers,AB de Villiers,Batters,0,False,1.0,8,Bengaluru,M Chinnaswamy Stadium,Medium,False,True,30,4,5.0,33,6.6,20,156,123,15.0,8.2,2,8,Medium
5.1,5,1,31,Ravichandran Ashwin,All-Rounders,Quinton de Kock,Batters,0,False,1.0,8,Bengaluru,M Chinnaswamy Stadium,Medium,False,True,31,5,5.166666666666667,33,6.387096774193548,20,156,123,14.833333333333332,8.292134831460675,2,8,Medium
5.2,5,2,32,Ravichandran Ashwin,All-Rounders,Quinton de Kock,Batters,4,False,-2.0,8,Bengaluru,M Chinnaswamy Stadium,Medium,False,True,32,5,5.333333333333333,37,6.9375,20,156,119,14.666666666666668,8.113636363636363,2,8,Medium
5.3,5,3,33,Ravichandran Ashwin,All-Rounders,Quinton de Kock,Batters,1,False,-0.5,8,Bengaluru,M Chinnaswamy Stadium,Medium,False,True,33,5,5.5,38,6.909090909090909,20,156,118,14.5,8.137931034482758,2,8,Medium
5.4,5,4,34,Ravichandran Ashwin,All-Rounders,AB de Villiers,Batters,1,False,-0.5,8,Bengaluru,M Chinnaswamy Stadium,Medium,False,True,34,5,5.666666666666667,39,6.88235294117647,20,156,117,14.333333333333332,8.162790697674419,2,8,Medium
5.5,5,5,35,Ravichandran Ashwin,All-Rounders,Quinton de Kock,Batters,1,False,-0.5,8,Bengaluru,M Chinnaswamy Stadium,Medium,False,True,35,5,5.833333333333333,40,6.857142857142858,20,156,116,14.166666666666668,8.188235294117646,2,8,Medium
5.6,5,6,36,Ravichandran Ashwin,All-Rounders,AB de Villiers,Batters,1,False,-0.5,8,Bengaluru,M Chinnaswamy Stadium,Medium,False,True,36,5,6.0,41,6.833333333333333,20,156,115,14.0,8.214285714285714,2,8,Medium
6.1,6,1,37,Mujeeb Ur Rahman,Bowlers,AB de Villiers,Batters,1,False,-0.5,8,Bengaluru,M Chinnaswamy Stadium,Medium,False,True,37,6,6.166666666666667,42,6.8108108108108105,20,156,114,13.833333333333332,8.240963855421688,2,8,Medium
6.2,6,2,38,Mujeeb Ur Rahman,Bowlers,Quinton de Kock,Batters,4,False,-2.0,8,Bengaluru,M Chinnaswamy Stadium,Medium,False,True,38,6,6.333333333333333,46,7.263157894736842,20,156,110,13.666666666666668,8.048780487804878,2,8,Medium
6.3,6,3,39,Mujeeb Ur Rahman,Bowlers,Quinton de Kock,Batters,0,False,1.0,8,Bengaluru,M Chinnaswamy Stadium,Medium,False,True,39,6,6.5,46,7.076923076923077,20,156,110,13.5,8.148148148148149,2,8,Medium
6.4,6,4,40,Mujeeb Ur Rahman,Bowlers,Quinton de Kock,Batters,1,False,-0.5,8,Bengaluru,M Chinnaswamy Stadium,Medium,False,True,40,6,6.666666666666667,47,7.05,20,156,109,13.333333333333332,8.175,2,8,Medium
6.5,6,5,41,Mujeeb Ur Rahman,Bowlers,AB de Villiers,Batters,0,False,1.0,8,Bengaluru,M Chinnaswamy Stadium,Medium,False,True,41,6,6.833333333333333,47,6.878048780487805,20,156,109,13.166666666666668,8.278481012658228,2,8,Medium
6.6,6,6,42,Mujeeb Ur Rahman,Bowlers,AB de Villiers,Batters,1,False,-0.5,8,Bengaluru,M Chinnaswamy Stadium,Medium,False,True,42,6,7.0,48,6.857142857142857,20,156,108,13.0,8.307692307692308,2,8,Medium
7.1,7,1,43,Mohit Sharma,Bowlers,AB de Villiers,Batters,6,False,-3.0,8,Bengaluru,M Chinnaswamy Stadium,Medium,False,True,43,7,7.166666666666667,54,7.534883720930233,20,156,102,12.833333333333332,7.9480519480519485,2,8,Medium
7.2,7,2,44,Mohit Sharma,Bowlers,AB de Villiers,Batters,1,False,-0.5,8,Bengaluru,M Chinnaswamy Stadium,Medium,False,True,44,7,7.333333333333333,55,7.5,20,156,101,12.666666666666668,7.973684210526315,2,8,Medium
7.3,7,3,45,Mohit Sharma,Bowlers,Quinton de Kock,Batters,4,False,-2.0,8,Bengaluru,M Chinnaswamy Stadium,Medium,False,True,45,7,7.5,59,7.866666666666666,20,156,97,12.5,7.76,2,8,Medium
7.4,7,4,46,Mohit Sharma,Bowlers,Quinton de Kock,Batters,1,False,-0.5,8,Bengaluru,M Chinnaswamy Stadium,Medium,False,True,46,7,7.666666666666667,60,7.826086956521739,20,156,96,12.333333333333332,7.783783783783784,2,8,Medium
7.5,7,5,47,Mohit Sharma,Bowlers,AB de Villiers,Batters,0,False,1.0,8,Bengaluru,M Chinnaswamy Stadium,Medium,False,True,47,7,7.833333333333333,60,7.659574468085107,20,156,96,12.166666666666668,7.890410958904109,2,8,Medium
7.6,7,6,48,Mohit Sharma,Bowlers,AB de Villiers,Batters,4,False,-2.0,8,Bengaluru,M Chinnaswamy Stadium,Medium,False,True,48,7,8.0,64,8.0,20,156,92,12.0,7.666666666666667,2,8,Medium
8.1,8,1,49,Axar Patel,All-Rounders,Quinton de Kock,Batters,0,False,1.0,8,Bengaluru,M Chinnaswamy Stadium,Medium,False,True,49,8,8.166666666666666,64,7.836734693877552,20,156,92,11.833333333333334,7.774647887323943,2,8,Medium
8.2,8,2,50,Axar Patel,All-Rounders,Quinton de Kock,Batters,1,False,-0.25,8,Bengaluru,M Chinnaswamy Stadium,Medium,False,True,50,8,8.333333333333334,65,7.8,20,156,91,11.666666666666666,7.800000000000001,2,8,Medium
8.3,8,3,51,Axar Patel,All-Rounders,AB de Villiers,Batters,0,False,1.0,8,Bengaluru,M Chinnaswamy Stadium,Medium,False,True,51,8,8.5,65,7.647058823529412,20,156,91,11.5,7.913043478260869,2,8,Medium
8.4,8,4,52,Axar Patel,All-Rounders,AB de Villiers,Batters,2,False,-1.0,8,Bengaluru,M Chinnaswamy Stadium,Medium,False,True,52,8,8.666666666666666,67,7.730769230769232,20,156,89,11.333333333333334,7.852941176470588,2,8,Medium
8.5,8,5,53,Axar Patel,All-Rounders,AB de Villiers,Batters,0,False,1.0,8,Bengaluru,M Chinnaswamy Stadium,Medium,False,True,53,8,8.833333333333334,67,7.584905660377358,20,156,89,11.166666666666666,7.970149253731344,2,8,Medium
8.6,8,6,54,Axar Patel,All-Rounders,AB de Villiers,Batters,0,False,1.0,8,Bengaluru,M Chinnaswamy Stadium,Medium,False,True,54,8,9.0,67,7.444444444444445,20,156,89,11.0,8.090909090909092,2,8,Medium
9.1,9,1,55,Ravichandran Ashwin,All-Rounders,Quinton de Kock,Batters,1,False,-0.5,8,Bengaluru,M Chinnaswamy Stadium,Medium,False,True,55,9,9.166666666666666,68,7.418181818181819,20,156,88,10.833333333333334,8.123076923076923,2,8,Medium
9.2,9,2,56,Ravichandran Ashwin,All-Rounders,AB de Villiers,Batters,1,False,-0.5,8,Bengaluru,M Chinnaswamy Stadium,Medium,False,True,56,9,9.333333333333334,69,7.392857142857142,20,156,87,10.666666666666666,8.15625,2,8,Medium
9.3,9,3,57,Ravichandran Ashwin,All-Rounders,Quinton de Kock,Batters,6,False,-3.0,8,Bengaluru,M Chinnaswamy Stadium,Medium,False,True,57,9,9.5,75,7.894736842105263,20,156,81,10.5,7.714285714285714,2,8,Medium
9.4,9,4,58,Ravichandran Ashwin,All-Rounders,Quinton de Kock,Batters,0,False,1.0,8,Bengaluru,M Chinnaswamy Stadium,Medium,False,True,58,9,9.666666666666666,75,7.758620689655173,20,156,81,10.333333333333334,7.838709677419354,2,8,Medium
9.5,9,5,59,Ravichandran Ashwin,All-Rounders,Quinton de Kock,Batters,4,False,-2.0,8,Bengaluru,M Chinnaswamy Stadium,Medium,False,True,59,9,9.833333333333334,79,8.033898305084746,20,156,77,10.166666666666666,7.573770491803279,2,8,Medium
9.6,9,6,60,Ravichandran Ashwin,All-Rounders,Quinton de Kock,Batters,0,False,1.0,8,Bengaluru,M Chinnaswamy Stadium,Medium,False,True,60,9,10.0,79,7.9,20,156,77,10.0,7.7,2,8,Medium
10.1,10,1,61,Axar Patel,All-Rounders,AB de Villiers,Batters,1,False,-0.5,8,Bengaluru,M Chinnaswamy Stadium,Medium,False,True,61,10,10.166666666666666,80,7.868852459016394,20,156,76,9.833333333333334,7.728813559322034,2,8,Medium
10.2,10,2,62,Axar Patel,All-Rounders,Quinton de Kock,Batters,0,False,1.0,8,Bengaluru,M Chinnaswamy Stadium,Medium,False,True,62,10,10.333333333333334,80,7.741935483870967,20,156,76,9.666666666666666,7.862068965517242,2,8,Medium
10.3,10,3,63,Axar Patel,All-Rounders,Quinton de Kock,Batters,2,False,-1.0,8,Bengaluru,M Chinnaswamy Stadium,Medium,False,True,63,10,10.5,82,7.809523809523809,20,156,74,9.5,7.7894736842105265,2,8,Medium
10.4,10,4,64,Axar Patel,All-Rounders,Quinton de Kock,Batters,4,False,-2.0,8,Bengaluru,M Chinnaswamy Stadium,Medium,False,True,64,10,10.666666666666666,86,8.0625,20,156,70,9.333333333333334,7.499999999999999,2,8,Medium
10.5,10,5,65,Axar Patel,All-Rounders,Quinton de Kock,Batters,1,False,-0.5,8,Bengaluru,M Chinnaswamy Stadium,Medium,False,True,65,10,10.833333333333334,87,8.03076923076923,20,156,69,9.166666666666666,7.527272727272727,2,8,Medium
10.6,10,6,66,Axar Patel,All-Rounders,AB de Villiers,Batters,0,False,1.0,8,Bengaluru,M Chinnaswamy Stadium,Medium,False,True,66,10,11.0,87,7.909090909090909,20,156,69,9.0,7.666666666666667,2,8,Medium
11.1,11,1,67,Ravichandran Ashwin,All-Rounders,Quinton de Kock,Batters,0,False,1.0,8,Bengaluru,M Chinnaswamy Stadium,Medium,False,True,67,11,11.166666666666666,87,7.791044776119404,20,156,69,8.833333333333334,7.811320754716981,2,8,Medium
11.2,11,2,68,Ravichandran Ashwin,All-Rounders,Quinton de Kock,Batters,0,True,5.0,8,Bengaluru,M Chinnaswamy Stadium,Medium,False,True,68,11,11.333333333333334,87,7.676470588235293,20,156,69,8.666666666666666,7.961538461538462,3,7,Medium
11.3,11,3,69,Ravichandran Ashwin,All-Rounders,Sarfaraz Khan,Batters,0,True,5.0,8,Bengaluru,M Chinnaswamy Stadium,Medium,False,True,69,11,11.5,87,7.565217391304348,20,156,69,8.5,8.117647058823529,4,6,Medium
11.4,11,4,70,Ravichandran Ashwin,All-Rounders,Mandeep Singh,All-Rounders,0,False,1.0,8,Bengaluru,M Chinnaswamy Stadium,Medium,False,True,70,11,11.666666666666666,87,7.457142857142857,20,156,69,8.333333333333334,8.28,4,6,Medium
11.5,11,5,71,Ravichandran Ashwin,All-Rounders,Mandeep Singh,All-Rounders,1,False,-0.5,8,Bengaluru,M Chinnaswamy Stadium,Medium,False,True,71,11,11.833333333333334,88,7.436619718309859,20,156,68,8.166666666666666,8.326530612244898,4,6,Medium
11.6,11,6,72,Ravichandran Ashwin,All-Rounders,AB de Villiers,Batters,0,False,1.0,8,Bengaluru,M Chinnaswamy Stadium,Medium,False,True,72,11,12.0,88,7.333333333333333,20,156,68,8.0,8.5,4,6,Medium
12.1,12,1,73,Axar Patel,All-Rounders,Mandeep Singh,All-Rounders,1,False,-0.5,8,Bengaluru,M Chinnaswamy Stadium,Medium,False,True,73,12,12.166666666666666,89,7.315068493150685,20,156,67,7.833333333333334,8.553191489361701,4,6,Medium
12.2,12,2,74,Axar Patel,All-Rounders,AB de Villiers,Batters,1,False,-0.5,8,Bengaluru,M Chinnaswamy Stadium,Medium,False,True,74,12,12.333333333333334,90,7.297297297297297,20,156,66,7.666666666666666,8.608695652173914,4,6,Medium
12.3,12,3,75,Axar Patel,All-Rounders,Mandeep Singh,All-Rounders,1,False,-0.5,8,Bengaluru,M Chinnaswamy Stadium,Medium,False,True,75,12,12.5,91,7.28,20,156,65,7.5,8.666666666666666,4,6,Medium
12.4,12,4,76,Axar Patel,All-Rounders,AB de Villiers,Batters,1,False,-0.5,8,Bengaluru,M Chinnaswamy Stadium,Medium,False,True,76,12,12.666666666666666,92,7.263157894736842,20,156,64,7.333333333333334,8.727272727272727,4,6,Medium
12.5,12,5,77,Axar Patel,All-Rounders,Mandeep Singh,All-Rounders,1,False,-0.5,8,Bengaluru,M Chinnaswamy Stadium,Medium,False,True,77,12,12.833333333333334,93,7.246753246753246,20,156,63,7.166666666666666,8.790697674418606,4,6,Medium
12.6,12,6,78,Axar Patel,All-Rounders,AB de Villiers,Batters,0,False,1.0,8,Bengaluru,M Chinnaswamy Stadium,Medium,False,True,78,12,13.0,93,7.153846153846154,20,156,63,7.0,9.0,4,6,Medium
13.1,13,1,79,Andrew Tye,Bowlers,Mandeep Singh,All-Rounders,1,False,-1.0,8,Bengaluru,M Chinnaswamy Stadium,Medium,True,False,78,12,13.0,94,7.230769230769231,20,156,62,7.0,8.857142857142858,4,6,Medium
13.1,13,1,80,Andrew Tye,Bowlers,Mandeep Singh,All-Rounders,1,False,-0.5,8,Bengaluru,M Chinnaswamy Stadium,Medium,False,True,79,13,13.166666666666666,95,7.215189873417722,20,156,61,6.833333333333334,8.926829268292682,4,6,Medium
13.2,13,2,81,Andrew Tye,Bowlers,AB de Villiers,Batters,1,False,-0.5,8,Bengaluru,M Chinnaswamy Stadium,Medium,False,True,80,13,13.333333333333334,96,7.199999999999999,20,156,60,6.666666666666666,9.0,4,6,Medium
13.3,13,3,82,Andrew Tye,Bowlers,Mandeep Singh,All-Rounders,1,False,-0.5,8,Bengaluru,M Chinnaswamy Stadium,Medium,False,True,81,13,13.5,97,7.185185185185185,20,156,59,6.5,9.076923076923077,4,6,Medium
13.4,13,4,83,Andrew Tye,Bowlers,AB de Villiers,Batters,0,False,1.0,8,Bengaluru,M Chinnaswamy Stadium,Medium,False,True,82,13,13.666666666666666,97,7.097560975609756,20,156,59,6.333333333333334,9.315789473684209,4,6,Medium
13.5,13,5,84,Andrew Tye,Bowlers,AB de Villiers,Batters,1,False,-0.5,8,Bengaluru,M Chinnaswamy Stadium,Medium,False,True,83,13,13.833333333333334,98,7.08433734939759,20,156,58,6.166666666666666,9.405405405405409,4,6,Medium
13.6,13,6,85,Andrew Tye,Bowlers,Mandeep Singh,All-Rounders,2,False,-1.0,8,Bengaluru,M Chinnaswamy Stadium,Medium,False,True,84,13,14.0,100,7.142857142857143,20,156,56,6.0,9.333333333333334,4,6,Medium
14.1,14,1,86,Mohit Sharma,Bowlers,AB de Villiers,Batters,2,False,-1.0,8,Bengaluru,M Chinnaswamy Stadium,Medium,False,True,85,14,14.166666666666666,102,7.2,20,156,54,5.833333333333334,9.257142857142856,4,6,Medium
14.2,14,2,87,Mohit Sharma,Bowlers,AB de Villiers,Batters,1,False,-0.5,8,Bengaluru,M Chinnaswamy Stadium,Medium,False,True,86,14,14.333333333333334,103,7.186046511627906,20,156,53,5.666666666666666,9.352941176470589,4,6,Medium
14.3,14,3,88,Mohit Sharma,Bowlers,Mandeep Singh,All-Rounders,0,False,1.0,8,Bengaluru,M Chinnaswamy Stadium,Medium,False,True,87,14,14.5,103,7.103448275862069,20,156,53,5.5,9.636363636363637,4,6,Medium
14.4,14,4,89,Mohit Sharma,Bowlers,Mandeep Singh,All-Rounders,1,False,-0.5,8,Bengaluru,M Chinnaswamy Stadium,Medium,False,True,88,14,14.666666666666666,104,7.090909090909091,20,156,52,5.333333333333334,9.749999999999998,4,6,Medium
14.5,14,5,90,Mohit Sharma,Bowlers,AB de Villiers,Batters,4,False,-2.0,8,Bengaluru,M Chinnaswamy Stadium,Medium,False,True,89,14,14.833333333333334,108,7.280898876404494,20,156,48,5.166666666666666,9.290322580645162,4,6,Medium
14.6,14,6,91,Mohit Sharma,Bowlers,AB de Villiers,Batters,1,False,-0.5,8,Bengaluru,M Chinnaswamy Stadium,Medium,False,True,90,14,15.0,109,7.266666666666667,20,156,47,5.0,9.4,4,6,Medium
15.1,15,1,92,Andrew Tye,Bowlers,AB de Villiers,Batters,1,False,-0.5,8,Bengaluru,M Chinnaswamy Stadium,Medium,False,True,91,15,15.166666666666666,110,7.252747252747253,20,156,46,4.833333333333334,9.517241379310343,4,6,Medium
15.2,15,2,93,Andrew Tye,Bowlers,Mandeep Singh,All-Rounders,1,False,-0.5,8,Bengaluru,M Chinnaswamy Stadium,Medium,False,True,92,15,15.333333333333334,111,7.239130434782608,20,156,45,4.666666666666666,9.642857142857144,4,6,Medium
15.3,15,3,94,Andrew Tye,Bowlers,AB de Villiers,Batters,0,False,1.0,8,Bengaluru,M Chinnaswamy Stadium,Medium,False,True,93,15,15.5,111,7.161290322580645,20,156,45,4.5,10.0,4,6,Medium
15.4,15,4,95,Andrew Tye,Bowlers,AB de Villiers,Batters,1,False,-0.25,8,Bengaluru,M Chinnaswamy Stadium,Medium,False,True,94,15,15.666666666666666,112,7.148936170212767,20,156,44,4.333333333333334,10.153846153846152,4,6,Medium
15.5,15,5,96,Andrew Tye,Bowlers,Mandeep Singh,All-Rounders,1,False,-0.5,8,Bengaluru,M Chinnaswamy Stadium,Medium,False,True,95,15,15.833333333333334,113,7.136842105263158,20,156,43,4.166666666666666,10.320000000000002,4,6,Medium
15.6,15,6,97,Andrew Tye,Bowlers,AB de Villiers,Batters,2,False,-1.0,8,Bengaluru,M Chinnaswamy Stadium,Medium,False,True,96,15,16.0,115,7.1875,20,156,41,4.0,10.25,4,6,Medium
16.1,16,1,98,Mujeeb Ur Rahman,Bowlers,Mandeep Singh,All-Rounders,1,False,-0.5,8,Bengaluru,M Chinnaswamy Stadium,Medium,False,True,97,16,16.166666666666668,116,7.175257731958762,20,156,40,3.833333333333332,10.434782608695656,4,6,Medium
16.2,16,2,99,Mujeeb Ur Rahman,Bowlers,AB de Villiers,Batters,1,False,-0.5,8,Bengaluru,M Chinnaswamy Stadium,Medium,False,True,98,16,16.333333333333332,117,7.163265306122449,20,156,39,3.666666666666668,10.636363636363631,4,6,Medium
16.3,16,3,100,Mujeeb Ur Rahman,Bowlers,Mandeep Singh,All-Rounders,4,False,-2.0,8,Bengaluru,M Chinnaswamy Stadium,Medium,False,True,99,16,16.5,121,7.333333333333333,20,156,35,3.5,10.0,4,6,Medium
16.4,16,4,101,Mujeeb Ur Rahman,Bowlers,Mandeep Singh,All-Rounders,1,False,-0.5,8,Bengaluru,M Chinnaswamy Stadium,Medium,False,True,100,16,16.666666666666668,122,7.319999999999999,20,156,34,3.333333333333332,10.200000000000005,4,6,Medium
16.5,16,5,102,Mujeeb Ur Rahman,Bowlers,AB de Villiers,Batters,6,False,-3.0,8,Bengaluru,M Chinnaswamy Stadium,Medium,False,True,101,16,16.833333333333332,128,7.603960396039604,20,156,28,3.166666666666668,8.842105263157892,4,6,Medium
16.6,16,6,103,Mujeeb Ur Rahman,Bowlers,AB de Villiers,Batters,6,False,-3.0,8,Bengaluru,M Chinnaswamy Stadium,Medium,False,True,102,16,17.0,134,7.882352941176471,20,156,22,3.0,7.333333333333333,4,6,Medium
17.1,17,1,104,Mohit Sharma,Bowlers,Mandeep Singh,All-Rounders,1,False,-0.5,8,Bengaluru,M Chinnaswamy Stadium,Medium,False,True,103,17,17.166666666666668,135,7.864077669902912,20,156,21,2.833333333333332,7.411764705882356,4,6,Medium
17.2,17,2,105,Mohit Sharma,Bowlers,AB de Villiers,Batters,6,False,-3.0,8,Bengaluru,M Chinnaswamy Stadium,Medium,False,True,104,17,17.333333333333332,141,8.134615384615385,20,156,15,2.666666666666668,5.624999999999997,4,6,Medium
17.3,17,3,106,Mohit Sharma,Bowlers,AB de Villiers,Batters,2,False,-1.0,8,Bengaluru,M Chinnaswamy Stadium,Medium,False,True,105,17,17.5,143,8.17142857142857,20,156,13,2.5,5.2,4,6,Medium
17.4,17,4,107,Mohit Sharma,Bowlers,AB de Villiers,Batters,1,False,-0.5,8,Bengaluru,M Chinnaswamy Stadium,Medium,False,True,106,17,17.666666666666668,144,8.150943396226415,20,156,12,2.333333333333332,5.142857142857146,4,6,Medium
17.5,17,5,108,Mohit Sharma,Bowlers,Mandeep Singh,All-Rounders,1,False,-0.5,8,Bengaluru,M Chinnaswamy Stadium,Medium,False,True,107,17,17.833333333333332,145,8.130841121495328,20,156,11,2.166666666666668,5.076923076923074,4,6,Medium
17.6,17,6,109,Mohit Sharma,Bowlers,AB de Villiers,Batters,1,False,-0.5,8,Bengaluru,M Chinnaswamy Stadium,Medium,False,True,108,17,18.0,146,8.11111111111111,20,156,10,2.0,5.0,4,6,Medium
18.1,18,1,110,Andrew Tye,Bowlers,AB de Villiers,Batters,0,True,5.0,8,Bengaluru,M Chinnaswamy Stadium,Medium,False,True,109,18,18.166666666666668,146,8.036697247706421,20,156,10,1.833333333333332,5.454545454545458,5,5,Medium
18.2,18,2,111,Andrew Tye,Bowlers,Chris Woakes,All-Rounders,1,False,-0.5,8,Bengaluru,M Chinnaswamy Stadium,Medium,False,True,110,18,18.33333333333333,147,8.01818181818182,20,156,9,1.666666666666668,5.399999999999996,5,5,Medium
18.3,18,3,112,Andrew Tye,Bowlers,Mandeep Singh,All-Rounders,2,False,-1.0,8,Bengaluru,M Chinnaswamy Stadium,Medium,False,True,111,18,18.5,149,8.054054054054054,20,156,7,1.5,4.666666666666667,5,5,Medium
18.4,18,4,113,Andrew Tye,Bowlers,Mandeep Singh,All-Rounders,0,True,5.0,8,Bengaluru,M Chinnaswamy Stadium,Medium,False,True,112,18,18.666666666666668,149,7.982142857142857,20,156,7,1.333333333333332,5.250000000000004,6,4,Medium
18.5,18,5,114,Andrew Tye,Bowlers,Washington Sundar,All-Rounders,1,False,-0.5,8,Bengaluru,M Chinnaswamy Stadium,Medium,False,True,113,18,18.83333333333333,150,7.964601769911505,20,156,6,1.166666666666668,5.142857142857138,6,4,Medium
18.6,18,6,115,Andrew Tye,Bowlers,Chris Woakes,All-Rounders,0,False,1.0,8,Bengaluru,M Chinnaswamy Stadium,Medium,False,True,114,18,19.0,150,7.894736842105263,20,156,6,1.0,6.0,6,4,Medium
19.1,19,1,116,Mohit Sharma,Bowlers,Washington Sundar,All-Rounders,4,False,-2.0,8,Bengaluru,M Chinnaswamy Stadium,Medium,False,True,115,19,19.166666666666668,154,8.034782608695652,20,156,2,0.8333333333333321,2.4000000000000035,6,4,Medium
19.2,19,2,117,Mohit Sharma,Bowlers,Washington Sundar,All-Rounders,0,False,1.0,8,Bengaluru,M Chinnaswamy Stadium,Medium,False,True,116,19,19.33333333333333,154,7.9655172413793105,20,156,2,0.6666666666666679,2.9999999999999947,6,4,Medium
19.3,19,3,118,Mohit Sharma,Bowlers,Washington Sundar,All-Rounders,4,False,-2.0,8,Bengaluru,M Chinnaswamy Stadium,Medium,False,True,117,19,19.5,158,8.102564102564102,20,156,0,0.5,0.0,6,4,Medium
