Ball Number,over,ball,Ball,bowler,batsman,Runs,is_wicket,bowler_score,match_id,city,stadium,is_extra,legal_delivery,legal_deliveries_count,overs_completed,overs_bowled,total_runs,current_run_rate,total_overs,target,runs_needed,overs_remaining,required_run_rate,wickets_fallen,wickets_in_hand
0.1,0,1,1,Dhawal Kulkarni,Ambati Rayudu,0,False,1.0,12,Chepauk,MA Chidambaram Stadium,False,True,1,0,0.16666666666666666,0,0.0,20,176,176,19.833333333333332,8.873949579831933,0,10
0.2,0,2,2,Dhawal Kulkarni,Ambati Rayudu,1,False,-0.5,12,Chepauk,MA Chidambaram Stadium,False,True,2,0,0.3333333333333333,1,3.0,20,176,175,19.666666666666668,8.898305084745763,0,10
0.3,0,3,3,Dhawal Kulkarni,Shane Watson,0,False,1.0,12,Chepauk,MA Chidambaram Stadium,False,True,3,0,0.5,1,2.0,20,176,175,19.5,8.974358974358974,0,10
0.4,0,4,4,Dhawal Kulkarni,Shane Watson,0,False,1.0,12,Chepauk,MA Chidambaram Stadium,False,True,4,0,0.6666666666666666,1,1.5,20,176,175,19.333333333333332,9.051724137931036,0,10
0.5,0,5,5,Dhawal Kulkarni,Shane Watson,0,False,1.0,12,Chepauk,MA Chidambaram Stadium,False,True,5,0,0.8333333333333334,1,1.2,20,176,175,19.166666666666668,9.130434782608695,0,10
0.6,0,6,6,Dhawal Kulkarni,Shane Watson,0,False,1.0,12,Chepauk,MA Chidambaram Stadium,False,True,6,0,1.0,1,1.0,20,176,175,19.0,9.210526315789474,0,10
1.1,1,1,7,Jofra Archer,Ambati Rayudu,0,False,1.0,12,Chepauk,MA Chidambaram Stadium,False,True,7,1,1.1666666666666667,1,0.8571428571428571,20,176,175,18.833333333333332,9.29203539823009,0,10
1.2,1,2,8,Jofra Archer,Ambati Rayudu,0,False,1.0,12,Chepauk,MA Chidambaram Stadium,False,True,8,1,1.3333333333333333,1,0.75,20,176,175,18.666666666666668,9.375,0,10
1.3,1,3,9,Jofra Archer,Ambati Rayudu,0,False,1.0,12,Chepauk,MA Chidambaram Stadium,False,True,9,1,1.5,1,0.6666666666666666,20,176,175,18.5,9.45945945945946,0,10
1.4,1,4,10,Jofra Archer,Ambati Rayudu,0,False,1.0,12,Chepauk,MA Chidambaram Stadium,False,True,10,1,1.6666666666666665,1,0.6000000000000001,20,176,175,18.333333333333332,9.545454545454547,0,10
1.5,1,5,11,Jofra Archer,Ambati Rayudu,0,False,1.0,12,Chepauk,MA Chidambaram Stadium,False,True,11,1,1.8333333333333335,1,0.5454545454545454,20,176,175,18.166666666666668,9.633027522935778,0,10
1.6,1,6,12,Jofra Archer,Ambati Rayudu,0,True,5.0,12,Chepauk,MA Chidambaram Stadium,False,True,12,1,2.0,1,0.5,20,176,175,18.0,9.722222222222221,1,9
2.1,2,1,13,Dhawal Kulkarni,Shane Watson,0,False,1.0,12,Chepauk,MA Chidambaram Stadium,False,True,13,2,2.1666666666666665,1,0.46153846153846156,20,176,175,17.833333333333332,9.813084112149534,1,9
2.2,2,2,14,Dhawal Kulkarni,Shane Watson,0,False,1.0,12,Chepauk,MA Chidambaram Stadium,False,True,14,2,2.3333333333333335,1,0.42857142857142855,20,176,175,17.666666666666668,9.90566037735849,1,9
2.3,2,3,15,Dhawal Kulkarni,Shane Watson,4,False,-2.0,12,Chepauk,MA Chidambaram Stadium,False,True,15,2,2.5,5,2.0,20,176,171,17.5,9.771428571428572,1,9
2.4,2,4,16,Dhawal Kulkarni,Shane Watson,2,False,-1.0,12,Chepauk,MA Chidambaram Stadium,False,True,16,2,2.6666666666666665,7,2.625,20,176,169,17.333333333333332,9.75,1,9
2.5,2,5,17,Dhawal Kulkarni,Shane Watson,1,False,-0.5,12,Chepauk,MA Chidambaram Stadium,False,True,17,2,2.8333333333333335,8,2.8235294117647056,20,176,168,17.166666666666668,9.78640776699029,1,9
2.6,2,6,18,Dhawal Kulkarni,Suresh Raina,0,False,1.0,12,Chepauk,MA Chidambaram Stadium,False,True,18,2,3.0,8,2.6666666666666665,20,176,168,17.0,9.882352941176471,1,9
3.1,3,1,19,Ben Stokes,Shane Watson,0,False,1.0,12,Chepauk,MA Chidambaram Stadium,False,True,19,3,3.1666666666666665,8,2.5263157894736845,20,176,168,16.833333333333332,9.98019801980198,1,9
3.2,3,2,20,Ben Stokes,Shane Watson,6,False,-3.0,12,Chepauk,MA Chidambaram Stadium,False,True,20,3,3.3333333333333335,14,4.2,20,176,162,16.666666666666668,9.719999999999999,1,9
3.3,3,3,21,Ben Stokes,Shane Watson,0,False,1.0,12,Chepauk,MA Chidambaram Stadium,False,True,21,3,3.5,14,4.0,20,176,162,16.5,9.818181818181818,1,9
3.4,3,4,22,Ben Stokes,Shane Watson,0,True,5.0,12,Chepauk,MA Chidambaram Stadium,False,True,22,3,3.6666666666666665,14,3.8181818181818183,20,176,162,16.333333333333332,9.918367346938776,2,8
3.5,3,5,23,Ben Stokes,Kedar Jadhav,4,False,-2.0,12,Chepauk,MA Chidambaram Stadium,False,True,23,3,3.8333333333333335,18,4.695652173913043,20,176,158,16.166666666666668,9.773195876288659,2,8
3.6,3,6,24,Ben Stokes,Kedar Jadhav,4,False,-2.0,12,Chepauk,MA Chidambaram Stadium,False,True,24,3,4.0,22,5.5,20,176,154,16.0,9.625,2,8
4.1,4,1,25,Dhawal Kulkarni,Suresh Raina,0,False,1.0,12,Chepauk,MA Chidambaram Stadium,False,True,25,4,4.166666666666667,22,5.279999999999999,20,176,154,15.833333333333332,9.726315789473684,2,8
4.2,4,2,26,Dhawal Kulkarni,Suresh Raina,0,False,1.0,12,Chepauk,MA Chidambaram Stadium,False,True,26,4,4.333333333333333,22,5.0769230769230775,20,176,154,15.666666666666668,9.829787234042552,2,8
4.3,4,3,27,Dhawal Kulkarni,Suresh Raina,4,False,-2.0,12,Chepauk,MA Chidambaram Stadium,False,True,27,4,4.5,26,5.777777777777778,20,176,150,15.5,9.67741935483871,2,8
4.4,4,4,28,N/A,N/A,0,False,0.0,12,Chepauk,MA Chidambaram Stadium,False,True,28,4,4.666666666666667,26,5.571428571428571,20,176,150,15.333333333333332,9.782608695652174,2,8
4.5,4,5,29,Dhawal Kulkarni,Kedar Jadhav,0,True,5.0,12,Chepauk,MA Chidambaram Stadium,False,True,29,4,4.833333333333333,26,5.379310344827586,20,176,150,15.166666666666668,9.890109890109889,3,7
4.6,4,6,30,Dhawal Kulkarni,MS Dhoni,0,False,1.0,12,Chepauk,MA Chidambaram Stadium,False,True,30,4,5.0,26,5.2,20,176,150,15.0,10.0,3,7
5.1,5,1,31,Jofra Archer,Suresh Raina,0,False,1.0,12,Chepauk,MA Chidambaram Stadium,False,True,31,5,5.166666666666667,26,5.032258064516129,20,176,150,14.833333333333332,10.112359550561798,3,7
5.2,5,2,32,Jofra Archer,Suresh Raina,0,False,1.0,12,Chepauk,MA Chidambaram Stadium,False,True,32,5,5.333333333333333,26,4.875,20,176,150,14.666666666666668,10.227272727272727,3,7
5.3,5,3,33,Jofra Archer,Suresh Raina,1,False,-0.5,12,Chepauk,MA Chidambaram Stadium,False,True,33,5,5.5,27,4.909090909090909,20,176,149,14.5,10.275862068965518,3,7
5.4,5,4,34,Jofra Archer,MS Dhoni,0,False,1.0,12,Chepauk,MA Chidambaram Stadium,False,True,34,5,5.666666666666667,27,4.764705882352941,20,176,149,14.333333333333332,10.395348837209303,3,7
5.5,5,5,35,Jofra Archer,MS Dhoni,1,False,-0.5,12,Chepauk,MA Chidambaram Stadium,False,True,35,5,5.833333333333333,28,4.8,20,176,148,14.166666666666668,10.44705882352941,3,7
5.6,5,6,36,Jofra Archer,Suresh Raina,0,False,1.0,12,Chepauk,MA Chidambaram Stadium,False,True,36,5,6.0,28,4.666666666666667,20,176,148,14.0,10.571428571428571,3,7
6.1,6,1,37,Shreyas Gopal,MS Dhoni,2,False,-1.0,12,Chepauk,MA Chidambaram Stadium,False,True,37,6,6.166666666666667,30,4.864864864864865,20,176,146,13.833333333333332,10.554216867469881,3,7
6.2,6,2,38,Shreyas Gopal,MS Dhoni,2,False,-1.0,12,Chepauk,MA Chidambaram Stadium,False,True,38,6,6.333333333333333,32,5.052631578947369,20,176,144,13.666666666666668,10.536585365853657,3,7
6.3,6,3,39,Shreyas Gopal,MS Dhoni,0,False,1.0,12,Chepauk,MA Chidambaram Stadium,False,True,39,6,6.5,32,4.923076923076923,20,176,144,13.5,10.666666666666666,3,7
6.4,6,4,40,Shreyas Gopal,MS Dhoni,0,False,1.0,12,Chepauk,MA Chidambaram Stadium,False,True,40,6,6.666666666666667,32,4.8,20,176,144,13.333333333333332,10.8,3,7
6.5,6,5,41,Shreyas Gopal,MS Dhoni,0,False,1.0,12,Chepauk,MA Chidambaram Stadium,False,True,41,6,6.833333333333333,32,4.682926829268293,20,176,144,13.166666666666668,10.936708860759493,3,7
6.6,6,6,42,Shreyas Gopal,MS Dhoni,1,False,-0.5,12,Chepauk,MA Chidambaram Stadium,False,True,42,6,7.0,33,4.714285714285714,20,176,143,13.0,11.0,3,7
7.1,7,1,43,Krishnappa Gowtham,MS Dhoni,1,False,-0.5,12,Chepauk,MA Chidambaram Stadium,False,True,43,7,7.166666666666667,34,4.7441860465116275,20,176,142,12.833333333333332,11.064935064935066,3,7
7.2,7,2,44,Krishnappa Gowtham,Suresh Raina,1,False,-0.25,12,Chepauk,MA Chidambaram Stadium,False,True,44,7,7.333333333333333,35,4.7727272727272725,20,176,141,12.666666666666668,11.13157894736842,3,7
7.3,7,3,45,Krishnappa Gowtham,MS Dhoni,1,False,-0.5,12,Chepauk,MA Chidambaram Stadium,False,True,45,7,7.5,36,4.8,20,176,140,12.5,11.2,3,7
7.4,7,4,46,Krishnappa Gowtham,Suresh Raina,0,False,1.0,12,Chepauk,MA Chidambaram Stadium,False,True,46,7,7.666666666666667,36,4.695652173913043,20,176,140,12.333333333333332,11.351351351351353,3,7
7.5,7,5,47,Krishnappa Gowtham,Suresh Raina,0,False,1.0,12,Chepauk,MA Chidambaram Stadium,False,True,47,7,7.833333333333333,36,4.595744680851064,20,176,140,12.166666666666668,11.506849315068491,3,7
7.6,7,6,48,Krishnappa Gowtham,Suresh Raina,1,False,-0.5,12,Chepauk,MA Chidambaram Stadium,False,True,48,7,8.0,37,4.625,20,176,139,12.0,11.583333333333334,3,7
8.1,8,1,49,Shreyas Gopal,Suresh Raina,0,False,1.0,12,Chepauk,MA Chidambaram Stadium,False,True,49,8,8.166666666666666,37,4.530612244897959,20,176,139,11.833333333333334,11.746478873239436,3,7
8.2,8,2,50,Shreyas Gopal,Suresh Raina,1,False,-0.5,12,Chepauk,MA Chidambaram Stadium,False,True,50,8,8.333333333333334,38,4.56,20,176,138,11.666666666666666,11.82857142857143,3,7
8.3,8,3,51,Shreyas Gopal,MS Dhoni,1,False,-0.5,12,Chepauk,MA Chidambaram Stadium,False,True,51,8,8.5,39,4.588235294117647,20,176,137,11.5,11.91304347826087,3,7
8.4,8,4,52,Shreyas Gopal,Suresh Raina,4,False,-2.0,12,Chepauk,MA Chidambaram Stadium,False,True,52,8,8.666666666666666,43,4.961538461538462,20,176,133,11.333333333333334,11.735294117647058,3,7
8.5,8,5,53,Shreyas Gopal,Suresh Raina,0,False,1.0,12,Chepauk,MA Chidambaram Stadium,False,True,53,8,8.833333333333334,43,4.867924528301886,20,176,133,11.166666666666666,11.91044776119403,3,7
8.6,8,6,54,Shreyas Gopal,Suresh Raina,1,False,-0.5,12,Chepauk,MA Chidambaram Stadium,False,True,54,8,9.0,44,4.888888888888889,20,176,132,11.0,12.0,3,7
9.1,9,1,55,Krishnappa Gowtham,Suresh Raina,4,False,-2.0,12,Chepauk,MA Chidambaram Stadium,False,True,55,9,9.166666666666666,48,5.236363636363636,20,176,128,10.833333333333334,11.815384615384614,3,7
9.2,9,2,56,Krishnappa Gowtham,Suresh Raina,0,False,1.0,12,Chepauk,MA Chidambaram Stadium,False,True,56,9,9.333333333333334,48,5.142857142857142,20,176,128,10.666666666666666,12.0,3,7
9.3,9,3,57,Krishnappa Gowtham,Suresh Raina,2,False,-1.0,12,Chepauk,MA Chidambaram Stadium,False,True,57,9,9.5,50,5.2631578947368425,20,176,126,10.5,12.0,3,7
9.4,9,4,58,Krishnappa Gowtham,Suresh Raina,1,False,-1.0,12,Chepauk,MA Chidambaram Stadium,True,False,57,9,9.5,51,5.368421052631579,20,176,125,10.5,11.904761904761905,3,7
9.4,9,4,59,Krishnappa Gowtham,Suresh Raina,1,False,-0.5,12,Chepauk,MA Chidambaram Stadium,False,True,58,9,9.666666666666666,52,5.379310344827586,20,176,124,10.333333333333334,12.0,3,7
9.5,9,5,60,Krishnappa Gowtham,MS Dhoni,1,False,-0.5,12,Chepauk,MA Chidambaram Stadium,False,True,59,9,9.833333333333334,53,5.389830508474576,20,176,123,10.166666666666666,12.098360655737705,3,7
9.6,9,6,61,Krishnappa Gowtham,Suresh Raina,1,False,-0.5,12,Chepauk,MA Chidambaram Stadium,False,True,60,9,10.0,54,5.4,20,176,122,10.0,12.2,3,7
10.1,10,1,62,Shreyas Gopal,Suresh Raina,6,False,-3.0,12,Chepauk,MA Chidambaram Stadium,False,True,61,10,10.166666666666666,60,5.901639344262295,20,176,116,9.833333333333334,11.796610169491524,3,7
10.2,10,2,63,Shreyas Gopal,Suresh Raina,1,False,-0.5,12,Chepauk,MA Chidambaram Stadium,False,True,62,10,10.333333333333334,61,5.903225806451613,20,176,115,9.666666666666666,11.896551724137932,3,7
10.3,10,3,64,Shreyas Gopal,MS Dhoni,1,False,-0.5,12,Chepauk,MA Chidambaram Stadium,False,True,63,10,10.5,62,5.904761904761905,20,176,114,9.5,12.0,3,7
10.4,10,4,65,Shreyas Gopal,Suresh Raina,1,False,-0.5,12,Chepauk,MA Chidambaram Stadium,False,True,64,10,10.666666666666666,63,5.90625,20,176,113,9.333333333333334,12.107142857142856,3,7
10.5,10,5,66,Shreyas Gopal,MS Dhoni,1,False,-0.5,12,Chepauk,MA Chidambaram Stadium,False,True,65,10,10.833333333333334,64,5.907692307692307,20,176,112,9.166666666666666,12.218181818181819,3,7
10.6,10,6,67,Shreyas Gopal,Suresh Raina,1,False,-0.5,12,Chepauk,MA Chidambaram Stadium,False,True,66,10,11.0,65,5.909090909090909,20,176,111,9.0,12.333333333333334,3,7
11.1,11,1,68,Jaydev Unadkat,Suresh Raina,1,False,-0.5,12,Chepauk,MA Chidambaram Stadium,False,True,67,11,11.166666666666666,66,5.91044776119403,20,176,110,8.833333333333334,12.452830188679245,3,7
11.2,11,2,69,Jaydev Unadkat,MS Dhoni,0,False,1.0,12,Chepauk,MA Chidambaram Stadium,False,True,68,11,11.333333333333334,66,5.823529411764706,20,176,110,8.666666666666666,12.692307692307693,3,7
11.3,11,3,70,Jaydev Unadkat,MS Dhoni,4,False,-2.0,12,Chepauk,MA Chidambaram Stadium,False,True,69,11,11.5,70,6.086956521739131,20,176,106,8.5,12.470588235294118,3,7
11.4,11,4,71,Jaydev Unadkat,MS Dhoni,2,False,-1.0,12,Chepauk,MA Chidambaram Stadium,False,True,70,11,11.666666666666666,72,6.171428571428572,20,176,104,8.333333333333334,12.479999999999999,3,7
11.5,11,5,72,Jaydev Unadkat,MS Dhoni,1,False,-0.5,12,Chepauk,MA Chidambaram Stadium,False,True,71,11,11.833333333333334,73,6.169014084507042,20,176,103,8.166666666666666,12.612244897959185,3,7
11.6,11,6,73,Jaydev Unadkat,Suresh Raina,4,False,-2.0,12,Chepauk,MA Chidambaram Stadium,False,True,72,11,12.0,77,6.416666666666667,20,176,99,8.0,12.375,3,7
12.1,12,1,74,Ben Stokes,MS Dhoni,1,False,-0.5,12,Chepauk,MA Chidambaram Stadium,False,True,73,12,12.166666666666666,78,6.41095890410959,20,176,98,7.833333333333334,12.51063829787234,3,7
12.2,12,2,75,Ben Stokes,Suresh Raina,1,False,-0.5,12,Chepauk,MA Chidambaram Stadium,False,True,74,12,12.333333333333334,79,6.405405405405405,20,176,97,7.666666666666666,12.652173913043478,3,7
12.3,12,3,76,Ben Stokes,MS Dhoni,0,False,1.0,12,Chepauk,MA Chidambaram Stadium,False,True,75,12,12.5,79,6.32,20,176,97,7.5,12.933333333333334,3,7
12.4,12,4,77,Ben Stokes,MS Dhoni,0,False,1.0,12,Chepauk,MA Chidambaram Stadium,False,True,76,12,12.666666666666666,79,6.236842105263158,20,176,97,7.333333333333334,13.227272727272727,3,7
12.5,12,5,78,Ben Stokes,MS Dhoni,2,False,-1.0,12,Chepauk,MA Chidambaram Stadium,False,True,77,12,12.833333333333334,81,6.311688311688312,20,176,95,7.166666666666666,13.255813953488373,3,7
12.6,12,6,79,Ben Stokes,MS Dhoni,1,False,-0.5,12,Chepauk,MA Chidambaram Stadium,False,True,78,12,13.0,82,6.3076923076923075,20,176,94,7.0,13.428571428571429,3,7
13.1,13,1,80,Jaydev Unadkat,MS Dhoni,4,False,-2.0,12,Chepauk,MA Chidambaram Stadium,False,True,79,13,13.166666666666666,86,6.531645569620253,20,176,90,6.833333333333334,13.170731707317072,3,7
13.2,13,2,81,Jaydev Unadkat,MS Dhoni,1,False,-0.5,12,Chepauk,MA Chidambaram Stadium,False,True,80,13,13.333333333333334,87,6.5249999999999995,20,176,89,6.666666666666666,13.350000000000001,3,7
13.3,13,3,82,Jaydev Unadkat,Suresh Raina,0,False,1.0,12,Chepauk,MA Chidambaram Stadium,False,True,81,13,13.5,87,6.444444444444445,20,176,89,6.5,13.692307692307692,3,7
13.4,13,4,83,Jaydev Unadkat,Suresh Raina,0,True,5.0,12,Chepauk,MA Chidambaram Stadium,False,True,82,13,13.666666666666666,87,6.365853658536586,20,176,89,6.333333333333334,14.052631578947366,4,6
13.5,13,5,84,Jaydev Unadkat,Dwayne Bravo,0,False,1.0,12,Chepauk,MA Chidambaram Stadium,False,True,83,13,13.833333333333334,87,6.289156626506024,20,176,89,6.166666666666666,14.432432432432433,4,6
13.6,13,6,85,Jaydev Unadkat,Dwayne Bravo,0,False,1.0,12,Chepauk,MA Chidambaram Stadium,False,True,84,13,14.0,87,6.214285714285714,20,176,89,6.0,14.833333333333334,4,6
14.1,14,1,86,Ben Stokes,MS Dhoni,1,False,-0.5,12,Chepauk,MA Chidambaram Stadium,False,True,85,14,14.166666666666666,88,6.211764705882353,20,176,88,5.833333333333334,15.085714285714284,4,6
14.2,14,2,87,Ben Stokes,Dwayne Bravo,4,False,-2.0,12,Chepauk,MA Chidambaram Stadium,False,True,86,14,14.333333333333334,92,6.4186046511627906,20,176,84,5.666666666666666,14.823529411764708,4,6
14.3,14,3,88,Ben Stokes,Dwayne Bravo,0,False,1.0,12,Chepauk,MA Chidambaram Stadium,False,True,87,14,14.5,92,6.344827586206897,20,176,84,5.5,15.272727272727273,4,6
14.4,14,4,89,Ben Stokes,Dwayne Bravo,0,False,1.0,12,Chepauk,MA Chidambaram Stadium,False,True,88,14,14.666666666666666,92,6.272727272727273,20,176,84,5.333333333333334,15.749999999999998,4,6
14.5,14,5,90,Ben Stokes,Dwayne Bravo,2,False,-1.0,12,Chepauk,MA Chidambaram Stadium,False,True,89,14,14.833333333333334,94,6.337078651685393,20,176,82,5.166666666666666,15.870967741935486,4,6
14.6,14,6,91,Ben Stokes,Dwayne Bravo,4,False,-2.0,12,Chepauk,MA Chidambaram Stadium,False,True,90,14,15.0,98,6.533333333333333,20,176,78,5.0,15.6,4,6
15.1,15,1,92,Jaydev Unadkat,MS Dhoni,1,False,-0.5,12,Chepauk,MA Chidambaram Stadium,False,True,91,15,15.166666666666666,99,6.527472527472527,20,176,77,4.833333333333334,15.93103448275862,4,6
15.2,15,2,93,Jaydev Unadkat,Dwayne Bravo,2,False,-1.0,12,Chepauk,MA Chidambaram Stadium,False,True,92,15,15.333333333333334,101,6.58695652173913,20,176,75,4.666666666666666,16.071428571428573,4,6
15.3,15,3,94,Jaydev Unadkat,Dwayne Bravo,1,False,-0.5,12,Chepauk,MA Chidambaram Stadium,False,True,93,15,15.5,102,6.580645161290323,20,176,74,4.5,16.444444444444443,4,6
15.4,15,4,95,Jaydev Unadkat,MS Dhoni,2,False,-1.0,12,Chepauk,MA Chidambaram Stadium,False,True,94,15,15.666666666666666,104,6.638297872340425,20,176,72,4.333333333333334,16.615384615384613,4,6
15.5,15,5,96,Jaydev Unadkat,MS Dhoni,1,False,-0.5,12,Chepauk,MA Chidambaram Stadium,False,True,95,15,15.833333333333334,105,6.631578947368421,20,176,71,4.166666666666666,17.040000000000003,4,6
15.6,15,6,97,Jaydev Unadkat,Dwayne Bravo,1,False,-0.5,12,Chepauk,MA Chidambaram Stadium,False,True,96,15,16.0,106,6.625,20,176,70,4.0,17.5,4,6
15.6,15,6,98,Jaydev Unadkat,Dwayne Bravo,1,False,-1.0,12,Chepauk,MA Chidambaram Stadium,True,False,96,15,16.0,107,6.6875,20,176,69,4.0,17.25,4,6
16.1,16,1,99,Jofra Archer,Dwayne Bravo,1,False,-0.5,12,Chepauk,MA Chidambaram Stadium,False,True,97,16,16.166666666666668,108,6.68041237113402,20,176,68,3.833333333333332,17.739130434782613,4,6
16.2,16,2,100,Jofra Archer,MS Dhoni,4,False,-2.0,12,Chepauk,MA Chidambaram Stadium,False,True,98,16,16.333333333333332,112,6.857142857142858,20,176,64,3.666666666666668,17.45454545454545,4,6
16.3,16,3,101,Jofra Archer,MS Dhoni,0,False,1.0,12,Chepauk,MA Chidambaram Stadium,False,True,99,16,16.5,112,6.787878787878788,20,176,64,3.5,18.285714285714285,4,6
16.4,16,4,102,Jofra Archer,MS Dhoni,1,False,-0.5,12,Chepauk,MA Chidambaram Stadium,False,True,100,16,16.666666666666668,113,6.779999999999999,20,176,63,3.333333333333332,18.900000000000006,4,6
16.5,16,5,103,Jofra Archer,Dwayne Bravo,1,False,-0.5,12,Chepauk,MA Chidambaram Stadium,False,True,101,16,16.833333333333332,114,6.772277227722773,20,176,62,3.166666666666668,19.578947368421044,4,6
16.6,16,6,104,Jofra Archer,MS Dhoni,0,False,1.0,12,Chepauk,MA Chidambaram Stadium,False,True,102,16,17.0,114,6.705882352941177,20,176,62,3.0,20.666666666666668,4,6
17.1,17,1,105,Dhawal Kulkarni,Dwayne Bravo,1,False,-0.5,12,Chepauk,MA Chidambaram Stadium,False,True,103,17,17.166666666666668,115,6.699029126213592,20,176,61,2.833333333333332,21.52941176470589,4,6
17.2,17,2,106,Dhawal Kulkarni,MS Dhoni,2,False,-1.0,12,Chepauk,MA Chidambaram Stadium,False,True,104,17,17.333333333333332,117,6.750000000000001,20,176,59,2.666666666666668,22.12499999999999,4,6
17.3,17,3,107,Dhawal Kulkarni,MS Dhoni,1,False,-1.0,12,Chepauk,MA Chidambaram Stadium,True,False,104,17,17.333333333333332,118,6.807692307692308,20,176,58,2.666666666666668,21.74999999999999,4,6
17.3,17,3,108,Dhawal Kulkarni,MS Dhoni,3,False,-1.0,12,Chepauk,MA Chidambaram Stadium,True,False,104,17,17.333333333333332,121,6.980769230769231,20,176,55,2.666666666666668,20.62499999999999,4,6
17.3,17,3,109,Dhawal Kulkarni,MS Dhoni,6,False,-3.0,12,Chepauk,MA Chidambaram Stadium,False,True,105,17,17.5,127,7.257142857142857,20,176,49,2.5,19.6,4,6
17.4,17,4,110,Dhawal Kulkarni,MS Dhoni,1,False,-0.5,12,Chepauk,MA Chidambaram Stadium,False,True,106,17,17.666666666666668,128,7.245283018867924,20,176,48,2.333333333333332,20.571428571428584,4,6
17.5,17,5,111,Dhawal Kulkarni,Dwayne Bravo,4,False,-2.0,12,Chepauk,MA Chidambaram Stadium,False,True,107,17,17.833333333333332,132,7.4018691588785055,20,176,44,2.166666666666668,20.307692307692296,4,6
17.6,17,6,112,Dhawal Kulkarni,Dwayne Bravo,6,False,-3.0,12,Chepauk,MA Chidambaram Stadium,False,True,108,17,18.0,138,7.666666666666667,20,176,38,2.0,19.0,4,6
18.1,18,1,113,Jofra Archer,MS Dhoni,4,False,-2.0,12,Chepauk,MA Chidambaram Stadium,False,True,109,18,18.166666666666668,142,7.816513761467889,20,176,34,1.8333333333333321,18.545454545454557,4,6
18.2,18,2,114,Jofra Archer,MS Dhoni,1,False,-0.5,12,Chepauk,MA Chidambaram Stadium,False,True,110,18,18.333333333333332,143,7.800000000000001,20,176,33,1.6666666666666679,19.799999999999986,4,6
18.3,18,3,115,Jofra Archer,Dwayne Bravo,0,True,5.0,12,Chepauk,MA Chidambaram Stadium,False,True,111,18,18.5,143,7.72972972972973,20,176,33,1.5,22.0,5,5
18.4,18,4,116,Jofra Archer,MS Dhoni,1,False,-0.5,12,Chepauk,MA Chidambaram Stadium,False,True,112,18,18.666666666666668,144,7.7142857142857135,20,176,32,1.3333333333333321,24.00000000000002,5,5
18.5,18,5,117,Jofra Archer,Ravindra Jadeja,1,False,-0.5,12,Chepauk,MA Chidambaram Stadium,False,True,113,18,18.833333333333332,145,7.6991150442477885,20,176,31,1.1666666666666679,26.571428571428545,5,5
18.6,18,6,118,Jofra Archer,MS Dhoni,1,False,-0.5,12,Chepauk,MA Chidambaram Stadium,False,True,114,18,19.0,146,7.684210526315789,20,176,30,1.0,30.0,5,5
19.1,19,1,119,Jaydev Unadkat,MS Dhoni,1,False,-0.5,12,Chepauk,MA Chidambaram Stadium,False,True,115,19,19.166666666666668,147,7.669565217391304,20,176,29,0.8333333333333321,34.80000000000005,5,5
19.2,19,2,120,Jaydev Unadkat,Ravindra Jadeja,6,False,-3.0,12,Chepauk,MA Chidambaram Stadium,False,True,116,19,19.333333333333332,153,7.913793103448277,20,176,23,0.6666666666666679,34.499999999999936,5,5
19.3,19,3,121,Jaydev Unadkat,Ravindra Jadeja,1,False,-0.5,12,Chepauk,MA Chidambaram Stadium,False,True,117,19,19.5,154,7.897435897435898,20,176,22,0.5,44.0,5,5
19.4,19,4,122,Jaydev Unadkat,MS Dhoni,1,False,-1.0,12,Chepauk,MA Chidambaram Stadium,True,False,117,19,19.5,155,7.948717948717949,20,176,21,0.5,42.0,5,5
19.4,19,4,123,Jaydev Unadkat,MS Dhoni,6,False,-3.0,12,Chepauk,MA Chidambaram Stadium,False,True,118,19,19.666666666666668,161,8.186440677966102,20,176,15,0.33333333333333215,45.00000000000016,5,5
19.5,19,5,124,Jaydev Unadkat,MS Dhoni,6,False,-3.0,12,Chepauk,MA Chidambaram Stadium,False,True,119,19,19.833333333333332,167,8.420168067226891,20,176,9,0.16666666666666785,53.999999999999616,5,5
19.6,19,6,125,Jaydev Unadkat,MS Dhoni,1,False,-1.0,12,Chepauk,MA Chidambaram Stadium,True,False,119,19,19.833333333333332,168,8.470588235294118,20,176,8,0.16666666666666785,47.99999999999966,5,5
19.6,19,6,126,Jaydev Unadkat,MS Dhoni,6,False,-3.0,12,Chepauk,MA Chidambaram Stadium,False,True,120,19,20.0,174,8.7,20,176,2,0.0,inf,5,5
