Ball Number,over,ball,Ball,bowler,batsman,Runs,is_wicket,bowler_score,match_id,city,stadium,is_extra,legal_delivery,legal_deliveries_count,overs_completed,overs_bowled,total_runs,current_run_rate,total_overs,target,runs_needed,overs_remaining,required_run_rate,wickets_fallen,wickets_in_hand
0.1,0,1,1,Rasikh Salam,Prithvi Shaw,2,False,-1.0,3,Mumbai,Wankhede Stadium,True,False,0,0,0.0,2,0.0,20,214,212,20.0,10.6,0,10
0.1,0,1,2,Rasikh Salam,S Dhawan,1,False,-0.5,3,Mumbai,Wankhede Stadium,False,True,1,0,0.16666666666666666,3,18.0,20,214,211,19.833333333333332,10.638655462184875,0,10
0.2,0,2,3,Rasikh Salam,Prithvi Shaw,1,False,-0.5,3,Mumbai,Wankhede Stadium,False,True,2,0,0.3333333333333333,4,12.0,20,214,210,19.666666666666668,10.677966101694915,0,10
0.3,0,3,4,Rasikh Salam,S Dhawan,0,False,1.0,3,Mumbai,Wankhede Stadium,False,True,3,0,0.5,4,8.0,20,214,210,19.5,10.76923076923077,0,10
0.4,0,4,5,Rasikh Salam,S Dhawan,1,False,-0.5,3,Mumbai,Wankhede Stadium,False,True,4,0,0.6666666666666666,5,7.5,20,214,209,19.333333333333332,10.810344827586208,0,10
0.5,0,5,6,Rasikh Salam,Prithvi Shaw,1,False,-0.5,3,Mumbai,Wankhede Stadium,False,True,5,0,0.8333333333333334,6,7.199999999999999,20,214,208,19.166666666666668,10.852173913043478,0,10
0.6,0,6,7,Rasikh Salam,S Dhawan,0,False,1.0,3,Mumbai,Wankhede Stadium,False,True,6,0,1.0,6,6.0,20,214,208,19.0,10.947368421052632,0,10
1.1,1,1,8,Mitchell McClenaghan,Prithvi Shaw,0,False,1.0,3,Mumbai,Wankhede Stadium,False,True,7,1,1.1666666666666667,6,5.142857142857142,20,214,208,18.833333333333332,11.04424778761062,0,10
1.2,1,2,9,Mitchell McClenaghan,Prithvi Shaw,4,False,-2.0,3,Mumbai,Wankhede Stadium,False,True,8,1,1.3333333333333333,10,7.5,20,214,204,18.666666666666668,10.928571428571427,0,10
1.3,1,3,10,Mitchell McClenaghan,Prithvi Shaw,0,True,5.0,3,Mumbai,Wankhede Stadium,False,True,9,1,1.5,10,6.666666666666667,20,214,204,18.5,11.027027027027026,1,9
1.4,1,4,11,Mitchell McClenaghan,Shreyas Iyer,0,False,1.0,3,Mumbai,Wankhede Stadium,False,True,10,1,1.6666666666666665,10,6.000000000000001,20,214,204,18.333333333333332,11.127272727272729,1,9
1.5,1,5,12,Mitchell McClenaghan,Shreyas Iyer,1,False,-0.5,3,Mumbai,Wankhede Stadium,False,True,11,1,1.8333333333333335,11,5.999999999999999,20,214,203,18.166666666666668,11.174311926605505,1,9
1.6,1,6,13,Mitchell McClenaghan,S Dhawan,0,False,1.0,3,Mumbai,Wankhede Stadium,False,True,12,1,2.0,11,5.5,20,214,203,18.0,11.277777777777779,1,9
2.1,2,1,14,Rasikh Salam,Shreyas Iyer,0,False,1.0,3,Mumbai,Wankhede Stadium,False,True,13,2,2.1666666666666665,11,5.0769230769230775,20,214,203,17.833333333333332,11.383177570093459,1,9
2.2,2,2,15,Rasikh Salam,Shreyas Iyer,0,False,1.0,3,Mumbai,Wankhede Stadium,False,True,14,2,2.3333333333333335,11,4.714285714285714,20,214,203,17.666666666666668,11.490566037735848,1,9
2.3,2,3,16,Rasikh Salam,Shreyas Iyer,4,False,-2.0,3,Mumbai,Wankhede Stadium,False,True,15,2,2.5,15,6.0,20,214,199,17.5,11.371428571428572,1,9
2.4,2,4,17,Rasikh Salam,Shreyas Iyer,1,False,-0.5,3,Mumbai,Wankhede Stadium,False,True,16,2,2.6666666666666665,16,6.0,20,214,198,17.333333333333332,11.423076923076923,1,9
2.5,2,5,18,Rasikh Salam,S Dhawan,0,False,1.0,3,Mumbai,Wankhede Stadium,False,True,17,2,2.8333333333333335,16,5.647058823529411,20,214,198,17.166666666666668,11.53398058252427,1,9
2.6,2,6,19,Rasikh Salam,Shreyas Iyer,4,False,-2.0,3,Mumbai,Wankhede Stadium,False,True,18,2,3.0,20,6.666666666666667,20,214,194,17.0,11.411764705882353,1,9
2.6,2,6,20,Rasikh Salam,S Dhawan,2,False,-1.0,3,Mumbai,Wankhede Stadium,True,False,18,2,3.0,22,7.333333333333333,20,214,192,17.0,11.294117647058824,1,9
3.1,3,1,21,Mitchell McClenaghan,S Dhawan,1,False,-0.5,3,Mumbai,Wankhede Stadium,False,True,19,3,3.1666666666666665,23,7.2631578947368425,20,214,191,16.833333333333332,11.346534653465348,1,9
3.2,3,2,22,Mitchell McClenaghan,Shreyas Iyer,0,False,1.0,3,Mumbai,Wankhede Stadium,False,True,20,3,3.3333333333333335,23,6.8999999999999995,20,214,191,16.666666666666668,11.459999999999999,1,9
3.3,3,3,23,Mitchell McClenaghan,Shreyas Iyer,6,False,-3.0,3,Mumbai,Wankhede Stadium,False,True,21,3,3.5,29,8.285714285714286,20,214,185,16.5,11.212121212121213,1,9
3.4,3,4,24,Mitchell McClenaghan,Shreyas Iyer,0,True,5.0,3,Mumbai,Wankhede Stadium,False,True,22,3,3.6666666666666665,29,7.909090909090909,20,214,185,16.333333333333332,11.326530612244898,2,8
3.5,3,5,25,Mitchell McClenaghan,Colin Ingram,0,False,1.0,3,Mumbai,Wankhede Stadium,False,True,23,3,3.8333333333333335,29,7.565217391304348,20,214,185,16.166666666666668,11.443298969072163,2,8
3.6,3,6,26,Mitchell McClenaghan,Colin Ingram,4,False,-2.0,3,Mumbai,Wankhede Stadium,False,True,24,3,4.0,33,8.25,20,214,181,16.0,11.3125,2,8
4.1,4,1,27,Jasprit Bumrah,S Dhawan,1,False,-0.5,3,Mumbai,Wankhede Stadium,False,True,25,4,4.166666666666667,34,8.16,20,214,180,15.833333333333332,11.36842105263158,2,8
4.2,4,2,28,Jasprit Bumrah,Colin Ingram,0,False,1.0,3,Mumbai,Wankhede Stadium,False,True,26,4,4.333333333333333,34,7.846153846153847,20,214,180,15.666666666666668,11.489361702127658,2,8
4.3,4,3,29,Jasprit Bumrah,Colin Ingram,1,False,-0.5,3,Mumbai,Wankhede Stadium,False,True,27,4,4.5,35,7.777777777777778,20,214,179,15.5,11.548387096774194,2,8
4.4,4,4,30,Jasprit Bumrah,S Dhawan,0,False,1.0,3,Mumbai,Wankhede Stadium,False,True,28,4,4.666666666666667,35,7.499999999999999,20,214,179,15.333333333333332,11.673913043478262,2,8
4.5,4,5,31,Jasprit Bumrah,S Dhawan,0,False,1.0,3,Mumbai,Wankhede Stadium,False,True,29,4,4.833333333333333,35,7.241379310344828,20,214,179,15.166666666666668,11.802197802197801,2,8
4.6,4,6,32,Jasprit Bumrah,S Dhawan,1,False,-0.5,3,Mumbai,Wankhede Stadium,False,True,30,4,5.0,36,7.2,20,214,178,15.0,11.866666666666667,2,8
5.1,5,1,33,Hardik Pandya,S Dhawan,4,False,-2.0,3,Mumbai,Wankhede Stadium,False,True,31,5,5.166666666666667,40,7.741935483870967,20,214,174,14.833333333333332,11.730337078651687,2,8
5.2,5,2,34,Hardik Pandya,S Dhawan,1,False,-0.5,3,Mumbai,Wankhede Stadium,False,True,32,5,5.333333333333333,41,7.6875,20,214,173,14.666666666666668,11.795454545454545,2,8
5.3,5,3,35,Hardik Pandya,Colin Ingram,1,False,-0.5,3,Mumbai,Wankhede Stadium,False,True,33,5,5.5,42,7.636363636363637,20,214,172,14.5,11.862068965517242,2,8
5.4,5,4,36,Hardik Pandya,S Dhawan,1,False,-0.5,3,Mumbai,Wankhede Stadium,False,True,34,5,5.666666666666667,43,7.588235294117647,20,214,171,14.333333333333332,11.930232558139537,2,8
5.5,5,5,37,Hardik Pandya,Colin Ingram,1,False,-0.5,3,Mumbai,Wankhede Stadium,False,True,35,5,5.833333333333333,44,7.542857142857144,20,214,170,14.166666666666668,11.999999999999998,2,8
5.6,5,6,38,Hardik Pandya,S Dhawan,1,False,-0.5,3,Mumbai,Wankhede Stadium,False,True,36,5,6.0,45,7.5,20,214,169,14.0,12.071428571428571,2,8
6.1,6,1,39,Rasikh Salam,S Dhawan,0,False,1.0,3,Mumbai,Wankhede Stadium,False,True,37,6,6.166666666666667,45,7.297297297297297,20,214,169,13.833333333333332,12.216867469879519,2,8
6.2,6,2,40,Rasikh Salam,S Dhawan,1,False,-0.5,3,Mumbai,Wankhede Stadium,False,True,38,6,6.333333333333333,46,7.2631578947368425,20,214,168,13.666666666666668,12.292682926829267,2,8
6.3,6,3,41,Rasikh Salam,Colin Ingram,0,False,1.0,3,Mumbai,Wankhede Stadium,False,True,39,6,6.5,46,7.076923076923077,20,214,168,13.5,12.444444444444445,2,8
6.4,6,4,42,Rasikh Salam,Colin Ingram,0,False,1.0,3,Mumbai,Wankhede Stadium,False,True,40,6,6.666666666666667,46,6.8999999999999995,20,214,168,13.333333333333332,12.600000000000001,2,8
6.5,6,5,43,Rasikh Salam,Colin Ingram,1,False,-0.5,3,Mumbai,Wankhede Stadium,False,True,41,6,6.833333333333333,47,6.878048780487805,20,214,167,13.166666666666668,12.683544303797467,2,8
6.6,6,6,44,Rasikh Salam,S Dhawan,2,False,-1.0,3,Mumbai,Wankhede Stadium,False,True,42,6,7.0,49,7.0,20,214,165,13.0,12.692307692307692,2,8
7.1,7,1,45,Hardik Pandya,Colin Ingram,4,False,-2.0,3,Mumbai,Wankhede Stadium,False,True,43,7,7.166666666666667,53,7.395348837209302,20,214,161,12.833333333333332,12.545454545454547,2,8
7.2,7,2,46,Hardik Pandya,Colin Ingram,0,False,1.0,3,Mumbai,Wankhede Stadium,False,True,44,7,7.333333333333333,53,7.2272727272727275,20,214,161,12.666666666666668,12.710526315789473,2,8
7.3,7,3,47,Hardik Pandya,Colin Ingram,1,False,-0.5,3,Mumbai,Wankhede Stadium,False,True,45,7,7.5,54,7.2,20,214,160,12.5,12.8,2,8
7.4,7,4,48,Hardik Pandya,S Dhawan,1,False,-0.5,3,Mumbai,Wankhede Stadium,False,True,46,7,7.666666666666667,55,7.173913043478261,20,214,159,12.333333333333332,12.891891891891893,2,8
7.5,7,5,49,Hardik Pandya,Colin Ingram,6,False,-3.0,3,Mumbai,Wankhede Stadium,False,True,47,7,7.833333333333333,61,7.787234042553192,20,214,153,12.166666666666668,12.575342465753424,2,8
7.6,7,6,50,Hardik Pandya,Colin Ingram,1,False,-0.5,3,Mumbai,Wankhede Stadium,False,True,48,7,8.0,62,7.75,20,214,152,12.0,12.666666666666666,2,8
8.1,8,1,51,Krunal Pandya,Colin Ingram,4,False,-2.0,3,Mumbai,Wankhede Stadium,False,True,49,8,8.166666666666666,66,8.081632653061225,20,214,148,11.833333333333334,12.507042253521126,2,8
8.2,8,2,52,Krunal Pandya,Colin Ingram,1,False,-0.5,3,Mumbai,Wankhede Stadium,False,True,50,8,8.333333333333334,67,8.04,20,214,147,11.666666666666666,12.600000000000001,2,8
8.3,8,3,53,Krunal Pandya,S Dhawan,0,False,1.0,3,Mumbai,Wankhede Stadium,False,True,51,8,8.5,67,7.882352941176471,20,214,147,11.5,12.782608695652174,2,8
8.4,8,4,54,Krunal Pandya,S Dhawan,1,False,-0.5,3,Mumbai,Wankhede Stadium,False,True,52,8,8.666666666666666,68,7.846153846153847,20,214,146,11.333333333333334,12.88235294117647,2,8
8.5,8,5,55,Krunal Pandya,Colin Ingram,1,False,-0.5,3,Mumbai,Wankhede Stadium,False,True,53,8,8.833333333333334,69,7.811320754716981,20,214,145,11.166666666666666,12.985074626865673,2,8
8.6,8,6,56,Krunal Pandya,S Dhawan,1,False,-0.5,3,Mumbai,Wankhede Stadium,False,True,54,8,9.0,70,7.777777777777778,20,214,144,11.0,13.090909090909092,2,8
9.1,9,1,57,Mitchell McClenaghan,S Dhawan,4,False,-2.0,3,Mumbai,Wankhede Stadium,False,True,55,9,9.166666666666666,74,8.072727272727274,20,214,140,10.833333333333334,12.923076923076922,2,8
9.2,9,2,58,Mitchell McClenaghan,S Dhawan,1,False,-0.5,3,Mumbai,Wankhede Stadium,False,True,56,9,9.333333333333334,75,8.035714285714285,20,214,139,10.666666666666666,13.03125,2,8
9.3,9,3,59,Mitchell McClenaghan,Colin Ingram,1,False,-0.5,3,Mumbai,Wankhede Stadium,False,True,57,9,9.5,76,8.0,20,214,138,10.5,13.142857142857142,2,8
9.4,9,4,60,Mitchell McClenaghan,S Dhawan,6,False,-3.0,3,Mumbai,Wankhede Stadium,False,True,58,9,9.666666666666666,82,8.482758620689655,20,214,132,10.333333333333334,12.774193548387096,2,8
9.5,9,5,61,Mitchell McClenaghan,S Dhawan,0,False,1.0,3,Mumbai,Wankhede Stadium,False,True,59,9,9.833333333333334,82,8.338983050847457,20,214,132,10.166666666666666,12.98360655737705,2,8
9.6,9,6,62,Mitchell McClenaghan,S Dhawan,0,False,1.0,3,Mumbai,Wankhede Stadium,False,True,60,9,10.0,82,8.2,20,214,132,10.0,13.2,2,8
10.1,10,1,63,Krunal Pandya,Colin Ingram,0,False,1.0,3,Mumbai,Wankhede Stadium,False,True,61,10,10.166666666666666,82,8.065573770491804,20,214,132,9.833333333333334,13.423728813559322,2,8
10.2,10,2,64,Krunal Pandya,Colin Ingram,4,False,-2.0,3,Mumbai,Wankhede Stadium,False,True,62,10,10.333333333333334,86,8.32258064516129,20,214,128,9.666666666666666,13.24137931034483,2,8
10.3,10,3,65,N/A,N/A,0,False,0.0,3,Mumbai,Wankhede Stadium,False,True,63,10,10.5,86,8.19047619047619,20,214,128,9.5,13.473684210526315,2,8
10.4,10,4,66,Krunal Pandya,Colin Ingram,4,False,-2.0,3,Mumbai,Wankhede Stadium,False,True,64,10,10.666666666666666,90,8.4375,20,214,124,9.333333333333334,13.285714285714285,2,8
10.5,10,5,67,Krunal Pandya,Colin Ingram,4,False,-2.0,3,Mumbai,Wankhede Stadium,False,True,65,10,10.833333333333334,94,8.676923076923076,20,214,120,9.166666666666666,13.090909090909092,2,8
10.6,10,6,68,Krunal Pandya,Colin Ingram,1,False,-0.5,3,Mumbai,Wankhede Stadium,False,True,66,10,11.0,95,8.636363636363637,20,214,119,9.0,13.222222222222221,2,8
11.1,11,1,69,Jasprit Bumrah,Colin Ingram,0,False,1.0,3,Mumbai,Wankhede Stadium,False,True,67,11,11.166666666666666,95,8.507462686567164,20,214,119,8.833333333333334,13.471698113207546,2,8
11.2,11,2,70,Jasprit Bumrah,Colin Ingram,1,False,-0.5,3,Mumbai,Wankhede Stadium,False,True,68,11,11.333333333333334,96,8.470588235294118,20,214,118,8.666666666666666,13.615384615384617,2,8
11.3,11,3,71,Jasprit Bumrah,S Dhawan,4,False,-2.0,3,Mumbai,Wankhede Stadium,False,True,69,11,11.5,100,8.695652173913043,20,214,114,8.5,13.411764705882353,2,8
11.4,11,4,72,Jasprit Bumrah,S Dhawan,1,False,-0.5,3,Mumbai,Wankhede Stadium,False,True,70,11,11.666666666666666,101,8.657142857142858,20,214,113,8.333333333333334,13.559999999999999,2,8
11.5,11,5,73,Jasprit Bumrah,Colin Ingram,0,False,1.0,3,Mumbai,Wankhede Stadium,False,True,71,11,11.833333333333334,101,8.535211267605634,20,214,113,8.166666666666666,13.836734693877553,2,8
11.6,11,6,74,Jasprit Bumrah,Colin Ingram,1,False,-0.5,3,Mumbai,Wankhede Stadium,False,True,72,11,12.0,102,8.5,20,214,112,8.0,14.0,2,8
12.1,12,1,75,Ben Cutting,Colin Ingram,0,False,1.0,3,Mumbai,Wankhede Stadium,False,True,73,12,12.166666666666666,102,8.383561643835616,20,214,112,7.833333333333334,14.297872340425531,2,8
12.2,12,2,76,Ben Cutting,Colin Ingram,4,False,-2.0,3,Mumbai,Wankhede Stadium,False,True,74,12,12.333333333333334,106,8.594594594594595,20,214,108,7.666666666666666,14.08695652173913,2,8
12.3,12,3,77,Ben Cutting,Colin Ingram,1,False,-0.5,3,Mumbai,Wankhede Stadium,False,True,75,12,12.5,107,8.56,20,214,107,7.5,14.266666666666667,2,8
12.4,12,4,78,Ben Cutting,S Dhawan,4,False,-2.0,3,Mumbai,Wankhede Stadium,False,True,76,12,12.666666666666666,111,8.763157894736842,20,214,103,7.333333333333334,14.045454545454545,2,8
12.5,12,5,79,Ben Cutting,S Dhawan,1,False,-0.5,3,Mumbai,Wankhede Stadium,False,True,77,12,12.833333333333334,112,8.727272727272727,20,214,102,7.166666666666666,14.232558139534884,2,8
12.6,12,6,80,Ben Cutting,Colin Ingram,0,True,5.0,3,Mumbai,Wankhede Stadium,False,True,78,12,13.0,112,8.615384615384615,20,214,102,7.0,14.571428571428571,3,7
13.1,13,1,81,Hardik Pandya,Rishabh Pant,0,False,1.0,3,Mumbai,Wankhede Stadium,False,True,79,13,13.166666666666666,112,8.506329113924052,20,214,102,6.833333333333334,14.926829268292682,3,7
13.2,13,2,82,Hardik Pandya,Rishabh Pant,0,False,1.0,3,Mumbai,Wankhede Stadium,False,True,80,13,13.333333333333334,112,8.4,20,214,102,6.666666666666666,15.3,3,7
13.3,13,3,83,Hardik Pandya,Rishabh Pant,0,False,1.0,3,Mumbai,Wankhede Stadium,False,True,81,13,13.5,112,8.296296296296296,20,214,102,6.5,15.692307692307692,3,7
13.4,13,4,84,Hardik Pandya,Rishabh Pant,0,False,1.0,3,Mumbai,Wankhede Stadium,False,True,82,13,13.666666666666666,112,8.195121951219512,20,214,102,6.333333333333334,16.105263157894736,3,7
13.5,13,5,85,Hardik Pandya,Rishabh Pant,1,False,-0.5,3,Mumbai,Wankhede Stadium,False,True,83,13,13.833333333333334,113,8.168674698795181,20,214,101,6.166666666666666,16.37837837837838,3,7
13.6,13,6,86,Hardik Pandya,S Dhawan,1,False,-0.5,3,Mumbai,Wankhede Stadium,False,True,84,13,14.0,114,8.142857142857142,20,214,100,6.0,16.666666666666668,3,7
14.1,14,1,87,Ben Cutting,S Dhawan,1,False,-0.5,3,Mumbai,Wankhede Stadium,False,True,85,14,14.166666666666666,115,8.117647058823529,20,214,99,5.833333333333334,16.971428571428568,3,7
14.2,14,2,88,Ben Cutting,Rishabh Pant,4,False,-2.0,3,Mumbai,Wankhede Stadium,False,True,86,14,14.333333333333334,119,8.30232558139535,20,214,95,5.666666666666666,16.764705882352942,3,7
14.3,14,3,89,Ben Cutting,Rishabh Pant,1,False,-0.5,3,Mumbai,Wankhede Stadium,False,True,87,14,14.5,120,8.275862068965518,20,214,94,5.5,17.09090909090909,3,7
14.4,14,4,90,Ben Cutting,S Dhawan,1,False,-0.5,3,Mumbai,Wankhede Stadium,False,True,88,14,14.666666666666666,121,8.25,20,214,93,5.333333333333334,17.437499999999996,3,7
14.5,14,5,91,Ben Cutting,Rishabh Pant,4,False,-2.0,3,Mumbai,Wankhede Stadium,False,True,89,14,14.833333333333334,125,8.42696629213483,20,214,89,5.166666666666666,17.225806451612904,3,7
14.6,14,6,92,Ben Cutting,Rishabh Pant,6,False,-3.0,3,Mumbai,Wankhede Stadium,False,True,90,14,15.0,131,8.733333333333333,20,214,83,5.0,16.6,3,7
15.1,15,1,93,Hardik Pandya,S Dhawan,0,True,5.0,3,Mumbai,Wankhede Stadium,False,True,91,15,15.166666666666666,131,8.637362637362637,20,214,83,4.833333333333334,17.172413793103445,4,6
15.2,15,2,94,Hardik Pandya,Keemo Paul,0,False,1.0,3,Mumbai,Wankhede Stadium,False,True,92,15,15.333333333333334,131,8.543478260869565,20,214,83,4.666666666666666,17.78571428571429,4,6
15.2,15,2,95,Hardik Pandya,Keemo Paul,1,False,-1.0,3,Mumbai,Wankhede Stadium,True,False,92,15,15.333333333333334,132,8.608695652173912,20,214,82,4.666666666666666,17.571428571428573,4,6
15.3,15,3,96,Hardik Pandya,Keemo Paul,1,False,-0.25,3,Mumbai,Wankhede Stadium,False,True,93,15,15.5,133,8.580645161290322,20,214,81,4.5,18.0,4,6
15.4,15,4,97,Hardik Pandya,Rishabh Pant,6,False,-3.0,3,Mumbai,Wankhede Stadium,False,True,94,15,15.666666666666666,139,8.872340425531915,20,214,75,4.333333333333334,17.307692307692307,4,6
15.5,15,5,98,Hardik Pandya,Rishabh Pant,4,False,-2.0,3,Mumbai,Wankhede Stadium,False,True,95,15,15.833333333333334,143,9.031578947368422,20,214,71,4.166666666666666,17.040000000000003,4,6
15.6,15,6,99,Hardik Pandya,Rishabh Pant,6,False,-3.0,3,Mumbai,Wankhede Stadium,False,True,96,15,16.0,149,9.3125,20,214,65,4.0,16.25,4,6
16.1,16,1,100,Mitchell McClenaghan,Keemo Paul,2,False,-1.0,3,Mumbai,Wankhede Stadium,False,True,97,16,16.166666666666668,151,9.340206185567009,20,214,63,3.833333333333332,16.434782608695656,4,6
16.2,16,2,101,Mitchell McClenaghan,Keemo Paul,1,False,-0.5,3,Mumbai,Wankhede Stadium,False,True,98,16,16.333333333333332,152,9.306122448979593,20,214,62,3.666666666666668,16.909090909090903,4,6
16.3,16,3,102,Mitchell McClenaghan,Rishabh Pant,4,False,-2.0,3,Mumbai,Wankhede Stadium,False,True,99,16,16.5,156,9.454545454545455,20,214,58,3.5,16.571428571428573,4,6
16.4,16,4,103,Mitchell McClenaghan,Rishabh Pant,1,False,-0.5,3,Mumbai,Wankhede Stadium,False,True,100,16,16.666666666666668,157,9.42,20,214,57,3.333333333333332,17.100000000000005,4,6
16.5,16,5,104,Mitchell McClenaghan,Keemo Paul,0,True,5.0,3,Mumbai,Wankhede Stadium,False,True,101,16,16.833333333333332,157,9.326732673267328,20,214,57,3.166666666666668,17.999999999999993,5,5
16.6,16,6,105,Mitchell McClenaghan,Rishabh Pant,4,False,-2.0,3,Mumbai,Wankhede Stadium,False,True,102,16,17.0,161,9.470588235294118,20,214,53,3.0,17.666666666666668,5,5
17.1,17,1,106,Jasprit Bumrah,Axar Patel,4,False,-2.0,3,Mumbai,Wankhede Stadium,False,True,103,17,17.166666666666668,165,9.611650485436893,20,214,49,2.833333333333332,17.29411764705883,5,5
17.2,17,2,107,Jasprit Bumrah,Axar Patel,0,True,5.0,3,Mumbai,Wankhede Stadium,False,True,104,17,17.333333333333332,165,9.51923076923077,20,214,49,2.666666666666668,18.374999999999993,6,4
17.3,17,3,108,Jasprit Bumrah,Rishabh Pant,6,False,-3.0,3,Mumbai,Wankhede Stadium,False,True,105,17,17.5,171,9.771428571428572,20,214,43,2.5,17.2,6,4
17.4,17,4,109,Jasprit Bumrah,Rishabh Pant,0,False,1.0,3,Mumbai,Wankhede Stadium,False,True,106,17,17.666666666666668,171,9.679245283018867,20,214,43,2.333333333333332,18.428571428571438,6,4
17.5,17,5,110,Jasprit Bumrah,Rishabh Pant,4,False,-2.0,3,Mumbai,Wankhede Stadium,False,True,107,17,17.833333333333332,175,9.813084112149534,20,214,39,2.166666666666668,17.99999999999999,6,4
17.6,17,6,111,Jasprit Bumrah,Rishabh Pant,1,False,-0.5,3,Mumbai,Wankhede Stadium,False,True,108,17,18.0,176,9.777777777777779,20,214,38,2.0,19.0,6,4
18.1,18,1,112,Rasikh Salam,Rishabh Pant,1,False,-0.5,3,Mumbai,Wankhede Stadium,False,True,109,18,18.166666666666668,177,9.743119266055045,20,214,37,1.8333333333333321,20.181818181818194,6,4
18.2,18,2,113,Rasikh Salam,Rahul Tewatia,1,False,-0.5,3,Mumbai,Wankhede Stadium,False,True,110,18,18.333333333333332,178,9.709090909090909,20,214,36,1.6666666666666679,21.599999999999984,6,4
18.3,18,3,114,Rasikh Salam,Rishabh Pant,2,False,-1.0,3,Mumbai,Wankhede Stadium,False,True,111,18,18.5,180,9.72972972972973,20,214,34,1.5,22.666666666666668,6,4
18.4,18,4,115,Rasikh Salam,Rishabh Pant,6,False,-3.0,3,Mumbai,Wankhede Stadium,False,True,112,18,18.666666666666668,186,9.964285714285714,20,214,28,1.3333333333333321,21.000000000000018,6,4
18.5,18,5,116,Rasikh Salam,Rishabh Pant,1,False,-1.0,3,Mumbai,Wankhede Stadium,True,False,112,18,18.666666666666668,187,10.017857142857142,20,214,27,1.3333333333333321,20.250000000000018,6,4
18.5,18,5,117,Rasikh Salam,Rishabh Pant,6,False,-3.0,3,Mumbai,Wankhede Stadium,False,True,113,18,18.833333333333332,193,10.24778761061947,20,214,21,1.1666666666666679,17.999999999999982,6,4
18.6,18,6,118,Rasikh Salam,Rishabh Pant,4,False,-2.0,3,Mumbai,Wankhede Stadium,False,True,114,18,19.0,197,10.368421052631579,20,214,17,1.0,17.0,6,4
19.1,19,1,119,Jasprit Bumrah,Rahul Tewatia,1,False,-0.5,3,Mumbai,Wankhede Stadium,False,True,115,19,19.166666666666668,198,10.330434782608695,20,214,16,0.8333333333333321,19.200000000000028,6,4
19.2,19,2,120,Jasprit Bumrah,Rishabh Pant,6,False,-3.0,3,Mumbai,Wankhede Stadium,False,True,116,19,19.333333333333332,204,10.551724137931036,20,214,10,0.6666666666666679,14.999999999999973,6,4
19.3,19,3,121,Jasprit Bumrah,Rishabh Pant,1,False,-0.25,3,Mumbai,Wankhede Stadium,False,True,117,19,19.5,205,10.512820512820513,20,214,9,0.5,18.0,6,4
19.4,19,4,122,Jasprit Bumrah,Rahul Tewatia,6,False,-3.0,3,Mumbai,Wankhede Stadium,False,True,118,19,19.666666666666668,211,10.728813559322033,20,214,3,0.33333333333333215,9.000000000000032,6,4
19.5,19,5,123,Jasprit Bumrah,Rahul Tewatia,1,False,-0.5,3,Mumbai,Wankhede Stadium,False,True,119,19,19.833333333333332,212,10.689075630252102,20,214,2,0.16666666666666785,11.999999999999915,6,4
19.6,19,6,124,Jasprit Bumrah,Rishabh Pant,1,False,-0.5,3,Mumbai,Wankhede Stadium,False,True,120,19,20.0,213,10.65,20,214,1,0.0,inf,6,4
