Ball Number,over,ball,Ball,bowler,batsman,Runs,is_wicket,bowler_score,match_id,city,stadium,is_extra,legal_delivery,legal_deliveries_count,overs_completed,overs_bowled,total_runs,current_run_rate,total_overs,target,runs_needed,overs_remaining,required_run_rate,wickets_fallen,wickets_in_hand
0.1,0,1,1,Ishant Sharma,Shane Watson,0,False,1.0,5,Delhi,Feroz Shah Kotla,False,True,1,0,0.16666666666666666,0,0.0,20,148,148,19.833333333333332,7.46218487394958,0,10
0.2,0,2,2,Ishant Sharma,Shane Watson,1,False,-0.5,5,Delhi,Feroz Shah Kotla,False,True,2,0,0.3333333333333333,1,3.0,20,148,147,19.666666666666668,7.47457627118644,0,10
0.3,0,3,3,Ishant Sharma,Ambati Rayudu,4,False,-2.0,5,Delhi,Feroz Shah Kotla,False,True,3,0,0.5,5,10.0,20,148,143,19.5,7.333333333333333,0,10
0.4,0,4,4,Ishant Sharma,Ambati Rayudu,0,False,1.0,5,Delhi,Feroz Shah Kotla,False,True,4,0,0.6666666666666666,5,7.5,20,148,143,19.333333333333332,7.3965517241379315,0,10
0.5,0,5,5,Ishant Sharma,Ambati Rayudu,1,False,-0.5,5,Delhi,Feroz Shah Kotla,False,True,5,0,0.8333333333333334,6,7.199999999999999,20,148,142,19.166666666666668,7.408695652173913,0,10
0.6,0,6,6,Ishant Sharma,Shane Watson,1,False,-0.5,5,Delhi,Feroz Shah Kotla,False,True,6,0,1.0,7,7.0,20,148,141,19.0,7.421052631578948,0,10
1.1,1,1,7,Axar Patel,Shane Watson,4,False,-2.0,5,Delhi,Feroz Shah Kotla,False,True,7,1,1.1666666666666667,11,9.428571428571429,20,148,137,18.833333333333332,7.274336283185841,0,10
1.2,1,2,8,Axar Patel,Shane Watson,0,False,1.0,5,Delhi,Feroz Shah Kotla,False,True,8,1,1.3333333333333333,11,8.25,20,148,137,18.666666666666668,7.3392857142857135,0,10
1.3,1,3,9,Axar Patel,Shane Watson,4,False,-2.0,5,Delhi,Feroz Shah Kotla,False,True,9,1,1.5,15,10.0,20,148,133,18.5,7.1891891891891895,0,10
1.4,1,4,10,Axar Patel,Shane Watson,0,False,1.0,5,Delhi,Feroz Shah Kotla,False,True,10,1,1.6666666666666665,15,9.0,20,148,133,18.333333333333332,7.254545454545455,0,10
1.5,1,5,11,Axar Patel,Shane Watson,1,False,-0.5,5,Delhi,Feroz Shah Kotla,False,True,11,1,1.8333333333333335,16,8.727272727272727,20,148,132,18.166666666666668,7.26605504587156,0,10
1.6,1,6,12,Axar Patel,Ambati Rayudu,0,False,1.0,5,Delhi,Feroz Shah Kotla,False,True,12,1,2.0,16,8.0,20,148,132,18.0,7.333333333333333,0,10
2.1,2,1,13,Ishant Sharma,Shane Watson,0,False,1.0,5,Delhi,Feroz Shah Kotla,False,True,13,2,2.1666666666666665,16,7.384615384615385,20,148,132,17.833333333333332,7.4018691588785055,0,10
2.2,2,2,14,Ishant Sharma,Shane Watson,4,False,-2.0,5,Delhi,Feroz Shah Kotla,False,True,14,2,2.3333333333333335,20,8.571428571428571,20,148,128,17.666666666666668,7.245283018867924,0,10
2.3,2,3,15,Ishant Sharma,Shane Watson,1,False,-0.5,5,Delhi,Feroz Shah Kotla,False,True,15,2,2.5,21,8.4,20,148,127,17.5,7.257142857142857,0,10
2.4,2,4,16,Ishant Sharma,Ambati Rayudu,0,True,5.0,5,Delhi,Feroz Shah Kotla,False,True,16,2,2.6666666666666665,21,7.875,20,148,127,17.333333333333332,7.3269230769230775,1,9
2.5,2,5,17,Ishant Sharma,Suresh Raina,1,False,-0.5,5,Delhi,Feroz Shah Kotla,False,True,17,2,2.8333333333333335,22,7.764705882352941,20,148,126,17.166666666666668,7.339805825242718,1,9
2.6,2,6,18,Ishant Sharma,Shane Watson,1,False,-0.5,5,Delhi,Feroz Shah Kotla,False,True,18,2,3.0,23,7.666666666666667,20,148,125,17.0,7.352941176470588,1,9
3.1,3,1,19,Kagiso Rabada,Shane Watson,0,False,1.0,5,Delhi,Feroz Shah Kotla,False,True,19,3,3.1666666666666665,23,7.2631578947368425,20,148,125,16.833333333333332,7.425742574257426,1,9
3.2,3,2,20,N/A,N/A,0,False,0.0,5,Delhi,Feroz Shah Kotla,False,True,20,3,3.3333333333333335,23,6.8999999999999995,20,148,125,16.666666666666668,7.499999999999999,1,9
3.3,3,3,21,Kagiso Rabada,Shane Watson,0,False,1.0,5,Delhi,Feroz Shah Kotla,False,True,21,3,3.5,23,6.571428571428571,20,148,125,16.5,7.575757575757576,1,9
3.4,3,4,22,Kagiso Rabada,Shane Watson,0,False,1.0,5,Delhi,Feroz Shah Kotla,False,True,22,3,3.6666666666666665,23,6.272727272727273,20,148,125,16.333333333333332,7.653061224489797,1,9
3.5,3,5,23,Kagiso Rabada,Shane Watson,4,False,-2.0,5,Delhi,Feroz Shah Kotla,False,True,23,3,3.8333333333333335,27,7.0434782608695645,20,148,121,16.166666666666668,7.484536082474226,1,9
3.6,3,6,24,Kagiso Rabada,Shane Watson,6,False,-3.0,5,Delhi,Feroz Shah Kotla,False,True,24,3,4.0,33,8.25,20,148,115,16.0,7.1875,1,9
4.1,4,1,25,Ishant Sharma,Suresh Raina,4,False,-0.25,5,Delhi,Feroz Shah Kotla,False,True,25,4,4.166666666666667,37,8.879999999999999,20,148,111,15.833333333333332,7.010526315789474,1,9
4.2,4,2,26,Ishant Sharma,Suresh Raina,1,False,-0.5,5,Delhi,Feroz Shah Kotla,False,True,26,4,4.333333333333333,38,8.76923076923077,20,148,110,15.666666666666668,7.0212765957446805,1,9
4.3,4,3,27,Ishant Sharma,Shane Watson,1,False,-0.5,5,Delhi,Feroz Shah Kotla,False,True,27,4,4.5,39,8.666666666666666,20,148,109,15.5,7.032258064516129,1,9
4.4,4,4,28,Ishant Sharma,Suresh Raina,4,False,-2.0,5,Delhi,Feroz Shah Kotla,False,True,28,4,4.666666666666667,43,9.214285714285714,20,148,105,15.333333333333332,6.847826086956522,1,9
4.5,4,5,29,Ishant Sharma,Suresh Raina,4,False,-2.0,5,Delhi,Feroz Shah Kotla,False,True,29,4,4.833333333333333,47,9.724137931034484,20,148,101,15.166666666666668,6.659340659340659,1,9
4.6,4,6,30,Ishant Sharma,Suresh Raina,4,False,-2.0,5,Delhi,Feroz Shah Kotla,False,True,30,4,5.0,51,10.2,20,148,97,15.0,6.466666666666667,1,9
5.1,5,1,31,Kagiso Rabada,Shane Watson,1,False,-0.5,5,Delhi,Feroz Shah Kotla,False,True,31,5,5.166666666666667,52,10.064516129032258,20,148,96,14.833333333333332,6.471910112359551,1,9
5.2,5,2,32,Kagiso Rabada,Suresh Raina,4,False,-2.0,5,Delhi,Feroz Shah Kotla,False,True,32,5,5.333333333333333,56,10.5,20,148,92,14.666666666666668,6.2727272727272725,1,9
5.3,5,3,33,Kagiso Rabada,Suresh Raina,0,False,1.0,5,Delhi,Feroz Shah Kotla,False,True,33,5,5.5,56,10.181818181818182,20,148,92,14.5,6.344827586206897,1,9
5.4,5,4,34,Kagiso Rabada,Suresh Raina,1,False,-0.5,5,Delhi,Feroz Shah Kotla,False,True,34,5,5.666666666666667,57,10.058823529411764,20,148,91,14.333333333333332,6.348837209302326,1,9
5.5,5,5,35,Kagiso Rabada,Shane Watson,0,False,1.0,5,Delhi,Feroz Shah Kotla,False,True,35,5,5.833333333333333,57,9.771428571428572,20,148,91,14.166666666666668,6.423529411764705,1,9
5.6,5,6,36,Kagiso Rabada,Shane Watson,1,False,-0.5,5,Delhi,Feroz Shah Kotla,False,True,36,5,6.0,58,9.666666666666666,20,148,90,14.0,6.428571428571429,1,9
6.1,6,1,37,Amit Mishra,Shane Watson,2,False,-1.0,5,Delhi,Feroz Shah Kotla,False,True,37,6,6.166666666666667,60,9.72972972972973,20,148,88,13.833333333333332,6.361445783132531,1,9
6.2,6,2,38,Amit Mishra,Shane Watson,6,False,-3.0,5,Delhi,Feroz Shah Kotla,False,True,38,6,6.333333333333333,66,10.421052631578949,20,148,82,13.666666666666668,5.999999999999999,1,9
6.3,6,3,39,Amit Mishra,Shane Watson,0,False,1.0,5,Delhi,Feroz Shah Kotla,False,True,39,6,6.5,66,10.153846153846153,20,148,82,13.5,6.074074074074074,1,9
6.4,6,4,40,Amit Mishra,Shane Watson,6,False,-3.0,5,Delhi,Feroz Shah Kotla,False,True,40,6,6.666666666666667,72,10.799999999999999,20,148,76,13.333333333333332,5.7,1,9
6.5,6,5,41,Amit Mishra,Shane Watson,0,True,5.0,5,Delhi,Feroz Shah Kotla,True,False,40,6,6.666666666666667,72,10.799999999999999,20,148,76,13.333333333333332,5.7,2,8
6.5,6,5,42,Amit Mishra,Kedar Jadhav,0,False,1.0,5,Delhi,Feroz Shah Kotla,False,True,41,6,6.833333333333333,72,10.536585365853659,20,148,76,13.166666666666668,5.772151898734177,2,8
6.6,6,6,43,Amit Mishra,Kedar Jadhav,0,False,1.0,5,Delhi,Feroz Shah Kotla,False,True,42,6,7.0,72,10.285714285714286,20,148,76,13.0,5.846153846153846,2,8
7.1,7,1,44,Rahul Tewatia,Suresh Raina,1,False,-0.5,5,Delhi,Feroz Shah Kotla,False,True,43,7,7.166666666666667,73,10.186046511627907,20,148,75,12.833333333333332,5.8441558441558445,2,8
7.2,7,2,45,Rahul Tewatia,Kedar Jadhav,4,False,-2.0,5,Delhi,Feroz Shah Kotla,False,True,44,7,7.333333333333333,77,10.5,20,148,71,12.666666666666668,5.605263157894736,2,8
7.3,7,3,46,Rahul Tewatia,Kedar Jadhav,0,False,1.0,5,Delhi,Feroz Shah Kotla,False,True,45,7,7.5,77,10.266666666666667,20,148,71,12.5,5.68,2,8
7.4,7,4,47,Rahul Tewatia,Kedar Jadhav,1,False,-0.5,5,Delhi,Feroz Shah Kotla,False,True,46,7,7.666666666666667,78,10.17391304347826,20,148,70,12.333333333333332,5.675675675675676,2,8
7.5,7,5,48,Rahul Tewatia,Suresh Raina,1,False,-0.5,5,Delhi,Feroz Shah Kotla,False,True,47,7,7.833333333333333,79,10.085106382978724,20,148,69,12.166666666666668,5.671232876712328,2,8
7.6,7,6,49,Rahul Tewatia,Kedar Jadhav,1,False,-0.5,5,Delhi,Feroz Shah Kotla,False,True,48,7,8.0,80,10.0,20,148,68,12.0,5.666666666666667,2,8
8.1,8,1,50,Amit Mishra,Kedar Jadhav,0,False,1.0,5,Delhi,Feroz Shah Kotla,False,True,49,8,8.166666666666666,80,9.795918367346939,20,148,68,11.833333333333334,5.746478873239436,2,8
8.2,8,2,51,Amit Mishra,Kedar Jadhav,1,False,-0.5,5,Delhi,Feroz Shah Kotla,False,True,50,8,8.333333333333334,81,9.719999999999999,20,148,67,11.666666666666666,5.742857142857143,2,8
8.3,8,3,52,Amit Mishra,Suresh Raina,1,False,-0.5,5,Delhi,Feroz Shah Kotla,False,True,51,8,8.5,82,9.647058823529411,20,148,66,11.5,5.739130434782608,2,8
8.4,8,4,53,Amit Mishra,Kedar Jadhav,1,False,-0.5,5,Delhi,Feroz Shah Kotla,False,True,52,8,8.666666666666666,83,9.576923076923078,20,148,65,11.333333333333334,5.735294117647059,2,8
8.5,8,5,54,Amit Mishra,Suresh Raina,1,False,-0.5,5,Delhi,Feroz Shah Kotla,False,True,53,8,8.833333333333334,84,9.50943396226415,20,148,64,11.166666666666666,5.73134328358209,2,8
8.6,8,6,55,Amit Mishra,Kedar Jadhav,0,False,1.0,5,Delhi,Feroz Shah Kotla,False,True,54,8,9.0,84,9.333333333333334,20,148,64,11.0,5.818181818181818,2,8
9.1,9,1,56,Rahul Tewatia,Suresh Raina,6,False,-3.0,5,Delhi,Feroz Shah Kotla,False,True,55,9,9.166666666666666,90,9.818181818181818,20,148,58,10.833333333333334,5.3538461538461535,2,8
9.2,9,2,57,Rahul Tewatia,Suresh Raina,1,False,-0.5,5,Delhi,Feroz Shah Kotla,False,True,56,9,9.333333333333334,91,9.75,20,148,57,10.666666666666666,5.34375,2,8
9.3,9,3,58,Rahul Tewatia,Kedar Jadhav,0,False,1.0,5,Delhi,Feroz Shah Kotla,False,True,57,9,9.5,91,9.578947368421053,20,148,57,10.5,5.428571428571429,2,8
9.4,9,4,59,Rahul Tewatia,Kedar Jadhav,4,False,-2.0,5,Delhi,Feroz Shah Kotla,False,True,58,9,9.666666666666666,95,9.827586206896552,20,148,53,10.333333333333334,5.129032258064516,2,8
9.5,9,5,60,Rahul Tewatia,Kedar Jadhav,0,False,1.0,5,Delhi,Feroz Shah Kotla,False,True,59,9,9.833333333333334,95,9.661016949152541,20,148,53,10.166666666666666,5.213114754098361,2,8
9.6,9,6,61,Rahul Tewatia,Kedar Jadhav,1,False,-0.5,5,Delhi,Feroz Shah Kotla,False,True,60,9,10.0,96,9.6,20,148,52,10.0,5.2,2,8
10.1,10,1,62,Amit Mishra,Kedar Jadhav,1,False,-0.5,5,Delhi,Feroz Shah Kotla,False,True,61,10,10.166666666666666,97,9.540983606557377,20,148,51,9.833333333333334,5.186440677966101,2,8
10.2,10,2,63,Amit Mishra,Suresh Raina,0,True,5.0,5,Delhi,Feroz Shah Kotla,False,True,62,10,10.333333333333334,97,9.387096774193548,20,148,51,9.666666666666666,5.275862068965518,3,7
10.3,10,3,64,Amit Mishra,MS Dhoni,4,False,-2.0,5,Delhi,Feroz Shah Kotla,False,True,63,10,10.5,101,9.619047619047619,20,148,47,9.5,4.947368421052632,3,7
10.4,10,4,65,Amit Mishra,MS Dhoni,1,False,-0.25,5,Delhi,Feroz Shah Kotla,False,True,64,10,10.666666666666666,102,9.5625,20,148,46,9.333333333333334,4.928571428571428,3,7
10.5,10,5,66,Amit Mishra,Kedar Jadhav,1,False,-0.5,5,Delhi,Feroz Shah Kotla,False,True,65,10,10.833333333333334,103,9.507692307692308,20,148,45,9.166666666666666,4.909090909090909,3,7
10.6,10,6,67,Amit Mishra,MS Dhoni,1,False,-0.5,5,Delhi,Feroz Shah Kotla,False,True,66,10,11.0,104,9.454545454545455,20,148,44,9.0,4.888888888888889,3,7
11.1,11,1,68,Keemo Paul,MS Dhoni,0,False,1.0,5,Delhi,Feroz Shah Kotla,False,True,67,11,11.166666666666666,104,9.313432835820896,20,148,44,8.833333333333334,4.981132075471698,3,7
11.2,11,2,69,Keemo Paul,MS Dhoni,1,False,-0.5,5,Delhi,Feroz Shah Kotla,False,True,68,11,11.333333333333334,105,9.26470588235294,20,148,43,8.666666666666666,4.961538461538462,3,7
11.3,11,3,70,Keemo Paul,Kedar Jadhav,0,False,1.0,5,Delhi,Feroz Shah Kotla,False,True,69,11,11.5,105,9.130434782608695,20,148,43,8.5,5.0588235294117645,3,7
11.4,11,4,71,Keemo Paul,Kedar Jadhav,1,False,-0.5,5,Delhi,Feroz Shah Kotla,False,True,70,11,11.666666666666666,106,9.085714285714285,20,148,42,8.333333333333334,5.04,3,7
11.5,11,5,72,Keemo Paul,MS Dhoni,0,False,1.0,5,Delhi,Feroz Shah Kotla,False,True,71,11,11.833333333333334,106,8.957746478873238,20,148,42,8.166666666666666,5.142857142857143,3,7
11.6,11,6,73,Keemo Paul,MS Dhoni,1,False,-0.5,5,Delhi,Feroz Shah Kotla,False,True,72,11,12.0,107,8.916666666666666,20,148,41,8.0,5.125,3,7
12.1,12,1,74,Axar Patel,MS Dhoni,2,False,-1.0,5,Delhi,Feroz Shah Kotla,False,True,73,12,12.166666666666666,109,8.958904109589042,20,148,39,7.833333333333334,4.978723404255319,3,7
12.2,12,2,75,Axar Patel,MS Dhoni,1,False,-0.5,5,Delhi,Feroz Shah Kotla,False,True,74,12,12.333333333333334,110,8.91891891891892,20,148,38,7.666666666666666,4.9565217391304355,3,7
12.3,12,3,76,Axar Patel,Kedar Jadhav,0,False,1.0,5,Delhi,Feroz Shah Kotla,False,True,75,12,12.5,110,8.8,20,148,38,7.5,5.066666666666666,3,7
12.4,12,4,77,Axar Patel,Kedar Jadhav,1,False,-0.5,5,Delhi,Feroz Shah Kotla,False,True,76,12,12.666666666666666,111,8.763157894736842,20,148,37,7.333333333333334,5.045454545454545,3,7
12.5,12,5,78,Axar Patel,MS Dhoni,0,False,1.0,5,Delhi,Feroz Shah Kotla,False,True,77,12,12.833333333333334,111,8.64935064935065,20,148,37,7.166666666666666,5.162790697674419,3,7
12.6,12,6,79,Axar Patel,MS Dhoni,0,False,1.0,5,Delhi,Feroz Shah Kotla,False,True,78,12,13.0,111,8.538461538461538,20,148,37,7.0,5.285714285714286,3,7
13.1,13,1,80,Keemo Paul,Kedar Jadhav,0,False,1.0,5,Delhi,Feroz Shah Kotla,False,True,79,13,13.166666666666666,111,8.430379746835444,20,148,37,6.833333333333334,5.414634146341463,3,7
13.2,13,2,81,Keemo Paul,Kedar Jadhav,0,False,1.0,5,Delhi,Feroz Shah Kotla,False,True,80,13,13.333333333333334,111,8.325,20,148,37,6.666666666666666,5.550000000000001,3,7
13.3,13,3,82,Keemo Paul,Kedar Jadhav,1,False,-0.5,5,Delhi,Feroz Shah Kotla,False,True,81,13,13.5,112,8.296296296296296,20,148,36,6.5,5.538461538461538,3,7
13.4,13,4,83,Keemo Paul,MS Dhoni,1,False,-0.5,5,Delhi,Feroz Shah Kotla,False,True,82,13,13.666666666666666,113,8.26829268292683,20,148,35,6.333333333333334,5.526315789473684,3,7
13.5,13,5,84,Keemo Paul,Kedar Jadhav,2,False,-1.0,5,Delhi,Feroz Shah Kotla,False,True,83,13,13.833333333333334,115,8.313253012048193,20,148,33,6.166666666666666,5.351351351351352,3,7
13.6,13,6,85,Keemo Paul,Kedar Jadhav,1,False,-1.0,5,Delhi,Feroz Shah Kotla,True,False,83,13,13.833333333333334,116,8.385542168674698,20,148,32,6.166666666666666,5.1891891891891895,3,7
13.6,13,6,86,Keemo Paul,Kedar Jadhav,1,False,-0.5,5,Delhi,Feroz Shah Kotla,False,True,84,13,14.0,117,8.357142857142858,20,148,31,6.0,5.166666666666667,3,7
14.1,14,1,87,Axar Patel,Kedar Jadhav,1,False,-0.5,5,Delhi,Feroz Shah Kotla,False,True,85,14,14.166666666666666,118,8.329411764705883,20,148,30,5.833333333333334,5.142857142857142,3,7
14.2,14,2,88,Axar Patel,MS Dhoni,0,False,1.0,5,Delhi,Feroz Shah Kotla,False,True,86,14,14.333333333333334,118,8.232558139534884,20,148,30,5.666666666666666,5.294117647058824,3,7
14.3,14,3,89,Axar Patel,MS Dhoni,0,False,1.0,5,Delhi,Feroz Shah Kotla,False,True,87,14,14.5,118,8.137931034482758,20,148,30,5.5,5.454545454545454,3,7
14.4,14,4,90,Axar Patel,MS Dhoni,0,False,1.0,5,Delhi,Feroz Shah Kotla,False,True,88,14,14.666666666666666,118,8.045454545454545,20,148,30,5.333333333333334,5.624999999999999,3,7
14.5,14,5,91,Axar Patel,MS Dhoni,0,False,1.0,5,Delhi,Feroz Shah Kotla,False,True,89,14,14.833333333333334,118,7.955056179775281,20,148,30,5.166666666666666,5.806451612903227,3,7
14.6,14,6,92,Axar Patel,MS Dhoni,1,False,-0.5,5,Delhi,Feroz Shah Kotla,False,True,90,14,15.0,119,7.933333333333334,20,148,29,5.0,5.8,3,7
15.1,15,1,93,Kagiso Rabada,MS Dhoni,1,False,-0.5,5,Delhi,Feroz Shah Kotla,False,True,91,15,15.166666666666666,120,7.912087912087912,20,148,28,4.833333333333334,5.793103448275861,3,7
15.2,15,2,94,Kagiso Rabada,Kedar Jadhav,1,False,-0.5,5,Delhi,Feroz Shah Kotla,False,True,92,15,15.333333333333334,121,7.891304347826087,20,148,27,4.666666666666666,5.7857142857142865,3,7
15.3,15,3,95,Kagiso Rabada,MS Dhoni,1,False,-0.5,5,Delhi,Feroz Shah Kotla,False,True,93,15,15.5,122,7.870967741935484,20,148,26,4.5,5.777777777777778,3,7
15.4,15,4,96,Kagiso Rabada,Kedar Jadhav,1,False,-0.5,5,Delhi,Feroz Shah Kotla,False,True,94,15,15.666666666666666,123,7.851063829787234,20,148,25,4.333333333333334,5.769230769230768,3,7
15.5,15,5,97,Kagiso Rabada,MS Dhoni,0,False,1.0,5,Delhi,Feroz Shah Kotla,False,True,95,15,15.833333333333334,123,7.768421052631578,20,148,25,4.166666666666666,6.000000000000001,3,7
15.6,15,6,98,Kagiso Rabada,MS Dhoni,1,False,-0.5,5,Delhi,Feroz Shah Kotla,False,True,96,15,16.0,124,7.75,20,148,24,4.0,6.0,3,7
16.1,16,1,99,Axar Patel,MS Dhoni,0,False,1.0,5,Delhi,Feroz Shah Kotla,False,True,97,16,16.166666666666668,124,7.6701030927835046,20,148,24,3.833333333333332,6.260869565217393,3,7
16.2,16,2,100,Axar Patel,MS Dhoni,0,False,1.0,5,Delhi,Feroz Shah Kotla,False,True,98,16,16.333333333333332,124,7.591836734693878,20,148,24,3.666666666666668,6.545454545454543,3,7
16.3,16,3,101,Axar Patel,MS Dhoni,0,False,1.0,5,Delhi,Feroz Shah Kotla,False,True,99,16,16.5,124,7.515151515151516,20,148,24,3.5,6.857142857142857,3,7
16.4,16,4,102,Axar Patel,MS Dhoni,0,False,1.0,5,Delhi,Feroz Shah Kotla,False,True,100,16,16.666666666666668,124,7.4399999999999995,20,148,24,3.333333333333332,7.200000000000003,3,7
16.5,16,5,103,Axar Patel,MS Dhoni,0,False,1.0,5,Delhi,Feroz Shah Kotla,False,True,101,16,16.833333333333332,124,7.366336633663367,20,148,24,3.166666666666668,7.5789473684210495,3,7
16.6,16,6,104,Axar Patel,MS Dhoni,1,False,-0.5,5,Delhi,Feroz Shah Kotla,False,True,102,16,17.0,125,7.352941176470588,20,148,23,3.0,7.666666666666667,3,7
17.1,17,1,105,Keemo Paul,MS Dhoni,2,False,-1.0,5,Delhi,Feroz Shah Kotla,False,True,103,17,17.166666666666668,127,7.398058252427184,20,148,21,2.833333333333332,7.411764705882356,3,7
17.2,17,2,106,Keemo Paul,MS Dhoni,1,False,-0.5,5,Delhi,Feroz Shah Kotla,False,True,104,17,17.333333333333332,128,7.384615384615385,20,148,20,2.666666666666668,7.4999999999999964,3,7
17.3,17,3,107,Keemo Paul,Kedar Jadhav,1,False,-0.5,5,Delhi,Feroz Shah Kotla,False,True,105,17,17.5,129,7.371428571428571,20,148,19,2.5,7.6,3,7
17.4,17,4,108,Keemo Paul,MS Dhoni,1,False,-1.0,5,Delhi,Feroz Shah Kotla,True,False,105,17,17.5,130,7.428571428571429,20,148,18,2.5,7.2,3,7
17.4,17,4,109,Keemo Paul,MS Dhoni,0,False,1.0,5,Delhi,Feroz Shah Kotla,False,True,106,17,17.666666666666668,130,7.3584905660377355,20,148,18,2.333333333333332,7.714285714285718,3,7
17.5,17,5,110,Keemo Paul,MS Dhoni,4,False,-2.0,5,Delhi,Feroz Shah Kotla,False,True,107,17,17.833333333333332,134,7.514018691588785,20,148,14,2.166666666666668,6.461538461538458,3,7
17.6,17,6,111,Keemo Paul,MS Dhoni,2,False,-1.0,5,Delhi,Feroz Shah Kotla,False,True,108,17,18.0,136,7.555555555555555,20,148,12,2.0,6.0,3,7
18.1,18,1,112,Amit Mishra,Kedar Jadhav,0,False,1.0,5,Delhi,Feroz Shah Kotla,False,True,109,18,18.166666666666668,136,7.486238532110091,20,148,12,1.8333333333333321,6.545454545454549,3,7
18.2,18,2,113,Amit Mishra,Kedar Jadhav,1,False,-0.5,5,Delhi,Feroz Shah Kotla,False,True,110,18,18.333333333333332,137,7.4727272727272736,20,148,11,1.6666666666666679,6.599999999999995,3,7
18.3,18,3,114,Amit Mishra,MS Dhoni,1,False,-0.5,5,Delhi,Feroz Shah Kotla,False,True,111,18,18.5,138,7.45945945945946,20,148,10,1.5,6.666666666666667,3,7
18.4,18,4,115,Amit Mishra,Kedar Jadhav,1,False,-0.5,5,Delhi,Feroz Shah Kotla,False,True,112,18,18.666666666666668,139,7.446428571428571,20,148,9,1.3333333333333321,6.750000000000006,3,7
18.5,18,5,116,Amit Mishra,MS Dhoni,6,False,-3.0,5,Delhi,Feroz Shah Kotla,False,True,113,18,18.833333333333332,145,7.6991150442477885,20,148,3,1.1666666666666679,2.571428571428569,3,7
18.6,18,6,117,Amit Mishra,MS Dhoni,0,False,1.0,5,Delhi,Feroz Shah Kotla,False,True,114,18,19.0,145,7.631578947368421,20,148,3,1.0,3.0,3,7
19.1,19,1,118,Kagiso Rabada,Kedar Jadhav,0,True,5.0,5,Delhi,Feroz Shah Kotla,False,True,115,19,19.166666666666668,145,7.565217391304348,20,148,3,0.8333333333333321,3.600000000000005,4,6
19.2,19,2,119,Kagiso Rabada,Dwayne Bravo,0,False,1.0,5,Delhi,Feroz Shah Kotla,False,True,116,19,19.333333333333332,145,7.500000000000001,20,148,3,0.6666666666666679,4.499999999999992,4,6
19.3,19,3,120,Kagiso Rabada,Dwayne Bravo,0,False,1.0,5,Delhi,Feroz Shah Kotla,False,True,117,19,19.5,145,7.435897435897436,20,148,3,0.5,6.0,4,6
19.4,19,4,121,Kagiso Rabada,Dwayne Bravo,4,False,-2.0,5,Delhi,Feroz Shah Kotla,False,True,118,19,19.666666666666668,149,7.576271186440677,20,148,0,0.33333333333333215,0.0,4,6
