Ball Number,over,ball,Ball,bowler,batsman,Runs,is_wicket,bowler_score,match_id,city,stadium,is_extra,legal_delivery,legal_deliveries_count,overs_completed,overs_bowled,total_runs,current_run_rate,total_overs,target,runs_needed,overs_remaining,required_run_rate,wickets_fallen,wickets_in_hand
0.1,0,1,1,Mitchell McClenaghan,Parthiv Patel,1,False,-0.5,7,Bangalore,M Chinnaswamy Stadium,False,True,1,0,0.16666666666666666,1,6.0,20,188,187,19.833333333333332,9.428571428571429,0,10
0.2,0,2,2,Mitchell McClenaghan,Moeen Ali,0,False,1.0,7,Bangalore,M Chinnaswamy Stadium,False,True,2,0,0.3333333333333333,1,3.0,20,188,187,19.666666666666668,9.508474576271185,0,10
0.3,0,3,3,Mitchell McClenaghan,Moeen Ali,1,False,-0.5,7,Bangalore,M Chinnaswamy Stadium,False,True,3,0,0.5,2,4.0,20,188,186,19.5,9.538461538461538,0,10
0.4,0,4,4,Mitchell McClenaghan,Parthiv Patel,4,False,-2.0,7,Bangalore,M Chinnaswamy Stadium,False,True,4,0,0.6666666666666666,6,9.0,20,188,182,19.333333333333332,9.413793103448276,0,10
0.5,0,5,5,Mitchell McClenaghan,Parthiv Patel,0,False,1.0,7,Bangalore,M Chinnaswamy Stadium,False,True,5,0,0.8333333333333334,6,7.199999999999999,20,188,182,19.166666666666668,9.495652173913044,0,10
0.6,0,6,6,Mitchell McClenaghan,Parthiv Patel,1,False,-0.5,7,Bangalore,M Chinnaswamy Stadium,False,True,6,0,1.0,7,7.0,20,188,181,19.0,9.526315789473685,0,10
1.1,1,1,7,Lasith Malinga,Parthiv Patel,1,False,-0.5,7,Bangalore,M Chinnaswamy Stadium,False,True,7,1,1.1666666666666667,8,6.857142857142857,20,188,180,18.833333333333332,9.557522123893806,0,10
1.2,1,2,8,Lasith Malinga,Moeen Ali,0,False,1.0,7,Bangalore,M Chinnaswamy Stadium,False,True,8,1,1.3333333333333333,8,6.0,20,188,180,18.666666666666668,9.642857142857142,0,10
1.3,1,3,9,Lasith Malinga,Moeen Ali,1,False,-0.5,7,Bangalore,M Chinnaswamy Stadium,False,True,9,1,1.5,9,6.0,20,188,179,18.5,9.675675675675675,0,10
1.4,1,4,10,Lasith Malinga,Parthiv Patel,0,False,1.0,7,Bangalore,M Chinnaswamy Stadium,False,True,10,1,1.6666666666666665,9,5.4,20,188,179,18.333333333333332,9.763636363636364,0,10
1.5,1,5,11,Lasith Malinga,Parthiv Patel,0,False,1.0,7,Bangalore,M Chinnaswamy Stadium,False,True,11,1,1.8333333333333335,9,4.909090909090908,20,188,179,18.166666666666668,9.853211009174311,0,10
1.6,1,6,12,Lasith Malinga,Parthiv Patel,1,False,-0.5,7,Bangalore,M Chinnaswamy Stadium,False,True,12,1,2.0,10,5.0,20,188,178,18.0,9.88888888888889,0,10
2.1,2,1,13,Mitchell McClenaghan,Parthiv Patel,1,False,-0.5,7,Bangalore,M Chinnaswamy Stadium,False,True,13,2,2.1666666666666665,11,5.0769230769230775,20,188,177,17.833333333333332,9.925233644859814,0,10
2.2,2,2,14,Mitchell McClenaghan,Moeen Ali,1,False,-0.5,7,Bangalore,M Chinnaswamy Stadium,False,True,14,2,2.3333333333333335,12,5.142857142857142,20,188,176,17.666666666666668,9.962264150943396,0,10
2.3,2,3,15,Mitchell McClenaghan,Parthiv Patel,4,False,-2.0,7,Bangalore,M Chinnaswamy Stadium,False,True,15,2,2.5,16,6.4,20,188,172,17.5,9.82857142857143,0,10
2.4,2,4,16,Mitchell McClenaghan,Parthiv Patel,1,False,-0.5,7,Bangalore,M Chinnaswamy Stadium,False,True,16,2,2.6666666666666665,17,6.375,20,188,171,17.333333333333332,9.865384615384617,0,10
2.5,2,5,17,Mitchell McClenaghan,Moeen Ali,4,False,-2.0,7,Bangalore,M Chinnaswamy Stadium,False,True,17,2,2.8333333333333335,21,7.411764705882352,20,188,167,17.166666666666668,9.728155339805825,0,10
2.6,2,6,18,Mitchell McClenaghan,Moeen Ali,6,False,-3.0,7,Bangalore,M Chinnaswamy Stadium,False,True,18,2,3.0,27,9.0,20,188,161,17.0,9.470588235294118,0,10
3.1,3,1,19,Jasprit Bumrah,Parthiv Patel,0,False,1.0,7,Bangalore,M Chinnaswamy Stadium,False,True,19,3,3.1666666666666665,27,8.526315789473685,20,188,161,16.833333333333332,9.564356435643566,0,10
3.2,3,2,20,Jasprit Bumrah,Parthiv Patel,0,True,5.0,7,Bangalore,M Chinnaswamy Stadium,False,True,20,3,3.3333333333333335,27,8.1,20,188,161,16.666666666666668,9.66,1,9
3.3,3,3,21,Jasprit Bumrah,Virat Kohli,0,False,1.0,7,Bangalore,M Chinnaswamy Stadium,False,True,21,3,3.5,27,7.714285714285714,20,188,161,16.5,9.757575757575758,1,9
3.4,3,4,22,Jasprit Bumrah,Virat Kohli,4,False,-2.0,7,Bangalore,M Chinnaswamy Stadium,False,True,22,3,3.6666666666666665,31,8.454545454545455,20,188,157,16.333333333333332,9.612244897959185,1,9
3.5,3,5,23,Jasprit Bumrah,Virat Kohli,4,False,-2.0,7,Bangalore,M Chinnaswamy Stadium,False,True,23,3,3.8333333333333335,35,9.130434782608695,20,188,153,16.166666666666668,9.463917525773196,1,9
3.6,3,6,24,Jasprit Bumrah,Virat Kohli,4,False,-2.0,7,Bangalore,M Chinnaswamy Stadium,False,True,24,3,4.0,39,9.75,20,188,149,16.0,9.3125,1,9
4.1,4,1,25,Hardik Pandya,Parthiv Patel,1,False,-0.5,7,Bangalore,M Chinnaswamy Stadium,False,True,25,4,4.166666666666667,40,9.6,20,188,148,15.833333333333332,9.347368421052632,1,9
4.2,4,2,26,Hardik Pandya,Virat Kohli,0,False,1.0,7,Bangalore,M Chinnaswamy Stadium,False,True,26,4,4.333333333333333,40,9.230769230769232,20,188,148,15.666666666666668,9.446808510638297,1,9
4.3,4,3,27,Hardik Pandya,Virat Kohli,0,False,1.0,7,Bangalore,M Chinnaswamy Stadium,False,True,27,4,4.5,40,8.88888888888889,20,188,148,15.5,9.548387096774194,1,9
4.4,4,4,28,Hardik Pandya,Virat Kohli,0,False,1.0,7,Bangalore,M Chinnaswamy Stadium,False,True,28,4,4.666666666666667,40,8.571428571428571,20,188,148,15.333333333333332,9.652173913043478,1,9
4.5,4,5,29,Hardik Pandya,Virat Kohli,4,False,-2.0,7,Bangalore,M Chinnaswamy Stadium,False,True,29,4,4.833333333333333,44,9.10344827586207,20,188,144,15.166666666666668,9.494505494505495,1,9
4.6,4,6,30,Hardik Pandya,Virat Kohli,4,False,-2.0,7,Bangalore,M Chinnaswamy Stadium,False,True,30,4,5.0,48,9.6,20,188,140,15.0,9.333333333333334,1,9
5.1,5,1,31,Krunal Pandya,Parthiv Patel,4,False,-2.0,7,Bangalore,M Chinnaswamy Stadium,False,True,31,5,5.166666666666667,52,10.064516129032258,20,188,136,14.833333333333332,9.168539325842698,1,9
5.2,5,2,32,Krunal Pandya,Parthiv Patel,6,False,-3.0,7,Bangalore,M Chinnaswamy Stadium,False,True,32,5,5.333333333333333,58,10.875,20,188,130,14.666666666666668,8.863636363636363,1,9
5.3,5,3,33,Krunal Pandya,Parthiv Patel,1,False,-0.5,7,Bangalore,M Chinnaswamy Stadium,False,True,33,5,5.5,59,10.727272727272727,20,188,129,14.5,8.89655172413793,1,9
5.4,5,4,34,Krunal Pandya,Virat Kohli,1,False,-0.5,7,Bangalore,M Chinnaswamy Stadium,False,True,34,5,5.666666666666667,60,10.588235294117647,20,188,128,14.333333333333332,8.930232558139535,1,9
5.5,5,5,35,Krunal Pandya,Parthiv Patel,0,False,1.0,7,Bangalore,M Chinnaswamy Stadium,False,True,35,5,5.833333333333333,60,10.285714285714286,20,188,128,14.166666666666668,9.035294117647059,1,9
5.6,5,6,36,Krunal Pandya,Parthiv Patel,0,False,1.0,7,Bangalore,M Chinnaswamy Stadium,False,True,36,5,6.0,60,10.0,20,188,128,14.0,9.142857142857142,1,9
6.1,6,1,37,Mayank Markande,Virat Kohli,1,False,-0.5,7,Bangalore,M Chinnaswamy Stadium,False,True,37,6,6.166666666666667,61,9.891891891891891,20,188,127,13.833333333333332,9.180722891566266,1,9
6.2,6,2,38,Mayank Markande,Parthiv Patel,4,False,-2.0,7,Bangalore,M Chinnaswamy Stadium,False,True,38,6,6.333333333333333,65,10.263157894736842,20,188,123,13.666666666666668,9.0,1,9
6.3,6,3,39,Mayank Markande,Parthiv Patel,1,False,-0.5,7,Bangalore,M Chinnaswamy Stadium,False,True,39,6,6.5,66,10.153846153846153,20,188,122,13.5,9.037037037037036,1,9
6.4,6,4,40,Mayank Markande,Virat Kohli,1,False,-0.5,7,Bangalore,M Chinnaswamy Stadium,False,True,40,6,6.666666666666667,67,10.049999999999999,20,188,121,13.333333333333332,9.075000000000001,1,9
6.5,6,5,41,Mayank Markande,Parthiv Patel,0,True,5.0,7,Bangalore,M Chinnaswamy Stadium,False,True,41,6,6.833333333333333,67,9.804878048780488,20,188,121,13.166666666666668,9.189873417721518,2,8
6.6,6,6,42,Mayank Markande,de Villiers,0,False,1.0,7,Bangalore,M Chinnaswamy Stadium,False,True,42,6,7.0,67,9.571428571428571,20,188,121,13.0,9.307692307692308,2,8
7.1,7,1,43,Krunal Pandya,Virat Kohli,1,False,-0.5,7,Bangalore,M Chinnaswamy Stadium,False,True,43,7,7.166666666666667,68,9.488372093023255,20,188,120,12.833333333333332,9.350649350649352,2,8
7.2,7,2,44,Krunal Pandya,de Villiers,0,False,1.0,7,Bangalore,M Chinnaswamy Stadium,False,True,44,7,7.333333333333333,68,9.272727272727273,20,188,120,12.666666666666668,9.473684210526315,2,8
7.3,7,3,45,Krunal Pandya,de Villiers,1,False,-0.5,7,Bangalore,M Chinnaswamy Stadium,False,True,45,7,7.5,69,9.2,20,188,119,12.5,9.52,2,8
7.4,7,4,46,Krunal Pandya,Virat Kohli,1,False,-0.5,7,Bangalore,M Chinnaswamy Stadium,False,True,46,7,7.666666666666667,70,9.130434782608695,20,188,118,12.333333333333332,9.567567567567568,2,8
7.5,7,5,47,Krunal Pandya,de Villiers,1,False,-0.5,7,Bangalore,M Chinnaswamy Stadium,False,True,47,7,7.833333333333333,71,9.063829787234043,20,188,117,12.166666666666668,9.616438356164382,2,8
7.6,7,6,48,Krunal Pandya,Virat Kohli,1,False,-0.5,7,Bangalore,M Chinnaswamy Stadium,False,True,48,7,8.0,72,9.0,20,188,116,12.0,9.666666666666666,2,8
8.1,8,1,49,Mayank Markande,Virat Kohli,1,False,-0.5,7,Bangalore,M Chinnaswamy Stadium,False,True,49,8,8.166666666666666,73,8.938775510204083,20,188,115,11.833333333333334,9.71830985915493,2,8
8.2,8,2,50,Mayank Markande,de Villiers,1,False,-0.5,7,Bangalore,M Chinnaswamy Stadium,False,True,50,8,8.333333333333334,74,8.879999999999999,20,188,114,11.666666666666666,9.771428571428572,2,8
8.3,8,3,51,Mayank Markande,Virat Kohli,1,False,-0.5,7,Bangalore,M Chinnaswamy Stadium,False,True,51,8,8.5,75,8.823529411764707,20,188,113,11.5,9.826086956521738,2,8
8.4,8,4,52,Mayank Markande,de Villiers,0,False,1.0,7,Bangalore,M Chinnaswamy Stadium,False,True,52,8,8.666666666666666,75,8.653846153846155,20,188,113,11.333333333333334,9.970588235294118,2,8
8.5,8,5,53,Mayank Markande,de Villiers,0,False,1.0,7,Bangalore,M Chinnaswamy Stadium,False,True,53,8,8.833333333333334,75,8.490566037735848,20,188,113,11.166666666666666,10.119402985074627,2,8
8.6,8,6,54,Mayank Markande,de Villiers,0,False,1.0,7,Bangalore,M Chinnaswamy Stadium,False,True,54,8,9.0,75,8.333333333333334,20,188,113,11.0,10.272727272727273,2,8
9.1,9,1,55,Krunal Pandya,Virat Kohli,1,False,-0.5,7,Bangalore,M Chinnaswamy Stadium,False,True,55,9,9.166666666666666,76,8.290909090909091,20,188,112,10.833333333333334,10.338461538461537,2,8
9.2,9,2,56,Krunal Pandya,de Villiers,1,False,-0.5,7,Bangalore,M Chinnaswamy Stadium,False,True,56,9,9.333333333333334,77,8.25,20,188,111,10.666666666666666,10.40625,2,8
9.3,9,3,57,Krunal Pandya,Virat Kohli,1,False,-0.5,7,Bangalore,M Chinnaswamy Stadium,False,True,57,9,9.5,78,8.210526315789474,20,188,110,10.5,10.476190476190476,2,8
9.4,9,4,58,Krunal Pandya,de Villiers,2,False,-1.0,7,Bangalore,M Chinnaswamy Stadium,False,True,58,9,9.666666666666666,80,8.275862068965518,20,188,108,10.333333333333334,10.451612903225806,2,8
9.5,9,5,59,Krunal Pandya,de Villiers,1,False,-0.5,7,Bangalore,M Chinnaswamy Stadium,False,True,59,9,9.833333333333334,81,8.23728813559322,20,188,107,10.166666666666666,10.524590163934427,2,8
9.6,9,6,60,Krunal Pandya,Virat Kohli,1,False,-0.5,7,Bangalore,M Chinnaswamy Stadium,False,True,60,9,10.0,82,8.2,20,188,106,10.0,10.6,2,8
10.1,10,1,61,Mayank Markande,Virat Kohli,4,False,-2.0,7,Bangalore,M Chinnaswamy Stadium,False,True,61,10,10.166666666666666,86,8.459016393442623,20,188,102,9.833333333333334,10.372881355932202,2,8
10.2,10,2,62,Mayank Markande,Virat Kohli,1,False,-0.5,7,Bangalore,M Chinnaswamy Stadium,False,True,62,10,10.333333333333334,87,8.419354838709676,20,188,101,9.666666666666666,10.448275862068966,2,8
10.3,10,3,63,Mayank Markande,de Villiers,0,False,1.0,7,Bangalore,M Chinnaswamy Stadium,False,True,63,10,10.5,87,8.285714285714286,20,188,101,9.5,10.631578947368421,2,8
10.4,10,4,64,Mayank Markande,de Villiers,6,False,-3.0,7,Bangalore,M Chinnaswamy Stadium,False,True,64,10,10.666666666666666,93,8.71875,20,188,95,9.333333333333334,10.178571428571427,2,8
10.5,10,5,65,Mayank Markande,de Villiers,1,False,-0.5,7,Bangalore,M Chinnaswamy Stadium,False,True,65,10,10.833333333333334,94,8.676923076923076,20,188,94,9.166666666666666,10.254545454545456,2,8
10.6,10,6,66,Mayank Markande,Virat Kohli,1,False,-0.5,7,Bangalore,M Chinnaswamy Stadium,False,True,66,10,11.0,95,8.636363636363637,20,188,93,9.0,10.333333333333334,2,8
11.1,11,1,67,Lasith Malinga,Virat Kohli,2,False,-1.0,7,Bangalore,M Chinnaswamy Stadium,False,True,67,11,11.166666666666666,97,8.686567164179104,20,188,91,8.833333333333334,10.30188679245283,2,8
11.2,11,2,68,Lasith Malinga,Virat Kohli,1,False,-0.5,7,Bangalore,M Chinnaswamy Stadium,False,True,68,11,11.333333333333334,98,8.647058823529411,20,188,90,8.666666666666666,10.384615384615385,2,8
11.3,11,3,69,Lasith Malinga,de Villiers,1,False,-0.5,7,Bangalore,M Chinnaswamy Stadium,False,True,69,11,11.5,99,8.608695652173912,20,188,89,8.5,10.470588235294118,2,8
11.4,11,4,70,Lasith Malinga,Virat Kohli,2,False,-1.0,7,Bangalore,M Chinnaswamy Stadium,False,True,70,11,11.666666666666666,101,8.657142857142858,20,188,87,8.333333333333334,10.44,2,8
11.5,11,5,71,Lasith Malinga,Virat Kohli,1,False,-1.0,7,Bangalore,M Chinnaswamy Stadium,True,False,70,11,11.666666666666666,102,8.742857142857144,20,188,86,8.333333333333334,10.319999999999999,2,8
11.5,11,5,72,Lasith Malinga,Virat Kohli,1,False,-0.5,7,Bangalore,M Chinnaswamy Stadium,False,True,71,11,11.833333333333334,103,8.704225352112676,20,188,85,8.166666666666666,10.408163265306124,2,8
11.6,11,6,73,Lasith Malinga,de Villiers,6,False,-3.0,7,Bangalore,M Chinnaswamy Stadium,False,True,72,11,12.0,109,9.083333333333334,20,188,79,8.0,9.875,2,8
12.1,12,1,74,Krunal Pandya,Virat Kohli,1,False,-0.5,7,Bangalore,M Chinnaswamy Stadium,False,True,73,12,12.166666666666666,110,9.04109589041096,20,188,78,7.833333333333334,9.957446808510637,2,8
12.2,12,2,75,Krunal Pandya,de Villiers,1,False,-0.5,7,Bangalore,M Chinnaswamy Stadium,False,True,74,12,12.333333333333334,111,9.0,20,188,77,7.666666666666666,10.043478260869566,2,8
12.3,12,3,76,Krunal Pandya,Virat Kohli,0,False,1.0,7,Bangalore,M Chinnaswamy Stadium,False,True,75,12,12.5,111,8.88,20,188,77,7.5,10.266666666666667,2,8
12.4,12,4,77,Krunal Pandya,Virat Kohli,1,False,-0.5,7,Bangalore,M Chinnaswamy Stadium,False,True,76,12,12.666666666666666,112,8.842105263157896,20,188,76,7.333333333333334,10.363636363636363,2,8
12.5,12,5,78,Krunal Pandya,de Villiers,0,False,1.0,7,Bangalore,M Chinnaswamy Stadium,False,True,77,12,12.833333333333334,112,8.727272727272727,20,188,76,7.166666666666666,10.604651162790699,2,8
12.6,12,6,79,Krunal Pandya,de Villiers,1,False,-0.5,7,Bangalore,M Chinnaswamy Stadium,False,True,78,12,13.0,113,8.692307692307692,20,188,75,7.0,10.714285714285714,2,8
13.1,13,1,80,Jasprit Bumrah,de Villiers,1,False,-0.5,7,Bangalore,M Chinnaswamy Stadium,False,True,79,13,13.166666666666666,114,8.658227848101266,20,188,74,6.833333333333334,10.829268292682926,2,8
13.2,13,2,81,Jasprit Bumrah,Virat Kohli,1,False,-0.5,7,Bangalore,M Chinnaswamy Stadium,False,True,80,13,13.333333333333334,115,8.625,20,188,73,6.666666666666666,10.950000000000001,2,8
13.3,13,3,82,Jasprit Bumrah,de Villiers,1,False,-0.5,7,Bangalore,M Chinnaswamy Stadium,False,True,81,13,13.5,116,8.592592592592593,20,188,72,6.5,11.076923076923077,2,8
13.4,13,4,83,Jasprit Bumrah,Virat Kohli,0,True,5.0,7,Bangalore,M Chinnaswamy Stadium,False,True,82,13,13.666666666666666,116,8.487804878048781,20,188,72,6.333333333333334,11.368421052631579,3,7
13.5,13,5,84,Jasprit Bumrah,de Villiers,0,False,1.0,7,Bangalore,M Chinnaswamy Stadium,False,True,83,13,13.833333333333334,116,8.385542168674698,20,188,72,6.166666666666666,11.675675675675677,3,7
13.6,13,6,85,Jasprit Bumrah,de Villiers,0,False,1.0,7,Bangalore,M Chinnaswamy Stadium,False,True,84,13,14.0,116,8.285714285714286,20,188,72,6.0,12.0,3,7
14.1,14,1,86,Hardik Pandya,Shimron Hetmyer,1,False,-0.5,7,Bangalore,M Chinnaswamy Stadium,False,True,85,14,14.166666666666666,117,8.258823529411766,20,188,71,5.833333333333334,12.17142857142857,3,7
14.2,14,2,87,Hardik Pandya,de Villiers,4,False,-2.0,7,Bangalore,M Chinnaswamy Stadium,False,True,86,14,14.333333333333334,121,8.441860465116278,20,188,67,5.666666666666666,11.823529411764707,3,7
14.3,14,3,88,Hardik Pandya,de Villiers,4,False,-2.0,7,Bangalore,M Chinnaswamy Stadium,False,True,87,14,14.5,125,8.620689655172415,20,188,63,5.5,11.454545454545455,3,7
14.4,14,4,89,Hardik Pandya,de Villiers,0,False,1.0,7,Bangalore,M Chinnaswamy Stadium,False,True,88,14,14.666666666666666,125,8.522727272727273,20,188,63,5.333333333333334,11.812499999999998,3,7
14.5,14,5,90,Hardik Pandya,de Villiers,1,False,-0.25,7,Bangalore,M Chinnaswamy Stadium,False,True,89,14,14.833333333333334,126,8.49438202247191,20,188,62,5.166666666666666,12.000000000000002,3,7
14.6,14,6,91,Hardik Pandya,Shimron Hetmyer,1,False,-0.5,7,Bangalore,M Chinnaswamy Stadium,False,True,90,14,15.0,127,8.466666666666667,20,188,61,5.0,12.2,3,7
15.1,15,1,92,Lasith Malinga,Shimron Hetmyer,0,False,1.0,7,Bangalore,M Chinnaswamy Stadium,False,True,91,15,15.166666666666666,127,8.373626373626374,20,188,61,4.833333333333334,12.620689655172413,3,7
15.2,15,2,93,Lasith Malinga,Shimron Hetmyer,2,False,-1.0,7,Bangalore,M Chinnaswamy Stadium,False,True,92,15,15.333333333333334,129,8.41304347826087,20,188,59,4.666666666666666,12.642857142857144,3,7
15.3,15,3,94,Lasith Malinga,Shimron Hetmyer,1,False,-0.5,7,Bangalore,M Chinnaswamy Stadium,False,True,93,15,15.5,130,8.387096774193548,20,188,58,4.5,12.88888888888889,3,7
15.4,15,4,95,Lasith Malinga,de Villiers,4,False,-2.0,7,Bangalore,M Chinnaswamy Stadium,False,True,94,15,15.666666666666666,134,8.553191489361703,20,188,54,4.333333333333334,12.46153846153846,3,7
15.5,15,5,96,Lasith Malinga,de Villiers,1,False,-1.0,7,Bangalore,M Chinnaswamy Stadium,True,False,94,15,15.666666666666666,135,8.617021276595745,20,188,53,4.333333333333334,12.23076923076923,3,7
15.5,15,5,97,Lasith Malinga,de Villiers,6,False,-3.0,7,Bangalore,M Chinnaswamy Stadium,False,True,95,15,15.833333333333334,141,8.905263157894737,20,188,47,4.166666666666666,11.280000000000001,3,7
15.6,15,6,98,Lasith Malinga,de Villiers,6,False,-3.0,7,Bangalore,M Chinnaswamy Stadium,False,True,96,15,16.0,147,9.1875,20,188,41,4.0,10.25,3,7
16.1,16,1,99,Jasprit Bumrah,Shimron Hetmyer,0,True,5.0,7,Bangalore,M Chinnaswamy Stadium,False,True,97,16,16.166666666666668,147,9.092783505154639,20,188,41,3.833333333333332,10.695652173913047,4,6
16.2,16,2,100,Jasprit Bumrah,de Villiers,1,False,-0.5,7,Bangalore,M Chinnaswamy Stadium,False,True,98,16,16.333333333333332,148,9.061224489795919,20,188,40,3.666666666666668,10.909090909090905,4,6
16.3,16,3,101,Jasprit Bumrah,de Grandhomme,0,False,1.0,7,Bangalore,M Chinnaswamy Stadium,False,True,99,16,16.5,148,8.969696969696969,20,188,40,3.5,11.428571428571429,4,6
16.4,16,4,102,Jasprit Bumrah,de Grandhomme,0,False,1.0,7,Bangalore,M Chinnaswamy Stadium,False,True,100,16,16.666666666666668,148,8.879999999999999,20,188,40,3.333333333333332,12.000000000000004,4,6
16.5,16,5,103,Jasprit Bumrah,de Grandhomme,0,False,1.0,7,Bangalore,M Chinnaswamy Stadium,False,True,101,16,16.833333333333332,148,8.792079207920793,20,188,40,3.166666666666668,12.631578947368416,4,6
16.6,16,6,104,Jasprit Bumrah,de Grandhomme,0,False,1.0,7,Bangalore,M Chinnaswamy Stadium,False,True,102,16,17.0,148,8.705882352941176,20,188,40,3.0,13.333333333333334,4,6
17.1,17,1,105,Hardik Pandya,de Villiers,4,False,-2.0,7,Bangalore,M Chinnaswamy Stadium,False,True,103,17,17.166666666666668,152,8.854368932038835,20,188,36,2.833333333333332,12.705882352941181,4,6
17.2,17,2,106,Hardik Pandya,de Villiers,1,False,-0.5,7,Bangalore,M Chinnaswamy Stadium,False,True,104,17,17.333333333333332,153,8.826923076923077,20,188,35,2.666666666666668,13.124999999999995,4,6
17.3,17,3,107,Hardik Pandya,de Grandhomme,1,False,-0.5,7,Bangalore,M Chinnaswamy Stadium,False,True,105,17,17.5,154,8.8,20,188,34,2.5,13.6,4,6
17.4,17,4,108,Hardik Pandya,de Villiers,6,False,-3.0,7,Bangalore,M Chinnaswamy Stadium,False,True,106,17,17.666666666666668,160,9.056603773584905,20,188,28,2.333333333333332,12.000000000000005,4,6
17.5,17,5,109,Hardik Pandya,de Villiers,6,False,-3.0,7,Bangalore,M Chinnaswamy Stadium,False,True,107,17,17.833333333333332,166,9.308411214953273,20,188,22,2.166666666666668,10.153846153846148,4,6
17.6,17,6,110,Hardik Pandya,de Villiers,0,False,1.0,7,Bangalore,M Chinnaswamy Stadium,False,True,108,17,18.0,166,9.222222222222221,20,188,22,2.0,11.0,4,6
18.1,18,1,111,Jasprit Bumrah,de Grandhomme,1,False,-0.5,7,Bangalore,M Chinnaswamy Stadium,False,True,109,18,18.166666666666668,167,9.192660550458715,20,188,21,1.8333333333333321,11.454545454545462,4,6
18.2,18,2,112,Jasprit Bumrah,de Villiers,1,False,-0.25,7,Bangalore,M Chinnaswamy Stadium,False,True,110,18,18.333333333333332,168,9.163636363636364,20,188,20,1.6666666666666679,11.999999999999991,4,6
18.3,18,3,113,Jasprit Bumrah,de Grandhomme,1,False,-1.0,7,Bangalore,M Chinnaswamy Stadium,True,False,110,18,18.333333333333332,169,9.218181818181819,20,188,19,1.6666666666666679,11.399999999999991,4,6
18.3,18,3,114,Jasprit Bumrah,de Grandhomme,0,True,5.0,7,Bangalore,M Chinnaswamy Stadium,False,True,111,18,18.5,169,9.135135135135135,20,188,19,1.5,12.666666666666666,5,5
18.4,18,4,115,Jasprit Bumrah,de Villiers,0,False,1.0,7,Bangalore,M Chinnaswamy Stadium,False,True,112,18,18.666666666666668,169,9.053571428571429,20,188,19,1.3333333333333321,14.250000000000012,5,5
18.5,18,5,116,Jasprit Bumrah,de Villiers,1,False,-0.5,7,Bangalore,M Chinnaswamy Stadium,False,True,113,18,18.833333333333332,170,9.026548672566372,20,188,18,1.1666666666666679,15.428571428571413,5,5
18.6,18,6,117,Jasprit Bumrah,Shivam Dube,1,False,-0.5,7,Bangalore,M Chinnaswamy Stadium,False,True,114,18,19.0,171,9.0,20,188,17,1.0,17.0,5,5
19.1,19,1,118,Lasith Malinga,Shivam Dube,6,False,-3.0,7,Bangalore,M Chinnaswamy Stadium,False,True,115,19,19.166666666666668,177,9.234782608695651,20,188,11,0.8333333333333321,13.200000000000019,5,5
19.2,19,2,119,Lasith Malinga,Shivam Dube,1,False,-0.5,7,Bangalore,M Chinnaswamy Stadium,False,True,116,19,19.333333333333332,178,9.206896551724139,20,188,10,0.6666666666666679,14.999999999999973,5,5
19.3,19,3,120,Lasith Malinga,de Villiers,1,False,-0.5,7,Bangalore,M Chinnaswamy Stadium,False,True,117,19,19.5,179,9.179487179487179,20,188,9,0.5,18.0,5,5
19.4,19,4,121,Lasith Malinga,Shivam Dube,1,False,-0.5,7,Bangalore,M Chinnaswamy Stadium,False,True,118,19,19.666666666666668,180,9.152542372881355,20,188,8,0.33333333333333215,24.000000000000085,5,5
19.5,19,5,122,Lasith Malinga,de Villiers,1,False,-0.5,7,Bangalore,M Chinnaswamy Stadium,False,True,119,19,19.833333333333332,181,9.126050420168069,20,188,7,0.16666666666666785,41.9999999999997,5,5
19.6,19,6,123,Lasith Malinga,Shivam Dube,0,False,1.0,7,Bangalore,M Chinnaswamy Stadium,False,True,120,19,20.0,181,9.05,20,188,7,0.0,inf,5,5
