Ball Number,over,ball,Ball,bowler,batsman,Runs,is_wicket,bowler_score,match_id,city,stadium,is_extra,legal_delivery,legal_deliveries_count,overs_completed,overs_bowled,total_runs,current_run_rate,total_overs,target,runs_needed,overs_remaining,required_run_rate,wickets_fallen,wickets_in_hand
0.1,0,1,1,Dhawal Kulkarni,David Warner,4,False,-2.0,8,Uppal,Rajiv Gandhi International Stadium,False,True,1,0,0.16666666666666666,4,24.0,20,199,195,19.833333333333332,9.831932773109244,0,10
0.2,0,2,2,Dhawal Kulkarni,David Warner,0,False,1.0,8,Uppal,Rajiv Gandhi International Stadium,False,True,2,0,0.3333333333333333,4,12.0,20,199,195,19.666666666666668,9.915254237288135,0,10
0.3,0,3,3,Dhawal Kulkarni,David Warner,2,False,-1.0,8,Uppal,Rajiv Gandhi International Stadium,False,True,3,0,0.5,6,12.0,20,199,193,19.5,9.897435897435898,0,10
0.4,0,4,4,Dhawal Kulkarni,David Warner,6,False,-3.0,8,Uppal,Rajiv Gandhi International Stadium,False,True,4,0,0.6666666666666666,12,18.0,20,199,187,19.333333333333332,9.672413793103448,0,10
0.5,0,5,5,Dhawal Kulkarni,David Warner,0,False,1.0,8,Uppal,Rajiv Gandhi International Stadium,False,True,5,0,0.8333333333333334,12,14.399999999999999,20,199,187,19.166666666666668,9.756521739130434,0,10
0.6,0,6,6,Dhawal Kulkarni,David Warner,1,False,-1.0,8,Uppal,Rajiv Gandhi International Stadium,True,False,5,0,0.8333333333333334,13,15.6,20,199,186,19.166666666666668,9.704347826086956,0,10
0.6,0,6,7,Dhawal Kulkarni,David Warner,1,False,-0.5,8,Uppal,Rajiv Gandhi International Stadium,False,True,6,0,1.0,14,14.0,20,199,185,19.0,9.736842105263158,0,10
1.1,1,1,8,Krishnappa Gowtham,David Warner,4,False,-2.0,8,Uppal,Rajiv Gandhi International Stadium,False,True,7,1,1.1666666666666667,18,15.428571428571427,20,199,181,18.833333333333332,9.610619469026549,0,10
1.2,1,2,9,Krishnappa Gowtham,David Warner,1,False,-0.5,8,Uppal,Rajiv Gandhi International Stadium,False,True,8,1,1.3333333333333333,19,14.25,20,199,180,18.666666666666668,9.642857142857142,0,10
1.3,1,3,10,Krishnappa Gowtham,Jonny Bairstow,1,False,-0.5,8,Uppal,Rajiv Gandhi International Stadium,False,True,9,1,1.5,20,13.333333333333334,20,199,179,18.5,9.675675675675675,0,10
1.4,1,4,11,Krishnappa Gowtham,David Warner,4,False,-2.0,8,Uppal,Rajiv Gandhi International Stadium,False,True,10,1,1.6666666666666665,24,14.400000000000002,20,199,175,18.333333333333332,9.545454545454547,0,10
1.5,1,5,12,Krishnappa Gowtham,David Warner,1,False,-0.5,8,Uppal,Rajiv Gandhi International Stadium,False,True,11,1,1.8333333333333335,25,13.636363636363635,20,199,174,18.166666666666668,9.577981651376145,0,10
1.6,1,6,13,Krishnappa Gowtham,Jonny Bairstow,0,False,1.0,8,Uppal,Rajiv Gandhi International Stadium,False,True,12,1,2.0,25,12.5,20,199,174,18.0,9.666666666666666,0,10
2.1,2,1,14,Dhawal Kulkarni,David Warner,1,False,-0.5,8,Uppal,Rajiv Gandhi International Stadium,False,True,13,2,2.1666666666666665,26,12.0,20,199,173,17.833333333333332,9.700934579439252,0,10
2.2,2,2,15,Dhawal Kulkarni,Jonny Bairstow,1,False,-0.5,8,Uppal,Rajiv Gandhi International Stadium,False,True,14,2,2.3333333333333335,27,11.571428571428571,20,199,172,17.666666666666668,9.735849056603772,0,10
2.3,2,3,16,Dhawal Kulkarni,David Warner,0,False,1.0,8,Uppal,Rajiv Gandhi International Stadium,False,True,15,2,2.5,27,10.8,20,199,172,17.5,9.82857142857143,0,10
2.4,2,4,17,Dhawal Kulkarni,David Warner,2,False,-1.0,8,Uppal,Rajiv Gandhi International Stadium,False,True,16,2,2.6666666666666665,29,10.875,20,199,170,17.333333333333332,9.807692307692308,0,10
2.5,2,5,18,Dhawal Kulkarni,David Warner,4,False,-2.0,8,Uppal,Rajiv Gandhi International Stadium,False,True,17,2,2.8333333333333335,33,11.647058823529411,20,199,166,17.166666666666668,9.669902912621358,0,10
2.6,2,6,19,Dhawal Kulkarni,David Warner,1,False,-0.5,8,Uppal,Rajiv Gandhi International Stadium,False,True,18,2,3.0,34,11.333333333333334,20,199,165,17.0,9.705882352941176,0,10
3.1,3,1,20,Jofra Archer,David Warner,0,False,1.0,8,Uppal,Rajiv Gandhi International Stadium,False,True,19,3,3.1666666666666665,34,10.736842105263158,20,199,165,16.833333333333332,9.801980198019802,0,10
3.2,3,2,21,Jofra Archer,David Warner,0,False,1.0,8,Uppal,Rajiv Gandhi International Stadium,False,True,20,3,3.3333333333333335,34,10.2,20,199,165,16.666666666666668,9.899999999999999,0,10
3.3,3,3,22,Jofra Archer,David Warner,1,False,-0.5,8,Uppal,Rajiv Gandhi International Stadium,False,True,21,3,3.5,35,10.0,20,199,164,16.5,9.93939393939394,0,10
3.4,3,4,23,Jofra Archer,Jonny Bairstow,0,False,1.0,8,Uppal,Rajiv Gandhi International Stadium,False,True,22,3,3.6666666666666665,35,9.545454545454545,20,199,164,16.333333333333332,10.040816326530614,0,10
3.5,3,5,24,Jofra Archer,Jonny Bairstow,0,False,1.0,8,Uppal,Rajiv Gandhi International Stadium,False,True,23,3,3.8333333333333335,35,9.130434782608695,20,199,164,16.166666666666668,10.144329896907216,0,10
3.6,3,6,25,Jofra Archer,Jonny Bairstow,2,False,-1.0,8,Uppal,Rajiv Gandhi International Stadium,False,True,24,3,4.0,37,9.25,20,199,162,16.0,10.125,0,10
4.1,4,1,26,Ben Stokes,David Warner,4,False,-2.0,8,Uppal,Rajiv Gandhi International Stadium,False,True,25,4,4.166666666666667,41,9.84,20,199,158,15.833333333333332,9.978947368421053,0,10
4.2,4,2,27,Ben Stokes,David Warner,4,False,-2.0,8,Uppal,Rajiv Gandhi International Stadium,False,True,26,4,4.333333333333333,45,10.384615384615385,20,199,154,15.666666666666668,9.829787234042552,0,10
4.3,4,3,28,Ben Stokes,David Warner,0,False,1.0,8,Uppal,Rajiv Gandhi International Stadium,False,True,27,4,4.5,45,10.0,20,199,154,15.5,9.935483870967742,0,10
4.4,4,4,29,Ben Stokes,David Warner,4,False,-2.0,8,Uppal,Rajiv Gandhi International Stadium,False,True,28,4,4.666666666666667,49,10.5,20,199,150,15.333333333333332,9.782608695652174,0,10
4.5,4,5,30,Ben Stokes,David Warner,1,False,-0.5,8,Uppal,Rajiv Gandhi International Stadium,False,True,29,4,4.833333333333333,50,10.344827586206897,20,199,149,15.166666666666668,9.824175824175823,0,10
4.6,4,6,31,Ben Stokes,Jonny Bairstow,4,False,-2.0,8,Uppal,Rajiv Gandhi International Stadium,False,True,30,4,5.0,54,10.8,20,199,145,15.0,9.666666666666666,0,10
5.1,5,1,32,Jofra Archer,David Warner,4,False,-2.0,8,Uppal,Rajiv Gandhi International Stadium,False,True,31,5,5.166666666666667,58,11.225806451612902,20,199,141,14.833333333333332,9.505617977528091,0,10
5.2,5,2,33,Jofra Archer,David Warner,0,False,1.0,8,Uppal,Rajiv Gandhi International Stadium,False,True,32,5,5.333333333333333,58,10.875,20,199,141,14.666666666666668,9.613636363636363,0,10
5.3,5,3,34,Jofra Archer,David Warner,2,False,-1.0,8,Uppal,Rajiv Gandhi International Stadium,False,True,33,5,5.5,60,10.909090909090908,20,199,139,14.5,9.586206896551724,0,10
5.4,5,4,35,Jofra Archer,David Warner,1,False,-0.5,8,Uppal,Rajiv Gandhi International Stadium,False,True,34,5,5.666666666666667,61,10.76470588235294,20,199,138,14.333333333333332,9.627906976744187,0,10
5.5,5,5,36,Jofra Archer,Jonny Bairstow,4,False,-2.0,8,Uppal,Rajiv Gandhi International Stadium,False,True,35,5,5.833333333333333,65,11.142857142857144,20,199,134,14.166666666666668,9.458823529411763,0,10
5.6,5,6,37,Jofra Archer,Jonny Bairstow,4,False,-2.0,8,Uppal,Rajiv Gandhi International Stadium,False,True,36,5,6.0,69,11.5,20,199,130,14.0,9.285714285714286,0,10
6.1,6,1,38,Shreyas Gopal,David Warner,1,False,-0.5,8,Uppal,Rajiv Gandhi International Stadium,False,True,37,6,6.166666666666667,70,11.35135135135135,20,199,129,13.833333333333332,9.325301204819278,0,10
6.2,6,2,39,Shreyas Gopal,Jonny Bairstow,0,False,1.0,8,Uppal,Rajiv Gandhi International Stadium,False,True,38,6,6.333333333333333,70,11.052631578947368,20,199,129,13.666666666666668,9.439024390243901,0,10
6.3,6,3,40,Shreyas Gopal,Jonny Bairstow,4,False,-2.0,8,Uppal,Rajiv Gandhi International Stadium,False,True,39,6,6.5,74,11.384615384615385,20,199,125,13.5,9.25925925925926,0,10
6.4,6,4,41,N/A,N/A,0,False,0.0,8,Uppal,Rajiv Gandhi International Stadium,False,True,40,6,6.666666666666667,74,11.1,20,199,125,13.333333333333332,9.375,0,10
6.5,6,5,42,Shreyas Gopal,Jonny Bairstow,1,False,-0.5,8,Uppal,Rajiv Gandhi International Stadium,False,True,41,6,6.833333333333333,75,10.975609756097562,20,199,124,13.166666666666668,9.41772151898734,0,10
6.6,6,6,43,Shreyas Gopal,David Warner,1,False,-0.5,8,Uppal,Rajiv Gandhi International Stadium,False,True,42,6,7.0,76,10.857142857142858,20,199,123,13.0,9.461538461538462,0,10
7.1,7,1,44,Krishnappa Gowtham,David Warner,6,False,-3.0,8,Uppal,Rajiv Gandhi International Stadium,False,True,43,7,7.166666666666667,82,11.441860465116278,20,199,117,12.833333333333332,9.116883116883118,0,10
7.2,7,2,45,Krishnappa Gowtham,David Warner,4,False,-2.0,8,Uppal,Rajiv Gandhi International Stadium,False,True,44,7,7.333333333333333,86,11.727272727272728,20,199,113,12.666666666666668,8.921052631578947,0,10
7.3,7,3,46,Krishnappa Gowtham,David Warner,1,False,-0.5,8,Uppal,Rajiv Gandhi International Stadium,False,True,45,7,7.5,87,11.6,20,199,112,12.5,8.96,0,10
7.4,7,4,47,Krishnappa Gowtham,Jonny Bairstow,1,False,-0.5,8,Uppal,Rajiv Gandhi International Stadium,False,True,46,7,7.666666666666667,88,11.478260869565217,20,199,111,12.333333333333332,9.0,0,10
7.5,7,5,48,Krishnappa Gowtham,David Warner,1,False,-0.5,8,Uppal,Rajiv Gandhi International Stadium,False,True,47,7,7.833333333333333,89,11.361702127659575,20,199,110,12.166666666666668,9.041095890410958,0,10
7.6,7,6,49,Krishnappa Gowtham,Jonny Bairstow,1,False,-0.5,8,Uppal,Rajiv Gandhi International Stadium,False,True,48,7,8.0,90,11.25,20,199,109,12.0,9.083333333333334,0,10
8.1,8,1,50,Shreyas Gopal,Jonny Bairstow,1,False,-0.5,8,Uppal,Rajiv Gandhi International Stadium,False,True,49,8,8.166666666666666,91,11.142857142857144,20,199,108,11.833333333333334,9.126760563380282,0,10
8.2,8,2,51,Shreyas Gopal,David Warner,2,False,-1.0,8,Uppal,Rajiv Gandhi International Stadium,False,True,50,8,8.333333333333334,93,11.159999999999998,20,199,106,11.666666666666666,9.085714285714285,0,10
8.3,8,3,52,Shreyas Gopal,David Warner,1,False,-0.5,8,Uppal,Rajiv Gandhi International Stadium,False,True,51,8,8.5,94,11.058823529411764,20,199,105,11.5,9.130434782608695,0,10
8.4,8,4,53,Shreyas Gopal,Jonny Bairstow,0,False,1.0,8,Uppal,Rajiv Gandhi International Stadium,False,True,52,8,8.666666666666666,94,10.846153846153847,20,199,105,11.333333333333334,9.26470588235294,0,10
8.5,8,5,54,Shreyas Gopal,Jonny Bairstow,6,False,-3.0,8,Uppal,Rajiv Gandhi International Stadium,False,True,53,8,8.833333333333334,100,11.320754716981131,20,199,99,11.166666666666666,8.865671641791046,0,10
8.6,8,6,55,Shreyas Gopal,Jonny Bairstow,2,False,-1.0,8,Uppal,Rajiv Gandhi International Stadium,False,True,54,8,9.0,102,11.333333333333334,20,199,97,11.0,8.818181818181818,0,10
9.1,9,1,56,Ben Stokes,David Warner,1,False,-0.25,8,Uppal,Rajiv Gandhi International Stadium,False,True,55,9,9.166666666666666,103,11.236363636363636,20,199,96,10.833333333333334,8.86153846153846,0,10
9.2,9,2,57,Ben Stokes,Jonny Bairstow,4,False,-2.0,8,Uppal,Rajiv Gandhi International Stadium,False,True,56,9,9.333333333333334,107,11.464285714285714,20,199,92,10.666666666666666,8.625,0,10
9.3,9,3,58,Ben Stokes,Jonny Bairstow,1,False,-0.5,8,Uppal,Rajiv Gandhi International Stadium,False,True,57,9,9.5,108,11.368421052631579,20,199,91,10.5,8.666666666666666,0,10
9.4,9,4,59,Ben Stokes,David Warner,0,True,5.0,8,Uppal,Rajiv Gandhi International Stadium,False,True,58,9,9.666666666666666,108,11.172413793103448,20,199,91,10.333333333333334,8.806451612903226,1,9
9.5,9,5,60,Ben Stokes,Jonny Bairstow,4,False,-2.0,8,Uppal,Rajiv Gandhi International Stadium,False,True,59,9,9.833333333333334,112,11.389830508474576,20,199,87,10.166666666666666,8.557377049180328,1,9
9.6,9,6,61,Ben Stokes,Jonny Bairstow,1,False,-0.5,8,Uppal,Rajiv Gandhi International Stadium,False,True,60,9,10.0,113,11.3,20,199,86,10.0,8.6,1,9
10.1,10,1,62,Shreyas Gopal,Jonny Bairstow,0,False,1.0,8,Uppal,Rajiv Gandhi International Stadium,False,True,61,10,10.166666666666666,113,11.114754098360656,20,199,86,9.833333333333334,8.745762711864407,1,9
10.2,10,2,63,Shreyas Gopal,Jonny Bairstow,1,False,-0.5,8,Uppal,Rajiv Gandhi International Stadium,False,True,62,10,10.333333333333334,114,11.032258064516128,20,199,85,9.666666666666666,8.793103448275863,1,9
10.3,10,3,64,Shreyas Gopal,Kane Williamson,1,False,-0.5,8,Uppal,Rajiv Gandhi International Stadium,False,True,63,10,10.5,115,10.952380952380953,20,199,84,9.5,8.842105263157896,1,9
10.4,10,4,65,Shreyas Gopal,Jonny Bairstow,0,False,1.0,8,Uppal,Rajiv Gandhi International Stadium,False,True,64,10,10.666666666666666,115,10.78125,20,199,84,9.333333333333334,9.0,1,9
10.5,10,5,66,Shreyas Gopal,Jonny Bairstow,0,False,1.0,8,Uppal,Rajiv Gandhi International Stadium,False,True,65,10,10.833333333333334,115,10.615384615384615,20,199,84,9.166666666666666,9.163636363636364,1,9
10.6,10,6,67,Shreyas Gopal,Jonny Bairstow,0,True,5.0,8,Uppal,Rajiv Gandhi International Stadium,False,True,66,10,11.0,115,10.454545454545455,20,199,84,9.0,9.333333333333334,2,8
11.1,11,1,68,Ben Stokes,Kane Williamson,4,False,-2.0,8,Uppal,Rajiv Gandhi International Stadium,False,True,67,11,11.166666666666666,119,10.656716417910449,20,199,80,8.833333333333334,9.056603773584905,2,8
11.2,11,2,69,Ben Stokes,Kane Williamson,1,False,-0.5,8,Uppal,Rajiv Gandhi International Stadium,False,True,68,11,11.333333333333334,120,10.588235294117647,20,199,79,8.666666666666666,9.115384615384617,2,8
11.3,11,3,70,Ben Stokes,Vijay Shankar,2,False,-1.0,8,Uppal,Rajiv Gandhi International Stadium,False,True,69,11,11.5,122,10.608695652173912,20,199,77,8.5,9.058823529411764,2,8
11.4,11,4,71,Ben Stokes,Vijay Shankar,4,False,-2.0,8,Uppal,Rajiv Gandhi International Stadium,False,True,70,11,11.666666666666666,126,10.8,20,199,73,8.333333333333334,8.76,2,8
11.5,11,5,72,Ben Stokes,Vijay Shankar,1,False,-0.5,8,Uppal,Rajiv Gandhi International Stadium,False,True,71,11,11.833333333333334,127,10.732394366197182,20,199,72,8.166666666666666,8.816326530612246,2,8
11.6,11,6,73,Ben Stokes,Kane Williamson,1,False,-0.5,8,Uppal,Rajiv Gandhi International Stadium,False,True,72,11,12.0,128,10.666666666666666,20,199,71,8.0,8.875,2,8
12.1,12,1,74,Jaydev Unadkat,Kane Williamson,1,False,-0.5,8,Uppal,Rajiv Gandhi International Stadium,False,True,73,12,12.166666666666666,129,10.602739726027398,20,199,70,7.833333333333334,8.936170212765957,2,8
12.2,12,2,75,Jaydev Unadkat,Vijay Shankar,2,False,-1.0,8,Uppal,Rajiv Gandhi International Stadium,False,True,74,12,12.333333333333334,131,10.621621621621621,20,199,68,7.666666666666666,8.869565217391305,2,8
12.3,12,3,76,Jaydev Unadkat,Vijay Shankar,1,False,-0.5,8,Uppal,Rajiv Gandhi International Stadium,False,True,75,12,12.5,132,10.56,20,199,67,7.5,8.933333333333334,2,8
12.4,12,4,77,Jaydev Unadkat,Kane Williamson,1,False,-0.5,8,Uppal,Rajiv Gandhi International Stadium,False,True,76,12,12.666666666666666,133,10.5,20,199,66,7.333333333333334,9.0,2,8
12.5,12,5,78,Jaydev Unadkat,Vijay Shankar,1,False,-0.5,8,Uppal,Rajiv Gandhi International Stadium,False,True,77,12,12.833333333333334,134,10.441558441558442,20,199,65,7.166666666666666,9.069767441860465,2,8
12.6,12,6,79,Jaydev Unadkat,Kane Williamson,0,False,1.0,8,Uppal,Rajiv Gandhi International Stadium,False,True,78,12,13.0,134,10.307692307692308,20,199,65,7.0,9.285714285714286,2,8
13.1,13,1,80,Dhawal Kulkarni,Vijay Shankar,6,False,-3.0,8,Uppal,Rajiv Gandhi International Stadium,False,True,79,13,13.166666666666666,140,10.632911392405063,20,199,59,6.833333333333334,8.634146341463413,2,8
13.2,13,2,81,Dhawal Kulkarni,Vijay Shankar,1,False,-0.5,8,Uppal,Rajiv Gandhi International Stadium,False,True,80,13,13.333333333333334,141,10.575,20,199,58,6.666666666666666,8.700000000000001,2,8
13.3,13,3,82,Dhawal Kulkarni,Kane Williamson,1,False,-0.5,8,Uppal,Rajiv Gandhi International Stadium,False,True,81,13,13.5,142,10.518518518518519,20,199,57,6.5,8.76923076923077,2,8
13.4,13,4,83,Dhawal Kulkarni,Vijay Shankar,6,False,-3.0,8,Uppal,Rajiv Gandhi International Stadium,False,True,82,13,13.666666666666666,148,10.829268292682928,20,199,51,6.333333333333334,8.052631578947368,2,8
13.5,13,5,84,Dhawal Kulkarni,Vijay Shankar,2,False,-1.0,8,Uppal,Rajiv Gandhi International Stadium,False,True,83,13,13.833333333333334,150,10.843373493975903,20,199,49,6.166666666666666,7.9459459459459465,2,8
13.6,13,6,85,Dhawal Kulkarni,Vijay Shankar,1,False,-0.5,8,Uppal,Rajiv Gandhi International Stadium,False,True,84,13,14.0,151,10.785714285714286,20,199,48,6.0,8.0,2,8
14.1,14,1,86,Jaydev Unadkat,Vijay Shankar,6,False,-3.0,8,Uppal,Rajiv Gandhi International Stadium,False,True,85,14,14.166666666666666,157,11.08235294117647,20,199,42,5.833333333333334,7.199999999999999,2,8
14.2,14,2,87,Jaydev Unadkat,Vijay Shankar,1,False,-0.5,8,Uppal,Rajiv Gandhi International Stadium,False,True,86,14,14.333333333333334,158,11.023255813953488,20,199,41,5.666666666666666,7.23529411764706,2,8
14.3,14,3,88,Jaydev Unadkat,Kane Williamson,4,False,-2.0,8,Uppal,Rajiv Gandhi International Stadium,False,True,87,14,14.5,162,11.172413793103448,20,199,37,5.5,6.7272727272727275,2,8
14.4,14,4,89,Jaydev Unadkat,Kane Williamson,0,True,5.0,8,Uppal,Rajiv Gandhi International Stadium,False,True,88,14,14.666666666666666,162,11.045454545454547,20,199,37,5.333333333333334,6.937499999999999,3,7
14.5,14,5,90,Jaydev Unadkat,Manish Pandey,0,False,1.0,8,Uppal,Rajiv Gandhi International Stadium,False,True,89,14,14.833333333333334,162,10.92134831460674,20,199,37,5.166666666666666,7.161290322580646,3,7
14.5,14,5,91,Jaydev Unadkat,Manish Pandey,1,False,-1.0,8,Uppal,Rajiv Gandhi International Stadium,True,False,89,14,14.833333333333334,163,10.988764044943819,20,199,36,5.166666666666666,6.967741935483872,3,7
14.6,14,6,92,Jaydev Unadkat,Manish Pandey,0,False,1.0,8,Uppal,Rajiv Gandhi International Stadium,False,True,90,14,15.0,163,10.866666666666667,20,199,36,5.0,7.2,3,7
15.1,15,1,93,Shreyas Gopal,Vijay Shankar,1,False,-0.5,8,Uppal,Rajiv Gandhi International Stadium,False,True,91,15,15.166666666666666,164,10.813186813186814,20,199,35,4.833333333333334,7.2413793103448265,3,7
15.2,15,2,94,Shreyas Gopal,Manish Pandey,1,False,-0.5,8,Uppal,Rajiv Gandhi International Stadium,False,True,92,15,15.333333333333334,165,10.76086956521739,20,199,34,4.666666666666666,7.2857142857142865,3,7
15.3,15,3,95,Shreyas Gopal,Vijay Shankar,0,True,5.0,8,Uppal,Rajiv Gandhi International Stadium,False,True,93,15,15.5,165,10.64516129032258,20,199,34,4.5,7.555555555555555,4,6
15.4,15,4,96,Shreyas Gopal,Manish Pandey,0,True,5.0,8,Uppal,Rajiv Gandhi International Stadium,False,True,94,15,15.666666666666666,165,10.53191489361702,20,199,34,4.333333333333334,7.846153846153845,5,5
15.5,15,5,97,Shreyas Gopal,Rashid Khan,1,False,-0.5,8,Uppal,Rajiv Gandhi International Stadium,False,True,95,15,15.833333333333334,166,10.484210526315788,20,199,33,4.166666666666666,7.920000000000001,5,5
15.6,15,6,98,Shreyas Gopal,Yusuf Pathan,1,False,-0.5,8,Uppal,Rajiv Gandhi International Stadium,False,True,96,15,16.0,167,10.4375,20,199,32,4.0,8.0,5,5
16.1,16,1,99,Jofra Archer,Yusuf Pathan,2,False,-1.0,8,Uppal,Rajiv Gandhi International Stadium,False,True,97,16,16.166666666666668,169,10.453608247422679,20,199,30,3.833333333333332,7.826086956521742,5,5
16.2,16,2,100,Jofra Archer,Yusuf Pathan,6,False,-3.0,8,Uppal,Rajiv Gandhi International Stadium,False,True,98,16,16.333333333333332,175,10.714285714285715,20,199,24,3.666666666666668,6.545454545454543,5,5
16.3,16,3,101,Jofra Archer,Yusuf Pathan,0,False,1.0,8,Uppal,Rajiv Gandhi International Stadium,False,True,99,16,16.5,175,10.606060606060606,20,199,24,3.5,6.857142857142857,5,5
16.4,16,4,102,Jofra Archer,Yusuf Pathan,0,False,1.0,8,Uppal,Rajiv Gandhi International Stadium,False,True,100,16,16.666666666666668,175,10.5,20,199,24,3.333333333333332,7.200000000000003,5,5
16.5,16,5,103,Jofra Archer,Yusuf Pathan,1,False,-0.5,8,Uppal,Rajiv Gandhi International Stadium,False,True,101,16,16.833333333333332,176,10.455445544554456,20,199,23,3.166666666666668,7.26315789473684,5,5
16.6,16,6,104,Jofra Archer,Rashid Khan,1,False,-1.0,8,Uppal,Rajiv Gandhi International Stadium,True,False,101,16,16.833333333333332,177,10.514851485148515,20,199,22,3.166666666666668,6.947368421052629,5,5
16.6,16,6,105,Jofra Archer,Rashid Khan,0,False,1.0,8,Uppal,Rajiv Gandhi International Stadium,False,True,102,16,17.0,177,10.411764705882353,20,199,22,3.0,7.333333333333333,5,5
17.1,17,1,106,Jaydev Unadkat,Yusuf Pathan,1,False,-0.5,8,Uppal,Rajiv Gandhi International Stadium,False,True,103,17,17.166666666666668,178,10.36893203883495,20,199,21,2.833333333333332,7.411764705882356,5,5
17.2,17,2,107,Jaydev Unadkat,Rashid Khan,0,False,1.0,8,Uppal,Rajiv Gandhi International Stadium,False,True,104,17,17.333333333333332,178,10.26923076923077,20,199,21,2.666666666666668,7.8749999999999964,5,5
17.3,17,3,108,Jaydev Unadkat,Rashid Khan,1,False,-0.5,8,Uppal,Rajiv Gandhi International Stadium,False,True,105,17,17.5,179,10.228571428571428,20,199,20,2.5,8.0,5,5
17.4,17,4,109,Jaydev Unadkat,Yusuf Pathan,1,False,-1.0,8,Uppal,Rajiv Gandhi International Stadium,True,False,105,17,17.5,180,10.285714285714286,20,199,19,2.5,7.6,5,5
17.4,17,4,110,Jaydev Unadkat,Yusuf Pathan,2,False,-1.0,8,Uppal,Rajiv Gandhi International Stadium,False,True,106,17,17.666666666666668,182,10.30188679245283,20,199,17,2.333333333333332,7.285714285714289,5,5
17.5,17,5,111,Jaydev Unadkat,Yusuf Pathan,1,False,-0.5,8,Uppal,Rajiv Gandhi International Stadium,False,True,107,17,17.833333333333332,183,10.261682242990656,20,199,16,2.166666666666668,7.384615384615381,5,5
17.6,17,6,112,Jaydev Unadkat,Rashid Khan,2,False,-1.0,8,Uppal,Rajiv Gandhi International Stadium,False,True,108,17,18.0,185,10.277777777777779,20,199,14,2.0,7.0,5,5
18.1,18,1,113,Jofra Archer,Yusuf Pathan,0,False,1.0,8,Uppal,Rajiv Gandhi International Stadium,False,True,109,18,18.166666666666668,185,10.18348623853211,20,199,14,1.8333333333333321,7.636363636363641,5,5
18.2,18,2,114,Jofra Archer,Yusuf Pathan,1,False,-0.5,8,Uppal,Rajiv Gandhi International Stadium,False,True,110,18,18.333333333333332,186,10.145454545454546,20,199,13,1.6666666666666679,7.7999999999999945,5,5
18.3,18,3,115,Jofra Archer,Rashid Khan,1,False,-0.5,8,Uppal,Rajiv Gandhi International Stadium,False,True,111,18,18.5,187,10.108108108108109,20,199,12,1.5,8.0,5,5
18.4,18,4,116,Jofra Archer,Yusuf Pathan,1,False,-0.5,8,Uppal,Rajiv Gandhi International Stadium,False,True,112,18,18.666666666666668,188,10.071428571428571,20,199,11,1.3333333333333321,8.250000000000007,5,5
18.5,18,5,117,Jofra Archer,Rashid Khan,1,False,-1.0,8,Uppal,Rajiv Gandhi International Stadium,True,False,112,18,18.666666666666668,189,10.125,20,199,10,1.3333333333333321,7.500000000000007,5,5
18.5,18,5,118,Jofra Archer,Rashid Khan,4,False,-2.0,8,Uppal,Rajiv Gandhi International Stadium,False,True,113,18,18.833333333333332,193,10.24778761061947,20,199,6,1.1666666666666679,5.142857142857138,5,5
18.6,18,6,119,Jofra Archer,Rashid Khan,6,False,-3.0,8,Uppal,Rajiv Gandhi International Stadium,False,True,114,18,19.0,199,10.473684210526315,20,199,0,1.0,0.0,5,5
