Ball Number,over,ball,Ball,bowler,batsman,Runs,is_wicket,bowler_score,match_id,city,stadium,is_extra,legal_delivery,legal_deliveries_count,overs_completed,overs_bowled,total_runs,current_run_rate,total_overs,target,runs_needed,overs_remaining,required_run_rate,wickets_fallen,wickets_in_hand
0.1,0,1,1,Mitchell McClenaghan,KL Rahul,1,False,-0.5,9,Mohali,Punjab Cricket Association IS Bindra Stadium,False,True,1,0,0.16666666666666666,1,6.0,20,177,176,19.833333333333332,8.873949579831933,0,10
0.2,0,2,2,Mitchell McClenaghan,Chris Gayle,0,False,1.0,9,Mohali,Punjab Cricket Association IS Bindra Stadium,False,True,2,0,0.3333333333333333,1,3.0,20,177,176,19.666666666666668,8.94915254237288,0,10
0.3,0,3,3,Mitchell McClenaghan,Chris Gayle,0,False,1.0,9,Mohali,Punjab Cricket Association IS Bindra Stadium,False,True,3,0,0.5,1,2.0,20,177,176,19.5,9.025641025641026,0,10
0.4,0,4,4,Mitchell McClenaghan,Chris Gayle,0,False,1.0,9,Mohali,Punjab Cricket Association IS Bindra Stadium,False,True,4,0,0.6666666666666666,1,1.5,20,177,176,19.333333333333332,9.10344827586207,0,10
0.5,0,5,5,Mitchell McClenaghan,Chris Gayle,0,False,1.0,9,Mohali,Punjab Cricket Association IS Bindra Stadium,False,True,5,0,0.8333333333333334,1,1.2,20,177,176,19.166666666666668,9.182608695652174,0,10
0.6,0,6,6,Mitchell McClenaghan,Chris Gayle,4,False,-2.0,9,Mohali,Punjab Cricket Association IS Bindra Stadium,False,True,6,0,1.0,5,5.0,20,177,172,19.0,9.052631578947368,0,10
1.1,1,1,7,Lasith Malinga,KL Rahul,1,False,-0.5,9,Mohali,Punjab Cricket Association IS Bindra Stadium,False,True,7,1,1.1666666666666667,6,5.142857142857142,20,177,171,18.833333333333332,9.079646017699115,0,10
1.2,1,2,8,Lasith Malinga,Chris Gayle,1,False,-0.5,9,Mohali,Punjab Cricket Association IS Bindra Stadium,False,True,8,1,1.3333333333333333,7,5.25,20,177,170,18.666666666666668,9.107142857142856,0,10
1.3,1,3,9,Lasith Malinga,KL Rahul,0,False,1.0,9,Mohali,Punjab Cricket Association IS Bindra Stadium,False,True,9,1,1.5,7,4.666666666666667,20,177,170,18.5,9.18918918918919,0,10
1.4,1,4,10,Lasith Malinga,KL Rahul,0,False,1.0,9,Mohali,Punjab Cricket Association IS Bindra Stadium,False,True,10,1,1.6666666666666665,7,4.2,20,177,170,18.333333333333332,9.272727272727273,0,10
1.5,1,5,11,Lasith Malinga,KL Rahul,1,False,-0.5,9,Mohali,Punjab Cricket Association IS Bindra Stadium,False,True,11,1,1.8333333333333335,8,4.363636363636363,20,177,169,18.166666666666668,9.302752293577981,0,10
1.6,1,6,12,Lasith Malinga,Chris Gayle,0,False,1.0,9,Mohali,Punjab Cricket Association IS Bindra Stadium,False,True,12,1,2.0,8,4.0,20,177,169,18.0,9.38888888888889,0,10
2.1,2,1,13,Mitchell McClenaghan,KL Rahul,1,False,-0.5,9,Mohali,Punjab Cricket Association IS Bindra Stadium,False,True,13,2,2.1666666666666665,9,4.153846153846154,20,177,168,17.833333333333332,9.420560747663552,0,10
2.2,2,2,14,Mitchell McClenaghan,Chris Gayle,6,False,-3.0,9,Mohali,Punjab Cricket Association IS Bindra Stadium,False,True,14,2,2.3333333333333335,15,6.428571428571428,20,177,162,17.666666666666668,9.169811320754716,0,10
2.3,2,3,15,Mitchell McClenaghan,Chris Gayle,6,False,-3.0,9,Mohali,Punjab Cricket Association IS Bindra Stadium,False,True,15,2,2.5,21,8.4,20,177,156,17.5,8.914285714285715,0,10
2.4,2,4,16,Mitchell McClenaghan,Chris Gayle,1,False,-0.5,9,Mohali,Punjab Cricket Association IS Bindra Stadium,False,True,16,2,2.6666666666666665,22,8.25,20,177,155,17.333333333333332,8.942307692307693,0,10
2.5,2,5,17,Mitchell McClenaghan,KL Rahul,0,False,1.0,9,Mohali,Punjab Cricket Association IS Bindra Stadium,False,True,17,2,2.8333333333333335,22,7.764705882352941,20,177,155,17.166666666666668,9.029126213592232,0,10
2.6,2,6,18,Mitchell McClenaghan,KL Rahul,1,False,-0.5,9,Mohali,Punjab Cricket Association IS Bindra Stadium,False,True,18,2,3.0,23,7.666666666666667,20,177,154,17.0,9.058823529411764,0,10
3.1,3,1,19,Jasprit Bumrah,KL Rahul,0,False,1.0,9,Mohali,Punjab Cricket Association IS Bindra Stadium,False,True,19,3,3.1666666666666665,23,7.2631578947368425,20,177,154,16.833333333333332,9.14851485148515,0,10
3.2,3,2,20,Jasprit Bumrah,KL Rahul,0,False,1.0,9,Mohali,Punjab Cricket Association IS Bindra Stadium,False,True,20,3,3.3333333333333335,23,6.8999999999999995,20,177,154,16.666666666666668,9.24,0,10
3.3,3,3,21,Jasprit Bumrah,KL Rahul,0,False,1.0,9,Mohali,Punjab Cricket Association IS Bindra Stadium,False,True,21,3,3.5,23,6.571428571428571,20,177,154,16.5,9.333333333333334,0,10
3.4,3,4,22,Jasprit Bumrah,KL Rahul,0,False,1.0,9,Mohali,Punjab Cricket Association IS Bindra Stadium,False,True,22,3,3.6666666666666665,23,6.272727272727273,20,177,154,16.333333333333332,9.428571428571429,0,10
3.5,3,5,23,Jasprit Bumrah,KL Rahul,4,False,-2.0,9,Mohali,Punjab Cricket Association IS Bindra Stadium,False,True,23,3,3.8333333333333335,27,7.0434782608695645,20,177,150,16.166666666666668,9.278350515463917,0,10
3.6,3,6,24,Jasprit Bumrah,KL Rahul,0,False,1.0,9,Mohali,Punjab Cricket Association IS Bindra Stadium,False,True,24,3,4.0,27,6.75,20,177,150,16.0,9.375,0,10
4.1,4,1,25,Lasith Malinga,Chris Gayle,0,False,1.0,9,Mohali,Punjab Cricket Association IS Bindra Stadium,False,True,25,4,4.166666666666667,27,6.4799999999999995,20,177,150,15.833333333333332,9.473684210526317,0,10
4.2,4,2,26,Lasith Malinga,Chris Gayle,0,False,1.0,9,Mohali,Punjab Cricket Association IS Bindra Stadium,False,True,26,4,4.333333333333333,27,6.230769230769231,20,177,150,15.666666666666668,9.574468085106382,0,10
4.3,4,3,27,Lasith Malinga,Chris Gayle,4,False,-2.0,9,Mohali,Punjab Cricket Association IS Bindra Stadium,False,True,27,4,4.5,31,6.888888888888889,20,177,146,15.5,9.419354838709678,0,10
4.4,4,4,28,Lasith Malinga,Chris Gayle,0,False,1.0,9,Mohali,Punjab Cricket Association IS Bindra Stadium,False,True,28,4,4.666666666666667,31,6.642857142857142,20,177,146,15.333333333333332,9.521739130434783,0,10
4.5,4,5,29,Lasith Malinga,Chris Gayle,4,False,-2.0,9,Mohali,Punjab Cricket Association IS Bindra Stadium,False,True,29,4,4.833333333333333,35,7.241379310344828,20,177,142,15.166666666666668,9.362637362637361,0,10
4.6,4,6,30,Lasith Malinga,Chris Gayle,1,False,-0.5,9,Mohali,Punjab Cricket Association IS Bindra Stadium,False,True,30,4,5.0,36,7.2,20,177,141,15.0,9.4,0,10
5.1,5,1,31,Jasprit Bumrah,Chris Gayle,0,False,1.0,9,Mohali,Punjab Cricket Association IS Bindra Stadium,False,True,31,5,5.166666666666667,36,6.967741935483871,20,177,141,14.833333333333332,9.505617977528091,0,10
5.2,5,2,32,Jasprit Bumrah,Chris Gayle,0,False,1.0,9,Mohali,Punjab Cricket Association IS Bindra Stadium,False,True,32,5,5.333333333333333,36,6.75,20,177,141,14.666666666666668,9.613636363636363,0,10
5.3,5,3,33,Jasprit Bumrah,Chris Gayle,0,False,1.0,9,Mohali,Punjab Cricket Association IS Bindra Stadium,False,True,33,5,5.5,36,6.545454545454546,20,177,141,14.5,9.724137931034482,0,10
5.4,5,4,34,Jasprit Bumrah,Chris Gayle,1,False,-0.5,9,Mohali,Punjab Cricket Association IS Bindra Stadium,False,True,34,5,5.666666666666667,37,6.529411764705882,20,177,140,14.333333333333332,9.767441860465118,0,10
5.5,5,5,35,Jasprit Bumrah,KL Rahul,0,False,1.0,9,Mohali,Punjab Cricket Association IS Bindra Stadium,False,True,35,5,5.833333333333333,37,6.342857142857143,20,177,140,14.166666666666668,9.88235294117647,0,10
5.6,5,6,36,Jasprit Bumrah,KL Rahul,1,False,-0.5,9,Mohali,Punjab Cricket Association IS Bindra Stadium,False,True,36,5,6.0,38,6.333333333333333,20,177,139,14.0,9.928571428571429,0,10
6.1,6,1,37,Hardik Pandya,KL Rahul,0,False,1.0,9,Mohali,Punjab Cricket Association IS Bindra Stadium,False,True,37,6,6.166666666666667,38,6.162162162162162,20,177,139,13.833333333333332,10.048192771084338,0,10
6.2,6,2,38,Hardik Pandya,KL Rahul,0,False,1.0,9,Mohali,Punjab Cricket Association IS Bindra Stadium,False,True,38,6,6.333333333333333,38,6.0,20,177,139,13.666666666666668,10.170731707317072,0,10
6.3,6,3,39,Hardik Pandya,KL Rahul,1,False,-0.5,9,Mohali,Punjab Cricket Association IS Bindra Stadium,False,True,39,6,6.5,39,6.0,20,177,138,13.5,10.222222222222221,0,10
6.4,6,4,40,Hardik Pandya,Chris Gayle,6,False,-3.0,9,Mohali,Punjab Cricket Association IS Bindra Stadium,False,True,40,6,6.666666666666667,45,6.75,20,177,132,13.333333333333332,9.9,0,10
6.5,6,5,41,Hardik Pandya,Chris Gayle,6,False,-3.0,9,Mohali,Punjab Cricket Association IS Bindra Stadium,False,True,41,6,6.833333333333333,51,7.463414634146342,20,177,126,13.166666666666668,9.569620253164556,0,10
6.6,6,6,42,Hardik Pandya,Chris Gayle,1,False,-1.0,9,Mohali,Punjab Cricket Association IS Bindra Stadium,True,False,41,6,6.833333333333333,52,7.609756097560976,20,177,125,13.166666666666668,9.493670886075948,0,10
6.6,6,6,43,Hardik Pandya,Chris Gayle,0,False,1.0,9,Mohali,Punjab Cricket Association IS Bindra Stadium,False,True,42,6,7.0,52,7.428571428571429,20,177,125,13.0,9.615384615384615,0,10
7.1,7,1,44,Krunal Pandya,KL Rahul,1,False,-0.5,9,Mohali,Punjab Cricket Association IS Bindra Stadium,False,True,43,7,7.166666666666667,53,7.395348837209302,20,177,124,12.833333333333332,9.662337662337663,0,10
7.2,7,2,45,Krunal Pandya,Chris Gayle,0,True,5.0,9,Mohali,Punjab Cricket Association IS Bindra Stadium,False,True,44,7,7.333333333333333,53,7.2272727272727275,20,177,124,12.666666666666668,9.789473684210526,1,9
7.3,7,3,46,Krunal Pandya,Agarwal,1,False,-0.5,9,Mohali,Punjab Cricket Association IS Bindra Stadium,False,True,45,7,7.5,54,7.2,20,177,123,12.5,9.84,1,9
7.4,7,4,47,Krunal Pandya,KL Rahul,2,False,-1.0,9,Mohali,Punjab Cricket Association IS Bindra Stadium,False,True,46,7,7.666666666666667,56,7.304347826086956,20,177,121,12.333333333333332,9.810810810810812,1,9
7.5,7,5,48,Krunal Pandya,KL Rahul,1,False,-0.5,9,Mohali,Punjab Cricket Association IS Bindra Stadium,False,True,47,7,7.833333333333333,57,7.276595744680852,20,177,120,12.166666666666668,9.863013698630136,1,9
7.6,7,6,49,Krunal Pandya,Agarwal,4,False,-2.0,9,Mohali,Punjab Cricket Association IS Bindra Stadium,False,True,48,7,8.0,61,7.625,20,177,116,12.0,9.666666666666666,1,9
8.1,8,1,50,Mayank Markande,KL Rahul,1,False,-0.5,9,Mohali,Punjab Cricket Association IS Bindra Stadium,False,True,49,8,8.166666666666666,62,7.591836734693878,20,177,115,11.833333333333334,9.71830985915493,1,9
8.2,8,2,51,Mayank Markande,Agarwal,1,False,-1.0,9,Mohali,Punjab Cricket Association IS Bindra Stadium,True,False,49,8,8.166666666666666,63,7.714285714285714,20,177,114,11.833333333333334,9.633802816901408,1,9
8.2,8,2,52,Mayank Markande,Agarwal,0,False,1.0,9,Mohali,Punjab Cricket Association IS Bindra Stadium,False,True,50,8,8.333333333333334,63,7.56,20,177,114,11.666666666666666,9.771428571428572,1,9
8.3,8,3,53,Mayank Markande,Agarwal,4,False,-2.0,9,Mohali,Punjab Cricket Association IS Bindra Stadium,False,True,51,8,8.5,67,7.882352941176471,20,177,110,11.5,9.565217391304348,1,9
8.4,8,4,54,Mayank Markande,Agarwal,1,False,-0.5,9,Mohali,Punjab Cricket Association IS Bindra Stadium,False,True,52,8,8.666666666666666,68,7.846153846153847,20,177,109,11.333333333333334,9.617647058823529,1,9
8.5,8,5,55,Mayank Markande,KL Rahul,1,False,-0.5,9,Mohali,Punjab Cricket Association IS Bindra Stadium,False,True,53,8,8.833333333333334,69,7.811320754716981,20,177,108,11.166666666666666,9.671641791044777,1,9
8.6,8,6,56,Mayank Markande,Agarwal,4,False,-2.0,9,Mohali,Punjab Cricket Association IS Bindra Stadium,False,True,54,8,9.0,73,8.11111111111111,20,177,104,11.0,9.454545454545455,1,9
9.1,9,1,57,Krunal Pandya,KL Rahul,1,False,-0.5,9,Mohali,Punjab Cricket Association IS Bindra Stadium,False,True,55,9,9.166666666666666,74,8.072727272727274,20,177,103,10.833333333333334,9.507692307692308,1,9
9.2,9,2,58,Krunal Pandya,Agarwal,4,False,-2.0,9,Mohali,Punjab Cricket Association IS Bindra Stadium,False,True,56,9,9.333333333333334,78,8.357142857142856,20,177,99,10.666666666666666,9.28125,1,9
9.3,9,3,59,Krunal Pandya,Agarwal,1,False,-1.0,9,Mohali,Punjab Cricket Association IS Bindra Stadium,True,False,56,9,9.333333333333334,79,8.464285714285714,20,177,98,10.666666666666666,9.1875,1,9
9.3,9,3,60,Krunal Pandya,Agarwal,1,False,-0.5,9,Mohali,Punjab Cricket Association IS Bindra Stadium,False,True,57,9,9.5,80,8.421052631578947,20,177,97,10.5,9.238095238095237,1,9
9.4,9,4,61,Krunal Pandya,KL Rahul,1,False,-0.5,9,Mohali,Punjab Cricket Association IS Bindra Stadium,False,True,58,9,9.666666666666666,81,8.379310344827587,20,177,96,10.333333333333334,9.29032258064516,1,9
9.5,9,5,62,Krunal Pandya,Agarwal,2,False,-1.0,9,Mohali,Punjab Cricket Association IS Bindra Stadium,False,True,59,9,9.833333333333334,83,8.440677966101694,20,177,94,10.166666666666666,9.245901639344263,1,9
9.6,9,6,63,Krunal Pandya,Agarwal,1,False,-0.25,9,Mohali,Punjab Cricket Association IS Bindra Stadium,False,True,60,9,10.0,84,8.4,20,177,93,10.0,9.3,1,9
10.1,10,1,64,Mitchell McClenaghan,Agarwal,1,False,-0.5,9,Mohali,Punjab Cricket Association IS Bindra Stadium,False,True,61,10,10.166666666666666,85,8.360655737704919,20,177,92,9.833333333333334,9.35593220338983,1,9
10.2,10,2,65,Mitchell McClenaghan,KL Rahul,0,False,1.0,9,Mohali,Punjab Cricket Association IS Bindra Stadium,False,True,62,10,10.333333333333334,85,8.225806451612902,20,177,92,9.666666666666666,9.517241379310345,1,9
10.3,10,3,66,Mitchell McClenaghan,KL Rahul,2,False,-1.0,9,Mohali,Punjab Cricket Association IS Bindra Stadium,False,True,63,10,10.5,87,8.285714285714286,20,177,90,9.5,9.473684210526315,1,9
10.4,10,4,67,Mitchell McClenaghan,KL Rahul,1,False,-0.5,9,Mohali,Punjab Cricket Association IS Bindra Stadium,False,True,64,10,10.666666666666666,88,8.25,20,177,89,9.333333333333334,9.535714285714285,1,9
10.5,10,5,68,Mitchell McClenaghan,Agarwal,1,False,-0.5,9,Mohali,Punjab Cricket Association IS Bindra Stadium,False,True,65,10,10.833333333333334,89,8.215384615384615,20,177,88,9.166666666666666,9.600000000000001,1,9
10.6,10,6,69,Mitchell McClenaghan,KL Rahul,2,False,-1.0,9,Mohali,Punjab Cricket Association IS Bindra Stadium,False,True,66,10,11.0,91,8.272727272727273,20,177,86,9.0,9.555555555555555,1,9
11.1,11,1,70,Krunal Pandya,Agarwal,1,False,-0.5,9,Mohali,Punjab Cricket Association IS Bindra Stadium,False,True,67,11,11.166666666666666,92,8.238805970149254,20,177,85,8.833333333333334,9.622641509433961,1,9
11.2,11,2,71,Krunal Pandya,KL Rahul,1,False,-0.5,9,Mohali,Punjab Cricket Association IS Bindra Stadium,False,True,68,11,11.333333333333334,93,8.205882352941176,20,177,84,8.666666666666666,9.692307692307693,1,9
11.3,11,3,72,Krunal Pandya,Agarwal,2,False,-1.0,9,Mohali,Punjab Cricket Association IS Bindra Stadium,False,True,69,11,11.5,95,8.26086956521739,20,177,82,8.5,9.647058823529411,1,9
11.4,11,4,73,Krunal Pandya,Agarwal,6,False,-3.0,9,Mohali,Punjab Cricket Association IS Bindra Stadium,False,True,70,11,11.666666666666666,101,8.657142857142858,20,177,76,8.333333333333334,9.12,1,9
11.5,11,5,74,Krunal Pandya,Agarwal,1,False,-0.5,9,Mohali,Punjab Cricket Association IS Bindra Stadium,False,True,71,11,11.833333333333334,102,8.619718309859154,20,177,75,8.166666666666666,9.183673469387756,1,9
11.6,11,6,75,Krunal Pandya,KL Rahul,1,False,-0.5,9,Mohali,Punjab Cricket Association IS Bindra Stadium,False,True,72,11,12.0,103,8.583333333333334,20,177,74,8.0,9.25,1,9
12.1,12,1,76,Hardik Pandya,KL Rahul,0,False,1.0,9,Mohali,Punjab Cricket Association IS Bindra Stadium,False,True,73,12,12.166666666666666,103,8.465753424657535,20,177,74,7.833333333333334,9.446808510638297,1,9
12.2,12,2,77,Hardik Pandya,KL Rahul,1,False,-0.5,9,Mohali,Punjab Cricket Association IS Bindra Stadium,False,True,74,12,12.333333333333334,104,8.432432432432432,20,177,73,7.666666666666666,9.521739130434783,1,9
12.3,12,3,78,Hardik Pandya,Agarwal,1,False,-0.5,9,Mohali,Punjab Cricket Association IS Bindra Stadium,False,True,75,12,12.5,105,8.4,20,177,72,7.5,9.6,1,9
12.4,12,4,79,Hardik Pandya,KL Rahul,2,False,-1.0,9,Mohali,Punjab Cricket Association IS Bindra Stadium,False,True,76,12,12.666666666666666,107,8.447368421052632,20,177,70,7.333333333333334,9.545454545454545,1,9
12.5,12,5,80,Hardik Pandya,KL Rahul,1,False,-0.5,9,Mohali,Punjab Cricket Association IS Bindra Stadium,False,True,77,12,12.833333333333334,108,8.415584415584416,20,177,69,7.166666666666666,9.627906976744187,1,9
12.6,12,6,81,Hardik Pandya,Agarwal,1,False,-0.5,9,Mohali,Punjab Cricket Association IS Bindra Stadium,False,True,78,12,13.0,109,8.384615384615385,20,177,68,7.0,9.714285714285714,1,9
13.1,13,1,82,Krunal Pandya,Agarwal,6,False,-3.0,9,Mohali,Punjab Cricket Association IS Bindra Stadium,False,True,79,13,13.166666666666666,115,8.734177215189874,20,177,62,6.833333333333334,9.073170731707316,1,9
13.2,13,2,83,Krunal Pandya,Agarwal,2,False,-1.0,9,Mohali,Punjab Cricket Association IS Bindra Stadium,False,True,80,13,13.333333333333334,117,8.775,20,177,60,6.666666666666666,9.0,1,9
13.3,13,3,84,Krunal Pandya,Agarwal,0,True,5.0,9,Mohali,Punjab Cricket Association IS Bindra Stadium,False,True,81,13,13.5,117,8.666666666666666,20,177,60,6.5,9.23076923076923,2,8
13.4,13,4,85,Krunal Pandya,David Miller,2,False,-1.0,9,Mohali,Punjab Cricket Association IS Bindra Stadium,False,True,82,13,13.666666666666666,119,8.707317073170731,20,177,58,6.333333333333334,9.157894736842104,2,8
13.5,13,5,86,Krunal Pandya,David Miller,1,False,-0.5,9,Mohali,Punjab Cricket Association IS Bindra Stadium,False,True,83,13,13.833333333333334,120,8.674698795180722,20,177,57,6.166666666666666,9.243243243243244,2,8
13.6,13,6,87,Krunal Pandya,KL Rahul,1,False,-0.5,9,Mohali,Punjab Cricket Association IS Bindra Stadium,False,True,84,13,14.0,121,8.642857142857142,20,177,56,6.0,9.333333333333334,2,8
14.1,14,1,88,Hardik Pandya,KL Rahul,6,False,-3.0,9,Mohali,Punjab Cricket Association IS Bindra Stadium,False,True,85,14,14.166666666666666,127,8.964705882352941,20,177,50,5.833333333333334,8.571428571428571,2,8
14.2,14,2,89,Hardik Pandya,KL Rahul,1,False,-0.5,9,Mohali,Punjab Cricket Association IS Bindra Stadium,False,True,86,14,14.333333333333334,128,8.930232558139535,20,177,49,5.666666666666666,8.647058823529413,2,8
14.3,14,3,90,Hardik Pandya,David Miller,1,False,-0.5,9,Mohali,Punjab Cricket Association IS Bindra Stadium,False,True,87,14,14.5,129,8.89655172413793,20,177,48,5.5,8.727272727272727,2,8
14.3,14,3,91,Hardik Pandya,David Miller,1,False,-1.0,9,Mohali,Punjab Cricket Association IS Bindra Stadium,True,False,87,14,14.5,130,8.96551724137931,20,177,47,5.5,8.545454545454545,2,8
14.3,14,3,92,Hardik Pandya,David Miller,1,False,-1.0,9,Mohali,Punjab Cricket Association IS Bindra Stadium,True,False,87,14,14.5,131,9.03448275862069,20,177,46,5.5,8.363636363636363,2,8
14.4,14,4,93,Hardik Pandya,KL Rahul,4,False,-2.0,9,Mohali,Punjab Cricket Association IS Bindra Stadium,False,True,88,14,14.666666666666666,135,9.204545454545455,20,177,42,5.333333333333334,7.874999999999999,2,8
14.5,14,5,94,Hardik Pandya,KL Rahul,1,False,-0.5,9,Mohali,Punjab Cricket Association IS Bindra Stadium,False,True,89,14,14.833333333333334,136,9.168539325842696,20,177,41,5.166666666666666,7.935483870967743,2,8
14.6,14,6,95,Hardik Pandya,David Miller,4,False,-2.0,9,Mohali,Punjab Cricket Association IS Bindra Stadium,False,True,90,14,15.0,140,9.333333333333334,20,177,37,5.0,7.4,2,8
15.1,15,1,96,Lasith Malinga,KL Rahul,1,False,-0.5,9,Mohali,Punjab Cricket Association IS Bindra Stadium,False,True,91,15,15.166666666666666,141,9.296703296703297,20,177,36,4.833333333333334,7.448275862068964,2,8
15.2,15,2,97,Lasith Malinga,David Miller,1,False,-0.5,9,Mohali,Punjab Cricket Association IS Bindra Stadium,False,True,92,15,15.333333333333334,142,9.26086956521739,20,177,35,4.666666666666666,7.500000000000001,2,8
15.3,15,3,98,Lasith Malinga,KL Rahul,2,False,-1.0,9,Mohali,Punjab Cricket Association IS Bindra Stadium,False,True,93,15,15.5,144,9.290322580645162,20,177,33,4.5,7.333333333333333,2,8
15.4,15,4,99,Lasith Malinga,KL Rahul,1,False,-1.0,9,Mohali,Punjab Cricket Association IS Bindra Stadium,True,False,93,15,15.5,145,9.35483870967742,20,177,32,4.5,7.111111111111111,2,8
15.4,15,4,100,Lasith Malinga,KL Rahul,2,False,-1.0,9,Mohali,Punjab Cricket Association IS Bindra Stadium,False,True,94,15,15.666666666666666,147,9.382978723404255,20,177,30,4.333333333333334,6.9230769230769225,2,8
15.5,15,5,101,Lasith Malinga,KL Rahul,4,False,-2.0,9,Mohali,Punjab Cricket Association IS Bindra Stadium,False,True,95,15,15.833333333333334,151,9.536842105263158,20,177,26,4.166666666666666,6.240000000000001,2,8
15.6,15,6,102,Lasith Malinga,KL Rahul,1,False,-0.5,9,Mohali,Punjab Cricket Association IS Bindra Stadium,False,True,96,15,16.0,152,9.5,20,177,25,4.0,6.25,2,8
16.1,16,1,103,Jasprit Bumrah,KL Rahul,0,False,1.0,9,Mohali,Punjab Cricket Association IS Bindra Stadium,False,True,97,16,16.166666666666668,152,9.402061855670102,20,177,25,3.833333333333332,6.521739130434785,2,8
16.2,16,2,104,Jasprit Bumrah,KL Rahul,2,False,-1.0,9,Mohali,Punjab Cricket Association IS Bindra Stadium,False,True,98,16,16.333333333333332,154,9.428571428571429,20,177,23,3.666666666666668,6.272727272727271,2,8
16.3,16,3,105,Jasprit Bumrah,KL Rahul,4,False,-2.0,9,Mohali,Punjab Cricket Association IS Bindra Stadium,False,True,99,16,16.5,158,9.575757575757576,20,177,19,3.5,5.428571428571429,2,8
16.4,16,4,106,Jasprit Bumrah,KL Rahul,4,False,-2.0,9,Mohali,Punjab Cricket Association IS Bindra Stadium,False,True,100,16,16.666666666666668,162,9.719999999999999,20,177,15,3.333333333333332,4.500000000000002,2,8
16.5,16,5,107,Jasprit Bumrah,KL Rahul,0,False,1.0,9,Mohali,Punjab Cricket Association IS Bindra Stadium,False,True,101,16,16.833333333333332,162,9.623762376237625,20,177,15,3.166666666666668,4.736842105263156,2,8
16.6,16,6,108,Jasprit Bumrah,KL Rahul,1,False,-0.5,9,Mohali,Punjab Cricket Association IS Bindra Stadium,False,True,102,16,17.0,163,9.588235294117647,20,177,14,3.0,4.666666666666667,2,8
17.1,17,1,109,Mitchell McClenaghan,KL Rahul,1,False,-0.5,9,Mohali,Punjab Cricket Association IS Bindra Stadium,False,True,103,17,17.166666666666668,164,9.553398058252426,20,177,13,2.833333333333332,4.588235294117649,2,8
17.2,17,2,110,Mitchell McClenaghan,David Miller,0,False,1.0,9,Mohali,Punjab Cricket Association IS Bindra Stadium,False,True,104,17,17.333333333333332,164,9.461538461538462,20,177,13,2.666666666666668,4.874999999999998,2,8
17.3,17,3,111,Mitchell McClenaghan,David Miller,1,False,-0.5,9,Mohali,Punjab Cricket Association IS Bindra Stadium,False,True,105,17,17.5,165,9.428571428571429,20,177,12,2.5,4.8,2,8
17.4,17,4,112,Mitchell McClenaghan,KL Rahul,0,False,1.0,9,Mohali,Punjab Cricket Association IS Bindra Stadium,False,True,106,17,17.666666666666668,165,9.339622641509433,20,177,12,2.333333333333332,5.142857142857146,2,8
17.5,17,5,113,Mitchell McClenaghan,KL Rahul,1,False,-0.5,9,Mohali,Punjab Cricket Association IS Bindra Stadium,False,True,107,17,17.833333333333332,166,9.308411214953273,20,177,11,2.166666666666668,5.076923076923074,2,8
17.6,17,6,114,Mitchell McClenaghan,David Miller,1,False,-1.0,9,Mohali,Punjab Cricket Association IS Bindra Stadium,True,False,107,17,17.833333333333332,167,9.364485981308412,20,177,10,2.166666666666668,4.615384615384613,2,8
17.6,17,6,115,Mitchell McClenaghan,David Miller,4,False,-2.0,9,Mohali,Punjab Cricket Association IS Bindra Stadium,False,True,108,17,18.0,171,9.5,20,177,6,2.0,3.0,2,8
18.1,18,1,116,Jasprit Bumrah,KL Rahul,4,False,-2.0,9,Mohali,Punjab Cricket Association IS Bindra Stadium,False,True,109,18,18.166666666666668,175,9.633027522935778,20,177,2,1.8333333333333321,1.0909090909090917,2,8
18.2,18,2,117,Jasprit Bumrah,KL Rahul,1,False,-0.5,9,Mohali,Punjab Cricket Association IS Bindra Stadium,False,True,110,18,18.333333333333332,176,9.600000000000001,20,177,1,1.6666666666666679,0.5999999999999995,2,8
18.3,18,3,118,Jasprit Bumrah,David Miller,0,False,1.0,9,Mohali,Punjab Cricket Association IS Bindra Stadium,False,True,111,18,18.5,176,9.513513513513514,20,177,1,1.5,0.6666666666666666,2,8
18.4,18,4,119,Jasprit Bumrah,David Miller,1,False,-0.5,9,Mohali,Punjab Cricket Association IS Bindra Stadium,False,True,112,18,18.666666666666668,177,9.482142857142856,20,177,0,1.3333333333333321,0.0,2,8
